audit_event_id,event_datetime,store_id,employee_id,event_type,entity_type,entity_id,action,previous_value,new_value,approval_employee_id,device_id,success
AUD-00000001,2026-06-13 20:19:10,PH-003,EMP-0047,Sale,transaction,TXN-0000001,CREATE,,Completed,,POS,True
AUD-00000002,2026-05-30 10:28:32,PH-003,EMP-0060,Sale,transaction,TXN-0000002,CREATE,,Completed,,POS,True
AUD-00000003,2026-05-13 14:39:31,PH-002,EMP-0040,Sale,transaction,TXN-0000003,CREATE,,Completed,,POS,True
AUD-00000004,2026-06-02 15:12:15,PH-002,EMP-0039,Sale,transaction,TXN-0000004,CREATE,,Completed,,POS,True
AUD-00000005,2026-07-22 10:09:18,PH-001,EMP-0020,Sale,transaction,TXN-0000005,CREATE,,Completed,,POS,True
AUD-00000006,2026-05-08 17:39:10,PH-001,EMP-0013,Sale,transaction,TXN-0000006,CREATE,,Completed,,POS,True
AUD-00000007,2026-05-12 13:44:31,PH-004,EMP-0080,Sale,transaction,TXN-0000007,CREATE,,Completed,,POS,True
AUD-00000008,2026-06-18 20:22:42,PH-004,EMP-0085,Sale,transaction,TXN-0000008,CREATE,,Completed,,POS,True
AUD-00000009,2026-07-22 08:46:13,PH-001,EMP-0017,Sale,transaction,TXN-0000009,CREATE,,Completed,,POS,True
AUD-00000010,2026-07-09 16:46:22,PH-003,EMP-0059,Sale,transaction,TXN-0000010,CREATE,,Completed,,POS,True
AUD-00000011,2026-07-05 18:55:18,PH-001,EMP-0015,Sale,transaction,TXN-0000011,CREATE,,Completed,,POS,True
AUD-00000012,2026-06-06 09:41:16,PH-005,EMP-0102,Sale,transaction,TXN-0000012,CREATE,,Completed,,POS,True
AUD-00000013,2026-07-20 14:13:19,PH-003,EMP-0056,Sale,transaction,TXN-0000013,CREATE,,Completed,,POS,True
AUD-00000014,2026-07-21 14:06:23,PH-002,EMP-0035,Sale,transaction,TXN-0000014,CREATE,,Completed,,POS,True
AUD-00000015,2026-06-06 09:25:13,PH-003,EMP-0045,Sale,transaction,TXN-0000015,CREATE,,Completed,,POS,True
AUD-00000016,2026-06-18 19:12:22,PH-005,EMP-0090,Sale,transaction,TXN-0000016,CREATE,,Completed,,POS,True
AUD-00000017,2026-06-03 09:26:25,PH-001,EMP-0014,Sale,transaction,TXN-0000017,CREATE,,Completed,,POS,True
AUD-00000018,2026-06-23 21:25:12,PH-005,EMP-0108,Sale,transaction,TXN-0000018,CREATE,,Completed,,POS,True
AUD-00000019,2026-05-04 19:09:24,PH-005,EMP-0107,Sale,transaction,TXN-0000019,CREATE,,Completed,,POS,True
AUD-00000020,2026-05-05 11:16:05,PH-001,EMP-0012,Sale,transaction,TXN-0000020,CREATE,,Completed,,POS,True
AUD-00000021,2026-05-02 13:58:05,PH-003,EMP-0064,Sale,transaction,TXN-0000021,CREATE,,Completed,,POS,True
AUD-00000022,2026-07-18 20:22:48,PH-003,EMP-0059,Sale,transaction,TXN-0000022,CREATE,,Completed,,POS,True
AUD-00000023,2026-05-29 09:11:52,PH-005,EMP-0107,Sale,transaction,TXN-0000023,CREATE,,Completed,,POS,True
AUD-00000024,2026-06-20 09:29:00,PH-003,EMP-0063,Sale,transaction,TXN-0000024,CREATE,,Completed,,POS,True
AUD-00000025,2026-07-29 09:17:18,PH-002,EMP-0035,Sale,transaction,TXN-0000025,CREATE,,Completed,,POS,True
AUD-00000026,2026-07-19 11:46:14,PH-001,EMP-0013,Sale,transaction,TXN-0000026,CREATE,,Completed,,POS,True
AUD-00000027,2026-07-04 11:53:39,PH-003,EMP-0047,Sale,transaction,TXN-0000027,CREATE,,Completed,,POS,True
AUD-00000028,2026-06-16 21:14:52,PH-001,EMP-0013,Sale,transaction,TXN-0000028,CREATE,,Completed,,POS,True
AUD-00000029,2026-07-04 18:41:20,PH-003,EMP-0058,Sale,transaction,TXN-0000029,CREATE,,Completed,,POS,True
AUD-00000030,2026-05-03 17:59:11,PH-003,EMP-0059,Sale,transaction,TXN-0000030,CREATE,,Completed,,POS,True
AUD-00000031,2026-05-09 10:05:54,PH-005,EMP-0100,Sale,transaction,TXN-0000031,CREATE,,Completed,,POS,True
AUD-00000032,2026-07-23 14:30:08,PH-005,EMP-0100,Sale,transaction,TXN-0000032,CREATE,,Completed,,POS,True
AUD-00000033,2026-05-03 14:13:48,PH-002,EMP-0024,Sale,transaction,TXN-0000033,CREATE,,Completed,,POS,True
AUD-00000034,2026-07-16 17:42:04,PH-002,EMP-0042,Sale,transaction,TXN-0000034,CREATE,,Completed,,POS,True
AUD-00000035,2026-05-31 10:58:39,PH-002,EMP-0037,Sale,transaction,TXN-0000035,CREATE,,Completed,,POS,True
AUD-00000036,2026-07-15 18:58:24,PH-001,EMP-0019,Sale,transaction,TXN-0000036,CREATE,,Completed,,POS,True
AUD-00000037,2026-07-29 20:36:12,PH-004,EMP-0080,Sale,transaction,TXN-0000037,CREATE,,Completed,,POS,True
AUD-00000038,2026-05-05 13:25:15,PH-005,EMP-0089,Sale,transaction,TXN-0000038,CREATE,,Completed,,POS,True
AUD-00000039,2026-06-21 11:05:10,PH-005,EMP-0107,Sale,transaction,TXN-0000039,CREATE,,Completed,,POS,True
AUD-00000040,2026-05-13 14:56:11,PH-002,EMP-0034,Sale,transaction,TXN-0000040,CREATE,,Completed,,POS,True
AUD-00000041,2026-06-12 20:36:09,PH-001,EMP-0016,Sale,transaction,TXN-0000041,CREATE,,Completed,,POS,True
AUD-00000042,2026-06-09 12:09:37,PH-004,EMP-0081,Sale,transaction,TXN-0000042,CREATE,,Completed,,POS,True
AUD-00000043,2026-06-01 16:53:35,PH-001,EMP-0006,Sale,transaction,TXN-0000043,CREATE,,Completed,,POS,True
AUD-00000044,2026-05-12 13:49:10,PH-001,EMP-0013,Sale,transaction,TXN-0000044,CREATE,,Completed,,POS,True
AUD-00000045,2026-05-24 08:16:58,PH-001,EMP-0013,Sale,transaction,TXN-0000045,CREATE,,Completed,,POS,True
AUD-00000046,2026-07-20 10:11:38,PH-003,EMP-0056,Sale,transaction,TXN-0000046,CREATE,,Completed,,POS,True
AUD-00000047,2026-05-03 19:19:48,PH-002,EMP-0036,Sale,transaction,TXN-0000047,CREATE,,Completed,,POS,True
AUD-00000048,2026-06-07 19:33:38,PH-002,EMP-0037,Sale,transaction,TXN-0000048,CREATE,,Completed,,POS,True
AUD-00000049,2026-07-12 16:56:33,PH-004,EMP-0069,Sale,transaction,TXN-0000049,CREATE,,Completed,,POS,True
AUD-00000050,2026-06-09 17:57:53,PH-004,EMP-0069,Sale,transaction,TXN-0000050,CREATE,,Completed,,POS,True
AUD-00000051,2026-05-21 17:33:21,PH-005,EMP-0107,Sale,transaction,TXN-0000051,CREATE,,Completed,,POS,True
AUD-00000052,2026-06-17 21:44:13,PH-001,EMP-0001,Sale,transaction,TXN-0000052,CREATE,,Completed,,POS,True
AUD-00000053,2026-07-02 18:00:31,PH-001,EMP-0016,Sale,transaction,TXN-0000053,CREATE,,Completed,,POS,True
AUD-00000054,2026-05-31 11:10:29,PH-004,EMP-0078,Sale,transaction,TXN-0000054,CREATE,,Completed,,POS,True
AUD-00000055,2026-05-05 10:02:02,PH-004,EMP-0081,Sale,transaction,TXN-0000055,CREATE,,Completed,,POS,True
AUD-00000056,2026-05-30 12:26:35,PH-004,EMP-0086,Sale,transaction,TXN-0000056,CREATE,,Completed,,POS,True
AUD-00000057,2026-05-04 08:33:11,PH-004,EMP-0086,Sale,transaction,TXN-0000057,CREATE,,Completed,,POS,True
AUD-00000058,2026-07-29 19:04:21,PH-001,EMP-0018,Sale,transaction,TXN-0000058,CREATE,,Completed,,POS,True
AUD-00000059,2026-06-16 09:10:11,PH-001,EMP-0014,Sale,transaction,TXN-0000059,CREATE,,Completed,,POS,True
AUD-00000060,2026-05-09 10:26:36,PH-001,EMP-0016,Sale,transaction,TXN-0000060,CREATE,,Completed,,POS,True
AUD-00000061,2026-07-29 21:21:11,PH-003,EMP-0058,Sale,transaction,TXN-0000061,CREATE,,Completed,,POS,True
AUD-00000062,2026-06-14 20:55:03,PH-004,EMP-0081,Sale,transaction,TXN-0000062,CREATE,,Completed,,POS,True
AUD-00000063,2026-05-08 18:33:27,PH-004,EMP-0067,Sale,transaction,TXN-0000063,CREATE,,Completed,,POS,True
AUD-00000064,2026-06-06 18:43:17,PH-002,EMP-0024,Sale,transaction,TXN-0000064,CREATE,,Completed,,POS,True
AUD-00000065,2026-06-15 18:06:46,PH-004,EMP-0067,Sale,transaction,TXN-0000065,CREATE,,Completed,,POS,True
AUD-00000066,2026-07-08 18:39:11,PH-002,EMP-0023,Sale,transaction,TXN-0000066,CREATE,,Completed,,POS,True
AUD-00000067,2026-07-05 18:10:03,PH-003,EMP-0057,Sale,transaction,TXN-0000067,CREATE,,Completed,,POS,True
AUD-00000068,2026-05-30 17:46:25,PH-005,EMP-0105,Sale,transaction,TXN-0000068,CREATE,,Completed,,POS,True
AUD-00000069,2026-06-10 18:27:57,PH-003,EMP-0061,Sale,transaction,TXN-0000069,CREATE,,Completed,,POS,True
AUD-00000070,2026-07-19 18:29:46,PH-001,EMP-0019,Sale,transaction,TXN-0000070,CREATE,,Completed,,POS,True
AUD-00000071,2026-05-02 13:54:21,PH-002,EMP-0035,Sale,transaction,TXN-0000071,CREATE,,Completed,,POS,True
AUD-00000072,2026-05-05 20:17:22,PH-005,EMP-0091,Sale,transaction,TXN-0000072,CREATE,,Completed,,POS,True
AUD-00000073,2026-05-29 12:21:32,PH-003,EMP-0057,Sale,transaction,TXN-0000073,CREATE,,Completed,,POS,True
AUD-00000074,2026-06-28 08:07:09,PH-005,EMP-0101,Sale,transaction,TXN-0000074,CREATE,,Completed,,POS,True
AUD-00000075,2026-06-09 09:58:56,PH-003,EMP-0046,Sale,transaction,TXN-0000075,CREATE,,Completed,,POS,True
AUD-00000076,2026-07-04 14:21:39,PH-001,EMP-0012,Sale,transaction,TXN-0000076,CREATE,,Completed,,POS,True
AUD-00000077,2026-07-01 09:13:34,PH-002,EMP-0042,Sale,transaction,TXN-0000077,CREATE,,Completed,,POS,True
AUD-00000078,2026-05-27 14:37:59,PH-005,EMP-0108,Sale,transaction,TXN-0000078,CREATE,,Completed,,POS,True
AUD-00000079,2026-07-19 17:34:35,PH-002,EMP-0038,Sale,transaction,TXN-0000079,CREATE,,Completed,,POS,True
AUD-00000080,2026-06-13 16:14:53,PH-004,EMP-0079,Sale,transaction,TXN-0000080,CREATE,,Completed,,POS,True
AUD-00000081,2026-06-15 11:03:08,PH-005,EMP-0104,Sale,transaction,TXN-0000081,CREATE,,Completed,,POS,True
AUD-00000082,2026-07-23 09:23:50,PH-005,EMP-0106,Sale,transaction,TXN-0000082,CREATE,,Completed,,POS,True
AUD-00000083,2026-05-24 18:39:16,PH-002,EMP-0036,Sale,transaction,TXN-0000083,CREATE,,Completed,,POS,True
AUD-00000084,2026-06-23 11:15:22,PH-002,EMP-0037,Sale,transaction,TXN-0000084,CREATE,,Completed,,POS,True
AUD-00000085,2026-06-18 10:32:49,PH-004,EMP-0082,Sale,transaction,TXN-0000085,CREATE,,Completed,,POS,True
AUD-00000086,2026-06-24 11:39:22,PH-001,EMP-0003,Sale,transaction,TXN-0000086,CREATE,,Completed,,POS,True
AUD-00000087,2026-05-07 20:13:02,PH-002,EMP-0041,Sale,transaction,TXN-0000087,CREATE,,Completed,,POS,True
AUD-00000088,2026-07-20 16:57:02,PH-001,EMP-0013,Sale,transaction,TXN-0000088,CREATE,,Completed,,POS,True
AUD-00000089,2026-06-29 12:05:08,PH-004,EMP-0085,Sale,transaction,TXN-0000089,CREATE,,Completed,,POS,True
AUD-00000090,2026-05-09 10:31:15,PH-004,EMP-0079,Sale,transaction,TXN-0000090,CREATE,,Completed,,POS,True
AUD-00000091,2026-05-11 18:36:55,PH-005,EMP-0106,Sale,transaction,TXN-0000091,CREATE,,Completed,,POS,True
AUD-00000092,2026-05-24 19:13:50,PH-001,EMP-0003,Sale,transaction,TXN-0000092,CREATE,,Completed,,POS,True
AUD-00000093,2026-06-08 08:53:12,PH-001,EMP-0018,Sale,transaction,TXN-0000093,CREATE,,Completed,,POS,True
AUD-00000094,2026-06-08 18:38:15,PH-004,EMP-0086,Sale,transaction,TXN-0000094,CREATE,,Completed,,POS,True
AUD-00000095,2026-07-26 16:49:31,PH-003,EMP-0057,Sale,transaction,TXN-0000095,CREATE,,Completed,,POS,True
AUD-00000096,2026-06-30 20:07:57,PH-002,EMP-0040,Sale,transaction,TXN-0000096,CREATE,,Completed,,POS,True
AUD-00000097,2026-05-15 11:34:01,PH-002,EMP-0023,Sale,transaction,TXN-0000097,CREATE,,Completed,,POS,True
AUD-00000098,2026-06-14 13:22:56,PH-001,EMP-0003,Sale,transaction,TXN-0000098,CREATE,,Completed,,POS,True
AUD-00000099,2026-06-20 17:10:25,PH-001,EMP-0019,Sale,transaction,TXN-0000099,CREATE,,Completed,,POS,True
AUD-00000100,2026-05-29 20:43:17,PH-002,EMP-0041,Sale,transaction,TXN-0000100,CREATE,,Completed,,POS,True
AUD-00000101,2026-05-04 20:45:38,PH-003,EMP-0062,Sale,transaction,TXN-0000101,CREATE,,Completed,,POS,True
AUD-00000102,2026-06-27 13:16:18,PH-002,EMP-0040,Sale,transaction,TXN-0000102,CREATE,,Completed,,POS,True
AUD-00000103,2026-07-08 20:20:37,PH-003,EMP-0047,Sale,transaction,TXN-0000103,CREATE,,Completed,,POS,True
AUD-00000104,2026-06-24 12:05:44,PH-003,EMP-0057,Sale,transaction,TXN-0000104,CREATE,,Completed,,POS,True
AUD-00000105,2026-07-23 14:42:31,PH-003,EMP-0062,Sale,transaction,TXN-0000105,CREATE,,Completed,,POS,True
AUD-00000106,2026-07-10 17:07:07,PH-004,EMP-0068,Sale,transaction,TXN-0000106,CREATE,,Completed,,POS,True
AUD-00000107,2026-05-24 15:46:42,PH-002,EMP-0038,Sale,transaction,TXN-0000107,CREATE,,Completed,,POS,True
AUD-00000108,2026-07-30 09:10:05,PH-003,EMP-0063,Sale,transaction,TXN-0000108,CREATE,,Completed,,POS,True
AUD-00000109,2026-05-22 21:36:41,PH-005,EMP-0102,Sale,transaction,TXN-0000109,CREATE,,Completed,,POS,True
AUD-00000110,2026-07-29 19:45:48,PH-004,EMP-0084,Sale,transaction,TXN-0000110,CREATE,,Completed,,POS,True
AUD-00000111,2026-05-20 12:21:48,PH-001,EMP-0003,Sale,transaction,TXN-0000111,CREATE,,Completed,,POS,True
AUD-00000112,2026-07-09 16:12:30,PH-003,EMP-0063,Sale,transaction,TXN-0000112,CREATE,,Completed,,POS,True
AUD-00000113,2026-05-02 12:12:12,PH-004,EMP-0078,Sale,transaction,TXN-0000113,CREATE,,Completed,,POS,True
AUD-00000114,2026-05-30 13:54:45,PH-004,EMP-0080,Sale,transaction,TXN-0000114,CREATE,,Completed,,POS,True
AUD-00000115,2026-06-24 11:40:51,PH-005,EMP-0106,Sale,transaction,TXN-0000115,CREATE,,Completed,,POS,True
AUD-00000116,2026-05-03 11:10:06,PH-003,EMP-0062,Sale,transaction,TXN-0000116,CREATE,,Completed,,POS,True
AUD-00000117,2026-06-05 19:39:05,PH-005,EMP-0108,Sale,transaction,TXN-0000117,CREATE,,Completed,,POS,True
AUD-00000118,2026-06-24 13:20:50,PH-005,EMP-0108,Sale,transaction,TXN-0000118,CREATE,,Completed,,POS,True
AUD-00000119,2026-05-29 16:28:17,PH-002,EMP-0040,Sale,transaction,TXN-0000119,CREATE,,Completed,,POS,True
AUD-00000120,2026-07-01 19:12:42,PH-005,EMP-0104,Sale,transaction,TXN-0000120,CREATE,,Completed,,POS,True
AUD-00000121,2026-06-10 14:36:53,PH-003,EMP-0057,Sale,transaction,TXN-0000121,CREATE,,Completed,,POS,True
AUD-00000122,2026-05-24 15:17:15,PH-005,EMP-0101,Sale,transaction,TXN-0000122,CREATE,,Completed,,POS,True
AUD-00000123,2026-07-20 18:24:17,PH-005,EMP-0103,Sale,transaction,TXN-0000123,CREATE,,Completed,,POS,True
AUD-00000124,2026-06-14 14:47:58,PH-003,EMP-0062,Sale,transaction,TXN-0000124,CREATE,,Completed,,POS,True
AUD-00000125,2026-05-05 20:53:19,PH-001,EMP-0002,Sale,transaction,TXN-0000125,CREATE,,Completed,,POS,True
AUD-00000126,2026-05-06 14:47:58,PH-005,EMP-0107,Sale,transaction,TXN-0000126,CREATE,,Completed,,POS,True
AUD-00000127,2026-06-28 21:13:45,PH-002,EMP-0025,Sale,transaction,TXN-0000127,CREATE,,Completed,,POS,True
AUD-00000128,2026-05-12 09:35:27,PH-002,EMP-0023,Sale,transaction,TXN-0000128,CREATE,,Completed,,POS,True
AUD-00000129,2026-05-20 08:11:20,PH-002,EMP-0036,Sale,transaction,TXN-0000129,CREATE,,Completed,,POS,True
AUD-00000130,2026-06-03 10:05:04,PH-001,EMP-0003,Sale,transaction,TXN-0000130,CREATE,,Completed,,POS,True
AUD-00000131,2026-07-21 08:56:34,PH-004,EMP-0086,Sale,transaction,TXN-0000131,CREATE,,Completed,,POS,True
AUD-00000132,2026-06-12 17:35:14,PH-004,EMP-0085,Sale,transaction,TXN-0000132,CREATE,,Completed,,POS,True
AUD-00000133,2026-07-26 16:20:37,PH-004,EMP-0069,Sale,transaction,TXN-0000133,CREATE,,Completed,,POS,True
AUD-00000134,2026-05-05 10:04:57,PH-003,EMP-0058,Sale,transaction,TXN-0000134,CREATE,,Completed,,POS,True
AUD-00000135,2026-06-05 21:03:21,PH-001,EMP-0020,Sale,transaction,TXN-0000135,CREATE,,Completed,,POS,True
AUD-00000136,2026-07-25 21:30:37,PH-004,EMP-0069,Sale,transaction,TXN-0000136,CREATE,,Completed,,POS,True
AUD-00000137,2026-05-09 16:06:41,PH-005,EMP-0089,Sale,transaction,TXN-0000137,CREATE,,Completed,,POS,True
AUD-00000138,2026-07-20 18:09:20,PH-002,EMP-0025,Sale,transaction,TXN-0000138,CREATE,,Completed,,POS,True
AUD-00000139,2026-06-02 13:14:35,PH-003,EMP-0064,Sale,transaction,TXN-0000139,CREATE,,Completed,,POS,True
AUD-00000140,2026-05-13 09:42:41,PH-004,EMP-0067,Sale,transaction,TXN-0000140,CREATE,,Completed,,POS,True
AUD-00000141,2026-06-28 20:39:54,PH-001,EMP-0015,Sale,transaction,TXN-0000141,CREATE,,Completed,,POS,True
AUD-00000142,2026-07-09 14:40:04,PH-005,EMP-0108,Sale,transaction,TXN-0000142,CREATE,,Completed,,POS,True
AUD-00000143,2026-05-13 15:57:18,PH-005,EMP-0106,Sale,transaction,TXN-0000143,CREATE,,Completed,,POS,True
AUD-00000144,2026-06-09 08:00:43,PH-003,EMP-0060,Sale,transaction,TXN-0000144,CREATE,,Completed,,POS,True
AUD-00000145,2026-07-09 20:13:38,PH-003,EMP-0056,Sale,transaction,TXN-0000145,CREATE,,Completed,,POS,True
AUD-00000146,2026-07-25 14:47:15,PH-001,EMP-0015,Sale,transaction,TXN-0000146,CREATE,,Completed,,POS,True
AUD-00000147,2026-07-18 18:45:23,PH-005,EMP-0106,Sale,transaction,TXN-0000147,CREATE,,Completed,,POS,True
AUD-00000148,2026-06-23 18:34:51,PH-001,EMP-0012,Sale,transaction,TXN-0000148,CREATE,,Completed,,POS,True
AUD-00000149,2026-07-20 15:45:38,PH-003,EMP-0045,Sale,transaction,TXN-0000149,CREATE,,Completed,,POS,True
AUD-00000150,2026-05-06 13:32:51,PH-002,EMP-0037,Sale,transaction,TXN-0000150,CREATE,,Completed,,POS,True
AUD-00000151,2026-05-21 18:51:11,PH-004,EMP-0086,Sale,transaction,TXN-0000151,CREATE,,Completed,,POS,True
AUD-00000152,2026-06-11 20:04:02,PH-005,EMP-0105,Sale,transaction,TXN-0000152,CREATE,,Completed,,POS,True
AUD-00000153,2026-06-13 18:47:24,PH-005,EMP-0103,Sale,transaction,TXN-0000153,CREATE,,Completed,,POS,True
AUD-00000154,2026-07-24 13:41:02,PH-003,EMP-0064,Sale,transaction,TXN-0000154,CREATE,,Completed,,POS,True
AUD-00000155,2026-07-10 12:43:53,PH-005,EMP-0108,Sale,transaction,TXN-0000155,CREATE,,Completed,,POS,True
AUD-00000156,2026-05-13 11:26:38,PH-005,EMP-0103,Sale,transaction,TXN-0000156,CREATE,,Completed,,POS,True
AUD-00000157,2026-07-03 14:17:44,PH-003,EMP-0059,Sale,transaction,TXN-0000157,CREATE,,Completed,,POS,True
AUD-00000158,2026-06-02 09:25:19,PH-005,EMP-0105,Sale,transaction,TXN-0000158,CREATE,,Completed,,POS,True
AUD-00000159,2026-06-21 17:13:54,PH-004,EMP-0080,Sale,transaction,TXN-0000159,CREATE,,Completed,,POS,True
AUD-00000160,2026-07-31 10:38:11,PH-001,EMP-0006,Sale,transaction,TXN-0000160,CREATE,,Completed,,POS,True
AUD-00000161,2026-07-08 19:13:58,PH-001,EMP-0006,Sale,transaction,TXN-0000161,CREATE,,Completed,,POS,True
AUD-00000162,2026-07-14 16:43:41,PH-002,EMP-0035,Sale,transaction,TXN-0000162,CREATE,,Completed,,POS,True
AUD-00000163,2026-07-17 18:50:24,PH-002,EMP-0035,Sale,transaction,TXN-0000163,CREATE,,Completed,,POS,True
AUD-00000164,2026-05-19 18:02:29,PH-002,EMP-0041,Sale,transaction,TXN-0000164,CREATE,,Completed,,POS,True
AUD-00000165,2026-05-12 20:22:17,PH-005,EMP-0089,Sale,transaction,TXN-0000165,CREATE,,Completed,,POS,True
AUD-00000166,2026-07-18 08:19:33,PH-002,EMP-0024,Sale,transaction,TXN-0000166,CREATE,,Completed,,POS,True
AUD-00000167,2026-07-19 16:47:09,PH-005,EMP-0101,Sale,transaction,TXN-0000167,CREATE,,Completed,,POS,True
AUD-00000168,2026-06-03 10:55:23,PH-005,EMP-0102,Sale,transaction,TXN-0000168,CREATE,,Completed,,POS,True
AUD-00000169,2026-07-29 13:01:28,PH-002,EMP-0037,Sale,transaction,TXN-0000169,CREATE,,Completed,,POS,True
AUD-00000170,2026-07-30 15:17:23,PH-004,EMP-0069,Sale,transaction,TXN-0000170,CREATE,,Completed,,POS,True
AUD-00000171,2026-06-03 20:26:42,PH-005,EMP-0104,Sale,transaction,TXN-0000171,CREATE,,Completed,,POS,True
AUD-00000172,2026-05-28 09:31:58,PH-002,EMP-0041,Sale,transaction,TXN-0000172,CREATE,,Completed,,POS,True
AUD-00000173,2026-05-30 20:47:37,PH-001,EMP-0002,Sale,transaction,TXN-0000173,CREATE,,Completed,,POS,True
AUD-00000174,2026-06-23 13:41:43,PH-005,EMP-0089,Sale,transaction,TXN-0000174,CREATE,,Completed,,POS,True
AUD-00000175,2026-05-05 10:58:00,PH-005,EMP-0107,Sale,transaction,TXN-0000175,CREATE,,Completed,,POS,True
AUD-00000176,2026-06-12 14:15:47,PH-004,EMP-0079,Sale,transaction,TXN-0000176,CREATE,,Completed,,POS,True
AUD-00000177,2026-06-28 21:27:26,PH-004,EMP-0078,Sale,transaction,TXN-0000177,CREATE,,Completed,,POS,True
AUD-00000178,2026-06-08 16:28:42,PH-003,EMP-0046,Sale,transaction,TXN-0000178,CREATE,,Completed,,POS,True
AUD-00000179,2026-07-18 14:17:49,PH-005,EMP-0106,Sale,transaction,TXN-0000179,CREATE,,Completed,,POS,True
AUD-00000180,2026-05-19 08:14:29,PH-002,EMP-0034,Sale,transaction,TXN-0000180,CREATE,,Completed,,POS,True
AUD-00000181,2026-07-29 12:45:56,PH-004,EMP-0080,Sale,transaction,TXN-0000181,CREATE,,Completed,,POS,True
AUD-00000182,2026-06-10 11:10:29,PH-002,EMP-0023,Sale,transaction,TXN-0000182,CREATE,,Completed,,POS,True
AUD-00000183,2026-07-18 13:26:23,PH-001,EMP-0018,Sale,transaction,TXN-0000183,CREATE,,Completed,,POS,True
AUD-00000184,2026-07-05 17:44:45,PH-003,EMP-0047,Sale,transaction,TXN-0000184,CREATE,,Completed,,POS,True
AUD-00000185,2026-07-01 15:30:46,PH-001,EMP-0019,Sale,transaction,TXN-0000185,CREATE,,Completed,,POS,True
AUD-00000186,2026-06-04 14:54:02,PH-004,EMP-0069,Sale,transaction,TXN-0000186,CREATE,,Completed,,POS,True
AUD-00000187,2026-05-09 19:33:05,PH-002,EMP-0037,Sale,transaction,TXN-0000187,CREATE,,Completed,,POS,True
AUD-00000188,2026-07-01 18:21:47,PH-003,EMP-0046,Sale,transaction,TXN-0000188,CREATE,,Completed,,POS,True
AUD-00000189,2026-05-23 15:59:28,PH-003,EMP-0045,Sale,transaction,TXN-0000189,CREATE,,Completed,,POS,True
AUD-00000190,2026-05-24 08:48:44,PH-005,EMP-0090,Sale,transaction,TXN-0000190,CREATE,,Completed,,POS,True
AUD-00000191,2026-06-25 11:59:53,PH-003,EMP-0058,Sale,transaction,TXN-0000191,CREATE,,Completed,,POS,True
AUD-00000192,2026-05-07 18:29:03,PH-005,EMP-0089,Sale,transaction,TXN-0000192,CREATE,,Completed,,POS,True
AUD-00000193,2026-06-15 15:52:31,PH-005,EMP-0104,Sale,transaction,TXN-0000193,CREATE,,Completed,,POS,True
AUD-00000194,2026-07-30 19:42:29,PH-005,EMP-0101,Sale,transaction,TXN-0000194,CREATE,,Completed,,POS,True
AUD-00000195,2026-07-03 16:19:13,PH-003,EMP-0061,Sale,transaction,TXN-0000195,CREATE,,Completed,,POS,True
AUD-00000196,2026-05-15 14:51:31,PH-001,EMP-0002,Sale,transaction,TXN-0000196,CREATE,,Completed,,POS,True
AUD-00000197,2026-06-06 11:15:21,PH-004,EMP-0080,Sale,transaction,TXN-0000197,CREATE,,Completed,,POS,True
AUD-00000198,2026-06-01 13:30:44,PH-001,EMP-0018,Sale,transaction,TXN-0000198,CREATE,,Completed,,POS,True
AUD-00000199,2026-06-27 19:54:23,PH-004,EMP-0082,Sale,transaction,TXN-0000199,CREATE,,Completed,,POS,True
AUD-00000200,2026-06-04 12:53:37,PH-002,EMP-0025,Sale,transaction,TXN-0000200,CREATE,,Completed,,POS,True
AUD-00000201,2026-06-07 10:19:53,PH-002,EMP-0036,Sale,transaction,TXN-0000201,CREATE,,Completed,,POS,True
AUD-00000202,2026-05-23 12:24:24,PH-003,EMP-0045,Sale,transaction,TXN-0000202,CREATE,,Completed,,POS,True
AUD-00000203,2026-06-02 14:44:48,PH-001,EMP-0013,Sale,transaction,TXN-0000203,CREATE,,Completed,,POS,True
AUD-00000204,2026-05-12 12:07:18,PH-005,EMP-0089,Sale,transaction,TXN-0000204,CREATE,,Completed,,POS,True
AUD-00000205,2026-07-27 16:41:19,PH-005,EMP-0108,Sale,transaction,TXN-0000205,CREATE,,Completed,,POS,True
AUD-00000206,2026-06-14 18:20:38,PH-004,EMP-0068,Sale,transaction,TXN-0000206,CREATE,,Completed,,POS,True
AUD-00000207,2026-07-26 11:18:11,PH-002,EMP-0039,Sale,transaction,TXN-0000207,CREATE,,Completed,,POS,True
AUD-00000208,2026-07-29 19:12:41,PH-005,EMP-0107,Sale,transaction,TXN-0000208,CREATE,,Completed,,POS,True
AUD-00000209,2026-05-05 15:41:21,PH-001,EMP-0003,Sale,transaction,TXN-0000209,CREATE,,Completed,,POS,True
AUD-00000210,2026-06-26 16:20:44,PH-002,EMP-0025,Sale,transaction,TXN-0000210,CREATE,,Completed,,POS,True
AUD-00000211,2026-05-09 16:39:38,PH-002,EMP-0036,Sale,transaction,TXN-0000211,CREATE,,Completed,,POS,True
AUD-00000212,2026-06-10 19:26:08,PH-005,EMP-0090,Sale,transaction,TXN-0000212,CREATE,,Completed,,POS,True
AUD-00000213,2026-06-02 13:06:12,PH-005,EMP-0100,Sale,transaction,TXN-0000213,CREATE,,Completed,,POS,True
AUD-00000214,2026-06-09 20:22:46,PH-002,EMP-0040,Sale,transaction,TXN-0000214,CREATE,,Completed,,POS,True
AUD-00000215,2026-05-22 18:52:34,PH-002,EMP-0024,Sale,transaction,TXN-0000215,CREATE,,Completed,,POS,True
AUD-00000216,2026-07-12 18:54:47,PH-002,EMP-0024,Sale,transaction,TXN-0000216,CREATE,,Completed,,POS,True
AUD-00000217,2026-05-24 19:26:19,PH-001,EMP-0016,Sale,transaction,TXN-0000217,CREATE,,Completed,,POS,True
AUD-00000218,2026-06-29 17:30:55,PH-005,EMP-0089,Sale,transaction,TXN-0000218,CREATE,,Completed,,POS,True
AUD-00000219,2026-05-07 21:02:51,PH-003,EMP-0045,Sale,transaction,TXN-0000219,CREATE,,Completed,,POS,True
AUD-00000220,2026-07-18 20:38:57,PH-005,EMP-0105,Sale,transaction,TXN-0000220,CREATE,,Completed,,POS,True
AUD-00000221,2026-05-05 12:23:07,PH-002,EMP-0040,Sale,transaction,TXN-0000221,CREATE,,Completed,,POS,True
AUD-00000222,2026-06-19 13:39:12,PH-003,EMP-0062,Sale,transaction,TXN-0000222,CREATE,,Completed,,POS,True
AUD-00000223,2026-05-19 15:05:43,PH-005,EMP-0106,Sale,transaction,TXN-0000223,CREATE,,Completed,,POS,True
AUD-00000224,2026-06-22 20:37:59,PH-005,EMP-0091,Sale,transaction,TXN-0000224,CREATE,,Completed,,POS,True
AUD-00000225,2026-05-10 08:44:19,PH-003,EMP-0061,Sale,transaction,TXN-0000225,CREATE,,Completed,,POS,True
AUD-00000226,2026-07-15 16:36:39,PH-004,EMP-0085,Sale,transaction,TXN-0000226,CREATE,,Completed,,POS,True
AUD-00000227,2026-05-25 10:15:05,PH-003,EMP-0057,Sale,transaction,TXN-0000227,CREATE,,Completed,,POS,True
AUD-00000228,2026-05-30 08:52:50,PH-004,EMP-0086,Sale,transaction,TXN-0000228,CREATE,,Completed,,POS,True
AUD-00000229,2026-05-26 09:40:04,PH-003,EMP-0046,Sale,transaction,TXN-0000229,CREATE,,Completed,,POS,True
AUD-00000230,2026-07-19 11:35:16,PH-003,EMP-0063,Sale,transaction,TXN-0000230,CREATE,,Completed,,POS,True
AUD-00000231,2026-05-16 14:33:08,PH-005,EMP-0108,Sale,transaction,TXN-0000231,CREATE,,Completed,,POS,True
AUD-00000232,2026-05-05 21:31:45,PH-003,EMP-0063,Sale,transaction,TXN-0000232,CREATE,,Completed,,POS,True
AUD-00000233,2026-06-12 08:24:36,PH-001,EMP-0016,Sale,transaction,TXN-0000233,CREATE,,Completed,,POS,True
AUD-00000234,2026-06-12 08:05:48,PH-005,EMP-0103,Sale,transaction,TXN-0000234,CREATE,,Completed,,POS,True
AUD-00000235,2026-07-13 18:44:49,PH-002,EMP-0040,Sale,transaction,TXN-0000235,CREATE,,Completed,,POS,True
AUD-00000236,2026-06-02 20:19:38,PH-003,EMP-0064,Sale,transaction,TXN-0000236,CREATE,,Completed,,POS,True
AUD-00000237,2026-07-27 08:10:13,PH-003,EMP-0062,Sale,transaction,TXN-0000237,CREATE,,Completed,,POS,True
AUD-00000238,2026-07-04 13:06:05,PH-003,EMP-0047,Sale,transaction,TXN-0000238,CREATE,,Completed,,POS,True
AUD-00000239,2026-07-28 20:14:52,PH-002,EMP-0041,Sale,transaction,TXN-0000239,CREATE,,Completed,,POS,True
AUD-00000240,2026-07-20 13:07:02,PH-001,EMP-0001,Sale,transaction,TXN-0000240,CREATE,,Completed,,POS,True
AUD-00000241,2026-05-01 16:36:35,PH-002,EMP-0034,Sale,transaction,TXN-0000241,CREATE,,Completed,,POS,True
AUD-00000242,2026-06-29 18:53:57,PH-003,EMP-0064,Sale,transaction,TXN-0000242,CREATE,,Completed,,POS,True
AUD-00000243,2026-07-16 17:01:12,PH-001,EMP-0016,Sale,transaction,TXN-0000243,CREATE,,Completed,,POS,True
AUD-00000244,2026-05-29 18:25:08,PH-005,EMP-0104,Sale,transaction,TXN-0000244,CREATE,,Completed,,POS,True
AUD-00000245,2026-07-17 11:41:35,PH-003,EMP-0057,Sale,transaction,TXN-0000245,CREATE,,Completed,,POS,True
AUD-00000246,2026-06-30 09:48:05,PH-003,EMP-0045,Sale,transaction,TXN-0000246,CREATE,,Completed,,POS,True
AUD-00000247,2026-06-26 11:56:53,PH-003,EMP-0046,Sale,transaction,TXN-0000247,CREATE,,Completed,,POS,True
AUD-00000248,2026-06-12 19:57:37,PH-002,EMP-0025,Sale,transaction,TXN-0000248,CREATE,,Completed,,POS,True
AUD-00000249,2026-06-03 18:12:08,PH-004,EMP-0084,Sale,transaction,TXN-0000249,CREATE,,Completed,,POS,True
AUD-00000250,2026-05-09 19:55:42,PH-005,EMP-0104,Sale,transaction,TXN-0000250,CREATE,,Completed,,POS,True
AUD-00000251,2026-06-12 10:55:05,PH-004,EMP-0080,Sale,transaction,TXN-0000251,CREATE,,Completed,,POS,True
AUD-00000252,2026-06-19 16:30:11,PH-005,EMP-0103,Sale,transaction,TXN-0000252,CREATE,,Completed,,POS,True
AUD-00000253,2026-07-21 20:33:57,PH-005,EMP-0091,Sale,transaction,TXN-0000253,CREATE,,Completed,,POS,True
AUD-00000254,2026-06-27 21:14:36,PH-005,EMP-0090,Sale,transaction,TXN-0000254,CREATE,,Completed,,POS,True
AUD-00000255,2026-06-04 10:00:32,PH-005,EMP-0107,Sale,transaction,TXN-0000255,CREATE,,Completed,,POS,True
AUD-00000256,2026-06-10 17:10:38,PH-001,EMP-0016,Sale,transaction,TXN-0000256,CREATE,,Completed,,POS,True
AUD-00000257,2026-07-20 08:57:05,PH-002,EMP-0024,Sale,transaction,TXN-0000257,CREATE,,Completed,,POS,True
AUD-00000258,2026-07-25 16:12:41,PH-005,EMP-0105,Sale,transaction,TXN-0000258,CREATE,,Completed,,POS,True
AUD-00000259,2026-06-04 19:56:47,PH-005,EMP-0105,Sale,transaction,TXN-0000259,CREATE,,Completed,,POS,True
AUD-00000260,2026-07-26 08:05:52,PH-005,EMP-0089,Sale,transaction,TXN-0000260,CREATE,,Completed,,POS,True
AUD-00000261,2026-05-15 08:06:25,PH-002,EMP-0036,Sale,transaction,TXN-0000261,CREATE,,Completed,,POS,True
AUD-00000262,2026-05-07 18:17:57,PH-003,EMP-0047,Sale,transaction,TXN-0000262,CREATE,,Completed,,POS,True
AUD-00000263,2026-06-29 20:29:01,PH-005,EMP-0091,Sale,transaction,TXN-0000263,CREATE,,Completed,,POS,True
AUD-00000264,2026-06-17 14:22:21,PH-002,EMP-0035,Sale,transaction,TXN-0000264,CREATE,,Completed,,POS,True
AUD-00000265,2026-06-29 18:56:21,PH-005,EMP-0105,Sale,transaction,TXN-0000265,CREATE,,Completed,,POS,True
AUD-00000266,2026-07-31 18:11:11,PH-005,EMP-0107,Sale,transaction,TXN-0000266,CREATE,,Completed,,POS,True
AUD-00000267,2026-07-20 10:47:49,PH-002,EMP-0040,Sale,transaction,TXN-0000267,CREATE,,Completed,,POS,True
AUD-00000268,2026-05-11 08:38:58,PH-004,EMP-0078,Sale,transaction,TXN-0000268,CREATE,,Completed,,POS,True
AUD-00000269,2026-05-27 20:26:40,PH-003,EMP-0056,Sale,transaction,TXN-0000269,CREATE,,Completed,,POS,True
AUD-00000270,2026-06-02 20:26:00,PH-004,EMP-0067,Sale,transaction,TXN-0000270,CREATE,,Completed,,POS,True
AUD-00000271,2026-05-10 19:16:21,PH-003,EMP-0058,Sale,transaction,TXN-0000271,CREATE,,Completed,,POS,True
AUD-00000272,2026-06-30 21:30:02,PH-002,EMP-0039,Sale,transaction,TXN-0000272,CREATE,,Completed,,POS,True
AUD-00000273,2026-07-09 18:42:59,PH-001,EMP-0012,Sale,transaction,TXN-0000273,CREATE,,Completed,,POS,True
AUD-00000274,2026-06-08 14:38:19,PH-004,EMP-0086,Sale,transaction,TXN-0000274,CREATE,,Completed,,POS,True
AUD-00000275,2026-06-07 17:48:54,PH-004,EMP-0069,Sale,transaction,TXN-0000275,CREATE,,Completed,,POS,True
AUD-00000276,2026-05-20 20:43:43,PH-002,EMP-0034,Sale,transaction,TXN-0000276,CREATE,,Completed,,POS,True
AUD-00000277,2026-07-18 09:14:42,PH-001,EMP-0016,Sale,transaction,TXN-0000277,CREATE,,Completed,,POS,True
AUD-00000278,2026-07-30 20:01:04,PH-002,EMP-0037,Sale,transaction,TXN-0000278,CREATE,,Completed,,POS,True
AUD-00000279,2026-05-02 19:00:44,PH-001,EMP-0002,Sale,transaction,TXN-0000279,CREATE,,Completed,,POS,True
AUD-00000280,2026-05-06 08:39:15,PH-003,EMP-0063,Sale,transaction,TXN-0000280,CREATE,,Completed,,POS,True
AUD-00000281,2026-05-19 19:28:24,PH-003,EMP-0047,Sale,transaction,TXN-0000281,CREATE,,Completed,,POS,True
AUD-00000282,2026-05-18 13:06:21,PH-001,EMP-0006,Sale,transaction,TXN-0000282,CREATE,,Completed,,POS,True
AUD-00000283,2026-05-07 18:21:01,PH-001,EMP-0015,Sale,transaction,TXN-0000283,CREATE,,Completed,,POS,True
AUD-00000284,2026-06-13 11:59:46,PH-005,EMP-0091,Sale,transaction,TXN-0000284,CREATE,,Completed,,POS,True
AUD-00000285,2026-07-02 19:53:17,PH-004,EMP-0082,Sale,transaction,TXN-0000285,CREATE,,Completed,,POS,True
AUD-00000286,2026-07-01 12:34:43,PH-003,EMP-0046,Sale,transaction,TXN-0000286,CREATE,,Completed,,POS,True
AUD-00000287,2026-06-18 20:44:25,PH-004,EMP-0082,Sale,transaction,TXN-0000287,CREATE,,Completed,,POS,True
AUD-00000288,2026-07-26 10:42:13,PH-002,EMP-0039,Sale,transaction,TXN-0000288,CREATE,,Completed,,POS,True
AUD-00000289,2026-06-14 10:39:38,PH-002,EMP-0034,Sale,transaction,TXN-0000289,CREATE,,Completed,,POS,True
AUD-00000290,2026-06-22 12:17:08,PH-003,EMP-0063,Sale,transaction,TXN-0000290,CREATE,,Completed,,POS,True
AUD-00000291,2026-06-28 09:35:46,PH-002,EMP-0039,Sale,transaction,TXN-0000291,CREATE,,Completed,,POS,True
AUD-00000292,2026-05-06 21:06:26,PH-002,EMP-0037,Sale,transaction,TXN-0000292,CREATE,,Completed,,POS,True
AUD-00000293,2026-05-27 17:16:18,PH-003,EMP-0062,Sale,transaction,TXN-0000293,CREATE,,Completed,,POS,True
AUD-00000294,2026-06-30 16:56:31,PH-005,EMP-0102,Sale,transaction,TXN-0000294,CREATE,,Completed,,POS,True
AUD-00000295,2026-05-31 11:47:03,PH-002,EMP-0041,Sale,transaction,TXN-0000295,CREATE,,Completed,,POS,True
AUD-00000296,2026-06-07 13:00:27,PH-001,EMP-0002,Sale,transaction,TXN-0000296,CREATE,,Completed,,POS,True
AUD-00000297,2026-06-10 20:55:32,PH-005,EMP-0100,Sale,transaction,TXN-0000297,CREATE,,Completed,,POS,True
AUD-00000298,2026-05-22 21:31:10,PH-004,EMP-0078,Sale,transaction,TXN-0000298,CREATE,,Completed,,POS,True
AUD-00000299,2026-05-17 17:14:01,PH-005,EMP-0102,Sale,transaction,TXN-0000299,CREATE,,Completed,,POS,True
AUD-00000300,2026-05-22 17:17:46,PH-005,EMP-0107,Sale,transaction,TXN-0000300,CREATE,,Completed,,POS,True
AUD-00000301,2026-07-09 08:54:39,PH-004,EMP-0080,Sale,transaction,TXN-0000301,CREATE,,Completed,,POS,True
AUD-00000302,2026-06-16 20:29:48,PH-002,EMP-0042,Sale,transaction,TXN-0000302,CREATE,,Completed,,POS,True
AUD-00000303,2026-05-08 10:10:21,PH-003,EMP-0064,Sale,transaction,TXN-0000303,CREATE,,Completed,,POS,True
AUD-00000304,2026-06-27 20:40:58,PH-004,EMP-0069,Sale,transaction,TXN-0000304,CREATE,,Completed,,POS,True
AUD-00000305,2026-07-21 19:34:21,PH-002,EMP-0024,Sale,transaction,TXN-0000305,CREATE,,Completed,,POS,True
AUD-00000306,2026-06-21 17:31:33,PH-001,EMP-0015,Sale,transaction,TXN-0000306,CREATE,,Completed,,POS,True
AUD-00000307,2026-05-07 15:05:51,PH-005,EMP-0103,Sale,transaction,TXN-0000307,CREATE,,Completed,,POS,True
AUD-00000308,2026-06-18 15:50:29,PH-004,EMP-0082,Sale,transaction,TXN-0000308,CREATE,,Completed,,POS,True
AUD-00000309,2026-05-31 13:47:50,PH-005,EMP-0089,Sale,transaction,TXN-0000309,CREATE,,Completed,,POS,True
AUD-00000310,2026-06-14 19:56:53,PH-002,EMP-0040,Sale,transaction,TXN-0000310,CREATE,,Completed,,POS,True
AUD-00000311,2026-06-07 18:46:21,PH-001,EMP-0017,Sale,transaction,TXN-0000311,CREATE,,Completed,,POS,True
AUD-00000312,2026-07-26 08:50:04,PH-004,EMP-0082,Sale,transaction,TXN-0000312,CREATE,,Completed,,POS,True
AUD-00000313,2026-07-18 18:47:05,PH-002,EMP-0037,Sale,transaction,TXN-0000313,CREATE,,Completed,,POS,True
AUD-00000314,2026-06-20 16:04:22,PH-004,EMP-0080,Sale,transaction,TXN-0000314,CREATE,,Completed,,POS,True
AUD-00000315,2026-05-26 13:59:04,PH-002,EMP-0039,Sale,transaction,TXN-0000315,CREATE,,Completed,,POS,True
AUD-00000316,2026-07-12 11:05:36,PH-004,EMP-0078,Sale,transaction,TXN-0000316,CREATE,,Completed,,POS,True
AUD-00000317,2026-05-12 15:24:13,PH-001,EMP-0002,Sale,transaction,TXN-0000317,CREATE,,Completed,,POS,True
AUD-00000318,2026-05-18 11:00:26,PH-002,EMP-0034,Sale,transaction,TXN-0000318,CREATE,,Completed,,POS,True
AUD-00000319,2026-05-22 21:47:10,PH-001,EMP-0015,Sale,transaction,TXN-0000319,CREATE,,Completed,,POS,True
AUD-00000320,2026-06-02 11:58:41,PH-005,EMP-0107,Sale,transaction,TXN-0000320,CREATE,,Completed,,POS,True
AUD-00000321,2026-06-16 10:32:04,PH-003,EMP-0063,Sale,transaction,TXN-0000321,CREATE,,Completed,,POS,True
AUD-00000322,2026-06-26 18:21:03,PH-001,EMP-0020,Sale,transaction,TXN-0000322,CREATE,,Completed,,POS,True
AUD-00000323,2026-06-19 11:32:32,PH-005,EMP-0091,Sale,transaction,TXN-0000323,CREATE,,Completed,,POS,True
AUD-00000324,2026-07-26 21:08:36,PH-001,EMP-0012,Sale,transaction,TXN-0000324,CREATE,,Completed,,POS,True
AUD-00000325,2026-07-08 17:54:05,PH-001,EMP-0019,Sale,transaction,TXN-0000325,CREATE,,Completed,,POS,True
AUD-00000326,2026-06-07 09:35:49,PH-004,EMP-0080,Sale,transaction,TXN-0000326,CREATE,,Completed,,POS,True
AUD-00000327,2026-07-05 10:01:57,PH-001,EMP-0006,Sale,transaction,TXN-0000327,CREATE,,Completed,,POS,True
AUD-00000328,2026-06-11 15:00:29,PH-003,EMP-0063,Sale,transaction,TXN-0000328,CREATE,,Completed,,POS,True
AUD-00000329,2026-05-26 14:52:28,PH-003,EMP-0056,Sale,transaction,TXN-0000329,CREATE,,Completed,,POS,True
AUD-00000330,2026-07-13 13:33:32,PH-001,EMP-0014,Sale,transaction,TXN-0000330,CREATE,,Completed,,POS,True
AUD-00000331,2026-05-21 16:32:20,PH-004,EMP-0079,Sale,transaction,TXN-0000331,CREATE,,Completed,,POS,True
AUD-00000332,2026-06-26 14:31:04,PH-003,EMP-0061,Sale,transaction,TXN-0000332,CREATE,,Completed,,POS,True
AUD-00000333,2026-05-20 20:22:38,PH-001,EMP-0012,Sale,transaction,TXN-0000333,CREATE,,Completed,,POS,True
AUD-00000334,2026-07-16 21:19:01,PH-002,EMP-0041,Sale,transaction,TXN-0000334,CREATE,,Completed,,POS,True
AUD-00000335,2026-05-22 11:52:55,PH-001,EMP-0002,Sale,transaction,TXN-0000335,CREATE,,Completed,,POS,True
AUD-00000336,2026-06-19 17:48:58,PH-003,EMP-0047,Sale,transaction,TXN-0000336,CREATE,,Completed,,POS,True
AUD-00000337,2026-05-26 19:23:06,PH-004,EMP-0086,Sale,transaction,TXN-0000337,CREATE,,Completed,,POS,True
AUD-00000338,2026-06-23 21:22:04,PH-002,EMP-0036,Sale,transaction,TXN-0000338,CREATE,,Completed,,POS,True
AUD-00000339,2026-05-14 12:49:20,PH-003,EMP-0060,Sale,transaction,TXN-0000339,CREATE,,Completed,,POS,True
AUD-00000340,2026-07-04 16:47:42,PH-001,EMP-0014,Sale,transaction,TXN-0000340,CREATE,,Completed,,POS,True
AUD-00000341,2026-06-04 11:43:37,PH-002,EMP-0035,Sale,transaction,TXN-0000341,CREATE,,Completed,,POS,True
AUD-00000342,2026-06-13 09:27:53,PH-003,EMP-0061,Sale,transaction,TXN-0000342,CREATE,,Completed,,POS,True
AUD-00000343,2026-06-08 15:59:56,PH-003,EMP-0063,Sale,transaction,TXN-0000343,CREATE,,Completed,,POS,True
AUD-00000344,2026-07-23 18:02:14,PH-002,EMP-0024,Sale,transaction,TXN-0000344,CREATE,,Completed,,POS,True
AUD-00000345,2026-06-07 19:49:26,PH-001,EMP-0019,Sale,transaction,TXN-0000345,CREATE,,Completed,,POS,True
AUD-00000346,2026-07-25 11:54:52,PH-001,EMP-0014,Sale,transaction,TXN-0000346,CREATE,,Completed,,POS,True
AUD-00000347,2026-05-24 11:42:12,PH-003,EMP-0046,Sale,transaction,TXN-0000347,CREATE,,Completed,,POS,True
AUD-00000348,2026-06-27 21:43:22,PH-005,EMP-0091,Sale,transaction,TXN-0000348,CREATE,,Completed,,POS,True
AUD-00000349,2026-06-19 12:18:03,PH-002,EMP-0041,Sale,transaction,TXN-0000349,CREATE,,Completed,,POS,True
AUD-00000350,2026-06-24 14:41:15,PH-003,EMP-0047,Sale,transaction,TXN-0000350,CREATE,,Completed,,POS,True
AUD-00000351,2026-06-16 09:31:16,PH-001,EMP-0019,Sale,transaction,TXN-0000351,CREATE,,Completed,,POS,True
AUD-00000352,2026-07-22 20:30:16,PH-003,EMP-0046,Sale,transaction,TXN-0000352,CREATE,,Completed,,POS,True
AUD-00000353,2026-06-26 11:49:23,PH-002,EMP-0024,Sale,transaction,TXN-0000353,CREATE,,Completed,,POS,True
AUD-00000354,2026-05-20 14:30:33,PH-004,EMP-0068,Sale,transaction,TXN-0000354,CREATE,,Completed,,POS,True
AUD-00000355,2026-05-25 17:51:38,PH-001,EMP-0015,Sale,transaction,TXN-0000355,CREATE,,Completed,,POS,True
AUD-00000356,2026-07-20 20:24:55,PH-003,EMP-0058,Sale,transaction,TXN-0000356,CREATE,,Completed,,POS,True
AUD-00000357,2026-06-22 21:21:28,PH-003,EMP-0061,Sale,transaction,TXN-0000357,CREATE,,Completed,,POS,True
AUD-00000358,2026-05-15 21:49:37,PH-005,EMP-0090,Sale,transaction,TXN-0000358,CREATE,,Completed,,POS,True
AUD-00000359,2026-07-20 09:27:48,PH-004,EMP-0079,Sale,transaction,TXN-0000359,CREATE,,Completed,,POS,True
AUD-00000360,2026-05-18 19:35:32,PH-002,EMP-0041,Sale,transaction,TXN-0000360,CREATE,,Completed,,POS,True
AUD-00000361,2026-06-04 18:45:37,PH-002,EMP-0023,Sale,transaction,TXN-0000361,CREATE,,Completed,,POS,True
AUD-00000362,2026-06-04 10:30:49,PH-004,EMP-0067,Sale,transaction,TXN-0000362,CREATE,,Completed,,POS,True
AUD-00000363,2026-07-07 15:10:36,PH-002,EMP-0042,Sale,transaction,TXN-0000363,CREATE,,Completed,,POS,True
AUD-00000364,2026-06-02 14:03:52,PH-002,EMP-0035,Sale,transaction,TXN-0000364,CREATE,,Completed,,POS,True
AUD-00000365,2026-05-26 08:44:39,PH-002,EMP-0038,Sale,transaction,TXN-0000365,CREATE,,Completed,,POS,True
AUD-00000366,2026-06-20 08:21:28,PH-002,EMP-0034,Sale,transaction,TXN-0000366,CREATE,,Completed,,POS,True
AUD-00000367,2026-06-27 14:41:11,PH-005,EMP-0102,Sale,transaction,TXN-0000367,CREATE,,Completed,,POS,True
AUD-00000368,2026-07-03 08:42:04,PH-005,EMP-0106,Sale,transaction,TXN-0000368,CREATE,,Completed,,POS,True
AUD-00000369,2026-06-24 16:17:02,PH-005,EMP-0105,Sale,transaction,TXN-0000369,CREATE,,Completed,,POS,True
AUD-00000370,2026-05-27 08:12:13,PH-001,EMP-0012,Sale,transaction,TXN-0000370,CREATE,,Completed,,POS,True
AUD-00000371,2026-06-08 20:10:03,PH-002,EMP-0038,Sale,transaction,TXN-0000371,CREATE,,Completed,,POS,True
AUD-00000372,2026-05-21 08:18:36,PH-001,EMP-0017,Sale,transaction,TXN-0000372,CREATE,,Completed,,POS,True
AUD-00000373,2026-06-23 14:07:32,PH-003,EMP-0064,Sale,transaction,TXN-0000373,CREATE,,Completed,,POS,True
AUD-00000374,2026-05-14 11:26:34,PH-002,EMP-0034,Sale,transaction,TXN-0000374,CREATE,,Completed,,POS,True
AUD-00000375,2026-07-28 20:59:52,PH-002,EMP-0025,Sale,transaction,TXN-0000375,CREATE,,Completed,,POS,True
AUD-00000376,2026-07-04 21:03:18,PH-001,EMP-0001,Sale,transaction,TXN-0000376,CREATE,,Completed,,POS,True
AUD-00000377,2026-06-14 20:11:29,PH-004,EMP-0082,Sale,transaction,TXN-0000377,CREATE,,Completed,,POS,True
AUD-00000378,2026-06-15 13:57:44,PH-003,EMP-0063,Sale,transaction,TXN-0000378,CREATE,,Completed,,POS,True
AUD-00000379,2026-06-09 09:54:26,PH-003,EMP-0064,Sale,transaction,TXN-0000379,CREATE,,Completed,,POS,True
AUD-00000380,2026-06-30 19:18:49,PH-003,EMP-0063,Sale,transaction,TXN-0000380,CREATE,,Completed,,POS,True
AUD-00000381,2026-06-07 21:22:18,PH-005,EMP-0106,Sale,transaction,TXN-0000381,CREATE,,Completed,,POS,True
AUD-00000382,2026-07-01 19:50:42,PH-001,EMP-0020,Sale,transaction,TXN-0000382,CREATE,,Completed,,POS,True
AUD-00000383,2026-07-25 19:44:37,PH-003,EMP-0059,Sale,transaction,TXN-0000383,CREATE,,Completed,,POS,True
AUD-00000384,2026-07-14 11:20:14,PH-002,EMP-0037,Sale,transaction,TXN-0000384,CREATE,,Completed,,POS,True
AUD-00000385,2026-07-04 09:00:19,PH-002,EMP-0042,Sale,transaction,TXN-0000385,CREATE,,Completed,,POS,True
AUD-00000386,2026-07-26 19:26:38,PH-004,EMP-0085,Sale,transaction,TXN-0000386,CREATE,,Completed,,POS,True
AUD-00000387,2026-07-26 13:20:34,PH-002,EMP-0038,Sale,transaction,TXN-0000387,CREATE,,Completed,,POS,True
AUD-00000388,2026-05-19 18:24:05,PH-001,EMP-0012,Sale,transaction,TXN-0000388,CREATE,,Completed,,POS,True
AUD-00000389,2026-07-09 09:50:03,PH-002,EMP-0036,Sale,transaction,TXN-0000389,CREATE,,Completed,,POS,True
AUD-00000390,2026-07-30 10:30:59,PH-003,EMP-0063,Sale,transaction,TXN-0000390,CREATE,,Completed,,POS,True
AUD-00000391,2026-06-25 11:30:52,PH-005,EMP-0101,Sale,transaction,TXN-0000391,CREATE,,Completed,,POS,True
AUD-00000392,2026-06-17 18:01:55,PH-005,EMP-0103,Sale,transaction,TXN-0000392,CREATE,,Completed,,POS,True
AUD-00000393,2026-05-28 18:23:20,PH-004,EMP-0067,Sale,transaction,TXN-0000393,CREATE,,Completed,,POS,True
AUD-00000394,2026-06-12 09:37:13,PH-004,EMP-0082,Sale,transaction,TXN-0000394,CREATE,,Completed,,POS,True
AUD-00000395,2026-07-29 10:32:07,PH-004,EMP-0068,Sale,transaction,TXN-0000395,CREATE,,Completed,,POS,True
AUD-00000396,2026-05-02 17:34:48,PH-004,EMP-0086,Sale,transaction,TXN-0000396,CREATE,,Completed,,POS,True
AUD-00000397,2026-05-26 20:46:38,PH-003,EMP-0059,Sale,transaction,TXN-0000397,CREATE,,Completed,,POS,True
AUD-00000398,2026-07-24 18:34:54,PH-005,EMP-0100,Sale,transaction,TXN-0000398,CREATE,,Completed,,POS,True
AUD-00000399,2026-07-25 20:12:56,PH-003,EMP-0064,Sale,transaction,TXN-0000399,CREATE,,Completed,,POS,True
AUD-00000400,2026-06-19 18:55:35,PH-004,EMP-0069,Sale,transaction,TXN-0000400,CREATE,,Completed,,POS,True
AUD-00000401,2026-05-15 15:33:10,PH-003,EMP-0058,Sale,transaction,TXN-0000401,CREATE,,Completed,,POS,True
AUD-00000402,2026-07-12 14:21:39,PH-002,EMP-0041,Sale,transaction,TXN-0000402,CREATE,,Completed,,POS,True
AUD-00000403,2026-07-24 16:59:21,PH-002,EMP-0024,Sale,transaction,TXN-0000403,CREATE,,Completed,,POS,True
AUD-00000404,2026-06-11 13:42:26,PH-004,EMP-0067,Sale,transaction,TXN-0000404,CREATE,,Completed,,POS,True
AUD-00000405,2026-07-03 17:47:32,PH-005,EMP-0105,Sale,transaction,TXN-0000405,CREATE,,Completed,,POS,True
AUD-00000406,2026-06-13 18:41:22,PH-003,EMP-0045,Sale,transaction,TXN-0000406,CREATE,,Completed,,POS,True
AUD-00000407,2026-06-30 11:21:27,PH-003,EMP-0063,Sale,transaction,TXN-0000407,CREATE,,Completed,,POS,True
AUD-00000408,2026-07-24 20:34:51,PH-005,EMP-0108,Sale,transaction,TXN-0000408,CREATE,,Completed,,POS,True
AUD-00000409,2026-06-09 16:58:35,PH-004,EMP-0068,Sale,transaction,TXN-0000409,CREATE,,Completed,,POS,True
AUD-00000410,2026-06-04 15:50:47,PH-005,EMP-0107,Sale,transaction,TXN-0000410,CREATE,,Completed,,POS,True
AUD-00000411,2026-07-06 18:32:47,PH-003,EMP-0063,Sale,transaction,TXN-0000411,CREATE,,Completed,,POS,True
AUD-00000412,2026-06-28 14:59:20,PH-002,EMP-0042,Sale,transaction,TXN-0000412,CREATE,,Completed,,POS,True
AUD-00000413,2026-06-04 11:18:09,PH-002,EMP-0036,Sale,transaction,TXN-0000413,CREATE,,Completed,,POS,True
AUD-00000414,2026-06-16 09:09:25,PH-002,EMP-0034,Sale,transaction,TXN-0000414,CREATE,,Completed,,POS,True
AUD-00000415,2026-07-01 21:18:48,PH-005,EMP-0103,Sale,transaction,TXN-0000415,CREATE,,Completed,,POS,True
AUD-00000416,2026-06-10 16:16:45,PH-004,EMP-0084,Sale,transaction,TXN-0000416,CREATE,,Completed,,POS,True
AUD-00000417,2026-06-17 15:38:00,PH-001,EMP-0013,Sale,transaction,TXN-0000417,CREATE,,Completed,,POS,True
AUD-00000418,2026-06-17 16:58:06,PH-005,EMP-0102,Sale,transaction,TXN-0000418,CREATE,,Completed,,POS,True
AUD-00000419,2026-07-28 18:11:51,PH-005,EMP-0105,Sale,transaction,TXN-0000419,CREATE,,Completed,,POS,True
AUD-00000420,2026-06-22 11:26:35,PH-001,EMP-0002,Sale,transaction,TXN-0000420,CREATE,,Completed,,POS,True
AUD-00000421,2026-05-18 09:14:10,PH-005,EMP-0104,Sale,transaction,TXN-0000421,CREATE,,Completed,,POS,True
AUD-00000422,2026-06-28 21:33:15,PH-004,EMP-0082,Sale,transaction,TXN-0000422,CREATE,,Completed,,POS,True
AUD-00000423,2026-05-25 16:31:23,PH-005,EMP-0089,Sale,transaction,TXN-0000423,CREATE,,Completed,,POS,True
AUD-00000424,2026-05-12 08:05:19,PH-001,EMP-0014,Sale,transaction,TXN-0000424,CREATE,,Completed,,POS,True
AUD-00000425,2026-07-06 17:13:04,PH-001,EMP-0014,Sale,transaction,TXN-0000425,CREATE,,Completed,,POS,True
AUD-00000426,2026-05-01 21:53:48,PH-001,EMP-0013,Sale,transaction,TXN-0000426,CREATE,,Completed,,POS,True
AUD-00000427,2026-05-26 09:15:41,PH-002,EMP-0023,Sale,transaction,TXN-0000427,CREATE,,Completed,,POS,True
AUD-00000428,2026-05-17 14:07:20,PH-003,EMP-0061,Sale,transaction,TXN-0000428,CREATE,,Completed,,POS,True
AUD-00000429,2026-07-19 19:35:55,PH-005,EMP-0090,Sale,transaction,TXN-0000429,CREATE,,Completed,,POS,True
AUD-00000430,2026-05-02 09:41:50,PH-003,EMP-0046,Sale,transaction,TXN-0000430,CREATE,,Completed,,POS,True
AUD-00000431,2026-05-02 08:04:36,PH-003,EMP-0046,Sale,transaction,TXN-0000431,CREATE,,Completed,,POS,True
AUD-00000432,2026-07-04 14:27:09,PH-003,EMP-0057,Sale,transaction,TXN-0000432,CREATE,,Completed,,POS,True
AUD-00000433,2026-05-29 14:16:20,PH-004,EMP-0078,Sale,transaction,TXN-0000433,CREATE,,Completed,,POS,True
AUD-00000434,2026-07-21 18:47:20,PH-005,EMP-0104,Sale,transaction,TXN-0000434,CREATE,,Completed,,POS,True
AUD-00000435,2026-05-08 18:51:53,PH-002,EMP-0042,Sale,transaction,TXN-0000435,CREATE,,Completed,,POS,True
AUD-00000436,2026-05-18 19:31:32,PH-004,EMP-0085,Sale,transaction,TXN-0000436,CREATE,,Completed,,POS,True
AUD-00000437,2026-06-20 21:22:48,PH-002,EMP-0037,Sale,transaction,TXN-0000437,CREATE,,Completed,,POS,True
AUD-00000438,2026-06-12 17:15:57,PH-001,EMP-0015,Sale,transaction,TXN-0000438,CREATE,,Completed,,POS,True
AUD-00000439,2026-07-24 18:51:58,PH-002,EMP-0023,Sale,transaction,TXN-0000439,CREATE,,Completed,,POS,True
AUD-00000440,2026-06-11 18:50:57,PH-001,EMP-0002,Sale,transaction,TXN-0000440,CREATE,,Completed,,POS,True
AUD-00000441,2026-07-09 19:56:06,PH-003,EMP-0047,Sale,transaction,TXN-0000441,CREATE,,Completed,,POS,True
AUD-00000442,2026-07-18 17:13:28,PH-005,EMP-0090,Sale,transaction,TXN-0000442,CREATE,,Completed,,POS,True
AUD-00000443,2026-06-20 10:54:13,PH-005,EMP-0101,Sale,transaction,TXN-0000443,CREATE,,Completed,,POS,True
AUD-00000444,2026-06-03 16:31:47,PH-002,EMP-0036,Sale,transaction,TXN-0000444,CREATE,,Completed,,POS,True
AUD-00000445,2026-07-12 08:28:49,PH-002,EMP-0023,Sale,transaction,TXN-0000445,CREATE,,Completed,,POS,True
AUD-00000446,2026-07-10 09:53:12,PH-002,EMP-0035,Sale,transaction,TXN-0000446,CREATE,,Completed,,POS,True
AUD-00000447,2026-05-14 08:57:00,PH-005,EMP-0101,Sale,transaction,TXN-0000447,CREATE,,Completed,,POS,True
AUD-00000448,2026-07-09 11:24:51,PH-003,EMP-0060,Sale,transaction,TXN-0000448,CREATE,,Completed,,POS,True
AUD-00000449,2026-06-02 19:28:47,PH-004,EMP-0086,Sale,transaction,TXN-0000449,CREATE,,Completed,,POS,True
AUD-00000450,2026-07-06 11:02:59,PH-005,EMP-0089,Sale,transaction,TXN-0000450,CREATE,,Completed,,POS,True
AUD-00000451,2026-05-02 08:56:18,PH-001,EMP-0001,Sale,transaction,TXN-0000451,CREATE,,Completed,,POS,True
AUD-00000452,2026-05-07 09:12:33,PH-004,EMP-0067,Sale,transaction,TXN-0000452,CREATE,,Completed,,POS,True
AUD-00000453,2026-07-25 11:52:49,PH-004,EMP-0068,Sale,transaction,TXN-0000453,CREATE,,Completed,,POS,True
AUD-00000454,2026-05-19 16:57:49,PH-002,EMP-0024,Sale,transaction,TXN-0000454,CREATE,,Completed,,POS,True
AUD-00000455,2026-07-10 21:17:58,PH-001,EMP-0012,Sale,transaction,TXN-0000455,CREATE,,Completed,,POS,True
AUD-00000456,2026-07-23 10:22:07,PH-003,EMP-0062,Sale,transaction,TXN-0000456,CREATE,,Completed,,POS,True
AUD-00000457,2026-06-28 11:57:23,PH-001,EMP-0003,Sale,transaction,TXN-0000457,CREATE,,Completed,,POS,True
AUD-00000458,2026-06-16 15:58:52,PH-004,EMP-0068,Sale,transaction,TXN-0000458,CREATE,,Completed,,POS,True
AUD-00000459,2026-07-09 18:41:30,PH-003,EMP-0059,Sale,transaction,TXN-0000459,CREATE,,Completed,,POS,True
AUD-00000460,2026-05-24 14:59:27,PH-001,EMP-0020,Sale,transaction,TXN-0000460,CREATE,,Completed,,POS,True
AUD-00000461,2026-06-28 21:25:51,PH-004,EMP-0068,Sale,transaction,TXN-0000461,CREATE,,Completed,,POS,True
AUD-00000462,2026-05-07 17:07:24,PH-005,EMP-0100,Sale,transaction,TXN-0000462,CREATE,,Completed,,POS,True
AUD-00000463,2026-07-20 19:37:01,PH-003,EMP-0047,Sale,transaction,TXN-0000463,CREATE,,Completed,,POS,True
AUD-00000464,2026-05-16 16:29:38,PH-005,EMP-0090,Sale,transaction,TXN-0000464,CREATE,,Completed,,POS,True
AUD-00000465,2026-07-26 10:33:32,PH-003,EMP-0057,Sale,transaction,TXN-0000465,CREATE,,Completed,,POS,True
AUD-00000466,2026-05-20 10:27:28,PH-003,EMP-0062,Sale,transaction,TXN-0000466,CREATE,,Completed,,POS,True
AUD-00000467,2026-06-25 21:17:55,PH-005,EMP-0106,Sale,transaction,TXN-0000467,CREATE,,Completed,,POS,True
AUD-00000468,2026-07-16 19:15:29,PH-002,EMP-0023,Sale,transaction,TXN-0000468,CREATE,,Completed,,POS,True
AUD-00000469,2026-05-04 09:37:13,PH-003,EMP-0058,Sale,transaction,TXN-0000469,CREATE,,Completed,,POS,True
AUD-00000470,2026-06-10 08:51:31,PH-003,EMP-0056,Sale,transaction,TXN-0000470,CREATE,,Completed,,POS,True
AUD-00000471,2026-05-02 08:26:04,PH-003,EMP-0056,Sale,transaction,TXN-0000471,CREATE,,Completed,,POS,True
AUD-00000472,2026-05-06 09:57:20,PH-003,EMP-0064,Sale,transaction,TXN-0000472,CREATE,,Completed,,POS,True
AUD-00000473,2026-07-16 19:48:31,PH-001,EMP-0013,Sale,transaction,TXN-0000473,CREATE,,Completed,,POS,True
AUD-00000474,2026-06-18 20:40:01,PH-004,EMP-0083,Sale,transaction,TXN-0000474,CREATE,,Completed,,POS,True
AUD-00000475,2026-06-13 08:18:09,PH-005,EMP-0101,Sale,transaction,TXN-0000475,CREATE,,Completed,,POS,True
AUD-00000476,2026-07-06 08:20:16,PH-001,EMP-0002,Sale,transaction,TXN-0000476,CREATE,,Completed,,POS,True
AUD-00000477,2026-06-06 13:29:27,PH-003,EMP-0046,Sale,transaction,TXN-0000477,CREATE,,Completed,,POS,True
AUD-00000478,2026-05-17 18:49:02,PH-001,EMP-0013,Sale,transaction,TXN-0000478,CREATE,,Completed,,POS,True
AUD-00000479,2026-05-10 19:00:55,PH-004,EMP-0083,Sale,transaction,TXN-0000479,CREATE,,Completed,,POS,True
AUD-00000480,2026-06-04 17:06:20,PH-005,EMP-0090,Sale,transaction,TXN-0000480,CREATE,,Completed,,POS,True
AUD-00000481,2026-06-18 09:52:53,PH-005,EMP-0105,Sale,transaction,TXN-0000481,CREATE,,Completed,,POS,True
AUD-00000482,2026-05-28 14:03:14,PH-001,EMP-0019,Sale,transaction,TXN-0000482,CREATE,,Completed,,POS,True
AUD-00000483,2026-05-28 15:56:39,PH-003,EMP-0045,Sale,transaction,TXN-0000483,CREATE,,Completed,,POS,True
AUD-00000484,2026-06-23 13:58:31,PH-005,EMP-0102,Sale,transaction,TXN-0000484,CREATE,,Completed,,POS,True
AUD-00000485,2026-06-19 10:32:20,PH-002,EMP-0023,Sale,transaction,TXN-0000485,CREATE,,Completed,,POS,True
AUD-00000486,2026-05-21 21:39:47,PH-001,EMP-0019,Sale,transaction,TXN-0000486,CREATE,,Completed,,POS,True
AUD-00000487,2026-06-24 17:57:58,PH-004,EMP-0084,Sale,transaction,TXN-0000487,CREATE,,Completed,,POS,True
AUD-00000488,2026-05-06 14:03:23,PH-005,EMP-0103,Sale,transaction,TXN-0000488,CREATE,,Completed,,POS,True
AUD-00000489,2026-05-30 11:27:22,PH-004,EMP-0085,Sale,transaction,TXN-0000489,CREATE,,Completed,,POS,True
AUD-00000490,2026-06-07 19:14:50,PH-003,EMP-0063,Sale,transaction,TXN-0000490,CREATE,,Completed,,POS,True
AUD-00000491,2026-07-05 20:02:08,PH-002,EMP-0034,Sale,transaction,TXN-0000491,CREATE,,Completed,,POS,True
AUD-00000492,2026-06-10 14:12:26,PH-005,EMP-0105,Sale,transaction,TXN-0000492,CREATE,,Completed,,POS,True
AUD-00000493,2026-06-05 09:33:44,PH-004,EMP-0081,Sale,transaction,TXN-0000493,CREATE,,Completed,,POS,True
AUD-00000494,2026-06-07 08:00:24,PH-005,EMP-0103,Sale,transaction,TXN-0000494,CREATE,,Completed,,POS,True
AUD-00000495,2026-06-23 20:04:43,PH-004,EMP-0082,Sale,transaction,TXN-0000495,CREATE,,Completed,,POS,True
AUD-00000496,2026-07-19 20:17:57,PH-001,EMP-0016,Sale,transaction,TXN-0000496,CREATE,,Completed,,POS,True
AUD-00000497,2026-07-26 17:30:40,PH-005,EMP-0107,Sale,transaction,TXN-0000497,CREATE,,Completed,,POS,True
AUD-00000498,2026-06-12 09:08:26,PH-002,EMP-0042,Sale,transaction,TXN-0000498,CREATE,,Completed,,POS,True
AUD-00000499,2026-06-07 10:17:30,PH-003,EMP-0062,Sale,transaction,TXN-0000499,CREATE,,Completed,,POS,True
AUD-00000500,2026-06-29 19:31:32,PH-005,EMP-0107,Sale,transaction,TXN-0000500,CREATE,,Completed,,POS,True
AUD-00000501,2026-05-16 13:41:56,PH-002,EMP-0035,Sale,transaction,TXN-0000501,CREATE,,Completed,,POS,True
AUD-00000502,2026-05-04 08:46:04,PH-004,EMP-0069,Sale,transaction,TXN-0000502,CREATE,,Completed,,POS,True
AUD-00000503,2026-07-31 19:15:02,PH-003,EMP-0045,Sale,transaction,TXN-0000503,CREATE,,Completed,,POS,True
AUD-00000504,2026-07-19 15:05:13,PH-001,EMP-0018,Sale,transaction,TXN-0000504,CREATE,,Completed,,POS,True
AUD-00000505,2026-05-31 21:36:41,PH-002,EMP-0035,Sale,transaction,TXN-0000505,CREATE,,Completed,,POS,True
AUD-00000506,2026-07-08 17:56:22,PH-003,EMP-0056,Sale,transaction,TXN-0000506,CREATE,,Completed,,POS,True
AUD-00000507,2026-07-15 19:09:37,PH-002,EMP-0042,Sale,transaction,TXN-0000507,CREATE,,Completed,,POS,True
AUD-00000508,2026-05-13 12:40:40,PH-004,EMP-0081,Sale,transaction,TXN-0000508,CREATE,,Completed,,POS,True
AUD-00000509,2026-05-07 14:40:16,PH-002,EMP-0025,Sale,transaction,TXN-0000509,CREATE,,Completed,,POS,True
AUD-00000510,2026-07-07 08:32:49,PH-002,EMP-0024,Sale,transaction,TXN-0000510,CREATE,,Completed,,POS,True
AUD-00000511,2026-06-01 12:16:49,PH-001,EMP-0015,Sale,transaction,TXN-0000511,CREATE,,Completed,,POS,True
AUD-00000512,2026-05-18 12:45:42,PH-004,EMP-0078,Sale,transaction,TXN-0000512,CREATE,,Completed,,POS,True
AUD-00000513,2026-06-27 17:27:53,PH-005,EMP-0100,Sale,transaction,TXN-0000513,CREATE,,Completed,,POS,True
AUD-00000514,2026-07-23 20:34:53,PH-004,EMP-0082,Sale,transaction,TXN-0000514,CREATE,,Completed,,POS,True
AUD-00000515,2026-07-25 09:39:53,PH-004,EMP-0068,Sale,transaction,TXN-0000515,CREATE,,Completed,,POS,True
AUD-00000516,2026-07-26 21:52:33,PH-003,EMP-0063,Sale,transaction,TXN-0000516,CREATE,,Completed,,POS,True
AUD-00000517,2026-05-18 14:58:32,PH-002,EMP-0041,Sale,transaction,TXN-0000517,CREATE,,Completed,,POS,True
AUD-00000518,2026-05-18 18:16:42,PH-004,EMP-0078,Sale,transaction,TXN-0000518,CREATE,,Completed,,POS,True
AUD-00000519,2026-06-14 10:01:30,PH-004,EMP-0080,Sale,transaction,TXN-0000519,CREATE,,Completed,,POS,True
AUD-00000520,2026-07-07 12:29:23,PH-004,EMP-0085,Sale,transaction,TXN-0000520,CREATE,,Completed,,POS,True
AUD-00000521,2026-05-21 20:56:55,PH-003,EMP-0057,Sale,transaction,TXN-0000521,CREATE,,Completed,,POS,True
AUD-00000522,2026-06-28 17:18:26,PH-001,EMP-0015,Sale,transaction,TXN-0000522,CREATE,,Completed,,POS,True
AUD-00000523,2026-06-04 17:25:33,PH-004,EMP-0086,Sale,transaction,TXN-0000523,CREATE,,Completed,,POS,True
AUD-00000524,2026-05-31 17:41:53,PH-004,EMP-0068,Sale,transaction,TXN-0000524,CREATE,,Completed,,POS,True
AUD-00000525,2026-06-05 09:32:46,PH-001,EMP-0002,Sale,transaction,TXN-0000525,CREATE,,Completed,,POS,True
AUD-00000526,2026-06-18 21:27:43,PH-005,EMP-0089,Sale,transaction,TXN-0000526,CREATE,,Completed,,POS,True
AUD-00000527,2026-05-10 09:30:48,PH-004,EMP-0082,Sale,transaction,TXN-0000527,CREATE,,Completed,,POS,True
AUD-00000528,2026-05-07 11:05:23,PH-002,EMP-0024,Sale,transaction,TXN-0000528,CREATE,,Completed,,POS,True
AUD-00000529,2026-05-26 11:44:17,PH-003,EMP-0057,Sale,transaction,TXN-0000529,CREATE,,Completed,,POS,True
AUD-00000530,2026-05-10 19:13:36,PH-002,EMP-0036,Sale,transaction,TXN-0000530,CREATE,,Completed,,POS,True
AUD-00000531,2026-07-25 20:10:40,PH-004,EMP-0083,Sale,transaction,TXN-0000531,CREATE,,Completed,,POS,True
AUD-00000532,2026-07-15 11:53:19,PH-001,EMP-0020,Sale,transaction,TXN-0000532,CREATE,,Completed,,POS,True
AUD-00000533,2026-06-21 08:55:51,PH-001,EMP-0019,Sale,transaction,TXN-0000533,CREATE,,Completed,,POS,True
AUD-00000534,2026-07-14 18:31:50,PH-002,EMP-0037,Sale,transaction,TXN-0000534,CREATE,,Completed,,POS,True
AUD-00000535,2026-06-30 10:04:24,PH-002,EMP-0025,Sale,transaction,TXN-0000535,CREATE,,Completed,,POS,True
AUD-00000536,2026-05-25 14:41:12,PH-001,EMP-0018,Sale,transaction,TXN-0000536,CREATE,,Completed,,POS,True
AUD-00000537,2026-06-15 09:18:38,PH-001,EMP-0019,Sale,transaction,TXN-0000537,CREATE,,Completed,,POS,True
AUD-00000538,2026-05-21 21:35:50,PH-004,EMP-0078,Sale,transaction,TXN-0000538,CREATE,,Completed,,POS,True
AUD-00000539,2026-06-24 20:02:04,PH-001,EMP-0020,Sale,transaction,TXN-0000539,CREATE,,Completed,,POS,True
AUD-00000540,2026-06-18 21:20:33,PH-002,EMP-0039,Sale,transaction,TXN-0000540,CREATE,,Completed,,POS,True
AUD-00000541,2026-07-22 17:41:56,PH-001,EMP-0016,Sale,transaction,TXN-0000541,CREATE,,Completed,,POS,True
AUD-00000542,2026-06-07 09:31:15,PH-003,EMP-0045,Sale,transaction,TXN-0000542,CREATE,,Completed,,POS,True
AUD-00000543,2026-06-16 12:12:14,PH-003,EMP-0062,Sale,transaction,TXN-0000543,CREATE,,Completed,,POS,True
AUD-00000544,2026-06-08 21:47:18,PH-003,EMP-0063,Sale,transaction,TXN-0000544,CREATE,,Completed,,POS,True
AUD-00000545,2026-07-29 19:37:59,PH-001,EMP-0003,Sale,transaction,TXN-0000545,CREATE,,Completed,,POS,True
AUD-00000546,2026-07-21 20:40:31,PH-005,EMP-0091,Sale,transaction,TXN-0000546,CREATE,,Completed,,POS,True
AUD-00000547,2026-06-26 13:22:00,PH-003,EMP-0061,Sale,transaction,TXN-0000547,CREATE,,Completed,,POS,True
AUD-00000548,2026-05-02 10:11:23,PH-004,EMP-0069,Sale,transaction,TXN-0000548,CREATE,,Completed,,POS,True
AUD-00000549,2026-06-13 11:39:13,PH-001,EMP-0006,Sale,transaction,TXN-0000549,CREATE,,Completed,,POS,True
AUD-00000550,2026-07-03 18:22:27,PH-004,EMP-0069,Sale,transaction,TXN-0000550,CREATE,,Completed,,POS,True
AUD-00000551,2026-07-27 08:35:16,PH-003,EMP-0058,Sale,transaction,TXN-0000551,CREATE,,Completed,,POS,True
AUD-00000552,2026-06-15 08:56:37,PH-003,EMP-0062,Sale,transaction,TXN-0000552,CREATE,,Completed,,POS,True
AUD-00000553,2026-05-24 16:43:54,PH-003,EMP-0047,Sale,transaction,TXN-0000553,CREATE,,Completed,,POS,True
AUD-00000554,2026-05-23 20:03:14,PH-005,EMP-0105,Sale,transaction,TXN-0000554,CREATE,,Completed,,POS,True
AUD-00000555,2026-05-25 16:29:51,PH-003,EMP-0059,Sale,transaction,TXN-0000555,CREATE,,Completed,,POS,True
AUD-00000556,2026-05-08 17:42:02,PH-005,EMP-0102,Sale,transaction,TXN-0000556,CREATE,,Completed,,POS,True
AUD-00000557,2026-05-09 18:40:47,PH-005,EMP-0103,Sale,transaction,TXN-0000557,CREATE,,Completed,,POS,True
AUD-00000558,2026-05-11 19:18:29,PH-001,EMP-0014,Sale,transaction,TXN-0000558,CREATE,,Completed,,POS,True
AUD-00000559,2026-07-17 14:55:19,PH-003,EMP-0060,Sale,transaction,TXN-0000559,CREATE,,Completed,,POS,True
AUD-00000560,2026-06-19 18:39:02,PH-001,EMP-0020,Sale,transaction,TXN-0000560,CREATE,,Completed,,POS,True
AUD-00000561,2026-05-20 19:05:33,PH-005,EMP-0090,Sale,transaction,TXN-0000561,CREATE,,Completed,,POS,True
AUD-00000562,2026-07-25 11:59:46,PH-002,EMP-0038,Sale,transaction,TXN-0000562,CREATE,,Completed,,POS,True
AUD-00000563,2026-06-22 11:02:59,PH-005,EMP-0091,Sale,transaction,TXN-0000563,CREATE,,Completed,,POS,True
AUD-00000564,2026-06-28 08:30:10,PH-003,EMP-0059,Sale,transaction,TXN-0000564,CREATE,,Completed,,POS,True
AUD-00000565,2026-07-17 10:50:28,PH-002,EMP-0041,Sale,transaction,TXN-0000565,CREATE,,Completed,,POS,True
AUD-00000566,2026-06-07 15:02:05,PH-003,EMP-0057,Sale,transaction,TXN-0000566,CREATE,,Completed,,POS,True
AUD-00000567,2026-06-09 08:45:26,PH-004,EMP-0078,Sale,transaction,TXN-0000567,CREATE,,Completed,,POS,True
AUD-00000568,2026-07-05 11:30:47,PH-002,EMP-0036,Sale,transaction,TXN-0000568,CREATE,,Completed,,POS,True
AUD-00000569,2026-06-03 16:14:26,PH-003,EMP-0046,Sale,transaction,TXN-0000569,CREATE,,Completed,,POS,True
AUD-00000570,2026-05-24 15:46:26,PH-001,EMP-0006,Sale,transaction,TXN-0000570,CREATE,,Completed,,POS,True
AUD-00000571,2026-07-20 17:29:58,PH-005,EMP-0089,Sale,transaction,TXN-0000571,CREATE,,Completed,,POS,True
AUD-00000572,2026-06-08 08:55:56,PH-003,EMP-0058,Sale,transaction,TXN-0000572,CREATE,,Completed,,POS,True
AUD-00000573,2026-07-25 20:43:55,PH-003,EMP-0056,Sale,transaction,TXN-0000573,CREATE,,Completed,,POS,True
AUD-00000574,2026-06-02 15:21:54,PH-004,EMP-0080,Sale,transaction,TXN-0000574,CREATE,,Completed,,POS,True
AUD-00000575,2026-05-11 12:40:01,PH-003,EMP-0056,Sale,transaction,TXN-0000575,CREATE,,Completed,,POS,True
AUD-00000576,2026-06-17 10:15:03,PH-005,EMP-0103,Sale,transaction,TXN-0000576,CREATE,,Completed,,POS,True
AUD-00000577,2026-07-10 10:17:55,PH-002,EMP-0040,Sale,transaction,TXN-0000577,CREATE,,Completed,,POS,True
AUD-00000578,2026-07-08 17:56:44,PH-005,EMP-0101,Sale,transaction,TXN-0000578,CREATE,,Completed,,POS,True
AUD-00000579,2026-05-13 16:44:15,PH-003,EMP-0058,Sale,transaction,TXN-0000579,CREATE,,Completed,,POS,True
AUD-00000580,2026-05-07 08:38:21,PH-004,EMP-0079,Sale,transaction,TXN-0000580,CREATE,,Completed,,POS,True
AUD-00000581,2026-05-31 14:33:38,PH-002,EMP-0040,Sale,transaction,TXN-0000581,CREATE,,Completed,,POS,True
AUD-00000582,2026-06-01 14:28:53,PH-002,EMP-0040,Sale,transaction,TXN-0000582,CREATE,,Completed,,POS,True
AUD-00000583,2026-06-10 09:25:57,PH-005,EMP-0100,Sale,transaction,TXN-0000583,CREATE,,Completed,,POS,True
AUD-00000584,2026-06-25 18:21:18,PH-003,EMP-0046,Sale,transaction,TXN-0000584,CREATE,,Completed,,POS,True
AUD-00000585,2026-07-20 08:22:15,PH-002,EMP-0037,Sale,transaction,TXN-0000585,CREATE,,Completed,,POS,True
AUD-00000586,2026-06-02 16:44:17,PH-004,EMP-0086,Sale,transaction,TXN-0000586,CREATE,,Completed,,POS,True
AUD-00000587,2026-06-12 21:39:19,PH-003,EMP-0047,Sale,transaction,TXN-0000587,CREATE,,Completed,,POS,True
AUD-00000588,2026-07-26 11:42:11,PH-004,EMP-0080,Sale,transaction,TXN-0000588,CREATE,,Completed,,POS,True
AUD-00000589,2026-05-13 21:34:42,PH-004,EMP-0081,Sale,transaction,TXN-0000589,CREATE,,Completed,,POS,True
AUD-00000590,2026-05-09 16:55:47,PH-005,EMP-0102,Sale,transaction,TXN-0000590,CREATE,,Completed,,POS,True
AUD-00000591,2026-05-10 17:50:46,PH-001,EMP-0013,Sale,transaction,TXN-0000591,CREATE,,Completed,,POS,True
AUD-00000592,2026-06-24 15:15:00,PH-004,EMP-0080,Sale,transaction,TXN-0000592,CREATE,,Completed,,POS,True
AUD-00000593,2026-05-21 09:01:37,PH-003,EMP-0063,Sale,transaction,TXN-0000593,CREATE,,Completed,,POS,True
AUD-00000594,2026-05-20 08:43:54,PH-005,EMP-0090,Sale,transaction,TXN-0000594,CREATE,,Completed,,POS,True
AUD-00000595,2026-07-27 11:58:10,PH-001,EMP-0015,Sale,transaction,TXN-0000595,CREATE,,Completed,,POS,True
AUD-00000596,2026-06-18 11:39:10,PH-004,EMP-0067,Sale,transaction,TXN-0000596,CREATE,,Completed,,POS,True
AUD-00000597,2026-05-07 10:03:48,PH-001,EMP-0006,Sale,transaction,TXN-0000597,CREATE,,Completed,,POS,True
AUD-00000598,2026-05-10 13:10:36,PH-002,EMP-0023,Sale,transaction,TXN-0000598,CREATE,,Completed,,POS,True
AUD-00000599,2026-05-14 21:19:24,PH-002,EMP-0042,Sale,transaction,TXN-0000599,CREATE,,Completed,,POS,True
AUD-00000600,2026-07-03 09:29:03,PH-001,EMP-0019,Sale,transaction,TXN-0000600,CREATE,,Completed,,POS,True
AUD-00000601,2026-07-19 17:48:39,PH-001,EMP-0019,Sale,transaction,TXN-0000601,CREATE,,Completed,,POS,True
AUD-00000602,2026-07-15 15:22:21,PH-003,EMP-0056,Sale,transaction,TXN-0000602,CREATE,,Completed,,POS,True
AUD-00000603,2026-05-14 13:05:06,PH-005,EMP-0104,Sale,transaction,TXN-0000603,CREATE,,Completed,,POS,True
AUD-00000604,2026-05-10 09:08:28,PH-002,EMP-0024,Sale,transaction,TXN-0000604,CREATE,,Completed,,POS,True
AUD-00000605,2026-07-02 19:31:45,PH-005,EMP-0104,Sale,transaction,TXN-0000605,CREATE,,Completed,,POS,True
AUD-00000606,2026-06-29 14:46:42,PH-005,EMP-0107,Sale,transaction,TXN-0000606,CREATE,,Completed,,POS,True
AUD-00000607,2026-07-30 17:34:03,PH-001,EMP-0013,Sale,transaction,TXN-0000607,CREATE,,Completed,,POS,True
AUD-00000608,2026-06-15 14:09:06,PH-004,EMP-0083,Sale,transaction,TXN-0000608,CREATE,,Completed,,POS,True
AUD-00000609,2026-06-24 19:37:02,PH-002,EMP-0039,Sale,transaction,TXN-0000609,CREATE,,Completed,,POS,True
AUD-00000610,2026-05-26 15:27:21,PH-003,EMP-0064,Sale,transaction,TXN-0000610,CREATE,,Completed,,POS,True
AUD-00000611,2026-05-02 18:01:22,PH-003,EMP-0060,Sale,transaction,TXN-0000611,CREATE,,Completed,,POS,True
AUD-00000612,2026-07-02 21:50:08,PH-002,EMP-0035,Sale,transaction,TXN-0000612,CREATE,,Completed,,POS,True
AUD-00000613,2026-05-11 15:27:44,PH-003,EMP-0058,Sale,transaction,TXN-0000613,CREATE,,Completed,,POS,True
AUD-00000614,2026-06-17 19:06:58,PH-004,EMP-0080,Sale,transaction,TXN-0000614,CREATE,,Completed,,POS,True
AUD-00000615,2026-07-02 08:55:25,PH-005,EMP-0101,Sale,transaction,TXN-0000615,CREATE,,Completed,,POS,True
AUD-00000616,2026-05-02 10:15:35,PH-005,EMP-0103,Sale,transaction,TXN-0000616,CREATE,,Completed,,POS,True
AUD-00000617,2026-05-01 08:21:59,PH-002,EMP-0034,Sale,transaction,TXN-0000617,CREATE,,Completed,,POS,True
AUD-00000618,2026-07-31 10:13:55,PH-002,EMP-0042,Sale,transaction,TXN-0000618,CREATE,,Completed,,POS,True
AUD-00000619,2026-06-10 11:21:34,PH-005,EMP-0100,Sale,transaction,TXN-0000619,CREATE,,Completed,,POS,True
AUD-00000620,2026-05-26 14:41:13,PH-002,EMP-0041,Sale,transaction,TXN-0000620,CREATE,,Completed,,POS,True
AUD-00000621,2026-07-16 18:54:52,PH-001,EMP-0017,Sale,transaction,TXN-0000621,CREATE,,Completed,,POS,True
AUD-00000622,2026-06-30 09:30:40,PH-005,EMP-0091,Sale,transaction,TXN-0000622,CREATE,,Completed,,POS,True
AUD-00000623,2026-06-25 15:18:55,PH-001,EMP-0006,Sale,transaction,TXN-0000623,CREATE,,Completed,,POS,True
AUD-00000624,2026-07-25 18:26:32,PH-003,EMP-0045,Sale,transaction,TXN-0000624,CREATE,,Completed,,POS,True
AUD-00000625,2026-05-12 10:49:13,PH-005,EMP-0103,Sale,transaction,TXN-0000625,CREATE,,Completed,,POS,True
AUD-00000626,2026-06-22 15:31:18,PH-003,EMP-0060,Sale,transaction,TXN-0000626,CREATE,,Completed,,POS,True
AUD-00000627,2026-07-25 13:29:15,PH-005,EMP-0105,Sale,transaction,TXN-0000627,CREATE,,Completed,,POS,True
AUD-00000628,2026-05-29 12:29:00,PH-005,EMP-0101,Sale,transaction,TXN-0000628,CREATE,,Completed,,POS,True
AUD-00000629,2026-06-08 18:07:12,PH-005,EMP-0105,Sale,transaction,TXN-0000629,CREATE,,Completed,,POS,True
AUD-00000630,2026-05-09 16:00:55,PH-001,EMP-0002,Sale,transaction,TXN-0000630,CREATE,,Completed,,POS,True
AUD-00000631,2026-07-06 14:36:49,PH-002,EMP-0035,Sale,transaction,TXN-0000631,CREATE,,Completed,,POS,True
AUD-00000632,2026-05-17 19:04:57,PH-003,EMP-0064,Sale,transaction,TXN-0000632,CREATE,,Completed,,POS,True
AUD-00000633,2026-06-04 17:58:19,PH-002,EMP-0024,Sale,transaction,TXN-0000633,CREATE,,Completed,,POS,True
AUD-00000634,2026-05-14 15:44:03,PH-002,EMP-0025,Sale,transaction,TXN-0000634,CREATE,,Completed,,POS,True
AUD-00000635,2026-05-01 20:40:54,PH-004,EMP-0082,Sale,transaction,TXN-0000635,CREATE,,Completed,,POS,True
AUD-00000636,2026-05-15 09:23:46,PH-003,EMP-0064,Sale,transaction,TXN-0000636,CREATE,,Completed,,POS,True
AUD-00000637,2026-05-02 08:17:23,PH-005,EMP-0107,Sale,transaction,TXN-0000637,CREATE,,Completed,,POS,True
AUD-00000638,2026-05-05 08:55:22,PH-005,EMP-0108,Sale,transaction,TXN-0000638,CREATE,,Completed,,POS,True
AUD-00000639,2026-07-24 20:47:45,PH-004,EMP-0069,Sale,transaction,TXN-0000639,CREATE,,Completed,,POS,True
AUD-00000640,2026-05-14 21:09:13,PH-001,EMP-0003,Sale,transaction,TXN-0000640,CREATE,,Completed,,POS,True
AUD-00000641,2026-05-23 20:10:38,PH-003,EMP-0058,Sale,transaction,TXN-0000641,CREATE,,Completed,,POS,True
AUD-00000642,2026-05-08 15:47:59,PH-004,EMP-0078,Sale,transaction,TXN-0000642,CREATE,,Completed,,POS,True
AUD-00000643,2026-07-29 21:54:02,PH-003,EMP-0064,Sale,transaction,TXN-0000643,CREATE,,Completed,,POS,True
AUD-00000644,2026-07-07 11:12:41,PH-005,EMP-0104,Sale,transaction,TXN-0000644,CREATE,,Completed,,POS,True
AUD-00000645,2026-05-02 08:30:00,PH-002,EMP-0039,Sale,transaction,TXN-0000645,CREATE,,Completed,,POS,True
AUD-00000646,2026-06-23 11:47:23,PH-003,EMP-0063,Sale,transaction,TXN-0000646,CREATE,,Completed,,POS,True
AUD-00000647,2026-07-26 20:55:23,PH-001,EMP-0013,Sale,transaction,TXN-0000647,CREATE,,Completed,,POS,True
AUD-00000648,2026-07-20 12:03:47,PH-005,EMP-0102,Sale,transaction,TXN-0000648,CREATE,,Completed,,POS,True
AUD-00000649,2026-07-14 11:45:09,PH-003,EMP-0045,Sale,transaction,TXN-0000649,CREATE,,Completed,,POS,True
AUD-00000650,2026-05-17 19:55:49,PH-003,EMP-0059,Sale,transaction,TXN-0000650,CREATE,,Completed,,POS,True
AUD-00000651,2026-06-15 18:47:01,PH-001,EMP-0015,Sale,transaction,TXN-0000651,CREATE,,Completed,,POS,True
AUD-00000652,2026-06-12 10:44:12,PH-001,EMP-0019,Sale,transaction,TXN-0000652,CREATE,,Completed,,POS,True
AUD-00000653,2026-07-26 12:05:08,PH-001,EMP-0002,Sale,transaction,TXN-0000653,CREATE,,Completed,,POS,True
AUD-00000654,2026-07-31 09:21:25,PH-003,EMP-0045,Sale,transaction,TXN-0000654,CREATE,,Completed,,POS,True
AUD-00000655,2026-05-21 20:23:39,PH-003,EMP-0056,Sale,transaction,TXN-0000655,CREATE,,Completed,,POS,True
AUD-00000656,2026-06-18 11:31:57,PH-001,EMP-0002,Sale,transaction,TXN-0000656,CREATE,,Completed,,POS,True
AUD-00000657,2026-07-15 19:53:17,PH-001,EMP-0020,Sale,transaction,TXN-0000657,CREATE,,Completed,,POS,True
AUD-00000658,2026-07-24 12:39:09,PH-005,EMP-0102,Sale,transaction,TXN-0000658,CREATE,,Completed,,POS,True
AUD-00000659,2026-05-07 09:02:21,PH-005,EMP-0090,Sale,transaction,TXN-0000659,CREATE,,Completed,,POS,True
AUD-00000660,2026-05-06 16:11:42,PH-002,EMP-0034,Sale,transaction,TXN-0000660,CREATE,,Completed,,POS,True
AUD-00000661,2026-07-27 15:13:48,PH-004,EMP-0083,Sale,transaction,TXN-0000661,CREATE,,Completed,,POS,True
AUD-00000662,2026-07-14 16:53:02,PH-005,EMP-0102,Sale,transaction,TXN-0000662,CREATE,,Completed,,POS,True
AUD-00000663,2026-05-24 10:53:05,PH-001,EMP-0015,Sale,transaction,TXN-0000663,CREATE,,Completed,,POS,True
AUD-00000664,2026-05-07 11:27:31,PH-005,EMP-0101,Sale,transaction,TXN-0000664,CREATE,,Completed,,POS,True
AUD-00000665,2026-05-28 11:38:59,PH-004,EMP-0069,Sale,transaction,TXN-0000665,CREATE,,Completed,,POS,True
AUD-00000666,2026-07-26 14:25:05,PH-001,EMP-0017,Sale,transaction,TXN-0000666,CREATE,,Completed,,POS,True
AUD-00000667,2026-05-17 19:24:01,PH-001,EMP-0019,Sale,transaction,TXN-0000667,CREATE,,Completed,,POS,True
AUD-00000668,2026-07-05 17:28:17,PH-002,EMP-0036,Sale,transaction,TXN-0000668,CREATE,,Completed,,POS,True
AUD-00000669,2026-06-30 21:03:32,PH-001,EMP-0013,Sale,transaction,TXN-0000669,CREATE,,Completed,,POS,True
AUD-00000670,2026-07-13 21:27:31,PH-001,EMP-0014,Sale,transaction,TXN-0000670,CREATE,,Completed,,POS,True
AUD-00000671,2026-07-11 13:54:26,PH-002,EMP-0036,Sale,transaction,TXN-0000671,CREATE,,Completed,,POS,True
AUD-00000672,2026-06-21 14:02:08,PH-005,EMP-0106,Sale,transaction,TXN-0000672,CREATE,,Completed,,POS,True
AUD-00000673,2026-06-19 11:12:49,PH-001,EMP-0015,Sale,transaction,TXN-0000673,CREATE,,Completed,,POS,True
AUD-00000674,2026-07-13 13:30:50,PH-002,EMP-0041,Sale,transaction,TXN-0000674,CREATE,,Completed,,POS,True
AUD-00000675,2026-07-06 13:47:31,PH-004,EMP-0067,Sale,transaction,TXN-0000675,CREATE,,Completed,,POS,True
AUD-00000676,2026-06-20 11:40:51,PH-004,EMP-0083,Sale,transaction,TXN-0000676,CREATE,,Completed,,POS,True
AUD-00000677,2026-06-09 18:19:40,PH-002,EMP-0025,Sale,transaction,TXN-0000677,CREATE,,Completed,,POS,True
AUD-00000678,2026-07-24 21:33:28,PH-002,EMP-0024,Sale,transaction,TXN-0000678,CREATE,,Completed,,POS,True
AUD-00000679,2026-05-16 17:57:49,PH-001,EMP-0012,Sale,transaction,TXN-0000679,CREATE,,Completed,,POS,True
AUD-00000680,2026-05-11 09:22:28,PH-004,EMP-0083,Sale,transaction,TXN-0000680,CREATE,,Completed,,POS,True
AUD-00000681,2026-07-07 21:07:25,PH-005,EMP-0103,Sale,transaction,TXN-0000681,CREATE,,Completed,,POS,True
AUD-00000682,2026-06-25 18:40:11,PH-004,EMP-0069,Sale,transaction,TXN-0000682,CREATE,,Completed,,POS,True
AUD-00000683,2026-05-29 20:04:14,PH-002,EMP-0038,Sale,transaction,TXN-0000683,CREATE,,Completed,,POS,True
AUD-00000684,2026-05-10 20:54:25,PH-002,EMP-0035,Sale,transaction,TXN-0000684,CREATE,,Completed,,POS,True
AUD-00000685,2026-07-25 09:01:42,PH-005,EMP-0103,Sale,transaction,TXN-0000685,CREATE,,Completed,,POS,True
AUD-00000686,2026-06-22 10:03:36,PH-004,EMP-0084,Sale,transaction,TXN-0000686,CREATE,,Completed,,POS,True
AUD-00000687,2026-07-10 21:01:00,PH-003,EMP-0058,Sale,transaction,TXN-0000687,CREATE,,Completed,,POS,True
AUD-00000688,2026-06-28 21:04:15,PH-001,EMP-0014,Sale,transaction,TXN-0000688,CREATE,,Completed,,POS,True
AUD-00000689,2026-07-20 16:00:06,PH-004,EMP-0080,Sale,transaction,TXN-0000689,CREATE,,Completed,,POS,True
AUD-00000690,2026-07-12 10:59:19,PH-004,EMP-0083,Sale,transaction,TXN-0000690,CREATE,,Completed,,POS,True
AUD-00000691,2026-07-11 11:10:45,PH-005,EMP-0101,Sale,transaction,TXN-0000691,CREATE,,Completed,,POS,True
AUD-00000692,2026-05-26 10:37:00,PH-005,EMP-0089,Sale,transaction,TXN-0000692,CREATE,,Completed,,POS,True
AUD-00000693,2026-06-16 08:13:28,PH-002,EMP-0038,Sale,transaction,TXN-0000693,CREATE,,Completed,,POS,True
AUD-00000694,2026-05-01 08:17:32,PH-001,EMP-0013,Sale,transaction,TXN-0000694,CREATE,,Completed,,POS,True
AUD-00000695,2026-05-19 18:08:07,PH-005,EMP-0102,Sale,transaction,TXN-0000695,CREATE,,Completed,,POS,True
AUD-00000696,2026-06-03 13:40:24,PH-004,EMP-0085,Sale,transaction,TXN-0000696,CREATE,,Completed,,POS,True
AUD-00000697,2026-05-18 09:01:44,PH-004,EMP-0083,Sale,transaction,TXN-0000697,CREATE,,Completed,,POS,True
AUD-00000698,2026-06-27 13:45:50,PH-003,EMP-0058,Sale,transaction,TXN-0000698,CREATE,,Completed,,POS,True
AUD-00000699,2026-05-22 08:56:08,PH-001,EMP-0012,Sale,transaction,TXN-0000699,CREATE,,Completed,,POS,True
AUD-00000700,2026-06-09 17:59:41,PH-004,EMP-0082,Sale,transaction,TXN-0000700,CREATE,,Completed,,POS,True
AUD-00000701,2026-05-12 09:39:55,PH-004,EMP-0079,Sale,transaction,TXN-0000701,CREATE,,Completed,,POS,True
AUD-00000702,2026-05-21 20:35:05,PH-002,EMP-0035,Sale,transaction,TXN-0000702,CREATE,,Completed,,POS,True
AUD-00000703,2026-05-12 17:33:51,PH-001,EMP-0019,Sale,transaction,TXN-0000703,CREATE,,Completed,,POS,True
AUD-00000704,2026-07-12 17:54:13,PH-004,EMP-0079,Sale,transaction,TXN-0000704,CREATE,,Completed,,POS,True
AUD-00000705,2026-05-31 11:28:38,PH-003,EMP-0056,Sale,transaction,TXN-0000705,CREATE,,Completed,,POS,True
AUD-00000706,2026-06-01 14:31:20,PH-001,EMP-0012,Sale,transaction,TXN-0000706,CREATE,,Completed,,POS,True
AUD-00000707,2026-05-03 09:31:12,PH-001,EMP-0002,Sale,transaction,TXN-0000707,CREATE,,Completed,,POS,True
AUD-00000708,2026-05-22 15:19:09,PH-003,EMP-0061,Sale,transaction,TXN-0000708,CREATE,,Completed,,POS,True
AUD-00000709,2026-06-03 14:46:53,PH-005,EMP-0106,Sale,transaction,TXN-0000709,CREATE,,Completed,,POS,True
AUD-00000710,2026-05-13 17:24:30,PH-003,EMP-0062,Sale,transaction,TXN-0000710,CREATE,,Completed,,POS,True
AUD-00000711,2026-06-17 12:10:34,PH-004,EMP-0086,Sale,transaction,TXN-0000711,CREATE,,Completed,,POS,True
AUD-00000712,2026-06-21 11:23:59,PH-002,EMP-0025,Sale,transaction,TXN-0000712,CREATE,,Completed,,POS,True
AUD-00000713,2026-05-13 15:37:15,PH-003,EMP-0056,Sale,transaction,TXN-0000713,CREATE,,Completed,,POS,True
AUD-00000714,2026-05-29 09:37:47,PH-003,EMP-0045,Sale,transaction,TXN-0000714,CREATE,,Completed,,POS,True
AUD-00000715,2026-05-09 17:37:02,PH-001,EMP-0014,Sale,transaction,TXN-0000715,CREATE,,Completed,,POS,True
AUD-00000716,2026-07-25 21:38:09,PH-002,EMP-0036,Sale,transaction,TXN-0000716,CREATE,,Completed,,POS,True
AUD-00000717,2026-06-12 08:31:37,PH-004,EMP-0083,Sale,transaction,TXN-0000717,CREATE,,Completed,,POS,True
AUD-00000718,2026-06-15 21:00:39,PH-003,EMP-0047,Sale,transaction,TXN-0000718,CREATE,,Completed,,POS,True
AUD-00000719,2026-07-31 14:46:36,PH-002,EMP-0039,Sale,transaction,TXN-0000719,CREATE,,Completed,,POS,True
AUD-00000720,2026-05-19 10:06:51,PH-002,EMP-0036,Sale,transaction,TXN-0000720,CREATE,,Completed,,POS,True
AUD-00000721,2026-07-25 09:14:12,PH-003,EMP-0062,Sale,transaction,TXN-0000721,CREATE,,Completed,,POS,True
AUD-00000722,2026-05-08 17:24:52,PH-005,EMP-0103,Sale,transaction,TXN-0000722,CREATE,,Completed,,POS,True
AUD-00000723,2026-07-26 18:16:09,PH-002,EMP-0035,Sale,transaction,TXN-0000723,CREATE,,Completed,,POS,True
AUD-00000724,2026-05-21 09:29:20,PH-004,EMP-0068,Sale,transaction,TXN-0000724,CREATE,,Completed,,POS,True
AUD-00000725,2026-07-30 20:12:48,PH-002,EMP-0036,Sale,transaction,TXN-0000725,CREATE,,Completed,,POS,True
AUD-00000726,2026-07-15 16:44:02,PH-003,EMP-0047,Sale,transaction,TXN-0000726,CREATE,,Completed,,POS,True
AUD-00000727,2026-07-04 18:32:05,PH-005,EMP-0103,Sale,transaction,TXN-0000727,CREATE,,Completed,,POS,True
AUD-00000728,2026-07-13 21:23:15,PH-005,EMP-0090,Sale,transaction,TXN-0000728,CREATE,,Completed,,POS,True
AUD-00000729,2026-07-26 15:35:59,PH-004,EMP-0082,Sale,transaction,TXN-0000729,CREATE,,Completed,,POS,True
AUD-00000730,2026-06-22 21:46:57,PH-002,EMP-0035,Sale,transaction,TXN-0000730,CREATE,,Completed,,POS,True
AUD-00000731,2026-07-30 13:34:44,PH-002,EMP-0041,Sale,transaction,TXN-0000731,CREATE,,Completed,,POS,True
AUD-00000732,2026-07-04 17:33:39,PH-002,EMP-0040,Sale,transaction,TXN-0000732,CREATE,,Completed,,POS,True
AUD-00000733,2026-05-15 12:58:09,PH-004,EMP-0083,Sale,transaction,TXN-0000733,CREATE,,Completed,,POS,True
AUD-00000734,2026-07-19 17:31:20,PH-005,EMP-0090,Sale,transaction,TXN-0000734,CREATE,,Completed,,POS,True
AUD-00000735,2026-06-30 08:00:11,PH-002,EMP-0040,Sale,transaction,TXN-0000735,CREATE,,Completed,,POS,True
AUD-00000736,2026-05-07 17:58:02,PH-003,EMP-0056,Sale,transaction,TXN-0000736,CREATE,,Completed,,POS,True
AUD-00000737,2026-07-31 20:45:40,PH-002,EMP-0023,Sale,transaction,TXN-0000737,CREATE,,Completed,,POS,True
AUD-00000738,2026-05-12 18:05:42,PH-005,EMP-0089,Sale,transaction,TXN-0000738,CREATE,,Completed,,POS,True
AUD-00000739,2026-07-28 08:49:43,PH-003,EMP-0060,Sale,transaction,TXN-0000739,CREATE,,Completed,,POS,True
AUD-00000740,2026-06-16 18:22:39,PH-001,EMP-0002,Sale,transaction,TXN-0000740,CREATE,,Completed,,POS,True
AUD-00000741,2026-07-14 12:34:42,PH-002,EMP-0023,Sale,transaction,TXN-0000741,CREATE,,Completed,,POS,True
AUD-00000742,2026-05-30 20:19:35,PH-003,EMP-0057,Sale,transaction,TXN-0000742,CREATE,,Completed,,POS,True
AUD-00000743,2026-05-17 09:46:41,PH-002,EMP-0038,Sale,transaction,TXN-0000743,CREATE,,Completed,,POS,True
AUD-00000744,2026-05-21 19:01:50,PH-002,EMP-0025,Sale,transaction,TXN-0000744,CREATE,,Completed,,POS,True
AUD-00000745,2026-07-28 19:52:11,PH-005,EMP-0102,Sale,transaction,TXN-0000745,CREATE,,Completed,,POS,True
AUD-00000746,2026-05-05 20:49:19,PH-005,EMP-0108,Sale,transaction,TXN-0000746,CREATE,,Completed,,POS,True
AUD-00000747,2026-05-04 18:39:10,PH-002,EMP-0025,Sale,transaction,TXN-0000747,CREATE,,Completed,,POS,True
AUD-00000748,2026-07-11 16:20:14,PH-002,EMP-0041,Sale,transaction,TXN-0000748,CREATE,,Completed,,POS,True
AUD-00000749,2026-06-23 17:45:06,PH-005,EMP-0089,Sale,transaction,TXN-0000749,CREATE,,Completed,,POS,True
AUD-00000750,2026-06-28 19:17:10,PH-003,EMP-0046,Sale,transaction,TXN-0000750,CREATE,,Completed,,POS,True
AUD-00000751,2026-06-22 10:31:29,PH-003,EMP-0064,Sale,transaction,TXN-0000751,CREATE,,Completed,,POS,True
AUD-00000752,2026-06-28 08:27:56,PH-003,EMP-0045,Sale,transaction,TXN-0000752,CREATE,,Completed,,POS,True
AUD-00000753,2026-05-11 13:49:30,PH-005,EMP-0100,Sale,transaction,TXN-0000753,CREATE,,Completed,,POS,True
AUD-00000754,2026-07-17 15:39:20,PH-002,EMP-0041,Sale,transaction,TXN-0000754,CREATE,,Completed,,POS,True
AUD-00000755,2026-05-18 08:19:18,PH-002,EMP-0039,Sale,transaction,TXN-0000755,CREATE,,Completed,,POS,True
AUD-00000756,2026-07-08 09:34:51,PH-001,EMP-0020,Sale,transaction,TXN-0000756,CREATE,,Completed,,POS,True
AUD-00000757,2026-06-20 09:14:26,PH-003,EMP-0061,Sale,transaction,TXN-0000757,CREATE,,Completed,,POS,True
AUD-00000758,2026-07-26 19:21:02,PH-002,EMP-0041,Sale,transaction,TXN-0000758,CREATE,,Completed,,POS,True
AUD-00000759,2026-06-17 12:50:53,PH-003,EMP-0057,Sale,transaction,TXN-0000759,CREATE,,Completed,,POS,True
AUD-00000760,2026-07-13 16:34:42,PH-005,EMP-0103,Sale,transaction,TXN-0000760,CREATE,,Completed,,POS,True
AUD-00000761,2026-06-18 13:16:33,PH-005,EMP-0100,Sale,transaction,TXN-0000761,CREATE,,Completed,,POS,True
AUD-00000762,2026-05-17 12:07:10,PH-002,EMP-0036,Sale,transaction,TXN-0000762,CREATE,,Completed,,POS,True
AUD-00000763,2026-07-29 17:35:42,PH-005,EMP-0107,Sale,transaction,TXN-0000763,CREATE,,Completed,,POS,True
AUD-00000764,2026-06-20 19:42:05,PH-005,EMP-0105,Sale,transaction,TXN-0000764,CREATE,,Completed,,POS,True
AUD-00000765,2026-05-19 12:36:43,PH-002,EMP-0038,Sale,transaction,TXN-0000765,CREATE,,Completed,,POS,True
AUD-00000766,2026-07-24 08:39:41,PH-001,EMP-0002,Sale,transaction,TXN-0000766,CREATE,,Completed,,POS,True
AUD-00000767,2026-05-06 10:19:54,PH-001,EMP-0002,Sale,transaction,TXN-0000767,CREATE,,Completed,,POS,True
AUD-00000768,2026-06-06 12:18:01,PH-001,EMP-0020,Sale,transaction,TXN-0000768,CREATE,,Completed,,POS,True
AUD-00000769,2026-05-22 14:55:26,PH-001,EMP-0020,Sale,transaction,TXN-0000769,CREATE,,Completed,,POS,True
AUD-00000770,2026-07-20 09:05:08,PH-003,EMP-0062,Sale,transaction,TXN-0000770,CREATE,,Completed,,POS,True
AUD-00000771,2026-05-16 13:18:54,PH-005,EMP-0103,Sale,transaction,TXN-0000771,CREATE,,Completed,,POS,True
AUD-00000772,2026-05-16 12:27:27,PH-004,EMP-0082,Sale,transaction,TXN-0000772,CREATE,,Completed,,POS,True
AUD-00000773,2026-06-29 15:34:03,PH-003,EMP-0059,Sale,transaction,TXN-0000773,CREATE,,Completed,,POS,True
AUD-00000774,2026-06-21 20:32:15,PH-001,EMP-0013,Sale,transaction,TXN-0000774,CREATE,,Completed,,POS,True
AUD-00000775,2026-07-26 18:33:20,PH-005,EMP-0105,Sale,transaction,TXN-0000775,CREATE,,Completed,,POS,True
AUD-00000776,2026-07-02 14:12:20,PH-005,EMP-0090,Sale,transaction,TXN-0000776,CREATE,,Completed,,POS,True
AUD-00000777,2026-07-10 11:24:04,PH-005,EMP-0100,Sale,transaction,TXN-0000777,CREATE,,Completed,,POS,True
AUD-00000778,2026-06-30 15:06:33,PH-001,EMP-0012,Sale,transaction,TXN-0000778,CREATE,,Completed,,POS,True
AUD-00000779,2026-05-29 08:00:38,PH-004,EMP-0086,Sale,transaction,TXN-0000779,CREATE,,Completed,,POS,True
AUD-00000780,2026-07-13 10:08:46,PH-002,EMP-0024,Sale,transaction,TXN-0000780,CREATE,,Completed,,POS,True
AUD-00000781,2026-06-20 15:53:04,PH-005,EMP-0089,Sale,transaction,TXN-0000781,CREATE,,Completed,,POS,True
AUD-00000782,2026-07-22 16:42:50,PH-001,EMP-0003,Sale,transaction,TXN-0000782,CREATE,,Completed,,POS,True
AUD-00000783,2026-05-01 10:01:25,PH-002,EMP-0024,Sale,transaction,TXN-0000783,CREATE,,Completed,,POS,True
AUD-00000784,2026-05-04 18:10:50,PH-004,EMP-0086,Sale,transaction,TXN-0000784,CREATE,,Completed,,POS,True
AUD-00000785,2026-05-12 13:12:16,PH-004,EMP-0069,Sale,transaction,TXN-0000785,CREATE,,Completed,,POS,True
AUD-00000786,2026-07-10 08:09:41,PH-001,EMP-0002,Sale,transaction,TXN-0000786,CREATE,,Completed,,POS,True
AUD-00000787,2026-05-20 11:51:40,PH-001,EMP-0015,Sale,transaction,TXN-0000787,CREATE,,Completed,,POS,True
AUD-00000788,2026-05-05 17:49:04,PH-003,EMP-0059,Sale,transaction,TXN-0000788,CREATE,,Completed,,POS,True
AUD-00000789,2026-06-17 11:08:48,PH-004,EMP-0067,Sale,transaction,TXN-0000789,CREATE,,Completed,,POS,True
AUD-00000790,2026-05-09 12:15:05,PH-001,EMP-0019,Sale,transaction,TXN-0000790,CREATE,,Completed,,POS,True
AUD-00000791,2026-07-25 19:04:26,PH-005,EMP-0104,Sale,transaction,TXN-0000791,CREATE,,Completed,,POS,True
AUD-00000792,2026-06-02 21:38:29,PH-003,EMP-0062,Sale,transaction,TXN-0000792,CREATE,,Completed,,POS,True
AUD-00000793,2026-07-02 17:39:25,PH-003,EMP-0046,Sale,transaction,TXN-0000793,CREATE,,Completed,,POS,True
AUD-00000794,2026-06-25 13:51:15,PH-002,EMP-0042,Sale,transaction,TXN-0000794,CREATE,,Completed,,POS,True
AUD-00000795,2026-05-13 11:06:47,PH-001,EMP-0002,Sale,transaction,TXN-0000795,CREATE,,Completed,,POS,True
AUD-00000796,2026-06-22 20:49:11,PH-003,EMP-0058,Sale,transaction,TXN-0000796,CREATE,,Completed,,POS,True
AUD-00000797,2026-05-04 21:24:24,PH-003,EMP-0062,Sale,transaction,TXN-0000797,CREATE,,Completed,,POS,True
AUD-00000798,2026-06-23 13:55:10,PH-001,EMP-0003,Sale,transaction,TXN-0000798,CREATE,,Completed,,POS,True
AUD-00000799,2026-05-01 15:41:18,PH-001,EMP-0020,Sale,transaction,TXN-0000799,CREATE,,Completed,,POS,True
AUD-00000800,2026-07-11 13:29:44,PH-004,EMP-0081,Sale,transaction,TXN-0000800,CREATE,,Completed,,POS,True
AUD-00000801,2026-07-02 18:22:01,PH-005,EMP-0105,Sale,transaction,TXN-0000801,CREATE,,Completed,,POS,True
AUD-00000802,2026-06-25 14:33:18,PH-002,EMP-0039,Sale,transaction,TXN-0000802,CREATE,,Completed,,POS,True
AUD-00000803,2026-06-21 16:07:37,PH-002,EMP-0034,Sale,transaction,TXN-0000803,CREATE,,Completed,,POS,True
AUD-00000804,2026-06-20 14:45:28,PH-001,EMP-0018,Sale,transaction,TXN-0000804,CREATE,,Completed,,POS,True
AUD-00000805,2026-05-21 09:54:39,PH-001,EMP-0020,Sale,transaction,TXN-0000805,CREATE,,Completed,,POS,True
AUD-00000806,2026-05-13 11:50:21,PH-003,EMP-0045,Sale,transaction,TXN-0000806,CREATE,,Completed,,POS,True
AUD-00000807,2026-05-12 16:54:56,PH-002,EMP-0038,Sale,transaction,TXN-0000807,CREATE,,Completed,,POS,True
AUD-00000808,2026-07-07 14:39:36,PH-003,EMP-0059,Sale,transaction,TXN-0000808,CREATE,,Completed,,POS,True
AUD-00000809,2026-07-15 15:52:57,PH-003,EMP-0047,Sale,transaction,TXN-0000809,CREATE,,Completed,,POS,True
AUD-00000810,2026-05-25 11:37:30,PH-005,EMP-0090,Sale,transaction,TXN-0000810,CREATE,,Completed,,POS,True
AUD-00000811,2026-06-08 14:18:57,PH-004,EMP-0081,Sale,transaction,TXN-0000811,CREATE,,Completed,,POS,True
AUD-00000812,2026-07-02 19:36:51,PH-002,EMP-0036,Sale,transaction,TXN-0000812,CREATE,,Completed,,POS,True
AUD-00000813,2026-05-06 13:58:08,PH-002,EMP-0035,Sale,transaction,TXN-0000813,CREATE,,Completed,,POS,True
AUD-00000814,2026-06-09 09:09:44,PH-004,EMP-0084,Sale,transaction,TXN-0000814,CREATE,,Completed,,POS,True
AUD-00000815,2026-07-24 17:45:55,PH-005,EMP-0102,Sale,transaction,TXN-0000815,CREATE,,Completed,,POS,True
AUD-00000816,2026-07-22 09:48:30,PH-002,EMP-0038,Sale,transaction,TXN-0000816,CREATE,,Completed,,POS,True
AUD-00000817,2026-05-17 21:49:59,PH-004,EMP-0078,Sale,transaction,TXN-0000817,CREATE,,Completed,,POS,True
AUD-00000818,2026-05-13 10:41:28,PH-001,EMP-0017,Sale,transaction,TXN-0000818,CREATE,,Completed,,POS,True
AUD-00000819,2026-06-11 20:18:27,PH-001,EMP-0013,Sale,transaction,TXN-0000819,CREATE,,Completed,,POS,True
AUD-00000820,2026-06-16 13:23:47,PH-002,EMP-0038,Sale,transaction,TXN-0000820,CREATE,,Completed,,POS,True
AUD-00000821,2026-07-15 17:09:42,PH-003,EMP-0059,Sale,transaction,TXN-0000821,CREATE,,Completed,,POS,True
AUD-00000822,2026-06-28 11:42:55,PH-004,EMP-0085,Sale,transaction,TXN-0000822,CREATE,,Completed,,POS,True
AUD-00000823,2026-05-21 16:55:46,PH-004,EMP-0081,Sale,transaction,TXN-0000823,CREATE,,Completed,,POS,True
AUD-00000824,2026-06-13 18:45:14,PH-004,EMP-0086,Sale,transaction,TXN-0000824,CREATE,,Completed,,POS,True
AUD-00000825,2026-06-16 10:16:29,PH-003,EMP-0059,Sale,transaction,TXN-0000825,CREATE,,Completed,,POS,True
AUD-00000826,2026-06-26 17:51:37,PH-001,EMP-0016,Sale,transaction,TXN-0000826,CREATE,,Completed,,POS,True
AUD-00000827,2026-06-17 13:17:14,PH-005,EMP-0101,Sale,transaction,TXN-0000827,CREATE,,Completed,,POS,True
AUD-00000828,2026-05-15 19:27:19,PH-002,EMP-0037,Sale,transaction,TXN-0000828,CREATE,,Completed,,POS,True
AUD-00000829,2026-06-04 14:21:11,PH-003,EMP-0056,Sale,transaction,TXN-0000829,CREATE,,Completed,,POS,True
AUD-00000830,2026-05-09 13:27:37,PH-005,EMP-0102,Sale,transaction,TXN-0000830,CREATE,,Completed,,POS,True
AUD-00000831,2026-06-23 12:03:23,PH-002,EMP-0025,Sale,transaction,TXN-0000831,CREATE,,Completed,,POS,True
AUD-00000832,2026-07-02 21:03:43,PH-004,EMP-0079,Sale,transaction,TXN-0000832,CREATE,,Completed,,POS,True
AUD-00000833,2026-07-29 13:03:26,PH-002,EMP-0037,Sale,transaction,TXN-0000833,CREATE,,Completed,,POS,True
AUD-00000834,2026-06-17 12:14:29,PH-003,EMP-0047,Sale,transaction,TXN-0000834,CREATE,,Completed,,POS,True
AUD-00000835,2026-05-11 09:52:40,PH-001,EMP-0017,Sale,transaction,TXN-0000835,CREATE,,Completed,,POS,True
AUD-00000836,2026-07-28 16:15:06,PH-005,EMP-0101,Sale,transaction,TXN-0000836,CREATE,,Completed,,POS,True
AUD-00000837,2026-05-26 18:09:51,PH-004,EMP-0080,Sale,transaction,TXN-0000837,CREATE,,Completed,,POS,True
AUD-00000838,2026-07-24 20:07:22,PH-005,EMP-0107,Sale,transaction,TXN-0000838,CREATE,,Completed,,POS,True
AUD-00000839,2026-07-05 13:15:49,PH-003,EMP-0063,Sale,transaction,TXN-0000839,CREATE,,Completed,,POS,True
AUD-00000840,2026-07-04 11:17:18,PH-002,EMP-0025,Sale,transaction,TXN-0000840,CREATE,,Completed,,POS,True
AUD-00000841,2026-05-08 18:12:22,PH-002,EMP-0037,Sale,transaction,TXN-0000841,CREATE,,Completed,,POS,True
AUD-00000842,2026-06-26 18:26:06,PH-002,EMP-0042,Sale,transaction,TXN-0000842,CREATE,,Completed,,POS,True
AUD-00000843,2026-06-02 13:04:37,PH-003,EMP-0063,Sale,transaction,TXN-0000843,CREATE,,Completed,,POS,True
AUD-00000844,2026-07-22 10:01:06,PH-003,EMP-0058,Sale,transaction,TXN-0000844,CREATE,,Completed,,POS,True
AUD-00000845,2026-07-28 13:06:19,PH-003,EMP-0062,Sale,transaction,TXN-0000845,CREATE,,Completed,,POS,True
AUD-00000846,2026-06-11 19:04:54,PH-004,EMP-0083,Sale,transaction,TXN-0000846,CREATE,,Completed,,POS,True
AUD-00000847,2026-07-16 12:46:59,PH-001,EMP-0014,Sale,transaction,TXN-0000847,CREATE,,Completed,,POS,True
AUD-00000848,2026-07-23 13:03:16,PH-005,EMP-0100,Sale,transaction,TXN-0000848,CREATE,,Completed,,POS,True
AUD-00000849,2026-05-20 18:42:22,PH-001,EMP-0020,Sale,transaction,TXN-0000849,CREATE,,Completed,,POS,True
AUD-00000850,2026-06-12 13:26:19,PH-002,EMP-0042,Sale,transaction,TXN-0000850,CREATE,,Completed,,POS,True
AUD-00000851,2026-05-31 09:10:32,PH-003,EMP-0061,Sale,transaction,TXN-0000851,CREATE,,Completed,,POS,True
AUD-00000852,2026-07-13 20:29:18,PH-003,EMP-0062,Sale,transaction,TXN-0000852,CREATE,,Completed,,POS,True
AUD-00000853,2026-07-22 08:50:27,PH-004,EMP-0086,Sale,transaction,TXN-0000853,CREATE,,Completed,,POS,True
AUD-00000854,2026-05-13 10:26:52,PH-003,EMP-0056,Sale,transaction,TXN-0000854,CREATE,,Completed,,POS,True
AUD-00000855,2026-05-27 13:07:53,PH-001,EMP-0017,Sale,transaction,TXN-0000855,CREATE,,Completed,,POS,True
AUD-00000856,2026-05-09 17:29:15,PH-004,EMP-0069,Sale,transaction,TXN-0000856,CREATE,,Completed,,POS,True
AUD-00000857,2026-06-29 20:39:34,PH-005,EMP-0103,Sale,transaction,TXN-0000857,CREATE,,Completed,,POS,True
AUD-00000858,2026-07-19 18:29:17,PH-005,EMP-0103,Sale,transaction,TXN-0000858,CREATE,,Completed,,POS,True
AUD-00000859,2026-05-21 10:56:30,PH-002,EMP-0023,Sale,transaction,TXN-0000859,CREATE,,Completed,,POS,True
AUD-00000860,2026-07-24 21:48:05,PH-003,EMP-0057,Sale,transaction,TXN-0000860,CREATE,,Completed,,POS,True
AUD-00000861,2026-06-15 13:36:26,PH-002,EMP-0023,Sale,transaction,TXN-0000861,CREATE,,Completed,,POS,True
AUD-00000862,2026-05-29 08:22:50,PH-001,EMP-0001,Sale,transaction,TXN-0000862,CREATE,,Completed,,POS,True
AUD-00000863,2026-07-07 11:44:36,PH-003,EMP-0064,Sale,transaction,TXN-0000863,CREATE,,Completed,,POS,True
AUD-00000864,2026-06-14 20:52:27,PH-002,EMP-0039,Sale,transaction,TXN-0000864,CREATE,,Completed,,POS,True
AUD-00000865,2026-05-24 15:38:30,PH-002,EMP-0023,Sale,transaction,TXN-0000865,CREATE,,Completed,,POS,True
AUD-00000866,2026-06-07 17:58:51,PH-003,EMP-0059,Sale,transaction,TXN-0000866,CREATE,,Completed,,POS,True
AUD-00000867,2026-06-12 15:05:13,PH-004,EMP-0081,Sale,transaction,TXN-0000867,CREATE,,Completed,,POS,True
AUD-00000868,2026-07-14 17:36:13,PH-004,EMP-0084,Sale,transaction,TXN-0000868,CREATE,,Completed,,POS,True
AUD-00000869,2026-06-25 09:16:06,PH-003,EMP-0045,Sale,transaction,TXN-0000869,CREATE,,Completed,,POS,True
AUD-00000870,2026-07-03 20:30:39,PH-005,EMP-0103,Sale,transaction,TXN-0000870,CREATE,,Completed,,POS,True
AUD-00000871,2026-07-17 11:34:18,PH-001,EMP-0017,Sale,transaction,TXN-0000871,CREATE,,Completed,,POS,True
AUD-00000872,2026-05-06 21:45:56,PH-002,EMP-0034,Sale,transaction,TXN-0000872,CREATE,,Completed,,POS,True
AUD-00000873,2026-07-16 11:15:23,PH-001,EMP-0019,Sale,transaction,TXN-0000873,CREATE,,Completed,,POS,True
AUD-00000874,2026-07-01 16:45:18,PH-001,EMP-0003,Sale,transaction,TXN-0000874,CREATE,,Completed,,POS,True
AUD-00000875,2026-07-29 18:13:37,PH-002,EMP-0024,Sale,transaction,TXN-0000875,CREATE,,Completed,,POS,True
AUD-00000876,2026-05-09 18:24:37,PH-004,EMP-0078,Sale,transaction,TXN-0000876,CREATE,,Completed,,POS,True
AUD-00000877,2026-05-02 19:20:30,PH-004,EMP-0086,Sale,transaction,TXN-0000877,CREATE,,Completed,,POS,True
AUD-00000878,2026-07-03 09:21:33,PH-005,EMP-0107,Sale,transaction,TXN-0000878,CREATE,,Completed,,POS,True
AUD-00000879,2026-05-12 21:08:44,PH-005,EMP-0100,Sale,transaction,TXN-0000879,CREATE,,Completed,,POS,True
AUD-00000880,2026-05-09 08:41:52,PH-003,EMP-0064,Sale,transaction,TXN-0000880,CREATE,,Completed,,POS,True
AUD-00000881,2026-05-27 20:18:19,PH-001,EMP-0014,Sale,transaction,TXN-0000881,CREATE,,Completed,,POS,True
AUD-00000882,2026-05-07 12:06:39,PH-001,EMP-0013,Sale,transaction,TXN-0000882,CREATE,,Completed,,POS,True
AUD-00000883,2026-07-17 19:34:43,PH-003,EMP-0047,Sale,transaction,TXN-0000883,CREATE,,Completed,,POS,True
AUD-00000884,2026-05-07 15:03:44,PH-001,EMP-0020,Sale,transaction,TXN-0000884,CREATE,,Completed,,POS,True
AUD-00000885,2026-05-09 21:57:51,PH-004,EMP-0069,Sale,transaction,TXN-0000885,CREATE,,Completed,,POS,True
AUD-00000886,2026-07-20 09:08:02,PH-001,EMP-0015,Sale,transaction,TXN-0000886,CREATE,,Completed,,POS,True
AUD-00000887,2026-07-19 12:13:17,PH-001,EMP-0003,Sale,transaction,TXN-0000887,CREATE,,Completed,,POS,True
AUD-00000888,2026-06-14 16:31:02,PH-003,EMP-0063,Sale,transaction,TXN-0000888,CREATE,,Completed,,POS,True
AUD-00000889,2026-07-14 17:58:07,PH-005,EMP-0105,Sale,transaction,TXN-0000889,CREATE,,Completed,,POS,True
AUD-00000890,2026-06-01 10:38:26,PH-004,EMP-0086,Sale,transaction,TXN-0000890,CREATE,,Completed,,POS,True
AUD-00000891,2026-07-17 16:51:30,PH-001,EMP-0013,Sale,transaction,TXN-0000891,CREATE,,Completed,,POS,True
AUD-00000892,2026-06-23 18:48:59,PH-002,EMP-0024,Sale,transaction,TXN-0000892,CREATE,,Completed,,POS,True
AUD-00000893,2026-05-28 20:57:15,PH-005,EMP-0091,Sale,transaction,TXN-0000893,CREATE,,Completed,,POS,True
AUD-00000894,2026-05-04 10:33:01,PH-005,EMP-0102,Sale,transaction,TXN-0000894,CREATE,,Completed,,POS,True
AUD-00000895,2026-05-03 10:07:28,PH-002,EMP-0036,Sale,transaction,TXN-0000895,CREATE,,Completed,,POS,True
AUD-00000896,2026-06-29 12:59:24,PH-004,EMP-0081,Sale,transaction,TXN-0000896,CREATE,,Completed,,POS,True
AUD-00000897,2026-06-23 19:02:56,PH-005,EMP-0104,Sale,transaction,TXN-0000897,CREATE,,Completed,,POS,True
AUD-00000898,2026-07-04 15:28:19,PH-004,EMP-0081,Sale,transaction,TXN-0000898,CREATE,,Completed,,POS,True
AUD-00000899,2026-06-18 15:55:36,PH-002,EMP-0037,Sale,transaction,TXN-0000899,CREATE,,Completed,,POS,True
AUD-00000900,2026-07-01 17:32:41,PH-002,EMP-0038,Sale,transaction,TXN-0000900,CREATE,,Completed,,POS,True
AUD-00000901,2026-05-02 20:49:47,PH-004,EMP-0080,Sale,transaction,TXN-0000901,CREATE,,Completed,,POS,True
AUD-00000902,2026-06-07 16:15:08,PH-001,EMP-0001,Sale,transaction,TXN-0000902,CREATE,,Completed,,POS,True
AUD-00000903,2026-05-15 16:11:14,PH-002,EMP-0040,Sale,transaction,TXN-0000903,CREATE,,Completed,,POS,True
AUD-00000904,2026-06-28 08:24:25,PH-001,EMP-0001,Sale,transaction,TXN-0000904,CREATE,,Completed,,POS,True
AUD-00000905,2026-05-15 19:33:43,PH-001,EMP-0012,Sale,transaction,TXN-0000905,CREATE,,Completed,,POS,True
AUD-00000906,2026-06-07 16:17:02,PH-002,EMP-0036,Sale,transaction,TXN-0000906,CREATE,,Completed,,POS,True
AUD-00000907,2026-06-11 15:16:56,PH-002,EMP-0039,Sale,transaction,TXN-0000907,CREATE,,Completed,,POS,True
AUD-00000908,2026-05-15 13:23:32,PH-001,EMP-0016,Sale,transaction,TXN-0000908,CREATE,,Completed,,POS,True
AUD-00000909,2026-07-22 21:19:16,PH-002,EMP-0042,Sale,transaction,TXN-0000909,CREATE,,Completed,,POS,True
AUD-00000910,2026-06-28 19:51:27,PH-003,EMP-0056,Sale,transaction,TXN-0000910,CREATE,,Completed,,POS,True
AUD-00000911,2026-06-12 14:59:47,PH-002,EMP-0042,Sale,transaction,TXN-0000911,CREATE,,Completed,,POS,True
AUD-00000912,2026-05-01 18:02:00,PH-004,EMP-0067,Sale,transaction,TXN-0000912,CREATE,,Completed,,POS,True
AUD-00000913,2026-05-29 15:55:34,PH-001,EMP-0003,Sale,transaction,TXN-0000913,CREATE,,Completed,,POS,True
AUD-00000914,2026-07-12 15:50:53,PH-002,EMP-0023,Sale,transaction,TXN-0000914,CREATE,,Completed,,POS,True
AUD-00000915,2026-07-19 12:49:49,PH-005,EMP-0107,Sale,transaction,TXN-0000915,CREATE,,Completed,,POS,True
AUD-00000916,2026-07-07 11:14:30,PH-005,EMP-0103,Sale,transaction,TXN-0000916,CREATE,,Completed,,POS,True
AUD-00000917,2026-05-05 19:41:03,PH-001,EMP-0001,Sale,transaction,TXN-0000917,CREATE,,Completed,,POS,True
AUD-00000918,2026-06-30 11:40:13,PH-002,EMP-0035,Sale,transaction,TXN-0000918,CREATE,,Completed,,POS,True
AUD-00000919,2026-07-01 13:43:33,PH-003,EMP-0045,Sale,transaction,TXN-0000919,CREATE,,Completed,,POS,True
AUD-00000920,2026-05-06 18:47:34,PH-004,EMP-0079,Sale,transaction,TXN-0000920,CREATE,,Completed,,POS,True
AUD-00000921,2026-05-23 21:55:31,PH-002,EMP-0041,Sale,transaction,TXN-0000921,CREATE,,Completed,,POS,True
AUD-00000922,2026-06-29 19:39:47,PH-005,EMP-0089,Sale,transaction,TXN-0000922,CREATE,,Completed,,POS,True
AUD-00000923,2026-05-20 09:16:37,PH-004,EMP-0069,Sale,transaction,TXN-0000923,CREATE,,Completed,,POS,True
AUD-00000924,2026-06-07 12:42:43,PH-005,EMP-0091,Sale,transaction,TXN-0000924,CREATE,,Completed,,POS,True
AUD-00000925,2026-05-24 09:57:38,PH-005,EMP-0091,Sale,transaction,TXN-0000925,CREATE,,Completed,,POS,True
AUD-00000926,2026-07-13 08:56:52,PH-001,EMP-0002,Sale,transaction,TXN-0000926,CREATE,,Completed,,POS,True
AUD-00000927,2026-05-11 13:42:40,PH-002,EMP-0039,Sale,transaction,TXN-0000927,CREATE,,Completed,,POS,True
AUD-00000928,2026-06-28 10:44:43,PH-001,EMP-0017,Sale,transaction,TXN-0000928,CREATE,,Completed,,POS,True
AUD-00000929,2026-06-26 09:24:46,PH-005,EMP-0106,Sale,transaction,TXN-0000929,CREATE,,Completed,,POS,True
AUD-00000930,2026-07-16 15:15:53,PH-002,EMP-0034,Sale,transaction,TXN-0000930,CREATE,,Completed,,POS,True
AUD-00000931,2026-05-25 18:52:34,PH-004,EMP-0080,Sale,transaction,TXN-0000931,CREATE,,Completed,,POS,True
AUD-00000932,2026-07-10 09:53:44,PH-005,EMP-0107,Sale,transaction,TXN-0000932,CREATE,,Completed,,POS,True
AUD-00000933,2026-06-29 16:40:20,PH-003,EMP-0062,Sale,transaction,TXN-0000933,CREATE,,Completed,,POS,True
AUD-00000934,2026-05-08 16:29:07,PH-005,EMP-0104,Sale,transaction,TXN-0000934,CREATE,,Completed,,POS,True
AUD-00000935,2026-07-18 10:15:55,PH-001,EMP-0006,Sale,transaction,TXN-0000935,CREATE,,Completed,,POS,True
AUD-00000936,2026-07-31 12:16:13,PH-003,EMP-0063,Sale,transaction,TXN-0000936,CREATE,,Completed,,POS,True
AUD-00000937,2026-05-28 08:56:24,PH-005,EMP-0100,Sale,transaction,TXN-0000937,CREATE,,Completed,,POS,True
AUD-00000938,2026-07-11 17:35:06,PH-001,EMP-0017,Sale,transaction,TXN-0000938,CREATE,,Completed,,POS,True
AUD-00000939,2026-07-19 20:25:08,PH-002,EMP-0036,Sale,transaction,TXN-0000939,CREATE,,Completed,,POS,True
AUD-00000940,2026-07-29 21:09:15,PH-005,EMP-0100,Sale,transaction,TXN-0000940,CREATE,,Completed,,POS,True
AUD-00000941,2026-05-17 16:42:39,PH-005,EMP-0105,Sale,transaction,TXN-0000941,CREATE,,Completed,,POS,True
AUD-00000942,2026-05-22 10:08:16,PH-002,EMP-0025,Sale,transaction,TXN-0000942,CREATE,,Completed,,POS,True
AUD-00000943,2026-06-29 08:17:16,PH-003,EMP-0060,Sale,transaction,TXN-0000943,CREATE,,Completed,,POS,True
AUD-00000944,2026-07-21 12:42:34,PH-003,EMP-0056,Sale,transaction,TXN-0000944,CREATE,,Completed,,POS,True
AUD-00000945,2026-05-19 08:19:12,PH-002,EMP-0041,Sale,transaction,TXN-0000945,CREATE,,Completed,,POS,True
AUD-00000946,2026-06-19 10:01:46,PH-001,EMP-0015,Sale,transaction,TXN-0000946,CREATE,,Completed,,POS,True
AUD-00000947,2026-05-17 13:05:01,PH-001,EMP-0001,Sale,transaction,TXN-0000947,CREATE,,Completed,,POS,True
AUD-00000948,2026-06-17 09:50:22,PH-001,EMP-0001,Sale,transaction,TXN-0000948,CREATE,,Completed,,POS,True
AUD-00000949,2026-07-29 14:02:01,PH-004,EMP-0084,Sale,transaction,TXN-0000949,CREATE,,Completed,,POS,True
AUD-00000950,2026-06-22 18:27:40,PH-004,EMP-0082,Sale,transaction,TXN-0000950,CREATE,,Completed,,POS,True
AUD-00000951,2026-05-23 13:12:14,PH-001,EMP-0014,Sale,transaction,TXN-0000951,CREATE,,Completed,,POS,True
AUD-00000952,2026-05-26 17:45:57,PH-005,EMP-0090,Sale,transaction,TXN-0000952,CREATE,,Completed,,POS,True
AUD-00000953,2026-07-08 09:36:34,PH-001,EMP-0001,Sale,transaction,TXN-0000953,CREATE,,Completed,,POS,True
AUD-00000954,2026-06-28 09:22:18,PH-004,EMP-0078,Sale,transaction,TXN-0000954,CREATE,,Completed,,POS,True
AUD-00000955,2026-07-08 11:12:59,PH-005,EMP-0100,Sale,transaction,TXN-0000955,CREATE,,Completed,,POS,True
AUD-00000956,2026-05-07 14:28:07,PH-001,EMP-0001,Sale,transaction,TXN-0000956,CREATE,,Completed,,POS,True
AUD-00000957,2026-07-09 16:12:38,PH-003,EMP-0056,Sale,transaction,TXN-0000957,CREATE,,Completed,,POS,True
AUD-00000958,2026-05-13 11:45:11,PH-004,EMP-0080,Sale,transaction,TXN-0000958,CREATE,,Completed,,POS,True
AUD-00000959,2026-06-23 08:28:32,PH-001,EMP-0012,Sale,transaction,TXN-0000959,CREATE,,Completed,,POS,True
AUD-00000960,2026-07-17 15:36:42,PH-003,EMP-0058,Sale,transaction,TXN-0000960,CREATE,,Completed,,POS,True
AUD-00000961,2026-07-26 20:58:43,PH-005,EMP-0089,Sale,transaction,TXN-0000961,CREATE,,Completed,,POS,True
AUD-00000962,2026-06-06 20:03:50,PH-003,EMP-0060,Sale,transaction,TXN-0000962,CREATE,,Completed,,POS,True
AUD-00000963,2026-05-10 11:21:41,PH-004,EMP-0079,Sale,transaction,TXN-0000963,CREATE,,Completed,,POS,True
AUD-00000964,2026-07-25 15:21:12,PH-005,EMP-0107,Sale,transaction,TXN-0000964,CREATE,,Completed,,POS,True
AUD-00000965,2026-05-12 13:09:52,PH-002,EMP-0042,Sale,transaction,TXN-0000965,CREATE,,Completed,,POS,True
AUD-00000966,2026-05-01 09:32:09,PH-004,EMP-0068,Sale,transaction,TXN-0000966,CREATE,,Completed,,POS,True
AUD-00000967,2026-05-27 19:45:21,PH-003,EMP-0063,Sale,transaction,TXN-0000967,CREATE,,Completed,,POS,True
AUD-00000968,2026-05-23 11:42:46,PH-003,EMP-0056,Sale,transaction,TXN-0000968,CREATE,,Completed,,POS,True
AUD-00000969,2026-05-21 19:03:26,PH-005,EMP-0104,Sale,transaction,TXN-0000969,CREATE,,Completed,,POS,True
AUD-00000970,2026-05-14 15:49:45,PH-002,EMP-0039,Sale,transaction,TXN-0000970,CREATE,,Completed,,POS,True
AUD-00000971,2026-06-14 12:37:45,PH-003,EMP-0063,Sale,transaction,TXN-0000971,CREATE,,Completed,,POS,True
AUD-00000972,2026-06-07 19:03:30,PH-002,EMP-0024,Sale,transaction,TXN-0000972,CREATE,,Completed,,POS,True
AUD-00000973,2026-07-31 20:08:13,PH-001,EMP-0019,Sale,transaction,TXN-0000973,CREATE,,Completed,,POS,True
AUD-00000974,2026-05-26 14:35:25,PH-002,EMP-0025,Sale,transaction,TXN-0000974,CREATE,,Completed,,POS,True
AUD-00000975,2026-07-31 19:48:25,PH-004,EMP-0085,Sale,transaction,TXN-0000975,CREATE,,Completed,,POS,True
AUD-00000976,2026-07-13 11:15:34,PH-003,EMP-0057,Sale,transaction,TXN-0000976,CREATE,,Completed,,POS,True
AUD-00000977,2026-07-19 20:58:52,PH-001,EMP-0018,Sale,transaction,TXN-0000977,CREATE,,Completed,,POS,True
AUD-00000978,2026-06-02 11:03:07,PH-003,EMP-0047,Sale,transaction,TXN-0000978,CREATE,,Completed,,POS,True
AUD-00000979,2026-07-21 13:56:52,PH-005,EMP-0102,Sale,transaction,TXN-0000979,CREATE,,Completed,,POS,True
AUD-00000980,2026-06-24 16:18:50,PH-002,EMP-0040,Sale,transaction,TXN-0000980,CREATE,,Completed,,POS,True
AUD-00000981,2026-07-27 08:02:55,PH-002,EMP-0041,Sale,transaction,TXN-0000981,CREATE,,Completed,,POS,True
AUD-00000982,2026-06-06 17:06:22,PH-005,EMP-0106,Sale,transaction,TXN-0000982,CREATE,,Completed,,POS,True
AUD-00000983,2026-06-01 19:25:39,PH-001,EMP-0017,Sale,transaction,TXN-0000983,CREATE,,Completed,,POS,True
AUD-00000984,2026-05-14 15:56:24,PH-003,EMP-0060,Sale,transaction,TXN-0000984,CREATE,,Completed,,POS,True
AUD-00000985,2026-06-27 20:23:56,PH-003,EMP-0047,Sale,transaction,TXN-0000985,CREATE,,Completed,,POS,True
AUD-00000986,2026-06-15 12:44:35,PH-003,EMP-0046,Sale,transaction,TXN-0000986,CREATE,,Completed,,POS,True
AUD-00000987,2026-06-10 19:18:10,PH-002,EMP-0036,Sale,transaction,TXN-0000987,CREATE,,Completed,,POS,True
AUD-00000988,2026-07-20 12:48:46,PH-002,EMP-0035,Sale,transaction,TXN-0000988,CREATE,,Completed,,POS,True
AUD-00000989,2026-07-07 10:42:24,PH-004,EMP-0086,Sale,transaction,TXN-0000989,CREATE,,Completed,,POS,True
AUD-00000990,2026-07-27 16:49:51,PH-001,EMP-0003,Sale,transaction,TXN-0000990,CREATE,,Completed,,POS,True
AUD-00000991,2026-06-29 10:09:11,PH-001,EMP-0003,Sale,transaction,TXN-0000991,CREATE,,Completed,,POS,True
AUD-00000992,2026-06-20 11:35:33,PH-001,EMP-0018,Sale,transaction,TXN-0000992,CREATE,,Completed,,POS,True
AUD-00000993,2026-05-09 08:32:45,PH-004,EMP-0068,Sale,transaction,TXN-0000993,CREATE,,Completed,,POS,True
AUD-00000994,2026-07-06 21:28:12,PH-005,EMP-0089,Sale,transaction,TXN-0000994,CREATE,,Completed,,POS,True
AUD-00000995,2026-06-22 19:59:47,PH-002,EMP-0040,Sale,transaction,TXN-0000995,CREATE,,Completed,,POS,True
AUD-00000996,2026-07-04 10:48:29,PH-003,EMP-0058,Sale,transaction,TXN-0000996,CREATE,,Completed,,POS,True
AUD-00000997,2026-06-20 21:47:45,PH-004,EMP-0083,Sale,transaction,TXN-0000997,CREATE,,Completed,,POS,True
AUD-00000998,2026-06-06 20:44:01,PH-005,EMP-0101,Sale,transaction,TXN-0000998,CREATE,,Completed,,POS,True
AUD-00000999,2026-06-25 21:36:29,PH-003,EMP-0056,Sale,transaction,TXN-0000999,CREATE,,Completed,,POS,True
AUD-00001000,2026-07-28 11:58:02,PH-004,EMP-0083,Sale,transaction,TXN-0001000,CREATE,,Completed,,POS,True
AUD-00001001,2026-06-03 12:42:10,PH-001,EMP-0015,Sale,transaction,TXN-0001001,CREATE,,Completed,,POS,True
AUD-00001002,2026-07-07 21:23:10,PH-003,EMP-0047,Sale,transaction,TXN-0001002,CREATE,,Completed,,POS,True
AUD-00001003,2026-07-16 18:38:32,PH-004,EMP-0081,Sale,transaction,TXN-0001003,CREATE,,Completed,,POS,True
AUD-00001004,2026-05-21 15:40:16,PH-004,EMP-0068,Sale,transaction,TXN-0001004,CREATE,,Completed,,POS,True
AUD-00001005,2026-07-25 12:41:18,PH-004,EMP-0079,Sale,transaction,TXN-0001005,CREATE,,Completed,,POS,True
AUD-00001006,2026-06-25 20:36:47,PH-004,EMP-0079,Sale,transaction,TXN-0001006,CREATE,,Completed,,POS,True
AUD-00001007,2026-06-23 15:33:55,PH-001,EMP-0020,Sale,transaction,TXN-0001007,CREATE,,Completed,,POS,True
AUD-00001008,2026-06-29 11:12:20,PH-001,EMP-0014,Sale,transaction,TXN-0001008,CREATE,,Completed,,POS,True
AUD-00001009,2026-07-14 18:07:09,PH-005,EMP-0101,Sale,transaction,TXN-0001009,CREATE,,Completed,,POS,True
AUD-00001010,2026-07-26 18:34:51,PH-001,EMP-0012,Sale,transaction,TXN-0001010,CREATE,,Completed,,POS,True
AUD-00001011,2026-06-04 11:50:32,PH-004,EMP-0080,Sale,transaction,TXN-0001011,CREATE,,Completed,,POS,True
AUD-00001012,2026-05-14 21:56:21,PH-002,EMP-0038,Sale,transaction,TXN-0001012,CREATE,,Completed,,POS,True
AUD-00001013,2026-06-01 09:26:12,PH-004,EMP-0083,Sale,transaction,TXN-0001013,CREATE,,Completed,,POS,True
AUD-00001014,2026-05-28 16:19:04,PH-005,EMP-0107,Sale,transaction,TXN-0001014,CREATE,,Completed,,POS,True
AUD-00001015,2026-06-22 18:52:16,PH-001,EMP-0013,Sale,transaction,TXN-0001015,CREATE,,Completed,,POS,True
AUD-00001016,2026-06-26 16:48:57,PH-001,EMP-0016,Sale,transaction,TXN-0001016,CREATE,,Completed,,POS,True
AUD-00001017,2026-06-08 08:33:49,PH-001,EMP-0018,Sale,transaction,TXN-0001017,CREATE,,Completed,,POS,True
AUD-00001018,2026-07-29 09:59:41,PH-001,EMP-0013,Sale,transaction,TXN-0001018,CREATE,,Completed,,POS,True
AUD-00001019,2026-05-03 08:35:20,PH-002,EMP-0035,Sale,transaction,TXN-0001019,CREATE,,Completed,,POS,True
AUD-00001020,2026-07-07 21:34:13,PH-003,EMP-0061,Sale,transaction,TXN-0001020,CREATE,,Completed,,POS,True
AUD-00001021,2026-07-22 16:59:05,PH-002,EMP-0023,Sale,transaction,TXN-0001021,CREATE,,Completed,,POS,True
AUD-00001022,2026-06-02 17:57:10,PH-004,EMP-0082,Sale,transaction,TXN-0001022,CREATE,,Completed,,POS,True
AUD-00001023,2026-07-19 18:03:48,PH-001,EMP-0020,Sale,transaction,TXN-0001023,CREATE,,Completed,,POS,True
AUD-00001024,2026-06-14 13:06:19,PH-002,EMP-0024,Sale,transaction,TXN-0001024,CREATE,,Completed,,POS,True
AUD-00001025,2026-07-05 20:36:51,PH-005,EMP-0090,Sale,transaction,TXN-0001025,CREATE,,Completed,,POS,True
AUD-00001026,2026-05-15 20:59:04,PH-003,EMP-0045,Sale,transaction,TXN-0001026,CREATE,,Completed,,POS,True
AUD-00001027,2026-05-29 14:34:31,PH-001,EMP-0017,Sale,transaction,TXN-0001027,CREATE,,Completed,,POS,True
AUD-00001028,2026-07-09 11:21:48,PH-002,EMP-0039,Sale,transaction,TXN-0001028,CREATE,,Completed,,POS,True
AUD-00001029,2026-05-07 14:55:50,PH-003,EMP-0056,Sale,transaction,TXN-0001029,CREATE,,Completed,,POS,True
AUD-00001030,2026-05-26 14:30:23,PH-004,EMP-0067,Sale,transaction,TXN-0001030,CREATE,,Completed,,POS,True
AUD-00001031,2026-05-06 19:33:59,PH-001,EMP-0015,Sale,transaction,TXN-0001031,CREATE,,Completed,,POS,True
AUD-00001032,2026-05-15 17:11:31,PH-003,EMP-0060,Sale,transaction,TXN-0001032,CREATE,,Completed,,POS,True
AUD-00001033,2026-07-04 13:29:56,PH-002,EMP-0038,Sale,transaction,TXN-0001033,CREATE,,Completed,,POS,True
AUD-00001034,2026-05-30 20:40:50,PH-003,EMP-0059,Sale,transaction,TXN-0001034,CREATE,,Completed,,POS,True
AUD-00001035,2026-05-03 15:20:01,PH-005,EMP-0102,Sale,transaction,TXN-0001035,CREATE,,Completed,,POS,True
AUD-00001036,2026-06-04 20:25:10,PH-001,EMP-0018,Sale,transaction,TXN-0001036,CREATE,,Completed,,POS,True
AUD-00001037,2026-06-29 21:56:19,PH-001,EMP-0019,Sale,transaction,TXN-0001037,CREATE,,Completed,,POS,True
AUD-00001038,2026-06-01 14:45:16,PH-001,EMP-0020,Sale,transaction,TXN-0001038,CREATE,,Completed,,POS,True
AUD-00001039,2026-05-21 20:52:04,PH-004,EMP-0068,Sale,transaction,TXN-0001039,CREATE,,Completed,,POS,True
AUD-00001040,2026-05-24 13:41:54,PH-001,EMP-0020,Sale,transaction,TXN-0001040,CREATE,,Completed,,POS,True
AUD-00001041,2026-07-03 16:53:43,PH-001,EMP-0014,Sale,transaction,TXN-0001041,CREATE,,Completed,,POS,True
AUD-00001042,2026-07-05 16:17:21,PH-003,EMP-0061,Sale,transaction,TXN-0001042,CREATE,,Completed,,POS,True
AUD-00001043,2026-06-10 11:46:17,PH-001,EMP-0012,Sale,transaction,TXN-0001043,CREATE,,Completed,,POS,True
AUD-00001044,2026-05-26 18:25:40,PH-004,EMP-0084,Sale,transaction,TXN-0001044,CREATE,,Completed,,POS,True
AUD-00001045,2026-06-16 18:13:35,PH-005,EMP-0101,Sale,transaction,TXN-0001045,CREATE,,Completed,,POS,True
AUD-00001046,2026-06-22 19:56:20,PH-004,EMP-0086,Sale,transaction,TXN-0001046,CREATE,,Completed,,POS,True
AUD-00001047,2026-07-19 08:38:05,PH-005,EMP-0090,Sale,transaction,TXN-0001047,CREATE,,Completed,,POS,True
AUD-00001048,2026-07-06 18:51:41,PH-004,EMP-0084,Sale,transaction,TXN-0001048,CREATE,,Completed,,POS,True
AUD-00001049,2026-06-09 08:21:36,PH-004,EMP-0081,Sale,transaction,TXN-0001049,CREATE,,Completed,,POS,True
AUD-00001050,2026-05-15 13:43:10,PH-005,EMP-0106,Sale,transaction,TXN-0001050,CREATE,,Completed,,POS,True
AUD-00001051,2026-06-11 15:44:16,PH-005,EMP-0101,Sale,transaction,TXN-0001051,CREATE,,Completed,,POS,True
AUD-00001052,2026-06-08 20:38:31,PH-002,EMP-0041,Sale,transaction,TXN-0001052,CREATE,,Completed,,POS,True
AUD-00001053,2026-05-17 14:05:19,PH-003,EMP-0047,Sale,transaction,TXN-0001053,CREATE,,Completed,,POS,True
AUD-00001054,2026-05-12 08:01:19,PH-005,EMP-0107,Sale,transaction,TXN-0001054,CREATE,,Completed,,POS,True
AUD-00001055,2026-07-05 08:53:53,PH-003,EMP-0059,Sale,transaction,TXN-0001055,CREATE,,Completed,,POS,True
AUD-00001056,2026-06-16 08:45:20,PH-005,EMP-0104,Sale,transaction,TXN-0001056,CREATE,,Completed,,POS,True
AUD-00001057,2026-05-21 08:14:41,PH-005,EMP-0103,Sale,transaction,TXN-0001057,CREATE,,Completed,,POS,True
AUD-00001058,2026-05-28 14:50:07,PH-004,EMP-0086,Sale,transaction,TXN-0001058,CREATE,,Completed,,POS,True
AUD-00001059,2026-07-17 18:51:08,PH-002,EMP-0025,Sale,transaction,TXN-0001059,CREATE,,Completed,,POS,True
AUD-00001060,2026-07-04 16:56:20,PH-001,EMP-0001,Sale,transaction,TXN-0001060,CREATE,,Completed,,POS,True
AUD-00001061,2026-06-11 19:19:39,PH-005,EMP-0100,Sale,transaction,TXN-0001061,CREATE,,Completed,,POS,True
AUD-00001062,2026-07-26 14:05:57,PH-003,EMP-0063,Sale,transaction,TXN-0001062,CREATE,,Completed,,POS,True
AUD-00001063,2026-05-17 11:04:47,PH-002,EMP-0040,Sale,transaction,TXN-0001063,CREATE,,Completed,,POS,True
AUD-00001064,2026-05-07 20:02:43,PH-001,EMP-0016,Sale,transaction,TXN-0001064,CREATE,,Completed,,POS,True
AUD-00001065,2026-07-12 15:33:15,PH-003,EMP-0045,Sale,transaction,TXN-0001065,CREATE,,Completed,,POS,True
AUD-00001066,2026-05-09 08:38:04,PH-002,EMP-0036,Sale,transaction,TXN-0001066,CREATE,,Completed,,POS,True
AUD-00001067,2026-07-21 16:18:18,PH-004,EMP-0083,Sale,transaction,TXN-0001067,CREATE,,Completed,,POS,True
AUD-00001068,2026-07-10 08:33:46,PH-001,EMP-0003,Sale,transaction,TXN-0001068,CREATE,,Completed,,POS,True
AUD-00001069,2026-07-22 21:20:57,PH-002,EMP-0024,Sale,transaction,TXN-0001069,CREATE,,Completed,,POS,True
AUD-00001070,2026-05-07 11:30:47,PH-001,EMP-0015,Sale,transaction,TXN-0001070,CREATE,,Completed,,POS,True
AUD-00001071,2026-07-27 08:57:32,PH-004,EMP-0083,Sale,transaction,TXN-0001071,CREATE,,Completed,,POS,True
AUD-00001072,2026-06-04 11:21:00,PH-005,EMP-0103,Sale,transaction,TXN-0001072,CREATE,,Completed,,POS,True
AUD-00001073,2026-07-08 16:24:47,PH-002,EMP-0036,Sale,transaction,TXN-0001073,CREATE,,Completed,,POS,True
AUD-00001074,2026-07-23 10:49:47,PH-002,EMP-0035,Sale,transaction,TXN-0001074,CREATE,,Completed,,POS,True
AUD-00001075,2026-06-12 11:11:06,PH-005,EMP-0102,Sale,transaction,TXN-0001075,CREATE,,Completed,,POS,True
AUD-00001076,2026-07-10 12:55:08,PH-005,EMP-0100,Sale,transaction,TXN-0001076,CREATE,,Completed,,POS,True
AUD-00001077,2026-05-08 14:46:14,PH-003,EMP-0064,Sale,transaction,TXN-0001077,CREATE,,Completed,,POS,True
AUD-00001078,2026-06-03 13:53:05,PH-001,EMP-0020,Sale,transaction,TXN-0001078,CREATE,,Completed,,POS,True
AUD-00001079,2026-05-23 08:03:34,PH-001,EMP-0002,Sale,transaction,TXN-0001079,CREATE,,Completed,,POS,True
AUD-00001080,2026-07-26 13:01:50,PH-003,EMP-0061,Sale,transaction,TXN-0001080,CREATE,,Completed,,POS,True
AUD-00001081,2026-05-23 20:53:52,PH-004,EMP-0069,Sale,transaction,TXN-0001081,CREATE,,Completed,,POS,True
AUD-00001082,2026-05-16 14:22:21,PH-001,EMP-0016,Sale,transaction,TXN-0001082,CREATE,,Completed,,POS,True
AUD-00001083,2026-06-18 09:34:55,PH-003,EMP-0063,Sale,transaction,TXN-0001083,CREATE,,Completed,,POS,True
AUD-00001084,2026-05-19 12:40:35,PH-004,EMP-0068,Sale,transaction,TXN-0001084,CREATE,,Completed,,POS,True
AUD-00001085,2026-07-12 15:58:16,PH-001,EMP-0017,Sale,transaction,TXN-0001085,CREATE,,Completed,,POS,True
AUD-00001086,2026-07-03 20:38:09,PH-005,EMP-0102,Sale,transaction,TXN-0001086,CREATE,,Completed,,POS,True
AUD-00001087,2026-07-03 21:03:38,PH-001,EMP-0013,Sale,transaction,TXN-0001087,CREATE,,Completed,,POS,True
AUD-00001088,2026-05-25 12:02:10,PH-005,EMP-0105,Sale,transaction,TXN-0001088,CREATE,,Completed,,POS,True
AUD-00001089,2026-06-26 09:26:24,PH-001,EMP-0015,Sale,transaction,TXN-0001089,CREATE,,Completed,,POS,True
AUD-00001090,2026-06-27 16:11:13,PH-004,EMP-0086,Sale,transaction,TXN-0001090,CREATE,,Completed,,POS,True
AUD-00001091,2026-06-03 20:00:02,PH-005,EMP-0106,Sale,transaction,TXN-0001091,CREATE,,Completed,,POS,True
AUD-00001092,2026-05-05 16:28:36,PH-005,EMP-0091,Sale,transaction,TXN-0001092,CREATE,,Completed,,POS,True
AUD-00001093,2026-06-14 13:58:09,PH-001,EMP-0020,Sale,transaction,TXN-0001093,CREATE,,Completed,,POS,True
AUD-00001094,2026-07-05 19:33:16,PH-002,EMP-0023,Sale,transaction,TXN-0001094,CREATE,,Completed,,POS,True
AUD-00001095,2026-06-27 14:29:45,PH-002,EMP-0040,Sale,transaction,TXN-0001095,CREATE,,Completed,,POS,True
AUD-00001096,2026-06-20 10:08:15,PH-002,EMP-0036,Sale,transaction,TXN-0001096,CREATE,,Completed,,POS,True
AUD-00001097,2026-05-09 11:36:50,PH-001,EMP-0014,Sale,transaction,TXN-0001097,CREATE,,Completed,,POS,True
AUD-00001098,2026-06-26 17:18:28,PH-005,EMP-0089,Sale,transaction,TXN-0001098,CREATE,,Completed,,POS,True
AUD-00001099,2026-07-16 08:21:12,PH-005,EMP-0107,Sale,transaction,TXN-0001099,CREATE,,Completed,,POS,True
AUD-00001100,2026-05-23 16:00:55,PH-002,EMP-0023,Sale,transaction,TXN-0001100,CREATE,,Completed,,POS,True
AUD-00001101,2026-05-07 12:28:41,PH-001,EMP-0012,Sale,transaction,TXN-0001101,CREATE,,Completed,,POS,True
AUD-00001102,2026-07-28 14:33:17,PH-003,EMP-0046,Sale,transaction,TXN-0001102,CREATE,,Completed,,POS,True
AUD-00001103,2026-07-18 20:53:20,PH-001,EMP-0001,Sale,transaction,TXN-0001103,CREATE,,Completed,,POS,True
AUD-00001104,2026-07-16 19:02:13,PH-003,EMP-0063,Sale,transaction,TXN-0001104,CREATE,,Completed,,POS,True
AUD-00001105,2026-06-23 14:31:39,PH-003,EMP-0064,Sale,transaction,TXN-0001105,CREATE,,Completed,,POS,True
AUD-00001106,2026-07-14 13:13:05,PH-005,EMP-0103,Sale,transaction,TXN-0001106,CREATE,,Completed,,POS,True
AUD-00001107,2026-07-01 10:16:28,PH-003,EMP-0062,Sale,transaction,TXN-0001107,CREATE,,Completed,,POS,True
AUD-00001108,2026-06-30 18:53:34,PH-003,EMP-0057,Sale,transaction,TXN-0001108,CREATE,,Completed,,POS,True
AUD-00001109,2026-05-07 13:09:36,PH-004,EMP-0082,Sale,transaction,TXN-0001109,CREATE,,Completed,,POS,True
AUD-00001110,2026-07-05 21:07:05,PH-002,EMP-0042,Sale,transaction,TXN-0001110,CREATE,,Completed,,POS,True
AUD-00001111,2026-07-31 18:50:19,PH-002,EMP-0023,Sale,transaction,TXN-0001111,CREATE,,Completed,,POS,True
AUD-00001112,2026-07-15 18:12:24,PH-005,EMP-0100,Sale,transaction,TXN-0001112,CREATE,,Completed,,POS,True
AUD-00001113,2026-06-22 20:14:05,PH-004,EMP-0079,Sale,transaction,TXN-0001113,CREATE,,Completed,,POS,True
AUD-00001114,2026-06-29 10:41:05,PH-002,EMP-0034,Sale,transaction,TXN-0001114,CREATE,,Completed,,POS,True
AUD-00001115,2026-06-30 13:42:33,PH-004,EMP-0069,Sale,transaction,TXN-0001115,CREATE,,Completed,,POS,True
AUD-00001116,2026-05-15 19:43:26,PH-003,EMP-0058,Sale,transaction,TXN-0001116,CREATE,,Completed,,POS,True
AUD-00001117,2026-06-15 12:30:24,PH-002,EMP-0037,Sale,transaction,TXN-0001117,CREATE,,Completed,,POS,True
AUD-00001118,2026-07-13 19:32:09,PH-002,EMP-0037,Sale,transaction,TXN-0001118,CREATE,,Completed,,POS,True
AUD-00001119,2026-06-11 15:53:12,PH-005,EMP-0091,Sale,transaction,TXN-0001119,CREATE,,Completed,,POS,True
AUD-00001120,2026-05-14 08:56:47,PH-004,EMP-0069,Sale,transaction,TXN-0001120,CREATE,,Completed,,POS,True
AUD-00001121,2026-06-27 08:19:23,PH-002,EMP-0039,Sale,transaction,TXN-0001121,CREATE,,Completed,,POS,True
AUD-00001122,2026-05-21 17:40:41,PH-003,EMP-0061,Sale,transaction,TXN-0001122,CREATE,,Completed,,POS,True
AUD-00001123,2026-07-05 19:11:33,PH-005,EMP-0090,Sale,transaction,TXN-0001123,CREATE,,Completed,,POS,True
AUD-00001124,2026-07-14 13:16:43,PH-001,EMP-0020,Sale,transaction,TXN-0001124,CREATE,,Completed,,POS,True
AUD-00001125,2026-06-27 11:18:29,PH-003,EMP-0064,Sale,transaction,TXN-0001125,CREATE,,Completed,,POS,True
AUD-00001126,2026-06-16 16:10:43,PH-001,EMP-0017,Sale,transaction,TXN-0001126,CREATE,,Completed,,POS,True
AUD-00001127,2026-07-20 12:53:14,PH-003,EMP-0064,Sale,transaction,TXN-0001127,CREATE,,Completed,,POS,True
AUD-00001128,2026-07-09 18:49:39,PH-005,EMP-0100,Sale,transaction,TXN-0001128,CREATE,,Completed,,POS,True
AUD-00001129,2026-05-23 12:02:37,PH-003,EMP-0059,Sale,transaction,TXN-0001129,CREATE,,Completed,,POS,True
AUD-00001130,2026-05-07 17:26:50,PH-002,EMP-0039,Sale,transaction,TXN-0001130,CREATE,,Completed,,POS,True
AUD-00001131,2026-07-10 19:29:51,PH-003,EMP-0045,Sale,transaction,TXN-0001131,CREATE,,Completed,,POS,True
AUD-00001132,2026-06-22 21:51:21,PH-004,EMP-0084,Sale,transaction,TXN-0001132,CREATE,,Completed,,POS,True
AUD-00001133,2026-05-13 20:31:39,PH-005,EMP-0103,Sale,transaction,TXN-0001133,CREATE,,Completed,,POS,True
AUD-00001134,2026-07-25 17:59:24,PH-001,EMP-0006,Sale,transaction,TXN-0001134,CREATE,,Completed,,POS,True
AUD-00001135,2026-05-29 20:07:42,PH-003,EMP-0060,Sale,transaction,TXN-0001135,CREATE,,Completed,,POS,True
AUD-00001136,2026-06-17 20:24:05,PH-005,EMP-0089,Sale,transaction,TXN-0001136,CREATE,,Completed,,POS,True
AUD-00001137,2026-06-27 08:49:22,PH-003,EMP-0047,Sale,transaction,TXN-0001137,CREATE,,Completed,,POS,True
AUD-00001138,2026-07-01 10:44:08,PH-005,EMP-0091,Sale,transaction,TXN-0001138,CREATE,,Completed,,POS,True
AUD-00001139,2026-05-01 16:31:58,PH-005,EMP-0090,Sale,transaction,TXN-0001139,CREATE,,Completed,,POS,True
AUD-00001140,2026-05-06 10:44:27,PH-004,EMP-0086,Sale,transaction,TXN-0001140,CREATE,,Completed,,POS,True
AUD-00001141,2026-05-30 19:14:40,PH-001,EMP-0002,Sale,transaction,TXN-0001141,CREATE,,Completed,,POS,True
AUD-00001142,2026-06-19 08:47:37,PH-004,EMP-0067,Sale,transaction,TXN-0001142,CREATE,,Completed,,POS,True
AUD-00001143,2026-05-05 10:23:45,PH-003,EMP-0061,Sale,transaction,TXN-0001143,CREATE,,Completed,,POS,True
AUD-00001144,2026-07-24 15:31:21,PH-001,EMP-0019,Sale,transaction,TXN-0001144,CREATE,,Completed,,POS,True
AUD-00001145,2026-05-02 21:58:42,PH-001,EMP-0002,Sale,transaction,TXN-0001145,CREATE,,Completed,,POS,True
AUD-00001146,2026-06-01 10:17:54,PH-002,EMP-0037,Sale,transaction,TXN-0001146,CREATE,,Completed,,POS,True
AUD-00001147,2026-07-17 11:42:59,PH-005,EMP-0104,Sale,transaction,TXN-0001147,CREATE,,Completed,,POS,True
AUD-00001148,2026-06-23 18:17:09,PH-005,EMP-0104,Sale,transaction,TXN-0001148,CREATE,,Completed,,POS,True
AUD-00001149,2026-06-20 17:37:46,PH-004,EMP-0079,Sale,transaction,TXN-0001149,CREATE,,Completed,,POS,True
AUD-00001150,2026-07-05 09:26:46,PH-005,EMP-0090,Sale,transaction,TXN-0001150,CREATE,,Completed,,POS,True
AUD-00001151,2026-06-04 14:54:59,PH-003,EMP-0056,Sale,transaction,TXN-0001151,CREATE,,Completed,,POS,True
AUD-00001152,2026-05-09 12:29:55,PH-005,EMP-0107,Sale,transaction,TXN-0001152,CREATE,,Completed,,POS,True
AUD-00001153,2026-05-27 15:06:24,PH-001,EMP-0018,Sale,transaction,TXN-0001153,CREATE,,Completed,,POS,True
AUD-00001154,2026-07-03 11:28:02,PH-004,EMP-0085,Sale,transaction,TXN-0001154,CREATE,,Completed,,POS,True
AUD-00001155,2026-06-06 14:58:56,PH-003,EMP-0046,Sale,transaction,TXN-0001155,CREATE,,Completed,,POS,True
AUD-00001156,2026-05-25 17:31:32,PH-004,EMP-0084,Sale,transaction,TXN-0001156,CREATE,,Completed,,POS,True
AUD-00001157,2026-06-11 21:16:41,PH-001,EMP-0002,Sale,transaction,TXN-0001157,CREATE,,Completed,,POS,True
AUD-00001158,2026-05-29 13:17:22,PH-005,EMP-0089,Sale,transaction,TXN-0001158,CREATE,,Completed,,POS,True
AUD-00001159,2026-05-30 08:09:56,PH-002,EMP-0024,Sale,transaction,TXN-0001159,CREATE,,Completed,,POS,True
AUD-00001160,2026-05-31 17:07:26,PH-002,EMP-0037,Sale,transaction,TXN-0001160,CREATE,,Completed,,POS,True
AUD-00001161,2026-07-12 15:50:35,PH-004,EMP-0083,Sale,transaction,TXN-0001161,CREATE,,Completed,,POS,True
AUD-00001162,2026-05-11 21:58:17,PH-001,EMP-0001,Sale,transaction,TXN-0001162,CREATE,,Completed,,POS,True
AUD-00001163,2026-06-01 21:13:54,PH-005,EMP-0104,Sale,transaction,TXN-0001163,CREATE,,Completed,,POS,True
AUD-00001164,2026-06-19 13:20:44,PH-002,EMP-0036,Sale,transaction,TXN-0001164,CREATE,,Completed,,POS,True
AUD-00001165,2026-05-09 08:32:02,PH-001,EMP-0001,Sale,transaction,TXN-0001165,CREATE,,Completed,,POS,True
AUD-00001166,2026-05-10 15:31:48,PH-002,EMP-0040,Sale,transaction,TXN-0001166,CREATE,,Completed,,POS,True
AUD-00001167,2026-05-03 20:53:52,PH-001,EMP-0020,Sale,transaction,TXN-0001167,CREATE,,Completed,,POS,True
AUD-00001168,2026-07-15 18:09:04,PH-003,EMP-0064,Sale,transaction,TXN-0001168,CREATE,,Completed,,POS,True
AUD-00001169,2026-06-04 18:58:50,PH-003,EMP-0058,Sale,transaction,TXN-0001169,CREATE,,Completed,,POS,True
AUD-00001170,2026-06-07 12:30:16,PH-003,EMP-0062,Sale,transaction,TXN-0001170,CREATE,,Completed,,POS,True
AUD-00001171,2026-05-03 11:05:30,PH-004,EMP-0081,Sale,transaction,TXN-0001171,CREATE,,Completed,,POS,True
AUD-00001172,2026-05-08 14:25:59,PH-005,EMP-0102,Sale,transaction,TXN-0001172,CREATE,,Completed,,POS,True
AUD-00001173,2026-07-25 21:06:35,PH-003,EMP-0063,Sale,transaction,TXN-0001173,CREATE,,Completed,,POS,True
AUD-00001174,2026-06-22 20:37:27,PH-005,EMP-0102,Sale,transaction,TXN-0001174,CREATE,,Completed,,POS,True
AUD-00001175,2026-06-18 20:53:34,PH-004,EMP-0083,Sale,transaction,TXN-0001175,CREATE,,Completed,,POS,True
AUD-00001176,2026-07-02 09:05:24,PH-005,EMP-0107,Sale,transaction,TXN-0001176,CREATE,,Completed,,POS,True
AUD-00001177,2026-05-19 18:24:35,PH-003,EMP-0056,Sale,transaction,TXN-0001177,CREATE,,Completed,,POS,True
AUD-00001178,2026-05-18 11:33:48,PH-001,EMP-0015,Sale,transaction,TXN-0001178,CREATE,,Completed,,POS,True
AUD-00001179,2026-06-04 20:36:50,PH-002,EMP-0042,Sale,transaction,TXN-0001179,CREATE,,Completed,,POS,True
AUD-00001180,2026-06-19 20:45:33,PH-001,EMP-0006,Sale,transaction,TXN-0001180,CREATE,,Completed,,POS,True
AUD-00001181,2026-05-27 20:58:28,PH-001,EMP-0003,Sale,transaction,TXN-0001181,CREATE,,Completed,,POS,True
AUD-00001182,2026-05-15 15:01:50,PH-003,EMP-0062,Sale,transaction,TXN-0001182,CREATE,,Completed,,POS,True
AUD-00001183,2026-07-30 15:40:22,PH-002,EMP-0041,Sale,transaction,TXN-0001183,CREATE,,Completed,,POS,True
AUD-00001184,2026-07-06 19:50:19,PH-005,EMP-0103,Sale,transaction,TXN-0001184,CREATE,,Completed,,POS,True
AUD-00001185,2026-07-27 20:19:58,PH-005,EMP-0089,Sale,transaction,TXN-0001185,CREATE,,Completed,,POS,True
AUD-00001186,2026-05-11 19:26:03,PH-001,EMP-0015,Sale,transaction,TXN-0001186,CREATE,,Completed,,POS,True
AUD-00001187,2026-05-29 10:36:51,PH-004,EMP-0081,Sale,transaction,TXN-0001187,CREATE,,Completed,,POS,True
AUD-00001188,2026-07-23 18:04:16,PH-002,EMP-0025,Sale,transaction,TXN-0001188,CREATE,,Completed,,POS,True
AUD-00001189,2026-05-14 10:53:08,PH-005,EMP-0102,Sale,transaction,TXN-0001189,CREATE,,Completed,,POS,True
AUD-00001190,2026-07-20 10:16:07,PH-003,EMP-0057,Sale,transaction,TXN-0001190,CREATE,,Completed,,POS,True
AUD-00001191,2026-06-08 15:51:16,PH-004,EMP-0084,Sale,transaction,TXN-0001191,CREATE,,Completed,,POS,True
AUD-00001192,2026-05-10 08:01:18,PH-004,EMP-0084,Sale,transaction,TXN-0001192,CREATE,,Completed,,POS,True
AUD-00001193,2026-06-01 12:57:23,PH-002,EMP-0024,Sale,transaction,TXN-0001193,CREATE,,Completed,,POS,True
AUD-00001194,2026-06-29 19:28:07,PH-001,EMP-0014,Sale,transaction,TXN-0001194,CREATE,,Completed,,POS,True
AUD-00001195,2026-05-13 15:37:09,PH-005,EMP-0090,Sale,transaction,TXN-0001195,CREATE,,Completed,,POS,True
AUD-00001196,2026-05-20 19:51:24,PH-001,EMP-0003,Sale,transaction,TXN-0001196,CREATE,,Completed,,POS,True
AUD-00001197,2026-07-28 17:17:04,PH-004,EMP-0080,Sale,transaction,TXN-0001197,CREATE,,Completed,,POS,True
AUD-00001198,2026-07-26 18:21:49,PH-002,EMP-0039,Sale,transaction,TXN-0001198,CREATE,,Completed,,POS,True
AUD-00001199,2026-05-20 09:58:59,PH-004,EMP-0078,Sale,transaction,TXN-0001199,CREATE,,Completed,,POS,True
AUD-00001200,2026-06-20 21:47:49,PH-002,EMP-0025,Sale,transaction,TXN-0001200,CREATE,,Completed,,POS,True
AUD-00001201,2026-05-29 08:11:35,PH-001,EMP-0018,Sale,transaction,TXN-0001201,CREATE,,Completed,,POS,True
AUD-00001202,2026-07-22 17:50:09,PH-005,EMP-0101,Sale,transaction,TXN-0001202,CREATE,,Completed,,POS,True
AUD-00001203,2026-05-28 13:50:16,PH-004,EMP-0080,Sale,transaction,TXN-0001203,CREATE,,Completed,,POS,True
AUD-00001204,2026-05-26 09:53:46,PH-005,EMP-0100,Sale,transaction,TXN-0001204,CREATE,,Completed,,POS,True
AUD-00001205,2026-06-13 20:44:00,PH-003,EMP-0061,Sale,transaction,TXN-0001205,CREATE,,Completed,,POS,True
AUD-00001206,2026-06-08 13:07:54,PH-002,EMP-0039,Sale,transaction,TXN-0001206,CREATE,,Completed,,POS,True
AUD-00001207,2026-07-01 10:44:16,PH-004,EMP-0079,Sale,transaction,TXN-0001207,CREATE,,Completed,,POS,True
AUD-00001208,2026-07-22 10:38:09,PH-002,EMP-0040,Sale,transaction,TXN-0001208,CREATE,,Completed,,POS,True
AUD-00001209,2026-05-19 17:32:42,PH-001,EMP-0019,Sale,transaction,TXN-0001209,CREATE,,Completed,,POS,True
AUD-00001210,2026-07-01 09:28:05,PH-001,EMP-0017,Sale,transaction,TXN-0001210,CREATE,,Completed,,POS,True
AUD-00001211,2026-07-19 15:03:15,PH-003,EMP-0063,Sale,transaction,TXN-0001211,CREATE,,Completed,,POS,True
AUD-00001212,2026-07-06 15:21:59,PH-001,EMP-0016,Sale,transaction,TXN-0001212,CREATE,,Completed,,POS,True
AUD-00001213,2026-06-28 15:03:27,PH-001,EMP-0012,Sale,transaction,TXN-0001213,CREATE,,Completed,,POS,True
AUD-00001214,2026-07-30 08:57:32,PH-002,EMP-0041,Sale,transaction,TXN-0001214,CREATE,,Completed,,POS,True
AUD-00001215,2026-07-28 19:54:13,PH-001,EMP-0015,Sale,transaction,TXN-0001215,CREATE,,Completed,,POS,True
AUD-00001216,2026-06-01 11:06:29,PH-002,EMP-0034,Sale,transaction,TXN-0001216,CREATE,,Completed,,POS,True
AUD-00001217,2026-06-25 10:55:52,PH-005,EMP-0103,Sale,transaction,TXN-0001217,CREATE,,Completed,,POS,True
AUD-00001218,2026-06-01 20:25:32,PH-003,EMP-0063,Sale,transaction,TXN-0001218,CREATE,,Completed,,POS,True
AUD-00001219,2026-07-18 20:14:03,PH-002,EMP-0038,Sale,transaction,TXN-0001219,CREATE,,Completed,,POS,True
AUD-00001220,2026-06-11 08:53:04,PH-005,EMP-0090,Sale,transaction,TXN-0001220,CREATE,,Completed,,POS,True
AUD-00001221,2026-06-04 14:30:08,PH-002,EMP-0024,Sale,transaction,TXN-0001221,CREATE,,Completed,,POS,True
AUD-00001222,2026-05-31 11:29:57,PH-001,EMP-0015,Sale,transaction,TXN-0001222,CREATE,,Completed,,POS,True
AUD-00001223,2026-06-27 18:38:46,PH-001,EMP-0001,Sale,transaction,TXN-0001223,CREATE,,Completed,,POS,True
AUD-00001224,2026-05-27 21:27:55,PH-004,EMP-0082,Sale,transaction,TXN-0001224,CREATE,,Completed,,POS,True
AUD-00001225,2026-05-25 10:23:14,PH-001,EMP-0019,Sale,transaction,TXN-0001225,CREATE,,Completed,,POS,True
AUD-00001226,2026-06-23 18:30:13,PH-002,EMP-0038,Sale,transaction,TXN-0001226,CREATE,,Completed,,POS,True
AUD-00001227,2026-06-19 16:36:21,PH-004,EMP-0083,Sale,transaction,TXN-0001227,CREATE,,Completed,,POS,True
AUD-00001228,2026-05-13 09:30:38,PH-003,EMP-0058,Sale,transaction,TXN-0001228,CREATE,,Completed,,POS,True
AUD-00001229,2026-07-27 09:25:59,PH-003,EMP-0056,Sale,transaction,TXN-0001229,CREATE,,Completed,,POS,True
AUD-00001230,2026-07-05 17:06:40,PH-005,EMP-0104,Sale,transaction,TXN-0001230,CREATE,,Completed,,POS,True
AUD-00001231,2026-06-11 20:58:25,PH-005,EMP-0104,Sale,transaction,TXN-0001231,CREATE,,Completed,,POS,True
AUD-00001232,2026-06-12 16:15:54,PH-005,EMP-0108,Sale,transaction,TXN-0001232,CREATE,,Completed,,POS,True
AUD-00001233,2026-05-21 12:35:56,PH-004,EMP-0068,Sale,transaction,TXN-0001233,CREATE,,Completed,,POS,True
AUD-00001234,2026-06-18 19:24:10,PH-005,EMP-0101,Sale,transaction,TXN-0001234,CREATE,,Completed,,POS,True
AUD-00001235,2026-06-28 18:05:08,PH-005,EMP-0101,Sale,transaction,TXN-0001235,CREATE,,Completed,,POS,True
AUD-00001236,2026-07-02 09:01:35,PH-003,EMP-0062,Sale,transaction,TXN-0001236,CREATE,,Completed,,POS,True
AUD-00001237,2026-05-29 21:39:45,PH-003,EMP-0057,Sale,transaction,TXN-0001237,CREATE,,Completed,,POS,True
AUD-00001238,2026-07-09 19:39:03,PH-004,EMP-0086,Sale,transaction,TXN-0001238,CREATE,,Completed,,POS,True
AUD-00001239,2026-05-03 21:48:52,PH-002,EMP-0039,Sale,transaction,TXN-0001239,CREATE,,Completed,,POS,True
AUD-00001240,2026-06-11 10:34:15,PH-005,EMP-0102,Sale,transaction,TXN-0001240,CREATE,,Completed,,POS,True
AUD-00001241,2026-05-15 20:53:59,PH-003,EMP-0047,Sale,transaction,TXN-0001241,CREATE,,Completed,,POS,True
AUD-00001242,2026-06-05 20:32:24,PH-004,EMP-0081,Sale,transaction,TXN-0001242,CREATE,,Completed,,POS,True
AUD-00001243,2026-05-19 11:16:22,PH-004,EMP-0085,Sale,transaction,TXN-0001243,CREATE,,Completed,,POS,True
AUD-00001244,2026-05-26 21:00:11,PH-001,EMP-0003,Sale,transaction,TXN-0001244,CREATE,,Completed,,POS,True
AUD-00001245,2026-07-04 19:45:43,PH-005,EMP-0103,Sale,transaction,TXN-0001245,CREATE,,Completed,,POS,True
AUD-00001246,2026-07-02 08:58:32,PH-001,EMP-0017,Sale,transaction,TXN-0001246,CREATE,,Completed,,POS,True
AUD-00001247,2026-05-12 19:43:52,PH-001,EMP-0006,Sale,transaction,TXN-0001247,CREATE,,Completed,,POS,True
AUD-00001248,2026-05-10 16:26:25,PH-001,EMP-0016,Sale,transaction,TXN-0001248,CREATE,,Completed,,POS,True
AUD-00001249,2026-06-25 15:51:45,PH-003,EMP-0060,Sale,transaction,TXN-0001249,CREATE,,Completed,,POS,True
AUD-00001250,2026-06-12 11:23:28,PH-003,EMP-0064,Sale,transaction,TXN-0001250,CREATE,,Completed,,POS,True
AUD-00001251,2026-07-25 19:41:52,PH-001,EMP-0017,Sale,transaction,TXN-0001251,CREATE,,Completed,,POS,True
AUD-00001252,2026-07-13 08:25:15,PH-005,EMP-0091,Sale,transaction,TXN-0001252,CREATE,,Completed,,POS,True
AUD-00001253,2026-06-25 11:52:37,PH-004,EMP-0084,Sale,transaction,TXN-0001253,CREATE,,Completed,,POS,True
AUD-00001254,2026-06-17 12:55:16,PH-004,EMP-0080,Sale,transaction,TXN-0001254,CREATE,,Completed,,POS,True
AUD-00001255,2026-06-26 13:16:30,PH-003,EMP-0057,Sale,transaction,TXN-0001255,CREATE,,Completed,,POS,True
AUD-00001256,2026-07-01 08:21:24,PH-005,EMP-0089,Sale,transaction,TXN-0001256,CREATE,,Completed,,POS,True
AUD-00001257,2026-05-05 18:24:53,PH-002,EMP-0024,Sale,transaction,TXN-0001257,CREATE,,Completed,,POS,True
AUD-00001258,2026-07-12 19:36:23,PH-002,EMP-0023,Sale,transaction,TXN-0001258,CREATE,,Completed,,POS,True
AUD-00001259,2026-07-03 12:44:45,PH-005,EMP-0090,Sale,transaction,TXN-0001259,CREATE,,Completed,,POS,True
AUD-00001260,2026-05-28 20:58:13,PH-003,EMP-0064,Sale,transaction,TXN-0001260,CREATE,,Completed,,POS,True
AUD-00001261,2026-05-21 17:29:08,PH-005,EMP-0102,Sale,transaction,TXN-0001261,CREATE,,Completed,,POS,True
AUD-00001262,2026-06-26 15:08:20,PH-003,EMP-0056,Sale,transaction,TXN-0001262,CREATE,,Completed,,POS,True
AUD-00001263,2026-07-19 19:09:34,PH-002,EMP-0042,Sale,transaction,TXN-0001263,CREATE,,Completed,,POS,True
AUD-00001264,2026-05-07 12:57:30,PH-005,EMP-0089,Sale,transaction,TXN-0001264,CREATE,,Completed,,POS,True
AUD-00001265,2026-06-03 19:09:02,PH-005,EMP-0107,Sale,transaction,TXN-0001265,CREATE,,Completed,,POS,True
AUD-00001266,2026-07-31 08:16:56,PH-003,EMP-0057,Sale,transaction,TXN-0001266,CREATE,,Completed,,POS,True
AUD-00001267,2026-06-12 17:52:58,PH-002,EMP-0037,Sale,transaction,TXN-0001267,CREATE,,Completed,,POS,True
AUD-00001268,2026-05-25 09:05:27,PH-002,EMP-0037,Sale,transaction,TXN-0001268,CREATE,,Completed,,POS,True
AUD-00001269,2026-06-04 14:52:18,PH-001,EMP-0001,Sale,transaction,TXN-0001269,CREATE,,Completed,,POS,True
AUD-00001270,2026-07-27 15:25:19,PH-003,EMP-0045,Sale,transaction,TXN-0001270,CREATE,,Completed,,POS,True
AUD-00001271,2026-05-23 17:56:11,PH-005,EMP-0101,Sale,transaction,TXN-0001271,CREATE,,Completed,,POS,True
AUD-00001272,2026-06-18 17:49:18,PH-002,EMP-0038,Sale,transaction,TXN-0001272,CREATE,,Completed,,POS,True
AUD-00001273,2026-05-06 15:34:27,PH-001,EMP-0015,Sale,transaction,TXN-0001273,CREATE,,Completed,,POS,True
AUD-00001274,2026-07-01 18:25:06,PH-001,EMP-0016,Sale,transaction,TXN-0001274,CREATE,,Completed,,POS,True
AUD-00001275,2026-06-07 19:21:27,PH-004,EMP-0081,Sale,transaction,TXN-0001275,CREATE,,Completed,,POS,True
AUD-00001276,2026-07-10 10:27:06,PH-005,EMP-0101,Sale,transaction,TXN-0001276,CREATE,,Completed,,POS,True
AUD-00001277,2026-06-22 11:34:43,PH-005,EMP-0103,Sale,transaction,TXN-0001277,CREATE,,Completed,,POS,True
AUD-00001278,2026-07-07 18:48:01,PH-005,EMP-0101,Sale,transaction,TXN-0001278,CREATE,,Completed,,POS,True
AUD-00001279,2026-07-22 18:30:57,PH-003,EMP-0057,Sale,transaction,TXN-0001279,CREATE,,Completed,,POS,True
AUD-00001280,2026-06-25 19:14:21,PH-004,EMP-0085,Sale,transaction,TXN-0001280,CREATE,,Completed,,POS,True
AUD-00001281,2026-06-27 19:38:20,PH-001,EMP-0003,Sale,transaction,TXN-0001281,CREATE,,Completed,,POS,True
AUD-00001282,2026-06-12 11:56:05,PH-005,EMP-0104,Sale,transaction,TXN-0001282,CREATE,,Completed,,POS,True
AUD-00001283,2026-06-13 08:46:46,PH-003,EMP-0063,Sale,transaction,TXN-0001283,CREATE,,Completed,,POS,True
AUD-00001284,2026-07-02 16:27:00,PH-002,EMP-0037,Sale,transaction,TXN-0001284,CREATE,,Completed,,POS,True
AUD-00001285,2026-06-16 14:40:37,PH-001,EMP-0019,Sale,transaction,TXN-0001285,CREATE,,Completed,,POS,True
AUD-00001286,2026-05-13 08:25:09,PH-003,EMP-0061,Sale,transaction,TXN-0001286,CREATE,,Completed,,POS,True
AUD-00001287,2026-06-07 14:59:59,PH-003,EMP-0060,Sale,transaction,TXN-0001287,CREATE,,Completed,,POS,True
AUD-00001288,2026-06-19 18:21:01,PH-002,EMP-0039,Sale,transaction,TXN-0001288,CREATE,,Completed,,POS,True
AUD-00001289,2026-06-04 20:18:43,PH-001,EMP-0020,Sale,transaction,TXN-0001289,CREATE,,Completed,,POS,True
AUD-00001290,2026-06-14 20:48:27,PH-004,EMP-0067,Sale,transaction,TXN-0001290,CREATE,,Completed,,POS,True
AUD-00001291,2026-07-16 20:32:41,PH-002,EMP-0023,Sale,transaction,TXN-0001291,CREATE,,Completed,,POS,True
AUD-00001292,2026-06-19 08:16:49,PH-004,EMP-0082,Sale,transaction,TXN-0001292,CREATE,,Completed,,POS,True
AUD-00001293,2026-07-27 16:43:28,PH-004,EMP-0085,Sale,transaction,TXN-0001293,CREATE,,Completed,,POS,True
AUD-00001294,2026-07-27 11:27:53,PH-004,EMP-0078,Sale,transaction,TXN-0001294,CREATE,,Completed,,POS,True
AUD-00001295,2026-07-01 08:32:09,PH-005,EMP-0100,Sale,transaction,TXN-0001295,CREATE,,Completed,,POS,True
AUD-00001296,2026-06-22 19:45:45,PH-003,EMP-0046,Sale,transaction,TXN-0001296,CREATE,,Completed,,POS,True
AUD-00001297,2026-07-15 20:45:43,PH-003,EMP-0057,Sale,transaction,TXN-0001297,CREATE,,Completed,,POS,True
AUD-00001298,2026-06-06 18:19:03,PH-002,EMP-0039,Sale,transaction,TXN-0001298,CREATE,,Completed,,POS,True
AUD-00001299,2026-07-12 11:31:13,PH-002,EMP-0034,Sale,transaction,TXN-0001299,CREATE,,Completed,,POS,True
AUD-00001300,2026-07-05 16:28:01,PH-002,EMP-0023,Sale,transaction,TXN-0001300,CREATE,,Completed,,POS,True
AUD-00001301,2026-06-10 13:16:23,PH-004,EMP-0081,Sale,transaction,TXN-0001301,CREATE,,Completed,,POS,True
AUD-00001302,2026-07-23 19:41:25,PH-003,EMP-0062,Sale,transaction,TXN-0001302,CREATE,,Completed,,POS,True
AUD-00001303,2026-07-23 14:53:56,PH-003,EMP-0047,Sale,transaction,TXN-0001303,CREATE,,Completed,,POS,True
AUD-00001304,2026-06-08 18:01:47,PH-002,EMP-0036,Sale,transaction,TXN-0001304,CREATE,,Completed,,POS,True
AUD-00001305,2026-05-23 08:09:45,PH-004,EMP-0084,Sale,transaction,TXN-0001305,CREATE,,Completed,,POS,True
AUD-00001306,2026-06-20 15:34:07,PH-005,EMP-0108,Sale,transaction,TXN-0001306,CREATE,,Completed,,POS,True
AUD-00001307,2026-06-17 13:22:12,PH-003,EMP-0047,Sale,transaction,TXN-0001307,CREATE,,Completed,,POS,True
AUD-00001308,2026-05-22 15:13:10,PH-004,EMP-0081,Sale,transaction,TXN-0001308,CREATE,,Completed,,POS,True
AUD-00001309,2026-07-30 08:03:37,PH-002,EMP-0024,Sale,transaction,TXN-0001309,CREATE,,Completed,,POS,True
AUD-00001310,2026-06-08 21:31:35,PH-005,EMP-0091,Sale,transaction,TXN-0001310,CREATE,,Completed,,POS,True
AUD-00001311,2026-07-28 08:18:42,PH-005,EMP-0101,Sale,transaction,TXN-0001311,CREATE,,Completed,,POS,True
AUD-00001312,2026-05-10 15:51:06,PH-005,EMP-0106,Sale,transaction,TXN-0001312,CREATE,,Completed,,POS,True
AUD-00001313,2026-06-20 16:15:24,PH-002,EMP-0038,Sale,transaction,TXN-0001313,CREATE,,Completed,,POS,True
AUD-00001314,2026-05-21 10:10:01,PH-005,EMP-0103,Sale,transaction,TXN-0001314,CREATE,,Completed,,POS,True
AUD-00001315,2026-05-31 20:38:55,PH-004,EMP-0085,Sale,transaction,TXN-0001315,CREATE,,Completed,,POS,True
AUD-00001316,2026-06-11 08:02:04,PH-002,EMP-0041,Sale,transaction,TXN-0001316,CREATE,,Completed,,POS,True
AUD-00001317,2026-06-13 20:40:17,PH-001,EMP-0013,Sale,transaction,TXN-0001317,CREATE,,Completed,,POS,True
AUD-00001318,2026-05-07 21:04:07,PH-003,EMP-0047,Sale,transaction,TXN-0001318,CREATE,,Completed,,POS,True
AUD-00001319,2026-07-18 08:12:36,PH-005,EMP-0100,Sale,transaction,TXN-0001319,CREATE,,Completed,,POS,True
AUD-00001320,2026-07-10 11:21:59,PH-005,EMP-0106,Sale,transaction,TXN-0001320,CREATE,,Completed,,POS,True
AUD-00001321,2026-07-27 15:35:12,PH-001,EMP-0013,Sale,transaction,TXN-0001321,CREATE,,Completed,,POS,True
AUD-00001322,2026-05-03 15:13:58,PH-002,EMP-0042,Sale,transaction,TXN-0001322,CREATE,,Completed,,POS,True
AUD-00001323,2026-07-09 15:20:20,PH-003,EMP-0045,Sale,transaction,TXN-0001323,CREATE,,Completed,,POS,True
AUD-00001324,2026-06-01 13:57:11,PH-001,EMP-0017,Sale,transaction,TXN-0001324,CREATE,,Completed,,POS,True
AUD-00001325,2026-06-19 15:04:51,PH-004,EMP-0083,Sale,transaction,TXN-0001325,CREATE,,Completed,,POS,True
AUD-00001326,2026-05-01 13:56:58,PH-004,EMP-0067,Sale,transaction,TXN-0001326,CREATE,,Completed,,POS,True
AUD-00001327,2026-05-26 08:28:42,PH-005,EMP-0089,Sale,transaction,TXN-0001327,CREATE,,Completed,,POS,True
AUD-00001328,2026-05-12 18:37:10,PH-001,EMP-0013,Sale,transaction,TXN-0001328,CREATE,,Completed,,POS,True
AUD-00001329,2026-05-06 11:52:30,PH-003,EMP-0046,Sale,transaction,TXN-0001329,CREATE,,Completed,,POS,True
AUD-00001330,2026-05-14 13:01:51,PH-004,EMP-0067,Sale,transaction,TXN-0001330,CREATE,,Completed,,POS,True
AUD-00001331,2026-05-08 17:03:37,PH-004,EMP-0086,Sale,transaction,TXN-0001331,CREATE,,Completed,,POS,True
AUD-00001332,2026-05-20 17:07:51,PH-005,EMP-0107,Sale,transaction,TXN-0001332,CREATE,,Completed,,POS,True
AUD-00001333,2026-07-22 11:53:47,PH-001,EMP-0016,Sale,transaction,TXN-0001333,CREATE,,Completed,,POS,True
AUD-00001334,2026-05-31 21:34:31,PH-002,EMP-0038,Sale,transaction,TXN-0001334,CREATE,,Completed,,POS,True
AUD-00001335,2026-07-07 08:25:33,PH-001,EMP-0012,Sale,transaction,TXN-0001335,CREATE,,Completed,,POS,True
AUD-00001336,2026-06-18 09:10:52,PH-004,EMP-0068,Sale,transaction,TXN-0001336,CREATE,,Completed,,POS,True
AUD-00001337,2026-05-18 20:01:31,PH-002,EMP-0024,Sale,transaction,TXN-0001337,CREATE,,Completed,,POS,True
AUD-00001338,2026-05-05 12:04:58,PH-004,EMP-0086,Sale,transaction,TXN-0001338,CREATE,,Completed,,POS,True
AUD-00001339,2026-05-06 08:28:14,PH-002,EMP-0024,Sale,transaction,TXN-0001339,CREATE,,Completed,,POS,True
AUD-00001340,2026-06-29 17:03:23,PH-003,EMP-0061,Sale,transaction,TXN-0001340,CREATE,,Completed,,POS,True
AUD-00001341,2026-05-24 16:04:01,PH-004,EMP-0086,Sale,transaction,TXN-0001341,CREATE,,Completed,,POS,True
AUD-00001342,2026-05-08 21:50:46,PH-001,EMP-0013,Sale,transaction,TXN-0001342,CREATE,,Completed,,POS,True
AUD-00001343,2026-07-20 11:32:43,PH-002,EMP-0024,Sale,transaction,TXN-0001343,CREATE,,Completed,,POS,True
AUD-00001344,2026-05-17 11:42:31,PH-002,EMP-0037,Sale,transaction,TXN-0001344,CREATE,,Completed,,POS,True
AUD-00001345,2026-07-19 15:11:54,PH-003,EMP-0047,Sale,transaction,TXN-0001345,CREATE,,Completed,,POS,True
AUD-00001346,2026-05-22 12:43:17,PH-005,EMP-0107,Sale,transaction,TXN-0001346,CREATE,,Completed,,POS,True
AUD-00001347,2026-07-19 08:52:50,PH-001,EMP-0017,Sale,transaction,TXN-0001347,CREATE,,Completed,,POS,True
AUD-00001348,2026-06-11 16:12:10,PH-002,EMP-0034,Sale,transaction,TXN-0001348,CREATE,,Completed,,POS,True
AUD-00001349,2026-06-04 15:06:52,PH-001,EMP-0015,Sale,transaction,TXN-0001349,CREATE,,Completed,,POS,True
AUD-00001350,2026-05-03 18:40:41,PH-002,EMP-0025,Sale,transaction,TXN-0001350,CREATE,,Completed,,POS,True
AUD-00001351,2026-05-23 08:48:30,PH-004,EMP-0067,Sale,transaction,TXN-0001351,CREATE,,Completed,,POS,True
AUD-00001352,2026-07-30 15:23:12,PH-002,EMP-0025,Sale,transaction,TXN-0001352,CREATE,,Completed,,POS,True
AUD-00001353,2026-07-21 13:49:12,PH-002,EMP-0040,Sale,transaction,TXN-0001353,CREATE,,Completed,,POS,True
AUD-00001354,2026-07-07 12:39:29,PH-002,EMP-0034,Sale,transaction,TXN-0001354,CREATE,,Completed,,POS,True
AUD-00001355,2026-05-16 16:56:53,PH-003,EMP-0047,Sale,transaction,TXN-0001355,CREATE,,Completed,,POS,True
AUD-00001356,2026-05-30 17:30:43,PH-005,EMP-0089,Sale,transaction,TXN-0001356,CREATE,,Completed,,POS,True
AUD-00001357,2026-05-17 15:05:16,PH-002,EMP-0038,Sale,transaction,TXN-0001357,CREATE,,Completed,,POS,True
AUD-00001358,2026-05-09 15:59:59,PH-002,EMP-0041,Sale,transaction,TXN-0001358,CREATE,,Completed,,POS,True
AUD-00001359,2026-06-15 10:09:53,PH-002,EMP-0041,Sale,transaction,TXN-0001359,CREATE,,Completed,,POS,True
AUD-00001360,2026-06-25 13:52:28,PH-002,EMP-0039,Sale,transaction,TXN-0001360,CREATE,,Completed,,POS,True
AUD-00001361,2026-05-20 08:23:24,PH-002,EMP-0037,Sale,transaction,TXN-0001361,CREATE,,Completed,,POS,True
AUD-00001362,2026-07-14 10:52:53,PH-001,EMP-0014,Sale,transaction,TXN-0001362,CREATE,,Completed,,POS,True
AUD-00001363,2026-05-12 10:17:31,PH-004,EMP-0085,Sale,transaction,TXN-0001363,CREATE,,Completed,,POS,True
AUD-00001364,2026-06-10 17:48:17,PH-003,EMP-0064,Sale,transaction,TXN-0001364,CREATE,,Completed,,POS,True
AUD-00001365,2026-06-03 20:54:52,PH-001,EMP-0015,Sale,transaction,TXN-0001365,CREATE,,Completed,,POS,True
AUD-00001366,2026-07-10 08:40:05,PH-001,EMP-0003,Sale,transaction,TXN-0001366,CREATE,,Completed,,POS,True
AUD-00001367,2026-05-27 19:27:08,PH-004,EMP-0085,Sale,transaction,TXN-0001367,CREATE,,Completed,,POS,True
AUD-00001368,2026-05-04 12:10:50,PH-004,EMP-0085,Sale,transaction,TXN-0001368,CREATE,,Completed,,POS,True
AUD-00001369,2026-07-17 08:49:01,PH-003,EMP-0057,Sale,transaction,TXN-0001369,CREATE,,Completed,,POS,True
AUD-00001370,2026-05-10 14:53:38,PH-002,EMP-0041,Sale,transaction,TXN-0001370,CREATE,,Completed,,POS,True
AUD-00001371,2026-07-25 10:26:41,PH-005,EMP-0091,Sale,transaction,TXN-0001371,CREATE,,Completed,,POS,True
AUD-00001372,2026-06-25 11:07:15,PH-004,EMP-0078,Sale,transaction,TXN-0001372,CREATE,,Completed,,POS,True
AUD-00001373,2026-07-01 15:44:52,PH-001,EMP-0017,Sale,transaction,TXN-0001373,CREATE,,Completed,,POS,True
AUD-00001374,2026-05-15 12:58:35,PH-002,EMP-0040,Sale,transaction,TXN-0001374,CREATE,,Completed,,POS,True
AUD-00001375,2026-06-09 13:25:04,PH-001,EMP-0003,Sale,transaction,TXN-0001375,CREATE,,Completed,,POS,True
AUD-00001376,2026-05-03 18:17:17,PH-005,EMP-0108,Sale,transaction,TXN-0001376,CREATE,,Completed,,POS,True
AUD-00001377,2026-05-10 20:14:44,PH-002,EMP-0035,Sale,transaction,TXN-0001377,CREATE,,Completed,,POS,True
AUD-00001378,2026-07-30 10:53:38,PH-001,EMP-0018,Sale,transaction,TXN-0001378,CREATE,,Completed,,POS,True
AUD-00001379,2026-07-12 18:34:12,PH-005,EMP-0091,Sale,transaction,TXN-0001379,CREATE,,Completed,,POS,True
AUD-00001380,2026-07-04 13:27:23,PH-001,EMP-0013,Sale,transaction,TXN-0001380,CREATE,,Completed,,POS,True
AUD-00001381,2026-06-20 09:56:17,PH-005,EMP-0108,Sale,transaction,TXN-0001381,CREATE,,Completed,,POS,True
AUD-00001382,2026-06-22 13:29:02,PH-001,EMP-0019,Sale,transaction,TXN-0001382,CREATE,,Completed,,POS,True
AUD-00001383,2026-06-10 20:20:04,PH-005,EMP-0104,Sale,transaction,TXN-0001383,CREATE,,Completed,,POS,True
AUD-00001384,2026-05-06 18:16:45,PH-002,EMP-0036,Sale,transaction,TXN-0001384,CREATE,,Completed,,POS,True
AUD-00001385,2026-05-02 11:55:28,PH-001,EMP-0006,Sale,transaction,TXN-0001385,CREATE,,Completed,,POS,True
AUD-00001386,2026-06-13 13:57:14,PH-003,EMP-0046,Sale,transaction,TXN-0001386,CREATE,,Completed,,POS,True
AUD-00001387,2026-05-07 10:23:22,PH-005,EMP-0091,Sale,transaction,TXN-0001387,CREATE,,Completed,,POS,True
AUD-00001388,2026-07-18 10:23:16,PH-002,EMP-0039,Sale,transaction,TXN-0001388,CREATE,,Completed,,POS,True
AUD-00001389,2026-05-18 16:12:08,PH-005,EMP-0101,Sale,transaction,TXN-0001389,CREATE,,Completed,,POS,True
AUD-00001390,2026-07-08 18:08:30,PH-005,EMP-0106,Sale,transaction,TXN-0001390,CREATE,,Completed,,POS,True
AUD-00001391,2026-05-23 09:13:10,PH-003,EMP-0061,Sale,transaction,TXN-0001391,CREATE,,Completed,,POS,True
AUD-00001392,2026-06-16 17:39:38,PH-005,EMP-0104,Sale,transaction,TXN-0001392,CREATE,,Completed,,POS,True
AUD-00001393,2026-07-22 21:15:11,PH-001,EMP-0001,Sale,transaction,TXN-0001393,CREATE,,Completed,,POS,True
AUD-00001394,2026-06-12 16:04:24,PH-005,EMP-0091,Sale,transaction,TXN-0001394,CREATE,,Completed,,POS,True
AUD-00001395,2026-07-28 09:51:08,PH-002,EMP-0038,Sale,transaction,TXN-0001395,CREATE,,Completed,,POS,True
AUD-00001396,2026-05-13 19:24:32,PH-001,EMP-0015,Sale,transaction,TXN-0001396,CREATE,,Completed,,POS,True
AUD-00001397,2026-07-06 17:04:37,PH-005,EMP-0104,Sale,transaction,TXN-0001397,CREATE,,Completed,,POS,True
AUD-00001398,2026-06-17 14:45:40,PH-002,EMP-0041,Sale,transaction,TXN-0001398,CREATE,,Completed,,POS,True
AUD-00001399,2026-07-08 19:57:47,PH-001,EMP-0014,Sale,transaction,TXN-0001399,CREATE,,Completed,,POS,True
AUD-00001400,2026-05-15 17:19:21,PH-004,EMP-0068,Sale,transaction,TXN-0001400,CREATE,,Completed,,POS,True
AUD-00001401,2026-05-21 10:11:46,PH-003,EMP-0059,Sale,transaction,TXN-0001401,CREATE,,Completed,,POS,True
AUD-00001402,2026-07-13 08:30:40,PH-002,EMP-0024,Sale,transaction,TXN-0001402,CREATE,,Completed,,POS,True
AUD-00001403,2026-05-26 12:36:24,PH-004,EMP-0085,Sale,transaction,TXN-0001403,CREATE,,Completed,,POS,True
AUD-00001404,2026-07-25 17:39:10,PH-004,EMP-0069,Sale,transaction,TXN-0001404,CREATE,,Completed,,POS,True
AUD-00001405,2026-06-16 14:31:00,PH-005,EMP-0107,Sale,transaction,TXN-0001405,CREATE,,Completed,,POS,True
AUD-00001406,2026-05-12 10:55:27,PH-003,EMP-0059,Sale,transaction,TXN-0001406,CREATE,,Completed,,POS,True
AUD-00001407,2026-05-08 21:04:45,PH-001,EMP-0002,Sale,transaction,TXN-0001407,CREATE,,Completed,,POS,True
AUD-00001408,2026-07-09 18:16:59,PH-001,EMP-0017,Sale,transaction,TXN-0001408,CREATE,,Completed,,POS,True
AUD-00001409,2026-06-19 08:11:38,PH-004,EMP-0080,Sale,transaction,TXN-0001409,CREATE,,Completed,,POS,True
AUD-00001410,2026-07-20 20:59:11,PH-003,EMP-0059,Sale,transaction,TXN-0001410,CREATE,,Completed,,POS,True
AUD-00001411,2026-07-22 18:20:28,PH-004,EMP-0080,Sale,transaction,TXN-0001411,CREATE,,Completed,,POS,True
AUD-00001412,2026-05-07 19:18:53,PH-005,EMP-0102,Sale,transaction,TXN-0001412,CREATE,,Completed,,POS,True
AUD-00001413,2026-05-06 17:42:04,PH-005,EMP-0089,Sale,transaction,TXN-0001413,CREATE,,Completed,,POS,True
AUD-00001414,2026-05-28 15:23:03,PH-004,EMP-0081,Sale,transaction,TXN-0001414,CREATE,,Completed,,POS,True
AUD-00001415,2026-05-07 20:23:08,PH-001,EMP-0013,Sale,transaction,TXN-0001415,CREATE,,Completed,,POS,True
AUD-00001416,2026-06-14 10:21:26,PH-002,EMP-0034,Sale,transaction,TXN-0001416,CREATE,,Completed,,POS,True
AUD-00001417,2026-05-12 19:30:50,PH-002,EMP-0035,Sale,transaction,TXN-0001417,CREATE,,Completed,,POS,True
AUD-00001418,2026-05-02 18:50:30,PH-002,EMP-0036,Sale,transaction,TXN-0001418,CREATE,,Completed,,POS,True
AUD-00001419,2026-07-29 09:19:21,PH-005,EMP-0101,Sale,transaction,TXN-0001419,CREATE,,Completed,,POS,True
AUD-00001420,2026-06-07 10:38:52,PH-005,EMP-0107,Sale,transaction,TXN-0001420,CREATE,,Completed,,POS,True
AUD-00001421,2026-05-07 15:09:04,PH-001,EMP-0013,Sale,transaction,TXN-0001421,CREATE,,Completed,,POS,True
AUD-00001422,2026-06-30 17:20:11,PH-003,EMP-0064,Sale,transaction,TXN-0001422,CREATE,,Completed,,POS,True
AUD-00001423,2026-05-26 11:48:22,PH-005,EMP-0090,Sale,transaction,TXN-0001423,CREATE,,Completed,,POS,True
AUD-00001424,2026-07-06 12:17:47,PH-004,EMP-0080,Sale,transaction,TXN-0001424,CREATE,,Completed,,POS,True
AUD-00001425,2026-07-19 11:09:47,PH-005,EMP-0090,Sale,transaction,TXN-0001425,CREATE,,Completed,,POS,True
AUD-00001426,2026-05-26 16:18:02,PH-003,EMP-0057,Sale,transaction,TXN-0001426,CREATE,,Completed,,POS,True
AUD-00001427,2026-06-21 16:33:23,PH-003,EMP-0045,Sale,transaction,TXN-0001427,CREATE,,Completed,,POS,True
AUD-00001428,2026-05-16 10:09:30,PH-005,EMP-0091,Sale,transaction,TXN-0001428,CREATE,,Completed,,POS,True
AUD-00001429,2026-06-24 21:02:12,PH-002,EMP-0037,Sale,transaction,TXN-0001429,CREATE,,Completed,,POS,True
AUD-00001430,2026-07-05 11:25:19,PH-003,EMP-0057,Sale,transaction,TXN-0001430,CREATE,,Completed,,POS,True
AUD-00001431,2026-06-22 17:52:33,PH-001,EMP-0016,Sale,transaction,TXN-0001431,CREATE,,Completed,,POS,True
AUD-00001432,2026-05-14 13:01:57,PH-003,EMP-0045,Sale,transaction,TXN-0001432,CREATE,,Completed,,POS,True
AUD-00001433,2026-05-06 11:55:15,PH-004,EMP-0069,Sale,transaction,TXN-0001433,CREATE,,Completed,,POS,True
AUD-00001434,2026-05-07 16:51:32,PH-004,EMP-0083,Sale,transaction,TXN-0001434,CREATE,,Completed,,POS,True
AUD-00001435,2026-06-14 15:54:38,PH-002,EMP-0035,Sale,transaction,TXN-0001435,CREATE,,Completed,,POS,True
AUD-00001436,2026-07-09 10:30:02,PH-001,EMP-0012,Sale,transaction,TXN-0001436,CREATE,,Completed,,POS,True
AUD-00001437,2026-05-30 13:23:09,PH-004,EMP-0084,Sale,transaction,TXN-0001437,CREATE,,Completed,,POS,True
AUD-00001438,2026-07-15 19:25:06,PH-003,EMP-0047,Sale,transaction,TXN-0001438,CREATE,,Completed,,POS,True
AUD-00001439,2026-05-16 15:53:26,PH-001,EMP-0002,Sale,transaction,TXN-0001439,CREATE,,Completed,,POS,True
AUD-00001440,2026-05-16 15:26:23,PH-003,EMP-0063,Sale,transaction,TXN-0001440,CREATE,,Completed,,POS,True
AUD-00001441,2026-05-28 13:21:32,PH-004,EMP-0069,Sale,transaction,TXN-0001441,CREATE,,Completed,,POS,True
AUD-00001442,2026-07-09 14:28:28,PH-002,EMP-0023,Sale,transaction,TXN-0001442,CREATE,,Completed,,POS,True
AUD-00001443,2026-05-13 11:00:48,PH-004,EMP-0068,Sale,transaction,TXN-0001443,CREATE,,Completed,,POS,True
AUD-00001444,2026-06-15 15:32:01,PH-005,EMP-0100,Sale,transaction,TXN-0001444,CREATE,,Completed,,POS,True
AUD-00001445,2026-06-26 19:24:16,PH-005,EMP-0100,Sale,transaction,TXN-0001445,CREATE,,Completed,,POS,True
AUD-00001446,2026-06-14 20:13:34,PH-001,EMP-0002,Sale,transaction,TXN-0001446,CREATE,,Completed,,POS,True
AUD-00001447,2026-06-30 17:44:45,PH-005,EMP-0103,Sale,transaction,TXN-0001447,CREATE,,Completed,,POS,True
AUD-00001448,2026-06-30 20:59:56,PH-004,EMP-0083,Sale,transaction,TXN-0001448,CREATE,,Completed,,POS,True
AUD-00001449,2026-05-04 21:56:03,PH-002,EMP-0042,Sale,transaction,TXN-0001449,CREATE,,Completed,,POS,True
AUD-00001450,2026-06-10 15:44:05,PH-004,EMP-0069,Sale,transaction,TXN-0001450,CREATE,,Completed,,POS,True
AUD-00001451,2026-07-14 14:30:16,PH-005,EMP-0102,Sale,transaction,TXN-0001451,CREATE,,Completed,,POS,True
AUD-00001452,2026-07-24 13:26:53,PH-001,EMP-0013,Sale,transaction,TXN-0001452,CREATE,,Completed,,POS,True
AUD-00001453,2026-06-24 10:15:44,PH-003,EMP-0047,Sale,transaction,TXN-0001453,CREATE,,Completed,,POS,True
AUD-00001454,2026-07-13 08:55:23,PH-003,EMP-0061,Sale,transaction,TXN-0001454,CREATE,,Completed,,POS,True
AUD-00001455,2026-06-23 11:15:12,PH-005,EMP-0100,Sale,transaction,TXN-0001455,CREATE,,Completed,,POS,True
AUD-00001456,2026-05-07 12:33:34,PH-005,EMP-0089,Sale,transaction,TXN-0001456,CREATE,,Completed,,POS,True
AUD-00001457,2026-07-27 17:06:38,PH-005,EMP-0091,Sale,transaction,TXN-0001457,CREATE,,Completed,,POS,True
AUD-00001458,2026-06-27 09:37:57,PH-003,EMP-0046,Sale,transaction,TXN-0001458,CREATE,,Completed,,POS,True
AUD-00001459,2026-05-13 10:04:07,PH-002,EMP-0034,Sale,transaction,TXN-0001459,CREATE,,Completed,,POS,True
AUD-00001460,2026-06-18 10:49:16,PH-003,EMP-0046,Sale,transaction,TXN-0001460,CREATE,,Completed,,POS,True
AUD-00001461,2026-07-22 12:36:11,PH-004,EMP-0085,Sale,transaction,TXN-0001461,CREATE,,Completed,,POS,True
AUD-00001462,2026-06-01 19:36:37,PH-002,EMP-0040,Sale,transaction,TXN-0001462,CREATE,,Completed,,POS,True
AUD-00001463,2026-06-19 09:01:49,PH-004,EMP-0080,Sale,transaction,TXN-0001463,CREATE,,Completed,,POS,True
AUD-00001464,2026-06-04 13:59:02,PH-004,EMP-0081,Sale,transaction,TXN-0001464,CREATE,,Completed,,POS,True
AUD-00001465,2026-06-17 10:18:21,PH-004,EMP-0067,Sale,transaction,TXN-0001465,CREATE,,Completed,,POS,True
AUD-00001466,2026-07-01 13:31:07,PH-002,EMP-0041,Sale,transaction,TXN-0001466,CREATE,,Completed,,POS,True
AUD-00001467,2026-07-02 09:26:56,PH-002,EMP-0041,Sale,transaction,TXN-0001467,CREATE,,Completed,,POS,True
AUD-00001468,2026-07-18 15:10:04,PH-002,EMP-0040,Sale,transaction,TXN-0001468,CREATE,,Completed,,POS,True
AUD-00001469,2026-05-14 10:06:23,PH-002,EMP-0037,Sale,transaction,TXN-0001469,CREATE,,Completed,,POS,True
AUD-00001470,2026-07-06 19:28:57,PH-002,EMP-0041,Sale,transaction,TXN-0001470,CREATE,,Completed,,POS,True
AUD-00001471,2026-07-17 08:43:11,PH-004,EMP-0086,Sale,transaction,TXN-0001471,CREATE,,Completed,,POS,True
AUD-00001472,2026-07-30 14:46:18,PH-002,EMP-0025,Sale,transaction,TXN-0001472,CREATE,,Completed,,POS,True
AUD-00001473,2026-06-12 17:56:05,PH-005,EMP-0106,Sale,transaction,TXN-0001473,CREATE,,Completed,,POS,True
AUD-00001474,2026-05-25 09:58:02,PH-001,EMP-0003,Sale,transaction,TXN-0001474,CREATE,,Completed,,POS,True
AUD-00001475,2026-06-26 08:51:15,PH-003,EMP-0059,Sale,transaction,TXN-0001475,CREATE,,Completed,,POS,True
AUD-00001476,2026-05-24 15:15:25,PH-002,EMP-0025,Sale,transaction,TXN-0001476,CREATE,,Completed,,POS,True
AUD-00001477,2026-05-06 17:53:55,PH-005,EMP-0100,Sale,transaction,TXN-0001477,CREATE,,Completed,,POS,True
AUD-00001478,2026-05-03 15:06:29,PH-001,EMP-0016,Sale,transaction,TXN-0001478,CREATE,,Completed,,POS,True
AUD-00001479,2026-06-09 18:15:28,PH-004,EMP-0083,Sale,transaction,TXN-0001479,CREATE,,Completed,,POS,True
AUD-00001480,2026-05-17 13:53:05,PH-005,EMP-0108,Sale,transaction,TXN-0001480,CREATE,,Completed,,POS,True
AUD-00001481,2026-05-24 17:21:50,PH-005,EMP-0108,Sale,transaction,TXN-0001481,CREATE,,Completed,,POS,True
AUD-00001482,2026-05-23 13:47:02,PH-001,EMP-0006,Sale,transaction,TXN-0001482,CREATE,,Completed,,POS,True
AUD-00001483,2026-07-30 20:41:19,PH-004,EMP-0082,Sale,transaction,TXN-0001483,CREATE,,Completed,,POS,True
AUD-00001484,2026-06-11 19:26:30,PH-004,EMP-0083,Sale,transaction,TXN-0001484,CREATE,,Completed,,POS,True
AUD-00001485,2026-06-23 08:11:29,PH-005,EMP-0091,Sale,transaction,TXN-0001485,CREATE,,Completed,,POS,True
AUD-00001486,2026-05-11 09:25:12,PH-003,EMP-0061,Sale,transaction,TXN-0001486,CREATE,,Completed,,POS,True
AUD-00001487,2026-06-09 11:50:35,PH-005,EMP-0107,Sale,transaction,TXN-0001487,CREATE,,Completed,,POS,True
AUD-00001488,2026-06-07 19:29:44,PH-005,EMP-0100,Sale,transaction,TXN-0001488,CREATE,,Completed,,POS,True
AUD-00001489,2026-07-29 12:07:47,PH-002,EMP-0023,Sale,transaction,TXN-0001489,CREATE,,Completed,,POS,True
AUD-00001490,2026-07-20 08:27:45,PH-004,EMP-0067,Sale,transaction,TXN-0001490,CREATE,,Completed,,POS,True
AUD-00001491,2026-05-18 09:25:15,PH-002,EMP-0024,Sale,transaction,TXN-0001491,CREATE,,Completed,,POS,True
AUD-00001492,2026-06-01 12:27:37,PH-002,EMP-0025,Sale,transaction,TXN-0001492,CREATE,,Completed,,POS,True
AUD-00001493,2026-06-11 11:13:32,PH-004,EMP-0085,Sale,transaction,TXN-0001493,CREATE,,Completed,,POS,True
AUD-00001494,2026-07-07 20:43:56,PH-001,EMP-0013,Sale,transaction,TXN-0001494,CREATE,,Completed,,POS,True
AUD-00001495,2026-06-05 08:52:39,PH-004,EMP-0067,Sale,transaction,TXN-0001495,CREATE,,Completed,,POS,True
AUD-00001496,2026-05-18 11:19:54,PH-004,EMP-0067,Sale,transaction,TXN-0001496,CREATE,,Completed,,POS,True
AUD-00001497,2026-07-06 11:06:25,PH-005,EMP-0106,Sale,transaction,TXN-0001497,CREATE,,Completed,,POS,True
AUD-00001498,2026-07-30 08:23:15,PH-005,EMP-0107,Sale,transaction,TXN-0001498,CREATE,,Completed,,POS,True
AUD-00001499,2026-05-01 08:06:57,PH-001,EMP-0017,Sale,transaction,TXN-0001499,CREATE,,Completed,,POS,True
AUD-00001500,2026-07-26 15:48:19,PH-005,EMP-0103,Sale,transaction,TXN-0001500,CREATE,,Completed,,POS,True
AUD-00001501,2026-05-13 14:48:14,PH-004,EMP-0086,Sale,transaction,TXN-0001501,CREATE,,Completed,,POS,True
AUD-00001502,2026-06-30 08:18:10,PH-005,EMP-0107,Sale,transaction,TXN-0001502,CREATE,,Completed,,POS,True
AUD-00001503,2026-07-30 16:34:42,PH-004,EMP-0083,Sale,transaction,TXN-0001503,CREATE,,Completed,,POS,True
AUD-00001504,2026-06-09 09:05:29,PH-003,EMP-0062,Sale,transaction,TXN-0001504,CREATE,,Completed,,POS,True
AUD-00001505,2026-07-29 21:14:09,PH-001,EMP-0002,Sale,transaction,TXN-0001505,CREATE,,Completed,,POS,True
AUD-00001506,2026-05-02 08:59:31,PH-001,EMP-0003,Sale,transaction,TXN-0001506,CREATE,,Completed,,POS,True
AUD-00001507,2026-07-10 20:08:32,PH-001,EMP-0003,Sale,transaction,TXN-0001507,CREATE,,Completed,,POS,True
AUD-00001508,2026-07-29 15:22:37,PH-002,EMP-0040,Sale,transaction,TXN-0001508,CREATE,,Completed,,POS,True
AUD-00001509,2026-07-13 17:40:52,PH-002,EMP-0025,Sale,transaction,TXN-0001509,CREATE,,Completed,,POS,True
AUD-00001510,2026-05-29 21:45:37,PH-005,EMP-0101,Sale,transaction,TXN-0001510,CREATE,,Completed,,POS,True
AUD-00001511,2026-05-07 12:17:31,PH-001,EMP-0002,Sale,transaction,TXN-0001511,CREATE,,Completed,,POS,True
AUD-00001512,2026-07-29 16:18:06,PH-001,EMP-0003,Sale,transaction,TXN-0001512,CREATE,,Completed,,POS,True
AUD-00001513,2026-05-13 18:27:05,PH-002,EMP-0037,Sale,transaction,TXN-0001513,CREATE,,Completed,,POS,True
AUD-00001514,2026-07-19 13:47:26,PH-001,EMP-0018,Sale,transaction,TXN-0001514,CREATE,,Completed,,POS,True
AUD-00001515,2026-06-14 10:23:19,PH-005,EMP-0089,Sale,transaction,TXN-0001515,CREATE,,Completed,,POS,True
AUD-00001516,2026-05-16 08:17:13,PH-005,EMP-0091,Sale,transaction,TXN-0001516,CREATE,,Completed,,POS,True
AUD-00001517,2026-05-27 10:29:22,PH-002,EMP-0039,Sale,transaction,TXN-0001517,CREATE,,Completed,,POS,True
AUD-00001518,2026-06-17 18:40:40,PH-001,EMP-0006,Sale,transaction,TXN-0001518,CREATE,,Completed,,POS,True
AUD-00001519,2026-06-17 18:55:33,PH-004,EMP-0068,Sale,transaction,TXN-0001519,CREATE,,Completed,,POS,True
AUD-00001520,2026-05-02 14:59:43,PH-004,EMP-0085,Sale,transaction,TXN-0001520,CREATE,,Completed,,POS,True
AUD-00001521,2026-07-16 16:20:58,PH-005,EMP-0089,Sale,transaction,TXN-0001521,CREATE,,Completed,,POS,True
AUD-00001522,2026-07-11 09:53:40,PH-003,EMP-0063,Sale,transaction,TXN-0001522,CREATE,,Completed,,POS,True
AUD-00001523,2026-05-12 16:46:52,PH-001,EMP-0012,Sale,transaction,TXN-0001523,CREATE,,Completed,,POS,True
AUD-00001524,2026-05-23 14:00:25,PH-003,EMP-0058,Sale,transaction,TXN-0001524,CREATE,,Completed,,POS,True
AUD-00001525,2026-06-12 10:59:09,PH-005,EMP-0106,Sale,transaction,TXN-0001525,CREATE,,Completed,,POS,True
AUD-00001526,2026-07-01 16:46:59,PH-001,EMP-0019,Sale,transaction,TXN-0001526,CREATE,,Completed,,POS,True
AUD-00001527,2026-05-25 18:30:24,PH-005,EMP-0102,Sale,transaction,TXN-0001527,CREATE,,Completed,,POS,True
AUD-00001528,2026-06-14 13:49:55,PH-005,EMP-0091,Sale,transaction,TXN-0001528,CREATE,,Completed,,POS,True
AUD-00001529,2026-05-27 10:55:54,PH-005,EMP-0103,Sale,transaction,TXN-0001529,CREATE,,Completed,,POS,True
AUD-00001530,2026-05-26 18:43:36,PH-001,EMP-0017,Sale,transaction,TXN-0001530,CREATE,,Completed,,POS,True
AUD-00001531,2026-06-17 11:34:46,PH-004,EMP-0081,Sale,transaction,TXN-0001531,CREATE,,Completed,,POS,True
AUD-00001532,2026-06-04 09:05:40,PH-001,EMP-0016,Sale,transaction,TXN-0001532,CREATE,,Completed,,POS,True
AUD-00001533,2026-05-09 17:08:31,PH-005,EMP-0102,Sale,transaction,TXN-0001533,CREATE,,Completed,,POS,True
AUD-00001534,2026-06-28 11:20:07,PH-001,EMP-0015,Sale,transaction,TXN-0001534,CREATE,,Completed,,POS,True
AUD-00001535,2026-06-26 12:21:15,PH-004,EMP-0086,Sale,transaction,TXN-0001535,CREATE,,Completed,,POS,True
AUD-00001536,2026-07-27 17:10:12,PH-002,EMP-0038,Sale,transaction,TXN-0001536,CREATE,,Completed,,POS,True
AUD-00001537,2026-06-10 14:41:01,PH-001,EMP-0013,Sale,transaction,TXN-0001537,CREATE,,Completed,,POS,True
AUD-00001538,2026-06-22 08:58:01,PH-002,EMP-0042,Sale,transaction,TXN-0001538,CREATE,,Completed,,POS,True
AUD-00001539,2026-06-23 08:01:17,PH-004,EMP-0082,Sale,transaction,TXN-0001539,CREATE,,Completed,,POS,True
AUD-00001540,2026-05-23 10:22:22,PH-002,EMP-0041,Sale,transaction,TXN-0001540,CREATE,,Completed,,POS,True
AUD-00001541,2026-05-02 17:40:46,PH-002,EMP-0039,Sale,transaction,TXN-0001541,CREATE,,Completed,,POS,True
AUD-00001542,2026-06-08 11:30:45,PH-002,EMP-0036,Sale,transaction,TXN-0001542,CREATE,,Completed,,POS,True
AUD-00001543,2026-07-06 15:40:15,PH-003,EMP-0059,Sale,transaction,TXN-0001543,CREATE,,Completed,,POS,True
AUD-00001544,2026-06-04 14:29:54,PH-004,EMP-0083,Sale,transaction,TXN-0001544,CREATE,,Completed,,POS,True
AUD-00001545,2026-06-26 13:55:32,PH-001,EMP-0015,Sale,transaction,TXN-0001545,CREATE,,Completed,,POS,True
AUD-00001546,2026-06-17 14:48:14,PH-005,EMP-0107,Sale,transaction,TXN-0001546,CREATE,,Completed,,POS,True
AUD-00001547,2026-05-02 20:34:44,PH-003,EMP-0063,Sale,transaction,TXN-0001547,CREATE,,Completed,,POS,True
AUD-00001548,2026-05-27 16:56:54,PH-004,EMP-0086,Sale,transaction,TXN-0001548,CREATE,,Completed,,POS,True
AUD-00001549,2026-07-23 10:09:17,PH-004,EMP-0081,Sale,transaction,TXN-0001549,CREATE,,Completed,,POS,True
AUD-00001550,2026-06-15 08:56:22,PH-002,EMP-0040,Sale,transaction,TXN-0001550,CREATE,,Completed,,POS,True
AUD-00001551,2026-05-15 13:43:48,PH-002,EMP-0039,Sale,transaction,TXN-0001551,CREATE,,Completed,,POS,True
AUD-00001552,2026-06-16 19:10:47,PH-001,EMP-0020,Sale,transaction,TXN-0001552,CREATE,,Completed,,POS,True
AUD-00001553,2026-06-16 21:41:42,PH-005,EMP-0105,Sale,transaction,TXN-0001553,CREATE,,Completed,,POS,True
AUD-00001554,2026-05-17 21:24:47,PH-002,EMP-0039,Sale,transaction,TXN-0001554,CREATE,,Completed,,POS,True
AUD-00001555,2026-05-14 08:44:40,PH-004,EMP-0069,Sale,transaction,TXN-0001555,CREATE,,Completed,,POS,True
AUD-00001556,2026-06-10 10:47:54,PH-005,EMP-0101,Sale,transaction,TXN-0001556,CREATE,,Completed,,POS,True
AUD-00001557,2026-07-22 21:16:49,PH-003,EMP-0058,Sale,transaction,TXN-0001557,CREATE,,Completed,,POS,True
AUD-00001558,2026-07-10 16:12:18,PH-002,EMP-0040,Sale,transaction,TXN-0001558,CREATE,,Completed,,POS,True
AUD-00001559,2026-07-09 20:09:48,PH-005,EMP-0108,Sale,transaction,TXN-0001559,CREATE,,Completed,,POS,True
AUD-00001560,2026-05-10 13:10:07,PH-002,EMP-0024,Sale,transaction,TXN-0001560,CREATE,,Completed,,POS,True
AUD-00001561,2026-05-01 20:47:26,PH-004,EMP-0069,Sale,transaction,TXN-0001561,CREATE,,Completed,,POS,True
AUD-00001562,2026-07-19 20:04:52,PH-001,EMP-0019,Sale,transaction,TXN-0001562,CREATE,,Completed,,POS,True
AUD-00001563,2026-07-09 08:10:39,PH-003,EMP-0060,Sale,transaction,TXN-0001563,CREATE,,Completed,,POS,True
AUD-00001564,2026-05-08 11:48:33,PH-003,EMP-0061,Sale,transaction,TXN-0001564,CREATE,,Completed,,POS,True
AUD-00001565,2026-06-16 17:38:32,PH-004,EMP-0084,Sale,transaction,TXN-0001565,CREATE,,Completed,,POS,True
AUD-00001566,2026-06-17 20:15:54,PH-001,EMP-0006,Sale,transaction,TXN-0001566,CREATE,,Completed,,POS,True
AUD-00001567,2026-07-05 14:58:16,PH-002,EMP-0037,Sale,transaction,TXN-0001567,CREATE,,Completed,,POS,True
AUD-00001568,2026-07-13 18:20:01,PH-002,EMP-0041,Sale,transaction,TXN-0001568,CREATE,,Completed,,POS,True
AUD-00001569,2026-07-01 12:52:32,PH-005,EMP-0100,Sale,transaction,TXN-0001569,CREATE,,Completed,,POS,True
AUD-00001570,2026-05-08 20:46:56,PH-005,EMP-0101,Sale,transaction,TXN-0001570,CREATE,,Completed,,POS,True
AUD-00001571,2026-06-20 12:13:56,PH-004,EMP-0082,Sale,transaction,TXN-0001571,CREATE,,Completed,,POS,True
AUD-00001572,2026-06-25 17:01:16,PH-003,EMP-0064,Sale,transaction,TXN-0001572,CREATE,,Completed,,POS,True
AUD-00001573,2026-06-26 16:05:45,PH-005,EMP-0108,Sale,transaction,TXN-0001573,CREATE,,Completed,,POS,True
AUD-00001574,2026-05-14 09:43:02,PH-003,EMP-0045,Sale,transaction,TXN-0001574,CREATE,,Completed,,POS,True
AUD-00001575,2026-06-28 21:14:38,PH-002,EMP-0038,Sale,transaction,TXN-0001575,CREATE,,Completed,,POS,True
AUD-00001576,2026-06-03 18:11:30,PH-001,EMP-0015,Sale,transaction,TXN-0001576,CREATE,,Completed,,POS,True
AUD-00001577,2026-05-11 11:01:11,PH-002,EMP-0025,Sale,transaction,TXN-0001577,CREATE,,Completed,,POS,True
AUD-00001578,2026-05-03 10:45:56,PH-001,EMP-0019,Sale,transaction,TXN-0001578,CREATE,,Completed,,POS,True
AUD-00001579,2026-05-31 08:54:19,PH-005,EMP-0104,Sale,transaction,TXN-0001579,CREATE,,Completed,,POS,True
AUD-00001580,2026-07-06 12:17:22,PH-003,EMP-0046,Sale,transaction,TXN-0001580,CREATE,,Completed,,POS,True
AUD-00001581,2026-06-04 12:20:37,PH-004,EMP-0079,Sale,transaction,TXN-0001581,CREATE,,Completed,,POS,True
AUD-00001582,2026-07-16 10:35:07,PH-003,EMP-0056,Sale,transaction,TXN-0001582,CREATE,,Completed,,POS,True
AUD-00001583,2026-05-30 10:50:50,PH-005,EMP-0107,Sale,transaction,TXN-0001583,CREATE,,Completed,,POS,True
AUD-00001584,2026-05-12 18:36:46,PH-003,EMP-0045,Sale,transaction,TXN-0001584,CREATE,,Completed,,POS,True
AUD-00001585,2026-07-27 15:29:55,PH-004,EMP-0069,Sale,transaction,TXN-0001585,CREATE,,Completed,,POS,True
AUD-00001586,2026-07-24 12:08:20,PH-001,EMP-0019,Sale,transaction,TXN-0001586,CREATE,,Completed,,POS,True
AUD-00001587,2026-05-02 17:01:15,PH-004,EMP-0086,Sale,transaction,TXN-0001587,CREATE,,Completed,,POS,True
AUD-00001588,2026-07-06 15:12:05,PH-001,EMP-0002,Sale,transaction,TXN-0001588,CREATE,,Completed,,POS,True
AUD-00001589,2026-07-17 18:13:33,PH-001,EMP-0015,Sale,transaction,TXN-0001589,CREATE,,Completed,,POS,True
AUD-00001590,2026-06-29 09:51:58,PH-001,EMP-0017,Sale,transaction,TXN-0001590,CREATE,,Completed,,POS,True
AUD-00001591,2026-06-12 21:25:27,PH-005,EMP-0090,Sale,transaction,TXN-0001591,CREATE,,Completed,,POS,True
AUD-00001592,2026-05-22 21:51:56,PH-003,EMP-0060,Sale,transaction,TXN-0001592,CREATE,,Completed,,POS,True
AUD-00001593,2026-07-22 18:59:36,PH-003,EMP-0046,Sale,transaction,TXN-0001593,CREATE,,Completed,,POS,True
AUD-00001594,2026-05-19 17:37:08,PH-004,EMP-0081,Sale,transaction,TXN-0001594,CREATE,,Completed,,POS,True
AUD-00001595,2026-06-13 21:07:46,PH-005,EMP-0105,Sale,transaction,TXN-0001595,CREATE,,Completed,,POS,True
AUD-00001596,2026-06-23 13:07:37,PH-004,EMP-0069,Sale,transaction,TXN-0001596,CREATE,,Completed,,POS,True
AUD-00001597,2026-06-19 08:23:08,PH-003,EMP-0046,Sale,transaction,TXN-0001597,CREATE,,Completed,,POS,True
AUD-00001598,2026-05-07 18:25:24,PH-003,EMP-0045,Sale,transaction,TXN-0001598,CREATE,,Completed,,POS,True
AUD-00001599,2026-06-19 14:18:54,PH-005,EMP-0102,Sale,transaction,TXN-0001599,CREATE,,Completed,,POS,True
AUD-00001600,2026-06-13 11:06:21,PH-004,EMP-0080,Sale,transaction,TXN-0001600,CREATE,,Completed,,POS,True
AUD-00001601,2026-06-20 13:01:54,PH-004,EMP-0081,Sale,transaction,TXN-0001601,CREATE,,Completed,,POS,True
AUD-00001602,2026-06-22 21:25:07,PH-003,EMP-0061,Sale,transaction,TXN-0001602,CREATE,,Completed,,POS,True
AUD-00001603,2026-05-24 19:11:02,PH-002,EMP-0023,Sale,transaction,TXN-0001603,CREATE,,Completed,,POS,True
AUD-00001604,2026-07-22 09:20:20,PH-005,EMP-0102,Sale,transaction,TXN-0001604,CREATE,,Completed,,POS,True
AUD-00001605,2026-07-17 10:20:35,PH-003,EMP-0057,Sale,transaction,TXN-0001605,CREATE,,Completed,,POS,True
AUD-00001606,2026-06-28 16:06:30,PH-004,EMP-0078,Sale,transaction,TXN-0001606,CREATE,,Completed,,POS,True
AUD-00001607,2026-05-25 18:35:41,PH-003,EMP-0058,Sale,transaction,TXN-0001607,CREATE,,Completed,,POS,True
AUD-00001608,2026-07-02 08:44:51,PH-005,EMP-0102,Sale,transaction,TXN-0001608,CREATE,,Completed,,POS,True
AUD-00001609,2026-06-12 10:36:24,PH-003,EMP-0064,Sale,transaction,TXN-0001609,CREATE,,Completed,,POS,True
AUD-00001610,2026-07-04 11:51:47,PH-005,EMP-0089,Sale,transaction,TXN-0001610,CREATE,,Completed,,POS,True
AUD-00001611,2026-06-05 11:04:45,PH-004,EMP-0086,Sale,transaction,TXN-0001611,CREATE,,Completed,,POS,True
AUD-00001612,2026-05-03 11:29:21,PH-004,EMP-0069,Sale,transaction,TXN-0001612,CREATE,,Completed,,POS,True
AUD-00001613,2026-05-23 11:08:30,PH-005,EMP-0103,Sale,transaction,TXN-0001613,CREATE,,Completed,,POS,True
AUD-00001614,2026-06-20 09:40:33,PH-005,EMP-0089,Sale,transaction,TXN-0001614,CREATE,,Completed,,POS,True
AUD-00001615,2026-05-04 15:22:04,PH-002,EMP-0024,Sale,transaction,TXN-0001615,CREATE,,Completed,,POS,True
AUD-00001616,2026-05-30 11:28:35,PH-001,EMP-0002,Sale,transaction,TXN-0001616,CREATE,,Completed,,POS,True
AUD-00001617,2026-05-04 08:22:29,PH-002,EMP-0025,Sale,transaction,TXN-0001617,CREATE,,Completed,,POS,True
AUD-00001618,2026-07-05 09:20:25,PH-002,EMP-0023,Sale,transaction,TXN-0001618,CREATE,,Completed,,POS,True
AUD-00001619,2026-06-30 20:57:13,PH-002,EMP-0037,Sale,transaction,TXN-0001619,CREATE,,Completed,,POS,True
AUD-00001620,2026-07-10 11:15:04,PH-005,EMP-0100,Sale,transaction,TXN-0001620,CREATE,,Completed,,POS,True
AUD-00001621,2026-05-12 16:58:35,PH-001,EMP-0001,Sale,transaction,TXN-0001621,CREATE,,Completed,,POS,True
AUD-00001622,2026-06-03 21:01:38,PH-001,EMP-0017,Sale,transaction,TXN-0001622,CREATE,,Completed,,POS,True
AUD-00001623,2026-07-23 19:59:12,PH-005,EMP-0108,Sale,transaction,TXN-0001623,CREATE,,Completed,,POS,True
AUD-00001624,2026-06-01 19:21:27,PH-004,EMP-0079,Sale,transaction,TXN-0001624,CREATE,,Completed,,POS,True
AUD-00001625,2026-05-20 14:17:19,PH-003,EMP-0058,Sale,transaction,TXN-0001625,CREATE,,Completed,,POS,True
AUD-00001626,2026-07-19 17:43:32,PH-002,EMP-0025,Sale,transaction,TXN-0001626,CREATE,,Completed,,POS,True
AUD-00001627,2026-07-21 09:52:25,PH-002,EMP-0040,Sale,transaction,TXN-0001627,CREATE,,Completed,,POS,True
AUD-00001628,2026-05-04 13:44:29,PH-004,EMP-0084,Sale,transaction,TXN-0001628,CREATE,,Completed,,POS,True
AUD-00001629,2026-05-15 20:00:51,PH-001,EMP-0018,Sale,transaction,TXN-0001629,CREATE,,Completed,,POS,True
AUD-00001630,2026-06-06 18:03:38,PH-002,EMP-0042,Sale,transaction,TXN-0001630,CREATE,,Completed,,POS,True
AUD-00001631,2026-05-15 11:19:35,PH-003,EMP-0056,Sale,transaction,TXN-0001631,CREATE,,Completed,,POS,True
AUD-00001632,2026-05-24 11:41:37,PH-004,EMP-0086,Sale,transaction,TXN-0001632,CREATE,,Completed,,POS,True
AUD-00001633,2026-07-14 20:23:55,PH-001,EMP-0018,Sale,transaction,TXN-0001633,CREATE,,Completed,,POS,True
AUD-00001634,2026-07-10 13:12:38,PH-005,EMP-0104,Sale,transaction,TXN-0001634,CREATE,,Completed,,POS,True
AUD-00001635,2026-07-18 11:39:52,PH-004,EMP-0067,Sale,transaction,TXN-0001635,CREATE,,Completed,,POS,True
AUD-00001636,2026-07-28 17:40:31,PH-002,EMP-0025,Sale,transaction,TXN-0001636,CREATE,,Completed,,POS,True
AUD-00001637,2026-07-07 21:21:36,PH-002,EMP-0042,Sale,transaction,TXN-0001637,CREATE,,Completed,,POS,True
AUD-00001638,2026-07-29 14:07:40,PH-005,EMP-0102,Sale,transaction,TXN-0001638,CREATE,,Completed,,POS,True
AUD-00001639,2026-06-06 17:46:39,PH-004,EMP-0078,Sale,transaction,TXN-0001639,CREATE,,Completed,,POS,True
AUD-00001640,2026-07-07 08:35:25,PH-005,EMP-0103,Sale,transaction,TXN-0001640,CREATE,,Completed,,POS,True
AUD-00001641,2026-05-26 15:52:01,PH-001,EMP-0012,Sale,transaction,TXN-0001641,CREATE,,Completed,,POS,True
AUD-00001642,2026-07-28 10:04:48,PH-002,EMP-0037,Sale,transaction,TXN-0001642,CREATE,,Completed,,POS,True
AUD-00001643,2026-06-11 21:01:55,PH-004,EMP-0078,Sale,transaction,TXN-0001643,CREATE,,Completed,,POS,True
AUD-00001644,2026-07-31 14:12:53,PH-003,EMP-0058,Sale,transaction,TXN-0001644,CREATE,,Completed,,POS,True
AUD-00001645,2026-07-02 08:36:51,PH-003,EMP-0058,Sale,transaction,TXN-0001645,CREATE,,Completed,,POS,True
AUD-00001646,2026-06-30 08:10:20,PH-005,EMP-0101,Sale,transaction,TXN-0001646,CREATE,,Completed,,POS,True
AUD-00001647,2026-07-19 15:50:35,PH-004,EMP-0081,Sale,transaction,TXN-0001647,CREATE,,Completed,,POS,True
AUD-00001648,2026-06-21 19:13:26,PH-001,EMP-0001,Sale,transaction,TXN-0001648,CREATE,,Completed,,POS,True
AUD-00001649,2026-06-03 08:42:19,PH-001,EMP-0019,Sale,transaction,TXN-0001649,CREATE,,Completed,,POS,True
AUD-00001650,2026-05-16 12:31:26,PH-005,EMP-0105,Sale,transaction,TXN-0001650,CREATE,,Completed,,POS,True
AUD-00001651,2026-05-05 10:37:52,PH-002,EMP-0038,Sale,transaction,TXN-0001651,CREATE,,Completed,,POS,True
AUD-00001652,2026-06-02 10:08:38,PH-002,EMP-0034,Sale,transaction,TXN-0001652,CREATE,,Completed,,POS,True
AUD-00001653,2026-07-24 08:30:04,PH-002,EMP-0034,Sale,transaction,TXN-0001653,CREATE,,Completed,,POS,True
AUD-00001654,2026-07-20 14:44:11,PH-003,EMP-0063,Sale,transaction,TXN-0001654,CREATE,,Completed,,POS,True
AUD-00001655,2026-05-01 13:23:31,PH-004,EMP-0086,Sale,transaction,TXN-0001655,CREATE,,Completed,,POS,True
AUD-00001656,2026-06-12 12:09:39,PH-003,EMP-0059,Sale,transaction,TXN-0001656,CREATE,,Completed,,POS,True
AUD-00001657,2026-07-04 18:27:00,PH-001,EMP-0001,Sale,transaction,TXN-0001657,CREATE,,Completed,,POS,True
AUD-00001658,2026-07-02 11:17:05,PH-004,EMP-0082,Sale,transaction,TXN-0001658,CREATE,,Completed,,POS,True
AUD-00001659,2026-07-06 20:32:24,PH-003,EMP-0046,Sale,transaction,TXN-0001659,CREATE,,Completed,,POS,True
AUD-00001660,2026-07-13 16:09:22,PH-002,EMP-0034,Sale,transaction,TXN-0001660,CREATE,,Completed,,POS,True
AUD-00001661,2026-06-28 13:45:19,PH-001,EMP-0014,Sale,transaction,TXN-0001661,CREATE,,Completed,,POS,True
AUD-00001662,2026-05-07 12:27:15,PH-003,EMP-0058,Sale,transaction,TXN-0001662,CREATE,,Completed,,POS,True
AUD-00001663,2026-07-08 18:58:18,PH-002,EMP-0039,Sale,transaction,TXN-0001663,CREATE,,Completed,,POS,True
AUD-00001664,2026-07-24 17:43:02,PH-002,EMP-0023,Sale,transaction,TXN-0001664,CREATE,,Completed,,POS,True
AUD-00001665,2026-07-19 17:31:03,PH-002,EMP-0034,Sale,transaction,TXN-0001665,CREATE,,Completed,,POS,True
AUD-00001666,2026-05-15 13:31:31,PH-002,EMP-0040,Sale,transaction,TXN-0001666,CREATE,,Completed,,POS,True
AUD-00001667,2026-05-10 11:45:56,PH-002,EMP-0023,Sale,transaction,TXN-0001667,CREATE,,Completed,,POS,True
AUD-00001668,2026-05-29 21:19:45,PH-003,EMP-0059,Sale,transaction,TXN-0001668,CREATE,,Completed,,POS,True
AUD-00001669,2026-05-19 15:06:32,PH-001,EMP-0006,Sale,transaction,TXN-0001669,CREATE,,Completed,,POS,True
AUD-00001670,2026-07-15 13:39:51,PH-005,EMP-0107,Sale,transaction,TXN-0001670,CREATE,,Completed,,POS,True
AUD-00001671,2026-07-24 11:16:31,PH-005,EMP-0105,Sale,transaction,TXN-0001671,CREATE,,Completed,,POS,True
AUD-00001672,2026-05-03 18:29:27,PH-003,EMP-0060,Sale,transaction,TXN-0001672,CREATE,,Completed,,POS,True
AUD-00001673,2026-06-14 09:16:18,PH-001,EMP-0019,Sale,transaction,TXN-0001673,CREATE,,Completed,,POS,True
AUD-00001674,2026-07-29 18:23:25,PH-005,EMP-0106,Sale,transaction,TXN-0001674,CREATE,,Completed,,POS,True
AUD-00001675,2026-06-03 11:52:54,PH-005,EMP-0104,Sale,transaction,TXN-0001675,CREATE,,Completed,,POS,True
AUD-00001676,2026-05-21 10:05:09,PH-002,EMP-0036,Sale,transaction,TXN-0001676,CREATE,,Completed,,POS,True
AUD-00001677,2026-05-25 20:13:25,PH-002,EMP-0040,Sale,transaction,TXN-0001677,CREATE,,Completed,,POS,True
AUD-00001678,2026-06-20 15:06:45,PH-001,EMP-0013,Sale,transaction,TXN-0001678,CREATE,,Completed,,POS,True
AUD-00001679,2026-06-12 17:29:28,PH-003,EMP-0059,Sale,transaction,TXN-0001679,CREATE,,Completed,,POS,True
AUD-00001680,2026-05-24 12:06:40,PH-005,EMP-0102,Sale,transaction,TXN-0001680,CREATE,,Completed,,POS,True
AUD-00001681,2026-06-23 19:06:19,PH-001,EMP-0018,Sale,transaction,TXN-0001681,CREATE,,Completed,,POS,True
AUD-00001682,2026-07-03 16:37:28,PH-005,EMP-0103,Sale,transaction,TXN-0001682,CREATE,,Completed,,POS,True
AUD-00001683,2026-05-03 12:19:20,PH-002,EMP-0037,Sale,transaction,TXN-0001683,CREATE,,Completed,,POS,True
AUD-00001684,2026-05-13 15:16:57,PH-001,EMP-0016,Sale,transaction,TXN-0001684,CREATE,,Completed,,POS,True
AUD-00001685,2026-06-15 20:17:25,PH-005,EMP-0102,Sale,transaction,TXN-0001685,CREATE,,Completed,,POS,True
AUD-00001686,2026-06-22 17:37:14,PH-002,EMP-0037,Sale,transaction,TXN-0001686,CREATE,,Completed,,POS,True
AUD-00001687,2026-06-27 08:43:38,PH-004,EMP-0082,Sale,transaction,TXN-0001687,CREATE,,Completed,,POS,True
AUD-00001688,2026-07-28 17:49:27,PH-005,EMP-0104,Sale,transaction,TXN-0001688,CREATE,,Completed,,POS,True
AUD-00001689,2026-06-05 15:27:50,PH-002,EMP-0036,Sale,transaction,TXN-0001689,CREATE,,Completed,,POS,True
AUD-00001690,2026-06-24 08:27:31,PH-005,EMP-0090,Sale,transaction,TXN-0001690,CREATE,,Completed,,POS,True
AUD-00001691,2026-06-20 14:06:50,PH-003,EMP-0056,Sale,transaction,TXN-0001691,CREATE,,Completed,,POS,True
AUD-00001692,2026-06-09 09:20:46,PH-005,EMP-0103,Sale,transaction,TXN-0001692,CREATE,,Completed,,POS,True
AUD-00001693,2026-07-27 10:00:22,PH-003,EMP-0045,Sale,transaction,TXN-0001693,CREATE,,Completed,,POS,True
AUD-00001694,2026-06-04 14:19:21,PH-003,EMP-0045,Sale,transaction,TXN-0001694,CREATE,,Completed,,POS,True
AUD-00001695,2026-07-16 21:52:12,PH-005,EMP-0108,Sale,transaction,TXN-0001695,CREATE,,Completed,,POS,True
AUD-00001696,2026-06-02 21:29:00,PH-003,EMP-0045,Sale,transaction,TXN-0001696,CREATE,,Completed,,POS,True
AUD-00001697,2026-05-30 10:22:44,PH-005,EMP-0100,Sale,transaction,TXN-0001697,CREATE,,Completed,,POS,True
AUD-00001698,2026-05-19 08:32:15,PH-004,EMP-0084,Sale,transaction,TXN-0001698,CREATE,,Completed,,POS,True
AUD-00001699,2026-07-11 14:18:37,PH-005,EMP-0100,Sale,transaction,TXN-0001699,CREATE,,Completed,,POS,True
AUD-00001700,2026-06-25 09:28:02,PH-001,EMP-0020,Sale,transaction,TXN-0001700,CREATE,,Completed,,POS,True
AUD-00001701,2026-07-14 09:02:53,PH-005,EMP-0102,Sale,transaction,TXN-0001701,CREATE,,Completed,,POS,True
AUD-00001702,2026-05-23 16:56:26,PH-004,EMP-0083,Sale,transaction,TXN-0001702,CREATE,,Completed,,POS,True
AUD-00001703,2026-07-27 11:27:58,PH-005,EMP-0089,Sale,transaction,TXN-0001703,CREATE,,Completed,,POS,True
AUD-00001704,2026-05-09 15:12:12,PH-002,EMP-0025,Sale,transaction,TXN-0001704,CREATE,,Completed,,POS,True
AUD-00001705,2026-06-17 19:58:16,PH-005,EMP-0108,Sale,transaction,TXN-0001705,CREATE,,Completed,,POS,True
AUD-00001706,2026-05-21 10:59:13,PH-002,EMP-0040,Sale,transaction,TXN-0001706,CREATE,,Completed,,POS,True
AUD-00001707,2026-06-06 10:22:49,PH-002,EMP-0038,Sale,transaction,TXN-0001707,CREATE,,Completed,,POS,True
AUD-00001708,2026-07-03 11:45:09,PH-001,EMP-0014,Sale,transaction,TXN-0001708,CREATE,,Completed,,POS,True
AUD-00001709,2026-05-09 08:43:56,PH-001,EMP-0017,Sale,transaction,TXN-0001709,CREATE,,Completed,,POS,True
AUD-00001710,2026-05-02 08:05:48,PH-004,EMP-0068,Sale,transaction,TXN-0001710,CREATE,,Completed,,POS,True
AUD-00001711,2026-07-21 21:33:06,PH-002,EMP-0025,Sale,transaction,TXN-0001711,CREATE,,Completed,,POS,True
AUD-00001712,2026-06-17 11:21:44,PH-001,EMP-0013,Sale,transaction,TXN-0001712,CREATE,,Completed,,POS,True
AUD-00001713,2026-06-25 13:12:16,PH-003,EMP-0058,Sale,transaction,TXN-0001713,CREATE,,Completed,,POS,True
AUD-00001714,2026-06-05 10:52:31,PH-001,EMP-0003,Sale,transaction,TXN-0001714,CREATE,,Completed,,POS,True
AUD-00001715,2026-07-01 16:41:56,PH-003,EMP-0064,Sale,transaction,TXN-0001715,CREATE,,Completed,,POS,True
AUD-00001716,2026-06-21 17:55:03,PH-003,EMP-0045,Sale,transaction,TXN-0001716,CREATE,,Completed,,POS,True
AUD-00001717,2026-05-04 16:08:35,PH-003,EMP-0056,Sale,transaction,TXN-0001717,CREATE,,Completed,,POS,True
AUD-00001718,2026-06-02 11:50:25,PH-004,EMP-0078,Sale,transaction,TXN-0001718,CREATE,,Completed,,POS,True
AUD-00001719,2026-07-29 18:43:12,PH-002,EMP-0024,Sale,transaction,TXN-0001719,CREATE,,Completed,,POS,True
AUD-00001720,2026-05-18 16:35:43,PH-004,EMP-0086,Sale,transaction,TXN-0001720,CREATE,,Completed,,POS,True
AUD-00001721,2026-07-05 21:26:57,PH-002,EMP-0037,Sale,transaction,TXN-0001721,CREATE,,Completed,,POS,True
AUD-00001722,2026-06-18 18:43:44,PH-003,EMP-0056,Sale,transaction,TXN-0001722,CREATE,,Completed,,POS,True
AUD-00001723,2026-06-16 18:55:43,PH-001,EMP-0002,Sale,transaction,TXN-0001723,CREATE,,Completed,,POS,True
AUD-00001724,2026-06-10 10:08:01,PH-005,EMP-0103,Sale,transaction,TXN-0001724,CREATE,,Completed,,POS,True
AUD-00001725,2026-06-06 09:23:04,PH-004,EMP-0082,Sale,transaction,TXN-0001725,CREATE,,Completed,,POS,True
AUD-00001726,2026-06-29 18:50:12,PH-004,EMP-0086,Sale,transaction,TXN-0001726,CREATE,,Completed,,POS,True
AUD-00001727,2026-05-04 14:07:38,PH-002,EMP-0034,Sale,transaction,TXN-0001727,CREATE,,Completed,,POS,True
AUD-00001728,2026-07-31 18:05:35,PH-001,EMP-0015,Sale,transaction,TXN-0001728,CREATE,,Completed,,POS,True
AUD-00001729,2026-07-25 14:51:19,PH-003,EMP-0061,Sale,transaction,TXN-0001729,CREATE,,Completed,,POS,True
AUD-00001730,2026-07-22 21:49:07,PH-001,EMP-0001,Sale,transaction,TXN-0001730,CREATE,,Completed,,POS,True
AUD-00001731,2026-07-24 15:59:11,PH-005,EMP-0103,Sale,transaction,TXN-0001731,CREATE,,Completed,,POS,True
AUD-00001732,2026-05-17 09:09:17,PH-003,EMP-0045,Sale,transaction,TXN-0001732,CREATE,,Completed,,POS,True
AUD-00001733,2026-06-29 08:40:55,PH-004,EMP-0069,Sale,transaction,TXN-0001733,CREATE,,Completed,,POS,True
AUD-00001734,2026-07-15 20:27:46,PH-002,EMP-0040,Sale,transaction,TXN-0001734,CREATE,,Completed,,POS,True
AUD-00001735,2026-05-26 16:15:48,PH-002,EMP-0039,Sale,transaction,TXN-0001735,CREATE,,Completed,,POS,True
AUD-00001736,2026-07-05 15:13:43,PH-005,EMP-0108,Sale,transaction,TXN-0001736,CREATE,,Completed,,POS,True
AUD-00001737,2026-05-29 19:02:01,PH-003,EMP-0047,Sale,transaction,TXN-0001737,CREATE,,Completed,,POS,True
AUD-00001738,2026-07-26 10:07:49,PH-005,EMP-0089,Sale,transaction,TXN-0001738,CREATE,,Completed,,POS,True
AUD-00001739,2026-05-09 13:42:19,PH-005,EMP-0091,Sale,transaction,TXN-0001739,CREATE,,Completed,,POS,True
AUD-00001740,2026-05-03 08:06:47,PH-005,EMP-0101,Sale,transaction,TXN-0001740,CREATE,,Completed,,POS,True
AUD-00001741,2026-07-06 16:40:32,PH-002,EMP-0024,Sale,transaction,TXN-0001741,CREATE,,Completed,,POS,True
AUD-00001742,2026-06-25 09:45:22,PH-005,EMP-0107,Sale,transaction,TXN-0001742,CREATE,,Completed,,POS,True
AUD-00001743,2026-06-05 12:17:46,PH-005,EMP-0108,Sale,transaction,TXN-0001743,CREATE,,Completed,,POS,True
AUD-00001744,2026-06-19 21:37:33,PH-005,EMP-0106,Sale,transaction,TXN-0001744,CREATE,,Completed,,POS,True
AUD-00001745,2026-07-12 13:51:13,PH-005,EMP-0090,Sale,transaction,TXN-0001745,CREATE,,Completed,,POS,True
AUD-00001746,2026-05-19 13:58:32,PH-003,EMP-0063,Sale,transaction,TXN-0001746,CREATE,,Completed,,POS,True
AUD-00001747,2026-06-03 12:30:05,PH-001,EMP-0001,Sale,transaction,TXN-0001747,CREATE,,Completed,,POS,True
AUD-00001748,2026-05-08 08:03:12,PH-004,EMP-0081,Sale,transaction,TXN-0001748,CREATE,,Completed,,POS,True
AUD-00001749,2026-05-18 20:56:17,PH-003,EMP-0047,Sale,transaction,TXN-0001749,CREATE,,Completed,,POS,True
AUD-00001750,2026-05-04 12:43:22,PH-001,EMP-0020,Sale,transaction,TXN-0001750,CREATE,,Completed,,POS,True
AUD-00001751,2026-05-09 12:37:25,PH-001,EMP-0006,Sale,transaction,TXN-0001751,CREATE,,Completed,,POS,True
AUD-00001752,2026-06-18 16:37:19,PH-001,EMP-0003,Sale,transaction,TXN-0001752,CREATE,,Completed,,POS,True
AUD-00001753,2026-05-19 18:16:43,PH-001,EMP-0012,Sale,transaction,TXN-0001753,CREATE,,Completed,,POS,True
AUD-00001754,2026-05-20 12:14:57,PH-005,EMP-0103,Sale,transaction,TXN-0001754,CREATE,,Completed,,POS,True
AUD-00001755,2026-07-05 15:20:41,PH-005,EMP-0102,Sale,transaction,TXN-0001755,CREATE,,Completed,,POS,True
AUD-00001756,2026-07-17 09:18:36,PH-003,EMP-0046,Sale,transaction,TXN-0001756,CREATE,,Completed,,POS,True
AUD-00001757,2026-06-05 17:00:55,PH-003,EMP-0061,Sale,transaction,TXN-0001757,CREATE,,Completed,,POS,True
AUD-00001758,2026-07-02 10:09:25,PH-001,EMP-0017,Sale,transaction,TXN-0001758,CREATE,,Completed,,POS,True
AUD-00001759,2026-07-15 08:04:12,PH-005,EMP-0103,Sale,transaction,TXN-0001759,CREATE,,Completed,,POS,True
AUD-00001760,2026-07-31 18:01:30,PH-004,EMP-0068,Sale,transaction,TXN-0001760,CREATE,,Completed,,POS,True
AUD-00001761,2026-06-05 17:03:30,PH-005,EMP-0089,Sale,transaction,TXN-0001761,CREATE,,Completed,,POS,True
AUD-00001762,2026-07-15 08:49:37,PH-001,EMP-0001,Sale,transaction,TXN-0001762,CREATE,,Completed,,POS,True
AUD-00001763,2026-07-05 17:33:43,PH-002,EMP-0036,Sale,transaction,TXN-0001763,CREATE,,Completed,,POS,True
AUD-00001764,2026-05-13 12:41:58,PH-003,EMP-0046,Sale,transaction,TXN-0001764,CREATE,,Completed,,POS,True
AUD-00001765,2026-07-02 19:59:23,PH-004,EMP-0081,Sale,transaction,TXN-0001765,CREATE,,Completed,,POS,True
AUD-00001766,2026-05-25 17:11:04,PH-001,EMP-0002,Sale,transaction,TXN-0001766,CREATE,,Completed,,POS,True
AUD-00001767,2026-05-13 17:42:22,PH-003,EMP-0064,Sale,transaction,TXN-0001767,CREATE,,Completed,,POS,True
AUD-00001768,2026-05-03 11:25:42,PH-003,EMP-0064,Sale,transaction,TXN-0001768,CREATE,,Completed,,POS,True
AUD-00001769,2026-06-27 16:48:12,PH-001,EMP-0014,Sale,transaction,TXN-0001769,CREATE,,Completed,,POS,True
AUD-00001770,2026-06-25 19:39:17,PH-003,EMP-0063,Sale,transaction,TXN-0001770,CREATE,,Completed,,POS,True
AUD-00001771,2026-05-04 20:10:55,PH-001,EMP-0019,Sale,transaction,TXN-0001771,CREATE,,Completed,,POS,True
AUD-00001772,2026-06-27 21:33:19,PH-001,EMP-0014,Sale,transaction,TXN-0001772,CREATE,,Completed,,POS,True
AUD-00001773,2026-07-01 20:13:19,PH-002,EMP-0041,Sale,transaction,TXN-0001773,CREATE,,Completed,,POS,True
AUD-00001774,2026-06-06 08:41:03,PH-004,EMP-0084,Sale,transaction,TXN-0001774,CREATE,,Completed,,POS,True
AUD-00001775,2026-05-15 11:21:11,PH-004,EMP-0083,Sale,transaction,TXN-0001775,CREATE,,Completed,,POS,True
AUD-00001776,2026-07-23 15:53:01,PH-001,EMP-0006,Sale,transaction,TXN-0001776,CREATE,,Completed,,POS,True
AUD-00001777,2026-06-23 18:18:02,PH-002,EMP-0024,Sale,transaction,TXN-0001777,CREATE,,Completed,,POS,True
AUD-00001778,2026-06-30 21:26:35,PH-004,EMP-0069,Sale,transaction,TXN-0001778,CREATE,,Completed,,POS,True
AUD-00001779,2026-06-11 16:41:53,PH-001,EMP-0017,Sale,transaction,TXN-0001779,CREATE,,Completed,,POS,True
AUD-00001780,2026-07-14 13:01:08,PH-001,EMP-0020,Sale,transaction,TXN-0001780,CREATE,,Completed,,POS,True
AUD-00001781,2026-07-23 20:32:21,PH-001,EMP-0015,Sale,transaction,TXN-0001781,CREATE,,Completed,,POS,True
AUD-00001782,2026-07-31 19:51:40,PH-001,EMP-0014,Sale,transaction,TXN-0001782,CREATE,,Completed,,POS,True
AUD-00001783,2026-06-30 09:11:28,PH-002,EMP-0024,Sale,transaction,TXN-0001783,CREATE,,Completed,,POS,True
AUD-00001784,2026-07-19 12:32:55,PH-004,EMP-0083,Sale,transaction,TXN-0001784,CREATE,,Completed,,POS,True
AUD-00001785,2026-06-27 17:10:25,PH-005,EMP-0090,Sale,transaction,TXN-0001785,CREATE,,Completed,,POS,True
AUD-00001786,2026-06-06 20:32:38,PH-003,EMP-0060,Sale,transaction,TXN-0001786,CREATE,,Completed,,POS,True
AUD-00001787,2026-07-16 21:39:36,PH-001,EMP-0003,Sale,transaction,TXN-0001787,CREATE,,Completed,,POS,True
AUD-00001788,2026-05-16 11:43:50,PH-001,EMP-0001,Sale,transaction,TXN-0001788,CREATE,,Completed,,POS,True
AUD-00001789,2026-07-12 09:50:04,PH-001,EMP-0006,Sale,transaction,TXN-0001789,CREATE,,Completed,,POS,True
AUD-00001790,2026-07-28 13:26:36,PH-001,EMP-0001,Sale,transaction,TXN-0001790,CREATE,,Completed,,POS,True
AUD-00001791,2026-05-26 20:48:57,PH-004,EMP-0081,Sale,transaction,TXN-0001791,CREATE,,Completed,,POS,True
AUD-00001792,2026-06-01 16:03:21,PH-002,EMP-0035,Sale,transaction,TXN-0001792,CREATE,,Completed,,POS,True
AUD-00001793,2026-07-09 15:45:45,PH-004,EMP-0083,Sale,transaction,TXN-0001793,CREATE,,Completed,,POS,True
AUD-00001794,2026-06-17 13:49:41,PH-002,EMP-0041,Sale,transaction,TXN-0001794,CREATE,,Completed,,POS,True
AUD-00001795,2026-06-01 15:04:34,PH-005,EMP-0090,Sale,transaction,TXN-0001795,CREATE,,Completed,,POS,True
AUD-00001796,2026-06-10 21:42:44,PH-001,EMP-0016,Sale,transaction,TXN-0001796,CREATE,,Completed,,POS,True
AUD-00001797,2026-07-14 12:08:27,PH-002,EMP-0040,Sale,transaction,TXN-0001797,CREATE,,Completed,,POS,True
AUD-00001798,2026-07-14 11:31:37,PH-001,EMP-0019,Sale,transaction,TXN-0001798,CREATE,,Completed,,POS,True
AUD-00001799,2026-07-25 09:04:23,PH-001,EMP-0013,Sale,transaction,TXN-0001799,CREATE,,Completed,,POS,True
AUD-00001800,2026-05-16 18:29:35,PH-004,EMP-0068,Sale,transaction,TXN-0001800,CREATE,,Completed,,POS,True
AUD-00001801,2026-05-22 12:33:20,PH-005,EMP-0101,Sale,transaction,TXN-0001801,CREATE,,Completed,,POS,True
AUD-00001802,2026-07-20 16:14:57,PH-001,EMP-0002,Sale,transaction,TXN-0001802,CREATE,,Completed,,POS,True
AUD-00001803,2026-06-07 21:43:29,PH-002,EMP-0041,Sale,transaction,TXN-0001803,CREATE,,Completed,,POS,True
AUD-00001804,2026-05-07 10:11:00,PH-003,EMP-0046,Sale,transaction,TXN-0001804,CREATE,,Completed,,POS,True
AUD-00001805,2026-06-23 12:11:51,PH-004,EMP-0068,Sale,transaction,TXN-0001805,CREATE,,Completed,,POS,True
AUD-00001806,2026-05-04 09:40:58,PH-002,EMP-0040,Sale,transaction,TXN-0001806,CREATE,,Completed,,POS,True
AUD-00001807,2026-07-08 20:30:27,PH-003,EMP-0062,Sale,transaction,TXN-0001807,CREATE,,Completed,,POS,True
AUD-00001808,2026-07-29 20:51:28,PH-005,EMP-0103,Sale,transaction,TXN-0001808,CREATE,,Completed,,POS,True
AUD-00001809,2026-06-14 10:41:37,PH-001,EMP-0012,Sale,transaction,TXN-0001809,CREATE,,Completed,,POS,True
AUD-00001810,2026-06-08 12:57:13,PH-003,EMP-0047,Sale,transaction,TXN-0001810,CREATE,,Completed,,POS,True
AUD-00001811,2026-06-02 08:22:15,PH-002,EMP-0039,Sale,transaction,TXN-0001811,CREATE,,Completed,,POS,True
AUD-00001812,2026-07-20 19:05:06,PH-002,EMP-0041,Sale,transaction,TXN-0001812,CREATE,,Completed,,POS,True
AUD-00001813,2026-06-15 18:46:35,PH-004,EMP-0086,Sale,transaction,TXN-0001813,CREATE,,Completed,,POS,True
AUD-00001814,2026-05-03 10:44:05,PH-003,EMP-0046,Sale,transaction,TXN-0001814,CREATE,,Completed,,POS,True
AUD-00001815,2026-07-09 16:55:10,PH-001,EMP-0015,Sale,transaction,TXN-0001815,CREATE,,Completed,,POS,True
AUD-00001816,2026-05-19 18:31:13,PH-001,EMP-0003,Sale,transaction,TXN-0001816,CREATE,,Completed,,POS,True
AUD-00001817,2026-06-07 20:09:40,PH-004,EMP-0083,Sale,transaction,TXN-0001817,CREATE,,Completed,,POS,True
AUD-00001818,2026-07-31 08:00:32,PH-002,EMP-0041,Sale,transaction,TXN-0001818,CREATE,,Completed,,POS,True
AUD-00001819,2026-06-18 14:41:09,PH-001,EMP-0012,Sale,transaction,TXN-0001819,CREATE,,Completed,,POS,True
AUD-00001820,2026-06-30 12:04:49,PH-003,EMP-0061,Sale,transaction,TXN-0001820,CREATE,,Completed,,POS,True
AUD-00001821,2026-07-05 14:59:49,PH-005,EMP-0106,Sale,transaction,TXN-0001821,CREATE,,Completed,,POS,True
AUD-00001822,2026-07-12 15:08:37,PH-002,EMP-0040,Sale,transaction,TXN-0001822,CREATE,,Completed,,POS,True
AUD-00001823,2026-07-28 13:32:51,PH-005,EMP-0102,Sale,transaction,TXN-0001823,CREATE,,Completed,,POS,True
AUD-00001824,2026-06-22 16:49:40,PH-001,EMP-0018,Sale,transaction,TXN-0001824,CREATE,,Completed,,POS,True
AUD-00001825,2026-05-16 19:28:16,PH-004,EMP-0078,Sale,transaction,TXN-0001825,CREATE,,Completed,,POS,True
AUD-00001826,2026-07-17 10:14:20,PH-002,EMP-0042,Sale,transaction,TXN-0001826,CREATE,,Completed,,POS,True
AUD-00001827,2026-05-26 09:09:23,PH-001,EMP-0016,Sale,transaction,TXN-0001827,CREATE,,Completed,,POS,True
AUD-00001828,2026-06-22 16:20:21,PH-005,EMP-0091,Sale,transaction,TXN-0001828,CREATE,,Completed,,POS,True
AUD-00001829,2026-07-17 09:00:03,PH-001,EMP-0016,Sale,transaction,TXN-0001829,CREATE,,Completed,,POS,True
AUD-00001830,2026-06-12 11:42:45,PH-004,EMP-0086,Sale,transaction,TXN-0001830,CREATE,,Completed,,POS,True
AUD-00001831,2026-06-13 20:20:18,PH-003,EMP-0064,Sale,transaction,TXN-0001831,CREATE,,Completed,,POS,True
AUD-00001832,2026-05-17 15:18:58,PH-001,EMP-0002,Sale,transaction,TXN-0001832,CREATE,,Completed,,POS,True
AUD-00001833,2026-05-02 11:44:43,PH-005,EMP-0090,Sale,transaction,TXN-0001833,CREATE,,Completed,,POS,True
AUD-00001834,2026-06-06 15:42:51,PH-001,EMP-0001,Sale,transaction,TXN-0001834,CREATE,,Completed,,POS,True
AUD-00001835,2026-06-19 18:09:53,PH-002,EMP-0040,Sale,transaction,TXN-0001835,CREATE,,Completed,,POS,True
AUD-00001836,2026-07-13 19:27:11,PH-001,EMP-0013,Sale,transaction,TXN-0001836,CREATE,,Completed,,POS,True
AUD-00001837,2026-07-27 12:06:43,PH-005,EMP-0089,Sale,transaction,TXN-0001837,CREATE,,Completed,,POS,True
AUD-00001838,2026-06-18 15:57:31,PH-002,EMP-0025,Sale,transaction,TXN-0001838,CREATE,,Completed,,POS,True
AUD-00001839,2026-06-23 11:09:49,PH-001,EMP-0006,Sale,transaction,TXN-0001839,CREATE,,Completed,,POS,True
AUD-00001840,2026-06-19 09:03:46,PH-002,EMP-0039,Sale,transaction,TXN-0001840,CREATE,,Completed,,POS,True
AUD-00001841,2026-06-09 17:52:00,PH-002,EMP-0038,Sale,transaction,TXN-0001841,CREATE,,Completed,,POS,True
AUD-00001842,2026-07-17 12:54:36,PH-001,EMP-0020,Sale,transaction,TXN-0001842,CREATE,,Completed,,POS,True
AUD-00001843,2026-06-11 13:42:13,PH-002,EMP-0038,Sale,transaction,TXN-0001843,CREATE,,Completed,,POS,True
AUD-00001844,2026-06-23 17:15:41,PH-005,EMP-0089,Sale,transaction,TXN-0001844,CREATE,,Completed,,POS,True
AUD-00001845,2026-05-10 13:49:31,PH-001,EMP-0001,Sale,transaction,TXN-0001845,CREATE,,Completed,,POS,True
AUD-00001846,2026-05-25 10:01:02,PH-002,EMP-0040,Sale,transaction,TXN-0001846,CREATE,,Completed,,POS,True
AUD-00001847,2026-05-14 14:15:46,PH-003,EMP-0056,Sale,transaction,TXN-0001847,CREATE,,Completed,,POS,True
AUD-00001848,2026-05-22 21:17:36,PH-005,EMP-0103,Sale,transaction,TXN-0001848,CREATE,,Completed,,POS,True
AUD-00001849,2026-06-17 14:12:43,PH-002,EMP-0024,Sale,transaction,TXN-0001849,CREATE,,Completed,,POS,True
AUD-00001850,2026-06-15 19:21:47,PH-003,EMP-0059,Sale,transaction,TXN-0001850,CREATE,,Completed,,POS,True
AUD-00001851,2026-05-25 18:20:54,PH-002,EMP-0034,Sale,transaction,TXN-0001851,CREATE,,Completed,,POS,True
AUD-00001852,2026-06-18 13:34:23,PH-003,EMP-0062,Sale,transaction,TXN-0001852,CREATE,,Completed,,POS,True
AUD-00001853,2026-06-17 09:22:48,PH-001,EMP-0012,Sale,transaction,TXN-0001853,CREATE,,Completed,,POS,True
AUD-00001854,2026-05-17 21:27:14,PH-005,EMP-0104,Sale,transaction,TXN-0001854,CREATE,,Completed,,POS,True
AUD-00001855,2026-05-28 11:38:58,PH-004,EMP-0083,Sale,transaction,TXN-0001855,CREATE,,Completed,,POS,True
AUD-00001856,2026-07-06 10:08:44,PH-003,EMP-0059,Sale,transaction,TXN-0001856,CREATE,,Completed,,POS,True
AUD-00001857,2026-05-11 19:41:01,PH-005,EMP-0091,Sale,transaction,TXN-0001857,CREATE,,Completed,,POS,True
AUD-00001858,2026-05-15 16:32:51,PH-002,EMP-0041,Sale,transaction,TXN-0001858,CREATE,,Completed,,POS,True
AUD-00001859,2026-06-21 12:45:38,PH-004,EMP-0086,Sale,transaction,TXN-0001859,CREATE,,Completed,,POS,True
AUD-00001860,2026-05-10 11:31:12,PH-004,EMP-0084,Sale,transaction,TXN-0001860,CREATE,,Completed,,POS,True
AUD-00001861,2026-07-15 10:48:50,PH-001,EMP-0018,Sale,transaction,TXN-0001861,CREATE,,Completed,,POS,True
AUD-00001862,2026-07-14 09:37:59,PH-002,EMP-0039,Sale,transaction,TXN-0001862,CREATE,,Completed,,POS,True
AUD-00001863,2026-06-13 18:48:18,PH-002,EMP-0023,Sale,transaction,TXN-0001863,CREATE,,Completed,,POS,True
AUD-00001864,2026-07-17 18:17:42,PH-005,EMP-0100,Sale,transaction,TXN-0001864,CREATE,,Completed,,POS,True
AUD-00001865,2026-06-26 19:42:14,PH-004,EMP-0069,Sale,transaction,TXN-0001865,CREATE,,Completed,,POS,True
AUD-00001866,2026-06-17 10:19:27,PH-003,EMP-0056,Sale,transaction,TXN-0001866,CREATE,,Completed,,POS,True
AUD-00001867,2026-06-02 12:43:30,PH-001,EMP-0002,Sale,transaction,TXN-0001867,CREATE,,Completed,,POS,True
AUD-00001868,2026-06-16 16:20:10,PH-005,EMP-0104,Sale,transaction,TXN-0001868,CREATE,,Completed,,POS,True
AUD-00001869,2026-07-26 21:41:49,PH-002,EMP-0039,Sale,transaction,TXN-0001869,CREATE,,Completed,,POS,True
AUD-00001870,2026-07-08 18:25:05,PH-003,EMP-0064,Sale,transaction,TXN-0001870,CREATE,,Completed,,POS,True
AUD-00001871,2026-07-31 18:01:16,PH-002,EMP-0039,Sale,transaction,TXN-0001871,CREATE,,Completed,,POS,True
AUD-00001872,2026-07-02 20:27:56,PH-005,EMP-0100,Sale,transaction,TXN-0001872,CREATE,,Completed,,POS,True
AUD-00001873,2026-05-13 14:45:26,PH-003,EMP-0062,Sale,transaction,TXN-0001873,CREATE,,Completed,,POS,True
AUD-00001874,2026-06-22 21:34:38,PH-004,EMP-0084,Sale,transaction,TXN-0001874,CREATE,,Completed,,POS,True
AUD-00001875,2026-05-14 09:55:22,PH-001,EMP-0003,Sale,transaction,TXN-0001875,CREATE,,Completed,,POS,True
AUD-00001876,2026-07-27 09:53:18,PH-004,EMP-0083,Sale,transaction,TXN-0001876,CREATE,,Completed,,POS,True
AUD-00001877,2026-07-15 18:34:02,PH-004,EMP-0067,Sale,transaction,TXN-0001877,CREATE,,Completed,,POS,True
AUD-00001878,2026-05-20 08:22:26,PH-004,EMP-0069,Sale,transaction,TXN-0001878,CREATE,,Completed,,POS,True
AUD-00001879,2026-07-06 20:27:00,PH-001,EMP-0012,Sale,transaction,TXN-0001879,CREATE,,Completed,,POS,True
AUD-00001880,2026-06-06 20:43:45,PH-005,EMP-0105,Sale,transaction,TXN-0001880,CREATE,,Completed,,POS,True
AUD-00001881,2026-07-06 13:57:05,PH-003,EMP-0061,Sale,transaction,TXN-0001881,CREATE,,Completed,,POS,True
AUD-00001882,2026-07-09 15:47:36,PH-005,EMP-0108,Sale,transaction,TXN-0001882,CREATE,,Completed,,POS,True
AUD-00001883,2026-05-07 15:59:54,PH-003,EMP-0059,Sale,transaction,TXN-0001883,CREATE,,Completed,,POS,True
AUD-00001884,2026-05-11 15:13:35,PH-004,EMP-0069,Sale,transaction,TXN-0001884,CREATE,,Completed,,POS,True
AUD-00001885,2026-06-22 19:25:03,PH-001,EMP-0001,Sale,transaction,TXN-0001885,CREATE,,Completed,,POS,True
AUD-00001886,2026-07-31 15:19:31,PH-001,EMP-0006,Sale,transaction,TXN-0001886,CREATE,,Completed,,POS,True
AUD-00001887,2026-06-01 18:45:51,PH-004,EMP-0085,Sale,transaction,TXN-0001887,CREATE,,Completed,,POS,True
AUD-00001888,2026-05-09 13:05:20,PH-004,EMP-0069,Sale,transaction,TXN-0001888,CREATE,,Completed,,POS,True
AUD-00001889,2026-05-14 15:14:17,PH-005,EMP-0102,Sale,transaction,TXN-0001889,CREATE,,Completed,,POS,True
AUD-00001890,2026-07-14 13:51:21,PH-003,EMP-0045,Sale,transaction,TXN-0001890,CREATE,,Completed,,POS,True
AUD-00001891,2026-07-04 15:05:53,PH-001,EMP-0018,Sale,transaction,TXN-0001891,CREATE,,Completed,,POS,True
AUD-00001892,2026-05-04 18:59:31,PH-002,EMP-0035,Sale,transaction,TXN-0001892,CREATE,,Completed,,POS,True
AUD-00001893,2026-06-27 14:15:33,PH-003,EMP-0047,Sale,transaction,TXN-0001893,CREATE,,Completed,,POS,True
AUD-00001894,2026-07-12 09:06:54,PH-005,EMP-0101,Sale,transaction,TXN-0001894,CREATE,,Completed,,POS,True
AUD-00001895,2026-07-05 14:07:53,PH-003,EMP-0062,Sale,transaction,TXN-0001895,CREATE,,Completed,,POS,True
AUD-00001896,2026-06-24 20:12:10,PH-004,EMP-0068,Sale,transaction,TXN-0001896,CREATE,,Completed,,POS,True
AUD-00001897,2026-07-06 16:12:28,PH-001,EMP-0001,Sale,transaction,TXN-0001897,CREATE,,Completed,,POS,True
AUD-00001898,2026-07-28 15:07:11,PH-001,EMP-0003,Sale,transaction,TXN-0001898,CREATE,,Completed,,POS,True
AUD-00001899,2026-05-16 11:51:09,PH-004,EMP-0079,Sale,transaction,TXN-0001899,CREATE,,Completed,,POS,True
AUD-00001900,2026-07-12 10:55:21,PH-004,EMP-0084,Sale,transaction,TXN-0001900,CREATE,,Completed,,POS,True
AUD-00001901,2026-07-24 21:11:49,PH-005,EMP-0100,Sale,transaction,TXN-0001901,CREATE,,Completed,,POS,True
AUD-00001902,2026-07-26 13:14:24,PH-003,EMP-0063,Sale,transaction,TXN-0001902,CREATE,,Completed,,POS,True
AUD-00001903,2026-07-25 16:06:01,PH-001,EMP-0013,Sale,transaction,TXN-0001903,CREATE,,Completed,,POS,True
AUD-00001904,2026-07-22 11:42:33,PH-001,EMP-0002,Sale,transaction,TXN-0001904,CREATE,,Completed,,POS,True
AUD-00001905,2026-05-02 15:40:25,PH-002,EMP-0025,Sale,transaction,TXN-0001905,CREATE,,Completed,,POS,True
AUD-00001906,2026-05-23 11:31:29,PH-004,EMP-0084,Sale,transaction,TXN-0001906,CREATE,,Completed,,POS,True
AUD-00001907,2026-07-13 09:48:16,PH-003,EMP-0047,Sale,transaction,TXN-0001907,CREATE,,Completed,,POS,True
AUD-00001908,2026-05-19 09:06:55,PH-004,EMP-0078,Sale,transaction,TXN-0001908,CREATE,,Completed,,POS,True
AUD-00001909,2026-05-16 16:49:05,PH-003,EMP-0061,Sale,transaction,TXN-0001909,CREATE,,Completed,,POS,True
AUD-00001910,2026-06-09 19:13:12,PH-003,EMP-0045,Sale,transaction,TXN-0001910,CREATE,,Completed,,POS,True
AUD-00001911,2026-07-17 17:10:49,PH-002,EMP-0024,Sale,transaction,TXN-0001911,CREATE,,Completed,,POS,True
AUD-00001912,2026-05-21 20:19:09,PH-001,EMP-0003,Sale,transaction,TXN-0001912,CREATE,,Completed,,POS,True
AUD-00001913,2026-05-29 18:15:09,PH-004,EMP-0082,Sale,transaction,TXN-0001913,CREATE,,Completed,,POS,True
AUD-00001914,2026-05-17 15:26:38,PH-005,EMP-0105,Sale,transaction,TXN-0001914,CREATE,,Completed,,POS,True
AUD-00001915,2026-07-06 09:42:29,PH-003,EMP-0060,Sale,transaction,TXN-0001915,CREATE,,Completed,,POS,True
AUD-00001916,2026-06-04 09:21:50,PH-003,EMP-0057,Sale,transaction,TXN-0001916,CREATE,,Completed,,POS,True
AUD-00001917,2026-07-18 19:31:49,PH-001,EMP-0013,Sale,transaction,TXN-0001917,CREATE,,Completed,,POS,True
AUD-00001918,2026-07-11 14:49:48,PH-002,EMP-0035,Sale,transaction,TXN-0001918,CREATE,,Completed,,POS,True
AUD-00001919,2026-07-26 16:37:19,PH-002,EMP-0039,Sale,transaction,TXN-0001919,CREATE,,Completed,,POS,True
AUD-00001920,2026-05-17 11:44:54,PH-001,EMP-0002,Sale,transaction,TXN-0001920,CREATE,,Completed,,POS,True
AUD-00001921,2026-05-30 15:10:19,PH-002,EMP-0025,Sale,transaction,TXN-0001921,CREATE,,Completed,,POS,True
AUD-00001922,2026-05-12 21:28:51,PH-005,EMP-0102,Sale,transaction,TXN-0001922,CREATE,,Completed,,POS,True
AUD-00001923,2026-06-15 10:20:51,PH-002,EMP-0039,Sale,transaction,TXN-0001923,CREATE,,Completed,,POS,True
AUD-00001924,2026-06-15 09:41:38,PH-004,EMP-0067,Sale,transaction,TXN-0001924,CREATE,,Completed,,POS,True
AUD-00001925,2026-05-10 19:31:29,PH-005,EMP-0102,Sale,transaction,TXN-0001925,CREATE,,Completed,,POS,True
AUD-00001926,2026-07-01 08:39:42,PH-003,EMP-0064,Sale,transaction,TXN-0001926,CREATE,,Completed,,POS,True
AUD-00001927,2026-07-06 17:33:25,PH-003,EMP-0045,Sale,transaction,TXN-0001927,CREATE,,Completed,,POS,True
AUD-00001928,2026-06-20 21:44:21,PH-002,EMP-0040,Sale,transaction,TXN-0001928,CREATE,,Completed,,POS,True
AUD-00001929,2026-07-11 19:22:58,PH-005,EMP-0107,Sale,transaction,TXN-0001929,CREATE,,Completed,,POS,True
AUD-00001930,2026-06-06 16:46:56,PH-001,EMP-0012,Sale,transaction,TXN-0001930,CREATE,,Completed,,POS,True
AUD-00001931,2026-05-19 21:44:03,PH-005,EMP-0108,Sale,transaction,TXN-0001931,CREATE,,Completed,,POS,True
AUD-00001932,2026-05-10 08:54:55,PH-002,EMP-0036,Sale,transaction,TXN-0001932,CREATE,,Completed,,POS,True
AUD-00001933,2026-06-13 09:25:13,PH-003,EMP-0057,Sale,transaction,TXN-0001933,CREATE,,Completed,,POS,True
AUD-00001934,2026-05-10 08:03:52,PH-005,EMP-0103,Sale,transaction,TXN-0001934,CREATE,,Completed,,POS,True
AUD-00001935,2026-05-10 14:03:24,PH-005,EMP-0089,Sale,transaction,TXN-0001935,CREATE,,Completed,,POS,True
AUD-00001936,2026-05-04 14:30:08,PH-003,EMP-0061,Sale,transaction,TXN-0001936,CREATE,,Completed,,POS,True
AUD-00001937,2026-06-22 19:11:15,PH-002,EMP-0024,Sale,transaction,TXN-0001937,CREATE,,Completed,,POS,True
AUD-00001938,2026-07-21 09:14:14,PH-002,EMP-0042,Sale,transaction,TXN-0001938,CREATE,,Completed,,POS,True
AUD-00001939,2026-05-08 20:17:08,PH-001,EMP-0015,Sale,transaction,TXN-0001939,CREATE,,Completed,,POS,True
AUD-00001940,2026-05-09 13:37:27,PH-004,EMP-0081,Sale,transaction,TXN-0001940,CREATE,,Completed,,POS,True
AUD-00001941,2026-05-18 09:51:08,PH-001,EMP-0017,Sale,transaction,TXN-0001941,CREATE,,Completed,,POS,True
AUD-00001942,2026-06-26 08:27:57,PH-001,EMP-0018,Sale,transaction,TXN-0001942,CREATE,,Completed,,POS,True
AUD-00001943,2026-05-05 19:35:35,PH-005,EMP-0106,Sale,transaction,TXN-0001943,CREATE,,Completed,,POS,True
AUD-00001944,2026-07-05 17:54:58,PH-002,EMP-0040,Sale,transaction,TXN-0001944,CREATE,,Completed,,POS,True
AUD-00001945,2026-05-21 16:39:09,PH-005,EMP-0101,Sale,transaction,TXN-0001945,CREATE,,Completed,,POS,True
AUD-00001946,2026-05-19 12:50:42,PH-003,EMP-0063,Sale,transaction,TXN-0001946,CREATE,,Completed,,POS,True
AUD-00001947,2026-07-28 15:12:44,PH-003,EMP-0063,Sale,transaction,TXN-0001947,CREATE,,Completed,,POS,True
AUD-00001948,2026-06-18 18:59:01,PH-002,EMP-0024,Sale,transaction,TXN-0001948,CREATE,,Completed,,POS,True
AUD-00001949,2026-06-24 13:14:02,PH-005,EMP-0100,Sale,transaction,TXN-0001949,CREATE,,Completed,,POS,True
AUD-00001950,2026-07-10 16:32:31,PH-001,EMP-0015,Sale,transaction,TXN-0001950,CREATE,,Completed,,POS,True
AUD-00001951,2026-07-05 13:59:14,PH-005,EMP-0102,Sale,transaction,TXN-0001951,CREATE,,Completed,,POS,True
AUD-00001952,2026-07-26 08:40:47,PH-002,EMP-0038,Sale,transaction,TXN-0001952,CREATE,,Completed,,POS,True
AUD-00001953,2026-06-01 13:35:21,PH-002,EMP-0038,Sale,transaction,TXN-0001953,CREATE,,Completed,,POS,True
AUD-00001954,2026-05-11 17:47:06,PH-002,EMP-0042,Sale,transaction,TXN-0001954,CREATE,,Completed,,POS,True
AUD-00001955,2026-06-28 11:58:35,PH-004,EMP-0086,Sale,transaction,TXN-0001955,CREATE,,Completed,,POS,True
AUD-00001956,2026-05-04 18:01:19,PH-002,EMP-0036,Sale,transaction,TXN-0001956,CREATE,,Completed,,POS,True
AUD-00001957,2026-05-26 13:45:07,PH-005,EMP-0091,Sale,transaction,TXN-0001957,CREATE,,Completed,,POS,True
AUD-00001958,2026-05-09 08:54:43,PH-004,EMP-0085,Sale,transaction,TXN-0001958,CREATE,,Completed,,POS,True
AUD-00001959,2026-07-14 13:04:55,PH-003,EMP-0056,Sale,transaction,TXN-0001959,CREATE,,Completed,,POS,True
AUD-00001960,2026-07-07 09:43:24,PH-003,EMP-0056,Sale,transaction,TXN-0001960,CREATE,,Completed,,POS,True
AUD-00001961,2026-07-22 19:20:38,PH-001,EMP-0018,Sale,transaction,TXN-0001961,CREATE,,Completed,,POS,True
AUD-00001962,2026-06-12 19:29:58,PH-002,EMP-0036,Sale,transaction,TXN-0001962,CREATE,,Completed,,POS,True
AUD-00001963,2026-05-08 20:12:40,PH-004,EMP-0085,Sale,transaction,TXN-0001963,CREATE,,Completed,,POS,True
AUD-00001964,2026-07-18 19:08:12,PH-001,EMP-0018,Sale,transaction,TXN-0001964,CREATE,,Completed,,POS,True
AUD-00001965,2026-07-05 17:26:59,PH-004,EMP-0069,Sale,transaction,TXN-0001965,CREATE,,Completed,,POS,True
AUD-00001966,2026-07-21 18:22:42,PH-003,EMP-0057,Sale,transaction,TXN-0001966,CREATE,,Completed,,POS,True
AUD-00001967,2026-06-06 11:09:54,PH-003,EMP-0064,Sale,transaction,TXN-0001967,CREATE,,Completed,,POS,True
AUD-00001968,2026-06-19 17:15:26,PH-003,EMP-0058,Sale,transaction,TXN-0001968,CREATE,,Completed,,POS,True
AUD-00001969,2026-05-21 20:36:46,PH-003,EMP-0061,Sale,transaction,TXN-0001969,CREATE,,Completed,,POS,True
AUD-00001970,2026-06-10 18:58:15,PH-005,EMP-0103,Sale,transaction,TXN-0001970,CREATE,,Completed,,POS,True
AUD-00001971,2026-06-30 14:45:12,PH-004,EMP-0086,Sale,transaction,TXN-0001971,CREATE,,Completed,,POS,True
AUD-00001972,2026-06-26 09:26:20,PH-001,EMP-0001,Sale,transaction,TXN-0001972,CREATE,,Completed,,POS,True
AUD-00001973,2026-07-31 14:17:08,PH-003,EMP-0057,Sale,transaction,TXN-0001973,CREATE,,Completed,,POS,True
AUD-00001974,2026-06-12 18:23:49,PH-001,EMP-0006,Sale,transaction,TXN-0001974,CREATE,,Completed,,POS,True
AUD-00001975,2026-07-21 12:01:17,PH-002,EMP-0034,Sale,transaction,TXN-0001975,CREATE,,Completed,,POS,True
AUD-00001976,2026-05-17 09:04:04,PH-002,EMP-0040,Sale,transaction,TXN-0001976,CREATE,,Completed,,POS,True
AUD-00001977,2026-07-03 08:57:43,PH-005,EMP-0107,Sale,transaction,TXN-0001977,CREATE,,Completed,,POS,True
AUD-00001978,2026-07-31 20:14:02,PH-003,EMP-0047,Sale,transaction,TXN-0001978,CREATE,,Completed,,POS,True
AUD-00001979,2026-06-19 18:14:49,PH-004,EMP-0069,Sale,transaction,TXN-0001979,CREATE,,Completed,,POS,True
AUD-00001980,2026-06-07 20:03:38,PH-004,EMP-0081,Sale,transaction,TXN-0001980,CREATE,,Completed,,POS,True
AUD-00001981,2026-07-15 13:23:30,PH-003,EMP-0061,Sale,transaction,TXN-0001981,CREATE,,Completed,,POS,True
AUD-00001982,2026-07-02 18:52:25,PH-003,EMP-0047,Sale,transaction,TXN-0001982,CREATE,,Completed,,POS,True
AUD-00001983,2026-05-11 21:35:28,PH-004,EMP-0084,Sale,transaction,TXN-0001983,CREATE,,Completed,,POS,True
AUD-00001984,2026-06-30 09:28:36,PH-005,EMP-0091,Sale,transaction,TXN-0001984,CREATE,,Completed,,POS,True
AUD-00001985,2026-05-25 13:59:53,PH-003,EMP-0059,Sale,transaction,TXN-0001985,CREATE,,Completed,,POS,True
AUD-00001986,2026-05-26 10:17:19,PH-001,EMP-0016,Sale,transaction,TXN-0001986,CREATE,,Completed,,POS,True
AUD-00001987,2026-06-15 19:13:30,PH-001,EMP-0003,Sale,transaction,TXN-0001987,CREATE,,Completed,,POS,True
AUD-00001988,2026-06-07 21:55:45,PH-004,EMP-0078,Sale,transaction,TXN-0001988,CREATE,,Completed,,POS,True
AUD-00001989,2026-07-02 13:58:39,PH-002,EMP-0035,Sale,transaction,TXN-0001989,CREATE,,Completed,,POS,True
AUD-00001990,2026-06-23 16:26:12,PH-003,EMP-0058,Sale,transaction,TXN-0001990,CREATE,,Completed,,POS,True
AUD-00001991,2026-06-09 09:17:13,PH-002,EMP-0025,Sale,transaction,TXN-0001991,CREATE,,Completed,,POS,True
AUD-00001992,2026-05-16 09:29:16,PH-005,EMP-0101,Sale,transaction,TXN-0001992,CREATE,,Completed,,POS,True
AUD-00001993,2026-05-14 19:39:00,PH-002,EMP-0040,Sale,transaction,TXN-0001993,CREATE,,Completed,,POS,True
AUD-00001994,2026-05-31 14:48:44,PH-001,EMP-0002,Sale,transaction,TXN-0001994,CREATE,,Completed,,POS,True
AUD-00001995,2026-06-10 19:20:49,PH-002,EMP-0041,Sale,transaction,TXN-0001995,CREATE,,Completed,,POS,True
AUD-00001996,2026-07-07 18:37:09,PH-002,EMP-0024,Sale,transaction,TXN-0001996,CREATE,,Completed,,POS,True
AUD-00001997,2026-06-04 17:59:11,PH-004,EMP-0081,Sale,transaction,TXN-0001997,CREATE,,Completed,,POS,True
AUD-00001998,2026-06-24 17:25:24,PH-005,EMP-0104,Sale,transaction,TXN-0001998,CREATE,,Completed,,POS,True
AUD-00001999,2026-07-09 16:03:45,PH-001,EMP-0018,Sale,transaction,TXN-0001999,CREATE,,Completed,,POS,True
AUD-00002000,2026-06-09 14:57:26,PH-001,EMP-0006,Sale,transaction,TXN-0002000,CREATE,,Completed,,POS,True
AUD-00002001,2026-06-04 10:45:09,PH-005,EMP-0091,Sale,transaction,TXN-0002001,CREATE,,Completed,,POS,True
AUD-00002002,2026-07-26 20:52:07,PH-003,EMP-0056,Sale,transaction,TXN-0002002,CREATE,,Completed,,POS,True
AUD-00002003,2026-07-30 13:21:49,PH-002,EMP-0023,Sale,transaction,TXN-0002003,CREATE,,Completed,,POS,True
AUD-00002004,2026-07-24 15:41:43,PH-002,EMP-0025,Sale,transaction,TXN-0002004,CREATE,,Completed,,POS,True
AUD-00002005,2026-05-20 11:10:00,PH-001,EMP-0013,Sale,transaction,TXN-0002005,CREATE,,Completed,,POS,True
AUD-00002006,2026-06-13 10:57:25,PH-002,EMP-0036,Sale,transaction,TXN-0002006,CREATE,,Completed,,POS,True
AUD-00002007,2026-05-09 14:01:33,PH-001,EMP-0019,Sale,transaction,TXN-0002007,CREATE,,Completed,,POS,True
AUD-00002008,2026-06-10 15:41:05,PH-003,EMP-0062,Sale,transaction,TXN-0002008,CREATE,,Completed,,POS,True
AUD-00002009,2026-05-16 11:16:36,PH-003,EMP-0062,Sale,transaction,TXN-0002009,CREATE,,Completed,,POS,True
AUD-00002010,2026-05-15 11:42:12,PH-003,EMP-0059,Sale,transaction,TXN-0002010,CREATE,,Completed,,POS,True
AUD-00002011,2026-06-18 18:34:10,PH-002,EMP-0024,Sale,transaction,TXN-0002011,CREATE,,Completed,,POS,True
AUD-00002012,2026-05-13 13:26:47,PH-003,EMP-0060,Sale,transaction,TXN-0002012,CREATE,,Completed,,POS,True
AUD-00002013,2026-07-06 21:35:02,PH-005,EMP-0101,Sale,transaction,TXN-0002013,CREATE,,Completed,,POS,True
AUD-00002014,2026-06-29 08:21:56,PH-002,EMP-0034,Sale,transaction,TXN-0002014,CREATE,,Completed,,POS,True
AUD-00002015,2026-07-21 15:57:05,PH-001,EMP-0017,Sale,transaction,TXN-0002015,CREATE,,Completed,,POS,True
AUD-00002016,2026-06-19 17:26:00,PH-002,EMP-0024,Sale,transaction,TXN-0002016,CREATE,,Completed,,POS,True
AUD-00002017,2026-06-04 14:29:55,PH-004,EMP-0079,Sale,transaction,TXN-0002017,CREATE,,Completed,,POS,True
AUD-00002018,2026-07-08 10:08:52,PH-002,EMP-0037,Sale,transaction,TXN-0002018,CREATE,,Completed,,POS,True
AUD-00002019,2026-06-07 20:11:02,PH-002,EMP-0024,Sale,transaction,TXN-0002019,CREATE,,Completed,,POS,True
AUD-00002020,2026-05-25 14:53:31,PH-002,EMP-0034,Sale,transaction,TXN-0002020,CREATE,,Completed,,POS,True
AUD-00002021,2026-06-19 10:15:04,PH-002,EMP-0037,Sale,transaction,TXN-0002021,CREATE,,Completed,,POS,True
AUD-00002022,2026-06-30 11:44:25,PH-003,EMP-0064,Sale,transaction,TXN-0002022,CREATE,,Completed,,POS,True
AUD-00002023,2026-05-18 21:44:30,PH-003,EMP-0059,Sale,transaction,TXN-0002023,CREATE,,Completed,,POS,True
AUD-00002024,2026-05-09 16:23:37,PH-002,EMP-0025,Sale,transaction,TXN-0002024,CREATE,,Completed,,POS,True
AUD-00002025,2026-05-23 16:23:23,PH-004,EMP-0085,Sale,transaction,TXN-0002025,CREATE,,Completed,,POS,True
AUD-00002026,2026-05-17 12:32:38,PH-005,EMP-0090,Sale,transaction,TXN-0002026,CREATE,,Completed,,POS,True
AUD-00002027,2026-07-15 10:02:03,PH-003,EMP-0062,Sale,transaction,TXN-0002027,CREATE,,Completed,,POS,True
AUD-00002028,2026-05-15 15:37:44,PH-002,EMP-0034,Sale,transaction,TXN-0002028,CREATE,,Completed,,POS,True
AUD-00002029,2026-05-10 18:05:48,PH-005,EMP-0091,Sale,transaction,TXN-0002029,CREATE,,Completed,,POS,True
AUD-00002030,2026-06-14 12:54:19,PH-001,EMP-0015,Sale,transaction,TXN-0002030,CREATE,,Completed,,POS,True
AUD-00002031,2026-06-02 17:22:38,PH-005,EMP-0100,Sale,transaction,TXN-0002031,CREATE,,Completed,,POS,True
AUD-00002032,2026-07-25 13:16:50,PH-004,EMP-0086,Sale,transaction,TXN-0002032,CREATE,,Completed,,POS,True
AUD-00002033,2026-07-28 20:00:37,PH-002,EMP-0023,Sale,transaction,TXN-0002033,CREATE,,Completed,,POS,True
AUD-00002034,2026-05-31 21:54:30,PH-004,EMP-0079,Sale,transaction,TXN-0002034,CREATE,,Completed,,POS,True
AUD-00002035,2026-06-08 15:18:52,PH-001,EMP-0012,Sale,transaction,TXN-0002035,CREATE,,Completed,,POS,True
AUD-00002036,2026-07-29 20:08:51,PH-003,EMP-0057,Sale,transaction,TXN-0002036,CREATE,,Completed,,POS,True
AUD-00002037,2026-06-18 20:28:37,PH-005,EMP-0090,Sale,transaction,TXN-0002037,CREATE,,Completed,,POS,True
AUD-00002038,2026-05-26 13:53:39,PH-002,EMP-0024,Sale,transaction,TXN-0002038,CREATE,,Completed,,POS,True
AUD-00002039,2026-05-01 14:15:20,PH-003,EMP-0046,Sale,transaction,TXN-0002039,CREATE,,Completed,,POS,True
AUD-00002040,2026-07-23 19:58:12,PH-002,EMP-0036,Sale,transaction,TXN-0002040,CREATE,,Completed,,POS,True
AUD-00002041,2026-06-15 17:33:38,PH-004,EMP-0082,Sale,transaction,TXN-0002041,CREATE,,Completed,,POS,True
AUD-00002042,2026-05-02 15:50:34,PH-003,EMP-0058,Sale,transaction,TXN-0002042,CREATE,,Completed,,POS,True
AUD-00002043,2026-07-06 18:30:45,PH-005,EMP-0100,Sale,transaction,TXN-0002043,CREATE,,Completed,,POS,True
AUD-00002044,2026-06-11 12:00:05,PH-004,EMP-0082,Sale,transaction,TXN-0002044,CREATE,,Completed,,POS,True
AUD-00002045,2026-05-31 14:55:48,PH-001,EMP-0019,Sale,transaction,TXN-0002045,CREATE,,Completed,,POS,True
AUD-00002046,2026-06-24 21:33:28,PH-002,EMP-0040,Sale,transaction,TXN-0002046,CREATE,,Completed,,POS,True
AUD-00002047,2026-06-10 20:25:22,PH-002,EMP-0034,Sale,transaction,TXN-0002047,CREATE,,Completed,,POS,True
AUD-00002048,2026-06-22 15:13:19,PH-003,EMP-0047,Sale,transaction,TXN-0002048,CREATE,,Completed,,POS,True
AUD-00002049,2026-06-13 20:15:07,PH-001,EMP-0012,Sale,transaction,TXN-0002049,CREATE,,Completed,,POS,True
AUD-00002050,2026-05-09 11:30:36,PH-005,EMP-0104,Sale,transaction,TXN-0002050,CREATE,,Completed,,POS,True
AUD-00002051,2026-06-25 11:56:59,PH-003,EMP-0057,Sale,transaction,TXN-0002051,CREATE,,Completed,,POS,True
AUD-00002052,2026-05-16 12:19:05,PH-002,EMP-0042,Sale,transaction,TXN-0002052,CREATE,,Completed,,POS,True
AUD-00002053,2026-07-15 09:16:30,PH-002,EMP-0035,Sale,transaction,TXN-0002053,CREATE,,Completed,,POS,True
AUD-00002054,2026-07-16 16:24:15,PH-002,EMP-0042,Sale,transaction,TXN-0002054,CREATE,,Completed,,POS,True
AUD-00002055,2026-06-04 12:14:04,PH-001,EMP-0014,Sale,transaction,TXN-0002055,CREATE,,Completed,,POS,True
AUD-00002056,2026-05-05 14:16:24,PH-003,EMP-0047,Sale,transaction,TXN-0002056,CREATE,,Completed,,POS,True
AUD-00002057,2026-05-05 15:28:24,PH-005,EMP-0104,Sale,transaction,TXN-0002057,CREATE,,Completed,,POS,True
AUD-00002058,2026-05-16 17:27:16,PH-003,EMP-0061,Sale,transaction,TXN-0002058,CREATE,,Completed,,POS,True
AUD-00002059,2026-06-09 21:42:11,PH-001,EMP-0013,Sale,transaction,TXN-0002059,CREATE,,Completed,,POS,True
AUD-00002060,2026-05-24 11:46:04,PH-004,EMP-0081,Sale,transaction,TXN-0002060,CREATE,,Completed,,POS,True
AUD-00002061,2026-06-30 10:15:17,PH-005,EMP-0105,Sale,transaction,TXN-0002061,CREATE,,Completed,,POS,True
AUD-00002062,2026-05-24 17:19:46,PH-005,EMP-0106,Sale,transaction,TXN-0002062,CREATE,,Completed,,POS,True
AUD-00002063,2026-05-20 08:38:03,PH-004,EMP-0067,Sale,transaction,TXN-0002063,CREATE,,Completed,,POS,True
AUD-00002064,2026-06-30 14:55:52,PH-005,EMP-0104,Sale,transaction,TXN-0002064,CREATE,,Completed,,POS,True
AUD-00002065,2026-07-20 10:53:59,PH-004,EMP-0080,Sale,transaction,TXN-0002065,CREATE,,Completed,,POS,True
AUD-00002066,2026-07-13 14:20:56,PH-005,EMP-0101,Sale,transaction,TXN-0002066,CREATE,,Completed,,POS,True
AUD-00002067,2026-06-14 14:19:10,PH-001,EMP-0012,Sale,transaction,TXN-0002067,CREATE,,Completed,,POS,True
AUD-00002068,2026-05-16 16:22:32,PH-004,EMP-0067,Sale,transaction,TXN-0002068,CREATE,,Completed,,POS,True
AUD-00002069,2026-06-12 17:26:30,PH-005,EMP-0102,Sale,transaction,TXN-0002069,CREATE,,Completed,,POS,True
AUD-00002070,2026-07-12 16:48:42,PH-005,EMP-0106,Sale,transaction,TXN-0002070,CREATE,,Completed,,POS,True
AUD-00002071,2026-06-04 08:31:30,PH-003,EMP-0061,Sale,transaction,TXN-0002071,CREATE,,Completed,,POS,True
AUD-00002072,2026-06-22 09:18:39,PH-001,EMP-0019,Sale,transaction,TXN-0002072,CREATE,,Completed,,POS,True
AUD-00002073,2026-06-29 15:14:00,PH-003,EMP-0064,Sale,transaction,TXN-0002073,CREATE,,Completed,,POS,True
AUD-00002074,2026-07-27 09:25:23,PH-005,EMP-0090,Sale,transaction,TXN-0002074,CREATE,,Completed,,POS,True
AUD-00002075,2026-05-29 13:13:14,PH-004,EMP-0083,Sale,transaction,TXN-0002075,CREATE,,Completed,,POS,True
AUD-00002076,2026-05-27 20:51:58,PH-003,EMP-0063,Sale,transaction,TXN-0002076,CREATE,,Completed,,POS,True
AUD-00002077,2026-06-11 18:05:40,PH-005,EMP-0090,Sale,transaction,TXN-0002077,CREATE,,Completed,,POS,True
AUD-00002078,2026-06-14 17:35:28,PH-004,EMP-0078,Sale,transaction,TXN-0002078,CREATE,,Completed,,POS,True
AUD-00002079,2026-06-21 20:10:57,PH-002,EMP-0041,Sale,transaction,TXN-0002079,CREATE,,Completed,,POS,True
AUD-00002080,2026-07-23 09:31:19,PH-003,EMP-0058,Sale,transaction,TXN-0002080,CREATE,,Completed,,POS,True
AUD-00002081,2026-06-17 20:44:04,PH-003,EMP-0062,Sale,transaction,TXN-0002081,CREATE,,Completed,,POS,True
AUD-00002082,2026-07-25 10:02:32,PH-003,EMP-0064,Sale,transaction,TXN-0002082,CREATE,,Completed,,POS,True
AUD-00002083,2026-05-01 16:22:47,PH-002,EMP-0041,Sale,transaction,TXN-0002083,CREATE,,Completed,,POS,True
AUD-00002084,2026-07-25 17:30:40,PH-002,EMP-0039,Sale,transaction,TXN-0002084,CREATE,,Completed,,POS,True
AUD-00002085,2026-07-19 20:34:50,PH-001,EMP-0017,Sale,transaction,TXN-0002085,CREATE,,Completed,,POS,True
AUD-00002086,2026-07-26 18:16:51,PH-002,EMP-0035,Sale,transaction,TXN-0002086,CREATE,,Completed,,POS,True
AUD-00002087,2026-05-15 16:37:30,PH-002,EMP-0035,Sale,transaction,TXN-0002087,CREATE,,Completed,,POS,True
AUD-00002088,2026-05-05 16:12:55,PH-004,EMP-0083,Sale,transaction,TXN-0002088,CREATE,,Completed,,POS,True
AUD-00002089,2026-05-19 14:38:09,PH-004,EMP-0078,Sale,transaction,TXN-0002089,CREATE,,Completed,,POS,True
AUD-00002090,2026-06-06 17:52:50,PH-005,EMP-0105,Sale,transaction,TXN-0002090,CREATE,,Completed,,POS,True
AUD-00002091,2026-06-20 10:44:33,PH-002,EMP-0025,Sale,transaction,TXN-0002091,CREATE,,Completed,,POS,True
AUD-00002092,2026-05-27 14:39:31,PH-003,EMP-0061,Sale,transaction,TXN-0002092,CREATE,,Completed,,POS,True
AUD-00002093,2026-05-07 08:32:28,PH-005,EMP-0090,Sale,transaction,TXN-0002093,CREATE,,Completed,,POS,True
AUD-00002094,2026-07-28 21:24:00,PH-002,EMP-0024,Sale,transaction,TXN-0002094,CREATE,,Completed,,POS,True
AUD-00002095,2026-06-07 19:27:27,PH-002,EMP-0037,Sale,transaction,TXN-0002095,CREATE,,Completed,,POS,True
AUD-00002096,2026-05-27 18:13:59,PH-004,EMP-0083,Sale,transaction,TXN-0002096,CREATE,,Completed,,POS,True
AUD-00002097,2026-07-30 15:24:16,PH-005,EMP-0089,Sale,transaction,TXN-0002097,CREATE,,Completed,,POS,True
AUD-00002098,2026-07-08 20:51:22,PH-004,EMP-0083,Sale,transaction,TXN-0002098,CREATE,,Completed,,POS,True
AUD-00002099,2026-07-02 15:32:32,PH-002,EMP-0024,Sale,transaction,TXN-0002099,CREATE,,Completed,,POS,True
AUD-00002100,2026-06-21 15:13:17,PH-003,EMP-0045,Sale,transaction,TXN-0002100,CREATE,,Completed,,POS,True
AUD-00002101,2026-05-20 09:23:11,PH-003,EMP-0045,Sale,transaction,TXN-0002101,CREATE,,Completed,,POS,True
AUD-00002102,2026-06-30 14:50:25,PH-004,EMP-0079,Sale,transaction,TXN-0002102,CREATE,,Completed,,POS,True
AUD-00002103,2026-06-29 21:00:21,PH-005,EMP-0100,Sale,transaction,TXN-0002103,CREATE,,Completed,,POS,True
AUD-00002104,2026-05-15 19:14:59,PH-002,EMP-0042,Sale,transaction,TXN-0002104,CREATE,,Completed,,POS,True
AUD-00002105,2026-06-28 11:27:48,PH-005,EMP-0102,Sale,transaction,TXN-0002105,CREATE,,Completed,,POS,True
AUD-00002106,2026-07-31 11:43:47,PH-005,EMP-0090,Sale,transaction,TXN-0002106,CREATE,,Completed,,POS,True
AUD-00002107,2026-06-03 18:15:58,PH-002,EMP-0036,Sale,transaction,TXN-0002107,CREATE,,Completed,,POS,True
AUD-00002108,2026-05-11 18:57:50,PH-002,EMP-0039,Sale,transaction,TXN-0002108,CREATE,,Completed,,POS,True
AUD-00002109,2026-07-24 10:05:18,PH-003,EMP-0062,Sale,transaction,TXN-0002109,CREATE,,Completed,,POS,True
AUD-00002110,2026-07-27 15:10:06,PH-002,EMP-0038,Sale,transaction,TXN-0002110,CREATE,,Completed,,POS,True
AUD-00002111,2026-05-16 19:34:15,PH-002,EMP-0040,Sale,transaction,TXN-0002111,CREATE,,Completed,,POS,True
AUD-00002112,2026-06-25 13:54:59,PH-002,EMP-0024,Sale,transaction,TXN-0002112,CREATE,,Completed,,POS,True
AUD-00002113,2026-05-05 10:06:21,PH-002,EMP-0035,Sale,transaction,TXN-0002113,CREATE,,Completed,,POS,True
AUD-00002114,2026-05-06 12:22:43,PH-002,EMP-0041,Sale,transaction,TXN-0002114,CREATE,,Completed,,POS,True
AUD-00002115,2026-06-11 17:17:07,PH-002,EMP-0024,Sale,transaction,TXN-0002115,CREATE,,Completed,,POS,True
AUD-00002116,2026-05-23 19:16:28,PH-001,EMP-0017,Sale,transaction,TXN-0002116,CREATE,,Completed,,POS,True
AUD-00002117,2026-07-06 11:49:53,PH-004,EMP-0080,Sale,transaction,TXN-0002117,CREATE,,Completed,,POS,True
AUD-00002118,2026-06-26 18:07:25,PH-001,EMP-0014,Sale,transaction,TXN-0002118,CREATE,,Completed,,POS,True
AUD-00002119,2026-05-10 11:56:30,PH-003,EMP-0062,Sale,transaction,TXN-0002119,CREATE,,Completed,,POS,True
AUD-00002120,2026-06-04 17:53:37,PH-003,EMP-0062,Sale,transaction,TXN-0002120,CREATE,,Completed,,POS,True
AUD-00002121,2026-05-28 08:58:32,PH-004,EMP-0069,Sale,transaction,TXN-0002121,CREATE,,Completed,,POS,True
AUD-00002122,2026-07-24 18:01:21,PH-003,EMP-0058,Sale,transaction,TXN-0002122,CREATE,,Completed,,POS,True
AUD-00002123,2026-07-12 08:16:06,PH-001,EMP-0019,Sale,transaction,TXN-0002123,CREATE,,Completed,,POS,True
AUD-00002124,2026-07-13 20:37:12,PH-001,EMP-0006,Sale,transaction,TXN-0002124,CREATE,,Completed,,POS,True
AUD-00002125,2026-06-11 13:18:43,PH-004,EMP-0083,Sale,transaction,TXN-0002125,CREATE,,Completed,,POS,True
AUD-00002126,2026-06-09 16:39:15,PH-005,EMP-0106,Sale,transaction,TXN-0002126,CREATE,,Completed,,POS,True
AUD-00002127,2026-05-29 13:37:11,PH-002,EMP-0023,Sale,transaction,TXN-0002127,CREATE,,Completed,,POS,True
AUD-00002128,2026-06-07 18:11:54,PH-005,EMP-0105,Sale,transaction,TXN-0002128,CREATE,,Completed,,POS,True
AUD-00002129,2026-05-25 11:49:55,PH-005,EMP-0103,Sale,transaction,TXN-0002129,CREATE,,Completed,,POS,True
AUD-00002130,2026-06-21 19:28:35,PH-001,EMP-0014,Sale,transaction,TXN-0002130,CREATE,,Completed,,POS,True
AUD-00002131,2026-06-17 21:25:38,PH-005,EMP-0104,Sale,transaction,TXN-0002131,CREATE,,Completed,,POS,True
AUD-00002132,2026-06-25 16:30:32,PH-004,EMP-0080,Sale,transaction,TXN-0002132,CREATE,,Completed,,POS,True
AUD-00002133,2026-06-11 12:01:20,PH-002,EMP-0024,Sale,transaction,TXN-0002133,CREATE,,Completed,,POS,True
AUD-00002134,2026-07-27 20:28:53,PH-001,EMP-0015,Sale,transaction,TXN-0002134,CREATE,,Completed,,POS,True
AUD-00002135,2026-05-15 09:21:30,PH-001,EMP-0016,Sale,transaction,TXN-0002135,CREATE,,Completed,,POS,True
AUD-00002136,2026-06-14 21:38:28,PH-004,EMP-0082,Sale,transaction,TXN-0002136,CREATE,,Completed,,POS,True
AUD-00002137,2026-07-15 08:14:03,PH-005,EMP-0100,Sale,transaction,TXN-0002137,CREATE,,Completed,,POS,True
AUD-00002138,2026-05-30 18:35:33,PH-001,EMP-0001,Sale,transaction,TXN-0002138,CREATE,,Completed,,POS,True
AUD-00002139,2026-07-03 08:26:12,PH-003,EMP-0061,Sale,transaction,TXN-0002139,CREATE,,Completed,,POS,True
AUD-00002140,2026-06-18 09:10:04,PH-005,EMP-0089,Sale,transaction,TXN-0002140,CREATE,,Completed,,POS,True
AUD-00002141,2026-06-04 15:54:13,PH-003,EMP-0045,Sale,transaction,TXN-0002141,CREATE,,Completed,,POS,True
AUD-00002142,2026-07-15 15:06:13,PH-002,EMP-0024,Sale,transaction,TXN-0002142,CREATE,,Completed,,POS,True
AUD-00002143,2026-06-20 14:29:45,PH-001,EMP-0013,Sale,transaction,TXN-0002143,CREATE,,Completed,,POS,True
AUD-00002144,2026-06-03 13:06:12,PH-005,EMP-0090,Sale,transaction,TXN-0002144,CREATE,,Completed,,POS,True
AUD-00002145,2026-06-22 09:36:21,PH-001,EMP-0001,Sale,transaction,TXN-0002145,CREATE,,Completed,,POS,True
AUD-00002146,2026-06-03 14:15:17,PH-003,EMP-0060,Sale,transaction,TXN-0002146,CREATE,,Completed,,POS,True
AUD-00002147,2026-05-09 11:45:43,PH-002,EMP-0039,Sale,transaction,TXN-0002147,CREATE,,Completed,,POS,True
AUD-00002148,2026-06-23 11:49:14,PH-002,EMP-0034,Sale,transaction,TXN-0002148,CREATE,,Completed,,POS,True
AUD-00002149,2026-05-03 08:09:28,PH-001,EMP-0013,Sale,transaction,TXN-0002149,CREATE,,Completed,,POS,True
AUD-00002150,2026-06-30 08:08:59,PH-003,EMP-0057,Sale,transaction,TXN-0002150,CREATE,,Completed,,POS,True
AUD-00002151,2026-05-06 15:10:45,PH-002,EMP-0039,Sale,transaction,TXN-0002151,CREATE,,Completed,,POS,True
AUD-00002152,2026-06-30 14:55:42,PH-002,EMP-0034,Sale,transaction,TXN-0002152,CREATE,,Completed,,POS,True
AUD-00002153,2026-06-12 15:44:37,PH-005,EMP-0101,Sale,transaction,TXN-0002153,CREATE,,Completed,,POS,True
AUD-00002154,2026-07-02 14:19:41,PH-003,EMP-0061,Sale,transaction,TXN-0002154,CREATE,,Completed,,POS,True
AUD-00002155,2026-06-14 10:40:43,PH-003,EMP-0047,Sale,transaction,TXN-0002155,CREATE,,Completed,,POS,True
AUD-00002156,2026-07-15 08:22:13,PH-005,EMP-0103,Sale,transaction,TXN-0002156,CREATE,,Completed,,POS,True
AUD-00002157,2026-06-16 08:50:30,PH-001,EMP-0016,Sale,transaction,TXN-0002157,CREATE,,Completed,,POS,True
AUD-00002158,2026-07-07 19:23:01,PH-004,EMP-0085,Sale,transaction,TXN-0002158,CREATE,,Completed,,POS,True
AUD-00002159,2026-07-03 20:11:50,PH-002,EMP-0039,Sale,transaction,TXN-0002159,CREATE,,Completed,,POS,True
AUD-00002160,2026-06-11 18:34:09,PH-004,EMP-0084,Sale,transaction,TXN-0002160,CREATE,,Completed,,POS,True
AUD-00002161,2026-07-02 08:45:42,PH-001,EMP-0017,Sale,transaction,TXN-0002161,CREATE,,Completed,,POS,True
AUD-00002162,2026-05-29 14:27:46,PH-005,EMP-0090,Sale,transaction,TXN-0002162,CREATE,,Completed,,POS,True
AUD-00002163,2026-05-13 19:31:09,PH-001,EMP-0019,Sale,transaction,TXN-0002163,CREATE,,Completed,,POS,True
AUD-00002164,2026-06-07 16:49:23,PH-005,EMP-0090,Sale,transaction,TXN-0002164,CREATE,,Completed,,POS,True
AUD-00002165,2026-06-01 16:21:08,PH-002,EMP-0024,Sale,transaction,TXN-0002165,CREATE,,Completed,,POS,True
AUD-00002166,2026-07-20 16:44:51,PH-005,EMP-0101,Sale,transaction,TXN-0002166,CREATE,,Completed,,POS,True
AUD-00002167,2026-07-09 14:38:30,PH-001,EMP-0018,Sale,transaction,TXN-0002167,CREATE,,Completed,,POS,True
AUD-00002168,2026-07-02 13:58:09,PH-005,EMP-0102,Sale,transaction,TXN-0002168,CREATE,,Completed,,POS,True
AUD-00002169,2026-07-12 15:44:27,PH-005,EMP-0108,Sale,transaction,TXN-0002169,CREATE,,Completed,,POS,True
AUD-00002170,2026-06-05 08:51:34,PH-003,EMP-0063,Sale,transaction,TXN-0002170,CREATE,,Completed,,POS,True
AUD-00002171,2026-06-26 10:47:25,PH-001,EMP-0016,Sale,transaction,TXN-0002171,CREATE,,Completed,,POS,True
AUD-00002172,2026-05-11 08:49:57,PH-005,EMP-0104,Sale,transaction,TXN-0002172,CREATE,,Completed,,POS,True
AUD-00002173,2026-06-07 20:10:11,PH-003,EMP-0059,Sale,transaction,TXN-0002173,CREATE,,Completed,,POS,True
AUD-00002174,2026-06-18 08:23:19,PH-004,EMP-0067,Sale,transaction,TXN-0002174,CREATE,,Completed,,POS,True
AUD-00002175,2026-06-01 18:02:42,PH-003,EMP-0056,Sale,transaction,TXN-0002175,CREATE,,Completed,,POS,True
AUD-00002176,2026-05-14 16:17:48,PH-001,EMP-0001,Sale,transaction,TXN-0002176,CREATE,,Completed,,POS,True
AUD-00002177,2026-06-27 14:38:58,PH-001,EMP-0016,Sale,transaction,TXN-0002177,CREATE,,Completed,,POS,True
AUD-00002178,2026-07-30 17:46:29,PH-001,EMP-0015,Sale,transaction,TXN-0002178,CREATE,,Completed,,POS,True
AUD-00002179,2026-05-12 12:23:23,PH-005,EMP-0089,Sale,transaction,TXN-0002179,CREATE,,Completed,,POS,True
AUD-00002180,2026-05-19 20:18:08,PH-005,EMP-0108,Sale,transaction,TXN-0002180,CREATE,,Completed,,POS,True
AUD-00002181,2026-07-10 15:55:35,PH-002,EMP-0023,Sale,transaction,TXN-0002181,CREATE,,Completed,,POS,True
AUD-00002182,2026-07-15 13:36:32,PH-002,EMP-0038,Sale,transaction,TXN-0002182,CREATE,,Completed,,POS,True
AUD-00002183,2026-05-24 21:23:53,PH-002,EMP-0041,Sale,transaction,TXN-0002183,CREATE,,Completed,,POS,True
AUD-00002184,2026-06-24 17:28:33,PH-005,EMP-0089,Sale,transaction,TXN-0002184,CREATE,,Completed,,POS,True
AUD-00002185,2026-06-29 13:32:30,PH-005,EMP-0091,Sale,transaction,TXN-0002185,CREATE,,Completed,,POS,True
AUD-00002186,2026-07-18 19:09:25,PH-002,EMP-0034,Sale,transaction,TXN-0002186,CREATE,,Completed,,POS,True
AUD-00002187,2026-05-05 20:52:11,PH-001,EMP-0012,Sale,transaction,TXN-0002187,CREATE,,Completed,,POS,True
AUD-00002188,2026-06-30 14:59:15,PH-001,EMP-0015,Sale,transaction,TXN-0002188,CREATE,,Completed,,POS,True
AUD-00002189,2026-07-30 11:29:53,PH-004,EMP-0067,Sale,transaction,TXN-0002189,CREATE,,Completed,,POS,True
AUD-00002190,2026-07-16 14:02:50,PH-005,EMP-0101,Sale,transaction,TXN-0002190,CREATE,,Completed,,POS,True
AUD-00002191,2026-06-01 14:05:33,PH-003,EMP-0062,Sale,transaction,TXN-0002191,CREATE,,Completed,,POS,True
AUD-00002192,2026-07-12 20:25:48,PH-002,EMP-0038,Sale,transaction,TXN-0002192,CREATE,,Completed,,POS,True
AUD-00002193,2026-07-01 12:00:54,PH-003,EMP-0060,Sale,transaction,TXN-0002193,CREATE,,Completed,,POS,True
AUD-00002194,2026-06-16 16:38:48,PH-004,EMP-0082,Sale,transaction,TXN-0002194,CREATE,,Completed,,POS,True
AUD-00002195,2026-05-12 20:16:44,PH-003,EMP-0062,Sale,transaction,TXN-0002195,CREATE,,Completed,,POS,True
AUD-00002196,2026-06-02 17:30:14,PH-005,EMP-0104,Sale,transaction,TXN-0002196,CREATE,,Completed,,POS,True
AUD-00002197,2026-05-28 13:28:51,PH-001,EMP-0016,Sale,transaction,TXN-0002197,CREATE,,Completed,,POS,True
AUD-00002198,2026-07-10 16:48:24,PH-003,EMP-0062,Sale,transaction,TXN-0002198,CREATE,,Completed,,POS,True
AUD-00002199,2026-07-26 13:19:04,PH-002,EMP-0034,Sale,transaction,TXN-0002199,CREATE,,Completed,,POS,True
AUD-00002200,2026-05-27 19:59:09,PH-005,EMP-0107,Sale,transaction,TXN-0002200,CREATE,,Completed,,POS,True
AUD-00002201,2026-06-08 10:37:22,PH-003,EMP-0047,Sale,transaction,TXN-0002201,CREATE,,Completed,,POS,True
AUD-00002202,2026-07-29 19:00:48,PH-003,EMP-0056,Sale,transaction,TXN-0002202,CREATE,,Completed,,POS,True
AUD-00002203,2026-05-19 11:05:14,PH-003,EMP-0056,Sale,transaction,TXN-0002203,CREATE,,Completed,,POS,True
AUD-00002204,2026-05-15 17:03:00,PH-002,EMP-0023,Sale,transaction,TXN-0002204,CREATE,,Completed,,POS,True
AUD-00002205,2026-05-13 10:34:41,PH-002,EMP-0035,Sale,transaction,TXN-0002205,CREATE,,Completed,,POS,True
AUD-00002206,2026-07-19 12:10:20,PH-002,EMP-0035,Sale,transaction,TXN-0002206,CREATE,,Completed,,POS,True
AUD-00002207,2026-06-20 15:20:10,PH-001,EMP-0016,Sale,transaction,TXN-0002207,CREATE,,Completed,,POS,True
AUD-00002208,2026-05-06 16:14:46,PH-002,EMP-0039,Sale,transaction,TXN-0002208,CREATE,,Completed,,POS,True
AUD-00002209,2026-07-22 13:21:24,PH-001,EMP-0018,Sale,transaction,TXN-0002209,CREATE,,Completed,,POS,True
AUD-00002210,2026-07-19 10:31:47,PH-005,EMP-0103,Sale,transaction,TXN-0002210,CREATE,,Completed,,POS,True
AUD-00002211,2026-06-13 10:58:33,PH-005,EMP-0107,Sale,transaction,TXN-0002211,CREATE,,Completed,,POS,True
AUD-00002212,2026-05-29 19:01:54,PH-002,EMP-0034,Sale,transaction,TXN-0002212,CREATE,,Completed,,POS,True
AUD-00002213,2026-06-03 12:59:31,PH-004,EMP-0082,Sale,transaction,TXN-0002213,CREATE,,Completed,,POS,True
AUD-00002214,2026-05-05 11:41:46,PH-003,EMP-0057,Sale,transaction,TXN-0002214,CREATE,,Completed,,POS,True
AUD-00002215,2026-05-02 08:35:38,PH-003,EMP-0064,Sale,transaction,TXN-0002215,CREATE,,Completed,,POS,True
AUD-00002216,2026-07-02 21:12:55,PH-004,EMP-0068,Sale,transaction,TXN-0002216,CREATE,,Completed,,POS,True
AUD-00002217,2026-05-28 17:11:23,PH-002,EMP-0023,Sale,transaction,TXN-0002217,CREATE,,Completed,,POS,True
AUD-00002218,2026-07-12 12:11:40,PH-002,EMP-0024,Sale,transaction,TXN-0002218,CREATE,,Completed,,POS,True
AUD-00002219,2026-05-27 13:09:25,PH-003,EMP-0057,Sale,transaction,TXN-0002219,CREATE,,Completed,,POS,True
AUD-00002220,2026-05-16 16:32:19,PH-004,EMP-0079,Sale,transaction,TXN-0002220,CREATE,,Completed,,POS,True
AUD-00002221,2026-05-02 14:54:18,PH-005,EMP-0104,Sale,transaction,TXN-0002221,CREATE,,Completed,,POS,True
AUD-00002222,2026-06-12 10:39:32,PH-004,EMP-0068,Sale,transaction,TXN-0002222,CREATE,,Completed,,POS,True
AUD-00002223,2026-07-01 09:30:27,PH-003,EMP-0058,Sale,transaction,TXN-0002223,CREATE,,Completed,,POS,True
AUD-00002224,2026-06-06 10:18:46,PH-002,EMP-0041,Sale,transaction,TXN-0002224,CREATE,,Completed,,POS,True
AUD-00002225,2026-07-15 20:52:23,PH-002,EMP-0041,Sale,transaction,TXN-0002225,CREATE,,Completed,,POS,True
AUD-00002226,2026-06-02 16:56:26,PH-005,EMP-0101,Sale,transaction,TXN-0002226,CREATE,,Completed,,POS,True
AUD-00002227,2026-05-31 18:17:33,PH-004,EMP-0080,Sale,transaction,TXN-0002227,CREATE,,Completed,,POS,True
AUD-00002228,2026-07-27 17:05:12,PH-003,EMP-0056,Sale,transaction,TXN-0002228,CREATE,,Completed,,POS,True
AUD-00002229,2026-07-18 17:43:18,PH-004,EMP-0069,Sale,transaction,TXN-0002229,CREATE,,Completed,,POS,True
AUD-00002230,2026-06-19 17:53:01,PH-002,EMP-0037,Sale,transaction,TXN-0002230,CREATE,,Completed,,POS,True
AUD-00002231,2026-05-03 20:47:59,PH-001,EMP-0002,Sale,transaction,TXN-0002231,CREATE,,Completed,,POS,True
AUD-00002232,2026-06-25 21:30:04,PH-005,EMP-0101,Sale,transaction,TXN-0002232,CREATE,,Completed,,POS,True
AUD-00002233,2026-07-31 17:32:52,PH-002,EMP-0040,Sale,transaction,TXN-0002233,CREATE,,Completed,,POS,True
AUD-00002234,2026-05-22 17:15:42,PH-005,EMP-0090,Sale,transaction,TXN-0002234,CREATE,,Completed,,POS,True
AUD-00002235,2026-05-12 10:14:26,PH-004,EMP-0080,Sale,transaction,TXN-0002235,CREATE,,Completed,,POS,True
AUD-00002236,2026-06-26 12:24:59,PH-001,EMP-0016,Sale,transaction,TXN-0002236,CREATE,,Completed,,POS,True
AUD-00002237,2026-06-29 19:15:10,PH-001,EMP-0019,Sale,transaction,TXN-0002237,CREATE,,Completed,,POS,True
AUD-00002238,2026-06-19 18:27:04,PH-001,EMP-0001,Sale,transaction,TXN-0002238,CREATE,,Completed,,POS,True
AUD-00002239,2026-06-04 09:00:27,PH-001,EMP-0013,Sale,transaction,TXN-0002239,CREATE,,Completed,,POS,True
AUD-00002240,2026-06-02 13:58:42,PH-004,EMP-0084,Sale,transaction,TXN-0002240,CREATE,,Completed,,POS,True
AUD-00002241,2026-05-15 21:13:59,PH-003,EMP-0057,Sale,transaction,TXN-0002241,CREATE,,Completed,,POS,True
AUD-00002242,2026-05-11 10:50:32,PH-003,EMP-0045,Sale,transaction,TXN-0002242,CREATE,,Completed,,POS,True
AUD-00002243,2026-07-15 14:01:26,PH-003,EMP-0060,Sale,transaction,TXN-0002243,CREATE,,Completed,,POS,True
AUD-00002244,2026-06-29 08:57:35,PH-005,EMP-0108,Sale,transaction,TXN-0002244,CREATE,,Completed,,POS,True
AUD-00002245,2026-06-29 20:24:35,PH-004,EMP-0080,Sale,transaction,TXN-0002245,CREATE,,Completed,,POS,True
AUD-00002246,2026-05-16 17:03:09,PH-005,EMP-0101,Sale,transaction,TXN-0002246,CREATE,,Completed,,POS,True
AUD-00002247,2026-06-20 11:10:14,PH-003,EMP-0057,Sale,transaction,TXN-0002247,CREATE,,Completed,,POS,True
AUD-00002248,2026-05-25 16:16:21,PH-001,EMP-0020,Sale,transaction,TXN-0002248,CREATE,,Completed,,POS,True
AUD-00002249,2026-06-25 19:34:04,PH-003,EMP-0064,Sale,transaction,TXN-0002249,CREATE,,Completed,,POS,True
AUD-00002250,2026-05-11 10:50:56,PH-002,EMP-0041,Sale,transaction,TXN-0002250,CREATE,,Completed,,POS,True
AUD-00002251,2026-05-18 15:12:05,PH-005,EMP-0102,Sale,transaction,TXN-0002251,CREATE,,Completed,,POS,True
AUD-00002252,2026-06-02 12:07:01,PH-002,EMP-0038,Sale,transaction,TXN-0002252,CREATE,,Completed,,POS,True
AUD-00002253,2026-07-21 12:47:25,PH-003,EMP-0061,Sale,transaction,TXN-0002253,CREATE,,Completed,,POS,True
AUD-00002254,2026-06-15 18:33:09,PH-001,EMP-0012,Sale,transaction,TXN-0002254,CREATE,,Completed,,POS,True
AUD-00002255,2026-07-26 09:21:41,PH-001,EMP-0006,Sale,transaction,TXN-0002255,CREATE,,Completed,,POS,True
AUD-00002256,2026-07-29 19:31:04,PH-004,EMP-0079,Sale,transaction,TXN-0002256,CREATE,,Completed,,POS,True
AUD-00002257,2026-07-13 13:28:37,PH-001,EMP-0006,Sale,transaction,TXN-0002257,CREATE,,Completed,,POS,True
AUD-00002258,2026-05-03 08:08:56,PH-005,EMP-0101,Sale,transaction,TXN-0002258,CREATE,,Completed,,POS,True
AUD-00002259,2026-06-04 18:55:31,PH-004,EMP-0069,Sale,transaction,TXN-0002259,CREATE,,Completed,,POS,True
AUD-00002260,2026-07-30 16:20:12,PH-003,EMP-0047,Sale,transaction,TXN-0002260,CREATE,,Completed,,POS,True
AUD-00002261,2026-05-26 13:55:05,PH-005,EMP-0108,Sale,transaction,TXN-0002261,CREATE,,Completed,,POS,True
AUD-00002262,2026-07-15 20:01:27,PH-004,EMP-0079,Sale,transaction,TXN-0002262,CREATE,,Completed,,POS,True
AUD-00002263,2026-06-06 10:40:14,PH-005,EMP-0105,Sale,transaction,TXN-0002263,CREATE,,Completed,,POS,True
AUD-00002264,2026-05-26 17:55:47,PH-001,EMP-0018,Sale,transaction,TXN-0002264,CREATE,,Completed,,POS,True
AUD-00002265,2026-05-08 11:40:13,PH-002,EMP-0035,Sale,transaction,TXN-0002265,CREATE,,Completed,,POS,True
AUD-00002266,2026-06-14 19:50:29,PH-002,EMP-0036,Sale,transaction,TXN-0002266,CREATE,,Completed,,POS,True
AUD-00002267,2026-05-27 18:15:19,PH-001,EMP-0012,Sale,transaction,TXN-0002267,CREATE,,Completed,,POS,True
AUD-00002268,2026-05-15 16:49:39,PH-001,EMP-0012,Sale,transaction,TXN-0002268,CREATE,,Completed,,POS,True
AUD-00002269,2026-07-30 11:33:23,PH-002,EMP-0038,Sale,transaction,TXN-0002269,CREATE,,Completed,,POS,True
AUD-00002270,2026-07-27 19:30:53,PH-004,EMP-0086,Sale,transaction,TXN-0002270,CREATE,,Completed,,POS,True
AUD-00002271,2026-05-09 13:47:40,PH-002,EMP-0025,Sale,transaction,TXN-0002271,CREATE,,Completed,,POS,True
AUD-00002272,2026-07-31 12:38:43,PH-004,EMP-0083,Sale,transaction,TXN-0002272,CREATE,,Completed,,POS,True
AUD-00002273,2026-06-15 12:37:14,PH-003,EMP-0064,Sale,transaction,TXN-0002273,CREATE,,Completed,,POS,True
AUD-00002274,2026-06-05 12:44:10,PH-002,EMP-0038,Sale,transaction,TXN-0002274,CREATE,,Completed,,POS,True
AUD-00002275,2026-05-31 21:12:01,PH-001,EMP-0013,Sale,transaction,TXN-0002275,CREATE,,Completed,,POS,True
AUD-00002276,2026-07-08 14:02:18,PH-005,EMP-0107,Sale,transaction,TXN-0002276,CREATE,,Completed,,POS,True
AUD-00002277,2026-06-08 20:26:02,PH-002,EMP-0036,Sale,transaction,TXN-0002277,CREATE,,Completed,,POS,True
AUD-00002278,2026-07-10 13:44:40,PH-001,EMP-0019,Sale,transaction,TXN-0002278,CREATE,,Completed,,POS,True
AUD-00002279,2026-05-11 08:07:18,PH-001,EMP-0018,Sale,transaction,TXN-0002279,CREATE,,Completed,,POS,True
AUD-00002280,2026-06-30 09:32:53,PH-005,EMP-0108,Sale,transaction,TXN-0002280,CREATE,,Completed,,POS,True
AUD-00002281,2026-05-10 12:05:54,PH-002,EMP-0038,Sale,transaction,TXN-0002281,CREATE,,Completed,,POS,True
AUD-00002282,2026-06-23 19:27:12,PH-005,EMP-0100,Sale,transaction,TXN-0002282,CREATE,,Completed,,POS,True
AUD-00002283,2026-06-22 18:07:00,PH-002,EMP-0024,Sale,transaction,TXN-0002283,CREATE,,Completed,,POS,True
AUD-00002284,2026-07-20 08:32:06,PH-001,EMP-0002,Sale,transaction,TXN-0002284,CREATE,,Completed,,POS,True
AUD-00002285,2026-07-21 16:17:39,PH-002,EMP-0024,Sale,transaction,TXN-0002285,CREATE,,Completed,,POS,True
AUD-00002286,2026-07-29 16:18:19,PH-005,EMP-0102,Sale,transaction,TXN-0002286,CREATE,,Completed,,POS,True
AUD-00002287,2026-06-01 10:53:18,PH-002,EMP-0035,Sale,transaction,TXN-0002287,CREATE,,Completed,,POS,True
AUD-00002288,2026-06-02 17:45:30,PH-001,EMP-0020,Sale,transaction,TXN-0002288,CREATE,,Completed,,POS,True
AUD-00002289,2026-07-08 20:38:13,PH-003,EMP-0047,Sale,transaction,TXN-0002289,CREATE,,Completed,,POS,True
AUD-00002290,2026-06-08 13:51:28,PH-005,EMP-0107,Sale,transaction,TXN-0002290,CREATE,,Completed,,POS,True
AUD-00002291,2026-06-21 09:18:59,PH-001,EMP-0014,Sale,transaction,TXN-0002291,CREATE,,Completed,,POS,True
AUD-00002292,2026-06-19 19:48:34,PH-002,EMP-0035,Sale,transaction,TXN-0002292,CREATE,,Completed,,POS,True
AUD-00002293,2026-07-20 19:19:48,PH-005,EMP-0089,Sale,transaction,TXN-0002293,CREATE,,Completed,,POS,True
AUD-00002294,2026-07-18 15:17:24,PH-003,EMP-0062,Sale,transaction,TXN-0002294,CREATE,,Completed,,POS,True
AUD-00002295,2026-07-11 16:02:25,PH-001,EMP-0006,Sale,transaction,TXN-0002295,CREATE,,Completed,,POS,True
AUD-00002296,2026-07-25 14:31:46,PH-002,EMP-0041,Sale,transaction,TXN-0002296,CREATE,,Completed,,POS,True
AUD-00002297,2026-07-31 17:32:00,PH-003,EMP-0063,Sale,transaction,TXN-0002297,CREATE,,Completed,,POS,True
AUD-00002298,2026-05-04 15:40:00,PH-001,EMP-0019,Sale,transaction,TXN-0002298,CREATE,,Completed,,POS,True
AUD-00002299,2026-06-19 14:59:39,PH-005,EMP-0100,Sale,transaction,TXN-0002299,CREATE,,Completed,,POS,True
AUD-00002300,2026-05-21 18:26:55,PH-003,EMP-0064,Sale,transaction,TXN-0002300,CREATE,,Completed,,POS,True
AUD-00002301,2026-05-09 08:28:44,PH-001,EMP-0003,Sale,transaction,TXN-0002301,CREATE,,Completed,,POS,True
AUD-00002302,2026-07-12 10:06:37,PH-002,EMP-0038,Sale,transaction,TXN-0002302,CREATE,,Completed,,POS,True
AUD-00002303,2026-07-04 21:45:24,PH-003,EMP-0059,Sale,transaction,TXN-0002303,CREATE,,Completed,,POS,True
AUD-00002304,2026-05-04 10:14:51,PH-001,EMP-0015,Sale,transaction,TXN-0002304,CREATE,,Completed,,POS,True
AUD-00002305,2026-06-03 17:20:44,PH-003,EMP-0059,Sale,transaction,TXN-0002305,CREATE,,Completed,,POS,True
AUD-00002306,2026-05-04 19:10:47,PH-001,EMP-0001,Sale,transaction,TXN-0002306,CREATE,,Completed,,POS,True
AUD-00002307,2026-06-09 09:17:31,PH-004,EMP-0067,Sale,transaction,TXN-0002307,CREATE,,Completed,,POS,True
AUD-00002308,2026-05-16 17:32:37,PH-001,EMP-0018,Sale,transaction,TXN-0002308,CREATE,,Completed,,POS,True
AUD-00002309,2026-06-14 10:05:04,PH-003,EMP-0060,Sale,transaction,TXN-0002309,CREATE,,Completed,,POS,True
AUD-00002310,2026-07-12 20:00:36,PH-001,EMP-0016,Sale,transaction,TXN-0002310,CREATE,,Completed,,POS,True
AUD-00002311,2026-06-27 20:41:13,PH-001,EMP-0017,Sale,transaction,TXN-0002311,CREATE,,Completed,,POS,True
AUD-00002312,2026-07-13 18:16:57,PH-005,EMP-0091,Sale,transaction,TXN-0002312,CREATE,,Completed,,POS,True
AUD-00002313,2026-07-04 20:44:12,PH-001,EMP-0014,Sale,transaction,TXN-0002313,CREATE,,Completed,,POS,True
AUD-00002314,2026-06-18 18:38:11,PH-003,EMP-0056,Sale,transaction,TXN-0002314,CREATE,,Completed,,POS,True
AUD-00002315,2026-07-07 09:58:47,PH-004,EMP-0080,Sale,transaction,TXN-0002315,CREATE,,Completed,,POS,True
AUD-00002316,2026-07-10 19:19:02,PH-003,EMP-0046,Sale,transaction,TXN-0002316,CREATE,,Completed,,POS,True
AUD-00002317,2026-06-16 18:06:39,PH-001,EMP-0018,Sale,transaction,TXN-0002317,CREATE,,Completed,,POS,True
AUD-00002318,2026-06-29 09:20:37,PH-001,EMP-0012,Sale,transaction,TXN-0002318,CREATE,,Completed,,POS,True
AUD-00002319,2026-05-24 15:47:40,PH-001,EMP-0006,Sale,transaction,TXN-0002319,CREATE,,Completed,,POS,True
AUD-00002320,2026-05-31 13:54:03,PH-002,EMP-0040,Sale,transaction,TXN-0002320,CREATE,,Completed,,POS,True
AUD-00002321,2026-06-15 21:44:32,PH-004,EMP-0086,Sale,transaction,TXN-0002321,CREATE,,Completed,,POS,True
AUD-00002322,2026-05-31 18:22:47,PH-001,EMP-0013,Sale,transaction,TXN-0002322,CREATE,,Completed,,POS,True
AUD-00002323,2026-05-03 19:11:56,PH-001,EMP-0017,Sale,transaction,TXN-0002323,CREATE,,Completed,,POS,True
AUD-00002324,2026-06-20 19:33:48,PH-003,EMP-0047,Sale,transaction,TXN-0002324,CREATE,,Completed,,POS,True
AUD-00002325,2026-07-17 16:21:22,PH-005,EMP-0104,Sale,transaction,TXN-0002325,CREATE,,Completed,,POS,True
AUD-00002326,2026-06-19 16:35:58,PH-001,EMP-0015,Sale,transaction,TXN-0002326,CREATE,,Completed,,POS,True
AUD-00002327,2026-05-21 21:18:33,PH-004,EMP-0081,Sale,transaction,TXN-0002327,CREATE,,Completed,,POS,True
AUD-00002328,2026-06-20 09:00:35,PH-001,EMP-0016,Sale,transaction,TXN-0002328,CREATE,,Completed,,POS,True
AUD-00002329,2026-07-28 15:12:48,PH-004,EMP-0086,Sale,transaction,TXN-0002329,CREATE,,Completed,,POS,True
AUD-00002330,2026-06-10 20:31:24,PH-004,EMP-0080,Sale,transaction,TXN-0002330,CREATE,,Completed,,POS,True
AUD-00002331,2026-05-17 16:57:17,PH-003,EMP-0047,Sale,transaction,TXN-0002331,CREATE,,Completed,,POS,True
AUD-00002332,2026-05-10 15:02:24,PH-003,EMP-0063,Sale,transaction,TXN-0002332,CREATE,,Completed,,POS,True
AUD-00002333,2026-05-14 09:54:59,PH-004,EMP-0086,Sale,transaction,TXN-0002333,CREATE,,Completed,,POS,True
AUD-00002334,2026-05-24 13:27:10,PH-005,EMP-0104,Sale,transaction,TXN-0002334,CREATE,,Completed,,POS,True
AUD-00002335,2026-06-06 19:21:05,PH-004,EMP-0069,Sale,transaction,TXN-0002335,CREATE,,Completed,,POS,True
AUD-00002336,2026-05-24 17:30:01,PH-004,EMP-0084,Sale,transaction,TXN-0002336,CREATE,,Completed,,POS,True
AUD-00002337,2026-07-03 14:54:39,PH-004,EMP-0068,Sale,transaction,TXN-0002337,CREATE,,Completed,,POS,True
AUD-00002338,2026-06-05 16:31:05,PH-002,EMP-0024,Sale,transaction,TXN-0002338,CREATE,,Completed,,POS,True
AUD-00002339,2026-06-25 11:36:11,PH-005,EMP-0108,Sale,transaction,TXN-0002339,CREATE,,Completed,,POS,True
AUD-00002340,2026-07-26 08:52:41,PH-003,EMP-0056,Sale,transaction,TXN-0002340,CREATE,,Completed,,POS,True
AUD-00002341,2026-05-25 12:55:37,PH-001,EMP-0012,Sale,transaction,TXN-0002341,CREATE,,Completed,,POS,True
AUD-00002342,2026-05-02 09:54:57,PH-001,EMP-0020,Sale,transaction,TXN-0002342,CREATE,,Completed,,POS,True
AUD-00002343,2026-06-16 18:13:47,PH-002,EMP-0036,Sale,transaction,TXN-0002343,CREATE,,Completed,,POS,True
AUD-00002344,2026-05-10 16:49:54,PH-005,EMP-0102,Sale,transaction,TXN-0002344,CREATE,,Completed,,POS,True
AUD-00002345,2026-05-13 20:17:47,PH-001,EMP-0013,Sale,transaction,TXN-0002345,CREATE,,Completed,,POS,True
AUD-00002346,2026-07-03 10:36:17,PH-004,EMP-0083,Sale,transaction,TXN-0002346,CREATE,,Completed,,POS,True
AUD-00002347,2026-05-29 11:48:47,PH-005,EMP-0108,Sale,transaction,TXN-0002347,CREATE,,Completed,,POS,True
AUD-00002348,2026-07-04 09:33:47,PH-002,EMP-0035,Sale,transaction,TXN-0002348,CREATE,,Completed,,POS,True
AUD-00002349,2026-05-22 18:04:57,PH-004,EMP-0067,Sale,transaction,TXN-0002349,CREATE,,Completed,,POS,True
AUD-00002350,2026-06-14 18:31:12,PH-001,EMP-0001,Sale,transaction,TXN-0002350,CREATE,,Completed,,POS,True
AUD-00002351,2026-06-25 20:14:19,PH-005,EMP-0108,Sale,transaction,TXN-0002351,CREATE,,Completed,,POS,True
AUD-00002352,2026-05-27 11:14:53,PH-002,EMP-0041,Sale,transaction,TXN-0002352,CREATE,,Completed,,POS,True
AUD-00002353,2026-05-22 14:34:19,PH-001,EMP-0001,Sale,transaction,TXN-0002353,CREATE,,Completed,,POS,True
AUD-00002354,2026-07-15 18:38:52,PH-001,EMP-0014,Sale,transaction,TXN-0002354,CREATE,,Completed,,POS,True
AUD-00002355,2026-06-29 19:09:13,PH-002,EMP-0038,Sale,transaction,TXN-0002355,CREATE,,Completed,,POS,True
AUD-00002356,2026-05-20 09:27:35,PH-005,EMP-0091,Sale,transaction,TXN-0002356,CREATE,,Completed,,POS,True
AUD-00002357,2026-06-10 10:47:23,PH-002,EMP-0042,Sale,transaction,TXN-0002357,CREATE,,Completed,,POS,True
AUD-00002358,2026-05-05 11:40:24,PH-005,EMP-0089,Sale,transaction,TXN-0002358,CREATE,,Completed,,POS,True
AUD-00002359,2026-05-18 10:45:22,PH-003,EMP-0058,Sale,transaction,TXN-0002359,CREATE,,Completed,,POS,True
AUD-00002360,2026-07-08 16:51:56,PH-003,EMP-0062,Sale,transaction,TXN-0002360,CREATE,,Completed,,POS,True
AUD-00002361,2026-07-27 14:44:12,PH-003,EMP-0058,Sale,transaction,TXN-0002361,CREATE,,Completed,,POS,True
AUD-00002362,2026-06-01 14:38:50,PH-002,EMP-0036,Sale,transaction,TXN-0002362,CREATE,,Completed,,POS,True
AUD-00002363,2026-07-02 14:37:50,PH-003,EMP-0057,Sale,transaction,TXN-0002363,CREATE,,Completed,,POS,True
AUD-00002364,2026-05-12 18:16:56,PH-002,EMP-0023,Sale,transaction,TXN-0002364,CREATE,,Completed,,POS,True
AUD-00002365,2026-07-07 21:23:12,PH-002,EMP-0037,Sale,transaction,TXN-0002365,CREATE,,Completed,,POS,True
AUD-00002366,2026-06-01 18:19:44,PH-003,EMP-0063,Sale,transaction,TXN-0002366,CREATE,,Completed,,POS,True
AUD-00002367,2026-06-13 15:56:25,PH-003,EMP-0059,Sale,transaction,TXN-0002367,CREATE,,Completed,,POS,True
AUD-00002368,2026-06-20 09:10:35,PH-002,EMP-0042,Sale,transaction,TXN-0002368,CREATE,,Completed,,POS,True
AUD-00002369,2026-07-14 19:58:26,PH-005,EMP-0107,Sale,transaction,TXN-0002369,CREATE,,Completed,,POS,True
AUD-00002370,2026-07-29 19:28:34,PH-004,EMP-0078,Sale,transaction,TXN-0002370,CREATE,,Completed,,POS,True
AUD-00002371,2026-06-03 19:05:05,PH-002,EMP-0036,Sale,transaction,TXN-0002371,CREATE,,Completed,,POS,True
AUD-00002372,2026-06-28 20:22:21,PH-005,EMP-0104,Sale,transaction,TXN-0002372,CREATE,,Completed,,POS,True
AUD-00002373,2026-05-27 14:03:00,PH-004,EMP-0080,Sale,transaction,TXN-0002373,CREATE,,Completed,,POS,True
AUD-00002374,2026-06-17 09:51:09,PH-005,EMP-0107,Sale,transaction,TXN-0002374,CREATE,,Completed,,POS,True
AUD-00002375,2026-05-04 10:31:40,PH-001,EMP-0015,Sale,transaction,TXN-0002375,CREATE,,Completed,,POS,True
AUD-00002376,2026-06-15 19:39:03,PH-005,EMP-0090,Sale,transaction,TXN-0002376,CREATE,,Completed,,POS,True
AUD-00002377,2026-05-22 16:02:01,PH-003,EMP-0060,Sale,transaction,TXN-0002377,CREATE,,Completed,,POS,True
AUD-00002378,2026-05-03 13:12:26,PH-005,EMP-0091,Sale,transaction,TXN-0002378,CREATE,,Completed,,POS,True
AUD-00002379,2026-05-09 09:32:41,PH-004,EMP-0082,Sale,transaction,TXN-0002379,CREATE,,Completed,,POS,True
AUD-00002380,2026-05-02 17:06:46,PH-001,EMP-0019,Sale,transaction,TXN-0002380,CREATE,,Completed,,POS,True
AUD-00002381,2026-06-02 14:18:15,PH-004,EMP-0081,Sale,transaction,TXN-0002381,CREATE,,Completed,,POS,True
AUD-00002382,2026-05-02 20:49:23,PH-001,EMP-0002,Sale,transaction,TXN-0002382,CREATE,,Completed,,POS,True
AUD-00002383,2026-07-21 13:59:41,PH-005,EMP-0108,Sale,transaction,TXN-0002383,CREATE,,Completed,,POS,True
AUD-00002384,2026-05-11 18:17:42,PH-002,EMP-0035,Sale,transaction,TXN-0002384,CREATE,,Completed,,POS,True
AUD-00002385,2026-06-09 20:28:20,PH-004,EMP-0086,Sale,transaction,TXN-0002385,CREATE,,Completed,,POS,True
AUD-00002386,2026-06-01 17:33:40,PH-004,EMP-0068,Sale,transaction,TXN-0002386,CREATE,,Completed,,POS,True
AUD-00002387,2026-07-01 10:05:12,PH-002,EMP-0036,Sale,transaction,TXN-0002387,CREATE,,Completed,,POS,True
AUD-00002388,2026-06-28 13:39:14,PH-001,EMP-0006,Sale,transaction,TXN-0002388,CREATE,,Completed,,POS,True
AUD-00002389,2026-06-23 09:30:31,PH-005,EMP-0091,Sale,transaction,TXN-0002389,CREATE,,Completed,,POS,True
AUD-00002390,2026-06-08 19:17:44,PH-001,EMP-0016,Sale,transaction,TXN-0002390,CREATE,,Completed,,POS,True
AUD-00002391,2026-05-29 19:11:16,PH-001,EMP-0013,Sale,transaction,TXN-0002391,CREATE,,Completed,,POS,True
AUD-00002392,2026-05-16 12:09:33,PH-001,EMP-0006,Sale,transaction,TXN-0002392,CREATE,,Completed,,POS,True
AUD-00002393,2026-07-27 19:48:47,PH-003,EMP-0062,Sale,transaction,TXN-0002393,CREATE,,Completed,,POS,True
AUD-00002394,2026-07-12 20:18:35,PH-004,EMP-0082,Sale,transaction,TXN-0002394,CREATE,,Completed,,POS,True
AUD-00002395,2026-07-03 15:02:09,PH-002,EMP-0036,Sale,transaction,TXN-0002395,CREATE,,Completed,,POS,True
AUD-00002396,2026-06-26 15:06:45,PH-004,EMP-0082,Sale,transaction,TXN-0002396,CREATE,,Completed,,POS,True
AUD-00002397,2026-07-01 09:42:12,PH-004,EMP-0084,Sale,transaction,TXN-0002397,CREATE,,Completed,,POS,True
AUD-00002398,2026-07-04 18:23:32,PH-002,EMP-0037,Sale,transaction,TXN-0002398,CREATE,,Completed,,POS,True
AUD-00002399,2026-06-14 20:19:11,PH-004,EMP-0085,Sale,transaction,TXN-0002399,CREATE,,Completed,,POS,True
AUD-00002400,2026-07-20 11:06:59,PH-002,EMP-0042,Sale,transaction,TXN-0002400,CREATE,,Completed,,POS,True
AUD-00002401,2026-05-26 16:26:39,PH-005,EMP-0100,Sale,transaction,TXN-0002401,CREATE,,Completed,,POS,True
AUD-00002402,2026-05-29 16:05:09,PH-002,EMP-0023,Sale,transaction,TXN-0002402,CREATE,,Completed,,POS,True
AUD-00002403,2026-07-15 09:07:47,PH-001,EMP-0015,Sale,transaction,TXN-0002403,CREATE,,Completed,,POS,True
AUD-00002404,2026-07-11 16:31:43,PH-002,EMP-0037,Sale,transaction,TXN-0002404,CREATE,,Completed,,POS,True
AUD-00002405,2026-07-11 08:47:52,PH-003,EMP-0059,Sale,transaction,TXN-0002405,CREATE,,Completed,,POS,True
AUD-00002406,2026-06-20 08:06:45,PH-002,EMP-0042,Sale,transaction,TXN-0002406,CREATE,,Completed,,POS,True
AUD-00002407,2026-06-28 16:53:10,PH-002,EMP-0040,Sale,transaction,TXN-0002407,CREATE,,Completed,,POS,True
AUD-00002408,2026-06-22 09:33:04,PH-005,EMP-0101,Sale,transaction,TXN-0002408,CREATE,,Completed,,POS,True
AUD-00002409,2026-05-19 12:13:50,PH-002,EMP-0035,Sale,transaction,TXN-0002409,CREATE,,Completed,,POS,True
AUD-00002410,2026-05-12 11:40:07,PH-002,EMP-0039,Sale,transaction,TXN-0002410,CREATE,,Completed,,POS,True
AUD-00002411,2026-06-09 10:47:02,PH-002,EMP-0041,Sale,transaction,TXN-0002411,CREATE,,Completed,,POS,True
AUD-00002412,2026-07-07 08:29:40,PH-003,EMP-0056,Sale,transaction,TXN-0002412,CREATE,,Completed,,POS,True
AUD-00002413,2026-07-09 19:31:30,PH-005,EMP-0103,Sale,transaction,TXN-0002413,CREATE,,Completed,,POS,True
AUD-00002414,2026-07-15 17:12:27,PH-002,EMP-0041,Sale,transaction,TXN-0002414,CREATE,,Completed,,POS,True
AUD-00002415,2026-05-14 17:07:08,PH-005,EMP-0108,Sale,transaction,TXN-0002415,CREATE,,Completed,,POS,True
AUD-00002416,2026-07-12 19:30:06,PH-001,EMP-0020,Sale,transaction,TXN-0002416,CREATE,,Completed,,POS,True
AUD-00002417,2026-05-19 17:21:25,PH-003,EMP-0057,Sale,transaction,TXN-0002417,CREATE,,Completed,,POS,True
AUD-00002418,2026-06-15 21:30:55,PH-004,EMP-0069,Sale,transaction,TXN-0002418,CREATE,,Completed,,POS,True
AUD-00002419,2026-05-09 16:01:32,PH-003,EMP-0046,Sale,transaction,TXN-0002419,CREATE,,Completed,,POS,True
AUD-00002420,2026-06-03 08:45:53,PH-003,EMP-0063,Sale,transaction,TXN-0002420,CREATE,,Completed,,POS,True
AUD-00002421,2026-05-17 08:20:07,PH-001,EMP-0012,Sale,transaction,TXN-0002421,CREATE,,Completed,,POS,True
AUD-00002422,2026-06-06 19:01:23,PH-005,EMP-0107,Sale,transaction,TXN-0002422,CREATE,,Completed,,POS,True
AUD-00002423,2026-07-26 10:10:12,PH-002,EMP-0035,Sale,transaction,TXN-0002423,CREATE,,Completed,,POS,True
AUD-00002424,2026-06-30 12:12:49,PH-002,EMP-0040,Sale,transaction,TXN-0002424,CREATE,,Completed,,POS,True
AUD-00002425,2026-06-03 11:43:37,PH-004,EMP-0078,Sale,transaction,TXN-0002425,CREATE,,Completed,,POS,True
AUD-00002426,2026-05-14 21:03:34,PH-005,EMP-0106,Sale,transaction,TXN-0002426,CREATE,,Completed,,POS,True
AUD-00002427,2026-07-15 17:28:33,PH-002,EMP-0025,Sale,transaction,TXN-0002427,CREATE,,Completed,,POS,True
AUD-00002428,2026-07-24 15:30:20,PH-001,EMP-0018,Sale,transaction,TXN-0002428,CREATE,,Completed,,POS,True
AUD-00002429,2026-07-20 08:45:23,PH-001,EMP-0014,Sale,transaction,TXN-0002429,CREATE,,Completed,,POS,True
AUD-00002430,2026-07-16 12:32:51,PH-001,EMP-0001,Sale,transaction,TXN-0002430,CREATE,,Completed,,POS,True
AUD-00002431,2026-06-11 16:55:27,PH-002,EMP-0025,Sale,transaction,TXN-0002431,CREATE,,Completed,,POS,True
AUD-00002432,2026-05-22 20:56:11,PH-005,EMP-0108,Sale,transaction,TXN-0002432,CREATE,,Completed,,POS,True
AUD-00002433,2026-05-15 18:58:48,PH-003,EMP-0062,Sale,transaction,TXN-0002433,CREATE,,Completed,,POS,True
AUD-00002434,2026-05-06 16:40:16,PH-003,EMP-0046,Sale,transaction,TXN-0002434,CREATE,,Completed,,POS,True
AUD-00002435,2026-05-19 15:13:04,PH-002,EMP-0024,Sale,transaction,TXN-0002435,CREATE,,Completed,,POS,True
AUD-00002436,2026-06-19 14:14:10,PH-001,EMP-0017,Sale,transaction,TXN-0002436,CREATE,,Completed,,POS,True
AUD-00002437,2026-05-24 08:19:32,PH-005,EMP-0103,Sale,transaction,TXN-0002437,CREATE,,Completed,,POS,True
AUD-00002438,2026-06-29 11:17:54,PH-001,EMP-0018,Sale,transaction,TXN-0002438,CREATE,,Completed,,POS,True
AUD-00002439,2026-06-01 10:13:57,PH-001,EMP-0019,Sale,transaction,TXN-0002439,CREATE,,Completed,,POS,True
AUD-00002440,2026-07-07 14:44:37,PH-005,EMP-0089,Sale,transaction,TXN-0002440,CREATE,,Completed,,POS,True
AUD-00002441,2026-07-30 08:36:27,PH-005,EMP-0108,Sale,transaction,TXN-0002441,CREATE,,Completed,,POS,True
AUD-00002442,2026-05-22 13:32:44,PH-005,EMP-0104,Sale,transaction,TXN-0002442,CREATE,,Completed,,POS,True
AUD-00002443,2026-06-13 17:38:14,PH-003,EMP-0057,Sale,transaction,TXN-0002443,CREATE,,Completed,,POS,True
AUD-00002444,2026-07-28 17:16:43,PH-001,EMP-0019,Sale,transaction,TXN-0002444,CREATE,,Completed,,POS,True
AUD-00002445,2026-07-09 13:58:18,PH-005,EMP-0090,Sale,transaction,TXN-0002445,CREATE,,Completed,,POS,True
AUD-00002446,2026-07-23 13:26:49,PH-005,EMP-0102,Sale,transaction,TXN-0002446,CREATE,,Completed,,POS,True
AUD-00002447,2026-05-13 19:43:45,PH-003,EMP-0057,Sale,transaction,TXN-0002447,CREATE,,Completed,,POS,True
AUD-00002448,2026-07-14 09:52:45,PH-002,EMP-0040,Sale,transaction,TXN-0002448,CREATE,,Completed,,POS,True
AUD-00002449,2026-07-04 08:45:35,PH-002,EMP-0036,Sale,transaction,TXN-0002449,CREATE,,Completed,,POS,True
AUD-00002450,2026-06-05 14:05:52,PH-002,EMP-0040,Sale,transaction,TXN-0002450,CREATE,,Completed,,POS,True
AUD-00002451,2026-06-11 09:41:46,PH-002,EMP-0025,Sale,transaction,TXN-0002451,CREATE,,Completed,,POS,True
AUD-00002452,2026-06-15 09:49:10,PH-005,EMP-0104,Sale,transaction,TXN-0002452,CREATE,,Completed,,POS,True
AUD-00002453,2026-07-26 20:02:54,PH-001,EMP-0019,Sale,transaction,TXN-0002453,CREATE,,Completed,,POS,True
AUD-00002454,2026-07-29 09:41:22,PH-002,EMP-0035,Sale,transaction,TXN-0002454,CREATE,,Completed,,POS,True
AUD-00002455,2026-05-29 16:33:29,PH-001,EMP-0002,Sale,transaction,TXN-0002455,CREATE,,Completed,,POS,True
AUD-00002456,2026-06-03 18:32:31,PH-001,EMP-0020,Sale,transaction,TXN-0002456,CREATE,,Completed,,POS,True
AUD-00002457,2026-07-24 15:49:15,PH-005,EMP-0106,Sale,transaction,TXN-0002457,CREATE,,Completed,,POS,True
AUD-00002458,2026-07-05 19:10:18,PH-004,EMP-0085,Sale,transaction,TXN-0002458,CREATE,,Completed,,POS,True
AUD-00002459,2026-07-13 08:12:20,PH-001,EMP-0020,Sale,transaction,TXN-0002459,CREATE,,Completed,,POS,True
AUD-00002460,2026-05-01 14:25:23,PH-002,EMP-0036,Sale,transaction,TXN-0002460,CREATE,,Completed,,POS,True
AUD-00002461,2026-07-17 12:41:15,PH-001,EMP-0001,Sale,transaction,TXN-0002461,CREATE,,Completed,,POS,True
AUD-00002462,2026-07-10 19:37:13,PH-001,EMP-0012,Sale,transaction,TXN-0002462,CREATE,,Completed,,POS,True
AUD-00002463,2026-07-19 12:10:28,PH-001,EMP-0016,Sale,transaction,TXN-0002463,CREATE,,Completed,,POS,True
AUD-00002464,2026-07-01 21:50:50,PH-001,EMP-0003,Sale,transaction,TXN-0002464,CREATE,,Completed,,POS,True
AUD-00002465,2026-06-25 14:00:06,PH-003,EMP-0064,Sale,transaction,TXN-0002465,CREATE,,Completed,,POS,True
AUD-00002466,2026-07-14 15:53:05,PH-003,EMP-0047,Sale,transaction,TXN-0002466,CREATE,,Completed,,POS,True
AUD-00002467,2026-07-11 10:45:50,PH-002,EMP-0042,Sale,transaction,TXN-0002467,CREATE,,Completed,,POS,True
AUD-00002468,2026-05-10 13:57:09,PH-002,EMP-0040,Sale,transaction,TXN-0002468,CREATE,,Completed,,POS,True
AUD-00002469,2026-07-24 14:27:45,PH-001,EMP-0015,Sale,transaction,TXN-0002469,CREATE,,Completed,,POS,True
AUD-00002470,2026-06-24 11:00:39,PH-003,EMP-0047,Sale,transaction,TXN-0002470,CREATE,,Completed,,POS,True
AUD-00002471,2026-06-04 09:46:28,PH-001,EMP-0014,Sale,transaction,TXN-0002471,CREATE,,Completed,,POS,True
AUD-00002472,2026-05-03 18:37:32,PH-004,EMP-0081,Sale,transaction,TXN-0002472,CREATE,,Completed,,POS,True
AUD-00002473,2026-07-24 19:05:29,PH-005,EMP-0102,Sale,transaction,TXN-0002473,CREATE,,Completed,,POS,True
AUD-00002474,2026-07-18 10:22:14,PH-003,EMP-0064,Sale,transaction,TXN-0002474,CREATE,,Completed,,POS,True
AUD-00002475,2026-05-10 18:08:11,PH-003,EMP-0045,Sale,transaction,TXN-0002475,CREATE,,Completed,,POS,True
AUD-00002476,2026-07-25 20:41:50,PH-002,EMP-0036,Sale,transaction,TXN-0002476,CREATE,,Completed,,POS,True
AUD-00002477,2026-07-23 08:02:50,PH-002,EMP-0036,Sale,transaction,TXN-0002477,CREATE,,Completed,,POS,True
AUD-00002478,2026-07-27 15:36:28,PH-001,EMP-0015,Sale,transaction,TXN-0002478,CREATE,,Completed,,POS,True
AUD-00002479,2026-05-03 16:07:46,PH-002,EMP-0035,Sale,transaction,TXN-0002479,CREATE,,Completed,,POS,True
AUD-00002480,2026-06-18 13:18:51,PH-005,EMP-0105,Sale,transaction,TXN-0002480,CREATE,,Completed,,POS,True
AUD-00002481,2026-07-06 09:35:54,PH-002,EMP-0040,Sale,transaction,TXN-0002481,CREATE,,Completed,,POS,True
AUD-00002482,2026-07-22 11:50:06,PH-004,EMP-0080,Sale,transaction,TXN-0002482,CREATE,,Completed,,POS,True
AUD-00002483,2026-05-07 14:16:49,PH-005,EMP-0107,Sale,transaction,TXN-0002483,CREATE,,Completed,,POS,True
AUD-00002484,2026-06-11 14:23:09,PH-002,EMP-0039,Sale,transaction,TXN-0002484,CREATE,,Completed,,POS,True
AUD-00002485,2026-07-01 12:42:45,PH-003,EMP-0046,Sale,transaction,TXN-0002485,CREATE,,Completed,,POS,True
AUD-00002486,2026-05-26 09:29:55,PH-004,EMP-0078,Sale,transaction,TXN-0002486,CREATE,,Completed,,POS,True
AUD-00002487,2026-06-04 10:16:15,PH-003,EMP-0057,Sale,transaction,TXN-0002487,CREATE,,Completed,,POS,True
AUD-00002488,2026-06-30 13:17:24,PH-004,EMP-0067,Sale,transaction,TXN-0002488,CREATE,,Completed,,POS,True
AUD-00002489,2026-07-23 09:14:54,PH-003,EMP-0064,Sale,transaction,TXN-0002489,CREATE,,Completed,,POS,True
AUD-00002490,2026-05-12 14:41:15,PH-001,EMP-0017,Sale,transaction,TXN-0002490,CREATE,,Completed,,POS,True
AUD-00002491,2026-06-13 19:06:49,PH-003,EMP-0060,Sale,transaction,TXN-0002491,CREATE,,Completed,,POS,True
AUD-00002492,2026-05-17 09:48:02,PH-001,EMP-0020,Sale,transaction,TXN-0002492,CREATE,,Completed,,POS,True
AUD-00002493,2026-05-18 08:46:37,PH-001,EMP-0019,Sale,transaction,TXN-0002493,CREATE,,Completed,,POS,True
AUD-00002494,2026-05-09 12:07:13,PH-005,EMP-0091,Sale,transaction,TXN-0002494,CREATE,,Completed,,POS,True
AUD-00002495,2026-07-27 14:56:32,PH-002,EMP-0040,Sale,transaction,TXN-0002495,CREATE,,Completed,,POS,True
AUD-00002496,2026-06-12 12:48:25,PH-005,EMP-0106,Sale,transaction,TXN-0002496,CREATE,,Completed,,POS,True
AUD-00002497,2026-06-22 17:00:28,PH-003,EMP-0063,Sale,transaction,TXN-0002497,CREATE,,Completed,,POS,True
AUD-00002498,2026-05-10 20:09:52,PH-003,EMP-0045,Sale,transaction,TXN-0002498,CREATE,,Completed,,POS,True
AUD-00002499,2026-05-07 15:37:12,PH-005,EMP-0106,Sale,transaction,TXN-0002499,CREATE,,Completed,,POS,True
AUD-00002500,2026-07-26 17:46:12,PH-001,EMP-0015,Sale,transaction,TXN-0002500,CREATE,,Completed,,POS,True
AUD-00002501,2026-06-01 12:18:38,PH-004,EMP-0084,Sale,transaction,TXN-0002501,CREATE,,Completed,,POS,True
AUD-00002502,2026-07-05 15:09:03,PH-001,EMP-0013,Sale,transaction,TXN-0002502,CREATE,,Completed,,POS,True
AUD-00002503,2026-05-26 17:28:13,PH-005,EMP-0105,Sale,transaction,TXN-0002503,CREATE,,Completed,,POS,True
AUD-00002504,2026-06-19 13:12:54,PH-005,EMP-0105,Sale,transaction,TXN-0002504,CREATE,,Completed,,POS,True
AUD-00002505,2026-06-18 11:23:34,PH-002,EMP-0037,Sale,transaction,TXN-0002505,CREATE,,Completed,,POS,True
AUD-00002506,2026-07-20 11:50:29,PH-004,EMP-0078,Sale,transaction,TXN-0002506,CREATE,,Completed,,POS,True
AUD-00002507,2026-07-28 10:30:59,PH-001,EMP-0012,Sale,transaction,TXN-0002507,CREATE,,Completed,,POS,True
AUD-00002508,2026-06-15 13:01:46,PH-001,EMP-0018,Sale,transaction,TXN-0002508,CREATE,,Completed,,POS,True
AUD-00002509,2026-07-03 20:37:56,PH-005,EMP-0091,Sale,transaction,TXN-0002509,CREATE,,Completed,,POS,True
AUD-00002510,2026-06-27 13:55:45,PH-002,EMP-0040,Sale,transaction,TXN-0002510,CREATE,,Completed,,POS,True
AUD-00002511,2026-07-17 10:19:48,PH-004,EMP-0079,Sale,transaction,TXN-0002511,CREATE,,Completed,,POS,True
AUD-00002512,2026-05-20 14:37:41,PH-003,EMP-0057,Sale,transaction,TXN-0002512,CREATE,,Completed,,POS,True
AUD-00002513,2026-07-02 21:10:45,PH-005,EMP-0106,Sale,transaction,TXN-0002513,CREATE,,Completed,,POS,True
AUD-00002514,2026-07-03 16:12:31,PH-002,EMP-0035,Sale,transaction,TXN-0002514,CREATE,,Completed,,POS,True
AUD-00002515,2026-07-17 15:32:34,PH-002,EMP-0037,Sale,transaction,TXN-0002515,CREATE,,Completed,,POS,True
AUD-00002516,2026-07-22 10:54:36,PH-002,EMP-0041,Sale,transaction,TXN-0002516,CREATE,,Completed,,POS,True
AUD-00002517,2026-05-11 19:39:02,PH-004,EMP-0068,Sale,transaction,TXN-0002517,CREATE,,Completed,,POS,True
AUD-00002518,2026-06-09 09:27:27,PH-002,EMP-0040,Sale,transaction,TXN-0002518,CREATE,,Completed,,POS,True
AUD-00002519,2026-07-20 11:03:37,PH-005,EMP-0105,Sale,transaction,TXN-0002519,CREATE,,Completed,,POS,True
AUD-00002520,2026-07-20 08:18:02,PH-005,EMP-0089,Sale,transaction,TXN-0002520,CREATE,,Completed,,POS,True
AUD-00002521,2026-05-18 11:56:46,PH-005,EMP-0100,Sale,transaction,TXN-0002521,CREATE,,Completed,,POS,True
AUD-00002522,2026-07-23 19:32:40,PH-005,EMP-0105,Sale,transaction,TXN-0002522,CREATE,,Completed,,POS,True
AUD-00002523,2026-06-09 21:36:06,PH-004,EMP-0079,Sale,transaction,TXN-0002523,CREATE,,Completed,,POS,True
AUD-00002524,2026-07-27 15:25:20,PH-005,EMP-0107,Sale,transaction,TXN-0002524,CREATE,,Completed,,POS,True
AUD-00002525,2026-05-16 20:39:54,PH-003,EMP-0058,Sale,transaction,TXN-0002525,CREATE,,Completed,,POS,True
AUD-00002526,2026-07-08 20:13:40,PH-003,EMP-0063,Sale,transaction,TXN-0002526,CREATE,,Completed,,POS,True
AUD-00002527,2026-06-16 20:58:42,PH-002,EMP-0038,Sale,transaction,TXN-0002527,CREATE,,Completed,,POS,True
AUD-00002528,2026-07-07 21:49:54,PH-001,EMP-0019,Sale,transaction,TXN-0002528,CREATE,,Completed,,POS,True
AUD-00002529,2026-05-03 12:28:45,PH-003,EMP-0064,Sale,transaction,TXN-0002529,CREATE,,Completed,,POS,True
AUD-00002530,2026-05-10 08:12:40,PH-001,EMP-0012,Sale,transaction,TXN-0002530,CREATE,,Completed,,POS,True
AUD-00002531,2026-07-18 09:07:40,PH-005,EMP-0108,Sale,transaction,TXN-0002531,CREATE,,Completed,,POS,True
AUD-00002532,2026-06-26 11:23:34,PH-004,EMP-0078,Sale,transaction,TXN-0002532,CREATE,,Completed,,POS,True
AUD-00002533,2026-05-31 16:56:47,PH-001,EMP-0014,Sale,transaction,TXN-0002533,CREATE,,Completed,,POS,True
AUD-00002534,2026-05-21 20:43:58,PH-001,EMP-0018,Sale,transaction,TXN-0002534,CREATE,,Completed,,POS,True
AUD-00002535,2026-06-18 13:18:43,PH-005,EMP-0089,Sale,transaction,TXN-0002535,CREATE,,Completed,,POS,True
AUD-00002536,2026-05-02 18:22:58,PH-002,EMP-0040,Sale,transaction,TXN-0002536,CREATE,,Completed,,POS,True
AUD-00002537,2026-07-26 21:19:58,PH-004,EMP-0082,Sale,transaction,TXN-0002537,CREATE,,Completed,,POS,True
AUD-00002538,2026-07-09 12:08:17,PH-003,EMP-0046,Sale,transaction,TXN-0002538,CREATE,,Completed,,POS,True
AUD-00002539,2026-06-08 16:52:50,PH-003,EMP-0056,Sale,transaction,TXN-0002539,CREATE,,Completed,,POS,True
AUD-00002540,2026-07-01 18:48:19,PH-001,EMP-0015,Sale,transaction,TXN-0002540,CREATE,,Completed,,POS,True
AUD-00002541,2026-07-13 08:01:11,PH-002,EMP-0025,Sale,transaction,TXN-0002541,CREATE,,Completed,,POS,True
AUD-00002542,2026-06-16 19:22:15,PH-003,EMP-0061,Sale,transaction,TXN-0002542,CREATE,,Completed,,POS,True
AUD-00002543,2026-07-15 10:28:36,PH-005,EMP-0107,Sale,transaction,TXN-0002543,CREATE,,Completed,,POS,True
AUD-00002544,2026-07-19 18:32:51,PH-001,EMP-0013,Sale,transaction,TXN-0002544,CREATE,,Completed,,POS,True
AUD-00002545,2026-05-29 17:22:36,PH-003,EMP-0058,Sale,transaction,TXN-0002545,CREATE,,Completed,,POS,True
AUD-00002546,2026-06-27 18:23:29,PH-004,EMP-0078,Sale,transaction,TXN-0002546,CREATE,,Completed,,POS,True
AUD-00002547,2026-05-09 15:14:26,PH-004,EMP-0084,Sale,transaction,TXN-0002547,CREATE,,Completed,,POS,True
AUD-00002548,2026-07-29 08:02:07,PH-003,EMP-0060,Sale,transaction,TXN-0002548,CREATE,,Completed,,POS,True
AUD-00002549,2026-07-23 15:38:22,PH-005,EMP-0105,Sale,transaction,TXN-0002549,CREATE,,Completed,,POS,True
AUD-00002550,2026-07-24 14:17:07,PH-001,EMP-0006,Sale,transaction,TXN-0002550,CREATE,,Completed,,POS,True
AUD-00002551,2026-05-14 13:46:56,PH-003,EMP-0060,Sale,transaction,TXN-0002551,CREATE,,Completed,,POS,True
AUD-00002552,2026-05-21 10:24:07,PH-002,EMP-0023,Sale,transaction,TXN-0002552,CREATE,,Completed,,POS,True
AUD-00002553,2026-05-14 10:41:37,PH-002,EMP-0039,Sale,transaction,TXN-0002553,CREATE,,Completed,,POS,True
AUD-00002554,2026-07-11 21:28:12,PH-002,EMP-0034,Sale,transaction,TXN-0002554,CREATE,,Completed,,POS,True
AUD-00002555,2026-06-08 14:31:38,PH-004,EMP-0083,Sale,transaction,TXN-0002555,CREATE,,Completed,,POS,True
AUD-00002556,2026-05-10 10:07:32,PH-002,EMP-0041,Sale,transaction,TXN-0002556,CREATE,,Completed,,POS,True
AUD-00002557,2026-06-22 20:00:39,PH-002,EMP-0040,Sale,transaction,TXN-0002557,CREATE,,Completed,,POS,True
AUD-00002558,2026-05-02 17:31:18,PH-005,EMP-0091,Sale,transaction,TXN-0002558,CREATE,,Completed,,POS,True
AUD-00002559,2026-05-19 20:49:13,PH-001,EMP-0017,Sale,transaction,TXN-0002559,CREATE,,Completed,,POS,True
AUD-00002560,2026-05-04 12:53:54,PH-004,EMP-0083,Sale,transaction,TXN-0002560,CREATE,,Completed,,POS,True
AUD-00002561,2026-06-23 11:21:00,PH-004,EMP-0068,Sale,transaction,TXN-0002561,CREATE,,Completed,,POS,True
AUD-00002562,2026-06-15 20:18:51,PH-003,EMP-0058,Sale,transaction,TXN-0002562,CREATE,,Completed,,POS,True
AUD-00002563,2026-05-21 17:56:19,PH-003,EMP-0056,Sale,transaction,TXN-0002563,CREATE,,Completed,,POS,True
AUD-00002564,2026-07-17 19:54:45,PH-004,EMP-0080,Sale,transaction,TXN-0002564,CREATE,,Completed,,POS,True
AUD-00002565,2026-06-29 19:02:55,PH-004,EMP-0068,Sale,transaction,TXN-0002565,CREATE,,Completed,,POS,True
AUD-00002566,2026-07-04 10:51:09,PH-001,EMP-0015,Sale,transaction,TXN-0002566,CREATE,,Completed,,POS,True
AUD-00002567,2026-07-29 15:35:47,PH-005,EMP-0108,Sale,transaction,TXN-0002567,CREATE,,Completed,,POS,True
AUD-00002568,2026-07-10 11:07:43,PH-002,EMP-0037,Sale,transaction,TXN-0002568,CREATE,,Completed,,POS,True
AUD-00002569,2026-05-20 17:06:13,PH-003,EMP-0047,Sale,transaction,TXN-0002569,CREATE,,Completed,,POS,True
AUD-00002570,2026-05-16 17:36:33,PH-001,EMP-0006,Sale,transaction,TXN-0002570,CREATE,,Completed,,POS,True
AUD-00002571,2026-06-19 11:15:23,PH-002,EMP-0023,Sale,transaction,TXN-0002571,CREATE,,Completed,,POS,True
AUD-00002572,2026-05-16 17:49:34,PH-003,EMP-0045,Sale,transaction,TXN-0002572,CREATE,,Completed,,POS,True
AUD-00002573,2026-06-29 10:04:43,PH-003,EMP-0057,Sale,transaction,TXN-0002573,CREATE,,Completed,,POS,True
AUD-00002574,2026-05-12 10:52:37,PH-004,EMP-0080,Sale,transaction,TXN-0002574,CREATE,,Completed,,POS,True
AUD-00002575,2026-05-26 09:31:11,PH-004,EMP-0082,Sale,transaction,TXN-0002575,CREATE,,Completed,,POS,True
AUD-00002576,2026-06-07 17:51:42,PH-001,EMP-0006,Sale,transaction,TXN-0002576,CREATE,,Completed,,POS,True
AUD-00002577,2026-05-12 20:52:00,PH-002,EMP-0023,Sale,transaction,TXN-0002577,CREATE,,Completed,,POS,True
AUD-00002578,2026-07-11 13:55:50,PH-005,EMP-0100,Sale,transaction,TXN-0002578,CREATE,,Completed,,POS,True
AUD-00002579,2026-07-26 11:45:44,PH-001,EMP-0002,Sale,transaction,TXN-0002579,CREATE,,Completed,,POS,True
AUD-00002580,2026-06-16 18:18:15,PH-003,EMP-0061,Sale,transaction,TXN-0002580,CREATE,,Completed,,POS,True
AUD-00002581,2026-06-19 13:52:15,PH-001,EMP-0016,Sale,transaction,TXN-0002581,CREATE,,Completed,,POS,True
AUD-00002582,2026-07-04 12:33:10,PH-001,EMP-0015,Sale,transaction,TXN-0002582,CREATE,,Completed,,POS,True
AUD-00002583,2026-06-28 16:51:37,PH-001,EMP-0012,Sale,transaction,TXN-0002583,CREATE,,Completed,,POS,True
AUD-00002584,2026-05-07 19:40:02,PH-002,EMP-0041,Sale,transaction,TXN-0002584,CREATE,,Completed,,POS,True
AUD-00002585,2026-05-20 16:52:28,PH-001,EMP-0020,Sale,transaction,TXN-0002585,CREATE,,Completed,,POS,True
AUD-00002586,2026-06-23 09:35:31,PH-005,EMP-0103,Sale,transaction,TXN-0002586,CREATE,,Completed,,POS,True
AUD-00002587,2026-05-13 15:41:13,PH-004,EMP-0068,Sale,transaction,TXN-0002587,CREATE,,Completed,,POS,True
AUD-00002588,2026-06-08 09:16:10,PH-003,EMP-0063,Sale,transaction,TXN-0002588,CREATE,,Completed,,POS,True
AUD-00002589,2026-06-27 16:44:46,PH-002,EMP-0041,Sale,transaction,TXN-0002589,CREATE,,Completed,,POS,True
AUD-00002590,2026-05-05 15:17:04,PH-004,EMP-0081,Sale,transaction,TXN-0002590,CREATE,,Completed,,POS,True
AUD-00002591,2026-07-24 12:35:51,PH-001,EMP-0016,Sale,transaction,TXN-0002591,CREATE,,Completed,,POS,True
AUD-00002592,2026-05-21 18:53:26,PH-005,EMP-0104,Sale,transaction,TXN-0002592,CREATE,,Completed,,POS,True
AUD-00002593,2026-07-13 17:25:00,PH-003,EMP-0046,Sale,transaction,TXN-0002593,CREATE,,Completed,,POS,True
AUD-00002594,2026-07-06 18:39:00,PH-003,EMP-0062,Sale,transaction,TXN-0002594,CREATE,,Completed,,POS,True
AUD-00002595,2026-05-08 11:55:10,PH-003,EMP-0058,Sale,transaction,TXN-0002595,CREATE,,Completed,,POS,True
AUD-00002596,2026-07-02 21:20:07,PH-003,EMP-0047,Sale,transaction,TXN-0002596,CREATE,,Completed,,POS,True
AUD-00002597,2026-07-15 17:17:18,PH-003,EMP-0058,Sale,transaction,TXN-0002597,CREATE,,Completed,,POS,True
AUD-00002598,2026-07-14 21:58:41,PH-002,EMP-0024,Sale,transaction,TXN-0002598,CREATE,,Completed,,POS,True
AUD-00002599,2026-05-23 08:12:46,PH-002,EMP-0036,Sale,transaction,TXN-0002599,CREATE,,Completed,,POS,True
AUD-00002600,2026-06-02 11:13:56,PH-004,EMP-0069,Sale,transaction,TXN-0002600,CREATE,,Completed,,POS,True
AUD-00002601,2026-05-16 11:00:59,PH-004,EMP-0084,Sale,transaction,TXN-0002601,CREATE,,Completed,,POS,True
AUD-00002602,2026-07-16 15:10:38,PH-005,EMP-0091,Sale,transaction,TXN-0002602,CREATE,,Completed,,POS,True
AUD-00002603,2026-07-18 19:18:14,PH-005,EMP-0090,Sale,transaction,TXN-0002603,CREATE,,Completed,,POS,True
AUD-00002604,2026-06-27 13:41:29,PH-005,EMP-0105,Sale,transaction,TXN-0002604,CREATE,,Completed,,POS,True
AUD-00002605,2026-07-13 21:49:34,PH-002,EMP-0024,Sale,transaction,TXN-0002605,CREATE,,Completed,,POS,True
AUD-00002606,2026-07-21 16:21:37,PH-004,EMP-0085,Sale,transaction,TXN-0002606,CREATE,,Completed,,POS,True
AUD-00002607,2026-05-02 13:37:48,PH-003,EMP-0062,Sale,transaction,TXN-0002607,CREATE,,Completed,,POS,True
AUD-00002608,2026-05-16 17:18:05,PH-002,EMP-0024,Sale,transaction,TXN-0002608,CREATE,,Completed,,POS,True
AUD-00002609,2026-05-26 11:14:53,PH-003,EMP-0058,Sale,transaction,TXN-0002609,CREATE,,Completed,,POS,True
AUD-00002610,2026-07-27 10:19:44,PH-005,EMP-0103,Sale,transaction,TXN-0002610,CREATE,,Completed,,POS,True
AUD-00002611,2026-05-05 09:14:55,PH-002,EMP-0036,Sale,transaction,TXN-0002611,CREATE,,Completed,,POS,True
AUD-00002612,2026-07-01 11:26:36,PH-004,EMP-0080,Sale,transaction,TXN-0002612,CREATE,,Completed,,POS,True
AUD-00002613,2026-06-22 08:44:56,PH-005,EMP-0106,Sale,transaction,TXN-0002613,CREATE,,Completed,,POS,True
AUD-00002614,2026-07-07 21:53:08,PH-005,EMP-0089,Sale,transaction,TXN-0002614,CREATE,,Completed,,POS,True
AUD-00002615,2026-06-07 10:06:30,PH-001,EMP-0006,Sale,transaction,TXN-0002615,CREATE,,Completed,,POS,True
AUD-00002616,2026-05-03 16:29:10,PH-001,EMP-0019,Sale,transaction,TXN-0002616,CREATE,,Completed,,POS,True
AUD-00002617,2026-05-28 12:42:49,PH-002,EMP-0039,Sale,transaction,TXN-0002617,CREATE,,Completed,,POS,True
AUD-00002618,2026-05-09 13:11:17,PH-002,EMP-0023,Sale,transaction,TXN-0002618,CREATE,,Completed,,POS,True
AUD-00002619,2026-07-13 15:28:00,PH-002,EMP-0035,Sale,transaction,TXN-0002619,CREATE,,Completed,,POS,True
AUD-00002620,2026-05-21 12:11:40,PH-002,EMP-0036,Sale,transaction,TXN-0002620,CREATE,,Completed,,POS,True
AUD-00002621,2026-07-30 11:09:22,PH-003,EMP-0063,Sale,transaction,TXN-0002621,CREATE,,Completed,,POS,True
AUD-00002622,2026-07-10 11:15:31,PH-005,EMP-0106,Sale,transaction,TXN-0002622,CREATE,,Completed,,POS,True
AUD-00002623,2026-07-11 20:53:54,PH-002,EMP-0037,Sale,transaction,TXN-0002623,CREATE,,Completed,,POS,True
AUD-00002624,2026-05-12 13:38:31,PH-003,EMP-0045,Sale,transaction,TXN-0002624,CREATE,,Completed,,POS,True
AUD-00002625,2026-06-08 20:22:34,PH-002,EMP-0036,Sale,transaction,TXN-0002625,CREATE,,Completed,,POS,True
AUD-00002626,2026-06-25 16:50:21,PH-003,EMP-0057,Sale,transaction,TXN-0002626,CREATE,,Completed,,POS,True
AUD-00002627,2026-07-02 13:51:37,PH-003,EMP-0062,Sale,transaction,TXN-0002627,CREATE,,Completed,,POS,True
AUD-00002628,2026-07-18 21:05:59,PH-005,EMP-0089,Sale,transaction,TXN-0002628,CREATE,,Completed,,POS,True
AUD-00002629,2026-05-28 14:43:48,PH-005,EMP-0102,Sale,transaction,TXN-0002629,CREATE,,Completed,,POS,True
AUD-00002630,2026-07-31 14:25:09,PH-003,EMP-0047,Sale,transaction,TXN-0002630,CREATE,,Completed,,POS,True
AUD-00002631,2026-07-10 12:02:39,PH-001,EMP-0003,Sale,transaction,TXN-0002631,CREATE,,Completed,,POS,True
AUD-00002632,2026-07-03 19:51:55,PH-005,EMP-0100,Sale,transaction,TXN-0002632,CREATE,,Completed,,POS,True
AUD-00002633,2026-07-04 12:09:37,PH-002,EMP-0035,Sale,transaction,TXN-0002633,CREATE,,Completed,,POS,True
AUD-00002634,2026-05-15 17:33:09,PH-005,EMP-0105,Sale,transaction,TXN-0002634,CREATE,,Completed,,POS,True
AUD-00002635,2026-05-02 13:00:31,PH-005,EMP-0105,Sale,transaction,TXN-0002635,CREATE,,Completed,,POS,True
AUD-00002636,2026-07-03 11:53:39,PH-002,EMP-0023,Sale,transaction,TXN-0002636,CREATE,,Completed,,POS,True
AUD-00002637,2026-07-05 11:29:04,PH-001,EMP-0015,Sale,transaction,TXN-0002637,CREATE,,Completed,,POS,True
AUD-00002638,2026-05-24 12:31:21,PH-005,EMP-0101,Sale,transaction,TXN-0002638,CREATE,,Completed,,POS,True
AUD-00002639,2026-07-28 20:05:46,PH-001,EMP-0020,Sale,transaction,TXN-0002639,CREATE,,Completed,,POS,True
AUD-00002640,2026-05-19 16:56:31,PH-005,EMP-0107,Sale,transaction,TXN-0002640,CREATE,,Completed,,POS,True
AUD-00002641,2026-05-28 12:52:02,PH-002,EMP-0038,Sale,transaction,TXN-0002641,CREATE,,Completed,,POS,True
AUD-00002642,2026-07-03 11:02:12,PH-003,EMP-0063,Sale,transaction,TXN-0002642,CREATE,,Completed,,POS,True
AUD-00002643,2026-07-08 19:51:21,PH-001,EMP-0003,Sale,transaction,TXN-0002643,CREATE,,Completed,,POS,True
AUD-00002644,2026-07-08 09:10:12,PH-002,EMP-0038,Sale,transaction,TXN-0002644,CREATE,,Completed,,POS,True
AUD-00002645,2026-06-17 18:52:51,PH-004,EMP-0069,Sale,transaction,TXN-0002645,CREATE,,Completed,,POS,True
AUD-00002646,2026-06-16 17:18:26,PH-004,EMP-0082,Sale,transaction,TXN-0002646,CREATE,,Completed,,POS,True
AUD-00002647,2026-05-20 19:30:54,PH-005,EMP-0105,Sale,transaction,TXN-0002647,CREATE,,Completed,,POS,True
AUD-00002648,2026-06-21 09:15:09,PH-003,EMP-0064,Sale,transaction,TXN-0002648,CREATE,,Completed,,POS,True
AUD-00002649,2026-05-01 11:13:28,PH-001,EMP-0006,Sale,transaction,TXN-0002649,CREATE,,Completed,,POS,True
AUD-00002650,2026-06-19 10:21:12,PH-002,EMP-0023,Sale,transaction,TXN-0002650,CREATE,,Completed,,POS,True
AUD-00002651,2026-06-16 08:23:15,PH-004,EMP-0081,Sale,transaction,TXN-0002651,CREATE,,Completed,,POS,True
AUD-00002652,2026-06-29 15:40:07,PH-002,EMP-0040,Sale,transaction,TXN-0002652,CREATE,,Completed,,POS,True
AUD-00002653,2026-05-26 17:40:39,PH-004,EMP-0084,Sale,transaction,TXN-0002653,CREATE,,Completed,,POS,True
AUD-00002654,2026-05-26 10:01:25,PH-003,EMP-0062,Sale,transaction,TXN-0002654,CREATE,,Completed,,POS,True
AUD-00002655,2026-05-16 08:39:28,PH-002,EMP-0037,Sale,transaction,TXN-0002655,CREATE,,Completed,,POS,True
AUD-00002656,2026-05-23 17:43:41,PH-002,EMP-0041,Sale,transaction,TXN-0002656,CREATE,,Completed,,POS,True
AUD-00002657,2026-05-31 20:39:51,PH-002,EMP-0025,Sale,transaction,TXN-0002657,CREATE,,Completed,,POS,True
AUD-00002658,2026-06-26 21:32:42,PH-001,EMP-0006,Sale,transaction,TXN-0002658,CREATE,,Completed,,POS,True
AUD-00002659,2026-06-07 21:58:48,PH-005,EMP-0089,Sale,transaction,TXN-0002659,CREATE,,Completed,,POS,True
AUD-00002660,2026-07-28 16:24:21,PH-002,EMP-0036,Sale,transaction,TXN-0002660,CREATE,,Completed,,POS,True
AUD-00002661,2026-07-07 09:12:15,PH-002,EMP-0025,Sale,transaction,TXN-0002661,CREATE,,Completed,,POS,True
AUD-00002662,2026-06-26 16:05:31,PH-002,EMP-0024,Sale,transaction,TXN-0002662,CREATE,,Completed,,POS,True
AUD-00002663,2026-05-15 10:54:28,PH-005,EMP-0108,Sale,transaction,TXN-0002663,CREATE,,Completed,,POS,True
AUD-00002664,2026-06-06 19:06:17,PH-002,EMP-0036,Sale,transaction,TXN-0002664,CREATE,,Completed,,POS,True
AUD-00002665,2026-07-14 12:08:28,PH-001,EMP-0012,Sale,transaction,TXN-0002665,CREATE,,Completed,,POS,True
AUD-00002666,2026-07-23 19:43:50,PH-002,EMP-0035,Sale,transaction,TXN-0002666,CREATE,,Completed,,POS,True
AUD-00002667,2026-07-20 09:39:12,PH-004,EMP-0083,Sale,transaction,TXN-0002667,CREATE,,Completed,,POS,True
AUD-00002668,2026-07-27 08:09:11,PH-002,EMP-0036,Sale,transaction,TXN-0002668,CREATE,,Completed,,POS,True
AUD-00002669,2026-05-15 12:40:41,PH-001,EMP-0006,Sale,transaction,TXN-0002669,CREATE,,Completed,,POS,True
AUD-00002670,2026-07-02 21:16:11,PH-005,EMP-0103,Sale,transaction,TXN-0002670,CREATE,,Completed,,POS,True
AUD-00002671,2026-07-07 19:40:03,PH-002,EMP-0040,Sale,transaction,TXN-0002671,CREATE,,Completed,,POS,True
AUD-00002672,2026-05-07 11:08:38,PH-004,EMP-0086,Sale,transaction,TXN-0002672,CREATE,,Completed,,POS,True
AUD-00002673,2026-06-23 20:23:06,PH-003,EMP-0047,Sale,transaction,TXN-0002673,CREATE,,Completed,,POS,True
AUD-00002674,2026-07-05 13:25:26,PH-005,EMP-0103,Sale,transaction,TXN-0002674,CREATE,,Completed,,POS,True
AUD-00002675,2026-05-23 15:06:10,PH-001,EMP-0013,Sale,transaction,TXN-0002675,CREATE,,Completed,,POS,True
AUD-00002676,2026-06-17 20:57:17,PH-002,EMP-0025,Sale,transaction,TXN-0002676,CREATE,,Completed,,POS,True
AUD-00002677,2026-07-15 19:12:09,PH-001,EMP-0002,Sale,transaction,TXN-0002677,CREATE,,Completed,,POS,True
AUD-00002678,2026-07-30 16:37:56,PH-003,EMP-0059,Sale,transaction,TXN-0002678,CREATE,,Completed,,POS,True
AUD-00002679,2026-06-29 09:10:55,PH-003,EMP-0062,Sale,transaction,TXN-0002679,CREATE,,Completed,,POS,True
AUD-00002680,2026-06-16 19:51:53,PH-005,EMP-0101,Sale,transaction,TXN-0002680,CREATE,,Completed,,POS,True
AUD-00002681,2026-06-05 18:08:07,PH-003,EMP-0046,Sale,transaction,TXN-0002681,CREATE,,Completed,,POS,True
AUD-00002682,2026-06-04 08:07:24,PH-004,EMP-0078,Sale,transaction,TXN-0002682,CREATE,,Completed,,POS,True
AUD-00002683,2026-06-10 17:05:23,PH-002,EMP-0036,Sale,transaction,TXN-0002683,CREATE,,Completed,,POS,True
AUD-00002684,2026-06-09 09:49:17,PH-005,EMP-0106,Sale,transaction,TXN-0002684,CREATE,,Completed,,POS,True
AUD-00002685,2026-05-30 12:17:01,PH-003,EMP-0061,Sale,transaction,TXN-0002685,CREATE,,Completed,,POS,True
AUD-00002686,2026-07-11 09:12:42,PH-002,EMP-0023,Sale,transaction,TXN-0002686,CREATE,,Completed,,POS,True
AUD-00002687,2026-07-03 15:31:34,PH-001,EMP-0014,Sale,transaction,TXN-0002687,CREATE,,Completed,,POS,True
AUD-00002688,2026-06-21 17:01:25,PH-001,EMP-0020,Sale,transaction,TXN-0002688,CREATE,,Completed,,POS,True
AUD-00002689,2026-05-17 11:48:00,PH-001,EMP-0015,Sale,transaction,TXN-0002689,CREATE,,Completed,,POS,True
AUD-00002690,2026-07-10 14:19:44,PH-005,EMP-0100,Sale,transaction,TXN-0002690,CREATE,,Completed,,POS,True
AUD-00002691,2026-07-14 20:19:29,PH-003,EMP-0045,Sale,transaction,TXN-0002691,CREATE,,Completed,,POS,True
AUD-00002692,2026-05-09 20:08:06,PH-004,EMP-0079,Sale,transaction,TXN-0002692,CREATE,,Completed,,POS,True
AUD-00002693,2026-07-20 17:36:32,PH-004,EMP-0084,Sale,transaction,TXN-0002693,CREATE,,Completed,,POS,True
AUD-00002694,2026-05-09 12:50:24,PH-003,EMP-0064,Sale,transaction,TXN-0002694,CREATE,,Completed,,POS,True
AUD-00002695,2026-06-13 21:00:44,PH-004,EMP-0067,Sale,transaction,TXN-0002695,CREATE,,Completed,,POS,True
AUD-00002696,2026-07-13 10:29:29,PH-005,EMP-0101,Sale,transaction,TXN-0002696,CREATE,,Completed,,POS,True
AUD-00002697,2026-07-06 21:14:09,PH-005,EMP-0101,Sale,transaction,TXN-0002697,CREATE,,Completed,,POS,True
AUD-00002698,2026-06-12 20:56:38,PH-001,EMP-0016,Sale,transaction,TXN-0002698,CREATE,,Completed,,POS,True
AUD-00002699,2026-07-28 13:58:46,PH-003,EMP-0045,Sale,transaction,TXN-0002699,CREATE,,Completed,,POS,True
AUD-00002700,2026-07-05 20:00:13,PH-002,EMP-0025,Sale,transaction,TXN-0002700,CREATE,,Completed,,POS,True
AUD-00002701,2026-06-24 10:44:50,PH-005,EMP-0108,Sale,transaction,TXN-0002701,CREATE,,Completed,,POS,True
AUD-00002702,2026-07-17 12:33:54,PH-002,EMP-0039,Sale,transaction,TXN-0002702,CREATE,,Completed,,POS,True
AUD-00002703,2026-06-13 10:52:38,PH-002,EMP-0042,Sale,transaction,TXN-0002703,CREATE,,Completed,,POS,True
AUD-00002704,2026-07-28 17:31:01,PH-003,EMP-0061,Sale,transaction,TXN-0002704,CREATE,,Completed,,POS,True
AUD-00002705,2026-07-07 15:46:55,PH-003,EMP-0047,Sale,transaction,TXN-0002705,CREATE,,Completed,,POS,True
AUD-00002706,2026-05-29 08:25:41,PH-004,EMP-0068,Sale,transaction,TXN-0002706,CREATE,,Completed,,POS,True
AUD-00002707,2026-05-02 15:14:12,PH-001,EMP-0014,Sale,transaction,TXN-0002707,CREATE,,Completed,,POS,True
AUD-00002708,2026-07-10 16:46:34,PH-002,EMP-0040,Sale,transaction,TXN-0002708,CREATE,,Completed,,POS,True
AUD-00002709,2026-07-23 11:30:41,PH-004,EMP-0085,Sale,transaction,TXN-0002709,CREATE,,Completed,,POS,True
AUD-00002710,2026-07-27 08:50:13,PH-004,EMP-0068,Sale,transaction,TXN-0002710,CREATE,,Completed,,POS,True
AUD-00002711,2026-07-04 15:04:41,PH-002,EMP-0023,Sale,transaction,TXN-0002711,CREATE,,Completed,,POS,True
AUD-00002712,2026-06-20 08:31:14,PH-001,EMP-0003,Sale,transaction,TXN-0002712,CREATE,,Completed,,POS,True
AUD-00002713,2026-06-11 08:27:05,PH-004,EMP-0069,Sale,transaction,TXN-0002713,CREATE,,Completed,,POS,True
AUD-00002714,2026-07-28 15:36:21,PH-005,EMP-0091,Sale,transaction,TXN-0002714,CREATE,,Completed,,POS,True
AUD-00002715,2026-05-11 17:25:45,PH-004,EMP-0083,Sale,transaction,TXN-0002715,CREATE,,Completed,,POS,True
AUD-00002716,2026-06-05 16:24:28,PH-005,EMP-0091,Sale,transaction,TXN-0002716,CREATE,,Completed,,POS,True
AUD-00002717,2026-06-16 16:57:46,PH-005,EMP-0103,Sale,transaction,TXN-0002717,CREATE,,Completed,,POS,True
AUD-00002718,2026-07-31 18:20:59,PH-001,EMP-0017,Sale,transaction,TXN-0002718,CREATE,,Completed,,POS,True
AUD-00002719,2026-05-30 14:42:55,PH-002,EMP-0040,Sale,transaction,TXN-0002719,CREATE,,Completed,,POS,True
AUD-00002720,2026-07-29 12:22:08,PH-001,EMP-0015,Sale,transaction,TXN-0002720,CREATE,,Completed,,POS,True
AUD-00002721,2026-07-30 11:15:38,PH-002,EMP-0023,Sale,transaction,TXN-0002721,CREATE,,Completed,,POS,True
AUD-00002722,2026-05-23 17:48:00,PH-004,EMP-0086,Sale,transaction,TXN-0002722,CREATE,,Completed,,POS,True
AUD-00002723,2026-06-25 13:08:29,PH-004,EMP-0067,Sale,transaction,TXN-0002723,CREATE,,Completed,,POS,True
AUD-00002724,2026-06-09 21:02:51,PH-004,EMP-0068,Sale,transaction,TXN-0002724,CREATE,,Completed,,POS,True
AUD-00002725,2026-07-29 20:17:28,PH-001,EMP-0015,Sale,transaction,TXN-0002725,CREATE,,Completed,,POS,True
AUD-00002726,2026-07-31 14:54:11,PH-001,EMP-0013,Sale,transaction,TXN-0002726,CREATE,,Completed,,POS,True
AUD-00002727,2026-07-12 12:06:21,PH-005,EMP-0090,Sale,transaction,TXN-0002727,CREATE,,Completed,,POS,True
AUD-00002728,2026-07-21 16:18:39,PH-001,EMP-0020,Sale,transaction,TXN-0002728,CREATE,,Completed,,POS,True
AUD-00002729,2026-05-21 08:32:47,PH-003,EMP-0059,Sale,transaction,TXN-0002729,CREATE,,Completed,,POS,True
AUD-00002730,2026-07-15 09:18:31,PH-005,EMP-0101,Sale,transaction,TXN-0002730,CREATE,,Completed,,POS,True
AUD-00002731,2026-06-13 08:14:36,PH-005,EMP-0103,Sale,transaction,TXN-0002731,CREATE,,Completed,,POS,True
AUD-00002732,2026-05-16 17:18:02,PH-001,EMP-0014,Sale,transaction,TXN-0002732,CREATE,,Completed,,POS,True
AUD-00002733,2026-05-15 13:45:56,PH-003,EMP-0046,Sale,transaction,TXN-0002733,CREATE,,Completed,,POS,True
AUD-00002734,2026-06-15 14:13:50,PH-001,EMP-0006,Sale,transaction,TXN-0002734,CREATE,,Completed,,POS,True
AUD-00002735,2026-06-28 12:23:22,PH-005,EMP-0090,Sale,transaction,TXN-0002735,CREATE,,Completed,,POS,True
AUD-00002736,2026-07-20 17:55:58,PH-001,EMP-0015,Sale,transaction,TXN-0002736,CREATE,,Completed,,POS,True
AUD-00002737,2026-05-11 20:33:29,PH-004,EMP-0068,Sale,transaction,TXN-0002737,CREATE,,Completed,,POS,True
AUD-00002738,2026-06-17 15:50:12,PH-001,EMP-0013,Sale,transaction,TXN-0002738,CREATE,,Completed,,POS,True
AUD-00002739,2026-07-01 11:05:38,PH-002,EMP-0023,Sale,transaction,TXN-0002739,CREATE,,Completed,,POS,True
AUD-00002740,2026-06-09 15:19:36,PH-004,EMP-0085,Sale,transaction,TXN-0002740,CREATE,,Completed,,POS,True
AUD-00002741,2026-07-07 14:34:35,PH-002,EMP-0037,Sale,transaction,TXN-0002741,CREATE,,Completed,,POS,True
AUD-00002742,2026-06-10 20:00:15,PH-005,EMP-0108,Sale,transaction,TXN-0002742,CREATE,,Completed,,POS,True
AUD-00002743,2026-05-17 11:12:27,PH-003,EMP-0062,Sale,transaction,TXN-0002743,CREATE,,Completed,,POS,True
AUD-00002744,2026-07-02 21:14:31,PH-001,EMP-0013,Sale,transaction,TXN-0002744,CREATE,,Completed,,POS,True
AUD-00002745,2026-05-16 20:38:36,PH-002,EMP-0024,Sale,transaction,TXN-0002745,CREATE,,Completed,,POS,True
AUD-00002746,2026-06-13 10:14:54,PH-003,EMP-0047,Sale,transaction,TXN-0002746,CREATE,,Completed,,POS,True
AUD-00002747,2026-07-25 17:33:03,PH-005,EMP-0103,Sale,transaction,TXN-0002747,CREATE,,Completed,,POS,True
AUD-00002748,2026-07-27 17:12:35,PH-004,EMP-0085,Sale,transaction,TXN-0002748,CREATE,,Completed,,POS,True
AUD-00002749,2026-05-16 19:03:45,PH-003,EMP-0058,Sale,transaction,TXN-0002749,CREATE,,Completed,,POS,True
AUD-00002750,2026-06-23 21:09:50,PH-005,EMP-0108,Sale,transaction,TXN-0002750,CREATE,,Completed,,POS,True
AUD-00002751,2026-07-25 19:18:51,PH-001,EMP-0003,Sale,transaction,TXN-0002751,CREATE,,Completed,,POS,True
AUD-00002752,2026-06-21 12:46:35,PH-002,EMP-0040,Sale,transaction,TXN-0002752,CREATE,,Completed,,POS,True
AUD-00002753,2026-05-23 21:24:18,PH-005,EMP-0103,Sale,transaction,TXN-0002753,CREATE,,Completed,,POS,True
AUD-00002754,2026-07-24 10:38:43,PH-001,EMP-0018,Sale,transaction,TXN-0002754,CREATE,,Completed,,POS,True
AUD-00002755,2026-06-04 11:16:42,PH-004,EMP-0078,Sale,transaction,TXN-0002755,CREATE,,Completed,,POS,True
AUD-00002756,2026-05-23 21:05:29,PH-004,EMP-0084,Sale,transaction,TXN-0002756,CREATE,,Completed,,POS,True
AUD-00002757,2026-07-19 16:40:37,PH-004,EMP-0068,Sale,transaction,TXN-0002757,CREATE,,Completed,,POS,True
AUD-00002758,2026-06-03 20:10:05,PH-001,EMP-0013,Sale,transaction,TXN-0002758,CREATE,,Completed,,POS,True
AUD-00002759,2026-06-19 14:16:16,PH-002,EMP-0042,Sale,transaction,TXN-0002759,CREATE,,Completed,,POS,True
AUD-00002760,2026-05-31 11:23:01,PH-004,EMP-0083,Sale,transaction,TXN-0002760,CREATE,,Completed,,POS,True
AUD-00002761,2026-05-09 16:32:22,PH-005,EMP-0100,Sale,transaction,TXN-0002761,CREATE,,Completed,,POS,True
AUD-00002762,2026-05-31 09:04:06,PH-005,EMP-0101,Sale,transaction,TXN-0002762,CREATE,,Completed,,POS,True
AUD-00002763,2026-06-30 18:15:27,PH-005,EMP-0106,Sale,transaction,TXN-0002763,CREATE,,Completed,,POS,True
AUD-00002764,2026-05-10 15:14:57,PH-004,EMP-0080,Sale,transaction,TXN-0002764,CREATE,,Completed,,POS,True
AUD-00002765,2026-06-08 09:46:38,PH-001,EMP-0015,Sale,transaction,TXN-0002765,CREATE,,Completed,,POS,True
AUD-00002766,2026-05-06 09:42:24,PH-001,EMP-0002,Sale,transaction,TXN-0002766,CREATE,,Completed,,POS,True
AUD-00002767,2026-06-04 16:06:51,PH-003,EMP-0060,Sale,transaction,TXN-0002767,CREATE,,Completed,,POS,True
AUD-00002768,2026-05-13 20:09:20,PH-001,EMP-0013,Sale,transaction,TXN-0002768,CREATE,,Completed,,POS,True
AUD-00002769,2026-07-20 09:58:46,PH-003,EMP-0062,Sale,transaction,TXN-0002769,CREATE,,Completed,,POS,True
AUD-00002770,2026-07-30 13:11:42,PH-002,EMP-0039,Sale,transaction,TXN-0002770,CREATE,,Completed,,POS,True
AUD-00002771,2026-05-23 20:16:30,PH-001,EMP-0014,Sale,transaction,TXN-0002771,CREATE,,Completed,,POS,True
AUD-00002772,2026-05-02 18:02:34,PH-001,EMP-0014,Sale,transaction,TXN-0002772,CREATE,,Completed,,POS,True
AUD-00002773,2026-07-20 15:32:50,PH-001,EMP-0006,Sale,transaction,TXN-0002773,CREATE,,Completed,,POS,True
AUD-00002774,2026-07-04 16:49:21,PH-003,EMP-0062,Sale,transaction,TXN-0002774,CREATE,,Completed,,POS,True
AUD-00002775,2026-05-14 21:01:19,PH-005,EMP-0102,Sale,transaction,TXN-0002775,CREATE,,Completed,,POS,True
AUD-00002776,2026-06-23 21:39:49,PH-004,EMP-0082,Sale,transaction,TXN-0002776,CREATE,,Completed,,POS,True
AUD-00002777,2026-05-01 17:59:07,PH-001,EMP-0012,Sale,transaction,TXN-0002777,CREATE,,Completed,,POS,True
AUD-00002778,2026-06-16 10:53:36,PH-004,EMP-0068,Sale,transaction,TXN-0002778,CREATE,,Completed,,POS,True
AUD-00002779,2026-07-10 15:22:47,PH-002,EMP-0037,Sale,transaction,TXN-0002779,CREATE,,Completed,,POS,True
AUD-00002780,2026-07-28 09:45:30,PH-002,EMP-0036,Sale,transaction,TXN-0002780,CREATE,,Completed,,POS,True
AUD-00002781,2026-05-28 18:04:57,PH-004,EMP-0083,Sale,transaction,TXN-0002781,CREATE,,Completed,,POS,True
AUD-00002782,2026-06-12 18:52:19,PH-005,EMP-0107,Sale,transaction,TXN-0002782,CREATE,,Completed,,POS,True
AUD-00002783,2026-06-19 20:45:15,PH-001,EMP-0012,Sale,transaction,TXN-0002783,CREATE,,Completed,,POS,True
AUD-00002784,2026-05-28 17:07:14,PH-004,EMP-0078,Sale,transaction,TXN-0002784,CREATE,,Completed,,POS,True
AUD-00002785,2026-06-19 12:32:23,PH-004,EMP-0081,Sale,transaction,TXN-0002785,CREATE,,Completed,,POS,True
AUD-00002786,2026-06-01 20:22:16,PH-002,EMP-0025,Sale,transaction,TXN-0002786,CREATE,,Completed,,POS,True
AUD-00002787,2026-06-02 11:02:27,PH-001,EMP-0002,Sale,transaction,TXN-0002787,CREATE,,Completed,,POS,True
AUD-00002788,2026-05-13 19:20:06,PH-001,EMP-0015,Sale,transaction,TXN-0002788,CREATE,,Completed,,POS,True
AUD-00002789,2026-06-14 12:27:32,PH-004,EMP-0079,Sale,transaction,TXN-0002789,CREATE,,Completed,,POS,True
AUD-00002790,2026-06-18 08:08:34,PH-001,EMP-0016,Sale,transaction,TXN-0002790,CREATE,,Completed,,POS,True
AUD-00002791,2026-06-23 14:16:21,PH-001,EMP-0018,Sale,transaction,TXN-0002791,CREATE,,Completed,,POS,True
AUD-00002792,2026-05-02 17:58:07,PH-001,EMP-0019,Sale,transaction,TXN-0002792,CREATE,,Completed,,POS,True
AUD-00002793,2026-07-02 14:29:11,PH-004,EMP-0086,Sale,transaction,TXN-0002793,CREATE,,Completed,,POS,True
AUD-00002794,2026-06-21 16:19:59,PH-004,EMP-0081,Sale,transaction,TXN-0002794,CREATE,,Completed,,POS,True
AUD-00002795,2026-06-22 18:53:10,PH-001,EMP-0003,Sale,transaction,TXN-0002795,CREATE,,Completed,,POS,True
AUD-00002796,2026-05-02 16:31:09,PH-003,EMP-0045,Sale,transaction,TXN-0002796,CREATE,,Completed,,POS,True
AUD-00002797,2026-07-13 19:54:37,PH-001,EMP-0015,Sale,transaction,TXN-0002797,CREATE,,Completed,,POS,True
AUD-00002798,2026-07-23 16:57:28,PH-003,EMP-0059,Sale,transaction,TXN-0002798,CREATE,,Completed,,POS,True
AUD-00002799,2026-06-27 12:26:34,PH-004,EMP-0078,Sale,transaction,TXN-0002799,CREATE,,Completed,,POS,True
AUD-00002800,2026-05-27 11:55:49,PH-004,EMP-0079,Sale,transaction,TXN-0002800,CREATE,,Completed,,POS,True
AUD-00002801,2026-06-19 18:36:59,PH-001,EMP-0016,Sale,transaction,TXN-0002801,CREATE,,Completed,,POS,True
AUD-00002802,2026-07-30 08:39:00,PH-003,EMP-0056,Sale,transaction,TXN-0002802,CREATE,,Completed,,POS,True
AUD-00002803,2026-05-21 11:30:02,PH-002,EMP-0034,Sale,transaction,TXN-0002803,CREATE,,Completed,,POS,True
AUD-00002804,2026-06-01 17:06:37,PH-003,EMP-0061,Sale,transaction,TXN-0002804,CREATE,,Completed,,POS,True
AUD-00002805,2026-06-08 20:54:18,PH-001,EMP-0002,Sale,transaction,TXN-0002805,CREATE,,Completed,,POS,True
AUD-00002806,2026-07-07 14:04:23,PH-003,EMP-0058,Sale,transaction,TXN-0002806,CREATE,,Completed,,POS,True
AUD-00002807,2026-05-25 16:58:06,PH-003,EMP-0058,Sale,transaction,TXN-0002807,CREATE,,Completed,,POS,True
AUD-00002808,2026-07-21 09:56:31,PH-001,EMP-0014,Sale,transaction,TXN-0002808,CREATE,,Completed,,POS,True
AUD-00002809,2026-05-14 19:17:25,PH-002,EMP-0024,Sale,transaction,TXN-0002809,CREATE,,Completed,,POS,True
AUD-00002810,2026-06-06 15:06:52,PH-004,EMP-0068,Sale,transaction,TXN-0002810,CREATE,,Completed,,POS,True
AUD-00002811,2026-07-01 13:40:03,PH-002,EMP-0037,Sale,transaction,TXN-0002811,CREATE,,Completed,,POS,True
AUD-00002812,2026-06-28 11:16:19,PH-004,EMP-0080,Sale,transaction,TXN-0002812,CREATE,,Completed,,POS,True
AUD-00002813,2026-05-09 19:23:00,PH-003,EMP-0060,Sale,transaction,TXN-0002813,CREATE,,Completed,,POS,True
AUD-00002814,2026-05-16 09:58:02,PH-003,EMP-0059,Sale,transaction,TXN-0002814,CREATE,,Completed,,POS,True
AUD-00002815,2026-07-12 11:08:42,PH-003,EMP-0057,Sale,transaction,TXN-0002815,CREATE,,Completed,,POS,True
AUD-00002816,2026-05-23 21:04:43,PH-005,EMP-0102,Sale,transaction,TXN-0002816,CREATE,,Completed,,POS,True
AUD-00002817,2026-07-27 14:08:22,PH-005,EMP-0090,Sale,transaction,TXN-0002817,CREATE,,Completed,,POS,True
AUD-00002818,2026-07-25 11:52:09,PH-003,EMP-0060,Sale,transaction,TXN-0002818,CREATE,,Completed,,POS,True
AUD-00002819,2026-05-26 17:38:56,PH-001,EMP-0013,Sale,transaction,TXN-0002819,CREATE,,Completed,,POS,True
AUD-00002820,2026-06-22 11:43:11,PH-002,EMP-0040,Sale,transaction,TXN-0002820,CREATE,,Completed,,POS,True
AUD-00002821,2026-07-20 16:33:53,PH-003,EMP-0063,Sale,transaction,TXN-0002821,CREATE,,Completed,,POS,True
AUD-00002822,2026-06-01 15:51:18,PH-002,EMP-0025,Sale,transaction,TXN-0002822,CREATE,,Completed,,POS,True
AUD-00002823,2026-07-11 19:50:06,PH-003,EMP-0062,Sale,transaction,TXN-0002823,CREATE,,Completed,,POS,True
AUD-00002824,2026-05-12 20:25:31,PH-004,EMP-0079,Sale,transaction,TXN-0002824,CREATE,,Completed,,POS,True
AUD-00002825,2026-07-17 21:18:16,PH-005,EMP-0103,Sale,transaction,TXN-0002825,CREATE,,Completed,,POS,True
AUD-00002826,2026-05-14 08:29:40,PH-002,EMP-0038,Sale,transaction,TXN-0002826,CREATE,,Completed,,POS,True
AUD-00002827,2026-06-14 12:42:35,PH-001,EMP-0014,Sale,transaction,TXN-0002827,CREATE,,Completed,,POS,True
AUD-00002828,2026-07-16 21:16:48,PH-002,EMP-0039,Sale,transaction,TXN-0002828,CREATE,,Completed,,POS,True
AUD-00002829,2026-05-23 11:54:58,PH-004,EMP-0084,Sale,transaction,TXN-0002829,CREATE,,Completed,,POS,True
AUD-00002830,2026-05-22 14:48:35,PH-002,EMP-0039,Sale,transaction,TXN-0002830,CREATE,,Completed,,POS,True
AUD-00002831,2026-05-26 16:27:34,PH-003,EMP-0062,Sale,transaction,TXN-0002831,CREATE,,Completed,,POS,True
AUD-00002832,2026-06-22 17:12:26,PH-002,EMP-0038,Sale,transaction,TXN-0002832,CREATE,,Completed,,POS,True
AUD-00002833,2026-06-18 17:49:03,PH-003,EMP-0061,Sale,transaction,TXN-0002833,CREATE,,Completed,,POS,True
AUD-00002834,2026-05-19 08:47:01,PH-002,EMP-0036,Sale,transaction,TXN-0002834,CREATE,,Completed,,POS,True
AUD-00002835,2026-05-08 08:44:50,PH-001,EMP-0013,Sale,transaction,TXN-0002835,CREATE,,Completed,,POS,True
AUD-00002836,2026-05-25 10:36:22,PH-001,EMP-0002,Sale,transaction,TXN-0002836,CREATE,,Completed,,POS,True
AUD-00002837,2026-06-06 15:29:00,PH-005,EMP-0101,Sale,transaction,TXN-0002837,CREATE,,Completed,,POS,True
AUD-00002838,2026-07-20 12:42:18,PH-003,EMP-0063,Sale,transaction,TXN-0002838,CREATE,,Completed,,POS,True
AUD-00002839,2026-06-04 11:19:51,PH-004,EMP-0086,Sale,transaction,TXN-0002839,CREATE,,Completed,,POS,True
AUD-00002840,2026-07-11 17:46:40,PH-005,EMP-0100,Sale,transaction,TXN-0002840,CREATE,,Completed,,POS,True
AUD-00002841,2026-07-02 19:11:16,PH-005,EMP-0107,Sale,transaction,TXN-0002841,CREATE,,Completed,,POS,True
AUD-00002842,2026-06-30 08:33:36,PH-002,EMP-0042,Sale,transaction,TXN-0002842,CREATE,,Completed,,POS,True
AUD-00002843,2026-06-17 21:26:35,PH-004,EMP-0079,Sale,transaction,TXN-0002843,CREATE,,Completed,,POS,True
AUD-00002844,2026-06-14 08:06:16,PH-001,EMP-0019,Sale,transaction,TXN-0002844,CREATE,,Completed,,POS,True
AUD-00002845,2026-07-04 09:10:36,PH-001,EMP-0015,Sale,transaction,TXN-0002845,CREATE,,Completed,,POS,True
AUD-00002846,2026-07-19 16:14:03,PH-001,EMP-0016,Sale,transaction,TXN-0002846,CREATE,,Completed,,POS,True
AUD-00002847,2026-06-06 12:20:54,PH-002,EMP-0037,Sale,transaction,TXN-0002847,CREATE,,Completed,,POS,True
AUD-00002848,2026-05-09 12:09:55,PH-002,EMP-0037,Sale,transaction,TXN-0002848,CREATE,,Completed,,POS,True
AUD-00002849,2026-05-14 14:39:10,PH-004,EMP-0069,Sale,transaction,TXN-0002849,CREATE,,Completed,,POS,True
AUD-00002850,2026-05-22 17:17:17,PH-004,EMP-0080,Sale,transaction,TXN-0002850,CREATE,,Completed,,POS,True
AUD-00002851,2026-07-08 15:04:18,PH-001,EMP-0014,Sale,transaction,TXN-0002851,CREATE,,Completed,,POS,True
AUD-00002852,2026-06-12 17:42:55,PH-002,EMP-0023,Sale,transaction,TXN-0002852,CREATE,,Completed,,POS,True
AUD-00002853,2026-05-16 20:20:04,PH-002,EMP-0035,Sale,transaction,TXN-0002853,CREATE,,Completed,,POS,True
AUD-00002854,2026-05-24 13:59:42,PH-001,EMP-0012,Sale,transaction,TXN-0002854,CREATE,,Completed,,POS,True
AUD-00002855,2026-07-19 16:30:52,PH-002,EMP-0039,Sale,transaction,TXN-0002855,CREATE,,Completed,,POS,True
AUD-00002856,2026-06-29 20:39:49,PH-002,EMP-0025,Sale,transaction,TXN-0002856,CREATE,,Completed,,POS,True
AUD-00002857,2026-07-13 11:10:12,PH-003,EMP-0057,Sale,transaction,TXN-0002857,CREATE,,Completed,,POS,True
AUD-00002858,2026-07-20 14:01:38,PH-003,EMP-0057,Sale,transaction,TXN-0002858,CREATE,,Completed,,POS,True
AUD-00002859,2026-05-28 09:01:59,PH-002,EMP-0042,Sale,transaction,TXN-0002859,CREATE,,Completed,,POS,True
AUD-00002860,2026-06-08 19:05:26,PH-002,EMP-0038,Sale,transaction,TXN-0002860,CREATE,,Completed,,POS,True
AUD-00002861,2026-05-17 14:32:30,PH-002,EMP-0042,Sale,transaction,TXN-0002861,CREATE,,Completed,,POS,True
AUD-00002862,2026-06-30 15:19:53,PH-001,EMP-0017,Sale,transaction,TXN-0002862,CREATE,,Completed,,POS,True
AUD-00002863,2026-07-14 18:22:47,PH-001,EMP-0016,Sale,transaction,TXN-0002863,CREATE,,Completed,,POS,True
AUD-00002864,2026-06-17 20:07:52,PH-004,EMP-0084,Sale,transaction,TXN-0002864,CREATE,,Completed,,POS,True
AUD-00002865,2026-07-28 09:37:19,PH-003,EMP-0062,Sale,transaction,TXN-0002865,CREATE,,Completed,,POS,True
AUD-00002866,2026-06-19 14:13:36,PH-005,EMP-0100,Sale,transaction,TXN-0002866,CREATE,,Completed,,POS,True
AUD-00002867,2026-07-16 14:18:30,PH-002,EMP-0034,Sale,transaction,TXN-0002867,CREATE,,Completed,,POS,True
AUD-00002868,2026-05-09 13:10:00,PH-003,EMP-0056,Sale,transaction,TXN-0002868,CREATE,,Completed,,POS,True
AUD-00002869,2026-07-30 12:25:38,PH-004,EMP-0067,Sale,transaction,TXN-0002869,CREATE,,Completed,,POS,True
AUD-00002870,2026-06-11 20:19:31,PH-001,EMP-0020,Sale,transaction,TXN-0002870,CREATE,,Completed,,POS,True
AUD-00002871,2026-05-14 10:00:12,PH-004,EMP-0079,Sale,transaction,TXN-0002871,CREATE,,Completed,,POS,True
AUD-00002872,2026-05-05 17:34:08,PH-004,EMP-0082,Sale,transaction,TXN-0002872,CREATE,,Completed,,POS,True
AUD-00002873,2026-07-15 14:42:57,PH-004,EMP-0081,Sale,transaction,TXN-0002873,CREATE,,Completed,,POS,True
AUD-00002874,2026-06-14 09:23:10,PH-003,EMP-0060,Sale,transaction,TXN-0002874,CREATE,,Completed,,POS,True
AUD-00002875,2026-06-16 08:14:50,PH-005,EMP-0103,Sale,transaction,TXN-0002875,CREATE,,Completed,,POS,True
AUD-00002876,2026-07-09 16:18:41,PH-005,EMP-0106,Sale,transaction,TXN-0002876,CREATE,,Completed,,POS,True
AUD-00002877,2026-07-25 14:50:35,PH-001,EMP-0001,Sale,transaction,TXN-0002877,CREATE,,Completed,,POS,True
AUD-00002878,2026-06-30 18:31:55,PH-005,EMP-0102,Sale,transaction,TXN-0002878,CREATE,,Completed,,POS,True
AUD-00002879,2026-05-23 13:25:39,PH-002,EMP-0040,Sale,transaction,TXN-0002879,CREATE,,Completed,,POS,True
AUD-00002880,2026-05-25 14:17:56,PH-001,EMP-0016,Sale,transaction,TXN-0002880,CREATE,,Completed,,POS,True
AUD-00002881,2026-06-14 21:40:53,PH-004,EMP-0083,Sale,transaction,TXN-0002881,CREATE,,Completed,,POS,True
AUD-00002882,2026-05-29 16:31:54,PH-005,EMP-0090,Sale,transaction,TXN-0002882,CREATE,,Completed,,POS,True
AUD-00002883,2026-05-18 12:22:29,PH-005,EMP-0103,Sale,transaction,TXN-0002883,CREATE,,Completed,,POS,True
AUD-00002884,2026-05-29 21:43:17,PH-005,EMP-0106,Sale,transaction,TXN-0002884,CREATE,,Completed,,POS,True
AUD-00002885,2026-05-31 13:19:33,PH-002,EMP-0035,Sale,transaction,TXN-0002885,CREATE,,Completed,,POS,True
AUD-00002886,2026-05-26 20:51:44,PH-002,EMP-0036,Sale,transaction,TXN-0002886,CREATE,,Completed,,POS,True
AUD-00002887,2026-07-21 09:51:39,PH-001,EMP-0019,Sale,transaction,TXN-0002887,CREATE,,Completed,,POS,True
AUD-00002888,2026-05-18 14:13:25,PH-005,EMP-0106,Sale,transaction,TXN-0002888,CREATE,,Completed,,POS,True
AUD-00002889,2026-06-03 19:00:43,PH-004,EMP-0082,Sale,transaction,TXN-0002889,CREATE,,Completed,,POS,True
AUD-00002890,2026-05-30 09:49:33,PH-001,EMP-0014,Sale,transaction,TXN-0002890,CREATE,,Completed,,POS,True
AUD-00002891,2026-05-13 12:41:29,PH-002,EMP-0040,Sale,transaction,TXN-0002891,CREATE,,Completed,,POS,True
AUD-00002892,2026-06-06 20:30:20,PH-004,EMP-0079,Sale,transaction,TXN-0002892,CREATE,,Completed,,POS,True
AUD-00002893,2026-05-14 08:14:07,PH-002,EMP-0041,Sale,transaction,TXN-0002893,CREATE,,Completed,,POS,True
AUD-00002894,2026-06-30 17:08:46,PH-002,EMP-0036,Sale,transaction,TXN-0002894,CREATE,,Completed,,POS,True
AUD-00002895,2026-06-30 09:46:42,PH-005,EMP-0090,Sale,transaction,TXN-0002895,CREATE,,Completed,,POS,True
AUD-00002896,2026-06-11 16:34:33,PH-001,EMP-0013,Sale,transaction,TXN-0002896,CREATE,,Completed,,POS,True
AUD-00002897,2026-06-15 21:34:32,PH-001,EMP-0019,Sale,transaction,TXN-0002897,CREATE,,Completed,,POS,True
AUD-00002898,2026-05-12 21:32:32,PH-005,EMP-0106,Sale,transaction,TXN-0002898,CREATE,,Completed,,POS,True
AUD-00002899,2026-06-04 15:12:03,PH-004,EMP-0080,Sale,transaction,TXN-0002899,CREATE,,Completed,,POS,True
AUD-00002900,2026-06-09 18:15:53,PH-005,EMP-0101,Sale,transaction,TXN-0002900,CREATE,,Completed,,POS,True
AUD-00002901,2026-07-20 14:32:28,PH-005,EMP-0091,Sale,transaction,TXN-0002901,CREATE,,Completed,,POS,True
AUD-00002902,2026-05-15 10:29:37,PH-002,EMP-0039,Sale,transaction,TXN-0002902,CREATE,,Completed,,POS,True
AUD-00002903,2026-07-29 19:17:39,PH-004,EMP-0068,Sale,transaction,TXN-0002903,CREATE,,Completed,,POS,True
AUD-00002904,2026-06-09 10:22:27,PH-004,EMP-0086,Sale,transaction,TXN-0002904,CREATE,,Completed,,POS,True
AUD-00002905,2026-07-08 13:07:42,PH-002,EMP-0038,Sale,transaction,TXN-0002905,CREATE,,Completed,,POS,True
AUD-00002906,2026-06-23 08:39:54,PH-001,EMP-0018,Sale,transaction,TXN-0002906,CREATE,,Completed,,POS,True
AUD-00002907,2026-07-18 11:33:28,PH-003,EMP-0063,Sale,transaction,TXN-0002907,CREATE,,Completed,,POS,True
AUD-00002908,2026-05-22 17:00:01,PH-004,EMP-0067,Sale,transaction,TXN-0002908,CREATE,,Completed,,POS,True
AUD-00002909,2026-07-16 10:02:34,PH-002,EMP-0023,Sale,transaction,TXN-0002909,CREATE,,Completed,,POS,True
AUD-00002910,2026-05-20 12:04:32,PH-002,EMP-0037,Sale,transaction,TXN-0002910,CREATE,,Completed,,POS,True
AUD-00002911,2026-05-01 14:39:19,PH-001,EMP-0014,Sale,transaction,TXN-0002911,CREATE,,Completed,,POS,True
AUD-00002912,2026-07-06 08:11:12,PH-002,EMP-0037,Sale,transaction,TXN-0002912,CREATE,,Completed,,POS,True
AUD-00002913,2026-07-25 11:31:59,PH-002,EMP-0025,Sale,transaction,TXN-0002913,CREATE,,Completed,,POS,True
AUD-00002914,2026-07-15 19:17:57,PH-002,EMP-0025,Sale,transaction,TXN-0002914,CREATE,,Completed,,POS,True
AUD-00002915,2026-05-03 12:41:33,PH-004,EMP-0080,Sale,transaction,TXN-0002915,CREATE,,Completed,,POS,True
AUD-00002916,2026-05-05 14:58:11,PH-001,EMP-0020,Sale,transaction,TXN-0002916,CREATE,,Completed,,POS,True
AUD-00002917,2026-06-15 15:29:56,PH-005,EMP-0100,Sale,transaction,TXN-0002917,CREATE,,Completed,,POS,True
AUD-00002918,2026-07-27 18:23:41,PH-003,EMP-0064,Sale,transaction,TXN-0002918,CREATE,,Completed,,POS,True
AUD-00002919,2026-06-22 17:12:22,PH-002,EMP-0041,Sale,transaction,TXN-0002919,CREATE,,Completed,,POS,True
AUD-00002920,2026-07-25 15:38:27,PH-003,EMP-0057,Sale,transaction,TXN-0002920,CREATE,,Completed,,POS,True
AUD-00002921,2026-06-12 14:27:49,PH-004,EMP-0084,Sale,transaction,TXN-0002921,CREATE,,Completed,,POS,True
AUD-00002922,2026-06-06 09:31:34,PH-003,EMP-0064,Sale,transaction,TXN-0002922,CREATE,,Completed,,POS,True
AUD-00002923,2026-05-26 16:46:44,PH-004,EMP-0082,Sale,transaction,TXN-0002923,CREATE,,Completed,,POS,True
AUD-00002924,2026-06-08 08:12:34,PH-002,EMP-0035,Sale,transaction,TXN-0002924,CREATE,,Completed,,POS,True
AUD-00002925,2026-06-30 11:12:28,PH-001,EMP-0015,Sale,transaction,TXN-0002925,CREATE,,Completed,,POS,True
AUD-00002926,2026-07-11 19:30:10,PH-002,EMP-0040,Sale,transaction,TXN-0002926,CREATE,,Completed,,POS,True
AUD-00002927,2026-07-13 10:53:57,PH-005,EMP-0102,Sale,transaction,TXN-0002927,CREATE,,Completed,,POS,True
AUD-00002928,2026-06-23 16:32:29,PH-003,EMP-0046,Sale,transaction,TXN-0002928,CREATE,,Completed,,POS,True
AUD-00002929,2026-06-15 13:16:17,PH-004,EMP-0086,Sale,transaction,TXN-0002929,CREATE,,Completed,,POS,True
AUD-00002930,2026-07-09 16:04:40,PH-002,EMP-0041,Sale,transaction,TXN-0002930,CREATE,,Completed,,POS,True
AUD-00002931,2026-06-30 20:21:14,PH-004,EMP-0086,Sale,transaction,TXN-0002931,CREATE,,Completed,,POS,True
AUD-00002932,2026-07-29 21:30:33,PH-001,EMP-0006,Sale,transaction,TXN-0002932,CREATE,,Completed,,POS,True
AUD-00002933,2026-06-15 19:53:56,PH-005,EMP-0105,Sale,transaction,TXN-0002933,CREATE,,Completed,,POS,True
AUD-00002934,2026-07-16 17:49:26,PH-002,EMP-0040,Sale,transaction,TXN-0002934,CREATE,,Completed,,POS,True
AUD-00002935,2026-05-10 10:42:18,PH-003,EMP-0046,Sale,transaction,TXN-0002935,CREATE,,Completed,,POS,True
AUD-00002936,2026-06-24 15:02:10,PH-004,EMP-0083,Sale,transaction,TXN-0002936,CREATE,,Completed,,POS,True
AUD-00002937,2026-07-22 14:13:52,PH-002,EMP-0025,Sale,transaction,TXN-0002937,CREATE,,Completed,,POS,True
AUD-00002938,2026-06-18 20:09:45,PH-003,EMP-0064,Sale,transaction,TXN-0002938,CREATE,,Completed,,POS,True
AUD-00002939,2026-05-08 08:35:10,PH-002,EMP-0038,Sale,transaction,TXN-0002939,CREATE,,Completed,,POS,True
AUD-00002940,2026-06-03 14:51:33,PH-005,EMP-0091,Sale,transaction,TXN-0002940,CREATE,,Completed,,POS,True
AUD-00002941,2026-06-06 09:16:14,PH-004,EMP-0079,Sale,transaction,TXN-0002941,CREATE,,Completed,,POS,True
AUD-00002942,2026-06-04 15:52:02,PH-005,EMP-0101,Sale,transaction,TXN-0002942,CREATE,,Completed,,POS,True
AUD-00002943,2026-06-20 09:35:52,PH-003,EMP-0046,Sale,transaction,TXN-0002943,CREATE,,Completed,,POS,True
AUD-00002944,2026-05-24 14:16:35,PH-003,EMP-0056,Sale,transaction,TXN-0002944,CREATE,,Completed,,POS,True
AUD-00002945,2026-06-14 09:03:54,PH-002,EMP-0042,Sale,transaction,TXN-0002945,CREATE,,Completed,,POS,True
AUD-00002946,2026-07-20 16:54:05,PH-003,EMP-0046,Sale,transaction,TXN-0002946,CREATE,,Completed,,POS,True
AUD-00002947,2026-07-19 19:10:14,PH-004,EMP-0067,Sale,transaction,TXN-0002947,CREATE,,Completed,,POS,True
AUD-00002948,2026-05-21 13:06:29,PH-005,EMP-0101,Sale,transaction,TXN-0002948,CREATE,,Completed,,POS,True
AUD-00002949,2026-06-05 09:48:47,PH-004,EMP-0080,Sale,transaction,TXN-0002949,CREATE,,Completed,,POS,True
AUD-00002950,2026-06-03 08:16:59,PH-004,EMP-0067,Sale,transaction,TXN-0002950,CREATE,,Completed,,POS,True
AUD-00002951,2026-06-15 11:03:09,PH-002,EMP-0034,Sale,transaction,TXN-0002951,CREATE,,Completed,,POS,True
AUD-00002952,2026-06-04 21:43:58,PH-003,EMP-0060,Sale,transaction,TXN-0002952,CREATE,,Completed,,POS,True
AUD-00002953,2026-07-03 12:27:40,PH-003,EMP-0063,Sale,transaction,TXN-0002953,CREATE,,Completed,,POS,True
AUD-00002954,2026-07-14 19:21:18,PH-002,EMP-0041,Sale,transaction,TXN-0002954,CREATE,,Completed,,POS,True
AUD-00002955,2026-06-16 19:13:33,PH-005,EMP-0101,Sale,transaction,TXN-0002955,CREATE,,Completed,,POS,True
AUD-00002956,2026-06-03 16:35:09,PH-001,EMP-0020,Sale,transaction,TXN-0002956,CREATE,,Completed,,POS,True
AUD-00002957,2026-06-08 10:56:08,PH-004,EMP-0079,Sale,transaction,TXN-0002957,CREATE,,Completed,,POS,True
AUD-00002958,2026-06-18 11:55:55,PH-002,EMP-0040,Sale,transaction,TXN-0002958,CREATE,,Completed,,POS,True
AUD-00002959,2026-07-10 15:58:32,PH-002,EMP-0040,Sale,transaction,TXN-0002959,CREATE,,Completed,,POS,True
AUD-00002960,2026-06-23 09:54:00,PH-003,EMP-0062,Sale,transaction,TXN-0002960,CREATE,,Completed,,POS,True
AUD-00002961,2026-05-09 16:06:46,PH-001,EMP-0003,Sale,transaction,TXN-0002961,CREATE,,Completed,,POS,True
AUD-00002962,2026-06-06 09:04:39,PH-003,EMP-0064,Sale,transaction,TXN-0002962,CREATE,,Completed,,POS,True
AUD-00002963,2026-07-23 18:44:00,PH-005,EMP-0105,Sale,transaction,TXN-0002963,CREATE,,Completed,,POS,True
AUD-00002964,2026-05-28 19:53:23,PH-004,EMP-0080,Sale,transaction,TXN-0002964,CREATE,,Completed,,POS,True
AUD-00002965,2026-06-10 20:51:10,PH-005,EMP-0102,Sale,transaction,TXN-0002965,CREATE,,Completed,,POS,True
AUD-00002966,2026-06-26 12:57:05,PH-004,EMP-0079,Sale,transaction,TXN-0002966,CREATE,,Completed,,POS,True
AUD-00002967,2026-06-20 16:13:13,PH-005,EMP-0100,Sale,transaction,TXN-0002967,CREATE,,Completed,,POS,True
AUD-00002968,2026-05-04 21:13:34,PH-005,EMP-0089,Sale,transaction,TXN-0002968,CREATE,,Completed,,POS,True
AUD-00002969,2026-06-16 14:04:12,PH-005,EMP-0105,Sale,transaction,TXN-0002969,CREATE,,Completed,,POS,True
AUD-00002970,2026-06-02 08:23:35,PH-003,EMP-0045,Sale,transaction,TXN-0002970,CREATE,,Completed,,POS,True
AUD-00002971,2026-07-02 11:16:31,PH-001,EMP-0017,Sale,transaction,TXN-0002971,CREATE,,Completed,,POS,True
AUD-00002972,2026-05-09 12:06:08,PH-001,EMP-0018,Sale,transaction,TXN-0002972,CREATE,,Completed,,POS,True
AUD-00002973,2026-06-22 09:56:40,PH-002,EMP-0034,Sale,transaction,TXN-0002973,CREATE,,Completed,,POS,True
AUD-00002974,2026-07-09 09:20:55,PH-001,EMP-0018,Sale,transaction,TXN-0002974,CREATE,,Completed,,POS,True
AUD-00002975,2026-05-18 18:25:31,PH-001,EMP-0015,Sale,transaction,TXN-0002975,CREATE,,Completed,,POS,True
AUD-00002976,2026-06-07 19:35:02,PH-004,EMP-0082,Sale,transaction,TXN-0002976,CREATE,,Completed,,POS,True
AUD-00002977,2026-06-02 11:30:20,PH-003,EMP-0060,Sale,transaction,TXN-0002977,CREATE,,Completed,,POS,True
AUD-00002978,2026-07-08 11:25:47,PH-002,EMP-0037,Sale,transaction,TXN-0002978,CREATE,,Completed,,POS,True
AUD-00002979,2026-05-05 17:14:48,PH-003,EMP-0047,Sale,transaction,TXN-0002979,CREATE,,Completed,,POS,True
AUD-00002980,2026-06-23 17:02:54,PH-005,EMP-0107,Sale,transaction,TXN-0002980,CREATE,,Completed,,POS,True
AUD-00002981,2026-07-22 17:38:59,PH-003,EMP-0047,Sale,transaction,TXN-0002981,CREATE,,Completed,,POS,True
AUD-00002982,2026-07-25 08:42:22,PH-004,EMP-0084,Sale,transaction,TXN-0002982,CREATE,,Completed,,POS,True
AUD-00002983,2026-05-11 20:58:11,PH-002,EMP-0041,Sale,transaction,TXN-0002983,CREATE,,Completed,,POS,True
AUD-00002984,2026-07-26 19:28:54,PH-001,EMP-0014,Sale,transaction,TXN-0002984,CREATE,,Completed,,POS,True
AUD-00002985,2026-07-31 17:47:48,PH-001,EMP-0012,Sale,transaction,TXN-0002985,CREATE,,Completed,,POS,True
AUD-00002986,2026-05-21 19:56:38,PH-004,EMP-0083,Sale,transaction,TXN-0002986,CREATE,,Completed,,POS,True
AUD-00002987,2026-05-06 16:50:30,PH-003,EMP-0059,Sale,transaction,TXN-0002987,CREATE,,Completed,,POS,True
AUD-00002988,2026-05-11 15:14:59,PH-005,EMP-0106,Sale,transaction,TXN-0002988,CREATE,,Completed,,POS,True
AUD-00002989,2026-07-05 17:02:55,PH-004,EMP-0068,Sale,transaction,TXN-0002989,CREATE,,Completed,,POS,True
AUD-00002990,2026-05-14 19:07:15,PH-003,EMP-0061,Sale,transaction,TXN-0002990,CREATE,,Completed,,POS,True
AUD-00002991,2026-06-02 13:01:43,PH-003,EMP-0045,Sale,transaction,TXN-0002991,CREATE,,Completed,,POS,True
AUD-00002992,2026-07-07 14:20:43,PH-003,EMP-0058,Sale,transaction,TXN-0002992,CREATE,,Completed,,POS,True
AUD-00002993,2026-07-08 21:25:54,PH-002,EMP-0035,Sale,transaction,TXN-0002993,CREATE,,Completed,,POS,True
AUD-00002994,2026-07-13 19:31:55,PH-003,EMP-0059,Sale,transaction,TXN-0002994,CREATE,,Completed,,POS,True
AUD-00002995,2026-07-01 09:40:31,PH-001,EMP-0002,Sale,transaction,TXN-0002995,CREATE,,Completed,,POS,True
AUD-00002996,2026-06-06 17:51:13,PH-005,EMP-0101,Sale,transaction,TXN-0002996,CREATE,,Completed,,POS,True
AUD-00002997,2026-06-06 10:51:01,PH-003,EMP-0058,Sale,transaction,TXN-0002997,CREATE,,Completed,,POS,True
AUD-00002998,2026-07-17 12:29:56,PH-004,EMP-0082,Sale,transaction,TXN-0002998,CREATE,,Completed,,POS,True
AUD-00002999,2026-05-26 18:29:44,PH-003,EMP-0045,Sale,transaction,TXN-0002999,CREATE,,Completed,,POS,True
AUD-00003000,2026-05-17 15:35:24,PH-005,EMP-0100,Sale,transaction,TXN-0003000,CREATE,,Completed,,POS,True
AUD-00003001,2026-06-19 11:18:51,PH-003,EMP-0058,Sale,transaction,TXN-0003001,CREATE,,Completed,,POS,True
AUD-00003002,2026-05-06 10:27:39,PH-001,EMP-0020,Sale,transaction,TXN-0003002,CREATE,,Completed,,POS,True
AUD-00003003,2026-06-16 12:35:33,PH-004,EMP-0085,Sale,transaction,TXN-0003003,CREATE,,Completed,,POS,True
AUD-00003004,2026-07-05 14:16:29,PH-003,EMP-0063,Sale,transaction,TXN-0003004,CREATE,,Completed,,POS,True
AUD-00003005,2026-07-27 16:23:46,PH-005,EMP-0089,Sale,transaction,TXN-0003005,CREATE,,Completed,,POS,True
AUD-00003006,2026-07-30 08:50:39,PH-001,EMP-0012,Sale,transaction,TXN-0003006,CREATE,,Completed,,POS,True
AUD-00003007,2026-05-26 20:26:46,PH-004,EMP-0068,Sale,transaction,TXN-0003007,CREATE,,Completed,,POS,True
AUD-00003008,2026-06-14 10:18:32,PH-004,EMP-0078,Sale,transaction,TXN-0003008,CREATE,,Completed,,POS,True
AUD-00003009,2026-06-08 13:40:51,PH-005,EMP-0100,Sale,transaction,TXN-0003009,CREATE,,Completed,,POS,True
AUD-00003010,2026-06-02 17:25:25,PH-005,EMP-0107,Sale,transaction,TXN-0003010,CREATE,,Completed,,POS,True
AUD-00003011,2026-05-06 11:50:07,PH-003,EMP-0063,Sale,transaction,TXN-0003011,CREATE,,Completed,,POS,True
AUD-00003012,2026-07-07 21:58:06,PH-005,EMP-0103,Sale,transaction,TXN-0003012,CREATE,,Completed,,POS,True
AUD-00003013,2026-07-01 21:00:33,PH-005,EMP-0107,Sale,transaction,TXN-0003013,CREATE,,Completed,,POS,True
AUD-00003014,2026-06-14 08:48:25,PH-002,EMP-0023,Sale,transaction,TXN-0003014,CREATE,,Completed,,POS,True
AUD-00003015,2026-05-16 21:50:44,PH-004,EMP-0083,Sale,transaction,TXN-0003015,CREATE,,Completed,,POS,True
AUD-00003016,2026-06-07 12:05:36,PH-004,EMP-0086,Sale,transaction,TXN-0003016,CREATE,,Completed,,POS,True
AUD-00003017,2026-06-01 17:57:28,PH-005,EMP-0108,Sale,transaction,TXN-0003017,CREATE,,Completed,,POS,True
AUD-00003018,2026-06-29 12:41:05,PH-002,EMP-0042,Sale,transaction,TXN-0003018,CREATE,,Completed,,POS,True
AUD-00003019,2026-06-14 17:06:55,PH-001,EMP-0012,Sale,transaction,TXN-0003019,CREATE,,Completed,,POS,True
AUD-00003020,2026-06-27 14:09:01,PH-001,EMP-0018,Sale,transaction,TXN-0003020,CREATE,,Completed,,POS,True
AUD-00003021,2026-05-30 18:59:15,PH-004,EMP-0069,Sale,transaction,TXN-0003021,CREATE,,Completed,,POS,True
AUD-00003022,2026-05-02 17:42:08,PH-002,EMP-0037,Sale,transaction,TXN-0003022,CREATE,,Completed,,POS,True
AUD-00003023,2026-07-14 21:07:44,PH-005,EMP-0103,Sale,transaction,TXN-0003023,CREATE,,Completed,,POS,True
AUD-00003024,2026-05-16 14:22:58,PH-002,EMP-0042,Sale,transaction,TXN-0003024,CREATE,,Completed,,POS,True
AUD-00003025,2026-06-28 09:45:25,PH-004,EMP-0085,Sale,transaction,TXN-0003025,CREATE,,Completed,,POS,True
AUD-00003026,2026-06-08 17:31:16,PH-001,EMP-0006,Sale,transaction,TXN-0003026,CREATE,,Completed,,POS,True
AUD-00003027,2026-06-23 11:09:19,PH-004,EMP-0067,Sale,transaction,TXN-0003027,CREATE,,Completed,,POS,True
AUD-00003028,2026-05-15 11:16:58,PH-001,EMP-0020,Sale,transaction,TXN-0003028,CREATE,,Completed,,POS,True
AUD-00003029,2026-06-11 15:22:56,PH-004,EMP-0067,Sale,transaction,TXN-0003029,CREATE,,Completed,,POS,True
AUD-00003030,2026-06-03 19:16:15,PH-004,EMP-0081,Sale,transaction,TXN-0003030,CREATE,,Completed,,POS,True
AUD-00003031,2026-05-03 08:17:11,PH-001,EMP-0003,Sale,transaction,TXN-0003031,CREATE,,Completed,,POS,True
AUD-00003032,2026-07-24 12:06:43,PH-002,EMP-0038,Sale,transaction,TXN-0003032,CREATE,,Completed,,POS,True
AUD-00003033,2026-07-21 15:37:17,PH-001,EMP-0013,Sale,transaction,TXN-0003033,CREATE,,Completed,,POS,True
AUD-00003034,2026-06-25 11:35:59,PH-004,EMP-0067,Sale,transaction,TXN-0003034,CREATE,,Completed,,POS,True
AUD-00003035,2026-06-14 08:23:57,PH-001,EMP-0018,Sale,transaction,TXN-0003035,CREATE,,Completed,,POS,True
AUD-00003036,2026-05-22 11:05:03,PH-004,EMP-0085,Sale,transaction,TXN-0003036,CREATE,,Completed,,POS,True
AUD-00003037,2026-06-21 20:45:19,PH-002,EMP-0039,Sale,transaction,TXN-0003037,CREATE,,Completed,,POS,True
AUD-00003038,2026-05-06 13:36:40,PH-003,EMP-0046,Sale,transaction,TXN-0003038,CREATE,,Completed,,POS,True
AUD-00003039,2026-07-30 11:58:50,PH-002,EMP-0025,Sale,transaction,TXN-0003039,CREATE,,Completed,,POS,True
AUD-00003040,2026-07-25 21:49:59,PH-001,EMP-0016,Sale,transaction,TXN-0003040,CREATE,,Completed,,POS,True
AUD-00003041,2026-05-23 19:13:16,PH-004,EMP-0083,Sale,transaction,TXN-0003041,CREATE,,Completed,,POS,True
AUD-00003042,2026-07-07 13:30:13,PH-004,EMP-0085,Sale,transaction,TXN-0003042,CREATE,,Completed,,POS,True
AUD-00003043,2026-05-12 12:52:06,PH-003,EMP-0064,Sale,transaction,TXN-0003043,CREATE,,Completed,,POS,True
AUD-00003044,2026-05-27 18:10:43,PH-002,EMP-0035,Sale,transaction,TXN-0003044,CREATE,,Completed,,POS,True
AUD-00003045,2026-05-18 17:09:16,PH-005,EMP-0089,Sale,transaction,TXN-0003045,CREATE,,Completed,,POS,True
AUD-00003046,2026-07-19 20:33:46,PH-003,EMP-0059,Sale,transaction,TXN-0003046,CREATE,,Completed,,POS,True
AUD-00003047,2026-07-24 14:00:46,PH-003,EMP-0045,Sale,transaction,TXN-0003047,CREATE,,Completed,,POS,True
AUD-00003048,2026-06-22 10:47:43,PH-005,EMP-0104,Sale,transaction,TXN-0003048,CREATE,,Completed,,POS,True
AUD-00003049,2026-07-27 13:37:04,PH-001,EMP-0019,Sale,transaction,TXN-0003049,CREATE,,Completed,,POS,True
AUD-00003050,2026-06-22 08:41:42,PH-003,EMP-0046,Sale,transaction,TXN-0003050,CREATE,,Completed,,POS,True
AUD-00003051,2026-05-13 16:56:23,PH-001,EMP-0014,Sale,transaction,TXN-0003051,CREATE,,Completed,,POS,True
AUD-00003052,2026-07-26 18:34:44,PH-002,EMP-0025,Sale,transaction,TXN-0003052,CREATE,,Completed,,POS,True
AUD-00003053,2026-05-24 09:02:01,PH-005,EMP-0091,Sale,transaction,TXN-0003053,CREATE,,Completed,,POS,True
AUD-00003054,2026-07-22 14:58:15,PH-002,EMP-0038,Sale,transaction,TXN-0003054,CREATE,,Completed,,POS,True
AUD-00003055,2026-05-22 20:28:27,PH-001,EMP-0016,Sale,transaction,TXN-0003055,CREATE,,Completed,,POS,True
AUD-00003056,2026-07-11 08:11:56,PH-005,EMP-0104,Sale,transaction,TXN-0003056,CREATE,,Completed,,POS,True
AUD-00003057,2026-05-24 08:13:46,PH-003,EMP-0046,Sale,transaction,TXN-0003057,CREATE,,Completed,,POS,True
AUD-00003058,2026-06-19 16:33:17,PH-001,EMP-0013,Sale,transaction,TXN-0003058,CREATE,,Completed,,POS,True
AUD-00003059,2026-05-01 19:57:53,PH-002,EMP-0040,Sale,transaction,TXN-0003059,CREATE,,Completed,,POS,True
AUD-00003060,2026-07-05 20:17:16,PH-005,EMP-0089,Sale,transaction,TXN-0003060,CREATE,,Completed,,POS,True
AUD-00003061,2026-05-15 10:18:13,PH-004,EMP-0083,Sale,transaction,TXN-0003061,CREATE,,Completed,,POS,True
AUD-00003062,2026-05-02 17:06:56,PH-004,EMP-0079,Sale,transaction,TXN-0003062,CREATE,,Completed,,POS,True
AUD-00003063,2026-05-24 19:02:21,PH-003,EMP-0063,Sale,transaction,TXN-0003063,CREATE,,Completed,,POS,True
AUD-00003064,2026-07-22 20:59:37,PH-003,EMP-0047,Sale,transaction,TXN-0003064,CREATE,,Completed,,POS,True
AUD-00003065,2026-06-11 19:50:28,PH-002,EMP-0039,Sale,transaction,TXN-0003065,CREATE,,Completed,,POS,True
AUD-00003066,2026-07-19 15:26:03,PH-002,EMP-0038,Sale,transaction,TXN-0003066,CREATE,,Completed,,POS,True
AUD-00003067,2026-06-17 19:44:53,PH-002,EMP-0036,Sale,transaction,TXN-0003067,CREATE,,Completed,,POS,True
AUD-00003068,2026-05-16 09:36:32,PH-005,EMP-0100,Sale,transaction,TXN-0003068,CREATE,,Completed,,POS,True
AUD-00003069,2026-05-07 13:52:52,PH-005,EMP-0100,Sale,transaction,TXN-0003069,CREATE,,Completed,,POS,True
AUD-00003070,2026-07-01 16:51:05,PH-003,EMP-0059,Sale,transaction,TXN-0003070,CREATE,,Completed,,POS,True
AUD-00003071,2026-06-04 18:57:55,PH-003,EMP-0057,Sale,transaction,TXN-0003071,CREATE,,Completed,,POS,True
AUD-00003072,2026-06-12 17:35:09,PH-002,EMP-0040,Sale,transaction,TXN-0003072,CREATE,,Completed,,POS,True
AUD-00003073,2026-07-06 18:54:58,PH-001,EMP-0018,Sale,transaction,TXN-0003073,CREATE,,Completed,,POS,True
AUD-00003074,2026-06-17 12:14:01,PH-005,EMP-0090,Sale,transaction,TXN-0003074,CREATE,,Completed,,POS,True
AUD-00003075,2026-05-20 13:41:13,PH-004,EMP-0082,Sale,transaction,TXN-0003075,CREATE,,Completed,,POS,True
AUD-00003076,2026-07-01 16:51:10,PH-001,EMP-0012,Sale,transaction,TXN-0003076,CREATE,,Completed,,POS,True
AUD-00003077,2026-07-28 11:34:11,PH-005,EMP-0104,Sale,transaction,TXN-0003077,CREATE,,Completed,,POS,True
AUD-00003078,2026-05-29 08:21:40,PH-003,EMP-0057,Sale,transaction,TXN-0003078,CREATE,,Completed,,POS,True
AUD-00003079,2026-05-14 09:43:41,PH-005,EMP-0104,Sale,transaction,TXN-0003079,CREATE,,Completed,,POS,True
AUD-00003080,2026-07-24 10:50:32,PH-001,EMP-0020,Sale,transaction,TXN-0003080,CREATE,,Completed,,POS,True
AUD-00003081,2026-07-12 10:00:34,PH-005,EMP-0107,Sale,transaction,TXN-0003081,CREATE,,Completed,,POS,True
AUD-00003082,2026-07-11 16:09:28,PH-004,EMP-0081,Sale,transaction,TXN-0003082,CREATE,,Completed,,POS,True
AUD-00003083,2026-06-04 14:52:55,PH-003,EMP-0063,Sale,transaction,TXN-0003083,CREATE,,Completed,,POS,True
AUD-00003084,2026-05-11 09:21:23,PH-001,EMP-0014,Sale,transaction,TXN-0003084,CREATE,,Completed,,POS,True
AUD-00003085,2026-07-15 08:29:00,PH-002,EMP-0037,Sale,transaction,TXN-0003085,CREATE,,Completed,,POS,True
AUD-00003086,2026-07-20 13:33:11,PH-003,EMP-0059,Sale,transaction,TXN-0003086,CREATE,,Completed,,POS,True
AUD-00003087,2026-07-14 14:12:16,PH-005,EMP-0090,Sale,transaction,TXN-0003087,CREATE,,Completed,,POS,True
AUD-00003088,2026-07-30 19:10:19,PH-001,EMP-0015,Sale,transaction,TXN-0003088,CREATE,,Completed,,POS,True
AUD-00003089,2026-06-12 15:30:09,PH-002,EMP-0038,Sale,transaction,TXN-0003089,CREATE,,Completed,,POS,True
AUD-00003090,2026-07-11 18:06:00,PH-002,EMP-0039,Sale,transaction,TXN-0003090,CREATE,,Completed,,POS,True
AUD-00003091,2026-05-07 21:55:16,PH-004,EMP-0069,Sale,transaction,TXN-0003091,CREATE,,Completed,,POS,True
AUD-00003092,2026-05-08 08:55:38,PH-003,EMP-0060,Sale,transaction,TXN-0003092,CREATE,,Completed,,POS,True
AUD-00003093,2026-06-23 16:09:43,PH-005,EMP-0091,Sale,transaction,TXN-0003093,CREATE,,Completed,,POS,True
AUD-00003094,2026-07-31 16:14:50,PH-002,EMP-0034,Sale,transaction,TXN-0003094,CREATE,,Completed,,POS,True
AUD-00003095,2026-07-11 11:00:41,PH-005,EMP-0105,Sale,transaction,TXN-0003095,CREATE,,Completed,,POS,True
AUD-00003096,2026-07-03 16:29:29,PH-003,EMP-0061,Sale,transaction,TXN-0003096,CREATE,,Completed,,POS,True
AUD-00003097,2026-07-13 08:05:29,PH-003,EMP-0059,Sale,transaction,TXN-0003097,CREATE,,Completed,,POS,True
AUD-00003098,2026-06-07 12:49:15,PH-003,EMP-0063,Sale,transaction,TXN-0003098,CREATE,,Completed,,POS,True
AUD-00003099,2026-07-15 17:26:05,PH-001,EMP-0013,Sale,transaction,TXN-0003099,CREATE,,Completed,,POS,True
AUD-00003100,2026-07-28 15:32:30,PH-005,EMP-0101,Sale,transaction,TXN-0003100,CREATE,,Completed,,POS,True
AUD-00003101,2026-05-11 11:13:32,PH-001,EMP-0002,Sale,transaction,TXN-0003101,CREATE,,Completed,,POS,True
AUD-00003102,2026-05-19 08:28:46,PH-003,EMP-0061,Sale,transaction,TXN-0003102,CREATE,,Completed,,POS,True
AUD-00003103,2026-05-03 15:02:23,PH-005,EMP-0105,Sale,transaction,TXN-0003103,CREATE,,Completed,,POS,True
AUD-00003104,2026-05-01 09:18:11,PH-002,EMP-0042,Sale,transaction,TXN-0003104,CREATE,,Completed,,POS,True
AUD-00003105,2026-07-29 08:36:42,PH-003,EMP-0047,Sale,transaction,TXN-0003105,CREATE,,Completed,,POS,True
AUD-00003106,2026-06-11 10:29:59,PH-004,EMP-0080,Sale,transaction,TXN-0003106,CREATE,,Completed,,POS,True
AUD-00003107,2026-05-12 09:11:07,PH-005,EMP-0101,Sale,transaction,TXN-0003107,CREATE,,Completed,,POS,True
AUD-00003108,2026-07-31 18:54:27,PH-004,EMP-0085,Sale,transaction,TXN-0003108,CREATE,,Completed,,POS,True
AUD-00003109,2026-05-07 10:16:27,PH-003,EMP-0060,Sale,transaction,TXN-0003109,CREATE,,Completed,,POS,True
AUD-00003110,2026-07-15 18:12:24,PH-003,EMP-0056,Sale,transaction,TXN-0003110,CREATE,,Completed,,POS,True
AUD-00003111,2026-05-04 14:01:57,PH-005,EMP-0103,Sale,transaction,TXN-0003111,CREATE,,Completed,,POS,True
AUD-00003112,2026-05-11 11:54:48,PH-005,EMP-0090,Sale,transaction,TXN-0003112,CREATE,,Completed,,POS,True
AUD-00003113,2026-06-07 13:17:09,PH-003,EMP-0047,Sale,transaction,TXN-0003113,CREATE,,Completed,,POS,True
AUD-00003114,2026-05-21 15:57:24,PH-004,EMP-0078,Sale,transaction,TXN-0003114,CREATE,,Completed,,POS,True
AUD-00003115,2026-06-13 15:39:46,PH-002,EMP-0040,Sale,transaction,TXN-0003115,CREATE,,Completed,,POS,True
AUD-00003116,2026-05-10 20:49:49,PH-005,EMP-0101,Sale,transaction,TXN-0003116,CREATE,,Completed,,POS,True
AUD-00003117,2026-06-20 08:17:25,PH-001,EMP-0020,Sale,transaction,TXN-0003117,CREATE,,Completed,,POS,True
AUD-00003118,2026-07-22 13:39:32,PH-002,EMP-0034,Sale,transaction,TXN-0003118,CREATE,,Completed,,POS,True
AUD-00003119,2026-07-07 11:12:46,PH-003,EMP-0057,Sale,transaction,TXN-0003119,CREATE,,Completed,,POS,True
AUD-00003120,2026-07-28 19:20:43,PH-005,EMP-0106,Sale,transaction,TXN-0003120,CREATE,,Completed,,POS,True
AUD-00003121,2026-05-20 18:07:10,PH-003,EMP-0057,Sale,transaction,TXN-0003121,CREATE,,Completed,,POS,True
AUD-00003122,2026-06-10 18:53:38,PH-003,EMP-0064,Sale,transaction,TXN-0003122,CREATE,,Completed,,POS,True
AUD-00003123,2026-07-27 14:29:41,PH-003,EMP-0063,Sale,transaction,TXN-0003123,CREATE,,Completed,,POS,True
AUD-00003124,2026-05-26 17:48:56,PH-004,EMP-0082,Sale,transaction,TXN-0003124,CREATE,,Completed,,POS,True
AUD-00003125,2026-05-24 09:12:32,PH-003,EMP-0063,Sale,transaction,TXN-0003125,CREATE,,Completed,,POS,True
AUD-00003126,2026-06-07 16:01:06,PH-005,EMP-0107,Sale,transaction,TXN-0003126,CREATE,,Completed,,POS,True
AUD-00003127,2026-06-08 11:49:08,PH-003,EMP-0062,Sale,transaction,TXN-0003127,CREATE,,Completed,,POS,True
AUD-00003128,2026-07-24 10:16:47,PH-005,EMP-0101,Sale,transaction,TXN-0003128,CREATE,,Completed,,POS,True
AUD-00003129,2026-07-31 18:37:18,PH-002,EMP-0038,Sale,transaction,TXN-0003129,CREATE,,Completed,,POS,True
AUD-00003130,2026-07-05 21:12:07,PH-001,EMP-0006,Sale,transaction,TXN-0003130,CREATE,,Completed,,POS,True
AUD-00003131,2026-06-20 08:33:58,PH-005,EMP-0101,Sale,transaction,TXN-0003131,CREATE,,Completed,,POS,True
AUD-00003132,2026-05-28 09:14:26,PH-004,EMP-0082,Sale,transaction,TXN-0003132,CREATE,,Completed,,POS,True
AUD-00003133,2026-06-17 20:08:49,PH-002,EMP-0035,Sale,transaction,TXN-0003133,CREATE,,Completed,,POS,True
AUD-00003134,2026-06-27 15:33:47,PH-004,EMP-0080,Sale,transaction,TXN-0003134,CREATE,,Completed,,POS,True
AUD-00003135,2026-05-19 16:34:20,PH-004,EMP-0083,Sale,transaction,TXN-0003135,CREATE,,Completed,,POS,True
AUD-00003136,2026-06-09 21:07:20,PH-005,EMP-0107,Sale,transaction,TXN-0003136,CREATE,,Completed,,POS,True
AUD-00003137,2026-05-21 19:42:48,PH-001,EMP-0015,Sale,transaction,TXN-0003137,CREATE,,Completed,,POS,True
AUD-00003138,2026-05-18 21:04:31,PH-005,EMP-0104,Sale,transaction,TXN-0003138,CREATE,,Completed,,POS,True
AUD-00003139,2026-06-06 14:46:46,PH-002,EMP-0037,Sale,transaction,TXN-0003139,CREATE,,Completed,,POS,True
AUD-00003140,2026-05-04 10:00:32,PH-004,EMP-0080,Sale,transaction,TXN-0003140,CREATE,,Completed,,POS,True
AUD-00003141,2026-06-02 12:49:06,PH-005,EMP-0100,Sale,transaction,TXN-0003141,CREATE,,Completed,,POS,True
AUD-00003142,2026-07-12 10:42:22,PH-004,EMP-0068,Sale,transaction,TXN-0003142,CREATE,,Completed,,POS,True
AUD-00003143,2026-05-31 09:04:57,PH-005,EMP-0100,Sale,transaction,TXN-0003143,CREATE,,Completed,,POS,True
AUD-00003144,2026-06-13 11:22:39,PH-001,EMP-0003,Sale,transaction,TXN-0003144,CREATE,,Completed,,POS,True
AUD-00003145,2026-06-08 12:05:43,PH-001,EMP-0006,Sale,transaction,TXN-0003145,CREATE,,Completed,,POS,True
AUD-00003146,2026-07-08 14:09:17,PH-001,EMP-0012,Sale,transaction,TXN-0003146,CREATE,,Completed,,POS,True
AUD-00003147,2026-06-18 10:41:06,PH-003,EMP-0045,Sale,transaction,TXN-0003147,CREATE,,Completed,,POS,True
AUD-00003148,2026-07-02 20:24:06,PH-002,EMP-0023,Sale,transaction,TXN-0003148,CREATE,,Completed,,POS,True
AUD-00003149,2026-06-03 20:48:46,PH-005,EMP-0091,Sale,transaction,TXN-0003149,CREATE,,Completed,,POS,True
AUD-00003150,2026-06-12 10:48:18,PH-002,EMP-0038,Sale,transaction,TXN-0003150,CREATE,,Completed,,POS,True
AUD-00003151,2026-05-28 12:39:52,PH-001,EMP-0015,Sale,transaction,TXN-0003151,CREATE,,Completed,,POS,True
AUD-00003152,2026-06-14 21:37:29,PH-004,EMP-0083,Sale,transaction,TXN-0003152,CREATE,,Completed,,POS,True
AUD-00003153,2026-05-18 10:57:34,PH-001,EMP-0001,Sale,transaction,TXN-0003153,CREATE,,Completed,,POS,True
AUD-00003154,2026-05-17 11:00:49,PH-002,EMP-0038,Sale,transaction,TXN-0003154,CREATE,,Completed,,POS,True
AUD-00003155,2026-06-17 21:48:11,PH-005,EMP-0089,Sale,transaction,TXN-0003155,CREATE,,Completed,,POS,True
AUD-00003156,2026-06-17 10:58:31,PH-001,EMP-0002,Sale,transaction,TXN-0003156,CREATE,,Completed,,POS,True
AUD-00003157,2026-05-29 19:53:56,PH-004,EMP-0069,Sale,transaction,TXN-0003157,CREATE,,Completed,,POS,True
AUD-00003158,2026-06-18 12:40:40,PH-003,EMP-0057,Sale,transaction,TXN-0003158,CREATE,,Completed,,POS,True
AUD-00003159,2026-07-10 09:27:32,PH-005,EMP-0103,Sale,transaction,TXN-0003159,CREATE,,Completed,,POS,True
AUD-00003160,2026-07-23 08:43:50,PH-001,EMP-0020,Sale,transaction,TXN-0003160,CREATE,,Completed,,POS,True
AUD-00003161,2026-06-12 13:46:34,PH-002,EMP-0039,Sale,transaction,TXN-0003161,CREATE,,Completed,,POS,True
AUD-00003162,2026-07-04 19:11:18,PH-001,EMP-0017,Sale,transaction,TXN-0003162,CREATE,,Completed,,POS,True
AUD-00003163,2026-06-02 15:23:22,PH-002,EMP-0023,Sale,transaction,TXN-0003163,CREATE,,Completed,,POS,True
AUD-00003164,2026-07-20 21:18:52,PH-003,EMP-0058,Sale,transaction,TXN-0003164,CREATE,,Completed,,POS,True
AUD-00003165,2026-07-14 17:16:39,PH-003,EMP-0058,Sale,transaction,TXN-0003165,CREATE,,Completed,,POS,True
AUD-00003166,2026-05-25 21:05:13,PH-002,EMP-0041,Sale,transaction,TXN-0003166,CREATE,,Completed,,POS,True
AUD-00003167,2026-07-31 09:23:03,PH-005,EMP-0108,Sale,transaction,TXN-0003167,CREATE,,Completed,,POS,True
AUD-00003168,2026-06-24 13:29:40,PH-005,EMP-0107,Sale,transaction,TXN-0003168,CREATE,,Completed,,POS,True
AUD-00003169,2026-07-30 15:06:24,PH-003,EMP-0057,Sale,transaction,TXN-0003169,CREATE,,Completed,,POS,True
AUD-00003170,2026-05-20 13:30:00,PH-003,EMP-0047,Sale,transaction,TXN-0003170,CREATE,,Completed,,POS,True
AUD-00003171,2026-07-07 08:30:19,PH-001,EMP-0019,Sale,transaction,TXN-0003171,CREATE,,Completed,,POS,True
AUD-00003172,2026-05-08 13:40:45,PH-004,EMP-0082,Sale,transaction,TXN-0003172,CREATE,,Completed,,POS,True
AUD-00003173,2026-05-25 19:30:20,PH-002,EMP-0025,Sale,transaction,TXN-0003173,CREATE,,Completed,,POS,True
AUD-00003174,2026-07-17 18:37:30,PH-001,EMP-0015,Sale,transaction,TXN-0003174,CREATE,,Completed,,POS,True
AUD-00003175,2026-06-29 13:33:01,PH-004,EMP-0081,Sale,transaction,TXN-0003175,CREATE,,Completed,,POS,True
AUD-00003176,2026-06-12 19:28:08,PH-004,EMP-0067,Sale,transaction,TXN-0003176,CREATE,,Completed,,POS,True
AUD-00003177,2026-06-06 18:49:37,PH-001,EMP-0006,Sale,transaction,TXN-0003177,CREATE,,Completed,,POS,True
AUD-00003178,2026-07-13 18:35:59,PH-005,EMP-0090,Sale,transaction,TXN-0003178,CREATE,,Completed,,POS,True
AUD-00003179,2026-06-22 16:26:45,PH-002,EMP-0025,Sale,transaction,TXN-0003179,CREATE,,Completed,,POS,True
AUD-00003180,2026-05-06 09:05:33,PH-004,EMP-0084,Sale,transaction,TXN-0003180,CREATE,,Completed,,POS,True
AUD-00003181,2026-07-28 12:54:05,PH-004,EMP-0068,Sale,transaction,TXN-0003181,CREATE,,Completed,,POS,True
AUD-00003182,2026-05-30 09:11:02,PH-002,EMP-0041,Sale,transaction,TXN-0003182,CREATE,,Completed,,POS,True
AUD-00003183,2026-07-11 19:29:04,PH-003,EMP-0060,Sale,transaction,TXN-0003183,CREATE,,Completed,,POS,True
AUD-00003184,2026-05-18 16:06:24,PH-001,EMP-0017,Sale,transaction,TXN-0003184,CREATE,,Completed,,POS,True
AUD-00003185,2026-07-14 08:24:23,PH-005,EMP-0107,Sale,transaction,TXN-0003185,CREATE,,Completed,,POS,True
AUD-00003186,2026-07-17 15:21:45,PH-005,EMP-0104,Sale,transaction,TXN-0003186,CREATE,,Completed,,POS,True
AUD-00003187,2026-06-24 16:11:31,PH-002,EMP-0037,Sale,transaction,TXN-0003187,CREATE,,Completed,,POS,True
AUD-00003188,2026-06-14 08:58:46,PH-003,EMP-0059,Sale,transaction,TXN-0003188,CREATE,,Completed,,POS,True
AUD-00003189,2026-05-22 14:05:56,PH-002,EMP-0041,Sale,transaction,TXN-0003189,CREATE,,Completed,,POS,True
AUD-00003190,2026-05-28 14:55:19,PH-002,EMP-0040,Sale,transaction,TXN-0003190,CREATE,,Completed,,POS,True
AUD-00003191,2026-05-24 19:52:07,PH-001,EMP-0015,Sale,transaction,TXN-0003191,CREATE,,Completed,,POS,True
AUD-00003192,2026-07-20 21:24:39,PH-002,EMP-0039,Sale,transaction,TXN-0003192,CREATE,,Completed,,POS,True
AUD-00003193,2026-06-11 10:40:11,PH-004,EMP-0078,Sale,transaction,TXN-0003193,CREATE,,Completed,,POS,True
AUD-00003194,2026-07-13 15:13:41,PH-002,EMP-0036,Sale,transaction,TXN-0003194,CREATE,,Completed,,POS,True
AUD-00003195,2026-05-04 12:50:03,PH-003,EMP-0059,Sale,transaction,TXN-0003195,CREATE,,Completed,,POS,True
AUD-00003196,2026-05-26 11:46:49,PH-001,EMP-0015,Sale,transaction,TXN-0003196,CREATE,,Completed,,POS,True
AUD-00003197,2026-06-12 11:18:55,PH-004,EMP-0084,Sale,transaction,TXN-0003197,CREATE,,Completed,,POS,True
AUD-00003198,2026-07-20 15:58:27,PH-005,EMP-0104,Sale,transaction,TXN-0003198,CREATE,,Completed,,POS,True
AUD-00003199,2026-05-24 14:15:12,PH-004,EMP-0078,Sale,transaction,TXN-0003199,CREATE,,Completed,,POS,True
AUD-00003200,2026-06-05 09:21:35,PH-004,EMP-0079,Sale,transaction,TXN-0003200,CREATE,,Completed,,POS,True
AUD-00003201,2026-05-14 16:52:09,PH-001,EMP-0013,Sale,transaction,TXN-0003201,CREATE,,Completed,,POS,True
AUD-00003202,2026-07-01 20:18:44,PH-001,EMP-0001,Sale,transaction,TXN-0003202,CREATE,,Completed,,POS,True
AUD-00003203,2026-06-18 10:53:15,PH-004,EMP-0069,Sale,transaction,TXN-0003203,CREATE,,Completed,,POS,True
AUD-00003204,2026-07-15 14:54:48,PH-005,EMP-0089,Sale,transaction,TXN-0003204,CREATE,,Completed,,POS,True
AUD-00003205,2026-06-13 10:23:32,PH-001,EMP-0017,Sale,transaction,TXN-0003205,CREATE,,Completed,,POS,True
AUD-00003206,2026-07-04 09:35:17,PH-005,EMP-0108,Sale,transaction,TXN-0003206,CREATE,,Completed,,POS,True
AUD-00003207,2026-07-25 19:53:25,PH-003,EMP-0046,Sale,transaction,TXN-0003207,CREATE,,Completed,,POS,True
AUD-00003208,2026-05-14 15:09:25,PH-002,EMP-0038,Sale,transaction,TXN-0003208,CREATE,,Completed,,POS,True
AUD-00003209,2026-05-07 18:21:36,PH-005,EMP-0107,Sale,transaction,TXN-0003209,CREATE,,Completed,,POS,True
AUD-00003210,2026-05-19 20:25:31,PH-002,EMP-0024,Sale,transaction,TXN-0003210,CREATE,,Completed,,POS,True
AUD-00003211,2026-05-11 10:39:35,PH-004,EMP-0086,Sale,transaction,TXN-0003211,CREATE,,Completed,,POS,True
AUD-00003212,2026-06-01 13:45:29,PH-005,EMP-0106,Sale,transaction,TXN-0003212,CREATE,,Completed,,POS,True
AUD-00003213,2026-07-29 16:33:04,PH-005,EMP-0102,Sale,transaction,TXN-0003213,CREATE,,Completed,,POS,True
AUD-00003214,2026-07-05 13:31:32,PH-001,EMP-0020,Sale,transaction,TXN-0003214,CREATE,,Completed,,POS,True
AUD-00003215,2026-05-24 21:48:49,PH-001,EMP-0018,Sale,transaction,TXN-0003215,CREATE,,Completed,,POS,True
AUD-00003216,2026-07-31 08:20:02,PH-001,EMP-0017,Sale,transaction,TXN-0003216,CREATE,,Completed,,POS,True
AUD-00003217,2026-06-11 21:06:24,PH-002,EMP-0040,Sale,transaction,TXN-0003217,CREATE,,Completed,,POS,True
AUD-00003218,2026-06-26 16:28:34,PH-005,EMP-0103,Sale,transaction,TXN-0003218,CREATE,,Completed,,POS,True
AUD-00003219,2026-05-07 14:57:10,PH-002,EMP-0041,Sale,transaction,TXN-0003219,CREATE,,Completed,,POS,True
AUD-00003220,2026-05-22 12:39:37,PH-002,EMP-0037,Sale,transaction,TXN-0003220,CREATE,,Completed,,POS,True
AUD-00003221,2026-07-23 18:18:48,PH-002,EMP-0042,Sale,transaction,TXN-0003221,CREATE,,Completed,,POS,True
AUD-00003222,2026-07-23 09:13:17,PH-001,EMP-0003,Sale,transaction,TXN-0003222,CREATE,,Completed,,POS,True
AUD-00003223,2026-06-05 08:26:13,PH-005,EMP-0103,Sale,transaction,TXN-0003223,CREATE,,Completed,,POS,True
AUD-00003224,2026-06-29 20:19:04,PH-005,EMP-0106,Sale,transaction,TXN-0003224,CREATE,,Completed,,POS,True
AUD-00003225,2026-06-05 15:02:39,PH-003,EMP-0046,Sale,transaction,TXN-0003225,CREATE,,Completed,,POS,True
AUD-00003226,2026-07-16 11:09:18,PH-003,EMP-0045,Sale,transaction,TXN-0003226,CREATE,,Completed,,POS,True
AUD-00003227,2026-06-18 21:02:26,PH-005,EMP-0104,Sale,transaction,TXN-0003227,CREATE,,Completed,,POS,True
AUD-00003228,2026-05-21 11:36:20,PH-002,EMP-0038,Sale,transaction,TXN-0003228,CREATE,,Completed,,POS,True
AUD-00003229,2026-05-05 15:57:50,PH-005,EMP-0106,Sale,transaction,TXN-0003229,CREATE,,Completed,,POS,True
AUD-00003230,2026-06-20 08:17:56,PH-002,EMP-0025,Sale,transaction,TXN-0003230,CREATE,,Completed,,POS,True
AUD-00003231,2026-07-02 10:29:59,PH-005,EMP-0101,Sale,transaction,TXN-0003231,CREATE,,Completed,,POS,True
AUD-00003232,2026-05-08 20:37:32,PH-003,EMP-0057,Sale,transaction,TXN-0003232,CREATE,,Completed,,POS,True
AUD-00003233,2026-05-24 14:56:56,PH-004,EMP-0085,Sale,transaction,TXN-0003233,CREATE,,Completed,,POS,True
AUD-00003234,2026-05-09 15:18:22,PH-002,EMP-0034,Sale,transaction,TXN-0003234,CREATE,,Completed,,POS,True
AUD-00003235,2026-07-23 20:14:12,PH-001,EMP-0019,Sale,transaction,TXN-0003235,CREATE,,Completed,,POS,True
AUD-00003236,2026-07-18 11:22:03,PH-005,EMP-0091,Sale,transaction,TXN-0003236,CREATE,,Completed,,POS,True
AUD-00003237,2026-07-23 12:00:52,PH-004,EMP-0083,Sale,transaction,TXN-0003237,CREATE,,Completed,,POS,True
AUD-00003238,2026-06-16 12:09:09,PH-005,EMP-0101,Sale,transaction,TXN-0003238,CREATE,,Completed,,POS,True
AUD-00003239,2026-06-23 09:58:06,PH-004,EMP-0083,Sale,transaction,TXN-0003239,CREATE,,Completed,,POS,True
AUD-00003240,2026-06-30 19:20:12,PH-002,EMP-0034,Sale,transaction,TXN-0003240,CREATE,,Completed,,POS,True
AUD-00003241,2026-07-28 11:25:32,PH-002,EMP-0036,Sale,transaction,TXN-0003241,CREATE,,Completed,,POS,True
AUD-00003242,2026-05-05 21:34:38,PH-005,EMP-0104,Sale,transaction,TXN-0003242,CREATE,,Completed,,POS,True
AUD-00003243,2026-05-25 11:18:02,PH-002,EMP-0037,Sale,transaction,TXN-0003243,CREATE,,Completed,,POS,True
AUD-00003244,2026-06-06 10:12:58,PH-004,EMP-0081,Sale,transaction,TXN-0003244,CREATE,,Completed,,POS,True
AUD-00003245,2026-06-20 21:19:15,PH-004,EMP-0069,Sale,transaction,TXN-0003245,CREATE,,Completed,,POS,True
AUD-00003246,2026-06-11 11:26:20,PH-002,EMP-0025,Sale,transaction,TXN-0003246,CREATE,,Completed,,POS,True
AUD-00003247,2026-06-04 14:42:40,PH-005,EMP-0100,Sale,transaction,TXN-0003247,CREATE,,Completed,,POS,True
AUD-00003248,2026-05-19 18:56:27,PH-003,EMP-0063,Sale,transaction,TXN-0003248,CREATE,,Completed,,POS,True
AUD-00003249,2026-05-08 16:22:13,PH-002,EMP-0038,Sale,transaction,TXN-0003249,CREATE,,Completed,,POS,True
AUD-00003250,2026-07-27 16:41:08,PH-004,EMP-0081,Sale,transaction,TXN-0003250,CREATE,,Completed,,POS,True
AUD-00003251,2026-06-25 12:30:59,PH-002,EMP-0039,Sale,transaction,TXN-0003251,CREATE,,Completed,,POS,True
AUD-00003252,2026-06-27 20:31:27,PH-005,EMP-0105,Sale,transaction,TXN-0003252,CREATE,,Completed,,POS,True
AUD-00003253,2026-06-18 16:18:39,PH-003,EMP-0056,Sale,transaction,TXN-0003253,CREATE,,Completed,,POS,True
AUD-00003254,2026-07-17 17:02:13,PH-003,EMP-0064,Sale,transaction,TXN-0003254,CREATE,,Completed,,POS,True
AUD-00003255,2026-07-08 18:29:15,PH-002,EMP-0041,Sale,transaction,TXN-0003255,CREATE,,Completed,,POS,True
AUD-00003256,2026-06-18 15:54:52,PH-002,EMP-0036,Sale,transaction,TXN-0003256,CREATE,,Completed,,POS,True
AUD-00003257,2026-07-26 10:08:23,PH-001,EMP-0016,Sale,transaction,TXN-0003257,CREATE,,Completed,,POS,True
AUD-00003258,2026-07-04 11:18:34,PH-003,EMP-0061,Sale,transaction,TXN-0003258,CREATE,,Completed,,POS,True
AUD-00003259,2026-05-07 20:03:20,PH-002,EMP-0023,Sale,transaction,TXN-0003259,CREATE,,Completed,,POS,True
AUD-00003260,2026-07-09 17:24:17,PH-005,EMP-0089,Sale,transaction,TXN-0003260,CREATE,,Completed,,POS,True
AUD-00003261,2026-06-22 13:51:07,PH-001,EMP-0019,Sale,transaction,TXN-0003261,CREATE,,Completed,,POS,True
AUD-00003262,2026-07-26 15:22:58,PH-001,EMP-0002,Sale,transaction,TXN-0003262,CREATE,,Completed,,POS,True
AUD-00003263,2026-07-02 20:28:32,PH-001,EMP-0012,Sale,transaction,TXN-0003263,CREATE,,Completed,,POS,True
AUD-00003264,2026-05-07 13:23:30,PH-001,EMP-0014,Sale,transaction,TXN-0003264,CREATE,,Completed,,POS,True
AUD-00003265,2026-07-20 19:08:48,PH-005,EMP-0105,Sale,transaction,TXN-0003265,CREATE,,Completed,,POS,True
AUD-00003266,2026-05-26 09:49:04,PH-003,EMP-0056,Sale,transaction,TXN-0003266,CREATE,,Completed,,POS,True
AUD-00003267,2026-06-06 10:45:48,PH-004,EMP-0080,Sale,transaction,TXN-0003267,CREATE,,Completed,,POS,True
AUD-00003268,2026-07-29 19:13:11,PH-004,EMP-0083,Sale,transaction,TXN-0003268,CREATE,,Completed,,POS,True
AUD-00003269,2026-06-25 20:24:08,PH-004,EMP-0083,Sale,transaction,TXN-0003269,CREATE,,Completed,,POS,True
AUD-00003270,2026-07-07 15:44:59,PH-001,EMP-0012,Sale,transaction,TXN-0003270,CREATE,,Completed,,POS,True
AUD-00003271,2026-07-22 16:08:22,PH-001,EMP-0003,Sale,transaction,TXN-0003271,CREATE,,Completed,,POS,True
AUD-00003272,2026-06-20 12:02:30,PH-003,EMP-0058,Sale,transaction,TXN-0003272,CREATE,,Completed,,POS,True
AUD-00003273,2026-06-18 09:22:32,PH-005,EMP-0107,Sale,transaction,TXN-0003273,CREATE,,Completed,,POS,True
AUD-00003274,2026-07-17 14:53:07,PH-002,EMP-0041,Sale,transaction,TXN-0003274,CREATE,,Completed,,POS,True
AUD-00003275,2026-07-30 16:52:47,PH-004,EMP-0078,Sale,transaction,TXN-0003275,CREATE,,Completed,,POS,True
AUD-00003276,2026-07-14 20:02:01,PH-002,EMP-0036,Sale,transaction,TXN-0003276,CREATE,,Completed,,POS,True
AUD-00003277,2026-05-12 11:52:11,PH-005,EMP-0101,Sale,transaction,TXN-0003277,CREATE,,Completed,,POS,True
AUD-00003278,2026-07-11 17:45:08,PH-003,EMP-0060,Sale,transaction,TXN-0003278,CREATE,,Completed,,POS,True
AUD-00003279,2026-07-15 13:52:17,PH-003,EMP-0063,Sale,transaction,TXN-0003279,CREATE,,Completed,,POS,True
AUD-00003280,2026-05-08 19:23:23,PH-004,EMP-0067,Sale,transaction,TXN-0003280,CREATE,,Completed,,POS,True
AUD-00003281,2026-07-22 18:27:50,PH-002,EMP-0023,Sale,transaction,TXN-0003281,CREATE,,Completed,,POS,True
AUD-00003282,2026-07-09 18:09:44,PH-001,EMP-0020,Sale,transaction,TXN-0003282,CREATE,,Completed,,POS,True
AUD-00003283,2026-05-16 18:49:37,PH-002,EMP-0024,Sale,transaction,TXN-0003283,CREATE,,Completed,,POS,True
AUD-00003284,2026-05-04 18:31:45,PH-003,EMP-0057,Sale,transaction,TXN-0003284,CREATE,,Completed,,POS,True
AUD-00003285,2026-05-05 15:22:55,PH-003,EMP-0046,Sale,transaction,TXN-0003285,CREATE,,Completed,,POS,True
AUD-00003286,2026-05-13 09:04:14,PH-002,EMP-0024,Sale,transaction,TXN-0003286,CREATE,,Completed,,POS,True
AUD-00003287,2026-05-30 10:06:06,PH-001,EMP-0006,Sale,transaction,TXN-0003287,CREATE,,Completed,,POS,True
AUD-00003288,2026-06-25 11:43:09,PH-005,EMP-0089,Sale,transaction,TXN-0003288,CREATE,,Completed,,POS,True
AUD-00003289,2026-06-11 10:32:58,PH-001,EMP-0014,Sale,transaction,TXN-0003289,CREATE,,Completed,,POS,True
AUD-00003290,2026-05-12 16:05:58,PH-001,EMP-0020,Sale,transaction,TXN-0003290,CREATE,,Completed,,POS,True
AUD-00003291,2026-05-04 19:29:09,PH-003,EMP-0057,Sale,transaction,TXN-0003291,CREATE,,Completed,,POS,True
AUD-00003292,2026-06-03 12:52:45,PH-002,EMP-0034,Sale,transaction,TXN-0003292,CREATE,,Completed,,POS,True
AUD-00003293,2026-05-20 12:10:52,PH-003,EMP-0046,Sale,transaction,TXN-0003293,CREATE,,Completed,,POS,True
AUD-00003294,2026-05-12 10:49:27,PH-005,EMP-0090,Sale,transaction,TXN-0003294,CREATE,,Completed,,POS,True
AUD-00003295,2026-05-22 14:18:35,PH-001,EMP-0006,Sale,transaction,TXN-0003295,CREATE,,Completed,,POS,True
AUD-00003296,2026-06-03 13:57:29,PH-005,EMP-0106,Sale,transaction,TXN-0003296,CREATE,,Completed,,POS,True
AUD-00003297,2026-07-13 19:38:31,PH-003,EMP-0061,Sale,transaction,TXN-0003297,CREATE,,Completed,,POS,True
AUD-00003298,2026-06-22 10:58:37,PH-003,EMP-0060,Sale,transaction,TXN-0003298,CREATE,,Completed,,POS,True
AUD-00003299,2026-07-08 17:24:46,PH-004,EMP-0068,Sale,transaction,TXN-0003299,CREATE,,Completed,,POS,True
AUD-00003300,2026-05-29 13:01:02,PH-004,EMP-0080,Sale,transaction,TXN-0003300,CREATE,,Completed,,POS,True
AUD-00003301,2026-05-02 20:03:03,PH-002,EMP-0042,Sale,transaction,TXN-0003301,CREATE,,Completed,,POS,True
AUD-00003302,2026-06-16 10:24:09,PH-004,EMP-0067,Sale,transaction,TXN-0003302,CREATE,,Completed,,POS,True
AUD-00003303,2026-07-03 10:05:28,PH-005,EMP-0090,Sale,transaction,TXN-0003303,CREATE,,Completed,,POS,True
AUD-00003304,2026-05-12 09:24:24,PH-005,EMP-0106,Sale,transaction,TXN-0003304,CREATE,,Completed,,POS,True
AUD-00003305,2026-05-14 18:55:07,PH-003,EMP-0056,Sale,transaction,TXN-0003305,CREATE,,Completed,,POS,True
AUD-00003306,2026-05-25 20:08:34,PH-002,EMP-0039,Sale,transaction,TXN-0003306,CREATE,,Completed,,POS,True
AUD-00003307,2026-05-06 21:20:45,PH-003,EMP-0046,Sale,transaction,TXN-0003307,CREATE,,Completed,,POS,True
AUD-00003308,2026-07-03 10:23:01,PH-005,EMP-0104,Sale,transaction,TXN-0003308,CREATE,,Completed,,POS,True
AUD-00003309,2026-06-14 08:55:37,PH-001,EMP-0002,Sale,transaction,TXN-0003309,CREATE,,Completed,,POS,True
AUD-00003310,2026-05-20 17:28:13,PH-005,EMP-0100,Sale,transaction,TXN-0003310,CREATE,,Completed,,POS,True
AUD-00003311,2026-07-15 18:00:51,PH-002,EMP-0025,Sale,transaction,TXN-0003311,CREATE,,Completed,,POS,True
AUD-00003312,2026-06-07 19:30:24,PH-001,EMP-0003,Sale,transaction,TXN-0003312,CREATE,,Completed,,POS,True
AUD-00003313,2026-07-26 13:38:05,PH-005,EMP-0101,Sale,transaction,TXN-0003313,CREATE,,Completed,,POS,True
AUD-00003314,2026-05-27 11:28:00,PH-002,EMP-0035,Sale,transaction,TXN-0003314,CREATE,,Completed,,POS,True
AUD-00003315,2026-07-05 17:56:10,PH-002,EMP-0038,Sale,transaction,TXN-0003315,CREATE,,Completed,,POS,True
AUD-00003316,2026-05-05 21:57:18,PH-004,EMP-0079,Sale,transaction,TXN-0003316,CREATE,,Completed,,POS,True
AUD-00003317,2026-05-03 08:52:40,PH-004,EMP-0085,Sale,transaction,TXN-0003317,CREATE,,Completed,,POS,True
AUD-00003318,2026-05-21 16:58:46,PH-003,EMP-0047,Sale,transaction,TXN-0003318,CREATE,,Completed,,POS,True
AUD-00003319,2026-07-18 16:29:09,PH-003,EMP-0045,Sale,transaction,TXN-0003319,CREATE,,Completed,,POS,True
AUD-00003320,2026-05-08 18:30:27,PH-005,EMP-0100,Sale,transaction,TXN-0003320,CREATE,,Completed,,POS,True
AUD-00003321,2026-05-06 21:04:53,PH-003,EMP-0061,Sale,transaction,TXN-0003321,CREATE,,Completed,,POS,True
AUD-00003322,2026-05-10 16:14:49,PH-003,EMP-0060,Sale,transaction,TXN-0003322,CREATE,,Completed,,POS,True
AUD-00003323,2026-05-27 14:39:16,PH-001,EMP-0014,Sale,transaction,TXN-0003323,CREATE,,Completed,,POS,True
AUD-00003324,2026-07-30 12:12:18,PH-002,EMP-0034,Sale,transaction,TXN-0003324,CREATE,,Completed,,POS,True
AUD-00003325,2026-05-26 21:16:57,PH-002,EMP-0037,Sale,transaction,TXN-0003325,CREATE,,Completed,,POS,True
AUD-00003326,2026-06-04 20:59:15,PH-002,EMP-0037,Sale,transaction,TXN-0003326,CREATE,,Completed,,POS,True
AUD-00003327,2026-07-21 09:20:30,PH-003,EMP-0059,Sale,transaction,TXN-0003327,CREATE,,Completed,,POS,True
AUD-00003328,2026-06-06 19:59:04,PH-003,EMP-0063,Sale,transaction,TXN-0003328,CREATE,,Completed,,POS,True
AUD-00003329,2026-06-17 21:31:20,PH-005,EMP-0106,Sale,transaction,TXN-0003329,CREATE,,Completed,,POS,True
AUD-00003330,2026-05-23 09:53:52,PH-005,EMP-0101,Sale,transaction,TXN-0003330,CREATE,,Completed,,POS,True
AUD-00003331,2026-06-11 17:24:55,PH-001,EMP-0018,Sale,transaction,TXN-0003331,CREATE,,Completed,,POS,True
AUD-00003332,2026-06-21 09:17:02,PH-004,EMP-0079,Sale,transaction,TXN-0003332,CREATE,,Completed,,POS,True
AUD-00003333,2026-06-20 17:48:02,PH-003,EMP-0061,Sale,transaction,TXN-0003333,CREATE,,Completed,,POS,True
AUD-00003334,2026-07-11 09:51:45,PH-002,EMP-0042,Sale,transaction,TXN-0003334,CREATE,,Completed,,POS,True
AUD-00003335,2026-05-01 15:55:23,PH-002,EMP-0035,Sale,transaction,TXN-0003335,CREATE,,Completed,,POS,True
AUD-00003336,2026-06-06 17:59:19,PH-004,EMP-0068,Sale,transaction,TXN-0003336,CREATE,,Completed,,POS,True
AUD-00003337,2026-05-04 18:41:17,PH-003,EMP-0059,Sale,transaction,TXN-0003337,CREATE,,Completed,,POS,True
AUD-00003338,2026-05-30 09:58:32,PH-005,EMP-0102,Sale,transaction,TXN-0003338,CREATE,,Completed,,POS,True
AUD-00003339,2026-06-21 19:21:55,PH-002,EMP-0023,Sale,transaction,TXN-0003339,CREATE,,Completed,,POS,True
AUD-00003340,2026-06-06 09:11:43,PH-005,EMP-0101,Sale,transaction,TXN-0003340,CREATE,,Completed,,POS,True
AUD-00003341,2026-05-12 10:04:39,PH-005,EMP-0105,Sale,transaction,TXN-0003341,CREATE,,Completed,,POS,True
AUD-00003342,2026-07-03 11:07:45,PH-005,EMP-0108,Sale,transaction,TXN-0003342,CREATE,,Completed,,POS,True
AUD-00003343,2026-05-22 11:38:13,PH-005,EMP-0107,Sale,transaction,TXN-0003343,CREATE,,Completed,,POS,True
AUD-00003344,2026-07-12 13:11:54,PH-005,EMP-0102,Sale,transaction,TXN-0003344,CREATE,,Completed,,POS,True
AUD-00003345,2026-06-27 10:02:55,PH-002,EMP-0024,Sale,transaction,TXN-0003345,CREATE,,Completed,,POS,True
AUD-00003346,2026-07-07 13:40:15,PH-005,EMP-0101,Sale,transaction,TXN-0003346,CREATE,,Completed,,POS,True
AUD-00003347,2026-06-13 14:48:39,PH-001,EMP-0020,Sale,transaction,TXN-0003347,CREATE,,Completed,,POS,True
AUD-00003348,2026-06-27 08:36:59,PH-003,EMP-0060,Sale,transaction,TXN-0003348,CREATE,,Completed,,POS,True
AUD-00003349,2026-05-22 13:19:57,PH-005,EMP-0108,Sale,transaction,TXN-0003349,CREATE,,Completed,,POS,True
AUD-00003350,2026-07-31 10:43:48,PH-005,EMP-0103,Sale,transaction,TXN-0003350,CREATE,,Completed,,POS,True
AUD-00003351,2026-05-10 15:34:00,PH-005,EMP-0100,Sale,transaction,TXN-0003351,CREATE,,Completed,,POS,True
AUD-00003352,2026-07-08 17:37:15,PH-003,EMP-0046,Sale,transaction,TXN-0003352,CREATE,,Completed,,POS,True
AUD-00003353,2026-06-11 19:21:26,PH-003,EMP-0059,Sale,transaction,TXN-0003353,CREATE,,Completed,,POS,True
AUD-00003354,2026-06-21 08:09:13,PH-005,EMP-0091,Sale,transaction,TXN-0003354,CREATE,,Completed,,POS,True
AUD-00003355,2026-07-02 11:17:23,PH-003,EMP-0060,Sale,transaction,TXN-0003355,CREATE,,Completed,,POS,True
AUD-00003356,2026-07-26 21:11:01,PH-005,EMP-0107,Sale,transaction,TXN-0003356,CREATE,,Completed,,POS,True
AUD-00003357,2026-07-27 21:10:31,PH-003,EMP-0064,Sale,transaction,TXN-0003357,CREATE,,Completed,,POS,True
AUD-00003358,2026-07-11 08:11:18,PH-005,EMP-0091,Sale,transaction,TXN-0003358,CREATE,,Completed,,POS,True
AUD-00003359,2026-06-29 08:55:02,PH-004,EMP-0081,Sale,transaction,TXN-0003359,CREATE,,Completed,,POS,True
AUD-00003360,2026-05-12 10:05:45,PH-004,EMP-0080,Sale,transaction,TXN-0003360,CREATE,,Completed,,POS,True
AUD-00003361,2026-05-29 17:39:32,PH-002,EMP-0036,Sale,transaction,TXN-0003361,CREATE,,Completed,,POS,True
AUD-00003362,2026-05-15 19:04:52,PH-005,EMP-0102,Sale,transaction,TXN-0003362,CREATE,,Completed,,POS,True
AUD-00003363,2026-06-26 08:18:20,PH-001,EMP-0003,Sale,transaction,TXN-0003363,CREATE,,Completed,,POS,True
AUD-00003364,2026-05-23 15:25:38,PH-001,EMP-0019,Sale,transaction,TXN-0003364,CREATE,,Completed,,POS,True
AUD-00003365,2026-07-18 19:06:38,PH-003,EMP-0060,Sale,transaction,TXN-0003365,CREATE,,Completed,,POS,True
AUD-00003366,2026-07-12 15:10:24,PH-004,EMP-0080,Sale,transaction,TXN-0003366,CREATE,,Completed,,POS,True
AUD-00003367,2026-06-01 13:24:51,PH-005,EMP-0090,Sale,transaction,TXN-0003367,CREATE,,Completed,,POS,True
AUD-00003368,2026-06-23 13:20:45,PH-004,EMP-0082,Sale,transaction,TXN-0003368,CREATE,,Completed,,POS,True
AUD-00003369,2026-05-19 21:40:54,PH-002,EMP-0041,Sale,transaction,TXN-0003369,CREATE,,Completed,,POS,True
AUD-00003370,2026-05-07 21:17:13,PH-001,EMP-0006,Sale,transaction,TXN-0003370,CREATE,,Completed,,POS,True
AUD-00003371,2026-07-25 20:37:57,PH-005,EMP-0091,Sale,transaction,TXN-0003371,CREATE,,Completed,,POS,True
AUD-00003372,2026-05-07 11:47:50,PH-001,EMP-0020,Sale,transaction,TXN-0003372,CREATE,,Completed,,POS,True
AUD-00003373,2026-06-28 13:53:34,PH-003,EMP-0056,Sale,transaction,TXN-0003373,CREATE,,Completed,,POS,True
AUD-00003374,2026-05-27 11:04:58,PH-003,EMP-0056,Sale,transaction,TXN-0003374,CREATE,,Completed,,POS,True
AUD-00003375,2026-06-03 21:38:17,PH-002,EMP-0039,Sale,transaction,TXN-0003375,CREATE,,Completed,,POS,True
AUD-00003376,2026-07-17 21:27:08,PH-005,EMP-0102,Sale,transaction,TXN-0003376,CREATE,,Completed,,POS,True
AUD-00003377,2026-06-08 19:02:24,PH-002,EMP-0038,Sale,transaction,TXN-0003377,CREATE,,Completed,,POS,True
AUD-00003378,2026-07-08 20:27:27,PH-002,EMP-0023,Sale,transaction,TXN-0003378,CREATE,,Completed,,POS,True
AUD-00003379,2026-06-12 21:33:53,PH-002,EMP-0025,Sale,transaction,TXN-0003379,CREATE,,Completed,,POS,True
AUD-00003380,2026-05-10 09:21:40,PH-001,EMP-0014,Sale,transaction,TXN-0003380,CREATE,,Completed,,POS,True
AUD-00003381,2026-05-25 21:27:19,PH-001,EMP-0001,Sale,transaction,TXN-0003381,CREATE,,Completed,,POS,True
AUD-00003382,2026-06-27 10:04:31,PH-002,EMP-0042,Sale,transaction,TXN-0003382,CREATE,,Completed,,POS,True
AUD-00003383,2026-05-20 10:12:23,PH-002,EMP-0024,Sale,transaction,TXN-0003383,CREATE,,Completed,,POS,True
AUD-00003384,2026-07-31 13:45:52,PH-003,EMP-0060,Sale,transaction,TXN-0003384,CREATE,,Completed,,POS,True
AUD-00003385,2026-06-17 18:32:00,PH-003,EMP-0056,Sale,transaction,TXN-0003385,CREATE,,Completed,,POS,True
AUD-00003386,2026-07-03 19:54:25,PH-005,EMP-0100,Sale,transaction,TXN-0003386,CREATE,,Completed,,POS,True
AUD-00003387,2026-05-01 14:16:36,PH-005,EMP-0102,Sale,transaction,TXN-0003387,CREATE,,Completed,,POS,True
AUD-00003388,2026-05-24 13:00:54,PH-001,EMP-0012,Sale,transaction,TXN-0003388,CREATE,,Completed,,POS,True
AUD-00003389,2026-05-09 09:45:37,PH-002,EMP-0024,Sale,transaction,TXN-0003389,CREATE,,Completed,,POS,True
AUD-00003390,2026-06-29 14:20:06,PH-002,EMP-0039,Sale,transaction,TXN-0003390,CREATE,,Completed,,POS,True
AUD-00003391,2026-06-30 09:10:15,PH-004,EMP-0068,Sale,transaction,TXN-0003391,CREATE,,Completed,,POS,True
AUD-00003392,2026-06-11 10:24:46,PH-004,EMP-0085,Sale,transaction,TXN-0003392,CREATE,,Completed,,POS,True
AUD-00003393,2026-06-28 14:52:18,PH-005,EMP-0091,Sale,transaction,TXN-0003393,CREATE,,Completed,,POS,True
AUD-00003394,2026-05-01 21:09:31,PH-002,EMP-0039,Sale,transaction,TXN-0003394,CREATE,,Completed,,POS,True
AUD-00003395,2026-07-12 17:15:24,PH-001,EMP-0001,Sale,transaction,TXN-0003395,CREATE,,Completed,,POS,True
AUD-00003396,2026-05-16 12:18:33,PH-005,EMP-0102,Sale,transaction,TXN-0003396,CREATE,,Completed,,POS,True
AUD-00003397,2026-05-06 16:46:47,PH-002,EMP-0025,Sale,transaction,TXN-0003397,CREATE,,Completed,,POS,True
AUD-00003398,2026-06-09 19:54:30,PH-003,EMP-0045,Sale,transaction,TXN-0003398,CREATE,,Completed,,POS,True
AUD-00003399,2026-05-07 20:02:55,PH-004,EMP-0069,Sale,transaction,TXN-0003399,CREATE,,Completed,,POS,True
AUD-00003400,2026-06-07 14:41:34,PH-003,EMP-0046,Sale,transaction,TXN-0003400,CREATE,,Completed,,POS,True
AUD-00003401,2026-07-27 21:26:12,PH-002,EMP-0041,Sale,transaction,TXN-0003401,CREATE,,Completed,,POS,True
AUD-00003402,2026-05-21 08:35:57,PH-004,EMP-0080,Sale,transaction,TXN-0003402,CREATE,,Completed,,POS,True
AUD-00003403,2026-05-04 09:29:04,PH-003,EMP-0047,Sale,transaction,TXN-0003403,CREATE,,Completed,,POS,True
AUD-00003404,2026-07-06 15:38:55,PH-002,EMP-0037,Sale,transaction,TXN-0003404,CREATE,,Completed,,POS,True
AUD-00003405,2026-06-05 13:13:28,PH-001,EMP-0018,Sale,transaction,TXN-0003405,CREATE,,Completed,,POS,True
AUD-00003406,2026-05-07 17:45:06,PH-005,EMP-0101,Sale,transaction,TXN-0003406,CREATE,,Completed,,POS,True
AUD-00003407,2026-05-16 09:34:08,PH-002,EMP-0023,Sale,transaction,TXN-0003407,CREATE,,Completed,,POS,True
AUD-00003408,2026-05-14 18:04:02,PH-001,EMP-0002,Sale,transaction,TXN-0003408,CREATE,,Completed,,POS,True
AUD-00003409,2026-07-23 11:36:04,PH-004,EMP-0079,Sale,transaction,TXN-0003409,CREATE,,Completed,,POS,True
AUD-00003410,2026-05-25 17:09:07,PH-003,EMP-0061,Sale,transaction,TXN-0003410,CREATE,,Completed,,POS,True
AUD-00003411,2026-05-15 16:11:22,PH-005,EMP-0090,Sale,transaction,TXN-0003411,CREATE,,Completed,,POS,True
AUD-00003412,2026-07-25 14:46:48,PH-001,EMP-0020,Sale,transaction,TXN-0003412,CREATE,,Completed,,POS,True
AUD-00003413,2026-05-29 13:56:33,PH-005,EMP-0108,Sale,transaction,TXN-0003413,CREATE,,Completed,,POS,True
AUD-00003414,2026-07-18 15:18:28,PH-003,EMP-0047,Sale,transaction,TXN-0003414,CREATE,,Completed,,POS,True
AUD-00003415,2026-06-13 10:02:18,PH-003,EMP-0061,Sale,transaction,TXN-0003415,CREATE,,Completed,,POS,True
AUD-00003416,2026-06-26 09:36:56,PH-004,EMP-0084,Sale,transaction,TXN-0003416,CREATE,,Completed,,POS,True
AUD-00003417,2026-05-03 16:45:32,PH-001,EMP-0015,Sale,transaction,TXN-0003417,CREATE,,Completed,,POS,True
AUD-00003418,2026-06-10 10:34:48,PH-004,EMP-0085,Sale,transaction,TXN-0003418,CREATE,,Completed,,POS,True
AUD-00003419,2026-07-21 10:14:13,PH-003,EMP-0056,Sale,transaction,TXN-0003419,CREATE,,Completed,,POS,True
AUD-00003420,2026-07-18 13:17:51,PH-002,EMP-0037,Sale,transaction,TXN-0003420,CREATE,,Completed,,POS,True
AUD-00003421,2026-05-10 13:04:44,PH-005,EMP-0108,Sale,transaction,TXN-0003421,CREATE,,Completed,,POS,True
AUD-00003422,2026-05-19 17:07:11,PH-005,EMP-0104,Sale,transaction,TXN-0003422,CREATE,,Completed,,POS,True
AUD-00003423,2026-06-13 13:18:23,PH-005,EMP-0107,Sale,transaction,TXN-0003423,CREATE,,Completed,,POS,True
AUD-00003424,2026-05-27 21:49:25,PH-001,EMP-0014,Sale,transaction,TXN-0003424,CREATE,,Completed,,POS,True
AUD-00003425,2026-05-07 08:18:31,PH-003,EMP-0059,Sale,transaction,TXN-0003425,CREATE,,Completed,,POS,True
AUD-00003426,2026-05-08 10:01:23,PH-002,EMP-0041,Sale,transaction,TXN-0003426,CREATE,,Completed,,POS,True
AUD-00003427,2026-05-26 15:19:34,PH-004,EMP-0084,Sale,transaction,TXN-0003427,CREATE,,Completed,,POS,True
AUD-00003428,2026-06-23 11:35:03,PH-005,EMP-0107,Sale,transaction,TXN-0003428,CREATE,,Completed,,POS,True
AUD-00003429,2026-07-29 08:29:56,PH-004,EMP-0068,Sale,transaction,TXN-0003429,CREATE,,Completed,,POS,True
AUD-00003430,2026-07-29 14:02:17,PH-001,EMP-0017,Sale,transaction,TXN-0003430,CREATE,,Completed,,POS,True
AUD-00003431,2026-05-23 18:00:07,PH-004,EMP-0078,Sale,transaction,TXN-0003431,CREATE,,Completed,,POS,True
AUD-00003432,2026-05-26 13:16:19,PH-001,EMP-0013,Sale,transaction,TXN-0003432,CREATE,,Completed,,POS,True
AUD-00003433,2026-06-29 19:08:50,PH-003,EMP-0045,Sale,transaction,TXN-0003433,CREATE,,Completed,,POS,True
AUD-00003434,2026-05-11 16:45:46,PH-002,EMP-0040,Sale,transaction,TXN-0003434,CREATE,,Completed,,POS,True
AUD-00003435,2026-06-09 17:49:53,PH-003,EMP-0047,Sale,transaction,TXN-0003435,CREATE,,Completed,,POS,True
AUD-00003436,2026-05-20 14:29:21,PH-003,EMP-0061,Sale,transaction,TXN-0003436,CREATE,,Completed,,POS,True
AUD-00003437,2026-07-08 18:03:17,PH-003,EMP-0063,Sale,transaction,TXN-0003437,CREATE,,Completed,,POS,True
AUD-00003438,2026-07-06 09:28:49,PH-002,EMP-0036,Sale,transaction,TXN-0003438,CREATE,,Completed,,POS,True
AUD-00003439,2026-05-29 09:26:10,PH-005,EMP-0089,Sale,transaction,TXN-0003439,CREATE,,Completed,,POS,True
AUD-00003440,2026-06-30 16:25:07,PH-004,EMP-0068,Sale,transaction,TXN-0003440,CREATE,,Completed,,POS,True
AUD-00003441,2026-06-20 14:04:44,PH-002,EMP-0039,Sale,transaction,TXN-0003441,CREATE,,Completed,,POS,True
AUD-00003442,2026-05-26 17:43:51,PH-004,EMP-0079,Sale,transaction,TXN-0003442,CREATE,,Completed,,POS,True
AUD-00003443,2026-05-05 09:40:35,PH-004,EMP-0069,Sale,transaction,TXN-0003443,CREATE,,Completed,,POS,True
AUD-00003444,2026-07-27 21:21:31,PH-005,EMP-0104,Sale,transaction,TXN-0003444,CREATE,,Completed,,POS,True
AUD-00003445,2026-06-03 17:58:55,PH-005,EMP-0106,Sale,transaction,TXN-0003445,CREATE,,Completed,,POS,True
AUD-00003446,2026-06-08 14:17:24,PH-003,EMP-0063,Sale,transaction,TXN-0003446,CREATE,,Completed,,POS,True
AUD-00003447,2026-05-30 16:50:41,PH-001,EMP-0002,Sale,transaction,TXN-0003447,CREATE,,Completed,,POS,True
AUD-00003448,2026-07-16 08:53:19,PH-002,EMP-0038,Sale,transaction,TXN-0003448,CREATE,,Completed,,POS,True
AUD-00003449,2026-06-02 15:22:53,PH-003,EMP-0045,Sale,transaction,TXN-0003449,CREATE,,Completed,,POS,True
AUD-00003450,2026-05-12 13:47:31,PH-005,EMP-0090,Sale,transaction,TXN-0003450,CREATE,,Completed,,POS,True
AUD-00003451,2026-06-08 08:11:32,PH-004,EMP-0080,Sale,transaction,TXN-0003451,CREATE,,Completed,,POS,True
AUD-00003452,2026-05-13 11:30:19,PH-004,EMP-0083,Sale,transaction,TXN-0003452,CREATE,,Completed,,POS,True
AUD-00003453,2026-07-17 15:42:57,PH-005,EMP-0106,Sale,transaction,TXN-0003453,CREATE,,Completed,,POS,True
AUD-00003454,2026-05-12 16:14:30,PH-005,EMP-0089,Sale,transaction,TXN-0003454,CREATE,,Completed,,POS,True
AUD-00003455,2026-06-05 20:40:32,PH-001,EMP-0001,Sale,transaction,TXN-0003455,CREATE,,Completed,,POS,True
AUD-00003456,2026-07-11 09:35:43,PH-005,EMP-0091,Sale,transaction,TXN-0003456,CREATE,,Completed,,POS,True
AUD-00003457,2026-05-23 16:52:20,PH-003,EMP-0062,Sale,transaction,TXN-0003457,CREATE,,Completed,,POS,True
AUD-00003458,2026-07-09 08:12:44,PH-005,EMP-0107,Sale,transaction,TXN-0003458,CREATE,,Completed,,POS,True
AUD-00003459,2026-06-29 19:58:10,PH-005,EMP-0104,Sale,transaction,TXN-0003459,CREATE,,Completed,,POS,True
AUD-00003460,2026-05-05 16:51:50,PH-005,EMP-0107,Sale,transaction,TXN-0003460,CREATE,,Completed,,POS,True
AUD-00003461,2026-06-13 09:01:30,PH-003,EMP-0045,Sale,transaction,TXN-0003461,CREATE,,Completed,,POS,True
AUD-00003462,2026-05-11 15:46:04,PH-004,EMP-0080,Sale,transaction,TXN-0003462,CREATE,,Completed,,POS,True
AUD-00003463,2026-05-15 11:40:15,PH-001,EMP-0014,Sale,transaction,TXN-0003463,CREATE,,Completed,,POS,True
AUD-00003464,2026-05-23 08:18:14,PH-005,EMP-0090,Sale,transaction,TXN-0003464,CREATE,,Completed,,POS,True
AUD-00003465,2026-06-03 08:12:40,PH-005,EMP-0104,Sale,transaction,TXN-0003465,CREATE,,Completed,,POS,True
AUD-00003466,2026-05-21 10:26:34,PH-002,EMP-0042,Sale,transaction,TXN-0003466,CREATE,,Completed,,POS,True
AUD-00003467,2026-06-24 11:34:38,PH-003,EMP-0061,Sale,transaction,TXN-0003467,CREATE,,Completed,,POS,True
AUD-00003468,2026-06-29 10:16:18,PH-005,EMP-0108,Sale,transaction,TXN-0003468,CREATE,,Completed,,POS,True
AUD-00003469,2026-07-27 16:37:26,PH-004,EMP-0085,Sale,transaction,TXN-0003469,CREATE,,Completed,,POS,True
AUD-00003470,2026-06-16 09:07:49,PH-002,EMP-0040,Sale,transaction,TXN-0003470,CREATE,,Completed,,POS,True
AUD-00003471,2026-06-09 08:30:12,PH-002,EMP-0035,Sale,transaction,TXN-0003471,CREATE,,Completed,,POS,True
AUD-00003472,2026-06-04 12:40:49,PH-003,EMP-0063,Sale,transaction,TXN-0003472,CREATE,,Completed,,POS,True
AUD-00003473,2026-06-10 16:13:16,PH-005,EMP-0102,Sale,transaction,TXN-0003473,CREATE,,Completed,,POS,True
AUD-00003474,2026-07-05 10:51:08,PH-004,EMP-0086,Sale,transaction,TXN-0003474,CREATE,,Completed,,POS,True
AUD-00003475,2026-05-26 08:58:52,PH-003,EMP-0061,Sale,transaction,TXN-0003475,CREATE,,Completed,,POS,True
AUD-00003476,2026-07-31 20:45:57,PH-004,EMP-0078,Sale,transaction,TXN-0003476,CREATE,,Completed,,POS,True
AUD-00003477,2026-07-20 18:02:51,PH-003,EMP-0047,Sale,transaction,TXN-0003477,CREATE,,Completed,,POS,True
AUD-00003478,2026-06-15 12:29:13,PH-004,EMP-0082,Sale,transaction,TXN-0003478,CREATE,,Completed,,POS,True
AUD-00003479,2026-07-17 19:34:59,PH-001,EMP-0006,Sale,transaction,TXN-0003479,CREATE,,Completed,,POS,True
AUD-00003480,2026-07-13 20:40:30,PH-004,EMP-0078,Sale,transaction,TXN-0003480,CREATE,,Completed,,POS,True
AUD-00003481,2026-05-08 09:56:45,PH-004,EMP-0080,Sale,transaction,TXN-0003481,CREATE,,Completed,,POS,True
AUD-00003482,2026-06-29 10:08:58,PH-002,EMP-0035,Sale,transaction,TXN-0003482,CREATE,,Completed,,POS,True
AUD-00003483,2026-06-17 15:26:10,PH-002,EMP-0038,Sale,transaction,TXN-0003483,CREATE,,Completed,,POS,True
AUD-00003484,2026-05-28 09:19:02,PH-002,EMP-0041,Sale,transaction,TXN-0003484,CREATE,,Completed,,POS,True
AUD-00003485,2026-07-05 16:52:16,PH-001,EMP-0001,Sale,transaction,TXN-0003485,CREATE,,Completed,,POS,True
AUD-00003486,2026-07-04 20:27:59,PH-001,EMP-0016,Sale,transaction,TXN-0003486,CREATE,,Completed,,POS,True
AUD-00003487,2026-06-22 15:57:27,PH-001,EMP-0013,Sale,transaction,TXN-0003487,CREATE,,Completed,,POS,True
AUD-00003488,2026-07-24 13:06:51,PH-005,EMP-0102,Sale,transaction,TXN-0003488,CREATE,,Completed,,POS,True
AUD-00003489,2026-06-05 15:14:56,PH-003,EMP-0046,Sale,transaction,TXN-0003489,CREATE,,Completed,,POS,True
AUD-00003490,2026-07-28 12:22:15,PH-004,EMP-0083,Sale,transaction,TXN-0003490,CREATE,,Completed,,POS,True
AUD-00003491,2026-06-07 18:19:11,PH-001,EMP-0016,Sale,transaction,TXN-0003491,CREATE,,Completed,,POS,True
AUD-00003492,2026-06-19 10:08:09,PH-004,EMP-0067,Sale,transaction,TXN-0003492,CREATE,,Completed,,POS,True
AUD-00003493,2026-05-16 13:38:39,PH-005,EMP-0102,Sale,transaction,TXN-0003493,CREATE,,Completed,,POS,True
AUD-00003494,2026-05-31 21:32:24,PH-004,EMP-0086,Sale,transaction,TXN-0003494,CREATE,,Completed,,POS,True
AUD-00003495,2026-06-21 21:30:42,PH-004,EMP-0086,Sale,transaction,TXN-0003495,CREATE,,Completed,,POS,True
AUD-00003496,2026-06-24 09:12:41,PH-003,EMP-0062,Sale,transaction,TXN-0003496,CREATE,,Completed,,POS,True
AUD-00003497,2026-07-31 20:31:49,PH-005,EMP-0106,Sale,transaction,TXN-0003497,CREATE,,Completed,,POS,True
AUD-00003498,2026-05-21 12:47:34,PH-002,EMP-0023,Sale,transaction,TXN-0003498,CREATE,,Completed,,POS,True
AUD-00003499,2026-07-17 13:54:16,PH-005,EMP-0089,Sale,transaction,TXN-0003499,CREATE,,Completed,,POS,True
AUD-00003500,2026-07-29 09:20:58,PH-002,EMP-0036,Sale,transaction,TXN-0003500,CREATE,,Completed,,POS,True
AUD-00003501,2026-06-09 16:48:02,PH-004,EMP-0069,Sale,transaction,TXN-0003501,CREATE,,Completed,,POS,True
AUD-00003502,2026-06-30 15:55:06,PH-002,EMP-0037,Sale,transaction,TXN-0003502,CREATE,,Completed,,POS,True
AUD-00003503,2026-07-30 15:33:20,PH-005,EMP-0107,Sale,transaction,TXN-0003503,CREATE,,Completed,,POS,True
AUD-00003504,2026-07-14 19:10:29,PH-001,EMP-0017,Sale,transaction,TXN-0003504,CREATE,,Completed,,POS,True
AUD-00003505,2026-07-17 10:35:00,PH-002,EMP-0041,Sale,transaction,TXN-0003505,CREATE,,Completed,,POS,True
AUD-00003506,2026-05-09 11:43:10,PH-002,EMP-0024,Sale,transaction,TXN-0003506,CREATE,,Completed,,POS,True
AUD-00003507,2026-05-28 21:21:46,PH-005,EMP-0107,Sale,transaction,TXN-0003507,CREATE,,Completed,,POS,True
AUD-00003508,2026-07-04 19:42:59,PH-003,EMP-0057,Sale,transaction,TXN-0003508,CREATE,,Completed,,POS,True
AUD-00003509,2026-06-24 19:35:13,PH-004,EMP-0086,Sale,transaction,TXN-0003509,CREATE,,Completed,,POS,True
AUD-00003510,2026-06-21 17:31:32,PH-002,EMP-0042,Sale,transaction,TXN-0003510,CREATE,,Completed,,POS,True
AUD-00003511,2026-07-14 09:07:13,PH-005,EMP-0104,Sale,transaction,TXN-0003511,CREATE,,Completed,,POS,True
AUD-00003512,2026-05-11 19:51:11,PH-004,EMP-0081,Sale,transaction,TXN-0003512,CREATE,,Completed,,POS,True
AUD-00003513,2026-06-08 10:12:14,PH-004,EMP-0085,Sale,transaction,TXN-0003513,CREATE,,Completed,,POS,True
AUD-00003514,2026-07-12 19:24:27,PH-003,EMP-0047,Sale,transaction,TXN-0003514,CREATE,,Completed,,POS,True
AUD-00003515,2026-05-17 10:36:20,PH-003,EMP-0060,Sale,transaction,TXN-0003515,CREATE,,Completed,,POS,True
AUD-00003516,2026-06-19 17:59:47,PH-003,EMP-0058,Sale,transaction,TXN-0003516,CREATE,,Completed,,POS,True
AUD-00003517,2026-07-03 15:50:55,PH-005,EMP-0108,Sale,transaction,TXN-0003517,CREATE,,Completed,,POS,True
AUD-00003518,2026-06-04 10:25:04,PH-005,EMP-0100,Sale,transaction,TXN-0003518,CREATE,,Completed,,POS,True
AUD-00003519,2026-06-09 21:04:21,PH-005,EMP-0106,Sale,transaction,TXN-0003519,CREATE,,Completed,,POS,True
AUD-00003520,2026-05-13 11:51:48,PH-003,EMP-0056,Sale,transaction,TXN-0003520,CREATE,,Completed,,POS,True
AUD-00003521,2026-07-31 19:14:46,PH-004,EMP-0081,Sale,transaction,TXN-0003521,CREATE,,Completed,,POS,True
AUD-00003522,2026-07-02 17:30:26,PH-004,EMP-0080,Sale,transaction,TXN-0003522,CREATE,,Completed,,POS,True
AUD-00003523,2026-07-18 09:32:46,PH-002,EMP-0023,Sale,transaction,TXN-0003523,CREATE,,Completed,,POS,True
AUD-00003524,2026-07-25 12:23:02,PH-002,EMP-0025,Sale,transaction,TXN-0003524,CREATE,,Completed,,POS,True
AUD-00003525,2026-05-14 14:36:56,PH-003,EMP-0045,Sale,transaction,TXN-0003525,CREATE,,Completed,,POS,True
AUD-00003526,2026-05-10 18:08:13,PH-002,EMP-0041,Sale,transaction,TXN-0003526,CREATE,,Completed,,POS,True
AUD-00003527,2026-07-15 10:17:28,PH-001,EMP-0012,Sale,transaction,TXN-0003527,CREATE,,Completed,,POS,True
AUD-00003528,2026-07-13 10:57:33,PH-005,EMP-0104,Sale,transaction,TXN-0003528,CREATE,,Completed,,POS,True
AUD-00003529,2026-05-30 10:10:52,PH-002,EMP-0023,Sale,transaction,TXN-0003529,CREATE,,Completed,,POS,True
AUD-00003530,2026-06-14 14:13:16,PH-004,EMP-0082,Sale,transaction,TXN-0003530,CREATE,,Completed,,POS,True
AUD-00003531,2026-05-31 10:27:51,PH-001,EMP-0001,Sale,transaction,TXN-0003531,CREATE,,Completed,,POS,True
AUD-00003532,2026-05-12 20:59:01,PH-002,EMP-0037,Sale,transaction,TXN-0003532,CREATE,,Completed,,POS,True
AUD-00003533,2026-06-21 13:47:05,PH-001,EMP-0018,Sale,transaction,TXN-0003533,CREATE,,Completed,,POS,True
AUD-00003534,2026-06-03 20:21:33,PH-004,EMP-0067,Sale,transaction,TXN-0003534,CREATE,,Completed,,POS,True
AUD-00003535,2026-05-06 14:53:22,PH-001,EMP-0014,Sale,transaction,TXN-0003535,CREATE,,Completed,,POS,True
AUD-00003536,2026-05-16 21:10:28,PH-004,EMP-0067,Sale,transaction,TXN-0003536,CREATE,,Completed,,POS,True
AUD-00003537,2026-07-09 21:27:27,PH-001,EMP-0006,Sale,transaction,TXN-0003537,CREATE,,Completed,,POS,True
AUD-00003538,2026-07-21 17:15:05,PH-003,EMP-0064,Sale,transaction,TXN-0003538,CREATE,,Completed,,POS,True
AUD-00003539,2026-06-13 16:18:14,PH-002,EMP-0036,Sale,transaction,TXN-0003539,CREATE,,Completed,,POS,True
AUD-00003540,2026-05-30 08:19:31,PH-005,EMP-0091,Sale,transaction,TXN-0003540,CREATE,,Completed,,POS,True
AUD-00003541,2026-05-30 08:24:04,PH-004,EMP-0080,Sale,transaction,TXN-0003541,CREATE,,Completed,,POS,True
AUD-00003542,2026-05-20 15:49:16,PH-003,EMP-0061,Sale,transaction,TXN-0003542,CREATE,,Completed,,POS,True
AUD-00003543,2026-06-01 17:56:32,PH-005,EMP-0106,Sale,transaction,TXN-0003543,CREATE,,Completed,,POS,True
AUD-00003544,2026-05-17 09:01:51,PH-003,EMP-0047,Sale,transaction,TXN-0003544,CREATE,,Completed,,POS,True
AUD-00003545,2026-07-22 16:56:47,PH-005,EMP-0106,Sale,transaction,TXN-0003545,CREATE,,Completed,,POS,True
AUD-00003546,2026-05-12 11:03:50,PH-004,EMP-0082,Sale,transaction,TXN-0003546,CREATE,,Completed,,POS,True
AUD-00003547,2026-05-19 15:27:12,PH-002,EMP-0036,Sale,transaction,TXN-0003547,CREATE,,Completed,,POS,True
AUD-00003548,2026-06-21 11:58:27,PH-005,EMP-0089,Sale,transaction,TXN-0003548,CREATE,,Completed,,POS,True
AUD-00003549,2026-06-19 15:44:26,PH-003,EMP-0046,Sale,transaction,TXN-0003549,CREATE,,Completed,,POS,True
AUD-00003550,2026-05-31 17:10:25,PH-001,EMP-0001,Sale,transaction,TXN-0003550,CREATE,,Completed,,POS,True
AUD-00003551,2026-07-07 09:18:42,PH-003,EMP-0059,Sale,transaction,TXN-0003551,CREATE,,Completed,,POS,True
AUD-00003552,2026-07-05 13:40:36,PH-005,EMP-0103,Sale,transaction,TXN-0003552,CREATE,,Completed,,POS,True
AUD-00003553,2026-07-23 16:05:15,PH-003,EMP-0064,Sale,transaction,TXN-0003553,CREATE,,Completed,,POS,True
AUD-00003554,2026-06-25 20:38:50,PH-001,EMP-0016,Sale,transaction,TXN-0003554,CREATE,,Completed,,POS,True
AUD-00003555,2026-06-26 17:50:03,PH-005,EMP-0104,Sale,transaction,TXN-0003555,CREATE,,Completed,,POS,True
AUD-00003556,2026-05-03 16:14:48,PH-003,EMP-0047,Sale,transaction,TXN-0003556,CREATE,,Completed,,POS,True
AUD-00003557,2026-05-22 18:28:28,PH-002,EMP-0025,Sale,transaction,TXN-0003557,CREATE,,Completed,,POS,True
AUD-00003558,2026-05-31 08:42:19,PH-004,EMP-0069,Sale,transaction,TXN-0003558,CREATE,,Completed,,POS,True
AUD-00003559,2026-05-13 21:28:55,PH-002,EMP-0037,Sale,transaction,TXN-0003559,CREATE,,Completed,,POS,True
AUD-00003560,2026-07-29 10:28:15,PH-001,EMP-0006,Sale,transaction,TXN-0003560,CREATE,,Completed,,POS,True
AUD-00003561,2026-05-26 08:02:20,PH-004,EMP-0086,Sale,transaction,TXN-0003561,CREATE,,Completed,,POS,True
AUD-00003562,2026-06-01 18:29:09,PH-002,EMP-0039,Sale,transaction,TXN-0003562,CREATE,,Completed,,POS,True
AUD-00003563,2026-05-23 12:51:43,PH-001,EMP-0015,Sale,transaction,TXN-0003563,CREATE,,Completed,,POS,True
AUD-00003564,2026-05-12 09:32:09,PH-003,EMP-0061,Sale,transaction,TXN-0003564,CREATE,,Completed,,POS,True
AUD-00003565,2026-06-16 15:05:14,PH-005,EMP-0101,Sale,transaction,TXN-0003565,CREATE,,Completed,,POS,True
AUD-00003566,2026-05-25 15:10:57,PH-001,EMP-0003,Sale,transaction,TXN-0003566,CREATE,,Completed,,POS,True
AUD-00003567,2026-06-29 12:06:07,PH-002,EMP-0036,Sale,transaction,TXN-0003567,CREATE,,Completed,,POS,True
AUD-00003568,2026-07-28 10:42:23,PH-004,EMP-0079,Sale,transaction,TXN-0003568,CREATE,,Completed,,POS,True
AUD-00003569,2026-06-01 21:15:50,PH-001,EMP-0013,Sale,transaction,TXN-0003569,CREATE,,Completed,,POS,True
AUD-00003570,2026-05-22 09:49:48,PH-002,EMP-0034,Sale,transaction,TXN-0003570,CREATE,,Completed,,POS,True
AUD-00003571,2026-05-18 17:31:32,PH-001,EMP-0017,Sale,transaction,TXN-0003571,CREATE,,Completed,,POS,True
AUD-00003572,2026-06-02 08:46:20,PH-004,EMP-0083,Sale,transaction,TXN-0003572,CREATE,,Completed,,POS,True
AUD-00003573,2026-07-02 08:43:01,PH-001,EMP-0001,Sale,transaction,TXN-0003573,CREATE,,Completed,,POS,True
AUD-00003574,2026-06-21 13:24:17,PH-004,EMP-0069,Sale,transaction,TXN-0003574,CREATE,,Completed,,POS,True
AUD-00003575,2026-07-28 10:32:46,PH-004,EMP-0085,Sale,transaction,TXN-0003575,CREATE,,Completed,,POS,True
AUD-00003576,2026-05-04 11:50:19,PH-001,EMP-0012,Sale,transaction,TXN-0003576,CREATE,,Completed,,POS,True
AUD-00003577,2026-07-06 18:41:43,PH-002,EMP-0041,Sale,transaction,TXN-0003577,CREATE,,Completed,,POS,True
AUD-00003578,2026-07-22 08:00:17,PH-005,EMP-0102,Sale,transaction,TXN-0003578,CREATE,,Completed,,POS,True
AUD-00003579,2026-05-05 08:51:36,PH-003,EMP-0059,Sale,transaction,TXN-0003579,CREATE,,Completed,,POS,True
AUD-00003580,2026-06-04 19:29:02,PH-001,EMP-0019,Sale,transaction,TXN-0003580,CREATE,,Completed,,POS,True
AUD-00003581,2026-05-25 12:44:16,PH-004,EMP-0082,Sale,transaction,TXN-0003581,CREATE,,Completed,,POS,True
AUD-00003582,2026-06-20 20:46:22,PH-005,EMP-0107,Sale,transaction,TXN-0003582,CREATE,,Completed,,POS,True
AUD-00003583,2026-07-06 14:42:53,PH-002,EMP-0037,Sale,transaction,TXN-0003583,CREATE,,Completed,,POS,True
AUD-00003584,2026-05-30 09:28:10,PH-004,EMP-0081,Sale,transaction,TXN-0003584,CREATE,,Completed,,POS,True
AUD-00003585,2026-06-16 20:27:54,PH-005,EMP-0105,Sale,transaction,TXN-0003585,CREATE,,Completed,,POS,True
AUD-00003586,2026-07-22 17:49:17,PH-005,EMP-0100,Sale,transaction,TXN-0003586,CREATE,,Completed,,POS,True
AUD-00003587,2026-06-26 10:42:31,PH-002,EMP-0038,Sale,transaction,TXN-0003587,CREATE,,Completed,,POS,True
AUD-00003588,2026-06-07 09:53:04,PH-004,EMP-0068,Sale,transaction,TXN-0003588,CREATE,,Completed,,POS,True
AUD-00003589,2026-06-13 13:34:32,PH-005,EMP-0102,Sale,transaction,TXN-0003589,CREATE,,Completed,,POS,True
AUD-00003590,2026-07-20 18:09:38,PH-003,EMP-0046,Sale,transaction,TXN-0003590,CREATE,,Completed,,POS,True
AUD-00003591,2026-07-25 16:10:48,PH-002,EMP-0024,Sale,transaction,TXN-0003591,CREATE,,Completed,,POS,True
AUD-00003592,2026-06-01 17:34:35,PH-002,EMP-0040,Sale,transaction,TXN-0003592,CREATE,,Completed,,POS,True
AUD-00003593,2026-05-11 12:47:30,PH-005,EMP-0104,Sale,transaction,TXN-0003593,CREATE,,Completed,,POS,True
AUD-00003594,2026-07-22 18:31:10,PH-001,EMP-0016,Sale,transaction,TXN-0003594,CREATE,,Completed,,POS,True
AUD-00003595,2026-07-08 16:54:15,PH-001,EMP-0014,Sale,transaction,TXN-0003595,CREATE,,Completed,,POS,True
AUD-00003596,2026-05-29 13:01:29,PH-003,EMP-0045,Sale,transaction,TXN-0003596,CREATE,,Completed,,POS,True
AUD-00003597,2026-05-26 08:32:13,PH-002,EMP-0036,Sale,transaction,TXN-0003597,CREATE,,Completed,,POS,True
AUD-00003598,2026-07-20 12:13:39,PH-002,EMP-0040,Sale,transaction,TXN-0003598,CREATE,,Completed,,POS,True
AUD-00003599,2026-06-05 20:46:21,PH-001,EMP-0018,Sale,transaction,TXN-0003599,CREATE,,Completed,,POS,True
AUD-00003600,2026-07-25 11:32:24,PH-003,EMP-0047,Sale,transaction,TXN-0003600,CREATE,,Completed,,POS,True
AUD-00003601,2026-05-27 21:11:20,PH-002,EMP-0037,Sale,transaction,TXN-0003601,CREATE,,Completed,,POS,True
AUD-00003602,2026-06-07 20:15:10,PH-004,EMP-0067,Sale,transaction,TXN-0003602,CREATE,,Completed,,POS,True
AUD-00003603,2026-05-30 17:31:21,PH-004,EMP-0081,Sale,transaction,TXN-0003603,CREATE,,Completed,,POS,True
AUD-00003604,2026-05-21 16:56:51,PH-003,EMP-0047,Sale,transaction,TXN-0003604,CREATE,,Completed,,POS,True
AUD-00003605,2026-06-13 09:44:13,PH-001,EMP-0003,Sale,transaction,TXN-0003605,CREATE,,Completed,,POS,True
AUD-00003606,2026-06-01 16:50:51,PH-005,EMP-0101,Sale,transaction,TXN-0003606,CREATE,,Completed,,POS,True
AUD-00003607,2026-05-31 08:08:14,PH-003,EMP-0046,Sale,transaction,TXN-0003607,CREATE,,Completed,,POS,True
AUD-00003608,2026-07-06 10:27:50,PH-001,EMP-0006,Sale,transaction,TXN-0003608,CREATE,,Completed,,POS,True
AUD-00003609,2026-07-31 15:11:54,PH-004,EMP-0081,Sale,transaction,TXN-0003609,CREATE,,Completed,,POS,True
AUD-00003610,2026-07-29 16:30:04,PH-002,EMP-0040,Sale,transaction,TXN-0003610,CREATE,,Completed,,POS,True
AUD-00003611,2026-07-26 21:50:27,PH-001,EMP-0019,Sale,transaction,TXN-0003611,CREATE,,Completed,,POS,True
AUD-00003612,2026-06-19 18:56:30,PH-004,EMP-0069,Sale,transaction,TXN-0003612,CREATE,,Completed,,POS,True
AUD-00003613,2026-05-02 08:52:56,PH-004,EMP-0080,Sale,transaction,TXN-0003613,CREATE,,Completed,,POS,True
AUD-00003614,2026-07-10 16:13:26,PH-001,EMP-0006,Sale,transaction,TXN-0003614,CREATE,,Completed,,POS,True
AUD-00003615,2026-07-12 21:09:01,PH-003,EMP-0059,Sale,transaction,TXN-0003615,CREATE,,Completed,,POS,True
AUD-00003616,2026-05-01 16:19:52,PH-004,EMP-0067,Sale,transaction,TXN-0003616,CREATE,,Completed,,POS,True
AUD-00003617,2026-05-20 12:58:01,PH-005,EMP-0102,Sale,transaction,TXN-0003617,CREATE,,Completed,,POS,True
AUD-00003618,2026-05-30 19:26:49,PH-002,EMP-0039,Sale,transaction,TXN-0003618,CREATE,,Completed,,POS,True
AUD-00003619,2026-06-21 12:57:31,PH-005,EMP-0106,Sale,transaction,TXN-0003619,CREATE,,Completed,,POS,True
AUD-00003620,2026-07-28 14:55:57,PH-005,EMP-0089,Sale,transaction,TXN-0003620,CREATE,,Completed,,POS,True
AUD-00003621,2026-07-26 12:31:26,PH-002,EMP-0039,Sale,transaction,TXN-0003621,CREATE,,Completed,,POS,True
AUD-00003622,2026-07-22 21:27:47,PH-004,EMP-0086,Sale,transaction,TXN-0003622,CREATE,,Completed,,POS,True
AUD-00003623,2026-05-22 20:41:05,PH-002,EMP-0037,Sale,transaction,TXN-0003623,CREATE,,Completed,,POS,True
AUD-00003624,2026-05-04 13:59:02,PH-005,EMP-0103,Sale,transaction,TXN-0003624,CREATE,,Completed,,POS,True
AUD-00003625,2026-05-27 09:46:32,PH-003,EMP-0057,Sale,transaction,TXN-0003625,CREATE,,Completed,,POS,True
AUD-00003626,2026-07-05 20:20:23,PH-003,EMP-0057,Sale,transaction,TXN-0003626,CREATE,,Completed,,POS,True
AUD-00003627,2026-07-04 17:15:00,PH-003,EMP-0062,Sale,transaction,TXN-0003627,CREATE,,Completed,,POS,True
AUD-00003628,2026-07-25 16:27:23,PH-003,EMP-0058,Sale,transaction,TXN-0003628,CREATE,,Completed,,POS,True
AUD-00003629,2026-05-23 21:25:59,PH-005,EMP-0102,Sale,transaction,TXN-0003629,CREATE,,Completed,,POS,True
AUD-00003630,2026-07-14 11:51:47,PH-001,EMP-0016,Sale,transaction,TXN-0003630,CREATE,,Completed,,POS,True
AUD-00003631,2026-05-11 15:10:21,PH-004,EMP-0084,Sale,transaction,TXN-0003631,CREATE,,Completed,,POS,True
AUD-00003632,2026-07-08 17:03:07,PH-002,EMP-0041,Sale,transaction,TXN-0003632,CREATE,,Completed,,POS,True
AUD-00003633,2026-05-12 10:01:05,PH-002,EMP-0025,Sale,transaction,TXN-0003633,CREATE,,Completed,,POS,True
AUD-00003634,2026-06-27 18:12:11,PH-005,EMP-0101,Sale,transaction,TXN-0003634,CREATE,,Completed,,POS,True
AUD-00003635,2026-05-14 16:33:08,PH-005,EMP-0100,Sale,transaction,TXN-0003635,CREATE,,Completed,,POS,True
AUD-00003636,2026-06-20 20:03:11,PH-003,EMP-0062,Sale,transaction,TXN-0003636,CREATE,,Completed,,POS,True
AUD-00003637,2026-07-11 13:31:01,PH-003,EMP-0061,Sale,transaction,TXN-0003637,CREATE,,Completed,,POS,True
AUD-00003638,2026-06-30 09:03:09,PH-004,EMP-0082,Sale,transaction,TXN-0003638,CREATE,,Completed,,POS,True
AUD-00003639,2026-05-29 10:59:25,PH-003,EMP-0061,Sale,transaction,TXN-0003639,CREATE,,Completed,,POS,True
AUD-00003640,2026-05-16 15:30:50,PH-003,EMP-0060,Sale,transaction,TXN-0003640,CREATE,,Completed,,POS,True
AUD-00003641,2026-06-18 10:13:06,PH-001,EMP-0017,Sale,transaction,TXN-0003641,CREATE,,Completed,,POS,True
AUD-00003642,2026-05-17 11:18:42,PH-002,EMP-0036,Sale,transaction,TXN-0003642,CREATE,,Completed,,POS,True
AUD-00003643,2026-05-19 20:59:24,PH-001,EMP-0017,Sale,transaction,TXN-0003643,CREATE,,Completed,,POS,True
AUD-00003644,2026-06-24 19:18:33,PH-003,EMP-0046,Sale,transaction,TXN-0003644,CREATE,,Completed,,POS,True
AUD-00003645,2026-07-05 17:46:06,PH-002,EMP-0023,Sale,transaction,TXN-0003645,CREATE,,Completed,,POS,True
AUD-00003646,2026-06-26 13:38:27,PH-001,EMP-0013,Sale,transaction,TXN-0003646,CREATE,,Completed,,POS,True
AUD-00003647,2026-05-31 21:25:08,PH-003,EMP-0046,Sale,transaction,TXN-0003647,CREATE,,Completed,,POS,True
AUD-00003648,2026-05-07 14:48:20,PH-004,EMP-0068,Sale,transaction,TXN-0003648,CREATE,,Completed,,POS,True
AUD-00003649,2026-05-06 20:01:53,PH-002,EMP-0038,Sale,transaction,TXN-0003649,CREATE,,Completed,,POS,True
AUD-00003650,2026-07-23 16:22:43,PH-003,EMP-0061,Sale,transaction,TXN-0003650,CREATE,,Completed,,POS,True
AUD-00003651,2026-07-22 17:51:34,PH-003,EMP-0060,Sale,transaction,TXN-0003651,CREATE,,Completed,,POS,True
AUD-00003652,2026-07-18 12:03:43,PH-001,EMP-0014,Sale,transaction,TXN-0003652,CREATE,,Completed,,POS,True
AUD-00003653,2026-05-21 21:07:34,PH-001,EMP-0006,Sale,transaction,TXN-0003653,CREATE,,Completed,,POS,True
AUD-00003654,2026-07-27 10:47:14,PH-003,EMP-0060,Sale,transaction,TXN-0003654,CREATE,,Completed,,POS,True
AUD-00003655,2026-05-05 14:20:42,PH-001,EMP-0014,Sale,transaction,TXN-0003655,CREATE,,Completed,,POS,True
AUD-00003656,2026-05-14 11:25:35,PH-001,EMP-0001,Sale,transaction,TXN-0003656,CREATE,,Completed,,POS,True
AUD-00003657,2026-07-18 09:02:42,PH-002,EMP-0035,Sale,transaction,TXN-0003657,CREATE,,Completed,,POS,True
AUD-00003658,2026-05-03 08:50:42,PH-001,EMP-0014,Sale,transaction,TXN-0003658,CREATE,,Completed,,POS,True
AUD-00003659,2026-05-10 15:00:11,PH-003,EMP-0046,Sale,transaction,TXN-0003659,CREATE,,Completed,,POS,True
AUD-00003660,2026-07-06 09:32:18,PH-003,EMP-0060,Sale,transaction,TXN-0003660,CREATE,,Completed,,POS,True
AUD-00003661,2026-06-10 15:27:20,PH-001,EMP-0013,Sale,transaction,TXN-0003661,CREATE,,Completed,,POS,True
AUD-00003662,2026-05-17 20:55:57,PH-001,EMP-0015,Sale,transaction,TXN-0003662,CREATE,,Completed,,POS,True
AUD-00003663,2026-05-31 16:32:27,PH-002,EMP-0034,Sale,transaction,TXN-0003663,CREATE,,Completed,,POS,True
AUD-00003664,2026-07-06 14:41:56,PH-005,EMP-0100,Sale,transaction,TXN-0003664,CREATE,,Completed,,POS,True
AUD-00003665,2026-07-02 15:26:52,PH-001,EMP-0020,Sale,transaction,TXN-0003665,CREATE,,Completed,,POS,True
AUD-00003666,2026-07-01 14:19:48,PH-001,EMP-0006,Sale,transaction,TXN-0003666,CREATE,,Completed,,POS,True
AUD-00003667,2026-06-25 17:18:14,PH-005,EMP-0101,Sale,transaction,TXN-0003667,CREATE,,Completed,,POS,True
AUD-00003668,2026-07-13 17:39:27,PH-004,EMP-0086,Sale,transaction,TXN-0003668,CREATE,,Completed,,POS,True
AUD-00003669,2026-06-30 20:59:56,PH-001,EMP-0003,Sale,transaction,TXN-0003669,CREATE,,Completed,,POS,True
AUD-00003670,2026-07-24 20:52:15,PH-005,EMP-0102,Sale,transaction,TXN-0003670,CREATE,,Completed,,POS,True
AUD-00003671,2026-07-06 15:21:16,PH-002,EMP-0035,Sale,transaction,TXN-0003671,CREATE,,Completed,,POS,True
AUD-00003672,2026-07-13 17:17:32,PH-004,EMP-0084,Sale,transaction,TXN-0003672,CREATE,,Completed,,POS,True
AUD-00003673,2026-07-21 20:17:57,PH-001,EMP-0013,Sale,transaction,TXN-0003673,CREATE,,Completed,,POS,True
AUD-00003674,2026-05-12 10:52:12,PH-002,EMP-0034,Sale,transaction,TXN-0003674,CREATE,,Completed,,POS,True
AUD-00003675,2026-06-14 17:38:03,PH-005,EMP-0102,Sale,transaction,TXN-0003675,CREATE,,Completed,,POS,True
AUD-00003676,2026-05-17 16:39:23,PH-001,EMP-0014,Sale,transaction,TXN-0003676,CREATE,,Completed,,POS,True
AUD-00003677,2026-05-05 10:43:18,PH-003,EMP-0057,Sale,transaction,TXN-0003677,CREATE,,Completed,,POS,True
AUD-00003678,2026-06-07 19:15:27,PH-002,EMP-0037,Sale,transaction,TXN-0003678,CREATE,,Completed,,POS,True
AUD-00003679,2026-05-29 20:48:38,PH-001,EMP-0018,Sale,transaction,TXN-0003679,CREATE,,Completed,,POS,True
AUD-00003680,2026-05-13 18:13:33,PH-004,EMP-0086,Sale,transaction,TXN-0003680,CREATE,,Completed,,POS,True
AUD-00003681,2026-05-16 21:17:54,PH-002,EMP-0040,Sale,transaction,TXN-0003681,CREATE,,Completed,,POS,True
AUD-00003682,2026-05-16 15:23:58,PH-001,EMP-0001,Sale,transaction,TXN-0003682,CREATE,,Completed,,POS,True
AUD-00003683,2026-05-30 08:56:40,PH-003,EMP-0057,Sale,transaction,TXN-0003683,CREATE,,Completed,,POS,True
AUD-00003684,2026-07-06 13:43:51,PH-001,EMP-0012,Sale,transaction,TXN-0003684,CREATE,,Completed,,POS,True
AUD-00003685,2026-05-11 18:19:41,PH-004,EMP-0081,Sale,transaction,TXN-0003685,CREATE,,Completed,,POS,True
AUD-00003686,2026-07-22 21:58:23,PH-001,EMP-0018,Sale,transaction,TXN-0003686,CREATE,,Completed,,POS,True
AUD-00003687,2026-05-29 11:47:15,PH-003,EMP-0045,Sale,transaction,TXN-0003687,CREATE,,Completed,,POS,True
AUD-00003688,2026-05-08 11:34:03,PH-001,EMP-0006,Sale,transaction,TXN-0003688,CREATE,,Completed,,POS,True
AUD-00003689,2026-06-16 19:47:43,PH-004,EMP-0069,Sale,transaction,TXN-0003689,CREATE,,Completed,,POS,True
AUD-00003690,2026-05-11 10:58:51,PH-001,EMP-0013,Sale,transaction,TXN-0003690,CREATE,,Completed,,POS,True
AUD-00003691,2026-05-29 18:29:58,PH-004,EMP-0084,Sale,transaction,TXN-0003691,CREATE,,Completed,,POS,True
AUD-00003692,2026-07-15 21:06:01,PH-002,EMP-0023,Sale,transaction,TXN-0003692,CREATE,,Completed,,POS,True
AUD-00003693,2026-06-16 15:16:26,PH-001,EMP-0006,Sale,transaction,TXN-0003693,CREATE,,Completed,,POS,True
AUD-00003694,2026-07-02 10:09:32,PH-004,EMP-0067,Sale,transaction,TXN-0003694,CREATE,,Completed,,POS,True
AUD-00003695,2026-05-03 18:07:01,PH-002,EMP-0023,Sale,transaction,TXN-0003695,CREATE,,Completed,,POS,True
AUD-00003696,2026-06-07 10:54:04,PH-005,EMP-0102,Sale,transaction,TXN-0003696,CREATE,,Completed,,POS,True
AUD-00003697,2026-06-15 20:51:09,PH-002,EMP-0041,Sale,transaction,TXN-0003697,CREATE,,Completed,,POS,True
AUD-00003698,2026-06-21 20:58:20,PH-004,EMP-0081,Sale,transaction,TXN-0003698,CREATE,,Completed,,POS,True
AUD-00003699,2026-06-29 14:03:30,PH-001,EMP-0006,Sale,transaction,TXN-0003699,CREATE,,Completed,,POS,True
AUD-00003700,2026-07-02 17:56:48,PH-004,EMP-0083,Sale,transaction,TXN-0003700,CREATE,,Completed,,POS,True
AUD-00003701,2026-05-25 20:19:58,PH-002,EMP-0025,Sale,transaction,TXN-0003701,CREATE,,Completed,,POS,True
AUD-00003702,2026-05-20 09:02:03,PH-001,EMP-0017,Sale,transaction,TXN-0003702,CREATE,,Completed,,POS,True
AUD-00003703,2026-05-07 16:42:00,PH-004,EMP-0080,Sale,transaction,TXN-0003703,CREATE,,Completed,,POS,True
AUD-00003704,2026-07-07 08:56:38,PH-001,EMP-0014,Sale,transaction,TXN-0003704,CREATE,,Completed,,POS,True
AUD-00003705,2026-05-24 16:31:43,PH-003,EMP-0046,Sale,transaction,TXN-0003705,CREATE,,Completed,,POS,True
AUD-00003706,2026-05-08 17:29:01,PH-005,EMP-0104,Sale,transaction,TXN-0003706,CREATE,,Completed,,POS,True
AUD-00003707,2026-06-27 21:57:19,PH-003,EMP-0062,Sale,transaction,TXN-0003707,CREATE,,Completed,,POS,True
AUD-00003708,2026-07-09 19:47:08,PH-005,EMP-0090,Sale,transaction,TXN-0003708,CREATE,,Completed,,POS,True
AUD-00003709,2026-05-10 14:39:57,PH-001,EMP-0019,Sale,transaction,TXN-0003709,CREATE,,Completed,,POS,True
AUD-00003710,2026-05-09 19:56:38,PH-004,EMP-0079,Sale,transaction,TXN-0003710,CREATE,,Completed,,POS,True
AUD-00003711,2026-07-29 21:11:38,PH-005,EMP-0091,Sale,transaction,TXN-0003711,CREATE,,Completed,,POS,True
AUD-00003712,2026-07-12 11:16:27,PH-004,EMP-0081,Sale,transaction,TXN-0003712,CREATE,,Completed,,POS,True
AUD-00003713,2026-06-23 18:55:29,PH-004,EMP-0069,Sale,transaction,TXN-0003713,CREATE,,Completed,,POS,True
AUD-00003714,2026-07-23 19:31:00,PH-003,EMP-0060,Sale,transaction,TXN-0003714,CREATE,,Completed,,POS,True
AUD-00003715,2026-06-28 09:48:52,PH-003,EMP-0058,Sale,transaction,TXN-0003715,CREATE,,Completed,,POS,True
AUD-00003716,2026-07-31 11:31:32,PH-001,EMP-0017,Sale,transaction,TXN-0003716,CREATE,,Completed,,POS,True
AUD-00003717,2026-06-16 14:26:57,PH-005,EMP-0103,Sale,transaction,TXN-0003717,CREATE,,Completed,,POS,True
AUD-00003718,2026-06-14 15:36:40,PH-005,EMP-0101,Sale,transaction,TXN-0003718,CREATE,,Completed,,POS,True
AUD-00003719,2026-05-13 20:57:02,PH-001,EMP-0003,Sale,transaction,TXN-0003719,CREATE,,Completed,,POS,True
AUD-00003720,2026-07-27 20:41:22,PH-001,EMP-0017,Sale,transaction,TXN-0003720,CREATE,,Completed,,POS,True
AUD-00003721,2026-06-10 15:00:36,PH-001,EMP-0015,Sale,transaction,TXN-0003721,CREATE,,Completed,,POS,True
AUD-00003722,2026-07-01 12:18:03,PH-002,EMP-0038,Sale,transaction,TXN-0003722,CREATE,,Completed,,POS,True
AUD-00003723,2026-05-29 17:34:21,PH-004,EMP-0067,Sale,transaction,TXN-0003723,CREATE,,Completed,,POS,True
AUD-00003724,2026-05-06 18:40:09,PH-003,EMP-0056,Sale,transaction,TXN-0003724,CREATE,,Completed,,POS,True
AUD-00003725,2026-05-20 08:16:10,PH-003,EMP-0064,Sale,transaction,TXN-0003725,CREATE,,Completed,,POS,True
AUD-00003726,2026-05-07 20:45:39,PH-001,EMP-0001,Sale,transaction,TXN-0003726,CREATE,,Completed,,POS,True
AUD-00003727,2026-07-17 21:02:23,PH-004,EMP-0086,Sale,transaction,TXN-0003727,CREATE,,Completed,,POS,True
AUD-00003728,2026-07-30 09:12:39,PH-005,EMP-0101,Sale,transaction,TXN-0003728,CREATE,,Completed,,POS,True
AUD-00003729,2026-06-06 17:00:11,PH-005,EMP-0100,Sale,transaction,TXN-0003729,CREATE,,Completed,,POS,True
AUD-00003730,2026-05-03 08:05:15,PH-002,EMP-0042,Sale,transaction,TXN-0003730,CREATE,,Completed,,POS,True
AUD-00003731,2026-07-13 11:31:21,PH-001,EMP-0013,Sale,transaction,TXN-0003731,CREATE,,Completed,,POS,True
AUD-00003732,2026-06-07 14:10:21,PH-004,EMP-0084,Sale,transaction,TXN-0003732,CREATE,,Completed,,POS,True
AUD-00003733,2026-07-18 11:05:59,PH-003,EMP-0057,Sale,transaction,TXN-0003733,CREATE,,Completed,,POS,True
AUD-00003734,2026-05-24 12:45:21,PH-002,EMP-0040,Sale,transaction,TXN-0003734,CREATE,,Completed,,POS,True
AUD-00003735,2026-05-13 17:25:46,PH-002,EMP-0023,Sale,transaction,TXN-0003735,CREATE,,Completed,,POS,True
AUD-00003736,2026-06-07 08:25:51,PH-001,EMP-0014,Sale,transaction,TXN-0003736,CREATE,,Completed,,POS,True
AUD-00003737,2026-05-16 08:06:28,PH-005,EMP-0102,Sale,transaction,TXN-0003737,CREATE,,Completed,,POS,True
AUD-00003738,2026-05-10 11:04:49,PH-004,EMP-0078,Sale,transaction,TXN-0003738,CREATE,,Completed,,POS,True
AUD-00003739,2026-05-07 16:23:48,PH-002,EMP-0036,Sale,transaction,TXN-0003739,CREATE,,Completed,,POS,True
AUD-00003740,2026-05-07 09:49:38,PH-005,EMP-0106,Sale,transaction,TXN-0003740,CREATE,,Completed,,POS,True
AUD-00003741,2026-05-19 16:42:20,PH-001,EMP-0006,Sale,transaction,TXN-0003741,CREATE,,Completed,,POS,True
AUD-00003742,2026-07-18 14:40:13,PH-002,EMP-0036,Sale,transaction,TXN-0003742,CREATE,,Completed,,POS,True
AUD-00003743,2026-06-08 15:53:42,PH-003,EMP-0060,Sale,transaction,TXN-0003743,CREATE,,Completed,,POS,True
AUD-00003744,2026-05-24 19:15:10,PH-004,EMP-0083,Sale,transaction,TXN-0003744,CREATE,,Completed,,POS,True
AUD-00003745,2026-05-29 18:54:29,PH-003,EMP-0057,Sale,transaction,TXN-0003745,CREATE,,Completed,,POS,True
AUD-00003746,2026-07-28 19:48:52,PH-005,EMP-0089,Sale,transaction,TXN-0003746,CREATE,,Completed,,POS,True
AUD-00003747,2026-06-26 10:33:22,PH-003,EMP-0046,Sale,transaction,TXN-0003747,CREATE,,Completed,,POS,True
AUD-00003748,2026-05-28 13:18:05,PH-003,EMP-0059,Sale,transaction,TXN-0003748,CREATE,,Completed,,POS,True
AUD-00003749,2026-05-24 10:33:51,PH-004,EMP-0082,Sale,transaction,TXN-0003749,CREATE,,Completed,,POS,True
AUD-00003750,2026-06-15 13:14:13,PH-004,EMP-0069,Sale,transaction,TXN-0003750,CREATE,,Completed,,POS,True
AUD-00003751,2026-07-19 11:52:13,PH-001,EMP-0001,Sale,transaction,TXN-0003751,CREATE,,Completed,,POS,True
AUD-00003752,2026-06-20 08:00:46,PH-001,EMP-0013,Sale,transaction,TXN-0003752,CREATE,,Completed,,POS,True
AUD-00003753,2026-07-31 16:09:57,PH-002,EMP-0040,Sale,transaction,TXN-0003753,CREATE,,Completed,,POS,True
AUD-00003754,2026-05-19 16:55:52,PH-003,EMP-0047,Sale,transaction,TXN-0003754,CREATE,,Completed,,POS,True
AUD-00003755,2026-07-21 19:45:00,PH-003,EMP-0060,Sale,transaction,TXN-0003755,CREATE,,Completed,,POS,True
AUD-00003756,2026-07-08 17:51:58,PH-005,EMP-0104,Sale,transaction,TXN-0003756,CREATE,,Completed,,POS,True
AUD-00003757,2026-06-08 20:41:42,PH-005,EMP-0103,Sale,transaction,TXN-0003757,CREATE,,Completed,,POS,True
AUD-00003758,2026-05-26 19:33:43,PH-005,EMP-0103,Sale,transaction,TXN-0003758,CREATE,,Completed,,POS,True
AUD-00003759,2026-05-26 12:44:52,PH-001,EMP-0018,Sale,transaction,TXN-0003759,CREATE,,Completed,,POS,True
AUD-00003760,2026-05-17 13:02:01,PH-005,EMP-0102,Sale,transaction,TXN-0003760,CREATE,,Completed,,POS,True
AUD-00003761,2026-07-25 21:50:57,PH-005,EMP-0103,Sale,transaction,TXN-0003761,CREATE,,Completed,,POS,True
AUD-00003762,2026-05-25 19:31:15,PH-002,EMP-0037,Sale,transaction,TXN-0003762,CREATE,,Completed,,POS,True
AUD-00003763,2026-05-08 17:44:41,PH-001,EMP-0006,Sale,transaction,TXN-0003763,CREATE,,Completed,,POS,True
AUD-00003764,2026-06-04 14:41:34,PH-002,EMP-0024,Sale,transaction,TXN-0003764,CREATE,,Completed,,POS,True
AUD-00003765,2026-07-29 15:26:03,PH-002,EMP-0041,Sale,transaction,TXN-0003765,CREATE,,Completed,,POS,True
AUD-00003766,2026-07-04 16:03:59,PH-004,EMP-0084,Sale,transaction,TXN-0003766,CREATE,,Completed,,POS,True
AUD-00003767,2026-05-31 19:12:34,PH-003,EMP-0047,Sale,transaction,TXN-0003767,CREATE,,Completed,,POS,True
AUD-00003768,2026-06-20 11:40:01,PH-003,EMP-0046,Sale,transaction,TXN-0003768,CREATE,,Completed,,POS,True
AUD-00003769,2026-05-07 09:44:33,PH-004,EMP-0078,Sale,transaction,TXN-0003769,CREATE,,Completed,,POS,True
AUD-00003770,2026-05-26 08:40:06,PH-003,EMP-0059,Sale,transaction,TXN-0003770,CREATE,,Completed,,POS,True
AUD-00003771,2026-05-18 17:31:57,PH-004,EMP-0067,Sale,transaction,TXN-0003771,CREATE,,Completed,,POS,True
AUD-00003772,2026-05-18 11:08:40,PH-003,EMP-0058,Sale,transaction,TXN-0003772,CREATE,,Completed,,POS,True
AUD-00003773,2026-07-23 14:23:51,PH-001,EMP-0006,Sale,transaction,TXN-0003773,CREATE,,Completed,,POS,True
AUD-00003774,2026-06-15 13:44:47,PH-005,EMP-0104,Sale,transaction,TXN-0003774,CREATE,,Completed,,POS,True
AUD-00003775,2026-07-14 16:43:41,PH-005,EMP-0106,Sale,transaction,TXN-0003775,CREATE,,Completed,,POS,True
AUD-00003776,2026-07-09 13:36:39,PH-003,EMP-0062,Sale,transaction,TXN-0003776,CREATE,,Completed,,POS,True
AUD-00003777,2026-06-30 15:05:20,PH-003,EMP-0058,Sale,transaction,TXN-0003777,CREATE,,Completed,,POS,True
AUD-00003778,2026-07-21 19:19:36,PH-005,EMP-0102,Sale,transaction,TXN-0003778,CREATE,,Completed,,POS,True
AUD-00003779,2026-05-05 16:11:06,PH-005,EMP-0101,Sale,transaction,TXN-0003779,CREATE,,Completed,,POS,True
AUD-00003780,2026-07-13 14:49:29,PH-002,EMP-0025,Sale,transaction,TXN-0003780,CREATE,,Completed,,POS,True
AUD-00003781,2026-06-12 20:03:11,PH-003,EMP-0064,Sale,transaction,TXN-0003781,CREATE,,Completed,,POS,True
AUD-00003782,2026-05-01 13:50:27,PH-002,EMP-0039,Sale,transaction,TXN-0003782,CREATE,,Completed,,POS,True
AUD-00003783,2026-07-15 17:30:12,PH-002,EMP-0038,Sale,transaction,TXN-0003783,CREATE,,Completed,,POS,True
AUD-00003784,2026-06-17 09:58:30,PH-004,EMP-0067,Sale,transaction,TXN-0003784,CREATE,,Completed,,POS,True
AUD-00003785,2026-07-06 12:25:48,PH-002,EMP-0037,Sale,transaction,TXN-0003785,CREATE,,Completed,,POS,True
AUD-00003786,2026-07-21 21:31:11,PH-001,EMP-0006,Sale,transaction,TXN-0003786,CREATE,,Completed,,POS,True
AUD-00003787,2026-07-06 16:59:31,PH-003,EMP-0064,Sale,transaction,TXN-0003787,CREATE,,Completed,,POS,True
AUD-00003788,2026-07-10 10:06:23,PH-002,EMP-0036,Sale,transaction,TXN-0003788,CREATE,,Completed,,POS,True
AUD-00003789,2026-07-05 08:49:32,PH-003,EMP-0058,Sale,transaction,TXN-0003789,CREATE,,Completed,,POS,True
AUD-00003790,2026-06-22 09:31:26,PH-002,EMP-0036,Sale,transaction,TXN-0003790,CREATE,,Completed,,POS,True
AUD-00003791,2026-05-08 16:07:20,PH-003,EMP-0062,Sale,transaction,TXN-0003791,CREATE,,Completed,,POS,True
AUD-00003792,2026-07-31 14:22:59,PH-004,EMP-0083,Sale,transaction,TXN-0003792,CREATE,,Completed,,POS,True
AUD-00003793,2026-06-06 11:45:22,PH-004,EMP-0085,Sale,transaction,TXN-0003793,CREATE,,Completed,,POS,True
AUD-00003794,2026-06-04 09:42:56,PH-002,EMP-0023,Sale,transaction,TXN-0003794,CREATE,,Completed,,POS,True
AUD-00003795,2026-07-19 10:04:08,PH-001,EMP-0018,Sale,transaction,TXN-0003795,CREATE,,Completed,,POS,True
AUD-00003796,2026-06-10 09:14:56,PH-005,EMP-0108,Sale,transaction,TXN-0003796,CREATE,,Completed,,POS,True
AUD-00003797,2026-05-24 15:08:42,PH-003,EMP-0047,Sale,transaction,TXN-0003797,CREATE,,Completed,,POS,True
AUD-00003798,2026-07-19 21:36:46,PH-001,EMP-0014,Sale,transaction,TXN-0003798,CREATE,,Completed,,POS,True
AUD-00003799,2026-06-08 19:25:12,PH-004,EMP-0067,Sale,transaction,TXN-0003799,CREATE,,Completed,,POS,True
AUD-00003800,2026-06-21 21:03:16,PH-005,EMP-0100,Sale,transaction,TXN-0003800,CREATE,,Completed,,POS,True
AUD-00003801,2026-07-19 18:52:53,PH-005,EMP-0105,Sale,transaction,TXN-0003801,CREATE,,Completed,,POS,True
AUD-00003802,2026-06-24 21:18:03,PH-002,EMP-0037,Sale,transaction,TXN-0003802,CREATE,,Completed,,POS,True
AUD-00003803,2026-05-13 18:53:36,PH-003,EMP-0060,Sale,transaction,TXN-0003803,CREATE,,Completed,,POS,True
AUD-00003804,2026-07-04 16:14:42,PH-005,EMP-0103,Sale,transaction,TXN-0003804,CREATE,,Completed,,POS,True
AUD-00003805,2026-05-25 13:22:45,PH-002,EMP-0038,Sale,transaction,TXN-0003805,CREATE,,Completed,,POS,True
AUD-00003806,2026-05-22 11:52:16,PH-001,EMP-0013,Sale,transaction,TXN-0003806,CREATE,,Completed,,POS,True
AUD-00003807,2026-05-24 13:58:01,PH-001,EMP-0013,Sale,transaction,TXN-0003807,CREATE,,Completed,,POS,True
AUD-00003808,2026-07-01 16:18:03,PH-003,EMP-0057,Sale,transaction,TXN-0003808,CREATE,,Completed,,POS,True
AUD-00003809,2026-06-19 10:23:21,PH-004,EMP-0084,Sale,transaction,TXN-0003809,CREATE,,Completed,,POS,True
AUD-00003810,2026-05-05 20:57:06,PH-001,EMP-0006,Sale,transaction,TXN-0003810,CREATE,,Completed,,POS,True
AUD-00003811,2026-07-12 13:50:46,PH-004,EMP-0079,Sale,transaction,TXN-0003811,CREATE,,Completed,,POS,True
AUD-00003812,2026-07-19 14:37:45,PH-005,EMP-0108,Sale,transaction,TXN-0003812,CREATE,,Completed,,POS,True
AUD-00003813,2026-05-05 11:30:33,PH-002,EMP-0025,Sale,transaction,TXN-0003813,CREATE,,Completed,,POS,True
AUD-00003814,2026-06-29 10:43:05,PH-003,EMP-0046,Sale,transaction,TXN-0003814,CREATE,,Completed,,POS,True
AUD-00003815,2026-05-20 17:20:10,PH-004,EMP-0078,Sale,transaction,TXN-0003815,CREATE,,Completed,,POS,True
AUD-00003816,2026-05-30 21:36:29,PH-005,EMP-0105,Sale,transaction,TXN-0003816,CREATE,,Completed,,POS,True
AUD-00003817,2026-06-12 18:41:25,PH-001,EMP-0001,Sale,transaction,TXN-0003817,CREATE,,Completed,,POS,True
AUD-00003818,2026-07-10 19:02:14,PH-003,EMP-0057,Sale,transaction,TXN-0003818,CREATE,,Completed,,POS,True
AUD-00003819,2026-05-14 14:31:44,PH-003,EMP-0061,Sale,transaction,TXN-0003819,CREATE,,Completed,,POS,True
AUD-00003820,2026-06-19 13:49:05,PH-005,EMP-0107,Sale,transaction,TXN-0003820,CREATE,,Completed,,POS,True
AUD-00003821,2026-07-13 15:11:50,PH-005,EMP-0107,Sale,transaction,TXN-0003821,CREATE,,Completed,,POS,True
AUD-00003822,2026-05-25 19:59:13,PH-002,EMP-0036,Sale,transaction,TXN-0003822,CREATE,,Completed,,POS,True
AUD-00003823,2026-05-29 20:24:03,PH-005,EMP-0106,Sale,transaction,TXN-0003823,CREATE,,Completed,,POS,True
AUD-00003824,2026-07-21 16:42:43,PH-003,EMP-0046,Sale,transaction,TXN-0003824,CREATE,,Completed,,POS,True
AUD-00003825,2026-06-03 15:57:04,PH-004,EMP-0081,Sale,transaction,TXN-0003825,CREATE,,Completed,,POS,True
AUD-00003826,2026-06-10 13:28:23,PH-003,EMP-0057,Sale,transaction,TXN-0003826,CREATE,,Completed,,POS,True
AUD-00003827,2026-07-01 21:02:07,PH-002,EMP-0037,Sale,transaction,TXN-0003827,CREATE,,Completed,,POS,True
AUD-00003828,2026-07-30 08:23:52,PH-002,EMP-0042,Sale,transaction,TXN-0003828,CREATE,,Completed,,POS,True
AUD-00003829,2026-06-10 19:27:40,PH-004,EMP-0078,Sale,transaction,TXN-0003829,CREATE,,Completed,,POS,True
AUD-00003830,2026-07-19 18:47:41,PH-003,EMP-0058,Sale,transaction,TXN-0003830,CREATE,,Completed,,POS,True
AUD-00003831,2026-05-15 08:30:39,PH-004,EMP-0079,Sale,transaction,TXN-0003831,CREATE,,Completed,,POS,True
AUD-00003832,2026-06-26 19:00:44,PH-002,EMP-0024,Sale,transaction,TXN-0003832,CREATE,,Completed,,POS,True
AUD-00003833,2026-06-14 15:29:32,PH-004,EMP-0078,Sale,transaction,TXN-0003833,CREATE,,Completed,,POS,True
AUD-00003834,2026-05-03 19:27:53,PH-003,EMP-0064,Sale,transaction,TXN-0003834,CREATE,,Completed,,POS,True
AUD-00003835,2026-05-13 16:52:23,PH-004,EMP-0084,Sale,transaction,TXN-0003835,CREATE,,Completed,,POS,True
AUD-00003836,2026-06-15 15:32:42,PH-005,EMP-0108,Sale,transaction,TXN-0003836,CREATE,,Completed,,POS,True
AUD-00003837,2026-05-18 14:11:00,PH-005,EMP-0103,Sale,transaction,TXN-0003837,CREATE,,Completed,,POS,True
AUD-00003838,2026-06-19 13:05:31,PH-005,EMP-0102,Sale,transaction,TXN-0003838,CREATE,,Completed,,POS,True
AUD-00003839,2026-05-03 19:26:33,PH-004,EMP-0080,Sale,transaction,TXN-0003839,CREATE,,Completed,,POS,True
AUD-00003840,2026-06-21 21:24:55,PH-005,EMP-0101,Sale,transaction,TXN-0003840,CREATE,,Completed,,POS,True
AUD-00003841,2026-05-18 14:25:32,PH-003,EMP-0045,Sale,transaction,TXN-0003841,CREATE,,Completed,,POS,True
AUD-00003842,2026-07-11 15:11:15,PH-001,EMP-0017,Sale,transaction,TXN-0003842,CREATE,,Completed,,POS,True
AUD-00003843,2026-07-31 17:55:09,PH-001,EMP-0016,Sale,transaction,TXN-0003843,CREATE,,Completed,,POS,True
AUD-00003844,2026-06-27 21:05:06,PH-001,EMP-0015,Sale,transaction,TXN-0003844,CREATE,,Completed,,POS,True
AUD-00003845,2026-07-30 09:50:01,PH-004,EMP-0078,Sale,transaction,TXN-0003845,CREATE,,Completed,,POS,True
AUD-00003846,2026-06-23 17:19:18,PH-002,EMP-0041,Sale,transaction,TXN-0003846,CREATE,,Completed,,POS,True
AUD-00003847,2026-07-15 10:59:14,PH-002,EMP-0023,Sale,transaction,TXN-0003847,CREATE,,Completed,,POS,True
AUD-00003848,2026-06-03 11:25:49,PH-004,EMP-0078,Sale,transaction,TXN-0003848,CREATE,,Completed,,POS,True
AUD-00003849,2026-06-13 17:33:04,PH-001,EMP-0001,Sale,transaction,TXN-0003849,CREATE,,Completed,,POS,True
AUD-00003850,2026-05-24 18:35:59,PH-002,EMP-0038,Sale,transaction,TXN-0003850,CREATE,,Completed,,POS,True
AUD-00003851,2026-07-09 19:18:45,PH-001,EMP-0016,Sale,transaction,TXN-0003851,CREATE,,Completed,,POS,True
AUD-00003852,2026-05-16 16:53:44,PH-003,EMP-0060,Sale,transaction,TXN-0003852,CREATE,,Completed,,POS,True
AUD-00003853,2026-05-18 14:05:11,PH-002,EMP-0024,Sale,transaction,TXN-0003853,CREATE,,Completed,,POS,True
AUD-00003854,2026-05-19 09:46:34,PH-003,EMP-0058,Sale,transaction,TXN-0003854,CREATE,,Completed,,POS,True
AUD-00003855,2026-07-08 10:24:46,PH-004,EMP-0068,Sale,transaction,TXN-0003855,CREATE,,Completed,,POS,True
AUD-00003856,2026-06-06 18:23:35,PH-001,EMP-0020,Sale,transaction,TXN-0003856,CREATE,,Completed,,POS,True
AUD-00003857,2026-05-27 19:33:03,PH-004,EMP-0086,Sale,transaction,TXN-0003857,CREATE,,Completed,,POS,True
AUD-00003858,2026-07-14 15:07:09,PH-005,EMP-0107,Sale,transaction,TXN-0003858,CREATE,,Completed,,POS,True
AUD-00003859,2026-05-18 18:07:14,PH-003,EMP-0056,Sale,transaction,TXN-0003859,CREATE,,Completed,,POS,True
AUD-00003860,2026-07-18 15:56:12,PH-005,EMP-0090,Sale,transaction,TXN-0003860,CREATE,,Completed,,POS,True
AUD-00003861,2026-07-22 18:56:46,PH-004,EMP-0082,Sale,transaction,TXN-0003861,CREATE,,Completed,,POS,True
AUD-00003862,2026-06-27 08:08:33,PH-003,EMP-0057,Sale,transaction,TXN-0003862,CREATE,,Completed,,POS,True
AUD-00003863,2026-05-01 08:52:48,PH-005,EMP-0108,Sale,transaction,TXN-0003863,CREATE,,Completed,,POS,True
AUD-00003864,2026-07-01 08:32:56,PH-001,EMP-0019,Sale,transaction,TXN-0003864,CREATE,,Completed,,POS,True
AUD-00003865,2026-06-15 20:10:50,PH-004,EMP-0084,Sale,transaction,TXN-0003865,CREATE,,Completed,,POS,True
AUD-00003866,2026-05-06 13:07:00,PH-003,EMP-0061,Sale,transaction,TXN-0003866,CREATE,,Completed,,POS,True
AUD-00003867,2026-06-17 11:46:26,PH-004,EMP-0086,Sale,transaction,TXN-0003867,CREATE,,Completed,,POS,True
AUD-00003868,2026-06-28 08:59:47,PH-005,EMP-0106,Sale,transaction,TXN-0003868,CREATE,,Completed,,POS,True
AUD-00003869,2026-06-26 12:57:09,PH-003,EMP-0062,Sale,transaction,TXN-0003869,CREATE,,Completed,,POS,True
AUD-00003870,2026-05-15 14:19:44,PH-005,EMP-0091,Sale,transaction,TXN-0003870,CREATE,,Completed,,POS,True
AUD-00003871,2026-07-04 18:57:57,PH-002,EMP-0041,Sale,transaction,TXN-0003871,CREATE,,Completed,,POS,True
AUD-00003872,2026-07-19 21:01:09,PH-002,EMP-0024,Sale,transaction,TXN-0003872,CREATE,,Completed,,POS,True
AUD-00003873,2026-07-06 19:36:22,PH-001,EMP-0015,Sale,transaction,TXN-0003873,CREATE,,Completed,,POS,True
AUD-00003874,2026-07-31 20:44:22,PH-003,EMP-0045,Sale,transaction,TXN-0003874,CREATE,,Completed,,POS,True
AUD-00003875,2026-07-26 19:22:29,PH-005,EMP-0103,Sale,transaction,TXN-0003875,CREATE,,Completed,,POS,True
AUD-00003876,2026-07-31 14:27:27,PH-003,EMP-0062,Sale,transaction,TXN-0003876,CREATE,,Completed,,POS,True
AUD-00003877,2026-06-22 11:04:23,PH-005,EMP-0102,Sale,transaction,TXN-0003877,CREATE,,Completed,,POS,True
AUD-00003878,2026-05-29 20:47:06,PH-001,EMP-0003,Sale,transaction,TXN-0003878,CREATE,,Completed,,POS,True
AUD-00003879,2026-05-21 12:15:50,PH-002,EMP-0023,Sale,transaction,TXN-0003879,CREATE,,Completed,,POS,True
AUD-00003880,2026-05-28 21:30:40,PH-004,EMP-0083,Sale,transaction,TXN-0003880,CREATE,,Completed,,POS,True
AUD-00003881,2026-06-09 15:33:09,PH-005,EMP-0104,Sale,transaction,TXN-0003881,CREATE,,Completed,,POS,True
AUD-00003882,2026-06-21 13:10:02,PH-004,EMP-0067,Sale,transaction,TXN-0003882,CREATE,,Completed,,POS,True
AUD-00003883,2026-06-10 12:06:43,PH-005,EMP-0104,Sale,transaction,TXN-0003883,CREATE,,Completed,,POS,True
AUD-00003884,2026-05-22 11:03:07,PH-001,EMP-0002,Sale,transaction,TXN-0003884,CREATE,,Completed,,POS,True
AUD-00003885,2026-07-20 12:08:27,PH-004,EMP-0082,Sale,transaction,TXN-0003885,CREATE,,Completed,,POS,True
AUD-00003886,2026-05-14 10:36:10,PH-001,EMP-0019,Sale,transaction,TXN-0003886,CREATE,,Completed,,POS,True
AUD-00003887,2026-05-22 10:57:18,PH-001,EMP-0017,Sale,transaction,TXN-0003887,CREATE,,Completed,,POS,True
AUD-00003888,2026-06-04 12:33:24,PH-002,EMP-0035,Sale,transaction,TXN-0003888,CREATE,,Completed,,POS,True
AUD-00003889,2026-06-13 09:11:42,PH-001,EMP-0001,Sale,transaction,TXN-0003889,CREATE,,Completed,,POS,True
AUD-00003890,2026-05-11 16:47:59,PH-004,EMP-0068,Sale,transaction,TXN-0003890,CREATE,,Completed,,POS,True
AUD-00003891,2026-05-08 08:45:43,PH-005,EMP-0103,Sale,transaction,TXN-0003891,CREATE,,Completed,,POS,True
AUD-00003892,2026-05-29 16:57:36,PH-005,EMP-0100,Sale,transaction,TXN-0003892,CREATE,,Completed,,POS,True
AUD-00003893,2026-05-27 14:18:20,PH-003,EMP-0059,Sale,transaction,TXN-0003893,CREATE,,Completed,,POS,True
AUD-00003894,2026-05-16 10:18:04,PH-004,EMP-0083,Sale,transaction,TXN-0003894,CREATE,,Completed,,POS,True
AUD-00003895,2026-05-25 11:45:08,PH-002,EMP-0023,Sale,transaction,TXN-0003895,CREATE,,Completed,,POS,True
AUD-00003896,2026-06-09 12:56:21,PH-001,EMP-0012,Sale,transaction,TXN-0003896,CREATE,,Completed,,POS,True
AUD-00003897,2026-05-18 12:55:11,PH-002,EMP-0034,Sale,transaction,TXN-0003897,CREATE,,Completed,,POS,True
AUD-00003898,2026-05-12 19:25:52,PH-003,EMP-0059,Sale,transaction,TXN-0003898,CREATE,,Completed,,POS,True
AUD-00003899,2026-06-02 14:35:31,PH-002,EMP-0041,Sale,transaction,TXN-0003899,CREATE,,Completed,,POS,True
AUD-00003900,2026-06-04 08:33:42,PH-003,EMP-0057,Sale,transaction,TXN-0003900,CREATE,,Completed,,POS,True
AUD-00003901,2026-05-07 17:20:25,PH-004,EMP-0068,Sale,transaction,TXN-0003901,CREATE,,Completed,,POS,True
AUD-00003902,2026-06-17 14:52:44,PH-005,EMP-0102,Sale,transaction,TXN-0003902,CREATE,,Completed,,POS,True
AUD-00003903,2026-07-14 15:36:05,PH-005,EMP-0090,Sale,transaction,TXN-0003903,CREATE,,Completed,,POS,True
AUD-00003904,2026-06-09 20:08:57,PH-001,EMP-0020,Sale,transaction,TXN-0003904,CREATE,,Completed,,POS,True
AUD-00003905,2026-06-22 16:37:12,PH-002,EMP-0037,Sale,transaction,TXN-0003905,CREATE,,Completed,,POS,True
AUD-00003906,2026-06-30 15:09:50,PH-001,EMP-0002,Sale,transaction,TXN-0003906,CREATE,,Completed,,POS,True
AUD-00003907,2026-05-13 20:17:16,PH-005,EMP-0108,Sale,transaction,TXN-0003907,CREATE,,Completed,,POS,True
AUD-00003908,2026-07-25 17:14:20,PH-004,EMP-0067,Sale,transaction,TXN-0003908,CREATE,,Completed,,POS,True
AUD-00003909,2026-05-08 11:16:02,PH-002,EMP-0024,Sale,transaction,TXN-0003909,CREATE,,Completed,,POS,True
AUD-00003910,2026-05-22 09:46:04,PH-002,EMP-0024,Sale,transaction,TXN-0003910,CREATE,,Completed,,POS,True
AUD-00003911,2026-05-26 12:32:58,PH-004,EMP-0068,Sale,transaction,TXN-0003911,CREATE,,Completed,,POS,True
AUD-00003912,2026-05-11 10:22:58,PH-004,EMP-0084,Sale,transaction,TXN-0003912,CREATE,,Completed,,POS,True
AUD-00003913,2026-06-11 09:39:02,PH-005,EMP-0108,Sale,transaction,TXN-0003913,CREATE,,Completed,,POS,True
AUD-00003914,2026-06-24 08:21:47,PH-002,EMP-0035,Sale,transaction,TXN-0003914,CREATE,,Completed,,POS,True
AUD-00003915,2026-05-29 08:49:39,PH-005,EMP-0103,Sale,transaction,TXN-0003915,CREATE,,Completed,,POS,True
AUD-00003916,2026-06-26 08:07:43,PH-002,EMP-0036,Sale,transaction,TXN-0003916,CREATE,,Completed,,POS,True
AUD-00003917,2026-05-18 19:15:48,PH-001,EMP-0001,Sale,transaction,TXN-0003917,CREATE,,Completed,,POS,True
AUD-00003918,2026-06-15 11:23:12,PH-004,EMP-0067,Sale,transaction,TXN-0003918,CREATE,,Completed,,POS,True
AUD-00003919,2026-05-25 18:50:29,PH-005,EMP-0101,Sale,transaction,TXN-0003919,CREATE,,Completed,,POS,True
AUD-00003920,2026-07-09 09:26:05,PH-005,EMP-0107,Sale,transaction,TXN-0003920,CREATE,,Completed,,POS,True
AUD-00003921,2026-06-25 10:37:47,PH-002,EMP-0023,Sale,transaction,TXN-0003921,CREATE,,Completed,,POS,True
AUD-00003922,2026-05-28 10:08:38,PH-003,EMP-0056,Sale,transaction,TXN-0003922,CREATE,,Completed,,POS,True
AUD-00003923,2026-05-03 16:22:33,PH-005,EMP-0089,Sale,transaction,TXN-0003923,CREATE,,Completed,,POS,True
AUD-00003924,2026-07-06 15:31:19,PH-002,EMP-0040,Sale,transaction,TXN-0003924,CREATE,,Completed,,POS,True
AUD-00003925,2026-05-17 21:34:01,PH-004,EMP-0079,Sale,transaction,TXN-0003925,CREATE,,Completed,,POS,True
AUD-00003926,2026-06-21 09:27:19,PH-002,EMP-0039,Sale,transaction,TXN-0003926,CREATE,,Completed,,POS,True
AUD-00003927,2026-06-13 20:41:50,PH-003,EMP-0046,Sale,transaction,TXN-0003927,CREATE,,Completed,,POS,True
AUD-00003928,2026-06-16 12:25:04,PH-005,EMP-0101,Sale,transaction,TXN-0003928,CREATE,,Completed,,POS,True
AUD-00003929,2026-05-08 19:04:18,PH-001,EMP-0015,Sale,transaction,TXN-0003929,CREATE,,Completed,,POS,True
AUD-00003930,2026-06-13 19:47:52,PH-001,EMP-0014,Sale,transaction,TXN-0003930,CREATE,,Completed,,POS,True
AUD-00003931,2026-05-27 09:07:08,PH-002,EMP-0034,Sale,transaction,TXN-0003931,CREATE,,Completed,,POS,True
AUD-00003932,2026-07-07 11:55:46,PH-001,EMP-0003,Sale,transaction,TXN-0003932,CREATE,,Completed,,POS,True
AUD-00003933,2026-07-28 12:21:24,PH-005,EMP-0104,Sale,transaction,TXN-0003933,CREATE,,Completed,,POS,True
AUD-00003934,2026-06-02 15:20:05,PH-005,EMP-0102,Sale,transaction,TXN-0003934,CREATE,,Completed,,POS,True
AUD-00003935,2026-07-12 19:41:04,PH-005,EMP-0102,Sale,transaction,TXN-0003935,CREATE,,Completed,,POS,True
AUD-00003936,2026-05-30 21:29:39,PH-005,EMP-0089,Sale,transaction,TXN-0003936,CREATE,,Completed,,POS,True
AUD-00003937,2026-07-13 17:44:32,PH-002,EMP-0024,Sale,transaction,TXN-0003937,CREATE,,Completed,,POS,True
AUD-00003938,2026-07-31 11:26:47,PH-001,EMP-0014,Sale,transaction,TXN-0003938,CREATE,,Completed,,POS,True
AUD-00003939,2026-07-23 16:05:23,PH-003,EMP-0063,Sale,transaction,TXN-0003939,CREATE,,Completed,,POS,True
AUD-00003940,2026-07-09 11:37:44,PH-002,EMP-0025,Sale,transaction,TXN-0003940,CREATE,,Completed,,POS,True
AUD-00003941,2026-07-24 20:10:47,PH-003,EMP-0056,Sale,transaction,TXN-0003941,CREATE,,Completed,,POS,True
AUD-00003942,2026-06-10 09:06:20,PH-004,EMP-0084,Sale,transaction,TXN-0003942,CREATE,,Completed,,POS,True
AUD-00003943,2026-06-02 12:25:51,PH-001,EMP-0018,Sale,transaction,TXN-0003943,CREATE,,Completed,,POS,True
AUD-00003944,2026-05-05 18:27:45,PH-005,EMP-0100,Sale,transaction,TXN-0003944,CREATE,,Completed,,POS,True
AUD-00003945,2026-06-29 12:00:53,PH-003,EMP-0059,Sale,transaction,TXN-0003945,CREATE,,Completed,,POS,True
AUD-00003946,2026-07-23 09:52:16,PH-001,EMP-0012,Sale,transaction,TXN-0003946,CREATE,,Completed,,POS,True
AUD-00003947,2026-06-14 13:41:15,PH-003,EMP-0061,Sale,transaction,TXN-0003947,CREATE,,Completed,,POS,True
AUD-00003948,2026-05-04 08:38:31,PH-003,EMP-0063,Sale,transaction,TXN-0003948,CREATE,,Completed,,POS,True
AUD-00003949,2026-05-16 20:59:57,PH-003,EMP-0046,Sale,transaction,TXN-0003949,CREATE,,Completed,,POS,True
AUD-00003950,2026-05-22 21:16:41,PH-003,EMP-0061,Sale,transaction,TXN-0003950,CREATE,,Completed,,POS,True
AUD-00003951,2026-06-20 18:20:26,PH-002,EMP-0040,Sale,transaction,TXN-0003951,CREATE,,Completed,,POS,True
AUD-00003952,2026-06-18 19:06:56,PH-001,EMP-0003,Sale,transaction,TXN-0003952,CREATE,,Completed,,POS,True
AUD-00003953,2026-06-03 09:23:55,PH-003,EMP-0058,Sale,transaction,TXN-0003953,CREATE,,Completed,,POS,True
AUD-00003954,2026-07-19 08:09:29,PH-005,EMP-0089,Sale,transaction,TXN-0003954,CREATE,,Completed,,POS,True
AUD-00003955,2026-07-27 21:59:02,PH-002,EMP-0034,Sale,transaction,TXN-0003955,CREATE,,Completed,,POS,True
AUD-00003956,2026-07-12 17:38:24,PH-002,EMP-0039,Sale,transaction,TXN-0003956,CREATE,,Completed,,POS,True
AUD-00003957,2026-06-21 15:07:54,PH-001,EMP-0002,Sale,transaction,TXN-0003957,CREATE,,Completed,,POS,True
AUD-00003958,2026-05-01 15:27:46,PH-003,EMP-0046,Sale,transaction,TXN-0003958,CREATE,,Completed,,POS,True
AUD-00003959,2026-06-12 16:25:52,PH-003,EMP-0046,Sale,transaction,TXN-0003959,CREATE,,Completed,,POS,True
AUD-00003960,2026-06-22 14:01:51,PH-001,EMP-0015,Sale,transaction,TXN-0003960,CREATE,,Completed,,POS,True
AUD-00003961,2026-05-22 13:04:10,PH-001,EMP-0020,Sale,transaction,TXN-0003961,CREATE,,Completed,,POS,True
AUD-00003962,2026-05-29 18:39:00,PH-005,EMP-0101,Sale,transaction,TXN-0003962,CREATE,,Completed,,POS,True
AUD-00003963,2026-07-20 19:58:25,PH-001,EMP-0006,Sale,transaction,TXN-0003963,CREATE,,Completed,,POS,True
AUD-00003964,2026-06-11 19:40:53,PH-001,EMP-0001,Sale,transaction,TXN-0003964,CREATE,,Completed,,POS,True
AUD-00003965,2026-07-05 19:25:25,PH-005,EMP-0107,Sale,transaction,TXN-0003965,CREATE,,Completed,,POS,True
AUD-00003966,2026-05-27 10:37:50,PH-003,EMP-0062,Sale,transaction,TXN-0003966,CREATE,,Completed,,POS,True
AUD-00003967,2026-05-19 09:43:44,PH-001,EMP-0012,Sale,transaction,TXN-0003967,CREATE,,Completed,,POS,True
AUD-00003968,2026-05-08 19:46:14,PH-001,EMP-0001,Sale,transaction,TXN-0003968,CREATE,,Completed,,POS,True
AUD-00003969,2026-06-10 16:12:29,PH-001,EMP-0016,Sale,transaction,TXN-0003969,CREATE,,Completed,,POS,True
AUD-00003970,2026-05-26 10:05:41,PH-001,EMP-0002,Sale,transaction,TXN-0003970,CREATE,,Completed,,POS,True
AUD-00003971,2026-07-08 11:46:38,PH-003,EMP-0060,Sale,transaction,TXN-0003971,CREATE,,Completed,,POS,True
AUD-00003972,2026-06-15 10:46:50,PH-001,EMP-0019,Sale,transaction,TXN-0003972,CREATE,,Completed,,POS,True
AUD-00003973,2026-05-03 13:54:40,PH-005,EMP-0091,Sale,transaction,TXN-0003973,CREATE,,Completed,,POS,True
AUD-00003974,2026-06-04 12:49:43,PH-001,EMP-0015,Sale,transaction,TXN-0003974,CREATE,,Completed,,POS,True
AUD-00003975,2026-06-09 21:56:13,PH-005,EMP-0108,Sale,transaction,TXN-0003975,CREATE,,Completed,,POS,True
AUD-00003976,2026-05-05 15:57:07,PH-001,EMP-0019,Sale,transaction,TXN-0003976,CREATE,,Completed,,POS,True
AUD-00003977,2026-05-08 10:35:20,PH-003,EMP-0045,Sale,transaction,TXN-0003977,CREATE,,Completed,,POS,True
AUD-00003978,2026-05-31 14:20:48,PH-005,EMP-0108,Sale,transaction,TXN-0003978,CREATE,,Completed,,POS,True
AUD-00003979,2026-06-22 18:42:43,PH-005,EMP-0108,Sale,transaction,TXN-0003979,CREATE,,Completed,,POS,True
AUD-00003980,2026-05-19 17:24:22,PH-005,EMP-0091,Sale,transaction,TXN-0003980,CREATE,,Completed,,POS,True
AUD-00003981,2026-06-13 18:18:11,PH-005,EMP-0101,Sale,transaction,TXN-0003981,CREATE,,Completed,,POS,True
AUD-00003982,2026-06-17 15:10:32,PH-003,EMP-0062,Sale,transaction,TXN-0003982,CREATE,,Completed,,POS,True
AUD-00003983,2026-07-01 18:11:38,PH-003,EMP-0061,Sale,transaction,TXN-0003983,CREATE,,Completed,,POS,True
AUD-00003984,2026-06-10 15:10:31,PH-005,EMP-0091,Sale,transaction,TXN-0003984,CREATE,,Completed,,POS,True
AUD-00003985,2026-06-17 09:31:34,PH-001,EMP-0013,Sale,transaction,TXN-0003985,CREATE,,Completed,,POS,True
AUD-00003986,2026-07-23 15:13:42,PH-005,EMP-0105,Sale,transaction,TXN-0003986,CREATE,,Completed,,POS,True
AUD-00003987,2026-07-13 14:53:10,PH-001,EMP-0019,Sale,transaction,TXN-0003987,CREATE,,Completed,,POS,True
AUD-00003988,2026-06-23 11:48:51,PH-001,EMP-0006,Sale,transaction,TXN-0003988,CREATE,,Completed,,POS,True
AUD-00003989,2026-07-15 08:03:50,PH-004,EMP-0068,Sale,transaction,TXN-0003989,CREATE,,Completed,,POS,True
AUD-00003990,2026-06-12 08:31:29,PH-002,EMP-0025,Sale,transaction,TXN-0003990,CREATE,,Completed,,POS,True
AUD-00003991,2026-05-02 11:40:23,PH-005,EMP-0103,Sale,transaction,TXN-0003991,CREATE,,Completed,,POS,True
AUD-00003992,2026-05-23 13:31:00,PH-004,EMP-0069,Sale,transaction,TXN-0003992,CREATE,,Completed,,POS,True
AUD-00003993,2026-07-14 19:28:41,PH-001,EMP-0001,Sale,transaction,TXN-0003993,CREATE,,Completed,,POS,True
AUD-00003994,2026-06-01 08:03:38,PH-004,EMP-0079,Sale,transaction,TXN-0003994,CREATE,,Completed,,POS,True
AUD-00003995,2026-07-11 15:14:36,PH-004,EMP-0069,Sale,transaction,TXN-0003995,CREATE,,Completed,,POS,True
AUD-00003996,2026-06-10 09:30:20,PH-004,EMP-0067,Sale,transaction,TXN-0003996,CREATE,,Completed,,POS,True
AUD-00003997,2026-06-05 14:29:10,PH-002,EMP-0037,Sale,transaction,TXN-0003997,CREATE,,Completed,,POS,True
AUD-00003998,2026-07-01 09:25:20,PH-005,EMP-0105,Sale,transaction,TXN-0003998,CREATE,,Completed,,POS,True
AUD-00003999,2026-05-11 13:15:14,PH-005,EMP-0105,Sale,transaction,TXN-0003999,CREATE,,Completed,,POS,True
AUD-00004000,2026-06-25 16:08:32,PH-004,EMP-0085,Sale,transaction,TXN-0004000,CREATE,,Completed,,POS,True
AUD-00004001,2026-06-05 13:30:35,PH-003,EMP-0063,Sale,transaction,TXN-0004001,CREATE,,Completed,,POS,True
AUD-00004002,2026-06-01 17:50:18,PH-004,EMP-0084,Sale,transaction,TXN-0004002,CREATE,,Completed,,POS,True
AUD-00004003,2026-07-20 14:47:55,PH-004,EMP-0067,Sale,transaction,TXN-0004003,CREATE,,Completed,,POS,True
AUD-00004004,2026-05-03 17:17:50,PH-002,EMP-0025,Sale,transaction,TXN-0004004,CREATE,,Completed,,POS,True
AUD-00004005,2026-05-09 14:29:19,PH-002,EMP-0025,Sale,transaction,TXN-0004005,CREATE,,Completed,,POS,True
AUD-00004006,2026-05-21 08:03:30,PH-005,EMP-0100,Sale,transaction,TXN-0004006,CREATE,,Completed,,POS,True
AUD-00004007,2026-05-23 08:43:27,PH-004,EMP-0080,Sale,transaction,TXN-0004007,CREATE,,Completed,,POS,True
AUD-00004008,2026-05-28 10:15:22,PH-002,EMP-0025,Sale,transaction,TXN-0004008,CREATE,,Completed,,POS,True
AUD-00004009,2026-07-18 17:20:31,PH-001,EMP-0001,Sale,transaction,TXN-0004009,CREATE,,Completed,,POS,True
AUD-00004010,2026-06-22 19:21:43,PH-001,EMP-0012,Sale,transaction,TXN-0004010,CREATE,,Completed,,POS,True
AUD-00004011,2026-05-22 20:51:37,PH-001,EMP-0014,Sale,transaction,TXN-0004011,CREATE,,Completed,,POS,True
AUD-00004012,2026-06-13 12:51:21,PH-005,EMP-0108,Sale,transaction,TXN-0004012,CREATE,,Completed,,POS,True
AUD-00004013,2026-06-23 10:44:35,PH-002,EMP-0039,Sale,transaction,TXN-0004013,CREATE,,Completed,,POS,True
AUD-00004014,2026-07-29 08:52:11,PH-005,EMP-0108,Sale,transaction,TXN-0004014,CREATE,,Completed,,POS,True
AUD-00004015,2026-06-04 09:50:40,PH-005,EMP-0108,Sale,transaction,TXN-0004015,CREATE,,Completed,,POS,True
AUD-00004016,2026-05-25 15:53:10,PH-001,EMP-0018,Sale,transaction,TXN-0004016,CREATE,,Completed,,POS,True
AUD-00004017,2026-07-21 15:42:46,PH-003,EMP-0064,Sale,transaction,TXN-0004017,CREATE,,Completed,,POS,True
AUD-00004018,2026-05-26 21:58:04,PH-003,EMP-0057,Sale,transaction,TXN-0004018,CREATE,,Completed,,POS,True
AUD-00004019,2026-06-15 10:23:49,PH-003,EMP-0046,Sale,transaction,TXN-0004019,CREATE,,Completed,,POS,True
AUD-00004020,2026-06-23 12:11:03,PH-005,EMP-0103,Sale,transaction,TXN-0004020,CREATE,,Completed,,POS,True
AUD-00004021,2026-07-15 17:31:01,PH-003,EMP-0045,Sale,transaction,TXN-0004021,CREATE,,Completed,,POS,True
AUD-00004022,2026-07-20 13:57:53,PH-003,EMP-0064,Sale,transaction,TXN-0004022,CREATE,,Completed,,POS,True
AUD-00004023,2026-07-04 18:45:09,PH-002,EMP-0038,Sale,transaction,TXN-0004023,CREATE,,Completed,,POS,True
AUD-00004024,2026-05-21 16:01:01,PH-002,EMP-0034,Sale,transaction,TXN-0004024,CREATE,,Completed,,POS,True
AUD-00004025,2026-06-20 12:10:18,PH-002,EMP-0034,Sale,transaction,TXN-0004025,CREATE,,Completed,,POS,True
AUD-00004026,2026-07-01 15:14:52,PH-005,EMP-0105,Sale,transaction,TXN-0004026,CREATE,,Completed,,POS,True
AUD-00004027,2026-07-15 08:16:45,PH-001,EMP-0006,Sale,transaction,TXN-0004027,CREATE,,Completed,,POS,True
AUD-00004028,2026-06-27 18:39:07,PH-005,EMP-0105,Sale,transaction,TXN-0004028,CREATE,,Completed,,POS,True
AUD-00004029,2026-06-23 21:21:09,PH-003,EMP-0062,Sale,transaction,TXN-0004029,CREATE,,Completed,,POS,True
AUD-00004030,2026-06-30 15:12:42,PH-003,EMP-0061,Sale,transaction,TXN-0004030,CREATE,,Completed,,POS,True
AUD-00004031,2026-07-06 09:11:19,PH-001,EMP-0015,Sale,transaction,TXN-0004031,CREATE,,Completed,,POS,True
AUD-00004032,2026-06-23 09:00:02,PH-002,EMP-0036,Sale,transaction,TXN-0004032,CREATE,,Completed,,POS,True
AUD-00004033,2026-05-16 18:44:00,PH-003,EMP-0063,Sale,transaction,TXN-0004033,CREATE,,Completed,,POS,True
AUD-00004034,2026-06-30 11:46:29,PH-004,EMP-0085,Sale,transaction,TXN-0004034,CREATE,,Completed,,POS,True
AUD-00004035,2026-06-15 18:16:02,PH-004,EMP-0069,Sale,transaction,TXN-0004035,CREATE,,Completed,,POS,True
AUD-00004036,2026-06-22 20:59:39,PH-003,EMP-0057,Sale,transaction,TXN-0004036,CREATE,,Completed,,POS,True
AUD-00004037,2026-06-26 13:49:04,PH-004,EMP-0085,Sale,transaction,TXN-0004037,CREATE,,Completed,,POS,True
AUD-00004038,2026-06-28 15:51:24,PH-004,EMP-0081,Sale,transaction,TXN-0004038,CREATE,,Completed,,POS,True
AUD-00004039,2026-07-25 20:32:26,PH-003,EMP-0061,Sale,transaction,TXN-0004039,CREATE,,Completed,,POS,True
AUD-00004040,2026-05-10 13:31:50,PH-003,EMP-0062,Sale,transaction,TXN-0004040,CREATE,,Completed,,POS,True
AUD-00004041,2026-06-06 14:56:46,PH-005,EMP-0108,Sale,transaction,TXN-0004041,CREATE,,Completed,,POS,True
AUD-00004042,2026-07-26 21:03:46,PH-003,EMP-0057,Sale,transaction,TXN-0004042,CREATE,,Completed,,POS,True
AUD-00004043,2026-05-07 16:41:55,PH-003,EMP-0062,Sale,transaction,TXN-0004043,CREATE,,Completed,,POS,True
AUD-00004044,2026-05-30 10:21:36,PH-005,EMP-0106,Sale,transaction,TXN-0004044,CREATE,,Completed,,POS,True
AUD-00004045,2026-05-25 16:32:33,PH-004,EMP-0085,Sale,transaction,TXN-0004045,CREATE,,Completed,,POS,True
AUD-00004046,2026-07-05 17:25:41,PH-002,EMP-0035,Sale,transaction,TXN-0004046,CREATE,,Completed,,POS,True
AUD-00004047,2026-06-11 13:49:15,PH-005,EMP-0105,Sale,transaction,TXN-0004047,CREATE,,Completed,,POS,True
AUD-00004048,2026-07-31 19:18:42,PH-002,EMP-0035,Sale,transaction,TXN-0004048,CREATE,,Completed,,POS,True
AUD-00004049,2026-05-07 15:24:17,PH-002,EMP-0035,Sale,transaction,TXN-0004049,CREATE,,Completed,,POS,True
AUD-00004050,2026-07-22 18:30:13,PH-005,EMP-0105,Sale,transaction,TXN-0004050,CREATE,,Completed,,POS,True
AUD-00004051,2026-05-26 11:54:00,PH-005,EMP-0100,Sale,transaction,TXN-0004051,CREATE,,Completed,,POS,True
AUD-00004052,2026-05-19 10:28:33,PH-004,EMP-0085,Sale,transaction,TXN-0004052,CREATE,,Completed,,POS,True
AUD-00004053,2026-06-24 10:19:27,PH-003,EMP-0062,Sale,transaction,TXN-0004053,CREATE,,Completed,,POS,True
AUD-00004054,2026-05-14 13:17:10,PH-004,EMP-0082,Sale,transaction,TXN-0004054,CREATE,,Completed,,POS,True
AUD-00004055,2026-06-14 10:49:45,PH-002,EMP-0034,Sale,transaction,TXN-0004055,CREATE,,Completed,,POS,True
AUD-00004056,2026-05-20 09:57:09,PH-001,EMP-0014,Sale,transaction,TXN-0004056,CREATE,,Completed,,POS,True
AUD-00004057,2026-06-19 20:28:39,PH-003,EMP-0063,Sale,transaction,TXN-0004057,CREATE,,Completed,,POS,True
AUD-00004058,2026-06-07 15:18:44,PH-003,EMP-0061,Sale,transaction,TXN-0004058,CREATE,,Completed,,POS,True
AUD-00004059,2026-07-19 08:56:13,PH-003,EMP-0057,Sale,transaction,TXN-0004059,CREATE,,Completed,,POS,True
AUD-00004060,2026-06-09 20:43:34,PH-001,EMP-0012,Sale,transaction,TXN-0004060,CREATE,,Completed,,POS,True
AUD-00004061,2026-05-08 12:16:03,PH-004,EMP-0080,Sale,transaction,TXN-0004061,CREATE,,Completed,,POS,True
AUD-00004062,2026-06-17 15:39:34,PH-004,EMP-0078,Sale,transaction,TXN-0004062,CREATE,,Completed,,POS,True
AUD-00004063,2026-06-06 16:33:56,PH-001,EMP-0015,Sale,transaction,TXN-0004063,CREATE,,Completed,,POS,True
AUD-00004064,2026-05-24 10:34:32,PH-003,EMP-0059,Sale,transaction,TXN-0004064,CREATE,,Completed,,POS,True
AUD-00004065,2026-06-03 20:25:53,PH-003,EMP-0045,Sale,transaction,TXN-0004065,CREATE,,Completed,,POS,True
AUD-00004066,2026-07-16 19:14:04,PH-005,EMP-0100,Sale,transaction,TXN-0004066,CREATE,,Completed,,POS,True
AUD-00004067,2026-07-18 08:19:07,PH-003,EMP-0058,Sale,transaction,TXN-0004067,CREATE,,Completed,,POS,True
AUD-00004068,2026-05-30 08:59:10,PH-005,EMP-0108,Sale,transaction,TXN-0004068,CREATE,,Completed,,POS,True
AUD-00004069,2026-07-19 09:32:55,PH-004,EMP-0079,Sale,transaction,TXN-0004069,CREATE,,Completed,,POS,True
AUD-00004070,2026-07-09 09:03:09,PH-005,EMP-0106,Sale,transaction,TXN-0004070,CREATE,,Completed,,POS,True
AUD-00004071,2026-07-31 17:00:53,PH-004,EMP-0081,Sale,transaction,TXN-0004071,CREATE,,Completed,,POS,True
AUD-00004072,2026-06-06 17:07:24,PH-004,EMP-0080,Sale,transaction,TXN-0004072,CREATE,,Completed,,POS,True
AUD-00004073,2026-07-17 19:42:58,PH-003,EMP-0056,Sale,transaction,TXN-0004073,CREATE,,Completed,,POS,True
AUD-00004074,2026-05-15 16:04:15,PH-003,EMP-0057,Sale,transaction,TXN-0004074,CREATE,,Completed,,POS,True
AUD-00004075,2026-06-30 12:23:26,PH-002,EMP-0025,Sale,transaction,TXN-0004075,CREATE,,Completed,,POS,True
AUD-00004076,2026-05-08 20:16:12,PH-001,EMP-0002,Sale,transaction,TXN-0004076,CREATE,,Completed,,POS,True
AUD-00004077,2026-07-07 10:06:09,PH-004,EMP-0078,Sale,transaction,TXN-0004077,CREATE,,Completed,,POS,True
AUD-00004078,2026-05-01 21:30:37,PH-004,EMP-0083,Sale,transaction,TXN-0004078,CREATE,,Completed,,POS,True
AUD-00004079,2026-06-03 21:22:08,PH-005,EMP-0089,Sale,transaction,TXN-0004079,CREATE,,Completed,,POS,True
AUD-00004080,2026-05-31 14:40:33,PH-004,EMP-0068,Sale,transaction,TXN-0004080,CREATE,,Completed,,POS,True
AUD-00004081,2026-06-19 11:54:09,PH-005,EMP-0091,Sale,transaction,TXN-0004081,CREATE,,Completed,,POS,True
AUD-00004082,2026-07-10 21:29:39,PH-002,EMP-0037,Sale,transaction,TXN-0004082,CREATE,,Completed,,POS,True
AUD-00004083,2026-06-30 19:20:54,PH-004,EMP-0078,Sale,transaction,TXN-0004083,CREATE,,Completed,,POS,True
AUD-00004084,2026-05-13 11:58:55,PH-005,EMP-0106,Sale,transaction,TXN-0004084,CREATE,,Completed,,POS,True
AUD-00004085,2026-07-08 14:53:21,PH-003,EMP-0060,Sale,transaction,TXN-0004085,CREATE,,Completed,,POS,True
AUD-00004086,2026-05-30 12:34:47,PH-001,EMP-0013,Sale,transaction,TXN-0004086,CREATE,,Completed,,POS,True
AUD-00004087,2026-06-22 14:40:43,PH-001,EMP-0001,Sale,transaction,TXN-0004087,CREATE,,Completed,,POS,True
AUD-00004088,2026-07-01 08:35:01,PH-001,EMP-0019,Sale,transaction,TXN-0004088,CREATE,,Completed,,POS,True
AUD-00004089,2026-05-04 10:45:23,PH-004,EMP-0079,Sale,transaction,TXN-0004089,CREATE,,Completed,,POS,True
AUD-00004090,2026-06-06 17:28:11,PH-005,EMP-0101,Sale,transaction,TXN-0004090,CREATE,,Completed,,POS,True
AUD-00004091,2026-06-16 20:48:07,PH-004,EMP-0068,Sale,transaction,TXN-0004091,CREATE,,Completed,,POS,True
AUD-00004092,2026-05-04 19:56:33,PH-004,EMP-0085,Sale,transaction,TXN-0004092,CREATE,,Completed,,POS,True
AUD-00004093,2026-06-24 14:40:56,PH-005,EMP-0107,Sale,transaction,TXN-0004093,CREATE,,Completed,,POS,True
AUD-00004094,2026-07-18 15:29:14,PH-003,EMP-0062,Sale,transaction,TXN-0004094,CREATE,,Completed,,POS,True
AUD-00004095,2026-05-11 11:36:46,PH-005,EMP-0105,Sale,transaction,TXN-0004095,CREATE,,Completed,,POS,True
AUD-00004096,2026-06-21 20:15:09,PH-005,EMP-0107,Sale,transaction,TXN-0004096,CREATE,,Completed,,POS,True
AUD-00004097,2026-07-27 20:44:29,PH-004,EMP-0079,Sale,transaction,TXN-0004097,CREATE,,Completed,,POS,True
AUD-00004098,2026-07-15 21:30:09,PH-002,EMP-0035,Sale,transaction,TXN-0004098,CREATE,,Completed,,POS,True
AUD-00004099,2026-05-18 13:43:16,PH-005,EMP-0091,Sale,transaction,TXN-0004099,CREATE,,Completed,,POS,True
AUD-00004100,2026-07-18 13:55:27,PH-005,EMP-0091,Sale,transaction,TXN-0004100,CREATE,,Completed,,POS,True
AUD-00004101,2026-06-18 17:39:14,PH-002,EMP-0041,Sale,transaction,TXN-0004101,CREATE,,Completed,,POS,True
AUD-00004102,2026-05-26 09:35:20,PH-002,EMP-0024,Sale,transaction,TXN-0004102,CREATE,,Completed,,POS,True
AUD-00004103,2026-06-06 19:55:54,PH-001,EMP-0006,Sale,transaction,TXN-0004103,CREATE,,Completed,,POS,True
AUD-00004104,2026-05-25 18:21:40,PH-005,EMP-0108,Sale,transaction,TXN-0004104,CREATE,,Completed,,POS,True
AUD-00004105,2026-06-03 15:09:14,PH-001,EMP-0006,Sale,transaction,TXN-0004105,CREATE,,Completed,,POS,True
AUD-00004106,2026-07-28 18:06:46,PH-004,EMP-0068,Sale,transaction,TXN-0004106,CREATE,,Completed,,POS,True
AUD-00004107,2026-06-30 11:24:58,PH-001,EMP-0015,Sale,transaction,TXN-0004107,CREATE,,Completed,,POS,True
AUD-00004108,2026-05-28 15:29:35,PH-003,EMP-0057,Sale,transaction,TXN-0004108,CREATE,,Completed,,POS,True
AUD-00004109,2026-05-26 12:35:17,PH-002,EMP-0034,Sale,transaction,TXN-0004109,CREATE,,Completed,,POS,True
AUD-00004110,2026-06-30 18:19:23,PH-003,EMP-0063,Sale,transaction,TXN-0004110,CREATE,,Completed,,POS,True
AUD-00004111,2026-06-12 16:53:25,PH-004,EMP-0079,Sale,transaction,TXN-0004111,CREATE,,Completed,,POS,True
AUD-00004112,2026-07-29 15:38:48,PH-003,EMP-0062,Sale,transaction,TXN-0004112,CREATE,,Completed,,POS,True
AUD-00004113,2026-07-25 21:34:53,PH-003,EMP-0058,Sale,transaction,TXN-0004113,CREATE,,Completed,,POS,True
AUD-00004114,2026-07-22 08:35:18,PH-001,EMP-0018,Sale,transaction,TXN-0004114,CREATE,,Completed,,POS,True
AUD-00004115,2026-07-30 14:35:17,PH-001,EMP-0006,Sale,transaction,TXN-0004115,CREATE,,Completed,,POS,True
AUD-00004116,2026-07-24 15:03:18,PH-005,EMP-0089,Sale,transaction,TXN-0004116,CREATE,,Completed,,POS,True
AUD-00004117,2026-06-14 16:37:32,PH-005,EMP-0090,Sale,transaction,TXN-0004117,CREATE,,Completed,,POS,True
AUD-00004118,2026-07-09 14:25:25,PH-005,EMP-0091,Sale,transaction,TXN-0004118,CREATE,,Completed,,POS,True
AUD-00004119,2026-07-16 14:57:02,PH-005,EMP-0091,Sale,transaction,TXN-0004119,CREATE,,Completed,,POS,True
AUD-00004120,2026-07-29 15:56:18,PH-003,EMP-0047,Sale,transaction,TXN-0004120,CREATE,,Completed,,POS,True
AUD-00004121,2026-06-06 19:00:48,PH-003,EMP-0061,Sale,transaction,TXN-0004121,CREATE,,Completed,,POS,True
AUD-00004122,2026-06-17 10:44:46,PH-005,EMP-0101,Sale,transaction,TXN-0004122,CREATE,,Completed,,POS,True
AUD-00004123,2026-05-15 10:45:53,PH-001,EMP-0012,Sale,transaction,TXN-0004123,CREATE,,Completed,,POS,True
AUD-00004124,2026-05-20 08:46:33,PH-003,EMP-0056,Sale,transaction,TXN-0004124,CREATE,,Completed,,POS,True
AUD-00004125,2026-06-08 18:04:06,PH-005,EMP-0102,Sale,transaction,TXN-0004125,CREATE,,Completed,,POS,True
AUD-00004126,2026-06-29 16:19:04,PH-004,EMP-0085,Sale,transaction,TXN-0004126,CREATE,,Completed,,POS,True
AUD-00004127,2026-07-14 18:11:13,PH-003,EMP-0059,Sale,transaction,TXN-0004127,CREATE,,Completed,,POS,True
AUD-00004128,2026-05-21 11:45:31,PH-002,EMP-0023,Sale,transaction,TXN-0004128,CREATE,,Completed,,POS,True
AUD-00004129,2026-06-23 15:14:08,PH-005,EMP-0107,Sale,transaction,TXN-0004129,CREATE,,Completed,,POS,True
AUD-00004130,2026-07-03 13:27:38,PH-005,EMP-0104,Sale,transaction,TXN-0004130,CREATE,,Completed,,POS,True
AUD-00004131,2026-07-11 20:12:38,PH-002,EMP-0040,Sale,transaction,TXN-0004131,CREATE,,Completed,,POS,True
AUD-00004132,2026-06-20 14:26:08,PH-001,EMP-0001,Sale,transaction,TXN-0004132,CREATE,,Completed,,POS,True
AUD-00004133,2026-05-16 16:45:21,PH-004,EMP-0078,Sale,transaction,TXN-0004133,CREATE,,Completed,,POS,True
AUD-00004134,2026-07-14 10:33:31,PH-001,EMP-0015,Sale,transaction,TXN-0004134,CREATE,,Completed,,POS,True
AUD-00004135,2026-05-22 12:39:38,PH-004,EMP-0067,Sale,transaction,TXN-0004135,CREATE,,Completed,,POS,True
AUD-00004136,2026-06-29 15:49:33,PH-001,EMP-0006,Sale,transaction,TXN-0004136,CREATE,,Completed,,POS,True
AUD-00004137,2026-06-01 21:38:02,PH-004,EMP-0079,Sale,transaction,TXN-0004137,CREATE,,Completed,,POS,True
AUD-00004138,2026-07-24 10:34:52,PH-002,EMP-0039,Sale,transaction,TXN-0004138,CREATE,,Completed,,POS,True
AUD-00004139,2026-06-13 10:24:41,PH-001,EMP-0020,Sale,transaction,TXN-0004139,CREATE,,Completed,,POS,True
AUD-00004140,2026-06-26 18:36:20,PH-005,EMP-0108,Sale,transaction,TXN-0004140,CREATE,,Completed,,POS,True
AUD-00004141,2026-07-26 18:35:23,PH-001,EMP-0019,Sale,transaction,TXN-0004141,CREATE,,Completed,,POS,True
AUD-00004142,2026-05-14 16:33:43,PH-004,EMP-0086,Sale,transaction,TXN-0004142,CREATE,,Completed,,POS,True
AUD-00004143,2026-05-19 11:05:11,PH-002,EMP-0023,Sale,transaction,TXN-0004143,CREATE,,Completed,,POS,True
AUD-00004144,2026-05-17 13:51:45,PH-005,EMP-0102,Sale,transaction,TXN-0004144,CREATE,,Completed,,POS,True
AUD-00004145,2026-06-20 12:28:30,PH-004,EMP-0069,Sale,transaction,TXN-0004145,CREATE,,Completed,,POS,True
AUD-00004146,2026-05-10 16:54:32,PH-002,EMP-0023,Sale,transaction,TXN-0004146,CREATE,,Completed,,POS,True
AUD-00004147,2026-06-14 20:01:50,PH-004,EMP-0079,Sale,transaction,TXN-0004147,CREATE,,Completed,,POS,True
AUD-00004148,2026-06-22 14:34:59,PH-002,EMP-0038,Sale,transaction,TXN-0004148,CREATE,,Completed,,POS,True
AUD-00004149,2026-05-10 09:58:36,PH-004,EMP-0085,Sale,transaction,TXN-0004149,CREATE,,Completed,,POS,True
AUD-00004150,2026-05-07 09:13:08,PH-003,EMP-0059,Sale,transaction,TXN-0004150,CREATE,,Completed,,POS,True
AUD-00004151,2026-07-10 17:17:42,PH-003,EMP-0062,Sale,transaction,TXN-0004151,CREATE,,Completed,,POS,True
AUD-00004152,2026-07-20 09:34:03,PH-003,EMP-0062,Sale,transaction,TXN-0004152,CREATE,,Completed,,POS,True
AUD-00004153,2026-07-10 18:40:37,PH-001,EMP-0002,Sale,transaction,TXN-0004153,CREATE,,Completed,,POS,True
AUD-00004154,2026-06-18 19:41:45,PH-001,EMP-0020,Sale,transaction,TXN-0004154,CREATE,,Completed,,POS,True
AUD-00004155,2026-07-26 11:29:38,PH-003,EMP-0063,Sale,transaction,TXN-0004155,CREATE,,Completed,,POS,True
AUD-00004156,2026-06-21 08:00:11,PH-001,EMP-0016,Sale,transaction,TXN-0004156,CREATE,,Completed,,POS,True
AUD-00004157,2026-07-31 18:27:36,PH-001,EMP-0019,Sale,transaction,TXN-0004157,CREATE,,Completed,,POS,True
AUD-00004158,2026-07-11 13:02:05,PH-004,EMP-0067,Sale,transaction,TXN-0004158,CREATE,,Completed,,POS,True
AUD-00004159,2026-06-29 14:46:16,PH-002,EMP-0039,Sale,transaction,TXN-0004159,CREATE,,Completed,,POS,True
AUD-00004160,2026-07-18 19:20:03,PH-002,EMP-0039,Sale,transaction,TXN-0004160,CREATE,,Completed,,POS,True
AUD-00004161,2026-06-16 10:31:36,PH-003,EMP-0057,Sale,transaction,TXN-0004161,CREATE,,Completed,,POS,True
AUD-00004162,2026-07-17 10:03:13,PH-005,EMP-0107,Sale,transaction,TXN-0004162,CREATE,,Completed,,POS,True
AUD-00004163,2026-06-04 11:39:11,PH-003,EMP-0060,Sale,transaction,TXN-0004163,CREATE,,Completed,,POS,True
AUD-00004164,2026-07-13 10:30:42,PH-002,EMP-0035,Sale,transaction,TXN-0004164,CREATE,,Completed,,POS,True
AUD-00004165,2026-06-09 19:36:49,PH-001,EMP-0013,Sale,transaction,TXN-0004165,CREATE,,Completed,,POS,True
AUD-00004166,2026-07-12 15:25:43,PH-005,EMP-0091,Sale,transaction,TXN-0004166,CREATE,,Completed,,POS,True
AUD-00004167,2026-07-17 21:11:30,PH-002,EMP-0039,Sale,transaction,TXN-0004167,CREATE,,Completed,,POS,True
AUD-00004168,2026-07-04 09:45:00,PH-002,EMP-0024,Sale,transaction,TXN-0004168,CREATE,,Completed,,POS,True
AUD-00004169,2026-05-03 21:15:24,PH-005,EMP-0102,Sale,transaction,TXN-0004169,CREATE,,Completed,,POS,True
AUD-00004170,2026-06-18 14:29:25,PH-005,EMP-0089,Sale,transaction,TXN-0004170,CREATE,,Completed,,POS,True
AUD-00004171,2026-05-13 09:29:16,PH-002,EMP-0025,Sale,transaction,TXN-0004171,CREATE,,Completed,,POS,True
AUD-00004172,2026-05-15 10:03:34,PH-005,EMP-0105,Sale,transaction,TXN-0004172,CREATE,,Completed,,POS,True
AUD-00004173,2026-07-06 08:59:13,PH-002,EMP-0042,Sale,transaction,TXN-0004173,CREATE,,Completed,,POS,True
AUD-00004174,2026-05-17 17:18:59,PH-001,EMP-0017,Sale,transaction,TXN-0004174,CREATE,,Completed,,POS,True
AUD-00004175,2026-07-18 21:13:34,PH-004,EMP-0085,Sale,transaction,TXN-0004175,CREATE,,Completed,,POS,True
AUD-00004176,2026-05-21 10:55:18,PH-002,EMP-0023,Sale,transaction,TXN-0004176,CREATE,,Completed,,POS,True
AUD-00004177,2026-05-05 08:51:13,PH-004,EMP-0079,Sale,transaction,TXN-0004177,CREATE,,Completed,,POS,True
AUD-00004178,2026-05-22 10:40:32,PH-001,EMP-0013,Sale,transaction,TXN-0004178,CREATE,,Completed,,POS,True
AUD-00004179,2026-05-23 09:19:40,PH-004,EMP-0067,Sale,transaction,TXN-0004179,CREATE,,Completed,,POS,True
AUD-00004180,2026-05-12 19:15:39,PH-005,EMP-0090,Sale,transaction,TXN-0004180,CREATE,,Completed,,POS,True
AUD-00004181,2026-05-21 09:16:19,PH-002,EMP-0041,Sale,transaction,TXN-0004181,CREATE,,Completed,,POS,True
AUD-00004182,2026-06-14 19:45:42,PH-001,EMP-0013,Sale,transaction,TXN-0004182,CREATE,,Completed,,POS,True
AUD-00004183,2026-05-03 12:55:06,PH-001,EMP-0016,Sale,transaction,TXN-0004183,CREATE,,Completed,,POS,True
AUD-00004184,2026-07-09 20:13:38,PH-001,EMP-0001,Sale,transaction,TXN-0004184,CREATE,,Completed,,POS,True
AUD-00004185,2026-07-16 21:27:22,PH-001,EMP-0016,Sale,transaction,TXN-0004185,CREATE,,Completed,,POS,True
AUD-00004186,2026-06-22 19:47:06,PH-003,EMP-0062,Sale,transaction,TXN-0004186,CREATE,,Completed,,POS,True
AUD-00004187,2026-07-11 11:05:26,PH-005,EMP-0103,Sale,transaction,TXN-0004187,CREATE,,Completed,,POS,True
AUD-00004188,2026-05-06 12:30:35,PH-002,EMP-0036,Sale,transaction,TXN-0004188,CREATE,,Completed,,POS,True
AUD-00004189,2026-07-29 20:12:05,PH-001,EMP-0019,Sale,transaction,TXN-0004189,CREATE,,Completed,,POS,True
AUD-00004190,2026-06-02 13:30:40,PH-004,EMP-0085,Sale,transaction,TXN-0004190,CREATE,,Completed,,POS,True
AUD-00004191,2026-07-07 21:22:28,PH-001,EMP-0001,Sale,transaction,TXN-0004191,CREATE,,Completed,,POS,True
AUD-00004192,2026-07-18 18:51:28,PH-001,EMP-0015,Sale,transaction,TXN-0004192,CREATE,,Completed,,POS,True
AUD-00004193,2026-05-24 20:54:45,PH-005,EMP-0105,Sale,transaction,TXN-0004193,CREATE,,Completed,,POS,True
AUD-00004194,2026-05-17 10:13:31,PH-005,EMP-0100,Sale,transaction,TXN-0004194,CREATE,,Completed,,POS,True
AUD-00004195,2026-06-03 10:39:39,PH-002,EMP-0038,Sale,transaction,TXN-0004195,CREATE,,Completed,,POS,True
AUD-00004196,2026-06-12 17:32:47,PH-004,EMP-0080,Sale,transaction,TXN-0004196,CREATE,,Completed,,POS,True
AUD-00004197,2026-07-16 18:47:33,PH-002,EMP-0025,Sale,transaction,TXN-0004197,CREATE,,Completed,,POS,True
AUD-00004198,2026-07-30 16:01:17,PH-004,EMP-0078,Sale,transaction,TXN-0004198,CREATE,,Completed,,POS,True
AUD-00004199,2026-06-01 19:59:02,PH-005,EMP-0091,Sale,transaction,TXN-0004199,CREATE,,Completed,,POS,True
AUD-00004200,2026-06-29 20:41:00,PH-005,EMP-0089,Sale,transaction,TXN-0004200,CREATE,,Completed,,POS,True
AUD-00004201,2026-05-03 16:51:25,PH-002,EMP-0034,Sale,transaction,TXN-0004201,CREATE,,Completed,,POS,True
AUD-00004202,2026-06-29 10:44:17,PH-003,EMP-0058,Sale,transaction,TXN-0004202,CREATE,,Completed,,POS,True
AUD-00004203,2026-05-13 10:08:26,PH-001,EMP-0018,Sale,transaction,TXN-0004203,CREATE,,Completed,,POS,True
AUD-00004204,2026-07-01 10:27:00,PH-005,EMP-0108,Sale,transaction,TXN-0004204,CREATE,,Completed,,POS,True
AUD-00004205,2026-06-05 10:37:29,PH-004,EMP-0082,Sale,transaction,TXN-0004205,CREATE,,Completed,,POS,True
AUD-00004206,2026-05-25 20:12:36,PH-001,EMP-0020,Sale,transaction,TXN-0004206,CREATE,,Completed,,POS,True
AUD-00004207,2026-05-27 18:16:58,PH-005,EMP-0104,Sale,transaction,TXN-0004207,CREATE,,Completed,,POS,True
AUD-00004208,2026-05-03 14:51:38,PH-003,EMP-0059,Sale,transaction,TXN-0004208,CREATE,,Completed,,POS,True
AUD-00004209,2026-06-24 10:16:37,PH-001,EMP-0020,Sale,transaction,TXN-0004209,CREATE,,Completed,,POS,True
AUD-00004210,2026-05-24 11:11:45,PH-002,EMP-0023,Sale,transaction,TXN-0004210,CREATE,,Completed,,POS,True
AUD-00004211,2026-06-28 11:10:43,PH-002,EMP-0037,Sale,transaction,TXN-0004211,CREATE,,Completed,,POS,True
AUD-00004212,2026-05-05 16:22:15,PH-001,EMP-0001,Sale,transaction,TXN-0004212,CREATE,,Completed,,POS,True
AUD-00004213,2026-05-30 20:53:30,PH-005,EMP-0102,Sale,transaction,TXN-0004213,CREATE,,Completed,,POS,True
AUD-00004214,2026-07-18 14:47:46,PH-002,EMP-0039,Sale,transaction,TXN-0004214,CREATE,,Completed,,POS,True
AUD-00004215,2026-05-02 12:12:32,PH-004,EMP-0085,Sale,transaction,TXN-0004215,CREATE,,Completed,,POS,True
AUD-00004216,2026-07-06 09:39:42,PH-003,EMP-0058,Sale,transaction,TXN-0004216,CREATE,,Completed,,POS,True
AUD-00004217,2026-06-02 21:25:56,PH-005,EMP-0089,Sale,transaction,TXN-0004217,CREATE,,Completed,,POS,True
AUD-00004218,2026-06-02 19:22:43,PH-002,EMP-0042,Sale,transaction,TXN-0004218,CREATE,,Completed,,POS,True
AUD-00004219,2026-06-22 09:59:14,PH-002,EMP-0041,Sale,transaction,TXN-0004219,CREATE,,Completed,,POS,True
AUD-00004220,2026-06-20 17:57:30,PH-005,EMP-0089,Sale,transaction,TXN-0004220,CREATE,,Completed,,POS,True
AUD-00004221,2026-06-20 10:21:57,PH-002,EMP-0041,Sale,transaction,TXN-0004221,CREATE,,Completed,,POS,True
AUD-00004222,2026-05-27 17:00:44,PH-002,EMP-0040,Sale,transaction,TXN-0004222,CREATE,,Completed,,POS,True
AUD-00004223,2026-05-28 13:11:33,PH-001,EMP-0018,Sale,transaction,TXN-0004223,CREATE,,Completed,,POS,True
AUD-00004224,2026-06-10 13:49:44,PH-004,EMP-0085,Sale,transaction,TXN-0004224,CREATE,,Completed,,POS,True
AUD-00004225,2026-05-08 20:43:10,PH-004,EMP-0067,Sale,transaction,TXN-0004225,CREATE,,Completed,,POS,True
AUD-00004226,2026-06-21 15:25:34,PH-002,EMP-0024,Sale,transaction,TXN-0004226,CREATE,,Completed,,POS,True
AUD-00004227,2026-06-03 17:35:52,PH-001,EMP-0018,Sale,transaction,TXN-0004227,CREATE,,Completed,,POS,True
AUD-00004228,2026-05-09 11:11:43,PH-001,EMP-0002,Sale,transaction,TXN-0004228,CREATE,,Completed,,POS,True
AUD-00004229,2026-05-24 10:59:04,PH-003,EMP-0063,Sale,transaction,TXN-0004229,CREATE,,Completed,,POS,True
AUD-00004230,2026-06-22 18:08:44,PH-004,EMP-0068,Sale,transaction,TXN-0004230,CREATE,,Completed,,POS,True
AUD-00004231,2026-07-12 08:29:02,PH-001,EMP-0015,Sale,transaction,TXN-0004231,CREATE,,Completed,,POS,True
AUD-00004232,2026-05-24 08:44:52,PH-005,EMP-0102,Sale,transaction,TXN-0004232,CREATE,,Completed,,POS,True
AUD-00004233,2026-05-24 18:13:57,PH-002,EMP-0035,Sale,transaction,TXN-0004233,CREATE,,Completed,,POS,True
AUD-00004234,2026-05-11 08:15:34,PH-003,EMP-0060,Sale,transaction,TXN-0004234,CREATE,,Completed,,POS,True
AUD-00004235,2026-05-03 09:37:29,PH-003,EMP-0062,Sale,transaction,TXN-0004235,CREATE,,Completed,,POS,True
AUD-00004236,2026-07-17 17:33:31,PH-002,EMP-0037,Sale,transaction,TXN-0004236,CREATE,,Completed,,POS,True
AUD-00004237,2026-06-03 16:19:12,PH-005,EMP-0091,Sale,transaction,TXN-0004237,CREATE,,Completed,,POS,True
AUD-00004238,2026-07-17 13:45:45,PH-005,EMP-0090,Sale,transaction,TXN-0004238,CREATE,,Completed,,POS,True
AUD-00004239,2026-05-05 08:37:22,PH-001,EMP-0018,Sale,transaction,TXN-0004239,CREATE,,Completed,,POS,True
AUD-00004240,2026-07-23 18:12:25,PH-003,EMP-0059,Sale,transaction,TXN-0004240,CREATE,,Completed,,POS,True
AUD-00004241,2026-06-26 17:07:52,PH-002,EMP-0035,Sale,transaction,TXN-0004241,CREATE,,Completed,,POS,True
AUD-00004242,2026-05-22 18:34:49,PH-003,EMP-0062,Sale,transaction,TXN-0004242,CREATE,,Completed,,POS,True
AUD-00004243,2026-05-11 16:39:14,PH-005,EMP-0105,Sale,transaction,TXN-0004243,CREATE,,Completed,,POS,True
AUD-00004244,2026-06-26 16:33:37,PH-005,EMP-0106,Sale,transaction,TXN-0004244,CREATE,,Completed,,POS,True
AUD-00004245,2026-05-11 11:30:02,PH-004,EMP-0083,Sale,transaction,TXN-0004245,CREATE,,Completed,,POS,True
AUD-00004246,2026-06-02 17:43:34,PH-004,EMP-0086,Sale,transaction,TXN-0004246,CREATE,,Completed,,POS,True
AUD-00004247,2026-07-02 14:30:59,PH-003,EMP-0061,Sale,transaction,TXN-0004247,CREATE,,Completed,,POS,True
AUD-00004248,2026-05-14 08:00:15,PH-001,EMP-0015,Sale,transaction,TXN-0004248,CREATE,,Completed,,POS,True
AUD-00004249,2026-06-10 15:27:24,PH-005,EMP-0102,Sale,transaction,TXN-0004249,CREATE,,Completed,,POS,True
AUD-00004250,2026-06-04 15:20:46,PH-001,EMP-0018,Sale,transaction,TXN-0004250,CREATE,,Completed,,POS,True
AUD-00004251,2026-05-14 14:25:25,PH-004,EMP-0079,Sale,transaction,TXN-0004251,CREATE,,Completed,,POS,True
AUD-00004252,2026-05-07 21:23:29,PH-002,EMP-0035,Sale,transaction,TXN-0004252,CREATE,,Completed,,POS,True
AUD-00004253,2026-06-09 19:44:46,PH-002,EMP-0035,Sale,transaction,TXN-0004253,CREATE,,Completed,,POS,True
AUD-00004254,2026-07-14 14:22:54,PH-001,EMP-0013,Sale,transaction,TXN-0004254,CREATE,,Completed,,POS,True
AUD-00004255,2026-06-10 13:54:48,PH-004,EMP-0079,Sale,transaction,TXN-0004255,CREATE,,Completed,,POS,True
AUD-00004256,2026-07-17 16:30:52,PH-002,EMP-0037,Sale,transaction,TXN-0004256,CREATE,,Completed,,POS,True
AUD-00004257,2026-05-31 17:18:17,PH-003,EMP-0046,Sale,transaction,TXN-0004257,CREATE,,Completed,,POS,True
AUD-00004258,2026-07-20 16:04:27,PH-003,EMP-0045,Sale,transaction,TXN-0004258,CREATE,,Completed,,POS,True
AUD-00004259,2026-05-31 18:26:49,PH-002,EMP-0036,Sale,transaction,TXN-0004259,CREATE,,Completed,,POS,True
AUD-00004260,2026-07-25 11:57:50,PH-002,EMP-0023,Sale,transaction,TXN-0004260,CREATE,,Completed,,POS,True
AUD-00004261,2026-05-17 16:47:26,PH-005,EMP-0089,Sale,transaction,TXN-0004261,CREATE,,Completed,,POS,True
AUD-00004262,2026-07-01 17:27:40,PH-003,EMP-0062,Sale,transaction,TXN-0004262,CREATE,,Completed,,POS,True
AUD-00004263,2026-05-20 17:10:18,PH-004,EMP-0069,Sale,transaction,TXN-0004263,CREATE,,Completed,,POS,True
AUD-00004264,2026-05-12 10:52:24,PH-002,EMP-0038,Sale,transaction,TXN-0004264,CREATE,,Completed,,POS,True
AUD-00004265,2026-07-27 14:45:51,PH-002,EMP-0034,Sale,transaction,TXN-0004265,CREATE,,Completed,,POS,True
AUD-00004266,2026-06-29 14:36:59,PH-001,EMP-0019,Sale,transaction,TXN-0004266,CREATE,,Completed,,POS,True
AUD-00004267,2026-07-18 08:57:46,PH-002,EMP-0025,Sale,transaction,TXN-0004267,CREATE,,Completed,,POS,True
AUD-00004268,2026-06-11 15:07:01,PH-001,EMP-0001,Sale,transaction,TXN-0004268,CREATE,,Completed,,POS,True
AUD-00004269,2026-05-31 12:49:14,PH-003,EMP-0064,Sale,transaction,TXN-0004269,CREATE,,Completed,,POS,True
AUD-00004270,2026-07-31 20:38:24,PH-002,EMP-0042,Sale,transaction,TXN-0004270,CREATE,,Completed,,POS,True
AUD-00004271,2026-07-25 09:49:03,PH-005,EMP-0106,Sale,transaction,TXN-0004271,CREATE,,Completed,,POS,True
AUD-00004272,2026-06-24 16:17:19,PH-002,EMP-0023,Sale,transaction,TXN-0004272,CREATE,,Completed,,POS,True
AUD-00004273,2026-05-13 16:30:05,PH-003,EMP-0045,Sale,transaction,TXN-0004273,CREATE,,Completed,,POS,True
AUD-00004274,2026-07-21 14:59:54,PH-001,EMP-0013,Sale,transaction,TXN-0004274,CREATE,,Completed,,POS,True
AUD-00004275,2026-07-17 11:33:16,PH-002,EMP-0023,Sale,transaction,TXN-0004275,CREATE,,Completed,,POS,True
AUD-00004276,2026-07-02 21:47:32,PH-003,EMP-0059,Sale,transaction,TXN-0004276,CREATE,,Completed,,POS,True
AUD-00004277,2026-06-09 09:22:17,PH-001,EMP-0001,Sale,transaction,TXN-0004277,CREATE,,Completed,,POS,True
AUD-00004278,2026-05-21 19:26:29,PH-002,EMP-0039,Sale,transaction,TXN-0004278,CREATE,,Completed,,POS,True
AUD-00004279,2026-06-01 11:48:17,PH-003,EMP-0062,Sale,transaction,TXN-0004279,CREATE,,Completed,,POS,True
AUD-00004280,2026-05-11 13:03:20,PH-001,EMP-0006,Sale,transaction,TXN-0004280,CREATE,,Completed,,POS,True
AUD-00004281,2026-05-17 17:26:29,PH-005,EMP-0108,Sale,transaction,TXN-0004281,CREATE,,Completed,,POS,True
AUD-00004282,2026-07-14 12:56:45,PH-005,EMP-0104,Sale,transaction,TXN-0004282,CREATE,,Completed,,POS,True
AUD-00004283,2026-05-19 13:08:05,PH-003,EMP-0061,Sale,transaction,TXN-0004283,CREATE,,Completed,,POS,True
AUD-00004284,2026-06-16 18:27:48,PH-002,EMP-0037,Sale,transaction,TXN-0004284,CREATE,,Completed,,POS,True
AUD-00004285,2026-06-21 11:15:01,PH-001,EMP-0003,Sale,transaction,TXN-0004285,CREATE,,Completed,,POS,True
AUD-00004286,2026-05-04 12:43:58,PH-005,EMP-0105,Sale,transaction,TXN-0004286,CREATE,,Completed,,POS,True
AUD-00004287,2026-05-25 18:39:50,PH-005,EMP-0103,Sale,transaction,TXN-0004287,CREATE,,Completed,,POS,True
AUD-00004288,2026-07-22 10:44:19,PH-002,EMP-0037,Sale,transaction,TXN-0004288,CREATE,,Completed,,POS,True
AUD-00004289,2026-05-09 14:43:29,PH-003,EMP-0058,Sale,transaction,TXN-0004289,CREATE,,Completed,,POS,True
AUD-00004290,2026-07-11 16:10:29,PH-001,EMP-0017,Sale,transaction,TXN-0004290,CREATE,,Completed,,POS,True
AUD-00004291,2026-06-22 08:43:21,PH-005,EMP-0105,Sale,transaction,TXN-0004291,CREATE,,Completed,,POS,True
AUD-00004292,2026-06-15 12:37:42,PH-002,EMP-0036,Sale,transaction,TXN-0004292,CREATE,,Completed,,POS,True
AUD-00004293,2026-07-19 09:07:22,PH-001,EMP-0006,Sale,transaction,TXN-0004293,CREATE,,Completed,,POS,True
AUD-00004294,2026-07-09 21:17:00,PH-002,EMP-0037,Sale,transaction,TXN-0004294,CREATE,,Completed,,POS,True
AUD-00004295,2026-06-15 15:55:12,PH-002,EMP-0025,Sale,transaction,TXN-0004295,CREATE,,Completed,,POS,True
AUD-00004296,2026-05-17 11:29:09,PH-005,EMP-0100,Sale,transaction,TXN-0004296,CREATE,,Completed,,POS,True
AUD-00004297,2026-07-14 11:51:58,PH-003,EMP-0057,Sale,transaction,TXN-0004297,CREATE,,Completed,,POS,True
AUD-00004298,2026-06-20 20:58:17,PH-003,EMP-0059,Sale,transaction,TXN-0004298,CREATE,,Completed,,POS,True
AUD-00004299,2026-07-09 19:33:38,PH-002,EMP-0025,Sale,transaction,TXN-0004299,CREATE,,Completed,,POS,True
AUD-00004300,2026-07-29 11:31:48,PH-005,EMP-0090,Sale,transaction,TXN-0004300,CREATE,,Completed,,POS,True
AUD-00004301,2026-05-14 19:17:57,PH-003,EMP-0056,Sale,transaction,TXN-0004301,CREATE,,Completed,,POS,True
AUD-00004302,2026-05-15 11:02:57,PH-003,EMP-0062,Sale,transaction,TXN-0004302,CREATE,,Completed,,POS,True
AUD-00004303,2026-07-06 13:30:48,PH-003,EMP-0046,Sale,transaction,TXN-0004303,CREATE,,Completed,,POS,True
AUD-00004304,2026-07-06 17:03:10,PH-005,EMP-0102,Sale,transaction,TXN-0004304,CREATE,,Completed,,POS,True
AUD-00004305,2026-05-23 21:59:08,PH-002,EMP-0039,Sale,transaction,TXN-0004305,CREATE,,Completed,,POS,True
AUD-00004306,2026-07-27 13:08:23,PH-005,EMP-0106,Sale,transaction,TXN-0004306,CREATE,,Completed,,POS,True
AUD-00004307,2026-05-20 10:22:10,PH-004,EMP-0078,Sale,transaction,TXN-0004307,CREATE,,Completed,,POS,True
AUD-00004308,2026-07-07 12:15:52,PH-001,EMP-0013,Sale,transaction,TXN-0004308,CREATE,,Completed,,POS,True
AUD-00004309,2026-07-23 17:45:14,PH-001,EMP-0016,Sale,transaction,TXN-0004309,CREATE,,Completed,,POS,True
AUD-00004310,2026-06-26 20:44:08,PH-004,EMP-0083,Sale,transaction,TXN-0004310,CREATE,,Completed,,POS,True
AUD-00004311,2026-06-11 08:21:01,PH-001,EMP-0019,Sale,transaction,TXN-0004311,CREATE,,Completed,,POS,True
AUD-00004312,2026-07-02 21:29:03,PH-005,EMP-0101,Sale,transaction,TXN-0004312,CREATE,,Completed,,POS,True
AUD-00004313,2026-06-12 09:06:58,PH-001,EMP-0020,Sale,transaction,TXN-0004313,CREATE,,Completed,,POS,True
AUD-00004314,2026-06-24 11:03:15,PH-002,EMP-0041,Sale,transaction,TXN-0004314,CREATE,,Completed,,POS,True
AUD-00004315,2026-05-04 08:41:56,PH-004,EMP-0078,Sale,transaction,TXN-0004315,CREATE,,Completed,,POS,True
AUD-00004316,2026-05-02 21:11:06,PH-001,EMP-0017,Sale,transaction,TXN-0004316,CREATE,,Completed,,POS,True
AUD-00004317,2026-07-12 11:13:01,PH-003,EMP-0046,Sale,transaction,TXN-0004317,CREATE,,Completed,,POS,True
AUD-00004318,2026-05-29 14:45:02,PH-003,EMP-0047,Sale,transaction,TXN-0004318,CREATE,,Completed,,POS,True
AUD-00004319,2026-07-31 16:42:26,PH-003,EMP-0058,Sale,transaction,TXN-0004319,CREATE,,Completed,,POS,True
AUD-00004320,2026-06-28 19:30:26,PH-005,EMP-0090,Sale,transaction,TXN-0004320,CREATE,,Completed,,POS,True
AUD-00004321,2026-07-28 10:06:35,PH-001,EMP-0020,Sale,transaction,TXN-0004321,CREATE,,Completed,,POS,True
AUD-00004322,2026-07-02 10:14:09,PH-002,EMP-0040,Sale,transaction,TXN-0004322,CREATE,,Completed,,POS,True
AUD-00004323,2026-06-10 21:25:53,PH-004,EMP-0081,Sale,transaction,TXN-0004323,CREATE,,Completed,,POS,True
AUD-00004324,2026-06-16 20:09:43,PH-001,EMP-0001,Sale,transaction,TXN-0004324,CREATE,,Completed,,POS,True
AUD-00004325,2026-07-13 10:49:45,PH-005,EMP-0102,Sale,transaction,TXN-0004325,CREATE,,Completed,,POS,True
AUD-00004326,2026-05-08 17:01:54,PH-005,EMP-0101,Sale,transaction,TXN-0004326,CREATE,,Completed,,POS,True
AUD-00004327,2026-07-20 20:27:42,PH-004,EMP-0085,Sale,transaction,TXN-0004327,CREATE,,Completed,,POS,True
AUD-00004328,2026-07-13 09:53:45,PH-001,EMP-0014,Sale,transaction,TXN-0004328,CREATE,,Completed,,POS,True
AUD-00004329,2026-05-29 21:18:30,PH-001,EMP-0015,Sale,transaction,TXN-0004329,CREATE,,Completed,,POS,True
AUD-00004330,2026-07-19 08:45:24,PH-001,EMP-0013,Sale,transaction,TXN-0004330,CREATE,,Completed,,POS,True
AUD-00004331,2026-05-11 20:37:24,PH-003,EMP-0046,Sale,transaction,TXN-0004331,CREATE,,Completed,,POS,True
AUD-00004332,2026-05-03 13:52:58,PH-002,EMP-0041,Sale,transaction,TXN-0004332,CREATE,,Completed,,POS,True
AUD-00004333,2026-05-20 16:23:58,PH-005,EMP-0100,Sale,transaction,TXN-0004333,CREATE,,Completed,,POS,True
AUD-00004334,2026-06-24 21:48:00,PH-003,EMP-0045,Sale,transaction,TXN-0004334,CREATE,,Completed,,POS,True
AUD-00004335,2026-05-19 12:09:14,PH-002,EMP-0040,Sale,transaction,TXN-0004335,CREATE,,Completed,,POS,True
AUD-00004336,2026-06-24 16:48:26,PH-005,EMP-0105,Sale,transaction,TXN-0004336,CREATE,,Completed,,POS,True
AUD-00004337,2026-05-15 20:52:21,PH-005,EMP-0104,Sale,transaction,TXN-0004337,CREATE,,Completed,,POS,True
AUD-00004338,2026-07-23 08:08:54,PH-003,EMP-0060,Sale,transaction,TXN-0004338,CREATE,,Completed,,POS,True
AUD-00004339,2026-05-20 08:00:07,PH-002,EMP-0025,Sale,transaction,TXN-0004339,CREATE,,Completed,,POS,True
AUD-00004340,2026-07-21 11:30:51,PH-005,EMP-0103,Sale,transaction,TXN-0004340,CREATE,,Completed,,POS,True
AUD-00004341,2026-06-17 13:13:52,PH-004,EMP-0069,Sale,transaction,TXN-0004341,CREATE,,Completed,,POS,True
AUD-00004342,2026-07-06 17:19:43,PH-004,EMP-0080,Sale,transaction,TXN-0004342,CREATE,,Completed,,POS,True
AUD-00004343,2026-07-13 10:26:35,PH-002,EMP-0037,Sale,transaction,TXN-0004343,CREATE,,Completed,,POS,True
AUD-00004344,2026-05-24 16:32:42,PH-001,EMP-0016,Sale,transaction,TXN-0004344,CREATE,,Completed,,POS,True
AUD-00004345,2026-06-27 19:47:44,PH-003,EMP-0047,Sale,transaction,TXN-0004345,CREATE,,Completed,,POS,True
AUD-00004346,2026-06-23 17:16:42,PH-004,EMP-0084,Sale,transaction,TXN-0004346,CREATE,,Completed,,POS,True
AUD-00004347,2026-05-16 20:07:13,PH-005,EMP-0090,Sale,transaction,TXN-0004347,CREATE,,Completed,,POS,True
AUD-00004348,2026-05-24 15:49:23,PH-005,EMP-0108,Sale,transaction,TXN-0004348,CREATE,,Completed,,POS,True
AUD-00004349,2026-06-10 21:22:56,PH-001,EMP-0006,Sale,transaction,TXN-0004349,CREATE,,Completed,,POS,True
AUD-00004350,2026-07-18 21:43:28,PH-001,EMP-0012,Sale,transaction,TXN-0004350,CREATE,,Completed,,POS,True
AUD-00004351,2026-06-19 16:53:26,PH-001,EMP-0002,Sale,transaction,TXN-0004351,CREATE,,Completed,,POS,True
AUD-00004352,2026-06-11 11:48:34,PH-005,EMP-0090,Sale,transaction,TXN-0004352,CREATE,,Completed,,POS,True
AUD-00004353,2026-05-14 11:28:22,PH-005,EMP-0089,Sale,transaction,TXN-0004353,CREATE,,Completed,,POS,True
AUD-00004354,2026-07-15 20:21:46,PH-002,EMP-0039,Sale,transaction,TXN-0004354,CREATE,,Completed,,POS,True
AUD-00004355,2026-06-03 16:09:29,PH-001,EMP-0016,Sale,transaction,TXN-0004355,CREATE,,Completed,,POS,True
AUD-00004356,2026-05-31 20:56:25,PH-005,EMP-0089,Sale,transaction,TXN-0004356,CREATE,,Completed,,POS,True
AUD-00004357,2026-05-07 21:35:43,PH-001,EMP-0015,Sale,transaction,TXN-0004357,CREATE,,Completed,,POS,True
AUD-00004358,2026-07-03 14:09:53,PH-005,EMP-0108,Sale,transaction,TXN-0004358,CREATE,,Completed,,POS,True
AUD-00004359,2026-07-15 10:28:45,PH-002,EMP-0037,Sale,transaction,TXN-0004359,CREATE,,Completed,,POS,True
AUD-00004360,2026-07-03 18:52:22,PH-005,EMP-0091,Sale,transaction,TXN-0004360,CREATE,,Completed,,POS,True
AUD-00004361,2026-06-06 08:56:45,PH-003,EMP-0063,Sale,transaction,TXN-0004361,CREATE,,Completed,,POS,True
AUD-00004362,2026-07-03 09:33:48,PH-001,EMP-0014,Sale,transaction,TXN-0004362,CREATE,,Completed,,POS,True
AUD-00004363,2026-06-07 09:38:18,PH-003,EMP-0045,Sale,transaction,TXN-0004363,CREATE,,Completed,,POS,True
AUD-00004364,2026-07-03 19:17:46,PH-005,EMP-0105,Sale,transaction,TXN-0004364,CREATE,,Completed,,POS,True
AUD-00004365,2026-07-06 19:31:41,PH-002,EMP-0034,Sale,transaction,TXN-0004365,CREATE,,Completed,,POS,True
AUD-00004366,2026-07-13 17:48:27,PH-002,EMP-0038,Sale,transaction,TXN-0004366,CREATE,,Completed,,POS,True
AUD-00004367,2026-07-10 17:48:47,PH-005,EMP-0105,Sale,transaction,TXN-0004367,CREATE,,Completed,,POS,True
AUD-00004368,2026-05-11 13:30:50,PH-004,EMP-0084,Sale,transaction,TXN-0004368,CREATE,,Completed,,POS,True
AUD-00004369,2026-06-14 09:50:56,PH-002,EMP-0042,Sale,transaction,TXN-0004369,CREATE,,Completed,,POS,True
AUD-00004370,2026-05-05 15:49:52,PH-003,EMP-0060,Sale,transaction,TXN-0004370,CREATE,,Completed,,POS,True
AUD-00004371,2026-05-05 14:29:36,PH-001,EMP-0012,Sale,transaction,TXN-0004371,CREATE,,Completed,,POS,True
AUD-00004372,2026-05-20 18:19:30,PH-002,EMP-0037,Sale,transaction,TXN-0004372,CREATE,,Completed,,POS,True
AUD-00004373,2026-07-09 17:05:43,PH-001,EMP-0019,Sale,transaction,TXN-0004373,CREATE,,Completed,,POS,True
AUD-00004374,2026-07-14 12:28:38,PH-001,EMP-0012,Sale,transaction,TXN-0004374,CREATE,,Completed,,POS,True
AUD-00004375,2026-06-14 17:03:54,PH-005,EMP-0101,Sale,transaction,TXN-0004375,CREATE,,Completed,,POS,True
AUD-00004376,2026-07-29 14:56:18,PH-002,EMP-0024,Sale,transaction,TXN-0004376,CREATE,,Completed,,POS,True
AUD-00004377,2026-05-08 15:56:56,PH-004,EMP-0069,Sale,transaction,TXN-0004377,CREATE,,Completed,,POS,True
AUD-00004378,2026-05-23 16:10:03,PH-003,EMP-0047,Sale,transaction,TXN-0004378,CREATE,,Completed,,POS,True
AUD-00004379,2026-06-28 09:58:11,PH-004,EMP-0084,Sale,transaction,TXN-0004379,CREATE,,Completed,,POS,True
AUD-00004380,2026-05-14 21:49:12,PH-002,EMP-0037,Sale,transaction,TXN-0004380,CREATE,,Completed,,POS,True
AUD-00004381,2026-06-10 11:48:31,PH-004,EMP-0085,Sale,transaction,TXN-0004381,CREATE,,Completed,,POS,True
AUD-00004382,2026-06-26 19:36:27,PH-004,EMP-0079,Sale,transaction,TXN-0004382,CREATE,,Completed,,POS,True
AUD-00004383,2026-06-23 08:10:11,PH-003,EMP-0047,Sale,transaction,TXN-0004383,CREATE,,Completed,,POS,True
AUD-00004384,2026-07-14 18:59:32,PH-005,EMP-0100,Sale,transaction,TXN-0004384,CREATE,,Completed,,POS,True
AUD-00004385,2026-05-05 19:51:33,PH-004,EMP-0084,Sale,transaction,TXN-0004385,CREATE,,Completed,,POS,True
AUD-00004386,2026-05-11 17:13:19,PH-001,EMP-0003,Sale,transaction,TXN-0004386,CREATE,,Completed,,POS,True
AUD-00004387,2026-05-22 10:58:18,PH-001,EMP-0019,Sale,transaction,TXN-0004387,CREATE,,Completed,,POS,True
AUD-00004388,2026-07-04 19:25:10,PH-003,EMP-0058,Sale,transaction,TXN-0004388,CREATE,,Completed,,POS,True
AUD-00004389,2026-07-26 16:22:37,PH-002,EMP-0035,Sale,transaction,TXN-0004389,CREATE,,Completed,,POS,True
AUD-00004390,2026-06-22 10:35:41,PH-005,EMP-0104,Sale,transaction,TXN-0004390,CREATE,,Completed,,POS,True
AUD-00004391,2026-05-19 10:03:51,PH-003,EMP-0046,Sale,transaction,TXN-0004391,CREATE,,Completed,,POS,True
AUD-00004392,2026-05-23 20:57:32,PH-003,EMP-0045,Sale,transaction,TXN-0004392,CREATE,,Completed,,POS,True
AUD-00004393,2026-05-11 15:01:02,PH-004,EMP-0078,Sale,transaction,TXN-0004393,CREATE,,Completed,,POS,True
AUD-00004394,2026-06-25 19:07:01,PH-001,EMP-0012,Sale,transaction,TXN-0004394,CREATE,,Completed,,POS,True
AUD-00004395,2026-07-02 16:43:24,PH-003,EMP-0057,Sale,transaction,TXN-0004395,CREATE,,Completed,,POS,True
AUD-00004396,2026-07-26 11:30:54,PH-005,EMP-0108,Sale,transaction,TXN-0004396,CREATE,,Completed,,POS,True
AUD-00004397,2026-06-01 18:53:51,PH-004,EMP-0081,Sale,transaction,TXN-0004397,CREATE,,Completed,,POS,True
AUD-00004398,2026-07-02 13:08:38,PH-005,EMP-0101,Sale,transaction,TXN-0004398,CREATE,,Completed,,POS,True
AUD-00004399,2026-05-16 11:00:25,PH-003,EMP-0058,Sale,transaction,TXN-0004399,CREATE,,Completed,,POS,True
AUD-00004400,2026-06-29 14:21:21,PH-005,EMP-0108,Sale,transaction,TXN-0004400,CREATE,,Completed,,POS,True
AUD-00004401,2026-07-15 09:53:14,PH-001,EMP-0006,Sale,transaction,TXN-0004401,CREATE,,Completed,,POS,True
AUD-00004402,2026-07-14 09:53:25,PH-001,EMP-0016,Sale,transaction,TXN-0004402,CREATE,,Completed,,POS,True
AUD-00004403,2026-06-10 11:56:22,PH-001,EMP-0016,Sale,transaction,TXN-0004403,CREATE,,Completed,,POS,True
AUD-00004404,2026-07-29 12:59:36,PH-005,EMP-0100,Sale,transaction,TXN-0004404,CREATE,,Completed,,POS,True
AUD-00004405,2026-06-24 08:05:41,PH-004,EMP-0068,Sale,transaction,TXN-0004405,CREATE,,Completed,,POS,True
AUD-00004406,2026-06-14 18:56:11,PH-003,EMP-0061,Sale,transaction,TXN-0004406,CREATE,,Completed,,POS,True
AUD-00004407,2026-07-09 14:22:36,PH-004,EMP-0078,Sale,transaction,TXN-0004407,CREATE,,Completed,,POS,True
AUD-00004408,2026-06-03 16:56:02,PH-005,EMP-0090,Sale,transaction,TXN-0004408,CREATE,,Completed,,POS,True
AUD-00004409,2026-05-04 09:56:43,PH-004,EMP-0068,Sale,transaction,TXN-0004409,CREATE,,Completed,,POS,True
AUD-00004410,2026-06-23 21:26:54,PH-002,EMP-0035,Sale,transaction,TXN-0004410,CREATE,,Completed,,POS,True
AUD-00004411,2026-06-27 08:23:42,PH-004,EMP-0067,Sale,transaction,TXN-0004411,CREATE,,Completed,,POS,True
AUD-00004412,2026-07-26 14:55:43,PH-002,EMP-0024,Sale,transaction,TXN-0004412,CREATE,,Completed,,POS,True
AUD-00004413,2026-07-30 14:18:06,PH-003,EMP-0046,Sale,transaction,TXN-0004413,CREATE,,Completed,,POS,True
AUD-00004414,2026-07-28 12:03:23,PH-005,EMP-0089,Sale,transaction,TXN-0004414,CREATE,,Completed,,POS,True
AUD-00004415,2026-05-28 13:38:50,PH-002,EMP-0041,Sale,transaction,TXN-0004415,CREATE,,Completed,,POS,True
AUD-00004416,2026-07-12 14:29:25,PH-003,EMP-0059,Sale,transaction,TXN-0004416,CREATE,,Completed,,POS,True
AUD-00004417,2026-07-19 13:01:37,PH-003,EMP-0060,Sale,transaction,TXN-0004417,CREATE,,Completed,,POS,True
AUD-00004418,2026-05-09 16:12:00,PH-002,EMP-0038,Sale,transaction,TXN-0004418,CREATE,,Completed,,POS,True
AUD-00004419,2026-05-11 15:04:31,PH-002,EMP-0037,Sale,transaction,TXN-0004419,CREATE,,Completed,,POS,True
AUD-00004420,2026-07-02 21:28:37,PH-002,EMP-0035,Sale,transaction,TXN-0004420,CREATE,,Completed,,POS,True
AUD-00004421,2026-07-23 14:15:19,PH-001,EMP-0014,Sale,transaction,TXN-0004421,CREATE,,Completed,,POS,True
AUD-00004422,2026-05-22 15:27:48,PH-004,EMP-0082,Sale,transaction,TXN-0004422,CREATE,,Completed,,POS,True
AUD-00004423,2026-07-07 08:26:00,PH-005,EMP-0101,Sale,transaction,TXN-0004423,CREATE,,Completed,,POS,True
AUD-00004424,2026-07-10 21:56:32,PH-003,EMP-0057,Sale,transaction,TXN-0004424,CREATE,,Completed,,POS,True
AUD-00004425,2026-06-22 15:18:53,PH-002,EMP-0023,Sale,transaction,TXN-0004425,CREATE,,Completed,,POS,True
AUD-00004426,2026-07-06 08:43:30,PH-001,EMP-0020,Sale,transaction,TXN-0004426,CREATE,,Completed,,POS,True
AUD-00004427,2026-07-26 17:56:09,PH-003,EMP-0046,Sale,transaction,TXN-0004427,CREATE,,Completed,,POS,True
AUD-00004428,2026-06-13 16:15:05,PH-002,EMP-0041,Sale,transaction,TXN-0004428,CREATE,,Completed,,POS,True
AUD-00004429,2026-05-23 17:17:00,PH-004,EMP-0067,Sale,transaction,TXN-0004429,CREATE,,Completed,,POS,True
AUD-00004430,2026-07-01 18:33:51,PH-005,EMP-0102,Sale,transaction,TXN-0004430,CREATE,,Completed,,POS,True
AUD-00004431,2026-06-06 17:44:04,PH-004,EMP-0081,Sale,transaction,TXN-0004431,CREATE,,Completed,,POS,True
AUD-00004432,2026-07-24 10:52:47,PH-005,EMP-0107,Sale,transaction,TXN-0004432,CREATE,,Completed,,POS,True
AUD-00004433,2026-07-28 10:42:29,PH-003,EMP-0057,Sale,transaction,TXN-0004433,CREATE,,Completed,,POS,True
AUD-00004434,2026-07-01 09:52:22,PH-001,EMP-0003,Sale,transaction,TXN-0004434,CREATE,,Completed,,POS,True
AUD-00004435,2026-06-17 12:30:20,PH-004,EMP-0083,Sale,transaction,TXN-0004435,CREATE,,Completed,,POS,True
AUD-00004436,2026-06-08 08:00:01,PH-001,EMP-0020,Sale,transaction,TXN-0004436,CREATE,,Completed,,POS,True
AUD-00004437,2026-06-06 20:01:37,PH-002,EMP-0038,Sale,transaction,TXN-0004437,CREATE,,Completed,,POS,True
AUD-00004438,2026-06-04 17:16:53,PH-005,EMP-0090,Sale,transaction,TXN-0004438,CREATE,,Completed,,POS,True
AUD-00004439,2026-07-06 20:07:06,PH-001,EMP-0006,Sale,transaction,TXN-0004439,CREATE,,Completed,,POS,True
AUD-00004440,2026-07-02 21:57:21,PH-001,EMP-0017,Sale,transaction,TXN-0004440,CREATE,,Completed,,POS,True
AUD-00004441,2026-06-04 17:58:35,PH-002,EMP-0024,Sale,transaction,TXN-0004441,CREATE,,Completed,,POS,True
AUD-00004442,2026-05-03 12:09:04,PH-002,EMP-0023,Sale,transaction,TXN-0004442,CREATE,,Completed,,POS,True
AUD-00004443,2026-05-16 13:49:58,PH-003,EMP-0063,Sale,transaction,TXN-0004443,CREATE,,Completed,,POS,True
AUD-00004444,2026-07-22 18:44:27,PH-002,EMP-0034,Sale,transaction,TXN-0004444,CREATE,,Completed,,POS,True
AUD-00004445,2026-06-26 15:16:44,PH-001,EMP-0002,Sale,transaction,TXN-0004445,CREATE,,Completed,,POS,True
AUD-00004446,2026-06-07 20:42:49,PH-004,EMP-0081,Sale,transaction,TXN-0004446,CREATE,,Completed,,POS,True
AUD-00004447,2026-07-02 19:27:33,PH-005,EMP-0102,Sale,transaction,TXN-0004447,CREATE,,Completed,,POS,True
AUD-00004448,2026-05-04 21:37:39,PH-005,EMP-0108,Sale,transaction,TXN-0004448,CREATE,,Completed,,POS,True
AUD-00004449,2026-06-28 10:32:42,PH-002,EMP-0036,Sale,transaction,TXN-0004449,CREATE,,Completed,,POS,True
AUD-00004450,2026-07-14 19:57:32,PH-003,EMP-0062,Sale,transaction,TXN-0004450,CREATE,,Completed,,POS,True
AUD-00004451,2026-06-26 11:10:35,PH-005,EMP-0106,Sale,transaction,TXN-0004451,CREATE,,Completed,,POS,True
AUD-00004452,2026-05-03 11:40:54,PH-001,EMP-0012,Sale,transaction,TXN-0004452,CREATE,,Completed,,POS,True
AUD-00004453,2026-05-01 18:33:12,PH-005,EMP-0101,Sale,transaction,TXN-0004453,CREATE,,Completed,,POS,True
AUD-00004454,2026-07-25 19:28:36,PH-004,EMP-0085,Sale,transaction,TXN-0004454,CREATE,,Completed,,POS,True
AUD-00004455,2026-07-07 13:26:47,PH-002,EMP-0025,Sale,transaction,TXN-0004455,CREATE,,Completed,,POS,True
AUD-00004456,2026-05-25 11:45:07,PH-005,EMP-0105,Sale,transaction,TXN-0004456,CREATE,,Completed,,POS,True
AUD-00004457,2026-06-19 18:31:41,PH-002,EMP-0023,Sale,transaction,TXN-0004457,CREATE,,Completed,,POS,True
AUD-00004458,2026-07-10 12:52:55,PH-005,EMP-0102,Sale,transaction,TXN-0004458,CREATE,,Completed,,POS,True
AUD-00004459,2026-07-16 10:20:51,PH-003,EMP-0061,Sale,transaction,TXN-0004459,CREATE,,Completed,,POS,True
AUD-00004460,2026-06-05 09:58:02,PH-001,EMP-0002,Sale,transaction,TXN-0004460,CREATE,,Completed,,POS,True
AUD-00004461,2026-06-01 13:57:29,PH-002,EMP-0034,Sale,transaction,TXN-0004461,CREATE,,Completed,,POS,True
AUD-00004462,2026-07-16 20:00:59,PH-002,EMP-0024,Sale,transaction,TXN-0004462,CREATE,,Completed,,POS,True
AUD-00004463,2026-06-01 14:04:31,PH-005,EMP-0089,Sale,transaction,TXN-0004463,CREATE,,Completed,,POS,True
AUD-00004464,2026-05-06 16:48:21,PH-002,EMP-0042,Sale,transaction,TXN-0004464,CREATE,,Completed,,POS,True
AUD-00004465,2026-05-01 16:06:28,PH-003,EMP-0060,Sale,transaction,TXN-0004465,CREATE,,Completed,,POS,True
AUD-00004466,2026-05-22 21:29:28,PH-002,EMP-0036,Sale,transaction,TXN-0004466,CREATE,,Completed,,POS,True
AUD-00004467,2026-05-15 08:37:09,PH-004,EMP-0083,Sale,transaction,TXN-0004467,CREATE,,Completed,,POS,True
AUD-00004468,2026-06-21 09:25:43,PH-003,EMP-0061,Sale,transaction,TXN-0004468,CREATE,,Completed,,POS,True
AUD-00004469,2026-05-01 18:05:33,PH-003,EMP-0064,Sale,transaction,TXN-0004469,CREATE,,Completed,,POS,True
AUD-00004470,2026-07-09 19:01:53,PH-004,EMP-0068,Sale,transaction,TXN-0004470,CREATE,,Completed,,POS,True
AUD-00004471,2026-07-14 12:40:03,PH-001,EMP-0016,Sale,transaction,TXN-0004471,CREATE,,Completed,,POS,True
AUD-00004472,2026-05-10 20:58:48,PH-003,EMP-0064,Sale,transaction,TXN-0004472,CREATE,,Completed,,POS,True
AUD-00004473,2026-06-10 09:21:25,PH-004,EMP-0067,Sale,transaction,TXN-0004473,CREATE,,Completed,,POS,True
AUD-00004474,2026-06-06 08:20:45,PH-005,EMP-0101,Sale,transaction,TXN-0004474,CREATE,,Completed,,POS,True
AUD-00004475,2026-07-19 12:53:39,PH-003,EMP-0063,Sale,transaction,TXN-0004475,CREATE,,Completed,,POS,True
AUD-00004476,2026-07-03 15:54:48,PH-002,EMP-0036,Sale,transaction,TXN-0004476,CREATE,,Completed,,POS,True
AUD-00004477,2026-05-06 10:08:53,PH-001,EMP-0013,Sale,transaction,TXN-0004477,CREATE,,Completed,,POS,True
AUD-00004478,2026-05-27 11:15:33,PH-002,EMP-0040,Sale,transaction,TXN-0004478,CREATE,,Completed,,POS,True
AUD-00004479,2026-06-23 15:43:10,PH-003,EMP-0063,Sale,transaction,TXN-0004479,CREATE,,Completed,,POS,True
AUD-00004480,2026-06-14 16:31:21,PH-002,EMP-0037,Sale,transaction,TXN-0004480,CREATE,,Completed,,POS,True
AUD-00004481,2026-07-05 15:30:52,PH-001,EMP-0016,Sale,transaction,TXN-0004481,CREATE,,Completed,,POS,True
AUD-00004482,2026-05-06 12:36:45,PH-002,EMP-0037,Sale,transaction,TXN-0004482,CREATE,,Completed,,POS,True
AUD-00004483,2026-05-11 08:49:45,PH-002,EMP-0039,Sale,transaction,TXN-0004483,CREATE,,Completed,,POS,True
AUD-00004484,2026-06-26 21:26:33,PH-004,EMP-0069,Sale,transaction,TXN-0004484,CREATE,,Completed,,POS,True
AUD-00004485,2026-07-22 14:31:11,PH-001,EMP-0016,Sale,transaction,TXN-0004485,CREATE,,Completed,,POS,True
AUD-00004486,2026-07-07 11:38:41,PH-003,EMP-0056,Sale,transaction,TXN-0004486,CREATE,,Completed,,POS,True
AUD-00004487,2026-06-22 18:57:21,PH-002,EMP-0041,Sale,transaction,TXN-0004487,CREATE,,Completed,,POS,True
AUD-00004488,2026-05-22 21:19:02,PH-004,EMP-0082,Sale,transaction,TXN-0004488,CREATE,,Completed,,POS,True
AUD-00004489,2026-06-11 14:47:36,PH-001,EMP-0006,Sale,transaction,TXN-0004489,CREATE,,Completed,,POS,True
AUD-00004490,2026-05-09 19:17:15,PH-002,EMP-0040,Sale,transaction,TXN-0004490,CREATE,,Completed,,POS,True
AUD-00004491,2026-07-19 17:05:01,PH-002,EMP-0042,Sale,transaction,TXN-0004491,CREATE,,Completed,,POS,True
AUD-00004492,2026-07-23 12:59:33,PH-001,EMP-0006,Sale,transaction,TXN-0004492,CREATE,,Completed,,POS,True
AUD-00004493,2026-07-31 14:09:54,PH-003,EMP-0058,Sale,transaction,TXN-0004493,CREATE,,Completed,,POS,True
AUD-00004494,2026-05-02 11:07:23,PH-003,EMP-0045,Sale,transaction,TXN-0004494,CREATE,,Completed,,POS,True
AUD-00004495,2026-06-26 13:32:05,PH-003,EMP-0063,Sale,transaction,TXN-0004495,CREATE,,Completed,,POS,True
AUD-00004496,2026-05-20 20:48:44,PH-001,EMP-0002,Sale,transaction,TXN-0004496,CREATE,,Completed,,POS,True
AUD-00004497,2026-05-21 08:48:05,PH-004,EMP-0067,Sale,transaction,TXN-0004497,CREATE,,Completed,,POS,True
AUD-00004498,2026-05-21 18:52:26,PH-003,EMP-0062,Sale,transaction,TXN-0004498,CREATE,,Completed,,POS,True
AUD-00004499,2026-07-06 20:16:58,PH-004,EMP-0078,Sale,transaction,TXN-0004499,CREATE,,Completed,,POS,True
AUD-00004500,2026-06-27 15:10:37,PH-002,EMP-0040,Sale,transaction,TXN-0004500,CREATE,,Completed,,POS,True
AUD-00004501,2026-06-13 13:03:14,PH-004,EMP-0083,Sale,transaction,TXN-0004501,CREATE,,Completed,,POS,True
AUD-00004502,2026-06-08 21:16:08,PH-001,EMP-0014,Sale,transaction,TXN-0004502,CREATE,,Completed,,POS,True
AUD-00004503,2026-06-24 09:43:50,PH-003,EMP-0061,Sale,transaction,TXN-0004503,CREATE,,Completed,,POS,True
AUD-00004504,2026-05-13 15:39:46,PH-001,EMP-0017,Sale,transaction,TXN-0004504,CREATE,,Completed,,POS,True
AUD-00004505,2026-06-08 10:39:29,PH-001,EMP-0002,Sale,transaction,TXN-0004505,CREATE,,Completed,,POS,True
AUD-00004506,2026-07-26 08:04:59,PH-005,EMP-0089,Sale,transaction,TXN-0004506,CREATE,,Completed,,POS,True
AUD-00004507,2026-07-21 16:15:30,PH-003,EMP-0046,Sale,transaction,TXN-0004507,CREATE,,Completed,,POS,True
AUD-00004508,2026-07-13 13:03:23,PH-003,EMP-0062,Sale,transaction,TXN-0004508,CREATE,,Completed,,POS,True
AUD-00004509,2026-07-18 15:55:19,PH-003,EMP-0047,Sale,transaction,TXN-0004509,CREATE,,Completed,,POS,True
AUD-00004510,2026-07-01 19:52:53,PH-001,EMP-0006,Sale,transaction,TXN-0004510,CREATE,,Completed,,POS,True
AUD-00004511,2026-06-21 17:11:54,PH-001,EMP-0013,Sale,transaction,TXN-0004511,CREATE,,Completed,,POS,True
AUD-00004512,2026-06-04 12:57:41,PH-003,EMP-0059,Sale,transaction,TXN-0004512,CREATE,,Completed,,POS,True
AUD-00004513,2026-06-03 09:42:26,PH-004,EMP-0083,Sale,transaction,TXN-0004513,CREATE,,Completed,,POS,True
AUD-00004514,2026-07-05 09:11:21,PH-003,EMP-0045,Sale,transaction,TXN-0004514,CREATE,,Completed,,POS,True
AUD-00004515,2026-05-06 19:11:56,PH-001,EMP-0017,Sale,transaction,TXN-0004515,CREATE,,Completed,,POS,True
AUD-00004516,2026-06-23 11:04:37,PH-001,EMP-0017,Sale,transaction,TXN-0004516,CREATE,,Completed,,POS,True
AUD-00004517,2026-05-02 10:38:55,PH-003,EMP-0063,Sale,transaction,TXN-0004517,CREATE,,Completed,,POS,True
AUD-00004518,2026-05-13 10:17:15,PH-001,EMP-0020,Sale,transaction,TXN-0004518,CREATE,,Completed,,POS,True
AUD-00004519,2026-07-19 14:06:23,PH-003,EMP-0058,Sale,transaction,TXN-0004519,CREATE,,Completed,,POS,True
AUD-00004520,2026-06-24 10:36:10,PH-005,EMP-0091,Sale,transaction,TXN-0004520,CREATE,,Completed,,POS,True
AUD-00004521,2026-06-19 18:51:42,PH-002,EMP-0024,Sale,transaction,TXN-0004521,CREATE,,Completed,,POS,True
AUD-00004522,2026-05-03 09:36:39,PH-003,EMP-0059,Sale,transaction,TXN-0004522,CREATE,,Completed,,POS,True
AUD-00004523,2026-06-28 16:45:06,PH-003,EMP-0062,Sale,transaction,TXN-0004523,CREATE,,Completed,,POS,True
AUD-00004524,2026-07-13 18:56:41,PH-001,EMP-0006,Sale,transaction,TXN-0004524,CREATE,,Completed,,POS,True
AUD-00004525,2026-07-05 13:54:14,PH-002,EMP-0024,Sale,transaction,TXN-0004525,CREATE,,Completed,,POS,True
AUD-00004526,2026-07-09 17:17:30,PH-002,EMP-0042,Sale,transaction,TXN-0004526,CREATE,,Completed,,POS,True
AUD-00004527,2026-06-28 18:35:19,PH-001,EMP-0019,Sale,transaction,TXN-0004527,CREATE,,Completed,,POS,True
AUD-00004528,2026-06-26 08:33:04,PH-001,EMP-0001,Sale,transaction,TXN-0004528,CREATE,,Completed,,POS,True
AUD-00004529,2026-07-24 19:31:12,PH-004,EMP-0080,Sale,transaction,TXN-0004529,CREATE,,Completed,,POS,True
AUD-00004530,2026-07-20 18:47:49,PH-004,EMP-0079,Sale,transaction,TXN-0004530,CREATE,,Completed,,POS,True
AUD-00004531,2026-07-07 14:30:49,PH-001,EMP-0012,Sale,transaction,TXN-0004531,CREATE,,Completed,,POS,True
AUD-00004532,2026-05-31 12:48:05,PH-004,EMP-0082,Sale,transaction,TXN-0004532,CREATE,,Completed,,POS,True
AUD-00004533,2026-05-01 17:58:46,PH-001,EMP-0014,Sale,transaction,TXN-0004533,CREATE,,Completed,,POS,True
AUD-00004534,2026-05-17 18:21:41,PH-003,EMP-0047,Sale,transaction,TXN-0004534,CREATE,,Completed,,POS,True
AUD-00004535,2026-05-26 15:39:23,PH-001,EMP-0015,Sale,transaction,TXN-0004535,CREATE,,Completed,,POS,True
AUD-00004536,2026-05-25 13:32:09,PH-001,EMP-0015,Sale,transaction,TXN-0004536,CREATE,,Completed,,POS,True
AUD-00004537,2026-06-12 18:52:54,PH-005,EMP-0100,Sale,transaction,TXN-0004537,CREATE,,Completed,,POS,True
AUD-00004538,2026-07-30 08:06:52,PH-002,EMP-0040,Sale,transaction,TXN-0004538,CREATE,,Completed,,POS,True
AUD-00004539,2026-07-08 12:24:52,PH-002,EMP-0038,Sale,transaction,TXN-0004539,CREATE,,Completed,,POS,True
AUD-00004540,2026-06-03 20:25:33,PH-004,EMP-0084,Sale,transaction,TXN-0004540,CREATE,,Completed,,POS,True
AUD-00004541,2026-07-03 14:56:00,PH-002,EMP-0040,Sale,transaction,TXN-0004541,CREATE,,Completed,,POS,True
AUD-00004542,2026-07-06 11:57:44,PH-003,EMP-0057,Sale,transaction,TXN-0004542,CREATE,,Completed,,POS,True
AUD-00004543,2026-06-06 19:36:15,PH-004,EMP-0067,Sale,transaction,TXN-0004543,CREATE,,Completed,,POS,True
AUD-00004544,2026-07-12 15:55:44,PH-001,EMP-0017,Sale,transaction,TXN-0004544,CREATE,,Completed,,POS,True
AUD-00004545,2026-05-06 20:29:19,PH-003,EMP-0064,Sale,transaction,TXN-0004545,CREATE,,Completed,,POS,True
AUD-00004546,2026-07-26 12:27:23,PH-001,EMP-0001,Sale,transaction,TXN-0004546,CREATE,,Completed,,POS,True
AUD-00004547,2026-07-12 12:24:12,PH-005,EMP-0106,Sale,transaction,TXN-0004547,CREATE,,Completed,,POS,True
AUD-00004548,2026-06-24 08:50:00,PH-004,EMP-0082,Sale,transaction,TXN-0004548,CREATE,,Completed,,POS,True
AUD-00004549,2026-06-13 11:49:05,PH-002,EMP-0042,Sale,transaction,TXN-0004549,CREATE,,Completed,,POS,True
AUD-00004550,2026-06-21 12:25:21,PH-005,EMP-0104,Sale,transaction,TXN-0004550,CREATE,,Completed,,POS,True
AUD-00004551,2026-07-13 15:15:29,PH-002,EMP-0034,Sale,transaction,TXN-0004551,CREATE,,Completed,,POS,True
AUD-00004552,2026-06-04 21:51:13,PH-001,EMP-0001,Sale,transaction,TXN-0004552,CREATE,,Completed,,POS,True
AUD-00004553,2026-06-22 21:52:01,PH-002,EMP-0039,Sale,transaction,TXN-0004553,CREATE,,Completed,,POS,True
AUD-00004554,2026-07-17 14:49:36,PH-005,EMP-0106,Sale,transaction,TXN-0004554,CREATE,,Completed,,POS,True
AUD-00004555,2026-05-04 09:30:21,PH-001,EMP-0015,Sale,transaction,TXN-0004555,CREATE,,Completed,,POS,True
AUD-00004556,2026-07-20 19:58:07,PH-005,EMP-0107,Sale,transaction,TXN-0004556,CREATE,,Completed,,POS,True
AUD-00004557,2026-05-16 11:00:20,PH-001,EMP-0015,Sale,transaction,TXN-0004557,CREATE,,Completed,,POS,True
AUD-00004558,2026-05-03 13:15:17,PH-004,EMP-0082,Sale,transaction,TXN-0004558,CREATE,,Completed,,POS,True
AUD-00004559,2026-06-11 13:37:52,PH-003,EMP-0062,Sale,transaction,TXN-0004559,CREATE,,Completed,,POS,True
AUD-00004560,2026-05-20 11:46:40,PH-001,EMP-0017,Sale,transaction,TXN-0004560,CREATE,,Completed,,POS,True
AUD-00004561,2026-07-17 11:29:58,PH-001,EMP-0014,Sale,transaction,TXN-0004561,CREATE,,Completed,,POS,True
AUD-00004562,2026-05-17 21:58:11,PH-002,EMP-0024,Sale,transaction,TXN-0004562,CREATE,,Completed,,POS,True
AUD-00004563,2026-05-20 12:14:23,PH-005,EMP-0090,Sale,transaction,TXN-0004563,CREATE,,Completed,,POS,True
AUD-00004564,2026-07-31 09:37:01,PH-002,EMP-0037,Sale,transaction,TXN-0004564,CREATE,,Completed,,POS,True
AUD-00004565,2026-06-21 10:38:05,PH-001,EMP-0013,Sale,transaction,TXN-0004565,CREATE,,Completed,,POS,True
AUD-00004566,2026-05-30 21:08:29,PH-002,EMP-0042,Sale,transaction,TXN-0004566,CREATE,,Completed,,POS,True
AUD-00004567,2026-06-24 08:11:26,PH-002,EMP-0024,Sale,transaction,TXN-0004567,CREATE,,Completed,,POS,True
AUD-00004568,2026-06-30 20:30:24,PH-001,EMP-0019,Sale,transaction,TXN-0004568,CREATE,,Completed,,POS,True
AUD-00004569,2026-07-03 08:41:50,PH-005,EMP-0103,Sale,transaction,TXN-0004569,CREATE,,Completed,,POS,True
AUD-00004570,2026-06-22 20:42:49,PH-001,EMP-0006,Sale,transaction,TXN-0004570,CREATE,,Completed,,POS,True
AUD-00004571,2026-07-03 12:47:00,PH-003,EMP-0046,Sale,transaction,TXN-0004571,CREATE,,Completed,,POS,True
AUD-00004572,2026-05-06 18:28:38,PH-001,EMP-0019,Sale,transaction,TXN-0004572,CREATE,,Completed,,POS,True
AUD-00004573,2026-07-28 11:30:31,PH-001,EMP-0016,Sale,transaction,TXN-0004573,CREATE,,Completed,,POS,True
AUD-00004574,2026-05-22 12:38:37,PH-002,EMP-0025,Sale,transaction,TXN-0004574,CREATE,,Completed,,POS,True
AUD-00004575,2026-06-10 19:33:29,PH-003,EMP-0059,Sale,transaction,TXN-0004575,CREATE,,Completed,,POS,True
AUD-00004576,2026-07-30 11:29:38,PH-002,EMP-0040,Sale,transaction,TXN-0004576,CREATE,,Completed,,POS,True
AUD-00004577,2026-07-20 11:59:39,PH-005,EMP-0102,Sale,transaction,TXN-0004577,CREATE,,Completed,,POS,True
AUD-00004578,2026-06-09 15:19:38,PH-004,EMP-0067,Sale,transaction,TXN-0004578,CREATE,,Completed,,POS,True
AUD-00004579,2026-05-27 12:09:10,PH-004,EMP-0086,Sale,transaction,TXN-0004579,CREATE,,Completed,,POS,True
AUD-00004580,2026-07-28 21:38:27,PH-002,EMP-0036,Sale,transaction,TXN-0004580,CREATE,,Completed,,POS,True
AUD-00004581,2026-07-27 12:23:54,PH-002,EMP-0034,Sale,transaction,TXN-0004581,CREATE,,Completed,,POS,True
AUD-00004582,2026-07-17 21:44:08,PH-004,EMP-0068,Sale,transaction,TXN-0004582,CREATE,,Completed,,POS,True
AUD-00004583,2026-07-04 20:30:29,PH-001,EMP-0019,Sale,transaction,TXN-0004583,CREATE,,Completed,,POS,True
AUD-00004584,2026-07-06 21:42:56,PH-005,EMP-0103,Sale,transaction,TXN-0004584,CREATE,,Completed,,POS,True
AUD-00004585,2026-05-25 14:52:49,PH-003,EMP-0061,Sale,transaction,TXN-0004585,CREATE,,Completed,,POS,True
AUD-00004586,2026-05-01 11:10:12,PH-002,EMP-0024,Sale,transaction,TXN-0004586,CREATE,,Completed,,POS,True
AUD-00004587,2026-05-25 15:40:39,PH-001,EMP-0018,Sale,transaction,TXN-0004587,CREATE,,Completed,,POS,True
AUD-00004588,2026-07-07 12:31:42,PH-001,EMP-0018,Sale,transaction,TXN-0004588,CREATE,,Completed,,POS,True
AUD-00004589,2026-07-26 21:57:12,PH-003,EMP-0056,Sale,transaction,TXN-0004589,CREATE,,Completed,,POS,True
AUD-00004590,2026-05-28 18:31:41,PH-003,EMP-0047,Sale,transaction,TXN-0004590,CREATE,,Completed,,POS,True
AUD-00004591,2026-05-17 09:09:26,PH-003,EMP-0057,Sale,transaction,TXN-0004591,CREATE,,Completed,,POS,True
AUD-00004592,2026-05-05 15:01:02,PH-005,EMP-0089,Sale,transaction,TXN-0004592,CREATE,,Completed,,POS,True
AUD-00004593,2026-05-21 13:36:44,PH-001,EMP-0006,Sale,transaction,TXN-0004593,CREATE,,Completed,,POS,True
AUD-00004594,2026-05-03 08:30:34,PH-003,EMP-0060,Sale,transaction,TXN-0004594,CREATE,,Completed,,POS,True
AUD-00004595,2026-06-02 13:44:30,PH-004,EMP-0079,Sale,transaction,TXN-0004595,CREATE,,Completed,,POS,True
AUD-00004596,2026-05-17 11:03:13,PH-005,EMP-0103,Sale,transaction,TXN-0004596,CREATE,,Completed,,POS,True
AUD-00004597,2026-07-19 19:19:58,PH-003,EMP-0060,Sale,transaction,TXN-0004597,CREATE,,Completed,,POS,True
AUD-00004598,2026-07-13 14:06:58,PH-004,EMP-0069,Sale,transaction,TXN-0004598,CREATE,,Completed,,POS,True
AUD-00004599,2026-07-11 20:13:33,PH-005,EMP-0107,Sale,transaction,TXN-0004599,CREATE,,Completed,,POS,True
AUD-00004600,2026-06-27 18:35:37,PH-004,EMP-0079,Sale,transaction,TXN-0004600,CREATE,,Completed,,POS,True
AUD-00004601,2026-06-12 11:47:11,PH-001,EMP-0012,Sale,transaction,TXN-0004601,CREATE,,Completed,,POS,True
AUD-00004602,2026-07-01 20:47:21,PH-001,EMP-0001,Sale,transaction,TXN-0004602,CREATE,,Completed,,POS,True
AUD-00004603,2026-06-14 10:32:09,PH-001,EMP-0020,Sale,transaction,TXN-0004603,CREATE,,Completed,,POS,True
AUD-00004604,2026-06-11 14:01:19,PH-004,EMP-0068,Sale,transaction,TXN-0004604,CREATE,,Completed,,POS,True
AUD-00004605,2026-07-10 09:50:08,PH-004,EMP-0084,Sale,transaction,TXN-0004605,CREATE,,Completed,,POS,True
AUD-00004606,2026-07-31 20:02:18,PH-003,EMP-0057,Sale,transaction,TXN-0004606,CREATE,,Completed,,POS,True
AUD-00004607,2026-05-22 08:15:49,PH-001,EMP-0015,Sale,transaction,TXN-0004607,CREATE,,Completed,,POS,True
AUD-00004608,2026-07-13 21:44:34,PH-001,EMP-0019,Sale,transaction,TXN-0004608,CREATE,,Completed,,POS,True
AUD-00004609,2026-06-23 21:39:07,PH-004,EMP-0085,Sale,transaction,TXN-0004609,CREATE,,Completed,,POS,True
AUD-00004610,2026-06-21 12:41:05,PH-001,EMP-0017,Sale,transaction,TXN-0004610,CREATE,,Completed,,POS,True
AUD-00004611,2026-05-17 11:49:57,PH-001,EMP-0013,Sale,transaction,TXN-0004611,CREATE,,Completed,,POS,True
AUD-00004612,2026-06-27 18:11:06,PH-002,EMP-0035,Sale,transaction,TXN-0004612,CREATE,,Completed,,POS,True
AUD-00004613,2026-06-18 11:50:25,PH-001,EMP-0006,Sale,transaction,TXN-0004613,CREATE,,Completed,,POS,True
AUD-00004614,2026-07-27 14:09:22,PH-004,EMP-0067,Sale,transaction,TXN-0004614,CREATE,,Completed,,POS,True
AUD-00004615,2026-07-31 21:05:22,PH-005,EMP-0108,Sale,transaction,TXN-0004615,CREATE,,Completed,,POS,True
AUD-00004616,2026-05-23 08:32:55,PH-002,EMP-0040,Sale,transaction,TXN-0004616,CREATE,,Completed,,POS,True
AUD-00004617,2026-05-19 09:57:17,PH-001,EMP-0019,Sale,transaction,TXN-0004617,CREATE,,Completed,,POS,True
AUD-00004618,2026-07-23 20:23:58,PH-001,EMP-0012,Sale,transaction,TXN-0004618,CREATE,,Completed,,POS,True
AUD-00004619,2026-07-17 21:33:06,PH-005,EMP-0106,Sale,transaction,TXN-0004619,CREATE,,Completed,,POS,True
AUD-00004620,2026-07-24 17:54:17,PH-001,EMP-0016,Sale,transaction,TXN-0004620,CREATE,,Completed,,POS,True
AUD-00004621,2026-05-10 11:05:52,PH-001,EMP-0018,Sale,transaction,TXN-0004621,CREATE,,Completed,,POS,True
AUD-00004622,2026-06-13 09:09:33,PH-004,EMP-0080,Sale,transaction,TXN-0004622,CREATE,,Completed,,POS,True
AUD-00004623,2026-07-18 14:07:33,PH-003,EMP-0045,Sale,transaction,TXN-0004623,CREATE,,Completed,,POS,True
AUD-00004624,2026-07-11 09:32:19,PH-005,EMP-0106,Sale,transaction,TXN-0004624,CREATE,,Completed,,POS,True
AUD-00004625,2026-07-11 15:58:13,PH-003,EMP-0045,Sale,transaction,TXN-0004625,CREATE,,Completed,,POS,True
AUD-00004626,2026-06-29 13:38:25,PH-004,EMP-0084,Sale,transaction,TXN-0004626,CREATE,,Completed,,POS,True
AUD-00004627,2026-07-12 11:22:54,PH-003,EMP-0062,Sale,transaction,TXN-0004627,CREATE,,Completed,,POS,True
AUD-00004628,2026-07-22 17:35:21,PH-001,EMP-0016,Sale,transaction,TXN-0004628,CREATE,,Completed,,POS,True
AUD-00004629,2026-05-07 09:59:46,PH-001,EMP-0012,Sale,transaction,TXN-0004629,CREATE,,Completed,,POS,True
AUD-00004630,2026-07-30 19:18:00,PH-002,EMP-0040,Sale,transaction,TXN-0004630,CREATE,,Completed,,POS,True
AUD-00004631,2026-05-21 11:01:21,PH-005,EMP-0105,Sale,transaction,TXN-0004631,CREATE,,Completed,,POS,True
AUD-00004632,2026-06-23 19:04:23,PH-003,EMP-0060,Sale,transaction,TXN-0004632,CREATE,,Completed,,POS,True
AUD-00004633,2026-07-06 12:54:32,PH-005,EMP-0104,Sale,transaction,TXN-0004633,CREATE,,Completed,,POS,True
AUD-00004634,2026-07-16 13:46:11,PH-005,EMP-0103,Sale,transaction,TXN-0004634,CREATE,,Completed,,POS,True
AUD-00004635,2026-06-28 15:21:07,PH-004,EMP-0083,Sale,transaction,TXN-0004635,CREATE,,Completed,,POS,True
AUD-00004636,2026-06-02 13:42:30,PH-001,EMP-0020,Sale,transaction,TXN-0004636,CREATE,,Completed,,POS,True
AUD-00004637,2026-05-19 08:15:21,PH-002,EMP-0037,Sale,transaction,TXN-0004637,CREATE,,Completed,,POS,True
AUD-00004638,2026-06-02 11:47:20,PH-003,EMP-0047,Sale,transaction,TXN-0004638,CREATE,,Completed,,POS,True
AUD-00004639,2026-07-25 15:34:23,PH-004,EMP-0078,Sale,transaction,TXN-0004639,CREATE,,Completed,,POS,True
AUD-00004640,2026-05-16 18:53:57,PH-002,EMP-0024,Sale,transaction,TXN-0004640,CREATE,,Completed,,POS,True
AUD-00004641,2026-07-09 14:58:41,PH-003,EMP-0061,Sale,transaction,TXN-0004641,CREATE,,Completed,,POS,True
AUD-00004642,2026-07-14 13:57:43,PH-005,EMP-0090,Sale,transaction,TXN-0004642,CREATE,,Completed,,POS,True
AUD-00004643,2026-05-27 08:25:54,PH-002,EMP-0024,Sale,transaction,TXN-0004643,CREATE,,Completed,,POS,True
AUD-00004644,2026-07-14 16:03:26,PH-005,EMP-0090,Sale,transaction,TXN-0004644,CREATE,,Completed,,POS,True
AUD-00004645,2026-07-28 14:23:37,PH-003,EMP-0059,Sale,transaction,TXN-0004645,CREATE,,Completed,,POS,True
AUD-00004646,2026-05-29 16:49:41,PH-003,EMP-0063,Sale,transaction,TXN-0004646,CREATE,,Completed,,POS,True
AUD-00004647,2026-05-11 14:19:18,PH-002,EMP-0042,Sale,transaction,TXN-0004647,CREATE,,Completed,,POS,True
AUD-00004648,2026-05-31 18:58:42,PH-003,EMP-0058,Sale,transaction,TXN-0004648,CREATE,,Completed,,POS,True
AUD-00004649,2026-06-04 08:39:58,PH-003,EMP-0061,Sale,transaction,TXN-0004649,CREATE,,Completed,,POS,True
AUD-00004650,2026-07-02 11:36:18,PH-005,EMP-0108,Sale,transaction,TXN-0004650,CREATE,,Completed,,POS,True
AUD-00004651,2026-05-19 12:42:21,PH-004,EMP-0069,Sale,transaction,TXN-0004651,CREATE,,Completed,,POS,True
AUD-00004652,2026-07-16 09:47:03,PH-003,EMP-0063,Sale,transaction,TXN-0004652,CREATE,,Completed,,POS,True
AUD-00004653,2026-07-31 15:53:47,PH-003,EMP-0063,Sale,transaction,TXN-0004653,CREATE,,Completed,,POS,True
AUD-00004654,2026-05-17 12:52:47,PH-003,EMP-0056,Sale,transaction,TXN-0004654,CREATE,,Completed,,POS,True
AUD-00004655,2026-05-24 11:23:19,PH-005,EMP-0089,Sale,transaction,TXN-0004655,CREATE,,Completed,,POS,True
AUD-00004656,2026-07-14 11:21:09,PH-003,EMP-0062,Sale,transaction,TXN-0004656,CREATE,,Completed,,POS,True
AUD-00004657,2026-07-30 20:25:39,PH-005,EMP-0089,Sale,transaction,TXN-0004657,CREATE,,Completed,,POS,True
AUD-00004658,2026-07-05 08:45:05,PH-001,EMP-0015,Sale,transaction,TXN-0004658,CREATE,,Completed,,POS,True
AUD-00004659,2026-06-21 18:42:26,PH-005,EMP-0103,Sale,transaction,TXN-0004659,CREATE,,Completed,,POS,True
AUD-00004660,2026-07-01 17:52:44,PH-002,EMP-0041,Sale,transaction,TXN-0004660,CREATE,,Completed,,POS,True
AUD-00004661,2026-06-29 15:55:19,PH-001,EMP-0003,Sale,transaction,TXN-0004661,CREATE,,Completed,,POS,True
AUD-00004662,2026-06-02 11:36:10,PH-002,EMP-0042,Sale,transaction,TXN-0004662,CREATE,,Completed,,POS,True
AUD-00004663,2026-07-27 11:00:26,PH-004,EMP-0086,Sale,transaction,TXN-0004663,CREATE,,Completed,,POS,True
AUD-00004664,2026-06-16 15:41:38,PH-002,EMP-0037,Sale,transaction,TXN-0004664,CREATE,,Completed,,POS,True
AUD-00004665,2026-07-06 19:18:19,PH-002,EMP-0041,Sale,transaction,TXN-0004665,CREATE,,Completed,,POS,True
AUD-00004666,2026-05-12 17:33:10,PH-003,EMP-0057,Sale,transaction,TXN-0004666,CREATE,,Completed,,POS,True
AUD-00004667,2026-06-30 13:34:09,PH-002,EMP-0039,Sale,transaction,TXN-0004667,CREATE,,Completed,,POS,True
AUD-00004668,2026-07-05 11:18:35,PH-003,EMP-0057,Sale,transaction,TXN-0004668,CREATE,,Completed,,POS,True
AUD-00004669,2026-06-10 19:21:49,PH-004,EMP-0068,Sale,transaction,TXN-0004669,CREATE,,Completed,,POS,True
AUD-00004670,2026-06-30 17:59:47,PH-002,EMP-0042,Sale,transaction,TXN-0004670,CREATE,,Completed,,POS,True
AUD-00004671,2026-06-04 14:25:08,PH-002,EMP-0025,Sale,transaction,TXN-0004671,CREATE,,Completed,,POS,True
AUD-00004672,2026-07-07 21:35:55,PH-005,EMP-0103,Sale,transaction,TXN-0004672,CREATE,,Completed,,POS,True
AUD-00004673,2026-07-25 21:59:30,PH-003,EMP-0059,Sale,transaction,TXN-0004673,CREATE,,Completed,,POS,True
AUD-00004674,2026-07-20 18:40:20,PH-005,EMP-0103,Sale,transaction,TXN-0004674,CREATE,,Completed,,POS,True
AUD-00004675,2026-07-09 21:29:22,PH-004,EMP-0082,Sale,transaction,TXN-0004675,CREATE,,Completed,,POS,True
AUD-00004676,2026-07-03 12:08:04,PH-003,EMP-0063,Sale,transaction,TXN-0004676,CREATE,,Completed,,POS,True
AUD-00004677,2026-07-12 08:02:32,PH-005,EMP-0102,Sale,transaction,TXN-0004677,CREATE,,Completed,,POS,True
AUD-00004678,2026-05-26 10:55:18,PH-002,EMP-0036,Sale,transaction,TXN-0004678,CREATE,,Completed,,POS,True
AUD-00004679,2026-07-24 16:10:03,PH-005,EMP-0089,Sale,transaction,TXN-0004679,CREATE,,Completed,,POS,True
AUD-00004680,2026-06-25 13:23:23,PH-002,EMP-0038,Sale,transaction,TXN-0004680,CREATE,,Completed,,POS,True
AUD-00004681,2026-07-08 21:19:56,PH-003,EMP-0056,Sale,transaction,TXN-0004681,CREATE,,Completed,,POS,True
AUD-00004682,2026-07-19 10:53:21,PH-003,EMP-0046,Sale,transaction,TXN-0004682,CREATE,,Completed,,POS,True
AUD-00004683,2026-07-25 09:46:34,PH-001,EMP-0001,Sale,transaction,TXN-0004683,CREATE,,Completed,,POS,True
AUD-00004684,2026-06-11 09:14:44,PH-003,EMP-0062,Sale,transaction,TXN-0004684,CREATE,,Completed,,POS,True
AUD-00004685,2026-05-24 09:48:29,PH-004,EMP-0081,Sale,transaction,TXN-0004685,CREATE,,Completed,,POS,True
AUD-00004686,2026-05-19 08:42:23,PH-003,EMP-0056,Sale,transaction,TXN-0004686,CREATE,,Completed,,POS,True
AUD-00004687,2026-06-20 08:52:57,PH-005,EMP-0089,Sale,transaction,TXN-0004687,CREATE,,Completed,,POS,True
AUD-00004688,2026-06-06 21:38:07,PH-002,EMP-0036,Sale,transaction,TXN-0004688,CREATE,,Completed,,POS,True
AUD-00004689,2026-07-02 12:59:53,PH-001,EMP-0002,Sale,transaction,TXN-0004689,CREATE,,Completed,,POS,True
AUD-00004690,2026-05-24 18:26:02,PH-003,EMP-0056,Sale,transaction,TXN-0004690,CREATE,,Completed,,POS,True
AUD-00004691,2026-07-28 15:02:06,PH-001,EMP-0006,Sale,transaction,TXN-0004691,CREATE,,Completed,,POS,True
AUD-00004692,2026-05-30 20:47:28,PH-004,EMP-0084,Sale,transaction,TXN-0004692,CREATE,,Completed,,POS,True
AUD-00004693,2026-05-31 11:49:17,PH-004,EMP-0083,Sale,transaction,TXN-0004693,CREATE,,Completed,,POS,True
AUD-00004694,2026-06-10 08:14:34,PH-005,EMP-0102,Sale,transaction,TXN-0004694,CREATE,,Completed,,POS,True
AUD-00004695,2026-06-21 11:39:05,PH-004,EMP-0086,Sale,transaction,TXN-0004695,CREATE,,Completed,,POS,True
AUD-00004696,2026-07-22 15:27:35,PH-005,EMP-0107,Sale,transaction,TXN-0004696,CREATE,,Completed,,POS,True
AUD-00004697,2026-07-29 16:17:51,PH-003,EMP-0057,Sale,transaction,TXN-0004697,CREATE,,Completed,,POS,True
AUD-00004698,2026-05-28 15:39:56,PH-002,EMP-0038,Sale,transaction,TXN-0004698,CREATE,,Completed,,POS,True
AUD-00004699,2026-06-24 18:04:00,PH-002,EMP-0035,Sale,transaction,TXN-0004699,CREATE,,Completed,,POS,True
AUD-00004700,2026-07-06 19:10:16,PH-002,EMP-0041,Sale,transaction,TXN-0004700,CREATE,,Completed,,POS,True
AUD-00004701,2026-06-17 18:30:22,PH-004,EMP-0067,Sale,transaction,TXN-0004701,CREATE,,Completed,,POS,True
AUD-00004702,2026-05-26 10:38:33,PH-002,EMP-0039,Sale,transaction,TXN-0004702,CREATE,,Completed,,POS,True
AUD-00004703,2026-07-13 21:10:25,PH-003,EMP-0059,Sale,transaction,TXN-0004703,CREATE,,Completed,,POS,True
AUD-00004704,2026-06-12 17:25:50,PH-003,EMP-0063,Sale,transaction,TXN-0004704,CREATE,,Completed,,POS,True
AUD-00004705,2026-06-21 09:59:42,PH-002,EMP-0041,Sale,transaction,TXN-0004705,CREATE,,Completed,,POS,True
AUD-00004706,2026-07-07 11:40:34,PH-004,EMP-0086,Sale,transaction,TXN-0004706,CREATE,,Completed,,POS,True
AUD-00004707,2026-07-12 11:10:36,PH-005,EMP-0102,Sale,transaction,TXN-0004707,CREATE,,Completed,,POS,True
AUD-00004708,2026-05-16 13:09:46,PH-003,EMP-0061,Sale,transaction,TXN-0004708,CREATE,,Completed,,POS,True
AUD-00004709,2026-07-11 13:14:55,PH-003,EMP-0056,Sale,transaction,TXN-0004709,CREATE,,Completed,,POS,True
AUD-00004710,2026-05-13 11:33:07,PH-002,EMP-0025,Sale,transaction,TXN-0004710,CREATE,,Completed,,POS,True
AUD-00004711,2026-05-16 14:25:11,PH-001,EMP-0018,Sale,transaction,TXN-0004711,CREATE,,Completed,,POS,True
AUD-00004712,2026-07-31 14:23:19,PH-001,EMP-0018,Sale,transaction,TXN-0004712,CREATE,,Completed,,POS,True
AUD-00004713,2026-05-03 21:40:50,PH-001,EMP-0018,Sale,transaction,TXN-0004713,CREATE,,Completed,,POS,True
AUD-00004714,2026-05-27 17:55:24,PH-004,EMP-0083,Sale,transaction,TXN-0004714,CREATE,,Completed,,POS,True
AUD-00004715,2026-07-21 13:38:15,PH-004,EMP-0086,Sale,transaction,TXN-0004715,CREATE,,Completed,,POS,True
AUD-00004716,2026-07-04 19:52:42,PH-005,EMP-0106,Sale,transaction,TXN-0004716,CREATE,,Completed,,POS,True
AUD-00004717,2026-06-01 14:12:58,PH-004,EMP-0086,Sale,transaction,TXN-0004717,CREATE,,Completed,,POS,True
AUD-00004718,2026-06-16 17:55:57,PH-003,EMP-0061,Sale,transaction,TXN-0004718,CREATE,,Completed,,POS,True
AUD-00004719,2026-06-17 11:55:25,PH-004,EMP-0083,Sale,transaction,TXN-0004719,CREATE,,Completed,,POS,True
AUD-00004720,2026-05-14 08:33:31,PH-004,EMP-0069,Sale,transaction,TXN-0004720,CREATE,,Completed,,POS,True
AUD-00004721,2026-06-13 08:59:09,PH-003,EMP-0045,Sale,transaction,TXN-0004721,CREATE,,Completed,,POS,True
AUD-00004722,2026-06-30 14:42:52,PH-005,EMP-0105,Sale,transaction,TXN-0004722,CREATE,,Completed,,POS,True
AUD-00004723,2026-05-07 08:14:22,PH-005,EMP-0103,Sale,transaction,TXN-0004723,CREATE,,Completed,,POS,True
AUD-00004724,2026-05-26 08:42:17,PH-002,EMP-0038,Sale,transaction,TXN-0004724,CREATE,,Completed,,POS,True
AUD-00004725,2026-05-12 18:28:55,PH-004,EMP-0084,Sale,transaction,TXN-0004725,CREATE,,Completed,,POS,True
AUD-00004726,2026-07-30 14:53:50,PH-004,EMP-0084,Sale,transaction,TXN-0004726,CREATE,,Completed,,POS,True
AUD-00004727,2026-05-21 12:05:43,PH-005,EMP-0103,Sale,transaction,TXN-0004727,CREATE,,Completed,,POS,True
AUD-00004728,2026-05-20 21:41:53,PH-005,EMP-0090,Sale,transaction,TXN-0004728,CREATE,,Completed,,POS,True
AUD-00004729,2026-05-26 12:34:29,PH-003,EMP-0046,Sale,transaction,TXN-0004729,CREATE,,Completed,,POS,True
AUD-00004730,2026-06-20 08:51:44,PH-004,EMP-0067,Sale,transaction,TXN-0004730,CREATE,,Completed,,POS,True
AUD-00004731,2026-07-02 17:19:53,PH-002,EMP-0035,Sale,transaction,TXN-0004731,CREATE,,Completed,,POS,True
AUD-00004732,2026-05-14 08:59:46,PH-001,EMP-0019,Sale,transaction,TXN-0004732,CREATE,,Completed,,POS,True
AUD-00004733,2026-06-05 14:22:20,PH-001,EMP-0018,Sale,transaction,TXN-0004733,CREATE,,Completed,,POS,True
AUD-00004734,2026-06-27 21:57:47,PH-003,EMP-0063,Sale,transaction,TXN-0004734,CREATE,,Completed,,POS,True
AUD-00004735,2026-06-18 21:15:58,PH-001,EMP-0006,Sale,transaction,TXN-0004735,CREATE,,Completed,,POS,True
AUD-00004736,2026-07-01 19:55:48,PH-002,EMP-0023,Sale,transaction,TXN-0004736,CREATE,,Completed,,POS,True
AUD-00004737,2026-06-15 10:26:57,PH-001,EMP-0012,Sale,transaction,TXN-0004737,CREATE,,Completed,,POS,True
AUD-00004738,2026-07-04 18:41:12,PH-001,EMP-0006,Sale,transaction,TXN-0004738,CREATE,,Completed,,POS,True
AUD-00004739,2026-07-05 09:13:02,PH-002,EMP-0023,Sale,transaction,TXN-0004739,CREATE,,Completed,,POS,True
AUD-00004740,2026-06-06 19:06:38,PH-003,EMP-0045,Sale,transaction,TXN-0004740,CREATE,,Completed,,POS,True
AUD-00004741,2026-07-24 20:52:14,PH-005,EMP-0108,Sale,transaction,TXN-0004741,CREATE,,Completed,,POS,True
AUD-00004742,2026-05-22 15:41:01,PH-001,EMP-0006,Sale,transaction,TXN-0004742,CREATE,,Completed,,POS,True
AUD-00004743,2026-07-10 14:36:10,PH-002,EMP-0042,Sale,transaction,TXN-0004743,CREATE,,Completed,,POS,True
AUD-00004744,2026-06-06 16:07:43,PH-001,EMP-0018,Sale,transaction,TXN-0004744,CREATE,,Completed,,POS,True
AUD-00004745,2026-05-14 10:35:29,PH-004,EMP-0067,Sale,transaction,TXN-0004745,CREATE,,Completed,,POS,True
AUD-00004746,2026-06-05 18:19:38,PH-002,EMP-0038,Sale,transaction,TXN-0004746,CREATE,,Completed,,POS,True
AUD-00004747,2026-07-10 12:29:53,PH-003,EMP-0060,Sale,transaction,TXN-0004747,CREATE,,Completed,,POS,True
AUD-00004748,2026-05-03 21:41:06,PH-004,EMP-0080,Sale,transaction,TXN-0004748,CREATE,,Completed,,POS,True
AUD-00004749,2026-05-01 12:49:34,PH-002,EMP-0023,Sale,transaction,TXN-0004749,CREATE,,Completed,,POS,True
AUD-00004750,2026-05-08 09:08:16,PH-001,EMP-0020,Sale,transaction,TXN-0004750,CREATE,,Completed,,POS,True
AUD-00004751,2026-07-10 18:24:05,PH-003,EMP-0057,Sale,transaction,TXN-0004751,CREATE,,Completed,,POS,True
AUD-00004752,2026-07-18 11:01:07,PH-005,EMP-0090,Sale,transaction,TXN-0004752,CREATE,,Completed,,POS,True
AUD-00004753,2026-06-02 10:54:17,PH-004,EMP-0078,Sale,transaction,TXN-0004753,CREATE,,Completed,,POS,True
AUD-00004754,2026-06-13 10:27:14,PH-002,EMP-0023,Sale,transaction,TXN-0004754,CREATE,,Completed,,POS,True
AUD-00004755,2026-05-14 21:39:37,PH-001,EMP-0016,Sale,transaction,TXN-0004755,CREATE,,Completed,,POS,True
AUD-00004756,2026-06-26 12:36:50,PH-004,EMP-0078,Sale,transaction,TXN-0004756,CREATE,,Completed,,POS,True
AUD-00004757,2026-05-29 15:27:29,PH-001,EMP-0019,Sale,transaction,TXN-0004757,CREATE,,Completed,,POS,True
AUD-00004758,2026-06-25 11:45:21,PH-004,EMP-0078,Sale,transaction,TXN-0004758,CREATE,,Completed,,POS,True
AUD-00004759,2026-05-04 11:25:50,PH-001,EMP-0016,Sale,transaction,TXN-0004759,CREATE,,Completed,,POS,True
AUD-00004760,2026-06-19 11:52:44,PH-002,EMP-0040,Sale,transaction,TXN-0004760,CREATE,,Completed,,POS,True
AUD-00004761,2026-06-28 15:06:47,PH-001,EMP-0019,Sale,transaction,TXN-0004761,CREATE,,Completed,,POS,True
AUD-00004762,2026-07-11 10:21:07,PH-002,EMP-0035,Sale,transaction,TXN-0004762,CREATE,,Completed,,POS,True
AUD-00004763,2026-06-10 18:54:13,PH-001,EMP-0002,Sale,transaction,TXN-0004763,CREATE,,Completed,,POS,True
AUD-00004764,2026-07-26 17:59:29,PH-001,EMP-0002,Sale,transaction,TXN-0004764,CREATE,,Completed,,POS,True
AUD-00004765,2026-07-16 19:18:50,PH-003,EMP-0063,Sale,transaction,TXN-0004765,CREATE,,Completed,,POS,True
AUD-00004766,2026-05-17 08:07:04,PH-003,EMP-0062,Sale,transaction,TXN-0004766,CREATE,,Completed,,POS,True
AUD-00004767,2026-07-02 15:25:36,PH-002,EMP-0035,Sale,transaction,TXN-0004767,CREATE,,Completed,,POS,True
AUD-00004768,2026-05-31 15:26:50,PH-001,EMP-0020,Sale,transaction,TXN-0004768,CREATE,,Completed,,POS,True
AUD-00004769,2026-06-05 08:30:36,PH-003,EMP-0063,Sale,transaction,TXN-0004769,CREATE,,Completed,,POS,True
AUD-00004770,2026-07-17 08:45:49,PH-004,EMP-0085,Sale,transaction,TXN-0004770,CREATE,,Completed,,POS,True
AUD-00004771,2026-05-17 12:25:18,PH-005,EMP-0108,Sale,transaction,TXN-0004771,CREATE,,Completed,,POS,True
AUD-00004772,2026-05-05 13:55:33,PH-005,EMP-0091,Sale,transaction,TXN-0004772,CREATE,,Completed,,POS,True
AUD-00004773,2026-06-03 20:08:50,PH-001,EMP-0019,Sale,transaction,TXN-0004773,CREATE,,Completed,,POS,True
AUD-00004774,2026-06-10 12:11:17,PH-004,EMP-0084,Sale,transaction,TXN-0004774,CREATE,,Completed,,POS,True
AUD-00004775,2026-05-27 20:30:58,PH-004,EMP-0067,Sale,transaction,TXN-0004775,CREATE,,Completed,,POS,True
AUD-00004776,2026-05-25 09:01:35,PH-002,EMP-0025,Sale,transaction,TXN-0004776,CREATE,,Completed,,POS,True
AUD-00004777,2026-05-11 18:28:23,PH-002,EMP-0024,Sale,transaction,TXN-0004777,CREATE,,Completed,,POS,True
AUD-00004778,2026-07-31 15:45:45,PH-005,EMP-0103,Sale,transaction,TXN-0004778,CREATE,,Completed,,POS,True
AUD-00004779,2026-06-30 15:50:20,PH-004,EMP-0078,Sale,transaction,TXN-0004779,CREATE,,Completed,,POS,True
AUD-00004780,2026-07-28 16:58:07,PH-003,EMP-0047,Sale,transaction,TXN-0004780,CREATE,,Completed,,POS,True
AUD-00004781,2026-05-14 11:14:44,PH-001,EMP-0013,Sale,transaction,TXN-0004781,CREATE,,Completed,,POS,True
AUD-00004782,2026-07-29 12:05:51,PH-005,EMP-0100,Sale,transaction,TXN-0004782,CREATE,,Completed,,POS,True
AUD-00004783,2026-06-14 08:14:59,PH-002,EMP-0025,Sale,transaction,TXN-0004783,CREATE,,Completed,,POS,True
AUD-00004784,2026-06-12 10:03:07,PH-001,EMP-0003,Sale,transaction,TXN-0004784,CREATE,,Completed,,POS,True
AUD-00004785,2026-07-26 11:57:57,PH-001,EMP-0002,Sale,transaction,TXN-0004785,CREATE,,Completed,,POS,True
AUD-00004786,2026-05-29 08:13:33,PH-001,EMP-0017,Sale,transaction,TXN-0004786,CREATE,,Completed,,POS,True
AUD-00004787,2026-07-04 19:38:30,PH-003,EMP-0057,Sale,transaction,TXN-0004787,CREATE,,Completed,,POS,True
AUD-00004788,2026-07-25 12:35:01,PH-001,EMP-0019,Sale,transaction,TXN-0004788,CREATE,,Completed,,POS,True
AUD-00004789,2026-05-03 21:29:03,PH-003,EMP-0062,Sale,transaction,TXN-0004789,CREATE,,Completed,,POS,True
AUD-00004790,2026-05-02 20:56:20,PH-001,EMP-0002,Sale,transaction,TXN-0004790,CREATE,,Completed,,POS,True
AUD-00004791,2026-06-17 20:02:04,PH-005,EMP-0108,Sale,transaction,TXN-0004791,CREATE,,Completed,,POS,True
AUD-00004792,2026-07-07 09:56:41,PH-002,EMP-0035,Sale,transaction,TXN-0004792,CREATE,,Completed,,POS,True
AUD-00004793,2026-07-25 10:07:26,PH-001,EMP-0018,Sale,transaction,TXN-0004793,CREATE,,Completed,,POS,True
AUD-00004794,2026-05-11 15:28:49,PH-003,EMP-0061,Sale,transaction,TXN-0004794,CREATE,,Completed,,POS,True
AUD-00004795,2026-07-25 10:13:49,PH-001,EMP-0018,Sale,transaction,TXN-0004795,CREATE,,Completed,,POS,True
AUD-00004796,2026-07-24 17:43:35,PH-002,EMP-0034,Sale,transaction,TXN-0004796,CREATE,,Completed,,POS,True
AUD-00004797,2026-05-19 14:14:04,PH-004,EMP-0079,Sale,transaction,TXN-0004797,CREATE,,Completed,,POS,True
AUD-00004798,2026-05-13 17:11:39,PH-005,EMP-0090,Sale,transaction,TXN-0004798,CREATE,,Completed,,POS,True
AUD-00004799,2026-05-26 13:22:01,PH-003,EMP-0061,Sale,transaction,TXN-0004799,CREATE,,Completed,,POS,True
AUD-00004800,2026-05-07 17:01:25,PH-002,EMP-0025,Sale,transaction,TXN-0004800,CREATE,,Completed,,POS,True
AUD-00004801,2026-06-17 10:37:10,PH-001,EMP-0006,Sale,transaction,TXN-0004801,CREATE,,Completed,,POS,True
AUD-00004802,2026-07-18 13:46:04,PH-001,EMP-0019,Sale,transaction,TXN-0004802,CREATE,,Completed,,POS,True
AUD-00004803,2026-07-09 10:06:06,PH-002,EMP-0036,Sale,transaction,TXN-0004803,CREATE,,Completed,,POS,True
AUD-00004804,2026-06-11 12:55:08,PH-001,EMP-0014,Sale,transaction,TXN-0004804,CREATE,,Completed,,POS,True
AUD-00004805,2026-05-04 18:12:39,PH-003,EMP-0047,Sale,transaction,TXN-0004805,CREATE,,Completed,,POS,True
AUD-00004806,2026-07-10 08:25:42,PH-005,EMP-0106,Sale,transaction,TXN-0004806,CREATE,,Completed,,POS,True
AUD-00004807,2026-07-30 09:35:31,PH-004,EMP-0079,Sale,transaction,TXN-0004807,CREATE,,Completed,,POS,True
AUD-00004808,2026-05-14 20:21:36,PH-005,EMP-0108,Sale,transaction,TXN-0004808,CREATE,,Completed,,POS,True
AUD-00004809,2026-05-20 18:20:06,PH-005,EMP-0104,Sale,transaction,TXN-0004809,CREATE,,Completed,,POS,True
AUD-00004810,2026-05-06 09:45:03,PH-002,EMP-0036,Sale,transaction,TXN-0004810,CREATE,,Completed,,POS,True
AUD-00004811,2026-07-08 16:16:17,PH-003,EMP-0058,Sale,transaction,TXN-0004811,CREATE,,Completed,,POS,True
AUD-00004812,2026-06-10 16:46:27,PH-001,EMP-0013,Sale,transaction,TXN-0004812,CREATE,,Completed,,POS,True
AUD-00004813,2026-07-01 13:10:59,PH-003,EMP-0059,Sale,transaction,TXN-0004813,CREATE,,Completed,,POS,True
AUD-00004814,2026-05-09 14:15:17,PH-002,EMP-0023,Sale,transaction,TXN-0004814,CREATE,,Completed,,POS,True
AUD-00004815,2026-07-14 14:33:56,PH-004,EMP-0086,Sale,transaction,TXN-0004815,CREATE,,Completed,,POS,True
AUD-00004816,2026-05-23 12:17:40,PH-004,EMP-0068,Sale,transaction,TXN-0004816,CREATE,,Completed,,POS,True
AUD-00004817,2026-07-07 14:06:06,PH-003,EMP-0047,Sale,transaction,TXN-0004817,CREATE,,Completed,,POS,True
AUD-00004818,2026-05-11 15:39:42,PH-004,EMP-0085,Sale,transaction,TXN-0004818,CREATE,,Completed,,POS,True
AUD-00004819,2026-07-06 21:47:21,PH-003,EMP-0046,Sale,transaction,TXN-0004819,CREATE,,Completed,,POS,True
AUD-00004820,2026-06-26 21:35:09,PH-004,EMP-0080,Sale,transaction,TXN-0004820,CREATE,,Completed,,POS,True
AUD-00004821,2026-06-27 16:25:14,PH-004,EMP-0083,Sale,transaction,TXN-0004821,CREATE,,Completed,,POS,True
AUD-00004822,2026-06-01 20:37:11,PH-003,EMP-0058,Sale,transaction,TXN-0004822,CREATE,,Completed,,POS,True
AUD-00004823,2026-07-02 20:16:17,PH-005,EMP-0102,Sale,transaction,TXN-0004823,CREATE,,Completed,,POS,True
AUD-00004824,2026-07-04 13:07:25,PH-002,EMP-0037,Sale,transaction,TXN-0004824,CREATE,,Completed,,POS,True
AUD-00004825,2026-06-05 20:04:50,PH-005,EMP-0089,Sale,transaction,TXN-0004825,CREATE,,Completed,,POS,True
AUD-00004826,2026-06-03 09:45:39,PH-001,EMP-0017,Sale,transaction,TXN-0004826,CREATE,,Completed,,POS,True
AUD-00004827,2026-06-29 16:27:39,PH-001,EMP-0017,Sale,transaction,TXN-0004827,CREATE,,Completed,,POS,True
AUD-00004828,2026-07-03 15:11:00,PH-002,EMP-0040,Sale,transaction,TXN-0004828,CREATE,,Completed,,POS,True
AUD-00004829,2026-07-25 10:54:13,PH-001,EMP-0015,Sale,transaction,TXN-0004829,CREATE,,Completed,,POS,True
AUD-00004830,2026-06-22 16:39:22,PH-002,EMP-0035,Sale,transaction,TXN-0004830,CREATE,,Completed,,POS,True
AUD-00004831,2026-05-31 10:54:53,PH-001,EMP-0002,Sale,transaction,TXN-0004831,CREATE,,Completed,,POS,True
AUD-00004832,2026-06-23 20:11:14,PH-002,EMP-0038,Sale,transaction,TXN-0004832,CREATE,,Completed,,POS,True
AUD-00004833,2026-07-14 19:22:01,PH-004,EMP-0078,Sale,transaction,TXN-0004833,CREATE,,Completed,,POS,True
AUD-00004834,2026-07-26 11:08:55,PH-004,EMP-0067,Sale,transaction,TXN-0004834,CREATE,,Completed,,POS,True
AUD-00004835,2026-05-17 18:47:08,PH-004,EMP-0067,Sale,transaction,TXN-0004835,CREATE,,Completed,,POS,True
AUD-00004836,2026-05-17 09:44:40,PH-003,EMP-0061,Sale,transaction,TXN-0004836,CREATE,,Completed,,POS,True
AUD-00004837,2026-05-25 11:58:55,PH-005,EMP-0107,Sale,transaction,TXN-0004837,CREATE,,Completed,,POS,True
AUD-00004838,2026-07-30 10:38:40,PH-005,EMP-0101,Sale,transaction,TXN-0004838,CREATE,,Completed,,POS,True
AUD-00004839,2026-05-18 08:57:06,PH-005,EMP-0108,Sale,transaction,TXN-0004839,CREATE,,Completed,,POS,True
AUD-00004840,2026-05-20 09:03:54,PH-005,EMP-0108,Sale,transaction,TXN-0004840,CREATE,,Completed,,POS,True
AUD-00004841,2026-07-27 16:43:15,PH-003,EMP-0045,Sale,transaction,TXN-0004841,CREATE,,Completed,,POS,True
AUD-00004842,2026-05-27 12:57:45,PH-001,EMP-0017,Sale,transaction,TXN-0004842,CREATE,,Completed,,POS,True
AUD-00004843,2026-07-27 08:04:01,PH-002,EMP-0025,Sale,transaction,TXN-0004843,CREATE,,Completed,,POS,True
AUD-00004844,2026-06-16 20:41:03,PH-005,EMP-0089,Sale,transaction,TXN-0004844,CREATE,,Completed,,POS,True
AUD-00004845,2026-05-19 10:12:18,PH-004,EMP-0068,Sale,transaction,TXN-0004845,CREATE,,Completed,,POS,True
AUD-00004846,2026-05-11 16:35:31,PH-005,EMP-0107,Sale,transaction,TXN-0004846,CREATE,,Completed,,POS,True
AUD-00004847,2026-07-15 20:00:27,PH-003,EMP-0063,Sale,transaction,TXN-0004847,CREATE,,Completed,,POS,True
AUD-00004848,2026-07-28 10:40:10,PH-003,EMP-0056,Sale,transaction,TXN-0004848,CREATE,,Completed,,POS,True
AUD-00004849,2026-06-09 21:59:39,PH-001,EMP-0012,Sale,transaction,TXN-0004849,CREATE,,Completed,,POS,True
AUD-00004850,2026-05-05 12:42:06,PH-004,EMP-0084,Sale,transaction,TXN-0004850,CREATE,,Completed,,POS,True
AUD-00004851,2026-07-04 15:54:24,PH-003,EMP-0056,Sale,transaction,TXN-0004851,CREATE,,Completed,,POS,True
AUD-00004852,2026-05-04 16:17:00,PH-001,EMP-0006,Sale,transaction,TXN-0004852,CREATE,,Completed,,POS,True
AUD-00004853,2026-07-22 20:02:34,PH-005,EMP-0101,Sale,transaction,TXN-0004853,CREATE,,Completed,,POS,True
AUD-00004854,2026-06-05 08:26:20,PH-003,EMP-0045,Sale,transaction,TXN-0004854,CREATE,,Completed,,POS,True
AUD-00004855,2026-05-24 09:53:38,PH-004,EMP-0084,Sale,transaction,TXN-0004855,CREATE,,Completed,,POS,True
AUD-00004856,2026-05-21 18:34:51,PH-005,EMP-0106,Sale,transaction,TXN-0004856,CREATE,,Completed,,POS,True
AUD-00004857,2026-05-05 11:52:17,PH-004,EMP-0078,Sale,transaction,TXN-0004857,CREATE,,Completed,,POS,True
AUD-00004858,2026-05-01 09:23:17,PH-003,EMP-0046,Sale,transaction,TXN-0004858,CREATE,,Completed,,POS,True
AUD-00004859,2026-07-07 12:19:26,PH-005,EMP-0105,Sale,transaction,TXN-0004859,CREATE,,Completed,,POS,True
AUD-00004860,2026-05-24 08:15:16,PH-003,EMP-0064,Sale,transaction,TXN-0004860,CREATE,,Completed,,POS,True
AUD-00004861,2026-07-22 13:45:21,PH-005,EMP-0101,Sale,transaction,TXN-0004861,CREATE,,Completed,,POS,True
AUD-00004862,2026-06-06 19:53:38,PH-003,EMP-0045,Sale,transaction,TXN-0004862,CREATE,,Completed,,POS,True
AUD-00004863,2026-06-14 20:42:04,PH-005,EMP-0090,Sale,transaction,TXN-0004863,CREATE,,Completed,,POS,True
AUD-00004864,2026-06-13 15:58:05,PH-002,EMP-0025,Sale,transaction,TXN-0004864,CREATE,,Completed,,POS,True
AUD-00004865,2026-06-29 13:56:23,PH-003,EMP-0061,Sale,transaction,TXN-0004865,CREATE,,Completed,,POS,True
AUD-00004866,2026-06-13 17:31:07,PH-001,EMP-0002,Sale,transaction,TXN-0004866,CREATE,,Completed,,POS,True
AUD-00004867,2026-06-27 18:20:45,PH-003,EMP-0046,Sale,transaction,TXN-0004867,CREATE,,Completed,,POS,True
AUD-00004868,2026-07-03 15:25:00,PH-005,EMP-0107,Sale,transaction,TXN-0004868,CREATE,,Completed,,POS,True
AUD-00004869,2026-07-08 17:40:27,PH-003,EMP-0061,Sale,transaction,TXN-0004869,CREATE,,Completed,,POS,True
AUD-00004870,2026-06-13 09:06:08,PH-004,EMP-0067,Sale,transaction,TXN-0004870,CREATE,,Completed,,POS,True
AUD-00004871,2026-07-30 16:03:15,PH-005,EMP-0104,Sale,transaction,TXN-0004871,CREATE,,Completed,,POS,True
AUD-00004872,2026-06-14 09:53:27,PH-005,EMP-0108,Sale,transaction,TXN-0004872,CREATE,,Completed,,POS,True
AUD-00004873,2026-07-28 16:57:47,PH-004,EMP-0081,Sale,transaction,TXN-0004873,CREATE,,Completed,,POS,True
AUD-00004874,2026-05-12 17:54:12,PH-001,EMP-0001,Sale,transaction,TXN-0004874,CREATE,,Completed,,POS,True
AUD-00004875,2026-07-04 21:42:59,PH-005,EMP-0106,Sale,transaction,TXN-0004875,CREATE,,Completed,,POS,True
AUD-00004876,2026-07-26 14:23:55,PH-001,EMP-0018,Sale,transaction,TXN-0004876,CREATE,,Completed,,POS,True
AUD-00004877,2026-06-13 15:08:34,PH-002,EMP-0037,Sale,transaction,TXN-0004877,CREATE,,Completed,,POS,True
AUD-00004878,2026-05-28 19:12:35,PH-001,EMP-0018,Sale,transaction,TXN-0004878,CREATE,,Completed,,POS,True
AUD-00004879,2026-07-19 14:52:24,PH-001,EMP-0012,Sale,transaction,TXN-0004879,CREATE,,Completed,,POS,True
AUD-00004880,2026-07-03 16:38:22,PH-005,EMP-0102,Sale,transaction,TXN-0004880,CREATE,,Completed,,POS,True
AUD-00004881,2026-05-19 13:03:44,PH-004,EMP-0069,Sale,transaction,TXN-0004881,CREATE,,Completed,,POS,True
AUD-00004882,2026-06-07 10:22:59,PH-002,EMP-0037,Sale,transaction,TXN-0004882,CREATE,,Completed,,POS,True
AUD-00004883,2026-05-16 14:48:44,PH-001,EMP-0020,Sale,transaction,TXN-0004883,CREATE,,Completed,,POS,True
AUD-00004884,2026-05-26 19:54:40,PH-001,EMP-0003,Sale,transaction,TXN-0004884,CREATE,,Completed,,POS,True
AUD-00004885,2026-06-26 10:11:26,PH-003,EMP-0061,Sale,transaction,TXN-0004885,CREATE,,Completed,,POS,True
AUD-00004886,2026-07-20 16:13:37,PH-005,EMP-0090,Sale,transaction,TXN-0004886,CREATE,,Completed,,POS,True
AUD-00004887,2026-07-01 09:24:35,PH-004,EMP-0078,Sale,transaction,TXN-0004887,CREATE,,Completed,,POS,True
AUD-00004888,2026-05-08 21:50:24,PH-004,EMP-0067,Sale,transaction,TXN-0004888,CREATE,,Completed,,POS,True
AUD-00004889,2026-07-15 21:37:27,PH-004,EMP-0068,Sale,transaction,TXN-0004889,CREATE,,Completed,,POS,True
AUD-00004890,2026-07-18 15:44:16,PH-001,EMP-0017,Sale,transaction,TXN-0004890,CREATE,,Completed,,POS,True
AUD-00004891,2026-05-18 17:53:16,PH-005,EMP-0108,Sale,transaction,TXN-0004891,CREATE,,Completed,,POS,True
AUD-00004892,2026-05-16 21:18:02,PH-003,EMP-0062,Sale,transaction,TXN-0004892,CREATE,,Completed,,POS,True
AUD-00004893,2026-05-02 17:48:23,PH-003,EMP-0046,Sale,transaction,TXN-0004893,CREATE,,Completed,,POS,True
AUD-00004894,2026-06-26 10:48:18,PH-004,EMP-0083,Sale,transaction,TXN-0004894,CREATE,,Completed,,POS,True
AUD-00004895,2026-07-24 17:47:21,PH-004,EMP-0083,Sale,transaction,TXN-0004895,CREATE,,Completed,,POS,True
AUD-00004896,2026-05-03 20:55:58,PH-001,EMP-0020,Sale,transaction,TXN-0004896,CREATE,,Completed,,POS,True
AUD-00004897,2026-06-17 13:15:41,PH-002,EMP-0039,Sale,transaction,TXN-0004897,CREATE,,Completed,,POS,True
AUD-00004898,2026-05-20 10:33:59,PH-003,EMP-0058,Sale,transaction,TXN-0004898,CREATE,,Completed,,POS,True
AUD-00004899,2026-05-03 09:26:29,PH-005,EMP-0106,Sale,transaction,TXN-0004899,CREATE,,Completed,,POS,True
AUD-00004900,2026-06-20 11:02:00,PH-003,EMP-0057,Sale,transaction,TXN-0004900,CREATE,,Completed,,POS,True
AUD-00004901,2026-05-22 20:27:10,PH-004,EMP-0083,Sale,transaction,TXN-0004901,CREATE,,Completed,,POS,True
AUD-00004902,2026-07-22 09:10:40,PH-005,EMP-0104,Sale,transaction,TXN-0004902,CREATE,,Completed,,POS,True
AUD-00004903,2026-07-14 19:55:03,PH-005,EMP-0103,Sale,transaction,TXN-0004903,CREATE,,Completed,,POS,True
AUD-00004904,2026-05-23 14:53:13,PH-002,EMP-0038,Sale,transaction,TXN-0004904,CREATE,,Completed,,POS,True
AUD-00004905,2026-05-13 09:20:19,PH-001,EMP-0003,Sale,transaction,TXN-0004905,CREATE,,Completed,,POS,True
AUD-00004906,2026-06-04 13:28:20,PH-004,EMP-0069,Sale,transaction,TXN-0004906,CREATE,,Completed,,POS,True
AUD-00004907,2026-07-13 09:48:38,PH-002,EMP-0040,Sale,transaction,TXN-0004907,CREATE,,Completed,,POS,True
AUD-00004908,2026-06-17 13:54:18,PH-003,EMP-0063,Sale,transaction,TXN-0004908,CREATE,,Completed,,POS,True
AUD-00004909,2026-05-17 18:16:56,PH-001,EMP-0002,Sale,transaction,TXN-0004909,CREATE,,Completed,,POS,True
AUD-00004910,2026-06-28 12:33:57,PH-002,EMP-0042,Sale,transaction,TXN-0004910,CREATE,,Completed,,POS,True
AUD-00004911,2026-05-06 16:21:02,PH-002,EMP-0034,Sale,transaction,TXN-0004911,CREATE,,Completed,,POS,True
AUD-00004912,2026-07-24 16:51:39,PH-001,EMP-0020,Sale,transaction,TXN-0004912,CREATE,,Completed,,POS,True
AUD-00004913,2026-06-12 09:20:42,PH-002,EMP-0036,Sale,transaction,TXN-0004913,CREATE,,Completed,,POS,True
AUD-00004914,2026-06-18 09:35:19,PH-004,EMP-0086,Sale,transaction,TXN-0004914,CREATE,,Completed,,POS,True
AUD-00004915,2026-06-29 21:05:51,PH-005,EMP-0089,Sale,transaction,TXN-0004915,CREATE,,Completed,,POS,True
AUD-00004916,2026-06-08 15:10:14,PH-002,EMP-0038,Sale,transaction,TXN-0004916,CREATE,,Completed,,POS,True
AUD-00004917,2026-05-01 08:03:36,PH-004,EMP-0084,Sale,transaction,TXN-0004917,CREATE,,Completed,,POS,True
AUD-00004918,2026-06-26 09:08:42,PH-004,EMP-0080,Sale,transaction,TXN-0004918,CREATE,,Completed,,POS,True
AUD-00004919,2026-06-25 13:46:29,PH-005,EMP-0090,Sale,transaction,TXN-0004919,CREATE,,Completed,,POS,True
AUD-00004920,2026-05-06 10:47:41,PH-004,EMP-0082,Sale,transaction,TXN-0004920,CREATE,,Completed,,POS,True
AUD-00004921,2026-05-16 20:49:57,PH-004,EMP-0081,Sale,transaction,TXN-0004921,CREATE,,Completed,,POS,True
AUD-00004922,2026-05-25 14:24:32,PH-004,EMP-0079,Sale,transaction,TXN-0004922,CREATE,,Completed,,POS,True
AUD-00004923,2026-07-09 16:52:22,PH-001,EMP-0001,Sale,transaction,TXN-0004923,CREATE,,Completed,,POS,True
AUD-00004924,2026-05-27 20:02:14,PH-003,EMP-0058,Sale,transaction,TXN-0004924,CREATE,,Completed,,POS,True
AUD-00004925,2026-06-27 11:10:44,PH-004,EMP-0068,Sale,transaction,TXN-0004925,CREATE,,Completed,,POS,True
AUD-00004926,2026-06-29 15:03:58,PH-002,EMP-0025,Sale,transaction,TXN-0004926,CREATE,,Completed,,POS,True
AUD-00004927,2026-07-19 13:13:05,PH-001,EMP-0012,Sale,transaction,TXN-0004927,CREATE,,Completed,,POS,True
AUD-00004928,2026-07-07 21:03:15,PH-005,EMP-0105,Sale,transaction,TXN-0004928,CREATE,,Completed,,POS,True
AUD-00004929,2026-06-19 21:26:07,PH-004,EMP-0085,Sale,transaction,TXN-0004929,CREATE,,Completed,,POS,True
AUD-00004930,2026-06-06 14:52:56,PH-003,EMP-0047,Sale,transaction,TXN-0004930,CREATE,,Completed,,POS,True
AUD-00004931,2026-07-26 11:04:16,PH-002,EMP-0023,Sale,transaction,TXN-0004931,CREATE,,Completed,,POS,True
AUD-00004932,2026-06-09 18:03:21,PH-002,EMP-0038,Sale,transaction,TXN-0004932,CREATE,,Completed,,POS,True
AUD-00004933,2026-05-24 10:02:22,PH-003,EMP-0062,Sale,transaction,TXN-0004933,CREATE,,Completed,,POS,True
AUD-00004934,2026-07-30 20:46:40,PH-002,EMP-0024,Sale,transaction,TXN-0004934,CREATE,,Completed,,POS,True
AUD-00004935,2026-05-21 18:11:18,PH-002,EMP-0023,Sale,transaction,TXN-0004935,CREATE,,Completed,,POS,True
AUD-00004936,2026-07-11 09:40:54,PH-004,EMP-0067,Sale,transaction,TXN-0004936,CREATE,,Completed,,POS,True
AUD-00004937,2026-06-18 20:55:50,PH-004,EMP-0069,Sale,transaction,TXN-0004937,CREATE,,Completed,,POS,True
AUD-00004938,2026-06-06 15:19:52,PH-001,EMP-0006,Sale,transaction,TXN-0004938,CREATE,,Completed,,POS,True
AUD-00004939,2026-06-11 19:23:11,PH-005,EMP-0107,Sale,transaction,TXN-0004939,CREATE,,Completed,,POS,True
AUD-00004940,2026-06-09 19:55:16,PH-001,EMP-0003,Sale,transaction,TXN-0004940,CREATE,,Completed,,POS,True
AUD-00004941,2026-06-27 19:26:46,PH-001,EMP-0016,Sale,transaction,TXN-0004941,CREATE,,Completed,,POS,True
AUD-00004942,2026-05-10 09:57:21,PH-005,EMP-0108,Sale,transaction,TXN-0004942,CREATE,,Completed,,POS,True
AUD-00004943,2026-07-30 12:34:22,PH-005,EMP-0089,Sale,transaction,TXN-0004943,CREATE,,Completed,,POS,True
AUD-00004944,2026-05-26 14:54:31,PH-001,EMP-0014,Sale,transaction,TXN-0004944,CREATE,,Completed,,POS,True
AUD-00004945,2026-07-08 08:22:07,PH-005,EMP-0090,Sale,transaction,TXN-0004945,CREATE,,Completed,,POS,True
AUD-00004946,2026-06-15 10:59:58,PH-004,EMP-0084,Sale,transaction,TXN-0004946,CREATE,,Completed,,POS,True
AUD-00004947,2026-07-23 12:08:47,PH-003,EMP-0062,Sale,transaction,TXN-0004947,CREATE,,Completed,,POS,True
AUD-00004948,2026-05-11 18:44:07,PH-001,EMP-0003,Sale,transaction,TXN-0004948,CREATE,,Completed,,POS,True
AUD-00004949,2026-07-10 18:06:55,PH-002,EMP-0040,Sale,transaction,TXN-0004949,CREATE,,Completed,,POS,True
AUD-00004950,2026-07-16 18:49:52,PH-002,EMP-0035,Sale,transaction,TXN-0004950,CREATE,,Completed,,POS,True
AUD-00004951,2026-06-30 09:41:52,PH-003,EMP-0057,Sale,transaction,TXN-0004951,CREATE,,Completed,,POS,True
AUD-00004952,2026-07-25 15:47:38,PH-001,EMP-0020,Sale,transaction,TXN-0004952,CREATE,,Completed,,POS,True
AUD-00004953,2026-05-20 11:12:54,PH-004,EMP-0085,Sale,transaction,TXN-0004953,CREATE,,Completed,,POS,True
AUD-00004954,2026-06-08 11:36:38,PH-005,EMP-0106,Sale,transaction,TXN-0004954,CREATE,,Completed,,POS,True
AUD-00004955,2026-05-24 14:14:53,PH-005,EMP-0091,Sale,transaction,TXN-0004955,CREATE,,Completed,,POS,True
AUD-00004956,2026-05-20 10:16:29,PH-002,EMP-0024,Sale,transaction,TXN-0004956,CREATE,,Completed,,POS,True
AUD-00004957,2026-05-11 16:06:32,PH-001,EMP-0016,Sale,transaction,TXN-0004957,CREATE,,Completed,,POS,True
AUD-00004958,2026-07-22 13:57:23,PH-004,EMP-0084,Sale,transaction,TXN-0004958,CREATE,,Completed,,POS,True
AUD-00004959,2026-07-29 20:25:25,PH-001,EMP-0001,Sale,transaction,TXN-0004959,CREATE,,Completed,,POS,True
AUD-00004960,2026-07-15 13:03:45,PH-004,EMP-0069,Sale,transaction,TXN-0004960,CREATE,,Completed,,POS,True
AUD-00004961,2026-06-21 20:21:18,PH-005,EMP-0091,Sale,transaction,TXN-0004961,CREATE,,Completed,,POS,True
AUD-00004962,2026-05-19 09:19:13,PH-003,EMP-0064,Sale,transaction,TXN-0004962,CREATE,,Completed,,POS,True
AUD-00004963,2026-06-06 15:16:51,PH-002,EMP-0023,Sale,transaction,TXN-0004963,CREATE,,Completed,,POS,True
AUD-00004964,2026-06-02 15:22:04,PH-003,EMP-0063,Sale,transaction,TXN-0004964,CREATE,,Completed,,POS,True
AUD-00004965,2026-05-17 11:01:21,PH-005,EMP-0089,Sale,transaction,TXN-0004965,CREATE,,Completed,,POS,True
AUD-00004966,2026-06-18 13:40:37,PH-002,EMP-0040,Sale,transaction,TXN-0004966,CREATE,,Completed,,POS,True
AUD-00004967,2026-06-14 09:03:22,PH-002,EMP-0042,Sale,transaction,TXN-0004967,CREATE,,Completed,,POS,True
AUD-00004968,2026-05-17 17:27:44,PH-004,EMP-0085,Sale,transaction,TXN-0004968,CREATE,,Completed,,POS,True
AUD-00004969,2026-06-22 09:50:57,PH-002,EMP-0037,Sale,transaction,TXN-0004969,CREATE,,Completed,,POS,True
AUD-00004970,2026-06-02 08:14:25,PH-003,EMP-0046,Sale,transaction,TXN-0004970,CREATE,,Completed,,POS,True
AUD-00004971,2026-06-17 09:58:11,PH-004,EMP-0068,Sale,transaction,TXN-0004971,CREATE,,Completed,,POS,True
AUD-00004972,2026-07-18 09:35:47,PH-004,EMP-0085,Sale,transaction,TXN-0004972,CREATE,,Completed,,POS,True
AUD-00004973,2026-07-05 17:54:37,PH-005,EMP-0104,Sale,transaction,TXN-0004973,CREATE,,Completed,,POS,True
AUD-00004974,2026-07-28 10:11:22,PH-001,EMP-0020,Sale,transaction,TXN-0004974,CREATE,,Completed,,POS,True
AUD-00004975,2026-07-01 17:22:40,PH-001,EMP-0002,Sale,transaction,TXN-0004975,CREATE,,Completed,,POS,True
AUD-00004976,2026-05-08 21:35:51,PH-002,EMP-0039,Sale,transaction,TXN-0004976,CREATE,,Completed,,POS,True
AUD-00004977,2026-06-12 19:44:27,PH-003,EMP-0046,Sale,transaction,TXN-0004977,CREATE,,Completed,,POS,True
AUD-00004978,2026-06-05 20:09:16,PH-003,EMP-0045,Sale,transaction,TXN-0004978,CREATE,,Completed,,POS,True
AUD-00004979,2026-06-05 18:10:02,PH-005,EMP-0100,Sale,transaction,TXN-0004979,CREATE,,Completed,,POS,True
AUD-00004980,2026-06-16 15:09:56,PH-005,EMP-0089,Sale,transaction,TXN-0004980,CREATE,,Completed,,POS,True
AUD-00004981,2026-07-09 16:08:11,PH-002,EMP-0039,Sale,transaction,TXN-0004981,CREATE,,Completed,,POS,True
AUD-00004982,2026-07-09 20:52:44,PH-001,EMP-0006,Sale,transaction,TXN-0004982,CREATE,,Completed,,POS,True
AUD-00004983,2026-07-12 11:08:49,PH-003,EMP-0061,Sale,transaction,TXN-0004983,CREATE,,Completed,,POS,True
AUD-00004984,2026-07-20 10:12:55,PH-003,EMP-0061,Sale,transaction,TXN-0004984,CREATE,,Completed,,POS,True
AUD-00004985,2026-06-29 18:24:04,PH-001,EMP-0003,Sale,transaction,TXN-0004985,CREATE,,Completed,,POS,True
AUD-00004986,2026-07-06 19:07:38,PH-004,EMP-0068,Sale,transaction,TXN-0004986,CREATE,,Completed,,POS,True
AUD-00004987,2026-07-20 19:24:48,PH-003,EMP-0047,Sale,transaction,TXN-0004987,CREATE,,Completed,,POS,True
AUD-00004988,2026-06-04 18:44:51,PH-003,EMP-0062,Sale,transaction,TXN-0004988,CREATE,,Completed,,POS,True
AUD-00004989,2026-05-18 11:23:58,PH-003,EMP-0045,Sale,transaction,TXN-0004989,CREATE,,Completed,,POS,True
AUD-00004990,2026-06-23 16:09:44,PH-002,EMP-0024,Sale,transaction,TXN-0004990,CREATE,,Completed,,POS,True
AUD-00004991,2026-07-17 08:54:17,PH-001,EMP-0015,Sale,transaction,TXN-0004991,CREATE,,Completed,,POS,True
AUD-00004992,2026-05-27 18:38:17,PH-002,EMP-0025,Sale,transaction,TXN-0004992,CREATE,,Completed,,POS,True
AUD-00004993,2026-06-21 14:47:59,PH-004,EMP-0069,Sale,transaction,TXN-0004993,CREATE,,Completed,,POS,True
AUD-00004994,2026-05-18 20:50:24,PH-004,EMP-0086,Sale,transaction,TXN-0004994,CREATE,,Completed,,POS,True
AUD-00004995,2026-07-24 12:23:54,PH-001,EMP-0012,Sale,transaction,TXN-0004995,CREATE,,Completed,,POS,True
AUD-00004996,2026-05-17 09:26:52,PH-005,EMP-0091,Sale,transaction,TXN-0004996,CREATE,,Completed,,POS,True
AUD-00004997,2026-06-14 10:55:08,PH-002,EMP-0041,Sale,transaction,TXN-0004997,CREATE,,Completed,,POS,True
AUD-00004998,2026-07-11 08:53:10,PH-001,EMP-0013,Sale,transaction,TXN-0004998,CREATE,,Completed,,POS,True
AUD-00004999,2026-07-03 18:33:31,PH-001,EMP-0018,Sale,transaction,TXN-0004999,CREATE,,Completed,,POS,True
AUD-00005000,2026-05-31 13:17:08,PH-002,EMP-0039,Sale,transaction,TXN-0005000,CREATE,,Completed,,POS,True
AUD-00005001,2026-07-26 20:26:00,PH-001,EMP-0006,Refund,refund,REF-000001,CREATE,,234.72,EMP-0001,POS,True
AUD-00005002,2026-07-13 14:25:00,PH-001,EMP-0006,Refund,refund,REF-000002,CREATE,,51.78,EMP-0001,POS,True
AUD-00005003,2026-07-04 20:25:00,PH-001,EMP-0006,Refund,refund,REF-000003,CREATE,,40.93,EMP-0013,POS,True
AUD-00005004,2026-07-15 14:42:00,PH-001,EMP-0006,Refund,refund,REF-000004,CREATE,,32.98,EMP-0001,POS,True
AUD-00005005,2026-07-19 13:47:00,PH-001,EMP-0006,Refund,refund,REF-000005,CREATE,,58.26,EMP-0012,POS,True
AUD-00005006,2026-07-02 13:15:00,PH-001,EMP-0006,Refund,refund,REF-000006,CREATE,,4.02,EMP-0003,POS,True
AUD-00005007,2026-07-25 21:13:00,PH-001,EMP-0006,Refund,refund,REF-000007,CREATE,,14.49,EMP-0003,POS,True
AUD-00005008,2026-07-03 12:12:00,PH-001,EMP-0006,Refund,refund,REF-000008,CREATE,,34.08,EMP-0003,POS,True
AUD-00005009,2026-07-31 21:02:00,PH-001,EMP-0006,Refund,refund,REF-000009,CREATE,,66.64,EMP-0002,POS,True
AUD-00005010,2026-07-04 12:45:00,PH-001,EMP-0006,Refund,refund,REF-000010,CREATE,,2.36,EMP-0001,POS,True
AUD-00005011,2026-07-04 21:48:00,PH-001,EMP-0006,Refund,refund,REF-000011,CREATE,,59.96,EMP-0003,POS,True
AUD-00005012,2026-07-31 13:56:00,PH-001,EMP-0006,Refund,refund,REF-000012,CREATE,,5.51,EMP-0001,POS,True
AUD-00005013,2026-07-03 14:58:00,PH-001,EMP-0006,Refund,refund,REF-000013,CREATE,,5.6,EMP-0003,POS,True
AUD-00005014,2026-07-16 14:46:00,PH-001,EMP-0006,Refund,refund,REF-000014,CREATE,,2.75,EMP-0012,POS,True
AUD-00005015,2026-07-28 12:06:00,PH-001,EMP-0006,Refund,refund,REF-000015,CREATE,,45.01,EMP-0003,POS,True
AUD-00005016,2026-07-29 12:22:00,PH-001,EMP-0006,Refund,refund,REF-000016,CREATE,,48.66,EMP-0002,POS,True
AUD-00005017,2026-07-12 20:21:00,PH-001,EMP-0006,Refund,refund,REF-000017,CREATE,,269.9,EMP-0012,POS,True
AUD-00005018,2026-07-29 21:30:00,PH-001,EMP-0006,Refund,refund,REF-000018,CREATE,,16.77,EMP-0012,POS,True
AUD-00005019,2026-07-29 13:09:00,PH-001,EMP-0006,Refund,refund,REF-000019,CREATE,,4.4,EMP-0001,POS,True
AUD-00005020,2026-07-12 21:05:00,PH-001,EMP-0006,Refund,refund,REF-000020,CREATE,,6.71,EMP-0001,POS,True
AUD-00005021,2026-07-11 12:50:00,PH-001,EMP-0006,Refund,refund,REF-000021,CREATE,,37.47,EMP-0002,POS,True
AUD-00005022,2026-07-18 14:30:00,PH-001,EMP-0006,Refund,refund,REF-000022,CREATE,,69.98,EMP-0002,POS,True
AUD-00005023,2026-07-20 14:19:00,PH-001,EMP-0006,Refund,refund,REF-000023,CREATE,,266.76,EMP-0002,POS,True
AUD-00005024,2026-07-28 20:49:00,PH-001,EMP-0006,Refund,refund,REF-000024,CREATE,,60.2,EMP-0012,POS,True
AUD-00005025,2026-07-23 12:08:00,PH-001,EMP-0006,Refund,refund,REF-000025,CREATE,,51.2,EMP-0013,POS,True
AUD-00005026,2026-07-11 20:50:00,PH-001,EMP-0006,Refund,refund,REF-000026,CREATE,,168.0,EMP-0012,POS,True
AUD-00005027,2026-07-15 20:54:00,PH-001,EMP-0006,Refund,refund,REF-000027,CREATE,,79.35,EMP-0003,POS,True
AUD-00005028,2026-07-29 20:16:00,PH-001,EMP-0006,Refund,refund,REF-000028,CREATE,,34.01,EMP-0002,POS,True
AUD-00005029,2026-07-06 21:02:00,PH-001,EMP-0006,Refund,refund,REF-000029,CREATE,,33.7,EMP-0001,POS,True
AUD-00005030,2026-07-09 12:19:00,PH-001,EMP-0006,Refund,refund,REF-000030,CREATE,,55.19,EMP-0003,POS,True
AUD-00005031,2026-07-03 13:39:00,PH-001,EMP-0006,Refund,refund,REF-000031,CREATE,,47.09,EMP-0012,POS,True
AUD-00005032,2026-07-09 20:38:00,PH-001,EMP-0006,Refund,refund,REF-000032,CREATE,,51.17,EMP-0002,POS,True
AUD-00005033,2026-07-29 20:21:00,PH-001,EMP-0006,Refund,refund,REF-000033,CREATE,,51.58,EMP-0013,POS,True
AUD-00005034,2026-07-11 12:41:00,PH-001,EMP-0006,Refund,refund,REF-000034,CREATE,,24.33,EMP-0003,POS,True
AUD-00005035,2026-07-18 21:05:00,PH-001,EMP-0006,Refund,refund,REF-000035,CREATE,,56.04,EMP-0001,POS,True
AUD-00005036,2026-07-29 20:08:00,PH-001,EMP-0006,Refund,refund,REF-000036,CREATE,,86.12,EMP-0003,POS,True
AUD-00005037,2026-07-02 12:21:00,PH-001,EMP-0006,Refund,refund,REF-000037,CREATE,,211.87,EMP-0003,POS,True
AUD-00005038,2026-07-07 20:53:00,PH-001,EMP-0006,Refund,refund,REF-000038,CREATE,,42.61,EMP-0003,POS,True
AUD-00005039,2026-07-08 21:57:00,PH-001,EMP-0006,Refund,refund,REF-000039,CREATE,,50.91,EMP-0001,POS,True
AUD-00005040,2026-07-06 21:41:00,PH-001,EMP-0006,Refund,refund,REF-000040,CREATE,,68.02,EMP-0012,POS,True
AUD-00005041,2026-07-17 21:08:00,PH-001,EMP-0006,Refund,refund,REF-000041,CREATE,,2.92,EMP-0003,POS,True
AUD-00005042,2026-07-01 13:53:00,PH-001,EMP-0006,Refund,refund,REF-000042,CREATE,,66.76,EMP-0001,POS,True
AUD-00005043,2026-07-21 14:20:00,PH-001,EMP-0006,Refund,refund,REF-000043,CREATE,,192.68,EMP-0012,POS,True
AUD-00005044,2026-07-04 14:29:00,PH-001,EMP-0006,Refund,refund,REF-000044,CREATE,,13.24,EMP-0001,POS,True
AUD-00005045,2026-07-27 12:46:00,PH-001,EMP-0006,Refund,refund,REF-000045,CREATE,,61.54,EMP-0001,POS,True
AUD-00005046,2026-07-21 21:50:00,PH-001,EMP-0006,Refund,refund,REF-000046,CREATE,,7.59,EMP-0013,POS,True
AUD-00005047,2026-07-05 12:46:00,PH-001,EMP-0006,Refund,refund,REF-000047,CREATE,,145.37,EMP-0013,POS,True
AUD-00005048,2026-07-28 21:47:00,PH-001,EMP-0006,Refund,refund,REF-000048,CREATE,,5.12,EMP-0003,POS,True
AUD-00005049,2026-07-08 14:16:00,PH-001,EMP-0006,Refund,refund,REF-000049,CREATE,,30.73,EMP-0003,POS,True
AUD-00005050,2026-07-23 12:08:00,PH-001,EMP-0006,Refund,refund,REF-000050,CREATE,,75.83,EMP-0013,POS,True
AUD-00005051,2026-07-02 12:43:00,PH-001,EMP-0006,Refund,refund,REF-000051,CREATE,,61.35,EMP-0002,POS,True
AUD-00005052,2026-07-23 20:05:00,PH-001,EMP-0006,Refund,refund,REF-000052,CREATE,,73.95,EMP-0003,POS,True
AUD-00005053,2026-07-16 20:01:00,PH-001,EMP-0006,Refund,refund,REF-000053,CREATE,,34.76,EMP-0012,POS,True
AUD-00005054,2026-07-17 20:32:00,PH-001,EMP-0006,Refund,refund,REF-000054,CREATE,,63.8,EMP-0013,POS,True
AUD-00005055,2026-07-27 12:22:00,PH-001,EMP-0006,Refund,refund,REF-000055,CREATE,,70.66,EMP-0013,POS,True
AUD-00005056,2026-07-03 13:04:00,PH-001,EMP-0006,Refund,refund,REF-000056,CREATE,,21.5,EMP-0012,POS,True
AUD-00005057,2026-07-20 20:14:00,PH-001,EMP-0006,Refund,refund,REF-000057,CREATE,,65.49,EMP-0002,POS,True
AUD-00005058,2026-07-28 14:28:00,PH-001,EMP-0006,Refund,refund,REF-000058,CREATE,,9.09,EMP-0012,POS,True
AUD-00005059,2026-07-16 12:12:00,PH-001,EMP-0006,Refund,refund,REF-000059,CREATE,,43.58,EMP-0013,POS,True
AUD-00005060,2026-07-25 12:01:00,PH-001,EMP-0006,Refund,refund,REF-000060,CREATE,,50.48,EMP-0003,POS,True
AUD-00005061,2026-07-13 13:53:40,PH-003,EMP-0045,Refund,refund,REF-000061,CREATE,,97.94,EMP-0045,POS,True
AUD-00005062,2026-07-23 17:12:30,PH-003,EMP-0056,Refund,refund,REF-000062,CREATE,,36.26,EMP-0057,POS,True
AUD-00005063,2026-08-08 23:41:49,PH-002,EMP-0035,Refund,refund,REF-000063,CREATE,,29.63,EMP-0023,POS,True
AUD-00005064,2026-07-26 21:32:24,PH-003,EMP-0060,Refund,refund,REF-000064,CREATE,,20.22,EMP-0045,POS,True
AUD-00005065,2026-07-12 12:44:45,PH-005,EMP-0103,Refund,refund,REF-000065,CREATE,,42.88,EMP-0090,POS,True
AUD-00005066,2026-06-18 00:28:20,PH-004,EMP-0080,Refund,refund,REF-000066,CREATE,,144.86,EMP-0078,POS,True
AUD-00005067,2026-05-18 12:43:02,PH-003,EMP-0057,Refund,refund,REF-000067,CREATE,,2.8,EMP-0045,POS,True
AUD-00005068,2026-06-13 15:05:43,PH-005,EMP-0089,Refund,refund,REF-000068,CREATE,,58.49,EMP-0101,POS,True
AUD-00005069,2026-06-07 15:54:59,PH-003,EMP-0062,Refund,refund,REF-000069,CREATE,,58.94,EMP-0047,POS,True
AUD-00005070,2026-05-19 13:31:26,PH-005,EMP-0091,Refund,refund,REF-000070,CREATE,,42.07,EMP-0100,POS,True
AUD-00005071,2026-07-29 17:49:21,PH-003,EMP-0045,Refund,refund,REF-000071,CREATE,,47.49,EMP-0047,POS,True
AUD-00005072,2026-07-23 08:45:42,PH-001,EMP-0002,Refund,refund,REF-000072,CREATE,,132.43,EMP-0001,POS,True
AUD-00005073,2026-06-01 23:05:33,PH-005,EMP-0105,Refund,refund,REF-000073,CREATE,,86.07,EMP-0091,POS,True
AUD-00005074,2026-05-28 20:06:24,PH-001,EMP-0016,Refund,refund,REF-000074,CREATE,,41.35,EMP-0012,POS,True
AUD-00005075,2026-07-05 12:09:33,PH-004,EMP-0084,Refund,refund,REF-000075,CREATE,,18.75,EMP-0068,POS,True
AUD-00005076,2026-05-25 16:45:21,PH-002,EMP-0024,Refund,refund,REF-000076,CREATE,,152.18,EMP-0023,POS,True
AUD-00005077,2026-05-11 16:17:31,PH-001,EMP-0018,Refund,refund,REF-000077,CREATE,,77.49,EMP-0001,POS,True
AUD-00005078,2026-07-23 01:14:36,PH-005,EMP-0104,Refund,refund,REF-000078,CREATE,,72.19,EMP-0091,POS,True
AUD-00005079,2026-08-06 21:26:12,PH-002,EMP-0037,Refund,refund,REF-000079,CREATE,,41.08,EMP-0035,POS,True
AUD-00005080,2026-06-08 14:06:40,PH-005,EMP-0101,Refund,refund,REF-000080,CREATE,,66.69,EMP-0091,POS,True
AUD-00005081,2026-07-02 20:54:30,PH-003,EMP-0059,Refund,refund,REF-000081,CREATE,,4.1,EMP-0047,POS,True
AUD-00005082,2026-08-02 15:03:37,PH-005,EMP-0100,Refund,refund,REF-000082,CREATE,,96.78,EMP-0090,POS,True
AUD-00005083,2026-08-09 14:07:33,PH-003,EMP-0047,Refund,refund,REF-000083,CREATE,,99.83,EMP-0046,POS,True
AUD-00005084,2026-05-17 19:26:25,PH-001,EMP-0015,Refund,refund,REF-000084,CREATE,,37.85,EMP-0003,POS,True
AUD-00005085,2026-07-25 14:55:21,PH-004,EMP-0067,Refund,refund,REF-000085,CREATE,,36.36,EMP-0079,POS,True
AUD-00005086,2026-07-02 16:59:59,PH-003,EMP-0062,Refund,refund,REF-000086,CREATE,,109.71,EMP-0056,POS,True
AUD-00005087,2026-07-11 12:52:53,PH-005,EMP-0100,Refund,refund,REF-000087,CREATE,,66.76,EMP-0090,POS,True
AUD-00005088,2026-06-26 11:18:32,PH-004,EMP-0067,Refund,refund,REF-000088,CREATE,,39.16,EMP-0069,POS,True
AUD-00005089,2026-06-04 11:10:32,PH-003,EMP-0064,Refund,refund,REF-000089,CREATE,,37.71,EMP-0056,POS,True
AUD-00005090,2026-06-04 08:49:39,PH-005,EMP-0108,Refund,refund,REF-000090,CREATE,,25.67,EMP-0100,POS,True
AUD-00005091,2026-06-21 10:08:09,PH-004,EMP-0067,Refund,refund,REF-000091,CREATE,,2.95,EMP-0078,POS,True
AUD-00005092,2026-06-28 22:12:10,PH-004,EMP-0079,Refund,refund,REF-000092,CREATE,,33.77,EMP-0078,POS,True
AUD-00005093,2026-05-25 19:22:55,PH-003,EMP-0057,Refund,refund,REF-000093,CREATE,,22.96,EMP-0056,POS,True
AUD-00005094,2026-05-24 14:25:25,PH-004,EMP-0083,Refund,refund,REF-000094,CREATE,,2.92,EMP-0067,POS,True
AUD-00005095,2026-06-14 00:31:10,PH-004,EMP-0079,Refund,refund,REF-000095,CREATE,,11.4,EMP-0069,POS,True
AUD-00005096,2026-05-26 21:56:19,PH-003,EMP-0047,Refund,refund,REF-000096,CREATE,,8.8,EMP-0047,POS,True
AUD-00005097,2026-07-19 19:58:10,PH-005,EMP-0105,Refund,refund,REF-000097,CREATE,,51.52,EMP-0089,POS,True
AUD-00005098,2026-05-28 17:31:43,PH-003,EMP-0061,Refund,refund,REF-000098,CREATE,,70.66,EMP-0046,POS,True
AUD-00005099,2026-06-19 19:10:43,PH-002,EMP-0037,Refund,refund,REF-000099,CREATE,,27.78,EMP-0025,POS,True
AUD-00005100,2026-07-21 13:20:55,PH-001,EMP-0012,Refund,refund,REF-000100,CREATE,,35.11,EMP-0002,POS,True
AUD-00005101,2026-05-26 20:29:01,PH-005,EMP-0091,Refund,refund,REF-000101,CREATE,,35.39,EMP-0101,POS,True
AUD-00005102,2026-06-08 21:45:30,PH-001,EMP-0014,Refund,refund,REF-000102,CREATE,,2.92,EMP-0002,POS,True
AUD-00005103,2026-07-25 19:27:33,PH-005,EMP-0102,Refund,refund,REF-000103,CREATE,,103.2,EMP-0101,POS,True
AUD-00005104,2026-05-04 21:47:26,PH-004,EMP-0068,Refund,refund,REF-000104,CREATE,,13.91,EMP-0069,POS,True
AUD-00005105,2026-06-29 19:29:32,PH-004,EMP-0085,Refund,refund,REF-000105,CREATE,,55.27,EMP-0079,POS,True
AUD-00005106,2026-08-17 15:38:22,PH-005,EMP-0103,Refund,refund,REF-000106,CREATE,,38.99,EMP-0101,POS,True
AUD-00005107,2026-08-06 19:58:24,PH-001,EMP-0013,Refund,refund,REF-000107,CREATE,,67.87,EMP-0002,POS,True
AUD-00005108,2026-08-12 17:24:21,PH-002,EMP-0039,Refund,refund,REF-000108,CREATE,,4.89,EMP-0025,POS,True
AUD-00005109,2026-06-30 21:30:26,PH-005,EMP-0107,Refund,refund,REF-000109,CREATE,,29.33,EMP-0089,POS,True
AUD-00005110,2026-07-24 10:29:40,PH-003,EMP-0058,Refund,refund,REF-000110,CREATE,,13.82,EMP-0046,POS,True
AUD-00005111,2026-06-23 10:03:22,PH-002,EMP-0034,Refund,refund,REF-000111,CREATE,,59.86,EMP-0034,POS,True
AUD-00005112,2026-05-14 15:45:11,PH-004,EMP-0069,Refund,refund,REF-000112,CREATE,,1.61,EMP-0069,POS,True
AUD-00005113,2026-08-04 18:38:52,PH-001,EMP-0001,Refund,refund,REF-000113,CREATE,,31.3,EMP-0013,POS,True
AUD-00005114,2026-06-11 13:38:52,PH-005,EMP-0089,Refund,refund,REF-000114,CREATE,,15.08,EMP-0090,POS,True
AUD-00005115,2026-08-03 23:54:13,PH-001,EMP-0003,Refund,refund,REF-000115,CREATE,,82.74,EMP-0001,POS,True
AUD-00005116,2026-06-22 15:22:20,PH-001,EMP-0018,Refund,refund,REF-000116,CREATE,,305.16,EMP-0012,POS,True
AUD-00005117,2026-06-18 15:18:09,PH-002,EMP-0024,Refund,refund,REF-000117,CREATE,,278.69,EMP-0035,POS,True
AUD-00005118,2026-06-08 17:47:02,PH-001,EMP-0003,Refund,refund,REF-000118,CREATE,,26.35,EMP-0002,POS,True
AUD-00005119,2026-08-15 18:44:00,PH-005,EMP-0108,Refund,refund,REF-000119,CREATE,,103.02,EMP-0090,POS,True
AUD-00005120,2026-05-22 19:51:33,PH-004,EMP-0069,Refund,refund,REF-000120,CREATE,,68.21,EMP-0078,POS,True
AUD-00005121,2026-07-17 20:06:19,PH-001,EMP-0019,Refund,refund,REF-000121,CREATE,,100.47,EMP-0013,POS,True
AUD-00005122,2026-07-23 22:28:41,PH-001,EMP-0018,Refund,refund,REF-000122,CREATE,,42.43,EMP-0003,POS,True
AUD-00005123,2026-07-21 09:18:31,PH-005,EMP-0107,Refund,refund,REF-000123,CREATE,,57.56,EMP-0091,POS,True
AUD-00005124,2026-07-03 18:29:45,PH-002,EMP-0042,Refund,refund,REF-000124,CREATE,,3.29,EMP-0025,POS,True
AUD-00005125,2026-06-27 13:16:30,PH-003,EMP-0063,Refund,refund,REF-000125,CREATE,,3.78,EMP-0046,POS,True
AUD-00005126,2026-07-03 00:10:50,PH-004,EMP-0083,Refund,refund,REF-000126,CREATE,,157.46,EMP-0067,POS,True
AUD-00005127,2026-05-19 20:31:45,PH-003,EMP-0057,Refund,refund,REF-000127,CREATE,,238.56,EMP-0045,POS,True
AUD-00005128,2026-07-25 11:07:45,PH-005,EMP-0106,Refund,refund,REF-000128,CREATE,,29.67,EMP-0100,POS,True
AUD-00005129,2026-06-16 12:36:10,PH-002,EMP-0040,Refund,refund,REF-000129,CREATE,,57.63,EMP-0034,POS,True
AUD-00005130,2026-06-05 18:03:14,PH-001,EMP-0017,Refund,refund,REF-000130,CREATE,,38.87,EMP-0003,POS,True
AUD-00005131,2026-07-23 22:02:34,PH-005,EMP-0102,Refund,refund,REF-000131,CREATE,,9.34,EMP-0090,POS,True
AUD-00005132,2026-08-06 16:38:15,PH-004,EMP-0081,Refund,refund,REF-000132,CREATE,,53.25,EMP-0078,POS,True
AUD-00005133,2026-07-08 19:03:54,PH-005,EMP-0107,Refund,refund,REF-000133,CREATE,,39.85,EMP-0090,POS,True
AUD-00005134,2026-07-03 21:38:11,PH-003,EMP-0059,Refund,refund,REF-000134,CREATE,,103.88,EMP-0046,POS,True
AUD-00005135,2026-06-04 23:55:49,PH-003,EMP-0059,Refund,refund,REF-000135,CREATE,,85.63,EMP-0047,POS,True
AUD-00005136,2026-08-14 14:07:47,PH-002,EMP-0024,Refund,refund,REF-000136,CREATE,,64.99,EMP-0023,POS,True
AUD-00005137,2026-08-25 19:50:19,PH-002,EMP-0041,Refund,refund,REF-000137,CREATE,,44.17,EMP-0034,POS,True
AUD-00005138,2026-05-26 21:24:01,PH-001,EMP-0001,Refund,refund,REF-000138,CREATE,,38.39,EMP-0003,POS,True
AUD-00005139,2026-05-29 13:37:30,PH-005,EMP-0102,Refund,refund,REF-000139,CREATE,,129.66,EMP-0101,POS,True
AUD-00005140,2026-05-26 08:23:24,PH-002,EMP-0042,Refund,refund,REF-000140,CREATE,,20.28,EMP-0024,POS,True
AUD-00005141,2026-07-28 21:28:54,PH-001,EMP-0018,Refund,refund,REF-000141,CREATE,,80.47,EMP-0013,POS,True
AUD-00005142,2026-05-14 21:48:52,PH-002,EMP-0042,Refund,refund,REF-000142,CREATE,,47.02,EMP-0023,POS,True
AUD-00005143,2026-06-17 20:18:19,PH-001,EMP-0012,Refund,refund,REF-000143,CREATE,,30.41,EMP-0013,POS,True
AUD-00005144,2026-07-28 23:19:01,PH-002,EMP-0042,Refund,refund,REF-000144,CREATE,,3.75,EMP-0035,POS,True
AUD-00005145,2026-06-19 09:26:13,PH-005,EMP-0091,Refund,refund,REF-000145,CREATE,,72.7,EMP-0100,POS,True
AUD-00005146,2026-07-06 17:32:30,PH-005,EMP-0103,Refund,refund,REF-000146,CREATE,,11.68,EMP-0089,POS,True
AUD-00005147,2026-07-19 14:59:14,PH-005,EMP-0107,Refund,refund,REF-000147,CREATE,,51.31,EMP-0101,POS,True
AUD-00005148,2026-07-22 21:39:47,PH-005,EMP-0105,Refund,refund,REF-000148,CREATE,,48.13,EMP-0091,POS,True
AUD-00005149,2026-07-28 18:03:07,PH-002,EMP-0025,Refund,refund,REF-000149,CREATE,,180.2,EMP-0023,POS,True
AUD-00005150,2026-05-16 13:40:01,PH-003,EMP-0046,Refund,refund,REF-000150,CREATE,,54.7,EMP-0046,POS,True
AUD-00005151,2026-06-15 18:07:24,PH-004,EMP-0067,Refund,refund,REF-000151,CREATE,,50.47,EMP-0079,POS,True
AUD-00005152,2026-08-13 22:58:07,PH-005,EMP-0090,Refund,refund,REF-000152,CREATE,,54.21,EMP-0091,POS,True
AUD-00005153,2026-05-29 16:16:19,PH-001,EMP-0020,Refund,refund,REF-000153,CREATE,,234.91,EMP-0012,POS,True
AUD-00005154,2026-06-24 22:02:26,PH-005,EMP-0108,Refund,refund,REF-000154,CREATE,,50.76,EMP-0101,POS,True
AUD-00005155,2026-06-27 13:03:08,PH-005,EMP-0101,Refund,refund,REF-000155,CREATE,,82.25,EMP-0091,POS,True
AUD-00005156,2026-07-19 21:41:30,PH-003,EMP-0064,Refund,refund,REF-000156,CREATE,,29.78,EMP-0047,POS,True
AUD-00005157,2026-05-22 11:52:11,PH-005,EMP-0091,Refund,refund,REF-000157,CREATE,,33.36,EMP-0089,POS,True
AUD-00005158,2026-07-15 11:07:09,PH-005,EMP-0106,Refund,refund,REF-000158,CREATE,,50.45,EMP-0101,POS,True
AUD-00005159,2026-05-07 11:05:15,PH-002,EMP-0038,Refund,refund,REF-000159,CREATE,,20.77,EMP-0034,POS,True
AUD-00005160,2026-07-27 11:34:52,PH-002,EMP-0024,Refund,refund,REF-000160,CREATE,,23.95,EMP-0024,POS,True
AUD-00005161,2026-05-20 20:52:11,PH-001,EMP-0013,Refund,refund,REF-000161,CREATE,,35.47,EMP-0001,POS,True
AUD-00005162,2026-06-09 13:19:05,PH-002,EMP-0041,Refund,refund,REF-000162,CREATE,,74.8,EMP-0035,POS,True
AUD-00005163,2026-06-13 17:15:08,PH-001,EMP-0020,Refund,refund,REF-000163,CREATE,,19.53,EMP-0013,POS,True
AUD-00005164,2026-07-10 11:11:21,PH-003,EMP-0058,Refund,refund,REF-000164,CREATE,,15.74,EMP-0056,POS,True
AUD-00005165,2026-08-04 20:14:04,PH-005,EMP-0102,Refund,refund,REF-000165,CREATE,,28.23,EMP-0090,POS,True
AUD-00005166,2026-05-03 19:01:22,PH-003,EMP-0056,Refund,refund,REF-000166,CREATE,,51.78,EMP-0047,POS,True
AUD-00005167,2026-05-29 14:45:43,PH-002,EMP-0023,Refund,refund,REF-000167,CREATE,,53.54,EMP-0023,POS,True
AUD-00005168,2026-07-01 18:25:34,PH-002,EMP-0025,Refund,refund,REF-000168,CREATE,,180.25,EMP-0025,POS,True
AUD-00005169,2026-07-16 15:53:10,PH-001,EMP-0003,Refund,refund,REF-000169,CREATE,,6.71,EMP-0001,POS,True
AUD-00005170,2026-07-27 18:39:27,PH-004,EMP-0086,Refund,refund,REF-000170,CREATE,,84.84,EMP-0068,POS,True
AUD-00005171,2026-07-07 16:07:37,PH-002,EMP-0036,Refund,refund,REF-000171,CREATE,,159.71,EMP-0034,POS,True
AUD-00005172,2026-07-08 22:40:03,PH-002,EMP-0042,Refund,refund,REF-000172,CREATE,,59.8,EMP-0034,POS,True
AUD-00005173,2026-07-31 12:40:54,PH-004,EMP-0069,Refund,refund,REF-000173,CREATE,,6.1,EMP-0079,POS,True
AUD-00005174,2026-06-05 08:13:46,PH-003,EMP-0047,Refund,refund,REF-000174,CREATE,,142.85,EMP-0046,POS,True
AUD-00005175,2026-08-06 21:05:22,PH-005,EMP-0089,Refund,refund,REF-000175,CREATE,,49.88,EMP-0100,POS,True
AUD-00005176,2026-05-11 19:28:38,PH-001,EMP-0014,Refund,refund,REF-000176,CREATE,,61.56,EMP-0013,POS,True
AUD-00005177,2026-08-12 21:30:16,PH-003,EMP-0064,Refund,refund,REF-000177,CREATE,,46.14,EMP-0056,POS,True
AUD-00005178,2026-06-30 21:44:01,PH-005,EMP-0089,Refund,refund,REF-000178,CREATE,,154.2,EMP-0090,POS,True
AUD-00005179,2026-07-25 20:15:05,PH-003,EMP-0061,Refund,refund,REF-000179,CREATE,,4.05,EMP-0047,POS,True
AUD-00005180,2026-05-29 16:28:51,PH-001,EMP-0006,Refund,refund,REF-000180,CREATE,,36.71,EMP-0012,POS,True
AUD-00005181,2026-07-15 11:00:39,PH-003,EMP-0061,Refund,refund,REF-000181,CREATE,,53.25,EMP-0046,POS,True
AUD-00005182,2026-06-23 18:31:21,PH-002,EMP-0041,Refund,refund,REF-000182,CREATE,,54.17,EMP-0024,POS,True
AUD-00005183,2026-06-06 12:24:04,PH-004,EMP-0086,Refund,refund,REF-000183,CREATE,,69.7,EMP-0069,POS,True
AUD-00005184,2026-08-17 12:32:24,PH-003,EMP-0056,Refund,refund,REF-000184,CREATE,,9.28,EMP-0047,POS,True
AUD-00005185,2026-06-24 09:52:57,PH-005,EMP-0101,Refund,refund,REF-000185,CREATE,,53.32,EMP-0100,POS,True
AUD-00005186,2026-08-10 16:37:45,PH-005,EMP-0104,Refund,refund,REF-000186,CREATE,,70.86,EMP-0100,POS,True
AUD-00005187,2026-08-07 17:30:08,PH-005,EMP-0108,Refund,refund,REF-000187,CREATE,,146.82,EMP-0090,POS,True
AUD-00005188,2026-07-25 20:23:58,PH-001,EMP-0006,Refund,refund,REF-000188,CREATE,,5.04,EMP-0002,POS,True
AUD-00005189,2026-05-31 12:02:01,PH-005,EMP-0103,Refund,refund,REF-000189,CREATE,,20.58,EMP-0089,POS,True
AUD-00005190,2026-07-27 21:25:00,PH-003,EMP-0046,Refund,refund,REF-000190,CREATE,,24.04,EMP-0047,POS,True
AUD-00005191,2026-08-05 16:57:23,PH-004,EMP-0086,Refund,refund,REF-000191,CREATE,,205.56,EMP-0067,POS,True
AUD-00005192,2026-05-27 20:48:44,PH-001,EMP-0016,Refund,refund,REF-000192,CREATE,,23.38,EMP-0003,POS,True
AUD-00005193,2026-06-05 16:55:11,PH-002,EMP-0023,Refund,refund,REF-000193,CREATE,,53.74,EMP-0023,POS,True
AUD-00005194,2026-07-21 16:03:45,PH-004,EMP-0081,Refund,refund,REF-000194,CREATE,,10.18,EMP-0078,POS,True
AUD-00005195,2026-06-06 23:34:42,PH-004,EMP-0079,Refund,refund,REF-000195,CREATE,,1.43,EMP-0067,POS,True
AUD-00005196,2026-07-19 13:33:22,PH-003,EMP-0058,Refund,refund,REF-000196,CREATE,,53.35,EMP-0057,POS,True
AUD-00005197,2026-07-24 10:48:05,PH-003,EMP-0063,Refund,refund,REF-000197,CREATE,,57.63,EMP-0047,POS,True
AUD-00005198,2026-07-11 00:13:40,PH-003,EMP-0064,Refund,refund,REF-000198,CREATE,,16.64,EMP-0047,POS,True
AUD-00005199,2026-07-06 01:31:20,PH-005,EMP-0090,Refund,refund,REF-000199,CREATE,,141.81,EMP-0101,POS,True
AUD-00005200,2026-06-12 10:22:17,PH-001,EMP-0019,Refund,refund,REF-000200,CREATE,,43.8,EMP-0013,POS,True
AUD-00005201,2026-07-01 15:58:27,PH-005,EMP-0103,Refund,refund,REF-000201,CREATE,,24.51,EMP-0090,POS,True
AUD-00005202,2026-05-16 14:01:23,PH-002,EMP-0023,Refund,refund,REF-000202,CREATE,,45.73,EMP-0035,POS,True
AUD-00005203,2026-07-28 13:42:22,PH-004,EMP-0085,Refund,refund,REF-000203,CREATE,,49.26,EMP-0078,POS,True
AUD-00005204,2026-07-15 20:07:01,PH-001,EMP-0016,Refund,refund,REF-000204,CREATE,,65.41,EMP-0002,POS,True
AUD-00005205,2026-06-10 20:47:26,PH-005,EMP-0090,Refund,refund,REF-000205,CREATE,,29.5,EMP-0100,POS,True
AUD-00005206,2026-07-29 20:14:03,PH-002,EMP-0040,Refund,refund,REF-000206,CREATE,,42.71,EMP-0035,POS,True
AUD-00005207,2026-08-07 13:21:49,PH-002,EMP-0041,Refund,refund,REF-000207,CREATE,,37.11,EMP-0024,POS,True
AUD-00005208,2026-06-16 12:25:49,PH-004,EMP-0081,Refund,refund,REF-000208,CREATE,,200.28,EMP-0069,POS,True
AUD-00005209,2026-08-12 13:39:12,PH-004,EMP-0083,Refund,refund,REF-000209,CREATE,,50.14,EMP-0067,POS,True
AUD-00005210,2026-06-08 16:52:56,PH-003,EMP-0047,Refund,refund,REF-000210,CREATE,,3.18,EMP-0057,POS,True
AUD-00005211,2026-08-09 14:38:09,PH-002,EMP-0038,Refund,refund,REF-000211,CREATE,,66.65,EMP-0034,POS,True
AUD-00005212,2026-06-05 11:58:55,PH-005,EMP-0090,Refund,refund,REF-000212,CREATE,,41.56,EMP-0101,POS,True
AUD-00005213,2026-08-02 11:20:20,PH-005,EMP-0103,Refund,refund,REF-000213,CREATE,,60.98,EMP-0100,POS,True
AUD-00005214,2026-06-08 09:22:50,PH-001,EMP-0017,Refund,refund,REF-000214,CREATE,,36.92,EMP-0013,POS,True
AUD-00005215,2026-05-19 16:41:18,PH-001,EMP-0015,Refund,refund,REF-000215,CREATE,,72.44,EMP-0002,POS,True
AUD-00005216,2026-06-09 19:10:18,PH-004,EMP-0084,Refund,refund,REF-000216,CREATE,,17.2,EMP-0067,POS,True
AUD-00005217,2026-07-15 16:41:43,PH-005,EMP-0108,Refund,refund,REF-000217,CREATE,,9.64,EMP-0091,POS,True
AUD-00005218,2026-07-30 15:52:24,PH-001,EMP-0003,Refund,refund,REF-000218,CREATE,,19.8,EMP-0002,POS,True
AUD-00005219,2026-06-15 15:21:34,PH-005,EMP-0089,Refund,refund,REF-000219,CREATE,,199.07,EMP-0100,POS,True
AUD-00005220,2026-07-12 15:04:23,PH-005,EMP-0100,Refund,refund,REF-000220,CREATE,,11.11,EMP-0101,POS,True
