customer_id,loyalty_id,first_name,last_name,city,state,signup_date,loyalty_tier,preferred_store_id
CUS-00001,LOY-000001,Emily,Nguyen,Fort Worth,TX,2025-09-27,Standard,PH-005
CUS-00002,LOY-000002,Ava,Wilson,Frisco,TX,2025-11-12,Standard,PH-004
CUS-00003,LOY-000003,Robert,Carter,Fort Worth,TX,2022-08-28,Silver,PH-001
CUS-00004,LOY-000004,Anthony,Lopez,Plano,TX,2024-07-02,Silver,PH-001
CUS-00005,LOY-000005,Kevin,King,Fort Worth,TX,2025-08-06,Standard,PH-005
CUS-00006,LOY-000006,Michael,Chen,Frisco,TX,2023-02-05,Standard,PH-001
CUS-00007,LOY-000007,Jessica,Wilson,Dallas,TX,2024-11-14,Silver,PH-002
CUS-00008,LOY-000008,Emily,Patel,Fort Worth,TX,2025-05-24,Gold,PH-001
CUS-00009,LOY-000009,Mia,Kim,Irving,TX,2022-10-30,Gold,PH-004
CUS-00010,LOY-000010,Rachel,Reed,Frisco,TX,2022-01-25,Silver,PH-003
CUS-00011,LOY-000011,Rachel,Nguyen,Irving,TX,2025-02-22,Standard,PH-002
CUS-00012,LOY-000012,Ava,Wilson,Irving,TX,2024-06-25,Silver,PH-002
CUS-00013,LOY-000013,Grace,Moore,Irving,TX,2026-02-01,Silver,PH-002
CUS-00014,LOY-000014,Brandon,Lopez,Dallas,TX,2022-10-22,Standard,PH-003
CUS-00015,LOY-000015,Emily,Davis,Frisco,TX,2022-05-16,Gold,PH-004
CUS-00016,LOY-000016,Jennifer,Lee,Irving,TX,2025-08-01,Silver,PH-004
CUS-00017,LOY-000017,Sarah,Johnson,Irving,TX,2025-12-25,Gold,PH-002
CUS-00018,LOY-000018,John,Miller,Irving,TX,2023-08-16,Gold,PH-004
CUS-00019,LOY-000019,Robert,Nguyen,Fort Worth,TX,2023-09-15,Silver,PH-005
CUS-00020,LOY-000020,Ava,Wilson,Plano,TX,2022-02-24,Standard,PH-002
CUS-00021,LOY-000021,Daniel,Nguyen,Irving,TX,2022-09-12,Gold,PH-003
CUS-00022,LOY-000022,Laura,Miller,Irving,TX,2025-11-09,Gold,PH-002
CUS-00023,LOY-000023,Amanda,Hill,Frisco,TX,2024-10-06,Standard,PH-005
CUS-00024,LOY-000024,Ava,Kim,Fort Worth,TX,2024-09-11,Gold,PH-004
CUS-00025,LOY-000025,Daniel,Taylor,Irving,TX,2025-11-22,Standard,PH-003
CUS-00026,LOY-000026,Michael,Moore,Fort Worth,TX,2022-02-05,Silver,PH-002
CUS-00027,LOY-000027,Brandon,King,Plano,TX,2023-10-17,Silver,PH-002
CUS-00028,LOY-000028,Rachel,Miller,Dallas,TX,2023-07-13,Silver,PH-004
CUS-00029,LOY-000029,Ethan,Kim,Dallas,TX,2023-08-17,Silver,PH-005
CUS-00030,LOY-000030,Ethan,Tran,Fort Worth,TX,2023-02-01,Gold,PH-002
CUS-00031,LOY-000031,Liam,Hill,Fort Worth,TX,2026-03-22,Standard,PH-005
CUS-00032,LOY-000032,Kevin,Patel,Frisco,TX,2023-07-10,Gold,PH-003
CUS-00033,LOY-000033,Marcus,Johnson,Fort Worth,TX,2023-12-22,Standard,PH-001
CUS-00034,LOY-000034,Melissa,Davis,Frisco,TX,2024-02-03,Silver,PH-004
CUS-00035,LOY-000035,Kevin,Miller,Dallas,TX,2023-03-23,Standard,PH-005
CUS-00036,LOY-000036,Linda,Martinez,Fort Worth,TX,2025-06-10,Gold,PH-005
CUS-00037,LOY-000037,Jessica,Thomas,Fort Worth,TX,2025-12-09,Standard,PH-004
CUS-00038,LOY-000038,David,Tran,Dallas,TX,2022-09-26,Standard,PH-004
CUS-00039,LOY-000039,Rachel,Nguyen,Frisco,TX,2022-10-12,Silver,PH-005
CUS-00040,LOY-000040,Michael,Jackson,Frisco,TX,2022-12-19,Gold,PH-003
CUS-00041,LOY-000041,Amanda,Moore,Dallas,TX,2023-04-01,Standard,PH-002
CUS-00042,LOY-000042,Noah,Chen,Frisco,TX,2022-09-14,Standard,PH-002
CUS-00043,LOY-000043,Jennifer,Smith,Dallas,TX,2022-06-09,Standard,PH-004
CUS-00044,LOY-000044,Liam,Smith,Dallas,TX,2023-02-07,Standard,PH-001
CUS-00045,LOY-000045,Grace,Anderson,Fort Worth,TX,2025-04-29,Standard,PH-004
CUS-00046,LOY-000046,Marcus,Ross,Dallas,TX,2022-05-16,Silver,PH-001
CUS-00047,LOY-000047,Liam,Hill,Dallas,TX,2025-05-17,Standard,PH-005
CUS-00048,LOY-000048,John,Miller,Frisco,TX,2022-03-01,Standard,PH-002
CUS-00049,LOY-000049,Ava,Ross,Fort Worth,TX,2023-12-14,Silver,PH-002
CUS-00050,LOY-000050,Michael,Jackson,Fort Worth,TX,2023-05-11,Gold,PH-005
CUS-00051,LOY-000051,Jennifer,Hill,Fort Worth,TX,2026-04-13,Standard,PH-005
CUS-00052,LOY-000052,John,Thomas,Plano,TX,2023-08-01,Standard,PH-005
CUS-00053,LOY-000053,Amanda,Moore,Dallas,TX,2023-03-15,Gold,PH-004
CUS-00054,LOY-000054,Rachel,Thomas,Fort Worth,TX,2023-01-15,Silver,PH-001
CUS-00055,LOY-000055,Sarah,Kim,Irving,TX,2024-05-18,Standard,PH-005
CUS-00056,LOY-000056,Linda,Smith,Dallas,TX,2026-04-09,Silver,PH-001
CUS-00057,LOY-000057,David,Hill,Fort Worth,TX,2022-10-06,Silver,PH-003
CUS-00058,LOY-000058,Noah,Nguyen,Fort Worth,TX,2026-01-18,Standard,PH-001
CUS-00059,LOY-000059,Kevin,Brown,Dallas,TX,2024-02-28,Silver,PH-004
CUS-00060,LOY-000060,Olivia,Moore,Frisco,TX,2025-11-08,Silver,PH-002
CUS-00061,LOY-000061,Jessica,Smith,Frisco,TX,2024-05-26,Standard,PH-001
CUS-00062,LOY-000062,Grace,Brown,Frisco,TX,2023-01-03,Standard,PH-004
CUS-00063,LOY-000063,Mia,Hill,Irving,TX,2024-06-16,Gold,PH-001
CUS-00064,LOY-000064,Marcus,Carter,Irving,TX,2024-03-31,Gold,PH-005
CUS-00065,LOY-000065,Marcus,Moore,Plano,TX,2022-05-13,Silver,PH-002
CUS-00066,LOY-000066,Kevin,Martinez,Fort Worth,TX,2024-04-07,Standard,PH-002
CUS-00067,LOY-000067,Laura,Moore,Irving,TX,2023-07-25,Gold,PH-005
CUS-00068,LOY-000068,Brandon,Ross,Irving,TX,2023-12-31,Silver,PH-005
CUS-00069,LOY-000069,Anthony,Brown,Fort Worth,TX,2023-07-26,Standard,PH-004
CUS-00070,LOY-000070,Marcus,Hill,Frisco,TX,2024-09-29,Silver,PH-002
CUS-00071,LOY-000071,Ethan,Carter,Dallas,TX,2022-07-23,Gold,PH-001
CUS-00072,LOY-000072,Jennifer,Brown,Dallas,TX,2023-01-02,Silver,PH-005
CUS-00073,LOY-000073,Mia,Patel,Plano,TX,2023-09-13,Gold,PH-005
CUS-00074,LOY-000074,Marcus,Jackson,Dallas,TX,2025-09-15,Gold,PH-004
CUS-00075,LOY-000075,Grace,Wilson,Plano,TX,2023-08-25,Gold,PH-004
CUS-00076,LOY-000076,Emily,Davis,Frisco,TX,2025-01-15,Silver,PH-005
CUS-00077,LOY-000077,Jessica,Lee,Dallas,TX,2024-05-31,Standard,PH-004
CUS-00078,LOY-000078,David,Patel,Irving,TX,2024-06-25,Silver,PH-001
CUS-00079,LOY-000079,Robert,Miller,Fort Worth,TX,2025-09-12,Silver,PH-002
CUS-00080,LOY-000080,Emily,Smith,Plano,TX,2023-10-02,Gold,PH-004
CUS-00081,LOY-000081,Emily,Jackson,Dallas,TX,2025-03-11,Gold,PH-004
CUS-00082,LOY-000082,Mia,Johnson,Fort Worth,TX,2025-03-17,Silver,PH-004
CUS-00083,LOY-000083,Jessica,Miller,Fort Worth,TX,2022-04-25,Silver,PH-003
CUS-00084,LOY-000084,Emily,Garcia,Irving,TX,2025-06-17,Gold,PH-003
CUS-00085,LOY-000085,Liam,Nguyen,Frisco,TX,2022-05-06,Standard,PH-005
CUS-00086,LOY-000086,Robert,Carter,Frisco,TX,2023-12-16,Gold,PH-005
CUS-00087,LOY-000087,Amanda,Jackson,Frisco,TX,2024-02-19,Standard,PH-004
CUS-00088,LOY-000088,Rachel,Kim,Irving,TX,2023-12-21,Standard,PH-002
CUS-00089,LOY-000089,Linda,Chen,Frisco,TX,2025-04-28,Standard,PH-001
CUS-00090,LOY-000090,Sophia,Hill,Frisco,TX,2022-12-14,Standard,PH-005
CUS-00091,LOY-000091,Kevin,King,Irving,TX,2025-09-09,Silver,PH-005
CUS-00092,LOY-000092,Michael,Smith,Frisco,TX,2022-02-11,Gold,PH-004
CUS-00093,LOY-000093,Brandon,Lee,Frisco,TX,2024-02-13,Gold,PH-004
CUS-00094,LOY-000094,Kevin,Garcia,Dallas,TX,2024-09-27,Standard,PH-002
CUS-00095,LOY-000095,Kevin,Brown,Fort Worth,TX,2026-04-16,Gold,PH-003
CUS-00096,LOY-000096,Sarah,Lopez,Frisco,TX,2024-01-15,Silver,PH-002
CUS-00097,LOY-000097,Emily,Taylor,Dallas,TX,2025-01-02,Standard,PH-003
CUS-00098,LOY-000098,Daniel,King,Frisco,TX,2025-03-20,Silver,PH-002
CUS-00099,LOY-000099,Olivia,Moore,Dallas,TX,2026-01-09,Gold,PH-001
CUS-00100,LOY-000100,Brandon,Patel,Frisco,TX,2022-05-18,Gold,PH-005
CUS-00101,LOY-000101,Emily,Smith,Plano,TX,2023-12-13,Standard,PH-003
CUS-00102,LOY-000102,Michael,White,Frisco,TX,2024-06-05,Gold,PH-005
CUS-00103,LOY-000103,Kevin,Martinez,Irving,TX,2024-04-03,Silver,PH-005
CUS-00104,LOY-000104,Michael,Wilson,Fort Worth,TX,2023-01-05,Standard,PH-005
CUS-00105,LOY-000105,Sarah,Garcia,Irving,TX,2023-03-13,Gold,PH-004
CUS-00106,LOY-000106,Daniel,Taylor,Fort Worth,TX,2025-06-12,Silver,PH-005
CUS-00107,LOY-000107,Ava,Taylor,Dallas,TX,2024-12-05,Standard,PH-003
CUS-00108,LOY-000108,David,Carter,Plano,TX,2022-11-05,Gold,PH-003
CUS-00109,LOY-000109,Laura,Smith,Frisco,TX,2022-05-12,Gold,PH-002
CUS-00110,LOY-000110,Laura,Ross,Frisco,TX,2025-08-16,Standard,PH-003
CUS-00111,LOY-000111,Mia,Lopez,Plano,TX,2024-04-11,Standard,PH-001
CUS-00112,LOY-000112,Melissa,Martinez,Dallas,TX,2023-05-18,Silver,PH-004
CUS-00113,LOY-000113,Emily,Johnson,Irving,TX,2024-05-14,Gold,PH-001
CUS-00114,LOY-000114,John,Miller,Frisco,TX,2022-10-07,Standard,PH-003
CUS-00115,LOY-000115,Grace,White,Frisco,TX,2025-09-10,Gold,PH-002
CUS-00116,LOY-000116,Ethan,King,Irving,TX,2022-02-10,Standard,PH-001
CUS-00117,LOY-000117,Kevin,Lopez,Frisco,TX,2022-05-11,Silver,PH-003
CUS-00118,LOY-000118,Mia,Anderson,Dallas,TX,2024-03-23,Gold,PH-002
CUS-00119,LOY-000119,Linda,Hill,Fort Worth,TX,2026-02-13,Gold,PH-001
CUS-00120,LOY-000120,Michael,Anderson,Fort Worth,TX,2026-05-07,Gold,PH-003
CUS-00121,LOY-000121,Emily,Tran,Plano,TX,2025-05-13,Standard,PH-003
CUS-00122,LOY-000122,Kevin,Garcia,Irving,TX,2026-03-13,Gold,PH-002
CUS-00123,LOY-000123,Laura,Martinez,Plano,TX,2022-08-07,Standard,PH-002
CUS-00124,LOY-000124,Daniel,Wilson,Irving,TX,2023-06-05,Gold,PH-001
CUS-00125,LOY-000125,Emily,Johnson,Frisco,TX,2025-12-03,Standard,PH-003
CUS-00126,LOY-000126,Jessica,Smith,Irving,TX,2025-10-30,Standard,PH-003
CUS-00127,LOY-000127,Grace,Carter,Frisco,TX,2024-08-31,Gold,PH-003
CUS-00128,LOY-000128,Sophia,Lee,Fort Worth,TX,2022-03-13,Gold,PH-001
CUS-00129,LOY-000129,Noah,White,Plano,TX,2023-06-03,Gold,PH-004
CUS-00130,LOY-000130,Sophia,Taylor,Frisco,TX,2025-11-04,Standard,PH-005
CUS-00131,LOY-000131,Linda,Wilson,Irving,TX,2022-01-17,Silver,PH-003
CUS-00132,LOY-000132,Sophia,Tran,Plano,TX,2023-09-02,Standard,PH-002
CUS-00133,LOY-000133,David,Taylor,Frisco,TX,2026-04-20,Gold,PH-004
CUS-00134,LOY-000134,Grace,King,Frisco,TX,2022-06-14,Silver,PH-004
CUS-00135,LOY-000135,Ava,Smith,Frisco,TX,2026-01-09,Silver,PH-001
CUS-00136,LOY-000136,Sarah,Thomas,Frisco,TX,2024-11-02,Standard,PH-003
CUS-00137,LOY-000137,Laura,Lopez,Fort Worth,TX,2026-02-19,Silver,PH-004
CUS-00138,LOY-000138,Noah,Lee,Dallas,TX,2025-08-06,Gold,PH-002
CUS-00139,LOY-000139,Ethan,Wilson,Plano,TX,2022-01-07,Silver,PH-002
CUS-00140,LOY-000140,Ethan,Nguyen,Frisco,TX,2025-03-25,Standard,PH-001
CUS-00141,LOY-000141,Sarah,Chen,Fort Worth,TX,2026-01-01,Gold,PH-002
CUS-00142,LOY-000142,Olivia,Anderson,Irving,TX,2023-10-17,Silver,PH-004
CUS-00143,LOY-000143,Ava,Carter,Frisco,TX,2022-12-22,Gold,PH-005
CUS-00144,LOY-000144,Kevin,White,Frisco,TX,2023-02-11,Standard,PH-004
CUS-00145,LOY-000145,Rachel,Miller,Irving,TX,2024-02-12,Gold,PH-002
CUS-00146,LOY-000146,Amanda,Lee,Fort Worth,TX,2025-08-18,Gold,PH-002
CUS-00147,LOY-000147,Jennifer,Wilson,Plano,TX,2023-06-21,Gold,PH-002
CUS-00148,LOY-000148,Robert,Reed,Fort Worth,TX,2024-05-28,Gold,PH-003
CUS-00149,LOY-000149,Melissa,Tran,Frisco,TX,2022-12-15,Gold,PH-001
CUS-00150,LOY-000150,Amanda,Thomas,Fort Worth,TX,2024-06-10,Silver,PH-004
CUS-00151,LOY-000151,Marcus,Chen,Plano,TX,2023-01-26,Silver,PH-003
CUS-00152,LOY-000152,Ava,Brown,Irving,TX,2022-09-24,Silver,PH-002
CUS-00153,LOY-000153,Olivia,Martinez,Frisco,TX,2026-01-28,Gold,PH-002
CUS-00154,LOY-000154,Laura,Miller,Irving,TX,2022-10-26,Standard,PH-003
CUS-00155,LOY-000155,Daniel,Chen,Fort Worth,TX,2024-07-12,Standard,PH-003
CUS-00156,LOY-000156,Brandon,Anderson,Irving,TX,2022-06-25,Standard,PH-004
CUS-00157,LOY-000157,Melissa,Patel,Irving,TX,2025-11-07,Standard,PH-004
CUS-00158,LOY-000158,Noah,Smith,Fort Worth,TX,2023-06-09,Standard,PH-001
CUS-00159,LOY-000159,Jessica,King,Dallas,TX,2023-11-13,Standard,PH-004
CUS-00160,LOY-000160,Rachel,Lopez,Fort Worth,TX,2025-12-24,Gold,PH-001
CUS-00161,LOY-000161,Amanda,Ross,Fort Worth,TX,2025-06-23,Silver,PH-003
CUS-00162,LOY-000162,Anthony,Anderson,Frisco,TX,2022-09-28,Gold,PH-001
CUS-00163,LOY-000163,Brandon,Miller,Frisco,TX,2022-12-14,Gold,PH-004
CUS-00164,LOY-000164,Kevin,Wilson,Plano,TX,2022-07-03,Silver,PH-005
CUS-00165,LOY-000165,Laura,Carter,Frisco,TX,2022-08-28,Silver,PH-001
CUS-00166,LOY-000166,Melissa,Brown,Frisco,TX,2026-03-12,Silver,PH-004
CUS-00167,LOY-000167,Sophia,Ross,Fort Worth,TX,2026-04-09,Silver,PH-005
CUS-00168,LOY-000168,Kevin,Smith,Plano,TX,2023-10-09,Gold,PH-004
CUS-00169,LOY-000169,Liam,Carter,Fort Worth,TX,2025-09-08,Gold,PH-004
CUS-00170,LOY-000170,Robert,Martinez,Plano,TX,2022-04-22,Standard,PH-002
CUS-00171,LOY-000171,Robert,Brown,Frisco,TX,2022-12-01,Gold,PH-004
CUS-00172,LOY-000172,Laura,Hill,Irving,TX,2022-03-25,Silver,PH-003
CUS-00173,LOY-000173,Noah,Johnson,Irving,TX,2024-07-26,Silver,PH-001
CUS-00174,LOY-000174,Ava,Carter,Dallas,TX,2023-12-17,Standard,PH-002
CUS-00175,LOY-000175,Sophia,Miller,Plano,TX,2026-03-16,Gold,PH-003
CUS-00176,LOY-000176,Brandon,Anderson,Fort Worth,TX,2023-03-11,Gold,PH-001
CUS-00177,LOY-000177,Michael,Jackson,Fort Worth,TX,2023-01-05,Silver,PH-001
CUS-00178,LOY-000178,Linda,Jackson,Irving,TX,2025-10-18,Standard,PH-003
CUS-00179,LOY-000179,Amanda,Nguyen,Dallas,TX,2024-03-18,Silver,PH-005
CUS-00180,LOY-000180,Marcus,Patel,Plano,TX,2022-03-01,Standard,PH-004
CUS-00181,LOY-000181,Noah,Anderson,Irving,TX,2024-07-18,Gold,PH-003
CUS-00182,LOY-000182,Olivia,Anderson,Dallas,TX,2023-11-06,Standard,PH-005
CUS-00183,LOY-000183,David,Patel,Fort Worth,TX,2022-09-22,Standard,PH-001
CUS-00184,LOY-000184,Grace,Taylor,Frisco,TX,2023-10-24,Standard,PH-001
CUS-00185,LOY-000185,Jessica,Lopez,Irving,TX,2022-07-09,Silver,PH-003
CUS-00186,LOY-000186,Sarah,Chen,Irving,TX,2022-07-02,Standard,PH-002
CUS-00187,LOY-000187,Sarah,Reed,Irving,TX,2023-08-07,Gold,PH-002
CUS-00188,LOY-000188,Marcus,Nguyen,Irving,TX,2024-06-04,Gold,PH-003
CUS-00189,LOY-000189,Mia,Lopez,Plano,TX,2024-01-06,Gold,PH-001
CUS-00190,LOY-000190,Rachel,Davis,Plano,TX,2024-09-29,Silver,PH-004
CUS-00191,LOY-000191,Emily,Ross,Fort Worth,TX,2025-05-14,Silver,PH-001
CUS-00192,LOY-000192,Liam,Smith,Frisco,TX,2025-06-11,Standard,PH-004
CUS-00193,LOY-000193,Ethan,Smith,Dallas,TX,2022-03-24,Gold,PH-003
CUS-00194,LOY-000194,David,Anderson,Plano,TX,2025-08-19,Gold,PH-002
CUS-00195,LOY-000195,Emily,Davis,Fort Worth,TX,2022-06-21,Silver,PH-004
CUS-00196,LOY-000196,Laura,Tran,Irving,TX,2023-09-08,Standard,PH-002
CUS-00197,LOY-000197,Mia,Nguyen,Plano,TX,2024-12-07,Silver,PH-003
CUS-00198,LOY-000198,Brandon,King,Fort Worth,TX,2022-06-06,Standard,PH-005
CUS-00199,LOY-000199,Marcus,Davis,Irving,TX,2024-04-25,Standard,PH-004
CUS-00200,LOY-000200,Mia,Moore,Fort Worth,TX,2023-06-03,Silver,PH-003
CUS-00201,LOY-000201,Brandon,Tran,Fort Worth,TX,2022-02-03,Standard,PH-004
CUS-00202,LOY-000202,Sarah,White,Plano,TX,2024-03-15,Standard,PH-001
CUS-00203,LOY-000203,Laura,Thomas,Frisco,TX,2023-10-05,Gold,PH-004
CUS-00204,LOY-000204,Liam,Anderson,Irving,TX,2025-07-01,Silver,PH-003
CUS-00205,LOY-000205,Grace,Miller,Plano,TX,2023-01-15,Standard,PH-005
CUS-00206,LOY-000206,Daniel,Anderson,Dallas,TX,2024-06-07,Gold,PH-001
CUS-00207,LOY-000207,Amanda,Reed,Dallas,TX,2022-01-28,Standard,PH-004
CUS-00208,LOY-000208,David,Thomas,Irving,TX,2025-09-09,Gold,PH-005
CUS-00209,LOY-000209,Ava,Brown,Frisco,TX,2025-06-20,Gold,PH-003
CUS-00210,LOY-000210,Noah,Anderson,Irving,TX,2023-09-12,Standard,PH-002
CUS-00211,LOY-000211,Melissa,Lee,Plano,TX,2022-08-18,Standard,PH-002
CUS-00212,LOY-000212,Amanda,Martinez,Irving,TX,2025-08-21,Standard,PH-002
CUS-00213,LOY-000213,Laura,Taylor,Fort Worth,TX,2023-01-26,Standard,PH-003
CUS-00214,LOY-000214,Liam,Wilson,Plano,TX,2024-08-28,Silver,PH-001
CUS-00215,LOY-000215,Marcus,Miller,Plano,TX,2026-02-22,Gold,PH-004
CUS-00216,LOY-000216,Emily,Brown,Dallas,TX,2024-07-09,Gold,PH-002
CUS-00217,LOY-000217,John,Nguyen,Fort Worth,TX,2024-03-13,Standard,PH-003
CUS-00218,LOY-000218,Amanda,Hill,Irving,TX,2024-05-01,Silver,PH-005
CUS-00219,LOY-000219,Olivia,Moore,Fort Worth,TX,2023-08-19,Standard,PH-004
CUS-00220,LOY-000220,Anthony,Brown,Fort Worth,TX,2025-04-25,Gold,PH-005
CUS-00221,LOY-000221,Mia,Brown,Plano,TX,2026-01-02,Standard,PH-005
CUS-00222,LOY-000222,Amanda,Smith,Fort Worth,TX,2023-10-09,Gold,PH-001
CUS-00223,LOY-000223,Daniel,Taylor,Irving,TX,2024-08-27,Standard,PH-004
CUS-00224,LOY-000224,Olivia,Taylor,Frisco,TX,2024-07-07,Gold,PH-004
CUS-00225,LOY-000225,Amanda,Miller,Frisco,TX,2026-01-27,Standard,PH-004
CUS-00226,LOY-000226,Rachel,Wilson,Plano,TX,2024-11-05,Standard,PH-005
CUS-00227,LOY-000227,Mia,Patel,Fort Worth,TX,2026-01-04,Gold,PH-004
CUS-00228,LOY-000228,Melissa,Nguyen,Irving,TX,2024-05-03,Gold,PH-003
CUS-00229,LOY-000229,Grace,Brown,Plano,TX,2025-06-27,Standard,PH-003
CUS-00230,LOY-000230,Noah,Moore,Dallas,TX,2025-09-28,Silver,PH-002
CUS-00231,LOY-000231,Sarah,Martinez,Plano,TX,2025-05-25,Silver,PH-001
CUS-00232,LOY-000232,Grace,Smith,Irving,TX,2023-09-14,Standard,PH-002
CUS-00233,LOY-000233,Jessica,King,Dallas,TX,2024-01-05,Silver,PH-003
CUS-00234,LOY-000234,Mia,Miller,Plano,TX,2024-10-28,Standard,PH-001
CUS-00235,LOY-000235,Kevin,Smith,Dallas,TX,2025-06-18,Standard,PH-001
CUS-00236,LOY-000236,Jessica,Chen,Irving,TX,2023-06-13,Silver,PH-003
CUS-00237,LOY-000237,Liam,King,Fort Worth,TX,2023-07-02,Standard,PH-005
CUS-00238,LOY-000238,Olivia,Anderson,Dallas,TX,2025-12-17,Standard,PH-004
CUS-00239,LOY-000239,Grace,Wilson,Dallas,TX,2022-08-05,Gold,PH-005
CUS-00240,LOY-000240,Grace,Hill,Fort Worth,TX,2022-03-27,Gold,PH-001
CUS-00241,LOY-000241,Sarah,Taylor,Dallas,TX,2023-02-25,Silver,PH-002
CUS-00242,LOY-000242,Ava,Nguyen,Irving,TX,2026-04-10,Gold,PH-004
CUS-00243,LOY-000243,Ava,Hill,Plano,TX,2025-08-18,Silver,PH-003
CUS-00244,LOY-000244,Melissa,Hill,Plano,TX,2024-06-18,Silver,PH-001
CUS-00245,LOY-000245,Linda,White,Irving,TX,2023-12-01,Silver,PH-005
CUS-00246,LOY-000246,Sarah,Tran,Frisco,TX,2024-02-02,Gold,PH-004
CUS-00247,LOY-000247,Rachel,Taylor,Plano,TX,2022-11-07,Gold,PH-004
CUS-00248,LOY-000248,Grace,Chen,Plano,TX,2024-05-28,Silver,PH-004
CUS-00249,LOY-000249,David,Davis,Frisco,TX,2022-03-02,Silver,PH-002
CUS-00250,LOY-000250,Liam,Lee,Fort Worth,TX,2022-05-23,Standard,PH-003
CUS-00251,LOY-000251,Kevin,Reed,Plano,TX,2024-06-07,Standard,PH-004
CUS-00252,LOY-000252,Liam,King,Plano,TX,2025-03-22,Standard,PH-005
CUS-00253,LOY-000253,Sophia,Smith,Irving,TX,2025-10-26,Gold,PH-005
CUS-00254,LOY-000254,Sophia,Moore,Frisco,TX,2023-12-06,Standard,PH-003
CUS-00255,LOY-000255,Michael,Lopez,Plano,TX,2025-12-05,Silver,PH-004
CUS-00256,LOY-000256,Ethan,Martinez,Fort Worth,TX,2025-07-02,Gold,PH-004
CUS-00257,LOY-000257,Noah,Kim,Irving,TX,2026-05-08,Standard,PH-003
CUS-00258,LOY-000258,Jennifer,King,Fort Worth,TX,2023-11-17,Silver,PH-002
CUS-00259,LOY-000259,Michael,Johnson,Frisco,TX,2023-03-14,Standard,PH-005
CUS-00260,LOY-000260,Jessica,Nguyen,Fort Worth,TX,2023-11-29,Gold,PH-002
CUS-00261,LOY-000261,Amanda,Lee,Fort Worth,TX,2025-04-28,Silver,PH-002
CUS-00262,LOY-000262,Liam,Nguyen,Irving,TX,2024-10-31,Standard,PH-001
CUS-00263,LOY-000263,Rachel,Ross,Fort Worth,TX,2023-12-27,Standard,PH-001
CUS-00264,LOY-000264,Liam,Taylor,Dallas,TX,2024-07-08,Silver,PH-005
CUS-00265,LOY-000265,Ava,Lee,Irving,TX,2023-11-26,Standard,PH-005
CUS-00266,LOY-000266,Brandon,Thomas,Fort Worth,TX,2025-05-04,Standard,PH-003
CUS-00267,LOY-000267,Sophia,Nguyen,Fort Worth,TX,2025-10-09,Standard,PH-004
CUS-00268,LOY-000268,Michael,Moore,Plano,TX,2022-08-04,Silver,PH-005
CUS-00269,LOY-000269,Brandon,Martinez,Frisco,TX,2024-07-19,Standard,PH-002
CUS-00270,LOY-000270,Noah,Smith,Irving,TX,2022-06-17,Standard,PH-001
CUS-00271,LOY-000271,Laura,Carter,Irving,TX,2023-03-16,Silver,PH-001
CUS-00272,LOY-000272,Rachel,Anderson,Fort Worth,TX,2024-04-04,Gold,PH-005
CUS-00273,LOY-000273,Michael,Jackson,Irving,TX,2023-06-25,Gold,PH-004
CUS-00274,LOY-000274,Ethan,Smith,Irving,TX,2025-11-12,Silver,PH-004
CUS-00275,LOY-000275,Sarah,Carter,Fort Worth,TX,2022-09-18,Silver,PH-004
CUS-00276,LOY-000276,Melissa,Thomas,Fort Worth,TX,2024-12-19,Standard,PH-002
CUS-00277,LOY-000277,David,Brown,Dallas,TX,2026-03-09,Standard,PH-005
CUS-00278,LOY-000278,Rachel,Hill,Fort Worth,TX,2024-04-16,Standard,PH-001
CUS-00279,LOY-000279,Rachel,Garcia,Frisco,TX,2022-03-24,Gold,PH-002
CUS-00280,LOY-000280,Marcus,Kim,Frisco,TX,2024-02-06,Silver,PH-003
CUS-00281,LOY-000281,Emily,Lee,Plano,TX,2022-10-19,Gold,PH-004
CUS-00282,LOY-000282,Robert,Nguyen,Frisco,TX,2023-03-18,Standard,PH-004
CUS-00283,LOY-000283,Amanda,Hill,Fort Worth,TX,2023-12-16,Standard,PH-001
CUS-00284,LOY-000284,Laura,Brown,Fort Worth,TX,2023-09-27,Gold,PH-004
CUS-00285,LOY-000285,Kevin,White,Irving,TX,2024-08-31,Gold,PH-005
CUS-00286,LOY-000286,Melissa,Jackson,Plano,TX,2024-10-30,Gold,PH-004
CUS-00287,LOY-000287,Liam,Wilson,Irving,TX,2022-11-02,Gold,PH-003
CUS-00288,LOY-000288,Jennifer,White,Fort Worth,TX,2025-09-22,Gold,PH-004
CUS-00289,LOY-000289,Anthony,Chen,Irving,TX,2023-11-26,Gold,PH-001
CUS-00290,LOY-000290,Mia,Wilson,Frisco,TX,2025-08-15,Standard,PH-002
CUS-00291,LOY-000291,Noah,Lee,Fort Worth,TX,2025-07-14,Gold,PH-003
CUS-00292,LOY-000292,Jessica,Taylor,Dallas,TX,2025-08-11,Gold,PH-001
CUS-00293,LOY-000293,John,Lopez,Fort Worth,TX,2025-03-27,Standard,PH-005
CUS-00294,LOY-000294,Michael,Martinez,Irving,TX,2024-10-26,Standard,PH-001
CUS-00295,LOY-000295,Mia,Johnson,Plano,TX,2022-02-08,Silver,PH-002
CUS-00296,LOY-000296,Linda,Thomas,Fort Worth,TX,2024-06-28,Standard,PH-005
CUS-00297,LOY-000297,Olivia,Patel,Irving,TX,2025-04-21,Standard,PH-004
CUS-00298,LOY-000298,Amanda,Patel,Irving,TX,2023-01-05,Silver,PH-001
CUS-00299,LOY-000299,Michael,Patel,Irving,TX,2023-06-11,Standard,PH-001
CUS-00300,LOY-000300,Marcus,Johnson,Plano,TX,2023-08-08,Standard,PH-002
CUS-00301,LOY-000301,Daniel,Jackson,Dallas,TX,2022-11-12,Silver,PH-004
CUS-00302,LOY-000302,Mia,Miller,Dallas,TX,2025-06-12,Silver,PH-002
CUS-00303,LOY-000303,Amanda,Thomas,Dallas,TX,2023-09-03,Silver,PH-001
CUS-00304,LOY-000304,Kevin,Carter,Irving,TX,2023-10-26,Silver,PH-004
CUS-00305,LOY-000305,Marcus,King,Plano,TX,2023-05-06,Gold,PH-005
CUS-00306,LOY-000306,Linda,Brown,Fort Worth,TX,2026-03-21,Gold,PH-004
CUS-00307,LOY-000307,Marcus,Ross,Dallas,TX,2023-10-14,Silver,PH-005
CUS-00308,LOY-000308,Laura,Tran,Irving,TX,2022-03-01,Silver,PH-002
CUS-00309,LOY-000309,Amanda,Ross,Fort Worth,TX,2025-04-15,Gold,PH-001
CUS-00310,LOY-000310,Linda,Jackson,Fort Worth,TX,2025-08-27,Standard,PH-003
CUS-00311,LOY-000311,Brandon,Smith,Irving,TX,2022-06-21,Gold,PH-005
CUS-00312,LOY-000312,John,White,Plano,TX,2024-02-04,Gold,PH-002
CUS-00313,LOY-000313,Grace,Chen,Fort Worth,TX,2024-05-17,Gold,PH-004
CUS-00314,LOY-000314,Robert,Lee,Irving,TX,2025-06-25,Silver,PH-002
CUS-00315,LOY-000315,Amanda,King,Irving,TX,2023-07-14,Gold,PH-003
CUS-00316,LOY-000316,Mia,Reed,Frisco,TX,2025-07-18,Standard,PH-005
CUS-00317,LOY-000317,Michael,Nguyen,Dallas,TX,2022-11-27,Gold,PH-005
CUS-00318,LOY-000318,Brandon,Tran,Frisco,TX,2022-07-03,Silver,PH-001
CUS-00319,LOY-000319,Melissa,Moore,Fort Worth,TX,2023-07-27,Silver,PH-002
CUS-00320,LOY-000320,Olivia,Davis,Frisco,TX,2025-10-28,Silver,PH-003
CUS-00321,LOY-000321,Liam,Thomas,Irving,TX,2023-07-14,Standard,PH-003
CUS-00322,LOY-000322,Kevin,Martinez,Irving,TX,2025-05-12,Silver,PH-001
CUS-00323,LOY-000323,Noah,Carter,Dallas,TX,2025-05-31,Silver,PH-001
CUS-00324,LOY-000324,Amanda,Anderson,Plano,TX,2024-04-26,Gold,PH-004
CUS-00325,LOY-000325,Liam,Reed,Fort Worth,TX,2022-06-16,Gold,PH-001
CUS-00326,LOY-000326,Jessica,Lee,Irving,TX,2025-10-08,Standard,PH-003
CUS-00327,LOY-000327,Anthony,Lopez,Frisco,TX,2024-03-03,Standard,PH-001
CUS-00328,LOY-000328,Marcus,Wilson,Frisco,TX,2023-01-31,Silver,PH-001
CUS-00329,LOY-000329,Linda,Moore,Dallas,TX,2026-04-03,Silver,PH-003
CUS-00330,LOY-000330,John,Tran,Fort Worth,TX,2025-07-04,Silver,PH-002
CUS-00331,LOY-000331,Linda,Brown,Frisco,TX,2022-03-17,Silver,PH-004
CUS-00332,LOY-000332,Noah,Thomas,Fort Worth,TX,2023-03-05,Standard,PH-002
CUS-00333,LOY-000333,Ethan,Reed,Dallas,TX,2023-07-23,Gold,PH-005
CUS-00334,LOY-000334,Emily,Miller,Fort Worth,TX,2023-02-01,Gold,PH-005
CUS-00335,LOY-000335,Mia,Anderson,Fort Worth,TX,2025-03-03,Standard,PH-001
CUS-00336,LOY-000336,Brandon,Carter,Dallas,TX,2022-09-18,Silver,PH-005
CUS-00337,LOY-000337,Linda,Davis,Frisco,TX,2023-01-28,Gold,PH-001
CUS-00338,LOY-000338,Noah,Anderson,Fort Worth,TX,2025-06-12,Silver,PH-005
CUS-00339,LOY-000339,David,Lee,Irving,TX,2025-08-05,Gold,PH-001
CUS-00340,LOY-000340,Kevin,Smith,Irving,TX,2023-07-16,Standard,PH-005
CUS-00341,LOY-000341,David,Brown,Frisco,TX,2024-11-25,Standard,PH-002
CUS-00342,LOY-000342,Robert,Ross,Irving,TX,2024-12-26,Silver,PH-003
CUS-00343,LOY-000343,Amanda,Reed,Plano,TX,2023-11-17,Standard,PH-005
CUS-00344,LOY-000344,Grace,Lee,Plano,TX,2025-11-13,Silver,PH-001
CUS-00345,LOY-000345,Linda,Martinez,Plano,TX,2023-11-06,Silver,PH-001
CUS-00346,LOY-000346,Ethan,Taylor,Dallas,TX,2022-02-27,Silver,PH-004
CUS-00347,LOY-000347,Grace,Lee,Fort Worth,TX,2025-07-06,Silver,PH-003
CUS-00348,LOY-000348,Linda,Hill,Irving,TX,2023-05-04,Silver,PH-001
CUS-00349,LOY-000349,Kevin,Davis,Plano,TX,2022-05-30,Gold,PH-005
CUS-00350,LOY-000350,David,Jackson,Dallas,TX,2025-07-04,Silver,PH-005
CUS-00351,LOY-000351,Marcus,Tran,Dallas,TX,2022-03-10,Silver,PH-003
CUS-00352,LOY-000352,Noah,Tran,Plano,TX,2022-05-07,Silver,PH-001
CUS-00353,LOY-000353,Sophia,Lopez,Irving,TX,2022-05-15,Standard,PH-001
CUS-00354,LOY-000354,Jessica,King,Frisco,TX,2024-02-21,Silver,PH-001
CUS-00355,LOY-000355,Olivia,Jackson,Irving,TX,2023-04-23,Gold,PH-005
CUS-00356,LOY-000356,Amanda,Wilson,Irving,TX,2024-08-08,Silver,PH-005
CUS-00357,LOY-000357,Olivia,Hill,Frisco,TX,2025-08-26,Gold,PH-001
CUS-00358,LOY-000358,David,Davis,Frisco,TX,2025-04-18,Standard,PH-001
CUS-00359,LOY-000359,Marcus,Lee,Fort Worth,TX,2025-12-31,Standard,PH-005
CUS-00360,LOY-000360,Grace,Martinez,Fort Worth,TX,2022-09-16,Gold,PH-005
CUS-00361,LOY-000361,Daniel,Kim,Irving,TX,2024-09-12,Gold,PH-005
CUS-00362,LOY-000362,David,Miller,Plano,TX,2022-10-09,Standard,PH-001
CUS-00363,LOY-000363,Melissa,Nguyen,Fort Worth,TX,2024-06-11,Gold,PH-003
CUS-00364,LOY-000364,Sophia,Garcia,Fort Worth,TX,2026-05-08,Standard,PH-002
CUS-00365,LOY-000365,Emily,Nguyen,Fort Worth,TX,2023-12-04,Silver,PH-003
CUS-00366,LOY-000366,Amanda,Davis,Fort Worth,TX,2025-09-08,Gold,PH-002
CUS-00367,LOY-000367,Robert,Chen,Fort Worth,TX,2025-02-19,Standard,PH-004
CUS-00368,LOY-000368,Rachel,Martinez,Plano,TX,2025-08-04,Standard,PH-001
CUS-00369,LOY-000369,Kevin,Martinez,Irving,TX,2025-11-23,Gold,PH-004
CUS-00370,LOY-000370,Olivia,Thomas,Frisco,TX,2025-03-30,Gold,PH-003
CUS-00371,LOY-000371,Olivia,Nguyen,Irving,TX,2023-11-05,Standard,PH-001
CUS-00372,LOY-000372,David,White,Dallas,TX,2024-10-12,Standard,PH-001
CUS-00373,LOY-000373,Ethan,Chen,Plano,TX,2024-08-13,Gold,PH-002
CUS-00374,LOY-000374,Linda,Brown,Frisco,TX,2026-02-24,Silver,PH-002
CUS-00375,LOY-000375,Anthony,Miller,Dallas,TX,2024-01-14,Standard,PH-001
CUS-00376,LOY-000376,Rachel,Lee,Fort Worth,TX,2022-08-24,Standard,PH-003
CUS-00377,LOY-000377,David,Martinez,Fort Worth,TX,2026-04-17,Silver,PH-001
CUS-00378,LOY-000378,Amanda,Martinez,Plano,TX,2023-08-05,Standard,PH-002
CUS-00379,LOY-000379,Daniel,Moore,Plano,TX,2023-11-27,Gold,PH-002
CUS-00380,LOY-000380,Sarah,Martinez,Dallas,TX,2022-12-27,Silver,PH-001
CUS-00381,LOY-000381,Amanda,Anderson,Plano,TX,2024-02-16,Gold,PH-001
CUS-00382,LOY-000382,Kevin,Martinez,Frisco,TX,2024-07-23,Standard,PH-003
CUS-00383,LOY-000383,Grace,Kim,Plano,TX,2024-12-15,Gold,PH-004
CUS-00384,LOY-000384,Noah,Tran,Dallas,TX,2022-10-23,Standard,PH-002
CUS-00385,LOY-000385,John,Johnson,Irving,TX,2025-11-23,Silver,PH-003
CUS-00386,LOY-000386,Olivia,Smith,Plano,TX,2022-04-05,Gold,PH-005
CUS-00387,LOY-000387,John,Johnson,Frisco,TX,2022-11-01,Silver,PH-002
CUS-00388,LOY-000388,Robert,Taylor,Frisco,TX,2022-09-16,Gold,PH-005
CUS-00389,LOY-000389,Emily,Martinez,Dallas,TX,2024-08-21,Gold,PH-005
CUS-00390,LOY-000390,Jennifer,Miller,Fort Worth,TX,2024-03-05,Gold,PH-005
CUS-00391,LOY-000391,Rachel,Brown,Fort Worth,TX,2024-08-08,Standard,PH-003
CUS-00392,LOY-000392,Noah,Kim,Fort Worth,TX,2025-11-23,Silver,PH-004
CUS-00393,LOY-000393,Emily,Ross,Fort Worth,TX,2024-04-01,Gold,PH-005
CUS-00394,LOY-000394,Ethan,King,Plano,TX,2023-03-26,Standard,PH-004
CUS-00395,LOY-000395,Linda,Reed,Plano,TX,2023-09-19,Silver,PH-004
CUS-00396,LOY-000396,Brandon,Miller,Frisco,TX,2023-06-06,Gold,PH-001
CUS-00397,LOY-000397,Melissa,Jackson,Dallas,TX,2023-08-28,Silver,PH-005
CUS-00398,LOY-000398,Rachel,Chen,Fort Worth,TX,2022-03-26,Silver,PH-005
CUS-00399,LOY-000399,Olivia,Patel,Irving,TX,2024-07-12,Silver,PH-004
CUS-00400,LOY-000400,Laura,Kim,Irving,TX,2023-10-12,Silver,PH-004
CUS-00401,LOY-000401,Amanda,Miller,Irving,TX,2023-04-24,Silver,PH-001
CUS-00402,LOY-000402,Rachel,Tran,Frisco,TX,2024-10-24,Gold,PH-005
CUS-00403,LOY-000403,Ethan,Tran,Frisco,TX,2023-04-12,Standard,PH-001
CUS-00404,LOY-000404,Jennifer,Kim,Dallas,TX,2025-01-23,Standard,PH-003
CUS-00405,LOY-000405,John,Anderson,Frisco,TX,2023-05-28,Silver,PH-003
CUS-00406,LOY-000406,John,Thomas,Fort Worth,TX,2022-10-10,Gold,PH-005
CUS-00407,LOY-000407,Daniel,Lee,Frisco,TX,2023-08-01,Silver,PH-004
CUS-00408,LOY-000408,Anthony,Garcia,Dallas,TX,2024-08-24,Gold,PH-005
CUS-00409,LOY-000409,Liam,Carter,Irving,TX,2023-04-12,Standard,PH-002
CUS-00410,LOY-000410,Emily,Chen,Fort Worth,TX,2025-04-17,Gold,PH-004
CUS-00411,LOY-000411,Ava,Wilson,Frisco,TX,2022-06-25,Silver,PH-002
CUS-00412,LOY-000412,Laura,Jackson,Irving,TX,2023-03-06,Silver,PH-004
CUS-00413,LOY-000413,Jessica,Lee,Frisco,TX,2022-10-12,Gold,PH-002
CUS-00414,LOY-000414,Sophia,Moore,Dallas,TX,2024-10-20,Gold,PH-003
CUS-00415,LOY-000415,Kevin,Chen,Irving,TX,2024-05-21,Gold,PH-004
CUS-00416,LOY-000416,Liam,Jackson,Fort Worth,TX,2023-09-06,Silver,PH-005
CUS-00417,LOY-000417,Amanda,Garcia,Dallas,TX,2022-10-12,Standard,PH-003
CUS-00418,LOY-000418,Brandon,Taylor,Fort Worth,TX,2025-05-29,Gold,PH-004
CUS-00419,LOY-000419,Anthony,Martinez,Irving,TX,2022-05-11,Gold,PH-004
CUS-00420,LOY-000420,John,Brown,Dallas,TX,2023-11-05,Gold,PH-004
CUS-00421,LOY-000421,Ethan,Nguyen,Dallas,TX,2022-12-18,Standard,PH-005
CUS-00422,LOY-000422,Sarah,King,Fort Worth,TX,2024-09-27,Standard,PH-002
CUS-00423,LOY-000423,John,Tran,Irving,TX,2023-08-05,Standard,PH-002
CUS-00424,LOY-000424,Sophia,Anderson,Fort Worth,TX,2022-05-24,Silver,PH-001
CUS-00425,LOY-000425,Rachel,Davis,Dallas,TX,2022-12-18,Silver,PH-004
CUS-00426,LOY-000426,Anthony,Miller,Dallas,TX,2022-09-22,Gold,PH-004
CUS-00427,LOY-000427,Emily,Moore,Dallas,TX,2024-03-07,Standard,PH-002
CUS-00428,LOY-000428,John,Nguyen,Irving,TX,2025-12-24,Gold,PH-004
CUS-00429,LOY-000429,Sarah,Lopez,Fort Worth,TX,2023-09-28,Gold,PH-002
CUS-00430,LOY-000430,Michael,Thomas,Irving,TX,2023-07-19,Standard,PH-001
CUS-00431,LOY-000431,Melissa,Wilson,Dallas,TX,2024-03-28,Gold,PH-002
CUS-00432,LOY-000432,Michael,Patel,Fort Worth,TX,2024-10-02,Silver,PH-004
CUS-00433,LOY-000433,Brandon,King,Dallas,TX,2023-08-13,Gold,PH-004
CUS-00434,LOY-000434,Rachel,Thomas,Frisco,TX,2024-03-11,Gold,PH-002
CUS-00435,LOY-000435,Laura,Chen,Plano,TX,2025-06-19,Gold,PH-004
CUS-00436,LOY-000436,David,Reed,Plano,TX,2025-12-01,Gold,PH-001
CUS-00437,LOY-000437,Anthony,Thomas,Dallas,TX,2023-05-06,Standard,PH-003
CUS-00438,LOY-000438,Ethan,Johnson,Frisco,TX,2025-09-27,Standard,PH-002
CUS-00439,LOY-000439,Emily,Smith,Fort Worth,TX,2022-09-06,Silver,PH-001
CUS-00440,LOY-000440,Liam,Hill,Fort Worth,TX,2026-04-19,Silver,PH-004
CUS-00441,LOY-000441,David,Miller,Frisco,TX,2023-03-01,Gold,PH-001
CUS-00442,LOY-000442,David,Lee,Dallas,TX,2025-08-01,Gold,PH-004
CUS-00443,LOY-000443,Anthony,Patel,Irving,TX,2023-02-03,Silver,PH-001
CUS-00444,LOY-000444,Amanda,Ross,Dallas,TX,2025-12-23,Standard,PH-003
CUS-00445,LOY-000445,Mia,Moore,Irving,TX,2024-09-19,Silver,PH-001
CUS-00446,LOY-000446,Jennifer,Johnson,Plano,TX,2026-01-01,Silver,PH-002
CUS-00447,LOY-000447,Emily,Ross,Plano,TX,2022-12-16,Standard,PH-005
CUS-00448,LOY-000448,Marcus,Miller,Frisco,TX,2022-09-12,Gold,PH-004
CUS-00449,LOY-000449,Sarah,Tran,Dallas,TX,2025-10-19,Silver,PH-002
CUS-00450,LOY-000450,David,Kim,Plano,TX,2023-03-20,Gold,PH-001
CUS-00451,LOY-000451,Mia,Johnson,Plano,TX,2024-06-24,Gold,PH-001
CUS-00452,LOY-000452,Ethan,White,Fort Worth,TX,2025-08-05,Gold,PH-001
CUS-00453,LOY-000453,Anthony,Thomas,Frisco,TX,2024-06-28,Standard,PH-005
CUS-00454,LOY-000454,Amanda,King,Irving,TX,2026-04-21,Standard,PH-002
CUS-00455,LOY-000455,Rachel,Chen,Plano,TX,2022-07-07,Standard,PH-004
CUS-00456,LOY-000456,Amanda,Lee,Frisco,TX,2023-01-29,Gold,PH-001
CUS-00457,LOY-000457,Linda,Hill,Plano,TX,2026-01-22,Standard,PH-001
CUS-00458,LOY-000458,Laura,Davis,Dallas,TX,2023-11-01,Silver,PH-005
CUS-00459,LOY-000459,Ethan,Martinez,Fort Worth,TX,2023-03-01,Gold,PH-004
CUS-00460,LOY-000460,Laura,Hill,Plano,TX,2023-03-14,Standard,PH-003
CUS-00461,LOY-000461,Kevin,Miller,Dallas,TX,2024-04-03,Gold,PH-003
CUS-00462,LOY-000462,Amanda,Reed,Plano,TX,2024-07-28,Standard,PH-001
CUS-00463,LOY-000463,Mia,Ross,Fort Worth,TX,2024-01-26,Standard,PH-001
CUS-00464,LOY-000464,John,Smith,Frisco,TX,2026-04-21,Gold,PH-004
CUS-00465,LOY-000465,Marcus,Thomas,Fort Worth,TX,2025-03-11,Standard,PH-003
CUS-00466,LOY-000466,Marcus,Lopez,Frisco,TX,2025-07-16,Gold,PH-004
CUS-00467,LOY-000467,Mia,Jackson,Plano,TX,2023-11-12,Standard,PH-003
CUS-00468,LOY-000468,Mia,Brown,Dallas,TX,2023-11-18,Standard,PH-005
CUS-00469,LOY-000469,Brandon,Wilson,Irving,TX,2024-11-12,Gold,PH-002
CUS-00470,LOY-000470,Michael,Garcia,Dallas,TX,2023-04-22,Standard,PH-005
CUS-00471,LOY-000471,Liam,Hill,Frisco,TX,2023-04-30,Gold,PH-004
CUS-00472,LOY-000472,Liam,Chen,Fort Worth,TX,2022-06-12,Standard,PH-002
CUS-00473,LOY-000473,Rachel,Brown,Frisco,TX,2023-02-18,Standard,PH-004
CUS-00474,LOY-000474,John,Taylor,Dallas,TX,2023-05-03,Gold,PH-005
CUS-00475,LOY-000475,David,Moore,Frisco,TX,2022-10-02,Silver,PH-003
CUS-00476,LOY-000476,Ethan,White,Dallas,TX,2024-12-02,Silver,PH-003
CUS-00477,LOY-000477,Liam,Lee,Plano,TX,2026-02-09,Silver,PH-003
CUS-00478,LOY-000478,Linda,Martinez,Fort Worth,TX,2022-04-21,Gold,PH-002
CUS-00479,LOY-000479,Grace,Anderson,Plano,TX,2025-05-30,Silver,PH-005
CUS-00480,LOY-000480,Kevin,Miller,Irving,TX,2025-07-13,Standard,PH-001
CUS-00481,LOY-000481,Emily,Tran,Plano,TX,2022-04-17,Gold,PH-002
CUS-00482,LOY-000482,John,Carter,Dallas,TX,2022-12-22,Gold,PH-005
CUS-00483,LOY-000483,Grace,Martinez,Plano,TX,2024-11-05,Standard,PH-004
CUS-00484,LOY-000484,Ava,Wilson,Frisco,TX,2022-12-03,Gold,PH-002
CUS-00485,LOY-000485,Linda,Smith,Plano,TX,2025-05-25,Standard,PH-003
CUS-00486,LOY-000486,Sophia,Garcia,Irving,TX,2025-07-25,Standard,PH-003
CUS-00487,LOY-000487,Grace,Brown,Dallas,TX,2024-01-07,Silver,PH-004
CUS-00488,LOY-000488,Sarah,Brown,Irving,TX,2024-05-15,Gold,PH-005
CUS-00489,LOY-000489,Ava,Smith,Plano,TX,2024-09-14,Standard,PH-004
CUS-00490,LOY-000490,Laura,Tran,Frisco,TX,2025-05-03,Gold,PH-002
CUS-00491,LOY-000491,Jessica,Moore,Plano,TX,2023-06-11,Silver,PH-004
CUS-00492,LOY-000492,Sophia,Wilson,Frisco,TX,2024-02-08,Gold,PH-005
CUS-00493,LOY-000493,Emily,Tran,Frisco,TX,2022-10-07,Gold,PH-004
CUS-00494,LOY-000494,John,Carter,Plano,TX,2022-01-09,Standard,PH-005
CUS-00495,LOY-000495,Ava,Moore,Frisco,TX,2024-10-03,Silver,PH-004
CUS-00496,LOY-000496,Anthony,Moore,Frisco,TX,2024-02-26,Silver,PH-003
CUS-00497,LOY-000497,Ethan,Garcia,Dallas,TX,2024-04-17,Standard,PH-001
CUS-00498,LOY-000498,Anthony,Garcia,Plano,TX,2023-02-02,Silver,PH-003
CUS-00499,LOY-000499,Liam,Jackson,Frisco,TX,2024-11-09,Gold,PH-004
CUS-00500,LOY-000500,Ethan,Thomas,Frisco,TX,2025-11-27,Standard,PH-004
CUS-00501,LOY-000501,Laura,Moore,Plano,TX,2023-05-12,Silver,PH-001
CUS-00502,LOY-000502,Rachel,Taylor,Dallas,TX,2025-11-29,Gold,PH-002
CUS-00503,LOY-000503,Daniel,Lopez,Irving,TX,2025-10-26,Standard,PH-003
CUS-00504,LOY-000504,Linda,Lopez,Fort Worth,TX,2025-09-19,Standard,PH-001
CUS-00505,LOY-000505,Marcus,Jackson,Dallas,TX,2025-08-12,Gold,PH-004
CUS-00506,LOY-000506,Anthony,Thomas,Fort Worth,TX,2022-06-14,Gold,PH-002
CUS-00507,LOY-000507,Laura,Miller,Irving,TX,2023-06-02,Gold,PH-003
CUS-00508,LOY-000508,Michael,Johnson,Irving,TX,2025-04-15,Silver,PH-004
CUS-00509,LOY-000509,Liam,Moore,Dallas,TX,2022-08-12,Gold,PH-005
CUS-00510,LOY-000510,Liam,White,Frisco,TX,2022-10-20,Silver,PH-002
CUS-00511,LOY-000511,Ava,Reed,Frisco,TX,2022-01-14,Standard,PH-004
CUS-00512,LOY-000512,Amanda,Hill,Dallas,TX,2026-05-04,Gold,PH-004
CUS-00513,LOY-000513,Michael,Smith,Frisco,TX,2026-02-10,Silver,PH-002
CUS-00514,LOY-000514,Sarah,Kim,Plano,TX,2025-12-12,Standard,PH-002
CUS-00515,LOY-000515,Emily,Miller,Fort Worth,TX,2022-08-14,Silver,PH-005
CUS-00516,LOY-000516,John,Miller,Plano,TX,2022-05-01,Gold,PH-002
CUS-00517,LOY-000517,Grace,Jackson,Plano,TX,2023-06-16,Silver,PH-004
CUS-00518,LOY-000518,Ethan,Lopez,Dallas,TX,2025-07-27,Standard,PH-001
CUS-00519,LOY-000519,Sophia,Tran,Irving,TX,2022-09-13,Silver,PH-001
CUS-00520,LOY-000520,Kevin,Lee,Fort Worth,TX,2023-04-26,Silver,PH-004
CUS-00521,LOY-000521,Mia,Jackson,Dallas,TX,2022-01-20,Standard,PH-003
CUS-00522,LOY-000522,Liam,Lee,Fort Worth,TX,2022-03-27,Standard,PH-002
CUS-00523,LOY-000523,Michael,White,Dallas,TX,2024-02-09,Gold,PH-005
CUS-00524,LOY-000524,Liam,Ross,Irving,TX,2024-08-27,Silver,PH-005
CUS-00525,LOY-000525,Laura,Patel,Frisco,TX,2025-10-28,Silver,PH-003
CUS-00526,LOY-000526,Linda,Kim,Irving,TX,2024-02-15,Gold,PH-001
CUS-00527,LOY-000527,Rachel,Patel,Dallas,TX,2022-01-07,Silver,PH-004
CUS-00528,LOY-000528,Ava,Carter,Dallas,TX,2025-05-17,Standard,PH-005
CUS-00529,LOY-000529,Daniel,Thomas,Plano,TX,2024-01-25,Silver,PH-005
CUS-00530,LOY-000530,Mia,Anderson,Irving,TX,2024-11-20,Silver,PH-002
CUS-00531,LOY-000531,Amanda,Taylor,Frisco,TX,2022-02-04,Gold,PH-003
CUS-00532,LOY-000532,Robert,White,Frisco,TX,2025-10-20,Silver,PH-002
CUS-00533,LOY-000533,Olivia,Brown,Irving,TX,2026-02-22,Gold,PH-001
CUS-00534,LOY-000534,Rachel,Smith,Irving,TX,2025-09-10,Gold,PH-001
CUS-00535,LOY-000535,Ava,Reed,Frisco,TX,2025-05-28,Standard,PH-002
CUS-00536,LOY-000536,Michael,Garcia,Fort Worth,TX,2022-03-07,Standard,PH-004
CUS-00537,LOY-000537,Grace,Tran,Frisco,TX,2025-10-10,Gold,PH-004
CUS-00538,LOY-000538,Sarah,Wilson,Dallas,TX,2024-09-14,Gold,PH-005
CUS-00539,LOY-000539,Linda,Chen,Plano,TX,2022-12-16,Gold,PH-001
CUS-00540,LOY-000540,Marcus,Smith,Dallas,TX,2022-11-25,Silver,PH-004
CUS-00541,LOY-000541,Liam,Ross,Plano,TX,2026-01-12,Silver,PH-004
CUS-00542,LOY-000542,Mia,Hill,Plano,TX,2024-12-30,Gold,PH-004
CUS-00543,LOY-000543,Jennifer,White,Frisco,TX,2023-04-04,Gold,PH-005
CUS-00544,LOY-000544,Jennifer,Taylor,Frisco,TX,2024-02-12,Gold,PH-004
CUS-00545,LOY-000545,Ethan,Taylor,Fort Worth,TX,2024-06-13,Standard,PH-002
CUS-00546,LOY-000546,Daniel,Hill,Frisco,TX,2022-06-29,Standard,PH-001
CUS-00547,LOY-000547,Kevin,Moore,Fort Worth,TX,2023-01-21,Gold,PH-001
CUS-00548,LOY-000548,Brandon,Kim,Plano,TX,2023-10-04,Silver,PH-005
CUS-00549,LOY-000549,Ava,Lee,Frisco,TX,2022-05-07,Gold,PH-005
CUS-00550,LOY-000550,John,Reed,Irving,TX,2023-10-17,Silver,PH-002
CUS-00551,LOY-000551,Michael,Anderson,Fort Worth,TX,2025-04-24,Standard,PH-001
CUS-00552,LOY-000552,Anthony,Lee,Fort Worth,TX,2024-08-01,Silver,PH-002
CUS-00553,LOY-000553,Sophia,Chen,Irving,TX,2025-10-24,Silver,PH-002
CUS-00554,LOY-000554,Olivia,Nguyen,Plano,TX,2026-03-10,Gold,PH-001
CUS-00555,LOY-000555,Olivia,Patel,Frisco,TX,2024-10-25,Gold,PH-001
CUS-00556,LOY-000556,Daniel,Thomas,Fort Worth,TX,2024-09-06,Gold,PH-002
CUS-00557,LOY-000557,Emily,Nguyen,Irving,TX,2022-05-01,Silver,PH-002
CUS-00558,LOY-000558,Noah,Martinez,Plano,TX,2025-12-05,Gold,PH-001
CUS-00559,LOY-000559,Liam,Miller,Irving,TX,2026-01-29,Silver,PH-003
CUS-00560,LOY-000560,Mia,Miller,Dallas,TX,2025-01-27,Silver,PH-003
CUS-00561,LOY-000561,Laura,Anderson,Irving,TX,2023-12-15,Silver,PH-004
CUS-00562,LOY-000562,Jennifer,Davis,Frisco,TX,2023-08-02,Gold,PH-002
CUS-00563,LOY-000563,Noah,Johnson,Irving,TX,2022-07-19,Standard,PH-003
CUS-00564,LOY-000564,Liam,White,Fort Worth,TX,2022-04-21,Gold,PH-003
CUS-00565,LOY-000565,David,Taylor,Plano,TX,2025-03-28,Standard,PH-004
CUS-00566,LOY-000566,Noah,Brown,Frisco,TX,2022-10-24,Standard,PH-002
CUS-00567,LOY-000567,Grace,Moore,Plano,TX,2026-02-14,Gold,PH-001
CUS-00568,LOY-000568,Rachel,Moore,Fort Worth,TX,2022-07-28,Gold,PH-002
CUS-00569,LOY-000569,Anthony,Smith,Plano,TX,2022-04-26,Standard,PH-003
CUS-00570,LOY-000570,Emily,Miller,Dallas,TX,2022-08-29,Gold,PH-003
CUS-00571,LOY-000571,Brandon,Smith,Plano,TX,2025-07-08,Gold,PH-004
CUS-00572,LOY-000572,Linda,King,Dallas,TX,2023-05-09,Silver,PH-004
CUS-00573,LOY-000573,Sophia,Thomas,Fort Worth,TX,2022-12-20,Gold,PH-004
CUS-00574,LOY-000574,Liam,Thomas,Dallas,TX,2026-05-12,Silver,PH-004
CUS-00575,LOY-000575,Daniel,Taylor,Irving,TX,2024-01-23,Standard,PH-001
CUS-00576,LOY-000576,Marcus,Tran,Dallas,TX,2024-09-28,Gold,PH-005
CUS-00577,LOY-000577,Linda,Lee,Fort Worth,TX,2025-03-19,Gold,PH-004
CUS-00578,LOY-000578,Daniel,Thomas,Dallas,TX,2025-04-29,Standard,PH-004
CUS-00579,LOY-000579,Emily,Taylor,Irving,TX,2023-09-04,Gold,PH-002
CUS-00580,LOY-000580,Marcus,Patel,Dallas,TX,2026-01-01,Gold,PH-002
CUS-00581,LOY-000581,Anthony,Thomas,Dallas,TX,2024-03-17,Gold,PH-005
CUS-00582,LOY-000582,Grace,White,Fort Worth,TX,2024-09-27,Standard,PH-005
CUS-00583,LOY-000583,Brandon,Johnson,Dallas,TX,2026-03-24,Standard,PH-001
CUS-00584,LOY-000584,Sarah,Lopez,Plano,TX,2022-01-11,Gold,PH-004
CUS-00585,LOY-000585,Grace,Patel,Dallas,TX,2022-03-22,Standard,PH-005
CUS-00586,LOY-000586,John,Taylor,Plano,TX,2022-06-29,Gold,PH-003
CUS-00587,LOY-000587,Liam,King,Dallas,TX,2022-09-13,Gold,PH-003
CUS-00588,LOY-000588,Rachel,Johnson,Plano,TX,2024-05-16,Gold,PH-001
CUS-00589,LOY-000589,Linda,Nguyen,Dallas,TX,2024-11-29,Silver,PH-005
CUS-00590,LOY-000590,David,Carter,Fort Worth,TX,2024-10-01,Gold,PH-003
CUS-00591,LOY-000591,Michael,Kim,Fort Worth,TX,2025-01-07,Gold,PH-002
CUS-00592,LOY-000592,Noah,Hill,Dallas,TX,2023-05-01,Standard,PH-002
CUS-00593,LOY-000593,Melissa,Nguyen,Plano,TX,2022-10-02,Gold,PH-005
CUS-00594,LOY-000594,John,Garcia,Frisco,TX,2023-07-23,Standard,PH-005
CUS-00595,LOY-000595,Laura,Tran,Fort Worth,TX,2023-06-07,Silver,PH-004
CUS-00596,LOY-000596,Ethan,Miller,Irving,TX,2024-07-23,Standard,PH-003
CUS-00597,LOY-000597,Mia,Smith,Plano,TX,2025-01-02,Standard,PH-001
CUS-00598,LOY-000598,Ethan,Moore,Frisco,TX,2025-07-20,Gold,PH-002
CUS-00599,LOY-000599,Noah,Kim,Fort Worth,TX,2025-09-08,Gold,PH-005
CUS-00600,LOY-000600,Olivia,Miller,Irving,TX,2022-11-11,Silver,PH-004
CUS-00601,LOY-000601,Anthony,Lee,Fort Worth,TX,2023-05-22,Standard,PH-003
CUS-00602,LOY-000602,Marcus,Johnson,Dallas,TX,2025-11-01,Gold,PH-004
CUS-00603,LOY-000603,Jennifer,Patel,Dallas,TX,2024-01-14,Silver,PH-003
CUS-00604,LOY-000604,Melissa,White,Plano,TX,2023-07-15,Standard,PH-001
CUS-00605,LOY-000605,Anthony,Chen,Irving,TX,2022-08-04,Standard,PH-002
CUS-00606,LOY-000606,Michael,Moore,Frisco,TX,2025-04-20,Silver,PH-001
CUS-00607,LOY-000607,Michael,Kim,Fort Worth,TX,2023-08-01,Gold,PH-003
CUS-00608,LOY-000608,Olivia,Hill,Dallas,TX,2022-12-16,Silver,PH-004
CUS-00609,LOY-000609,Sarah,Kim,Fort Worth,TX,2025-02-03,Gold,PH-004
CUS-00610,LOY-000610,Emily,Garcia,Plano,TX,2023-06-15,Standard,PH-005
CUS-00611,LOY-000611,Noah,Carter,Plano,TX,2022-10-20,Silver,PH-005
CUS-00612,LOY-000612,Ava,Ross,Dallas,TX,2026-01-25,Gold,PH-003
CUS-00613,LOY-000613,Noah,Jackson,Plano,TX,2025-10-20,Gold,PH-004
CUS-00614,LOY-000614,Noah,Wilson,Plano,TX,2024-06-17,Silver,PH-004
CUS-00615,LOY-000615,Michael,Nguyen,Frisco,TX,2024-05-26,Gold,PH-002
CUS-00616,LOY-000616,Sophia,Taylor,Dallas,TX,2023-09-18,Silver,PH-003
CUS-00617,LOY-000617,Jennifer,Taylor,Dallas,TX,2022-06-07,Gold,PH-002
CUS-00618,LOY-000618,Jennifer,Miller,Fort Worth,TX,2022-04-28,Standard,PH-003
CUS-00619,LOY-000619,Jessica,Brown,Dallas,TX,2024-05-18,Gold,PH-005
CUS-00620,LOY-000620,Ava,Carter,Irving,TX,2024-10-16,Gold,PH-005
CUS-00621,LOY-000621,Noah,Hill,Irving,TX,2022-01-29,Gold,PH-002
CUS-00622,LOY-000622,Ava,Lee,Irving,TX,2025-12-09,Gold,PH-003
CUS-00623,LOY-000623,Linda,Moore,Fort Worth,TX,2025-11-01,Gold,PH-001
CUS-00624,LOY-000624,Olivia,Wilson,Plano,TX,2025-10-13,Gold,PH-002
CUS-00625,LOY-000625,Sarah,Tran,Frisco,TX,2022-10-01,Gold,PH-003
CUS-00626,LOY-000626,Robert,Smith,Irving,TX,2024-02-16,Standard,PH-003
CUS-00627,LOY-000627,Marcus,Patel,Plano,TX,2025-01-09,Standard,PH-003
CUS-00628,LOY-000628,Sophia,Brown,Frisco,TX,2023-06-27,Standard,PH-001
CUS-00629,LOY-000629,Ava,Taylor,Fort Worth,TX,2024-03-17,Standard,PH-003
CUS-00630,LOY-000630,Ethan,Davis,Dallas,TX,2024-08-06,Gold,PH-004
CUS-00631,LOY-000631,Robert,Kim,Dallas,TX,2025-06-14,Silver,PH-003
CUS-00632,LOY-000632,Sophia,Kim,Dallas,TX,2022-01-11,Silver,PH-002
CUS-00633,LOY-000633,Anthony,Kim,Dallas,TX,2022-07-27,Silver,PH-004
CUS-00634,LOY-000634,John,Tran,Fort Worth,TX,2024-11-19,Standard,PH-004
CUS-00635,LOY-000635,Marcus,Brown,Dallas,TX,2022-11-15,Gold,PH-003
CUS-00636,LOY-000636,Linda,Brown,Irving,TX,2024-02-06,Silver,PH-003
CUS-00637,LOY-000637,Laura,Miller,Fort Worth,TX,2023-07-06,Standard,PH-004
CUS-00638,LOY-000638,Mia,Wilson,Plano,TX,2022-10-14,Silver,PH-004
CUS-00639,LOY-000639,Amanda,Kim,Plano,TX,2022-08-15,Standard,PH-003
CUS-00640,LOY-000640,Robert,Carter,Irving,TX,2024-05-12,Gold,PH-003
CUS-00641,LOY-000641,Robert,Miller,Plano,TX,2024-09-08,Gold,PH-003
CUS-00642,LOY-000642,Marcus,Smith,Irving,TX,2025-01-31,Silver,PH-002
CUS-00643,LOY-000643,Kevin,Jackson,Irving,TX,2024-10-24,Gold,PH-004
CUS-00644,LOY-000644,Melissa,Hill,Dallas,TX,2022-02-13,Standard,PH-002
CUS-00645,LOY-000645,Rachel,Davis,Dallas,TX,2026-04-21,Gold,PH-002
CUS-00646,LOY-000646,Robert,Anderson,Frisco,TX,2024-05-29,Gold,PH-001
CUS-00647,LOY-000647,Laura,Brown,Frisco,TX,2023-08-01,Silver,PH-001
CUS-00648,LOY-000648,Liam,Smith,Plano,TX,2025-06-18,Standard,PH-005
CUS-00649,LOY-000649,Sarah,Chen,Frisco,TX,2026-04-20,Standard,PH-003
CUS-00650,LOY-000650,Noah,Chen,Irving,TX,2023-02-11,Silver,PH-001
CUS-00651,LOY-000651,Noah,Moore,Fort Worth,TX,2025-06-05,Standard,PH-002
CUS-00652,LOY-000652,Brandon,Taylor,Plano,TX,2023-04-15,Standard,PH-002
CUS-00653,LOY-000653,Anthony,King,Frisco,TX,2023-01-29,Standard,PH-004
CUS-00654,LOY-000654,Amanda,Lopez,Plano,TX,2022-07-06,Standard,PH-004
CUS-00655,LOY-000655,Laura,Davis,Frisco,TX,2025-12-04,Gold,PH-002
CUS-00656,LOY-000656,Linda,Patel,Irving,TX,2024-09-08,Standard,PH-005
CUS-00657,LOY-000657,Laura,Taylor,Dallas,TX,2023-09-16,Standard,PH-003
CUS-00658,LOY-000658,Rachel,Ross,Frisco,TX,2025-12-28,Silver,PH-002
CUS-00659,LOY-000659,Kevin,King,Plano,TX,2022-03-25,Standard,PH-001
CUS-00660,LOY-000660,Mia,Moore,Frisco,TX,2023-03-11,Silver,PH-004
CUS-00661,LOY-000661,Daniel,Lopez,Dallas,TX,2024-06-01,Standard,PH-003
CUS-00662,LOY-000662,Emily,Kim,Frisco,TX,2023-09-16,Standard,PH-001
CUS-00663,LOY-000663,Mia,Lee,Fort Worth,TX,2026-04-27,Standard,PH-003
CUS-00664,LOY-000664,Rachel,Moore,Frisco,TX,2026-03-02,Gold,PH-005
CUS-00665,LOY-000665,Olivia,Kim,Plano,TX,2025-08-24,Silver,PH-002
CUS-00666,LOY-000666,Brandon,Reed,Dallas,TX,2022-08-06,Standard,PH-005
CUS-00667,LOY-000667,Marcus,King,Fort Worth,TX,2025-09-02,Standard,PH-002
CUS-00668,LOY-000668,Noah,Wilson,Dallas,TX,2022-06-03,Gold,PH-005
CUS-00669,LOY-000669,Kevin,Nguyen,Irving,TX,2026-04-08,Standard,PH-005
CUS-00670,LOY-000670,Ava,Carter,Dallas,TX,2022-09-19,Standard,PH-004
CUS-00671,LOY-000671,Jessica,Thomas,Frisco,TX,2026-04-05,Gold,PH-003
CUS-00672,LOY-000672,Rachel,Wilson,Dallas,TX,2024-06-12,Standard,PH-004
CUS-00673,LOY-000673,Laura,Davis,Fort Worth,TX,2022-02-14,Standard,PH-005
CUS-00674,LOY-000674,Daniel,Thomas,Plano,TX,2023-08-17,Standard,PH-005
CUS-00675,LOY-000675,Robert,White,Plano,TX,2026-02-25,Silver,PH-004
CUS-00676,LOY-000676,Mia,Johnson,Fort Worth,TX,2022-06-03,Standard,PH-004
CUS-00677,LOY-000677,Liam,Davis,Irving,TX,2025-02-25,Silver,PH-004
CUS-00678,LOY-000678,Olivia,Ross,Plano,TX,2023-01-12,Standard,PH-002
CUS-00679,LOY-000679,Brandon,Martinez,Fort Worth,TX,2025-11-27,Standard,PH-005
CUS-00680,LOY-000680,David,Davis,Fort Worth,TX,2023-06-15,Silver,PH-002
CUS-00681,LOY-000681,Sophia,Thomas,Frisco,TX,2025-02-04,Standard,PH-002
CUS-00682,LOY-000682,Linda,King,Fort Worth,TX,2023-05-03,Silver,PH-001
CUS-00683,LOY-000683,Ethan,Carter,Frisco,TX,2022-09-30,Silver,PH-001
CUS-00684,LOY-000684,Ethan,Chen,Plano,TX,2024-12-30,Standard,PH-001
CUS-00685,LOY-000685,Ethan,Kim,Fort Worth,TX,2024-01-26,Silver,PH-001
CUS-00686,LOY-000686,Noah,Johnson,Frisco,TX,2026-01-18,Standard,PH-004
CUS-00687,LOY-000687,Olivia,Nguyen,Frisco,TX,2022-04-28,Gold,PH-001
CUS-00688,LOY-000688,Rachel,Chen,Frisco,TX,2022-12-28,Silver,PH-001
CUS-00689,LOY-000689,Jessica,Anderson,Fort Worth,TX,2022-08-06,Gold,PH-004
CUS-00690,LOY-000690,Ethan,Ross,Fort Worth,TX,2025-02-02,Standard,PH-004
CUS-00691,LOY-000691,Linda,Patel,Frisco,TX,2023-02-22,Gold,PH-004
CUS-00692,LOY-000692,Melissa,Wilson,Plano,TX,2026-02-03,Gold,PH-004
CUS-00693,LOY-000693,Rachel,Carter,Irving,TX,2022-07-11,Silver,PH-002
CUS-00694,LOY-000694,David,Miller,Plano,TX,2023-01-22,Gold,PH-004
CUS-00695,LOY-000695,Ava,Miller,Frisco,TX,2022-02-13,Silver,PH-002
CUS-00696,LOY-000696,Sarah,Reed,Fort Worth,TX,2023-01-20,Standard,PH-002
CUS-00697,LOY-000697,Jennifer,Smith,Plano,TX,2024-07-20,Gold,PH-004
CUS-00698,LOY-000698,Marcus,Moore,Fort Worth,TX,2022-10-09,Gold,PH-001
CUS-00699,LOY-000699,Olivia,Hill,Irving,TX,2024-02-26,Standard,PH-001
CUS-00700,LOY-000700,Amanda,Jackson,Dallas,TX,2022-09-28,Standard,PH-001
CUS-00701,LOY-000701,Daniel,Carter,Fort Worth,TX,2022-01-28,Standard,PH-001
CUS-00702,LOY-000702,Jessica,Moore,Frisco,TX,2025-12-19,Standard,PH-002
CUS-00703,LOY-000703,Melissa,Brown,Fort Worth,TX,2024-06-28,Standard,PH-003
CUS-00704,LOY-000704,Kevin,Brown,Plano,TX,2023-05-15,Standard,PH-005
CUS-00705,LOY-000705,Noah,Ross,Fort Worth,TX,2022-09-10,Standard,PH-001
CUS-00706,LOY-000706,Marcus,Johnson,Frisco,TX,2022-07-30,Gold,PH-004
CUS-00707,LOY-000707,Melissa,Lee,Plano,TX,2022-02-19,Standard,PH-004
CUS-00708,LOY-000708,Anthony,Carter,Frisco,TX,2025-09-04,Silver,PH-002
CUS-00709,LOY-000709,Mia,Reed,Dallas,TX,2024-10-04,Standard,PH-001
CUS-00710,LOY-000710,Linda,Hill,Frisco,TX,2024-01-02,Standard,PH-005
CUS-00711,LOY-000711,Kevin,Hill,Frisco,TX,2022-06-23,Standard,PH-005
CUS-00712,LOY-000712,Melissa,Miller,Irving,TX,2024-12-22,Silver,PH-005
CUS-00713,LOY-000713,Sarah,Anderson,Irving,TX,2022-11-04,Gold,PH-003
CUS-00714,LOY-000714,Olivia,Nguyen,Frisco,TX,2022-08-01,Silver,PH-004
CUS-00715,LOY-000715,Mia,Kim,Frisco,TX,2025-12-27,Standard,PH-001
CUS-00716,LOY-000716,Melissa,Jackson,Plano,TX,2023-10-18,Standard,PH-004
CUS-00717,LOY-000717,David,Moore,Irving,TX,2022-05-18,Standard,PH-005
CUS-00718,LOY-000718,Laura,Moore,Frisco,TX,2022-10-24,Standard,PH-003
CUS-00719,LOY-000719,Melissa,Miller,Irving,TX,2023-12-24,Silver,PH-004
CUS-00720,LOY-000720,Laura,Brown,Irving,TX,2025-05-17,Gold,PH-003
CUS-00721,LOY-000721,Melissa,White,Plano,TX,2024-02-24,Silver,PH-005
CUS-00722,LOY-000722,Emily,Johnson,Fort Worth,TX,2024-10-05,Gold,PH-005
CUS-00723,LOY-000723,Linda,Reed,Dallas,TX,2025-04-04,Gold,PH-004
CUS-00724,LOY-000724,Michael,Garcia,Plano,TX,2025-12-10,Standard,PH-002
CUS-00725,LOY-000725,Rachel,Lee,Plano,TX,2022-02-05,Silver,PH-005
CUS-00726,LOY-000726,Emily,Carter,Dallas,TX,2022-05-03,Silver,PH-003
CUS-00727,LOY-000727,Liam,Carter,Frisco,TX,2024-07-31,Standard,PH-005
CUS-00728,LOY-000728,Laura,Chen,Plano,TX,2023-04-05,Standard,PH-002
CUS-00729,LOY-000729,Marcus,Thomas,Plano,TX,2024-02-13,Gold,PH-001
CUS-00730,LOY-000730,Noah,Smith,Frisco,TX,2022-04-21,Gold,PH-001
CUS-00731,LOY-000731,Mia,Garcia,Dallas,TX,2024-09-03,Gold,PH-002
CUS-00732,LOY-000732,Amanda,Carter,Frisco,TX,2022-10-17,Standard,PH-002
CUS-00733,LOY-000733,Jennifer,Lee,Fort Worth,TX,2024-05-02,Standard,PH-002
CUS-00734,LOY-000734,Emily,Moore,Plano,TX,2026-03-13,Gold,PH-003
CUS-00735,LOY-000735,Emily,Smith,Frisco,TX,2024-06-28,Gold,PH-001
CUS-00736,LOY-000736,Sophia,Hill,Plano,TX,2022-05-03,Gold,PH-001
CUS-00737,LOY-000737,Olivia,Jackson,Plano,TX,2024-10-27,Standard,PH-001
CUS-00738,LOY-000738,Anthony,Smith,Irving,TX,2025-02-08,Gold,PH-003
CUS-00739,LOY-000739,Brandon,Davis,Frisco,TX,2025-12-23,Standard,PH-004
CUS-00740,LOY-000740,Sarah,Ross,Dallas,TX,2024-12-04,Silver,PH-002
CUS-00741,LOY-000741,Ava,Martinez,Irving,TX,2025-06-21,Standard,PH-002
CUS-00742,LOY-000742,Anthony,Miller,Fort Worth,TX,2025-05-24,Standard,PH-004
CUS-00743,LOY-000743,Emily,Patel,Irving,TX,2024-02-19,Standard,PH-001
CUS-00744,LOY-000744,Grace,Kim,Irving,TX,2023-02-03,Silver,PH-001
CUS-00745,LOY-000745,Marcus,Tran,Frisco,TX,2025-05-20,Silver,PH-001
CUS-00746,LOY-000746,Linda,Nguyen,Plano,TX,2025-01-14,Standard,PH-001
CUS-00747,LOY-000747,John,Lopez,Dallas,TX,2026-03-30,Silver,PH-002
CUS-00748,LOY-000748,Jessica,Martinez,Dallas,TX,2023-05-08,Silver,PH-001
CUS-00749,LOY-000749,Brandon,Garcia,Dallas,TX,2025-02-28,Silver,PH-001
CUS-00750,LOY-000750,Robert,Patel,Dallas,TX,2023-09-25,Standard,PH-003
CUS-00751,LOY-000751,Liam,Nguyen,Irving,TX,2024-10-21,Standard,PH-003
CUS-00752,LOY-000752,Liam,Reed,Frisco,TX,2022-09-23,Gold,PH-001
CUS-00753,LOY-000753,Kevin,Smith,Fort Worth,TX,2022-07-26,Gold,PH-002
CUS-00754,LOY-000754,Amanda,Garcia,Irving,TX,2024-09-03,Gold,PH-001
CUS-00755,LOY-000755,Sophia,Miller,Plano,TX,2025-10-29,Silver,PH-001
CUS-00756,LOY-000756,Ethan,Tran,Plano,TX,2023-03-18,Gold,PH-002
CUS-00757,LOY-000757,Liam,Thomas,Plano,TX,2024-10-24,Gold,PH-005
CUS-00758,LOY-000758,Ethan,Davis,Frisco,TX,2024-07-05,Standard,PH-003
CUS-00759,LOY-000759,Sophia,Kim,Fort Worth,TX,2024-06-01,Standard,PH-004
CUS-00760,LOY-000760,Linda,Martinez,Fort Worth,TX,2025-05-27,Standard,PH-002
CUS-00761,LOY-000761,Brandon,Taylor,Irving,TX,2022-07-19,Standard,PH-002
CUS-00762,LOY-000762,Liam,Nguyen,Fort Worth,TX,2026-05-20,Standard,PH-004
CUS-00763,LOY-000763,Marcus,Wilson,Frisco,TX,2022-12-14,Silver,PH-002
CUS-00764,LOY-000764,Jennifer,Ross,Fort Worth,TX,2024-01-15,Silver,PH-001
CUS-00765,LOY-000765,Jennifer,Miller,Irving,TX,2023-06-13,Silver,PH-003
CUS-00766,LOY-000766,Liam,Wilson,Plano,TX,2022-09-11,Gold,PH-004
CUS-00767,LOY-000767,Robert,Kim,Frisco,TX,2024-04-01,Silver,PH-005
CUS-00768,LOY-000768,Mia,Carter,Irving,TX,2024-01-22,Gold,PH-005
CUS-00769,LOY-000769,Kevin,Kim,Dallas,TX,2025-10-29,Silver,PH-005
CUS-00770,LOY-000770,David,Ross,Dallas,TX,2025-06-25,Gold,PH-001
CUS-00771,LOY-000771,Ava,White,Plano,TX,2025-12-04,Gold,PH-001
CUS-00772,LOY-000772,Melissa,Hill,Frisco,TX,2024-02-09,Standard,PH-005
CUS-00773,LOY-000773,Anthony,Tran,Plano,TX,2024-03-06,Silver,PH-001
CUS-00774,LOY-000774,Rachel,Wilson,Irving,TX,2025-08-08,Gold,PH-004
CUS-00775,LOY-000775,Marcus,Tran,Plano,TX,2026-02-07,Standard,PH-004
CUS-00776,LOY-000776,Liam,Smith,Plano,TX,2024-04-02,Silver,PH-001
CUS-00777,LOY-000777,Kevin,Patel,Fort Worth,TX,2024-09-22,Standard,PH-004
CUS-00778,LOY-000778,Marcus,Ross,Irving,TX,2022-03-20,Gold,PH-002
CUS-00779,LOY-000779,Emily,Carter,Plano,TX,2023-10-18,Gold,PH-001
CUS-00780,LOY-000780,Olivia,Jackson,Irving,TX,2022-05-08,Silver,PH-004
CUS-00781,LOY-000781,Emily,Martinez,Dallas,TX,2023-03-10,Standard,PH-004
CUS-00782,LOY-000782,Daniel,Ross,Plano,TX,2022-06-21,Standard,PH-001
CUS-00783,LOY-000783,Daniel,Reed,Dallas,TX,2023-09-03,Gold,PH-004
CUS-00784,LOY-000784,Laura,Davis,Plano,TX,2025-10-03,Silver,PH-002
CUS-00785,LOY-000785,Robert,Tran,Irving,TX,2023-12-02,Silver,PH-002
CUS-00786,LOY-000786,John,Kim,Irving,TX,2024-09-13,Silver,PH-005
CUS-00787,LOY-000787,Noah,White,Plano,TX,2025-11-27,Silver,PH-003
CUS-00788,LOY-000788,Noah,Garcia,Irving,TX,2022-01-21,Gold,PH-005
CUS-00789,LOY-000789,John,Tran,Fort Worth,TX,2025-06-16,Standard,PH-003
CUS-00790,LOY-000790,Mia,Moore,Frisco,TX,2022-01-30,Standard,PH-004
CUS-00791,LOY-000791,Melissa,Brown,Frisco,TX,2022-08-21,Gold,PH-004
CUS-00792,LOY-000792,Daniel,Davis,Dallas,TX,2024-07-11,Standard,PH-004
CUS-00793,LOY-000793,Ethan,Garcia,Dallas,TX,2022-03-16,Standard,PH-002
CUS-00794,LOY-000794,Laura,Thomas,Fort Worth,TX,2026-05-05,Standard,PH-005
CUS-00795,LOY-000795,Anthony,Martinez,Frisco,TX,2023-03-06,Standard,PH-005
CUS-00796,LOY-000796,Amanda,Kim,Frisco,TX,2022-02-03,Silver,PH-003
CUS-00797,LOY-000797,Michael,Hill,Irving,TX,2025-08-21,Silver,PH-004
CUS-00798,LOY-000798,Laura,Kim,Frisco,TX,2025-01-15,Silver,PH-005
CUS-00799,LOY-000799,Liam,Patel,Dallas,TX,2022-12-27,Silver,PH-004
CUS-00800,LOY-000800,Rachel,Miller,Fort Worth,TX,2025-05-03,Standard,PH-005
CUS-00801,LOY-000801,Laura,Reed,Frisco,TX,2025-09-12,Gold,PH-004
CUS-00802,LOY-000802,Ethan,Nguyen,Fort Worth,TX,2022-07-23,Standard,PH-001
CUS-00803,LOY-000803,Jennifer,Taylor,Dallas,TX,2025-06-16,Silver,PH-001
CUS-00804,LOY-000804,Emily,Moore,Fort Worth,TX,2025-01-20,Standard,PH-004
CUS-00805,LOY-000805,Michael,Garcia,Dallas,TX,2025-09-29,Silver,PH-004
CUS-00806,LOY-000806,John,Chen,Irving,TX,2025-02-03,Silver,PH-001
CUS-00807,LOY-000807,John,Brown,Dallas,TX,2023-12-20,Silver,PH-004
CUS-00808,LOY-000808,Ethan,Thomas,Irving,TX,2022-01-16,Silver,PH-002
CUS-00809,LOY-000809,Michael,Nguyen,Frisco,TX,2025-09-10,Silver,PH-003
CUS-00810,LOY-000810,Grace,Smith,Plano,TX,2022-01-09,Silver,PH-001
CUS-00811,LOY-000811,Amanda,Lee,Plano,TX,2024-02-06,Gold,PH-005
CUS-00812,LOY-000812,Kevin,Patel,Plano,TX,2025-03-17,Silver,PH-002
CUS-00813,LOY-000813,Jessica,Reed,Plano,TX,2025-06-16,Gold,PH-004
CUS-00814,LOY-000814,Robert,White,Fort Worth,TX,2024-05-28,Standard,PH-004
CUS-00815,LOY-000815,Ava,Miller,Irving,TX,2023-10-14,Gold,PH-002
CUS-00816,LOY-000816,Laura,Chen,Dallas,TX,2025-12-25,Standard,PH-005
CUS-00817,LOY-000817,Marcus,Taylor,Fort Worth,TX,2024-03-13,Gold,PH-003
CUS-00818,LOY-000818,Jessica,Miller,Frisco,TX,2023-02-22,Standard,PH-001
CUS-00819,LOY-000819,Amanda,Smith,Dallas,TX,2025-07-11,Gold,PH-002
CUS-00820,LOY-000820,Amanda,Lopez,Fort Worth,TX,2022-06-11,Gold,PH-004
CUS-00821,LOY-000821,Amanda,Moore,Plano,TX,2024-07-18,Gold,PH-003
CUS-00822,LOY-000822,Sarah,Chen,Plano,TX,2023-09-01,Standard,PH-005
CUS-00823,LOY-000823,Linda,Moore,Irving,TX,2026-04-27,Silver,PH-001
CUS-00824,LOY-000824,Daniel,Tran,Plano,TX,2025-07-08,Standard,PH-005
CUS-00825,LOY-000825,Marcus,Hill,Irving,TX,2025-05-05,Standard,PH-001
CUS-00826,LOY-000826,Melissa,Nguyen,Frisco,TX,2023-01-05,Standard,PH-001
CUS-00827,LOY-000827,Emily,Kim,Plano,TX,2024-03-11,Standard,PH-004
CUS-00828,LOY-000828,Grace,Lee,Irving,TX,2022-05-31,Silver,PH-001
CUS-00829,LOY-000829,John,Anderson,Irving,TX,2024-02-08,Silver,PH-004
CUS-00830,LOY-000830,Grace,Miller,Plano,TX,2023-09-04,Standard,PH-002
CUS-00831,LOY-000831,Mia,Garcia,Fort Worth,TX,2022-03-06,Standard,PH-003
CUS-00832,LOY-000832,Rachel,Brown,Fort Worth,TX,2025-05-13,Gold,PH-001
CUS-00833,LOY-000833,Sarah,Davis,Frisco,TX,2022-09-07,Standard,PH-005
CUS-00834,LOY-000834,Amanda,Johnson,Dallas,TX,2024-11-26,Gold,PH-002
CUS-00835,LOY-000835,John,Kim,Dallas,TX,2023-03-21,Standard,PH-003
CUS-00836,LOY-000836,Melissa,Chen,Dallas,TX,2026-01-30,Gold,PH-002
CUS-00837,LOY-000837,Daniel,Ross,Irving,TX,2023-02-13,Standard,PH-003
CUS-00838,LOY-000838,Noah,Johnson,Frisco,TX,2024-08-14,Gold,PH-004
CUS-00839,LOY-000839,Laura,Davis,Irving,TX,2023-01-31,Silver,PH-002
CUS-00840,LOY-000840,John,Anderson,Frisco,TX,2024-03-15,Standard,PH-005
CUS-00841,LOY-000841,Grace,Jackson,Fort Worth,TX,2023-10-01,Standard,PH-002
CUS-00842,LOY-000842,Ava,Brown,Irving,TX,2024-07-02,Silver,PH-005
CUS-00843,LOY-000843,Ava,Ross,Frisco,TX,2025-06-29,Standard,PH-005
CUS-00844,LOY-000844,Anthony,Smith,Plano,TX,2025-03-07,Silver,PH-003
CUS-00845,LOY-000845,Ethan,Tran,Irving,TX,2022-12-09,Standard,PH-005
CUS-00846,LOY-000846,Daniel,Garcia,Irving,TX,2023-08-25,Gold,PH-005
CUS-00847,LOY-000847,Rachel,Reed,Dallas,TX,2022-08-23,Standard,PH-003
CUS-00848,LOY-000848,Laura,White,Plano,TX,2024-01-03,Standard,PH-001
CUS-00849,LOY-000849,John,Anderson,Frisco,TX,2024-02-01,Standard,PH-003
CUS-00850,LOY-000850,Marcus,Lee,Frisco,TX,2025-11-10,Standard,PH-003
CUS-00851,LOY-000851,John,Wilson,Fort Worth,TX,2023-10-21,Standard,PH-005
CUS-00852,LOY-000852,Jennifer,Reed,Frisco,TX,2025-05-17,Standard,PH-005
CUS-00853,LOY-000853,John,Hill,Fort Worth,TX,2023-07-24,Gold,PH-005
CUS-00854,LOY-000854,Grace,Anderson,Dallas,TX,2025-03-21,Gold,PH-004
CUS-00855,LOY-000855,Mia,Jackson,Irving,TX,2023-10-13,Silver,PH-002
CUS-00856,LOY-000856,John,King,Irving,TX,2024-10-18,Standard,PH-003
CUS-00857,LOY-000857,Laura,Hill,Dallas,TX,2024-07-16,Standard,PH-005
CUS-00858,LOY-000858,Kevin,Garcia,Irving,TX,2023-04-30,Gold,PH-001
CUS-00859,LOY-000859,Sophia,Lee,Fort Worth,TX,2022-01-10,Silver,PH-003
CUS-00860,LOY-000860,Melissa,Reed,Dallas,TX,2024-12-28,Gold,PH-001
CUS-00861,LOY-000861,Kevin,Taylor,Dallas,TX,2022-05-23,Silver,PH-001
CUS-00862,LOY-000862,Grace,Smith,Frisco,TX,2023-07-17,Silver,PH-003
CUS-00863,LOY-000863,Anthony,Tran,Fort Worth,TX,2026-05-06,Silver,PH-004
CUS-00864,LOY-000864,Olivia,King,Irving,TX,2023-09-04,Gold,PH-004
CUS-00865,LOY-000865,Emily,Taylor,Dallas,TX,2024-02-05,Gold,PH-001
CUS-00866,LOY-000866,Amanda,Chen,Dallas,TX,2022-01-22,Standard,PH-001
CUS-00867,LOY-000867,Kevin,Thomas,Irving,TX,2023-04-09,Standard,PH-001
CUS-00868,LOY-000868,John,Moore,Frisco,TX,2025-01-05,Standard,PH-001
CUS-00869,LOY-000869,Daniel,White,Dallas,TX,2022-08-15,Standard,PH-003
CUS-00870,LOY-000870,Jennifer,Ross,Frisco,TX,2025-11-09,Gold,PH-004
CUS-00871,LOY-000871,Daniel,Thomas,Plano,TX,2022-10-10,Gold,PH-004
CUS-00872,LOY-000872,Marcus,Carter,Frisco,TX,2022-10-31,Gold,PH-004
CUS-00873,LOY-000873,Ethan,Wilson,Dallas,TX,2024-12-04,Gold,PH-002
CUS-00874,LOY-000874,Brandon,Brown,Irving,TX,2023-07-29,Silver,PH-004
CUS-00875,LOY-000875,Linda,Tran,Frisco,TX,2026-04-19,Silver,PH-001
CUS-00876,LOY-000876,Rachel,Johnson,Plano,TX,2025-09-12,Gold,PH-002
CUS-00877,LOY-000877,Noah,Tran,Dallas,TX,2024-10-09,Standard,PH-002
CUS-00878,LOY-000878,Amanda,Anderson,Plano,TX,2024-08-16,Silver,PH-002
CUS-00879,LOY-000879,Emily,Hill,Frisco,TX,2023-03-04,Gold,PH-005
CUS-00880,LOY-000880,Michael,Patel,Frisco,TX,2025-12-22,Silver,PH-002
CUS-00881,LOY-000881,Michael,Hill,Plano,TX,2023-03-25,Silver,PH-004
CUS-00882,LOY-000882,David,Lopez,Fort Worth,TX,2023-02-20,Silver,PH-002
CUS-00883,LOY-000883,Jennifer,Ross,Irving,TX,2022-12-03,Gold,PH-003
CUS-00884,LOY-000884,Brandon,Taylor,Dallas,TX,2022-10-29,Silver,PH-001
CUS-00885,LOY-000885,Ava,Hill,Plano,TX,2022-02-03,Silver,PH-002
CUS-00886,LOY-000886,Daniel,Lee,Irving,TX,2025-09-17,Gold,PH-004
CUS-00887,LOY-000887,Rachel,Ross,Dallas,TX,2025-02-01,Standard,PH-003
CUS-00888,LOY-000888,Laura,Martinez,Plano,TX,2024-03-23,Gold,PH-004
CUS-00889,LOY-000889,Michael,Patel,Dallas,TX,2024-06-22,Silver,PH-003
CUS-00890,LOY-000890,Marcus,King,Irving,TX,2026-02-08,Silver,PH-002
CUS-00891,LOY-000891,Sophia,Martinez,Irving,TX,2022-12-28,Gold,PH-003
CUS-00892,LOY-000892,Michael,Lopez,Irving,TX,2024-11-28,Silver,PH-001
CUS-00893,LOY-000893,Mia,King,Plano,TX,2022-08-16,Standard,PH-001
CUS-00894,LOY-000894,Robert,King,Fort Worth,TX,2023-06-30,Standard,PH-001
CUS-00895,LOY-000895,Jessica,Hill,Frisco,TX,2023-04-09,Gold,PH-004
CUS-00896,LOY-000896,Anthony,Reed,Dallas,TX,2023-03-27,Gold,PH-003
CUS-00897,LOY-000897,Emily,Martinez,Plano,TX,2023-02-21,Silver,PH-003
CUS-00898,LOY-000898,Noah,Lopez,Frisco,TX,2026-02-11,Standard,PH-001
CUS-00899,LOY-000899,Sarah,Davis,Fort Worth,TX,2024-09-03,Gold,PH-003
CUS-00900,LOY-000900,Noah,Chen,Plano,TX,2023-10-08,Gold,PH-001
CUS-00901,LOY-000901,Sarah,Miller,Frisco,TX,2024-07-21,Standard,PH-001
CUS-00902,LOY-000902,Mia,Brown,Irving,TX,2023-11-16,Standard,PH-002
CUS-00903,LOY-000903,Daniel,Tran,Plano,TX,2025-10-23,Standard,PH-005
CUS-00904,LOY-000904,Rachel,Brown,Fort Worth,TX,2022-01-03,Silver,PH-002
CUS-00905,LOY-000905,Emily,Hill,Dallas,TX,2022-02-05,Gold,PH-003
CUS-00906,LOY-000906,Linda,Davis,Fort Worth,TX,2022-12-09,Standard,PH-001
CUS-00907,LOY-000907,Marcus,Nguyen,Frisco,TX,2024-07-15,Silver,PH-003
CUS-00908,LOY-000908,Jessica,Ross,Irving,TX,2023-06-04,Silver,PH-004
CUS-00909,LOY-000909,Amanda,Kim,Frisco,TX,2025-12-25,Silver,PH-005
CUS-00910,LOY-000910,Liam,Anderson,Fort Worth,TX,2024-09-18,Standard,PH-003
CUS-00911,LOY-000911,Mia,Davis,Dallas,TX,2022-10-30,Silver,PH-002
CUS-00912,LOY-000912,Mia,Carter,Frisco,TX,2024-10-16,Standard,PH-002
CUS-00913,LOY-000913,Brandon,Moore,Irving,TX,2024-01-07,Standard,PH-001
CUS-00914,LOY-000914,John,Reed,Dallas,TX,2023-07-15,Gold,PH-005
CUS-00915,LOY-000915,David,Davis,Plano,TX,2023-06-28,Gold,PH-003
CUS-00916,LOY-000916,Kevin,Reed,Fort Worth,TX,2024-05-04,Silver,PH-003
CUS-00917,LOY-000917,John,King,Fort Worth,TX,2024-12-01,Gold,PH-003
CUS-00918,LOY-000918,Olivia,Hill,Irving,TX,2024-07-20,Gold,PH-003
CUS-00919,LOY-000919,Sophia,Hill,Dallas,TX,2024-10-18,Gold,PH-002
CUS-00920,LOY-000920,David,Anderson,Plano,TX,2024-12-07,Silver,PH-005
CUS-00921,LOY-000921,Jessica,Anderson,Plano,TX,2023-09-14,Silver,PH-003
CUS-00922,LOY-000922,Jennifer,White,Frisco,TX,2022-02-01,Silver,PH-001
CUS-00923,LOY-000923,John,Nguyen,Fort Worth,TX,2022-09-10,Standard,PH-004
CUS-00924,LOY-000924,Sophia,Lee,Irving,TX,2023-12-23,Gold,PH-001
CUS-00925,LOY-000925,Robert,Ross,Plano,TX,2023-12-19,Silver,PH-005
CUS-00926,LOY-000926,Mia,Jackson,Fort Worth,TX,2022-11-14,Standard,PH-003
CUS-00927,LOY-000927,Melissa,Moore,Plano,TX,2024-06-03,Gold,PH-001
CUS-00928,LOY-000928,Sophia,Chen,Dallas,TX,2024-08-27,Silver,PH-002
CUS-00929,LOY-000929,Grace,Anderson,Irving,TX,2024-05-15,Silver,PH-001
CUS-00930,LOY-000930,Daniel,Nguyen,Fort Worth,TX,2023-09-29,Standard,PH-005
CUS-00931,LOY-000931,Laura,Anderson,Frisco,TX,2025-03-30,Standard,PH-002
CUS-00932,LOY-000932,Daniel,Carter,Irving,TX,2025-02-09,Standard,PH-003
CUS-00933,LOY-000933,Sophia,Tran,Frisco,TX,2025-03-06,Gold,PH-004
CUS-00934,LOY-000934,Jessica,Miller,Irving,TX,2024-06-13,Standard,PH-002
CUS-00935,LOY-000935,Michael,Wilson,Frisco,TX,2024-10-28,Gold,PH-003
CUS-00936,LOY-000936,David,Kim,Irving,TX,2024-08-13,Silver,PH-004
CUS-00937,LOY-000937,David,Lee,Fort Worth,TX,2022-02-24,Silver,PH-001
CUS-00938,LOY-000938,Liam,Carter,Fort Worth,TX,2023-09-12,Standard,PH-005
CUS-00939,LOY-000939,Michael,Kim,Plano,TX,2025-06-25,Gold,PH-005
CUS-00940,LOY-000940,Sophia,King,Irving,TX,2022-09-15,Silver,PH-001
CUS-00941,LOY-000941,David,White,Fort Worth,TX,2024-07-31,Standard,PH-001
CUS-00942,LOY-000942,Robert,Ross,Dallas,TX,2023-11-14,Gold,PH-001
CUS-00943,LOY-000943,Sophia,Garcia,Irving,TX,2025-11-15,Silver,PH-001
CUS-00944,LOY-000944,Marcus,Moore,Fort Worth,TX,2025-10-13,Gold,PH-001
CUS-00945,LOY-000945,Noah,Martinez,Fort Worth,TX,2022-10-23,Gold,PH-004
CUS-00946,LOY-000946,Melissa,Chen,Plano,TX,2023-09-09,Gold,PH-003
CUS-00947,LOY-000947,Ava,Lee,Irving,TX,2025-07-01,Gold,PH-002
CUS-00948,LOY-000948,Marcus,Tran,Dallas,TX,2022-11-10,Gold,PH-001
CUS-00949,LOY-000949,Michael,Hill,Plano,TX,2023-02-23,Standard,PH-004
CUS-00950,LOY-000950,Amanda,Davis,Irving,TX,2024-03-11,Standard,PH-001
CUS-00951,LOY-000951,Sophia,Reed,Irving,TX,2023-01-12,Standard,PH-005
CUS-00952,LOY-000952,Daniel,Lopez,Irving,TX,2025-09-09,Gold,PH-001
CUS-00953,LOY-000953,Laura,Carter,Dallas,TX,2023-01-14,Standard,PH-002
CUS-00954,LOY-000954,Sarah,Davis,Fort Worth,TX,2023-02-15,Silver,PH-004
CUS-00955,LOY-000955,Sophia,Nguyen,Dallas,TX,2025-04-20,Silver,PH-003
CUS-00956,LOY-000956,Mia,Ross,Irving,TX,2024-03-01,Gold,PH-001
CUS-00957,LOY-000957,David,Smith,Irving,TX,2022-10-31,Standard,PH-003
CUS-00958,LOY-000958,David,Hill,Fort Worth,TX,2024-03-08,Standard,PH-005
CUS-00959,LOY-000959,Sophia,King,Fort Worth,TX,2024-06-29,Standard,PH-003
CUS-00960,LOY-000960,Melissa,Wilson,Irving,TX,2023-07-22,Standard,PH-002
CUS-00961,LOY-000961,Rachel,Davis,Fort Worth,TX,2023-03-08,Silver,PH-005
CUS-00962,LOY-000962,Anthony,Davis,Dallas,TX,2022-12-24,Gold,PH-002
CUS-00963,LOY-000963,Rachel,Taylor,Fort Worth,TX,2023-11-26,Silver,PH-002
CUS-00964,LOY-000964,Daniel,White,Frisco,TX,2024-03-17,Standard,PH-004
CUS-00965,LOY-000965,Anthony,Brown,Fort Worth,TX,2025-09-11,Standard,PH-005
CUS-00966,LOY-000966,Noah,Davis,Fort Worth,TX,2023-06-15,Standard,PH-003
CUS-00967,LOY-000967,Brandon,Garcia,Frisco,TX,2025-04-12,Gold,PH-004
CUS-00968,LOY-000968,Jennifer,King,Dallas,TX,2026-02-09,Standard,PH-002
CUS-00969,LOY-000969,Marcus,Anderson,Dallas,TX,2024-10-19,Gold,PH-004
CUS-00970,LOY-000970,Kevin,Jackson,Plano,TX,2026-04-30,Gold,PH-002
CUS-00971,LOY-000971,Marcus,Miller,Irving,TX,2026-03-28,Silver,PH-001
CUS-00972,LOY-000972,Robert,Lopez,Frisco,TX,2022-08-23,Standard,PH-001
CUS-00973,LOY-000973,David,Jackson,Frisco,TX,2025-05-27,Gold,PH-001
CUS-00974,LOY-000974,Sarah,Patel,Dallas,TX,2025-12-01,Silver,PH-004
CUS-00975,LOY-000975,Melissa,Taylor,Fort Worth,TX,2025-02-13,Standard,PH-002
CUS-00976,LOY-000976,Daniel,Brown,Irving,TX,2025-10-22,Silver,PH-002
CUS-00977,LOY-000977,John,Moore,Plano,TX,2024-06-07,Gold,PH-002
CUS-00978,LOY-000978,Jennifer,Garcia,Dallas,TX,2025-07-12,Gold,PH-001
CUS-00979,LOY-000979,John,King,Plano,TX,2022-01-11,Silver,PH-004
CUS-00980,LOY-000980,Brandon,Johnson,Dallas,TX,2023-11-29,Standard,PH-005
CUS-00981,LOY-000981,Emily,Martinez,Plano,TX,2025-03-14,Silver,PH-005
CUS-00982,LOY-000982,Rachel,Kim,Fort Worth,TX,2025-02-18,Standard,PH-001
CUS-00983,LOY-000983,David,Smith,Irving,TX,2022-05-26,Gold,PH-001
CUS-00984,LOY-000984,Melissa,White,Fort Worth,TX,2023-09-03,Standard,PH-001
CUS-00985,LOY-000985,Emily,Chen,Dallas,TX,2025-05-16,Gold,PH-003
CUS-00986,LOY-000986,Amanda,Chen,Frisco,TX,2023-05-30,Silver,PH-003
CUS-00987,LOY-000987,Jennifer,Miller,Frisco,TX,2022-06-03,Gold,PH-005
CUS-00988,LOY-000988,Linda,Davis,Fort Worth,TX,2024-10-21,Silver,PH-004
CUS-00989,LOY-000989,Olivia,King,Fort Worth,TX,2025-11-29,Standard,PH-005
CUS-00990,LOY-000990,Emily,Ross,Dallas,TX,2022-03-08,Silver,PH-004
CUS-00991,LOY-000991,Daniel,Martinez,Frisco,TX,2026-04-16,Standard,PH-002
CUS-00992,LOY-000992,John,Johnson,Frisco,TX,2026-04-01,Gold,PH-001
CUS-00993,LOY-000993,Linda,Brown,Dallas,TX,2025-02-28,Gold,PH-001
CUS-00994,LOY-000994,Rachel,Tran,Irving,TX,2025-05-10,Gold,PH-005
CUS-00995,LOY-000995,Jennifer,Johnson,Irving,TX,2022-09-23,Silver,PH-001
CUS-00996,LOY-000996,Marcus,King,Irving,TX,2024-11-05,Standard,PH-003
CUS-00997,LOY-000997,Laura,Brown,Frisco,TX,2026-05-20,Standard,PH-001
CUS-00998,LOY-000998,Robert,Lee,Plano,TX,2024-12-30,Gold,PH-004
CUS-00999,LOY-000999,Mia,Anderson,Dallas,TX,2025-02-05,Silver,PH-001
CUS-01000,LOY-001000,Anthony,Jackson,Irving,TX,2025-11-25,Standard,PH-004
CUS-01001,LOY-001001,Noah,Smith,Fort Worth,TX,2022-10-10,Standard,PH-004
CUS-01002,LOY-001002,Marcus,Lopez,Frisco,TX,2023-12-22,Standard,PH-003
CUS-01003,LOY-001003,Laura,King,Plano,TX,2023-04-21,Standard,PH-005
CUS-01004,LOY-001004,Amanda,Chen,Irving,TX,2026-03-11,Gold,PH-005
CUS-01005,LOY-001005,Robert,White,Dallas,TX,2026-01-14,Standard,PH-001
CUS-01006,LOY-001006,Jennifer,King,Plano,TX,2024-06-17,Standard,PH-003
CUS-01007,LOY-001007,Robert,Patel,Frisco,TX,2025-05-18,Gold,PH-002
CUS-01008,LOY-001008,Sophia,Carter,Fort Worth,TX,2024-03-25,Silver,PH-001
CUS-01009,LOY-001009,Mia,Tran,Dallas,TX,2023-05-28,Gold,PH-002
CUS-01010,LOY-001010,Emily,Thomas,Frisco,TX,2023-03-28,Silver,PH-003
CUS-01011,LOY-001011,Rachel,Jackson,Fort Worth,TX,2023-08-23,Gold,PH-002
CUS-01012,LOY-001012,Michael,Ross,Frisco,TX,2025-11-30,Gold,PH-005
CUS-01013,LOY-001013,Marcus,King,Frisco,TX,2024-04-21,Gold,PH-005
CUS-01014,LOY-001014,Emily,Ross,Dallas,TX,2023-02-21,Standard,PH-005
CUS-01015,LOY-001015,Linda,Nguyen,Fort Worth,TX,2023-03-08,Standard,PH-003
CUS-01016,LOY-001016,Ava,White,Plano,TX,2022-03-15,Standard,PH-004
CUS-01017,LOY-001017,Ethan,Jackson,Irving,TX,2022-08-22,Standard,PH-004
CUS-01018,LOY-001018,Robert,Ross,Frisco,TX,2025-04-19,Silver,PH-003
CUS-01019,LOY-001019,Jennifer,King,Frisco,TX,2025-06-02,Silver,PH-004
CUS-01020,LOY-001020,Amanda,Reed,Irving,TX,2024-06-28,Standard,PH-002
CUS-01021,LOY-001021,John,Reed,Plano,TX,2025-09-13,Silver,PH-005
CUS-01022,LOY-001022,Robert,Anderson,Frisco,TX,2022-03-06,Gold,PH-003
CUS-01023,LOY-001023,Amanda,Lopez,Frisco,TX,2023-06-22,Gold,PH-002
CUS-01024,LOY-001024,Liam,Lee,Frisco,TX,2026-01-26,Gold,PH-004
CUS-01025,LOY-001025,Laura,White,Dallas,TX,2022-08-12,Gold,PH-004
CUS-01026,LOY-001026,Ava,Anderson,Frisco,TX,2024-12-31,Silver,PH-004
CUS-01027,LOY-001027,Brandon,Moore,Fort Worth,TX,2026-04-24,Gold,PH-003
CUS-01028,LOY-001028,Sarah,Reed,Irving,TX,2026-03-08,Standard,PH-002
CUS-01029,LOY-001029,Amanda,Ross,Frisco,TX,2022-06-25,Standard,PH-005
CUS-01030,LOY-001030,Sophia,Patel,Fort Worth,TX,2024-03-19,Standard,PH-005
CUS-01031,LOY-001031,Daniel,Kim,Frisco,TX,2025-09-12,Silver,PH-005
CUS-01032,LOY-001032,Amanda,Hill,Frisco,TX,2025-03-10,Gold,PH-003
CUS-01033,LOY-001033,Daniel,Miller,Irving,TX,2024-08-05,Standard,PH-004
CUS-01034,LOY-001034,Amanda,Wilson,Dallas,TX,2024-01-05,Silver,PH-005
CUS-01035,LOY-001035,John,Smith,Dallas,TX,2025-04-01,Standard,PH-003
CUS-01036,LOY-001036,Olivia,Johnson,Frisco,TX,2022-05-12,Silver,PH-002
CUS-01037,LOY-001037,Daniel,Jackson,Frisco,TX,2023-06-16,Silver,PH-002
CUS-01038,LOY-001038,Linda,Taylor,Plano,TX,2022-10-28,Gold,PH-001
CUS-01039,LOY-001039,Linda,Hill,Dallas,TX,2023-01-13,Gold,PH-005
CUS-01040,LOY-001040,David,Garcia,Frisco,TX,2022-03-27,Gold,PH-002
CUS-01041,LOY-001041,Robert,Thomas,Frisco,TX,2023-06-12,Standard,PH-003
CUS-01042,LOY-001042,Jessica,Thomas,Dallas,TX,2025-05-14,Standard,PH-003
CUS-01043,LOY-001043,Marcus,Tran,Fort Worth,TX,2024-06-27,Standard,PH-005
CUS-01044,LOY-001044,Jennifer,Chen,Plano,TX,2023-10-30,Gold,PH-003
CUS-01045,LOY-001045,Mia,Smith,Dallas,TX,2025-08-07,Silver,PH-003
CUS-01046,LOY-001046,Melissa,Lee,Frisco,TX,2025-05-28,Silver,PH-003
CUS-01047,LOY-001047,Laura,Taylor,Frisco,TX,2024-08-21,Silver,PH-005
CUS-01048,LOY-001048,Amanda,Miller,Frisco,TX,2022-04-02,Silver,PH-002
CUS-01049,LOY-001049,Brandon,Lee,Dallas,TX,2025-06-01,Standard,PH-003
CUS-01050,LOY-001050,Michael,Thomas,Fort Worth,TX,2025-04-05,Gold,PH-003
CUS-01051,LOY-001051,John,Reed,Fort Worth,TX,2022-03-08,Gold,PH-002
CUS-01052,LOY-001052,Anthony,Jackson,Dallas,TX,2022-06-08,Standard,PH-005
CUS-01053,LOY-001053,Michael,Garcia,Fort Worth,TX,2026-02-12,Silver,PH-005
CUS-01054,LOY-001054,Ava,Hill,Fort Worth,TX,2022-04-16,Gold,PH-004
CUS-01055,LOY-001055,Mia,Davis,Fort Worth,TX,2024-06-22,Silver,PH-003
CUS-01056,LOY-001056,John,Garcia,Frisco,TX,2023-05-15,Silver,PH-002
CUS-01057,LOY-001057,Grace,Jackson,Frisco,TX,2023-04-18,Silver,PH-003
CUS-01058,LOY-001058,Ava,Hill,Plano,TX,2024-06-30,Gold,PH-004
CUS-01059,LOY-001059,Rachel,Tran,Frisco,TX,2025-02-21,Gold,PH-001
CUS-01060,LOY-001060,Rachel,Taylor,Irving,TX,2025-05-24,Standard,PH-004
CUS-01061,LOY-001061,Grace,Smith,Plano,TX,2025-03-12,Standard,PH-005
CUS-01062,LOY-001062,Linda,Jackson,Irving,TX,2025-10-12,Gold,PH-002
CUS-01063,LOY-001063,Olivia,Ross,Frisco,TX,2023-12-01,Silver,PH-001
CUS-01064,LOY-001064,Jennifer,Smith,Irving,TX,2024-10-31,Standard,PH-005
CUS-01065,LOY-001065,Emily,Taylor,Plano,TX,2023-01-04,Silver,PH-001
CUS-01066,LOY-001066,Sarah,Hill,Irving,TX,2023-06-24,Gold,PH-004
CUS-01067,LOY-001067,Ava,Hill,Plano,TX,2022-03-11,Silver,PH-001
CUS-01068,LOY-001068,Noah,Miller,Dallas,TX,2022-09-29,Gold,PH-005
CUS-01069,LOY-001069,Anthony,Smith,Frisco,TX,2022-09-19,Silver,PH-005
CUS-01070,LOY-001070,Linda,Thomas,Frisco,TX,2022-09-01,Silver,PH-003
CUS-01071,LOY-001071,Brandon,Lopez,Fort Worth,TX,2022-08-09,Gold,PH-001
CUS-01072,LOY-001072,Jennifer,Moore,Frisco,TX,2024-07-08,Silver,PH-004
CUS-01073,LOY-001073,Ava,Smith,Frisco,TX,2026-04-01,Silver,PH-002
CUS-01074,LOY-001074,Ava,Miller,Fort Worth,TX,2024-11-09,Standard,PH-002
CUS-01075,LOY-001075,Amanda,Garcia,Fort Worth,TX,2024-01-28,Gold,PH-004
CUS-01076,LOY-001076,Anthony,Patel,Irving,TX,2022-12-28,Gold,PH-005
CUS-01077,LOY-001077,Daniel,Jackson,Dallas,TX,2023-04-21,Silver,PH-004
CUS-01078,LOY-001078,Kevin,King,Fort Worth,TX,2024-11-26,Gold,PH-005
CUS-01079,LOY-001079,Michael,Smith,Frisco,TX,2023-10-24,Silver,PH-003
CUS-01080,LOY-001080,Liam,Miller,Plano,TX,2022-03-27,Gold,PH-002
CUS-01081,LOY-001081,Laura,Davis,Frisco,TX,2025-03-23,Gold,PH-003
CUS-01082,LOY-001082,Marcus,Kim,Frisco,TX,2022-12-06,Standard,PH-003
CUS-01083,LOY-001083,Daniel,Brown,Irving,TX,2023-04-04,Standard,PH-003
CUS-01084,LOY-001084,Daniel,Lopez,Dallas,TX,2023-04-20,Gold,PH-003
CUS-01085,LOY-001085,Melissa,Hill,Plano,TX,2025-02-04,Gold,PH-002
CUS-01086,LOY-001086,Amanda,Lopez,Dallas,TX,2025-01-10,Gold,PH-002
CUS-01087,LOY-001087,Amanda,Brown,Dallas,TX,2024-01-27,Standard,PH-003
CUS-01088,LOY-001088,Brandon,Smith,Irving,TX,2024-12-02,Standard,PH-004
CUS-01089,LOY-001089,Sophia,Hill,Dallas,TX,2024-06-29,Silver,PH-004
CUS-01090,LOY-001090,Daniel,Tran,Plano,TX,2023-07-25,Gold,PH-001
CUS-01091,LOY-001091,Rachel,White,Dallas,TX,2026-03-05,Standard,PH-001
CUS-01092,LOY-001092,Kevin,Miller,Fort Worth,TX,2023-11-18,Silver,PH-004
CUS-01093,LOY-001093,Ethan,Moore,Fort Worth,TX,2025-10-08,Standard,PH-003
CUS-01094,LOY-001094,Robert,Smith,Dallas,TX,2025-12-15,Gold,PH-003
CUS-01095,LOY-001095,John,Johnson,Dallas,TX,2025-07-23,Gold,PH-001
CUS-01096,LOY-001096,Linda,Carter,Fort Worth,TX,2024-02-10,Standard,PH-002
CUS-01097,LOY-001097,Daniel,Brown,Plano,TX,2024-09-19,Standard,PH-004
CUS-01098,LOY-001098,Sophia,Carter,Plano,TX,2025-07-24,Standard,PH-005
CUS-01099,LOY-001099,Ava,Moore,Plano,TX,2022-01-07,Silver,PH-001
CUS-01100,LOY-001100,Emily,Johnson,Fort Worth,TX,2023-03-04,Gold,PH-002
CUS-01101,LOY-001101,Robert,Smith,Frisco,TX,2025-06-10,Silver,PH-005
CUS-01102,LOY-001102,Linda,Taylor,Frisco,TX,2024-09-18,Gold,PH-002
CUS-01103,LOY-001103,Sophia,Chen,Frisco,TX,2025-09-30,Silver,PH-004
CUS-01104,LOY-001104,Grace,Taylor,Irving,TX,2025-05-09,Silver,PH-005
CUS-01105,LOY-001105,Emily,Nguyen,Dallas,TX,2023-03-25,Standard,PH-003
CUS-01106,LOY-001106,Laura,Wilson,Frisco,TX,2023-05-22,Gold,PH-004
CUS-01107,LOY-001107,Marcus,Miller,Irving,TX,2023-10-16,Gold,PH-001
CUS-01108,LOY-001108,Rachel,Thomas,Irving,TX,2025-12-14,Standard,PH-004
CUS-01109,LOY-001109,Grace,Brown,Fort Worth,TX,2024-04-23,Gold,PH-002
CUS-01110,LOY-001110,Amanda,Nguyen,Frisco,TX,2024-11-05,Standard,PH-004
CUS-01111,LOY-001111,Robert,Johnson,Frisco,TX,2023-06-20,Gold,PH-003
CUS-01112,LOY-001112,Laura,Reed,Irving,TX,2024-05-20,Silver,PH-003
CUS-01113,LOY-001113,Robert,Ross,Irving,TX,2026-01-31,Standard,PH-003
CUS-01114,LOY-001114,Ethan,King,Frisco,TX,2024-07-05,Silver,PH-002
CUS-01115,LOY-001115,Brandon,Miller,Fort Worth,TX,2023-02-27,Gold,PH-001
CUS-01116,LOY-001116,Olivia,Lopez,Frisco,TX,2022-09-22,Gold,PH-005
CUS-01117,LOY-001117,Amanda,Moore,Dallas,TX,2024-02-16,Standard,PH-003
CUS-01118,LOY-001118,Rachel,Jackson,Fort Worth,TX,2022-05-10,Gold,PH-001
CUS-01119,LOY-001119,Michael,Martinez,Frisco,TX,2025-01-01,Standard,PH-002
CUS-01120,LOY-001120,Jessica,Reed,Plano,TX,2023-08-18,Standard,PH-003
CUS-01121,LOY-001121,Kevin,Smith,Plano,TX,2025-02-06,Gold,PH-002
CUS-01122,LOY-001122,Amanda,King,Dallas,TX,2026-03-27,Gold,PH-001
CUS-01123,LOY-001123,Michael,Reed,Irving,TX,2022-03-28,Standard,PH-003
CUS-01124,LOY-001124,Sophia,Lee,Plano,TX,2025-07-17,Gold,PH-002
CUS-01125,LOY-001125,Robert,Ross,Dallas,TX,2024-02-13,Gold,PH-004
CUS-01126,LOY-001126,Melissa,Moore,Frisco,TX,2022-06-23,Standard,PH-001
CUS-01127,LOY-001127,Michael,Moore,Irving,TX,2022-02-11,Standard,PH-005
CUS-01128,LOY-001128,Olivia,Carter,Dallas,TX,2026-02-16,Gold,PH-004
CUS-01129,LOY-001129,John,Lopez,Frisco,TX,2023-10-25,Silver,PH-005
CUS-01130,LOY-001130,Ava,Lee,Frisco,TX,2023-07-16,Silver,PH-002
CUS-01131,LOY-001131,Marcus,Ross,Fort Worth,TX,2024-08-23,Silver,PH-003
CUS-01132,LOY-001132,Laura,Tran,Plano,TX,2024-04-12,Gold,PH-003
CUS-01133,LOY-001133,Emily,Nguyen,Fort Worth,TX,2024-11-03,Standard,PH-004
CUS-01134,LOY-001134,Amanda,Brown,Irving,TX,2024-02-03,Gold,PH-001
CUS-01135,LOY-001135,David,Chen,Fort Worth,TX,2022-02-20,Silver,PH-002
CUS-01136,LOY-001136,David,Kim,Irving,TX,2025-02-27,Standard,PH-003
CUS-01137,LOY-001137,Kevin,Carter,Dallas,TX,2022-07-15,Gold,PH-002
CUS-01138,LOY-001138,John,Brown,Fort Worth,TX,2023-05-27,Standard,PH-002
CUS-01139,LOY-001139,Anthony,Lopez,Irving,TX,2024-12-07,Gold,PH-005
CUS-01140,LOY-001140,Liam,Chen,Dallas,TX,2026-04-21,Silver,PH-003
CUS-01141,LOY-001141,Laura,Nguyen,Frisco,TX,2022-11-05,Standard,PH-003
CUS-01142,LOY-001142,Noah,Garcia,Fort Worth,TX,2024-04-12,Standard,PH-003
CUS-01143,LOY-001143,Noah,Martinez,Fort Worth,TX,2024-09-27,Gold,PH-004
CUS-01144,LOY-001144,Kevin,Taylor,Plano,TX,2023-10-22,Silver,PH-004
CUS-01145,LOY-001145,Michael,Johnson,Dallas,TX,2022-08-04,Silver,PH-001
CUS-01146,LOY-001146,Anthony,Carter,Dallas,TX,2022-11-28,Gold,PH-001
CUS-01147,LOY-001147,Sarah,Martinez,Irving,TX,2022-08-21,Standard,PH-004
CUS-01148,LOY-001148,Emily,Miller,Fort Worth,TX,2024-09-24,Standard,PH-005
CUS-01149,LOY-001149,Laura,Reed,Dallas,TX,2023-08-31,Standard,PH-004
CUS-01150,LOY-001150,Sophia,Moore,Frisco,TX,2024-12-06,Silver,PH-005
CUS-01151,LOY-001151,Rachel,Garcia,Plano,TX,2022-10-17,Silver,PH-005
CUS-01152,LOY-001152,Mia,Martinez,Fort Worth,TX,2026-01-03,Silver,PH-005
CUS-01153,LOY-001153,Olivia,Ross,Irving,TX,2024-08-05,Standard,PH-003
CUS-01154,LOY-001154,Ava,Moore,Plano,TX,2022-12-03,Gold,PH-004
CUS-01155,LOY-001155,Amanda,Patel,Irving,TX,2023-01-03,Standard,PH-004
CUS-01156,LOY-001156,Jennifer,Lee,Frisco,TX,2025-12-07,Standard,PH-002
CUS-01157,LOY-001157,Noah,Hill,Fort Worth,TX,2024-07-28,Silver,PH-001
CUS-01158,LOY-001158,Robert,Lopez,Irving,TX,2025-05-02,Standard,PH-001
CUS-01159,LOY-001159,Rachel,Taylor,Fort Worth,TX,2023-04-08,Silver,PH-001
CUS-01160,LOY-001160,John,Ross,Frisco,TX,2024-05-22,Gold,PH-003
CUS-01161,LOY-001161,Rachel,Lopez,Irving,TX,2023-06-06,Gold,PH-005
CUS-01162,LOY-001162,Ethan,Anderson,Plano,TX,2022-06-08,Gold,PH-002
CUS-01163,LOY-001163,Marcus,Moore,Plano,TX,2023-07-28,Standard,PH-003
CUS-01164,LOY-001164,Brandon,Hill,Plano,TX,2024-12-05,Gold,PH-004
CUS-01165,LOY-001165,Kevin,Garcia,Fort Worth,TX,2025-05-23,Silver,PH-005
CUS-01166,LOY-001166,Mia,Brown,Plano,TX,2022-12-11,Standard,PH-002
CUS-01167,LOY-001167,John,Tran,Fort Worth,TX,2022-10-28,Standard,PH-002
CUS-01168,LOY-001168,Emily,Lee,Frisco,TX,2022-06-09,Standard,PH-002
CUS-01169,LOY-001169,Michael,White,Irving,TX,2024-05-21,Gold,PH-004
CUS-01170,LOY-001170,Kevin,Nguyen,Fort Worth,TX,2026-04-06,Standard,PH-002
CUS-01171,LOY-001171,Jessica,Reed,Irving,TX,2026-05-04,Silver,PH-004
CUS-01172,LOY-001172,Rachel,Nguyen,Fort Worth,TX,2023-10-12,Gold,PH-001
CUS-01173,LOY-001173,Olivia,Martinez,Plano,TX,2025-07-21,Silver,PH-002
CUS-01174,LOY-001174,Laura,Johnson,Irving,TX,2024-09-30,Gold,PH-003
CUS-01175,LOY-001175,Mia,Hill,Fort Worth,TX,2024-06-10,Gold,PH-003
CUS-01176,LOY-001176,Sarah,Lee,Frisco,TX,2024-08-12,Gold,PH-003
CUS-01177,LOY-001177,Ava,Smith,Plano,TX,2025-06-17,Gold,PH-002
CUS-01178,LOY-001178,Anthony,Kim,Plano,TX,2026-03-12,Standard,PH-002
CUS-01179,LOY-001179,David,Kim,Fort Worth,TX,2023-02-04,Standard,PH-005
CUS-01180,LOY-001180,Sophia,Patel,Dallas,TX,2024-01-26,Silver,PH-005
CUS-01181,LOY-001181,Amanda,Lopez,Frisco,TX,2022-03-10,Gold,PH-003
CUS-01182,LOY-001182,Ethan,Brown,Irving,TX,2022-03-31,Gold,PH-003
CUS-01183,LOY-001183,Daniel,Taylor,Dallas,TX,2025-03-17,Standard,PH-004
CUS-01184,LOY-001184,Olivia,Taylor,Irving,TX,2024-10-01,Standard,PH-004
CUS-01185,LOY-001185,Ava,Taylor,Fort Worth,TX,2022-08-01,Standard,PH-003
CUS-01186,LOY-001186,Amanda,Lopez,Plano,TX,2025-12-16,Gold,PH-002
CUS-01187,LOY-001187,Melissa,Tran,Irving,TX,2022-09-02,Standard,PH-004
CUS-01188,LOY-001188,Ethan,Thomas,Dallas,TX,2023-10-06,Standard,PH-005
CUS-01189,LOY-001189,Daniel,Martinez,Fort Worth,TX,2026-02-19,Standard,PH-003
CUS-01190,LOY-001190,Mia,Patel,Plano,TX,2025-04-16,Gold,PH-003
CUS-01191,LOY-001191,Michael,Lee,Irving,TX,2024-05-02,Gold,PH-001
CUS-01192,LOY-001192,Jennifer,Martinez,Fort Worth,TX,2022-10-30,Gold,PH-003
CUS-01193,LOY-001193,Jennifer,Miller,Irving,TX,2022-04-02,Silver,PH-005
CUS-01194,LOY-001194,John,Thomas,Fort Worth,TX,2024-04-18,Standard,PH-001
CUS-01195,LOY-001195,Sophia,Ross,Fort Worth,TX,2023-12-20,Standard,PH-003
CUS-01196,LOY-001196,David,Garcia,Dallas,TX,2025-03-05,Silver,PH-001
CUS-01197,LOY-001197,Marcus,Tran,Plano,TX,2026-02-03,Standard,PH-002
CUS-01198,LOY-001198,Kevin,Garcia,Dallas,TX,2026-04-20,Standard,PH-001
CUS-01199,LOY-001199,John,Taylor,Frisco,TX,2024-07-31,Standard,PH-002
CUS-01200,LOY-001200,Sophia,Anderson,Plano,TX,2026-03-11,Gold,PH-002
CUS-01201,LOY-001201,Sophia,King,Irving,TX,2025-12-16,Silver,PH-002
CUS-01202,LOY-001202,Daniel,Carter,Fort Worth,TX,2023-10-09,Silver,PH-002
CUS-01203,LOY-001203,John,Ross,Plano,TX,2022-12-29,Silver,PH-003
CUS-01204,LOY-001204,Noah,Wilson,Frisco,TX,2022-07-09,Silver,PH-003
CUS-01205,LOY-001205,Brandon,Kim,Frisco,TX,2026-05-01,Gold,PH-005
CUS-01206,LOY-001206,David,Taylor,Plano,TX,2022-03-17,Gold,PH-004
CUS-01207,LOY-001207,Melissa,Johnson,Fort Worth,TX,2023-03-08,Gold,PH-004
CUS-01208,LOY-001208,Rachel,Taylor,Frisco,TX,2023-03-01,Silver,PH-005
CUS-01209,LOY-001209,Jessica,Moore,Frisco,TX,2022-07-05,Gold,PH-002
CUS-01210,LOY-001210,Daniel,Martinez,Irving,TX,2023-06-19,Standard,PH-001
CUS-01211,LOY-001211,Michael,Anderson,Plano,TX,2024-08-31,Standard,PH-004
CUS-01212,LOY-001212,Brandon,Patel,Frisco,TX,2025-02-28,Silver,PH-005
CUS-01213,LOY-001213,Robert,Patel,Dallas,TX,2025-07-13,Silver,PH-001
CUS-01214,LOY-001214,Sarah,Smith,Irving,TX,2023-11-17,Silver,PH-001
CUS-01215,LOY-001215,Sarah,Kim,Frisco,TX,2022-11-30,Silver,PH-005
CUS-01216,LOY-001216,Sarah,Jackson,Dallas,TX,2024-06-18,Gold,PH-004
CUS-01217,LOY-001217,Brandon,Garcia,Irving,TX,2026-02-05,Silver,PH-004
CUS-01218,LOY-001218,Linda,Ross,Frisco,TX,2025-05-15,Silver,PH-004
CUS-01219,LOY-001219,Mia,Reed,Frisco,TX,2022-03-24,Standard,PH-005
CUS-01220,LOY-001220,Marcus,Smith,Irving,TX,2026-05-05,Silver,PH-005
CUS-01221,LOY-001221,Anthony,Garcia,Dallas,TX,2022-12-02,Gold,PH-002
CUS-01222,LOY-001222,Sophia,Lopez,Fort Worth,TX,2023-02-11,Gold,PH-002
CUS-01223,LOY-001223,Melissa,Anderson,Frisco,TX,2022-04-21,Standard,PH-003
CUS-01224,LOY-001224,Grace,Jackson,Plano,TX,2023-12-10,Silver,PH-004
CUS-01225,LOY-001225,Sarah,Wilson,Dallas,TX,2025-09-10,Standard,PH-002
CUS-01226,LOY-001226,Sarah,Nguyen,Frisco,TX,2022-06-14,Standard,PH-002
CUS-01227,LOY-001227,John,Smith,Dallas,TX,2026-01-23,Standard,PH-002
CUS-01228,LOY-001228,Mia,Johnson,Frisco,TX,2022-01-11,Silver,PH-002
CUS-01229,LOY-001229,Rachel,Hill,Irving,TX,2025-01-31,Gold,PH-004
CUS-01230,LOY-001230,Noah,Martinez,Irving,TX,2025-09-30,Silver,PH-004
CUS-01231,LOY-001231,Noah,Chen,Dallas,TX,2024-03-04,Standard,PH-003
CUS-01232,LOY-001232,Liam,Carter,Irving,TX,2026-05-03,Silver,PH-003
CUS-01233,LOY-001233,Mia,Moore,Irving,TX,2025-05-07,Silver,PH-005
CUS-01234,LOY-001234,Jennifer,Kim,Irving,TX,2025-10-03,Gold,PH-005
CUS-01235,LOY-001235,Amanda,Chen,Fort Worth,TX,2022-12-31,Standard,PH-003
CUS-01236,LOY-001236,Rachel,Patel,Fort Worth,TX,2022-01-04,Gold,PH-005
CUS-01237,LOY-001237,Liam,Reed,Dallas,TX,2025-08-15,Standard,PH-002
CUS-01238,LOY-001238,Emily,Martinez,Dallas,TX,2023-03-09,Silver,PH-004
CUS-01239,LOY-001239,Jennifer,Patel,Irving,TX,2025-09-01,Standard,PH-004
CUS-01240,LOY-001240,Melissa,Nguyen,Frisco,TX,2024-03-03,Gold,PH-004
CUS-01241,LOY-001241,Robert,Ross,Irving,TX,2023-01-03,Standard,PH-004
CUS-01242,LOY-001242,Mia,Davis,Dallas,TX,2024-08-10,Standard,PH-003
CUS-01243,LOY-001243,Mia,Moore,Dallas,TX,2025-09-05,Silver,PH-001
CUS-01244,LOY-001244,Sarah,Patel,Plano,TX,2025-03-22,Gold,PH-004
CUS-01245,LOY-001245,Mia,Wilson,Dallas,TX,2024-09-22,Gold,PH-004
CUS-01246,LOY-001246,Laura,Jackson,Dallas,TX,2023-09-13,Silver,PH-003
CUS-01247,LOY-001247,Ava,Taylor,Dallas,TX,2025-05-21,Silver,PH-005
CUS-01248,LOY-001248,Rachel,Jackson,Irving,TX,2025-12-29,Silver,PH-005
CUS-01249,LOY-001249,Rachel,Hill,Plano,TX,2024-05-18,Gold,PH-004
CUS-01250,LOY-001250,Mia,Tran,Plano,TX,2022-01-15,Silver,PH-005
CUS-01251,LOY-001251,Daniel,Martinez,Fort Worth,TX,2025-06-12,Gold,PH-004
CUS-01252,LOY-001252,Laura,King,Irving,TX,2023-07-31,Standard,PH-001
CUS-01253,LOY-001253,Emily,Wilson,Frisco,TX,2022-04-13,Gold,PH-003
CUS-01254,LOY-001254,Daniel,Smith,Frisco,TX,2025-10-14,Silver,PH-001
CUS-01255,LOY-001255,Jessica,Ross,Plano,TX,2023-08-24,Silver,PH-004
CUS-01256,LOY-001256,Amanda,Wilson,Frisco,TX,2023-09-02,Gold,PH-001
CUS-01257,LOY-001257,Olivia,Hill,Frisco,TX,2026-02-07,Standard,PH-005
CUS-01258,LOY-001258,Ava,Reed,Plano,TX,2022-12-25,Standard,PH-005
CUS-01259,LOY-001259,Marcus,Carter,Plano,TX,2025-07-20,Silver,PH-004
CUS-01260,LOY-001260,Daniel,Kim,Irving,TX,2025-11-12,Gold,PH-002
CUS-01261,LOY-001261,Ava,Davis,Fort Worth,TX,2024-07-27,Standard,PH-001
CUS-01262,LOY-001262,Kevin,Kim,Dallas,TX,2022-10-28,Gold,PH-001
CUS-01263,LOY-001263,Anthony,Davis,Dallas,TX,2023-11-23,Gold,PH-003
CUS-01264,LOY-001264,Laura,Reed,Dallas,TX,2023-01-12,Gold,PH-003
CUS-01265,LOY-001265,Ava,Taylor,Dallas,TX,2024-06-06,Standard,PH-002
CUS-01266,LOY-001266,Brandon,Ross,Frisco,TX,2025-06-14,Gold,PH-005
CUS-01267,LOY-001267,Grace,Chen,Dallas,TX,2024-02-06,Gold,PH-004
CUS-01268,LOY-001268,John,Jackson,Irving,TX,2023-07-17,Gold,PH-002
CUS-01269,LOY-001269,Daniel,Davis,Dallas,TX,2025-05-23,Silver,PH-002
CUS-01270,LOY-001270,Mia,Nguyen,Frisco,TX,2022-01-11,Silver,PH-002
CUS-01271,LOY-001271,Amanda,White,Irving,TX,2025-09-07,Standard,PH-003
CUS-01272,LOY-001272,Daniel,Wilson,Fort Worth,TX,2025-07-24,Silver,PH-001
CUS-01273,LOY-001273,Linda,Chen,Dallas,TX,2025-12-23,Silver,PH-002
CUS-01274,LOY-001274,Jennifer,Lopez,Frisco,TX,2026-01-31,Gold,PH-005
CUS-01275,LOY-001275,David,Garcia,Irving,TX,2025-07-24,Gold,PH-003
CUS-01276,LOY-001276,Jessica,Reed,Irving,TX,2025-02-16,Standard,PH-003
CUS-01277,LOY-001277,Kevin,Patel,Frisco,TX,2024-06-29,Standard,PH-004
CUS-01278,LOY-001278,Ava,Brown,Plano,TX,2024-12-26,Gold,PH-002
CUS-01279,LOY-001279,Mia,Reed,Frisco,TX,2024-04-05,Standard,PH-005
CUS-01280,LOY-001280,Jennifer,Taylor,Irving,TX,2025-02-23,Silver,PH-001
CUS-01281,LOY-001281,John,Moore,Fort Worth,TX,2024-01-27,Silver,PH-003
CUS-01282,LOY-001282,Liam,Patel,Irving,TX,2025-10-13,Silver,PH-001
CUS-01283,LOY-001283,Melissa,Lopez,Fort Worth,TX,2022-12-08,Gold,PH-003
CUS-01284,LOY-001284,Brandon,Smith,Irving,TX,2026-04-16,Standard,PH-003
CUS-01285,LOY-001285,Jessica,Moore,Irving,TX,2023-04-26,Silver,PH-005
CUS-01286,LOY-001286,Melissa,Reed,Fort Worth,TX,2022-09-10,Standard,PH-004
CUS-01287,LOY-001287,John,Martinez,Dallas,TX,2025-03-14,Silver,PH-002
CUS-01288,LOY-001288,Sarah,Jackson,Irving,TX,2025-01-31,Silver,PH-003
CUS-01289,LOY-001289,Liam,Martinez,Irving,TX,2025-05-12,Silver,PH-003
CUS-01290,LOY-001290,Liam,Kim,Dallas,TX,2025-09-22,Gold,PH-003
CUS-01291,LOY-001291,Michael,Johnson,Fort Worth,TX,2024-03-14,Standard,PH-004
CUS-01292,LOY-001292,Emily,Jackson,Irving,TX,2023-08-10,Silver,PH-002
CUS-01293,LOY-001293,Sarah,Reed,Frisco,TX,2022-01-07,Gold,PH-003
CUS-01294,LOY-001294,Liam,Wilson,Plano,TX,2025-10-31,Standard,PH-004
CUS-01295,LOY-001295,Brandon,Taylor,Irving,TX,2024-05-06,Silver,PH-002
CUS-01296,LOY-001296,Ethan,Lee,Fort Worth,TX,2023-04-05,Standard,PH-005
CUS-01297,LOY-001297,Olivia,Davis,Dallas,TX,2025-05-12,Gold,PH-004
CUS-01298,LOY-001298,Amanda,Patel,Fort Worth,TX,2023-05-27,Standard,PH-005
CUS-01299,LOY-001299,Ethan,Brown,Dallas,TX,2024-01-29,Standard,PH-005
CUS-01300,LOY-001300,Grace,Taylor,Irving,TX,2025-02-04,Gold,PH-002
CUS-01301,LOY-001301,Sarah,Wilson,Frisco,TX,2026-01-20,Standard,PH-002
CUS-01302,LOY-001302,Emily,Thomas,Plano,TX,2023-10-23,Standard,PH-003
CUS-01303,LOY-001303,Jennifer,Lee,Plano,TX,2025-03-28,Silver,PH-004
CUS-01304,LOY-001304,Linda,Anderson,Fort Worth,TX,2024-06-27,Standard,PH-002
CUS-01305,LOY-001305,David,Davis,Dallas,TX,2025-05-22,Silver,PH-002
CUS-01306,LOY-001306,Linda,Wilson,Dallas,TX,2022-01-15,Gold,PH-001
CUS-01307,LOY-001307,Mia,Anderson,Irving,TX,2024-11-30,Silver,PH-004
CUS-01308,LOY-001308,Jennifer,White,Irving,TX,2023-06-17,Gold,PH-005
CUS-01309,LOY-001309,Marcus,Thomas,Fort Worth,TX,2025-08-18,Gold,PH-001
CUS-01310,LOY-001310,David,Brown,Dallas,TX,2023-08-23,Silver,PH-001
CUS-01311,LOY-001311,Rachel,Reed,Fort Worth,TX,2025-07-12,Gold,PH-004
CUS-01312,LOY-001312,Laura,White,Dallas,TX,2022-08-01,Standard,PH-003
CUS-01313,LOY-001313,Liam,Garcia,Dallas,TX,2026-01-18,Standard,PH-003
CUS-01314,LOY-001314,Laura,Anderson,Frisco,TX,2022-10-18,Standard,PH-004
CUS-01315,LOY-001315,John,Ross,Dallas,TX,2023-11-07,Gold,PH-001
CUS-01316,LOY-001316,David,Thomas,Irving,TX,2026-03-22,Standard,PH-003
CUS-01317,LOY-001317,Kevin,Nguyen,Irving,TX,2023-11-09,Silver,PH-003
CUS-01318,LOY-001318,Brandon,Ross,Fort Worth,TX,2022-03-15,Standard,PH-002
CUS-01319,LOY-001319,Michael,Nguyen,Dallas,TX,2023-03-29,Silver,PH-005
CUS-01320,LOY-001320,Rachel,Thomas,Frisco,TX,2023-09-21,Gold,PH-002
CUS-01321,LOY-001321,Brandon,Taylor,Frisco,TX,2024-08-31,Gold,PH-004
CUS-01322,LOY-001322,Mia,Nguyen,Plano,TX,2026-03-04,Gold,PH-002
CUS-01323,LOY-001323,Melissa,Lopez,Frisco,TX,2024-02-26,Silver,PH-002
CUS-01324,LOY-001324,Amanda,Martinez,Fort Worth,TX,2023-09-13,Standard,PH-005
CUS-01325,LOY-001325,Amanda,Ross,Frisco,TX,2026-01-16,Gold,PH-005
CUS-01326,LOY-001326,Anthony,Brown,Fort Worth,TX,2022-12-15,Silver,PH-002
CUS-01327,LOY-001327,Brandon,Davis,Frisco,TX,2024-12-07,Silver,PH-004
CUS-01328,LOY-001328,Emily,Taylor,Plano,TX,2024-12-11,Silver,PH-002
CUS-01329,LOY-001329,Emily,Reed,Dallas,TX,2025-10-01,Standard,PH-003
CUS-01330,LOY-001330,Linda,Nguyen,Plano,TX,2023-04-05,Standard,PH-003
CUS-01331,LOY-001331,Olivia,Jackson,Dallas,TX,2025-08-24,Standard,PH-003
CUS-01332,LOY-001332,Emily,Wilson,Fort Worth,TX,2025-07-31,Standard,PH-005
CUS-01333,LOY-001333,Linda,Moore,Plano,TX,2024-01-15,Gold,PH-001
CUS-01334,LOY-001334,Anthony,Taylor,Dallas,TX,2023-11-06,Gold,PH-001
CUS-01335,LOY-001335,Daniel,Johnson,Fort Worth,TX,2026-02-27,Gold,PH-001
CUS-01336,LOY-001336,Grace,King,Irving,TX,2025-03-06,Gold,PH-002
CUS-01337,LOY-001337,Linda,Ross,Plano,TX,2025-11-13,Gold,PH-002
CUS-01338,LOY-001338,Linda,Thomas,Irving,TX,2022-12-30,Standard,PH-005
CUS-01339,LOY-001339,Daniel,Johnson,Frisco,TX,2022-07-07,Gold,PH-002
CUS-01340,LOY-001340,Ava,Tran,Plano,TX,2024-12-06,Silver,PH-001
CUS-01341,LOY-001341,John,Chen,Plano,TX,2025-04-14,Gold,PH-004
CUS-01342,LOY-001342,David,Hill,Fort Worth,TX,2026-05-20,Standard,PH-003
CUS-01343,LOY-001343,Grace,Taylor,Dallas,TX,2023-02-07,Silver,PH-001
CUS-01344,LOY-001344,David,Tran,Irving,TX,2023-02-09,Standard,PH-005
CUS-01345,LOY-001345,Brandon,Martinez,Fort Worth,TX,2024-09-24,Silver,PH-005
CUS-01346,LOY-001346,Amanda,Garcia,Irving,TX,2022-08-17,Gold,PH-004
CUS-01347,LOY-001347,Liam,Taylor,Plano,TX,2025-04-21,Gold,PH-005
CUS-01348,LOY-001348,Liam,Wilson,Dallas,TX,2023-05-31,Silver,PH-005
CUS-01349,LOY-001349,Daniel,Brown,Plano,TX,2023-11-05,Gold,PH-004
CUS-01350,LOY-001350,Michael,Nguyen,Frisco,TX,2023-06-26,Gold,PH-002
CUS-01351,LOY-001351,Kevin,Ross,Fort Worth,TX,2024-10-27,Silver,PH-004
CUS-01352,LOY-001352,Marcus,Jackson,Plano,TX,2024-09-25,Standard,PH-003
CUS-01353,LOY-001353,Michael,Brown,Irving,TX,2022-12-01,Standard,PH-001
CUS-01354,LOY-001354,Liam,Smith,Frisco,TX,2022-07-13,Silver,PH-003
CUS-01355,LOY-001355,Ethan,Anderson,Fort Worth,TX,2023-01-10,Standard,PH-001
CUS-01356,LOY-001356,Liam,Chen,Plano,TX,2023-09-22,Gold,PH-003
CUS-01357,LOY-001357,Kevin,Jackson,Fort Worth,TX,2024-08-24,Standard,PH-003
CUS-01358,LOY-001358,Olivia,Martinez,Fort Worth,TX,2025-10-08,Standard,PH-003
CUS-01359,LOY-001359,Sarah,Martinez,Irving,TX,2022-12-18,Standard,PH-005
CUS-01360,LOY-001360,Mia,Miller,Frisco,TX,2024-11-23,Silver,PH-005
CUS-01361,LOY-001361,Grace,Smith,Frisco,TX,2023-04-14,Silver,PH-004
CUS-01362,LOY-001362,Sophia,Kim,Plano,TX,2023-09-20,Silver,PH-003
CUS-01363,LOY-001363,Ava,Patel,Irving,TX,2023-09-23,Silver,PH-005
CUS-01364,LOY-001364,Anthony,Jackson,Irving,TX,2022-01-12,Silver,PH-001
CUS-01365,LOY-001365,Laura,Kim,Plano,TX,2024-07-24,Silver,PH-001
CUS-01366,LOY-001366,Noah,Martinez,Plano,TX,2025-09-17,Gold,PH-003
CUS-01367,LOY-001367,Sophia,Kim,Dallas,TX,2023-10-22,Silver,PH-004
CUS-01368,LOY-001368,Kevin,Johnson,Fort Worth,TX,2026-02-22,Standard,PH-002
CUS-01369,LOY-001369,Olivia,Davis,Irving,TX,2023-07-16,Standard,PH-001
CUS-01370,LOY-001370,Linda,Miller,Frisco,TX,2026-01-20,Silver,PH-005
CUS-01371,LOY-001371,Emily,King,Irving,TX,2025-11-09,Gold,PH-004
CUS-01372,LOY-001372,Linda,Ross,Fort Worth,TX,2025-04-15,Silver,PH-001
CUS-01373,LOY-001373,Marcus,King,Frisco,TX,2023-07-20,Gold,PH-003
CUS-01374,LOY-001374,David,Nguyen,Dallas,TX,2024-08-24,Standard,PH-001
CUS-01375,LOY-001375,Kevin,Jackson,Irving,TX,2022-11-07,Standard,PH-005
CUS-01376,LOY-001376,Sophia,Garcia,Plano,TX,2025-02-24,Standard,PH-004
CUS-01377,LOY-001377,Linda,Patel,Fort Worth,TX,2025-01-24,Gold,PH-003
CUS-01378,LOY-001378,Jessica,Davis,Frisco,TX,2025-11-13,Standard,PH-002
CUS-01379,LOY-001379,Liam,Jackson,Dallas,TX,2025-12-03,Gold,PH-003
CUS-01380,LOY-001380,Rachel,Jackson,Irving,TX,2026-03-11,Standard,PH-002
CUS-01381,LOY-001381,Kevin,Wilson,Plano,TX,2024-08-01,Silver,PH-003
CUS-01382,LOY-001382,John,Anderson,Frisco,TX,2023-06-07,Gold,PH-001
CUS-01383,LOY-001383,Melissa,Hill,Irving,TX,2024-05-25,Silver,PH-004
CUS-01384,LOY-001384,Grace,King,Fort Worth,TX,2022-05-04,Gold,PH-003
CUS-01385,LOY-001385,Amanda,Garcia,Irving,TX,2022-03-07,Gold,PH-003
CUS-01386,LOY-001386,Grace,Johnson,Irving,TX,2023-08-02,Gold,PH-003
CUS-01387,LOY-001387,Ethan,Tran,Dallas,TX,2025-03-03,Standard,PH-005
CUS-01388,LOY-001388,Liam,Hill,Fort Worth,TX,2022-11-21,Gold,PH-001
CUS-01389,LOY-001389,Brandon,Wilson,Fort Worth,TX,2025-08-24,Standard,PH-001
CUS-01390,LOY-001390,Liam,Anderson,Irving,TX,2023-07-22,Silver,PH-004
CUS-01391,LOY-001391,Ava,Carter,Frisco,TX,2022-05-30,Standard,PH-005
CUS-01392,LOY-001392,Kevin,Wilson,Fort Worth,TX,2026-05-19,Gold,PH-004
CUS-01393,LOY-001393,Amanda,Reed,Fort Worth,TX,2023-08-25,Standard,PH-005
CUS-01394,LOY-001394,Anthony,Lee,Dallas,TX,2023-04-07,Silver,PH-004
CUS-01395,LOY-001395,Melissa,Ross,Plano,TX,2025-04-11,Gold,PH-003
CUS-01396,LOY-001396,Jessica,Wilson,Plano,TX,2026-04-26,Gold,PH-003
CUS-01397,LOY-001397,Noah,Garcia,Plano,TX,2023-01-22,Standard,PH-002
CUS-01398,LOY-001398,Sophia,Miller,Dallas,TX,2022-02-23,Gold,PH-005
CUS-01399,LOY-001399,Robert,Jackson,Plano,TX,2025-01-11,Silver,PH-001
CUS-01400,LOY-001400,Kevin,Patel,Plano,TX,2025-09-09,Standard,PH-002
CUS-01401,LOY-001401,Sophia,Miller,Irving,TX,2023-07-10,Standard,PH-002
CUS-01402,LOY-001402,Liam,Kim,Dallas,TX,2022-10-09,Silver,PH-001
CUS-01403,LOY-001403,Anthony,Lee,Irving,TX,2026-03-04,Gold,PH-002
CUS-01404,LOY-001404,Anthony,King,Irving,TX,2024-06-17,Silver,PH-002
CUS-01405,LOY-001405,John,Jackson,Irving,TX,2025-04-23,Standard,PH-001
CUS-01406,LOY-001406,Sarah,Davis,Fort Worth,TX,2026-01-23,Gold,PH-001
CUS-01407,LOY-001407,Sarah,Jackson,Plano,TX,2022-09-04,Silver,PH-005
CUS-01408,LOY-001408,Rachel,Moore,Frisco,TX,2024-04-30,Standard,PH-002
CUS-01409,LOY-001409,Jennifer,White,Fort Worth,TX,2024-01-07,Silver,PH-003
CUS-01410,LOY-001410,Michael,Hill,Irving,TX,2022-02-03,Standard,PH-004
CUS-01411,LOY-001411,Grace,Smith,Irving,TX,2022-07-24,Silver,PH-003
CUS-01412,LOY-001412,Sophia,Tran,Irving,TX,2025-08-28,Silver,PH-002
CUS-01413,LOY-001413,Noah,Tran,Irving,TX,2024-08-23,Standard,PH-003
CUS-01414,LOY-001414,Ava,Taylor,Frisco,TX,2022-04-03,Standard,PH-002
CUS-01415,LOY-001415,Sarah,Garcia,Dallas,TX,2022-09-20,Gold,PH-002
CUS-01416,LOY-001416,Melissa,Thomas,Irving,TX,2026-04-11,Standard,PH-001
CUS-01417,LOY-001417,Olivia,White,Plano,TX,2026-02-24,Gold,PH-003
CUS-01418,LOY-001418,Rachel,Lopez,Irving,TX,2022-11-19,Silver,PH-002
CUS-01419,LOY-001419,Sarah,Davis,Plano,TX,2026-02-28,Gold,PH-002
CUS-01420,LOY-001420,Rachel,Hill,Plano,TX,2022-03-03,Silver,PH-002
CUS-01421,LOY-001421,Sophia,Reed,Frisco,TX,2023-06-28,Gold,PH-003
CUS-01422,LOY-001422,Amanda,White,Dallas,TX,2023-11-11,Standard,PH-004
CUS-01423,LOY-001423,Robert,Moore,Plano,TX,2024-04-14,Standard,PH-005
CUS-01424,LOY-001424,Anthony,Jackson,Fort Worth,TX,2026-01-19,Gold,PH-002
CUS-01425,LOY-001425,Sarah,Hill,Dallas,TX,2023-12-16,Standard,PH-001
CUS-01426,LOY-001426,Laura,Tran,Dallas,TX,2024-09-01,Silver,PH-004
CUS-01427,LOY-001427,Jessica,Wilson,Plano,TX,2025-05-20,Gold,PH-001
CUS-01428,LOY-001428,Sophia,Brown,Irving,TX,2023-06-11,Standard,PH-003
CUS-01429,LOY-001429,Mia,Johnson,Frisco,TX,2025-06-10,Gold,PH-001
CUS-01430,LOY-001430,Emily,Brown,Fort Worth,TX,2023-02-06,Standard,PH-002
CUS-01431,LOY-001431,Michael,Carter,Plano,TX,2023-04-07,Gold,PH-001
CUS-01432,LOY-001432,Ava,Hill,Irving,TX,2023-08-02,Gold,PH-001
CUS-01433,LOY-001433,Linda,Chen,Frisco,TX,2023-01-14,Gold,PH-003
CUS-01434,LOY-001434,Kevin,Thomas,Irving,TX,2025-09-30,Gold,PH-005
CUS-01435,LOY-001435,Michael,Garcia,Frisco,TX,2026-04-06,Standard,PH-003
CUS-01436,LOY-001436,Laura,Kim,Plano,TX,2025-04-01,Gold,PH-001
CUS-01437,LOY-001437,Ava,White,Irving,TX,2025-07-18,Standard,PH-002
CUS-01438,LOY-001438,Sarah,Lee,Plano,TX,2025-07-23,Standard,PH-002
CUS-01439,LOY-001439,Sarah,Reed,Frisco,TX,2022-01-24,Gold,PH-004
CUS-01440,LOY-001440,Emily,Kim,Plano,TX,2025-07-11,Gold,PH-004
CUS-01441,LOY-001441,David,Martinez,Irving,TX,2025-06-26,Silver,PH-005
CUS-01442,LOY-001442,David,Hill,Frisco,TX,2025-09-04,Gold,PH-003
CUS-01443,LOY-001443,Kevin,Miller,Frisco,TX,2023-11-30,Silver,PH-005
CUS-01444,LOY-001444,David,Anderson,Dallas,TX,2025-09-30,Silver,PH-005
CUS-01445,LOY-001445,Daniel,Tran,Frisco,TX,2024-05-23,Gold,PH-001
CUS-01446,LOY-001446,Jessica,Carter,Dallas,TX,2023-04-11,Silver,PH-001
CUS-01447,LOY-001447,Marcus,Johnson,Frisco,TX,2022-09-16,Silver,PH-003
CUS-01448,LOY-001448,David,Smith,Fort Worth,TX,2022-06-19,Gold,PH-002
CUS-01449,LOY-001449,Anthony,Davis,Plano,TX,2022-10-18,Gold,PH-002
CUS-01450,LOY-001450,Liam,Lee,Plano,TX,2026-02-11,Gold,PH-003
CUS-01451,LOY-001451,Michael,Lopez,Plano,TX,2025-02-26,Gold,PH-005
CUS-01452,LOY-001452,Robert,White,Fort Worth,TX,2024-01-13,Gold,PH-002
CUS-01453,LOY-001453,Noah,Davis,Plano,TX,2024-02-06,Standard,PH-001
CUS-01454,LOY-001454,Mia,Miller,Fort Worth,TX,2023-04-09,Gold,PH-002
CUS-01455,LOY-001455,Jessica,Lopez,Irving,TX,2023-02-19,Silver,PH-001
CUS-01456,LOY-001456,Anthony,Nguyen,Irving,TX,2024-12-04,Silver,PH-004
CUS-01457,LOY-001457,David,Patel,Plano,TX,2026-01-17,Silver,PH-001
CUS-01458,LOY-001458,Jennifer,Ross,Fort Worth,TX,2025-09-30,Silver,PH-002
CUS-01459,LOY-001459,Ava,Lopez,Fort Worth,TX,2022-05-17,Standard,PH-004
CUS-01460,LOY-001460,Melissa,Carter,Irving,TX,2022-11-25,Standard,PH-004
CUS-01461,LOY-001461,Grace,Miller,Irving,TX,2024-03-11,Gold,PH-002
CUS-01462,LOY-001462,Linda,Kim,Dallas,TX,2023-04-09,Silver,PH-002
CUS-01463,LOY-001463,Anthony,Hill,Fort Worth,TX,2025-10-08,Standard,PH-002
CUS-01464,LOY-001464,David,Carter,Frisco,TX,2026-04-07,Silver,PH-001
CUS-01465,LOY-001465,Ethan,Hill,Fort Worth,TX,2023-09-30,Gold,PH-001
CUS-01466,LOY-001466,Liam,Taylor,Fort Worth,TX,2024-08-22,Standard,PH-004
CUS-01467,LOY-001467,Sophia,Hill,Fort Worth,TX,2026-03-02,Gold,PH-004
CUS-01468,LOY-001468,Melissa,Tran,Frisco,TX,2023-07-12,Standard,PH-004
CUS-01469,LOY-001469,Daniel,Hill,Irving,TX,2024-05-22,Gold,PH-002
CUS-01470,LOY-001470,Noah,Thomas,Irving,TX,2026-04-03,Silver,PH-002
CUS-01471,LOY-001471,Michael,Hill,Dallas,TX,2026-02-07,Gold,PH-005
CUS-01472,LOY-001472,Rachel,Chen,Irving,TX,2025-12-07,Silver,PH-004
CUS-01473,LOY-001473,Robert,Taylor,Dallas,TX,2026-04-26,Silver,PH-003
CUS-01474,LOY-001474,Daniel,Taylor,Fort Worth,TX,2023-11-05,Silver,PH-003
CUS-01475,LOY-001475,Rachel,Tran,Dallas,TX,2022-07-27,Gold,PH-004
CUS-01476,LOY-001476,Linda,Garcia,Irving,TX,2023-03-30,Gold,PH-004
CUS-01477,LOY-001477,Mia,Ross,Dallas,TX,2026-05-19,Gold,PH-004
CUS-01478,LOY-001478,Jessica,Lopez,Fort Worth,TX,2024-02-09,Gold,PH-005
CUS-01479,LOY-001479,Mia,Reed,Dallas,TX,2025-05-17,Standard,PH-005
CUS-01480,LOY-001480,Grace,Taylor,Dallas,TX,2025-03-24,Standard,PH-001
CUS-01481,LOY-001481,Liam,Chen,Frisco,TX,2025-04-03,Gold,PH-005
CUS-01482,LOY-001482,Laura,Reed,Dallas,TX,2023-12-13,Gold,PH-004
CUS-01483,LOY-001483,David,Garcia,Fort Worth,TX,2022-03-18,Silver,PH-004
CUS-01484,LOY-001484,Mia,Lee,Plano,TX,2025-03-07,Standard,PH-001
CUS-01485,LOY-001485,Ethan,Patel,Dallas,TX,2023-08-22,Silver,PH-001
CUS-01486,LOY-001486,Ava,Wilson,Frisco,TX,2024-01-05,Gold,PH-003
CUS-01487,LOY-001487,Rachel,Chen,Frisco,TX,2024-07-02,Standard,PH-003
CUS-01488,LOY-001488,David,Thomas,Frisco,TX,2026-04-24,Standard,PH-002
CUS-01489,LOY-001489,Jessica,Jackson,Fort Worth,TX,2025-08-20,Silver,PH-004
CUS-01490,LOY-001490,Liam,Kim,Plano,TX,2024-10-20,Standard,PH-003
CUS-01491,LOY-001491,Rachel,Lopez,Fort Worth,TX,2026-02-24,Standard,PH-003
CUS-01492,LOY-001492,Sophia,Hill,Dallas,TX,2025-08-02,Silver,PH-003
CUS-01493,LOY-001493,Olivia,Brown,Plano,TX,2026-03-30,Silver,PH-002
CUS-01494,LOY-001494,Daniel,Thomas,Irving,TX,2023-12-20,Silver,PH-004
CUS-01495,LOY-001495,Rachel,Jackson,Plano,TX,2022-12-12,Silver,PH-001
CUS-01496,LOY-001496,Marcus,Martinez,Fort Worth,TX,2023-09-28,Gold,PH-005
CUS-01497,LOY-001497,Sophia,Jackson,Fort Worth,TX,2025-01-07,Standard,PH-004
CUS-01498,LOY-001498,Olivia,Thomas,Dallas,TX,2023-02-11,Standard,PH-001
CUS-01499,LOY-001499,Noah,Lopez,Irving,TX,2023-06-24,Standard,PH-003
CUS-01500,LOY-001500,Jessica,Kim,Irving,TX,2022-09-30,Silver,PH-001
CUS-01501,LOY-001501,Ava,White,Frisco,TX,2025-06-10,Gold,PH-001
CUS-01502,LOY-001502,Kevin,Chen,Irving,TX,2022-03-25,Standard,PH-005
CUS-01503,LOY-001503,Melissa,Anderson,Frisco,TX,2022-02-23,Silver,PH-002
CUS-01504,LOY-001504,Noah,Chen,Plano,TX,2023-04-08,Silver,PH-002
CUS-01505,LOY-001505,Melissa,Lee,Frisco,TX,2023-05-15,Standard,PH-005
CUS-01506,LOY-001506,Emily,Wilson,Irving,TX,2025-02-13,Gold,PH-005
CUS-01507,LOY-001507,John,Smith,Plano,TX,2024-11-28,Gold,PH-004
CUS-01508,LOY-001508,Ethan,Garcia,Irving,TX,2026-03-10,Silver,PH-003
CUS-01509,LOY-001509,Grace,White,Frisco,TX,2024-06-02,Silver,PH-003
CUS-01510,LOY-001510,Linda,Patel,Fort Worth,TX,2024-01-02,Standard,PH-002
CUS-01511,LOY-001511,Kevin,Thomas,Plano,TX,2025-01-07,Gold,PH-002
CUS-01512,LOY-001512,Marcus,White,Fort Worth,TX,2025-12-21,Silver,PH-005
CUS-01513,LOY-001513,Kevin,Hill,Fort Worth,TX,2023-04-12,Gold,PH-003
CUS-01514,LOY-001514,Noah,Thomas,Fort Worth,TX,2023-04-04,Silver,PH-003
CUS-01515,LOY-001515,Brandon,King,Irving,TX,2025-06-21,Silver,PH-004
CUS-01516,LOY-001516,Brandon,Smith,Dallas,TX,2022-12-17,Standard,PH-005
CUS-01517,LOY-001517,David,Johnson,Dallas,TX,2023-12-13,Silver,PH-002
CUS-01518,LOY-001518,Jennifer,Anderson,Frisco,TX,2022-05-14,Gold,PH-003
CUS-01519,LOY-001519,Brandon,Ross,Dallas,TX,2026-01-01,Gold,PH-004
CUS-01520,LOY-001520,Laura,Thomas,Plano,TX,2024-03-22,Standard,PH-004
CUS-01521,LOY-001521,Sophia,Johnson,Frisco,TX,2023-11-08,Standard,PH-005
CUS-01522,LOY-001522,Grace,Davis,Irving,TX,2022-10-23,Gold,PH-005
CUS-01523,LOY-001523,Kevin,Lee,Fort Worth,TX,2022-04-19,Gold,PH-003
CUS-01524,LOY-001524,Brandon,Hill,Dallas,TX,2025-06-11,Standard,PH-005
CUS-01525,LOY-001525,Laura,Moore,Plano,TX,2026-02-09,Standard,PH-002
CUS-01526,LOY-001526,Olivia,Jackson,Plano,TX,2023-01-07,Standard,PH-004
CUS-01527,LOY-001527,Ava,Hill,Frisco,TX,2022-07-02,Standard,PH-004
CUS-01528,LOY-001528,Brandon,Thomas,Irving,TX,2024-04-14,Silver,PH-004
CUS-01529,LOY-001529,Melissa,Patel,Plano,TX,2022-07-16,Silver,PH-003
CUS-01530,LOY-001530,Sarah,Thomas,Irving,TX,2023-06-01,Silver,PH-001
CUS-01531,LOY-001531,Sarah,Ross,Irving,TX,2023-02-15,Standard,PH-003
CUS-01532,LOY-001532,Ethan,Taylor,Dallas,TX,2023-11-27,Silver,PH-001
CUS-01533,LOY-001533,Michael,Ross,Dallas,TX,2025-05-26,Standard,PH-005
CUS-01534,LOY-001534,Robert,Anderson,Frisco,TX,2022-07-15,Standard,PH-001
CUS-01535,LOY-001535,Michael,Lee,Dallas,TX,2023-11-01,Silver,PH-003
CUS-01536,LOY-001536,Amanda,White,Fort Worth,TX,2025-02-27,Silver,PH-001
CUS-01537,LOY-001537,Sarah,Martinez,Fort Worth,TX,2024-10-17,Standard,PH-005
CUS-01538,LOY-001538,John,Kim,Dallas,TX,2025-10-31,Standard,PH-005
CUS-01539,LOY-001539,Rachel,Garcia,Plano,TX,2024-06-21,Gold,PH-002
CUS-01540,LOY-001540,Michael,Carter,Irving,TX,2022-03-04,Gold,PH-001
CUS-01541,LOY-001541,Jessica,White,Dallas,TX,2023-10-01,Silver,PH-001
CUS-01542,LOY-001542,Rachel,Anderson,Plano,TX,2025-04-23,Gold,PH-002
CUS-01543,LOY-001543,Marcus,Brown,Plano,TX,2025-05-20,Standard,PH-005
CUS-01544,LOY-001544,Kevin,Wilson,Fort Worth,TX,2024-03-07,Silver,PH-001
CUS-01545,LOY-001545,Mia,Johnson,Dallas,TX,2023-11-24,Standard,PH-003
CUS-01546,LOY-001546,Melissa,Chen,Irving,TX,2023-01-21,Silver,PH-001
CUS-01547,LOY-001547,Rachel,King,Irving,TX,2025-09-12,Gold,PH-005
CUS-01548,LOY-001548,Marcus,Davis,Dallas,TX,2025-09-20,Gold,PH-003
CUS-01549,LOY-001549,Michael,Garcia,Fort Worth,TX,2025-12-09,Gold,PH-005
CUS-01550,LOY-001550,Anthony,Jackson,Fort Worth,TX,2025-08-10,Standard,PH-003
CUS-01551,LOY-001551,Kevin,Carter,Irving,TX,2026-04-13,Standard,PH-003
CUS-01552,LOY-001552,Ethan,Smith,Irving,TX,2024-06-10,Silver,PH-001
CUS-01553,LOY-001553,Emily,Lee,Irving,TX,2022-08-02,Silver,PH-005
CUS-01554,LOY-001554,Emily,Lopez,Irving,TX,2023-09-19,Silver,PH-003
CUS-01555,LOY-001555,Liam,Anderson,Dallas,TX,2024-12-16,Standard,PH-002
CUS-01556,LOY-001556,Jennifer,Nguyen,Fort Worth,TX,2026-03-12,Gold,PH-005
CUS-01557,LOY-001557,Sarah,Taylor,Frisco,TX,2026-02-22,Standard,PH-005
CUS-01558,LOY-001558,Amanda,King,Frisco,TX,2024-02-28,Standard,PH-003
CUS-01559,LOY-001559,Jessica,King,Irving,TX,2026-02-21,Gold,PH-005
CUS-01560,LOY-001560,Sarah,Davis,Frisco,TX,2025-10-26,Gold,PH-001
CUS-01561,LOY-001561,John,Hill,Irving,TX,2023-01-16,Standard,PH-003
CUS-01562,LOY-001562,Jennifer,Thomas,Plano,TX,2024-10-11,Standard,PH-005
CUS-01563,LOY-001563,Ethan,Lopez,Dallas,TX,2022-04-03,Silver,PH-002
CUS-01564,LOY-001564,Noah,Hill,Frisco,TX,2022-01-10,Standard,PH-003
CUS-01565,LOY-001565,Sarah,Reed,Plano,TX,2024-02-01,Silver,PH-001
CUS-01566,LOY-001566,Melissa,Carter,Fort Worth,TX,2023-05-20,Gold,PH-003
CUS-01567,LOY-001567,Laura,Anderson,Fort Worth,TX,2025-12-25,Gold,PH-003
CUS-01568,LOY-001568,John,Taylor,Frisco,TX,2024-04-18,Gold,PH-001
CUS-01569,LOY-001569,Laura,Smith,Irving,TX,2023-07-24,Standard,PH-004
CUS-01570,LOY-001570,Daniel,Lopez,Dallas,TX,2025-07-07,Gold,PH-004
CUS-01571,LOY-001571,Robert,Thomas,Irving,TX,2022-09-21,Gold,PH-002
CUS-01572,LOY-001572,Jennifer,Taylor,Dallas,TX,2022-08-25,Standard,PH-004
CUS-01573,LOY-001573,Jennifer,Miller,Fort Worth,TX,2023-11-02,Standard,PH-003
CUS-01574,LOY-001574,Mia,Thomas,Irving,TX,2023-08-07,Gold,PH-003
CUS-01575,LOY-001575,Sophia,Garcia,Frisco,TX,2022-08-11,Standard,PH-004
CUS-01576,LOY-001576,John,Tran,Fort Worth,TX,2024-10-16,Standard,PH-002
CUS-01577,LOY-001577,Michael,King,Irving,TX,2024-09-07,Standard,PH-001
CUS-01578,LOY-001578,Linda,King,Irving,TX,2023-01-13,Standard,PH-001
CUS-01579,LOY-001579,Linda,Smith,Fort Worth,TX,2024-01-30,Silver,PH-002
CUS-01580,LOY-001580,David,Lopez,Dallas,TX,2025-09-19,Gold,PH-002
CUS-01581,LOY-001581,Liam,Martinez,Frisco,TX,2022-03-31,Gold,PH-001
CUS-01582,LOY-001582,Melissa,Patel,Frisco,TX,2022-12-26,Silver,PH-004
CUS-01583,LOY-001583,John,Taylor,Dallas,TX,2024-03-12,Silver,PH-002
CUS-01584,LOY-001584,Sophia,Davis,Dallas,TX,2023-04-07,Standard,PH-002
CUS-01585,LOY-001585,Kevin,Anderson,Irving,TX,2022-02-21,Silver,PH-001
CUS-01586,LOY-001586,Linda,Lopez,Fort Worth,TX,2023-08-13,Gold,PH-002
CUS-01587,LOY-001587,Melissa,Johnson,Frisco,TX,2022-04-27,Standard,PH-001
CUS-01588,LOY-001588,Laura,Davis,Fort Worth,TX,2022-02-05,Gold,PH-002
CUS-01589,LOY-001589,Ava,Patel,Frisco,TX,2022-03-20,Standard,PH-001
CUS-01590,LOY-001590,Mia,Chen,Dallas,TX,2024-02-20,Standard,PH-005
CUS-01591,LOY-001591,Robert,Reed,Fort Worth,TX,2022-09-03,Standard,PH-001
CUS-01592,LOY-001592,Brandon,Johnson,Dallas,TX,2022-02-10,Gold,PH-004
CUS-01593,LOY-001593,Brandon,Taylor,Irving,TX,2023-08-02,Gold,PH-005
CUS-01594,LOY-001594,Anthony,Wilson,Plano,TX,2025-10-30,Silver,PH-005
CUS-01595,LOY-001595,Daniel,Kim,Irving,TX,2024-09-08,Standard,PH-004
CUS-01596,LOY-001596,Jessica,Kim,Plano,TX,2022-10-23,Silver,PH-002
CUS-01597,LOY-001597,Anthony,Ross,Plano,TX,2024-01-24,Gold,PH-001
CUS-01598,LOY-001598,Laura,White,Frisco,TX,2022-10-22,Standard,PH-004
CUS-01599,LOY-001599,Laura,Thomas,Fort Worth,TX,2023-04-10,Silver,PH-002
CUS-01600,LOY-001600,Ethan,Kim,Plano,TX,2024-04-11,Silver,PH-004
CUS-01601,LOY-001601,David,Moore,Irving,TX,2024-06-28,Silver,PH-004
CUS-01602,LOY-001602,Rachel,Patel,Frisco,TX,2025-09-24,Silver,PH-002
CUS-01603,LOY-001603,Ava,Davis,Plano,TX,2023-05-19,Standard,PH-002
CUS-01604,LOY-001604,Brandon,Martinez,Fort Worth,TX,2024-01-15,Silver,PH-005
CUS-01605,LOY-001605,Liam,White,Irving,TX,2024-02-07,Gold,PH-003
CUS-01606,LOY-001606,John,Reed,Plano,TX,2024-08-21,Standard,PH-005
CUS-01607,LOY-001607,Ethan,Wilson,Frisco,TX,2026-05-06,Gold,PH-004
CUS-01608,LOY-001608,Robert,Martinez,Plano,TX,2023-11-23,Gold,PH-002
CUS-01609,LOY-001609,Mia,Reed,Fort Worth,TX,2024-06-03,Standard,PH-004
CUS-01610,LOY-001610,Amanda,Thomas,Plano,TX,2024-03-01,Gold,PH-002
CUS-01611,LOY-001611,Daniel,Moore,Fort Worth,TX,2026-04-25,Standard,PH-004
CUS-01612,LOY-001612,Brandon,White,Plano,TX,2022-11-05,Silver,PH-003
CUS-01613,LOY-001613,David,Chen,Plano,TX,2026-04-11,Silver,PH-003
CUS-01614,LOY-001614,Olivia,Jackson,Fort Worth,TX,2024-12-22,Gold,PH-001
CUS-01615,LOY-001615,Mia,Hill,Dallas,TX,2022-06-25,Standard,PH-001
CUS-01616,LOY-001616,Robert,Patel,Dallas,TX,2023-10-04,Silver,PH-002
CUS-01617,LOY-001617,Ava,Carter,Plano,TX,2023-09-22,Standard,PH-003
CUS-01618,LOY-001618,Olivia,Patel,Fort Worth,TX,2024-07-03,Silver,PH-003
CUS-01619,LOY-001619,Noah,Miller,Frisco,TX,2023-09-14,Standard,PH-005
CUS-01620,LOY-001620,Sarah,Carter,Plano,TX,2024-04-30,Standard,PH-005
CUS-01621,LOY-001621,Olivia,Smith,Plano,TX,2025-02-24,Gold,PH-004
CUS-01622,LOY-001622,Noah,Ross,Plano,TX,2022-08-21,Gold,PH-002
CUS-01623,LOY-001623,David,Hill,Dallas,TX,2022-10-05,Silver,PH-004
CUS-01624,LOY-001624,Anthony,Brown,Plano,TX,2026-04-21,Standard,PH-005
CUS-01625,LOY-001625,Noah,Kim,Irving,TX,2025-04-12,Gold,PH-002
CUS-01626,LOY-001626,David,Lee,Irving,TX,2025-10-07,Gold,PH-003
CUS-01627,LOY-001627,Kevin,Tran,Frisco,TX,2022-05-22,Standard,PH-002
CUS-01628,LOY-001628,Olivia,Nguyen,Irving,TX,2022-11-03,Standard,PH-002
CUS-01629,LOY-001629,Ethan,Patel,Frisco,TX,2025-12-27,Standard,PH-003
CUS-01630,LOY-001630,Olivia,White,Irving,TX,2022-02-02,Gold,PH-005
CUS-01631,LOY-001631,Laura,Miller,Frisco,TX,2023-06-02,Standard,PH-005
CUS-01632,LOY-001632,Daniel,Davis,Dallas,TX,2024-09-29,Silver,PH-002
CUS-01633,LOY-001633,Robert,Taylor,Plano,TX,2025-12-05,Silver,PH-003
CUS-01634,LOY-001634,David,Smith,Frisco,TX,2022-03-24,Silver,PH-004
CUS-01635,LOY-001635,Mia,Tran,Frisco,TX,2025-02-03,Standard,PH-002
CUS-01636,LOY-001636,Olivia,Lee,Fort Worth,TX,2022-02-09,Silver,PH-004
CUS-01637,LOY-001637,John,Brown,Irving,TX,2024-03-06,Standard,PH-003
CUS-01638,LOY-001638,Noah,Reed,Frisco,TX,2024-01-22,Gold,PH-004
CUS-01639,LOY-001639,Laura,Thomas,Frisco,TX,2022-09-29,Silver,PH-003
CUS-01640,LOY-001640,Jessica,Martinez,Irving,TX,2023-07-31,Silver,PH-001
CUS-01641,LOY-001641,David,Anderson,Dallas,TX,2025-09-26,Silver,PH-005
CUS-01642,LOY-001642,Marcus,Lee,Plano,TX,2026-04-10,Standard,PH-002
CUS-01643,LOY-001643,Jennifer,Miller,Frisco,TX,2022-05-14,Standard,PH-005
CUS-01644,LOY-001644,Grace,Chen,Dallas,TX,2022-06-04,Standard,PH-001
CUS-01645,LOY-001645,Ava,White,Frisco,TX,2025-06-18,Standard,PH-002
CUS-01646,LOY-001646,Brandon,Taylor,Irving,TX,2025-07-16,Silver,PH-001
CUS-01647,LOY-001647,Olivia,Hill,Dallas,TX,2025-12-13,Standard,PH-002
CUS-01648,LOY-001648,Ava,Tran,Plano,TX,2022-07-07,Gold,PH-001
CUS-01649,LOY-001649,Amanda,Smith,Plano,TX,2023-03-07,Standard,PH-001
CUS-01650,LOY-001650,Anthony,Patel,Fort Worth,TX,2023-01-30,Silver,PH-002
CUS-01651,LOY-001651,Noah,Brown,Fort Worth,TX,2025-12-17,Standard,PH-004
CUS-01652,LOY-001652,Sophia,Moore,Fort Worth,TX,2022-05-06,Silver,PH-002
CUS-01653,LOY-001653,Michael,Lee,Dallas,TX,2022-12-27,Standard,PH-003
CUS-01654,LOY-001654,Melissa,Johnson,Fort Worth,TX,2023-01-23,Gold,PH-001
CUS-01655,LOY-001655,Noah,Jackson,Dallas,TX,2023-01-21,Standard,PH-003
CUS-01656,LOY-001656,Liam,Chen,Plano,TX,2024-03-19,Gold,PH-005
CUS-01657,LOY-001657,Sophia,Lopez,Irving,TX,2024-11-03,Gold,PH-003
CUS-01658,LOY-001658,John,Smith,Frisco,TX,2023-12-08,Gold,PH-002
CUS-01659,LOY-001659,Michael,Lee,Frisco,TX,2023-07-31,Standard,PH-001
CUS-01660,LOY-001660,Robert,Tran,Irving,TX,2023-12-06,Gold,PH-001
CUS-01661,LOY-001661,Olivia,Jackson,Irving,TX,2022-06-13,Gold,PH-004
CUS-01662,LOY-001662,Amanda,Moore,Dallas,TX,2023-10-15,Gold,PH-003
CUS-01663,LOY-001663,Noah,Anderson,Fort Worth,TX,2025-10-20,Standard,PH-005
CUS-01664,LOY-001664,Daniel,Moore,Frisco,TX,2024-07-12,Silver,PH-004
CUS-01665,LOY-001665,Rachel,Brown,Frisco,TX,2026-04-13,Silver,PH-003
CUS-01666,LOY-001666,Jessica,Moore,Plano,TX,2023-04-13,Gold,PH-002
CUS-01667,LOY-001667,Robert,Thomas,Frisco,TX,2024-04-19,Silver,PH-004
CUS-01668,LOY-001668,Kevin,White,Irving,TX,2024-08-07,Silver,PH-004
CUS-01669,LOY-001669,Melissa,Carter,Irving,TX,2024-05-09,Standard,PH-002
CUS-01670,LOY-001670,Grace,Patel,Irving,TX,2025-07-18,Standard,PH-004
CUS-01671,LOY-001671,Rachel,Lee,Irving,TX,2025-09-17,Standard,PH-002
CUS-01672,LOY-001672,Brandon,Miller,Plano,TX,2022-07-14,Standard,PH-004
CUS-01673,LOY-001673,Emily,Carter,Frisco,TX,2023-11-22,Standard,PH-001
CUS-01674,LOY-001674,Emily,Reed,Plano,TX,2023-09-14,Gold,PH-003
CUS-01675,LOY-001675,Linda,Martinez,Irving,TX,2025-05-27,Gold,PH-004
CUS-01676,LOY-001676,Laura,Smith,Plano,TX,2024-09-25,Gold,PH-001
CUS-01677,LOY-001677,Rachel,Hill,Dallas,TX,2023-10-25,Gold,PH-004
CUS-01678,LOY-001678,Olivia,Nguyen,Plano,TX,2023-04-27,Gold,PH-004
CUS-01679,LOY-001679,Grace,Martinez,Irving,TX,2024-10-01,Standard,PH-003
CUS-01680,LOY-001680,Ethan,Miller,Frisco,TX,2025-07-15,Silver,PH-005
CUS-01681,LOY-001681,Laura,Lopez,Dallas,TX,2025-05-11,Standard,PH-005
CUS-01682,LOY-001682,Sophia,Patel,Frisco,TX,2025-11-11,Standard,PH-003
CUS-01683,LOY-001683,Brandon,Brown,Dallas,TX,2022-02-06,Silver,PH-003
CUS-01684,LOY-001684,Laura,Chen,Plano,TX,2023-10-31,Gold,PH-002
CUS-01685,LOY-001685,Kevin,Taylor,Irving,TX,2023-07-29,Gold,PH-003
CUS-01686,LOY-001686,Brandon,White,Frisco,TX,2025-12-01,Standard,PH-002
CUS-01687,LOY-001687,Kevin,White,Fort Worth,TX,2023-04-14,Gold,PH-005
CUS-01688,LOY-001688,Olivia,Chen,Plano,TX,2024-09-27,Gold,PH-004
CUS-01689,LOY-001689,Amanda,Patel,Fort Worth,TX,2022-07-15,Silver,PH-002
CUS-01690,LOY-001690,Olivia,Patel,Dallas,TX,2024-12-19,Silver,PH-004
CUS-01691,LOY-001691,Olivia,Moore,Frisco,TX,2022-05-18,Silver,PH-004
CUS-01692,LOY-001692,Liam,Martinez,Frisco,TX,2025-12-28,Standard,PH-003
CUS-01693,LOY-001693,Liam,King,Irving,TX,2023-05-21,Standard,PH-001
CUS-01694,LOY-001694,Kevin,Kim,Fort Worth,TX,2024-09-15,Gold,PH-002
CUS-01695,LOY-001695,Grace,Ross,Frisco,TX,2024-09-19,Silver,PH-005
CUS-01696,LOY-001696,Jessica,Martinez,Plano,TX,2025-05-08,Gold,PH-001
CUS-01697,LOY-001697,Sophia,Moore,Dallas,TX,2026-02-15,Standard,PH-005
CUS-01698,LOY-001698,Grace,Davis,Frisco,TX,2023-05-24,Silver,PH-004
CUS-01699,LOY-001699,Noah,Lee,Frisco,TX,2023-06-19,Standard,PH-002
CUS-01700,LOY-001700,Sophia,Lee,Dallas,TX,2025-08-27,Gold,PH-004
CUS-01701,LOY-001701,Jennifer,Kim,Irving,TX,2026-05-08,Standard,PH-004
CUS-01702,LOY-001702,Ethan,Reed,Fort Worth,TX,2022-11-18,Gold,PH-004
CUS-01703,LOY-001703,Liam,Patel,Dallas,TX,2023-07-15,Silver,PH-003
CUS-01704,LOY-001704,John,Thomas,Fort Worth,TX,2024-07-17,Silver,PH-002
CUS-01705,LOY-001705,Brandon,Carter,Frisco,TX,2022-02-04,Standard,PH-001
CUS-01706,LOY-001706,Kevin,Johnson,Irving,TX,2024-01-26,Standard,PH-003
CUS-01707,LOY-001707,Ava,Reed,Fort Worth,TX,2022-02-22,Gold,PH-004
CUS-01708,LOY-001708,Ethan,Patel,Irving,TX,2022-12-31,Silver,PH-005
CUS-01709,LOY-001709,Liam,King,Frisco,TX,2023-10-26,Gold,PH-005
CUS-01710,LOY-001710,Robert,Davis,Dallas,TX,2026-01-20,Gold,PH-002
CUS-01711,LOY-001711,Emily,Tran,Dallas,TX,2022-10-14,Standard,PH-001
CUS-01712,LOY-001712,Michael,Miller,Plano,TX,2022-07-08,Silver,PH-003
CUS-01713,LOY-001713,Kevin,Tran,Irving,TX,2023-12-05,Standard,PH-004
CUS-01714,LOY-001714,Anthony,Johnson,Dallas,TX,2024-12-10,Silver,PH-004
CUS-01715,LOY-001715,Noah,Carter,Fort Worth,TX,2022-07-03,Standard,PH-004
CUS-01716,LOY-001716,Sarah,Hill,Frisco,TX,2023-04-11,Standard,PH-001
CUS-01717,LOY-001717,Ethan,Anderson,Fort Worth,TX,2022-02-19,Standard,PH-002
CUS-01718,LOY-001718,Emily,King,Dallas,TX,2023-03-25,Standard,PH-002
CUS-01719,LOY-001719,Melissa,Davis,Frisco,TX,2023-10-24,Silver,PH-004
CUS-01720,LOY-001720,Amanda,Davis,Frisco,TX,2024-10-05,Standard,PH-004
CUS-01721,LOY-001721,Jessica,Tran,Dallas,TX,2023-02-14,Gold,PH-001
CUS-01722,LOY-001722,John,Chen,Fort Worth,TX,2024-10-03,Standard,PH-003
CUS-01723,LOY-001723,Noah,Tran,Fort Worth,TX,2024-01-24,Gold,PH-002
CUS-01724,LOY-001724,Anthony,Martinez,Plano,TX,2025-01-03,Standard,PH-005
CUS-01725,LOY-001725,Sophia,Ross,Fort Worth,TX,2024-02-06,Gold,PH-004
CUS-01726,LOY-001726,Sarah,Martinez,Fort Worth,TX,2023-06-09,Silver,PH-002
CUS-01727,LOY-001727,Kevin,Ross,Irving,TX,2022-09-02,Gold,PH-003
CUS-01728,LOY-001728,David,Lee,Irving,TX,2025-05-20,Gold,PH-005
CUS-01729,LOY-001729,Liam,Reed,Plano,TX,2023-01-14,Standard,PH-001
CUS-01730,LOY-001730,Anthony,White,Dallas,TX,2026-03-02,Standard,PH-002
CUS-01731,LOY-001731,Liam,Garcia,Frisco,TX,2025-11-13,Gold,PH-002
CUS-01732,LOY-001732,Brandon,Nguyen,Frisco,TX,2024-08-07,Standard,PH-002
CUS-01733,LOY-001733,Brandon,Ross,Plano,TX,2024-11-12,Standard,PH-003
CUS-01734,LOY-001734,Amanda,Martinez,Plano,TX,2023-11-15,Standard,PH-004
CUS-01735,LOY-001735,Ava,Reed,Frisco,TX,2024-07-26,Silver,PH-005
CUS-01736,LOY-001736,Liam,Miller,Irving,TX,2024-09-10,Gold,PH-005
CUS-01737,LOY-001737,Sophia,White,Plano,TX,2022-06-09,Gold,PH-001
CUS-01738,LOY-001738,Amanda,Lee,Fort Worth,TX,2022-04-13,Standard,PH-003
CUS-01739,LOY-001739,Amanda,Nguyen,Irving,TX,2024-02-21,Gold,PH-005
CUS-01740,LOY-001740,Sarah,Hill,Dallas,TX,2024-01-24,Standard,PH-002
CUS-01741,LOY-001741,Laura,Moore,Frisco,TX,2022-06-05,Silver,PH-004
CUS-01742,LOY-001742,Ethan,Lee,Frisco,TX,2026-04-27,Standard,PH-001
CUS-01743,LOY-001743,Sophia,Carter,Frisco,TX,2024-07-24,Standard,PH-001
CUS-01744,LOY-001744,Ethan,Moore,Dallas,TX,2024-09-02,Standard,PH-001
CUS-01745,LOY-001745,Marcus,Tran,Plano,TX,2024-07-21,Gold,PH-005
CUS-01746,LOY-001746,Daniel,Ross,Dallas,TX,2025-12-10,Gold,PH-004
CUS-01747,LOY-001747,Jennifer,Moore,Plano,TX,2023-03-18,Standard,PH-004
CUS-01748,LOY-001748,Mia,Reed,Dallas,TX,2022-03-18,Silver,PH-004
CUS-01749,LOY-001749,David,Smith,Plano,TX,2022-01-28,Gold,PH-001
CUS-01750,LOY-001750,Mia,Tran,Frisco,TX,2025-12-24,Silver,PH-004
CUS-01751,LOY-001751,John,White,Frisco,TX,2022-02-19,Gold,PH-003
CUS-01752,LOY-001752,John,Chen,Irving,TX,2022-01-04,Gold,PH-001
CUS-01753,LOY-001753,Brandon,Smith,Fort Worth,TX,2025-12-10,Silver,PH-002
CUS-01754,LOY-001754,Noah,Moore,Dallas,TX,2023-08-10,Silver,PH-001
CUS-01755,LOY-001755,Olivia,Kim,Irving,TX,2024-08-25,Gold,PH-002
CUS-01756,LOY-001756,Rachel,Anderson,Frisco,TX,2026-01-27,Gold,PH-005
CUS-01757,LOY-001757,Melissa,Patel,Frisco,TX,2024-04-13,Standard,PH-005
CUS-01758,LOY-001758,Anthony,Kim,Irving,TX,2023-12-13,Silver,PH-002
CUS-01759,LOY-001759,Mia,Jackson,Irving,TX,2025-10-15,Gold,PH-004
CUS-01760,LOY-001760,Rachel,Smith,Dallas,TX,2025-05-18,Silver,PH-002
CUS-01761,LOY-001761,Kevin,Kim,Irving,TX,2024-07-12,Gold,PH-002
CUS-01762,LOY-001762,Robert,Patel,Fort Worth,TX,2025-07-04,Standard,PH-005
CUS-01763,LOY-001763,Kevin,Johnson,Plano,TX,2025-03-20,Standard,PH-002
CUS-01764,LOY-001764,Noah,Reed,Dallas,TX,2024-05-08,Standard,PH-005
CUS-01765,LOY-001765,Jessica,King,Fort Worth,TX,2022-08-01,Gold,PH-001
CUS-01766,LOY-001766,Daniel,Johnson,Plano,TX,2026-02-23,Standard,PH-003
CUS-01767,LOY-001767,Emily,Hill,Frisco,TX,2026-02-07,Silver,PH-005
CUS-01768,LOY-001768,Anthony,Davis,Irving,TX,2023-03-25,Gold,PH-003
CUS-01769,LOY-001769,Ava,Smith,Dallas,TX,2023-04-08,Gold,PH-004
CUS-01770,LOY-001770,Melissa,Thomas,Plano,TX,2026-01-06,Standard,PH-005
CUS-01771,LOY-001771,Grace,Hill,Irving,TX,2022-10-23,Standard,PH-003
CUS-01772,LOY-001772,Linda,Jackson,Irving,TX,2023-09-13,Standard,PH-005
CUS-01773,LOY-001773,Ethan,Hill,Plano,TX,2022-02-18,Standard,PH-001
CUS-01774,LOY-001774,Sophia,Hill,Plano,TX,2023-01-16,Gold,PH-001
CUS-01775,LOY-001775,Jennifer,Ross,Irving,TX,2022-09-01,Silver,PH-003
CUS-01776,LOY-001776,Mia,Reed,Dallas,TX,2025-11-30,Gold,PH-003
CUS-01777,LOY-001777,Kevin,Reed,Frisco,TX,2023-03-03,Silver,PH-004
CUS-01778,LOY-001778,Olivia,Garcia,Irving,TX,2025-07-24,Gold,PH-005
CUS-01779,LOY-001779,Robert,Anderson,Irving,TX,2022-03-06,Silver,PH-003
CUS-01780,LOY-001780,Rachel,Lee,Frisco,TX,2025-12-05,Silver,PH-004
CUS-01781,LOY-001781,Liam,Johnson,Dallas,TX,2024-05-15,Gold,PH-005
CUS-01782,LOY-001782,Olivia,Kim,Irving,TX,2022-02-25,Silver,PH-001
CUS-01783,LOY-001783,Emily,Jackson,Dallas,TX,2024-08-30,Silver,PH-005
CUS-01784,LOY-001784,Jennifer,Tran,Plano,TX,2026-01-23,Gold,PH-001
CUS-01785,LOY-001785,David,Reed,Frisco,TX,2023-05-10,Gold,PH-004
CUS-01786,LOY-001786,Robert,Patel,Frisco,TX,2025-02-05,Gold,PH-004
CUS-01787,LOY-001787,John,Lopez,Irving,TX,2022-07-14,Standard,PH-002
CUS-01788,LOY-001788,Brandon,Anderson,Dallas,TX,2024-11-02,Silver,PH-001
CUS-01789,LOY-001789,Michael,Miller,Irving,TX,2023-07-17,Gold,PH-005
CUS-01790,LOY-001790,Anthony,White,Fort Worth,TX,2025-08-31,Gold,PH-001
CUS-01791,LOY-001791,Daniel,Garcia,Dallas,TX,2025-11-30,Gold,PH-004
CUS-01792,LOY-001792,Sarah,Wilson,Frisco,TX,2022-11-30,Standard,PH-003
CUS-01793,LOY-001793,Olivia,Patel,Irving,TX,2022-08-13,Gold,PH-002
CUS-01794,LOY-001794,Jennifer,Martinez,Irving,TX,2024-09-22,Standard,PH-001
CUS-01795,LOY-001795,Anthony,Jackson,Plano,TX,2026-05-02,Silver,PH-001
CUS-01796,LOY-001796,Sophia,Miller,Plano,TX,2023-11-28,Gold,PH-005
CUS-01797,LOY-001797,Emily,Chen,Irving,TX,2025-12-06,Standard,PH-001
CUS-01798,LOY-001798,Sarah,Carter,Plano,TX,2026-02-25,Gold,PH-005
CUS-01799,LOY-001799,Amanda,Wilson,Irving,TX,2024-01-21,Gold,PH-004
CUS-01800,LOY-001800,Amanda,Thomas,Fort Worth,TX,2025-11-21,Silver,PH-005
CUS-01801,LOY-001801,Marcus,Smith,Irving,TX,2022-03-10,Silver,PH-004
CUS-01802,LOY-001802,Jessica,Thomas,Irving,TX,2022-05-18,Standard,PH-001
CUS-01803,LOY-001803,Daniel,Anderson,Frisco,TX,2024-08-30,Silver,PH-005
CUS-01804,LOY-001804,Linda,Carter,Dallas,TX,2022-02-19,Standard,PH-001
CUS-01805,LOY-001805,Brandon,Miller,Plano,TX,2024-07-02,Gold,PH-005
CUS-01806,LOY-001806,Rachel,Johnson,Frisco,TX,2024-09-05,Standard,PH-002
CUS-01807,LOY-001807,Brandon,Smith,Dallas,TX,2025-02-20,Standard,PH-002
CUS-01808,LOY-001808,John,Carter,Frisco,TX,2022-09-30,Gold,PH-004
CUS-01809,LOY-001809,Amanda,Kim,Dallas,TX,2024-11-10,Standard,PH-001
CUS-01810,LOY-001810,Michael,Anderson,Frisco,TX,2025-04-14,Gold,PH-001
CUS-01811,LOY-001811,Sophia,White,Plano,TX,2023-10-17,Standard,PH-004
CUS-01812,LOY-001812,Grace,Martinez,Plano,TX,2025-09-21,Silver,PH-004
CUS-01813,LOY-001813,Emily,Martinez,Dallas,TX,2022-12-20,Silver,PH-005
CUS-01814,LOY-001814,Ethan,Taylor,Fort Worth,TX,2022-05-26,Standard,PH-002
CUS-01815,LOY-001815,Michael,Carter,Dallas,TX,2024-09-05,Gold,PH-001
CUS-01816,LOY-001816,Brandon,Miller,Plano,TX,2025-07-07,Silver,PH-003
CUS-01817,LOY-001817,Linda,Ross,Irving,TX,2022-05-03,Silver,PH-001
CUS-01818,LOY-001818,Kevin,Jackson,Irving,TX,2022-02-26,Standard,PH-003
CUS-01819,LOY-001819,Anthony,Wilson,Fort Worth,TX,2023-04-06,Gold,PH-002
CUS-01820,LOY-001820,Emily,Lopez,Fort Worth,TX,2024-04-12,Gold,PH-002
CUS-01821,LOY-001821,Linda,Lopez,Fort Worth,TX,2023-08-13,Silver,PH-001
CUS-01822,LOY-001822,Laura,Lopez,Dallas,TX,2024-05-04,Standard,PH-005
CUS-01823,LOY-001823,Jennifer,Thomas,Plano,TX,2026-05-02,Gold,PH-001
CUS-01824,LOY-001824,Rachel,Ross,Irving,TX,2023-07-30,Silver,PH-003
CUS-01825,LOY-001825,Sophia,Johnson,Fort Worth,TX,2023-11-01,Silver,PH-004
CUS-01826,LOY-001826,Michael,Brown,Irving,TX,2026-04-01,Gold,PH-005
CUS-01827,LOY-001827,Noah,Johnson,Fort Worth,TX,2025-05-12,Gold,PH-005
CUS-01828,LOY-001828,Melissa,Brown,Frisco,TX,2022-07-06,Gold,PH-004
CUS-01829,LOY-001829,Kevin,Johnson,Fort Worth,TX,2025-06-16,Gold,PH-001
CUS-01830,LOY-001830,Daniel,Taylor,Frisco,TX,2023-07-10,Silver,PH-005
CUS-01831,LOY-001831,Michael,Chen,Frisco,TX,2023-10-26,Standard,PH-005
CUS-01832,LOY-001832,John,Kim,Frisco,TX,2023-01-28,Silver,PH-005
CUS-01833,LOY-001833,Mia,Smith,Frisco,TX,2023-06-25,Gold,PH-004
CUS-01834,LOY-001834,Mia,Anderson,Plano,TX,2026-04-23,Gold,PH-002
CUS-01835,LOY-001835,Grace,Jackson,Frisco,TX,2023-01-25,Gold,PH-003
CUS-01836,LOY-001836,Noah,Johnson,Fort Worth,TX,2023-10-20,Standard,PH-004
CUS-01837,LOY-001837,Brandon,Davis,Plano,TX,2022-08-29,Gold,PH-003
CUS-01838,LOY-001838,Ethan,Chen,Plano,TX,2025-05-09,Gold,PH-003
CUS-01839,LOY-001839,Sarah,Taylor,Irving,TX,2024-02-07,Standard,PH-004
CUS-01840,LOY-001840,Emily,Thomas,Frisco,TX,2025-03-09,Silver,PH-005
CUS-01841,LOY-001841,Kevin,Carter,Frisco,TX,2025-05-26,Standard,PH-003
CUS-01842,LOY-001842,Marcus,Reed,Fort Worth,TX,2024-03-16,Standard,PH-001
CUS-01843,LOY-001843,John,White,Frisco,TX,2024-10-10,Silver,PH-005
CUS-01844,LOY-001844,Brandon,Ross,Fort Worth,TX,2025-03-08,Silver,PH-002
CUS-01845,LOY-001845,Daniel,King,Irving,TX,2025-07-10,Silver,PH-005
CUS-01846,LOY-001846,Marcus,Brown,Irving,TX,2024-03-03,Silver,PH-001
CUS-01847,LOY-001847,Melissa,Miller,Dallas,TX,2024-01-11,Standard,PH-001
CUS-01848,LOY-001848,Jennifer,Ross,Dallas,TX,2025-01-28,Gold,PH-003
CUS-01849,LOY-001849,Melissa,White,Dallas,TX,2026-03-02,Gold,PH-004
CUS-01850,LOY-001850,John,King,Fort Worth,TX,2022-05-03,Standard,PH-001
CUS-01851,LOY-001851,Kevin,Lopez,Frisco,TX,2023-08-06,Silver,PH-002
CUS-01852,LOY-001852,Linda,Chen,Fort Worth,TX,2025-05-21,Gold,PH-003
CUS-01853,LOY-001853,Jessica,Kim,Plano,TX,2022-11-07,Standard,PH-005
CUS-01854,LOY-001854,Brandon,Patel,Plano,TX,2022-12-18,Silver,PH-002
CUS-01855,LOY-001855,Jessica,Lopez,Dallas,TX,2022-11-25,Standard,PH-005
CUS-01856,LOY-001856,Ava,Lopez,Frisco,TX,2024-09-22,Standard,PH-001
CUS-01857,LOY-001857,Linda,Smith,Plano,TX,2023-05-11,Silver,PH-005
CUS-01858,LOY-001858,Sarah,Miller,Plano,TX,2023-07-27,Standard,PH-001
CUS-01859,LOY-001859,Linda,Anderson,Frisco,TX,2024-06-10,Gold,PH-005
CUS-01860,LOY-001860,Anthony,Wilson,Plano,TX,2023-04-21,Standard,PH-001
CUS-01861,LOY-001861,Laura,Thomas,Irving,TX,2024-06-25,Standard,PH-004
CUS-01862,LOY-001862,Olivia,Jackson,Irving,TX,2022-02-17,Gold,PH-003
CUS-01863,LOY-001863,John,Anderson,Irving,TX,2024-06-13,Gold,PH-003
CUS-01864,LOY-001864,Kevin,Lee,Irving,TX,2024-11-05,Gold,PH-004
CUS-01865,LOY-001865,David,Lopez,Plano,TX,2024-02-03,Standard,PH-001
CUS-01866,LOY-001866,Olivia,Thomas,Irving,TX,2022-12-11,Silver,PH-002
CUS-01867,LOY-001867,John,Patel,Frisco,TX,2024-04-09,Silver,PH-002
CUS-01868,LOY-001868,Noah,Nguyen,Plano,TX,2024-02-17,Gold,PH-004
CUS-01869,LOY-001869,Amanda,Anderson,Fort Worth,TX,2023-05-15,Gold,PH-001
CUS-01870,LOY-001870,David,Thomas,Dallas,TX,2024-03-07,Gold,PH-003
CUS-01871,LOY-001871,Rachel,Reed,Dallas,TX,2024-10-02,Silver,PH-004
CUS-01872,LOY-001872,Laura,Tran,Irving,TX,2023-06-07,Silver,PH-002
CUS-01873,LOY-001873,Daniel,Kim,Frisco,TX,2024-09-07,Standard,PH-002
CUS-01874,LOY-001874,Linda,Garcia,Fort Worth,TX,2025-05-11,Gold,PH-002
CUS-01875,LOY-001875,Robert,Reed,Frisco,TX,2022-04-09,Standard,PH-001
CUS-01876,LOY-001876,Noah,Miller,Dallas,TX,2025-06-14,Gold,PH-005
CUS-01877,LOY-001877,Robert,Ross,Dallas,TX,2024-12-11,Silver,PH-004
CUS-01878,LOY-001878,Melissa,Nguyen,Plano,TX,2024-06-11,Silver,PH-002
CUS-01879,LOY-001879,Linda,Smith,Frisco,TX,2022-12-08,Gold,PH-001
CUS-01880,LOY-001880,Linda,Tran,Fort Worth,TX,2022-04-17,Gold,PH-002
CUS-01881,LOY-001881,Sophia,Johnson,Irving,TX,2024-05-16,Standard,PH-002
CUS-01882,LOY-001882,Amanda,White,Plano,TX,2025-05-19,Gold,PH-001
CUS-01883,LOY-001883,Jennifer,Jackson,Dallas,TX,2023-07-06,Standard,PH-005
CUS-01884,LOY-001884,Marcus,Jackson,Irving,TX,2025-02-07,Silver,PH-002
CUS-01885,LOY-001885,Melissa,Johnson,Plano,TX,2023-05-19,Standard,PH-003
CUS-01886,LOY-001886,Sarah,Jackson,Frisco,TX,2024-11-17,Standard,PH-005
CUS-01887,LOY-001887,Michael,King,Irving,TX,2022-10-04,Standard,PH-001
CUS-01888,LOY-001888,Emily,Carter,Plano,TX,2023-05-11,Gold,PH-003
CUS-01889,LOY-001889,Brandon,White,Frisco,TX,2024-08-05,Standard,PH-004
CUS-01890,LOY-001890,Sarah,Thomas,Dallas,TX,2026-01-01,Standard,PH-002
CUS-01891,LOY-001891,Ethan,Lopez,Dallas,TX,2022-05-18,Silver,PH-002
CUS-01892,LOY-001892,Amanda,Nguyen,Irving,TX,2024-12-19,Silver,PH-004
CUS-01893,LOY-001893,Jessica,Johnson,Irving,TX,2024-12-11,Silver,PH-005
CUS-01894,LOY-001894,Rachel,White,Fort Worth,TX,2025-03-28,Gold,PH-004
CUS-01895,LOY-001895,Liam,Ross,Fort Worth,TX,2024-04-14,Standard,PH-005
CUS-01896,LOY-001896,Emily,Carter,Dallas,TX,2023-02-28,Standard,PH-005
CUS-01897,LOY-001897,Rachel,Nguyen,Dallas,TX,2025-05-22,Silver,PH-004
CUS-01898,LOY-001898,Anthony,Nguyen,Frisco,TX,2022-02-18,Silver,PH-004
CUS-01899,LOY-001899,John,Jackson,Dallas,TX,2023-03-18,Silver,PH-002
CUS-01900,LOY-001900,David,Garcia,Plano,TX,2025-08-22,Silver,PH-004
CUS-01901,LOY-001901,Linda,Carter,Dallas,TX,2023-04-11,Silver,PH-003
CUS-01902,LOY-001902,Emily,Reed,Irving,TX,2025-12-30,Silver,PH-003
CUS-01903,LOY-001903,John,Wilson,Plano,TX,2024-05-01,Standard,PH-002
CUS-01904,LOY-001904,Melissa,Taylor,Dallas,TX,2023-08-29,Silver,PH-001
CUS-01905,LOY-001905,Rachel,Wilson,Irving,TX,2025-08-31,Silver,PH-001
CUS-01906,LOY-001906,Olivia,Nguyen,Frisco,TX,2024-11-15,Gold,PH-004
CUS-01907,LOY-001907,Robert,Brown,Dallas,TX,2023-12-23,Silver,PH-002
CUS-01908,LOY-001908,Sophia,Davis,Plano,TX,2022-01-23,Standard,PH-002
CUS-01909,LOY-001909,Ava,Thomas,Fort Worth,TX,2023-07-07,Standard,PH-001
CUS-01910,LOY-001910,Michael,Martinez,Fort Worth,TX,2024-01-31,Standard,PH-004
CUS-01911,LOY-001911,Anthony,Patel,Fort Worth,TX,2024-07-31,Silver,PH-005
CUS-01912,LOY-001912,Kevin,Nguyen,Frisco,TX,2022-04-15,Gold,PH-005
CUS-01913,LOY-001913,Marcus,Wilson,Irving,TX,2024-06-06,Gold,PH-001
CUS-01914,LOY-001914,Mia,Jackson,Fort Worth,TX,2026-02-01,Gold,PH-005
CUS-01915,LOY-001915,Michael,Tran,Plano,TX,2024-02-13,Silver,PH-004
CUS-01916,LOY-001916,Ava,Moore,Frisco,TX,2022-10-22,Standard,PH-002
CUS-01917,LOY-001917,Jennifer,Lopez,Irving,TX,2023-07-19,Silver,PH-002
CUS-01918,LOY-001918,Robert,King,Frisco,TX,2022-01-25,Standard,PH-002
CUS-01919,LOY-001919,Laura,Garcia,Plano,TX,2024-05-05,Standard,PH-004
CUS-01920,LOY-001920,Jessica,Garcia,Frisco,TX,2023-03-08,Standard,PH-001
CUS-01921,LOY-001921,Sarah,King,Frisco,TX,2026-01-29,Silver,PH-001
CUS-01922,LOY-001922,Linda,Wilson,Plano,TX,2025-10-09,Silver,PH-001
CUS-01923,LOY-001923,Jennifer,Anderson,Irving,TX,2023-12-03,Gold,PH-003
CUS-01924,LOY-001924,Emily,Ross,Fort Worth,TX,2025-02-17,Gold,PH-003
CUS-01925,LOY-001925,Ethan,Anderson,Frisco,TX,2024-12-14,Standard,PH-005
CUS-01926,LOY-001926,Michael,Anderson,Frisco,TX,2025-05-01,Standard,PH-002
CUS-01927,LOY-001927,Amanda,Smith,Irving,TX,2023-07-12,Silver,PH-005
CUS-01928,LOY-001928,Sophia,Brown,Irving,TX,2022-04-16,Gold,PH-003
CUS-01929,LOY-001929,Grace,Ross,Dallas,TX,2022-10-31,Gold,PH-002
CUS-01930,LOY-001930,Grace,Chen,Plano,TX,2024-08-08,Standard,PH-001
CUS-01931,LOY-001931,Noah,Johnson,Fort Worth,TX,2024-01-14,Silver,PH-004
CUS-01932,LOY-001932,Laura,Garcia,Frisco,TX,2023-09-05,Standard,PH-002
CUS-01933,LOY-001933,Sarah,Lopez,Irving,TX,2025-09-19,Standard,PH-003
CUS-01934,LOY-001934,Robert,Smith,Irving,TX,2024-06-04,Standard,PH-004
CUS-01935,LOY-001935,Emily,Lee,Frisco,TX,2024-01-29,Standard,PH-003
CUS-01936,LOY-001936,Linda,Brown,Irving,TX,2024-03-22,Gold,PH-002
CUS-01937,LOY-001937,Anthony,Smith,Plano,TX,2023-08-10,Standard,PH-005
CUS-01938,LOY-001938,Grace,Miller,Frisco,TX,2022-11-23,Gold,PH-003
CUS-01939,LOY-001939,Brandon,Reed,Dallas,TX,2022-07-26,Standard,PH-001
CUS-01940,LOY-001940,Grace,Moore,Dallas,TX,2022-11-04,Gold,PH-004
CUS-01941,LOY-001941,Emily,Tran,Plano,TX,2022-04-16,Standard,PH-004
CUS-01942,LOY-001942,Sarah,King,Plano,TX,2023-08-20,Silver,PH-003
CUS-01943,LOY-001943,Mia,Garcia,Dallas,TX,2022-03-24,Standard,PH-003
CUS-01944,LOY-001944,Kevin,Hill,Dallas,TX,2025-04-08,Standard,PH-001
CUS-01945,LOY-001945,Olivia,Lee,Plano,TX,2022-12-15,Silver,PH-004
CUS-01946,LOY-001946,Marcus,Ross,Fort Worth,TX,2023-08-20,Gold,PH-005
CUS-01947,LOY-001947,Jennifer,Lopez,Frisco,TX,2022-10-11,Standard,PH-004
CUS-01948,LOY-001948,Olivia,Ross,Plano,TX,2025-08-10,Gold,PH-005
CUS-01949,LOY-001949,Marcus,Brown,Fort Worth,TX,2023-04-04,Gold,PH-003
CUS-01950,LOY-001950,Robert,Reed,Frisco,TX,2025-09-23,Standard,PH-004
CUS-01951,LOY-001951,Grace,Wilson,Frisco,TX,2024-11-08,Silver,PH-003
CUS-01952,LOY-001952,Ethan,Thomas,Irving,TX,2024-05-06,Standard,PH-003
CUS-01953,LOY-001953,Mia,Patel,Plano,TX,2023-05-08,Silver,PH-002
CUS-01954,LOY-001954,Noah,Carter,Dallas,TX,2022-06-12,Standard,PH-005
CUS-01955,LOY-001955,Marcus,Carter,Dallas,TX,2024-07-08,Standard,PH-002
CUS-01956,LOY-001956,Ava,Tran,Frisco,TX,2026-04-27,Silver,PH-003
CUS-01957,LOY-001957,Brandon,Chen,Irving,TX,2024-06-10,Silver,PH-001
CUS-01958,LOY-001958,Ethan,Anderson,Fort Worth,TX,2026-02-02,Gold,PH-003
CUS-01959,LOY-001959,Noah,Martinez,Irving,TX,2025-09-05,Standard,PH-003
CUS-01960,LOY-001960,Sarah,Reed,Plano,TX,2023-12-08,Standard,PH-001
CUS-01961,LOY-001961,Robert,White,Frisco,TX,2024-03-08,Standard,PH-004
CUS-01962,LOY-001962,David,Anderson,Irving,TX,2025-12-23,Silver,PH-004
CUS-01963,LOY-001963,Melissa,Patel,Irving,TX,2025-09-10,Silver,PH-005
CUS-01964,LOY-001964,Noah,Miller,Dallas,TX,2022-12-03,Silver,PH-004
CUS-01965,LOY-001965,Jennifer,Brown,Frisco,TX,2022-10-31,Standard,PH-002
CUS-01966,LOY-001966,Linda,Davis,Fort Worth,TX,2024-10-11,Silver,PH-002
CUS-01967,LOY-001967,Ava,Miller,Irving,TX,2022-03-20,Standard,PH-003
CUS-01968,LOY-001968,Noah,Patel,Fort Worth,TX,2024-02-03,Silver,PH-001
CUS-01969,LOY-001969,Marcus,Brown,Fort Worth,TX,2023-02-18,Standard,PH-002
CUS-01970,LOY-001970,Kevin,Anderson,Fort Worth,TX,2023-07-15,Gold,PH-004
CUS-01971,LOY-001971,Michael,Garcia,Fort Worth,TX,2025-06-07,Standard,PH-004
CUS-01972,LOY-001972,Liam,Moore,Dallas,TX,2024-07-20,Gold,PH-005
CUS-01973,LOY-001973,Jessica,Nguyen,Fort Worth,TX,2026-03-28,Silver,PH-001
CUS-01974,LOY-001974,Sophia,Patel,Dallas,TX,2024-04-14,Gold,PH-001
CUS-01975,LOY-001975,Emily,Smith,Irving,TX,2025-05-31,Gold,PH-002
CUS-01976,LOY-001976,Kevin,Garcia,Plano,TX,2024-07-09,Silver,PH-003
CUS-01977,LOY-001977,Ethan,King,Plano,TX,2025-09-30,Gold,PH-003
CUS-01978,LOY-001978,Anthony,Ross,Dallas,TX,2024-12-22,Standard,PH-001
CUS-01979,LOY-001979,Linda,Wilson,Plano,TX,2024-03-24,Standard,PH-004
CUS-01980,LOY-001980,Robert,Tran,Frisco,TX,2025-01-01,Gold,PH-004
CUS-01981,LOY-001981,Amanda,Davis,Frisco,TX,2026-04-24,Gold,PH-001
CUS-01982,LOY-001982,Emily,Garcia,Plano,TX,2024-12-29,Gold,PH-005
CUS-01983,LOY-001983,Sophia,Jackson,Dallas,TX,2023-04-26,Silver,PH-005
CUS-01984,LOY-001984,Ava,Patel,Plano,TX,2025-01-21,Gold,PH-002
CUS-01985,LOY-001985,Amanda,Anderson,Irving,TX,2022-06-13,Silver,PH-002
CUS-01986,LOY-001986,Emily,Lee,Dallas,TX,2022-09-23,Gold,PH-003
CUS-01987,LOY-001987,Sarah,Anderson,Frisco,TX,2025-10-07,Silver,PH-004
CUS-01988,LOY-001988,Sarah,Smith,Plano,TX,2026-02-02,Standard,PH-003
CUS-01989,LOY-001989,Marcus,Jackson,Frisco,TX,2023-09-26,Gold,PH-005
CUS-01990,LOY-001990,Ethan,Tran,Dallas,TX,2022-11-15,Standard,PH-001
CUS-01991,LOY-001991,Linda,Tran,Frisco,TX,2023-01-02,Standard,PH-004
CUS-01992,LOY-001992,Kevin,Hill,Fort Worth,TX,2026-04-18,Gold,PH-004
CUS-01993,LOY-001993,Michael,Hill,Irving,TX,2025-09-30,Gold,PH-003
CUS-01994,LOY-001994,Grace,Tran,Frisco,TX,2022-07-08,Silver,PH-002
CUS-01995,LOY-001995,Anthony,White,Plano,TX,2025-01-21,Silver,PH-001
CUS-01996,LOY-001996,Olivia,White,Dallas,TX,2022-05-10,Standard,PH-002
CUS-01997,LOY-001997,Kevin,Miller,Fort Worth,TX,2025-11-13,Gold,PH-002
CUS-01998,LOY-001998,Emily,Jackson,Frisco,TX,2022-03-03,Silver,PH-004
CUS-01999,LOY-001999,Grace,Jackson,Irving,TX,2022-08-01,Gold,PH-004
CUS-02000,LOY-002000,John,Miller,Plano,TX,2025-06-25,Gold,PH-004
CUS-02001,LOY-002001,Liam,Garcia,Dallas,TX,2026-03-06,Standard,PH-004
CUS-02002,LOY-002002,Jessica,Jackson,Irving,TX,2024-03-04,Silver,PH-003
CUS-02003,LOY-002003,John,King,Dallas,TX,2024-07-16,Standard,PH-001
CUS-02004,LOY-002004,Brandon,Kim,Dallas,TX,2025-09-23,Silver,PH-003
CUS-02005,LOY-002005,Laura,Moore,Dallas,TX,2023-10-08,Silver,PH-001
CUS-02006,LOY-002006,Melissa,Hill,Fort Worth,TX,2024-12-02,Gold,PH-001
CUS-02007,LOY-002007,Brandon,Carter,Irving,TX,2024-10-09,Gold,PH-005
CUS-02008,LOY-002008,Ava,Jackson,Frisco,TX,2022-09-03,Gold,PH-001
CUS-02009,LOY-002009,Grace,Taylor,Frisco,TX,2023-05-19,Silver,PH-005
CUS-02010,LOY-002010,Laura,Nguyen,Dallas,TX,2022-08-07,Standard,PH-003
CUS-02011,LOY-002011,Mia,Carter,Frisco,TX,2024-02-17,Standard,PH-003
CUS-02012,LOY-002012,Kevin,Smith,Dallas,TX,2024-12-23,Silver,PH-001
CUS-02013,LOY-002013,Emily,Nguyen,Frisco,TX,2024-04-13,Standard,PH-001
CUS-02014,LOY-002014,Sophia,Patel,Plano,TX,2025-12-28,Standard,PH-002
CUS-02015,LOY-002015,Michael,Lopez,Fort Worth,TX,2022-07-25,Silver,PH-001
CUS-02016,LOY-002016,Marcus,Ross,Frisco,TX,2023-10-14,Standard,PH-002
CUS-02017,LOY-002017,Brandon,Martinez,Fort Worth,TX,2022-06-11,Standard,PH-001
CUS-02018,LOY-002018,Daniel,Nguyen,Fort Worth,TX,2026-03-26,Gold,PH-001
CUS-02019,LOY-002019,Grace,Thomas,Fort Worth,TX,2025-03-28,Gold,PH-005
CUS-02020,LOY-002020,Sophia,Johnson,Frisco,TX,2022-07-25,Silver,PH-001
CUS-02021,LOY-002021,Sophia,Smith,Dallas,TX,2025-09-09,Silver,PH-003
CUS-02022,LOY-002022,Ava,King,Plano,TX,2022-05-21,Standard,PH-005
CUS-02023,LOY-002023,Amanda,Hill,Irving,TX,2022-03-29,Silver,PH-003
CUS-02024,LOY-002024,Anthony,Johnson,Dallas,TX,2023-06-26,Standard,PH-005
CUS-02025,LOY-002025,Jessica,White,Plano,TX,2022-06-17,Silver,PH-002
CUS-02026,LOY-002026,Sarah,Taylor,Fort Worth,TX,2025-12-06,Standard,PH-001
CUS-02027,LOY-002027,Emily,Martinez,Plano,TX,2022-12-13,Gold,PH-005
CUS-02028,LOY-002028,Linda,Smith,Dallas,TX,2025-10-27,Gold,PH-003
CUS-02029,LOY-002029,Brandon,White,Plano,TX,2024-10-05,Gold,PH-002
CUS-02030,LOY-002030,Robert,Smith,Plano,TX,2025-06-09,Gold,PH-004
CUS-02031,LOY-002031,John,Davis,Frisco,TX,2023-12-07,Standard,PH-004
CUS-02032,LOY-002032,Brandon,Smith,Fort Worth,TX,2023-08-13,Silver,PH-002
CUS-02033,LOY-002033,Olivia,Hill,Irving,TX,2023-06-07,Gold,PH-005
CUS-02034,LOY-002034,Emily,Lee,Dallas,TX,2024-04-10,Gold,PH-002
CUS-02035,LOY-002035,Ava,Ross,Plano,TX,2025-03-26,Standard,PH-005
CUS-02036,LOY-002036,Marcus,Anderson,Plano,TX,2022-09-29,Gold,PH-001
CUS-02037,LOY-002037,Linda,Chen,Dallas,TX,2026-02-06,Standard,PH-004
CUS-02038,LOY-002038,Melissa,Martinez,Frisco,TX,2022-08-19,Gold,PH-001
CUS-02039,LOY-002039,Ethan,Martinez,Dallas,TX,2025-11-26,Standard,PH-004
CUS-02040,LOY-002040,Marcus,Patel,Plano,TX,2024-07-04,Standard,PH-002
CUS-02041,LOY-002041,Ava,Taylor,Dallas,TX,2024-01-26,Silver,PH-004
CUS-02042,LOY-002042,Anthony,Anderson,Fort Worth,TX,2025-10-25,Silver,PH-004
CUS-02043,LOY-002043,Mia,Martinez,Plano,TX,2023-02-28,Silver,PH-003
CUS-02044,LOY-002044,John,Anderson,Plano,TX,2024-09-30,Silver,PH-003
CUS-02045,LOY-002045,Laura,King,Frisco,TX,2022-01-07,Silver,PH-004
CUS-02046,LOY-002046,Sarah,King,Dallas,TX,2026-03-13,Silver,PH-005
CUS-02047,LOY-002047,Sophia,Martinez,Irving,TX,2022-08-15,Silver,PH-002
CUS-02048,LOY-002048,Sophia,Ross,Plano,TX,2024-05-22,Standard,PH-004
CUS-02049,LOY-002049,Grace,Jackson,Fort Worth,TX,2022-05-14,Gold,PH-004
CUS-02050,LOY-002050,Rachel,Nguyen,Plano,TX,2024-07-09,Standard,PH-003
CUS-02051,LOY-002051,Emily,Reed,Frisco,TX,2022-11-25,Silver,PH-002
CUS-02052,LOY-002052,David,Carter,Dallas,TX,2026-05-19,Standard,PH-004
CUS-02053,LOY-002053,Anthony,Chen,Fort Worth,TX,2024-11-09,Gold,PH-002
CUS-02054,LOY-002054,Marcus,Ross,Frisco,TX,2024-12-05,Silver,PH-001
CUS-02055,LOY-002055,Daniel,Anderson,Fort Worth,TX,2023-09-28,Gold,PH-004
CUS-02056,LOY-002056,Amanda,Tran,Fort Worth,TX,2022-08-08,Standard,PH-003
CUS-02057,LOY-002057,Daniel,White,Plano,TX,2026-04-01,Gold,PH-005
CUS-02058,LOY-002058,Olivia,Garcia,Fort Worth,TX,2023-01-10,Gold,PH-004
CUS-02059,LOY-002059,Michael,Lee,Plano,TX,2022-02-10,Silver,PH-005
CUS-02060,LOY-002060,Laura,Garcia,Frisco,TX,2022-01-03,Silver,PH-002
CUS-02061,LOY-002061,Sarah,Hill,Frisco,TX,2026-01-16,Silver,PH-003
CUS-02062,LOY-002062,Noah,White,Frisco,TX,2025-04-15,Standard,PH-004
CUS-02063,LOY-002063,Mia,Lopez,Fort Worth,TX,2025-03-01,Silver,PH-001
CUS-02064,LOY-002064,Anthony,Brown,Fort Worth,TX,2023-02-06,Standard,PH-003
CUS-02065,LOY-002065,Robert,Patel,Frisco,TX,2024-08-23,Standard,PH-005
CUS-02066,LOY-002066,Kevin,Brown,Plano,TX,2024-06-01,Gold,PH-001
CUS-02067,LOY-002067,Noah,Tran,Dallas,TX,2025-03-03,Standard,PH-002
CUS-02068,LOY-002068,Laura,King,Plano,TX,2024-08-14,Silver,PH-005
CUS-02069,LOY-002069,Ava,Tran,Dallas,TX,2025-10-26,Gold,PH-004
CUS-02070,LOY-002070,Noah,Carter,Plano,TX,2026-02-20,Standard,PH-002
CUS-02071,LOY-002071,Rachel,Hill,Dallas,TX,2023-06-10,Standard,PH-005
CUS-02072,LOY-002072,Laura,Hill,Frisco,TX,2025-08-09,Gold,PH-004
CUS-02073,LOY-002073,John,Tran,Frisco,TX,2023-04-30,Gold,PH-001
CUS-02074,LOY-002074,Jennifer,White,Frisco,TX,2025-05-10,Gold,PH-002
CUS-02075,LOY-002075,Robert,Brown,Frisco,TX,2025-01-13,Standard,PH-001
CUS-02076,LOY-002076,Emily,Martinez,Irving,TX,2023-11-09,Standard,PH-001
CUS-02077,LOY-002077,Michael,Garcia,Plano,TX,2025-03-24,Silver,PH-001
CUS-02078,LOY-002078,Laura,Thomas,Frisco,TX,2024-01-01,Silver,PH-005
CUS-02079,LOY-002079,Noah,Miller,Dallas,TX,2026-02-22,Standard,PH-005
CUS-02080,LOY-002080,Amanda,Anderson,Frisco,TX,2023-01-30,Standard,PH-002
CUS-02081,LOY-002081,Linda,Moore,Dallas,TX,2026-02-09,Standard,PH-002
CUS-02082,LOY-002082,John,Martinez,Plano,TX,2023-08-28,Silver,PH-001
CUS-02083,LOY-002083,Mia,Wilson,Plano,TX,2025-06-20,Standard,PH-001
CUS-02084,LOY-002084,Marcus,Moore,Plano,TX,2024-01-21,Gold,PH-003
CUS-02085,LOY-002085,Mia,Smith,Plano,TX,2025-11-09,Standard,PH-002
CUS-02086,LOY-002086,Emily,Reed,Dallas,TX,2022-12-17,Silver,PH-001
CUS-02087,LOY-002087,Jessica,Miller,Irving,TX,2022-08-11,Standard,PH-002
CUS-02088,LOY-002088,John,Tran,Plano,TX,2024-04-30,Standard,PH-004
CUS-02089,LOY-002089,Linda,Thomas,Plano,TX,2023-06-30,Gold,PH-005
CUS-02090,LOY-002090,Noah,Johnson,Fort Worth,TX,2025-04-26,Gold,PH-003
CUS-02091,LOY-002091,David,Miller,Fort Worth,TX,2024-12-27,Gold,PH-005
CUS-02092,LOY-002092,John,Wilson,Irving,TX,2022-12-19,Gold,PH-004
CUS-02093,LOY-002093,Daniel,Patel,Frisco,TX,2025-05-26,Standard,PH-001
CUS-02094,LOY-002094,John,Reed,Frisco,TX,2024-02-09,Gold,PH-004
CUS-02095,LOY-002095,Jennifer,Garcia,Dallas,TX,2025-11-23,Standard,PH-001
CUS-02096,LOY-002096,Linda,Moore,Fort Worth,TX,2022-08-20,Gold,PH-004
CUS-02097,LOY-002097,Anthony,Taylor,Fort Worth,TX,2025-12-30,Gold,PH-002
CUS-02098,LOY-002098,Robert,Davis,Plano,TX,2025-01-08,Standard,PH-002
CUS-02099,LOY-002099,Linda,King,Fort Worth,TX,2025-05-27,Gold,PH-001
CUS-02100,LOY-002100,Linda,Johnson,Fort Worth,TX,2022-06-21,Silver,PH-005
CUS-02101,LOY-002101,Jessica,Tran,Frisco,TX,2023-06-19,Silver,PH-005
CUS-02102,LOY-002102,Melissa,Miller,Dallas,TX,2024-05-25,Silver,PH-002
CUS-02103,LOY-002103,Melissa,White,Plano,TX,2025-12-02,Gold,PH-001
CUS-02104,LOY-002104,Michael,Carter,Fort Worth,TX,2024-06-24,Standard,PH-004
CUS-02105,LOY-002105,Ava,Taylor,Fort Worth,TX,2022-06-14,Gold,PH-003
CUS-02106,LOY-002106,David,Miller,Frisco,TX,2023-11-23,Standard,PH-001
CUS-02107,LOY-002107,Liam,Lee,Dallas,TX,2026-05-07,Gold,PH-001
CUS-02108,LOY-002108,Grace,Moore,Dallas,TX,2022-06-21,Silver,PH-002
CUS-02109,LOY-002109,Liam,Moore,Fort Worth,TX,2022-06-16,Standard,PH-002
CUS-02110,LOY-002110,Emily,White,Dallas,TX,2024-06-18,Gold,PH-003
CUS-02111,LOY-002111,Robert,White,Fort Worth,TX,2022-02-22,Gold,PH-002
CUS-02112,LOY-002112,Rachel,Patel,Irving,TX,2025-10-08,Standard,PH-005
CUS-02113,LOY-002113,Ethan,Nguyen,Frisco,TX,2023-06-19,Standard,PH-001
CUS-02114,LOY-002114,Jessica,Carter,Fort Worth,TX,2025-09-30,Gold,PH-005
CUS-02115,LOY-002115,Emily,Nguyen,Irving,TX,2024-12-05,Standard,PH-002
CUS-02116,LOY-002116,Sarah,Jackson,Frisco,TX,2024-10-23,Gold,PH-001
CUS-02117,LOY-002117,Kevin,Reed,Irving,TX,2022-03-24,Gold,PH-004
CUS-02118,LOY-002118,David,Lee,Dallas,TX,2025-05-12,Standard,PH-001
CUS-02119,LOY-002119,Mia,Ross,Plano,TX,2024-02-13,Silver,PH-003
CUS-02120,LOY-002120,Jennifer,Kim,Fort Worth,TX,2023-07-18,Gold,PH-002
CUS-02121,LOY-002121,Anthony,Reed,Fort Worth,TX,2022-09-09,Standard,PH-004
CUS-02122,LOY-002122,Melissa,White,Frisco,TX,2024-11-13,Standard,PH-003
CUS-02123,LOY-002123,Rachel,Anderson,Dallas,TX,2024-01-20,Silver,PH-002
CUS-02124,LOY-002124,Grace,Garcia,Irving,TX,2026-02-03,Standard,PH-005
CUS-02125,LOY-002125,Noah,King,Irving,TX,2022-04-19,Silver,PH-002
CUS-02126,LOY-002126,Linda,Smith,Fort Worth,TX,2025-06-11,Gold,PH-004
CUS-02127,LOY-002127,Olivia,Kim,Dallas,TX,2026-05-01,Gold,PH-005
CUS-02128,LOY-002128,Sarah,Carter,Dallas,TX,2022-05-05,Silver,PH-001
CUS-02129,LOY-002129,Marcus,Reed,Frisco,TX,2024-12-18,Standard,PH-005
CUS-02130,LOY-002130,Michael,Moore,Dallas,TX,2023-06-20,Gold,PH-003
CUS-02131,LOY-002131,Ethan,Miller,Fort Worth,TX,2024-08-28,Silver,PH-002
CUS-02132,LOY-002132,Michael,Martinez,Irving,TX,2026-01-10,Standard,PH-005
CUS-02133,LOY-002133,Ethan,Tran,Irving,TX,2023-07-03,Standard,PH-002
CUS-02134,LOY-002134,Mia,Tran,Plano,TX,2025-11-27,Silver,PH-005
CUS-02135,LOY-002135,Mia,Nguyen,Plano,TX,2024-12-04,Gold,PH-003
CUS-02136,LOY-002136,Laura,Nguyen,Plano,TX,2022-02-12,Standard,PH-004
CUS-02137,LOY-002137,Liam,Thomas,Plano,TX,2024-01-25,Gold,PH-005
CUS-02138,LOY-002138,Laura,Martinez,Dallas,TX,2023-09-27,Silver,PH-001
CUS-02139,LOY-002139,David,King,Irving,TX,2023-08-21,Gold,PH-004
CUS-02140,LOY-002140,Sarah,Kim,Frisco,TX,2026-04-01,Silver,PH-001
CUS-02141,LOY-002141,Sarah,Reed,Plano,TX,2026-01-16,Gold,PH-003
CUS-02142,LOY-002142,Kevin,Johnson,Plano,TX,2023-08-25,Standard,PH-001
CUS-02143,LOY-002143,Mia,Tran,Irving,TX,2024-02-12,Silver,PH-004
CUS-02144,LOY-002144,Grace,Ross,Frisco,TX,2024-11-16,Gold,PH-005
CUS-02145,LOY-002145,Michael,Lee,Plano,TX,2026-02-05,Standard,PH-003
CUS-02146,LOY-002146,Linda,Johnson,Fort Worth,TX,2024-11-28,Standard,PH-003
CUS-02147,LOY-002147,Kevin,Moore,Plano,TX,2024-08-11,Gold,PH-001
CUS-02148,LOY-002148,Mia,Thomas,Frisco,TX,2022-03-18,Silver,PH-001
CUS-02149,LOY-002149,Sophia,Chen,Plano,TX,2023-03-19,Standard,PH-003
CUS-02150,LOY-002150,John,Davis,Frisco,TX,2025-04-17,Silver,PH-001
CUS-02151,LOY-002151,Anthony,Moore,Plano,TX,2022-10-17,Standard,PH-001
CUS-02152,LOY-002152,Marcus,Thomas,Fort Worth,TX,2024-07-20,Gold,PH-004
CUS-02153,LOY-002153,Ava,White,Dallas,TX,2025-01-19,Standard,PH-005
CUS-02154,LOY-002154,John,Chen,Fort Worth,TX,2022-07-07,Gold,PH-002
CUS-02155,LOY-002155,Emily,Martinez,Plano,TX,2024-04-09,Gold,PH-003
CUS-02156,LOY-002156,Linda,King,Irving,TX,2022-03-13,Gold,PH-001
CUS-02157,LOY-002157,Jennifer,Jackson,Fort Worth,TX,2026-04-09,Gold,PH-004
CUS-02158,LOY-002158,Liam,Patel,Irving,TX,2022-07-15,Silver,PH-005
CUS-02159,LOY-002159,Laura,Jackson,Fort Worth,TX,2026-01-15,Gold,PH-001
CUS-02160,LOY-002160,Amanda,Miller,Plano,TX,2022-02-24,Standard,PH-005
CUS-02161,LOY-002161,Marcus,Patel,Irving,TX,2022-08-18,Gold,PH-002
CUS-02162,LOY-002162,Olivia,Davis,Dallas,TX,2023-05-16,Gold,PH-004
CUS-02163,LOY-002163,Kevin,Brown,Irving,TX,2023-06-25,Gold,PH-003
CUS-02164,LOY-002164,Olivia,Hill,Irving,TX,2022-01-07,Gold,PH-002
CUS-02165,LOY-002165,Anthony,Kim,Fort Worth,TX,2023-12-10,Standard,PH-001
CUS-02166,LOY-002166,Jennifer,Nguyen,Fort Worth,TX,2022-05-26,Standard,PH-005
CUS-02167,LOY-002167,Ethan,Jackson,Fort Worth,TX,2023-08-11,Standard,PH-005
CUS-02168,LOY-002168,Sophia,Chen,Plano,TX,2024-03-24,Gold,PH-004
CUS-02169,LOY-002169,Kevin,Lee,Fort Worth,TX,2022-10-13,Silver,PH-002
CUS-02170,LOY-002170,Sarah,Moore,Plano,TX,2023-03-18,Gold,PH-005
CUS-02171,LOY-002171,Michael,Carter,Dallas,TX,2023-05-07,Silver,PH-003
CUS-02172,LOY-002172,Kevin,Patel,Irving,TX,2022-06-07,Standard,PH-003
CUS-02173,LOY-002173,Robert,Thomas,Frisco,TX,2022-09-24,Gold,PH-005
CUS-02174,LOY-002174,Laura,Moore,Dallas,TX,2024-01-22,Gold,PH-001
CUS-02175,LOY-002175,Liam,White,Frisco,TX,2023-05-02,Silver,PH-004
CUS-02176,LOY-002176,Laura,Smith,Dallas,TX,2024-11-29,Gold,PH-001
CUS-02177,LOY-002177,Marcus,Moore,Plano,TX,2024-05-23,Standard,PH-001
CUS-02178,LOY-002178,John,King,Fort Worth,TX,2023-02-21,Silver,PH-004
CUS-02179,LOY-002179,Anthony,Lopez,Dallas,TX,2026-04-12,Standard,PH-004
CUS-02180,LOY-002180,Melissa,Anderson,Irving,TX,2022-05-29,Silver,PH-002
CUS-02181,LOY-002181,Marcus,Miller,Plano,TX,2023-06-05,Silver,PH-003
CUS-02182,LOY-002182,Robert,Smith,Fort Worth,TX,2025-01-31,Standard,PH-004
CUS-02183,LOY-002183,Brandon,Hill,Irving,TX,2025-07-06,Silver,PH-004
CUS-02184,LOY-002184,Liam,Johnson,Plano,TX,2025-06-26,Standard,PH-005
CUS-02185,LOY-002185,Daniel,Nguyen,Dallas,TX,2022-08-26,Standard,PH-003
CUS-02186,LOY-002186,Jessica,Lee,Fort Worth,TX,2024-07-05,Standard,PH-003
CUS-02187,LOY-002187,Sophia,Chen,Irving,TX,2025-09-28,Gold,PH-005
CUS-02188,LOY-002188,Melissa,Smith,Dallas,TX,2023-03-11,Standard,PH-003
CUS-02189,LOY-002189,Olivia,Moore,Dallas,TX,2022-04-20,Standard,PH-003
CUS-02190,LOY-002190,David,Thomas,Dallas,TX,2025-05-25,Standard,PH-005
CUS-02191,LOY-002191,Rachel,Garcia,Fort Worth,TX,2025-12-20,Standard,PH-003
CUS-02192,LOY-002192,Sophia,Garcia,Plano,TX,2022-02-02,Gold,PH-004
CUS-02193,LOY-002193,Daniel,Garcia,Plano,TX,2024-04-05,Gold,PH-005
CUS-02194,LOY-002194,Olivia,Taylor,Irving,TX,2026-04-20,Gold,PH-005
CUS-02195,LOY-002195,Grace,Reed,Frisco,TX,2025-02-05,Gold,PH-005
CUS-02196,LOY-002196,Liam,Lopez,Irving,TX,2022-07-03,Gold,PH-003
CUS-02197,LOY-002197,Melissa,Johnson,Frisco,TX,2025-04-01,Silver,PH-005
CUS-02198,LOY-002198,Linda,Carter,Frisco,TX,2025-03-03,Standard,PH-003
CUS-02199,LOY-002199,Amanda,Jackson,Fort Worth,TX,2023-09-27,Gold,PH-005
CUS-02200,LOY-002200,Grace,Martinez,Plano,TX,2023-01-25,Standard,PH-002
CUS-02201,LOY-002201,Liam,White,Plano,TX,2023-08-26,Standard,PH-004
CUS-02202,LOY-002202,Anthony,Garcia,Fort Worth,TX,2022-04-23,Silver,PH-005
CUS-02203,LOY-002203,Noah,Lee,Fort Worth,TX,2024-08-26,Standard,PH-004
CUS-02204,LOY-002204,Ethan,Hill,Irving,TX,2026-04-14,Silver,PH-001
CUS-02205,LOY-002205,Ethan,Wilson,Plano,TX,2026-03-15,Standard,PH-003
CUS-02206,LOY-002206,Jessica,Moore,Plano,TX,2024-11-30,Gold,PH-002
CUS-02207,LOY-002207,Kevin,Anderson,Fort Worth,TX,2024-01-11,Gold,PH-002
CUS-02208,LOY-002208,Michael,Carter,Fort Worth,TX,2026-03-31,Standard,PH-003
CUS-02209,LOY-002209,Amanda,Kim,Irving,TX,2025-09-21,Standard,PH-002
CUS-02210,LOY-002210,Noah,Garcia,Fort Worth,TX,2024-06-08,Silver,PH-001
CUS-02211,LOY-002211,Jessica,White,Plano,TX,2024-04-11,Gold,PH-003
CUS-02212,LOY-002212,Jessica,Anderson,Plano,TX,2024-06-08,Gold,PH-003
CUS-02213,LOY-002213,Jennifer,White,Fort Worth,TX,2024-02-23,Gold,PH-004
CUS-02214,LOY-002214,Rachel,Smith,Dallas,TX,2023-03-20,Standard,PH-005
CUS-02215,LOY-002215,Emily,White,Irving,TX,2022-07-21,Gold,PH-002
CUS-02216,LOY-002216,Liam,Martinez,Fort Worth,TX,2023-10-05,Gold,PH-003
CUS-02217,LOY-002217,Liam,Hill,Frisco,TX,2023-01-29,Silver,PH-004
CUS-02218,LOY-002218,Jessica,Carter,Plano,TX,2025-04-18,Silver,PH-005
CUS-02219,LOY-002219,Daniel,Taylor,Dallas,TX,2022-03-02,Standard,PH-004
CUS-02220,LOY-002220,Liam,Chen,Dallas,TX,2022-01-14,Gold,PH-005
CUS-02221,LOY-002221,Laura,Lopez,Irving,TX,2024-03-08,Standard,PH-001
CUS-02222,LOY-002222,Marcus,Jackson,Irving,TX,2024-10-28,Standard,PH-001
CUS-02223,LOY-002223,Jennifer,Anderson,Plano,TX,2025-06-07,Silver,PH-001
CUS-02224,LOY-002224,Robert,Tran,Irving,TX,2024-12-16,Standard,PH-005
CUS-02225,LOY-002225,Ethan,Ross,Dallas,TX,2023-08-24,Gold,PH-005
CUS-02226,LOY-002226,Jennifer,Moore,Frisco,TX,2022-04-22,Silver,PH-004
CUS-02227,LOY-002227,Liam,Miller,Fort Worth,TX,2023-02-06,Gold,PH-004
CUS-02228,LOY-002228,Ethan,Smith,Plano,TX,2022-04-14,Gold,PH-003
CUS-02229,LOY-002229,Linda,Taylor,Frisco,TX,2023-07-08,Standard,PH-004
CUS-02230,LOY-002230,David,Wilson,Fort Worth,TX,2023-07-31,Silver,PH-002
CUS-02231,LOY-002231,Robert,Thomas,Irving,TX,2022-10-14,Gold,PH-004
CUS-02232,LOY-002232,Liam,Smith,Plano,TX,2025-05-06,Standard,PH-003
CUS-02233,LOY-002233,Amanda,Johnson,Dallas,TX,2026-03-08,Silver,PH-004
CUS-02234,LOY-002234,Anthony,King,Plano,TX,2025-03-03,Gold,PH-005
CUS-02235,LOY-002235,Jennifer,Jackson,Frisco,TX,2022-02-16,Silver,PH-005
CUS-02236,LOY-002236,Mia,Johnson,Frisco,TX,2022-05-18,Standard,PH-002
CUS-02237,LOY-002237,John,Wilson,Plano,TX,2022-07-02,Standard,PH-003
CUS-02238,LOY-002238,Rachel,Thomas,Plano,TX,2023-02-19,Silver,PH-004
CUS-02239,LOY-002239,Marcus,Wilson,Fort Worth,TX,2022-06-12,Silver,PH-001
CUS-02240,LOY-002240,John,Miller,Dallas,TX,2022-06-10,Gold,PH-002
CUS-02241,LOY-002241,Amanda,Reed,Dallas,TX,2023-03-25,Silver,PH-002
CUS-02242,LOY-002242,Michael,Anderson,Frisco,TX,2022-09-29,Silver,PH-004
CUS-02243,LOY-002243,Jessica,Garcia,Frisco,TX,2024-02-10,Standard,PH-002
CUS-02244,LOY-002244,John,Wilson,Dallas,TX,2025-09-29,Gold,PH-003
CUS-02245,LOY-002245,Sophia,Ross,Fort Worth,TX,2022-04-11,Gold,PH-002
CUS-02246,LOY-002246,Brandon,Patel,Dallas,TX,2022-10-16,Silver,PH-003
CUS-02247,LOY-002247,Michael,King,Dallas,TX,2024-06-02,Silver,PH-003
CUS-02248,LOY-002248,Robert,Chen,Irving,TX,2023-02-24,Gold,PH-003
CUS-02249,LOY-002249,Marcus,Reed,Irving,TX,2024-12-30,Standard,PH-002
CUS-02250,LOY-002250,David,Moore,Irving,TX,2025-09-28,Gold,PH-002
CUS-02251,LOY-002251,Sarah,Tran,Dallas,TX,2022-11-27,Gold,PH-001
CUS-02252,LOY-002252,Emily,Garcia,Fort Worth,TX,2023-01-09,Standard,PH-002
CUS-02253,LOY-002253,Daniel,Davis,Irving,TX,2022-12-18,Gold,PH-005
CUS-02254,LOY-002254,Kevin,Moore,Irving,TX,2026-02-06,Gold,PH-005
CUS-02255,LOY-002255,David,Chen,Irving,TX,2023-04-20,Gold,PH-002
CUS-02256,LOY-002256,Marcus,Davis,Plano,TX,2025-01-18,Gold,PH-003
CUS-02257,LOY-002257,Laura,Lee,Frisco,TX,2023-04-14,Gold,PH-004
CUS-02258,LOY-002258,Ava,Lee,Irving,TX,2025-12-10,Gold,PH-005
CUS-02259,LOY-002259,Ava,Taylor,Irving,TX,2024-04-04,Gold,PH-001
CUS-02260,LOY-002260,David,Brown,Dallas,TX,2024-04-04,Silver,PH-002
CUS-02261,LOY-002261,Anthony,Davis,Plano,TX,2022-02-01,Silver,PH-001
CUS-02262,LOY-002262,Anthony,Johnson,Plano,TX,2022-06-22,Gold,PH-002
CUS-02263,LOY-002263,Sarah,Chen,Frisco,TX,2023-11-03,Gold,PH-002
CUS-02264,LOY-002264,Jennifer,Reed,Frisco,TX,2022-01-31,Silver,PH-005
CUS-02265,LOY-002265,David,Hill,Frisco,TX,2024-04-09,Gold,PH-002
CUS-02266,LOY-002266,Ava,Tran,Fort Worth,TX,2025-08-26,Standard,PH-001
CUS-02267,LOY-002267,Brandon,Carter,Frisco,TX,2025-03-08,Silver,PH-004
CUS-02268,LOY-002268,Liam,Lopez,Dallas,TX,2025-02-15,Gold,PH-005
CUS-02269,LOY-002269,Liam,Anderson,Frisco,TX,2023-04-27,Silver,PH-005
CUS-02270,LOY-002270,Olivia,Johnson,Frisco,TX,2025-01-24,Standard,PH-002
CUS-02271,LOY-002271,Melissa,King,Frisco,TX,2022-03-11,Gold,PH-002
CUS-02272,LOY-002272,Mia,Johnson,Irving,TX,2026-01-12,Gold,PH-003
CUS-02273,LOY-002273,Michael,Nguyen,Plano,TX,2023-09-03,Gold,PH-003
CUS-02274,LOY-002274,Ava,Lopez,Fort Worth,TX,2025-02-07,Gold,PH-001
CUS-02275,LOY-002275,Ethan,Tran,Frisco,TX,2023-12-12,Silver,PH-005
CUS-02276,LOY-002276,Michael,Wilson,Dallas,TX,2025-11-24,Gold,PH-004
CUS-02277,LOY-002277,Jennifer,Kim,Plano,TX,2023-04-27,Gold,PH-004
CUS-02278,LOY-002278,David,Reed,Irving,TX,2023-02-06,Gold,PH-002
CUS-02279,LOY-002279,Amanda,Lopez,Irving,TX,2023-07-17,Silver,PH-001
CUS-02280,LOY-002280,Olivia,Tran,Irving,TX,2024-10-10,Gold,PH-005
CUS-02281,LOY-002281,Emily,Reed,Fort Worth,TX,2022-11-04,Gold,PH-005
CUS-02282,LOY-002282,Laura,Davis,Irving,TX,2026-01-11,Standard,PH-002
CUS-02283,LOY-002283,Kevin,Davis,Fort Worth,TX,2023-02-06,Silver,PH-001
CUS-02284,LOY-002284,Grace,Taylor,Fort Worth,TX,2023-10-14,Gold,PH-005
CUS-02285,LOY-002285,Amanda,Reed,Plano,TX,2025-10-29,Gold,PH-002
CUS-02286,LOY-002286,Rachel,King,Frisco,TX,2022-03-03,Gold,PH-003
CUS-02287,LOY-002287,Liam,Reed,Irving,TX,2026-01-30,Gold,PH-003
CUS-02288,LOY-002288,Mia,Wilson,Fort Worth,TX,2022-03-20,Standard,PH-001
CUS-02289,LOY-002289,Sarah,Ross,Fort Worth,TX,2022-12-27,Gold,PH-003
CUS-02290,LOY-002290,Rachel,Ross,Frisco,TX,2023-01-09,Gold,PH-004
CUS-02291,LOY-002291,David,Garcia,Irving,TX,2023-02-06,Standard,PH-003
CUS-02292,LOY-002292,Olivia,Nguyen,Plano,TX,2025-07-31,Standard,PH-002
CUS-02293,LOY-002293,Mia,Johnson,Fort Worth,TX,2023-07-06,Silver,PH-002
CUS-02294,LOY-002294,John,Johnson,Fort Worth,TX,2022-07-31,Silver,PH-004
CUS-02295,LOY-002295,Sarah,Ross,Dallas,TX,2025-11-02,Gold,PH-003
CUS-02296,LOY-002296,Sarah,Johnson,Frisco,TX,2026-01-19,Silver,PH-002
CUS-02297,LOY-002297,Kevin,Reed,Plano,TX,2025-03-24,Standard,PH-004
CUS-02298,LOY-002298,Brandon,Chen,Plano,TX,2023-12-05,Gold,PH-005
CUS-02299,LOY-002299,Grace,Anderson,Frisco,TX,2022-07-29,Standard,PH-005
CUS-02300,LOY-002300,Marcus,Johnson,Irving,TX,2024-01-27,Silver,PH-001
CUS-02301,LOY-002301,Ethan,Brown,Fort Worth,TX,2023-06-23,Silver,PH-005
CUS-02302,LOY-002302,Kevin,Lee,Fort Worth,TX,2023-10-19,Silver,PH-003
CUS-02303,LOY-002303,Daniel,Chen,Dallas,TX,2023-02-02,Silver,PH-005
CUS-02304,LOY-002304,Marcus,Anderson,Fort Worth,TX,2025-03-27,Standard,PH-001
CUS-02305,LOY-002305,Emily,Lopez,Irving,TX,2022-12-04,Standard,PH-002
CUS-02306,LOY-002306,Michael,Thomas,Frisco,TX,2025-04-06,Standard,PH-003
CUS-02307,LOY-002307,Grace,King,Dallas,TX,2024-01-16,Standard,PH-004
CUS-02308,LOY-002308,Sophia,Tran,Frisco,TX,2023-08-25,Silver,PH-001
CUS-02309,LOY-002309,Kevin,Patel,Plano,TX,2022-08-08,Standard,PH-002
CUS-02310,LOY-002310,Rachel,Lopez,Plano,TX,2024-05-09,Silver,PH-005
CUS-02311,LOY-002311,Marcus,Chen,Irving,TX,2024-07-05,Silver,PH-001
CUS-02312,LOY-002312,Amanda,Lopez,Frisco,TX,2022-11-03,Gold,PH-001
CUS-02313,LOY-002313,Sophia,Jackson,Dallas,TX,2022-03-14,Silver,PH-002
CUS-02314,LOY-002314,David,Reed,Fort Worth,TX,2024-12-19,Standard,PH-005
CUS-02315,LOY-002315,Michael,Brown,Fort Worth,TX,2022-05-04,Gold,PH-002
CUS-02316,LOY-002316,Liam,Brown,Dallas,TX,2023-07-11,Silver,PH-002
CUS-02317,LOY-002317,Linda,Davis,Fort Worth,TX,2025-02-16,Silver,PH-004
CUS-02318,LOY-002318,Sarah,Carter,Frisco,TX,2025-02-15,Silver,PH-004
CUS-02319,LOY-002319,Robert,Patel,Fort Worth,TX,2024-11-03,Silver,PH-004
CUS-02320,LOY-002320,Jessica,Wilson,Frisco,TX,2023-09-04,Standard,PH-002
CUS-02321,LOY-002321,Emily,Thomas,Frisco,TX,2024-11-10,Silver,PH-003
CUS-02322,LOY-002322,Jessica,Taylor,Frisco,TX,2026-02-09,Gold,PH-004
CUS-02323,LOY-002323,Rachel,White,Frisco,TX,2025-12-30,Gold,PH-003
CUS-02324,LOY-002324,Sarah,Davis,Plano,TX,2023-09-16,Gold,PH-001
CUS-02325,LOY-002325,Jennifer,White,Irving,TX,2023-11-12,Standard,PH-002
CUS-02326,LOY-002326,Amanda,King,Dallas,TX,2022-11-16,Silver,PH-003
CUS-02327,LOY-002327,Ethan,Chen,Fort Worth,TX,2025-08-18,Standard,PH-001
CUS-02328,LOY-002328,Linda,Carter,Dallas,TX,2023-10-30,Silver,PH-001
CUS-02329,LOY-002329,John,Lee,Frisco,TX,2023-11-28,Silver,PH-001
CUS-02330,LOY-002330,Michael,Martinez,Irving,TX,2025-02-11,Gold,PH-002
CUS-02331,LOY-002331,Mia,Hill,Frisco,TX,2023-09-14,Silver,PH-005
CUS-02332,LOY-002332,Michael,Lopez,Irving,TX,2024-03-01,Gold,PH-005
CUS-02333,LOY-002333,Noah,Brown,Plano,TX,2024-10-20,Gold,PH-002
CUS-02334,LOY-002334,Laura,Wilson,Irving,TX,2026-01-13,Silver,PH-004
CUS-02335,LOY-002335,Melissa,Moore,Dallas,TX,2022-09-23,Silver,PH-005
CUS-02336,LOY-002336,Ava,Thomas,Plano,TX,2024-01-26,Silver,PH-002
CUS-02337,LOY-002337,Jennifer,Davis,Plano,TX,2022-12-21,Gold,PH-005
CUS-02338,LOY-002338,Grace,Hill,Plano,TX,2023-01-25,Standard,PH-002
CUS-02339,LOY-002339,John,Lopez,Plano,TX,2025-08-14,Standard,PH-003
CUS-02340,LOY-002340,Olivia,Tran,Dallas,TX,2024-02-12,Gold,PH-001
CUS-02341,LOY-002341,Jennifer,Davis,Plano,TX,2024-04-30,Silver,PH-004
CUS-02342,LOY-002342,Sarah,Martinez,Fort Worth,TX,2024-08-06,Silver,PH-001
CUS-02343,LOY-002343,Jessica,Miller,Irving,TX,2024-04-07,Gold,PH-001
CUS-02344,LOY-002344,Mia,Wilson,Plano,TX,2023-01-06,Silver,PH-004
CUS-02345,LOY-002345,David,Patel,Frisco,TX,2026-03-10,Silver,PH-005
CUS-02346,LOY-002346,Ethan,Ross,Irving,TX,2022-10-05,Silver,PH-002
CUS-02347,LOY-002347,Brandon,King,Frisco,TX,2022-10-19,Gold,PH-001
CUS-02348,LOY-002348,Michael,Jackson,Irving,TX,2024-02-23,Gold,PH-005
CUS-02349,LOY-002349,Linda,Moore,Dallas,TX,2024-03-14,Standard,PH-005
CUS-02350,LOY-002350,Sarah,Thomas,Irving,TX,2022-09-05,Gold,PH-004
CUS-02351,LOY-002351,Sarah,Tran,Irving,TX,2025-11-08,Standard,PH-002
CUS-02352,LOY-002352,David,White,Plano,TX,2025-03-02,Gold,PH-005
CUS-02353,LOY-002353,Sarah,Lee,Frisco,TX,2023-01-08,Standard,PH-002
CUS-02354,LOY-002354,Brandon,Garcia,Fort Worth,TX,2023-03-15,Gold,PH-004
CUS-02355,LOY-002355,Sarah,Hill,Irving,TX,2023-11-01,Gold,PH-005
CUS-02356,LOY-002356,Jennifer,Taylor,Frisco,TX,2023-04-29,Gold,PH-005
CUS-02357,LOY-002357,Melissa,Chen,Plano,TX,2023-10-28,Gold,PH-003
CUS-02358,LOY-002358,Noah,Chen,Fort Worth,TX,2025-01-11,Standard,PH-003
CUS-02359,LOY-002359,Jessica,Nguyen,Frisco,TX,2024-05-05,Standard,PH-004
CUS-02360,LOY-002360,Ava,Taylor,Irving,TX,2026-02-18,Gold,PH-004
CUS-02361,LOY-002361,Linda,Miller,Irving,TX,2023-08-17,Standard,PH-001
CUS-02362,LOY-002362,Brandon,Patel,Frisco,TX,2023-06-04,Gold,PH-004
CUS-02363,LOY-002363,Olivia,Thomas,Dallas,TX,2023-01-05,Silver,PH-005
CUS-02364,LOY-002364,Brandon,Wilson,Dallas,TX,2023-01-18,Gold,PH-002
CUS-02365,LOY-002365,David,Tran,Plano,TX,2022-04-24,Silver,PH-002
CUS-02366,LOY-002366,Mia,Lopez,Irving,TX,2026-04-05,Gold,PH-004
CUS-02367,LOY-002367,Ava,Hill,Plano,TX,2024-10-01,Gold,PH-003
CUS-02368,LOY-002368,Melissa,Garcia,Fort Worth,TX,2024-11-28,Standard,PH-002
CUS-02369,LOY-002369,Melissa,Lee,Dallas,TX,2022-10-03,Silver,PH-004
CUS-02370,LOY-002370,Ava,White,Dallas,TX,2025-01-27,Standard,PH-002
CUS-02371,LOY-002371,Robert,King,Frisco,TX,2026-04-08,Gold,PH-004
CUS-02372,LOY-002372,Olivia,White,Irving,TX,2024-11-28,Gold,PH-005
CUS-02373,LOY-002373,Brandon,Wilson,Frisco,TX,2025-11-01,Standard,PH-003
CUS-02374,LOY-002374,Mia,Davis,Frisco,TX,2023-01-14,Standard,PH-005
CUS-02375,LOY-002375,Anthony,King,Dallas,TX,2023-02-18,Standard,PH-003
CUS-02376,LOY-002376,Sophia,Chen,Irving,TX,2025-08-14,Standard,PH-005
CUS-02377,LOY-002377,Grace,Garcia,Frisco,TX,2022-08-13,Silver,PH-001
CUS-02378,LOY-002378,Rachel,Miller,Plano,TX,2026-01-30,Gold,PH-001
CUS-02379,LOY-002379,Amanda,Jackson,Plano,TX,2025-08-09,Gold,PH-002
CUS-02380,LOY-002380,Liam,Moore,Fort Worth,TX,2026-03-15,Silver,PH-001
CUS-02381,LOY-002381,Jennifer,Nguyen,Plano,TX,2024-09-05,Silver,PH-005
CUS-02382,LOY-002382,John,King,Fort Worth,TX,2023-02-07,Standard,PH-005
CUS-02383,LOY-002383,Laura,Brown,Dallas,TX,2023-03-07,Gold,PH-005
CUS-02384,LOY-002384,Emily,Tran,Fort Worth,TX,2022-08-24,Standard,PH-004
CUS-02385,LOY-002385,Robert,Taylor,Plano,TX,2026-02-07,Standard,PH-001
CUS-02386,LOY-002386,John,Miller,Dallas,TX,2025-11-07,Gold,PH-004
CUS-02387,LOY-002387,Laura,Wilson,Plano,TX,2022-04-20,Standard,PH-005
CUS-02388,LOY-002388,Liam,Moore,Dallas,TX,2022-08-26,Standard,PH-004
CUS-02389,LOY-002389,Anthony,Hill,Plano,TX,2023-01-06,Standard,PH-001
CUS-02390,LOY-002390,Olivia,Moore,Dallas,TX,2024-07-03,Standard,PH-003
CUS-02391,LOY-002391,Mia,Moore,Fort Worth,TX,2026-04-06,Silver,PH-002
CUS-02392,LOY-002392,John,Lopez,Plano,TX,2022-03-17,Silver,PH-005
CUS-02393,LOY-002393,John,Smith,Irving,TX,2023-11-22,Standard,PH-005
CUS-02394,LOY-002394,Amanda,Anderson,Plano,TX,2024-07-21,Gold,PH-003
CUS-02395,LOY-002395,Liam,Davis,Dallas,TX,2022-11-03,Silver,PH-002
CUS-02396,LOY-002396,Marcus,Tran,Frisco,TX,2022-02-16,Gold,PH-004
CUS-02397,LOY-002397,Ethan,Davis,Plano,TX,2023-11-22,Standard,PH-005
CUS-02398,LOY-002398,Mia,Patel,Plano,TX,2022-11-04,Gold,PH-003
CUS-02399,LOY-002399,Anthony,Carter,Dallas,TX,2025-04-26,Standard,PH-003
CUS-02400,LOY-002400,Rachel,Moore,Irving,TX,2022-05-16,Gold,PH-001
CUS-02401,LOY-002401,Grace,Martinez,Fort Worth,TX,2025-05-06,Silver,PH-002
CUS-02402,LOY-002402,Liam,Thomas,Fort Worth,TX,2024-10-13,Standard,PH-001
CUS-02403,LOY-002403,Linda,Wilson,Dallas,TX,2022-10-18,Silver,PH-002
CUS-02404,LOY-002404,Laura,Kim,Fort Worth,TX,2023-10-31,Gold,PH-003
CUS-02405,LOY-002405,Anthony,Nguyen,Plano,TX,2023-03-11,Standard,PH-003
CUS-02406,LOY-002406,Jennifer,Moore,Plano,TX,2022-02-22,Standard,PH-004
CUS-02407,LOY-002407,Robert,Smith,Dallas,TX,2024-01-12,Gold,PH-002
CUS-02408,LOY-002408,Emily,Chen,Fort Worth,TX,2024-10-10,Silver,PH-001
CUS-02409,LOY-002409,Sarah,Lopez,Fort Worth,TX,2022-05-06,Silver,PH-001
CUS-02410,LOY-002410,Laura,Smith,Fort Worth,TX,2022-02-15,Silver,PH-002
CUS-02411,LOY-002411,Melissa,Carter,Frisco,TX,2024-12-23,Gold,PH-001
CUS-02412,LOY-002412,Kevin,Patel,Frisco,TX,2022-11-21,Gold,PH-001
CUS-02413,LOY-002413,Linda,Thomas,Frisco,TX,2022-03-08,Standard,PH-001
CUS-02414,LOY-002414,Marcus,Lee,Fort Worth,TX,2024-01-14,Silver,PH-004
CUS-02415,LOY-002415,Brandon,Jackson,Irving,TX,2024-01-25,Silver,PH-003
CUS-02416,LOY-002416,Olivia,Tran,Frisco,TX,2024-06-25,Gold,PH-003
CUS-02417,LOY-002417,Rachel,Nguyen,Irving,TX,2022-12-20,Standard,PH-003
CUS-02418,LOY-002418,Emily,Hill,Plano,TX,2023-05-30,Silver,PH-004
CUS-02419,LOY-002419,Amanda,Hill,Dallas,TX,2025-02-10,Standard,PH-001
CUS-02420,LOY-002420,Grace,White,Fort Worth,TX,2022-09-09,Standard,PH-002
CUS-02421,LOY-002421,Amanda,White,Irving,TX,2025-02-08,Standard,PH-001
CUS-02422,LOY-002422,David,Reed,Frisco,TX,2026-04-13,Standard,PH-004
CUS-02423,LOY-002423,Sarah,Smith,Fort Worth,TX,2022-03-29,Gold,PH-001
CUS-02424,LOY-002424,Michael,Hill,Frisco,TX,2024-07-06,Standard,PH-002
CUS-02425,LOY-002425,Brandon,Lee,Dallas,TX,2023-12-03,Gold,PH-001
CUS-02426,LOY-002426,David,Tran,Plano,TX,2024-11-07,Standard,PH-004
CUS-02427,LOY-002427,David,Hill,Plano,TX,2022-04-21,Silver,PH-002
CUS-02428,LOY-002428,Kevin,Tran,Dallas,TX,2023-08-13,Silver,PH-005
CUS-02429,LOY-002429,Daniel,Brown,Frisco,TX,2023-02-13,Silver,PH-002
CUS-02430,LOY-002430,Marcus,Thomas,Plano,TX,2022-02-20,Standard,PH-005
CUS-02431,LOY-002431,Laura,Miller,Frisco,TX,2024-12-24,Gold,PH-003
CUS-02432,LOY-002432,David,Smith,Irving,TX,2025-05-05,Silver,PH-004
CUS-02433,LOY-002433,Amanda,Martinez,Dallas,TX,2025-02-23,Standard,PH-003
CUS-02434,LOY-002434,John,Anderson,Plano,TX,2025-05-28,Silver,PH-002
CUS-02435,LOY-002435,Grace,Wilson,Frisco,TX,2024-06-14,Silver,PH-004
CUS-02436,LOY-002436,Melissa,Tran,Frisco,TX,2025-04-13,Standard,PH-005
CUS-02437,LOY-002437,Linda,Carter,Irving,TX,2022-02-08,Standard,PH-001
CUS-02438,LOY-002438,Daniel,Reed,Irving,TX,2024-05-21,Standard,PH-003
CUS-02439,LOY-002439,Kevin,Taylor,Fort Worth,TX,2022-02-21,Standard,PH-001
CUS-02440,LOY-002440,Robert,Wilson,Fort Worth,TX,2024-09-21,Gold,PH-004
CUS-02441,LOY-002441,Marcus,Ross,Dallas,TX,2022-02-10,Gold,PH-003
CUS-02442,LOY-002442,Brandon,Chen,Fort Worth,TX,2026-04-23,Gold,PH-001
CUS-02443,LOY-002443,Noah,Garcia,Frisco,TX,2025-03-21,Standard,PH-003
CUS-02444,LOY-002444,Linda,Anderson,Dallas,TX,2023-10-11,Standard,PH-001
CUS-02445,LOY-002445,Daniel,Lopez,Fort Worth,TX,2024-10-24,Standard,PH-005
CUS-02446,LOY-002446,Sophia,Taylor,Fort Worth,TX,2024-10-14,Silver,PH-005
CUS-02447,LOY-002447,Michael,Brown,Plano,TX,2025-08-20,Standard,PH-002
CUS-02448,LOY-002448,David,Garcia,Irving,TX,2025-11-04,Standard,PH-004
CUS-02449,LOY-002449,Anthony,Lopez,Fort Worth,TX,2026-03-16,Silver,PH-001
CUS-02450,LOY-002450,Laura,Reed,Dallas,TX,2022-11-01,Standard,PH-004
CUS-02451,LOY-002451,Sophia,King,Irving,TX,2024-09-09,Gold,PH-003
CUS-02452,LOY-002452,Linda,Chen,Plano,TX,2026-04-10,Silver,PH-004
CUS-02453,LOY-002453,Sarah,Martinez,Fort Worth,TX,2025-10-03,Gold,PH-005
CUS-02454,LOY-002454,Sophia,Garcia,Fort Worth,TX,2022-08-22,Gold,PH-004
CUS-02455,LOY-002455,Grace,Lee,Dallas,TX,2025-12-28,Silver,PH-002
CUS-02456,LOY-002456,Laura,Anderson,Plano,TX,2022-02-23,Standard,PH-004
CUS-02457,LOY-002457,Robert,Davis,Irving,TX,2025-01-12,Standard,PH-001
CUS-02458,LOY-002458,Jennifer,Smith,Dallas,TX,2022-11-21,Gold,PH-001
CUS-02459,LOY-002459,Ethan,White,Frisco,TX,2022-07-14,Gold,PH-001
CUS-02460,LOY-002460,Linda,Kim,Fort Worth,TX,2025-03-16,Gold,PH-005
CUS-02461,LOY-002461,Michael,Jackson,Fort Worth,TX,2024-07-07,Standard,PH-001
CUS-02462,LOY-002462,Jennifer,Wilson,Dallas,TX,2026-02-05,Gold,PH-005
CUS-02463,LOY-002463,Ethan,Garcia,Frisco,TX,2025-09-16,Gold,PH-001
CUS-02464,LOY-002464,Jennifer,Johnson,Irving,TX,2023-06-17,Silver,PH-005
CUS-02465,LOY-002465,Melissa,Miller,Dallas,TX,2024-07-13,Silver,PH-005
CUS-02466,LOY-002466,Michael,Moore,Plano,TX,2025-03-15,Silver,PH-005
CUS-02467,LOY-002467,Rachel,Wilson,Dallas,TX,2025-01-09,Standard,PH-001
CUS-02468,LOY-002468,Grace,Lee,Frisco,TX,2025-01-11,Standard,PH-004
CUS-02469,LOY-002469,Emily,Patel,Irving,TX,2025-09-27,Standard,PH-002
CUS-02470,LOY-002470,John,Reed,Fort Worth,TX,2022-06-24,Silver,PH-005
CUS-02471,LOY-002471,Anthony,Tran,Dallas,TX,2022-11-20,Gold,PH-004
CUS-02472,LOY-002472,Mia,Garcia,Frisco,TX,2022-12-05,Gold,PH-004
CUS-02473,LOY-002473,Jessica,Davis,Plano,TX,2024-08-06,Gold,PH-004
CUS-02474,LOY-002474,Brandon,Anderson,Irving,TX,2025-09-23,Gold,PH-001
CUS-02475,LOY-002475,Daniel,King,Fort Worth,TX,2023-12-28,Standard,PH-001
CUS-02476,LOY-002476,Daniel,White,Dallas,TX,2025-04-04,Silver,PH-001
CUS-02477,LOY-002477,Rachel,Smith,Dallas,TX,2024-10-09,Gold,PH-002
CUS-02478,LOY-002478,Sarah,Brown,Frisco,TX,2025-10-12,Gold,PH-005
CUS-02479,LOY-002479,Jessica,Chen,Frisco,TX,2026-01-20,Silver,PH-003
CUS-02480,LOY-002480,Marcus,Jackson,Irving,TX,2025-04-04,Gold,PH-004
CUS-02481,LOY-002481,Sarah,Nguyen,Dallas,TX,2025-05-23,Silver,PH-003
CUS-02482,LOY-002482,Olivia,Reed,Irving,TX,2025-01-24,Standard,PH-003
CUS-02483,LOY-002483,Olivia,Smith,Dallas,TX,2023-06-29,Silver,PH-005
CUS-02484,LOY-002484,Sophia,Carter,Dallas,TX,2024-06-28,Standard,PH-002
CUS-02485,LOY-002485,Jessica,Patel,Dallas,TX,2024-03-01,Standard,PH-002
CUS-02486,LOY-002486,Rachel,Garcia,Plano,TX,2025-07-14,Silver,PH-003
CUS-02487,LOY-002487,Jessica,Johnson,Plano,TX,2022-01-01,Gold,PH-005
CUS-02488,LOY-002488,Grace,Jackson,Plano,TX,2023-06-29,Gold,PH-004
CUS-02489,LOY-002489,Jessica,Thomas,Fort Worth,TX,2023-04-12,Gold,PH-001
CUS-02490,LOY-002490,Laura,Carter,Frisco,TX,2024-03-20,Silver,PH-002
CUS-02491,LOY-002491,Liam,Davis,Irving,TX,2025-05-17,Gold,PH-001
CUS-02492,LOY-002492,Laura,Lee,Fort Worth,TX,2022-05-10,Standard,PH-003
CUS-02493,LOY-002493,Jennifer,Martinez,Dallas,TX,2025-04-16,Gold,PH-002
CUS-02494,LOY-002494,Rachel,Anderson,Fort Worth,TX,2025-08-03,Standard,PH-002
CUS-02495,LOY-002495,Noah,Smith,Dallas,TX,2023-04-22,Standard,PH-004
CUS-02496,LOY-002496,Ava,Smith,Dallas,TX,2023-12-01,Standard,PH-002
CUS-02497,LOY-002497,Robert,Ross,Frisco,TX,2025-02-13,Gold,PH-001
CUS-02498,LOY-002498,Anthony,Patel,Dallas,TX,2022-12-06,Silver,PH-003
CUS-02499,LOY-002499,Liam,Nguyen,Irving,TX,2022-10-24,Silver,PH-001
CUS-02500,LOY-002500,Olivia,Hill,Irving,TX,2023-10-14,Gold,PH-001
CUS-02501,LOY-002501,John,Thomas,Frisco,TX,2023-07-15,Standard,PH-005
CUS-02502,LOY-002502,Laura,Reed,Dallas,TX,2024-08-20,Gold,PH-004
CUS-02503,LOY-002503,Ava,Tran,Fort Worth,TX,2022-09-17,Gold,PH-003
CUS-02504,LOY-002504,Olivia,Johnson,Fort Worth,TX,2026-03-23,Gold,PH-001
CUS-02505,LOY-002505,Jessica,Johnson,Dallas,TX,2024-03-31,Silver,PH-005
CUS-02506,LOY-002506,Melissa,Hill,Frisco,TX,2022-06-13,Silver,PH-003
CUS-02507,LOY-002507,Laura,Davis,Dallas,TX,2023-04-09,Silver,PH-005
CUS-02508,LOY-002508,Sarah,Reed,Irving,TX,2023-06-27,Gold,PH-004
CUS-02509,LOY-002509,Olivia,Anderson,Fort Worth,TX,2025-06-18,Standard,PH-005
CUS-02510,LOY-002510,Anthony,Thomas,Fort Worth,TX,2025-01-30,Silver,PH-003
CUS-02511,LOY-002511,Michael,Reed,Fort Worth,TX,2023-10-02,Gold,PH-001
CUS-02512,LOY-002512,Kevin,Patel,Fort Worth,TX,2023-06-19,Silver,PH-001
CUS-02513,LOY-002513,Marcus,Hill,Fort Worth,TX,2022-10-04,Gold,PH-005
CUS-02514,LOY-002514,Mia,Miller,Dallas,TX,2025-11-08,Silver,PH-003
CUS-02515,LOY-002515,Linda,Thomas,Irving,TX,2025-11-23,Standard,PH-003
CUS-02516,LOY-002516,Marcus,Tran,Irving,TX,2022-06-10,Silver,PH-001
CUS-02517,LOY-002517,Linda,Lopez,Fort Worth,TX,2026-03-22,Gold,PH-004
CUS-02518,LOY-002518,John,Smith,Frisco,TX,2023-05-25,Silver,PH-002
CUS-02519,LOY-002519,Marcus,Davis,Fort Worth,TX,2023-06-17,Silver,PH-003
CUS-02520,LOY-002520,Olivia,King,Irving,TX,2024-09-21,Standard,PH-001
CUS-02521,LOY-002521,Amanda,Lopez,Fort Worth,TX,2023-09-09,Standard,PH-003
CUS-02522,LOY-002522,Michael,Garcia,Frisco,TX,2023-01-02,Standard,PH-003
CUS-02523,LOY-002523,Anthony,Reed,Frisco,TX,2026-02-25,Gold,PH-005
CUS-02524,LOY-002524,Laura,Smith,Irving,TX,2024-04-20,Standard,PH-003
CUS-02525,LOY-002525,Grace,Smith,Frisco,TX,2022-11-28,Standard,PH-003
CUS-02526,LOY-002526,Kevin,Smith,Frisco,TX,2024-09-30,Silver,PH-003
CUS-02527,LOY-002527,Jessica,Lee,Fort Worth,TX,2024-07-11,Silver,PH-003
CUS-02528,LOY-002528,Linda,Martinez,Fort Worth,TX,2025-05-31,Standard,PH-004
CUS-02529,LOY-002529,Melissa,Chen,Frisco,TX,2023-06-13,Silver,PH-004
CUS-02530,LOY-002530,Grace,Carter,Plano,TX,2026-04-27,Silver,PH-003
CUS-02531,LOY-002531,Noah,Nguyen,Dallas,TX,2022-08-11,Silver,PH-003
CUS-02532,LOY-002532,Olivia,Lopez,Frisco,TX,2023-04-14,Standard,PH-001
CUS-02533,LOY-002533,Noah,Anderson,Irving,TX,2022-11-25,Standard,PH-001
CUS-02534,LOY-002534,Sarah,Carter,Frisco,TX,2023-01-06,Silver,PH-004
CUS-02535,LOY-002535,Emily,Thomas,Irving,TX,2023-09-29,Silver,PH-002
CUS-02536,LOY-002536,Liam,Patel,Fort Worth,TX,2022-05-18,Silver,PH-001
CUS-02537,LOY-002537,Marcus,Tran,Plano,TX,2023-07-30,Gold,PH-001
CUS-02538,LOY-002538,Jennifer,Kim,Fort Worth,TX,2023-05-30,Gold,PH-005
CUS-02539,LOY-002539,Ethan,Reed,Dallas,TX,2022-01-13,Gold,PH-001
CUS-02540,LOY-002540,Marcus,Brown,Fort Worth,TX,2024-11-23,Silver,PH-004
CUS-02541,LOY-002541,Noah,Brown,Fort Worth,TX,2022-09-19,Standard,PH-001
CUS-02542,LOY-002542,Sarah,Garcia,Fort Worth,TX,2024-01-04,Silver,PH-001
CUS-02543,LOY-002543,Grace,Ross,Irving,TX,2022-10-04,Gold,PH-004
CUS-02544,LOY-002544,Grace,Ross,Plano,TX,2025-07-31,Silver,PH-001
CUS-02545,LOY-002545,Melissa,Moore,Dallas,TX,2022-12-04,Standard,PH-002
CUS-02546,LOY-002546,Michael,Ross,Plano,TX,2026-02-15,Silver,PH-003
CUS-02547,LOY-002547,Linda,Smith,Frisco,TX,2025-11-27,Gold,PH-004
CUS-02548,LOY-002548,Liam,Johnson,Dallas,TX,2024-08-02,Gold,PH-003
CUS-02549,LOY-002549,Ethan,Miller,Frisco,TX,2023-06-27,Gold,PH-002
CUS-02550,LOY-002550,Sophia,Carter,Dallas,TX,2025-10-07,Gold,PH-002
CUS-02551,LOY-002551,Michael,Patel,Frisco,TX,2024-01-12,Silver,PH-001
CUS-02552,LOY-002552,Robert,Anderson,Irving,TX,2023-06-06,Silver,PH-003
CUS-02553,LOY-002553,Sophia,Taylor,Irving,TX,2023-11-25,Gold,PH-002
CUS-02554,LOY-002554,John,Tran,Dallas,TX,2022-10-14,Standard,PH-002
CUS-02555,LOY-002555,Noah,Wilson,Frisco,TX,2026-04-26,Gold,PH-005
CUS-02556,LOY-002556,Liam,Moore,Irving,TX,2025-10-29,Gold,PH-001
CUS-02557,LOY-002557,David,Wilson,Irving,TX,2026-04-14,Standard,PH-002
CUS-02558,LOY-002558,Mia,Nguyen,Plano,TX,2024-09-29,Standard,PH-001
CUS-02559,LOY-002559,John,Johnson,Fort Worth,TX,2024-02-17,Gold,PH-002
CUS-02560,LOY-002560,Jennifer,Brown,Frisco,TX,2026-01-02,Standard,PH-005
CUS-02561,LOY-002561,Robert,White,Dallas,TX,2025-05-27,Silver,PH-002
CUS-02562,LOY-002562,Robert,Ross,Frisco,TX,2026-01-03,Gold,PH-002
CUS-02563,LOY-002563,Robert,Reed,Fort Worth,TX,2023-04-16,Silver,PH-005
CUS-02564,LOY-002564,Michael,Carter,Frisco,TX,2025-07-02,Standard,PH-003
CUS-02565,LOY-002565,Linda,Nguyen,Dallas,TX,2022-03-15,Gold,PH-001
CUS-02566,LOY-002566,Michael,Tran,Irving,TX,2024-06-21,Silver,PH-005
CUS-02567,LOY-002567,Sophia,Davis,Dallas,TX,2024-05-20,Silver,PH-002
CUS-02568,LOY-002568,Daniel,Ross,Frisco,TX,2025-10-04,Silver,PH-003
CUS-02569,LOY-002569,Daniel,Smith,Dallas,TX,2024-12-24,Standard,PH-005
CUS-02570,LOY-002570,Rachel,Thomas,Dallas,TX,2024-08-31,Gold,PH-005
CUS-02571,LOY-002571,John,Wilson,Fort Worth,TX,2022-08-08,Standard,PH-003
CUS-02572,LOY-002572,Linda,Taylor,Fort Worth,TX,2022-09-10,Standard,PH-005
CUS-02573,LOY-002573,David,Davis,Fort Worth,TX,2025-09-15,Silver,PH-005
CUS-02574,LOY-002574,Ava,Reed,Fort Worth,TX,2025-03-09,Gold,PH-004
CUS-02575,LOY-002575,Brandon,Davis,Fort Worth,TX,2026-05-10,Standard,PH-005
CUS-02576,LOY-002576,Robert,Nguyen,Frisco,TX,2024-09-12,Gold,PH-002
CUS-02577,LOY-002577,Emily,Hill,Frisco,TX,2024-07-09,Gold,PH-002
CUS-02578,LOY-002578,Daniel,Reed,Plano,TX,2022-03-16,Standard,PH-005
CUS-02579,LOY-002579,Jessica,Moore,Irving,TX,2025-12-26,Silver,PH-002
CUS-02580,LOY-002580,Daniel,Carter,Plano,TX,2025-02-14,Gold,PH-002
CUS-02581,LOY-002581,Brandon,Wilson,Plano,TX,2024-12-03,Standard,PH-002
CUS-02582,LOY-002582,Brandon,White,Dallas,TX,2022-11-06,Standard,PH-005
CUS-02583,LOY-002583,Emily,Lee,Irving,TX,2022-11-18,Gold,PH-002
CUS-02584,LOY-002584,Sarah,Davis,Fort Worth,TX,2022-04-12,Gold,PH-005
CUS-02585,LOY-002585,Jessica,Martinez,Plano,TX,2022-10-26,Standard,PH-001
CUS-02586,LOY-002586,Marcus,Lee,Plano,TX,2023-04-17,Standard,PH-001
CUS-02587,LOY-002587,Amanda,Tran,Fort Worth,TX,2024-03-01,Silver,PH-004
CUS-02588,LOY-002588,Anthony,Hill,Dallas,TX,2022-03-03,Gold,PH-005
CUS-02589,LOY-002589,Mia,Johnson,Irving,TX,2026-01-04,Silver,PH-001
CUS-02590,LOY-002590,Amanda,Johnson,Dallas,TX,2023-08-29,Standard,PH-003
CUS-02591,LOY-002591,Anthony,White,Dallas,TX,2023-08-15,Standard,PH-002
CUS-02592,LOY-002592,Jessica,Nguyen,Frisco,TX,2025-08-23,Standard,PH-001
CUS-02593,LOY-002593,Brandon,Davis,Dallas,TX,2024-09-15,Silver,PH-004
CUS-02594,LOY-002594,Grace,Jackson,Fort Worth,TX,2025-08-06,Standard,PH-002
CUS-02595,LOY-002595,Kevin,Nguyen,Irving,TX,2025-04-20,Silver,PH-001
CUS-02596,LOY-002596,Robert,Lee,Plano,TX,2026-02-10,Standard,PH-004
CUS-02597,LOY-002597,Liam,Reed,Plano,TX,2022-01-08,Silver,PH-003
CUS-02598,LOY-002598,Kevin,Moore,Fort Worth,TX,2024-02-16,Silver,PH-001
CUS-02599,LOY-002599,Kevin,Lee,Dallas,TX,2024-06-11,Silver,PH-004
CUS-02600,LOY-002600,Laura,Ross,Dallas,TX,2022-06-01,Standard,PH-004
CUS-02601,LOY-002601,Rachel,Nguyen,Dallas,TX,2025-12-22,Standard,PH-002
CUS-02602,LOY-002602,Sophia,Lee,Irving,TX,2025-01-14,Silver,PH-001
CUS-02603,LOY-002603,Anthony,Lopez,Fort Worth,TX,2023-07-05,Gold,PH-004
CUS-02604,LOY-002604,Robert,Davis,Fort Worth,TX,2022-01-31,Silver,PH-005
CUS-02605,LOY-002605,Liam,Martinez,Irving,TX,2024-05-09,Gold,PH-002
CUS-02606,LOY-002606,Sophia,Johnson,Plano,TX,2024-02-13,Gold,PH-005
CUS-02607,LOY-002607,Brandon,Lopez,Irving,TX,2022-11-23,Silver,PH-005
CUS-02608,LOY-002608,David,White,Dallas,TX,2024-12-17,Standard,PH-005
CUS-02609,LOY-002609,Laura,Johnson,Fort Worth,TX,2024-12-01,Gold,PH-005
CUS-02610,LOY-002610,Marcus,Brown,Fort Worth,TX,2025-10-28,Gold,PH-004
CUS-02611,LOY-002611,Grace,Lopez,Dallas,TX,2024-01-16,Standard,PH-003
CUS-02612,LOY-002612,Grace,Garcia,Irving,TX,2023-01-05,Silver,PH-004
CUS-02613,LOY-002613,Jennifer,Garcia,Irving,TX,2024-02-12,Standard,PH-005
CUS-02614,LOY-002614,Linda,Carter,Dallas,TX,2022-06-28,Standard,PH-004
CUS-02615,LOY-002615,Noah,Jackson,Frisco,TX,2024-07-19,Gold,PH-005
CUS-02616,LOY-002616,Brandon,Johnson,Plano,TX,2024-02-18,Standard,PH-003
CUS-02617,LOY-002617,Jennifer,Johnson,Dallas,TX,2026-04-08,Gold,PH-003
CUS-02618,LOY-002618,Melissa,Tran,Irving,TX,2024-01-10,Silver,PH-005
CUS-02619,LOY-002619,Kevin,Hill,Irving,TX,2024-09-23,Silver,PH-003
CUS-02620,LOY-002620,Noah,Tran,Plano,TX,2024-09-26,Silver,PH-004
CUS-02621,LOY-002621,Olivia,Miller,Dallas,TX,2022-07-17,Gold,PH-005
CUS-02622,LOY-002622,Melissa,Ross,Dallas,TX,2025-05-31,Gold,PH-005
CUS-02623,LOY-002623,Anthony,Carter,Irving,TX,2023-06-30,Standard,PH-002
CUS-02624,LOY-002624,Melissa,Lopez,Irving,TX,2023-11-16,Gold,PH-005
CUS-02625,LOY-002625,Jennifer,Wilson,Dallas,TX,2025-12-19,Silver,PH-003
CUS-02626,LOY-002626,Daniel,Carter,Dallas,TX,2025-02-07,Silver,PH-003
CUS-02627,LOY-002627,Rachel,Brown,Dallas,TX,2023-10-16,Silver,PH-005
CUS-02628,LOY-002628,Melissa,Lee,Fort Worth,TX,2022-10-17,Standard,PH-003
CUS-02629,LOY-002629,Emily,Lee,Fort Worth,TX,2022-02-06,Gold,PH-001
CUS-02630,LOY-002630,Jennifer,Taylor,Irving,TX,2023-03-26,Gold,PH-003
CUS-02631,LOY-002631,Laura,Ross,Dallas,TX,2024-07-29,Standard,PH-002
CUS-02632,LOY-002632,Melissa,Ross,Irving,TX,2022-12-30,Gold,PH-002
CUS-02633,LOY-002633,Jessica,Lopez,Frisco,TX,2026-01-16,Silver,PH-001
CUS-02634,LOY-002634,Robert,Tran,Irving,TX,2024-12-01,Gold,PH-005
CUS-02635,LOY-002635,Sarah,Miller,Frisco,TX,2026-01-08,Silver,PH-002
CUS-02636,LOY-002636,Jennifer,Carter,Irving,TX,2022-05-29,Silver,PH-005
CUS-02637,LOY-002637,Grace,Jackson,Frisco,TX,2022-01-13,Silver,PH-001
CUS-02638,LOY-002638,Robert,White,Frisco,TX,2025-02-25,Gold,PH-001
CUS-02639,LOY-002639,Jennifer,Hill,Fort Worth,TX,2024-02-01,Standard,PH-005
CUS-02640,LOY-002640,Sarah,Wilson,Dallas,TX,2025-09-07,Standard,PH-003
CUS-02641,LOY-002641,Sarah,Smith,Dallas,TX,2026-03-11,Standard,PH-003
CUS-02642,LOY-002642,Linda,White,Irving,TX,2022-04-20,Gold,PH-002
CUS-02643,LOY-002643,John,King,Dallas,TX,2024-08-04,Standard,PH-004
CUS-02644,LOY-002644,Brandon,Patel,Dallas,TX,2022-01-10,Silver,PH-003
CUS-02645,LOY-002645,Noah,Taylor,Dallas,TX,2024-10-29,Gold,PH-003
CUS-02646,LOY-002646,Jessica,Thomas,Frisco,TX,2025-12-02,Silver,PH-002
CUS-02647,LOY-002647,Grace,Taylor,Plano,TX,2025-03-08,Gold,PH-004
CUS-02648,LOY-002648,Laura,Garcia,Fort Worth,TX,2025-03-19,Standard,PH-004
CUS-02649,LOY-002649,Rachel,Carter,Fort Worth,TX,2023-06-11,Silver,PH-004
CUS-02650,LOY-002650,Liam,Hill,Irving,TX,2026-02-09,Standard,PH-005
CUS-02651,LOY-002651,Grace,Moore,Fort Worth,TX,2022-10-17,Silver,PH-002
CUS-02652,LOY-002652,Grace,Nguyen,Fort Worth,TX,2022-06-19,Standard,PH-001
CUS-02653,LOY-002653,Robert,Ross,Frisco,TX,2022-04-03,Standard,PH-003
CUS-02654,LOY-002654,Liam,Johnson,Fort Worth,TX,2024-04-05,Standard,PH-002
CUS-02655,LOY-002655,Jennifer,Wilson,Frisco,TX,2023-03-13,Gold,PH-003
CUS-02656,LOY-002656,David,Ross,Fort Worth,TX,2026-04-14,Standard,PH-003
CUS-02657,LOY-002657,Melissa,Smith,Fort Worth,TX,2022-05-04,Silver,PH-003
CUS-02658,LOY-002658,Jessica,Smith,Dallas,TX,2026-03-07,Silver,PH-004
CUS-02659,LOY-002659,John,Garcia,Fort Worth,TX,2023-03-25,Gold,PH-003
CUS-02660,LOY-002660,Sophia,Johnson,Fort Worth,TX,2023-02-04,Gold,PH-003
CUS-02661,LOY-002661,Sarah,Patel,Plano,TX,2024-02-23,Gold,PH-003
CUS-02662,LOY-002662,Anthony,Carter,Fort Worth,TX,2022-04-08,Silver,PH-003
CUS-02663,LOY-002663,Robert,Wilson,Irving,TX,2023-07-21,Gold,PH-001
CUS-02664,LOY-002664,Anthony,Kim,Irving,TX,2025-06-23,Silver,PH-003
CUS-02665,LOY-002665,Jennifer,Kim,Irving,TX,2022-11-23,Standard,PH-005
CUS-02666,LOY-002666,Sarah,Moore,Dallas,TX,2025-05-01,Standard,PH-005
CUS-02667,LOY-002667,Kevin,Jackson,Frisco,TX,2022-08-08,Standard,PH-004
CUS-02668,LOY-002668,Ethan,Thomas,Frisco,TX,2026-02-05,Standard,PH-005
CUS-02669,LOY-002669,Marcus,Chen,Dallas,TX,2022-06-20,Standard,PH-004
CUS-02670,LOY-002670,Liam,Davis,Irving,TX,2022-07-14,Gold,PH-001
CUS-02671,LOY-002671,Melissa,Patel,Frisco,TX,2025-12-13,Silver,PH-004
CUS-02672,LOY-002672,Robert,Anderson,Plano,TX,2022-12-11,Gold,PH-001
CUS-02673,LOY-002673,Anthony,Thomas,Fort Worth,TX,2024-01-30,Standard,PH-003
CUS-02674,LOY-002674,Daniel,Thomas,Dallas,TX,2025-10-29,Standard,PH-001
CUS-02675,LOY-002675,Jennifer,Anderson,Plano,TX,2023-01-09,Silver,PH-003
CUS-02676,LOY-002676,Grace,White,Fort Worth,TX,2024-01-02,Standard,PH-001
CUS-02677,LOY-002677,Sarah,Smith,Dallas,TX,2022-06-11,Silver,PH-001
CUS-02678,LOY-002678,Kevin,Martinez,Plano,TX,2023-12-12,Gold,PH-005
CUS-02679,LOY-002679,Daniel,Wilson,Fort Worth,TX,2023-11-27,Standard,PH-004
CUS-02680,LOY-002680,Sophia,King,Irving,TX,2022-07-24,Silver,PH-002
CUS-02681,LOY-002681,Melissa,Wilson,Fort Worth,TX,2025-02-01,Standard,PH-003
CUS-02682,LOY-002682,Noah,Moore,Fort Worth,TX,2025-10-12,Silver,PH-001
CUS-02683,LOY-002683,Linda,Anderson,Dallas,TX,2022-04-09,Standard,PH-004
CUS-02684,LOY-002684,Sophia,Anderson,Fort Worth,TX,2023-03-19,Silver,PH-001
CUS-02685,LOY-002685,John,Thomas,Fort Worth,TX,2022-08-31,Standard,PH-003
CUS-02686,LOY-002686,Rachel,Carter,Dallas,TX,2023-03-16,Silver,PH-001
CUS-02687,LOY-002687,Michael,Lopez,Frisco,TX,2022-05-12,Standard,PH-005
CUS-02688,LOY-002688,Sophia,Taylor,Fort Worth,TX,2022-07-12,Standard,PH-003
CUS-02689,LOY-002689,Olivia,Lopez,Plano,TX,2025-01-22,Silver,PH-003
CUS-02690,LOY-002690,Liam,Jackson,Plano,TX,2024-02-05,Gold,PH-005
CUS-02691,LOY-002691,Kevin,Carter,Dallas,TX,2024-01-11,Silver,PH-001
CUS-02692,LOY-002692,Robert,King,Irving,TX,2024-09-24,Gold,PH-005
CUS-02693,LOY-002693,Amanda,Taylor,Dallas,TX,2024-03-25,Gold,PH-004
CUS-02694,LOY-002694,Jessica,King,Dallas,TX,2025-01-24,Silver,PH-004
CUS-02695,LOY-002695,Emily,Ross,Dallas,TX,2026-05-13,Gold,PH-002
CUS-02696,LOY-002696,Emily,Davis,Frisco,TX,2025-11-23,Gold,PH-002
CUS-02697,LOY-002697,Noah,Martinez,Plano,TX,2025-03-13,Silver,PH-003
CUS-02698,LOY-002698,Brandon,Thomas,Frisco,TX,2023-04-06,Standard,PH-001
CUS-02699,LOY-002699,Anthony,Brown,Irving,TX,2024-02-12,Standard,PH-003
CUS-02700,LOY-002700,Kevin,Lee,Plano,TX,2022-11-26,Gold,PH-003
CUS-02701,LOY-002701,Amanda,Tran,Irving,TX,2023-03-12,Silver,PH-003
CUS-02702,LOY-002702,Daniel,Carter,Irving,TX,2023-01-12,Silver,PH-001
CUS-02703,LOY-002703,David,Johnson,Frisco,TX,2023-01-12,Gold,PH-001
CUS-02704,LOY-002704,Ethan,Miller,Fort Worth,TX,2025-12-09,Standard,PH-002
CUS-02705,LOY-002705,Grace,Chen,Frisco,TX,2023-11-09,Standard,PH-001
CUS-02706,LOY-002706,Amanda,Moore,Dallas,TX,2025-03-16,Standard,PH-004
CUS-02707,LOY-002707,Mia,King,Frisco,TX,2023-05-16,Standard,PH-005
CUS-02708,LOY-002708,Jessica,Smith,Fort Worth,TX,2023-06-03,Standard,PH-001
CUS-02709,LOY-002709,Melissa,Hill,Dallas,TX,2024-02-26,Silver,PH-004
CUS-02710,LOY-002710,Linda,White,Plano,TX,2025-06-16,Standard,PH-003
CUS-02711,LOY-002711,Mia,Patel,Irving,TX,2023-11-16,Gold,PH-005
CUS-02712,LOY-002712,Grace,Johnson,Irving,TX,2023-10-25,Gold,PH-002
CUS-02713,LOY-002713,Jennifer,Miller,Fort Worth,TX,2026-02-18,Gold,PH-004
CUS-02714,LOY-002714,Sophia,Miller,Irving,TX,2022-04-06,Standard,PH-002
CUS-02715,LOY-002715,Laura,Anderson,Plano,TX,2022-01-18,Gold,PH-002
CUS-02716,LOY-002716,David,Kim,Frisco,TX,2024-12-02,Standard,PH-001
CUS-02717,LOY-002717,Daniel,Wilson,Irving,TX,2022-02-20,Gold,PH-005
CUS-02718,LOY-002718,Melissa,Lee,Irving,TX,2022-08-23,Standard,PH-003
CUS-02719,LOY-002719,Sarah,Chen,Fort Worth,TX,2022-01-13,Standard,PH-002
CUS-02720,LOY-002720,Laura,Thomas,Plano,TX,2022-07-22,Gold,PH-005
CUS-02721,LOY-002721,Ava,Anderson,Plano,TX,2022-05-19,Silver,PH-005
CUS-02722,LOY-002722,Grace,Hill,Fort Worth,TX,2025-03-19,Silver,PH-001
CUS-02723,LOY-002723,Mia,Kim,Fort Worth,TX,2022-07-13,Silver,PH-001
CUS-02724,LOY-002724,Liam,Hill,Fort Worth,TX,2024-06-13,Standard,PH-005
CUS-02725,LOY-002725,Rachel,Patel,Fort Worth,TX,2025-02-01,Standard,PH-005
CUS-02726,LOY-002726,Kevin,Garcia,Irving,TX,2025-11-14,Silver,PH-002
CUS-02727,LOY-002727,Noah,Thomas,Dallas,TX,2024-02-21,Gold,PH-005
CUS-02728,LOY-002728,Robert,Thomas,Dallas,TX,2026-03-17,Silver,PH-002
CUS-02729,LOY-002729,Emily,Johnson,Fort Worth,TX,2023-03-19,Standard,PH-005
CUS-02730,LOY-002730,Anthony,Lopez,Plano,TX,2024-11-07,Gold,PH-004
CUS-02731,LOY-002731,Sarah,White,Fort Worth,TX,2023-07-20,Silver,PH-003
CUS-02732,LOY-002732,Robert,Anderson,Dallas,TX,2024-11-18,Standard,PH-002
CUS-02733,LOY-002733,Ava,Jackson,Irving,TX,2022-11-29,Standard,PH-001
CUS-02734,LOY-002734,Sarah,Johnson,Plano,TX,2025-06-13,Silver,PH-005
CUS-02735,LOY-002735,Melissa,Taylor,Plano,TX,2022-10-05,Gold,PH-002
CUS-02736,LOY-002736,Robert,Ross,Dallas,TX,2023-07-23,Silver,PH-004
CUS-02737,LOY-002737,Daniel,Taylor,Plano,TX,2026-02-06,Standard,PH-005
CUS-02738,LOY-002738,Ava,Hill,Dallas,TX,2024-05-13,Silver,PH-005
CUS-02739,LOY-002739,Olivia,Thomas,Plano,TX,2025-12-06,Standard,PH-002
CUS-02740,LOY-002740,Ava,Taylor,Dallas,TX,2022-09-19,Standard,PH-002
CUS-02741,LOY-002741,Robert,Ross,Plano,TX,2023-03-25,Standard,PH-002
CUS-02742,LOY-002742,Noah,Wilson,Irving,TX,2024-01-06,Standard,PH-001
CUS-02743,LOY-002743,Linda,Kim,Plano,TX,2022-03-26,Standard,PH-005
CUS-02744,LOY-002744,Jennifer,Smith,Frisco,TX,2022-04-07,Silver,PH-003
CUS-02745,LOY-002745,Anthony,Martinez,Dallas,TX,2025-10-29,Standard,PH-003
CUS-02746,LOY-002746,Noah,White,Fort Worth,TX,2023-04-18,Silver,PH-004
CUS-02747,LOY-002747,David,Kim,Irving,TX,2025-04-12,Standard,PH-005
CUS-02748,LOY-002748,Jessica,Chen,Plano,TX,2026-04-22,Standard,PH-001
CUS-02749,LOY-002749,Ethan,Miller,Fort Worth,TX,2022-07-03,Silver,PH-001
CUS-02750,LOY-002750,Emily,Nguyen,Irving,TX,2025-05-30,Standard,PH-002
CUS-02751,LOY-002751,Brandon,Moore,Fort Worth,TX,2023-03-23,Standard,PH-001
CUS-02752,LOY-002752,Daniel,Chen,Fort Worth,TX,2023-07-20,Standard,PH-005
CUS-02753,LOY-002753,Anthony,Reed,Plano,TX,2022-11-05,Gold,PH-001
CUS-02754,LOY-002754,Grace,Martinez,Dallas,TX,2024-05-09,Silver,PH-001
CUS-02755,LOY-002755,Michael,King,Frisco,TX,2024-04-11,Gold,PH-003
CUS-02756,LOY-002756,Laura,Reed,Irving,TX,2026-03-23,Standard,PH-004
CUS-02757,LOY-002757,Linda,Thomas,Irving,TX,2022-11-10,Standard,PH-005
CUS-02758,LOY-002758,Michael,White,Irving,TX,2024-01-12,Silver,PH-001
CUS-02759,LOY-002759,Sophia,Garcia,Frisco,TX,2026-05-14,Silver,PH-003
CUS-02760,LOY-002760,Ethan,King,Irving,TX,2024-06-02,Silver,PH-002
CUS-02761,LOY-002761,Mia,Nguyen,Fort Worth,TX,2026-04-27,Standard,PH-002
CUS-02762,LOY-002762,Brandon,Smith,Frisco,TX,2022-01-18,Silver,PH-005
CUS-02763,LOY-002763,Anthony,Miller,Irving,TX,2023-01-24,Standard,PH-002
CUS-02764,LOY-002764,Anthony,Carter,Irving,TX,2022-08-29,Standard,PH-003
CUS-02765,LOY-002765,Melissa,Ross,Plano,TX,2024-04-21,Gold,PH-002
CUS-02766,LOY-002766,Ava,Patel,Fort Worth,TX,2025-11-25,Silver,PH-003
CUS-02767,LOY-002767,Mia,Carter,Dallas,TX,2025-10-22,Gold,PH-005
CUS-02768,LOY-002768,Ethan,King,Fort Worth,TX,2026-02-14,Silver,PH-005
CUS-02769,LOY-002769,Mia,Lopez,Dallas,TX,2026-02-24,Gold,PH-004
CUS-02770,LOY-002770,Melissa,Taylor,Plano,TX,2026-01-23,Silver,PH-001
CUS-02771,LOY-002771,Mia,Lopez,Fort Worth,TX,2025-10-30,Silver,PH-003
CUS-02772,LOY-002772,Linda,Martinez,Fort Worth,TX,2023-11-25,Standard,PH-002
CUS-02773,LOY-002773,Ava,Nguyen,Irving,TX,2023-01-18,Silver,PH-001
CUS-02774,LOY-002774,Rachel,Johnson,Plano,TX,2023-04-06,Standard,PH-003
CUS-02775,LOY-002775,John,King,Plano,TX,2022-06-08,Standard,PH-003
CUS-02776,LOY-002776,Mia,Davis,Irving,TX,2024-04-10,Standard,PH-003
CUS-02777,LOY-002777,Ava,Ross,Frisco,TX,2024-08-14,Gold,PH-004
CUS-02778,LOY-002778,Noah,Garcia,Frisco,TX,2024-10-19,Silver,PH-004
CUS-02779,LOY-002779,Anthony,Garcia,Frisco,TX,2026-01-18,Gold,PH-003
CUS-02780,LOY-002780,John,Kim,Plano,TX,2024-06-13,Silver,PH-005
CUS-02781,LOY-002781,Emily,Ross,Irving,TX,2024-03-02,Gold,PH-005
CUS-02782,LOY-002782,Liam,Davis,Irving,TX,2022-05-11,Silver,PH-002
CUS-02783,LOY-002783,Daniel,Carter,Dallas,TX,2022-12-29,Silver,PH-003
CUS-02784,LOY-002784,Rachel,Lee,Fort Worth,TX,2025-11-29,Standard,PH-005
CUS-02785,LOY-002785,Kevin,Lopez,Frisco,TX,2024-11-06,Standard,PH-003
CUS-02786,LOY-002786,Sarah,Jackson,Irving,TX,2025-05-05,Standard,PH-003
CUS-02787,LOY-002787,Grace,Kim,Fort Worth,TX,2024-02-20,Silver,PH-003
CUS-02788,LOY-002788,David,Miller,Dallas,TX,2023-05-06,Standard,PH-004
CUS-02789,LOY-002789,Daniel,Carter,Plano,TX,2024-01-24,Gold,PH-005
CUS-02790,LOY-002790,Marcus,Ross,Plano,TX,2024-02-28,Standard,PH-003
CUS-02791,LOY-002791,Robert,Anderson,Frisco,TX,2025-08-25,Gold,PH-005
CUS-02792,LOY-002792,John,Chen,Plano,TX,2024-04-30,Standard,PH-003
CUS-02793,LOY-002793,Liam,Patel,Frisco,TX,2023-03-14,Gold,PH-001
CUS-02794,LOY-002794,David,Garcia,Irving,TX,2023-03-27,Gold,PH-004
CUS-02795,LOY-002795,Linda,Hill,Dallas,TX,2022-03-03,Gold,PH-001
CUS-02796,LOY-002796,Emily,Davis,Frisco,TX,2022-12-09,Standard,PH-001
CUS-02797,LOY-002797,Jennifer,Kim,Fort Worth,TX,2024-07-03,Standard,PH-005
CUS-02798,LOY-002798,Daniel,Patel,Plano,TX,2023-03-05,Silver,PH-003
CUS-02799,LOY-002799,Ava,Miller,Irving,TX,2024-11-01,Silver,PH-003
CUS-02800,LOY-002800,Daniel,Anderson,Irving,TX,2022-04-10,Standard,PH-004
CUS-02801,LOY-002801,John,Taylor,Plano,TX,2025-08-20,Gold,PH-001
CUS-02802,LOY-002802,Noah,Davis,Irving,TX,2023-12-01,Gold,PH-002
CUS-02803,LOY-002803,Linda,Wilson,Irving,TX,2024-07-16,Standard,PH-005
CUS-02804,LOY-002804,Laura,Reed,Frisco,TX,2024-04-12,Standard,PH-002
CUS-02805,LOY-002805,David,Lee,Dallas,TX,2023-07-25,Standard,PH-001
CUS-02806,LOY-002806,Liam,Taylor,Frisco,TX,2022-11-09,Silver,PH-005
CUS-02807,LOY-002807,Jennifer,Lee,Frisco,TX,2023-10-29,Gold,PH-005
CUS-02808,LOY-002808,Mia,King,Dallas,TX,2022-02-21,Standard,PH-004
CUS-02809,LOY-002809,Mia,Miller,Plano,TX,2022-05-15,Silver,PH-002
CUS-02810,LOY-002810,Kevin,Wilson,Plano,TX,2022-09-03,Silver,PH-001
CUS-02811,LOY-002811,Olivia,Nguyen,Plano,TX,2025-03-20,Gold,PH-001
CUS-02812,LOY-002812,Liam,Martinez,Irving,TX,2024-12-19,Gold,PH-001
CUS-02813,LOY-002813,Emily,Miller,Dallas,TX,2023-02-11,Standard,PH-002
CUS-02814,LOY-002814,Anthony,Lopez,Frisco,TX,2023-12-20,Gold,PH-002
CUS-02815,LOY-002815,Michael,Jackson,Irving,TX,2022-12-27,Gold,PH-001
CUS-02816,LOY-002816,Olivia,Taylor,Plano,TX,2025-03-24,Gold,PH-004
CUS-02817,LOY-002817,Grace,Chen,Frisco,TX,2022-09-19,Gold,PH-003
CUS-02818,LOY-002818,Olivia,Kim,Plano,TX,2023-04-26,Standard,PH-002
CUS-02819,LOY-002819,Melissa,Taylor,Irving,TX,2023-04-10,Gold,PH-005
CUS-02820,LOY-002820,John,Davis,Fort Worth,TX,2025-05-30,Standard,PH-001
CUS-02821,LOY-002821,Sophia,Kim,Irving,TX,2025-11-16,Gold,PH-002
CUS-02822,LOY-002822,Grace,Kim,Plano,TX,2022-09-22,Standard,PH-004
CUS-02823,LOY-002823,Laura,Tran,Fort Worth,TX,2023-12-18,Standard,PH-004
CUS-02824,LOY-002824,Anthony,Tran,Dallas,TX,2025-02-02,Silver,PH-001
CUS-02825,LOY-002825,Michael,Miller,Irving,TX,2025-05-28,Silver,PH-001
CUS-02826,LOY-002826,Liam,Davis,Plano,TX,2023-02-14,Silver,PH-001
CUS-02827,LOY-002827,Marcus,Lee,Irving,TX,2022-09-13,Standard,PH-004
CUS-02828,LOY-002828,Marcus,Kim,Fort Worth,TX,2023-04-01,Gold,PH-005
CUS-02829,LOY-002829,Ethan,Miller,Dallas,TX,2024-10-06,Gold,PH-004
CUS-02830,LOY-002830,Noah,Jackson,Frisco,TX,2024-12-29,Silver,PH-004
CUS-02831,LOY-002831,Emily,Martinez,Frisco,TX,2024-06-25,Silver,PH-002
CUS-02832,LOY-002832,Melissa,Martinez,Plano,TX,2025-11-15,Standard,PH-002
CUS-02833,LOY-002833,Sarah,Thomas,Fort Worth,TX,2022-02-04,Gold,PH-001
CUS-02834,LOY-002834,Liam,Lopez,Frisco,TX,2023-06-04,Standard,PH-003
CUS-02835,LOY-002835,Jessica,Anderson,Fort Worth,TX,2022-11-12,Gold,PH-002
CUS-02836,LOY-002836,Sarah,Moore,Frisco,TX,2024-04-09,Standard,PH-004
CUS-02837,LOY-002837,Sarah,Lopez,Frisco,TX,2023-03-09,Silver,PH-001
CUS-02838,LOY-002838,Anthony,Chen,Irving,TX,2023-05-17,Standard,PH-001
CUS-02839,LOY-002839,Jessica,King,Frisco,TX,2024-03-23,Gold,PH-004
CUS-02840,LOY-002840,Daniel,Hill,Plano,TX,2022-01-13,Silver,PH-003
CUS-02841,LOY-002841,Linda,Johnson,Frisco,TX,2026-05-01,Standard,PH-005
CUS-02842,LOY-002842,Kevin,Carter,Dallas,TX,2025-09-13,Standard,PH-002
CUS-02843,LOY-002843,Liam,Reed,Plano,TX,2024-04-01,Gold,PH-001
CUS-02844,LOY-002844,Michael,White,Frisco,TX,2025-09-21,Silver,PH-002
CUS-02845,LOY-002845,Brandon,Moore,Irving,TX,2025-09-07,Silver,PH-004
CUS-02846,LOY-002846,Jennifer,Patel,Frisco,TX,2024-09-02,Standard,PH-003
CUS-02847,LOY-002847,Kevin,Ross,Fort Worth,TX,2022-05-29,Standard,PH-001
CUS-02848,LOY-002848,Rachel,Tran,Irving,TX,2026-01-15,Silver,PH-001
CUS-02849,LOY-002849,Jennifer,Garcia,Frisco,TX,2023-11-07,Silver,PH-003
CUS-02850,LOY-002850,Amanda,Garcia,Dallas,TX,2025-03-26,Gold,PH-004
CUS-02851,LOY-002851,Brandon,Martinez,Fort Worth,TX,2023-10-20,Silver,PH-005
CUS-02852,LOY-002852,Emily,Kim,Plano,TX,2022-05-04,Silver,PH-001
CUS-02853,LOY-002853,Grace,Carter,Dallas,TX,2023-06-04,Standard,PH-004
CUS-02854,LOY-002854,Sarah,Anderson,Dallas,TX,2022-05-26,Gold,PH-004
CUS-02855,LOY-002855,Marcus,Carter,Dallas,TX,2022-11-03,Silver,PH-001
CUS-02856,LOY-002856,John,Garcia,Plano,TX,2026-03-20,Gold,PH-004
CUS-02857,LOY-002857,Olivia,Reed,Irving,TX,2024-12-25,Gold,PH-004
CUS-02858,LOY-002858,Anthony,King,Fort Worth,TX,2024-12-07,Silver,PH-002
CUS-02859,LOY-002859,Jennifer,Miller,Irving,TX,2024-10-01,Silver,PH-002
CUS-02860,LOY-002860,Jennifer,White,Fort Worth,TX,2026-04-27,Standard,PH-002
CUS-02861,LOY-002861,David,Taylor,Irving,TX,2025-10-14,Standard,PH-004
CUS-02862,LOY-002862,Kevin,Thomas,Fort Worth,TX,2024-12-22,Gold,PH-005
CUS-02863,LOY-002863,Emily,Taylor,Fort Worth,TX,2024-05-10,Silver,PH-002
CUS-02864,LOY-002864,Ethan,Martinez,Fort Worth,TX,2025-12-01,Gold,PH-003
CUS-02865,LOY-002865,John,Hill,Fort Worth,TX,2022-07-07,Gold,PH-004
CUS-02866,LOY-002866,Kevin,Nguyen,Plano,TX,2022-03-05,Gold,PH-005
CUS-02867,LOY-002867,Ethan,Patel,Plano,TX,2023-04-23,Standard,PH-002
CUS-02868,LOY-002868,Robert,Miller,Dallas,TX,2025-04-15,Standard,PH-003
CUS-02869,LOY-002869,Amanda,Jackson,Frisco,TX,2024-09-22,Silver,PH-003
CUS-02870,LOY-002870,Sophia,Garcia,Irving,TX,2023-08-05,Silver,PH-001
CUS-02871,LOY-002871,Noah,King,Dallas,TX,2022-10-15,Silver,PH-005
CUS-02872,LOY-002872,David,Reed,Frisco,TX,2023-09-26,Gold,PH-004
CUS-02873,LOY-002873,Emily,Reed,Frisco,TX,2025-03-18,Silver,PH-005
CUS-02874,LOY-002874,David,Nguyen,Dallas,TX,2024-05-09,Standard,PH-004
CUS-02875,LOY-002875,Rachel,Smith,Dallas,TX,2023-06-11,Silver,PH-001
CUS-02876,LOY-002876,Amanda,Smith,Plano,TX,2023-12-24,Silver,PH-002
CUS-02877,LOY-002877,Emily,Martinez,Dallas,TX,2025-04-20,Gold,PH-004
CUS-02878,LOY-002878,Daniel,Garcia,Irving,TX,2025-06-16,Standard,PH-004
CUS-02879,LOY-002879,David,Tran,Dallas,TX,2025-07-24,Gold,PH-003
CUS-02880,LOY-002880,Melissa,Garcia,Irving,TX,2023-04-02,Silver,PH-002
CUS-02881,LOY-002881,Robert,Thomas,Frisco,TX,2025-04-30,Silver,PH-001
CUS-02882,LOY-002882,Sarah,Kim,Frisco,TX,2022-08-14,Standard,PH-005
CUS-02883,LOY-002883,Sarah,Wilson,Irving,TX,2025-10-13,Standard,PH-004
CUS-02884,LOY-002884,Sophia,Chen,Dallas,TX,2023-10-06,Gold,PH-003
CUS-02885,LOY-002885,Michael,Lopez,Fort Worth,TX,2025-03-13,Silver,PH-005
CUS-02886,LOY-002886,Anthony,Kim,Frisco,TX,2024-04-27,Gold,PH-004
CUS-02887,LOY-002887,Linda,Nguyen,Frisco,TX,2026-03-24,Silver,PH-003
CUS-02888,LOY-002888,Ava,Chen,Frisco,TX,2025-12-23,Silver,PH-001
CUS-02889,LOY-002889,Grace,Nguyen,Fort Worth,TX,2022-09-06,Silver,PH-005
CUS-02890,LOY-002890,Olivia,Garcia,Plano,TX,2026-03-23,Gold,PH-002
CUS-02891,LOY-002891,Noah,Ross,Frisco,TX,2025-03-30,Silver,PH-003
CUS-02892,LOY-002892,Linda,Garcia,Frisco,TX,2024-04-19,Silver,PH-001
CUS-02893,LOY-002893,Michael,Jackson,Fort Worth,TX,2022-12-17,Standard,PH-002
CUS-02894,LOY-002894,Robert,Garcia,Frisco,TX,2024-10-22,Silver,PH-002
CUS-02895,LOY-002895,Olivia,Moore,Irving,TX,2026-01-21,Standard,PH-005
CUS-02896,LOY-002896,Mia,Johnson,Fort Worth,TX,2025-04-08,Silver,PH-001
CUS-02897,LOY-002897,Linda,Miller,Dallas,TX,2022-01-17,Gold,PH-004
CUS-02898,LOY-002898,Melissa,King,Plano,TX,2022-08-24,Silver,PH-001
CUS-02899,LOY-002899,Emily,Patel,Frisco,TX,2024-11-28,Silver,PH-002
CUS-02900,LOY-002900,Sophia,Taylor,Irving,TX,2024-01-29,Silver,PH-004
CUS-02901,LOY-002901,Grace,Garcia,Plano,TX,2026-05-12,Standard,PH-001
CUS-02902,LOY-002902,Linda,Lee,Dallas,TX,2023-09-11,Silver,PH-005
CUS-02903,LOY-002903,Laura,Nguyen,Irving,TX,2022-05-12,Standard,PH-005
CUS-02904,LOY-002904,Linda,Garcia,Dallas,TX,2022-02-26,Standard,PH-003
CUS-02905,LOY-002905,Marcus,Carter,Dallas,TX,2023-02-22,Gold,PH-004
CUS-02906,LOY-002906,Kevin,Reed,Frisco,TX,2024-12-18,Gold,PH-005
CUS-02907,LOY-002907,Anthony,Martinez,Frisco,TX,2025-04-07,Silver,PH-004
CUS-02908,LOY-002908,Amanda,Johnson,Irving,TX,2022-06-11,Gold,PH-005
CUS-02909,LOY-002909,John,Tran,Frisco,TX,2025-12-16,Silver,PH-005
CUS-02910,LOY-002910,Sophia,Martinez,Frisco,TX,2025-11-25,Silver,PH-004
CUS-02911,LOY-002911,Anthony,Chen,Dallas,TX,2022-05-29,Standard,PH-005
CUS-02912,LOY-002912,Jessica,Kim,Dallas,TX,2023-02-24,Silver,PH-002
CUS-02913,LOY-002913,John,Smith,Plano,TX,2025-10-05,Gold,PH-002
CUS-02914,LOY-002914,Robert,Chen,Plano,TX,2023-09-27,Silver,PH-003
CUS-02915,LOY-002915,Sarah,Ross,Irving,TX,2023-03-02,Gold,PH-001
CUS-02916,LOY-002916,Amanda,Nguyen,Plano,TX,2025-09-20,Silver,PH-005
CUS-02917,LOY-002917,Laura,Davis,Irving,TX,2026-05-20,Gold,PH-001
CUS-02918,LOY-002918,Robert,Johnson,Frisco,TX,2025-12-26,Gold,PH-002
CUS-02919,LOY-002919,Brandon,Ross,Irving,TX,2026-03-23,Gold,PH-001
CUS-02920,LOY-002920,Melissa,White,Dallas,TX,2025-08-17,Gold,PH-004
CUS-02921,LOY-002921,David,Nguyen,Dallas,TX,2024-08-11,Silver,PH-002
CUS-02922,LOY-002922,Robert,Nguyen,Plano,TX,2023-10-15,Standard,PH-002
CUS-02923,LOY-002923,Linda,Johnson,Frisco,TX,2022-04-07,Standard,PH-002
CUS-02924,LOY-002924,Jessica,Lopez,Frisco,TX,2024-05-14,Silver,PH-003
CUS-02925,LOY-002925,Sarah,Wilson,Frisco,TX,2026-02-03,Standard,PH-002
CUS-02926,LOY-002926,John,Carter,Fort Worth,TX,2022-11-10,Gold,PH-002
CUS-02927,LOY-002927,Amanda,Carter,Dallas,TX,2022-10-03,Silver,PH-004
CUS-02928,LOY-002928,Brandon,Hill,Plano,TX,2023-02-23,Standard,PH-002
CUS-02929,LOY-002929,Amanda,Chen,Plano,TX,2023-06-04,Silver,PH-004
CUS-02930,LOY-002930,David,Tran,Dallas,TX,2025-10-04,Silver,PH-004
CUS-02931,LOY-002931,Rachel,Lee,Irving,TX,2024-05-24,Standard,PH-004
CUS-02932,LOY-002932,Olivia,Lopez,Frisco,TX,2026-03-18,Silver,PH-002
CUS-02933,LOY-002933,Ava,King,Plano,TX,2023-07-24,Gold,PH-003
CUS-02934,LOY-002934,John,King,Dallas,TX,2022-12-21,Standard,PH-005
CUS-02935,LOY-002935,Jessica,Jackson,Frisco,TX,2024-09-25,Standard,PH-002
CUS-02936,LOY-002936,Amanda,Martinez,Frisco,TX,2026-01-07,Standard,PH-001
CUS-02937,LOY-002937,Melissa,Johnson,Frisco,TX,2024-07-27,Standard,PH-005
CUS-02938,LOY-002938,Grace,Moore,Dallas,TX,2022-07-06,Silver,PH-002
CUS-02939,LOY-002939,Sarah,Anderson,Plano,TX,2023-08-23,Standard,PH-003
CUS-02940,LOY-002940,Robert,Wilson,Irving,TX,2023-06-15,Gold,PH-005
CUS-02941,LOY-002941,David,Moore,Dallas,TX,2024-09-02,Gold,PH-004
CUS-02942,LOY-002942,Kevin,Ross,Irving,TX,2022-08-05,Gold,PH-005
CUS-02943,LOY-002943,Sarah,Ross,Dallas,TX,2024-03-02,Silver,PH-005
CUS-02944,LOY-002944,Linda,Johnson,Irving,TX,2022-11-12,Gold,PH-004
CUS-02945,LOY-002945,Ethan,Carter,Frisco,TX,2024-11-01,Standard,PH-002
CUS-02946,LOY-002946,Melissa,Patel,Fort Worth,TX,2022-03-24,Gold,PH-003
CUS-02947,LOY-002947,Anthony,Reed,Fort Worth,TX,2023-08-01,Gold,PH-003
CUS-02948,LOY-002948,Michael,Moore,Plano,TX,2023-05-22,Silver,PH-002
CUS-02949,LOY-002949,Ethan,Martinez,Irving,TX,2025-03-20,Standard,PH-002
CUS-02950,LOY-002950,Marcus,Carter,Dallas,TX,2022-06-26,Standard,PH-001
CUS-02951,LOY-002951,Michael,Wilson,Fort Worth,TX,2022-03-27,Standard,PH-003
CUS-02952,LOY-002952,Noah,Johnson,Irving,TX,2026-03-02,Gold,PH-001
CUS-02953,LOY-002953,Mia,Tran,Irving,TX,2022-04-12,Silver,PH-003
CUS-02954,LOY-002954,Noah,King,Plano,TX,2025-05-10,Standard,PH-003
CUS-02955,LOY-002955,Marcus,Garcia,Fort Worth,TX,2025-06-18,Silver,PH-003
CUS-02956,LOY-002956,Sarah,Lopez,Frisco,TX,2026-02-14,Standard,PH-004
CUS-02957,LOY-002957,Marcus,Miller,Plano,TX,2022-10-19,Silver,PH-004
CUS-02958,LOY-002958,Ava,Ross,Plano,TX,2023-03-28,Gold,PH-004
CUS-02959,LOY-002959,Sarah,Miller,Dallas,TX,2024-01-09,Silver,PH-002
CUS-02960,LOY-002960,Melissa,Hill,Irving,TX,2022-12-27,Silver,PH-003
CUS-02961,LOY-002961,Mia,White,Frisco,TX,2025-04-25,Gold,PH-004
CUS-02962,LOY-002962,John,Martinez,Dallas,TX,2025-11-18,Gold,PH-002
CUS-02963,LOY-002963,John,Nguyen,Frisco,TX,2023-09-11,Silver,PH-001
CUS-02964,LOY-002964,Sophia,Davis,Fort Worth,TX,2024-10-19,Gold,PH-005
CUS-02965,LOY-002965,Brandon,Patel,Dallas,TX,2023-07-09,Silver,PH-001
CUS-02966,LOY-002966,Grace,Miller,Dallas,TX,2024-02-06,Gold,PH-004
CUS-02967,LOY-002967,Liam,Davis,Frisco,TX,2022-05-27,Gold,PH-003
CUS-02968,LOY-002968,John,White,Irving,TX,2024-10-14,Silver,PH-005
CUS-02969,LOY-002969,Noah,Miller,Irving,TX,2024-05-24,Gold,PH-002
CUS-02970,LOY-002970,Sarah,Lopez,Frisco,TX,2024-04-28,Standard,PH-003
CUS-02971,LOY-002971,Sarah,Wilson,Irving,TX,2024-08-29,Silver,PH-002
CUS-02972,LOY-002972,Sarah,Kim,Fort Worth,TX,2022-11-11,Standard,PH-004
CUS-02973,LOY-002973,Jennifer,Reed,Frisco,TX,2025-01-16,Standard,PH-002
CUS-02974,LOY-002974,Grace,Lopez,Plano,TX,2022-02-26,Gold,PH-003
CUS-02975,LOY-002975,Brandon,Moore,Plano,TX,2022-11-06,Gold,PH-003
CUS-02976,LOY-002976,Marcus,Tran,Frisco,TX,2026-04-24,Silver,PH-002
CUS-02977,LOY-002977,Robert,Carter,Fort Worth,TX,2023-10-13,Silver,PH-005
CUS-02978,LOY-002978,Anthony,Chen,Irving,TX,2023-05-16,Silver,PH-002
CUS-02979,LOY-002979,Ethan,Smith,Plano,TX,2025-06-28,Gold,PH-003
CUS-02980,LOY-002980,Mia,Jackson,Plano,TX,2022-03-29,Silver,PH-004
CUS-02981,LOY-002981,Jennifer,Patel,Frisco,TX,2025-06-30,Gold,PH-001
CUS-02982,LOY-002982,Ethan,Anderson,Fort Worth,TX,2023-11-27,Standard,PH-002
CUS-02983,LOY-002983,John,Moore,Dallas,TX,2023-04-02,Gold,PH-005
CUS-02984,LOY-002984,Liam,King,Dallas,TX,2023-07-13,Gold,PH-005
CUS-02985,LOY-002985,Linda,Thomas,Plano,TX,2022-05-12,Gold,PH-001
CUS-02986,LOY-002986,Sarah,Carter,Dallas,TX,2022-12-21,Standard,PH-003
CUS-02987,LOY-002987,Ava,Nguyen,Fort Worth,TX,2025-09-19,Standard,PH-003
CUS-02988,LOY-002988,Jessica,Carter,Irving,TX,2025-01-17,Silver,PH-005
CUS-02989,LOY-002989,Emily,Reed,Frisco,TX,2022-01-18,Standard,PH-005
CUS-02990,LOY-002990,Marcus,Davis,Frisco,TX,2023-06-21,Gold,PH-005
CUS-02991,LOY-002991,Robert,Reed,Frisco,TX,2023-09-18,Standard,PH-001
CUS-02992,LOY-002992,Robert,White,Irving,TX,2022-12-30,Gold,PH-005
CUS-02993,LOY-002993,Emily,Wilson,Fort Worth,TX,2024-09-10,Standard,PH-003
CUS-02994,LOY-002994,Michael,Patel,Irving,TX,2025-07-30,Silver,PH-003
CUS-02995,LOY-002995,Anthony,Moore,Frisco,TX,2026-05-07,Gold,PH-001
CUS-02996,LOY-002996,Olivia,Smith,Plano,TX,2023-03-22,Silver,PH-002
CUS-02997,LOY-002997,Marcus,Lopez,Plano,TX,2026-01-04,Silver,PH-002
CUS-02998,LOY-002998,Sarah,Tran,Plano,TX,2023-01-10,Standard,PH-003
CUS-02999,LOY-002999,Noah,Tran,Dallas,TX,2023-08-06,Standard,PH-005
CUS-03000,LOY-003000,Daniel,Johnson,Plano,TX,2022-08-19,Silver,PH-004
CUS-03001,LOY-003001,Michael,Garcia,Dallas,TX,2022-07-04,Silver,PH-005
CUS-03002,LOY-003002,David,Carter,Irving,TX,2025-04-19,Gold,PH-005
CUS-03003,LOY-003003,Olivia,Ross,Fort Worth,TX,2025-11-15,Gold,PH-001
CUS-03004,LOY-003004,Ethan,Miller,Fort Worth,TX,2025-12-01,Standard,PH-001
CUS-03005,LOY-003005,Ava,Johnson,Dallas,TX,2022-04-27,Standard,PH-004
CUS-03006,LOY-003006,Laura,Smith,Dallas,TX,2026-02-19,Gold,PH-002
CUS-03007,LOY-003007,Noah,Lee,Dallas,TX,2022-01-12,Silver,PH-002
CUS-03008,LOY-003008,Ava,Miller,Fort Worth,TX,2023-11-21,Standard,PH-005
CUS-03009,LOY-003009,Anthony,Martinez,Dallas,TX,2022-01-08,Silver,PH-001
CUS-03010,LOY-003010,Kevin,White,Plano,TX,2023-07-08,Standard,PH-005
CUS-03011,LOY-003011,Linda,Johnson,Dallas,TX,2023-12-29,Gold,PH-002
CUS-03012,LOY-003012,Laura,White,Fort Worth,TX,2022-12-17,Gold,PH-005
CUS-03013,LOY-003013,Liam,Lopez,Dallas,TX,2022-05-03,Silver,PH-004
CUS-03014,LOY-003014,Jessica,Thomas,Irving,TX,2022-12-02,Silver,PH-004
CUS-03015,LOY-003015,Linda,Chen,Plano,TX,2025-02-12,Standard,PH-005
CUS-03016,LOY-003016,Olivia,Reed,Plano,TX,2023-03-16,Silver,PH-004
CUS-03017,LOY-003017,Ava,Tran,Fort Worth,TX,2023-11-20,Gold,PH-001
CUS-03018,LOY-003018,Ethan,Johnson,Irving,TX,2022-12-29,Silver,PH-004
CUS-03019,LOY-003019,Marcus,Chen,Irving,TX,2025-02-04,Silver,PH-001
CUS-03020,LOY-003020,Amanda,Tran,Plano,TX,2022-11-14,Gold,PH-005
CUS-03021,LOY-003021,Grace,Miller,Plano,TX,2023-04-08,Gold,PH-005
CUS-03022,LOY-003022,Melissa,Hill,Fort Worth,TX,2024-11-06,Gold,PH-002
CUS-03023,LOY-003023,Rachel,Miller,Irving,TX,2026-02-18,Gold,PH-001
CUS-03024,LOY-003024,Michael,Brown,Frisco,TX,2025-12-21,Gold,PH-001
CUS-03025,LOY-003025,Anthony,Brown,Irving,TX,2024-02-29,Standard,PH-001
CUS-03026,LOY-003026,Laura,Jackson,Frisco,TX,2025-04-06,Standard,PH-001
CUS-03027,LOY-003027,Ethan,Johnson,Fort Worth,TX,2022-07-25,Gold,PH-003
CUS-03028,LOY-003028,Linda,Jackson,Dallas,TX,2025-06-26,Standard,PH-004
CUS-03029,LOY-003029,Olivia,Wilson,Irving,TX,2022-08-28,Silver,PH-005
CUS-03030,LOY-003030,Noah,Hill,Frisco,TX,2025-04-30,Silver,PH-005
CUS-03031,LOY-003031,Jessica,Taylor,Plano,TX,2025-01-13,Gold,PH-003
CUS-03032,LOY-003032,Rachel,Anderson,Irving,TX,2022-12-31,Gold,PH-001
CUS-03033,LOY-003033,Noah,Moore,Plano,TX,2025-12-07,Silver,PH-004
CUS-03034,LOY-003034,Rachel,Thomas,Irving,TX,2024-12-29,Silver,PH-002
CUS-03035,LOY-003035,Olivia,Kim,Fort Worth,TX,2022-07-12,Standard,PH-003
CUS-03036,LOY-003036,David,Martinez,Frisco,TX,2025-06-17,Gold,PH-005
CUS-03037,LOY-003037,Brandon,Miller,Frisco,TX,2023-10-30,Standard,PH-005
CUS-03038,LOY-003038,Daniel,Anderson,Irving,TX,2025-07-10,Gold,PH-001
CUS-03039,LOY-003039,Liam,Wilson,Frisco,TX,2022-10-07,Gold,PH-005
CUS-03040,LOY-003040,Amanda,Wilson,Frisco,TX,2025-07-08,Silver,PH-002
CUS-03041,LOY-003041,Liam,Lopez,Irving,TX,2024-05-16,Gold,PH-003
CUS-03042,LOY-003042,Jennifer,Jackson,Irving,TX,2025-03-21,Gold,PH-004
CUS-03043,LOY-003043,Emily,Lee,Fort Worth,TX,2022-01-08,Gold,PH-005
CUS-03044,LOY-003044,David,Nguyen,Irving,TX,2023-06-07,Gold,PH-003
CUS-03045,LOY-003045,Mia,Lopez,Fort Worth,TX,2023-08-06,Silver,PH-003
CUS-03046,LOY-003046,Jennifer,Davis,Plano,TX,2025-05-30,Gold,PH-003
CUS-03047,LOY-003047,Marcus,Smith,Irving,TX,2023-05-12,Silver,PH-004
CUS-03048,LOY-003048,Michael,Taylor,Frisco,TX,2023-02-27,Silver,PH-005
CUS-03049,LOY-003049,Jessica,White,Fort Worth,TX,2022-08-07,Silver,PH-003
CUS-03050,LOY-003050,Liam,Garcia,Fort Worth,TX,2022-02-27,Silver,PH-003
CUS-03051,LOY-003051,Kevin,Lee,Fort Worth,TX,2022-12-08,Gold,PH-005
CUS-03052,LOY-003052,Grace,Reed,Dallas,TX,2023-11-01,Standard,PH-001
CUS-03053,LOY-003053,Robert,Miller,Irving,TX,2022-10-13,Silver,PH-001
CUS-03054,LOY-003054,Anthony,Reed,Frisco,TX,2025-02-06,Gold,PH-001
CUS-03055,LOY-003055,Amanda,Johnson,Plano,TX,2023-07-09,Gold,PH-003
CUS-03056,LOY-003056,Rachel,Davis,Dallas,TX,2026-04-27,Standard,PH-001
CUS-03057,LOY-003057,Jessica,Johnson,Fort Worth,TX,2025-02-11,Standard,PH-001
CUS-03058,LOY-003058,Kevin,Brown,Frisco,TX,2025-09-27,Gold,PH-005
CUS-03059,LOY-003059,Linda,Lopez,Fort Worth,TX,2026-02-18,Silver,PH-003
CUS-03060,LOY-003060,Ava,Hill,Fort Worth,TX,2023-12-13,Silver,PH-002
CUS-03061,LOY-003061,Amanda,Carter,Irving,TX,2024-01-29,Standard,PH-001
CUS-03062,LOY-003062,Amanda,Martinez,Dallas,TX,2025-10-23,Silver,PH-004
CUS-03063,LOY-003063,Liam,Anderson,Irving,TX,2022-07-28,Gold,PH-005
CUS-03064,LOY-003064,Rachel,Taylor,Plano,TX,2022-02-05,Silver,PH-004
CUS-03065,LOY-003065,Sophia,Hill,Fort Worth,TX,2023-06-19,Gold,PH-002
CUS-03066,LOY-003066,David,Johnson,Frisco,TX,2024-06-03,Silver,PH-005
CUS-03067,LOY-003067,Robert,Davis,Irving,TX,2026-01-16,Standard,PH-001
CUS-03068,LOY-003068,Michael,Brown,Plano,TX,2024-04-28,Gold,PH-001
CUS-03069,LOY-003069,Amanda,Hill,Plano,TX,2024-05-25,Silver,PH-001
CUS-03070,LOY-003070,Robert,Chen,Frisco,TX,2023-08-29,Silver,PH-003
CUS-03071,LOY-003071,Melissa,Lopez,Fort Worth,TX,2022-03-30,Silver,PH-004
CUS-03072,LOY-003072,Daniel,Anderson,Frisco,TX,2024-05-14,Gold,PH-004
CUS-03073,LOY-003073,Rachel,Miller,Frisco,TX,2022-03-21,Silver,PH-002
CUS-03074,LOY-003074,Grace,Jackson,Plano,TX,2022-08-28,Silver,PH-003
CUS-03075,LOY-003075,Olivia,Lopez,Irving,TX,2024-09-05,Standard,PH-003
CUS-03076,LOY-003076,Laura,Jackson,Plano,TX,2023-01-13,Standard,PH-001
CUS-03077,LOY-003077,Olivia,Lee,Frisco,TX,2023-04-29,Standard,PH-003
CUS-03078,LOY-003078,David,White,Dallas,TX,2023-06-14,Silver,PH-003
CUS-03079,LOY-003079,Emily,Reed,Frisco,TX,2025-01-13,Silver,PH-003
CUS-03080,LOY-003080,Rachel,Lopez,Plano,TX,2025-05-15,Silver,PH-003
CUS-03081,LOY-003081,Sarah,Hill,Plano,TX,2024-12-30,Standard,PH-003
CUS-03082,LOY-003082,Amanda,Brown,Dallas,TX,2022-10-08,Silver,PH-003
CUS-03083,LOY-003083,Ava,Kim,Plano,TX,2022-07-28,Standard,PH-005
CUS-03084,LOY-003084,Robert,Lee,Plano,TX,2024-03-18,Standard,PH-002
CUS-03085,LOY-003085,Jennifer,Tran,Irving,TX,2023-05-01,Gold,PH-002
CUS-03086,LOY-003086,Ethan,Wilson,Irving,TX,2022-11-18,Silver,PH-003
CUS-03087,LOY-003087,Jessica,Taylor,Fort Worth,TX,2026-02-07,Standard,PH-005
CUS-03088,LOY-003088,Rachel,Johnson,Frisco,TX,2025-12-29,Gold,PH-003
CUS-03089,LOY-003089,Jessica,Patel,Plano,TX,2023-01-06,Gold,PH-003
CUS-03090,LOY-003090,Sarah,Anderson,Frisco,TX,2022-10-14,Gold,PH-003
CUS-03091,LOY-003091,Marcus,Reed,Dallas,TX,2024-10-25,Silver,PH-004
CUS-03092,LOY-003092,Rachel,Lopez,Dallas,TX,2024-07-07,Standard,PH-001
CUS-03093,LOY-003093,Kevin,King,Fort Worth,TX,2025-07-28,Standard,PH-003
CUS-03094,LOY-003094,Sophia,Lopez,Dallas,TX,2023-06-14,Silver,PH-004
CUS-03095,LOY-003095,Sophia,Ross,Irving,TX,2023-04-17,Silver,PH-002
CUS-03096,LOY-003096,Rachel,Jackson,Plano,TX,2023-09-02,Silver,PH-005
CUS-03097,LOY-003097,Ava,Moore,Frisco,TX,2022-08-18,Silver,PH-001
CUS-03098,LOY-003098,Rachel,Garcia,Frisco,TX,2025-12-09,Gold,PH-004
CUS-03099,LOY-003099,John,Ross,Frisco,TX,2025-05-20,Standard,PH-001
CUS-03100,LOY-003100,Kevin,Chen,Irving,TX,2024-11-11,Gold,PH-001
CUS-03101,LOY-003101,Linda,Martinez,Dallas,TX,2024-12-21,Standard,PH-004
CUS-03102,LOY-003102,Jennifer,White,Dallas,TX,2025-11-10,Standard,PH-002
CUS-03103,LOY-003103,Ethan,Davis,Fort Worth,TX,2023-01-09,Silver,PH-001
CUS-03104,LOY-003104,Michael,Brown,Fort Worth,TX,2024-12-31,Standard,PH-005
CUS-03105,LOY-003105,Jennifer,Kim,Plano,TX,2024-09-09,Gold,PH-004
CUS-03106,LOY-003106,John,Lee,Frisco,TX,2025-02-10,Silver,PH-002
CUS-03107,LOY-003107,Kevin,Anderson,Dallas,TX,2023-10-04,Standard,PH-001
CUS-03108,LOY-003108,David,Thomas,Frisco,TX,2024-04-16,Silver,PH-002
CUS-03109,LOY-003109,Kevin,Moore,Plano,TX,2024-09-15,Gold,PH-001
CUS-03110,LOY-003110,Marcus,Davis,Fort Worth,TX,2022-08-08,Silver,PH-004
CUS-03111,LOY-003111,Mia,Brown,Plano,TX,2023-08-23,Silver,PH-004
CUS-03112,LOY-003112,Emily,Tran,Irving,TX,2024-06-25,Gold,PH-004
CUS-03113,LOY-003113,Sarah,Garcia,Irving,TX,2025-04-20,Standard,PH-003
CUS-03114,LOY-003114,Linda,Martinez,Irving,TX,2022-10-07,Gold,PH-005
CUS-03115,LOY-003115,Brandon,Ross,Irving,TX,2025-07-12,Silver,PH-003
CUS-03116,LOY-003116,Kevin,King,Fort Worth,TX,2025-04-18,Gold,PH-005
CUS-03117,LOY-003117,Grace,Lee,Dallas,TX,2022-08-18,Standard,PH-005
CUS-03118,LOY-003118,Olivia,Johnson,Frisco,TX,2024-09-09,Standard,PH-005
CUS-03119,LOY-003119,Amanda,Johnson,Plano,TX,2025-11-01,Gold,PH-003
CUS-03120,LOY-003120,Sarah,Hill,Dallas,TX,2025-01-11,Gold,PH-004
CUS-03121,LOY-003121,Mia,Davis,Frisco,TX,2023-08-12,Standard,PH-003
CUS-03122,LOY-003122,Anthony,Ross,Fort Worth,TX,2026-05-10,Gold,PH-003
CUS-03123,LOY-003123,Olivia,Jackson,Fort Worth,TX,2026-01-23,Silver,PH-005
CUS-03124,LOY-003124,Rachel,Wilson,Plano,TX,2025-02-23,Silver,PH-004
CUS-03125,LOY-003125,Kevin,Taylor,Fort Worth,TX,2023-12-15,Gold,PH-002
CUS-03126,LOY-003126,Michael,Moore,Dallas,TX,2025-04-28,Standard,PH-002
CUS-03127,LOY-003127,Melissa,Tran,Irving,TX,2026-03-07,Gold,PH-004
CUS-03128,LOY-003128,Ava,Johnson,Fort Worth,TX,2025-09-14,Gold,PH-001
CUS-03129,LOY-003129,Melissa,Nguyen,Fort Worth,TX,2025-01-11,Standard,PH-005
CUS-03130,LOY-003130,David,Tran,Irving,TX,2022-01-30,Silver,PH-005
CUS-03131,LOY-003131,Michael,Nguyen,Frisco,TX,2023-11-05,Standard,PH-003
CUS-03132,LOY-003132,Grace,Martinez,Irving,TX,2024-10-13,Standard,PH-005
CUS-03133,LOY-003133,Anthony,Davis,Dallas,TX,2022-06-19,Standard,PH-002
CUS-03134,LOY-003134,Ethan,Lee,Plano,TX,2024-12-17,Gold,PH-003
CUS-03135,LOY-003135,Liam,Smith,Fort Worth,TX,2022-08-22,Standard,PH-005
CUS-03136,LOY-003136,Linda,Lopez,Irving,TX,2025-01-08,Standard,PH-003
CUS-03137,LOY-003137,Kevin,Garcia,Dallas,TX,2022-02-16,Gold,PH-005
CUS-03138,LOY-003138,Mia,Moore,Fort Worth,TX,2025-07-14,Standard,PH-001
CUS-03139,LOY-003139,David,Wilson,Fort Worth,TX,2022-04-07,Silver,PH-003
CUS-03140,LOY-003140,Melissa,Johnson,Irving,TX,2024-05-16,Gold,PH-002
CUS-03141,LOY-003141,Linda,White,Frisco,TX,2022-07-03,Gold,PH-003
CUS-03142,LOY-003142,Ava,Davis,Fort Worth,TX,2026-03-18,Standard,PH-004
CUS-03143,LOY-003143,Ava,Lee,Frisco,TX,2023-02-04,Standard,PH-004
CUS-03144,LOY-003144,Amanda,Moore,Dallas,TX,2022-09-07,Gold,PH-002
CUS-03145,LOY-003145,Grace,Garcia,Dallas,TX,2022-01-22,Standard,PH-005
CUS-03146,LOY-003146,Melissa,Garcia,Irving,TX,2023-09-22,Standard,PH-003
CUS-03147,LOY-003147,Rachel,Hill,Plano,TX,2026-01-21,Silver,PH-001
CUS-03148,LOY-003148,Brandon,King,Fort Worth,TX,2023-11-03,Gold,PH-001
CUS-03149,LOY-003149,Michael,Thomas,Dallas,TX,2022-03-29,Silver,PH-003
CUS-03150,LOY-003150,Robert,Carter,Frisco,TX,2023-03-11,Gold,PH-004
CUS-03151,LOY-003151,John,Reed,Dallas,TX,2023-12-04,Gold,PH-005
CUS-03152,LOY-003152,Emily,Martinez,Irving,TX,2026-04-01,Silver,PH-002
CUS-03153,LOY-003153,David,Tran,Plano,TX,2025-11-14,Silver,PH-005
CUS-03154,LOY-003154,Ava,Lopez,Irving,TX,2025-03-09,Standard,PH-002
CUS-03155,LOY-003155,Rachel,Chen,Fort Worth,TX,2022-05-04,Gold,PH-001
CUS-03156,LOY-003156,Ethan,Patel,Fort Worth,TX,2023-10-21,Silver,PH-001
CUS-03157,LOY-003157,Rachel,Taylor,Frisco,TX,2024-07-11,Gold,PH-002
CUS-03158,LOY-003158,Jennifer,Taylor,Frisco,TX,2024-03-01,Silver,PH-002
CUS-03159,LOY-003159,Brandon,Brown,Fort Worth,TX,2023-01-16,Silver,PH-003
CUS-03160,LOY-003160,Grace,Hill,Dallas,TX,2024-02-17,Silver,PH-002
CUS-03161,LOY-003161,Anthony,Anderson,Fort Worth,TX,2022-03-29,Gold,PH-002
CUS-03162,LOY-003162,Michael,Chen,Irving,TX,2024-09-22,Standard,PH-004
CUS-03163,LOY-003163,Amanda,Miller,Fort Worth,TX,2025-05-02,Silver,PH-004
CUS-03164,LOY-003164,Laura,Lee,Frisco,TX,2023-05-26,Silver,PH-002
CUS-03165,LOY-003165,Michael,Tran,Irving,TX,2023-06-07,Silver,PH-001
CUS-03166,LOY-003166,Noah,Anderson,Irving,TX,2022-06-06,Standard,PH-001
CUS-03167,LOY-003167,Olivia,Thomas,Irving,TX,2023-10-25,Gold,PH-002
CUS-03168,LOY-003168,Kevin,Johnson,Frisco,TX,2024-04-18,Silver,PH-001
CUS-03169,LOY-003169,Rachel,Hill,Dallas,TX,2023-01-22,Gold,PH-005
CUS-03170,LOY-003170,Jessica,Lee,Plano,TX,2024-10-01,Standard,PH-001
CUS-03171,LOY-003171,Daniel,Carter,Irving,TX,2024-05-09,Standard,PH-004
CUS-03172,LOY-003172,Melissa,Davis,Dallas,TX,2023-06-24,Gold,PH-003
CUS-03173,LOY-003173,Mia,Ross,Irving,TX,2022-08-26,Gold,PH-005
CUS-03174,LOY-003174,Linda,Garcia,Frisco,TX,2023-03-09,Standard,PH-005
CUS-03175,LOY-003175,Laura,Garcia,Dallas,TX,2024-05-06,Silver,PH-004
CUS-03176,LOY-003176,Daniel,Thomas,Fort Worth,TX,2025-07-07,Gold,PH-001
CUS-03177,LOY-003177,Brandon,Miller,Plano,TX,2024-11-01,Gold,PH-003
CUS-03178,LOY-003178,Olivia,Davis,Irving,TX,2026-04-17,Silver,PH-003
CUS-03179,LOY-003179,Liam,Kim,Dallas,TX,2025-12-18,Standard,PH-003
CUS-03180,LOY-003180,Jessica,Moore,Irving,TX,2022-10-06,Silver,PH-001
CUS-03181,LOY-003181,David,Ross,Plano,TX,2022-02-13,Gold,PH-004
CUS-03182,LOY-003182,Grace,Johnson,Fort Worth,TX,2022-09-03,Standard,PH-004
CUS-03183,LOY-003183,Daniel,Jackson,Dallas,TX,2023-02-20,Silver,PH-002
CUS-03184,LOY-003184,Brandon,Davis,Fort Worth,TX,2022-05-14,Gold,PH-004
CUS-03185,LOY-003185,John,Johnson,Irving,TX,2024-06-26,Gold,PH-003
CUS-03186,LOY-003186,Michael,Chen,Plano,TX,2023-03-16,Silver,PH-003
CUS-03187,LOY-003187,Liam,Brown,Irving,TX,2022-01-29,Silver,PH-001
CUS-03188,LOY-003188,Linda,Thomas,Dallas,TX,2025-05-24,Standard,PH-005
CUS-03189,LOY-003189,Marcus,Kim,Plano,TX,2024-11-15,Gold,PH-004
CUS-03190,LOY-003190,Amanda,Miller,Fort Worth,TX,2022-09-19,Silver,PH-002
CUS-03191,LOY-003191,Rachel,Ross,Plano,TX,2022-03-22,Silver,PH-001
CUS-03192,LOY-003192,Ethan,Miller,Plano,TX,2022-06-24,Gold,PH-001
CUS-03193,LOY-003193,Ava,Taylor,Frisco,TX,2024-07-11,Silver,PH-002
CUS-03194,LOY-003194,Amanda,Ross,Frisco,TX,2022-05-16,Standard,PH-001
CUS-03195,LOY-003195,Noah,Thomas,Irving,TX,2025-11-13,Gold,PH-003
CUS-03196,LOY-003196,Marcus,Garcia,Plano,TX,2022-11-23,Silver,PH-003
CUS-03197,LOY-003197,Liam,Chen,Fort Worth,TX,2025-08-10,Standard,PH-001
CUS-03198,LOY-003198,Olivia,Brown,Fort Worth,TX,2023-09-26,Standard,PH-002
CUS-03199,LOY-003199,Melissa,Jackson,Frisco,TX,2025-01-19,Silver,PH-001
CUS-03200,LOY-003200,Brandon,Moore,Fort Worth,TX,2024-08-30,Standard,PH-004
CUS-03201,LOY-003201,Daniel,Garcia,Irving,TX,2023-02-24,Standard,PH-002
CUS-03202,LOY-003202,Rachel,Tran,Irving,TX,2023-09-04,Standard,PH-002
CUS-03203,LOY-003203,Sophia,Lee,Frisco,TX,2025-11-22,Gold,PH-002
CUS-03204,LOY-003204,Sarah,Smith,Dallas,TX,2022-08-09,Gold,PH-005
CUS-03205,LOY-003205,Robert,King,Plano,TX,2023-09-18,Silver,PH-005
CUS-03206,LOY-003206,Laura,Hill,Irving,TX,2023-03-17,Standard,PH-004
CUS-03207,LOY-003207,Amanda,Carter,Fort Worth,TX,2024-03-28,Silver,PH-002
CUS-03208,LOY-003208,Robert,Carter,Dallas,TX,2022-03-07,Gold,PH-003
CUS-03209,LOY-003209,Liam,White,Plano,TX,2024-03-11,Silver,PH-002
CUS-03210,LOY-003210,Jennifer,Garcia,Frisco,TX,2023-02-07,Silver,PH-005
CUS-03211,LOY-003211,Brandon,Lee,Dallas,TX,2023-11-26,Silver,PH-004
CUS-03212,LOY-003212,Olivia,Patel,Dallas,TX,2022-05-03,Standard,PH-004
CUS-03213,LOY-003213,Linda,Carter,Frisco,TX,2025-02-27,Standard,PH-001
CUS-03214,LOY-003214,Grace,Wilson,Plano,TX,2025-06-14,Silver,PH-001
CUS-03215,LOY-003215,John,Jackson,Dallas,TX,2025-09-02,Silver,PH-002
CUS-03216,LOY-003216,Sarah,Tran,Dallas,TX,2023-02-23,Gold,PH-004
CUS-03217,LOY-003217,Brandon,King,Fort Worth,TX,2024-08-25,Standard,PH-004
CUS-03218,LOY-003218,Emily,Carter,Plano,TX,2022-09-03,Standard,PH-003
CUS-03219,LOY-003219,Kevin,Thomas,Frisco,TX,2026-03-03,Silver,PH-001
CUS-03220,LOY-003220,Emily,Hill,Fort Worth,TX,2022-12-09,Gold,PH-001
CUS-03221,LOY-003221,Emily,Lee,Irving,TX,2023-06-10,Silver,PH-002
CUS-03222,LOY-003222,Laura,King,Plano,TX,2023-04-07,Silver,PH-003
CUS-03223,LOY-003223,Grace,Carter,Plano,TX,2024-01-09,Standard,PH-001
CUS-03224,LOY-003224,Ethan,Reed,Dallas,TX,2022-10-23,Silver,PH-002
CUS-03225,LOY-003225,John,Garcia,Frisco,TX,2026-03-27,Standard,PH-002
CUS-03226,LOY-003226,Ava,Anderson,Dallas,TX,2025-04-09,Silver,PH-003
CUS-03227,LOY-003227,Ava,Wilson,Irving,TX,2023-01-05,Silver,PH-005
CUS-03228,LOY-003228,Amanda,Martinez,Plano,TX,2024-05-11,Gold,PH-003
CUS-03229,LOY-003229,Kevin,Hill,Plano,TX,2022-09-25,Silver,PH-004
CUS-03230,LOY-003230,Jennifer,Taylor,Irving,TX,2025-05-19,Silver,PH-005
CUS-03231,LOY-003231,Amanda,Anderson,Plano,TX,2023-07-08,Silver,PH-003
CUS-03232,LOY-003232,Brandon,Johnson,Frisco,TX,2022-08-18,Silver,PH-001
CUS-03233,LOY-003233,Melissa,Hill,Dallas,TX,2025-03-23,Gold,PH-001
CUS-03234,LOY-003234,Kevin,Johnson,Fort Worth,TX,2022-07-06,Standard,PH-004
CUS-03235,LOY-003235,Jessica,Reed,Frisco,TX,2026-02-09,Gold,PH-005
CUS-03236,LOY-003236,Laura,Ross,Irving,TX,2025-02-12,Silver,PH-005
CUS-03237,LOY-003237,Mia,Smith,Plano,TX,2023-03-15,Silver,PH-004
CUS-03238,LOY-003238,Robert,Lee,Fort Worth,TX,2024-12-12,Silver,PH-003
CUS-03239,LOY-003239,David,Ross,Dallas,TX,2024-11-12,Gold,PH-002
CUS-03240,LOY-003240,David,Anderson,Fort Worth,TX,2022-07-01,Gold,PH-001
CUS-03241,LOY-003241,Brandon,King,Irving,TX,2023-08-21,Gold,PH-005
CUS-03242,LOY-003242,Melissa,Tran,Irving,TX,2023-09-08,Standard,PH-001
CUS-03243,LOY-003243,Anthony,Garcia,Fort Worth,TX,2026-04-23,Standard,PH-004
CUS-03244,LOY-003244,Olivia,Moore,Plano,TX,2023-02-09,Silver,PH-002
CUS-03245,LOY-003245,Daniel,Johnson,Frisco,TX,2024-11-10,Silver,PH-003
CUS-03246,LOY-003246,David,King,Fort Worth,TX,2022-11-20,Standard,PH-002
CUS-03247,LOY-003247,Brandon,Davis,Irving,TX,2023-10-15,Silver,PH-004
CUS-03248,LOY-003248,Sarah,Carter,Dallas,TX,2022-12-11,Standard,PH-002
CUS-03249,LOY-003249,John,Moore,Irving,TX,2025-11-06,Gold,PH-002
CUS-03250,LOY-003250,Amanda,Kim,Frisco,TX,2022-01-04,Standard,PH-002
CUS-03251,LOY-003251,Amanda,King,Dallas,TX,2022-02-07,Gold,PH-005
CUS-03252,LOY-003252,Anthony,Chen,Frisco,TX,2026-03-04,Gold,PH-004
CUS-03253,LOY-003253,David,Chen,Fort Worth,TX,2022-08-16,Gold,PH-001
CUS-03254,LOY-003254,Amanda,Davis,Fort Worth,TX,2025-03-16,Gold,PH-001
CUS-03255,LOY-003255,Marcus,Ross,Dallas,TX,2024-04-11,Standard,PH-001
CUS-03256,LOY-003256,Brandon,Tran,Irving,TX,2025-03-08,Gold,PH-002
CUS-03257,LOY-003257,Linda,Carter,Irving,TX,2023-02-17,Silver,PH-005
CUS-03258,LOY-003258,Mia,Johnson,Fort Worth,TX,2026-01-28,Silver,PH-005
CUS-03259,LOY-003259,Robert,Reed,Dallas,TX,2025-01-14,Gold,PH-003
CUS-03260,LOY-003260,Sophia,Johnson,Dallas,TX,2025-01-26,Silver,PH-004
CUS-03261,LOY-003261,Daniel,Reed,Plano,TX,2022-03-25,Standard,PH-001
CUS-03262,LOY-003262,Olivia,Garcia,Fort Worth,TX,2023-07-22,Gold,PH-002
CUS-03263,LOY-003263,Linda,Smith,Dallas,TX,2022-07-18,Gold,PH-002
CUS-03264,LOY-003264,David,Tran,Dallas,TX,2024-12-07,Standard,PH-003
CUS-03265,LOY-003265,Jennifer,Anderson,Fort Worth,TX,2025-02-11,Gold,PH-003
CUS-03266,LOY-003266,Noah,Ross,Frisco,TX,2024-10-23,Standard,PH-005
CUS-03267,LOY-003267,Grace,Nguyen,Plano,TX,2022-02-07,Standard,PH-003
CUS-03268,LOY-003268,Grace,Anderson,Dallas,TX,2022-05-21,Silver,PH-002
CUS-03269,LOY-003269,Kevin,Jackson,Plano,TX,2023-07-23,Silver,PH-004
CUS-03270,LOY-003270,Amanda,Wilson,Frisco,TX,2024-02-08,Gold,PH-005
CUS-03271,LOY-003271,Olivia,Ross,Frisco,TX,2025-04-06,Gold,PH-003
CUS-03272,LOY-003272,Anthony,Smith,Irving,TX,2022-10-31,Gold,PH-001
CUS-03273,LOY-003273,Marcus,King,Fort Worth,TX,2022-10-10,Silver,PH-001
CUS-03274,LOY-003274,Grace,Carter,Fort Worth,TX,2022-07-07,Gold,PH-005
CUS-03275,LOY-003275,Melissa,Carter,Plano,TX,2024-11-17,Silver,PH-005
CUS-03276,LOY-003276,Liam,Nguyen,Dallas,TX,2022-11-02,Silver,PH-002
CUS-03277,LOY-003277,Robert,Davis,Frisco,TX,2024-10-22,Standard,PH-004
CUS-03278,LOY-003278,Daniel,Thomas,Frisco,TX,2022-10-06,Silver,PH-002
CUS-03279,LOY-003279,Grace,Kim,Plano,TX,2024-04-22,Silver,PH-002
CUS-03280,LOY-003280,Linda,Kim,Irving,TX,2022-02-05,Standard,PH-003
CUS-03281,LOY-003281,Jennifer,Miller,Fort Worth,TX,2022-07-13,Gold,PH-002
CUS-03282,LOY-003282,Jessica,Thomas,Frisco,TX,2022-08-08,Gold,PH-001
CUS-03283,LOY-003283,Mia,Smith,Dallas,TX,2025-07-10,Standard,PH-003
CUS-03284,LOY-003284,Rachel,Garcia,Dallas,TX,2023-08-11,Gold,PH-004
CUS-03285,LOY-003285,Marcus,King,Dallas,TX,2024-08-09,Gold,PH-002
CUS-03286,LOY-003286,Linda,King,Frisco,TX,2024-05-23,Silver,PH-001
CUS-03287,LOY-003287,Robert,Tran,Plano,TX,2025-02-24,Standard,PH-005
CUS-03288,LOY-003288,Melissa,Wilson,Dallas,TX,2022-03-02,Standard,PH-002
CUS-03289,LOY-003289,John,Carter,Fort Worth,TX,2026-02-14,Gold,PH-004
CUS-03290,LOY-003290,Jennifer,Kim,Dallas,TX,2022-09-14,Standard,PH-003
CUS-03291,LOY-003291,Jessica,Thomas,Frisco,TX,2022-01-24,Silver,PH-004
CUS-03292,LOY-003292,Laura,Jackson,Frisco,TX,2023-04-05,Gold,PH-003
CUS-03293,LOY-003293,Sophia,Reed,Dallas,TX,2023-09-18,Gold,PH-002
CUS-03294,LOY-003294,Melissa,Wilson,Irving,TX,2023-03-25,Gold,PH-003
CUS-03295,LOY-003295,Anthony,Lee,Dallas,TX,2025-06-27,Standard,PH-003
CUS-03296,LOY-003296,Linda,Lee,Frisco,TX,2024-10-19,Gold,PH-002
CUS-03297,LOY-003297,Ava,Nguyen,Irving,TX,2022-11-01,Silver,PH-002
CUS-03298,LOY-003298,Rachel,Johnson,Irving,TX,2022-06-20,Silver,PH-004
CUS-03299,LOY-003299,Jessica,Miller,Plano,TX,2023-10-13,Standard,PH-002
CUS-03300,LOY-003300,David,Anderson,Plano,TX,2024-03-18,Silver,PH-001
CUS-03301,LOY-003301,Michael,Reed,Irving,TX,2025-12-11,Silver,PH-003
CUS-03302,LOY-003302,Noah,White,Irving,TX,2022-11-09,Standard,PH-003
CUS-03303,LOY-003303,Jennifer,Lopez,Irving,TX,2024-04-17,Gold,PH-004
CUS-03304,LOY-003304,Michael,Ross,Fort Worth,TX,2023-08-24,Silver,PH-004
CUS-03305,LOY-003305,Jennifer,Anderson,Plano,TX,2025-03-30,Standard,PH-002
CUS-03306,LOY-003306,Rachel,Lee,Dallas,TX,2024-04-25,Standard,PH-005
CUS-03307,LOY-003307,Sophia,Davis,Fort Worth,TX,2024-09-16,Silver,PH-002
CUS-03308,LOY-003308,Melissa,Chen,Frisco,TX,2023-07-11,Standard,PH-003
CUS-03309,LOY-003309,Robert,Nguyen,Irving,TX,2026-02-22,Silver,PH-005
CUS-03310,LOY-003310,Melissa,Hill,Plano,TX,2022-06-27,Silver,PH-004
CUS-03311,LOY-003311,Daniel,Lopez,Frisco,TX,2022-12-02,Silver,PH-003
CUS-03312,LOY-003312,Brandon,White,Plano,TX,2022-02-05,Silver,PH-003
CUS-03313,LOY-003313,Grace,Nguyen,Dallas,TX,2026-04-19,Standard,PH-001
CUS-03314,LOY-003314,Mia,Thomas,Fort Worth,TX,2024-10-06,Standard,PH-005
CUS-03315,LOY-003315,Jessica,Tran,Fort Worth,TX,2022-10-28,Silver,PH-002
CUS-03316,LOY-003316,Amanda,Anderson,Irving,TX,2023-04-24,Silver,PH-002
CUS-03317,LOY-003317,Kevin,Anderson,Fort Worth,TX,2023-08-12,Gold,PH-005
CUS-03318,LOY-003318,Grace,Miller,Dallas,TX,2024-12-17,Gold,PH-003
CUS-03319,LOY-003319,Brandon,White,Irving,TX,2025-01-04,Standard,PH-004
CUS-03320,LOY-003320,Anthony,Ross,Dallas,TX,2023-12-13,Standard,PH-001
CUS-03321,LOY-003321,Robert,Miller,Dallas,TX,2022-11-26,Silver,PH-003
CUS-03322,LOY-003322,John,Anderson,Frisco,TX,2022-06-18,Gold,PH-002
CUS-03323,LOY-003323,Linda,Lee,Dallas,TX,2025-12-21,Silver,PH-001
CUS-03324,LOY-003324,Sophia,Lopez,Fort Worth,TX,2024-05-18,Standard,PH-002
CUS-03325,LOY-003325,Emily,Carter,Dallas,TX,2026-01-01,Gold,PH-005
CUS-03326,LOY-003326,Anthony,King,Dallas,TX,2023-02-19,Standard,PH-001
CUS-03327,LOY-003327,Noah,Martinez,Dallas,TX,2025-05-02,Silver,PH-005
CUS-03328,LOY-003328,Brandon,Lopez,Fort Worth,TX,2022-04-12,Standard,PH-001
CUS-03329,LOY-003329,Grace,Ross,Dallas,TX,2022-01-28,Standard,PH-003
CUS-03330,LOY-003330,Emily,Hill,Plano,TX,2022-08-08,Gold,PH-004
CUS-03331,LOY-003331,Ava,Hill,Fort Worth,TX,2024-08-13,Gold,PH-005
CUS-03332,LOY-003332,Laura,King,Dallas,TX,2025-07-14,Silver,PH-002
CUS-03333,LOY-003333,Liam,Kim,Fort Worth,TX,2026-03-19,Standard,PH-005
CUS-03334,LOY-003334,Daniel,Hill,Fort Worth,TX,2025-08-20,Silver,PH-004
CUS-03335,LOY-003335,Michael,Patel,Frisco,TX,2022-01-20,Gold,PH-001
CUS-03336,LOY-003336,Jennifer,Martinez,Irving,TX,2023-11-29,Standard,PH-003
CUS-03337,LOY-003337,Michael,Miller,Dallas,TX,2022-02-16,Silver,PH-002
CUS-03338,LOY-003338,Jessica,Davis,Irving,TX,2024-12-06,Gold,PH-001
CUS-03339,LOY-003339,Emily,Carter,Irving,TX,2025-05-11,Standard,PH-002
CUS-03340,LOY-003340,David,Hill,Irving,TX,2022-08-05,Silver,PH-001
CUS-03341,LOY-003341,Jessica,Thomas,Fort Worth,TX,2022-08-16,Gold,PH-004
CUS-03342,LOY-003342,Melissa,Carter,Plano,TX,2025-10-18,Gold,PH-005
CUS-03343,LOY-003343,Ethan,Reed,Frisco,TX,2024-09-12,Silver,PH-001
CUS-03344,LOY-003344,Jessica,Martinez,Irving,TX,2023-11-25,Standard,PH-001
CUS-03345,LOY-003345,David,Smith,Fort Worth,TX,2022-08-06,Standard,PH-002
CUS-03346,LOY-003346,Grace,Nguyen,Fort Worth,TX,2022-01-31,Gold,PH-005
CUS-03347,LOY-003347,Rachel,White,Frisco,TX,2024-08-11,Gold,PH-001
CUS-03348,LOY-003348,Amanda,Miller,Frisco,TX,2025-10-02,Silver,PH-002
CUS-03349,LOY-003349,Grace,Jackson,Plano,TX,2023-03-13,Silver,PH-002
CUS-03350,LOY-003350,Sarah,Hill,Irving,TX,2025-04-13,Standard,PH-004
CUS-03351,LOY-003351,Olivia,Anderson,Irving,TX,2025-02-03,Silver,PH-004
CUS-03352,LOY-003352,Daniel,Reed,Irving,TX,2022-02-10,Silver,PH-004
CUS-03353,LOY-003353,Mia,Anderson,Frisco,TX,2022-05-16,Silver,PH-005
CUS-03354,LOY-003354,Noah,Hill,Plano,TX,2025-03-29,Silver,PH-002
CUS-03355,LOY-003355,Jennifer,Patel,Dallas,TX,2026-02-15,Standard,PH-004
CUS-03356,LOY-003356,Sophia,Carter,Irving,TX,2022-05-29,Standard,PH-004
CUS-03357,LOY-003357,Amanda,Martinez,Plano,TX,2024-01-16,Standard,PH-005
CUS-03358,LOY-003358,Liam,Ross,Plano,TX,2023-08-01,Standard,PH-001
CUS-03359,LOY-003359,Olivia,Johnson,Plano,TX,2025-03-29,Standard,PH-003
CUS-03360,LOY-003360,Jessica,Nguyen,Fort Worth,TX,2022-05-16,Standard,PH-001
CUS-03361,LOY-003361,Amanda,Nguyen,Dallas,TX,2026-02-21,Silver,PH-005
CUS-03362,LOY-003362,Grace,White,Dallas,TX,2022-02-01,Silver,PH-002
CUS-03363,LOY-003363,Robert,Carter,Dallas,TX,2024-01-25,Standard,PH-004
CUS-03364,LOY-003364,Emily,Moore,Frisco,TX,2026-04-13,Gold,PH-005
CUS-03365,LOY-003365,Anthony,Thomas,Frisco,TX,2024-04-07,Gold,PH-002
CUS-03366,LOY-003366,Linda,Anderson,Fort Worth,TX,2023-11-07,Standard,PH-003
CUS-03367,LOY-003367,Jessica,Tran,Dallas,TX,2022-01-07,Silver,PH-001
CUS-03368,LOY-003368,Marcus,Jackson,Frisco,TX,2024-10-18,Silver,PH-003
CUS-03369,LOY-003369,Liam,Carter,Irving,TX,2024-11-01,Gold,PH-004
CUS-03370,LOY-003370,Marcus,Patel,Irving,TX,2023-05-21,Gold,PH-003
CUS-03371,LOY-003371,Kevin,Moore,Dallas,TX,2022-10-08,Gold,PH-001
CUS-03372,LOY-003372,David,Brown,Frisco,TX,2022-07-21,Standard,PH-002
CUS-03373,LOY-003373,Brandon,Kim,Fort Worth,TX,2024-10-16,Gold,PH-001
CUS-03374,LOY-003374,Kevin,Kim,Frisco,TX,2022-11-13,Silver,PH-001
CUS-03375,LOY-003375,Liam,Anderson,Fort Worth,TX,2024-08-03,Standard,PH-002
CUS-03376,LOY-003376,Ava,Reed,Dallas,TX,2022-11-11,Silver,PH-003
CUS-03377,LOY-003377,Laura,Jackson,Frisco,TX,2026-04-30,Silver,PH-004
CUS-03378,LOY-003378,Liam,Wilson,Irving,TX,2022-10-17,Standard,PH-003
CUS-03379,LOY-003379,Jennifer,Wilson,Dallas,TX,2022-02-25,Silver,PH-002
CUS-03380,LOY-003380,Robert,Davis,Irving,TX,2022-09-08,Silver,PH-004
CUS-03381,LOY-003381,Grace,Ross,Irving,TX,2024-12-24,Gold,PH-002
CUS-03382,LOY-003382,Emily,Anderson,Dallas,TX,2023-03-20,Standard,PH-004
CUS-03383,LOY-003383,Kevin,Nguyen,Plano,TX,2024-12-21,Standard,PH-002
CUS-03384,LOY-003384,David,Nguyen,Dallas,TX,2023-09-10,Gold,PH-003
CUS-03385,LOY-003385,Noah,Wilson,Plano,TX,2024-02-25,Standard,PH-002
CUS-03386,LOY-003386,Brandon,Miller,Frisco,TX,2023-06-16,Silver,PH-005
CUS-03387,LOY-003387,Anthony,Carter,Irving,TX,2023-01-16,Gold,PH-005
CUS-03388,LOY-003388,Sophia,King,Irving,TX,2024-05-03,Silver,PH-003
CUS-03389,LOY-003389,Melissa,Lee,Irving,TX,2025-08-29,Silver,PH-002
CUS-03390,LOY-003390,Melissa,Brown,Dallas,TX,2025-12-17,Standard,PH-003
CUS-03391,LOY-003391,John,Moore,Fort Worth,TX,2024-04-01,Silver,PH-004
CUS-03392,LOY-003392,Noah,Carter,Frisco,TX,2025-05-21,Standard,PH-002
CUS-03393,LOY-003393,Michael,Smith,Fort Worth,TX,2024-08-31,Gold,PH-001
CUS-03394,LOY-003394,Laura,Anderson,Dallas,TX,2023-06-24,Gold,PH-005
CUS-03395,LOY-003395,Anthony,Garcia,Plano,TX,2022-12-28,Standard,PH-003
CUS-03396,LOY-003396,Liam,Kim,Plano,TX,2023-06-16,Standard,PH-003
CUS-03397,LOY-003397,Grace,Lee,Fort Worth,TX,2025-05-21,Standard,PH-004
CUS-03398,LOY-003398,John,Garcia,Irving,TX,2026-03-01,Standard,PH-003
CUS-03399,LOY-003399,Olivia,Wilson,Irving,TX,2023-06-12,Standard,PH-003
CUS-03400,LOY-003400,John,Anderson,Frisco,TX,2024-04-22,Silver,PH-001
CUS-03401,LOY-003401,Ava,Brown,Fort Worth,TX,2025-05-04,Silver,PH-004
CUS-03402,LOY-003402,Noah,Patel,Frisco,TX,2023-06-06,Standard,PH-004
CUS-03403,LOY-003403,Jennifer,Garcia,Dallas,TX,2023-05-10,Gold,PH-003
CUS-03404,LOY-003404,Melissa,Miller,Irving,TX,2023-03-07,Silver,PH-002
CUS-03405,LOY-003405,David,Moore,Plano,TX,2023-01-05,Standard,PH-002
CUS-03406,LOY-003406,Sarah,Taylor,Plano,TX,2024-09-14,Standard,PH-001
CUS-03407,LOY-003407,Liam,Tran,Irving,TX,2024-01-30,Gold,PH-004
CUS-03408,LOY-003408,Laura,Lopez,Dallas,TX,2024-10-04,Standard,PH-004
CUS-03409,LOY-003409,Sarah,King,Frisco,TX,2022-11-19,Gold,PH-005
CUS-03410,LOY-003410,Rachel,Hill,Frisco,TX,2023-07-04,Gold,PH-004
CUS-03411,LOY-003411,Brandon,Johnson,Plano,TX,2022-03-08,Silver,PH-002
CUS-03412,LOY-003412,Marcus,Smith,Fort Worth,TX,2022-01-17,Standard,PH-005
CUS-03413,LOY-003413,Grace,Miller,Plano,TX,2022-03-02,Standard,PH-004
CUS-03414,LOY-003414,Brandon,White,Fort Worth,TX,2022-01-29,Standard,PH-003
CUS-03415,LOY-003415,Sarah,Anderson,Irving,TX,2023-07-05,Silver,PH-001
CUS-03416,LOY-003416,Robert,Smith,Fort Worth,TX,2022-02-21,Standard,PH-004
CUS-03417,LOY-003417,David,Jackson,Dallas,TX,2023-03-19,Standard,PH-004
CUS-03418,LOY-003418,John,Wilson,Dallas,TX,2023-12-03,Gold,PH-001
CUS-03419,LOY-003419,Robert,Nguyen,Fort Worth,TX,2023-02-11,Standard,PH-002
CUS-03420,LOY-003420,Laura,Wilson,Plano,TX,2023-06-04,Silver,PH-004
CUS-03421,LOY-003421,Brandon,Chen,Dallas,TX,2024-06-21,Standard,PH-005
CUS-03422,LOY-003422,Daniel,White,Irving,TX,2024-06-06,Standard,PH-005
CUS-03423,LOY-003423,Amanda,Johnson,Plano,TX,2025-02-26,Standard,PH-004
CUS-03424,LOY-003424,Liam,Patel,Frisco,TX,2022-05-05,Standard,PH-003
CUS-03425,LOY-003425,Olivia,Moore,Fort Worth,TX,2025-01-31,Silver,PH-001
CUS-03426,LOY-003426,Noah,Lopez,Plano,TX,2026-02-20,Gold,PH-002
CUS-03427,LOY-003427,Melissa,Wilson,Plano,TX,2026-04-02,Silver,PH-002
CUS-03428,LOY-003428,Jessica,Tran,Plano,TX,2025-03-18,Standard,PH-004
CUS-03429,LOY-003429,Linda,Kim,Dallas,TX,2023-09-04,Gold,PH-004
CUS-03430,LOY-003430,Robert,Carter,Irving,TX,2026-01-11,Silver,PH-004
CUS-03431,LOY-003431,Anthony,Taylor,Frisco,TX,2022-12-18,Silver,PH-002
CUS-03432,LOY-003432,Jessica,Taylor,Frisco,TX,2023-12-30,Standard,PH-005
CUS-03433,LOY-003433,Emily,Ross,Fort Worth,TX,2026-03-14,Gold,PH-005
CUS-03434,LOY-003434,Rachel,Lee,Irving,TX,2026-01-20,Standard,PH-005
CUS-03435,LOY-003435,Jessica,Smith,Frisco,TX,2022-01-06,Silver,PH-004
CUS-03436,LOY-003436,Rachel,Jackson,Irving,TX,2022-02-14,Standard,PH-001
CUS-03437,LOY-003437,Jessica,Lee,Dallas,TX,2025-03-03,Standard,PH-005
CUS-03438,LOY-003438,Robert,Miller,Plano,TX,2026-04-30,Standard,PH-003
CUS-03439,LOY-003439,Liam,Nguyen,Plano,TX,2025-06-23,Standard,PH-003
CUS-03440,LOY-003440,Daniel,Johnson,Fort Worth,TX,2022-03-12,Gold,PH-002
CUS-03441,LOY-003441,Sarah,Miller,Frisco,TX,2023-01-30,Standard,PH-002
CUS-03442,LOY-003442,Sarah,Lee,Plano,TX,2023-05-17,Silver,PH-001
CUS-03443,LOY-003443,Robert,Carter,Frisco,TX,2025-08-28,Silver,PH-003
CUS-03444,LOY-003444,Robert,Hill,Fort Worth,TX,2026-02-02,Standard,PH-003
CUS-03445,LOY-003445,Sophia,Patel,Dallas,TX,2023-04-08,Silver,PH-005
CUS-03446,LOY-003446,Michael,Johnson,Fort Worth,TX,2023-08-07,Gold,PH-002
CUS-03447,LOY-003447,Olivia,Martinez,Plano,TX,2023-01-30,Standard,PH-003
CUS-03448,LOY-003448,Linda,Reed,Plano,TX,2025-04-27,Silver,PH-002
CUS-03449,LOY-003449,Amanda,White,Fort Worth,TX,2022-02-24,Silver,PH-005
CUS-03450,LOY-003450,Ava,Moore,Fort Worth,TX,2025-08-14,Standard,PH-001
CUS-03451,LOY-003451,Melissa,White,Frisco,TX,2026-03-22,Silver,PH-001
CUS-03452,LOY-003452,Sarah,Garcia,Dallas,TX,2024-06-28,Silver,PH-005
CUS-03453,LOY-003453,Anthony,Patel,Fort Worth,TX,2025-05-16,Gold,PH-002
CUS-03454,LOY-003454,Robert,Hill,Plano,TX,2023-05-13,Silver,PH-004
CUS-03455,LOY-003455,John,Tran,Irving,TX,2024-07-30,Silver,PH-005
CUS-03456,LOY-003456,Rachel,Ross,Plano,TX,2022-05-15,Standard,PH-004
CUS-03457,LOY-003457,Sarah,Lopez,Frisco,TX,2025-08-05,Standard,PH-005
CUS-03458,LOY-003458,John,Wilson,Frisco,TX,2025-06-28,Standard,PH-005
CUS-03459,LOY-003459,Melissa,Miller,Irving,TX,2024-07-03,Standard,PH-002
CUS-03460,LOY-003460,Marcus,Brown,Frisco,TX,2023-04-21,Gold,PH-004
CUS-03461,LOY-003461,Melissa,Smith,Frisco,TX,2024-08-27,Silver,PH-002
CUS-03462,LOY-003462,Mia,Davis,Irving,TX,2023-05-31,Silver,PH-001
CUS-03463,LOY-003463,Melissa,Thomas,Dallas,TX,2025-06-25,Silver,PH-001
CUS-03464,LOY-003464,David,White,Plano,TX,2022-02-24,Standard,PH-005
CUS-03465,LOY-003465,Brandon,Miller,Fort Worth,TX,2023-07-05,Silver,PH-002
CUS-03466,LOY-003466,Daniel,King,Plano,TX,2022-12-07,Gold,PH-001
CUS-03467,LOY-003467,Jennifer,Kim,Plano,TX,2023-11-11,Silver,PH-001
CUS-03468,LOY-003468,Kevin,Hill,Frisco,TX,2023-03-06,Gold,PH-002
CUS-03469,LOY-003469,Marcus,Garcia,Dallas,TX,2023-09-06,Standard,PH-001
CUS-03470,LOY-003470,Michael,Wilson,Irving,TX,2025-04-25,Silver,PH-002
CUS-03471,LOY-003471,Daniel,Wilson,Fort Worth,TX,2022-09-17,Silver,PH-003
CUS-03472,LOY-003472,Melissa,Carter,Dallas,TX,2024-10-24,Gold,PH-002
CUS-03473,LOY-003473,Noah,Ross,Frisco,TX,2025-12-05,Gold,PH-001
CUS-03474,LOY-003474,Brandon,Miller,Dallas,TX,2023-09-12,Gold,PH-004
CUS-03475,LOY-003475,Emily,King,Irving,TX,2024-10-06,Gold,PH-004
CUS-03476,LOY-003476,Brandon,Martinez,Plano,TX,2023-04-26,Standard,PH-005
CUS-03477,LOY-003477,Brandon,Johnson,Irving,TX,2023-12-27,Standard,PH-003
CUS-03478,LOY-003478,Olivia,King,Plano,TX,2023-11-28,Silver,PH-005
CUS-03479,LOY-003479,Mia,Nguyen,Irving,TX,2023-07-18,Standard,PH-005
CUS-03480,LOY-003480,Kevin,Taylor,Fort Worth,TX,2024-01-06,Gold,PH-005
CUS-03481,LOY-003481,Michael,Martinez,Fort Worth,TX,2022-12-18,Silver,PH-004
CUS-03482,LOY-003482,Noah,White,Irving,TX,2022-10-04,Silver,PH-002
CUS-03483,LOY-003483,Amanda,Moore,Fort Worth,TX,2023-06-30,Silver,PH-004
CUS-03484,LOY-003484,Melissa,Anderson,Fort Worth,TX,2026-05-15,Standard,PH-003
CUS-03485,LOY-003485,Sophia,Martinez,Frisco,TX,2026-02-18,Silver,PH-001
CUS-03486,LOY-003486,Grace,Garcia,Irving,TX,2022-12-12,Gold,PH-002
CUS-03487,LOY-003487,Sarah,Miller,Frisco,TX,2022-01-18,Standard,PH-005
CUS-03488,LOY-003488,Sarah,Kim,Irving,TX,2022-12-11,Silver,PH-004
CUS-03489,LOY-003489,Sarah,Johnson,Irving,TX,2023-01-22,Gold,PH-003
CUS-03490,LOY-003490,Sarah,Taylor,Dallas,TX,2022-07-05,Standard,PH-002
CUS-03491,LOY-003491,Linda,Ross,Dallas,TX,2023-08-12,Gold,PH-005
CUS-03492,LOY-003492,Sarah,Lopez,Dallas,TX,2022-01-28,Gold,PH-004
CUS-03493,LOY-003493,Anthony,Miller,Irving,TX,2022-03-23,Standard,PH-004
CUS-03494,LOY-003494,Anthony,Lee,Frisco,TX,2023-12-03,Standard,PH-005
CUS-03495,LOY-003495,Rachel,Smith,Plano,TX,2023-01-15,Standard,PH-004
CUS-03496,LOY-003496,Sophia,Taylor,Dallas,TX,2022-02-08,Gold,PH-002
CUS-03497,LOY-003497,Olivia,Tran,Dallas,TX,2026-02-19,Standard,PH-005
CUS-03498,LOY-003498,Linda,Chen,Frisco,TX,2026-04-12,Standard,PH-005
CUS-03499,LOY-003499,Olivia,Miller,Plano,TX,2022-11-25,Silver,PH-004
CUS-03500,LOY-003500,Jennifer,Tran,Fort Worth,TX,2023-04-01,Silver,PH-001
CUS-03501,LOY-003501,Noah,King,Irving,TX,2022-02-13,Gold,PH-002
CUS-03502,LOY-003502,David,Brown,Dallas,TX,2023-10-19,Silver,PH-003
CUS-03503,LOY-003503,Anthony,Hill,Irving,TX,2022-04-23,Silver,PH-004
CUS-03504,LOY-003504,Melissa,Reed,Frisco,TX,2023-03-24,Gold,PH-005
CUS-03505,LOY-003505,Noah,Kim,Dallas,TX,2022-01-31,Gold,PH-003
CUS-03506,LOY-003506,Linda,Wilson,Plano,TX,2023-02-14,Silver,PH-004
CUS-03507,LOY-003507,Jennifer,Wilson,Irving,TX,2025-09-11,Standard,PH-002
CUS-03508,LOY-003508,Mia,Hill,Plano,TX,2023-02-10,Silver,PH-001
CUS-03509,LOY-003509,Amanda,Taylor,Fort Worth,TX,2023-06-15,Silver,PH-001
CUS-03510,LOY-003510,Laura,Nguyen,Plano,TX,2023-02-14,Gold,PH-001
CUS-03511,LOY-003511,Anthony,Kim,Frisco,TX,2023-08-13,Standard,PH-002
CUS-03512,LOY-003512,David,Miller,Irving,TX,2024-08-20,Gold,PH-004
CUS-03513,LOY-003513,Michael,Kim,Irving,TX,2024-05-10,Standard,PH-004
CUS-03514,LOY-003514,Noah,Martinez,Frisco,TX,2025-05-22,Silver,PH-002
CUS-03515,LOY-003515,Olivia,King,Frisco,TX,2024-05-27,Standard,PH-004
CUS-03516,LOY-003516,Kevin,Patel,Dallas,TX,2024-11-13,Gold,PH-004
CUS-03517,LOY-003517,Amanda,Tran,Irving,TX,2025-06-23,Gold,PH-005
CUS-03518,LOY-003518,John,Miller,Frisco,TX,2025-11-29,Standard,PH-001
CUS-03519,LOY-003519,Sarah,Nguyen,Fort Worth,TX,2023-03-25,Silver,PH-003
CUS-03520,LOY-003520,Daniel,Jackson,Frisco,TX,2022-06-09,Silver,PH-002
CUS-03521,LOY-003521,Linda,Ross,Frisco,TX,2024-05-27,Silver,PH-002
CUS-03522,LOY-003522,Michael,Reed,Fort Worth,TX,2023-06-08,Silver,PH-005
CUS-03523,LOY-003523,Liam,Lee,Plano,TX,2024-01-06,Silver,PH-005
CUS-03524,LOY-003524,Rachel,Moore,Plano,TX,2024-02-15,Standard,PH-004
CUS-03525,LOY-003525,Jessica,Garcia,Dallas,TX,2023-07-30,Gold,PH-004
CUS-03526,LOY-003526,Sarah,Martinez,Fort Worth,TX,2024-06-07,Gold,PH-003
CUS-03527,LOY-003527,Jennifer,Taylor,Dallas,TX,2022-01-07,Gold,PH-003
CUS-03528,LOY-003528,Linda,Davis,Frisco,TX,2025-07-05,Silver,PH-004
CUS-03529,LOY-003529,Ava,Ross,Plano,TX,2022-07-07,Silver,PH-003
CUS-03530,LOY-003530,Linda,Patel,Fort Worth,TX,2025-05-20,Standard,PH-001
CUS-03531,LOY-003531,Brandon,Jackson,Plano,TX,2024-09-03,Gold,PH-001
CUS-03532,LOY-003532,Daniel,Anderson,Irving,TX,2022-04-13,Silver,PH-004
CUS-03533,LOY-003533,Ethan,Taylor,Irving,TX,2026-02-18,Standard,PH-003
CUS-03534,LOY-003534,Linda,Wilson,Fort Worth,TX,2024-12-06,Silver,PH-003
CUS-03535,LOY-003535,John,Wilson,Dallas,TX,2024-03-22,Gold,PH-004
CUS-03536,LOY-003536,Jennifer,Johnson,Irving,TX,2025-08-27,Silver,PH-004
CUS-03537,LOY-003537,Daniel,Smith,Irving,TX,2022-09-27,Gold,PH-004
CUS-03538,LOY-003538,Liam,Chen,Irving,TX,2025-02-07,Standard,PH-003
CUS-03539,LOY-003539,Mia,Nguyen,Dallas,TX,2024-11-29,Silver,PH-005
CUS-03540,LOY-003540,Ava,Lopez,Fort Worth,TX,2022-03-10,Standard,PH-002
CUS-03541,LOY-003541,David,Brown,Plano,TX,2025-03-27,Standard,PH-001
CUS-03542,LOY-003542,Liam,Davis,Frisco,TX,2023-11-17,Standard,PH-004
CUS-03543,LOY-003543,Ethan,Johnson,Irving,TX,2022-02-11,Silver,PH-002
CUS-03544,LOY-003544,Rachel,Smith,Irving,TX,2022-03-10,Silver,PH-001
CUS-03545,LOY-003545,Linda,Thomas,Plano,TX,2024-06-28,Silver,PH-004
CUS-03546,LOY-003546,Brandon,Davis,Plano,TX,2023-03-09,Standard,PH-004
CUS-03547,LOY-003547,Emily,Taylor,Irving,TX,2025-09-25,Standard,PH-001
CUS-03548,LOY-003548,Anthony,Brown,Dallas,TX,2025-01-27,Standard,PH-002
CUS-03549,LOY-003549,Ava,Miller,Irving,TX,2024-04-20,Silver,PH-005
CUS-03550,LOY-003550,Ethan,Ross,Dallas,TX,2025-06-12,Standard,PH-005
CUS-03551,LOY-003551,David,Davis,Fort Worth,TX,2024-06-01,Silver,PH-002
CUS-03552,LOY-003552,Michael,Jackson,Frisco,TX,2025-10-16,Gold,PH-001
CUS-03553,LOY-003553,Anthony,Brown,Plano,TX,2025-03-18,Silver,PH-002
CUS-03554,LOY-003554,Sophia,Anderson,Plano,TX,2025-11-27,Gold,PH-005
CUS-03555,LOY-003555,Michael,Jackson,Irving,TX,2024-03-29,Standard,PH-003
CUS-03556,LOY-003556,Grace,Taylor,Frisco,TX,2022-02-14,Gold,PH-003
CUS-03557,LOY-003557,Brandon,Carter,Plano,TX,2022-08-30,Gold,PH-004
CUS-03558,LOY-003558,Robert,Ross,Fort Worth,TX,2024-05-15,Gold,PH-001
CUS-03559,LOY-003559,Jessica,Reed,Irving,TX,2022-03-02,Silver,PH-004
CUS-03560,LOY-003560,John,Miller,Dallas,TX,2026-04-11,Standard,PH-004
CUS-03561,LOY-003561,Liam,Miller,Fort Worth,TX,2025-10-16,Standard,PH-004
CUS-03562,LOY-003562,John,White,Fort Worth,TX,2025-04-05,Standard,PH-005
CUS-03563,LOY-003563,Olivia,Tran,Fort Worth,TX,2025-01-03,Standard,PH-004
CUS-03564,LOY-003564,Marcus,Johnson,Plano,TX,2024-05-07,Gold,PH-003
CUS-03565,LOY-003565,Liam,Martinez,Plano,TX,2024-08-07,Standard,PH-004
CUS-03566,LOY-003566,Ava,Lee,Fort Worth,TX,2024-05-16,Silver,PH-005
CUS-03567,LOY-003567,Daniel,Miller,Irving,TX,2025-04-17,Silver,PH-002
CUS-03568,LOY-003568,Amanda,Martinez,Fort Worth,TX,2025-01-01,Gold,PH-002
CUS-03569,LOY-003569,Jennifer,Anderson,Plano,TX,2023-11-01,Silver,PH-005
CUS-03570,LOY-003570,Noah,Lee,Dallas,TX,2023-08-02,Silver,PH-005
CUS-03571,LOY-003571,Olivia,Smith,Irving,TX,2022-02-24,Silver,PH-005
CUS-03572,LOY-003572,Sarah,Tran,Fort Worth,TX,2023-11-28,Gold,PH-004
CUS-03573,LOY-003573,John,Lee,Frisco,TX,2023-06-14,Gold,PH-005
CUS-03574,LOY-003574,Sarah,Ross,Plano,TX,2025-02-23,Gold,PH-003
CUS-03575,LOY-003575,Mia,White,Plano,TX,2022-04-22,Gold,PH-002
CUS-03576,LOY-003576,Grace,Thomas,Dallas,TX,2024-08-12,Gold,PH-005
CUS-03577,LOY-003577,Marcus,Smith,Irving,TX,2024-10-25,Standard,PH-004
CUS-03578,LOY-003578,Ethan,Reed,Frisco,TX,2025-09-20,Standard,PH-001
CUS-03579,LOY-003579,Kevin,Taylor,Fort Worth,TX,2025-04-02,Standard,PH-001
CUS-03580,LOY-003580,Anthony,Taylor,Frisco,TX,2026-05-01,Gold,PH-002
CUS-03581,LOY-003581,Ethan,Davis,Dallas,TX,2023-11-04,Standard,PH-002
CUS-03582,LOY-003582,David,Jackson,Dallas,TX,2022-08-23,Silver,PH-001
CUS-03583,LOY-003583,Olivia,Carter,Irving,TX,2025-07-15,Silver,PH-001
CUS-03584,LOY-003584,David,King,Plano,TX,2022-03-05,Gold,PH-005
CUS-03585,LOY-003585,Robert,Davis,Dallas,TX,2024-07-19,Standard,PH-004
CUS-03586,LOY-003586,Melissa,Davis,Plano,TX,2025-05-15,Silver,PH-005
CUS-03587,LOY-003587,Sarah,Taylor,Frisco,TX,2023-09-05,Gold,PH-003
CUS-03588,LOY-003588,Liam,Lee,Dallas,TX,2024-07-26,Standard,PH-005
CUS-03589,LOY-003589,Michael,Anderson,Fort Worth,TX,2023-11-26,Gold,PH-002
CUS-03590,LOY-003590,Ethan,Taylor,Irving,TX,2025-07-16,Silver,PH-001
CUS-03591,LOY-003591,Jennifer,Smith,Fort Worth,TX,2022-01-05,Silver,PH-005
CUS-03592,LOY-003592,Mia,Hill,Fort Worth,TX,2024-02-28,Standard,PH-002
CUS-03593,LOY-003593,Grace,Brown,Irving,TX,2024-03-13,Standard,PH-001
CUS-03594,LOY-003594,Jessica,King,Fort Worth,TX,2022-10-01,Standard,PH-002
CUS-03595,LOY-003595,Olivia,Hill,Irving,TX,2022-04-27,Gold,PH-002
CUS-03596,LOY-003596,Laura,Martinez,Frisco,TX,2023-07-29,Silver,PH-002
CUS-03597,LOY-003597,Kevin,White,Fort Worth,TX,2024-02-21,Gold,PH-002
CUS-03598,LOY-003598,Ethan,Ross,Frisco,TX,2024-12-04,Gold,PH-004
CUS-03599,LOY-003599,Amanda,Tran,Plano,TX,2022-01-23,Gold,PH-003
CUS-03600,LOY-003600,Grace,Anderson,Plano,TX,2023-09-03,Standard,PH-003
CUS-03601,LOY-003601,John,Smith,Fort Worth,TX,2022-02-08,Gold,PH-001
CUS-03602,LOY-003602,Melissa,Chen,Irving,TX,2024-01-16,Standard,PH-001
CUS-03603,LOY-003603,Sarah,Johnson,Frisco,TX,2025-03-13,Silver,PH-004
CUS-03604,LOY-003604,Noah,King,Plano,TX,2025-06-03,Silver,PH-004
CUS-03605,LOY-003605,Amanda,Carter,Frisco,TX,2023-05-12,Silver,PH-003
CUS-03606,LOY-003606,Melissa,Jackson,Frisco,TX,2022-03-28,Silver,PH-003
CUS-03607,LOY-003607,Linda,Thomas,Irving,TX,2023-06-08,Gold,PH-001
CUS-03608,LOY-003608,Noah,Johnson,Irving,TX,2024-01-23,Silver,PH-001
CUS-03609,LOY-003609,Linda,Reed,Frisco,TX,2024-11-10,Gold,PH-002
CUS-03610,LOY-003610,Marcus,Kim,Fort Worth,TX,2024-07-14,Silver,PH-002
CUS-03611,LOY-003611,Michael,Kim,Frisco,TX,2025-12-29,Silver,PH-004
CUS-03612,LOY-003612,Melissa,Martinez,Plano,TX,2023-04-18,Silver,PH-001
CUS-03613,LOY-003613,Anthony,Reed,Irving,TX,2025-05-22,Gold,PH-005
CUS-03614,LOY-003614,Laura,Nguyen,Fort Worth,TX,2022-05-31,Standard,PH-003
CUS-03615,LOY-003615,Brandon,Nguyen,Fort Worth,TX,2024-09-19,Gold,PH-002
CUS-03616,LOY-003616,Melissa,Moore,Dallas,TX,2023-06-10,Standard,PH-005
CUS-03617,LOY-003617,Michael,Reed,Plano,TX,2022-12-06,Silver,PH-005
CUS-03618,LOY-003618,Olivia,Carter,Dallas,TX,2024-02-26,Silver,PH-004
CUS-03619,LOY-003619,Jennifer,Wilson,Fort Worth,TX,2025-04-09,Silver,PH-002
CUS-03620,LOY-003620,John,Kim,Irving,TX,2025-06-03,Gold,PH-005
CUS-03621,LOY-003621,Mia,Carter,Fort Worth,TX,2026-02-18,Gold,PH-005
CUS-03622,LOY-003622,Linda,Martinez,Frisco,TX,2026-03-20,Gold,PH-004
CUS-03623,LOY-003623,Anthony,Johnson,Fort Worth,TX,2024-08-08,Gold,PH-004
CUS-03624,LOY-003624,David,Lopez,Plano,TX,2024-02-02,Silver,PH-001
CUS-03625,LOY-003625,Sophia,Hill,Plano,TX,2023-06-06,Gold,PH-002
CUS-03626,LOY-003626,Robert,Davis,Frisco,TX,2025-05-30,Standard,PH-001
CUS-03627,LOY-003627,Kevin,Martinez,Fort Worth,TX,2024-12-17,Gold,PH-002
CUS-03628,LOY-003628,Liam,Lopez,Dallas,TX,2022-11-13,Standard,PH-004
CUS-03629,LOY-003629,Amanda,Lee,Dallas,TX,2022-05-17,Silver,PH-003
CUS-03630,LOY-003630,Robert,Taylor,Irving,TX,2024-03-27,Standard,PH-005
CUS-03631,LOY-003631,Ava,Moore,Dallas,TX,2023-09-17,Gold,PH-002
CUS-03632,LOY-003632,Robert,Nguyen,Fort Worth,TX,2022-05-25,Standard,PH-003
CUS-03633,LOY-003633,Marcus,Lee,Plano,TX,2024-11-23,Gold,PH-004
CUS-03634,LOY-003634,Kevin,Carter,Fort Worth,TX,2024-08-20,Standard,PH-001
CUS-03635,LOY-003635,Brandon,Lopez,Fort Worth,TX,2024-06-09,Gold,PH-003
CUS-03636,LOY-003636,Mia,Reed,Frisco,TX,2022-11-24,Gold,PH-002
CUS-03637,LOY-003637,Sophia,Lee,Frisco,TX,2025-06-25,Gold,PH-002
CUS-03638,LOY-003638,Robert,Davis,Plano,TX,2023-04-24,Silver,PH-002
CUS-03639,LOY-003639,Amanda,Garcia,Irving,TX,2024-05-23,Silver,PH-005
CUS-03640,LOY-003640,Grace,Hill,Fort Worth,TX,2023-06-19,Gold,PH-005
CUS-03641,LOY-003641,Anthony,Carter,Fort Worth,TX,2026-05-10,Gold,PH-001
CUS-03642,LOY-003642,Ethan,Kim,Irving,TX,2024-12-29,Standard,PH-001
CUS-03643,LOY-003643,Jennifer,Brown,Frisco,TX,2023-05-19,Gold,PH-001
CUS-03644,LOY-003644,David,Lopez,Irving,TX,2024-04-17,Standard,PH-005
CUS-03645,LOY-003645,Laura,Garcia,Frisco,TX,2024-09-10,Standard,PH-003
CUS-03646,LOY-003646,Amanda,Nguyen,Plano,TX,2023-09-22,Silver,PH-003
CUS-03647,LOY-003647,Marcus,Thomas,Plano,TX,2023-10-14,Standard,PH-001
CUS-03648,LOY-003648,Mia,Martinez,Irving,TX,2025-09-14,Gold,PH-003
CUS-03649,LOY-003649,Anthony,Hill,Dallas,TX,2022-04-17,Silver,PH-004
CUS-03650,LOY-003650,Emily,Martinez,Plano,TX,2022-05-31,Silver,PH-003
CUS-03651,LOY-003651,Robert,Chen,Irving,TX,2022-06-26,Gold,PH-002
CUS-03652,LOY-003652,Robert,Carter,Frisco,TX,2025-06-27,Gold,PH-005
CUS-03653,LOY-003653,Olivia,Moore,Dallas,TX,2025-04-24,Standard,PH-005
CUS-03654,LOY-003654,Emily,Martinez,Plano,TX,2024-07-30,Standard,PH-002
CUS-03655,LOY-003655,Sophia,Moore,Plano,TX,2023-08-25,Silver,PH-003
CUS-03656,LOY-003656,David,Nguyen,Fort Worth,TX,2025-06-01,Standard,PH-003
CUS-03657,LOY-003657,Emily,Smith,Dallas,TX,2024-06-28,Gold,PH-005
CUS-03658,LOY-003658,Laura,Carter,Plano,TX,2023-10-08,Standard,PH-001
CUS-03659,LOY-003659,Noah,Brown,Irving,TX,2023-10-21,Standard,PH-005
CUS-03660,LOY-003660,Jennifer,White,Irving,TX,2025-07-13,Standard,PH-005
CUS-03661,LOY-003661,Liam,Kim,Dallas,TX,2024-09-16,Gold,PH-002
CUS-03662,LOY-003662,Mia,Miller,Fort Worth,TX,2025-04-29,Silver,PH-001
CUS-03663,LOY-003663,Daniel,Kim,Irving,TX,2023-01-30,Silver,PH-001
CUS-03664,LOY-003664,Olivia,Tran,Fort Worth,TX,2023-12-27,Gold,PH-001
CUS-03665,LOY-003665,Rachel,Kim,Fort Worth,TX,2026-02-28,Standard,PH-001
CUS-03666,LOY-003666,Kevin,Wilson,Frisco,TX,2023-07-10,Gold,PH-005
CUS-03667,LOY-003667,Anthony,Anderson,Frisco,TX,2023-05-25,Gold,PH-001
CUS-03668,LOY-003668,Anthony,King,Irving,TX,2024-08-26,Standard,PH-001
CUS-03669,LOY-003669,Sophia,Lee,Fort Worth,TX,2023-05-19,Standard,PH-003
CUS-03670,LOY-003670,Kevin,Nguyen,Dallas,TX,2025-01-10,Silver,PH-001
CUS-03671,LOY-003671,Liam,Chen,Fort Worth,TX,2025-12-28,Gold,PH-002
CUS-03672,LOY-003672,Sarah,Tran,Fort Worth,TX,2022-02-19,Gold,PH-002
CUS-03673,LOY-003673,Brandon,Reed,Irving,TX,2026-04-24,Standard,PH-001
CUS-03674,LOY-003674,Linda,Davis,Frisco,TX,2025-01-19,Gold,PH-004
CUS-03675,LOY-003675,Mia,Ross,Dallas,TX,2025-09-13,Silver,PH-005
CUS-03676,LOY-003676,Jessica,Lee,Plano,TX,2024-03-13,Silver,PH-002
CUS-03677,LOY-003677,Olivia,Thomas,Frisco,TX,2022-07-05,Silver,PH-003
CUS-03678,LOY-003678,Noah,Smith,Fort Worth,TX,2023-02-28,Standard,PH-002
CUS-03679,LOY-003679,Kevin,Moore,Irving,TX,2022-09-28,Standard,PH-001
CUS-03680,LOY-003680,John,Lopez,Irving,TX,2023-09-07,Silver,PH-001
CUS-03681,LOY-003681,Michael,Davis,Dallas,TX,2026-04-10,Silver,PH-004
CUS-03682,LOY-003682,Robert,Davis,Fort Worth,TX,2025-02-17,Silver,PH-001
CUS-03683,LOY-003683,Olivia,Miller,Dallas,TX,2025-10-23,Gold,PH-001
CUS-03684,LOY-003684,Olivia,Thomas,Fort Worth,TX,2022-07-09,Gold,PH-003
CUS-03685,LOY-003685,Linda,Tran,Dallas,TX,2023-02-13,Gold,PH-002
CUS-03686,LOY-003686,Grace,Reed,Irving,TX,2022-07-25,Standard,PH-003
CUS-03687,LOY-003687,Jessica,Ross,Fort Worth,TX,2023-11-25,Gold,PH-001
CUS-03688,LOY-003688,Kevin,Miller,Irving,TX,2023-05-09,Standard,PH-001
CUS-03689,LOY-003689,Marcus,Lopez,Irving,TX,2022-03-08,Silver,PH-004
CUS-03690,LOY-003690,Grace,Anderson,Plano,TX,2022-10-28,Standard,PH-003
CUS-03691,LOY-003691,Linda,Lopez,Irving,TX,2025-10-20,Standard,PH-004
CUS-03692,LOY-003692,Emily,Ross,Frisco,TX,2025-12-27,Silver,PH-003
CUS-03693,LOY-003693,Emily,Moore,Dallas,TX,2024-12-25,Gold,PH-002
CUS-03694,LOY-003694,Ethan,Martinez,Dallas,TX,2024-06-27,Standard,PH-003
CUS-03695,LOY-003695,Anthony,Moore,Dallas,TX,2025-06-18,Gold,PH-003
CUS-03696,LOY-003696,Ava,Chen,Fort Worth,TX,2023-07-12,Silver,PH-004
CUS-03697,LOY-003697,Grace,Reed,Irving,TX,2022-09-28,Silver,PH-002
CUS-03698,LOY-003698,Linda,Patel,Fort Worth,TX,2024-02-09,Standard,PH-003
CUS-03699,LOY-003699,Linda,Lee,Plano,TX,2026-03-15,Silver,PH-001
CUS-03700,LOY-003700,Ava,Johnson,Frisco,TX,2022-02-03,Standard,PH-003
CUS-03701,LOY-003701,Emily,Johnson,Irving,TX,2022-01-13,Standard,PH-004
CUS-03702,LOY-003702,Michael,Reed,Dallas,TX,2023-11-09,Standard,PH-004
CUS-03703,LOY-003703,Linda,King,Irving,TX,2024-03-21,Standard,PH-004
CUS-03704,LOY-003704,Amanda,Kim,Dallas,TX,2022-09-22,Gold,PH-005
CUS-03705,LOY-003705,Ethan,Tran,Irving,TX,2023-06-29,Standard,PH-005
CUS-03706,LOY-003706,Jessica,Garcia,Dallas,TX,2022-01-23,Standard,PH-005
CUS-03707,LOY-003707,Robert,Garcia,Dallas,TX,2022-12-04,Standard,PH-002
CUS-03708,LOY-003708,Ethan,Lee,Plano,TX,2024-01-18,Standard,PH-001
CUS-03709,LOY-003709,Olivia,Ross,Frisco,TX,2022-11-20,Gold,PH-002
CUS-03710,LOY-003710,Liam,Wilson,Frisco,TX,2025-03-10,Silver,PH-005
CUS-03711,LOY-003711,Rachel,Chen,Dallas,TX,2025-03-22,Gold,PH-002
CUS-03712,LOY-003712,Anthony,King,Dallas,TX,2025-06-30,Gold,PH-005
CUS-03713,LOY-003713,Laura,King,Plano,TX,2024-08-07,Silver,PH-004
CUS-03714,LOY-003714,Sophia,Anderson,Frisco,TX,2023-06-12,Silver,PH-005
CUS-03715,LOY-003715,Melissa,King,Frisco,TX,2023-08-09,Gold,PH-005
CUS-03716,LOY-003716,Olivia,Nguyen,Frisco,TX,2023-11-06,Standard,PH-005
CUS-03717,LOY-003717,Jennifer,Hill,Fort Worth,TX,2022-02-03,Gold,PH-005
CUS-03718,LOY-003718,Marcus,Thomas,Fort Worth,TX,2025-05-04,Silver,PH-003
CUS-03719,LOY-003719,Ethan,Kim,Fort Worth,TX,2023-03-09,Silver,PH-003
CUS-03720,LOY-003720,Liam,Patel,Irving,TX,2024-04-11,Standard,PH-002
CUS-03721,LOY-003721,Olivia,White,Frisco,TX,2022-11-02,Standard,PH-004
CUS-03722,LOY-003722,Olivia,Brown,Dallas,TX,2023-10-07,Gold,PH-004
CUS-03723,LOY-003723,Anthony,Lee,Plano,TX,2024-04-16,Standard,PH-004
CUS-03724,LOY-003724,Melissa,Nguyen,Fort Worth,TX,2024-05-16,Standard,PH-004
CUS-03725,LOY-003725,Amanda,Nguyen,Irving,TX,2025-08-04,Standard,PH-004
CUS-03726,LOY-003726,Anthony,Lee,Plano,TX,2023-02-07,Silver,PH-001
CUS-03727,LOY-003727,Rachel,Davis,Frisco,TX,2022-02-25,Standard,PH-003
CUS-03728,LOY-003728,John,Anderson,Dallas,TX,2022-05-19,Silver,PH-002
CUS-03729,LOY-003729,Mia,Moore,Dallas,TX,2024-05-16,Silver,PH-001
CUS-03730,LOY-003730,Kevin,Smith,Dallas,TX,2023-12-12,Gold,PH-004
CUS-03731,LOY-003731,Brandon,King,Frisco,TX,2022-09-22,Standard,PH-003
CUS-03732,LOY-003732,Sophia,Tran,Plano,TX,2023-05-18,Gold,PH-003
CUS-03733,LOY-003733,Sophia,Wilson,Fort Worth,TX,2023-06-28,Standard,PH-004
CUS-03734,LOY-003734,Daniel,Moore,Frisco,TX,2023-03-14,Standard,PH-003
CUS-03735,LOY-003735,Noah,Wilson,Fort Worth,TX,2022-04-22,Silver,PH-004
CUS-03736,LOY-003736,Marcus,Garcia,Dallas,TX,2026-04-03,Gold,PH-005
CUS-03737,LOY-003737,Ethan,Garcia,Fort Worth,TX,2024-03-25,Silver,PH-003
CUS-03738,LOY-003738,Noah,Reed,Fort Worth,TX,2023-03-16,Silver,PH-003
CUS-03739,LOY-003739,Anthony,Hill,Fort Worth,TX,2023-04-27,Standard,PH-003
CUS-03740,LOY-003740,Noah,Lopez,Irving,TX,2023-06-25,Gold,PH-005
CUS-03741,LOY-003741,David,Reed,Fort Worth,TX,2022-01-15,Silver,PH-004
CUS-03742,LOY-003742,Robert,Jackson,Plano,TX,2023-05-13,Gold,PH-004
CUS-03743,LOY-003743,Emily,White,Dallas,TX,2025-01-15,Silver,PH-002
CUS-03744,LOY-003744,Amanda,White,Dallas,TX,2025-02-28,Standard,PH-002
CUS-03745,LOY-003745,Amanda,Lopez,Frisco,TX,2024-06-04,Silver,PH-002
CUS-03746,LOY-003746,John,Martinez,Plano,TX,2025-11-14,Gold,PH-005
CUS-03747,LOY-003747,Noah,Brown,Plano,TX,2025-10-29,Standard,PH-002
CUS-03748,LOY-003748,Brandon,Reed,Frisco,TX,2023-06-15,Standard,PH-002
CUS-03749,LOY-003749,Jessica,Carter,Frisco,TX,2023-05-07,Standard,PH-004
CUS-03750,LOY-003750,Grace,Wilson,Irving,TX,2025-06-18,Gold,PH-002
CUS-03751,LOY-003751,Daniel,Miller,Irving,TX,2024-08-27,Standard,PH-005
CUS-03752,LOY-003752,Noah,Miller,Plano,TX,2026-01-16,Gold,PH-003
CUS-03753,LOY-003753,Ethan,Carter,Dallas,TX,2022-10-07,Standard,PH-002
CUS-03754,LOY-003754,Amanda,Garcia,Dallas,TX,2023-05-30,Gold,PH-001
CUS-03755,LOY-003755,Jennifer,Smith,Fort Worth,TX,2023-01-22,Standard,PH-002
CUS-03756,LOY-003756,Michael,Ross,Frisco,TX,2022-10-11,Standard,PH-003
CUS-03757,LOY-003757,Emily,Anderson,Dallas,TX,2025-05-23,Gold,PH-005
CUS-03758,LOY-003758,Melissa,Lopez,Dallas,TX,2025-10-09,Silver,PH-003
CUS-03759,LOY-003759,Kevin,Tran,Frisco,TX,2023-07-05,Gold,PH-003
CUS-03760,LOY-003760,Melissa,Reed,Dallas,TX,2024-06-25,Silver,PH-004
CUS-03761,LOY-003761,Brandon,Thomas,Fort Worth,TX,2025-06-28,Standard,PH-002
CUS-03762,LOY-003762,Jessica,Chen,Dallas,TX,2022-03-02,Standard,PH-004
CUS-03763,LOY-003763,Grace,Nguyen,Plano,TX,2023-03-14,Gold,PH-002
CUS-03764,LOY-003764,Sarah,Jackson,Irving,TX,2025-07-04,Gold,PH-002
CUS-03765,LOY-003765,Melissa,Brown,Irving,TX,2024-08-15,Silver,PH-002
CUS-03766,LOY-003766,John,Tran,Irving,TX,2026-01-26,Gold,PH-001
CUS-03767,LOY-003767,Anthony,Reed,Frisco,TX,2026-02-04,Silver,PH-001
CUS-03768,LOY-003768,Grace,Wilson,Dallas,TX,2023-03-01,Gold,PH-003
CUS-03769,LOY-003769,Robert,Chen,Irving,TX,2022-03-12,Silver,PH-005
CUS-03770,LOY-003770,Kevin,Miller,Fort Worth,TX,2024-10-28,Silver,PH-002
CUS-03771,LOY-003771,Ethan,Nguyen,Dallas,TX,2026-01-30,Standard,PH-004
CUS-03772,LOY-003772,Grace,Thomas,Frisco,TX,2026-01-30,Standard,PH-002
CUS-03773,LOY-003773,Emily,Ross,Dallas,TX,2025-10-15,Gold,PH-004
CUS-03774,LOY-003774,Emily,White,Frisco,TX,2024-11-02,Standard,PH-004
CUS-03775,LOY-003775,David,Smith,Plano,TX,2024-01-31,Gold,PH-001
CUS-03776,LOY-003776,Laura,Miller,Dallas,TX,2022-03-23,Standard,PH-004
CUS-03777,LOY-003777,John,White,Fort Worth,TX,2025-09-18,Silver,PH-004
CUS-03778,LOY-003778,Grace,Ross,Irving,TX,2026-02-01,Standard,PH-003
CUS-03779,LOY-003779,Brandon,Wilson,Frisco,TX,2023-10-08,Gold,PH-004
CUS-03780,LOY-003780,Ethan,Garcia,Plano,TX,2022-08-02,Gold,PH-002
CUS-03781,LOY-003781,Brandon,Thomas,Fort Worth,TX,2025-10-23,Silver,PH-005
CUS-03782,LOY-003782,Jessica,Thomas,Frisco,TX,2025-05-10,Standard,PH-003
CUS-03783,LOY-003783,Olivia,Thomas,Fort Worth,TX,2024-05-25,Standard,PH-005
CUS-03784,LOY-003784,Ava,Lopez,Frisco,TX,2023-10-05,Standard,PH-003
CUS-03785,LOY-003785,Olivia,Thomas,Plano,TX,2022-10-20,Silver,PH-004
CUS-03786,LOY-003786,Sophia,Martinez,Plano,TX,2022-09-27,Gold,PH-002
CUS-03787,LOY-003787,Brandon,Ross,Irving,TX,2022-07-27,Standard,PH-001
CUS-03788,LOY-003788,Sarah,Thomas,Fort Worth,TX,2025-04-14,Gold,PH-005
CUS-03789,LOY-003789,Grace,Taylor,Dallas,TX,2025-09-14,Standard,PH-003
CUS-03790,LOY-003790,Olivia,Nguyen,Fort Worth,TX,2023-11-27,Standard,PH-003
CUS-03791,LOY-003791,Amanda,Lee,Dallas,TX,2023-01-09,Gold,PH-004
CUS-03792,LOY-003792,Laura,Moore,Plano,TX,2022-10-09,Standard,PH-005
CUS-03793,LOY-003793,Michael,Thomas,Frisco,TX,2024-10-16,Silver,PH-002
CUS-03794,LOY-003794,Ethan,Miller,Frisco,TX,2024-03-25,Gold,PH-004
CUS-03795,LOY-003795,Ava,Davis,Irving,TX,2022-05-12,Gold,PH-005
CUS-03796,LOY-003796,Michael,Carter,Plano,TX,2023-02-24,Silver,PH-005
CUS-03797,LOY-003797,Ethan,Johnson,Irving,TX,2022-04-29,Silver,PH-005
CUS-03798,LOY-003798,Sophia,Tran,Irving,TX,2024-12-05,Standard,PH-004
CUS-03799,LOY-003799,Noah,Tran,Plano,TX,2025-11-30,Gold,PH-003
CUS-03800,LOY-003800,Brandon,Taylor,Frisco,TX,2024-03-31,Silver,PH-004
CUS-03801,LOY-003801,Ava,Garcia,Fort Worth,TX,2025-01-03,Silver,PH-004
CUS-03802,LOY-003802,Amanda,Jackson,Frisco,TX,2024-11-21,Silver,PH-004
CUS-03803,LOY-003803,Olivia,Ross,Fort Worth,TX,2026-05-07,Silver,PH-002
CUS-03804,LOY-003804,Mia,Johnson,Plano,TX,2022-01-08,Gold,PH-004
CUS-03805,LOY-003805,Melissa,Martinez,Irving,TX,2022-09-02,Standard,PH-005
CUS-03806,LOY-003806,Robert,Garcia,Plano,TX,2024-05-04,Standard,PH-004
CUS-03807,LOY-003807,Anthony,Carter,Dallas,TX,2022-07-22,Silver,PH-003
CUS-03808,LOY-003808,Rachel,Patel,Irving,TX,2025-11-02,Gold,PH-004
CUS-03809,LOY-003809,Daniel,Patel,Irving,TX,2025-09-24,Gold,PH-004
CUS-03810,LOY-003810,Kevin,Patel,Frisco,TX,2024-10-07,Silver,PH-001
CUS-03811,LOY-003811,Sarah,Ross,Irving,TX,2024-06-01,Silver,PH-001
CUS-03812,LOY-003812,Amanda,King,Irving,TX,2024-12-08,Silver,PH-003
CUS-03813,LOY-003813,Michael,White,Irving,TX,2024-12-23,Standard,PH-003
CUS-03814,LOY-003814,Mia,King,Frisco,TX,2022-05-27,Silver,PH-004
CUS-03815,LOY-003815,Rachel,Ross,Frisco,TX,2022-08-07,Standard,PH-002
CUS-03816,LOY-003816,Daniel,Nguyen,Frisco,TX,2022-05-21,Gold,PH-005
CUS-03817,LOY-003817,Olivia,Brown,Frisco,TX,2022-01-11,Standard,PH-002
CUS-03818,LOY-003818,John,Davis,Irving,TX,2024-12-30,Silver,PH-001
CUS-03819,LOY-003819,Michael,Jackson,Plano,TX,2023-10-14,Silver,PH-001
CUS-03820,LOY-003820,Ava,Tran,Irving,TX,2022-02-10,Standard,PH-004
CUS-03821,LOY-003821,John,King,Fort Worth,TX,2023-09-03,Silver,PH-002
CUS-03822,LOY-003822,John,Davis,Irving,TX,2022-05-05,Standard,PH-001
CUS-03823,LOY-003823,Grace,Thomas,Frisco,TX,2026-02-06,Standard,PH-005
CUS-03824,LOY-003824,Olivia,Moore,Fort Worth,TX,2023-04-03,Standard,PH-005
CUS-03825,LOY-003825,Liam,Ross,Dallas,TX,2023-03-12,Silver,PH-005
CUS-03826,LOY-003826,Amanda,Garcia,Irving,TX,2025-07-30,Standard,PH-005
CUS-03827,LOY-003827,Emily,Lopez,Irving,TX,2025-03-25,Silver,PH-002
CUS-03828,LOY-003828,Daniel,Patel,Plano,TX,2025-02-11,Silver,PH-001
CUS-03829,LOY-003829,John,Kim,Irving,TX,2025-06-02,Silver,PH-005
CUS-03830,LOY-003830,Amanda,Nguyen,Frisco,TX,2022-03-28,Silver,PH-002
CUS-03831,LOY-003831,Rachel,Jackson,Irving,TX,2026-03-20,Gold,PH-004
CUS-03832,LOY-003832,Sophia,Davis,Dallas,TX,2025-03-19,Silver,PH-004
CUS-03833,LOY-003833,Ethan,Taylor,Plano,TX,2025-03-19,Silver,PH-001
CUS-03834,LOY-003834,Kevin,Garcia,Fort Worth,TX,2022-04-03,Standard,PH-004
CUS-03835,LOY-003835,Amanda,Miller,Fort Worth,TX,2023-05-29,Silver,PH-002
CUS-03836,LOY-003836,Ethan,White,Dallas,TX,2023-04-23,Standard,PH-003
CUS-03837,LOY-003837,Michael,Lopez,Plano,TX,2023-11-12,Gold,PH-003
CUS-03838,LOY-003838,Olivia,Lee,Irving,TX,2023-01-27,Silver,PH-002
CUS-03839,LOY-003839,Robert,Chen,Dallas,TX,2025-02-28,Gold,PH-004
CUS-03840,LOY-003840,Mia,Wilson,Irving,TX,2023-08-09,Gold,PH-004
CUS-03841,LOY-003841,David,Kim,Fort Worth,TX,2024-01-19,Standard,PH-003
CUS-03842,LOY-003842,Jennifer,Davis,Irving,TX,2026-02-20,Silver,PH-005
CUS-03843,LOY-003843,Ava,Miller,Plano,TX,2022-01-08,Gold,PH-005
CUS-03844,LOY-003844,Liam,Moore,Plano,TX,2025-05-26,Silver,PH-005
CUS-03845,LOY-003845,Anthony,Thomas,Fort Worth,TX,2023-07-21,Standard,PH-005
CUS-03846,LOY-003846,Laura,Miller,Plano,TX,2025-08-17,Standard,PH-002
CUS-03847,LOY-003847,Laura,Lee,Frisco,TX,2026-01-19,Gold,PH-004
CUS-03848,LOY-003848,Noah,Lopez,Frisco,TX,2022-12-06,Silver,PH-004
CUS-03849,LOY-003849,Emily,Nguyen,Fort Worth,TX,2023-03-06,Standard,PH-004
CUS-03850,LOY-003850,John,Thomas,Dallas,TX,2024-02-26,Silver,PH-002
CUS-03851,LOY-003851,Brandon,Martinez,Dallas,TX,2024-01-31,Standard,PH-005
CUS-03852,LOY-003852,Grace,Jackson,Dallas,TX,2024-08-17,Gold,PH-005
CUS-03853,LOY-003853,Melissa,Nguyen,Plano,TX,2024-02-21,Silver,PH-003
CUS-03854,LOY-003854,Brandon,Nguyen,Irving,TX,2025-06-29,Gold,PH-005
CUS-03855,LOY-003855,Amanda,Smith,Plano,TX,2023-04-28,Standard,PH-004
CUS-03856,LOY-003856,Ava,Carter,Plano,TX,2025-08-31,Silver,PH-001
CUS-03857,LOY-003857,David,Lopez,Fort Worth,TX,2025-04-01,Standard,PH-002
CUS-03858,LOY-003858,Sarah,Chen,Irving,TX,2025-10-23,Gold,PH-001
CUS-03859,LOY-003859,Robert,Thomas,Irving,TX,2023-10-10,Silver,PH-005
CUS-03860,LOY-003860,Ethan,Taylor,Irving,TX,2022-04-24,Gold,PH-005
CUS-03861,LOY-003861,Daniel,White,Irving,TX,2024-07-03,Gold,PH-003
CUS-03862,LOY-003862,Noah,Ross,Dallas,TX,2025-07-08,Silver,PH-004
CUS-03863,LOY-003863,Emily,Patel,Frisco,TX,2023-02-19,Gold,PH-005
CUS-03864,LOY-003864,Jennifer,Johnson,Fort Worth,TX,2025-07-02,Gold,PH-001
CUS-03865,LOY-003865,David,Moore,Plano,TX,2024-08-05,Gold,PH-001
CUS-03866,LOY-003866,Rachel,Garcia,Dallas,TX,2023-10-19,Silver,PH-005
CUS-03867,LOY-003867,Robert,Johnson,Fort Worth,TX,2023-09-12,Silver,PH-005
CUS-03868,LOY-003868,Olivia,Jackson,Irving,TX,2022-12-10,Silver,PH-005
CUS-03869,LOY-003869,John,Davis,Frisco,TX,2025-02-01,Gold,PH-004
CUS-03870,LOY-003870,Laura,Martinez,Fort Worth,TX,2022-02-16,Standard,PH-001
CUS-03871,LOY-003871,Mia,Brown,Irving,TX,2022-06-12,Standard,PH-002
CUS-03872,LOY-003872,Brandon,Reed,Dallas,TX,2023-01-05,Standard,PH-005
CUS-03873,LOY-003873,Amanda,Taylor,Frisco,TX,2026-02-20,Standard,PH-005
CUS-03874,LOY-003874,Grace,Johnson,Dallas,TX,2022-11-13,Gold,PH-005
CUS-03875,LOY-003875,Michael,Taylor,Irving,TX,2025-09-04,Standard,PH-005
CUS-03876,LOY-003876,Liam,Carter,Dallas,TX,2025-08-21,Silver,PH-001
CUS-03877,LOY-003877,Anthony,Reed,Fort Worth,TX,2022-03-17,Standard,PH-001
CUS-03878,LOY-003878,David,Garcia,Plano,TX,2023-03-26,Silver,PH-002
CUS-03879,LOY-003879,Brandon,Johnson,Plano,TX,2024-03-04,Gold,PH-005
CUS-03880,LOY-003880,Linda,Chen,Frisco,TX,2025-12-17,Gold,PH-004
CUS-03881,LOY-003881,Mia,Nguyen,Fort Worth,TX,2024-07-19,Standard,PH-002
CUS-03882,LOY-003882,Noah,Patel,Dallas,TX,2024-05-11,Silver,PH-003
CUS-03883,LOY-003883,David,Davis,Fort Worth,TX,2024-04-27,Gold,PH-002
CUS-03884,LOY-003884,John,Patel,Frisco,TX,2025-11-15,Silver,PH-001
CUS-03885,LOY-003885,Grace,Brown,Irving,TX,2023-04-29,Gold,PH-001
CUS-03886,LOY-003886,Liam,Miller,Plano,TX,2022-07-25,Silver,PH-003
CUS-03887,LOY-003887,Kevin,Taylor,Dallas,TX,2025-10-27,Silver,PH-004
CUS-03888,LOY-003888,Mia,King,Frisco,TX,2022-09-18,Gold,PH-001
CUS-03889,LOY-003889,Michael,Brown,Fort Worth,TX,2025-05-20,Gold,PH-002
CUS-03890,LOY-003890,Michael,Ross,Frisco,TX,2023-06-24,Standard,PH-003
CUS-03891,LOY-003891,Rachel,Davis,Fort Worth,TX,2023-03-05,Standard,PH-001
CUS-03892,LOY-003892,Sophia,Tran,Frisco,TX,2024-09-16,Standard,PH-001
CUS-03893,LOY-003893,Liam,Carter,Plano,TX,2025-08-20,Silver,PH-001
CUS-03894,LOY-003894,John,Reed,Fort Worth,TX,2024-06-28,Standard,PH-003
CUS-03895,LOY-003895,Ethan,Jackson,Irving,TX,2026-05-10,Gold,PH-005
CUS-03896,LOY-003896,Jennifer,Moore,Dallas,TX,2025-04-08,Gold,PH-004
CUS-03897,LOY-003897,David,Lopez,Irving,TX,2025-01-06,Standard,PH-002
CUS-03898,LOY-003898,Linda,Taylor,Frisco,TX,2026-05-13,Gold,PH-003
CUS-03899,LOY-003899,Rachel,Smith,Fort Worth,TX,2023-08-21,Silver,PH-004
CUS-03900,LOY-003900,Emily,Garcia,Frisco,TX,2022-02-20,Standard,PH-004
CUS-03901,LOY-003901,Ava,Smith,Frisco,TX,2022-02-14,Standard,PH-004
CUS-03902,LOY-003902,John,Carter,Fort Worth,TX,2023-10-16,Silver,PH-002
CUS-03903,LOY-003903,Liam,Brown,Fort Worth,TX,2025-09-17,Standard,PH-001
CUS-03904,LOY-003904,Rachel,Garcia,Irving,TX,2024-01-20,Silver,PH-002
CUS-03905,LOY-003905,Olivia,Thomas,Plano,TX,2025-09-18,Silver,PH-002
CUS-03906,LOY-003906,Marcus,Davis,Irving,TX,2025-02-19,Gold,PH-002
CUS-03907,LOY-003907,Noah,King,Plano,TX,2025-03-02,Standard,PH-003
CUS-03908,LOY-003908,Jessica,Kim,Frisco,TX,2025-08-08,Standard,PH-002
CUS-03909,LOY-003909,Linda,Miller,Frisco,TX,2022-07-05,Silver,PH-003
CUS-03910,LOY-003910,Jennifer,Johnson,Frisco,TX,2025-07-07,Gold,PH-003
CUS-03911,LOY-003911,Jessica,Chen,Fort Worth,TX,2024-06-05,Silver,PH-001
CUS-03912,LOY-003912,David,Martinez,Frisco,TX,2023-08-21,Silver,PH-004
CUS-03913,LOY-003913,Noah,Ross,Irving,TX,2022-12-28,Gold,PH-001
CUS-03914,LOY-003914,Rachel,Moore,Fort Worth,TX,2024-01-01,Gold,PH-003
CUS-03915,LOY-003915,Ethan,Tran,Irving,TX,2023-07-03,Gold,PH-005
CUS-03916,LOY-003916,Marcus,Smith,Dallas,TX,2024-06-24,Standard,PH-003
CUS-03917,LOY-003917,Amanda,Miller,Plano,TX,2022-06-07,Gold,PH-001
CUS-03918,LOY-003918,Anthony,Garcia,Fort Worth,TX,2022-05-28,Gold,PH-003
CUS-03919,LOY-003919,Marcus,Chen,Frisco,TX,2023-07-15,Gold,PH-004
CUS-03920,LOY-003920,Anthony,Thomas,Dallas,TX,2025-12-15,Gold,PH-003
CUS-03921,LOY-003921,Jessica,Martinez,Irving,TX,2024-07-10,Silver,PH-001
CUS-03922,LOY-003922,Ava,Carter,Fort Worth,TX,2026-01-12,Standard,PH-005
CUS-03923,LOY-003923,Anthony,Nguyen,Plano,TX,2023-02-17,Standard,PH-002
CUS-03924,LOY-003924,Laura,Taylor,Frisco,TX,2026-03-15,Standard,PH-005
CUS-03925,LOY-003925,Ava,Taylor,Fort Worth,TX,2024-02-27,Gold,PH-002
CUS-03926,LOY-003926,Marcus,Johnson,Plano,TX,2024-05-01,Silver,PH-004
CUS-03927,LOY-003927,David,Hill,Fort Worth,TX,2026-03-09,Silver,PH-004
CUS-03928,LOY-003928,Laura,Smith,Dallas,TX,2022-01-04,Standard,PH-003
CUS-03929,LOY-003929,Ava,Reed,Plano,TX,2023-07-24,Standard,PH-001
CUS-03930,LOY-003930,Melissa,White,Plano,TX,2022-10-01,Gold,PH-002
CUS-03931,LOY-003931,Daniel,Lopez,Fort Worth,TX,2025-01-19,Standard,PH-001
CUS-03932,LOY-003932,John,Moore,Irving,TX,2024-05-17,Gold,PH-002
CUS-03933,LOY-003933,Laura,Brown,Frisco,TX,2025-06-18,Gold,PH-001
CUS-03934,LOY-003934,Marcus,Brown,Irving,TX,2025-06-12,Standard,PH-003
CUS-03935,LOY-003935,Melissa,Taylor,Frisco,TX,2023-07-20,Silver,PH-001
CUS-03936,LOY-003936,Daniel,Nguyen,Dallas,TX,2025-06-17,Standard,PH-002
CUS-03937,LOY-003937,Linda,Jackson,Frisco,TX,2022-05-09,Silver,PH-003
CUS-03938,LOY-003938,Anthony,Kim,Irving,TX,2023-09-22,Standard,PH-004
CUS-03939,LOY-003939,Robert,Hill,Fort Worth,TX,2024-02-25,Standard,PH-004
CUS-03940,LOY-003940,Liam,Carter,Irving,TX,2023-03-23,Standard,PH-005
CUS-03941,LOY-003941,Brandon,White,Frisco,TX,2026-02-14,Gold,PH-004
CUS-03942,LOY-003942,Olivia,Taylor,Frisco,TX,2023-12-31,Gold,PH-002
CUS-03943,LOY-003943,Ethan,Miller,Irving,TX,2025-11-04,Silver,PH-004
CUS-03944,LOY-003944,Daniel,White,Dallas,TX,2023-09-04,Gold,PH-001
CUS-03945,LOY-003945,Amanda,Martinez,Fort Worth,TX,2023-10-25,Standard,PH-002
CUS-03946,LOY-003946,Ava,White,Frisco,TX,2023-12-05,Standard,PH-002
CUS-03947,LOY-003947,Grace,Ross,Frisco,TX,2025-10-31,Silver,PH-005
CUS-03948,LOY-003948,Anthony,Brown,Plano,TX,2023-01-05,Gold,PH-005
CUS-03949,LOY-003949,Linda,Garcia,Dallas,TX,2023-09-08,Silver,PH-002
CUS-03950,LOY-003950,Linda,Tran,Frisco,TX,2024-01-10,Silver,PH-004
CUS-03951,LOY-003951,Ava,Moore,Dallas,TX,2024-02-05,Gold,PH-004
CUS-03952,LOY-003952,Sophia,Garcia,Plano,TX,2022-11-01,Silver,PH-001
CUS-03953,LOY-003953,Marcus,Ross,Fort Worth,TX,2024-07-26,Gold,PH-005
CUS-03954,LOY-003954,David,Garcia,Frisco,TX,2023-03-14,Standard,PH-002
CUS-03955,LOY-003955,Noah,Lee,Frisco,TX,2022-01-29,Gold,PH-003
CUS-03956,LOY-003956,Sophia,Chen,Irving,TX,2024-10-11,Gold,PH-004
CUS-03957,LOY-003957,Laura,Hill,Fort Worth,TX,2023-02-02,Standard,PH-005
CUS-03958,LOY-003958,Grace,Kim,Fort Worth,TX,2022-04-16,Standard,PH-001
CUS-03959,LOY-003959,Ava,Thomas,Fort Worth,TX,2024-09-10,Standard,PH-001
CUS-03960,LOY-003960,Sophia,Martinez,Fort Worth,TX,2022-06-22,Silver,PH-001
CUS-03961,LOY-003961,Jennifer,Ross,Plano,TX,2024-06-06,Silver,PH-005
CUS-03962,LOY-003962,Laura,Miller,Dallas,TX,2022-01-31,Silver,PH-005
CUS-03963,LOY-003963,Jennifer,Johnson,Irving,TX,2022-07-19,Standard,PH-005
CUS-03964,LOY-003964,Mia,Reed,Fort Worth,TX,2023-10-18,Silver,PH-003
CUS-03965,LOY-003965,Melissa,Patel,Irving,TX,2022-04-19,Silver,PH-005
CUS-03966,LOY-003966,Ethan,Lee,Plano,TX,2024-05-26,Gold,PH-002
CUS-03967,LOY-003967,Linda,White,Dallas,TX,2024-02-02,Silver,PH-002
CUS-03968,LOY-003968,Noah,Moore,Plano,TX,2022-01-26,Silver,PH-001
CUS-03969,LOY-003969,Robert,Miller,Plano,TX,2022-04-22,Standard,PH-005
CUS-03970,LOY-003970,Laura,Patel,Frisco,TX,2025-11-25,Standard,PH-003
CUS-03971,LOY-003971,Melissa,Miller,Frisco,TX,2026-02-26,Standard,PH-001
CUS-03972,LOY-003972,Sophia,White,Plano,TX,2022-02-25,Silver,PH-004
CUS-03973,LOY-003973,Emily,King,Dallas,TX,2023-10-08,Standard,PH-003
CUS-03974,LOY-003974,Kevin,Moore,Fort Worth,TX,2025-03-05,Standard,PH-001
CUS-03975,LOY-003975,Marcus,Reed,Irving,TX,2023-05-27,Standard,PH-005
CUS-03976,LOY-003976,Melissa,Carter,Plano,TX,2022-10-07,Silver,PH-001
CUS-03977,LOY-003977,Robert,Patel,Plano,TX,2025-04-17,Standard,PH-002
CUS-03978,LOY-003978,Mia,Miller,Dallas,TX,2024-02-02,Silver,PH-002
CUS-03979,LOY-003979,Ethan,Lee,Dallas,TX,2025-09-20,Gold,PH-005
CUS-03980,LOY-003980,Liam,King,Dallas,TX,2022-08-22,Standard,PH-003
CUS-03981,LOY-003981,Jessica,Nguyen,Plano,TX,2023-04-03,Gold,PH-001
CUS-03982,LOY-003982,John,Chen,Plano,TX,2024-01-15,Standard,PH-005
CUS-03983,LOY-003983,Anthony,Hill,Plano,TX,2022-11-21,Standard,PH-005
CUS-03984,LOY-003984,Daniel,Patel,Irving,TX,2025-10-23,Silver,PH-003
CUS-03985,LOY-003985,Melissa,Martinez,Frisco,TX,2023-01-16,Gold,PH-004
CUS-03986,LOY-003986,Sophia,Jackson,Frisco,TX,2025-06-02,Silver,PH-004
CUS-03987,LOY-003987,Grace,Lee,Plano,TX,2023-06-25,Gold,PH-005
CUS-03988,LOY-003988,Laura,Smith,Plano,TX,2023-07-03,Standard,PH-001
CUS-03989,LOY-003989,Ava,White,Fort Worth,TX,2024-01-01,Standard,PH-004
CUS-03990,LOY-003990,Liam,Wilson,Irving,TX,2025-07-04,Standard,PH-003
CUS-03991,LOY-003991,Mia,Garcia,Fort Worth,TX,2025-07-28,Gold,PH-003
CUS-03992,LOY-003992,Sarah,Lopez,Irving,TX,2023-04-21,Silver,PH-004
CUS-03993,LOY-003993,Liam,Tran,Frisco,TX,2025-11-10,Standard,PH-004
CUS-03994,LOY-003994,Anthony,Kim,Frisco,TX,2025-02-26,Standard,PH-003
CUS-03995,LOY-003995,Emily,Jackson,Irving,TX,2022-11-19,Silver,PH-002
CUS-03996,LOY-003996,Ethan,Davis,Dallas,TX,2025-06-22,Silver,PH-004
CUS-03997,LOY-003997,Sophia,Hill,Frisco,TX,2024-08-26,Silver,PH-002
CUS-03998,LOY-003998,Linda,Reed,Fort Worth,TX,2025-11-30,Silver,PH-002
CUS-03999,LOY-003999,Sophia,Wilson,Frisco,TX,2026-04-16,Silver,PH-004
CUS-04000,LOY-004000,Ava,Patel,Plano,TX,2023-11-24,Standard,PH-005
CUS-04001,LOY-004001,Brandon,Thomas,Irving,TX,2022-09-18,Gold,PH-005
CUS-04002,LOY-004002,Jessica,Patel,Plano,TX,2022-11-12,Silver,PH-002
CUS-04003,LOY-004003,Noah,Jackson,Irving,TX,2024-10-08,Gold,PH-002
CUS-04004,LOY-004004,Sophia,Hill,Frisco,TX,2024-08-30,Standard,PH-002
CUS-04005,LOY-004005,Ethan,Wilson,Irving,TX,2023-02-07,Gold,PH-005
CUS-04006,LOY-004006,Linda,Patel,Frisco,TX,2023-03-12,Gold,PH-003
CUS-04007,LOY-004007,Laura,Johnson,Frisco,TX,2024-10-21,Gold,PH-004
CUS-04008,LOY-004008,Linda,Anderson,Fort Worth,TX,2022-02-23,Silver,PH-001
CUS-04009,LOY-004009,Anthony,Moore,Fort Worth,TX,2022-10-29,Silver,PH-005
CUS-04010,LOY-004010,Emily,Garcia,Plano,TX,2025-06-15,Gold,PH-005
CUS-04011,LOY-004011,Grace,Anderson,Dallas,TX,2024-04-30,Standard,PH-003
CUS-04012,LOY-004012,Linda,Anderson,Fort Worth,TX,2022-06-20,Standard,PH-004
CUS-04013,LOY-004013,Grace,Davis,Plano,TX,2025-11-23,Silver,PH-001
CUS-04014,LOY-004014,Amanda,Chen,Dallas,TX,2024-10-15,Standard,PH-004
CUS-04015,LOY-004015,Melissa,Reed,Dallas,TX,2024-08-23,Gold,PH-002
CUS-04016,LOY-004016,Liam,Jackson,Dallas,TX,2022-07-15,Silver,PH-005
CUS-04017,LOY-004017,Olivia,Smith,Irving,TX,2025-02-08,Gold,PH-001
CUS-04018,LOY-004018,Jessica,Carter,Irving,TX,2026-02-07,Silver,PH-005
CUS-04019,LOY-004019,John,Hill,Plano,TX,2022-09-08,Silver,PH-004
CUS-04020,LOY-004020,Grace,Martinez,Fort Worth,TX,2026-04-23,Silver,PH-004
CUS-04021,LOY-004021,Anthony,Miller,Frisco,TX,2025-08-08,Silver,PH-002
CUS-04022,LOY-004022,Ava,Garcia,Plano,TX,2024-03-06,Gold,PH-003
CUS-04023,LOY-004023,Rachel,Jackson,Irving,TX,2023-02-25,Standard,PH-005
CUS-04024,LOY-004024,Marcus,Wilson,Plano,TX,2026-03-13,Gold,PH-005
CUS-04025,LOY-004025,Ethan,Nguyen,Dallas,TX,2023-03-17,Silver,PH-005
CUS-04026,LOY-004026,Daniel,Davis,Dallas,TX,2025-09-29,Standard,PH-002
CUS-04027,LOY-004027,Ethan,Smith,Irving,TX,2026-01-11,Silver,PH-005
CUS-04028,LOY-004028,David,Tran,Fort Worth,TX,2024-04-19,Silver,PH-001
CUS-04029,LOY-004029,Laura,Anderson,Fort Worth,TX,2023-04-05,Standard,PH-003
CUS-04030,LOY-004030,Linda,Lopez,Dallas,TX,2022-03-09,Standard,PH-004
CUS-04031,LOY-004031,Marcus,Miller,Frisco,TX,2026-05-03,Gold,PH-001
CUS-04032,LOY-004032,Marcus,Reed,Plano,TX,2025-03-08,Gold,PH-003
CUS-04033,LOY-004033,Ava,Garcia,Dallas,TX,2026-04-09,Standard,PH-002
CUS-04034,LOY-004034,Linda,Chen,Frisco,TX,2023-07-11,Standard,PH-004
CUS-04035,LOY-004035,Mia,Smith,Irving,TX,2025-09-07,Standard,PH-003
CUS-04036,LOY-004036,Jessica,White,Dallas,TX,2023-07-31,Standard,PH-005
CUS-04037,LOY-004037,Jessica,White,Frisco,TX,2022-07-01,Gold,PH-001
CUS-04038,LOY-004038,Jennifer,Smith,Irving,TX,2025-05-14,Standard,PH-001
CUS-04039,LOY-004039,Jennifer,Ross,Fort Worth,TX,2022-07-06,Standard,PH-004
CUS-04040,LOY-004040,Amanda,Nguyen,Fort Worth,TX,2025-09-02,Gold,PH-005
CUS-04041,LOY-004041,Mia,Anderson,Dallas,TX,2026-04-30,Standard,PH-001
CUS-04042,LOY-004042,Sophia,Taylor,Plano,TX,2022-03-21,Standard,PH-005
CUS-04043,LOY-004043,Jessica,Smith,Irving,TX,2022-09-01,Silver,PH-005
CUS-04044,LOY-004044,Robert,Moore,Dallas,TX,2025-06-25,Gold,PH-001
CUS-04045,LOY-004045,Linda,Nguyen,Plano,TX,2022-09-07,Standard,PH-003
CUS-04046,LOY-004046,Michael,Moore,Frisco,TX,2023-09-12,Gold,PH-003
CUS-04047,LOY-004047,Melissa,King,Plano,TX,2023-10-16,Standard,PH-001
CUS-04048,LOY-004048,Laura,King,Irving,TX,2025-03-04,Gold,PH-001
CUS-04049,LOY-004049,Emily,Garcia,Dallas,TX,2023-02-25,Gold,PH-004
CUS-04050,LOY-004050,Robert,Tran,Frisco,TX,2024-09-11,Standard,PH-001
CUS-04051,LOY-004051,Grace,Brown,Dallas,TX,2023-02-21,Standard,PH-001
CUS-04052,LOY-004052,Brandon,Anderson,Frisco,TX,2022-02-03,Standard,PH-003
CUS-04053,LOY-004053,David,Anderson,Dallas,TX,2022-11-27,Gold,PH-005
CUS-04054,LOY-004054,Grace,Taylor,Dallas,TX,2023-08-16,Standard,PH-001
CUS-04055,LOY-004055,Melissa,Johnson,Irving,TX,2025-07-18,Silver,PH-003
CUS-04056,LOY-004056,Melissa,Brown,Dallas,TX,2026-05-02,Gold,PH-002
CUS-04057,LOY-004057,Laura,Brown,Fort Worth,TX,2024-01-25,Silver,PH-004
CUS-04058,LOY-004058,Sophia,Smith,Plano,TX,2025-05-24,Standard,PH-002
CUS-04059,LOY-004059,Jessica,White,Dallas,TX,2022-03-18,Gold,PH-004
CUS-04060,LOY-004060,Sophia,Lopez,Dallas,TX,2025-09-08,Silver,PH-001
CUS-04061,LOY-004061,Grace,Garcia,Frisco,TX,2022-12-13,Standard,PH-002
CUS-04062,LOY-004062,Marcus,Kim,Frisco,TX,2022-04-09,Standard,PH-002
CUS-04063,LOY-004063,Jennifer,Patel,Plano,TX,2023-11-10,Standard,PH-004
CUS-04064,LOY-004064,Olivia,Anderson,Irving,TX,2025-09-17,Standard,PH-004
CUS-04065,LOY-004065,Jennifer,Smith,Fort Worth,TX,2023-06-03,Silver,PH-003
CUS-04066,LOY-004066,Sarah,Patel,Plano,TX,2026-04-01,Gold,PH-004
CUS-04067,LOY-004067,Ava,Nguyen,Dallas,TX,2022-01-05,Standard,PH-003
CUS-04068,LOY-004068,Sophia,Brown,Dallas,TX,2025-12-20,Silver,PH-005
CUS-04069,LOY-004069,Jessica,Lopez,Fort Worth,TX,2023-07-20,Gold,PH-005
CUS-04070,LOY-004070,Rachel,Smith,Irving,TX,2025-05-23,Silver,PH-005
CUS-04071,LOY-004071,Brandon,Lopez,Plano,TX,2022-04-30,Standard,PH-003
CUS-04072,LOY-004072,Marcus,Garcia,Frisco,TX,2024-06-05,Silver,PH-003
CUS-04073,LOY-004073,Mia,Reed,Plano,TX,2024-01-19,Silver,PH-005
CUS-04074,LOY-004074,Sophia,Carter,Plano,TX,2024-07-07,Gold,PH-001
CUS-04075,LOY-004075,David,Carter,Irving,TX,2024-04-07,Standard,PH-003
CUS-04076,LOY-004076,Anthony,Kim,Dallas,TX,2023-06-15,Silver,PH-001
CUS-04077,LOY-004077,Emily,Lee,Dallas,TX,2022-06-19,Silver,PH-003
CUS-04078,LOY-004078,Marcus,Chen,Dallas,TX,2024-02-14,Gold,PH-004
CUS-04079,LOY-004079,Sarah,Ross,Dallas,TX,2025-12-05,Gold,PH-004
CUS-04080,LOY-004080,Liam,White,Dallas,TX,2022-01-11,Standard,PH-004
CUS-04081,LOY-004081,Laura,Johnson,Fort Worth,TX,2022-05-01,Gold,PH-003
CUS-04082,LOY-004082,Grace,Jackson,Dallas,TX,2024-09-22,Standard,PH-005
CUS-04083,LOY-004083,Melissa,Lee,Irving,TX,2024-04-14,Standard,PH-002
CUS-04084,LOY-004084,Michael,Moore,Dallas,TX,2022-09-07,Silver,PH-002
CUS-04085,LOY-004085,Melissa,Chen,Plano,TX,2025-02-04,Standard,PH-002
CUS-04086,LOY-004086,Sarah,Johnson,Plano,TX,2023-08-05,Standard,PH-005
CUS-04087,LOY-004087,Daniel,Brown,Frisco,TX,2022-11-15,Gold,PH-002
CUS-04088,LOY-004088,Rachel,Lopez,Fort Worth,TX,2025-05-04,Silver,PH-001
CUS-04089,LOY-004089,Amanda,Ross,Dallas,TX,2022-03-21,Gold,PH-005
CUS-04090,LOY-004090,Daniel,Wilson,Fort Worth,TX,2022-08-26,Standard,PH-003
CUS-04091,LOY-004091,Grace,Hill,Dallas,TX,2023-05-20,Silver,PH-001
CUS-04092,LOY-004092,Liam,Patel,Plano,TX,2023-10-15,Silver,PH-002
CUS-04093,LOY-004093,Sarah,Jackson,Fort Worth,TX,2025-04-27,Standard,PH-001
CUS-04094,LOY-004094,Grace,Smith,Frisco,TX,2022-08-29,Gold,PH-003
CUS-04095,LOY-004095,Emily,Johnson,Dallas,TX,2025-05-11,Silver,PH-005
CUS-04096,LOY-004096,Linda,Lee,Plano,TX,2025-01-11,Standard,PH-001
CUS-04097,LOY-004097,Amanda,Nguyen,Dallas,TX,2025-06-27,Silver,PH-003
CUS-04098,LOY-004098,Linda,Nguyen,Dallas,TX,2025-06-09,Silver,PH-002
CUS-04099,LOY-004099,Grace,Jackson,Fort Worth,TX,2026-04-08,Standard,PH-003
CUS-04100,LOY-004100,Sophia,Brown,Fort Worth,TX,2024-04-19,Silver,PH-003
CUS-04101,LOY-004101,Ava,Taylor,Plano,TX,2025-02-01,Standard,PH-002
CUS-04102,LOY-004102,Jennifer,Taylor,Fort Worth,TX,2025-10-12,Gold,PH-005
CUS-04103,LOY-004103,Linda,Lee,Irving,TX,2023-03-31,Silver,PH-004
CUS-04104,LOY-004104,Jessica,Taylor,Dallas,TX,2025-10-11,Standard,PH-004
CUS-04105,LOY-004105,Jessica,Garcia,Dallas,TX,2025-09-29,Standard,PH-001
CUS-04106,LOY-004106,Linda,Anderson,Fort Worth,TX,2026-01-25,Gold,PH-004
CUS-04107,LOY-004107,Daniel,Chen,Irving,TX,2025-05-06,Gold,PH-001
CUS-04108,LOY-004108,Kevin,Patel,Fort Worth,TX,2023-10-24,Silver,PH-004
CUS-04109,LOY-004109,Grace,Kim,Fort Worth,TX,2025-03-17,Silver,PH-001
CUS-04110,LOY-004110,Jessica,Jackson,Frisco,TX,2023-01-18,Gold,PH-001
CUS-04111,LOY-004111,Laura,Lopez,Irving,TX,2025-03-06,Gold,PH-001
CUS-04112,LOY-004112,Noah,Nguyen,Frisco,TX,2022-11-10,Gold,PH-005
CUS-04113,LOY-004113,Grace,Johnson,Irving,TX,2022-01-31,Silver,PH-001
CUS-04114,LOY-004114,Ava,King,Irving,TX,2023-11-11,Silver,PH-004
CUS-04115,LOY-004115,Linda,Chen,Irving,TX,2026-03-29,Silver,PH-003
CUS-04116,LOY-004116,David,King,Dallas,TX,2024-03-28,Silver,PH-002
CUS-04117,LOY-004117,David,Smith,Dallas,TX,2023-04-02,Silver,PH-005
CUS-04118,LOY-004118,Jennifer,Nguyen,Fort Worth,TX,2025-02-04,Standard,PH-002
CUS-04119,LOY-004119,Rachel,Chen,Dallas,TX,2024-11-14,Silver,PH-002
CUS-04120,LOY-004120,Emily,Moore,Irving,TX,2025-06-15,Gold,PH-002
CUS-04121,LOY-004121,Ethan,Lopez,Irving,TX,2023-08-29,Silver,PH-003
CUS-04122,LOY-004122,David,Jackson,Irving,TX,2023-01-05,Silver,PH-001
CUS-04123,LOY-004123,Jessica,Nguyen,Plano,TX,2023-05-08,Gold,PH-002
CUS-04124,LOY-004124,Daniel,Miller,Plano,TX,2023-09-10,Gold,PH-001
CUS-04125,LOY-004125,Liam,King,Frisco,TX,2022-06-13,Silver,PH-002
CUS-04126,LOY-004126,Sophia,Hill,Frisco,TX,2023-12-02,Standard,PH-004
CUS-04127,LOY-004127,Olivia,Hill,Frisco,TX,2024-12-30,Silver,PH-003
CUS-04128,LOY-004128,David,Nguyen,Fort Worth,TX,2022-02-28,Silver,PH-002
CUS-04129,LOY-004129,Emily,Garcia,Irving,TX,2022-01-31,Standard,PH-003
CUS-04130,LOY-004130,Sarah,Kim,Irving,TX,2022-05-06,Standard,PH-002
CUS-04131,LOY-004131,Linda,Anderson,Plano,TX,2025-06-24,Silver,PH-005
CUS-04132,LOY-004132,Sophia,Kim,Plano,TX,2023-04-01,Standard,PH-003
CUS-04133,LOY-004133,Ethan,Johnson,Plano,TX,2024-12-11,Silver,PH-002
CUS-04134,LOY-004134,Robert,Ross,Dallas,TX,2022-10-14,Gold,PH-004
CUS-04135,LOY-004135,Anthony,Miller,Fort Worth,TX,2025-05-13,Standard,PH-004
CUS-04136,LOY-004136,Sarah,Hill,Irving,TX,2023-08-29,Standard,PH-005
CUS-04137,LOY-004137,Melissa,Carter,Dallas,TX,2023-09-11,Standard,PH-004
CUS-04138,LOY-004138,David,Johnson,Plano,TX,2022-09-02,Silver,PH-002
CUS-04139,LOY-004139,Brandon,Miller,Irving,TX,2024-02-23,Gold,PH-002
CUS-04140,LOY-004140,Emily,Lee,Irving,TX,2023-03-30,Standard,PH-003
CUS-04141,LOY-004141,Liam,King,Plano,TX,2022-09-06,Standard,PH-005
CUS-04142,LOY-004142,Sarah,Davis,Dallas,TX,2023-09-11,Gold,PH-003
CUS-04143,LOY-004143,Amanda,Miller,Plano,TX,2022-04-03,Silver,PH-001
CUS-04144,LOY-004144,Mia,Garcia,Dallas,TX,2022-08-06,Gold,PH-002
CUS-04145,LOY-004145,Ethan,Chen,Plano,TX,2024-02-05,Gold,PH-002
CUS-04146,LOY-004146,Emily,Lopez,Irving,TX,2022-06-23,Gold,PH-001
CUS-04147,LOY-004147,Amanda,King,Dallas,TX,2023-01-12,Gold,PH-005
CUS-04148,LOY-004148,Ethan,Patel,Irving,TX,2022-07-23,Silver,PH-002
CUS-04149,LOY-004149,Sarah,Patel,Irving,TX,2026-01-05,Gold,PH-003
CUS-04150,LOY-004150,Noah,Brown,Dallas,TX,2024-11-18,Gold,PH-003
CUS-04151,LOY-004151,Rachel,Lopez,Frisco,TX,2022-01-06,Gold,PH-004
CUS-04152,LOY-004152,Brandon,Lopez,Plano,TX,2023-04-10,Standard,PH-003
CUS-04153,LOY-004153,Grace,Jackson,Frisco,TX,2026-01-28,Standard,PH-002
CUS-04154,LOY-004154,Ava,Chen,Dallas,TX,2024-02-28,Gold,PH-004
CUS-04155,LOY-004155,David,White,Fort Worth,TX,2026-04-23,Standard,PH-003
CUS-04156,LOY-004156,Kevin,Reed,Frisco,TX,2024-06-22,Gold,PH-003
CUS-04157,LOY-004157,Linda,Wilson,Dallas,TX,2026-02-24,Standard,PH-005
CUS-04158,LOY-004158,Sophia,Jackson,Frisco,TX,2023-02-06,Gold,PH-005
CUS-04159,LOY-004159,Noah,Hill,Dallas,TX,2025-10-04,Silver,PH-004
CUS-04160,LOY-004160,Laura,Smith,Irving,TX,2023-11-28,Standard,PH-003
CUS-04161,LOY-004161,Sarah,Anderson,Irving,TX,2025-08-20,Silver,PH-001
CUS-04162,LOY-004162,Melissa,Lee,Fort Worth,TX,2022-11-24,Gold,PH-001
CUS-04163,LOY-004163,Noah,Taylor,Frisco,TX,2024-09-03,Gold,PH-001
CUS-04164,LOY-004164,Laura,Anderson,Dallas,TX,2026-01-17,Gold,PH-001
CUS-04165,LOY-004165,Melissa,Carter,Plano,TX,2022-05-22,Gold,PH-001
CUS-04166,LOY-004166,Anthony,Brown,Fort Worth,TX,2025-10-24,Silver,PH-001
CUS-04167,LOY-004167,Anthony,Taylor,Irving,TX,2025-07-19,Silver,PH-002
CUS-04168,LOY-004168,Kevin,Chen,Plano,TX,2022-11-06,Standard,PH-004
CUS-04169,LOY-004169,Marcus,Johnson,Frisco,TX,2025-04-14,Standard,PH-001
CUS-04170,LOY-004170,Melissa,Reed,Fort Worth,TX,2026-01-15,Silver,PH-005
CUS-04171,LOY-004171,Rachel,Smith,Plano,TX,2024-10-16,Standard,PH-001
CUS-04172,LOY-004172,Sophia,Carter,Fort Worth,TX,2023-10-01,Standard,PH-001
CUS-04173,LOY-004173,Robert,Lee,Plano,TX,2024-07-17,Silver,PH-002
CUS-04174,LOY-004174,Brandon,Jackson,Fort Worth,TX,2025-03-02,Gold,PH-002
CUS-04175,LOY-004175,Linda,Thomas,Dallas,TX,2023-03-01,Standard,PH-003
CUS-04176,LOY-004176,Laura,Kim,Fort Worth,TX,2025-09-11,Gold,PH-005
CUS-04177,LOY-004177,Anthony,Reed,Fort Worth,TX,2023-03-04,Standard,PH-004
CUS-04178,LOY-004178,Liam,Johnson,Frisco,TX,2022-07-31,Silver,PH-005
CUS-04179,LOY-004179,John,White,Irving,TX,2024-04-25,Silver,PH-005
CUS-04180,LOY-004180,Jennifer,Patel,Plano,TX,2024-12-08,Standard,PH-001
CUS-04181,LOY-004181,Marcus,Hill,Frisco,TX,2025-09-28,Standard,PH-004
CUS-04182,LOY-004182,Grace,Kim,Plano,TX,2025-12-05,Silver,PH-004
CUS-04183,LOY-004183,Sophia,Miller,Irving,TX,2024-06-30,Standard,PH-003
CUS-04184,LOY-004184,Jennifer,White,Plano,TX,2024-09-26,Standard,PH-003
CUS-04185,LOY-004185,Kevin,Kim,Plano,TX,2023-05-25,Silver,PH-003
CUS-04186,LOY-004186,Mia,Reed,Frisco,TX,2026-03-19,Silver,PH-005
CUS-04187,LOY-004187,Emily,Smith,Frisco,TX,2024-12-19,Silver,PH-005
CUS-04188,LOY-004188,Sophia,Garcia,Irving,TX,2022-11-24,Standard,PH-003
CUS-04189,LOY-004189,Grace,Garcia,Frisco,TX,2025-12-21,Silver,PH-001
CUS-04190,LOY-004190,Amanda,Nguyen,Irving,TX,2025-07-04,Standard,PH-003
CUS-04191,LOY-004191,Amanda,Smith,Fort Worth,TX,2022-09-23,Gold,PH-004
CUS-04192,LOY-004192,Kevin,Reed,Fort Worth,TX,2023-11-15,Standard,PH-002
CUS-04193,LOY-004193,Mia,King,Irving,TX,2026-04-18,Standard,PH-004
CUS-04194,LOY-004194,Laura,Thomas,Irving,TX,2023-01-03,Gold,PH-002
CUS-04195,LOY-004195,Ava,Patel,Dallas,TX,2025-06-11,Silver,PH-005
CUS-04196,LOY-004196,Liam,Martinez,Frisco,TX,2025-11-03,Silver,PH-002
CUS-04197,LOY-004197,Jennifer,Carter,Fort Worth,TX,2022-08-14,Silver,PH-004
CUS-04198,LOY-004198,Grace,Anderson,Frisco,TX,2022-01-09,Standard,PH-002
CUS-04199,LOY-004199,Grace,Martinez,Frisco,TX,2024-10-07,Silver,PH-005
CUS-04200,LOY-004200,Noah,Thomas,Dallas,TX,2023-08-11,Silver,PH-004
CUS-04201,LOY-004201,Ava,Garcia,Irving,TX,2022-10-08,Silver,PH-001
CUS-04202,LOY-004202,Michael,Nguyen,Dallas,TX,2024-07-28,Standard,PH-002
CUS-04203,LOY-004203,Linda,Taylor,Fort Worth,TX,2024-12-20,Standard,PH-001
CUS-04204,LOY-004204,Sophia,Wilson,Fort Worth,TX,2025-10-25,Standard,PH-002
CUS-04205,LOY-004205,John,Wilson,Plano,TX,2025-11-21,Standard,PH-005
CUS-04206,LOY-004206,Noah,Thomas,Frisco,TX,2023-10-11,Standard,PH-004
CUS-04207,LOY-004207,Emily,Reed,Irving,TX,2022-01-25,Silver,PH-002
CUS-04208,LOY-004208,Laura,Taylor,Plano,TX,2025-10-06,Standard,PH-005
CUS-04209,LOY-004209,Laura,Martinez,Dallas,TX,2022-08-20,Standard,PH-002
CUS-04210,LOY-004210,Grace,Carter,Dallas,TX,2022-04-11,Gold,PH-005
CUS-04211,LOY-004211,Sophia,Davis,Frisco,TX,2022-09-17,Silver,PH-003
CUS-04212,LOY-004212,Liam,Johnson,Plano,TX,2023-02-24,Standard,PH-004
CUS-04213,LOY-004213,David,Anderson,Fort Worth,TX,2024-02-20,Standard,PH-005
CUS-04214,LOY-004214,Sarah,Thomas,Fort Worth,TX,2025-05-24,Silver,PH-004
CUS-04215,LOY-004215,Ava,Moore,Dallas,TX,2025-11-29,Standard,PH-004
CUS-04216,LOY-004216,Amanda,Patel,Frisco,TX,2025-05-27,Silver,PH-004
CUS-04217,LOY-004217,Olivia,Carter,Dallas,TX,2025-02-25,Silver,PH-004
CUS-04218,LOY-004218,Daniel,Garcia,Dallas,TX,2022-08-21,Standard,PH-002
CUS-04219,LOY-004219,Daniel,Lopez,Frisco,TX,2026-04-13,Standard,PH-005
CUS-04220,LOY-004220,John,Kim,Dallas,TX,2025-08-30,Standard,PH-001
CUS-04221,LOY-004221,Marcus,Patel,Frisco,TX,2024-03-12,Standard,PH-004
CUS-04222,LOY-004222,Rachel,White,Fort Worth,TX,2026-01-05,Gold,PH-001
CUS-04223,LOY-004223,Jessica,King,Plano,TX,2024-12-08,Gold,PH-005
CUS-04224,LOY-004224,Brandon,Taylor,Dallas,TX,2023-08-09,Silver,PH-001
CUS-04225,LOY-004225,Robert,Nguyen,Dallas,TX,2023-07-11,Standard,PH-001
CUS-04226,LOY-004226,Rachel,Reed,Irving,TX,2024-11-08,Silver,PH-001
CUS-04227,LOY-004227,Mia,Martinez,Frisco,TX,2023-01-27,Gold,PH-001
CUS-04228,LOY-004228,Daniel,Davis,Plano,TX,2024-09-04,Silver,PH-004
CUS-04229,LOY-004229,Kevin,Kim,Fort Worth,TX,2022-04-13,Standard,PH-001
CUS-04230,LOY-004230,Olivia,Taylor,Dallas,TX,2022-07-31,Silver,PH-005
CUS-04231,LOY-004231,Kevin,Reed,Frisco,TX,2024-07-05,Standard,PH-004
CUS-04232,LOY-004232,David,Johnson,Frisco,TX,2022-03-15,Standard,PH-005
CUS-04233,LOY-004233,Robert,Carter,Irving,TX,2025-09-07,Standard,PH-004
CUS-04234,LOY-004234,Olivia,Davis,Fort Worth,TX,2025-08-15,Gold,PH-002
CUS-04235,LOY-004235,Emily,Thomas,Dallas,TX,2024-06-11,Standard,PH-001
CUS-04236,LOY-004236,Rachel,Davis,Irving,TX,2024-05-18,Gold,PH-004
CUS-04237,LOY-004237,Marcus,Tran,Fort Worth,TX,2025-03-15,Silver,PH-004
CUS-04238,LOY-004238,David,Kim,Fort Worth,TX,2026-02-16,Gold,PH-005
CUS-04239,LOY-004239,John,Anderson,Plano,TX,2022-11-24,Silver,PH-001
CUS-04240,LOY-004240,Emily,King,Frisco,TX,2022-02-27,Silver,PH-005
CUS-04241,LOY-004241,John,Kim,Plano,TX,2023-06-08,Silver,PH-005
CUS-04242,LOY-004242,Jennifer,Garcia,Frisco,TX,2024-05-14,Silver,PH-004
CUS-04243,LOY-004243,Noah,Carter,Fort Worth,TX,2024-01-27,Standard,PH-003
CUS-04244,LOY-004244,Linda,Chen,Fort Worth,TX,2025-09-05,Gold,PH-005
CUS-04245,LOY-004245,Sarah,Nguyen,Plano,TX,2024-03-05,Silver,PH-002
CUS-04246,LOY-004246,Marcus,Wilson,Irving,TX,2023-11-18,Gold,PH-001
CUS-04247,LOY-004247,Jennifer,Anderson,Frisco,TX,2025-01-09,Silver,PH-004
CUS-04248,LOY-004248,Laura,Johnson,Irving,TX,2025-05-23,Standard,PH-001
CUS-04249,LOY-004249,Liam,Martinez,Dallas,TX,2022-11-07,Gold,PH-003
CUS-04250,LOY-004250,John,Miller,Irving,TX,2023-01-02,Silver,PH-004
CUS-04251,LOY-004251,Laura,Garcia,Fort Worth,TX,2025-08-18,Standard,PH-003
CUS-04252,LOY-004252,Kevin,Tran,Frisco,TX,2026-02-21,Gold,PH-001
CUS-04253,LOY-004253,Sarah,Patel,Plano,TX,2024-11-26,Silver,PH-003
CUS-04254,LOY-004254,Laura,Hill,Plano,TX,2022-01-10,Gold,PH-004
CUS-04255,LOY-004255,John,Lee,Fort Worth,TX,2025-03-01,Silver,PH-002
CUS-04256,LOY-004256,Ava,Lee,Irving,TX,2026-04-17,Standard,PH-005
CUS-04257,LOY-004257,Noah,Miller,Irving,TX,2024-08-31,Silver,PH-004
CUS-04258,LOY-004258,Ava,Jackson,Dallas,TX,2022-09-05,Gold,PH-003
CUS-04259,LOY-004259,Melissa,Patel,Plano,TX,2025-11-20,Gold,PH-004
CUS-04260,LOY-004260,Ethan,Davis,Irving,TX,2023-02-11,Standard,PH-005
CUS-04261,LOY-004261,Robert,Lee,Irving,TX,2022-06-19,Standard,PH-001
CUS-04262,LOY-004262,Robert,Carter,Frisco,TX,2022-10-16,Standard,PH-003
CUS-04263,LOY-004263,Mia,Nguyen,Irving,TX,2023-03-20,Gold,PH-001
CUS-04264,LOY-004264,Rachel,Moore,Irving,TX,2025-11-17,Gold,PH-004
CUS-04265,LOY-004265,Emily,Hill,Fort Worth,TX,2025-12-28,Silver,PH-001
CUS-04266,LOY-004266,Mia,Garcia,Fort Worth,TX,2025-07-16,Silver,PH-001
CUS-04267,LOY-004267,Anthony,Kim,Fort Worth,TX,2024-06-08,Silver,PH-004
CUS-04268,LOY-004268,Anthony,Jackson,Irving,TX,2024-04-12,Silver,PH-001
CUS-04269,LOY-004269,Olivia,Lopez,Irving,TX,2024-12-09,Standard,PH-002
CUS-04270,LOY-004270,Sophia,Jackson,Frisco,TX,2022-02-02,Standard,PH-005
CUS-04271,LOY-004271,Noah,Kim,Plano,TX,2022-11-27,Silver,PH-002
CUS-04272,LOY-004272,Mia,Reed,Frisco,TX,2023-02-06,Silver,PH-005
CUS-04273,LOY-004273,John,Thomas,Plano,TX,2022-09-18,Standard,PH-005
CUS-04274,LOY-004274,Jennifer,Jackson,Frisco,TX,2023-05-15,Gold,PH-001
CUS-04275,LOY-004275,David,Lee,Frisco,TX,2025-11-20,Silver,PH-004
CUS-04276,LOY-004276,Mia,Chen,Irving,TX,2022-04-13,Standard,PH-003
CUS-04277,LOY-004277,Emily,White,Fort Worth,TX,2022-08-23,Standard,PH-003
CUS-04278,LOY-004278,Robert,Moore,Dallas,TX,2022-03-31,Standard,PH-004
CUS-04279,LOY-004279,Noah,Carter,Irving,TX,2022-01-19,Standard,PH-005
CUS-04280,LOY-004280,Robert,Carter,Irving,TX,2023-12-16,Gold,PH-005
CUS-04281,LOY-004281,Noah,Martinez,Frisco,TX,2024-08-17,Silver,PH-005
CUS-04282,LOY-004282,David,Johnson,Plano,TX,2023-03-28,Silver,PH-003
CUS-04283,LOY-004283,Michael,Davis,Plano,TX,2024-01-04,Silver,PH-001
CUS-04284,LOY-004284,Olivia,Miller,Dallas,TX,2023-08-04,Gold,PH-004
CUS-04285,LOY-004285,Emily,Garcia,Dallas,TX,2023-06-01,Silver,PH-002
CUS-04286,LOY-004286,Noah,Davis,Irving,TX,2025-07-21,Silver,PH-003
CUS-04287,LOY-004287,Mia,Chen,Plano,TX,2022-02-16,Standard,PH-001
CUS-04288,LOY-004288,Emily,Thomas,Plano,TX,2025-09-08,Silver,PH-004
CUS-04289,LOY-004289,Rachel,Carter,Fort Worth,TX,2022-10-18,Silver,PH-004
CUS-04290,LOY-004290,Jessica,Patel,Frisco,TX,2025-04-27,Standard,PH-004
CUS-04291,LOY-004291,Mia,Carter,Frisco,TX,2022-01-06,Standard,PH-001
CUS-04292,LOY-004292,Noah,Moore,Plano,TX,2022-02-12,Gold,PH-004
CUS-04293,LOY-004293,Mia,King,Dallas,TX,2023-09-15,Gold,PH-004
CUS-04294,LOY-004294,Grace,Lee,Frisco,TX,2022-06-26,Gold,PH-001
CUS-04295,LOY-004295,Jessica,Jackson,Frisco,TX,2023-07-28,Standard,PH-002
CUS-04296,LOY-004296,Emily,Hill,Irving,TX,2025-08-27,Standard,PH-001
CUS-04297,LOY-004297,Ethan,Thomas,Plano,TX,2023-04-26,Silver,PH-004
CUS-04298,LOY-004298,Ethan,Martinez,Irving,TX,2025-05-10,Gold,PH-002
CUS-04299,LOY-004299,Grace,Lee,Dallas,TX,2022-04-30,Standard,PH-001
CUS-04300,LOY-004300,Brandon,King,Fort Worth,TX,2025-05-03,Gold,PH-002
CUS-04301,LOY-004301,Jennifer,Johnson,Irving,TX,2024-12-03,Standard,PH-001
CUS-04302,LOY-004302,Grace,Nguyen,Fort Worth,TX,2022-04-02,Standard,PH-005
CUS-04303,LOY-004303,Ethan,Chen,Frisco,TX,2025-12-02,Silver,PH-001
CUS-04304,LOY-004304,Kevin,Johnson,Fort Worth,TX,2026-03-29,Standard,PH-005
CUS-04305,LOY-004305,Mia,King,Fort Worth,TX,2026-02-23,Standard,PH-001
CUS-04306,LOY-004306,Daniel,Thomas,Plano,TX,2025-07-21,Silver,PH-004
CUS-04307,LOY-004307,Laura,Tran,Plano,TX,2026-04-27,Silver,PH-004
CUS-04308,LOY-004308,Sarah,Johnson,Dallas,TX,2024-11-14,Standard,PH-002
CUS-04309,LOY-004309,Melissa,Anderson,Irving,TX,2024-11-30,Standard,PH-003
CUS-04310,LOY-004310,Liam,Garcia,Frisco,TX,2026-05-17,Silver,PH-003
CUS-04311,LOY-004311,Liam,Wilson,Dallas,TX,2023-12-13,Gold,PH-002
CUS-04312,LOY-004312,Jennifer,Tran,Dallas,TX,2023-12-16,Gold,PH-005
CUS-04313,LOY-004313,John,Anderson,Plano,TX,2022-01-18,Gold,PH-004
CUS-04314,LOY-004314,Emily,Martinez,Fort Worth,TX,2024-07-06,Gold,PH-005
CUS-04315,LOY-004315,Sophia,Carter,Dallas,TX,2025-02-16,Gold,PH-001
CUS-04316,LOY-004316,Ava,Nguyen,Plano,TX,2025-09-28,Silver,PH-005
CUS-04317,LOY-004317,Linda,Brown,Irving,TX,2026-02-11,Silver,PH-001
CUS-04318,LOY-004318,Liam,Moore,Dallas,TX,2024-04-10,Silver,PH-004
CUS-04319,LOY-004319,Emily,Thomas,Dallas,TX,2024-11-08,Silver,PH-004
CUS-04320,LOY-004320,Anthony,Carter,Fort Worth,TX,2025-01-16,Standard,PH-004
CUS-04321,LOY-004321,Linda,Smith,Fort Worth,TX,2024-12-13,Gold,PH-003
CUS-04322,LOY-004322,Amanda,Tran,Irving,TX,2026-05-09,Gold,PH-002
CUS-04323,LOY-004323,David,Reed,Plano,TX,2025-04-27,Standard,PH-002
CUS-04324,LOY-004324,Laura,Smith,Irving,TX,2024-06-28,Gold,PH-005
CUS-04325,LOY-004325,Amanda,Garcia,Plano,TX,2024-07-05,Gold,PH-004
CUS-04326,LOY-004326,Jennifer,Reed,Frisco,TX,2022-12-13,Standard,PH-005
CUS-04327,LOY-004327,Ethan,Lopez,Fort Worth,TX,2025-06-01,Standard,PH-004
CUS-04328,LOY-004328,Sophia,Garcia,Fort Worth,TX,2023-05-11,Silver,PH-005
CUS-04329,LOY-004329,Jessica,Hill,Plano,TX,2023-10-25,Silver,PH-005
CUS-04330,LOY-004330,Emily,Brown,Irving,TX,2022-11-08,Silver,PH-003
CUS-04331,LOY-004331,Olivia,Brown,Irving,TX,2023-08-30,Standard,PH-005
CUS-04332,LOY-004332,John,Johnson,Frisco,TX,2026-02-28,Gold,PH-001
CUS-04333,LOY-004333,Kevin,Lee,Dallas,TX,2025-12-26,Silver,PH-001
CUS-04334,LOY-004334,Liam,Wilson,Dallas,TX,2026-05-18,Silver,PH-003
CUS-04335,LOY-004335,Emily,Johnson,Fort Worth,TX,2023-01-21,Gold,PH-001
CUS-04336,LOY-004336,Melissa,Garcia,Frisco,TX,2024-03-22,Silver,PH-001
CUS-04337,LOY-004337,Jessica,Johnson,Irving,TX,2022-06-14,Gold,PH-001
CUS-04338,LOY-004338,Sophia,Davis,Irving,TX,2022-03-22,Standard,PH-003
CUS-04339,LOY-004339,Liam,King,Dallas,TX,2026-01-11,Gold,PH-002
CUS-04340,LOY-004340,Daniel,Ross,Fort Worth,TX,2025-12-12,Gold,PH-002
CUS-04341,LOY-004341,Michael,Wilson,Fort Worth,TX,2024-10-03,Silver,PH-004
CUS-04342,LOY-004342,Robert,Taylor,Plano,TX,2025-08-08,Standard,PH-002
CUS-04343,LOY-004343,Brandon,Martinez,Dallas,TX,2022-09-10,Standard,PH-002
CUS-04344,LOY-004344,Kevin,Taylor,Dallas,TX,2022-05-11,Gold,PH-005
CUS-04345,LOY-004345,Anthony,Taylor,Dallas,TX,2024-10-07,Silver,PH-002
CUS-04346,LOY-004346,Brandon,Jackson,Dallas,TX,2024-04-02,Gold,PH-005
CUS-04347,LOY-004347,Rachel,Carter,Plano,TX,2022-11-28,Standard,PH-002
CUS-04348,LOY-004348,Laura,Lopez,Plano,TX,2022-09-01,Gold,PH-005
CUS-04349,LOY-004349,Amanda,Reed,Plano,TX,2022-03-27,Standard,PH-004
CUS-04350,LOY-004350,Ethan,Martinez,Dallas,TX,2022-10-06,Silver,PH-002
CUS-04351,LOY-004351,Anthony,Taylor,Irving,TX,2022-10-12,Silver,PH-005
CUS-04352,LOY-004352,David,Kim,Plano,TX,2024-08-19,Gold,PH-003
CUS-04353,LOY-004353,Amanda,Thomas,Frisco,TX,2024-10-10,Gold,PH-001
CUS-04354,LOY-004354,Grace,Taylor,Frisco,TX,2023-09-17,Silver,PH-005
CUS-04355,LOY-004355,Rachel,Smith,Irving,TX,2023-06-08,Standard,PH-004
CUS-04356,LOY-004356,Jessica,Brown,Plano,TX,2024-01-12,Gold,PH-003
CUS-04357,LOY-004357,Daniel,Kim,Plano,TX,2023-06-05,Silver,PH-001
CUS-04358,LOY-004358,Daniel,Reed,Irving,TX,2025-01-29,Gold,PH-004
CUS-04359,LOY-004359,Rachel,Davis,Plano,TX,2025-09-26,Gold,PH-003
CUS-04360,LOY-004360,Michael,Martinez,Frisco,TX,2025-02-24,Gold,PH-002
CUS-04361,LOY-004361,Mia,Kim,Fort Worth,TX,2024-05-28,Gold,PH-002
CUS-04362,LOY-004362,Laura,Brown,Plano,TX,2024-06-08,Silver,PH-003
CUS-04363,LOY-004363,Michael,Patel,Plano,TX,2022-11-12,Standard,PH-004
CUS-04364,LOY-004364,Emily,Kim,Fort Worth,TX,2024-08-22,Standard,PH-005
CUS-04365,LOY-004365,Olivia,Nguyen,Plano,TX,2022-11-22,Gold,PH-004
CUS-04366,LOY-004366,Liam,White,Fort Worth,TX,2025-02-22,Standard,PH-003
CUS-04367,LOY-004367,Sophia,Chen,Irving,TX,2025-05-07,Gold,PH-003
CUS-04368,LOY-004368,Jessica,King,Frisco,TX,2022-02-18,Gold,PH-003
CUS-04369,LOY-004369,Kevin,White,Dallas,TX,2024-01-10,Gold,PH-001
CUS-04370,LOY-004370,Olivia,Miller,Fort Worth,TX,2023-07-06,Silver,PH-004
CUS-04371,LOY-004371,Sarah,Moore,Dallas,TX,2022-04-15,Silver,PH-002
CUS-04372,LOY-004372,Daniel,Miller,Fort Worth,TX,2026-04-03,Standard,PH-005
CUS-04373,LOY-004373,Robert,Thomas,Irving,TX,2024-07-04,Standard,PH-004
CUS-04374,LOY-004374,Melissa,Garcia,Frisco,TX,2023-07-07,Gold,PH-003
CUS-04375,LOY-004375,Mia,Taylor,Dallas,TX,2023-05-10,Gold,PH-001
CUS-04376,LOY-004376,Jennifer,Smith,Plano,TX,2023-11-18,Gold,PH-003
CUS-04377,LOY-004377,Marcus,Kim,Dallas,TX,2025-10-17,Standard,PH-001
CUS-04378,LOY-004378,Sophia,Patel,Dallas,TX,2025-09-09,Standard,PH-005
CUS-04379,LOY-004379,Marcus,Nguyen,Plano,TX,2023-12-05,Standard,PH-001
CUS-04380,LOY-004380,Melissa,Wilson,Fort Worth,TX,2023-06-27,Gold,PH-002
CUS-04381,LOY-004381,Linda,Jackson,Irving,TX,2025-06-24,Silver,PH-002
CUS-04382,LOY-004382,Jennifer,White,Dallas,TX,2022-08-17,Standard,PH-002
CUS-04383,LOY-004383,Mia,Kim,Fort Worth,TX,2022-03-01,Silver,PH-002
CUS-04384,LOY-004384,Anthony,Kim,Plano,TX,2024-08-01,Silver,PH-002
CUS-04385,LOY-004385,Jessica,Smith,Irving,TX,2023-01-11,Gold,PH-003
CUS-04386,LOY-004386,Marcus,Thomas,Dallas,TX,2024-12-08,Silver,PH-004
CUS-04387,LOY-004387,Linda,Davis,Plano,TX,2025-02-08,Gold,PH-003
CUS-04388,LOY-004388,Rachel,Nguyen,Frisco,TX,2022-06-14,Silver,PH-004
CUS-04389,LOY-004389,Robert,White,Fort Worth,TX,2025-07-05,Standard,PH-005
CUS-04390,LOY-004390,Linda,Patel,Dallas,TX,2022-06-10,Silver,PH-003
CUS-04391,LOY-004391,Rachel,Kim,Frisco,TX,2026-03-28,Gold,PH-002
CUS-04392,LOY-004392,Noah,Wilson,Dallas,TX,2026-04-16,Silver,PH-002
CUS-04393,LOY-004393,Emily,Miller,Fort Worth,TX,2022-08-09,Silver,PH-004
CUS-04394,LOY-004394,John,Chen,Irving,TX,2023-05-28,Silver,PH-001
CUS-04395,LOY-004395,Melissa,Tran,Frisco,TX,2024-09-01,Silver,PH-004
CUS-04396,LOY-004396,Ava,Moore,Plano,TX,2026-04-08,Silver,PH-003
CUS-04397,LOY-004397,Marcus,Miller,Irving,TX,2022-02-28,Gold,PH-003
CUS-04398,LOY-004398,Michael,Hill,Fort Worth,TX,2025-09-03,Silver,PH-004
CUS-04399,LOY-004399,Sarah,Lee,Fort Worth,TX,2025-06-26,Standard,PH-004
CUS-04400,LOY-004400,Brandon,Chen,Dallas,TX,2025-05-20,Silver,PH-002
CUS-04401,LOY-004401,Amanda,White,Plano,TX,2025-06-20,Gold,PH-003
CUS-04402,LOY-004402,Jennifer,Smith,Irving,TX,2022-05-02,Silver,PH-003
CUS-04403,LOY-004403,Robert,Thomas,Frisco,TX,2026-01-16,Gold,PH-005
CUS-04404,LOY-004404,Jessica,Carter,Plano,TX,2025-10-18,Gold,PH-004
CUS-04405,LOY-004405,David,Chen,Dallas,TX,2022-12-21,Standard,PH-003
CUS-04406,LOY-004406,Grace,Chen,Fort Worth,TX,2025-02-12,Gold,PH-001
CUS-04407,LOY-004407,Sophia,Davis,Frisco,TX,2022-07-05,Gold,PH-003
CUS-04408,LOY-004408,Ethan,Carter,Dallas,TX,2022-10-25,Silver,PH-005
CUS-04409,LOY-004409,Linda,Reed,Frisco,TX,2024-01-21,Standard,PH-002
CUS-04410,LOY-004410,Jessica,Miller,Plano,TX,2022-08-08,Standard,PH-003
CUS-04411,LOY-004411,Melissa,Brown,Frisco,TX,2026-04-21,Silver,PH-004
CUS-04412,LOY-004412,Anthony,Wilson,Plano,TX,2025-05-26,Gold,PH-001
CUS-04413,LOY-004413,Marcus,Thomas,Frisco,TX,2023-08-23,Gold,PH-001
CUS-04414,LOY-004414,Ava,Nguyen,Frisco,TX,2023-02-02,Standard,PH-005
CUS-04415,LOY-004415,Noah,Martinez,Frisco,TX,2023-05-25,Silver,PH-005
CUS-04416,LOY-004416,Rachel,Chen,Dallas,TX,2022-03-20,Gold,PH-002
CUS-04417,LOY-004417,Mia,Garcia,Irving,TX,2024-09-17,Standard,PH-001
CUS-04418,LOY-004418,Kevin,Lee,Irving,TX,2022-10-29,Gold,PH-005
CUS-04419,LOY-004419,Marcus,Anderson,Irving,TX,2025-05-23,Standard,PH-004
CUS-04420,LOY-004420,Grace,Patel,Dallas,TX,2024-07-14,Standard,PH-002
CUS-04421,LOY-004421,Michael,Hill,Irving,TX,2022-10-17,Gold,PH-005
CUS-04422,LOY-004422,Jennifer,Moore,Dallas,TX,2026-02-06,Gold,PH-004
CUS-04423,LOY-004423,Linda,Lopez,Plano,TX,2022-11-17,Standard,PH-005
CUS-04424,LOY-004424,Jessica,Chen,Irving,TX,2025-03-07,Standard,PH-003
CUS-04425,LOY-004425,David,Martinez,Irving,TX,2024-06-10,Silver,PH-001
CUS-04426,LOY-004426,Liam,Lee,Frisco,TX,2022-10-08,Gold,PH-005
CUS-04427,LOY-004427,Mia,Wilson,Irving,TX,2022-01-03,Silver,PH-003
CUS-04428,LOY-004428,Rachel,Lopez,Fort Worth,TX,2026-02-01,Standard,PH-003
CUS-04429,LOY-004429,John,King,Frisco,TX,2023-07-16,Silver,PH-001
CUS-04430,LOY-004430,Amanda,White,Plano,TX,2022-01-13,Standard,PH-004
CUS-04431,LOY-004431,Ava,White,Fort Worth,TX,2023-05-15,Gold,PH-004
CUS-04432,LOY-004432,Jessica,Lopez,Dallas,TX,2023-03-13,Gold,PH-003
CUS-04433,LOY-004433,Ethan,Kim,Dallas,TX,2022-12-15,Gold,PH-003
CUS-04434,LOY-004434,Michael,Reed,Irving,TX,2026-04-09,Silver,PH-001
CUS-04435,LOY-004435,Linda,Taylor,Dallas,TX,2023-07-12,Standard,PH-005
CUS-04436,LOY-004436,Liam,Moore,Plano,TX,2023-07-14,Silver,PH-004
CUS-04437,LOY-004437,Mia,Kim,Frisco,TX,2025-07-04,Standard,PH-005
CUS-04438,LOY-004438,Noah,Moore,Plano,TX,2023-05-07,Silver,PH-005
CUS-04439,LOY-004439,Michael,Hill,Dallas,TX,2022-06-04,Standard,PH-005
CUS-04440,LOY-004440,Mia,Carter,Irving,TX,2022-12-20,Standard,PH-001
CUS-04441,LOY-004441,Liam,Patel,Dallas,TX,2023-05-15,Standard,PH-003
CUS-04442,LOY-004442,Anthony,King,Dallas,TX,2025-01-22,Silver,PH-002
CUS-04443,LOY-004443,Melissa,Lee,Dallas,TX,2023-04-27,Gold,PH-005
CUS-04444,LOY-004444,Sarah,Kim,Plano,TX,2022-12-22,Standard,PH-005
CUS-04445,LOY-004445,Ava,Martinez,Dallas,TX,2026-03-21,Gold,PH-004
CUS-04446,LOY-004446,Michael,Hill,Irving,TX,2023-04-01,Silver,PH-001
CUS-04447,LOY-004447,Linda,Johnson,Fort Worth,TX,2025-10-17,Gold,PH-001
CUS-04448,LOY-004448,Ethan,Thomas,Irving,TX,2023-05-18,Gold,PH-004
CUS-04449,LOY-004449,Olivia,Lee,Irving,TX,2026-03-15,Gold,PH-005
CUS-04450,LOY-004450,Noah,Nguyen,Irving,TX,2024-05-27,Silver,PH-002
CUS-04451,LOY-004451,Robert,King,Dallas,TX,2023-12-26,Standard,PH-001
CUS-04452,LOY-004452,Daniel,Thomas,Dallas,TX,2026-05-18,Standard,PH-004
CUS-04453,LOY-004453,Amanda,Wilson,Dallas,TX,2024-06-07,Standard,PH-003
CUS-04454,LOY-004454,Jessica,Kim,Dallas,TX,2025-09-01,Gold,PH-005
CUS-04455,LOY-004455,Olivia,Patel,Dallas,TX,2023-01-05,Standard,PH-004
CUS-04456,LOY-004456,Amanda,Davis,Frisco,TX,2022-06-15,Standard,PH-005
CUS-04457,LOY-004457,Liam,Tran,Fort Worth,TX,2023-06-27,Gold,PH-003
CUS-04458,LOY-004458,Rachel,Ross,Frisco,TX,2024-05-10,Gold,PH-004
CUS-04459,LOY-004459,Melissa,Lopez,Irving,TX,2023-12-06,Silver,PH-004
CUS-04460,LOY-004460,Marcus,Lopez,Plano,TX,2024-07-17,Silver,PH-004
CUS-04461,LOY-004461,Jennifer,Chen,Irving,TX,2024-07-02,Gold,PH-001
CUS-04462,LOY-004462,Noah,Jackson,Fort Worth,TX,2024-10-21,Silver,PH-002
CUS-04463,LOY-004463,Laura,Chen,Fort Worth,TX,2023-12-27,Silver,PH-001
CUS-04464,LOY-004464,Melissa,Moore,Irving,TX,2026-04-16,Silver,PH-004
CUS-04465,LOY-004465,Jessica,Chen,Dallas,TX,2024-02-02,Silver,PH-004
CUS-04466,LOY-004466,John,Wilson,Dallas,TX,2023-02-05,Gold,PH-005
CUS-04467,LOY-004467,Emily,Moore,Frisco,TX,2022-04-06,Standard,PH-002
CUS-04468,LOY-004468,John,Anderson,Frisco,TX,2025-09-28,Silver,PH-001
CUS-04469,LOY-004469,Sophia,Nguyen,Irving,TX,2024-02-20,Standard,PH-004
CUS-04470,LOY-004470,Laura,Martinez,Plano,TX,2022-01-02,Silver,PH-001
CUS-04471,LOY-004471,Jennifer,White,Irving,TX,2024-05-02,Standard,PH-003
CUS-04472,LOY-004472,Sarah,Taylor,Dallas,TX,2024-02-07,Standard,PH-003
CUS-04473,LOY-004473,Michael,Chen,Dallas,TX,2025-05-15,Silver,PH-005
CUS-04474,LOY-004474,Ava,Smith,Plano,TX,2024-05-01,Silver,PH-004
CUS-04475,LOY-004475,Amanda,Ross,Irving,TX,2023-10-04,Silver,PH-005
CUS-04476,LOY-004476,Brandon,Reed,Fort Worth,TX,2024-11-11,Silver,PH-001
CUS-04477,LOY-004477,John,Reed,Fort Worth,TX,2025-02-18,Standard,PH-001
CUS-04478,LOY-004478,Amanda,Ross,Fort Worth,TX,2023-03-27,Silver,PH-005
CUS-04479,LOY-004479,Ethan,Chen,Irving,TX,2026-02-01,Standard,PH-001
CUS-04480,LOY-004480,Liam,Kim,Fort Worth,TX,2023-01-06,Gold,PH-002
CUS-04481,LOY-004481,Liam,Thomas,Fort Worth,TX,2022-08-21,Gold,PH-002
CUS-04482,LOY-004482,Emily,King,Irving,TX,2023-11-07,Gold,PH-002
CUS-04483,LOY-004483,Daniel,Tran,Dallas,TX,2023-06-26,Standard,PH-004
CUS-04484,LOY-004484,Ava,Anderson,Plano,TX,2025-03-31,Standard,PH-001
CUS-04485,LOY-004485,Jessica,Wilson,Plano,TX,2022-09-20,Gold,PH-002
CUS-04486,LOY-004486,Daniel,Brown,Dallas,TX,2024-11-28,Standard,PH-001
CUS-04487,LOY-004487,Jennifer,Johnson,Dallas,TX,2024-07-03,Gold,PH-005
CUS-04488,LOY-004488,Liam,Reed,Dallas,TX,2024-09-10,Silver,PH-004
CUS-04489,LOY-004489,Michael,Lopez,Fort Worth,TX,2025-09-05,Silver,PH-005
CUS-04490,LOY-004490,Emily,Nguyen,Fort Worth,TX,2025-06-12,Silver,PH-005
CUS-04491,LOY-004491,Olivia,King,Frisco,TX,2022-11-27,Standard,PH-001
CUS-04492,LOY-004492,Emily,Hill,Dallas,TX,2023-07-26,Gold,PH-004
CUS-04493,LOY-004493,Grace,Patel,Irving,TX,2023-12-30,Gold,PH-001
CUS-04494,LOY-004494,Jessica,Lopez,Fort Worth,TX,2025-09-19,Standard,PH-001
CUS-04495,LOY-004495,Laura,Tran,Irving,TX,2023-03-09,Gold,PH-003
CUS-04496,LOY-004496,Laura,Chen,Dallas,TX,2024-04-15,Standard,PH-001
CUS-04497,LOY-004497,Sarah,Lopez,Irving,TX,2024-01-21,Silver,PH-004
CUS-04498,LOY-004498,Sarah,Moore,Irving,TX,2022-07-31,Silver,PH-005
CUS-04499,LOY-004499,Sophia,Lopez,Irving,TX,2023-03-23,Silver,PH-005
CUS-04500,LOY-004500,Michael,Tran,Dallas,TX,2025-03-21,Standard,PH-005
CUS-04501,LOY-004501,Noah,Thomas,Fort Worth,TX,2025-08-20,Gold,PH-005
CUS-04502,LOY-004502,Robert,Reed,Fort Worth,TX,2022-12-08,Gold,PH-001
CUS-04503,LOY-004503,Marcus,Jackson,Plano,TX,2025-08-09,Standard,PH-004
CUS-04504,LOY-004504,Jennifer,Smith,Irving,TX,2023-12-14,Standard,PH-002
CUS-04505,LOY-004505,Marcus,Reed,Plano,TX,2025-11-16,Standard,PH-004
CUS-04506,LOY-004506,Marcus,White,Plano,TX,2022-06-07,Silver,PH-005
CUS-04507,LOY-004507,Michael,Patel,Frisco,TX,2025-03-30,Standard,PH-001
CUS-04508,LOY-004508,Sophia,Thomas,Fort Worth,TX,2022-04-26,Standard,PH-004
CUS-04509,LOY-004509,Mia,Miller,Fort Worth,TX,2024-01-02,Gold,PH-003
CUS-04510,LOY-004510,Rachel,Davis,Frisco,TX,2024-10-28,Standard,PH-003
CUS-04511,LOY-004511,Noah,Smith,Plano,TX,2025-10-24,Gold,PH-005
CUS-04512,LOY-004512,Jessica,Jackson,Dallas,TX,2022-11-10,Silver,PH-003
CUS-04513,LOY-004513,Ava,Martinez,Fort Worth,TX,2025-07-18,Standard,PH-002
CUS-04514,LOY-004514,Kevin,Jackson,Frisco,TX,2022-08-05,Silver,PH-003
CUS-04515,LOY-004515,Jennifer,Lopez,Plano,TX,2023-10-23,Gold,PH-001
CUS-04516,LOY-004516,Ethan,Moore,Frisco,TX,2024-10-07,Silver,PH-002
CUS-04517,LOY-004517,Marcus,Thomas,Plano,TX,2025-12-18,Standard,PH-004
CUS-04518,LOY-004518,Grace,King,Dallas,TX,2025-11-26,Gold,PH-004
CUS-04519,LOY-004519,Linda,Garcia,Fort Worth,TX,2023-06-19,Silver,PH-003
CUS-04520,LOY-004520,Marcus,Martinez,Fort Worth,TX,2023-05-31,Silver,PH-002
CUS-04521,LOY-004521,Marcus,Patel,Irving,TX,2023-03-22,Standard,PH-005
CUS-04522,LOY-004522,Linda,Lee,Irving,TX,2025-05-09,Silver,PH-005
CUS-04523,LOY-004523,Mia,Moore,Frisco,TX,2026-05-07,Gold,PH-001
CUS-04524,LOY-004524,Ethan,Garcia,Irving,TX,2025-11-25,Gold,PH-003
CUS-04525,LOY-004525,Rachel,White,Fort Worth,TX,2025-01-07,Silver,PH-002
CUS-04526,LOY-004526,Ethan,Ross,Dallas,TX,2025-02-25,Gold,PH-005
CUS-04527,LOY-004527,Olivia,Miller,Dallas,TX,2024-08-01,Silver,PH-002
CUS-04528,LOY-004528,Kevin,Taylor,Dallas,TX,2024-05-07,Silver,PH-005
CUS-04529,LOY-004529,Jennifer,Tran,Plano,TX,2023-03-18,Gold,PH-004
CUS-04530,LOY-004530,John,Smith,Irving,TX,2022-02-28,Silver,PH-002
CUS-04531,LOY-004531,Marcus,Brown,Plano,TX,2025-12-18,Silver,PH-001
CUS-04532,LOY-004532,Noah,Miller,Frisco,TX,2022-09-29,Gold,PH-002
CUS-04533,LOY-004533,Ethan,Miller,Frisco,TX,2022-07-12,Gold,PH-005
CUS-04534,LOY-004534,Michael,White,Plano,TX,2022-05-06,Silver,PH-002
CUS-04535,LOY-004535,Sarah,Moore,Plano,TX,2024-06-07,Silver,PH-003
CUS-04536,LOY-004536,Amanda,Hill,Fort Worth,TX,2022-07-24,Gold,PH-003
CUS-04537,LOY-004537,Sophia,Ross,Plano,TX,2023-08-31,Gold,PH-003
CUS-04538,LOY-004538,Melissa,Anderson,Dallas,TX,2022-11-19,Gold,PH-003
CUS-04539,LOY-004539,Linda,White,Frisco,TX,2022-01-15,Gold,PH-005
CUS-04540,LOY-004540,Sophia,Wilson,Irving,TX,2023-12-20,Gold,PH-001
CUS-04541,LOY-004541,Marcus,Anderson,Fort Worth,TX,2024-05-22,Gold,PH-001
CUS-04542,LOY-004542,Kevin,Smith,Frisco,TX,2022-01-17,Gold,PH-005
CUS-04543,LOY-004543,Sophia,Hill,Frisco,TX,2024-10-10,Silver,PH-002
CUS-04544,LOY-004544,Olivia,Johnson,Fort Worth,TX,2025-12-18,Standard,PH-002
CUS-04545,LOY-004545,David,King,Frisco,TX,2023-09-30,Gold,PH-002
CUS-04546,LOY-004546,Sophia,Patel,Dallas,TX,2025-11-02,Gold,PH-005
CUS-04547,LOY-004547,Robert,Davis,Plano,TX,2024-02-29,Standard,PH-001
CUS-04548,LOY-004548,Amanda,Taylor,Plano,TX,2023-10-14,Silver,PH-003
CUS-04549,LOY-004549,Olivia,Ross,Plano,TX,2026-03-15,Gold,PH-005
CUS-04550,LOY-004550,Sarah,King,Plano,TX,2023-05-11,Silver,PH-004
CUS-04551,LOY-004551,Noah,Reed,Irving,TX,2025-04-09,Gold,PH-004
CUS-04552,LOY-004552,Olivia,Miller,Plano,TX,2025-03-13,Silver,PH-002
CUS-04553,LOY-004553,Linda,Johnson,Irving,TX,2022-07-11,Gold,PH-003
CUS-04554,LOY-004554,Jennifer,Tran,Fort Worth,TX,2026-03-26,Standard,PH-005
CUS-04555,LOY-004555,Mia,Lee,Fort Worth,TX,2023-04-18,Silver,PH-002
CUS-04556,LOY-004556,Daniel,Taylor,Plano,TX,2023-08-26,Standard,PH-004
CUS-04557,LOY-004557,Laura,Anderson,Plano,TX,2024-11-15,Gold,PH-002
CUS-04558,LOY-004558,Daniel,Smith,Plano,TX,2023-02-17,Silver,PH-005
CUS-04559,LOY-004559,Jessica,Lopez,Plano,TX,2023-05-03,Silver,PH-002
CUS-04560,LOY-004560,Emily,Kim,Dallas,TX,2026-02-19,Gold,PH-004
CUS-04561,LOY-004561,Laura,Lopez,Frisco,TX,2026-02-07,Standard,PH-005
CUS-04562,LOY-004562,Laura,Jackson,Frisco,TX,2023-08-13,Standard,PH-003
CUS-04563,LOY-004563,Linda,Moore,Fort Worth,TX,2022-12-28,Silver,PH-005
CUS-04564,LOY-004564,Melissa,Johnson,Frisco,TX,2023-12-05,Standard,PH-004
CUS-04565,LOY-004565,Daniel,Martinez,Frisco,TX,2022-02-14,Gold,PH-003
CUS-04566,LOY-004566,Sarah,Jackson,Fort Worth,TX,2025-07-21,Gold,PH-005
CUS-04567,LOY-004567,Rachel,Lopez,Frisco,TX,2024-09-09,Gold,PH-001
CUS-04568,LOY-004568,Linda,Garcia,Irving,TX,2025-05-24,Silver,PH-003
CUS-04569,LOY-004569,Kevin,Martinez,Frisco,TX,2025-05-15,Standard,PH-004
CUS-04570,LOY-004570,Anthony,Patel,Dallas,TX,2023-06-14,Silver,PH-001
CUS-04571,LOY-004571,Grace,Johnson,Fort Worth,TX,2023-02-17,Standard,PH-001
CUS-04572,LOY-004572,Liam,Garcia,Fort Worth,TX,2023-11-28,Silver,PH-002
CUS-04573,LOY-004573,Jessica,Davis,Irving,TX,2023-03-11,Silver,PH-003
CUS-04574,LOY-004574,Ava,Moore,Fort Worth,TX,2025-08-14,Silver,PH-004
CUS-04575,LOY-004575,Michael,Smith,Irving,TX,2024-07-10,Gold,PH-005
CUS-04576,LOY-004576,Olivia,Garcia,Frisco,TX,2024-07-24,Standard,PH-004
CUS-04577,LOY-004577,Noah,Hill,Irving,TX,2025-12-05,Gold,PH-001
CUS-04578,LOY-004578,Laura,Garcia,Dallas,TX,2022-06-24,Silver,PH-005
CUS-04579,LOY-004579,David,Tran,Dallas,TX,2022-02-23,Standard,PH-005
CUS-04580,LOY-004580,Daniel,White,Irving,TX,2022-07-30,Silver,PH-004
CUS-04581,LOY-004581,Emily,Kim,Irving,TX,2024-06-04,Gold,PH-003
CUS-04582,LOY-004582,Amanda,Taylor,Frisco,TX,2022-06-06,Gold,PH-005
CUS-04583,LOY-004583,Laura,Lee,Dallas,TX,2024-02-27,Silver,PH-003
CUS-04584,LOY-004584,Daniel,Garcia,Plano,TX,2023-02-23,Silver,PH-002
CUS-04585,LOY-004585,Rachel,Lopez,Irving,TX,2025-03-24,Gold,PH-003
CUS-04586,LOY-004586,Amanda,Ross,Frisco,TX,2026-04-05,Standard,PH-003
CUS-04587,LOY-004587,Grace,Smith,Irving,TX,2025-12-19,Gold,PH-002
CUS-04588,LOY-004588,Emily,Patel,Frisco,TX,2022-04-04,Standard,PH-003
CUS-04589,LOY-004589,Sarah,White,Fort Worth,TX,2024-06-09,Standard,PH-004
CUS-04590,LOY-004590,Noah,Johnson,Fort Worth,TX,2022-12-10,Silver,PH-004
CUS-04591,LOY-004591,Marcus,Nguyen,Dallas,TX,2022-09-24,Silver,PH-001
CUS-04592,LOY-004592,Mia,Chen,Fort Worth,TX,2023-10-25,Gold,PH-004
CUS-04593,LOY-004593,Laura,Moore,Plano,TX,2026-03-28,Silver,PH-003
CUS-04594,LOY-004594,Michael,White,Dallas,TX,2025-07-12,Silver,PH-002
CUS-04595,LOY-004595,Michael,Taylor,Frisco,TX,2025-03-19,Standard,PH-004
CUS-04596,LOY-004596,Jessica,King,Irving,TX,2023-02-06,Silver,PH-005
CUS-04597,LOY-004597,Rachel,Chen,Dallas,TX,2026-01-14,Standard,PH-001
CUS-04598,LOY-004598,Liam,Tran,Plano,TX,2024-06-18,Gold,PH-005
CUS-04599,LOY-004599,Anthony,Lopez,Frisco,TX,2022-06-22,Gold,PH-002
CUS-04600,LOY-004600,Amanda,Jackson,Frisco,TX,2025-08-09,Gold,PH-003
CUS-04601,LOY-004601,Melissa,Thomas,Irving,TX,2024-07-30,Silver,PH-005
CUS-04602,LOY-004602,Anthony,Jackson,Irving,TX,2022-04-10,Standard,PH-004
CUS-04603,LOY-004603,Kevin,Smith,Plano,TX,2022-04-16,Standard,PH-004
CUS-04604,LOY-004604,John,Ross,Frisco,TX,2025-10-24,Silver,PH-002
CUS-04605,LOY-004605,Ethan,Lopez,Frisco,TX,2024-04-05,Gold,PH-005
CUS-04606,LOY-004606,Anthony,Moore,Plano,TX,2023-04-22,Standard,PH-005
CUS-04607,LOY-004607,Jennifer,Anderson,Plano,TX,2023-02-06,Standard,PH-003
CUS-04608,LOY-004608,David,Anderson,Irving,TX,2022-07-01,Silver,PH-001
CUS-04609,LOY-004609,David,Chen,Dallas,TX,2024-07-03,Silver,PH-003
CUS-04610,LOY-004610,Rachel,Wilson,Irving,TX,2024-05-26,Standard,PH-004
CUS-04611,LOY-004611,Melissa,Reed,Plano,TX,2024-03-14,Silver,PH-005
CUS-04612,LOY-004612,Kevin,Thomas,Dallas,TX,2024-11-09,Gold,PH-005
CUS-04613,LOY-004613,Olivia,Brown,Irving,TX,2023-06-27,Silver,PH-003
CUS-04614,LOY-004614,Olivia,Ross,Frisco,TX,2025-08-24,Standard,PH-003
CUS-04615,LOY-004615,Michael,Thomas,Frisco,TX,2022-10-11,Gold,PH-003
CUS-04616,LOY-004616,John,Wilson,Irving,TX,2023-06-04,Standard,PH-002
CUS-04617,LOY-004617,Emily,Reed,Irving,TX,2024-05-09,Gold,PH-004
CUS-04618,LOY-004618,Sophia,Lee,Frisco,TX,2022-11-04,Standard,PH-004
CUS-04619,LOY-004619,Laura,Wilson,Frisco,TX,2022-06-14,Silver,PH-005
CUS-04620,LOY-004620,David,Kim,Plano,TX,2023-09-03,Standard,PH-001
CUS-04621,LOY-004621,Kevin,Jackson,Irving,TX,2026-04-19,Standard,PH-002
CUS-04622,LOY-004622,Robert,Lopez,Fort Worth,TX,2022-04-30,Standard,PH-001
CUS-04623,LOY-004623,Brandon,Ross,Dallas,TX,2024-04-17,Silver,PH-004
CUS-04624,LOY-004624,Rachel,Moore,Fort Worth,TX,2022-11-04,Standard,PH-003
CUS-04625,LOY-004625,Ava,Ross,Frisco,TX,2023-05-16,Gold,PH-003
CUS-04626,LOY-004626,Ethan,Anderson,Irving,TX,2024-01-19,Standard,PH-003
CUS-04627,LOY-004627,Sarah,Martinez,Plano,TX,2024-04-22,Silver,PH-001
CUS-04628,LOY-004628,Ethan,Anderson,Dallas,TX,2022-03-17,Silver,PH-004
CUS-04629,LOY-004629,Amanda,Garcia,Dallas,TX,2022-05-24,Standard,PH-002
CUS-04630,LOY-004630,Sophia,Garcia,Frisco,TX,2024-05-13,Standard,PH-001
CUS-04631,LOY-004631,Olivia,Thomas,Fort Worth,TX,2024-10-24,Gold,PH-005
CUS-04632,LOY-004632,Ava,Reed,Frisco,TX,2022-06-14,Standard,PH-005
CUS-04633,LOY-004633,Marcus,Anderson,Frisco,TX,2024-10-25,Standard,PH-004
CUS-04634,LOY-004634,Grace,Ross,Irving,TX,2024-05-23,Standard,PH-003
CUS-04635,LOY-004635,Ava,Nguyen,Irving,TX,2024-07-07,Silver,PH-001
CUS-04636,LOY-004636,Michael,Taylor,Irving,TX,2024-11-12,Silver,PH-001
CUS-04637,LOY-004637,Daniel,Moore,Irving,TX,2026-02-10,Gold,PH-004
CUS-04638,LOY-004638,Anthony,Anderson,Irving,TX,2025-01-26,Standard,PH-005
CUS-04639,LOY-004639,Amanda,Moore,Frisco,TX,2025-12-29,Standard,PH-003
CUS-04640,LOY-004640,Anthony,Patel,Fort Worth,TX,2025-04-15,Silver,PH-001
CUS-04641,LOY-004641,Michael,Taylor,Fort Worth,TX,2022-05-19,Silver,PH-002
CUS-04642,LOY-004642,Noah,Chen,Plano,TX,2022-01-08,Gold,PH-002
CUS-04643,LOY-004643,Brandon,Thomas,Plano,TX,2024-10-13,Silver,PH-003
CUS-04644,LOY-004644,Amanda,Patel,Frisco,TX,2024-09-12,Gold,PH-002
CUS-04645,LOY-004645,Olivia,Johnson,Irving,TX,2022-12-24,Standard,PH-001
CUS-04646,LOY-004646,Daniel,King,Frisco,TX,2022-05-18,Standard,PH-001
CUS-04647,LOY-004647,Jessica,Reed,Irving,TX,2022-03-08,Silver,PH-004
CUS-04648,LOY-004648,Sophia,Wilson,Plano,TX,2023-03-13,Gold,PH-005
CUS-04649,LOY-004649,Jennifer,Ross,Irving,TX,2026-02-10,Gold,PH-005
CUS-04650,LOY-004650,Kevin,Miller,Frisco,TX,2024-07-21,Silver,PH-003
CUS-04651,LOY-004651,Melissa,Lee,Plano,TX,2023-11-02,Gold,PH-003
CUS-04652,LOY-004652,Sophia,Hill,Dallas,TX,2026-03-09,Gold,PH-002
CUS-04653,LOY-004653,Ava,Chen,Fort Worth,TX,2024-09-11,Gold,PH-002
CUS-04654,LOY-004654,Rachel,Tran,Fort Worth,TX,2026-03-12,Gold,PH-004
CUS-04655,LOY-004655,Laura,Nguyen,Irving,TX,2024-09-08,Silver,PH-001
CUS-04656,LOY-004656,John,Tran,Plano,TX,2024-01-21,Standard,PH-005
CUS-04657,LOY-004657,Mia,Martinez,Dallas,TX,2022-10-17,Silver,PH-005
CUS-04658,LOY-004658,Rachel,Martinez,Frisco,TX,2024-05-06,Silver,PH-005
CUS-04659,LOY-004659,Jennifer,Kim,Plano,TX,2025-06-27,Gold,PH-005
CUS-04660,LOY-004660,Rachel,Taylor,Plano,TX,2025-11-21,Standard,PH-004
CUS-04661,LOY-004661,Jessica,Lopez,Frisco,TX,2023-12-05,Gold,PH-005
CUS-04662,LOY-004662,Robert,White,Fort Worth,TX,2024-12-06,Silver,PH-001
CUS-04663,LOY-004663,Sarah,Johnson,Irving,TX,2023-11-08,Silver,PH-005
CUS-04664,LOY-004664,Marcus,Reed,Irving,TX,2023-12-08,Gold,PH-002
CUS-04665,LOY-004665,John,Johnson,Plano,TX,2022-07-18,Gold,PH-002
CUS-04666,LOY-004666,Sophia,Johnson,Fort Worth,TX,2022-07-07,Gold,PH-001
CUS-04667,LOY-004667,Ava,King,Plano,TX,2024-12-27,Standard,PH-003
CUS-04668,LOY-004668,Anthony,Martinez,Frisco,TX,2022-09-18,Gold,PH-005
CUS-04669,LOY-004669,Sarah,Nguyen,Plano,TX,2022-07-30,Gold,PH-005
CUS-04670,LOY-004670,Rachel,Garcia,Irving,TX,2026-03-05,Standard,PH-001
CUS-04671,LOY-004671,Brandon,Moore,Dallas,TX,2022-12-22,Standard,PH-005
CUS-04672,LOY-004672,Kevin,Carter,Irving,TX,2023-01-31,Silver,PH-001
CUS-04673,LOY-004673,Jennifer,Nguyen,Irving,TX,2022-06-30,Standard,PH-002
CUS-04674,LOY-004674,Jennifer,Patel,Frisco,TX,2024-01-13,Standard,PH-001
CUS-04675,LOY-004675,Jennifer,Patel,Plano,TX,2022-03-21,Standard,PH-001
CUS-04676,LOY-004676,Grace,Nguyen,Frisco,TX,2022-01-22,Silver,PH-004
CUS-04677,LOY-004677,Jessica,Tran,Dallas,TX,2022-04-08,Gold,PH-004
CUS-04678,LOY-004678,Rachel,Lopez,Fort Worth,TX,2023-09-13,Gold,PH-003
CUS-04679,LOY-004679,Kevin,Wilson,Irving,TX,2026-02-27,Gold,PH-004
CUS-04680,LOY-004680,Linda,Moore,Frisco,TX,2023-10-29,Silver,PH-001
CUS-04681,LOY-004681,Grace,Johnson,Plano,TX,2025-05-08,Gold,PH-001
CUS-04682,LOY-004682,Melissa,Smith,Fort Worth,TX,2025-05-09,Silver,PH-003
CUS-04683,LOY-004683,Melissa,King,Irving,TX,2023-09-21,Gold,PH-001
CUS-04684,LOY-004684,Olivia,Moore,Dallas,TX,2022-02-16,Silver,PH-001
CUS-04685,LOY-004685,Noah,Moore,Irving,TX,2025-08-05,Silver,PH-005
CUS-04686,LOY-004686,Jennifer,Lee,Dallas,TX,2026-03-24,Gold,PH-005
CUS-04687,LOY-004687,Ethan,Carter,Plano,TX,2025-09-22,Silver,PH-002
CUS-04688,LOY-004688,Grace,Moore,Dallas,TX,2024-04-08,Gold,PH-002
CUS-04689,LOY-004689,Laura,Davis,Plano,TX,2022-11-08,Gold,PH-001
CUS-04690,LOY-004690,Ethan,White,Irving,TX,2023-12-30,Gold,PH-004
CUS-04691,LOY-004691,Sarah,Taylor,Irving,TX,2025-06-20,Gold,PH-004
CUS-04692,LOY-004692,Melissa,Lee,Fort Worth,TX,2023-02-01,Gold,PH-003
CUS-04693,LOY-004693,Emily,Garcia,Dallas,TX,2026-03-08,Standard,PH-001
CUS-04694,LOY-004694,Rachel,Garcia,Plano,TX,2022-10-12,Gold,PH-003
CUS-04695,LOY-004695,Emily,Carter,Plano,TX,2025-02-02,Gold,PH-004
CUS-04696,LOY-004696,Robert,Thomas,Plano,TX,2022-11-20,Standard,PH-001
CUS-04697,LOY-004697,Robert,Taylor,Irving,TX,2023-07-02,Gold,PH-003
CUS-04698,LOY-004698,Olivia,Brown,Plano,TX,2023-06-05,Standard,PH-005
CUS-04699,LOY-004699,David,Hill,Plano,TX,2025-06-03,Silver,PH-001
CUS-04700,LOY-004700,Sophia,Patel,Plano,TX,2026-01-08,Standard,PH-003
CUS-04701,LOY-004701,Mia,Davis,Dallas,TX,2025-12-17,Standard,PH-005
CUS-04702,LOY-004702,Anthony,Lee,Irving,TX,2022-03-31,Silver,PH-005
CUS-04703,LOY-004703,Amanda,Miller,Plano,TX,2023-06-21,Standard,PH-004
CUS-04704,LOY-004704,Grace,Kim,Frisco,TX,2024-09-04,Silver,PH-004
CUS-04705,LOY-004705,Grace,Reed,Fort Worth,TX,2023-11-30,Standard,PH-005
CUS-04706,LOY-004706,Amanda,Ross,Dallas,TX,2025-07-23,Gold,PH-005
CUS-04707,LOY-004707,Michael,Patel,Irving,TX,2024-03-14,Gold,PH-003
CUS-04708,LOY-004708,John,King,Dallas,TX,2024-03-07,Silver,PH-003
CUS-04709,LOY-004709,Laura,White,Plano,TX,2023-03-28,Gold,PH-005
CUS-04710,LOY-004710,Emily,Davis,Fort Worth,TX,2024-11-11,Silver,PH-004
CUS-04711,LOY-004711,Rachel,Smith,Fort Worth,TX,2025-06-30,Standard,PH-001
CUS-04712,LOY-004712,John,Reed,Dallas,TX,2024-05-03,Gold,PH-002
CUS-04713,LOY-004713,Melissa,Garcia,Dallas,TX,2022-06-30,Standard,PH-002
CUS-04714,LOY-004714,Jessica,Reed,Dallas,TX,2023-07-27,Silver,PH-005
CUS-04715,LOY-004715,Daniel,Anderson,Irving,TX,2022-06-13,Gold,PH-005
CUS-04716,LOY-004716,Amanda,Martinez,Fort Worth,TX,2022-02-04,Standard,PH-003
CUS-04717,LOY-004717,Marcus,Jackson,Frisco,TX,2024-12-03,Gold,PH-003
CUS-04718,LOY-004718,Ava,Chen,Fort Worth,TX,2022-12-12,Gold,PH-005
CUS-04719,LOY-004719,Sophia,Nguyen,Dallas,TX,2025-04-21,Gold,PH-001
CUS-04720,LOY-004720,Daniel,Wilson,Fort Worth,TX,2026-02-06,Standard,PH-003
CUS-04721,LOY-004721,Linda,Nguyen,Irving,TX,2022-09-20,Gold,PH-002
CUS-04722,LOY-004722,Brandon,Kim,Dallas,TX,2026-02-15,Silver,PH-004
CUS-04723,LOY-004723,John,Taylor,Dallas,TX,2025-03-01,Silver,PH-002
CUS-04724,LOY-004724,Melissa,Anderson,Irving,TX,2024-10-07,Standard,PH-005
CUS-04725,LOY-004725,Daniel,Davis,Fort Worth,TX,2024-04-07,Gold,PH-005
CUS-04726,LOY-004726,Ava,Jackson,Irving,TX,2023-11-11,Silver,PH-002
CUS-04727,LOY-004727,Brandon,Miller,Frisco,TX,2026-05-05,Gold,PH-005
CUS-04728,LOY-004728,Mia,Miller,Plano,TX,2024-12-12,Standard,PH-005
CUS-04729,LOY-004729,Amanda,Jackson,Dallas,TX,2024-12-15,Standard,PH-002
CUS-04730,LOY-004730,Linda,Kim,Plano,TX,2022-03-27,Silver,PH-005
CUS-04731,LOY-004731,Michael,Patel,Irving,TX,2025-01-01,Gold,PH-003
CUS-04732,LOY-004732,Mia,Smith,Irving,TX,2024-04-18,Gold,PH-004
CUS-04733,LOY-004733,Michael,Lee,Fort Worth,TX,2024-03-28,Silver,PH-003
CUS-04734,LOY-004734,Grace,Johnson,Plano,TX,2024-09-09,Silver,PH-003
CUS-04735,LOY-004735,Brandon,Patel,Fort Worth,TX,2024-08-30,Silver,PH-002
CUS-04736,LOY-004736,Jennifer,Chen,Frisco,TX,2025-07-26,Standard,PH-001
CUS-04737,LOY-004737,Emily,Patel,Frisco,TX,2025-11-01,Gold,PH-003
CUS-04738,LOY-004738,Olivia,Taylor,Plano,TX,2024-10-27,Gold,PH-005
CUS-04739,LOY-004739,Emily,Ross,Fort Worth,TX,2025-12-22,Silver,PH-003
CUS-04740,LOY-004740,Jennifer,Anderson,Dallas,TX,2025-12-16,Gold,PH-003
CUS-04741,LOY-004741,Michael,Reed,Plano,TX,2024-05-27,Silver,PH-003
CUS-04742,LOY-004742,Liam,Hill,Dallas,TX,2025-06-17,Gold,PH-004
CUS-04743,LOY-004743,Laura,Ross,Frisco,TX,2023-04-04,Silver,PH-005
CUS-04744,LOY-004744,Laura,Kim,Frisco,TX,2022-05-28,Silver,PH-004
CUS-04745,LOY-004745,Sophia,Hill,Fort Worth,TX,2024-04-05,Silver,PH-005
CUS-04746,LOY-004746,Olivia,Smith,Plano,TX,2026-01-19,Standard,PH-001
CUS-04747,LOY-004747,Brandon,Martinez,Frisco,TX,2026-02-17,Gold,PH-002
CUS-04748,LOY-004748,Robert,Hill,Irving,TX,2023-01-28,Standard,PH-001
CUS-04749,LOY-004749,Liam,Moore,Frisco,TX,2025-03-24,Silver,PH-002
CUS-04750,LOY-004750,Sarah,Ross,Plano,TX,2022-09-16,Gold,PH-003
CUS-04751,LOY-004751,Liam,Johnson,Plano,TX,2023-09-18,Gold,PH-005
CUS-04752,LOY-004752,Sarah,Brown,Irving,TX,2024-04-20,Gold,PH-001
CUS-04753,LOY-004753,Brandon,Taylor,Fort Worth,TX,2026-04-19,Silver,PH-004
CUS-04754,LOY-004754,Ethan,Thomas,Dallas,TX,2022-06-19,Gold,PH-005
CUS-04755,LOY-004755,Robert,Ross,Dallas,TX,2023-02-22,Standard,PH-003
CUS-04756,LOY-004756,Jessica,Lee,Dallas,TX,2023-11-15,Standard,PH-004
CUS-04757,LOY-004757,Ava,Chen,Frisco,TX,2024-12-15,Silver,PH-004
CUS-04758,LOY-004758,Ava,Brown,Dallas,TX,2023-12-10,Silver,PH-003
CUS-04759,LOY-004759,Daniel,Smith,Dallas,TX,2023-12-08,Standard,PH-005
CUS-04760,LOY-004760,Melissa,Reed,Dallas,TX,2025-06-13,Silver,PH-004
CUS-04761,LOY-004761,Daniel,Moore,Irving,TX,2025-07-20,Gold,PH-002
CUS-04762,LOY-004762,Emily,Carter,Dallas,TX,2025-07-12,Silver,PH-002
CUS-04763,LOY-004763,Anthony,Thomas,Frisco,TX,2025-07-02,Gold,PH-001
CUS-04764,LOY-004764,Marcus,Lopez,Plano,TX,2025-12-26,Gold,PH-003
CUS-04765,LOY-004765,Laura,Wilson,Plano,TX,2024-10-23,Silver,PH-001
CUS-04766,LOY-004766,Sarah,Tran,Frisco,TX,2023-10-20,Gold,PH-002
CUS-04767,LOY-004767,Jessica,Chen,Dallas,TX,2025-10-11,Silver,PH-004
CUS-04768,LOY-004768,Kevin,Patel,Fort Worth,TX,2022-10-12,Standard,PH-002
CUS-04769,LOY-004769,Anthony,Miller,Irving,TX,2023-06-17,Standard,PH-005
CUS-04770,LOY-004770,Rachel,Reed,Irving,TX,2025-08-06,Gold,PH-003
CUS-04771,LOY-004771,Sophia,Moore,Irving,TX,2022-01-06,Silver,PH-005
CUS-04772,LOY-004772,Olivia,Jackson,Dallas,TX,2024-09-11,Silver,PH-001
CUS-04773,LOY-004773,Mia,White,Fort Worth,TX,2025-11-28,Gold,PH-001
CUS-04774,LOY-004774,Olivia,Davis,Dallas,TX,2024-07-23,Silver,PH-003
CUS-04775,LOY-004775,Rachel,Tran,Plano,TX,2025-03-18,Gold,PH-003
CUS-04776,LOY-004776,Sophia,Hill,Frisco,TX,2025-05-22,Standard,PH-003
CUS-04777,LOY-004777,John,Anderson,Dallas,TX,2024-05-29,Silver,PH-005
CUS-04778,LOY-004778,Jessica,Miller,Fort Worth,TX,2026-04-05,Gold,PH-002
CUS-04779,LOY-004779,Michael,Jackson,Frisco,TX,2025-09-19,Gold,PH-004
CUS-04780,LOY-004780,Daniel,Wilson,Irving,TX,2024-06-08,Silver,PH-004
CUS-04781,LOY-004781,Liam,Patel,Fort Worth,TX,2022-03-17,Silver,PH-001
CUS-04782,LOY-004782,Rachel,Patel,Frisco,TX,2026-01-25,Gold,PH-003
CUS-04783,LOY-004783,Ethan,White,Plano,TX,2025-07-31,Silver,PH-002
CUS-04784,LOY-004784,Liam,Smith,Fort Worth,TX,2024-08-22,Gold,PH-004
CUS-04785,LOY-004785,Marcus,Patel,Irving,TX,2025-02-28,Standard,PH-002
CUS-04786,LOY-004786,Ava,Lee,Fort Worth,TX,2023-06-29,Gold,PH-001
CUS-04787,LOY-004787,Emily,Reed,Plano,TX,2023-09-04,Standard,PH-003
CUS-04788,LOY-004788,John,Kim,Fort Worth,TX,2024-08-07,Silver,PH-001
CUS-04789,LOY-004789,Robert,Anderson,Dallas,TX,2022-08-13,Standard,PH-003
CUS-04790,LOY-004790,Ethan,Ross,Irving,TX,2024-07-20,Standard,PH-003
CUS-04791,LOY-004791,Olivia,Ross,Plano,TX,2025-09-20,Standard,PH-003
CUS-04792,LOY-004792,Noah,Johnson,Irving,TX,2022-10-01,Standard,PH-003
CUS-04793,LOY-004793,Rachel,Wilson,Fort Worth,TX,2023-11-21,Silver,PH-003
CUS-04794,LOY-004794,Marcus,Chen,Frisco,TX,2023-07-08,Gold,PH-004
CUS-04795,LOY-004795,Sophia,Hill,Irving,TX,2024-12-29,Silver,PH-003
CUS-04796,LOY-004796,David,Martinez,Fort Worth,TX,2025-09-24,Silver,PH-002
CUS-04797,LOY-004797,Linda,Carter,Fort Worth,TX,2024-01-22,Silver,PH-003
CUS-04798,LOY-004798,Jessica,Lee,Fort Worth,TX,2023-12-06,Silver,PH-005
CUS-04799,LOY-004799,Sophia,Brown,Frisco,TX,2024-10-24,Standard,PH-004
CUS-04800,LOY-004800,Anthony,King,Plano,TX,2024-12-23,Silver,PH-001
CUS-04801,LOY-004801,Liam,Martinez,Irving,TX,2022-12-10,Standard,PH-002
CUS-04802,LOY-004802,Ava,Moore,Frisco,TX,2024-06-28,Standard,PH-003
CUS-04803,LOY-004803,Amanda,Wilson,Dallas,TX,2023-05-31,Silver,PH-005
CUS-04804,LOY-004804,David,Taylor,Dallas,TX,2023-06-06,Gold,PH-004
CUS-04805,LOY-004805,Mia,Garcia,Irving,TX,2026-01-15,Gold,PH-002
CUS-04806,LOY-004806,Sophia,Hill,Fort Worth,TX,2023-12-17,Gold,PH-003
CUS-04807,LOY-004807,Brandon,Patel,Dallas,TX,2024-11-27,Gold,PH-002
CUS-04808,LOY-004808,Emily,Nguyen,Frisco,TX,2026-01-02,Silver,PH-001
CUS-04809,LOY-004809,Marcus,Wilson,Dallas,TX,2023-01-27,Gold,PH-004
CUS-04810,LOY-004810,Marcus,Lee,Dallas,TX,2024-07-31,Silver,PH-005
CUS-04811,LOY-004811,Mia,Lee,Dallas,TX,2026-04-02,Standard,PH-004
CUS-04812,LOY-004812,Ava,King,Irving,TX,2024-07-31,Gold,PH-003
CUS-04813,LOY-004813,Brandon,King,Irving,TX,2025-01-17,Silver,PH-005
CUS-04814,LOY-004814,Sarah,Davis,Frisco,TX,2023-10-05,Gold,PH-001
CUS-04815,LOY-004815,Anthony,Thomas,Plano,TX,2022-08-13,Gold,PH-003
CUS-04816,LOY-004816,Brandon,White,Plano,TX,2025-09-23,Gold,PH-005
CUS-04817,LOY-004817,Laura,Wilson,Irving,TX,2025-10-18,Standard,PH-003
CUS-04818,LOY-004818,John,White,Irving,TX,2024-09-23,Standard,PH-003
CUS-04819,LOY-004819,Mia,White,Frisco,TX,2025-12-11,Gold,PH-005
CUS-04820,LOY-004820,Laura,King,Irving,TX,2022-04-29,Silver,PH-002
CUS-04821,LOY-004821,Melissa,Johnson,Fort Worth,TX,2023-03-16,Silver,PH-001
CUS-04822,LOY-004822,John,Chen,Frisco,TX,2022-08-07,Standard,PH-005
CUS-04823,LOY-004823,Amanda,Tran,Frisco,TX,2023-01-24,Standard,PH-005
CUS-04824,LOY-004824,David,Nguyen,Plano,TX,2024-10-05,Gold,PH-003
CUS-04825,LOY-004825,Olivia,Chen,Irving,TX,2024-04-09,Gold,PH-002
CUS-04826,LOY-004826,Kevin,Brown,Fort Worth,TX,2024-04-27,Silver,PH-001
CUS-04827,LOY-004827,Noah,Ross,Fort Worth,TX,2022-02-15,Standard,PH-001
CUS-04828,LOY-004828,Mia,King,Irving,TX,2025-10-11,Gold,PH-002
CUS-04829,LOY-004829,Grace,Kim,Irving,TX,2024-01-18,Gold,PH-002
CUS-04830,LOY-004830,Anthony,Lee,Fort Worth,TX,2022-12-23,Silver,PH-002
CUS-04831,LOY-004831,Mia,Smith,Plano,TX,2026-02-02,Silver,PH-005
CUS-04832,LOY-004832,Daniel,Thomas,Dallas,TX,2022-10-17,Gold,PH-005
CUS-04833,LOY-004833,Anthony,Smith,Fort Worth,TX,2022-08-01,Standard,PH-002
CUS-04834,LOY-004834,Mia,Carter,Plano,TX,2022-12-07,Standard,PH-003
CUS-04835,LOY-004835,Ethan,Anderson,Plano,TX,2023-10-23,Standard,PH-004
CUS-04836,LOY-004836,Jennifer,Hill,Fort Worth,TX,2024-09-28,Gold,PH-005
CUS-04837,LOY-004837,Brandon,White,Plano,TX,2023-11-14,Gold,PH-003
CUS-04838,LOY-004838,Anthony,Jackson,Frisco,TX,2024-07-13,Silver,PH-003
CUS-04839,LOY-004839,Anthony,Kim,Plano,TX,2023-01-06,Silver,PH-003
CUS-04840,LOY-004840,Daniel,Nguyen,Dallas,TX,2022-08-13,Gold,PH-001
CUS-04841,LOY-004841,Grace,Jackson,Fort Worth,TX,2025-09-25,Gold,PH-003
CUS-04842,LOY-004842,Jennifer,Martinez,Irving,TX,2024-07-10,Standard,PH-005
CUS-04843,LOY-004843,Amanda,Anderson,Frisco,TX,2022-10-23,Standard,PH-002
CUS-04844,LOY-004844,Jessica,Taylor,Fort Worth,TX,2022-07-25,Gold,PH-005
CUS-04845,LOY-004845,John,Wilson,Irving,TX,2024-11-16,Silver,PH-001
CUS-04846,LOY-004846,Jessica,Jackson,Frisco,TX,2024-10-14,Standard,PH-003
CUS-04847,LOY-004847,Anthony,Anderson,Plano,TX,2022-12-06,Standard,PH-001
CUS-04848,LOY-004848,Daniel,Anderson,Fort Worth,TX,2023-05-15,Standard,PH-002
CUS-04849,LOY-004849,Kevin,Ross,Dallas,TX,2022-07-19,Standard,PH-002
CUS-04850,LOY-004850,David,Miller,Fort Worth,TX,2023-03-01,Silver,PH-001
CUS-04851,LOY-004851,John,Lee,Fort Worth,TX,2024-09-13,Silver,PH-003
CUS-04852,LOY-004852,David,Brown,Dallas,TX,2026-02-08,Gold,PH-001
CUS-04853,LOY-004853,Laura,Anderson,Irving,TX,2024-06-10,Standard,PH-005
CUS-04854,LOY-004854,Linda,Jackson,Irving,TX,2024-02-12,Standard,PH-005
CUS-04855,LOY-004855,Rachel,Lee,Irving,TX,2024-05-12,Gold,PH-004
CUS-04856,LOY-004856,Noah,Tran,Irving,TX,2023-01-15,Standard,PH-004
CUS-04857,LOY-004857,Melissa,King,Frisco,TX,2025-01-22,Gold,PH-005
CUS-04858,LOY-004858,Anthony,Johnson,Dallas,TX,2025-09-07,Silver,PH-001
CUS-04859,LOY-004859,Michael,Reed,Fort Worth,TX,2023-04-01,Standard,PH-002
CUS-04860,LOY-004860,Mia,Miller,Irving,TX,2023-09-02,Gold,PH-003
CUS-04861,LOY-004861,Grace,Reed,Frisco,TX,2025-06-13,Silver,PH-004
CUS-04862,LOY-004862,Sophia,Hill,Fort Worth,TX,2025-06-09,Standard,PH-004
CUS-04863,LOY-004863,Robert,Patel,Plano,TX,2025-06-01,Gold,PH-001
CUS-04864,LOY-004864,Anthony,White,Frisco,TX,2025-03-11,Standard,PH-005
CUS-04865,LOY-004865,Ava,Thomas,Irving,TX,2025-08-14,Standard,PH-002
CUS-04866,LOY-004866,Sophia,Carter,Frisco,TX,2025-09-17,Standard,PH-005
CUS-04867,LOY-004867,David,Anderson,Dallas,TX,2022-09-10,Gold,PH-001
CUS-04868,LOY-004868,Ava,Kim,Fort Worth,TX,2025-03-21,Standard,PH-002
CUS-04869,LOY-004869,Anthony,Johnson,Plano,TX,2025-04-01,Silver,PH-004
CUS-04870,LOY-004870,Amanda,Wilson,Frisco,TX,2022-12-25,Standard,PH-003
CUS-04871,LOY-004871,Linda,Tran,Fort Worth,TX,2023-05-25,Gold,PH-004
CUS-04872,LOY-004872,Ava,Carter,Frisco,TX,2022-12-18,Silver,PH-001
CUS-04873,LOY-004873,Melissa,Miller,Dallas,TX,2024-05-17,Gold,PH-001
CUS-04874,LOY-004874,Jessica,Thomas,Fort Worth,TX,2024-07-21,Silver,PH-003
CUS-04875,LOY-004875,Michael,Lee,Plano,TX,2025-05-20,Standard,PH-002
CUS-04876,LOY-004876,Liam,Kim,Fort Worth,TX,2023-04-18,Gold,PH-003
CUS-04877,LOY-004877,John,Anderson,Fort Worth,TX,2025-08-01,Standard,PH-001
CUS-04878,LOY-004878,Laura,Kim,Irving,TX,2023-05-06,Silver,PH-001
CUS-04879,LOY-004879,Emily,Nguyen,Frisco,TX,2023-06-04,Silver,PH-005
CUS-04880,LOY-004880,John,Jackson,Frisco,TX,2022-09-08,Standard,PH-002
CUS-04881,LOY-004881,Ava,Tran,Frisco,TX,2022-04-07,Standard,PH-002
CUS-04882,LOY-004882,Jessica,Chen,Plano,TX,2022-06-27,Gold,PH-003
CUS-04883,LOY-004883,Rachel,Davis,Fort Worth,TX,2025-12-17,Silver,PH-005
CUS-04884,LOY-004884,Brandon,Lee,Plano,TX,2023-11-26,Gold,PH-004
CUS-04885,LOY-004885,Marcus,Brown,Irving,TX,2022-06-16,Silver,PH-001
CUS-04886,LOY-004886,John,King,Frisco,TX,2024-04-21,Gold,PH-004
CUS-04887,LOY-004887,Robert,Garcia,Frisco,TX,2022-05-31,Standard,PH-003
CUS-04888,LOY-004888,Noah,Reed,Dallas,TX,2023-11-07,Standard,PH-004
CUS-04889,LOY-004889,Daniel,Johnson,Plano,TX,2026-04-08,Gold,PH-005
CUS-04890,LOY-004890,Brandon,Patel,Plano,TX,2023-05-05,Silver,PH-004
CUS-04891,LOY-004891,Jessica,Ross,Dallas,TX,2026-03-29,Gold,PH-004
CUS-04892,LOY-004892,Liam,Reed,Irving,TX,2024-08-09,Gold,PH-004
CUS-04893,LOY-004893,Robert,Lee,Irving,TX,2023-07-28,Standard,PH-003
CUS-04894,LOY-004894,Kevin,Taylor,Fort Worth,TX,2026-01-06,Silver,PH-002
CUS-04895,LOY-004895,Jennifer,Taylor,Irving,TX,2026-04-07,Standard,PH-001
CUS-04896,LOY-004896,Linda,Chen,Plano,TX,2023-06-26,Gold,PH-004
CUS-04897,LOY-004897,Ava,Moore,Irving,TX,2023-11-14,Silver,PH-003
CUS-04898,LOY-004898,Kevin,Hill,Dallas,TX,2023-09-11,Gold,PH-003
CUS-04899,LOY-004899,Jessica,King,Fort Worth,TX,2023-09-14,Gold,PH-004
CUS-04900,LOY-004900,Ava,White,Plano,TX,2022-08-28,Gold,PH-001
CUS-04901,LOY-004901,Rachel,Reed,Dallas,TX,2023-11-30,Silver,PH-002
CUS-04902,LOY-004902,Emily,King,Irving,TX,2025-05-02,Gold,PH-003
CUS-04903,LOY-004903,Brandon,Thomas,Frisco,TX,2024-09-04,Silver,PH-001
CUS-04904,LOY-004904,Marcus,Hill,Dallas,TX,2024-09-18,Gold,PH-004
CUS-04905,LOY-004905,Anthony,Nguyen,Irving,TX,2024-01-12,Silver,PH-003
CUS-04906,LOY-004906,Laura,Patel,Irving,TX,2022-11-03,Gold,PH-005
CUS-04907,LOY-004907,Grace,Wilson,Plano,TX,2022-12-07,Silver,PH-005
CUS-04908,LOY-004908,John,Nguyen,Fort Worth,TX,2023-11-23,Silver,PH-001
CUS-04909,LOY-004909,Liam,Martinez,Fort Worth,TX,2022-01-22,Gold,PH-005
CUS-04910,LOY-004910,Daniel,Anderson,Irving,TX,2024-12-18,Silver,PH-004
CUS-04911,LOY-004911,Amanda,Smith,Irving,TX,2026-01-21,Gold,PH-005
CUS-04912,LOY-004912,Sarah,Taylor,Irving,TX,2022-05-19,Standard,PH-005
CUS-04913,LOY-004913,Melissa,Smith,Fort Worth,TX,2024-09-02,Standard,PH-005
CUS-04914,LOY-004914,Liam,Wilson,Irving,TX,2024-07-23,Silver,PH-005
CUS-04915,LOY-004915,Rachel,Wilson,Dallas,TX,2026-03-31,Gold,PH-002
CUS-04916,LOY-004916,Brandon,Garcia,Irving,TX,2022-10-23,Silver,PH-002
CUS-04917,LOY-004917,Emily,Wilson,Fort Worth,TX,2023-01-12,Gold,PH-004
CUS-04918,LOY-004918,Jennifer,Anderson,Dallas,TX,2022-04-23,Silver,PH-002
CUS-04919,LOY-004919,Rachel,Hill,Plano,TX,2025-02-08,Gold,PH-004
CUS-04920,LOY-004920,Sarah,Miller,Dallas,TX,2024-04-13,Gold,PH-002
CUS-04921,LOY-004921,Sophia,Martinez,Plano,TX,2023-04-20,Standard,PH-002
CUS-04922,LOY-004922,Robert,White,Plano,TX,2023-03-18,Gold,PH-005
CUS-04923,LOY-004923,Linda,Ross,Frisco,TX,2024-02-16,Standard,PH-004
CUS-04924,LOY-004924,Noah,Lee,Irving,TX,2025-03-05,Silver,PH-002
CUS-04925,LOY-004925,Mia,Lee,Irving,TX,2025-06-07,Silver,PH-002
CUS-04926,LOY-004926,John,Patel,Irving,TX,2025-01-06,Silver,PH-003
CUS-04927,LOY-004927,Liam,Carter,Fort Worth,TX,2023-09-18,Standard,PH-002
CUS-04928,LOY-004928,Michael,Patel,Plano,TX,2024-09-14,Gold,PH-001
CUS-04929,LOY-004929,Robert,White,Irving,TX,2023-06-27,Silver,PH-005
CUS-04930,LOY-004930,Jessica,Patel,Frisco,TX,2024-12-24,Silver,PH-003
CUS-04931,LOY-004931,Linda,Hill,Dallas,TX,2025-03-31,Gold,PH-005
CUS-04932,LOY-004932,Grace,Lee,Frisco,TX,2022-12-08,Silver,PH-003
CUS-04933,LOY-004933,Sophia,Carter,Fort Worth,TX,2022-01-14,Silver,PH-002
CUS-04934,LOY-004934,David,Smith,Frisco,TX,2022-09-28,Silver,PH-003
CUS-04935,LOY-004935,Grace,Lee,Irving,TX,2025-02-15,Silver,PH-005
CUS-04936,LOY-004936,Michael,Taylor,Irving,TX,2025-01-19,Silver,PH-001
CUS-04937,LOY-004937,Mia,Miller,Dallas,TX,2023-04-14,Gold,PH-005
CUS-04938,LOY-004938,Melissa,Miller,Dallas,TX,2023-05-26,Standard,PH-004
CUS-04939,LOY-004939,Robert,Tran,Fort Worth,TX,2026-01-08,Silver,PH-005
CUS-04940,LOY-004940,Anthony,Smith,Plano,TX,2025-04-27,Gold,PH-002
CUS-04941,LOY-004941,Jessica,White,Irving,TX,2025-03-04,Gold,PH-004
CUS-04942,LOY-004942,Sarah,Davis,Irving,TX,2023-02-20,Gold,PH-001
CUS-04943,LOY-004943,Daniel,White,Plano,TX,2023-09-27,Gold,PH-003
CUS-04944,LOY-004944,Grace,Smith,Plano,TX,2025-03-26,Standard,PH-004
CUS-04945,LOY-004945,Mia,Garcia,Irving,TX,2023-09-27,Silver,PH-001
CUS-04946,LOY-004946,Laura,Lee,Plano,TX,2023-02-03,Standard,PH-005
CUS-04947,LOY-004947,Jessica,Davis,Dallas,TX,2024-08-22,Standard,PH-001
CUS-04948,LOY-004948,Kevin,Tran,Dallas,TX,2023-01-02,Gold,PH-004
CUS-04949,LOY-004949,Sophia,Patel,Dallas,TX,2022-11-04,Standard,PH-002
CUS-04950,LOY-004950,Mia,Miller,Dallas,TX,2022-06-18,Gold,PH-004
CUS-04951,LOY-004951,Rachel,Nguyen,Frisco,TX,2023-07-11,Standard,PH-004
CUS-04952,LOY-004952,Daniel,Davis,Irving,TX,2025-06-22,Standard,PH-001
CUS-04953,LOY-004953,Robert,Ross,Irving,TX,2024-04-30,Standard,PH-004
CUS-04954,LOY-004954,Kevin,Taylor,Dallas,TX,2026-05-17,Standard,PH-003
CUS-04955,LOY-004955,Sarah,Reed,Fort Worth,TX,2024-07-05,Silver,PH-003
CUS-04956,LOY-004956,Sarah,King,Plano,TX,2026-01-17,Silver,PH-001
CUS-04957,LOY-004957,Emily,Johnson,Frisco,TX,2023-08-22,Gold,PH-005
CUS-04958,LOY-004958,Grace,Martinez,Plano,TX,2022-01-28,Gold,PH-003
CUS-04959,LOY-004959,Michael,Brown,Plano,TX,2023-05-03,Gold,PH-005
CUS-04960,LOY-004960,John,Reed,Fort Worth,TX,2025-12-19,Gold,PH-001
CUS-04961,LOY-004961,Laura,King,Dallas,TX,2023-06-16,Silver,PH-004
CUS-04962,LOY-004962,Olivia,Carter,Plano,TX,2022-10-03,Silver,PH-004
CUS-04963,LOY-004963,Jennifer,Ross,Fort Worth,TX,2023-12-02,Gold,PH-001
CUS-04964,LOY-004964,Olivia,Taylor,Irving,TX,2022-01-15,Standard,PH-003
CUS-04965,LOY-004965,Robert,Moore,Dallas,TX,2025-03-04,Silver,PH-004
CUS-04966,LOY-004966,Olivia,Brown,Plano,TX,2022-02-26,Gold,PH-002
CUS-04967,LOY-004967,Rachel,Tran,Fort Worth,TX,2022-09-25,Standard,PH-001
CUS-04968,LOY-004968,Jessica,Carter,Fort Worth,TX,2026-01-22,Gold,PH-003
CUS-04969,LOY-004969,Melissa,Chen,Plano,TX,2025-12-14,Standard,PH-005
CUS-04970,LOY-004970,David,Lee,Frisco,TX,2025-03-24,Gold,PH-002
CUS-04971,LOY-004971,Liam,Brown,Fort Worth,TX,2023-11-29,Gold,PH-002
CUS-04972,LOY-004972,Brandon,Hill,Frisco,TX,2025-01-01,Gold,PH-003
CUS-04973,LOY-004973,Kevin,White,Dallas,TX,2022-06-08,Silver,PH-002
CUS-04974,LOY-004974,Grace,Lopez,Irving,TX,2022-06-20,Silver,PH-005
CUS-04975,LOY-004975,Sarah,Lee,Irving,TX,2023-11-16,Silver,PH-003
CUS-04976,LOY-004976,Noah,Hill,Frisco,TX,2023-01-11,Silver,PH-005
CUS-04977,LOY-004977,Grace,Wilson,Plano,TX,2025-04-08,Silver,PH-002
CUS-04978,LOY-004978,Anthony,Carter,Frisco,TX,2025-05-16,Standard,PH-005
CUS-04979,LOY-004979,Jessica,Chen,Dallas,TX,2022-12-31,Silver,PH-005
CUS-04980,LOY-004980,Grace,Brown,Irving,TX,2023-04-28,Gold,PH-004
CUS-04981,LOY-004981,Noah,White,Irving,TX,2024-09-10,Standard,PH-003
CUS-04982,LOY-004982,Sophia,Martinez,Frisco,TX,2023-02-09,Gold,PH-003
CUS-04983,LOY-004983,Sophia,Lopez,Irving,TX,2024-11-28,Silver,PH-002
CUS-04984,LOY-004984,Olivia,Reed,Frisco,TX,2024-09-02,Standard,PH-003
CUS-04985,LOY-004985,Anthony,Jackson,Frisco,TX,2023-04-02,Gold,PH-001
CUS-04986,LOY-004986,Sarah,Lopez,Fort Worth,TX,2022-04-07,Standard,PH-003
CUS-04987,LOY-004987,Jessica,Taylor,Dallas,TX,2025-08-05,Silver,PH-002
CUS-04988,LOY-004988,Sophia,Brown,Fort Worth,TX,2024-05-07,Standard,PH-001
CUS-04989,LOY-004989,Ava,King,Fort Worth,TX,2023-08-11,Standard,PH-005
CUS-04990,LOY-004990,Jennifer,Smith,Frisco,TX,2024-09-16,Standard,PH-004
CUS-04991,LOY-004991,Laura,Carter,Frisco,TX,2022-12-10,Silver,PH-004
CUS-04992,LOY-004992,Noah,Jackson,Plano,TX,2022-09-15,Silver,PH-003
CUS-04993,LOY-004993,Olivia,Carter,Dallas,TX,2023-03-29,Silver,PH-005
CUS-04994,LOY-004994,Linda,King,Fort Worth,TX,2026-04-07,Standard,PH-003
CUS-04995,LOY-004995,Ethan,King,Dallas,TX,2025-10-22,Silver,PH-002
CUS-04996,LOY-004996,David,Chen,Dallas,TX,2025-12-26,Standard,PH-004
CUS-04997,LOY-004997,Sarah,Miller,Irving,TX,2023-09-29,Standard,PH-003
CUS-04998,LOY-004998,Emily,Patel,Irving,TX,2025-03-16,Standard,PH-001
CUS-04999,LOY-004999,Ethan,Tran,Fort Worth,TX,2023-06-29,Standard,PH-005
CUS-05000,LOY-005000,Grace,Chen,Plano,TX,2023-11-07,Gold,PH-005
