shift_id,employee_id,store_id,scheduled_start,scheduled_end,actual_clock_in,actual_clock_out,regular_hours,overtime_hours,late_minutes,early_departure_minutes,role_during_shift,manager_on_duty
SHF-0000001,EMP-0016,PH-001,2026-05-01 14:00:00,2026-05-01 22:00:00,2026-05-01 14:00:00,2026-05-01 21:55:00,8,0,0,5,Cashier,EMP-0012
SHF-0000002,EMP-0035,PH-002,2026-07-07 10:00:00,2026-07-07 18:00:00,2026-07-07 10:00:00,2026-07-07 17:46:00,8,0,0,14,Shift Supervisor,EMP-0035
SHF-0000003,EMP-0028,PH-002,2026-05-05 14:00:00,2026-05-05 22:00:00,2026-05-05 14:00:00,2026-05-05 22:43:00,8,0.72,0,0,Pharmacist,EMP-0025
SHF-0000004,EMP-0030,PH-002,2026-07-29 10:00:00,2026-07-29 18:00:00,2026-07-29 10:00:00,2026-07-29 18:21:00,8,0.35,0,0,Pharmacy Technician,EMP-0023
SHF-0000005,EMP-0064,PH-003,2026-07-10 10:00:00,2026-07-10 18:00:00,2026-07-10 10:00:00,2026-07-10 18:01:00,8,0.02,0,0,Cashier,EMP-0047
SHF-0000006,EMP-0013,PH-001,2026-06-02 14:00:00,2026-06-02 22:00:00,2026-06-02 14:00:00,2026-06-02 21:48:00,8,0,0,12,Shift Supervisor,EMP-0012
SHF-0000007,EMP-0012,PH-001,2026-07-09 12:00:00,2026-07-09 20:00:00,2026-07-09 12:00:00,2026-07-09 20:44:00,8,0.73,0,0,Shift Supervisor,EMP-0003
SHF-0000008,EMP-0070,PH-004,2026-07-05 10:00:00,2026-07-05 18:00:00,2026-07-05 10:00:00,2026-07-05 18:12:00,8,0.2,0,0,Pharmacist,EMP-0068
SHF-0000009,EMP-0022,PH-001,2026-07-02 08:00:00,2026-07-02 16:00:00,2026-07-02 08:00:00,2026-07-02 16:11:00,8,0.18,0,0,Inventory Associate,EMP-0001
SHF-0000010,EMP-0022,PH-001,2026-07-27 10:00:00,2026-07-27 18:00:00,2026-07-27 10:18:00,2026-07-27 18:01:00,8,0.02,18,0,Inventory Associate,EMP-0002
SHF-0000011,EMP-0027,PH-002,2026-05-21 12:00:00,2026-05-21 20:00:00,2026-05-21 12:00:00,2026-05-21 19:51:00,8,0,0,9,Pharmacist,EMP-0034
SHF-0000012,EMP-0045,PH-003,2026-06-20 12:00:00,2026-06-20 20:00:00,2026-06-20 12:00:00,2026-06-20 20:13:00,8,0.22,0,0,Store Manager,EMP-0056
SHF-0000013,EMP-0065,PH-003,2026-06-02 14:00:00,2026-06-02 22:00:00,2026-06-02 14:00:00,2026-06-02 21:56:00,8,0,0,4,Inventory Associate,EMP-0047
SHF-0000014,EMP-0044,PH-002,2026-06-08 12:00:00,2026-06-08 20:00:00,2026-06-08 12:00:00,2026-06-08 20:30:00,8,0.5,0,0,Inventory Associate,EMP-0024
SHF-0000015,EMP-0063,PH-003,2026-07-05 10:00:00,2026-07-05 18:00:00,2026-07-05 10:00:00,2026-07-05 18:12:00,8,0.2,0,0,Cashier,EMP-0056
SHF-0000016,EMP-0047,PH-003,2026-06-07 08:00:00,2026-06-07 16:00:00,2026-06-07 08:11:00,2026-06-07 16:25:00,8,0.42,11,0,Assistant Manager,EMP-0056
SHF-0000017,EMP-0079,PH-004,2026-07-29 08:00:00,2026-07-29 16:00:00,2026-07-29 08:00:00,2026-07-29 16:20:00,8,0.33,0,0,Shift Supervisor,EMP-0078
SHF-0000018,EMP-0056,PH-003,2026-07-09 12:00:00,2026-07-09 20:00:00,2026-07-09 12:00:00,2026-07-09 19:55:00,8,0,0,5,Shift Supervisor,EMP-0045
SHF-0000019,EMP-0013,PH-001,2026-05-07 10:00:00,2026-05-07 18:00:00,2026-05-07 10:00:00,2026-05-07 18:27:00,8,0.45,0,0,Shift Supervisor,EMP-0001
SHF-0000020,EMP-0050,PH-003,2026-06-13 10:00:00,2026-06-13 18:00:00,2026-06-13 10:00:00,2026-06-13 18:33:00,8,0.55,0,0,Pharmacist,EMP-0045
SHF-0000021,EMP-0099,PH-005,2026-05-10 12:00:00,2026-05-10 20:00:00,2026-05-10 12:00:00,2026-05-10 20:05:00,8,0.08,0,0,Pharmacy Technician,EMP-0089
SHF-0000022,EMP-0079,PH-004,2026-05-25 10:00:00,2026-05-25 18:00:00,2026-05-25 10:00:00,2026-05-25 17:51:00,8,0,0,9,Shift Supervisor,EMP-0067
SHF-0000023,EMP-0045,PH-003,2026-06-01 14:00:00,2026-06-01 22:00:00,2026-06-01 14:09:00,2026-06-01 21:48:00,8,0,9,12,Store Manager,EMP-0046
SHF-0000024,EMP-0006,PH-001,2026-06-06 14:00:00,2026-06-06 22:00:00,2026-06-06 14:00:00,2026-06-06 22:18:00,8,0.3,0,0,Cashier,EMP-0003
SHF-0000025,EMP-0079,PH-004,2026-07-13 12:00:00,2026-07-13 20:00:00,2026-07-13 12:00:00,2026-07-13 20:06:00,8,0.1,0,0,Shift Supervisor,EMP-0067
SHF-0000026,EMP-0010,PH-001,2026-07-29 08:00:00,2026-07-29 16:00:00,2026-07-29 08:00:00,2026-07-29 15:47:00,8,0,0,13,Pharmacy Technician,EMP-0003
SHF-0000027,EMP-0095,PH-005,2026-05-10 10:00:00,2026-05-10 18:00:00,2026-05-10 10:00:00,2026-05-10 18:31:00,8,0.52,0,0,Pharmacy Technician,EMP-0089
SHF-0000028,EMP-0044,PH-002,2026-07-31 12:00:00,2026-07-31 20:00:00,2026-07-31 12:00:00,2026-07-31 20:37:00,8,0.62,0,0,Inventory Associate,EMP-0023
SHF-0000029,EMP-0074,PH-004,2026-05-04 10:00:00,2026-05-04 18:00:00,2026-05-04 10:00:00,2026-05-04 17:49:00,8,0,0,11,Pharmacy Technician,EMP-0078
SHF-0000030,EMP-0055,PH-003,2026-05-08 08:00:00,2026-05-08 16:00:00,2026-05-08 08:00:00,2026-05-08 15:50:00,8,0,0,10,Pharmacy Technician,EMP-0057
SHF-0000031,EMP-0089,PH-005,2026-07-08 12:00:00,2026-07-08 20:00:00,2026-07-08 12:00:00,2026-07-08 19:54:00,8,0,0,6,Store Manager,EMP-0091
SHF-0000032,EMP-0107,PH-005,2026-06-21 12:00:00,2026-06-21 20:00:00,2026-06-21 12:05:00,2026-06-21 19:48:00,8,0,5,12,Cashier,EMP-0100
SHF-0000033,EMP-0002,PH-001,2026-06-06 12:00:00,2026-06-06 20:00:00,2026-06-06 12:12:00,2026-06-06 20:02:00,8,0.03,12,0,Assistant Manager,EMP-0001
SHF-0000034,EMP-0101,PH-005,2026-05-15 10:00:00,2026-05-15 18:00:00,2026-05-15 10:00:00,2026-05-15 18:42:00,8,0.7,0,0,Shift Supervisor,EMP-0090
SHF-0000035,EMP-0074,PH-004,2026-06-01 12:00:00,2026-06-01 20:00:00,2026-06-01 12:00:00,2026-06-01 20:24:00,8,0.4,0,0,Pharmacy Technician,EMP-0067
SHF-0000036,EMP-0060,PH-003,2026-07-17 14:00:00,2026-07-17 22:00:00,2026-07-17 14:00:00,2026-07-17 22:05:00,8,0.08,0,0,Cashier,EMP-0057
SHF-0000037,EMP-0106,PH-005,2026-05-07 08:00:00,2026-05-07 16:00:00,2026-05-07 08:00:00,2026-05-07 16:21:00,8,0.35,0,0,Cashier,EMP-0090
SHF-0000038,EMP-0027,PH-002,2026-07-11 08:00:00,2026-07-11 16:00:00,2026-07-11 08:00:00,2026-07-11 15:59:00,8,0,0,1,Pharmacist,EMP-0035
SHF-0000039,EMP-0020,PH-001,2026-06-16 12:00:00,2026-06-16 20:00:00,2026-06-16 12:00:00,2026-06-16 20:08:00,8,0.13,0,0,Cashier,EMP-0013
SHF-0000040,EMP-0022,PH-001,2026-05-23 10:00:00,2026-05-23 18:00:00,2026-05-23 10:00:00,2026-05-23 18:40:00,8,0.67,0,0,Inventory Associate,EMP-0002
SHF-0000041,EMP-0044,PH-002,2026-05-24 14:00:00,2026-05-24 22:00:00,2026-05-24 14:00:00,2026-05-24 22:34:00,8,0.57,0,0,Inventory Associate,EMP-0023
SHF-0000042,EMP-0064,PH-003,2026-07-07 14:00:00,2026-07-07 22:00:00,2026-07-07 14:00:00,2026-07-07 22:13:00,8,0.22,0,0,Cashier,EMP-0056
SHF-0000043,EMP-0043,PH-002,2026-05-20 08:00:00,2026-05-20 16:00:00,2026-05-20 08:03:00,2026-05-20 16:08:00,8,0.13,3,0,Inventory Associate,EMP-0024
SHF-0000044,EMP-0100,PH-005,2026-07-30 10:00:00,2026-07-30 18:00:00,2026-07-30 10:00:00,2026-07-30 17:49:00,8,0,0,11,Shift Supervisor,EMP-0100
SHF-0000045,EMP-0082,PH-004,2026-05-12 08:00:00,2026-05-12 16:00:00,2026-05-12 08:00:00,2026-05-12 15:50:00,8,0,0,10,Cashier,EMP-0078
SHF-0000046,EMP-0091,PH-005,2026-05-12 08:00:00,2026-05-12 16:00:00,2026-05-12 08:00:00,2026-05-12 16:12:00,8,0.2,0,0,Assistant Manager,EMP-0090
SHF-0000047,EMP-0053,PH-003,2026-05-17 14:00:00,2026-05-17 22:00:00,2026-05-17 14:00:00,2026-05-17 22:19:00,8,0.32,0,0,Pharmacy Technician,EMP-0057
SHF-0000048,EMP-0079,PH-004,2026-05-25 12:00:00,2026-05-25 20:00:00,2026-05-25 12:00:00,2026-05-25 20:24:00,8,0.4,0,0,Shift Supervisor,EMP-0079
SHF-0000049,EMP-0020,PH-001,2026-07-14 10:00:00,2026-07-14 18:00:00,2026-07-14 10:00:00,2026-07-14 18:41:00,8,0.68,0,0,Cashier,EMP-0012
SHF-0000050,EMP-0004,PH-001,2026-05-17 08:00:00,2026-05-17 16:00:00,2026-05-17 08:00:00,2026-05-17 16:29:00,8,0.48,0,0,Pharmacist,EMP-0003
SHF-0000051,EMP-0077,PH-004,2026-06-04 08:00:00,2026-06-04 16:00:00,2026-06-04 08:00:00,2026-06-04 15:54:00,8,0,0,6,Pharmacy Technician,EMP-0067
SHF-0000052,EMP-0007,PH-001,2026-06-21 12:00:00,2026-06-21 20:00:00,2026-06-21 12:00:00,2026-06-21 20:22:00,8,0.37,0,0,Pharmacy Technician,EMP-0002
SHF-0000053,EMP-0032,PH-002,2026-05-21 10:00:00,2026-05-21 18:00:00,2026-05-21 10:00:00,2026-05-21 18:18:00,8,0.3,0,0,Pharmacy Technician,EMP-0035
SHF-0000054,EMP-0094,PH-005,2026-05-21 12:00:00,2026-05-21 20:00:00,2026-05-21 12:00:00,2026-05-21 19:57:00,8,0,0,3,Pharmacist,EMP-0089
SHF-0000055,EMP-0059,PH-003,2026-07-24 14:00:00,2026-07-24 22:00:00,2026-07-24 14:00:00,2026-07-24 22:45:00,8,0.75,0,0,Cashier,EMP-0046
SHF-0000056,EMP-0069,PH-004,2026-05-25 10:00:00,2026-05-25 18:00:00,2026-05-25 10:02:00,2026-05-25 17:54:00,8,0,2,6,Assistant Manager,EMP-0079
SHF-0000057,EMP-0056,PH-003,2026-06-15 08:00:00,2026-06-15 16:00:00,2026-06-15 08:00:00,2026-06-15 16:28:00,8,0.47,0,0,Shift Supervisor,EMP-0045
SHF-0000058,EMP-0006,PH-001,2026-05-29 08:00:00,2026-05-29 16:00:00,2026-05-29 08:19:00,2026-05-29 16:12:00,8,0.2,19,0,Cashier,EMP-0013
SHF-0000059,EMP-0090,PH-005,2026-05-31 12:00:00,2026-05-31 20:00:00,2026-05-31 12:00:00,2026-05-31 19:59:00,8,0,0,1,Assistant Manager,EMP-0091
SHF-0000060,EMP-0067,PH-004,2026-05-25 14:00:00,2026-05-25 22:00:00,2026-05-25 14:00:00,2026-05-25 22:44:00,8,0.73,0,0,Store Manager,EMP-0079
SHF-0000061,EMP-0011,PH-001,2026-07-30 08:00:00,2026-07-30 16:00:00,2026-07-30 08:00:00,2026-07-30 16:40:00,8,0.67,0,0,Pharmacy Technician,EMP-0002
SHF-0000062,EMP-0053,PH-003,2026-07-01 10:00:00,2026-07-01 18:00:00,2026-07-01 10:00:00,2026-07-01 18:10:00,8,0.17,0,0,Pharmacy Technician,EMP-0057
SHF-0000063,EMP-0032,PH-002,2026-05-06 14:00:00,2026-05-06 22:00:00,2026-05-06 14:00:00,2026-05-06 22:39:00,8,0.65,0,0,Pharmacy Technician,EMP-0035
SHF-0000064,EMP-0068,PH-004,2026-06-30 12:00:00,2026-06-30 20:00:00,2026-06-30 12:00:00,2026-06-30 20:20:00,8,0.33,0,0,Assistant Manager,EMP-0078
SHF-0000065,EMP-0086,PH-004,2026-07-21 10:00:00,2026-07-21 18:00:00,2026-07-21 10:00:00,2026-07-21 18:38:00,8,0.63,0,0,Cashier,EMP-0078
SHF-0000066,EMP-0004,PH-001,2026-05-09 08:00:00,2026-05-09 16:00:00,2026-05-09 08:19:00,2026-05-09 15:58:00,8,0,19,2,Pharmacist,EMP-0001
SHF-0000067,EMP-0028,PH-002,2026-07-28 10:00:00,2026-07-28 18:00:00,2026-07-28 10:15:00,2026-07-28 18:19:00,8,0.32,15,0,Pharmacist,EMP-0023
SHF-0000068,EMP-0043,PH-002,2026-07-16 10:00:00,2026-07-16 18:00:00,2026-07-16 10:00:00,2026-07-16 18:06:00,8,0.1,0,0,Inventory Associate,EMP-0025
SHF-0000069,EMP-0074,PH-004,2026-07-21 08:00:00,2026-07-21 16:00:00,2026-07-21 08:00:00,2026-07-21 16:23:00,8,0.38,0,0,Pharmacy Technician,EMP-0069
SHF-0000070,EMP-0098,PH-005,2026-07-30 08:00:00,2026-07-30 16:00:00,2026-07-30 08:00:00,2026-07-30 15:55:00,8,0,0,5,Pharmacy Technician,EMP-0101
SHF-0000071,EMP-0063,PH-003,2026-06-18 14:00:00,2026-06-18 22:00:00,2026-06-18 14:00:00,2026-06-18 21:50:00,8,0,0,10,Cashier,EMP-0045
SHF-0000072,EMP-0099,PH-005,2026-06-24 10:00:00,2026-06-24 18:00:00,2026-06-24 10:05:00,2026-06-24 18:09:00,8,0.15,5,0,Pharmacy Technician,EMP-0101
SHF-0000073,EMP-0018,PH-001,2026-06-18 08:00:00,2026-06-18 16:00:00,2026-06-18 08:00:00,2026-06-18 15:48:00,8,0,0,12,Cashier,EMP-0013
SHF-0000074,EMP-0022,PH-001,2026-07-13 10:00:00,2026-07-13 18:00:00,2026-07-13 10:19:00,2026-07-13 18:08:00,8,0.13,19,0,Inventory Associate,EMP-0012
SHF-0000075,EMP-0016,PH-001,2026-05-07 10:00:00,2026-05-07 18:00:00,2026-05-07 10:00:00,2026-05-07 18:35:00,8,0.58,0,0,Cashier,EMP-0012
SHF-0000076,EMP-0052,PH-003,2026-07-01 10:00:00,2026-07-01 18:00:00,2026-07-01 10:09:00,2026-07-01 18:35:00,8,0.58,9,0,Pharmacy Technician,EMP-0057
SHF-0000077,EMP-0050,PH-003,2026-06-02 14:00:00,2026-06-02 22:00:00,2026-06-02 14:00:00,2026-06-02 22:14:00,8,0.23,0,0,Pharmacist,EMP-0057
SHF-0000078,EMP-0065,PH-003,2026-05-02 08:00:00,2026-05-02 16:00:00,2026-05-02 08:00:00,2026-05-02 16:40:00,8,0.67,0,0,Inventory Associate,EMP-0045
SHF-0000079,EMP-0096,PH-005,2026-05-31 10:00:00,2026-05-31 18:00:00,2026-05-31 10:00:00,2026-05-31 18:22:00,8,0.37,0,0,Pharmacy Technician,EMP-0089
SHF-0000080,EMP-0066,PH-003,2026-07-13 12:00:00,2026-07-13 20:00:00,2026-07-13 12:00:00,2026-07-13 20:06:00,8,0.1,0,0,Inventory Associate,EMP-0057
SHF-0000081,EMP-0079,PH-004,2026-06-06 12:00:00,2026-06-06 20:00:00,2026-06-06 12:00:00,2026-06-06 19:57:00,8,0,0,3,Shift Supervisor,EMP-0069
SHF-0000082,EMP-0067,PH-004,2026-07-19 10:00:00,2026-07-19 18:00:00,2026-07-19 10:00:00,2026-07-19 18:36:00,8,0.6,0,0,Store Manager,EMP-0079
SHF-0000083,EMP-0078,PH-004,2026-05-18 08:00:00,2026-05-18 16:00:00,2026-05-18 08:20:00,2026-05-18 16:18:00,8,0.3,20,0,Shift Supervisor,EMP-0079
SHF-0000084,EMP-0044,PH-002,2026-06-11 08:00:00,2026-06-11 16:00:00,2026-06-11 08:00:00,2026-06-11 16:06:00,8,0.1,0,0,Inventory Associate,EMP-0034
SHF-0000085,EMP-0075,PH-004,2026-07-15 10:00:00,2026-07-15 18:00:00,2026-07-15 10:09:00,2026-07-15 18:25:00,8,0.42,9,0,Pharmacy Technician,EMP-0067
SHF-0000086,EMP-0074,PH-004,2026-06-10 08:00:00,2026-06-10 16:00:00,2026-06-10 08:00:00,2026-06-10 16:31:00,8,0.52,0,0,Pharmacy Technician,EMP-0079
SHF-0000087,EMP-0098,PH-005,2026-06-24 12:00:00,2026-06-24 20:00:00,2026-06-24 12:00:00,2026-06-24 20:30:00,8,0.5,0,0,Pharmacy Technician,EMP-0100
SHF-0000088,EMP-0075,PH-004,2026-05-29 12:00:00,2026-05-29 20:00:00,2026-05-29 12:02:00,2026-05-29 20:08:00,8,0.13,2,0,Pharmacy Technician,EMP-0068
SHF-0000089,EMP-0030,PH-002,2026-05-07 14:00:00,2026-05-07 22:00:00,2026-05-07 14:00:00,2026-05-07 22:26:00,8,0.43,0,0,Pharmacy Technician,EMP-0024
SHF-0000090,EMP-0002,PH-001,2026-06-19 12:00:00,2026-06-19 20:00:00,2026-06-19 12:00:00,2026-06-19 20:11:00,8,0.18,0,0,Assistant Manager,EMP-0012
SHF-0000091,EMP-0071,PH-004,2026-05-06 12:00:00,2026-05-06 20:00:00,2026-05-06 12:00:00,2026-05-06 20:29:00,8,0.48,0,0,Pharmacist,EMP-0078
SHF-0000092,EMP-0067,PH-004,2026-05-01 08:00:00,2026-05-01 16:00:00,2026-05-01 08:00:00,2026-05-01 16:11:00,8,0.18,0,0,Store Manager,EMP-0079
SHF-0000093,EMP-0107,PH-005,2026-07-08 08:00:00,2026-07-08 16:00:00,2026-07-08 08:12:00,2026-07-08 15:54:00,8,0,12,6,Cashier,EMP-0089
SHF-0000094,EMP-0067,PH-004,2026-06-13 14:00:00,2026-06-13 22:00:00,2026-06-13 14:00:00,2026-06-13 22:19:00,8,0.32,0,0,Store Manager,EMP-0069
SHF-0000095,EMP-0001,PH-001,2026-05-19 10:00:00,2026-05-19 18:00:00,2026-05-19 10:00:00,2026-05-19 17:58:00,8,0,0,2,Store Manager,EMP-0001
SHF-0000096,EMP-0086,PH-004,2026-06-11 14:00:00,2026-06-11 22:00:00,2026-06-11 14:00:00,2026-06-11 22:17:00,8,0.28,0,0,Cashier,EMP-0069
SHF-0000097,EMP-0095,PH-005,2026-06-07 10:00:00,2026-06-07 18:00:00,2026-06-07 10:00:00,2026-06-07 18:16:00,8,0.27,0,0,Pharmacy Technician,EMP-0091
SHF-0000098,EMP-0072,PH-004,2026-07-04 12:00:00,2026-07-04 20:00:00,2026-07-04 12:00:00,2026-07-04 20:09:00,8,0.15,0,0,Pharmacist,EMP-0067
SHF-0000099,EMP-0104,PH-005,2026-05-23 14:00:00,2026-05-23 22:00:00,2026-05-23 14:00:00,2026-05-23 22:29:00,8,0.48,0,0,Cashier,EMP-0091
SHF-0000100,EMP-0066,PH-003,2026-05-09 12:00:00,2026-05-09 20:00:00,2026-05-09 12:00:00,2026-05-09 19:55:00,8,0,0,5,Inventory Associate,EMP-0046
SHF-0000101,EMP-0103,PH-005,2026-07-31 10:00:00,2026-07-31 18:00:00,2026-07-31 10:00:00,2026-07-31 18:44:00,8,0.73,0,0,Cashier,EMP-0090
SHF-0000102,EMP-0032,PH-002,2026-05-12 12:00:00,2026-05-12 20:00:00,2026-05-12 12:00:00,2026-05-12 19:53:00,8,0,0,7,Pharmacy Technician,EMP-0024
SHF-0000103,EMP-0097,PH-005,2026-06-03 08:00:00,2026-06-03 16:00:00,2026-06-03 08:00:00,2026-06-03 15:47:00,8,0,0,13,Pharmacy Technician,EMP-0090
SHF-0000104,EMP-0041,PH-002,2026-06-02 12:00:00,2026-06-02 20:00:00,2026-06-02 12:01:00,2026-06-02 20:35:00,8,0.58,1,0,Cashier,EMP-0035
SHF-0000105,EMP-0057,PH-003,2026-05-21 12:00:00,2026-05-21 20:00:00,2026-05-21 12:00:00,2026-05-21 20:16:00,8,0.27,0,0,Shift Supervisor,EMP-0045
SHF-0000106,EMP-0098,PH-005,2026-05-08 10:00:00,2026-05-08 18:00:00,2026-05-08 10:00:00,2026-05-08 17:53:00,8,0,0,7,Pharmacy Technician,EMP-0090
SHF-0000107,EMP-0046,PH-003,2026-07-31 10:00:00,2026-07-31 18:00:00,2026-07-31 10:00:00,2026-07-31 18:19:00,8,0.32,0,0,Assistant Manager,EMP-0056
SHF-0000108,EMP-0059,PH-003,2026-06-10 08:00:00,2026-06-10 16:00:00,2026-06-10 08:02:00,2026-06-10 16:00:00,8,0,2,0,Cashier,EMP-0057
SHF-0000109,EMP-0058,PH-003,2026-07-01 14:00:00,2026-07-01 22:00:00,2026-07-01 14:00:00,2026-07-01 22:20:00,8,0.33,0,0,Cashier,EMP-0045
SHF-0000110,EMP-0006,PH-001,2026-07-02 10:00:00,2026-07-02 18:00:00,2026-07-02 10:00:00,2026-07-02 18:23:00,8,0.38,0,0,Cashier,EMP-0012
SHF-0000111,EMP-0070,PH-004,2026-05-06 14:00:00,2026-05-06 22:00:00,2026-05-06 14:09:00,2026-05-06 21:47:00,8,0,9,13,Pharmacist,EMP-0068
SHF-0000112,EMP-0066,PH-003,2026-05-24 08:00:00,2026-05-24 16:00:00,2026-05-24 08:00:00,2026-05-24 16:19:00,8,0.32,0,0,Inventory Associate,EMP-0047
SHF-0000113,EMP-0041,PH-002,2026-06-16 08:00:00,2026-06-16 16:00:00,2026-06-16 08:00:00,2026-06-16 15:59:00,8,0,0,1,Cashier,EMP-0035
SHF-0000114,EMP-0025,PH-002,2026-06-23 08:00:00,2026-06-23 16:00:00,2026-06-23 08:00:00,2026-06-23 16:40:00,8,0.67,0,0,Assistant Manager,EMP-0024
SHF-0000115,EMP-0105,PH-005,2026-06-22 08:00:00,2026-06-22 16:00:00,2026-06-22 08:06:00,2026-06-22 16:04:00,8,0.07,6,0,Cashier,EMP-0089
SHF-0000116,EMP-0071,PH-004,2026-06-04 12:00:00,2026-06-04 20:00:00,2026-06-04 12:00:00,2026-06-04 19:54:00,8,0,0,6,Pharmacist,EMP-0069
SHF-0000117,EMP-0088,PH-004,2026-05-19 10:00:00,2026-05-19 18:00:00,2026-05-19 10:00:00,2026-05-19 18:03:00,8,0.05,0,0,Inventory Associate,EMP-0069
SHF-0000118,EMP-0090,PH-005,2026-06-09 12:00:00,2026-06-09 20:00:00,2026-06-09 12:00:00,2026-06-09 20:15:00,8,0.25,0,0,Assistant Manager,EMP-0101
SHF-0000119,EMP-0012,PH-001,2026-05-29 08:00:00,2026-05-29 16:00:00,2026-05-29 08:00:00,2026-05-29 16:18:00,8,0.3,0,0,Shift Supervisor,EMP-0013
SHF-0000120,EMP-0025,PH-002,2026-05-31 12:00:00,2026-05-31 20:00:00,2026-05-31 12:00:00,2026-05-31 19:48:00,8,0,0,12,Assistant Manager,EMP-0025
SHF-0000121,EMP-0005,PH-001,2026-07-07 14:00:00,2026-07-07 22:00:00,2026-07-07 14:00:00,2026-07-07 22:44:00,8,0.73,0,0,Pharmacist,EMP-0003
SHF-0000122,EMP-0037,PH-002,2026-07-19 08:00:00,2026-07-19 16:00:00,2026-07-19 08:00:00,2026-07-19 16:06:00,8,0.1,0,0,Cashier,EMP-0035
SHF-0000123,EMP-0060,PH-003,2026-06-23 08:00:00,2026-06-23 16:00:00,2026-06-23 08:00:00,2026-06-23 16:21:00,8,0.35,0,0,Cashier,EMP-0047
SHF-0000124,EMP-0097,PH-005,2026-06-19 12:00:00,2026-06-19 20:00:00,2026-06-19 12:00:00,2026-06-19 20:22:00,8,0.37,0,0,Pharmacy Technician,EMP-0101
SHF-0000125,EMP-0034,PH-002,2026-05-08 14:00:00,2026-05-08 22:00:00,2026-05-08 14:00:00,2026-05-08 22:29:00,8,0.48,0,0,Shift Supervisor,EMP-0035
SHF-0000126,EMP-0017,PH-001,2026-07-15 10:00:00,2026-07-15 18:00:00,2026-07-15 10:00:00,2026-07-15 18:31:00,8,0.52,0,0,Cashier,EMP-0003
SHF-0000127,EMP-0004,PH-001,2026-05-03 08:00:00,2026-05-03 16:00:00,2026-05-03 08:00:00,2026-05-03 15:49:00,8,0,0,11,Pharmacist,EMP-0003
SHF-0000128,EMP-0003,PH-001,2026-05-09 08:00:00,2026-05-09 16:00:00,2026-05-09 08:00:00,2026-05-09 16:16:00,8,0.27,0,0,Assistant Manager,EMP-0012
SHF-0000129,EMP-0100,PH-005,2026-06-14 14:00:00,2026-06-14 22:00:00,2026-06-14 14:00:00,2026-06-14 22:33:00,8,0.55,0,0,Shift Supervisor,EMP-0089
SHF-0000130,EMP-0078,PH-004,2026-07-16 12:00:00,2026-07-16 20:00:00,2026-07-16 12:00:00,2026-07-16 20:28:00,8,0.47,0,0,Shift Supervisor,EMP-0078
SHF-0000131,EMP-0089,PH-005,2026-07-26 08:00:00,2026-07-26 16:00:00,2026-07-26 08:16:00,2026-07-26 16:14:00,8,0.23,16,0,Store Manager,EMP-0101
SHF-0000132,EMP-0102,PH-005,2026-06-12 10:00:00,2026-06-12 18:00:00,2026-06-12 10:00:00,2026-06-12 17:58:00,8,0,0,2,Cashier,EMP-0089
SHF-0000133,EMP-0066,PH-003,2026-05-10 14:00:00,2026-05-10 22:00:00,2026-05-10 14:00:00,2026-05-10 22:04:00,8,0.07,0,0,Inventory Associate,EMP-0047
SHF-0000134,EMP-0104,PH-005,2026-05-02 14:00:00,2026-05-02 22:00:00,2026-05-02 14:00:00,2026-05-02 22:42:00,8,0.7,0,0,Cashier,EMP-0100
SHF-0000135,EMP-0010,PH-001,2026-07-29 14:00:00,2026-07-29 22:00:00,2026-07-29 14:00:00,2026-07-29 22:21:00,8,0.35,0,0,Pharmacy Technician,EMP-0003
SHF-0000136,EMP-0107,PH-005,2026-05-19 08:00:00,2026-05-19 16:00:00,2026-05-19 08:00:00,2026-05-19 16:15:00,8,0.25,0,0,Cashier,EMP-0100
SHF-0000137,EMP-0065,PH-003,2026-06-09 12:00:00,2026-06-09 20:00:00,2026-06-09 12:00:00,2026-06-09 19:51:00,8,0,0,9,Inventory Associate,EMP-0046
SHF-0000138,EMP-0100,PH-005,2026-07-06 10:00:00,2026-07-06 18:00:00,2026-07-06 10:00:00,2026-07-06 18:32:00,8,0.53,0,0,Shift Supervisor,EMP-0100
SHF-0000139,EMP-0086,PH-004,2026-07-20 14:00:00,2026-07-20 22:00:00,2026-07-20 14:00:00,2026-07-20 22:44:00,8,0.73,0,0,Cashier,EMP-0069
SHF-0000140,EMP-0039,PH-002,2026-05-31 10:00:00,2026-05-31 18:00:00,2026-05-31 10:00:00,2026-05-31 18:07:00,8,0.12,0,0,Cashier,EMP-0024
SHF-0000141,EMP-0010,PH-001,2026-06-02 14:00:00,2026-06-02 22:00:00,2026-06-02 14:00:00,2026-06-02 21:58:00,8,0,0,2,Pharmacy Technician,EMP-0001
SHF-0000142,EMP-0063,PH-003,2026-06-15 10:00:00,2026-06-15 18:00:00,2026-06-15 10:00:00,2026-06-15 17:49:00,8,0,0,11,Cashier,EMP-0057
SHF-0000143,EMP-0069,PH-004,2026-05-17 10:00:00,2026-05-17 18:00:00,2026-05-17 10:00:00,2026-05-17 18:27:00,8,0.45,0,0,Assistant Manager,EMP-0079
SHF-0000144,EMP-0008,PH-001,2026-06-24 12:00:00,2026-06-24 20:00:00,2026-06-24 12:00:00,2026-06-24 20:03:00,8,0.05,0,0,Pharmacy Technician,EMP-0003
SHF-0000145,EMP-0027,PH-002,2026-06-27 10:00:00,2026-06-27 18:00:00,2026-06-27 10:00:00,2026-06-27 18:19:00,8,0.32,0,0,Pharmacist,EMP-0034
SHF-0000146,EMP-0042,PH-002,2026-06-03 12:00:00,2026-06-03 20:00:00,2026-06-03 12:00:00,2026-06-03 20:05:00,8,0.08,0,0,Cashier,EMP-0035
SHF-0000147,EMP-0059,PH-003,2026-05-20 14:00:00,2026-05-20 22:00:00,2026-05-20 14:00:00,2026-05-20 21:54:00,8,0,0,6,Cashier,EMP-0045
SHF-0000148,EMP-0087,PH-004,2026-05-21 14:00:00,2026-05-21 22:00:00,2026-05-21 14:00:00,2026-05-21 22:33:00,8,0.55,0,0,Inventory Associate,EMP-0068
SHF-0000149,EMP-0070,PH-004,2026-06-27 12:00:00,2026-06-27 20:00:00,2026-06-27 12:00:00,2026-06-27 20:17:00,8,0.28,0,0,Pharmacist,EMP-0079
SHF-0000150,EMP-0043,PH-002,2026-06-09 10:00:00,2026-06-09 18:00:00,2026-06-09 10:00:00,2026-06-09 18:09:00,8,0.15,0,0,Inventory Associate,EMP-0023
SHF-0000151,EMP-0026,PH-002,2026-06-07 14:00:00,2026-06-07 22:00:00,2026-06-07 14:00:00,2026-06-07 22:44:00,8,0.73,0,0,Pharmacist,EMP-0024
SHF-0000152,EMP-0023,PH-002,2026-06-24 08:00:00,2026-06-24 16:00:00,2026-06-24 08:00:00,2026-06-24 15:49:00,8,0,0,11,Store Manager,EMP-0025
SHF-0000153,EMP-0048,PH-003,2026-07-22 14:00:00,2026-07-22 22:00:00,2026-07-22 14:00:00,2026-07-22 22:15:00,8,0.25,0,0,Pharmacist,EMP-0046
SHF-0000154,EMP-0049,PH-003,2026-06-24 08:00:00,2026-06-24 16:00:00,2026-06-24 08:00:00,2026-06-24 16:38:00,8,0.63,0,0,Pharmacist,EMP-0047
SHF-0000155,EMP-0066,PH-003,2026-06-26 12:00:00,2026-06-26 20:00:00,2026-06-26 12:03:00,2026-06-26 19:50:00,8,0,3,10,Inventory Associate,EMP-0047
SHF-0000156,EMP-0060,PH-003,2026-06-01 08:00:00,2026-06-01 16:00:00,2026-06-01 08:00:00,2026-06-01 15:57:00,8,0,0,3,Cashier,EMP-0045
SHF-0000157,EMP-0013,PH-001,2026-06-25 10:00:00,2026-06-25 18:00:00,2026-06-25 10:12:00,2026-06-25 18:43:00,8,0.72,12,0,Shift Supervisor,EMP-0003
SHF-0000158,EMP-0028,PH-002,2026-05-04 10:00:00,2026-05-04 18:00:00,2026-05-04 10:00:00,2026-05-04 18:24:00,8,0.4,0,0,Pharmacist,EMP-0024
SHF-0000159,EMP-0022,PH-001,2026-07-16 14:00:00,2026-07-16 22:00:00,2026-07-16 14:00:00,2026-07-16 22:18:00,8,0.3,0,0,Inventory Associate,EMP-0001
SHF-0000160,EMP-0033,PH-002,2026-05-10 14:00:00,2026-05-10 22:00:00,2026-05-10 14:00:00,2026-05-10 22:42:00,8,0.7,0,0,Pharmacy Technician,EMP-0023
SHF-0000161,EMP-0082,PH-004,2026-05-22 08:00:00,2026-05-22 16:00:00,2026-05-22 08:00:00,2026-05-22 15:45:00,8,0,0,15,Cashier,EMP-0069
SHF-0000162,EMP-0009,PH-001,2026-06-09 12:00:00,2026-06-09 20:00:00,2026-06-09 12:20:00,2026-06-09 20:22:00,8,0.37,20,0,Pharmacy Technician,EMP-0003
SHF-0000163,EMP-0002,PH-001,2026-06-19 14:00:00,2026-06-19 22:00:00,2026-06-19 14:00:00,2026-06-19 22:10:00,8,0.17,0,0,Assistant Manager,EMP-0003
SHF-0000164,EMP-0025,PH-002,2026-06-18 08:00:00,2026-06-18 16:00:00,2026-06-18 08:00:00,2026-06-18 16:36:00,8,0.6,0,0,Assistant Manager,EMP-0024
SHF-0000165,EMP-0049,PH-003,2026-06-21 08:00:00,2026-06-21 16:00:00,2026-06-21 08:00:00,2026-06-21 16:16:00,8,0.27,0,0,Pharmacist,EMP-0047
SHF-0000166,EMP-0031,PH-002,2026-05-20 10:00:00,2026-05-20 18:00:00,2026-05-20 10:00:00,2026-05-20 17:55:00,8,0,0,5,Pharmacy Technician,EMP-0024
SHF-0000167,EMP-0091,PH-005,2026-06-26 12:00:00,2026-06-26 20:00:00,2026-06-26 12:00:00,2026-06-26 20:05:00,8,0.08,0,0,Assistant Manager,EMP-0100
SHF-0000168,EMP-0076,PH-004,2026-05-24 14:00:00,2026-05-24 22:00:00,2026-05-24 14:00:00,2026-05-24 22:30:00,8,0.5,0,0,Pharmacy Technician,EMP-0068
SHF-0000169,EMP-0059,PH-003,2026-06-11 08:00:00,2026-06-11 16:00:00,2026-06-11 08:00:00,2026-06-11 16:25:00,8,0.42,0,0,Cashier,EMP-0047
SHF-0000170,EMP-0029,PH-002,2026-06-13 14:00:00,2026-06-13 22:00:00,2026-06-13 14:15:00,2026-06-13 22:30:00,8,0.5,15,0,Pharmacy Technician,EMP-0034
SHF-0000171,EMP-0093,PH-005,2026-06-20 12:00:00,2026-06-20 20:00:00,2026-06-20 12:00:00,2026-06-20 20:33:00,8,0.55,0,0,Pharmacist,EMP-0089
SHF-0000172,EMP-0100,PH-005,2026-05-30 14:00:00,2026-05-30 22:00:00,2026-05-30 14:00:00,2026-05-30 22:04:00,8,0.07,0,0,Shift Supervisor,EMP-0100
SHF-0000173,EMP-0003,PH-001,2026-07-26 14:00:00,2026-07-26 22:00:00,2026-07-26 14:19:00,2026-07-26 22:27:00,8,0.45,19,0,Assistant Manager,EMP-0001
SHF-0000174,EMP-0065,PH-003,2026-07-20 08:00:00,2026-07-20 16:00:00,2026-07-20 08:00:00,2026-07-20 16:29:00,8,0.48,0,0,Inventory Associate,EMP-0046
SHF-0000175,EMP-0091,PH-005,2026-06-17 14:00:00,2026-06-17 22:00:00,2026-06-17 14:00:00,2026-06-17 22:20:00,8,0.33,0,0,Assistant Manager,EMP-0091
SHF-0000176,EMP-0105,PH-005,2026-05-05 08:00:00,2026-05-05 16:00:00,2026-05-05 08:00:00,2026-05-05 16:19:00,8,0.32,0,0,Cashier,EMP-0091
SHF-0000177,EMP-0023,PH-002,2026-06-09 08:00:00,2026-06-09 16:00:00,2026-06-09 08:00:00,2026-06-09 16:34:00,8,0.57,0,0,Store Manager,EMP-0023
SHF-0000178,EMP-0004,PH-001,2026-06-08 08:00:00,2026-06-08 16:00:00,2026-06-08 08:00:00,2026-06-08 15:50:00,8,0,0,10,Pharmacist,EMP-0013
SHF-0000179,EMP-0014,PH-001,2026-06-15 10:00:00,2026-06-15 18:00:00,2026-06-15 10:00:00,2026-06-15 18:36:00,8,0.6,0,0,Cashier,EMP-0002
SHF-0000180,EMP-0102,PH-005,2026-06-01 08:00:00,2026-06-01 16:00:00,2026-06-01 08:00:00,2026-06-01 16:32:00,8,0.53,0,0,Cashier,EMP-0100
SHF-0000181,EMP-0087,PH-004,2026-05-18 08:00:00,2026-05-18 16:00:00,2026-05-18 08:00:00,2026-05-18 16:16:00,8,0.27,0,0,Inventory Associate,EMP-0078
SHF-0000182,EMP-0101,PH-005,2026-06-09 08:00:00,2026-06-09 16:00:00,2026-06-09 08:00:00,2026-06-09 16:43:00,8,0.72,0,0,Shift Supervisor,EMP-0100
SHF-0000183,EMP-0089,PH-005,2026-07-28 12:00:00,2026-07-28 20:00:00,2026-07-28 12:00:00,2026-07-28 20:26:00,8,0.43,0,0,Store Manager,EMP-0091
SHF-0000184,EMP-0098,PH-005,2026-05-15 14:00:00,2026-05-15 22:00:00,2026-05-15 14:00:00,2026-05-15 22:28:00,8,0.47,0,0,Pharmacy Technician,EMP-0101
SHF-0000185,EMP-0047,PH-003,2026-05-02 10:00:00,2026-05-02 18:00:00,2026-05-02 10:00:00,2026-05-02 18:34:00,8,0.57,0,0,Assistant Manager,EMP-0046
SHF-0000186,EMP-0036,PH-002,2026-07-12 08:00:00,2026-07-12 16:00:00,2026-07-12 08:00:00,2026-07-12 16:30:00,8,0.5,0,0,Cashier,EMP-0035
SHF-0000187,EMP-0014,PH-001,2026-06-19 14:00:00,2026-06-19 22:00:00,2026-06-19 14:00:00,2026-06-19 21:56:00,8,0,0,4,Cashier,EMP-0002
SHF-0000188,EMP-0046,PH-003,2026-07-04 12:00:00,2026-07-04 20:00:00,2026-07-04 12:00:00,2026-07-04 20:38:00,8,0.63,0,0,Assistant Manager,EMP-0047
SHF-0000189,EMP-0073,PH-004,2026-06-10 10:00:00,2026-06-10 18:00:00,2026-06-10 10:00:00,2026-06-10 17:59:00,8,0,0,1,Pharmacy Technician,EMP-0068
SHF-0000190,EMP-0068,PH-004,2026-06-15 12:00:00,2026-06-15 20:00:00,2026-06-15 12:00:00,2026-06-15 20:24:00,8,0.4,0,0,Assistant Manager,EMP-0078
SHF-0000191,EMP-0036,PH-002,2026-05-29 08:00:00,2026-05-29 16:00:00,2026-05-29 08:01:00,2026-05-29 16:31:00,8,0.52,1,0,Cashier,EMP-0024
SHF-0000192,EMP-0012,PH-001,2026-05-27 10:00:00,2026-05-27 18:00:00,2026-05-27 10:00:00,2026-05-27 18:01:00,8,0.02,0,0,Shift Supervisor,EMP-0001
SHF-0000193,EMP-0025,PH-002,2026-05-16 14:00:00,2026-05-16 22:00:00,2026-05-16 14:00:00,2026-05-16 22:18:00,8,0.3,0,0,Assistant Manager,EMP-0023
SHF-0000194,EMP-0063,PH-003,2026-06-18 14:00:00,2026-06-18 22:00:00,2026-06-18 14:00:00,2026-06-18 22:07:00,8,0.12,0,0,Cashier,EMP-0047
SHF-0000195,EMP-0028,PH-002,2026-07-31 10:00:00,2026-07-31 18:00:00,2026-07-31 10:00:00,2026-07-31 18:01:00,8,0.02,0,0,Pharmacist,EMP-0034
SHF-0000196,EMP-0097,PH-005,2026-05-27 12:00:00,2026-05-27 20:00:00,2026-05-27 12:00:00,2026-05-27 20:22:00,8,0.37,0,0,Pharmacy Technician,EMP-0090
SHF-0000197,EMP-0043,PH-002,2026-05-09 08:00:00,2026-05-09 16:00:00,2026-05-09 08:00:00,2026-05-09 15:52:00,8,0,0,8,Inventory Associate,EMP-0023
SHF-0000198,EMP-0085,PH-004,2026-07-30 10:00:00,2026-07-30 18:00:00,2026-07-30 10:00:00,2026-07-30 18:17:00,8,0.28,0,0,Cashier,EMP-0079
SHF-0000199,EMP-0034,PH-002,2026-06-24 08:00:00,2026-06-24 16:00:00,2026-06-24 08:00:00,2026-06-24 16:00:00,8,0,0,0,Shift Supervisor,EMP-0024
SHF-0000200,EMP-0039,PH-002,2026-07-07 12:00:00,2026-07-07 20:00:00,2026-07-07 12:00:00,2026-07-07 20:00:00,8,0,0,0,Cashier,EMP-0035
SHF-0000201,EMP-0084,PH-004,2026-05-23 10:00:00,2026-05-23 18:00:00,2026-05-23 10:20:00,2026-05-23 17:53:00,8,0,20,7,Cashier,EMP-0068
SHF-0000202,EMP-0013,PH-001,2026-05-17 08:00:00,2026-05-17 16:00:00,2026-05-17 08:00:00,2026-05-17 16:16:00,8,0.27,0,0,Shift Supervisor,EMP-0003
SHF-0000203,EMP-0109,PH-005,2026-05-13 12:00:00,2026-05-13 20:00:00,2026-05-13 12:16:00,2026-05-13 20:02:00,8,0.03,16,0,Inventory Associate,EMP-0100
SHF-0000204,EMP-0107,PH-005,2026-07-24 08:00:00,2026-07-24 16:00:00,2026-07-24 08:00:00,2026-07-24 16:22:00,8,0.37,0,0,Cashier,EMP-0100
SHF-0000205,EMP-0016,PH-001,2026-05-08 10:00:00,2026-05-08 18:00:00,2026-05-08 10:00:00,2026-05-08 18:06:00,8,0.1,0,0,Cashier,EMP-0013
SHF-0000206,EMP-0085,PH-004,2026-07-11 10:00:00,2026-07-11 18:00:00,2026-07-11 10:00:00,2026-07-11 18:44:00,8,0.73,0,0,Cashier,EMP-0068
SHF-0000207,EMP-0028,PH-002,2026-05-21 08:00:00,2026-05-21 16:00:00,2026-05-21 08:01:00,2026-05-21 16:43:00,8,0.72,1,0,Pharmacist,EMP-0023
SHF-0000208,EMP-0059,PH-003,2026-05-01 08:00:00,2026-05-01 16:00:00,2026-05-01 08:00:00,2026-05-01 16:29:00,8,0.48,0,0,Cashier,EMP-0057
SHF-0000209,EMP-0042,PH-002,2026-07-12 12:00:00,2026-07-12 20:00:00,2026-07-12 12:00:00,2026-07-12 19:46:00,8,0,0,14,Cashier,EMP-0034
SHF-0000210,EMP-0063,PH-003,2026-07-08 14:00:00,2026-07-08 22:00:00,2026-07-08 14:00:00,2026-07-08 22:05:00,8,0.08,0,0,Cashier,EMP-0056
SHF-0000211,EMP-0078,PH-004,2026-06-04 10:00:00,2026-06-04 18:00:00,2026-06-04 10:08:00,2026-06-04 17:56:00,8,0,8,4,Shift Supervisor,EMP-0068
SHF-0000212,EMP-0109,PH-005,2026-07-14 08:00:00,2026-07-14 16:00:00,2026-07-14 08:00:00,2026-07-14 15:54:00,8,0,0,6,Inventory Associate,EMP-0101
SHF-0000213,EMP-0064,PH-003,2026-05-03 14:00:00,2026-05-03 22:00:00,2026-05-03 14:00:00,2026-05-03 21:58:00,8,0,0,2,Cashier,EMP-0047
SHF-0000214,EMP-0066,PH-003,2026-07-01 12:00:00,2026-07-01 20:00:00,2026-07-01 12:00:00,2026-07-01 20:28:00,8,0.47,0,0,Inventory Associate,EMP-0046
SHF-0000215,EMP-0070,PH-004,2026-05-28 12:00:00,2026-05-28 20:00:00,2026-05-28 12:00:00,2026-05-28 20:44:00,8,0.73,0,0,Pharmacist,EMP-0069
SHF-0000216,EMP-0028,PH-002,2026-07-21 10:00:00,2026-07-21 18:00:00,2026-07-21 10:00:00,2026-07-21 18:40:00,8,0.67,0,0,Pharmacist,EMP-0025
SHF-0000217,EMP-0040,PH-002,2026-07-15 14:00:00,2026-07-15 22:00:00,2026-07-15 14:00:00,2026-07-15 22:20:00,8,0.33,0,0,Cashier,EMP-0035
SHF-0000218,EMP-0020,PH-001,2026-05-22 08:00:00,2026-05-22 16:00:00,2026-05-22 08:00:00,2026-05-22 16:44:00,8,0.73,0,0,Cashier,EMP-0001
SHF-0000219,EMP-0091,PH-005,2026-07-20 12:00:00,2026-07-20 20:00:00,2026-07-20 12:00:00,2026-07-20 19:46:00,8,0,0,14,Assistant Manager,EMP-0091
SHF-0000220,EMP-0098,PH-005,2026-06-01 12:00:00,2026-06-01 20:00:00,2026-06-01 12:00:00,2026-06-01 20:11:00,8,0.18,0,0,Pharmacy Technician,EMP-0090
SHF-0000221,EMP-0108,PH-005,2026-05-29 14:00:00,2026-05-29 22:00:00,2026-05-29 14:07:00,2026-05-29 21:50:00,8,0,7,10,Cashier,EMP-0101
SHF-0000222,EMP-0044,PH-002,2026-07-08 12:00:00,2026-07-08 20:00:00,2026-07-08 12:00:00,2026-07-08 20:10:00,8,0.17,0,0,Inventory Associate,EMP-0023
SHF-0000223,EMP-0012,PH-001,2026-07-19 08:00:00,2026-07-19 16:00:00,2026-07-19 08:00:00,2026-07-19 15:56:00,8,0,0,4,Shift Supervisor,EMP-0003
SHF-0000224,EMP-0051,PH-003,2026-06-04 14:00:00,2026-06-04 22:00:00,2026-06-04 14:00:00,2026-06-04 22:02:00,8,0.03,0,0,Pharmacy Technician,EMP-0045
SHF-0000225,EMP-0069,PH-004,2026-06-21 10:00:00,2026-06-21 18:00:00,2026-06-21 10:10:00,2026-06-21 18:45:00,8,0.75,10,0,Assistant Manager,EMP-0078
SHF-0000226,EMP-0075,PH-004,2026-07-27 10:00:00,2026-07-27 18:00:00,2026-07-27 10:00:00,2026-07-27 18:14:00,8,0.23,0,0,Pharmacy Technician,EMP-0079
SHF-0000227,EMP-0024,PH-002,2026-05-29 12:00:00,2026-05-29 20:00:00,2026-05-29 12:00:00,2026-05-29 20:02:00,8,0.03,0,0,Assistant Manager,EMP-0025
SHF-0000228,EMP-0040,PH-002,2026-05-30 12:00:00,2026-05-30 20:00:00,2026-05-30 12:00:00,2026-05-30 20:43:00,8,0.72,0,0,Cashier,EMP-0023
SHF-0000229,EMP-0032,PH-002,2026-07-10 12:00:00,2026-07-10 20:00:00,2026-07-10 12:00:00,2026-07-10 20:27:00,8,0.45,0,0,Pharmacy Technician,EMP-0023
SHF-0000230,EMP-0107,PH-005,2026-06-07 10:00:00,2026-06-07 18:00:00,2026-06-07 10:00:00,2026-06-07 18:20:00,8,0.33,0,0,Cashier,EMP-0090
SHF-0000231,EMP-0022,PH-001,2026-06-25 12:00:00,2026-06-25 20:00:00,2026-06-25 12:00:00,2026-06-25 19:59:00,8,0,0,1,Inventory Associate,EMP-0002
SHF-0000232,EMP-0038,PH-002,2026-06-18 08:00:00,2026-06-18 16:00:00,2026-06-18 08:00:00,2026-06-18 15:51:00,8,0,0,9,Cashier,EMP-0023
SHF-0000233,EMP-0039,PH-002,2026-05-03 08:00:00,2026-05-03 16:00:00,2026-05-03 08:00:00,2026-05-03 15:57:00,8,0,0,3,Cashier,EMP-0025
SHF-0000234,EMP-0030,PH-002,2026-07-08 12:00:00,2026-07-08 20:00:00,2026-07-08 12:00:00,2026-07-08 20:22:00,8,0.37,0,0,Pharmacy Technician,EMP-0025
SHF-0000235,EMP-0057,PH-003,2026-05-24 08:00:00,2026-05-24 16:00:00,2026-05-24 08:00:00,2026-05-24 15:57:00,8,0,0,3,Shift Supervisor,EMP-0056
SHF-0000236,EMP-0017,PH-001,2026-06-12 14:00:00,2026-06-12 22:00:00,2026-06-12 14:00:00,2026-06-12 22:18:00,8,0.3,0,0,Cashier,EMP-0001
SHF-0000237,EMP-0039,PH-002,2026-05-07 12:00:00,2026-05-07 20:00:00,2026-05-07 12:00:00,2026-05-07 20:09:00,8,0.15,0,0,Cashier,EMP-0025
SHF-0000238,EMP-0110,PH-005,2026-05-17 10:00:00,2026-05-17 18:00:00,2026-05-17 10:00:00,2026-05-17 17:53:00,8,0,0,7,Inventory Associate,EMP-0089
SHF-0000239,EMP-0107,PH-005,2026-05-03 08:00:00,2026-05-03 16:00:00,2026-05-03 08:00:00,2026-05-03 16:06:00,8,0.1,0,0,Cashier,EMP-0101
SHF-0000240,EMP-0015,PH-001,2026-06-05 10:00:00,2026-06-05 18:00:00,2026-06-05 10:00:00,2026-06-05 18:13:00,8,0.22,0,0,Cashier,EMP-0013
SHF-0000241,EMP-0019,PH-001,2026-06-27 10:00:00,2026-06-27 18:00:00,2026-06-27 10:00:00,2026-06-27 18:08:00,8,0.13,0,0,Cashier,EMP-0002
SHF-0000242,EMP-0090,PH-005,2026-05-13 10:00:00,2026-05-13 18:00:00,2026-05-13 10:00:00,2026-05-13 18:44:00,8,0.73,0,0,Assistant Manager,EMP-0089
SHF-0000243,EMP-0068,PH-004,2026-06-27 14:00:00,2026-06-27 22:00:00,2026-06-27 14:00:00,2026-06-27 22:25:00,8,0.42,0,0,Assistant Manager,EMP-0078
SHF-0000244,EMP-0092,PH-005,2026-06-21 14:00:00,2026-06-21 22:00:00,2026-06-21 14:17:00,2026-06-21 22:14:00,8,0.23,17,0,Pharmacist,EMP-0090
SHF-0000245,EMP-0003,PH-001,2026-07-04 08:00:00,2026-07-04 16:00:00,2026-07-04 08:00:00,2026-07-04 16:35:00,8,0.58,0,0,Assistant Manager,EMP-0003
SHF-0000246,EMP-0067,PH-004,2026-05-27 08:00:00,2026-05-27 16:00:00,2026-05-27 08:00:00,2026-05-27 16:25:00,8,0.42,0,0,Store Manager,EMP-0068
SHF-0000247,EMP-0092,PH-005,2026-06-20 12:00:00,2026-06-20 20:00:00,2026-06-20 12:00:00,2026-06-20 20:28:00,8,0.47,0,0,Pharmacist,EMP-0101
SHF-0000248,EMP-0095,PH-005,2026-07-20 08:00:00,2026-07-20 16:00:00,2026-07-20 08:00:00,2026-07-20 16:05:00,8,0.08,0,0,Pharmacy Technician,EMP-0100
SHF-0000249,EMP-0012,PH-001,2026-07-07 08:00:00,2026-07-07 16:00:00,2026-07-07 08:00:00,2026-07-07 16:21:00,8,0.35,0,0,Shift Supervisor,EMP-0001
SHF-0000250,EMP-0096,PH-005,2026-07-26 10:00:00,2026-07-26 18:00:00,2026-07-26 10:06:00,2026-07-26 17:56:00,8,0,6,4,Pharmacy Technician,EMP-0100
SHF-0000251,EMP-0076,PH-004,2026-06-21 10:00:00,2026-06-21 18:00:00,2026-06-21 10:00:00,2026-06-21 18:42:00,8,0.7,0,0,Pharmacy Technician,EMP-0078
SHF-0000252,EMP-0091,PH-005,2026-07-10 08:00:00,2026-07-10 16:00:00,2026-07-10 08:00:00,2026-07-10 15:58:00,8,0,0,2,Assistant Manager,EMP-0091
SHF-0000253,EMP-0035,PH-002,2026-05-01 14:00:00,2026-05-01 22:00:00,2026-05-01 14:00:00,2026-05-01 22:33:00,8,0.55,0,0,Shift Supervisor,EMP-0023
SHF-0000254,EMP-0078,PH-004,2026-06-16 10:00:00,2026-06-16 18:00:00,2026-06-16 10:00:00,2026-06-16 18:36:00,8,0.6,0,0,Shift Supervisor,EMP-0079
SHF-0000255,EMP-0019,PH-001,2026-06-01 14:00:00,2026-06-01 22:00:00,2026-06-01 14:00:00,2026-06-01 21:56:00,8,0,0,4,Cashier,EMP-0013
SHF-0000256,EMP-0020,PH-001,2026-06-02 08:00:00,2026-06-02 16:00:00,2026-06-02 08:00:00,2026-06-02 16:45:00,8,0.75,0,0,Cashier,EMP-0001
SHF-0000257,EMP-0006,PH-001,2026-07-13 12:00:00,2026-07-13 20:00:00,2026-07-13 12:00:00,2026-07-13 20:03:00,8,0.05,0,0,Cashier,EMP-0001
SHF-0000258,EMP-0106,PH-005,2026-07-31 08:00:00,2026-07-31 16:00:00,2026-07-31 08:15:00,2026-07-31 16:06:00,8,0.1,15,0,Cashier,EMP-0101
SHF-0000259,EMP-0058,PH-003,2026-07-11 14:00:00,2026-07-11 22:00:00,2026-07-11 14:00:00,2026-07-11 22:18:00,8,0.3,0,0,Cashier,EMP-0046
SHF-0000260,EMP-0003,PH-001,2026-06-07 10:00:00,2026-06-07 18:00:00,2026-06-07 10:00:00,2026-06-07 17:50:00,8,0,0,10,Assistant Manager,EMP-0012
SHF-0000261,EMP-0086,PH-004,2026-05-25 12:00:00,2026-05-25 20:00:00,2026-05-25 12:00:00,2026-05-25 20:21:00,8,0.35,0,0,Cashier,EMP-0067
SHF-0000262,EMP-0101,PH-005,2026-05-23 14:00:00,2026-05-23 22:00:00,2026-05-23 14:00:00,2026-05-23 21:46:00,8,0,0,14,Shift Supervisor,EMP-0100
SHF-0000263,EMP-0070,PH-004,2026-06-12 12:00:00,2026-06-12 20:00:00,2026-06-12 12:00:00,2026-06-12 20:11:00,8,0.18,0,0,Pharmacist,EMP-0068
SHF-0000264,EMP-0011,PH-001,2026-06-02 10:00:00,2026-06-02 18:00:00,2026-06-02 10:00:00,2026-06-02 17:58:00,8,0,0,2,Pharmacy Technician,EMP-0013
SHF-0000265,EMP-0042,PH-002,2026-07-11 14:00:00,2026-07-11 22:00:00,2026-07-11 14:00:00,2026-07-11 22:10:00,8,0.17,0,0,Cashier,EMP-0023
SHF-0000266,EMP-0087,PH-004,2026-06-28 12:00:00,2026-06-28 20:00:00,2026-06-28 12:00:00,2026-06-28 20:13:00,8,0.22,0,0,Inventory Associate,EMP-0068
SHF-0000267,EMP-0095,PH-005,2026-06-22 14:00:00,2026-06-22 22:00:00,2026-06-22 14:04:00,2026-06-22 22:07:00,8,0.12,4,0,Pharmacy Technician,EMP-0091
SHF-0000268,EMP-0088,PH-004,2026-07-29 14:00:00,2026-07-29 22:00:00,2026-07-29 14:00:00,2026-07-29 22:30:00,8,0.5,0,0,Inventory Associate,EMP-0067
SHF-0000269,EMP-0076,PH-004,2026-05-23 12:00:00,2026-05-23 20:00:00,2026-05-23 12:00:00,2026-05-23 20:20:00,8,0.33,0,0,Pharmacy Technician,EMP-0068
SHF-0000270,EMP-0062,PH-003,2026-05-10 10:00:00,2026-05-10 18:00:00,2026-05-10 10:00:00,2026-05-10 18:24:00,8,0.4,0,0,Cashier,EMP-0056
SHF-0000271,EMP-0008,PH-001,2026-05-08 12:00:00,2026-05-08 20:00:00,2026-05-08 12:00:00,2026-05-08 20:08:00,8,0.13,0,0,Pharmacy Technician,EMP-0012
SHF-0000272,EMP-0076,PH-004,2026-06-05 10:00:00,2026-06-05 18:00:00,2026-06-05 10:06:00,2026-06-05 18:07:00,8,0.12,6,0,Pharmacy Technician,EMP-0078
SHF-0000273,EMP-0100,PH-005,2026-05-05 12:00:00,2026-05-05 20:00:00,2026-05-05 12:00:00,2026-05-05 20:34:00,8,0.57,0,0,Shift Supervisor,EMP-0091
SHF-0000274,EMP-0078,PH-004,2026-06-09 14:00:00,2026-06-09 22:00:00,2026-06-09 14:00:00,2026-06-09 22:33:00,8,0.55,0,0,Shift Supervisor,EMP-0078
SHF-0000275,EMP-0042,PH-002,2026-06-29 10:00:00,2026-06-29 18:00:00,2026-06-29 10:00:00,2026-06-29 18:34:00,8,0.57,0,0,Cashier,EMP-0023
SHF-0000276,EMP-0030,PH-002,2026-07-19 12:00:00,2026-07-19 20:00:00,2026-07-19 12:00:00,2026-07-19 20:39:00,8,0.65,0,0,Pharmacy Technician,EMP-0034
SHF-0000277,EMP-0094,PH-005,2026-07-29 12:00:00,2026-07-29 20:00:00,2026-07-29 12:00:00,2026-07-29 20:42:00,8,0.7,0,0,Pharmacist,EMP-0090
SHF-0000278,EMP-0048,PH-003,2026-06-30 14:00:00,2026-06-30 22:00:00,2026-06-30 14:00:00,2026-06-30 22:21:00,8,0.35,0,0,Pharmacist,EMP-0056
SHF-0000279,EMP-0036,PH-002,2026-06-24 08:00:00,2026-06-24 16:00:00,2026-06-24 08:00:00,2026-06-24 16:14:00,8,0.23,0,0,Cashier,EMP-0025
SHF-0000280,EMP-0043,PH-002,2026-07-08 12:00:00,2026-07-08 20:00:00,2026-07-08 12:00:00,2026-07-08 20:44:00,8,0.73,0,0,Inventory Associate,EMP-0034
SHF-0000281,EMP-0086,PH-004,2026-07-10 10:00:00,2026-07-10 18:00:00,2026-07-10 10:00:00,2026-07-10 18:44:00,8,0.73,0,0,Cashier,EMP-0078
SHF-0000282,EMP-0016,PH-001,2026-05-23 08:00:00,2026-05-23 16:00:00,2026-05-23 08:00:00,2026-05-23 16:25:00,8,0.42,0,0,Cashier,EMP-0013
SHF-0000283,EMP-0017,PH-001,2026-07-19 14:00:00,2026-07-19 22:00:00,2026-07-19 14:00:00,2026-07-19 22:31:00,8,0.52,0,0,Cashier,EMP-0003
SHF-0000284,EMP-0036,PH-002,2026-07-08 08:00:00,2026-07-08 16:00:00,2026-07-08 08:00:00,2026-07-08 16:44:00,8,0.73,0,0,Cashier,EMP-0025
SHF-0000285,EMP-0001,PH-001,2026-07-08 08:00:00,2026-07-08 16:00:00,2026-07-08 08:00:00,2026-07-08 16:39:00,8,0.65,0,0,Store Manager,EMP-0003
SHF-0000286,EMP-0014,PH-001,2026-05-02 10:00:00,2026-05-02 18:00:00,2026-05-02 10:00:00,2026-05-02 18:02:00,8,0.03,0,0,Cashier,EMP-0003
SHF-0000287,EMP-0001,PH-001,2026-05-30 14:00:00,2026-05-30 22:00:00,2026-05-30 14:06:00,2026-05-30 22:24:00,8,0.4,6,0,Store Manager,EMP-0003
SHF-0000288,EMP-0080,PH-004,2026-07-23 12:00:00,2026-07-23 20:00:00,2026-07-23 12:00:00,2026-07-23 20:26:00,8,0.43,0,0,Cashier,EMP-0069
SHF-0000289,EMP-0105,PH-005,2026-07-15 10:00:00,2026-07-15 18:00:00,2026-07-15 10:16:00,2026-07-15 18:25:00,8,0.42,16,0,Cashier,EMP-0091
SHF-0000290,EMP-0095,PH-005,2026-05-08 12:00:00,2026-05-08 20:00:00,2026-05-08 12:00:00,2026-05-08 19:55:00,8,0,0,5,Pharmacy Technician,EMP-0100
SHF-0000291,EMP-0018,PH-001,2026-05-31 08:00:00,2026-05-31 16:00:00,2026-05-31 08:00:00,2026-05-31 16:20:00,8,0.33,0,0,Cashier,EMP-0003
SHF-0000292,EMP-0096,PH-005,2026-07-16 08:00:00,2026-07-16 16:00:00,2026-07-16 08:00:00,2026-07-16 16:19:00,8,0.32,0,0,Pharmacy Technician,EMP-0091
SHF-0000293,EMP-0094,PH-005,2026-05-12 14:00:00,2026-05-12 22:00:00,2026-05-12 14:00:00,2026-05-12 22:35:00,8,0.58,0,0,Pharmacist,EMP-0100
SHF-0000294,EMP-0092,PH-005,2026-07-16 12:00:00,2026-07-16 20:00:00,2026-07-16 12:00:00,2026-07-16 19:53:00,8,0,0,7,Pharmacist,EMP-0089
SHF-0000295,EMP-0060,PH-003,2026-07-21 10:00:00,2026-07-21 18:00:00,2026-07-21 10:00:00,2026-07-21 18:32:00,8,0.53,0,0,Cashier,EMP-0056
SHF-0000296,EMP-0017,PH-001,2026-06-15 14:00:00,2026-06-15 22:00:00,2026-06-15 14:00:00,2026-06-15 22:30:00,8,0.5,0,0,Cashier,EMP-0013
SHF-0000297,EMP-0003,PH-001,2026-06-02 08:00:00,2026-06-02 16:00:00,2026-06-02 08:00:00,2026-06-02 16:09:00,8,0.15,0,0,Assistant Manager,EMP-0003
SHF-0000298,EMP-0064,PH-003,2026-07-31 12:00:00,2026-07-31 20:00:00,2026-07-31 12:00:00,2026-07-31 20:35:00,8,0.58,0,0,Cashier,EMP-0057
SHF-0000299,EMP-0041,PH-002,2026-06-23 10:00:00,2026-06-23 18:00:00,2026-06-23 10:00:00,2026-06-23 18:21:00,8,0.35,0,0,Cashier,EMP-0025
SHF-0000300,EMP-0065,PH-003,2026-06-21 08:00:00,2026-06-21 16:00:00,2026-06-21 08:00:00,2026-06-21 16:10:00,8,0.17,0,0,Inventory Associate,EMP-0045
SHF-0000301,EMP-0045,PH-003,2026-05-02 10:00:00,2026-05-02 18:00:00,2026-05-02 10:00:00,2026-05-02 17:54:00,8,0,0,6,Store Manager,EMP-0045
SHF-0000302,EMP-0073,PH-004,2026-05-10 12:00:00,2026-05-10 20:00:00,2026-05-10 12:00:00,2026-05-10 20:36:00,8,0.6,0,0,Pharmacy Technician,EMP-0079
SHF-0000303,EMP-0039,PH-002,2026-06-01 10:00:00,2026-06-01 18:00:00,2026-06-01 10:00:00,2026-06-01 17:57:00,8,0,0,3,Cashier,EMP-0024
SHF-0000304,EMP-0002,PH-001,2026-07-26 10:00:00,2026-07-26 18:00:00,2026-07-26 10:00:00,2026-07-26 17:57:00,8,0,0,3,Assistant Manager,EMP-0003
SHF-0000305,EMP-0057,PH-003,2026-05-30 08:00:00,2026-05-30 16:00:00,2026-05-30 08:00:00,2026-05-30 15:59:00,8,0,0,1,Shift Supervisor,EMP-0047
SHF-0000306,EMP-0041,PH-002,2026-07-01 14:00:00,2026-07-01 22:00:00,2026-07-01 14:13:00,2026-07-01 22:44:00,8,0.73,13,0,Cashier,EMP-0034
SHF-0000307,EMP-0014,PH-001,2026-07-18 10:00:00,2026-07-18 18:00:00,2026-07-18 10:20:00,2026-07-18 17:48:00,8,0,20,12,Cashier,EMP-0002
SHF-0000308,EMP-0044,PH-002,2026-07-06 08:00:00,2026-07-06 16:00:00,2026-07-06 08:00:00,2026-07-06 15:51:00,8,0,0,9,Inventory Associate,EMP-0035
SHF-0000309,EMP-0061,PH-003,2026-07-13 10:00:00,2026-07-13 18:00:00,2026-07-13 10:00:00,2026-07-13 18:26:00,8,0.43,0,0,Cashier,EMP-0046
SHF-0000310,EMP-0047,PH-003,2026-05-22 08:00:00,2026-05-22 16:00:00,2026-05-22 08:00:00,2026-05-22 15:45:00,8,0,0,15,Assistant Manager,EMP-0057
SHF-0000311,EMP-0099,PH-005,2026-07-08 14:00:00,2026-07-08 22:00:00,2026-07-08 14:00:00,2026-07-08 21:59:00,8,0,0,1,Pharmacy Technician,EMP-0090
SHF-0000312,EMP-0088,PH-004,2026-06-15 12:00:00,2026-06-15 20:00:00,2026-06-15 12:00:00,2026-06-15 20:38:00,8,0.63,0,0,Inventory Associate,EMP-0079
SHF-0000313,EMP-0033,PH-002,2026-07-26 14:00:00,2026-07-26 22:00:00,2026-07-26 14:00:00,2026-07-26 22:43:00,8,0.72,0,0,Pharmacy Technician,EMP-0035
SHF-0000314,EMP-0028,PH-002,2026-06-30 14:00:00,2026-06-30 22:00:00,2026-06-30 14:00:00,2026-06-30 22:16:00,8,0.27,0,0,Pharmacist,EMP-0023
SHF-0000315,EMP-0045,PH-003,2026-05-03 08:00:00,2026-05-03 16:00:00,2026-05-03 08:00:00,2026-05-03 15:57:00,8,0,0,3,Store Manager,EMP-0057
SHF-0000316,EMP-0044,PH-002,2026-07-22 08:00:00,2026-07-22 16:00:00,2026-07-22 08:00:00,2026-07-22 16:11:00,8,0.18,0,0,Inventory Associate,EMP-0024
SHF-0000317,EMP-0020,PH-001,2026-07-05 10:00:00,2026-07-05 18:00:00,2026-07-05 10:00:00,2026-07-05 17:46:00,8,0,0,14,Cashier,EMP-0001
SHF-0000318,EMP-0049,PH-003,2026-07-25 10:00:00,2026-07-25 18:00:00,2026-07-25 10:00:00,2026-07-25 17:57:00,8,0,0,3,Pharmacist,EMP-0045
SHF-0000319,EMP-0006,PH-001,2026-05-02 10:00:00,2026-05-02 18:00:00,2026-05-02 10:00:00,2026-05-02 18:45:00,8,0.75,0,0,Cashier,EMP-0012
SHF-0000320,EMP-0092,PH-005,2026-07-07 12:00:00,2026-07-07 20:00:00,2026-07-07 12:00:00,2026-07-07 20:30:00,8,0.5,0,0,Pharmacist,EMP-0100
SHF-0000321,EMP-0081,PH-004,2026-06-10 10:00:00,2026-06-10 18:00:00,2026-06-10 10:00:00,2026-06-10 18:42:00,8,0.7,0,0,Cashier,EMP-0079
SHF-0000322,EMP-0026,PH-002,2026-07-11 10:00:00,2026-07-11 18:00:00,2026-07-11 10:00:00,2026-07-11 18:36:00,8,0.6,0,0,Pharmacist,EMP-0034
SHF-0000323,EMP-0016,PH-001,2026-06-23 10:00:00,2026-06-23 18:00:00,2026-06-23 10:00:00,2026-06-23 18:09:00,8,0.15,0,0,Cashier,EMP-0012
SHF-0000324,EMP-0037,PH-002,2026-06-16 14:00:00,2026-06-16 22:00:00,2026-06-16 14:00:00,2026-06-16 22:24:00,8,0.4,0,0,Cashier,EMP-0025
SHF-0000325,EMP-0041,PH-002,2026-07-03 12:00:00,2026-07-03 20:00:00,2026-07-03 12:00:00,2026-07-03 20:41:00,8,0.68,0,0,Cashier,EMP-0035
SHF-0000326,EMP-0097,PH-005,2026-07-21 14:00:00,2026-07-21 22:00:00,2026-07-21 14:00:00,2026-07-21 21:51:00,8,0,0,9,Pharmacy Technician,EMP-0101
SHF-0000327,EMP-0075,PH-004,2026-06-30 14:00:00,2026-06-30 22:00:00,2026-06-30 14:00:00,2026-06-30 21:47:00,8,0,0,13,Pharmacy Technician,EMP-0069
SHF-0000328,EMP-0093,PH-005,2026-07-26 08:00:00,2026-07-26 16:00:00,2026-07-26 08:17:00,2026-07-26 15:59:00,8,0,17,1,Pharmacist,EMP-0089
SHF-0000329,EMP-0086,PH-004,2026-05-15 08:00:00,2026-05-15 16:00:00,2026-05-15 08:00:00,2026-05-15 16:09:00,8,0.15,0,0,Cashier,EMP-0078
SHF-0000330,EMP-0014,PH-001,2026-07-01 10:00:00,2026-07-01 18:00:00,2026-07-01 10:00:00,2026-07-01 17:53:00,8,0,0,7,Cashier,EMP-0012
SHF-0000331,EMP-0003,PH-001,2026-06-15 14:00:00,2026-06-15 22:00:00,2026-06-15 14:00:00,2026-06-15 21:59:00,8,0,0,1,Assistant Manager,EMP-0001
SHF-0000332,EMP-0097,PH-005,2026-05-04 12:00:00,2026-05-04 20:00:00,2026-05-04 12:00:00,2026-05-04 20:36:00,8,0.6,0,0,Pharmacy Technician,EMP-0100
SHF-0000333,EMP-0024,PH-002,2026-05-29 10:00:00,2026-05-29 18:00:00,2026-05-29 10:09:00,2026-05-29 18:12:00,8,0.2,9,0,Assistant Manager,EMP-0035
SHF-0000334,EMP-0070,PH-004,2026-05-04 12:00:00,2026-05-04 20:00:00,2026-05-04 12:00:00,2026-05-04 19:53:00,8,0,0,7,Pharmacist,EMP-0069
SHF-0000335,EMP-0086,PH-004,2026-05-22 14:00:00,2026-05-22 22:00:00,2026-05-22 14:00:00,2026-05-22 22:13:00,8,0.22,0,0,Cashier,EMP-0078
SHF-0000336,EMP-0094,PH-005,2026-05-05 14:00:00,2026-05-05 22:00:00,2026-05-05 14:00:00,2026-05-05 21:55:00,8,0,0,5,Pharmacist,EMP-0100
SHF-0000337,EMP-0016,PH-001,2026-05-24 12:00:00,2026-05-24 20:00:00,2026-05-24 12:00:00,2026-05-24 19:48:00,8,0,0,12,Cashier,EMP-0013
SHF-0000338,EMP-0022,PH-001,2026-05-31 08:00:00,2026-05-31 16:00:00,2026-05-31 08:00:00,2026-05-31 15:46:00,8,0,0,14,Inventory Associate,EMP-0012
SHF-0000339,EMP-0028,PH-002,2026-07-11 08:00:00,2026-07-11 16:00:00,2026-07-11 08:00:00,2026-07-11 16:03:00,8,0.05,0,0,Pharmacist,EMP-0024
SHF-0000340,EMP-0041,PH-002,2026-07-25 08:00:00,2026-07-25 16:00:00,2026-07-25 08:00:00,2026-07-25 15:55:00,8,0,0,5,Cashier,EMP-0024
SHF-0000341,EMP-0056,PH-003,2026-05-17 12:00:00,2026-05-17 20:00:00,2026-05-17 12:00:00,2026-05-17 20:25:00,8,0.42,0,0,Shift Supervisor,EMP-0047
SHF-0000342,EMP-0073,PH-004,2026-05-29 08:00:00,2026-05-29 16:00:00,2026-05-29 08:00:00,2026-05-29 16:02:00,8,0.03,0,0,Pharmacy Technician,EMP-0078
SHF-0000343,EMP-0107,PH-005,2026-05-17 08:00:00,2026-05-17 16:00:00,2026-05-17 08:02:00,2026-05-17 16:26:00,8,0.43,2,0,Cashier,EMP-0089
SHF-0000344,EMP-0091,PH-005,2026-05-11 10:00:00,2026-05-11 18:00:00,2026-05-11 10:00:00,2026-05-11 18:39:00,8,0.65,0,0,Assistant Manager,EMP-0101
SHF-0000345,EMP-0078,PH-004,2026-05-16 08:00:00,2026-05-16 16:00:00,2026-05-16 08:00:00,2026-05-16 16:35:00,8,0.58,0,0,Shift Supervisor,EMP-0068
SHF-0000346,EMP-0087,PH-004,2026-07-15 10:00:00,2026-07-15 18:00:00,2026-07-15 10:00:00,2026-07-15 17:46:00,8,0,0,14,Inventory Associate,EMP-0079
SHF-0000347,EMP-0049,PH-003,2026-07-04 10:00:00,2026-07-04 18:00:00,2026-07-04 10:00:00,2026-07-04 18:32:00,8,0.53,0,0,Pharmacist,EMP-0047
SHF-0000348,EMP-0088,PH-004,2026-05-11 12:00:00,2026-05-11 20:00:00,2026-05-11 12:00:00,2026-05-11 20:34:00,8,0.57,0,0,Inventory Associate,EMP-0067
SHF-0000349,EMP-0053,PH-003,2026-07-16 14:00:00,2026-07-16 22:00:00,2026-07-16 14:00:00,2026-07-16 21:48:00,8,0,0,12,Pharmacy Technician,EMP-0047
SHF-0000350,EMP-0077,PH-004,2026-05-15 08:00:00,2026-05-15 16:00:00,2026-05-15 08:00:00,2026-05-15 15:53:00,8,0,0,7,Pharmacy Technician,EMP-0078
SHF-0000351,EMP-0052,PH-003,2026-07-27 12:00:00,2026-07-27 20:00:00,2026-07-27 12:00:00,2026-07-27 19:54:00,8,0,0,6,Pharmacy Technician,EMP-0046
SHF-0000352,EMP-0048,PH-003,2026-06-11 10:00:00,2026-06-11 18:00:00,2026-06-11 10:00:00,2026-06-11 17:56:00,8,0,0,4,Pharmacist,EMP-0046
SHF-0000353,EMP-0071,PH-004,2026-06-23 14:00:00,2026-06-23 22:00:00,2026-06-23 14:00:00,2026-06-23 22:24:00,8,0.4,0,0,Pharmacist,EMP-0068
SHF-0000354,EMP-0060,PH-003,2026-07-02 10:00:00,2026-07-02 18:00:00,2026-07-02 10:00:00,2026-07-02 18:00:00,8,0,0,0,Cashier,EMP-0045
SHF-0000355,EMP-0090,PH-005,2026-06-22 08:00:00,2026-06-22 16:00:00,2026-06-22 08:00:00,2026-06-22 16:27:00,8,0.45,0,0,Assistant Manager,EMP-0090
SHF-0000356,EMP-0018,PH-001,2026-07-05 10:00:00,2026-07-05 18:00:00,2026-07-05 10:20:00,2026-07-05 18:22:00,8,0.37,20,0,Cashier,EMP-0002
SHF-0000357,EMP-0020,PH-001,2026-07-17 14:00:00,2026-07-17 22:00:00,2026-07-17 14:07:00,2026-07-17 21:59:00,8,0,7,1,Cashier,EMP-0001
SHF-0000358,EMP-0085,PH-004,2026-07-05 14:00:00,2026-07-05 22:00:00,2026-07-05 14:00:00,2026-07-05 22:35:00,8,0.58,0,0,Cashier,EMP-0079
SHF-0000359,EMP-0001,PH-001,2026-06-15 12:00:00,2026-06-15 20:00:00,2026-06-15 12:00:00,2026-06-15 19:53:00,8,0,0,7,Store Manager,EMP-0002
SHF-0000360,EMP-0041,PH-002,2026-05-30 08:00:00,2026-05-30 16:00:00,2026-05-30 08:20:00,2026-05-30 16:31:00,8,0.52,20,0,Cashier,EMP-0034
SHF-0000361,EMP-0103,PH-005,2026-06-12 14:00:00,2026-06-12 22:00:00,2026-06-12 14:00:00,2026-06-12 21:49:00,8,0,0,11,Cashier,EMP-0090
SHF-0000362,EMP-0010,PH-001,2026-07-11 10:00:00,2026-07-11 18:00:00,2026-07-11 10:00:00,2026-07-11 18:11:00,8,0.18,0,0,Pharmacy Technician,EMP-0001
SHF-0000363,EMP-0100,PH-005,2026-07-13 10:00:00,2026-07-13 18:00:00,2026-07-13 10:05:00,2026-07-13 18:31:00,8,0.52,5,0,Shift Supervisor,EMP-0101
SHF-0000364,EMP-0074,PH-004,2026-07-04 08:00:00,2026-07-04 16:00:00,2026-07-04 08:00:00,2026-07-04 15:50:00,8,0,0,10,Pharmacy Technician,EMP-0069
SHF-0000365,EMP-0092,PH-005,2026-06-02 12:00:00,2026-06-02 20:00:00,2026-06-02 12:00:00,2026-06-02 20:28:00,8,0.47,0,0,Pharmacist,EMP-0100
SHF-0000366,EMP-0101,PH-005,2026-06-03 14:00:00,2026-06-03 22:00:00,2026-06-03 14:00:00,2026-06-03 22:28:00,8,0.47,0,0,Shift Supervisor,EMP-0100
SHF-0000367,EMP-0024,PH-002,2026-05-26 08:00:00,2026-05-26 16:00:00,2026-05-26 08:00:00,2026-05-26 16:25:00,8,0.42,0,0,Assistant Manager,EMP-0035
SHF-0000368,EMP-0081,PH-004,2026-07-28 12:00:00,2026-07-28 20:00:00,2026-07-28 12:00:00,2026-07-28 19:54:00,8,0,0,6,Cashier,EMP-0079
SHF-0000369,EMP-0070,PH-004,2026-06-23 14:00:00,2026-06-23 22:00:00,2026-06-23 14:20:00,2026-06-23 22:40:00,8,0.67,20,0,Pharmacist,EMP-0069
SHF-0000370,EMP-0056,PH-003,2026-06-09 14:00:00,2026-06-09 22:00:00,2026-06-09 14:00:00,2026-06-09 22:02:00,8,0.03,0,0,Shift Supervisor,EMP-0057
SHF-0000371,EMP-0080,PH-004,2026-06-08 08:00:00,2026-06-08 16:00:00,2026-06-08 08:00:00,2026-06-08 16:30:00,8,0.5,0,0,Cashier,EMP-0069
SHF-0000372,EMP-0080,PH-004,2026-05-06 10:00:00,2026-05-06 18:00:00,2026-05-06 10:11:00,2026-05-06 17:58:00,8,0,11,2,Cashier,EMP-0079
SHF-0000373,EMP-0095,PH-005,2026-06-28 10:00:00,2026-06-28 18:00:00,2026-06-28 10:00:00,2026-06-28 18:15:00,8,0.25,0,0,Pharmacy Technician,EMP-0101
SHF-0000374,EMP-0035,PH-002,2026-07-17 10:00:00,2026-07-17 18:00:00,2026-07-17 10:00:00,2026-07-17 17:51:00,8,0,0,9,Shift Supervisor,EMP-0025
SHF-0000375,EMP-0049,PH-003,2026-06-24 10:00:00,2026-06-24 18:00:00,2026-06-24 10:00:00,2026-06-24 17:56:00,8,0,0,4,Pharmacist,EMP-0046
SHF-0000376,EMP-0036,PH-002,2026-07-13 10:00:00,2026-07-13 18:00:00,2026-07-13 10:00:00,2026-07-13 17:57:00,8,0,0,3,Cashier,EMP-0023
SHF-0000377,EMP-0066,PH-003,2026-05-29 10:00:00,2026-05-29 18:00:00,2026-05-29 10:00:00,2026-05-29 18:39:00,8,0.65,0,0,Inventory Associate,EMP-0056
SHF-0000378,EMP-0053,PH-003,2026-07-21 10:00:00,2026-07-21 18:00:00,2026-07-21 10:00:00,2026-07-21 17:55:00,8,0,0,5,Pharmacy Technician,EMP-0056
SHF-0000379,EMP-0013,PH-001,2026-07-15 08:00:00,2026-07-15 16:00:00,2026-07-15 08:00:00,2026-07-15 15:48:00,8,0,0,12,Shift Supervisor,EMP-0002
SHF-0000380,EMP-0051,PH-003,2026-06-27 14:00:00,2026-06-27 22:00:00,2026-06-27 14:00:00,2026-06-27 22:06:00,8,0.1,0,0,Pharmacy Technician,EMP-0046
SHF-0000381,EMP-0094,PH-005,2026-06-11 12:00:00,2026-06-11 20:00:00,2026-06-11 12:00:00,2026-06-11 20:25:00,8,0.42,0,0,Pharmacist,EMP-0090
SHF-0000382,EMP-0035,PH-002,2026-05-14 10:00:00,2026-05-14 18:00:00,2026-05-14 10:00:00,2026-05-14 18:45:00,8,0.75,0,0,Shift Supervisor,EMP-0035
SHF-0000383,EMP-0083,PH-004,2026-06-19 12:00:00,2026-06-19 20:00:00,2026-06-19 12:00:00,2026-06-19 20:39:00,8,0.65,0,0,Cashier,EMP-0079
SHF-0000384,EMP-0031,PH-002,2026-05-24 14:00:00,2026-05-24 22:00:00,2026-05-24 14:00:00,2026-05-24 22:13:00,8,0.22,0,0,Pharmacy Technician,EMP-0025
SHF-0000385,EMP-0016,PH-001,2026-07-26 14:00:00,2026-07-26 22:00:00,2026-07-26 14:00:00,2026-07-26 22:35:00,8,0.58,0,0,Cashier,EMP-0001
SHF-0000386,EMP-0039,PH-002,2026-06-05 10:00:00,2026-06-05 18:00:00,2026-06-05 10:00:00,2026-06-05 17:58:00,8,0,0,2,Cashier,EMP-0035
SHF-0000387,EMP-0059,PH-003,2026-05-29 12:00:00,2026-05-29 20:00:00,2026-05-29 12:00:00,2026-05-29 19:48:00,8,0,0,12,Cashier,EMP-0045
SHF-0000388,EMP-0046,PH-003,2026-07-14 12:00:00,2026-07-14 20:00:00,2026-07-14 12:00:00,2026-07-14 20:11:00,8,0.18,0,0,Assistant Manager,EMP-0047
SHF-0000389,EMP-0028,PH-002,2026-06-24 12:00:00,2026-06-24 20:00:00,2026-06-24 12:00:00,2026-06-24 20:27:00,8,0.45,0,0,Pharmacist,EMP-0025
SHF-0000390,EMP-0009,PH-001,2026-07-01 14:00:00,2026-07-01 22:00:00,2026-07-01 14:00:00,2026-07-01 22:09:00,8,0.15,0,0,Pharmacy Technician,EMP-0012
SHF-0000391,EMP-0043,PH-002,2026-05-22 10:00:00,2026-05-22 18:00:00,2026-05-22 10:00:00,2026-05-22 18:22:00,8,0.37,0,0,Inventory Associate,EMP-0023
SHF-0000392,EMP-0089,PH-005,2026-06-20 10:00:00,2026-06-20 18:00:00,2026-06-20 10:00:00,2026-06-20 18:14:00,8,0.23,0,0,Store Manager,EMP-0090
SHF-0000393,EMP-0056,PH-003,2026-06-12 10:00:00,2026-06-12 18:00:00,2026-06-12 10:00:00,2026-06-12 18:24:00,8,0.4,0,0,Shift Supervisor,EMP-0057
SHF-0000394,EMP-0034,PH-002,2026-07-17 12:00:00,2026-07-17 20:00:00,2026-07-17 12:17:00,2026-07-17 19:59:00,8,0,17,1,Shift Supervisor,EMP-0023
SHF-0000395,EMP-0102,PH-005,2026-05-06 08:00:00,2026-05-06 16:00:00,2026-05-06 08:00:00,2026-05-06 16:06:00,8,0.1,0,0,Cashier,EMP-0090
SHF-0000396,EMP-0013,PH-001,2026-07-24 10:00:00,2026-07-24 18:00:00,2026-07-24 10:15:00,2026-07-24 17:50:00,8,0,15,10,Shift Supervisor,EMP-0012
SHF-0000397,EMP-0083,PH-004,2026-07-09 10:00:00,2026-07-09 18:00:00,2026-07-09 10:18:00,2026-07-09 17:48:00,8,0,18,12,Cashier,EMP-0069
SHF-0000398,EMP-0049,PH-003,2026-06-01 08:00:00,2026-06-01 16:00:00,2026-06-01 08:00:00,2026-06-01 16:11:00,8,0.18,0,0,Pharmacist,EMP-0046
SHF-0000399,EMP-0006,PH-001,2026-07-23 14:00:00,2026-07-23 22:00:00,2026-07-23 14:03:00,2026-07-23 22:23:00,8,0.38,3,0,Cashier,EMP-0002
SHF-0000400,EMP-0067,PH-004,2026-05-28 14:00:00,2026-05-28 22:00:00,2026-05-28 14:00:00,2026-05-28 21:56:00,8,0,0,4,Store Manager,EMP-0067
SHF-0000401,EMP-0017,PH-001,2026-06-16 10:00:00,2026-06-16 18:00:00,2026-06-16 10:00:00,2026-06-16 18:35:00,8,0.58,0,0,Cashier,EMP-0012
SHF-0000402,EMP-0027,PH-002,2026-06-30 10:00:00,2026-06-30 18:00:00,2026-06-30 10:00:00,2026-06-30 17:47:00,8,0,0,13,Pharmacist,EMP-0023
SHF-0000403,EMP-0033,PH-002,2026-06-06 10:00:00,2026-06-06 18:00:00,2026-06-06 10:00:00,2026-06-06 18:16:00,8,0.27,0,0,Pharmacy Technician,EMP-0024
SHF-0000404,EMP-0006,PH-001,2026-07-14 12:00:00,2026-07-14 20:00:00,2026-07-14 12:00:00,2026-07-14 20:14:00,8,0.23,0,0,Cashier,EMP-0003
SHF-0000405,EMP-0095,PH-005,2026-06-29 14:00:00,2026-06-29 22:00:00,2026-06-29 14:00:00,2026-06-29 22:31:00,8,0.52,0,0,Pharmacy Technician,EMP-0090
SHF-0000406,EMP-0004,PH-001,2026-05-17 08:00:00,2026-05-17 16:00:00,2026-05-17 08:03:00,2026-05-17 16:05:00,8,0.08,3,0,Pharmacist,EMP-0013
SHF-0000407,EMP-0102,PH-005,2026-05-28 12:00:00,2026-05-28 20:00:00,2026-05-28 12:02:00,2026-05-28 19:53:00,8,0,2,7,Cashier,EMP-0091
SHF-0000408,EMP-0086,PH-004,2026-05-26 14:00:00,2026-05-26 22:00:00,2026-05-26 14:00:00,2026-05-26 22:11:00,8,0.18,0,0,Cashier,EMP-0069
SHF-0000409,EMP-0080,PH-004,2026-05-03 10:00:00,2026-05-03 18:00:00,2026-05-03 10:00:00,2026-05-03 18:30:00,8,0.5,0,0,Cashier,EMP-0079
SHF-0000410,EMP-0089,PH-005,2026-07-15 12:00:00,2026-07-15 20:00:00,2026-07-15 12:00:00,2026-07-15 20:13:00,8,0.22,0,0,Store Manager,EMP-0101
SHF-0000411,EMP-0095,PH-005,2026-07-28 08:00:00,2026-07-28 16:00:00,2026-07-28 08:00:00,2026-07-28 16:43:00,8,0.72,0,0,Pharmacy Technician,EMP-0091
SHF-0000412,EMP-0037,PH-002,2026-05-07 08:00:00,2026-05-07 16:00:00,2026-05-07 08:00:00,2026-05-07 16:17:00,8,0.28,0,0,Cashier,EMP-0025
SHF-0000413,EMP-0074,PH-004,2026-06-24 10:00:00,2026-06-24 18:00:00,2026-06-24 10:00:00,2026-06-24 18:27:00,8,0.45,0,0,Pharmacy Technician,EMP-0067
SHF-0000414,EMP-0053,PH-003,2026-07-03 12:00:00,2026-07-03 20:00:00,2026-07-03 12:00:00,2026-07-03 19:49:00,8,0,0,11,Pharmacy Technician,EMP-0045
SHF-0000415,EMP-0056,PH-003,2026-07-02 10:00:00,2026-07-02 18:00:00,2026-07-02 10:00:00,2026-07-02 17:56:00,8,0,0,4,Shift Supervisor,EMP-0047
SHF-0000416,EMP-0058,PH-003,2026-05-02 10:00:00,2026-05-02 18:00:00,2026-05-02 10:00:00,2026-05-02 17:50:00,8,0,0,10,Cashier,EMP-0056
SHF-0000417,EMP-0099,PH-005,2026-05-18 08:00:00,2026-05-18 16:00:00,2026-05-18 08:00:00,2026-05-18 16:15:00,8,0.25,0,0,Pharmacy Technician,EMP-0090
SHF-0000418,EMP-0052,PH-003,2026-05-21 08:00:00,2026-05-21 16:00:00,2026-05-21 08:00:00,2026-05-21 15:47:00,8,0,0,13,Pharmacy Technician,EMP-0046
SHF-0000419,EMP-0086,PH-004,2026-07-27 12:00:00,2026-07-27 20:00:00,2026-07-27 12:00:00,2026-07-27 19:46:00,8,0,0,14,Cashier,EMP-0078
SHF-0000420,EMP-0003,PH-001,2026-06-11 14:00:00,2026-06-11 22:00:00,2026-06-11 14:00:00,2026-06-11 22:02:00,8,0.03,0,0,Assistant Manager,EMP-0001
SHF-0000421,EMP-0103,PH-005,2026-05-10 12:00:00,2026-05-10 20:00:00,2026-05-10 12:00:00,2026-05-10 19:58:00,8,0,0,2,Cashier,EMP-0091
SHF-0000422,EMP-0085,PH-004,2026-05-26 08:00:00,2026-05-26 16:00:00,2026-05-26 08:00:00,2026-05-26 16:14:00,8,0.23,0,0,Cashier,EMP-0068
SHF-0000423,EMP-0070,PH-004,2026-07-18 10:00:00,2026-07-18 18:00:00,2026-07-18 10:00:00,2026-07-18 17:56:00,8,0,0,4,Pharmacist,EMP-0069
SHF-0000424,EMP-0088,PH-004,2026-06-30 12:00:00,2026-06-30 20:00:00,2026-06-30 12:00:00,2026-06-30 19:48:00,8,0,0,12,Inventory Associate,EMP-0068
SHF-0000425,EMP-0100,PH-005,2026-07-26 10:00:00,2026-07-26 18:00:00,2026-07-26 10:00:00,2026-07-26 18:28:00,8,0.47,0,0,Shift Supervisor,EMP-0101
SHF-0000426,EMP-0099,PH-005,2026-05-16 14:00:00,2026-05-16 22:00:00,2026-05-16 14:18:00,2026-05-16 22:36:00,8,0.6,18,0,Pharmacy Technician,EMP-0091
SHF-0000427,EMP-0007,PH-001,2026-07-30 08:00:00,2026-07-30 16:00:00,2026-07-30 08:00:00,2026-07-30 16:28:00,8,0.47,0,0,Pharmacy Technician,EMP-0013
SHF-0000428,EMP-0060,PH-003,2026-06-24 12:00:00,2026-06-24 20:00:00,2026-06-24 12:00:00,2026-06-24 20:41:00,8,0.68,0,0,Cashier,EMP-0047
SHF-0000429,EMP-0093,PH-005,2026-07-09 12:00:00,2026-07-09 20:00:00,2026-07-09 12:00:00,2026-07-09 20:37:00,8,0.62,0,0,Pharmacist,EMP-0100
SHF-0000430,EMP-0057,PH-003,2026-06-06 10:00:00,2026-06-06 18:00:00,2026-06-06 10:00:00,2026-06-06 18:22:00,8,0.37,0,0,Shift Supervisor,EMP-0047
SHF-0000431,EMP-0009,PH-001,2026-05-28 08:00:00,2026-05-28 16:00:00,2026-05-28 08:00:00,2026-05-28 16:30:00,8,0.5,0,0,Pharmacy Technician,EMP-0001
SHF-0000432,EMP-0011,PH-001,2026-06-22 12:00:00,2026-06-22 20:00:00,2026-06-22 12:00:00,2026-06-22 20:44:00,8,0.73,0,0,Pharmacy Technician,EMP-0001
SHF-0000433,EMP-0027,PH-002,2026-05-03 08:00:00,2026-05-03 16:00:00,2026-05-03 08:00:00,2026-05-03 16:14:00,8,0.23,0,0,Pharmacist,EMP-0034
SHF-0000434,EMP-0064,PH-003,2026-06-14 10:00:00,2026-06-14 18:00:00,2026-06-14 10:00:00,2026-06-14 17:54:00,8,0,0,6,Cashier,EMP-0047
SHF-0000435,EMP-0110,PH-005,2026-06-10 10:00:00,2026-06-10 18:00:00,2026-06-10 10:00:00,2026-06-10 18:13:00,8,0.22,0,0,Inventory Associate,EMP-0090
SHF-0000436,EMP-0095,PH-005,2026-05-17 12:00:00,2026-05-17 20:00:00,2026-05-17 12:00:00,2026-05-17 20:12:00,8,0.2,0,0,Pharmacy Technician,EMP-0100
SHF-0000437,EMP-0087,PH-004,2026-07-03 10:00:00,2026-07-03 18:00:00,2026-07-03 10:00:00,2026-07-03 18:22:00,8,0.37,0,0,Inventory Associate,EMP-0078
SHF-0000438,EMP-0095,PH-005,2026-07-13 14:00:00,2026-07-13 22:00:00,2026-07-13 14:00:00,2026-07-13 22:37:00,8,0.62,0,0,Pharmacy Technician,EMP-0091
SHF-0000439,EMP-0073,PH-004,2026-06-26 10:00:00,2026-06-26 18:00:00,2026-06-26 10:00:00,2026-06-26 18:42:00,8,0.7,0,0,Pharmacy Technician,EMP-0068
SHF-0000440,EMP-0077,PH-004,2026-06-28 08:00:00,2026-06-28 16:00:00,2026-06-28 08:00:00,2026-06-28 16:13:00,8,0.22,0,0,Pharmacy Technician,EMP-0069
SHF-0000441,EMP-0093,PH-005,2026-06-29 10:00:00,2026-06-29 18:00:00,2026-06-29 10:00:00,2026-06-29 18:15:00,8,0.25,0,0,Pharmacist,EMP-0090
SHF-0000442,EMP-0062,PH-003,2026-06-25 14:00:00,2026-06-25 22:00:00,2026-06-25 14:16:00,2026-06-25 22:24:00,8,0.4,16,0,Cashier,EMP-0045
SHF-0000443,EMP-0084,PH-004,2026-06-12 14:00:00,2026-06-12 22:00:00,2026-06-12 14:00:00,2026-06-12 22:22:00,8,0.37,0,0,Cashier,EMP-0078
SHF-0000444,EMP-0058,PH-003,2026-07-17 10:00:00,2026-07-17 18:00:00,2026-07-17 10:00:00,2026-07-17 18:39:00,8,0.65,0,0,Cashier,EMP-0056
SHF-0000445,EMP-0033,PH-002,2026-06-06 08:00:00,2026-06-06 16:00:00,2026-06-06 08:00:00,2026-06-06 16:30:00,8,0.5,0,0,Pharmacy Technician,EMP-0023
SHF-0000446,EMP-0031,PH-002,2026-06-28 12:00:00,2026-06-28 20:00:00,2026-06-28 12:00:00,2026-06-28 20:10:00,8,0.17,0,0,Pharmacy Technician,EMP-0024
SHF-0000447,EMP-0038,PH-002,2026-07-28 08:00:00,2026-07-28 16:00:00,2026-07-28 08:00:00,2026-07-28 15:49:00,8,0,0,11,Cashier,EMP-0034
SHF-0000448,EMP-0064,PH-003,2026-06-05 12:00:00,2026-06-05 20:00:00,2026-06-05 12:00:00,2026-06-05 20:39:00,8,0.65,0,0,Cashier,EMP-0056
SHF-0000449,EMP-0054,PH-003,2026-05-06 12:00:00,2026-05-06 20:00:00,2026-05-06 12:00:00,2026-05-06 19:49:00,8,0,0,11,Pharmacy Technician,EMP-0045
SHF-0000450,EMP-0046,PH-003,2026-05-01 08:00:00,2026-05-01 16:00:00,2026-05-01 08:00:00,2026-05-01 16:25:00,8,0.42,0,0,Assistant Manager,EMP-0056
SHF-0000451,EMP-0030,PH-002,2026-07-08 14:00:00,2026-07-08 22:00:00,2026-07-08 14:00:00,2026-07-08 22:12:00,8,0.2,0,0,Pharmacy Technician,EMP-0034
SHF-0000452,EMP-0048,PH-003,2026-06-04 12:00:00,2026-06-04 20:00:00,2026-06-04 12:00:00,2026-06-04 20:39:00,8,0.65,0,0,Pharmacist,EMP-0057
SHF-0000453,EMP-0093,PH-005,2026-05-04 12:00:00,2026-05-04 20:00:00,2026-05-04 12:00:00,2026-05-04 20:12:00,8,0.2,0,0,Pharmacist,EMP-0089
SHF-0000454,EMP-0071,PH-004,2026-07-24 10:00:00,2026-07-24 18:00:00,2026-07-24 10:00:00,2026-07-24 18:22:00,8,0.37,0,0,Pharmacist,EMP-0069
SHF-0000455,EMP-0013,PH-001,2026-05-04 12:00:00,2026-05-04 20:00:00,2026-05-04 12:00:00,2026-05-04 20:21:00,8,0.35,0,0,Shift Supervisor,EMP-0001
SHF-0000456,EMP-0044,PH-002,2026-07-10 10:00:00,2026-07-10 18:00:00,2026-07-10 10:00:00,2026-07-10 18:05:00,8,0.08,0,0,Inventory Associate,EMP-0023
SHF-0000457,EMP-0043,PH-002,2026-07-26 08:00:00,2026-07-26 16:00:00,2026-07-26 08:00:00,2026-07-26 15:51:00,8,0,0,9,Inventory Associate,EMP-0023
SHF-0000458,EMP-0040,PH-002,2026-06-04 08:00:00,2026-06-04 16:00:00,2026-06-04 08:00:00,2026-06-04 15:57:00,8,0,0,3,Cashier,EMP-0035
SHF-0000459,EMP-0027,PH-002,2026-05-12 10:00:00,2026-05-12 18:00:00,2026-05-12 10:00:00,2026-05-12 17:56:00,8,0,0,4,Pharmacist,EMP-0024
SHF-0000460,EMP-0075,PH-004,2026-05-15 12:00:00,2026-05-15 20:00:00,2026-05-15 12:00:00,2026-05-15 20:20:00,8,0.33,0,0,Pharmacy Technician,EMP-0068
SHF-0000461,EMP-0041,PH-002,2026-06-02 12:00:00,2026-06-02 20:00:00,2026-06-02 12:00:00,2026-06-02 19:56:00,8,0,0,4,Cashier,EMP-0025
SHF-0000462,EMP-0076,PH-004,2026-07-28 10:00:00,2026-07-28 18:00:00,2026-07-28 10:12:00,2026-07-28 18:25:00,8,0.42,12,0,Pharmacy Technician,EMP-0068
SHF-0000463,EMP-0079,PH-004,2026-07-19 10:00:00,2026-07-19 18:00:00,2026-07-19 10:00:00,2026-07-19 18:04:00,8,0.07,0,0,Shift Supervisor,EMP-0069
SHF-0000464,EMP-0002,PH-001,2026-07-28 08:00:00,2026-07-28 16:00:00,2026-07-28 08:01:00,2026-07-28 16:24:00,8,0.4,1,0,Assistant Manager,EMP-0002
SHF-0000465,EMP-0008,PH-001,2026-07-30 08:00:00,2026-07-30 16:00:00,2026-07-30 08:00:00,2026-07-30 15:49:00,8,0,0,11,Pharmacy Technician,EMP-0012
SHF-0000466,EMP-0038,PH-002,2026-07-02 14:00:00,2026-07-02 22:00:00,2026-07-02 14:00:00,2026-07-02 22:38:00,8,0.63,0,0,Cashier,EMP-0025
SHF-0000467,EMP-0072,PH-004,2026-07-12 12:00:00,2026-07-12 20:00:00,2026-07-12 12:00:00,2026-07-12 20:02:00,8,0.03,0,0,Pharmacist,EMP-0067
SHF-0000468,EMP-0042,PH-002,2026-05-19 10:00:00,2026-05-19 18:00:00,2026-05-19 10:12:00,2026-05-19 17:55:00,8,0,12,5,Cashier,EMP-0024
SHF-0000469,EMP-0080,PH-004,2026-07-26 08:00:00,2026-07-26 16:00:00,2026-07-26 08:00:00,2026-07-26 16:33:00,8,0.55,0,0,Cashier,EMP-0068
SHF-0000470,EMP-0035,PH-002,2026-06-27 10:00:00,2026-06-27 18:00:00,2026-06-27 10:00:00,2026-06-27 18:18:00,8,0.3,0,0,Shift Supervisor,EMP-0035
SHF-0000471,EMP-0031,PH-002,2026-07-25 12:00:00,2026-07-25 20:00:00,2026-07-25 12:00:00,2026-07-25 20:42:00,8,0.7,0,0,Pharmacy Technician,EMP-0024
SHF-0000472,EMP-0013,PH-001,2026-05-02 12:00:00,2026-05-02 20:00:00,2026-05-02 12:01:00,2026-05-02 19:59:00,8,0,1,1,Shift Supervisor,EMP-0012
SHF-0000473,EMP-0029,PH-002,2026-06-07 10:00:00,2026-06-07 18:00:00,2026-06-07 10:00:00,2026-06-07 18:04:00,8,0.07,0,0,Pharmacy Technician,EMP-0035
SHF-0000474,EMP-0013,PH-001,2026-05-29 10:00:00,2026-05-29 18:00:00,2026-05-29 10:00:00,2026-05-29 17:58:00,8,0,0,2,Shift Supervisor,EMP-0012
SHF-0000475,EMP-0073,PH-004,2026-05-15 12:00:00,2026-05-15 20:00:00,2026-05-15 12:00:00,2026-05-15 19:55:00,8,0,0,5,Pharmacy Technician,EMP-0067
SHF-0000476,EMP-0040,PH-002,2026-05-21 10:00:00,2026-05-21 18:00:00,2026-05-21 10:00:00,2026-05-21 18:13:00,8,0.22,0,0,Cashier,EMP-0035
SHF-0000477,EMP-0050,PH-003,2026-07-20 08:00:00,2026-07-20 16:00:00,2026-07-20 08:00:00,2026-07-20 15:57:00,8,0,0,3,Pharmacist,EMP-0047
SHF-0000478,EMP-0079,PH-004,2026-06-20 12:00:00,2026-06-20 20:00:00,2026-06-20 12:08:00,2026-06-20 20:29:00,8,0.48,8,0,Shift Supervisor,EMP-0067
SHF-0000479,EMP-0067,PH-004,2026-05-07 14:00:00,2026-05-07 22:00:00,2026-05-07 14:00:00,2026-05-07 22:25:00,8,0.42,0,0,Store Manager,EMP-0078
SHF-0000480,EMP-0064,PH-003,2026-06-03 08:00:00,2026-06-03 16:00:00,2026-06-03 08:00:00,2026-06-03 16:33:00,8,0.55,0,0,Cashier,EMP-0045
SHF-0000481,EMP-0005,PH-001,2026-05-18 14:00:00,2026-05-18 22:00:00,2026-05-18 14:17:00,2026-05-18 21:50:00,8,0,17,10,Pharmacist,EMP-0002
SHF-0000482,EMP-0077,PH-004,2026-05-06 14:00:00,2026-05-06 22:00:00,2026-05-06 14:00:00,2026-05-06 21:53:00,8,0,0,7,Pharmacy Technician,EMP-0079
SHF-0000483,EMP-0025,PH-002,2026-05-13 08:00:00,2026-05-13 16:00:00,2026-05-13 08:00:00,2026-05-13 15:48:00,8,0,0,12,Assistant Manager,EMP-0024
SHF-0000484,EMP-0034,PH-002,2026-07-06 08:00:00,2026-07-06 16:00:00,2026-07-06 08:06:00,2026-07-06 16:11:00,8,0.18,6,0,Shift Supervisor,EMP-0034
SHF-0000485,EMP-0022,PH-001,2026-07-02 08:00:00,2026-07-02 16:00:00,2026-07-02 08:00:00,2026-07-02 16:41:00,8,0.68,0,0,Inventory Associate,EMP-0001
SHF-0000486,EMP-0006,PH-001,2026-06-13 14:00:00,2026-06-13 22:00:00,2026-06-13 14:00:00,2026-06-13 22:35:00,8,0.58,0,0,Cashier,EMP-0001
SHF-0000487,EMP-0101,PH-005,2026-06-11 12:00:00,2026-06-11 20:00:00,2026-06-11 12:00:00,2026-06-11 19:51:00,8,0,0,9,Shift Supervisor,EMP-0089
SHF-0000488,EMP-0003,PH-001,2026-05-17 10:00:00,2026-05-17 18:00:00,2026-05-17 10:02:00,2026-05-17 18:30:00,8,0.5,2,0,Assistant Manager,EMP-0003
SHF-0000489,EMP-0070,PH-004,2026-07-08 12:00:00,2026-07-08 20:00:00,2026-07-08 12:00:00,2026-07-08 19:58:00,8,0,0,2,Pharmacist,EMP-0078
SHF-0000490,EMP-0057,PH-003,2026-06-07 14:00:00,2026-06-07 22:00:00,2026-06-07 14:00:00,2026-06-07 21:48:00,8,0,0,12,Shift Supervisor,EMP-0057
SHF-0000491,EMP-0052,PH-003,2026-05-16 14:00:00,2026-05-16 22:00:00,2026-05-16 14:00:00,2026-05-16 22:43:00,8,0.72,0,0,Pharmacy Technician,EMP-0045
SHF-0000492,EMP-0029,PH-002,2026-07-02 14:00:00,2026-07-02 22:00:00,2026-07-02 14:00:00,2026-07-02 21:49:00,8,0,0,11,Pharmacy Technician,EMP-0034
SHF-0000493,EMP-0025,PH-002,2026-07-21 14:00:00,2026-07-21 22:00:00,2026-07-21 14:00:00,2026-07-21 22:04:00,8,0.07,0,0,Assistant Manager,EMP-0035
SHF-0000494,EMP-0066,PH-003,2026-05-23 14:00:00,2026-05-23 22:00:00,2026-05-23 14:00:00,2026-05-23 22:42:00,8,0.7,0,0,Inventory Associate,EMP-0056
SHF-0000495,EMP-0002,PH-001,2026-07-13 14:00:00,2026-07-13 22:00:00,2026-07-13 14:00:00,2026-07-13 22:02:00,8,0.03,0,0,Assistant Manager,EMP-0002
SHF-0000496,EMP-0068,PH-004,2026-07-30 10:00:00,2026-07-30 18:00:00,2026-07-30 10:00:00,2026-07-30 18:42:00,8,0.7,0,0,Assistant Manager,EMP-0068
SHF-0000497,EMP-0102,PH-005,2026-05-04 14:00:00,2026-05-04 22:00:00,2026-05-04 14:00:00,2026-05-04 22:36:00,8,0.6,0,0,Cashier,EMP-0089
SHF-0000498,EMP-0065,PH-003,2026-06-02 10:00:00,2026-06-02 18:00:00,2026-06-02 10:00:00,2026-06-02 17:47:00,8,0,0,13,Inventory Associate,EMP-0047
SHF-0000499,EMP-0050,PH-003,2026-06-18 10:00:00,2026-06-18 18:00:00,2026-06-18 10:03:00,2026-06-18 18:08:00,8,0.13,3,0,Pharmacist,EMP-0056
SHF-0000500,EMP-0002,PH-001,2026-06-17 10:00:00,2026-06-17 18:00:00,2026-06-17 10:00:00,2026-06-17 18:18:00,8,0.3,0,0,Assistant Manager,EMP-0002
SHF-0000501,EMP-0107,PH-005,2026-05-27 12:00:00,2026-05-27 20:00:00,2026-05-27 12:00:00,2026-05-27 19:57:00,8,0,0,3,Cashier,EMP-0089
SHF-0000502,EMP-0061,PH-003,2026-06-04 12:00:00,2026-06-04 20:00:00,2026-06-04 12:00:00,2026-06-04 19:49:00,8,0,0,11,Cashier,EMP-0057
SHF-0000503,EMP-0004,PH-001,2026-06-08 10:00:00,2026-06-08 18:00:00,2026-06-08 10:00:00,2026-06-08 18:00:00,8,0,0,0,Pharmacist,EMP-0013
SHF-0000504,EMP-0092,PH-005,2026-05-29 12:00:00,2026-05-29 20:00:00,2026-05-29 12:00:00,2026-05-29 20:14:00,8,0.23,0,0,Pharmacist,EMP-0091
SHF-0000505,EMP-0077,PH-004,2026-06-27 10:00:00,2026-06-27 18:00:00,2026-06-27 10:07:00,2026-06-27 17:51:00,8,0,7,9,Pharmacy Technician,EMP-0067
SHF-0000506,EMP-0084,PH-004,2026-07-02 14:00:00,2026-07-02 22:00:00,2026-07-02 14:00:00,2026-07-02 22:00:00,8,0,0,0,Cashier,EMP-0068
SHF-0000507,EMP-0029,PH-002,2026-06-07 14:00:00,2026-06-07 22:00:00,2026-06-07 14:00:00,2026-06-07 21:52:00,8,0,0,8,Pharmacy Technician,EMP-0035
SHF-0000508,EMP-0087,PH-004,2026-06-22 12:00:00,2026-06-22 20:00:00,2026-06-22 12:17:00,2026-06-22 20:28:00,8,0.47,17,0,Inventory Associate,EMP-0068
SHF-0000509,EMP-0063,PH-003,2026-07-07 14:00:00,2026-07-07 22:00:00,2026-07-07 14:00:00,2026-07-07 22:01:00,8,0.02,0,0,Cashier,EMP-0046
SHF-0000510,EMP-0057,PH-003,2026-07-01 12:00:00,2026-07-01 20:00:00,2026-07-01 12:00:00,2026-07-01 20:16:00,8,0.27,0,0,Shift Supervisor,EMP-0057
SHF-0000511,EMP-0070,PH-004,2026-07-10 12:00:00,2026-07-10 20:00:00,2026-07-10 12:00:00,2026-07-10 20:45:00,8,0.75,0,0,Pharmacist,EMP-0069
SHF-0000512,EMP-0107,PH-005,2026-05-23 10:00:00,2026-05-23 18:00:00,2026-05-23 10:00:00,2026-05-23 17:45:00,8,0,0,15,Cashier,EMP-0091
SHF-0000513,EMP-0001,PH-001,2026-06-02 12:00:00,2026-06-02 20:00:00,2026-06-02 12:15:00,2026-06-02 19:53:00,8,0,15,7,Store Manager,EMP-0003
SHF-0000514,EMP-0080,PH-004,2026-07-31 12:00:00,2026-07-31 20:00:00,2026-07-31 12:00:00,2026-07-31 20:44:00,8,0.73,0,0,Cashier,EMP-0067
SHF-0000515,EMP-0072,PH-004,2026-05-27 14:00:00,2026-05-27 22:00:00,2026-05-27 14:00:00,2026-05-27 22:19:00,8,0.32,0,0,Pharmacist,EMP-0068
SHF-0000516,EMP-0051,PH-003,2026-05-08 08:00:00,2026-05-08 16:00:00,2026-05-08 08:00:00,2026-05-08 15:48:00,8,0,0,12,Pharmacy Technician,EMP-0046
SHF-0000517,EMP-0055,PH-003,2026-05-31 10:00:00,2026-05-31 18:00:00,2026-05-31 10:00:00,2026-05-31 18:07:00,8,0.12,0,0,Pharmacy Technician,EMP-0046
SHF-0000518,EMP-0086,PH-004,2026-07-23 08:00:00,2026-07-23 16:00:00,2026-07-23 08:00:00,2026-07-23 16:26:00,8,0.43,0,0,Cashier,EMP-0069
SHF-0000519,EMP-0089,PH-005,2026-06-25 08:00:00,2026-06-25 16:00:00,2026-06-25 08:00:00,2026-06-25 16:38:00,8,0.63,0,0,Store Manager,EMP-0090
SHF-0000520,EMP-0060,PH-003,2026-05-22 10:00:00,2026-05-22 18:00:00,2026-05-22 10:00:00,2026-05-22 18:07:00,8,0.12,0,0,Cashier,EMP-0046
SHF-0000521,EMP-0064,PH-003,2026-05-15 08:00:00,2026-05-15 16:00:00,2026-05-15 08:00:00,2026-05-15 16:25:00,8,0.42,0,0,Cashier,EMP-0056
SHF-0000522,EMP-0035,PH-002,2026-05-07 08:00:00,2026-05-07 16:00:00,2026-05-07 08:00:00,2026-05-07 15:46:00,8,0,0,14,Shift Supervisor,EMP-0034
SHF-0000523,EMP-0004,PH-001,2026-07-05 08:00:00,2026-07-05 16:00:00,2026-07-05 08:00:00,2026-07-05 16:18:00,8,0.3,0,0,Pharmacist,EMP-0002
SHF-0000524,EMP-0045,PH-003,2026-05-16 10:00:00,2026-05-16 18:00:00,2026-05-16 10:00:00,2026-05-16 18:39:00,8,0.65,0,0,Store Manager,EMP-0045
SHF-0000525,EMP-0085,PH-004,2026-06-19 10:00:00,2026-06-19 18:00:00,2026-06-19 10:00:00,2026-06-19 18:16:00,8,0.27,0,0,Cashier,EMP-0069
SHF-0000526,EMP-0073,PH-004,2026-06-15 10:00:00,2026-06-15 18:00:00,2026-06-15 10:00:00,2026-06-15 17:48:00,8,0,0,12,Pharmacy Technician,EMP-0067
SHF-0000527,EMP-0021,PH-001,2026-05-05 10:00:00,2026-05-05 18:00:00,2026-05-05 10:00:00,2026-05-05 18:24:00,8,0.4,0,0,Inventory Associate,EMP-0012
SHF-0000528,EMP-0019,PH-001,2026-05-25 12:00:00,2026-05-25 20:00:00,2026-05-25 12:00:00,2026-05-25 19:55:00,8,0,0,5,Cashier,EMP-0013
SHF-0000529,EMP-0059,PH-003,2026-07-31 14:00:00,2026-07-31 22:00:00,2026-07-31 14:00:00,2026-07-31 21:47:00,8,0,0,13,Cashier,EMP-0056
SHF-0000530,EMP-0027,PH-002,2026-06-05 10:00:00,2026-06-05 18:00:00,2026-06-05 10:00:00,2026-06-05 17:47:00,8,0,0,13,Pharmacist,EMP-0023
SHF-0000531,EMP-0038,PH-002,2026-07-27 10:00:00,2026-07-27 18:00:00,2026-07-27 10:00:00,2026-07-27 18:04:00,8,0.07,0,0,Cashier,EMP-0023
SHF-0000532,EMP-0081,PH-004,2026-05-25 14:00:00,2026-05-25 22:00:00,2026-05-25 14:00:00,2026-05-25 22:31:00,8,0.52,0,0,Cashier,EMP-0068
SHF-0000533,EMP-0065,PH-003,2026-06-10 14:00:00,2026-06-10 22:00:00,2026-06-10 14:00:00,2026-06-10 22:22:00,8,0.37,0,0,Inventory Associate,EMP-0056
SHF-0000534,EMP-0002,PH-001,2026-06-22 10:00:00,2026-06-22 18:00:00,2026-06-22 10:00:00,2026-06-22 17:57:00,8,0,0,3,Assistant Manager,EMP-0003
SHF-0000535,EMP-0059,PH-003,2026-06-25 12:00:00,2026-06-25 20:00:00,2026-06-25 12:00:00,2026-06-25 19:52:00,8,0,0,8,Cashier,EMP-0045
SHF-0000536,EMP-0046,PH-003,2026-05-18 14:00:00,2026-05-18 22:00:00,2026-05-18 14:00:00,2026-05-18 22:42:00,8,0.7,0,0,Assistant Manager,EMP-0046
SHF-0000537,EMP-0028,PH-002,2026-05-05 14:00:00,2026-05-05 22:00:00,2026-05-05 14:00:00,2026-05-05 22:20:00,8,0.33,0,0,Pharmacist,EMP-0035
SHF-0000538,EMP-0084,PH-004,2026-07-05 14:00:00,2026-07-05 22:00:00,2026-07-05 14:00:00,2026-07-05 21:45:00,8,0,0,15,Cashier,EMP-0069
SHF-0000539,EMP-0047,PH-003,2026-05-28 08:00:00,2026-05-28 16:00:00,2026-05-28 08:00:00,2026-05-28 16:02:00,8,0.03,0,0,Assistant Manager,EMP-0045
SHF-0000540,EMP-0044,PH-002,2026-06-02 08:00:00,2026-06-02 16:00:00,2026-06-02 08:00:00,2026-06-02 16:35:00,8,0.58,0,0,Inventory Associate,EMP-0024
SHF-0000541,EMP-0100,PH-005,2026-06-06 14:00:00,2026-06-06 22:00:00,2026-06-06 14:00:00,2026-06-06 22:15:00,8,0.25,0,0,Shift Supervisor,EMP-0089
SHF-0000542,EMP-0068,PH-004,2026-07-25 12:00:00,2026-07-25 20:00:00,2026-07-25 12:00:00,2026-07-25 19:47:00,8,0,0,13,Assistant Manager,EMP-0078
SHF-0000543,EMP-0045,PH-003,2026-06-09 12:00:00,2026-06-09 20:00:00,2026-06-09 12:16:00,2026-06-09 20:10:00,8,0.17,16,0,Store Manager,EMP-0057
SHF-0000544,EMP-0048,PH-003,2026-06-05 14:00:00,2026-06-05 22:00:00,2026-06-05 14:00:00,2026-06-05 22:36:00,8,0.6,0,0,Pharmacist,EMP-0046
SHF-0000545,EMP-0055,PH-003,2026-05-24 12:00:00,2026-05-24 20:00:00,2026-05-24 12:00:00,2026-05-24 20:08:00,8,0.13,0,0,Pharmacy Technician,EMP-0057
SHF-0000546,EMP-0092,PH-005,2026-07-28 12:00:00,2026-07-28 20:00:00,2026-07-28 12:00:00,2026-07-28 20:11:00,8,0.18,0,0,Pharmacist,EMP-0089
SHF-0000547,EMP-0089,PH-005,2026-07-17 08:00:00,2026-07-17 16:00:00,2026-07-17 08:16:00,2026-07-17 16:43:00,8,0.72,16,0,Store Manager,EMP-0090
SHF-0000548,EMP-0070,PH-004,2026-06-19 14:00:00,2026-06-19 22:00:00,2026-06-19 14:00:00,2026-06-19 22:45:00,8,0.75,0,0,Pharmacist,EMP-0078
SHF-0000549,EMP-0087,PH-004,2026-07-01 10:00:00,2026-07-01 18:00:00,2026-07-01 10:12:00,2026-07-01 18:20:00,8,0.33,12,0,Inventory Associate,EMP-0067
SHF-0000550,EMP-0076,PH-004,2026-06-04 08:00:00,2026-06-04 16:00:00,2026-06-04 08:00:00,2026-06-04 16:32:00,8,0.53,0,0,Pharmacy Technician,EMP-0069
SHF-0000551,EMP-0107,PH-005,2026-07-11 14:00:00,2026-07-11 22:00:00,2026-07-11 14:00:00,2026-07-11 22:11:00,8,0.18,0,0,Cashier,EMP-0100
SHF-0000552,EMP-0069,PH-004,2026-05-29 08:00:00,2026-05-29 16:00:00,2026-05-29 08:00:00,2026-05-29 16:29:00,8,0.48,0,0,Assistant Manager,EMP-0068
SHF-0000553,EMP-0001,PH-001,2026-05-16 08:00:00,2026-05-16 16:00:00,2026-05-16 08:00:00,2026-05-16 16:13:00,8,0.22,0,0,Store Manager,EMP-0002
SHF-0000554,EMP-0087,PH-004,2026-05-31 10:00:00,2026-05-31 18:00:00,2026-05-31 10:00:00,2026-05-31 18:29:00,8,0.48,0,0,Inventory Associate,EMP-0068
SHF-0000555,EMP-0075,PH-004,2026-07-22 10:00:00,2026-07-22 18:00:00,2026-07-22 10:02:00,2026-07-22 18:45:00,8,0.75,2,0,Pharmacy Technician,EMP-0067
SHF-0000556,EMP-0070,PH-004,2026-06-28 12:00:00,2026-06-28 20:00:00,2026-06-28 12:00:00,2026-06-28 20:26:00,8,0.43,0,0,Pharmacist,EMP-0078
SHF-0000557,EMP-0094,PH-005,2026-06-24 10:00:00,2026-06-24 18:00:00,2026-06-24 10:00:00,2026-06-24 17:59:00,8,0,0,1,Pharmacist,EMP-0090
SHF-0000558,EMP-0083,PH-004,2026-06-07 14:00:00,2026-06-07 22:00:00,2026-06-07 14:00:00,2026-06-07 22:34:00,8,0.57,0,0,Cashier,EMP-0078
SHF-0000559,EMP-0078,PH-004,2026-05-28 08:00:00,2026-05-28 16:00:00,2026-05-28 08:00:00,2026-05-28 16:03:00,8,0.05,0,0,Shift Supervisor,EMP-0079
SHF-0000560,EMP-0084,PH-004,2026-05-27 12:00:00,2026-05-27 20:00:00,2026-05-27 12:00:00,2026-05-27 20:15:00,8,0.25,0,0,Cashier,EMP-0067
SHF-0000561,EMP-0059,PH-003,2026-07-12 14:00:00,2026-07-12 22:00:00,2026-07-12 14:00:00,2026-07-12 21:53:00,8,0,0,7,Cashier,EMP-0045
SHF-0000562,EMP-0015,PH-001,2026-07-23 12:00:00,2026-07-23 20:00:00,2026-07-23 12:00:00,2026-07-23 20:36:00,8,0.6,0,0,Cashier,EMP-0012
SHF-0000563,EMP-0020,PH-001,2026-06-15 10:00:00,2026-06-15 18:00:00,2026-06-15 10:00:00,2026-06-15 18:01:00,8,0.02,0,0,Cashier,EMP-0002
SHF-0000564,EMP-0025,PH-002,2026-06-09 08:00:00,2026-06-09 16:00:00,2026-06-09 08:00:00,2026-06-09 16:40:00,8,0.67,0,0,Assistant Manager,EMP-0035
SHF-0000565,EMP-0071,PH-004,2026-07-04 08:00:00,2026-07-04 16:00:00,2026-07-04 08:00:00,2026-07-04 16:27:00,8,0.45,0,0,Pharmacist,EMP-0069
SHF-0000566,EMP-0102,PH-005,2026-05-10 14:00:00,2026-05-10 22:00:00,2026-05-10 14:00:00,2026-05-10 22:28:00,8,0.47,0,0,Cashier,EMP-0091
SHF-0000567,EMP-0059,PH-003,2026-06-17 08:00:00,2026-06-17 16:00:00,2026-06-17 08:00:00,2026-06-17 16:00:00,8,0,0,0,Cashier,EMP-0057
SHF-0000568,EMP-0083,PH-004,2026-06-05 10:00:00,2026-06-05 18:00:00,2026-06-05 10:00:00,2026-06-05 18:13:00,8,0.22,0,0,Cashier,EMP-0078
SHF-0000569,EMP-0064,PH-003,2026-07-15 10:00:00,2026-07-15 18:00:00,2026-07-15 10:15:00,2026-07-15 18:38:00,8,0.63,15,0,Cashier,EMP-0047
SHF-0000570,EMP-0052,PH-003,2026-05-10 08:00:00,2026-05-10 16:00:00,2026-05-10 08:00:00,2026-05-10 16:20:00,8,0.33,0,0,Pharmacy Technician,EMP-0046
SHF-0000571,EMP-0038,PH-002,2026-06-12 08:00:00,2026-06-12 16:00:00,2026-06-12 08:20:00,2026-06-12 16:24:00,8,0.4,20,0,Cashier,EMP-0024
SHF-0000572,EMP-0098,PH-005,2026-07-10 12:00:00,2026-07-10 20:00:00,2026-07-10 12:18:00,2026-07-10 19:48:00,8,0,18,12,Pharmacy Technician,EMP-0091
SHF-0000573,EMP-0027,PH-002,2026-06-15 12:00:00,2026-06-15 20:00:00,2026-06-15 12:00:00,2026-06-15 20:09:00,8,0.15,0,0,Pharmacist,EMP-0025
SHF-0000574,EMP-0095,PH-005,2026-05-11 10:00:00,2026-05-11 18:00:00,2026-05-11 10:10:00,2026-05-11 18:01:00,8,0.02,10,0,Pharmacy Technician,EMP-0101
SHF-0000575,EMP-0048,PH-003,2026-06-14 08:00:00,2026-06-14 16:00:00,2026-06-14 08:00:00,2026-06-14 16:13:00,8,0.22,0,0,Pharmacist,EMP-0057
SHF-0000576,EMP-0073,PH-004,2026-06-04 14:00:00,2026-06-04 22:00:00,2026-06-04 14:00:00,2026-06-04 22:19:00,8,0.32,0,0,Pharmacy Technician,EMP-0067
SHF-0000577,EMP-0061,PH-003,2026-06-09 10:00:00,2026-06-09 18:00:00,2026-06-09 10:00:00,2026-06-09 18:28:00,8,0.47,0,0,Cashier,EMP-0057
SHF-0000578,EMP-0079,PH-004,2026-05-29 08:00:00,2026-05-29 16:00:00,2026-05-29 08:00:00,2026-05-29 16:43:00,8,0.72,0,0,Shift Supervisor,EMP-0069
SHF-0000579,EMP-0037,PH-002,2026-07-22 12:00:00,2026-07-22 20:00:00,2026-07-22 12:17:00,2026-07-22 20:25:00,8,0.42,17,0,Cashier,EMP-0023
SHF-0000580,EMP-0006,PH-001,2026-05-11 12:00:00,2026-05-11 20:00:00,2026-05-11 12:06:00,2026-05-11 20:16:00,8,0.27,6,0,Cashier,EMP-0002
SHF-0000581,EMP-0046,PH-003,2026-06-04 08:00:00,2026-06-04 16:00:00,2026-06-04 08:00:00,2026-06-04 16:33:00,8,0.55,0,0,Assistant Manager,EMP-0047
SHF-0000582,EMP-0009,PH-001,2026-05-09 08:00:00,2026-05-09 16:00:00,2026-05-09 08:16:00,2026-05-09 16:31:00,8,0.52,16,0,Pharmacy Technician,EMP-0001
SHF-0000583,EMP-0067,PH-004,2026-05-30 12:00:00,2026-05-30 20:00:00,2026-05-30 12:00:00,2026-05-30 20:14:00,8,0.23,0,0,Store Manager,EMP-0067
SHF-0000584,EMP-0093,PH-005,2026-07-31 10:00:00,2026-07-31 18:00:00,2026-07-31 10:00:00,2026-07-31 18:09:00,8,0.15,0,0,Pharmacist,EMP-0100
SHF-0000585,EMP-0009,PH-001,2026-06-27 08:00:00,2026-06-27 16:00:00,2026-06-27 08:00:00,2026-06-27 15:56:00,8,0,0,4,Pharmacy Technician,EMP-0001
SHF-0000586,EMP-0083,PH-004,2026-07-25 10:00:00,2026-07-25 18:00:00,2026-07-25 10:00:00,2026-07-25 18:35:00,8,0.58,0,0,Cashier,EMP-0068
SHF-0000587,EMP-0110,PH-005,2026-06-10 10:00:00,2026-06-10 18:00:00,2026-06-10 10:00:00,2026-06-10 17:52:00,8,0,0,8,Inventory Associate,EMP-0100
SHF-0000588,EMP-0092,PH-005,2026-07-03 12:00:00,2026-07-03 20:00:00,2026-07-03 12:00:00,2026-07-03 19:56:00,8,0,0,4,Pharmacist,EMP-0101
SHF-0000589,EMP-0100,PH-005,2026-07-24 10:00:00,2026-07-24 18:00:00,2026-07-24 10:00:00,2026-07-24 18:37:00,8,0.62,0,0,Shift Supervisor,EMP-0090
SHF-0000590,EMP-0002,PH-001,2026-07-31 08:00:00,2026-07-31 16:00:00,2026-07-31 08:00:00,2026-07-31 16:39:00,8,0.65,0,0,Assistant Manager,EMP-0012
SHF-0000591,EMP-0044,PH-002,2026-05-25 12:00:00,2026-05-25 20:00:00,2026-05-25 12:00:00,2026-05-25 20:09:00,8,0.15,0,0,Inventory Associate,EMP-0024
SHF-0000592,EMP-0018,PH-001,2026-07-09 08:00:00,2026-07-09 16:00:00,2026-07-09 08:00:00,2026-07-09 15:58:00,8,0,0,2,Cashier,EMP-0012
SHF-0000593,EMP-0037,PH-002,2026-07-16 10:00:00,2026-07-16 18:00:00,2026-07-16 10:00:00,2026-07-16 18:04:00,8,0.07,0,0,Cashier,EMP-0035
SHF-0000594,EMP-0037,PH-002,2026-05-30 14:00:00,2026-05-30 22:00:00,2026-05-30 14:00:00,2026-05-30 21:53:00,8,0,0,7,Cashier,EMP-0023
SHF-0000595,EMP-0082,PH-004,2026-06-24 10:00:00,2026-06-24 18:00:00,2026-06-24 10:00:00,2026-06-24 18:21:00,8,0.35,0,0,Cashier,EMP-0069
SHF-0000596,EMP-0042,PH-002,2026-05-21 14:00:00,2026-05-21 22:00:00,2026-05-21 14:00:00,2026-05-21 21:53:00,8,0,0,7,Cashier,EMP-0034
SHF-0000597,EMP-0048,PH-003,2026-05-09 08:00:00,2026-05-09 16:00:00,2026-05-09 08:00:00,2026-05-09 16:04:00,8,0.07,0,0,Pharmacist,EMP-0045
SHF-0000598,EMP-0086,PH-004,2026-05-26 10:00:00,2026-05-26 18:00:00,2026-05-26 10:00:00,2026-05-26 18:25:00,8,0.42,0,0,Cashier,EMP-0079
SHF-0000599,EMP-0042,PH-002,2026-07-16 12:00:00,2026-07-16 20:00:00,2026-07-16 12:13:00,2026-07-16 20:15:00,8,0.25,13,0,Cashier,EMP-0035
SHF-0000600,EMP-0086,PH-004,2026-06-24 10:00:00,2026-06-24 18:00:00,2026-06-24 10:00:00,2026-06-24 18:37:00,8,0.62,0,0,Cashier,EMP-0078
SHF-0000601,EMP-0024,PH-002,2026-07-29 12:00:00,2026-07-29 20:00:00,2026-07-29 12:00:00,2026-07-29 20:15:00,8,0.25,0,0,Assistant Manager,EMP-0034
SHF-0000602,EMP-0019,PH-001,2026-06-16 10:00:00,2026-06-16 18:00:00,2026-06-16 10:00:00,2026-06-16 17:57:00,8,0,0,3,Cashier,EMP-0012
SHF-0000603,EMP-0041,PH-002,2026-06-26 14:00:00,2026-06-26 22:00:00,2026-06-26 14:00:00,2026-06-26 22:05:00,8,0.08,0,0,Cashier,EMP-0025
SHF-0000604,EMP-0096,PH-005,2026-06-30 08:00:00,2026-06-30 16:00:00,2026-06-30 08:00:00,2026-06-30 16:23:00,8,0.38,0,0,Pharmacy Technician,EMP-0100
SHF-0000605,EMP-0021,PH-001,2026-06-17 10:00:00,2026-06-17 18:00:00,2026-06-17 10:08:00,2026-06-17 18:02:00,8,0.03,8,0,Inventory Associate,EMP-0013
SHF-0000606,EMP-0087,PH-004,2026-06-10 10:00:00,2026-06-10 18:00:00,2026-06-10 10:00:00,2026-06-10 18:33:00,8,0.55,0,0,Inventory Associate,EMP-0078
SHF-0000607,EMP-0043,PH-002,2026-07-28 08:00:00,2026-07-28 16:00:00,2026-07-28 08:00:00,2026-07-28 16:25:00,8,0.42,0,0,Inventory Associate,EMP-0035
SHF-0000608,EMP-0045,PH-003,2026-06-12 12:00:00,2026-06-12 20:00:00,2026-06-12 12:00:00,2026-06-12 20:04:00,8,0.07,0,0,Store Manager,EMP-0045
SHF-0000609,EMP-0009,PH-001,2026-05-17 08:00:00,2026-05-17 16:00:00,2026-05-17 08:06:00,2026-05-17 16:30:00,8,0.5,6,0,Pharmacy Technician,EMP-0002
SHF-0000610,EMP-0007,PH-001,2026-06-08 08:00:00,2026-06-08 16:00:00,2026-06-08 08:00:00,2026-06-08 16:37:00,8,0.62,0,0,Pharmacy Technician,EMP-0012
SHF-0000611,EMP-0105,PH-005,2026-05-03 14:00:00,2026-05-03 22:00:00,2026-05-03 14:00:00,2026-05-03 21:48:00,8,0,0,12,Cashier,EMP-0100
SHF-0000612,EMP-0023,PH-002,2026-06-09 12:00:00,2026-06-09 20:00:00,2026-06-09 12:00:00,2026-06-09 19:59:00,8,0,0,1,Store Manager,EMP-0034
SHF-0000613,EMP-0045,PH-003,2026-06-09 08:00:00,2026-06-09 16:00:00,2026-06-09 08:00:00,2026-06-09 16:04:00,8,0.07,0,0,Store Manager,EMP-0057
SHF-0000614,EMP-0015,PH-001,2026-07-01 12:00:00,2026-07-01 20:00:00,2026-07-01 12:00:00,2026-07-01 20:10:00,8,0.17,0,0,Cashier,EMP-0002
SHF-0000615,EMP-0100,PH-005,2026-07-23 14:00:00,2026-07-23 22:00:00,2026-07-23 14:17:00,2026-07-23 22:19:00,8,0.32,17,0,Shift Supervisor,EMP-0101
SHF-0000616,EMP-0008,PH-001,2026-06-11 10:00:00,2026-06-11 18:00:00,2026-06-11 10:00:00,2026-06-11 17:57:00,8,0,0,3,Pharmacy Technician,EMP-0002
SHF-0000617,EMP-0023,PH-002,2026-06-28 10:00:00,2026-06-28 18:00:00,2026-06-28 10:00:00,2026-06-28 17:46:00,8,0,0,14,Store Manager,EMP-0023
SHF-0000618,EMP-0048,PH-003,2026-05-14 10:00:00,2026-05-14 18:00:00,2026-05-14 10:00:00,2026-05-14 18:44:00,8,0.73,0,0,Pharmacist,EMP-0046
SHF-0000619,EMP-0080,PH-004,2026-05-11 08:00:00,2026-05-11 16:00:00,2026-05-11 08:00:00,2026-05-11 16:41:00,8,0.68,0,0,Cashier,EMP-0068
SHF-0000620,EMP-0094,PH-005,2026-05-06 12:00:00,2026-05-06 20:00:00,2026-05-06 12:00:00,2026-05-06 20:25:00,8,0.42,0,0,Pharmacist,EMP-0091
SHF-0000621,EMP-0073,PH-004,2026-05-07 10:00:00,2026-05-07 18:00:00,2026-05-07 10:00:00,2026-05-07 18:24:00,8,0.4,0,0,Pharmacy Technician,EMP-0069
SHF-0000622,EMP-0035,PH-002,2026-07-01 12:00:00,2026-07-01 20:00:00,2026-07-01 12:00:00,2026-07-01 19:57:00,8,0,0,3,Shift Supervisor,EMP-0034
SHF-0000623,EMP-0106,PH-005,2026-07-12 12:00:00,2026-07-12 20:00:00,2026-07-12 12:00:00,2026-07-12 19:56:00,8,0,0,4,Cashier,EMP-0100
SHF-0000624,EMP-0077,PH-004,2026-05-17 10:00:00,2026-05-17 18:00:00,2026-05-17 10:00:00,2026-05-17 18:08:00,8,0.13,0,0,Pharmacy Technician,EMP-0068
SHF-0000625,EMP-0102,PH-005,2026-06-04 08:00:00,2026-06-04 16:00:00,2026-06-04 08:00:00,2026-06-04 16:07:00,8,0.12,0,0,Cashier,EMP-0100
SHF-0000626,EMP-0012,PH-001,2026-07-28 08:00:00,2026-07-28 16:00:00,2026-07-28 08:00:00,2026-07-28 16:28:00,8,0.47,0,0,Shift Supervisor,EMP-0003
SHF-0000627,EMP-0003,PH-001,2026-07-04 12:00:00,2026-07-04 20:00:00,2026-07-04 12:00:00,2026-07-04 20:21:00,8,0.35,0,0,Assistant Manager,EMP-0013
SHF-0000628,EMP-0020,PH-001,2026-07-14 08:00:00,2026-07-14 16:00:00,2026-07-14 08:00:00,2026-07-14 16:28:00,8,0.47,0,0,Cashier,EMP-0013
SHF-0000629,EMP-0046,PH-003,2026-06-10 10:00:00,2026-06-10 18:00:00,2026-06-10 10:00:00,2026-06-10 18:25:00,8,0.42,0,0,Assistant Manager,EMP-0046
SHF-0000630,EMP-0105,PH-005,2026-06-27 12:00:00,2026-06-27 20:00:00,2026-06-27 12:00:00,2026-06-27 20:35:00,8,0.58,0,0,Cashier,EMP-0090
SHF-0000631,EMP-0083,PH-004,2026-07-12 10:00:00,2026-07-12 18:00:00,2026-07-12 10:12:00,2026-07-12 18:17:00,8,0.28,12,0,Cashier,EMP-0079
SHF-0000632,EMP-0099,PH-005,2026-06-17 14:00:00,2026-06-17 22:00:00,2026-06-17 14:07:00,2026-06-17 22:07:00,8,0.12,7,0,Pharmacy Technician,EMP-0089
SHF-0000633,EMP-0042,PH-002,2026-06-03 12:00:00,2026-06-03 20:00:00,2026-06-03 12:00:00,2026-06-03 19:55:00,8,0,0,5,Cashier,EMP-0035
SHF-0000634,EMP-0078,PH-004,2026-06-03 12:00:00,2026-06-03 20:00:00,2026-06-03 12:18:00,2026-06-03 20:20:00,8,0.33,18,0,Shift Supervisor,EMP-0078
SHF-0000635,EMP-0002,PH-001,2026-05-16 12:00:00,2026-05-16 20:00:00,2026-05-16 12:00:00,2026-05-16 20:13:00,8,0.22,0,0,Assistant Manager,EMP-0003
SHF-0000636,EMP-0044,PH-002,2026-06-15 12:00:00,2026-06-15 20:00:00,2026-06-15 12:00:00,2026-06-15 20:07:00,8,0.12,0,0,Inventory Associate,EMP-0025
SHF-0000637,EMP-0086,PH-004,2026-07-17 10:00:00,2026-07-17 18:00:00,2026-07-17 10:00:00,2026-07-17 18:39:00,8,0.65,0,0,Cashier,EMP-0068
SHF-0000638,EMP-0029,PH-002,2026-05-27 10:00:00,2026-05-27 18:00:00,2026-05-27 10:00:00,2026-05-27 17:59:00,8,0,0,1,Pharmacy Technician,EMP-0034
SHF-0000639,EMP-0077,PH-004,2026-06-15 08:00:00,2026-06-15 16:00:00,2026-06-15 08:00:00,2026-06-15 16:40:00,8,0.67,0,0,Pharmacy Technician,EMP-0079
SHF-0000640,EMP-0012,PH-001,2026-06-09 10:00:00,2026-06-09 18:00:00,2026-06-09 10:00:00,2026-06-09 18:24:00,8,0.4,0,0,Shift Supervisor,EMP-0002
SHF-0000641,EMP-0002,PH-001,2026-06-02 10:00:00,2026-06-02 18:00:00,2026-06-02 10:00:00,2026-06-02 18:31:00,8,0.52,0,0,Assistant Manager,EMP-0001
SHF-0000642,EMP-0085,PH-004,2026-05-02 14:00:00,2026-05-02 22:00:00,2026-05-02 14:00:00,2026-05-02 22:20:00,8,0.33,0,0,Cashier,EMP-0067
SHF-0000643,EMP-0040,PH-002,2026-05-11 10:00:00,2026-05-11 18:00:00,2026-05-11 10:07:00,2026-05-11 18:30:00,8,0.5,7,0,Cashier,EMP-0023
SHF-0000644,EMP-0098,PH-005,2026-06-07 12:00:00,2026-06-07 20:00:00,2026-06-07 12:19:00,2026-06-07 20:24:00,8,0.4,19,0,Pharmacy Technician,EMP-0101
SHF-0000645,EMP-0105,PH-005,2026-05-16 10:00:00,2026-05-16 18:00:00,2026-05-16 10:00:00,2026-05-16 18:08:00,8,0.13,0,0,Cashier,EMP-0101
SHF-0000646,EMP-0088,PH-004,2026-06-25 12:00:00,2026-06-25 20:00:00,2026-06-25 12:11:00,2026-06-25 20:19:00,8,0.32,11,0,Inventory Associate,EMP-0079
SHF-0000647,EMP-0058,PH-003,2026-06-25 10:00:00,2026-06-25 18:00:00,2026-06-25 10:13:00,2026-06-25 18:24:00,8,0.4,13,0,Cashier,EMP-0045
SHF-0000648,EMP-0097,PH-005,2026-05-16 14:00:00,2026-05-16 22:00:00,2026-05-16 14:00:00,2026-05-16 22:36:00,8,0.6,0,0,Pharmacy Technician,EMP-0101
SHF-0000649,EMP-0009,PH-001,2026-07-29 10:00:00,2026-07-29 18:00:00,2026-07-29 10:00:00,2026-07-29 18:43:00,8,0.72,0,0,Pharmacy Technician,EMP-0002
SHF-0000650,EMP-0075,PH-004,2026-06-28 12:00:00,2026-06-28 20:00:00,2026-06-28 12:00:00,2026-06-28 20:24:00,8,0.4,0,0,Pharmacy Technician,EMP-0067
SHF-0000651,EMP-0018,PH-001,2026-05-24 14:00:00,2026-05-24 22:00:00,2026-05-24 14:00:00,2026-05-24 22:13:00,8,0.22,0,0,Cashier,EMP-0001
SHF-0000652,EMP-0056,PH-003,2026-07-21 12:00:00,2026-07-21 20:00:00,2026-07-21 12:00:00,2026-07-21 20:21:00,8,0.35,0,0,Shift Supervisor,EMP-0056
SHF-0000653,EMP-0014,PH-001,2026-05-16 12:00:00,2026-05-16 20:00:00,2026-05-16 12:00:00,2026-05-16 20:23:00,8,0.38,0,0,Cashier,EMP-0002
SHF-0000654,EMP-0107,PH-005,2026-05-30 08:00:00,2026-05-30 16:00:00,2026-05-30 08:00:00,2026-05-30 16:09:00,8,0.15,0,0,Cashier,EMP-0100
SHF-0000655,EMP-0093,PH-005,2026-06-07 10:00:00,2026-06-07 18:00:00,2026-06-07 10:00:00,2026-06-07 18:32:00,8,0.53,0,0,Pharmacist,EMP-0090
SHF-0000656,EMP-0083,PH-004,2026-06-01 10:00:00,2026-06-01 18:00:00,2026-06-01 10:00:00,2026-06-01 18:10:00,8,0.17,0,0,Cashier,EMP-0067
SHF-0000657,EMP-0087,PH-004,2026-07-11 14:00:00,2026-07-11 22:00:00,2026-07-11 14:00:00,2026-07-11 22:31:00,8,0.52,0,0,Inventory Associate,EMP-0069
SHF-0000658,EMP-0044,PH-002,2026-06-21 14:00:00,2026-06-21 22:00:00,2026-06-21 14:00:00,2026-06-21 22:04:00,8,0.07,0,0,Inventory Associate,EMP-0035
SHF-0000659,EMP-0041,PH-002,2026-07-19 10:00:00,2026-07-19 18:00:00,2026-07-19 10:00:00,2026-07-19 18:27:00,8,0.45,0,0,Cashier,EMP-0024
SHF-0000660,EMP-0093,PH-005,2026-05-24 08:00:00,2026-05-24 16:00:00,2026-05-24 08:00:00,2026-05-24 15:45:00,8,0,0,15,Pharmacist,EMP-0100
SHF-0000661,EMP-0017,PH-001,2026-06-18 10:00:00,2026-06-18 18:00:00,2026-06-18 10:00:00,2026-06-18 18:37:00,8,0.62,0,0,Cashier,EMP-0002
SHF-0000662,EMP-0065,PH-003,2026-06-14 08:00:00,2026-06-14 16:00:00,2026-06-14 08:00:00,2026-06-14 15:53:00,8,0,0,7,Inventory Associate,EMP-0045
SHF-0000663,EMP-0029,PH-002,2026-07-02 10:00:00,2026-07-02 18:00:00,2026-07-02 10:00:00,2026-07-02 18:08:00,8,0.13,0,0,Pharmacy Technician,EMP-0025
SHF-0000664,EMP-0095,PH-005,2026-07-23 10:00:00,2026-07-23 18:00:00,2026-07-23 10:00:00,2026-07-23 17:47:00,8,0,0,13,Pharmacy Technician,EMP-0101
SHF-0000665,EMP-0020,PH-001,2026-06-18 10:00:00,2026-06-18 18:00:00,2026-06-18 10:00:00,2026-06-18 18:44:00,8,0.73,0,0,Cashier,EMP-0001
SHF-0000666,EMP-0071,PH-004,2026-05-27 12:00:00,2026-05-27 20:00:00,2026-05-27 12:00:00,2026-05-27 19:57:00,8,0,0,3,Pharmacist,EMP-0068
SHF-0000667,EMP-0041,PH-002,2026-06-26 10:00:00,2026-06-26 18:00:00,2026-06-26 10:00:00,2026-06-26 18:04:00,8,0.07,0,0,Cashier,EMP-0023
SHF-0000668,EMP-0068,PH-004,2026-05-24 08:00:00,2026-05-24 16:00:00,2026-05-24 08:14:00,2026-05-24 16:44:00,8,0.73,14,0,Assistant Manager,EMP-0078
SHF-0000669,EMP-0066,PH-003,2026-05-06 12:00:00,2026-05-06 20:00:00,2026-05-06 12:00:00,2026-05-06 19:47:00,8,0,0,13,Inventory Associate,EMP-0046
SHF-0000670,EMP-0095,PH-005,2026-06-28 08:00:00,2026-06-28 16:00:00,2026-06-28 08:00:00,2026-06-28 16:08:00,8,0.13,0,0,Pharmacy Technician,EMP-0100
SHF-0000671,EMP-0087,PH-004,2026-07-03 08:00:00,2026-07-03 16:00:00,2026-07-03 08:00:00,2026-07-03 16:03:00,8,0.05,0,0,Inventory Associate,EMP-0067
SHF-0000672,EMP-0027,PH-002,2026-05-22 10:00:00,2026-05-22 18:00:00,2026-05-22 10:16:00,2026-05-22 18:12:00,8,0.2,16,0,Pharmacist,EMP-0035
SHF-0000673,EMP-0075,PH-004,2026-05-30 10:00:00,2026-05-30 18:00:00,2026-05-30 10:00:00,2026-05-30 17:50:00,8,0,0,10,Pharmacy Technician,EMP-0068
SHF-0000674,EMP-0022,PH-001,2026-06-17 12:00:00,2026-06-17 20:00:00,2026-06-17 12:04:00,2026-06-17 20:16:00,8,0.27,4,0,Inventory Associate,EMP-0003
SHF-0000675,EMP-0001,PH-001,2026-07-16 10:00:00,2026-07-16 18:00:00,2026-07-16 10:00:00,2026-07-16 18:45:00,8,0.75,0,0,Store Manager,EMP-0001
SHF-0000676,EMP-0076,PH-004,2026-06-03 14:00:00,2026-06-03 22:00:00,2026-06-03 14:06:00,2026-06-03 22:00:00,8,0,6,0,Pharmacy Technician,EMP-0069
SHF-0000677,EMP-0108,PH-005,2026-05-14 12:00:00,2026-05-14 20:00:00,2026-05-14 12:00:00,2026-05-14 20:33:00,8,0.55,0,0,Cashier,EMP-0100
SHF-0000678,EMP-0092,PH-005,2026-05-13 08:00:00,2026-05-13 16:00:00,2026-05-13 08:00:00,2026-05-13 16:13:00,8,0.22,0,0,Pharmacist,EMP-0091
SHF-0000679,EMP-0038,PH-002,2026-06-30 10:00:00,2026-06-30 18:00:00,2026-06-30 10:00:00,2026-06-30 18:39:00,8,0.65,0,0,Cashier,EMP-0034
SHF-0000680,EMP-0043,PH-002,2026-05-02 08:00:00,2026-05-02 16:00:00,2026-05-02 08:00:00,2026-05-02 15:56:00,8,0,0,4,Inventory Associate,EMP-0024
SHF-0000681,EMP-0086,PH-004,2026-07-25 12:00:00,2026-07-25 20:00:00,2026-07-25 12:00:00,2026-07-25 20:18:00,8,0.3,0,0,Cashier,EMP-0069
SHF-0000682,EMP-0071,PH-004,2026-07-17 14:00:00,2026-07-17 22:00:00,2026-07-17 14:00:00,2026-07-17 22:09:00,8,0.15,0,0,Pharmacist,EMP-0067
SHF-0000683,EMP-0066,PH-003,2026-07-08 08:00:00,2026-07-08 16:00:00,2026-07-08 08:00:00,2026-07-08 16:08:00,8,0.13,0,0,Inventory Associate,EMP-0045
SHF-0000684,EMP-0043,PH-002,2026-05-23 10:00:00,2026-05-23 18:00:00,2026-05-23 10:00:00,2026-05-23 18:38:00,8,0.63,0,0,Inventory Associate,EMP-0025
SHF-0000685,EMP-0077,PH-004,2026-07-20 12:00:00,2026-07-20 20:00:00,2026-07-20 12:00:00,2026-07-20 20:37:00,8,0.62,0,0,Pharmacy Technician,EMP-0069
SHF-0000686,EMP-0019,PH-001,2026-07-04 10:00:00,2026-07-04 18:00:00,2026-07-04 10:00:00,2026-07-04 18:40:00,8,0.67,0,0,Cashier,EMP-0012
SHF-0000687,EMP-0059,PH-003,2026-07-15 08:00:00,2026-07-15 16:00:00,2026-07-15 08:15:00,2026-07-15 16:23:00,8,0.38,15,0,Cashier,EMP-0056
SHF-0000688,EMP-0039,PH-002,2026-07-23 08:00:00,2026-07-23 16:00:00,2026-07-23 08:00:00,2026-07-23 15:54:00,8,0,0,6,Cashier,EMP-0025
SHF-0000689,EMP-0074,PH-004,2026-05-03 14:00:00,2026-05-03 22:00:00,2026-05-03 14:00:00,2026-05-03 22:06:00,8,0.1,0,0,Pharmacy Technician,EMP-0069
SHF-0000690,EMP-0092,PH-005,2026-07-31 08:00:00,2026-07-31 16:00:00,2026-07-31 08:00:00,2026-07-31 15:58:00,8,0,0,2,Pharmacist,EMP-0091
SHF-0000691,EMP-0085,PH-004,2026-07-08 10:00:00,2026-07-08 18:00:00,2026-07-08 10:00:00,2026-07-08 18:24:00,8,0.4,0,0,Cashier,EMP-0079
SHF-0000692,EMP-0068,PH-004,2026-05-18 14:00:00,2026-05-18 22:00:00,2026-05-18 14:00:00,2026-05-18 22:07:00,8,0.12,0,0,Assistant Manager,EMP-0078
SHF-0000693,EMP-0066,PH-003,2026-06-20 08:00:00,2026-06-20 16:00:00,2026-06-20 08:00:00,2026-06-20 15:51:00,8,0,0,9,Inventory Associate,EMP-0056
SHF-0000694,EMP-0068,PH-004,2026-06-06 14:00:00,2026-06-06 22:00:00,2026-06-06 14:00:00,2026-06-06 21:49:00,8,0,0,11,Assistant Manager,EMP-0079
SHF-0000695,EMP-0044,PH-002,2026-07-31 12:00:00,2026-07-31 20:00:00,2026-07-31 12:00:00,2026-07-31 20:24:00,8,0.4,0,0,Inventory Associate,EMP-0023
SHF-0000696,EMP-0060,PH-003,2026-06-17 08:00:00,2026-06-17 16:00:00,2026-06-17 08:00:00,2026-06-17 16:12:00,8,0.2,0,0,Cashier,EMP-0047
SHF-0000697,EMP-0103,PH-005,2026-05-01 08:00:00,2026-05-01 16:00:00,2026-05-01 08:00:00,2026-05-01 16:16:00,8,0.27,0,0,Cashier,EMP-0091
SHF-0000698,EMP-0066,PH-003,2026-06-06 10:00:00,2026-06-06 18:00:00,2026-06-06 10:00:00,2026-06-06 18:09:00,8,0.15,0,0,Inventory Associate,EMP-0045
SHF-0000699,EMP-0054,PH-003,2026-07-13 08:00:00,2026-07-13 16:00:00,2026-07-13 08:00:00,2026-07-13 16:09:00,8,0.15,0,0,Pharmacy Technician,EMP-0057
SHF-0000700,EMP-0021,PH-001,2026-06-18 08:00:00,2026-06-18 16:00:00,2026-06-18 08:00:00,2026-06-18 16:24:00,8,0.4,0,0,Inventory Associate,EMP-0002
SHF-0000701,EMP-0006,PH-001,2026-05-04 12:00:00,2026-05-04 20:00:00,2026-05-04 12:00:00,2026-05-04 20:41:00,8,0.68,0,0,Cashier,EMP-0003
SHF-0000702,EMP-0063,PH-003,2026-07-12 14:00:00,2026-07-12 22:00:00,2026-07-12 14:00:00,2026-07-12 22:14:00,8,0.23,0,0,Cashier,EMP-0047
SHF-0000703,EMP-0003,PH-001,2026-07-12 14:00:00,2026-07-12 22:00:00,2026-07-12 14:00:00,2026-07-12 22:21:00,8,0.35,0,0,Assistant Manager,EMP-0002
SHF-0000704,EMP-0046,PH-003,2026-07-03 14:00:00,2026-07-03 22:00:00,2026-07-03 14:00:00,2026-07-03 22:30:00,8,0.5,0,0,Assistant Manager,EMP-0056
SHF-0000705,EMP-0050,PH-003,2026-05-08 08:00:00,2026-05-08 16:00:00,2026-05-08 08:00:00,2026-05-08 15:53:00,8,0,0,7,Pharmacist,EMP-0057
SHF-0000706,EMP-0095,PH-005,2026-05-24 10:00:00,2026-05-24 18:00:00,2026-05-24 10:00:00,2026-05-24 17:57:00,8,0,0,3,Pharmacy Technician,EMP-0100
SHF-0000707,EMP-0051,PH-003,2026-07-04 10:00:00,2026-07-04 18:00:00,2026-07-04 10:00:00,2026-07-04 18:37:00,8,0.62,0,0,Pharmacy Technician,EMP-0047
SHF-0000708,EMP-0104,PH-005,2026-07-31 12:00:00,2026-07-31 20:00:00,2026-07-31 12:00:00,2026-07-31 20:05:00,8,0.08,0,0,Cashier,EMP-0091
SHF-0000709,EMP-0020,PH-001,2026-06-08 12:00:00,2026-06-08 20:00:00,2026-06-08 12:17:00,2026-06-08 20:07:00,8,0.12,17,0,Cashier,EMP-0012
SHF-0000710,EMP-0023,PH-002,2026-06-28 12:00:00,2026-06-28 20:00:00,2026-06-28 12:00:00,2026-06-28 20:29:00,8,0.48,0,0,Store Manager,EMP-0035
SHF-0000711,EMP-0062,PH-003,2026-06-27 10:00:00,2026-06-27 18:00:00,2026-06-27 10:00:00,2026-06-27 18:37:00,8,0.62,0,0,Cashier,EMP-0056
SHF-0000712,EMP-0066,PH-003,2026-06-22 08:00:00,2026-06-22 16:00:00,2026-06-22 08:00:00,2026-06-22 16:11:00,8,0.18,0,0,Inventory Associate,EMP-0057
SHF-0000713,EMP-0072,PH-004,2026-05-09 08:00:00,2026-05-09 16:00:00,2026-05-09 08:00:00,2026-05-09 16:05:00,8,0.08,0,0,Pharmacist,EMP-0068
SHF-0000714,EMP-0102,PH-005,2026-05-05 08:00:00,2026-05-05 16:00:00,2026-05-05 08:00:00,2026-05-05 16:29:00,8,0.48,0,0,Cashier,EMP-0091
SHF-0000715,EMP-0053,PH-003,2026-06-17 08:00:00,2026-06-17 16:00:00,2026-06-17 08:00:00,2026-06-17 15:56:00,8,0,0,4,Pharmacy Technician,EMP-0045
SHF-0000716,EMP-0104,PH-005,2026-05-03 08:00:00,2026-05-03 16:00:00,2026-05-03 08:00:00,2026-05-03 16:06:00,8,0.1,0,0,Cashier,EMP-0089
SHF-0000717,EMP-0044,PH-002,2026-06-28 12:00:00,2026-06-28 20:00:00,2026-06-28 12:00:00,2026-06-28 19:45:00,8,0,0,15,Inventory Associate,EMP-0034
SHF-0000718,EMP-0031,PH-002,2026-07-24 10:00:00,2026-07-24 18:00:00,2026-07-24 10:00:00,2026-07-24 18:17:00,8,0.28,0,0,Pharmacy Technician,EMP-0034
SHF-0000719,EMP-0058,PH-003,2026-07-17 12:00:00,2026-07-17 20:00:00,2026-07-17 12:00:00,2026-07-17 20:19:00,8,0.32,0,0,Cashier,EMP-0047
SHF-0000720,EMP-0046,PH-003,2026-06-06 14:00:00,2026-06-06 22:00:00,2026-06-06 14:00:00,2026-06-06 22:37:00,8,0.62,0,0,Assistant Manager,EMP-0046
SHF-0000721,EMP-0058,PH-003,2026-06-22 14:00:00,2026-06-22 22:00:00,2026-06-22 14:00:00,2026-06-22 22:18:00,8,0.3,0,0,Cashier,EMP-0057
SHF-0000722,EMP-0072,PH-004,2026-07-01 12:00:00,2026-07-01 20:00:00,2026-07-01 12:00:00,2026-07-01 20:21:00,8,0.35,0,0,Pharmacist,EMP-0068
SHF-0000723,EMP-0003,PH-001,2026-05-19 14:00:00,2026-05-19 22:00:00,2026-05-19 14:00:00,2026-05-19 22:42:00,8,0.7,0,0,Assistant Manager,EMP-0003
SHF-0000724,EMP-0108,PH-005,2026-05-24 12:00:00,2026-05-24 20:00:00,2026-05-24 12:00:00,2026-05-24 20:37:00,8,0.62,0,0,Cashier,EMP-0101
SHF-0000725,EMP-0095,PH-005,2026-05-30 12:00:00,2026-05-30 20:00:00,2026-05-30 12:00:00,2026-05-30 20:26:00,8,0.43,0,0,Pharmacy Technician,EMP-0100
SHF-0000726,EMP-0031,PH-002,2026-06-15 14:00:00,2026-06-15 22:00:00,2026-06-15 14:00:00,2026-06-15 21:59:00,8,0,0,1,Pharmacy Technician,EMP-0023
SHF-0000727,EMP-0042,PH-002,2026-06-13 12:00:00,2026-06-13 20:00:00,2026-06-13 12:00:00,2026-06-13 19:58:00,8,0,0,2,Cashier,EMP-0023
SHF-0000728,EMP-0093,PH-005,2026-07-16 08:00:00,2026-07-16 16:00:00,2026-07-16 08:00:00,2026-07-16 16:11:00,8,0.18,0,0,Pharmacist,EMP-0101
SHF-0000729,EMP-0058,PH-003,2026-06-22 10:00:00,2026-06-22 18:00:00,2026-06-22 10:00:00,2026-06-22 18:37:00,8,0.62,0,0,Cashier,EMP-0045
SHF-0000730,EMP-0107,PH-005,2026-06-01 10:00:00,2026-06-01 18:00:00,2026-06-01 10:00:00,2026-06-01 18:44:00,8,0.73,0,0,Cashier,EMP-0090
SHF-0000731,EMP-0083,PH-004,2026-06-19 10:00:00,2026-06-19 18:00:00,2026-06-19 10:00:00,2026-06-19 18:29:00,8,0.48,0,0,Cashier,EMP-0079
SHF-0000732,EMP-0099,PH-005,2026-06-11 08:00:00,2026-06-11 16:00:00,2026-06-11 08:00:00,2026-06-11 16:37:00,8,0.62,0,0,Pharmacy Technician,EMP-0101
SHF-0000733,EMP-0049,PH-003,2026-07-12 14:00:00,2026-07-12 22:00:00,2026-07-12 14:00:00,2026-07-12 22:08:00,8,0.13,0,0,Pharmacist,EMP-0046
SHF-0000734,EMP-0077,PH-004,2026-05-23 10:00:00,2026-05-23 18:00:00,2026-05-23 10:00:00,2026-05-23 18:34:00,8,0.57,0,0,Pharmacy Technician,EMP-0079
SHF-0000735,EMP-0056,PH-003,2026-06-22 10:00:00,2026-06-22 18:00:00,2026-06-22 10:00:00,2026-06-22 18:29:00,8,0.48,0,0,Shift Supervisor,EMP-0056
SHF-0000736,EMP-0003,PH-001,2026-06-23 12:00:00,2026-06-23 20:00:00,2026-06-23 12:08:00,2026-06-23 19:46:00,8,0,8,14,Assistant Manager,EMP-0013
SHF-0000737,EMP-0067,PH-004,2026-05-18 08:00:00,2026-05-18 16:00:00,2026-05-18 08:00:00,2026-05-18 15:58:00,8,0,0,2,Store Manager,EMP-0067
SHF-0000738,EMP-0083,PH-004,2026-05-25 08:00:00,2026-05-25 16:00:00,2026-05-25 08:00:00,2026-05-25 16:04:00,8,0.07,0,0,Cashier,EMP-0069
SHF-0000739,EMP-0014,PH-001,2026-05-02 12:00:00,2026-05-02 20:00:00,2026-05-02 12:00:00,2026-05-02 20:12:00,8,0.2,0,0,Cashier,EMP-0003
SHF-0000740,EMP-0005,PH-001,2026-07-16 14:00:00,2026-07-16 22:00:00,2026-07-16 14:00:00,2026-07-16 21:46:00,8,0,0,14,Pharmacist,EMP-0003
SHF-0000741,EMP-0070,PH-004,2026-07-29 14:00:00,2026-07-29 22:00:00,2026-07-29 14:10:00,2026-07-29 22:33:00,8,0.55,10,0,Pharmacist,EMP-0078
SHF-0000742,EMP-0061,PH-003,2026-07-13 12:00:00,2026-07-13 20:00:00,2026-07-13 12:00:00,2026-07-13 20:23:00,8,0.38,0,0,Cashier,EMP-0046
SHF-0000743,EMP-0027,PH-002,2026-07-26 08:00:00,2026-07-26 16:00:00,2026-07-26 08:00:00,2026-07-26 15:59:00,8,0,0,1,Pharmacist,EMP-0034
SHF-0000744,EMP-0008,PH-001,2026-05-23 14:00:00,2026-05-23 22:00:00,2026-05-23 14:00:00,2026-05-23 21:55:00,8,0,0,5,Pharmacy Technician,EMP-0001
SHF-0000745,EMP-0003,PH-001,2026-07-06 12:00:00,2026-07-06 20:00:00,2026-07-06 12:00:00,2026-07-06 19:52:00,8,0,0,8,Assistant Manager,EMP-0002
SHF-0000746,EMP-0003,PH-001,2026-06-12 14:00:00,2026-06-12 22:00:00,2026-06-12 14:00:00,2026-06-12 22:14:00,8,0.23,0,0,Assistant Manager,EMP-0003
SHF-0000747,EMP-0072,PH-004,2026-07-05 14:00:00,2026-07-05 22:00:00,2026-07-05 14:00:00,2026-07-05 22:01:00,8,0.02,0,0,Pharmacist,EMP-0068
SHF-0000748,EMP-0058,PH-003,2026-06-14 14:00:00,2026-06-14 22:00:00,2026-06-14 14:00:00,2026-06-14 21:45:00,8,0,0,15,Cashier,EMP-0045
SHF-0000749,EMP-0005,PH-001,2026-05-07 12:00:00,2026-05-07 20:00:00,2026-05-07 12:00:00,2026-05-07 20:21:00,8,0.35,0,0,Pharmacist,EMP-0013
SHF-0000750,EMP-0025,PH-002,2026-05-12 10:00:00,2026-05-12 18:00:00,2026-05-12 10:14:00,2026-05-12 18:12:00,8,0.2,14,0,Assistant Manager,EMP-0034
SHF-0000751,EMP-0003,PH-001,2026-05-17 12:00:00,2026-05-17 20:00:00,2026-05-17 12:00:00,2026-05-17 20:26:00,8,0.43,0,0,Assistant Manager,EMP-0001
SHF-0000752,EMP-0089,PH-005,2026-06-23 12:00:00,2026-06-23 20:00:00,2026-06-23 12:00:00,2026-06-23 20:21:00,8,0.35,0,0,Store Manager,EMP-0100
SHF-0000753,EMP-0092,PH-005,2026-07-17 12:00:00,2026-07-17 20:00:00,2026-07-17 12:00:00,2026-07-17 20:23:00,8,0.38,0,0,Pharmacist,EMP-0100
SHF-0000754,EMP-0006,PH-001,2026-05-27 10:00:00,2026-05-27 18:00:00,2026-05-27 10:00:00,2026-05-27 18:09:00,8,0.15,0,0,Cashier,EMP-0012
SHF-0000755,EMP-0073,PH-004,2026-07-18 10:00:00,2026-07-18 18:00:00,2026-07-18 10:00:00,2026-07-18 18:14:00,8,0.23,0,0,Pharmacy Technician,EMP-0067
SHF-0000756,EMP-0021,PH-001,2026-05-19 14:00:00,2026-05-19 22:00:00,2026-05-19 14:07:00,2026-05-19 22:24:00,8,0.4,7,0,Inventory Associate,EMP-0012
SHF-0000757,EMP-0064,PH-003,2026-07-24 10:00:00,2026-07-24 18:00:00,2026-07-24 10:00:00,2026-07-24 18:18:00,8,0.3,0,0,Cashier,EMP-0057
SHF-0000758,EMP-0090,PH-005,2026-07-01 08:00:00,2026-07-01 16:00:00,2026-07-01 08:11:00,2026-07-01 16:27:00,8,0.45,11,0,Assistant Manager,EMP-0089
SHF-0000759,EMP-0084,PH-004,2026-07-08 14:00:00,2026-07-08 22:00:00,2026-07-08 14:00:00,2026-07-08 22:39:00,8,0.65,0,0,Cashier,EMP-0067
SHF-0000760,EMP-0018,PH-001,2026-06-04 12:00:00,2026-06-04 20:00:00,2026-06-04 12:00:00,2026-06-04 20:10:00,8,0.17,0,0,Cashier,EMP-0013
SHF-0000761,EMP-0069,PH-004,2026-06-09 14:00:00,2026-06-09 22:00:00,2026-06-09 14:00:00,2026-06-09 21:51:00,8,0,0,9,Assistant Manager,EMP-0079
SHF-0000762,EMP-0103,PH-005,2026-07-21 08:00:00,2026-07-21 16:00:00,2026-07-21 08:00:00,2026-07-21 16:30:00,8,0.5,0,0,Cashier,EMP-0090
SHF-0000763,EMP-0103,PH-005,2026-06-14 12:00:00,2026-06-14 20:00:00,2026-06-14 12:00:00,2026-06-14 20:21:00,8,0.35,0,0,Cashier,EMP-0090
SHF-0000764,EMP-0021,PH-001,2026-07-03 12:00:00,2026-07-03 20:00:00,2026-07-03 12:00:00,2026-07-03 20:24:00,8,0.4,0,0,Inventory Associate,EMP-0001
SHF-0000765,EMP-0104,PH-005,2026-05-02 14:00:00,2026-05-02 22:00:00,2026-05-02 14:00:00,2026-05-02 22:34:00,8,0.57,0,0,Cashier,EMP-0101
SHF-0000766,EMP-0075,PH-004,2026-05-01 12:00:00,2026-05-01 20:00:00,2026-05-01 12:00:00,2026-05-01 20:19:00,8,0.32,0,0,Pharmacy Technician,EMP-0068
SHF-0000767,EMP-0022,PH-001,2026-06-11 12:00:00,2026-06-11 20:00:00,2026-06-11 12:00:00,2026-06-11 20:21:00,8,0.35,0,0,Inventory Associate,EMP-0012
SHF-0000768,EMP-0084,PH-004,2026-07-19 10:00:00,2026-07-19 18:00:00,2026-07-19 10:00:00,2026-07-19 18:27:00,8,0.45,0,0,Cashier,EMP-0068
SHF-0000769,EMP-0019,PH-001,2026-05-29 10:00:00,2026-05-29 18:00:00,2026-05-29 10:09:00,2026-05-29 18:29:00,8,0.48,9,0,Cashier,EMP-0013
SHF-0000770,EMP-0068,PH-004,2026-05-27 12:00:00,2026-05-27 20:00:00,2026-05-27 12:04:00,2026-05-27 20:22:00,8,0.37,4,0,Assistant Manager,EMP-0079
SHF-0000771,EMP-0020,PH-001,2026-07-24 12:00:00,2026-07-24 20:00:00,2026-07-24 12:00:00,2026-07-24 20:35:00,8,0.58,0,0,Cashier,EMP-0003
SHF-0000772,EMP-0106,PH-005,2026-07-16 12:00:00,2026-07-16 20:00:00,2026-07-16 12:00:00,2026-07-16 20:24:00,8,0.4,0,0,Cashier,EMP-0089
SHF-0000773,EMP-0022,PH-001,2026-06-30 12:00:00,2026-06-30 20:00:00,2026-06-30 12:00:00,2026-06-30 20:35:00,8,0.58,0,0,Inventory Associate,EMP-0013
SHF-0000774,EMP-0103,PH-005,2026-07-21 08:00:00,2026-07-21 16:00:00,2026-07-21 08:17:00,2026-07-21 15:53:00,8,0,17,7,Cashier,EMP-0091
SHF-0000775,EMP-0084,PH-004,2026-07-18 08:00:00,2026-07-18 16:00:00,2026-07-18 08:00:00,2026-07-18 16:44:00,8,0.73,0,0,Cashier,EMP-0078
SHF-0000776,EMP-0030,PH-002,2026-07-05 14:00:00,2026-07-05 22:00:00,2026-07-05 14:00:00,2026-07-05 22:36:00,8,0.6,0,0,Pharmacy Technician,EMP-0034
SHF-0000777,EMP-0068,PH-004,2026-07-11 10:00:00,2026-07-11 18:00:00,2026-07-11 10:00:00,2026-07-11 18:35:00,8,0.58,0,0,Assistant Manager,EMP-0078
SHF-0000778,EMP-0023,PH-002,2026-06-10 12:00:00,2026-06-10 20:00:00,2026-06-10 12:00:00,2026-06-10 20:32:00,8,0.53,0,0,Store Manager,EMP-0025
SHF-0000779,EMP-0040,PH-002,2026-06-09 14:00:00,2026-06-09 22:00:00,2026-06-09 14:05:00,2026-06-09 22:44:00,8,0.73,5,0,Cashier,EMP-0034
SHF-0000780,EMP-0074,PH-004,2026-07-22 12:00:00,2026-07-22 20:00:00,2026-07-22 12:00:00,2026-07-22 20:22:00,8,0.37,0,0,Pharmacy Technician,EMP-0078
SHF-0000781,EMP-0029,PH-002,2026-05-13 10:00:00,2026-05-13 18:00:00,2026-05-13 10:00:00,2026-05-13 18:22:00,8,0.37,0,0,Pharmacy Technician,EMP-0035
SHF-0000782,EMP-0110,PH-005,2026-07-14 14:00:00,2026-07-14 22:00:00,2026-07-14 14:00:00,2026-07-14 22:00:00,8,0,0,0,Inventory Associate,EMP-0101
SHF-0000783,EMP-0051,PH-003,2026-06-12 12:00:00,2026-06-12 20:00:00,2026-06-12 12:00:00,2026-06-12 20:01:00,8,0.02,0,0,Pharmacy Technician,EMP-0046
SHF-0000784,EMP-0069,PH-004,2026-07-31 12:00:00,2026-07-31 20:00:00,2026-07-31 12:00:00,2026-07-31 20:44:00,8,0.73,0,0,Assistant Manager,EMP-0067
SHF-0000785,EMP-0028,PH-002,2026-07-14 12:00:00,2026-07-14 20:00:00,2026-07-14 12:00:00,2026-07-14 20:31:00,8,0.52,0,0,Pharmacist,EMP-0023
SHF-0000786,EMP-0004,PH-001,2026-07-10 12:00:00,2026-07-10 20:00:00,2026-07-10 12:00:00,2026-07-10 19:51:00,8,0,0,9,Pharmacist,EMP-0002
SHF-0000787,EMP-0003,PH-001,2026-07-25 10:00:00,2026-07-25 18:00:00,2026-07-25 10:00:00,2026-07-25 18:25:00,8,0.42,0,0,Assistant Manager,EMP-0001
SHF-0000788,EMP-0053,PH-003,2026-07-01 08:00:00,2026-07-01 16:00:00,2026-07-01 08:00:00,2026-07-01 16:01:00,8,0.02,0,0,Pharmacy Technician,EMP-0047
SHF-0000789,EMP-0085,PH-004,2026-06-10 12:00:00,2026-06-10 20:00:00,2026-06-10 12:00:00,2026-06-10 20:02:00,8,0.03,0,0,Cashier,EMP-0068
SHF-0000790,EMP-0030,PH-002,2026-06-30 08:00:00,2026-06-30 16:00:00,2026-06-30 08:00:00,2026-06-30 16:39:00,8,0.65,0,0,Pharmacy Technician,EMP-0024
SHF-0000791,EMP-0011,PH-001,2026-05-31 12:00:00,2026-05-31 20:00:00,2026-05-31 12:00:00,2026-05-31 19:45:00,8,0,0,15,Pharmacy Technician,EMP-0001
SHF-0000792,EMP-0053,PH-003,2026-07-19 12:00:00,2026-07-19 20:00:00,2026-07-19 12:13:00,2026-07-19 20:08:00,8,0.13,13,0,Pharmacy Technician,EMP-0047
SHF-0000793,EMP-0097,PH-005,2026-05-01 14:00:00,2026-05-01 22:00:00,2026-05-01 14:00:00,2026-05-01 22:10:00,8,0.17,0,0,Pharmacy Technician,EMP-0089
SHF-0000794,EMP-0097,PH-005,2026-05-06 08:00:00,2026-05-06 16:00:00,2026-05-06 08:00:00,2026-05-06 16:01:00,8,0.02,0,0,Pharmacy Technician,EMP-0100
SHF-0000795,EMP-0008,PH-001,2026-07-04 12:00:00,2026-07-04 20:00:00,2026-07-04 12:00:00,2026-07-04 20:09:00,8,0.15,0,0,Pharmacy Technician,EMP-0002
SHF-0000796,EMP-0067,PH-004,2026-05-19 14:00:00,2026-05-19 22:00:00,2026-05-19 14:00:00,2026-05-19 21:49:00,8,0,0,11,Store Manager,EMP-0079
SHF-0000797,EMP-0066,PH-003,2026-06-12 10:00:00,2026-06-12 18:00:00,2026-06-12 10:03:00,2026-06-12 18:10:00,8,0.17,3,0,Inventory Associate,EMP-0046
SHF-0000798,EMP-0092,PH-005,2026-05-29 12:00:00,2026-05-29 20:00:00,2026-05-29 12:00:00,2026-05-29 20:14:00,8,0.23,0,0,Pharmacist,EMP-0091
SHF-0000799,EMP-0082,PH-004,2026-06-14 08:00:00,2026-06-14 16:00:00,2026-06-14 08:00:00,2026-06-14 15:48:00,8,0,0,12,Cashier,EMP-0069
SHF-0000800,EMP-0053,PH-003,2026-06-16 08:00:00,2026-06-16 16:00:00,2026-06-16 08:00:00,2026-06-16 16:24:00,8,0.4,0,0,Pharmacy Technician,EMP-0045
SHF-0000801,EMP-0098,PH-005,2026-06-27 14:00:00,2026-06-27 22:00:00,2026-06-27 14:00:00,2026-06-27 22:14:00,8,0.23,0,0,Pharmacy Technician,EMP-0090
SHF-0000802,EMP-0033,PH-002,2026-07-17 10:00:00,2026-07-17 18:00:00,2026-07-17 10:00:00,2026-07-17 18:07:00,8,0.12,0,0,Pharmacy Technician,EMP-0023
SHF-0000803,EMP-0030,PH-002,2026-05-25 10:00:00,2026-05-25 18:00:00,2026-05-25 10:00:00,2026-05-25 18:36:00,8,0.6,0,0,Pharmacy Technician,EMP-0025
SHF-0000804,EMP-0017,PH-001,2026-05-24 08:00:00,2026-05-24 16:00:00,2026-05-24 08:00:00,2026-05-24 16:39:00,8,0.65,0,0,Cashier,EMP-0012
SHF-0000805,EMP-0059,PH-003,2026-07-29 10:00:00,2026-07-29 18:00:00,2026-07-29 10:00:00,2026-07-29 18:34:00,8,0.57,0,0,Cashier,EMP-0047
SHF-0000806,EMP-0105,PH-005,2026-06-30 08:00:00,2026-06-30 16:00:00,2026-06-30 08:19:00,2026-06-30 15:54:00,8,0,19,6,Cashier,EMP-0089
SHF-0000807,EMP-0078,PH-004,2026-05-24 14:00:00,2026-05-24 22:00:00,2026-05-24 14:00:00,2026-05-24 22:10:00,8,0.17,0,0,Shift Supervisor,EMP-0069
SHF-0000808,EMP-0085,PH-004,2026-05-06 10:00:00,2026-05-06 18:00:00,2026-05-06 10:00:00,2026-05-06 18:37:00,8,0.62,0,0,Cashier,EMP-0069
SHF-0000809,EMP-0032,PH-002,2026-06-23 14:00:00,2026-06-23 22:00:00,2026-06-23 14:00:00,2026-06-23 21:51:00,8,0,0,9,Pharmacy Technician,EMP-0025
SHF-0000810,EMP-0102,PH-005,2026-07-11 10:00:00,2026-07-11 18:00:00,2026-07-11 10:00:00,2026-07-11 18:23:00,8,0.38,0,0,Cashier,EMP-0090
SHF-0000811,EMP-0110,PH-005,2026-05-05 12:00:00,2026-05-05 20:00:00,2026-05-05 12:00:00,2026-05-05 20:28:00,8,0.47,0,0,Inventory Associate,EMP-0100
SHF-0000812,EMP-0046,PH-003,2026-07-22 12:00:00,2026-07-22 20:00:00,2026-07-22 12:00:00,2026-07-22 20:37:00,8,0.62,0,0,Assistant Manager,EMP-0057
SHF-0000813,EMP-0084,PH-004,2026-05-18 08:00:00,2026-05-18 16:00:00,2026-05-18 08:00:00,2026-05-18 16:06:00,8,0.1,0,0,Cashier,EMP-0078
SHF-0000814,EMP-0068,PH-004,2026-07-19 10:00:00,2026-07-19 18:00:00,2026-07-19 10:00:00,2026-07-19 18:09:00,8,0.15,0,0,Assistant Manager,EMP-0069
SHF-0000815,EMP-0067,PH-004,2026-07-07 14:00:00,2026-07-07 22:00:00,2026-07-07 14:00:00,2026-07-07 22:28:00,8,0.47,0,0,Store Manager,EMP-0069
SHF-0000816,EMP-0030,PH-002,2026-06-18 10:00:00,2026-06-18 18:00:00,2026-06-18 10:10:00,2026-06-18 18:25:00,8,0.42,10,0,Pharmacy Technician,EMP-0034
SHF-0000817,EMP-0073,PH-004,2026-05-31 12:00:00,2026-05-31 20:00:00,2026-05-31 12:15:00,2026-05-31 20:09:00,8,0.15,15,0,Pharmacy Technician,EMP-0067
SHF-0000818,EMP-0089,PH-005,2026-05-28 08:00:00,2026-05-28 16:00:00,2026-05-28 08:00:00,2026-05-28 16:43:00,8,0.72,0,0,Store Manager,EMP-0090
SHF-0000819,EMP-0079,PH-004,2026-07-07 12:00:00,2026-07-07 20:00:00,2026-07-07 12:00:00,2026-07-07 19:55:00,8,0,0,5,Shift Supervisor,EMP-0078
SHF-0000820,EMP-0090,PH-005,2026-05-04 08:00:00,2026-05-04 16:00:00,2026-05-04 08:00:00,2026-05-04 15:46:00,8,0,0,14,Assistant Manager,EMP-0090
SHF-0000821,EMP-0062,PH-003,2026-05-15 08:00:00,2026-05-15 16:00:00,2026-05-15 08:00:00,2026-05-15 16:13:00,8,0.22,0,0,Cashier,EMP-0047
SHF-0000822,EMP-0054,PH-003,2026-06-13 10:00:00,2026-06-13 18:00:00,2026-06-13 10:00:00,2026-06-13 17:55:00,8,0,0,5,Pharmacy Technician,EMP-0046
SHF-0000823,EMP-0037,PH-002,2026-06-30 08:00:00,2026-06-30 16:00:00,2026-06-30 08:00:00,2026-06-30 16:28:00,8,0.47,0,0,Cashier,EMP-0034
SHF-0000824,EMP-0033,PH-002,2026-07-03 10:00:00,2026-07-03 18:00:00,2026-07-03 10:00:00,2026-07-03 18:05:00,8,0.08,0,0,Pharmacy Technician,EMP-0024
SHF-0000825,EMP-0067,PH-004,2026-06-21 08:00:00,2026-06-21 16:00:00,2026-06-21 08:00:00,2026-06-21 16:41:00,8,0.68,0,0,Store Manager,EMP-0069
SHF-0000826,EMP-0070,PH-004,2026-06-15 12:00:00,2026-06-15 20:00:00,2026-06-15 12:00:00,2026-06-15 20:14:00,8,0.23,0,0,Pharmacist,EMP-0069
SHF-0000827,EMP-0023,PH-002,2026-06-26 14:00:00,2026-06-26 22:00:00,2026-06-26 14:00:00,2026-06-26 22:41:00,8,0.68,0,0,Store Manager,EMP-0035
SHF-0000828,EMP-0022,PH-001,2026-07-27 08:00:00,2026-07-27 16:00:00,2026-07-27 08:00:00,2026-07-27 16:18:00,8,0.3,0,0,Inventory Associate,EMP-0002
SHF-0000829,EMP-0056,PH-003,2026-07-31 12:00:00,2026-07-31 20:00:00,2026-07-31 12:00:00,2026-07-31 20:25:00,8,0.42,0,0,Shift Supervisor,EMP-0045
SHF-0000830,EMP-0029,PH-002,2026-05-07 14:00:00,2026-05-07 22:00:00,2026-05-07 14:00:00,2026-05-07 21:50:00,8,0,0,10,Pharmacy Technician,EMP-0035
SHF-0000831,EMP-0005,PH-001,2026-07-20 14:00:00,2026-07-20 22:00:00,2026-07-20 14:00:00,2026-07-20 22:03:00,8,0.05,0,0,Pharmacist,EMP-0001
SHF-0000832,EMP-0089,PH-005,2026-06-21 12:00:00,2026-06-21 20:00:00,2026-06-21 12:00:00,2026-06-21 20:14:00,8,0.23,0,0,Store Manager,EMP-0101
SHF-0000833,EMP-0108,PH-005,2026-07-01 10:00:00,2026-07-01 18:00:00,2026-07-01 10:00:00,2026-07-01 17:53:00,8,0,0,7,Cashier,EMP-0089
SHF-0000834,EMP-0072,PH-004,2026-07-30 14:00:00,2026-07-30 22:00:00,2026-07-30 14:00:00,2026-07-30 22:11:00,8,0.18,0,0,Pharmacist,EMP-0068
SHF-0000835,EMP-0105,PH-005,2026-07-16 08:00:00,2026-07-16 16:00:00,2026-07-16 08:16:00,2026-07-16 16:03:00,8,0.05,16,0,Cashier,EMP-0091
SHF-0000836,EMP-0078,PH-004,2026-05-31 10:00:00,2026-05-31 18:00:00,2026-05-31 10:00:00,2026-05-31 18:36:00,8,0.6,0,0,Shift Supervisor,EMP-0078
SHF-0000837,EMP-0028,PH-002,2026-05-18 12:00:00,2026-05-18 20:00:00,2026-05-18 12:15:00,2026-05-18 20:23:00,8,0.38,15,0,Pharmacist,EMP-0025
SHF-0000838,EMP-0074,PH-004,2026-05-18 08:00:00,2026-05-18 16:00:00,2026-05-18 08:00:00,2026-05-18 16:38:00,8,0.63,0,0,Pharmacy Technician,EMP-0067
SHF-0000839,EMP-0106,PH-005,2026-07-14 12:00:00,2026-07-14 20:00:00,2026-07-14 12:00:00,2026-07-14 20:39:00,8,0.65,0,0,Cashier,EMP-0100
SHF-0000840,EMP-0106,PH-005,2026-06-16 12:00:00,2026-06-16 20:00:00,2026-06-16 12:00:00,2026-06-16 19:47:00,8,0,0,13,Cashier,EMP-0090
SHF-0000841,EMP-0064,PH-003,2026-05-24 10:00:00,2026-05-24 18:00:00,2026-05-24 10:01:00,2026-05-24 17:56:00,8,0,1,4,Cashier,EMP-0057
SHF-0000842,EMP-0061,PH-003,2026-05-16 12:00:00,2026-05-16 20:00:00,2026-05-16 12:00:00,2026-05-16 20:04:00,8,0.07,0,0,Cashier,EMP-0047
SHF-0000843,EMP-0044,PH-002,2026-07-21 12:00:00,2026-07-21 20:00:00,2026-07-21 12:20:00,2026-07-21 20:22:00,8,0.37,20,0,Inventory Associate,EMP-0023
SHF-0000844,EMP-0100,PH-005,2026-07-12 14:00:00,2026-07-12 22:00:00,2026-07-12 14:00:00,2026-07-12 21:57:00,8,0,0,3,Shift Supervisor,EMP-0101
SHF-0000845,EMP-0096,PH-005,2026-07-24 10:00:00,2026-07-24 18:00:00,2026-07-24 10:00:00,2026-07-24 18:13:00,8,0.22,0,0,Pharmacy Technician,EMP-0089
SHF-0000846,EMP-0066,PH-003,2026-05-22 10:00:00,2026-05-22 18:00:00,2026-05-22 10:00:00,2026-05-22 18:22:00,8,0.37,0,0,Inventory Associate,EMP-0047
SHF-0000847,EMP-0067,PH-004,2026-07-15 14:00:00,2026-07-15 22:00:00,2026-07-15 14:00:00,2026-07-15 21:56:00,8,0,0,4,Store Manager,EMP-0067
SHF-0000848,EMP-0004,PH-001,2026-06-17 08:00:00,2026-06-17 16:00:00,2026-06-17 08:00:00,2026-06-17 16:37:00,8,0.62,0,0,Pharmacist,EMP-0002
SHF-0000849,EMP-0074,PH-004,2026-07-15 12:00:00,2026-07-15 20:00:00,2026-07-15 12:00:00,2026-07-15 19:58:00,8,0,0,2,Pharmacy Technician,EMP-0079
SHF-0000850,EMP-0080,PH-004,2026-05-21 12:00:00,2026-05-21 20:00:00,2026-05-21 12:17:00,2026-05-21 20:15:00,8,0.25,17,0,Cashier,EMP-0067
SHF-0000851,EMP-0016,PH-001,2026-07-31 08:00:00,2026-07-31 16:00:00,2026-07-31 08:02:00,2026-07-31 16:14:00,8,0.23,2,0,Cashier,EMP-0001
SHF-0000852,EMP-0061,PH-003,2026-05-02 12:00:00,2026-05-02 20:00:00,2026-05-02 12:00:00,2026-05-02 19:47:00,8,0,0,13,Cashier,EMP-0046
SHF-0000853,EMP-0097,PH-005,2026-06-26 14:00:00,2026-06-26 22:00:00,2026-06-26 14:09:00,2026-06-26 21:45:00,8,0,9,15,Pharmacy Technician,EMP-0100
SHF-0000854,EMP-0054,PH-003,2026-05-04 10:00:00,2026-05-04 18:00:00,2026-05-04 10:00:00,2026-05-04 17:52:00,8,0,0,8,Pharmacy Technician,EMP-0046
SHF-0000855,EMP-0001,PH-001,2026-05-31 14:00:00,2026-05-31 22:00:00,2026-05-31 14:00:00,2026-05-31 22:09:00,8,0.15,0,0,Store Manager,EMP-0001
SHF-0000856,EMP-0088,PH-004,2026-05-07 14:00:00,2026-05-07 22:00:00,2026-05-07 14:00:00,2026-05-07 22:16:00,8,0.27,0,0,Inventory Associate,EMP-0078
SHF-0000857,EMP-0016,PH-001,2026-05-17 12:00:00,2026-05-17 20:00:00,2026-05-17 12:00:00,2026-05-17 20:25:00,8,0.42,0,0,Cashier,EMP-0012
SHF-0000858,EMP-0081,PH-004,2026-06-20 08:00:00,2026-06-20 16:00:00,2026-06-20 08:00:00,2026-06-20 16:18:00,8,0.3,0,0,Cashier,EMP-0078
SHF-0000859,EMP-0042,PH-002,2026-07-13 10:00:00,2026-07-13 18:00:00,2026-07-13 10:00:00,2026-07-13 18:02:00,8,0.03,0,0,Cashier,EMP-0025
SHF-0000860,EMP-0063,PH-003,2026-07-04 10:00:00,2026-07-04 18:00:00,2026-07-04 10:00:00,2026-07-04 17:52:00,8,0,0,8,Cashier,EMP-0057
SHF-0000861,EMP-0079,PH-004,2026-05-22 10:00:00,2026-05-22 18:00:00,2026-05-22 10:00:00,2026-05-22 18:22:00,8,0.37,0,0,Shift Supervisor,EMP-0078
SHF-0000862,EMP-0037,PH-002,2026-07-10 14:00:00,2026-07-10 22:00:00,2026-07-10 14:00:00,2026-07-10 22:31:00,8,0.52,0,0,Cashier,EMP-0024
SHF-0000863,EMP-0057,PH-003,2026-05-22 08:00:00,2026-05-22 16:00:00,2026-05-22 08:00:00,2026-05-22 16:36:00,8,0.6,0,0,Shift Supervisor,EMP-0046
SHF-0000864,EMP-0028,PH-002,2026-07-30 12:00:00,2026-07-30 20:00:00,2026-07-30 12:00:00,2026-07-30 19:52:00,8,0,0,8,Pharmacist,EMP-0035
SHF-0000865,EMP-0037,PH-002,2026-06-22 12:00:00,2026-06-22 20:00:00,2026-06-22 12:00:00,2026-06-22 20:31:00,8,0.52,0,0,Cashier,EMP-0024
SHF-0000866,EMP-0030,PH-002,2026-07-23 08:00:00,2026-07-23 16:00:00,2026-07-23 08:00:00,2026-07-23 16:35:00,8,0.58,0,0,Pharmacy Technician,EMP-0025
SHF-0000867,EMP-0100,PH-005,2026-07-30 12:00:00,2026-07-30 20:00:00,2026-07-30 12:00:00,2026-07-30 20:42:00,8,0.7,0,0,Shift Supervisor,EMP-0091
SHF-0000868,EMP-0053,PH-003,2026-07-31 14:00:00,2026-07-31 22:00:00,2026-07-31 14:00:00,2026-07-31 22:13:00,8,0.22,0,0,Pharmacy Technician,EMP-0047
SHF-0000869,EMP-0091,PH-005,2026-07-17 08:00:00,2026-07-17 16:00:00,2026-07-17 08:10:00,2026-07-17 16:27:00,8,0.45,10,0,Assistant Manager,EMP-0091
SHF-0000870,EMP-0003,PH-001,2026-07-30 10:00:00,2026-07-30 18:00:00,2026-07-30 10:00:00,2026-07-30 18:11:00,8,0.18,0,0,Assistant Manager,EMP-0003
SHF-0000871,EMP-0086,PH-004,2026-06-30 08:00:00,2026-06-30 16:00:00,2026-06-30 08:00:00,2026-06-30 16:28:00,8,0.47,0,0,Cashier,EMP-0068
SHF-0000872,EMP-0108,PH-005,2026-05-18 14:00:00,2026-05-18 22:00:00,2026-05-18 14:00:00,2026-05-18 21:54:00,8,0,0,6,Cashier,EMP-0089
SHF-0000873,EMP-0052,PH-003,2026-07-13 14:00:00,2026-07-13 22:00:00,2026-07-13 14:00:00,2026-07-13 22:14:00,8,0.23,0,0,Pharmacy Technician,EMP-0056
SHF-0000874,EMP-0027,PH-002,2026-06-15 12:00:00,2026-06-15 20:00:00,2026-06-15 12:00:00,2026-06-15 20:44:00,8,0.73,0,0,Pharmacist,EMP-0024
SHF-0000875,EMP-0015,PH-001,2026-07-12 14:00:00,2026-07-12 22:00:00,2026-07-12 14:00:00,2026-07-12 22:16:00,8,0.27,0,0,Cashier,EMP-0003
SHF-0000876,EMP-0039,PH-002,2026-06-03 14:00:00,2026-06-03 22:00:00,2026-06-03 14:00:00,2026-06-03 22:27:00,8,0.45,0,0,Cashier,EMP-0023
SHF-0000877,EMP-0096,PH-005,2026-07-27 10:00:00,2026-07-27 18:00:00,2026-07-27 10:00:00,2026-07-27 18:43:00,8,0.72,0,0,Pharmacy Technician,EMP-0101
SHF-0000878,EMP-0103,PH-005,2026-07-25 10:00:00,2026-07-25 18:00:00,2026-07-25 10:11:00,2026-07-25 18:39:00,8,0.65,11,0,Cashier,EMP-0089
SHF-0000879,EMP-0026,PH-002,2026-07-22 12:00:00,2026-07-22 20:00:00,2026-07-22 12:00:00,2026-07-22 20:35:00,8,0.58,0,0,Pharmacist,EMP-0023
SHF-0000880,EMP-0024,PH-002,2026-07-03 10:00:00,2026-07-03 18:00:00,2026-07-03 10:00:00,2026-07-03 18:41:00,8,0.68,0,0,Assistant Manager,EMP-0034
SHF-0000881,EMP-0040,PH-002,2026-06-28 10:00:00,2026-06-28 18:00:00,2026-06-28 10:00:00,2026-06-28 18:14:00,8,0.23,0,0,Cashier,EMP-0025
SHF-0000882,EMP-0101,PH-005,2026-05-14 14:00:00,2026-05-14 22:00:00,2026-05-14 14:05:00,2026-05-14 21:48:00,8,0,5,12,Shift Supervisor,EMP-0100
SHF-0000883,EMP-0063,PH-003,2026-05-26 14:00:00,2026-05-26 22:00:00,2026-05-26 14:00:00,2026-05-26 22:00:00,8,0,0,0,Cashier,EMP-0045
SHF-0000884,EMP-0037,PH-002,2026-05-19 14:00:00,2026-05-19 22:00:00,2026-05-19 14:00:00,2026-05-19 22:10:00,8,0.17,0,0,Cashier,EMP-0034
SHF-0000885,EMP-0102,PH-005,2026-07-19 14:00:00,2026-07-19 22:00:00,2026-07-19 14:08:00,2026-07-19 22:45:00,8,0.75,8,0,Cashier,EMP-0101
SHF-0000886,EMP-0026,PH-002,2026-06-19 14:00:00,2026-06-19 22:00:00,2026-06-19 14:00:00,2026-06-19 21:52:00,8,0,0,8,Pharmacist,EMP-0024
SHF-0000887,EMP-0068,PH-004,2026-05-23 14:00:00,2026-05-23 22:00:00,2026-05-23 14:00:00,2026-05-23 22:36:00,8,0.6,0,0,Assistant Manager,EMP-0067
SHF-0000888,EMP-0044,PH-002,2026-06-24 12:00:00,2026-06-24 20:00:00,2026-06-24 12:04:00,2026-06-24 19:55:00,8,0,4,5,Inventory Associate,EMP-0025
SHF-0000889,EMP-0012,PH-001,2026-07-04 10:00:00,2026-07-04 18:00:00,2026-07-04 10:00:00,2026-07-04 18:17:00,8,0.28,0,0,Shift Supervisor,EMP-0003
SHF-0000890,EMP-0078,PH-004,2026-06-29 14:00:00,2026-06-29 22:00:00,2026-06-29 14:00:00,2026-06-29 22:41:00,8,0.68,0,0,Shift Supervisor,EMP-0067
SHF-0000891,EMP-0063,PH-003,2026-07-10 12:00:00,2026-07-10 20:00:00,2026-07-10 12:00:00,2026-07-10 20:24:00,8,0.4,0,0,Cashier,EMP-0057
SHF-0000892,EMP-0060,PH-003,2026-06-12 12:00:00,2026-06-12 20:00:00,2026-06-12 12:00:00,2026-06-12 19:55:00,8,0,0,5,Cashier,EMP-0046
SHF-0000893,EMP-0035,PH-002,2026-06-01 12:00:00,2026-06-01 20:00:00,2026-06-01 12:00:00,2026-06-01 20:13:00,8,0.22,0,0,Shift Supervisor,EMP-0024
SHF-0000894,EMP-0093,PH-005,2026-05-19 14:00:00,2026-05-19 22:00:00,2026-05-19 14:00:00,2026-05-19 22:38:00,8,0.63,0,0,Pharmacist,EMP-0100
SHF-0000895,EMP-0097,PH-005,2026-06-28 12:00:00,2026-06-28 20:00:00,2026-06-28 12:00:00,2026-06-28 20:33:00,8,0.55,0,0,Pharmacy Technician,EMP-0089
SHF-0000896,EMP-0008,PH-001,2026-05-02 10:00:00,2026-05-02 18:00:00,2026-05-02 10:00:00,2026-05-02 18:30:00,8,0.5,0,0,Pharmacy Technician,EMP-0001
SHF-0000897,EMP-0082,PH-004,2026-05-07 14:00:00,2026-05-07 22:00:00,2026-05-07 14:10:00,2026-05-07 22:17:00,8,0.28,10,0,Cashier,EMP-0069
SHF-0000898,EMP-0045,PH-003,2026-05-22 08:00:00,2026-05-22 16:00:00,2026-05-22 08:00:00,2026-05-22 16:26:00,8,0.43,0,0,Store Manager,EMP-0045
SHF-0000899,EMP-0093,PH-005,2026-06-04 08:00:00,2026-06-04 16:00:00,2026-06-04 08:00:00,2026-06-04 16:17:00,8,0.28,0,0,Pharmacist,EMP-0101
SHF-0000900,EMP-0078,PH-004,2026-05-23 10:00:00,2026-05-23 18:00:00,2026-05-23 10:00:00,2026-05-23 18:00:00,8,0,0,0,Shift Supervisor,EMP-0079
SHF-0000901,EMP-0101,PH-005,2026-06-19 08:00:00,2026-06-19 16:00:00,2026-06-19 08:00:00,2026-06-19 16:19:00,8,0.32,0,0,Shift Supervisor,EMP-0101
SHF-0000902,EMP-0043,PH-002,2026-05-01 08:00:00,2026-05-01 16:00:00,2026-05-01 08:00:00,2026-05-01 16:29:00,8,0.48,0,0,Inventory Associate,EMP-0034
SHF-0000903,EMP-0095,PH-005,2026-06-26 10:00:00,2026-06-26 18:00:00,2026-06-26 10:00:00,2026-06-26 18:22:00,8,0.37,0,0,Pharmacy Technician,EMP-0091
SHF-0000904,EMP-0104,PH-005,2026-06-25 14:00:00,2026-06-25 22:00:00,2026-06-25 14:00:00,2026-06-25 22:40:00,8,0.67,0,0,Cashier,EMP-0089
SHF-0000905,EMP-0015,PH-001,2026-07-04 08:00:00,2026-07-04 16:00:00,2026-07-04 08:00:00,2026-07-04 16:14:00,8,0.23,0,0,Cashier,EMP-0002
SHF-0000906,EMP-0044,PH-002,2026-07-18 08:00:00,2026-07-18 16:00:00,2026-07-18 08:00:00,2026-07-18 16:37:00,8,0.62,0,0,Inventory Associate,EMP-0025
SHF-0000907,EMP-0021,PH-001,2026-06-10 14:00:00,2026-06-10 22:00:00,2026-06-10 14:07:00,2026-06-10 22:36:00,8,0.6,7,0,Inventory Associate,EMP-0002
SHF-0000908,EMP-0030,PH-002,2026-06-09 14:00:00,2026-06-09 22:00:00,2026-06-09 14:00:00,2026-06-09 22:28:00,8,0.47,0,0,Pharmacy Technician,EMP-0034
SHF-0000909,EMP-0048,PH-003,2026-07-12 12:00:00,2026-07-12 20:00:00,2026-07-12 12:00:00,2026-07-12 19:58:00,8,0,0,2,Pharmacist,EMP-0056
SHF-0000910,EMP-0018,PH-001,2026-05-18 10:00:00,2026-05-18 18:00:00,2026-05-18 10:00:00,2026-05-18 18:37:00,8,0.62,0,0,Cashier,EMP-0001
SHF-0000911,EMP-0103,PH-005,2026-05-14 12:00:00,2026-05-14 20:00:00,2026-05-14 12:03:00,2026-05-14 19:59:00,8,0,3,1,Cashier,EMP-0089
SHF-0000912,EMP-0058,PH-003,2026-07-26 12:00:00,2026-07-26 20:00:00,2026-07-26 12:00:00,2026-07-26 19:46:00,8,0,0,14,Cashier,EMP-0056
SHF-0000913,EMP-0110,PH-005,2026-07-08 12:00:00,2026-07-08 20:00:00,2026-07-08 12:00:00,2026-07-08 20:22:00,8,0.37,0,0,Inventory Associate,EMP-0101
SHF-0000914,EMP-0084,PH-004,2026-05-15 12:00:00,2026-05-15 20:00:00,2026-05-15 12:08:00,2026-05-15 19:47:00,8,0,8,13,Cashier,EMP-0078
SHF-0000915,EMP-0069,PH-004,2026-05-05 10:00:00,2026-05-05 18:00:00,2026-05-05 10:00:00,2026-05-05 18:08:00,8,0.13,0,0,Assistant Manager,EMP-0078
SHF-0000916,EMP-0008,PH-001,2026-05-11 08:00:00,2026-05-11 16:00:00,2026-05-11 08:11:00,2026-05-11 16:00:00,8,0,11,0,Pharmacy Technician,EMP-0003
SHF-0000917,EMP-0100,PH-005,2026-07-10 14:00:00,2026-07-10 22:00:00,2026-07-10 14:00:00,2026-07-10 22:45:00,8,0.75,0,0,Shift Supervisor,EMP-0089
SHF-0000918,EMP-0012,PH-001,2026-05-07 10:00:00,2026-05-07 18:00:00,2026-05-07 10:00:00,2026-05-07 18:15:00,8,0.25,0,0,Shift Supervisor,EMP-0001
SHF-0000919,EMP-0028,PH-002,2026-05-22 12:00:00,2026-05-22 20:00:00,2026-05-22 12:00:00,2026-05-22 19:53:00,8,0,0,7,Pharmacist,EMP-0024
SHF-0000920,EMP-0041,PH-002,2026-05-01 14:00:00,2026-05-01 22:00:00,2026-05-01 14:00:00,2026-05-01 22:42:00,8,0.7,0,0,Cashier,EMP-0023
SHF-0000921,EMP-0035,PH-002,2026-05-22 10:00:00,2026-05-22 18:00:00,2026-05-22 10:00:00,2026-05-22 18:00:00,8,0,0,0,Shift Supervisor,EMP-0024
SHF-0000922,EMP-0020,PH-001,2026-06-18 12:00:00,2026-06-18 20:00:00,2026-06-18 12:10:00,2026-06-18 19:54:00,8,0,10,6,Cashier,EMP-0002
SHF-0000923,EMP-0076,PH-004,2026-05-19 12:00:00,2026-05-19 20:00:00,2026-05-19 12:00:00,2026-05-19 20:18:00,8,0.3,0,0,Pharmacy Technician,EMP-0069
SHF-0000924,EMP-0081,PH-004,2026-06-17 14:00:00,2026-06-17 22:00:00,2026-06-17 14:00:00,2026-06-17 21:52:00,8,0,0,8,Cashier,EMP-0068
SHF-0000925,EMP-0010,PH-001,2026-05-15 08:00:00,2026-05-15 16:00:00,2026-05-15 08:00:00,2026-05-15 16:04:00,8,0.07,0,0,Pharmacy Technician,EMP-0012
SHF-0000926,EMP-0073,PH-004,2026-07-09 10:00:00,2026-07-09 18:00:00,2026-07-09 10:00:00,2026-07-09 18:29:00,8,0.48,0,0,Pharmacy Technician,EMP-0079
SHF-0000927,EMP-0101,PH-005,2026-05-02 08:00:00,2026-05-02 16:00:00,2026-05-02 08:00:00,2026-05-02 16:00:00,8,0,0,0,Shift Supervisor,EMP-0091
SHF-0000928,EMP-0041,PH-002,2026-06-20 08:00:00,2026-06-20 16:00:00,2026-06-20 08:00:00,2026-06-20 16:36:00,8,0.6,0,0,Cashier,EMP-0025
SHF-0000929,EMP-0012,PH-001,2026-07-12 08:00:00,2026-07-12 16:00:00,2026-07-12 08:00:00,2026-07-12 16:23:00,8,0.38,0,0,Shift Supervisor,EMP-0012
SHF-0000930,EMP-0008,PH-001,2026-06-12 14:00:00,2026-06-12 22:00:00,2026-06-12 14:00:00,2026-06-12 21:59:00,8,0,0,1,Pharmacy Technician,EMP-0012
SHF-0000931,EMP-0022,PH-001,2026-05-13 10:00:00,2026-05-13 18:00:00,2026-05-13 10:00:00,2026-05-13 18:19:00,8,0.32,0,0,Inventory Associate,EMP-0012
SHF-0000932,EMP-0108,PH-005,2026-05-15 14:00:00,2026-05-15 22:00:00,2026-05-15 14:00:00,2026-05-15 22:36:00,8,0.6,0,0,Cashier,EMP-0090
SHF-0000933,EMP-0008,PH-001,2026-05-16 08:00:00,2026-05-16 16:00:00,2026-05-16 08:00:00,2026-05-16 16:20:00,8,0.33,0,0,Pharmacy Technician,EMP-0002
SHF-0000934,EMP-0100,PH-005,2026-06-25 08:00:00,2026-06-25 16:00:00,2026-06-25 08:00:00,2026-06-25 16:38:00,8,0.63,0,0,Shift Supervisor,EMP-0100
SHF-0000935,EMP-0073,PH-004,2026-07-06 08:00:00,2026-07-06 16:00:00,2026-07-06 08:00:00,2026-07-06 16:09:00,8,0.15,0,0,Pharmacy Technician,EMP-0069
SHF-0000936,EMP-0017,PH-001,2026-05-04 14:00:00,2026-05-04 22:00:00,2026-05-04 14:00:00,2026-05-04 22:05:00,8,0.08,0,0,Cashier,EMP-0003
SHF-0000937,EMP-0058,PH-003,2026-07-18 14:00:00,2026-07-18 22:00:00,2026-07-18 14:00:00,2026-07-18 22:18:00,8,0.3,0,0,Cashier,EMP-0046
SHF-0000938,EMP-0037,PH-002,2026-06-17 10:00:00,2026-06-17 18:00:00,2026-06-17 10:00:00,2026-06-17 18:25:00,8,0.42,0,0,Cashier,EMP-0023
SHF-0000939,EMP-0032,PH-002,2026-07-02 10:00:00,2026-07-02 18:00:00,2026-07-02 10:00:00,2026-07-02 17:48:00,8,0,0,12,Pharmacy Technician,EMP-0025
SHF-0000940,EMP-0040,PH-002,2026-05-08 08:00:00,2026-05-08 16:00:00,2026-05-08 08:00:00,2026-05-08 16:06:00,8,0.1,0,0,Cashier,EMP-0035
SHF-0000941,EMP-0092,PH-005,2026-06-07 08:00:00,2026-06-07 16:00:00,2026-06-07 08:00:00,2026-06-07 16:41:00,8,0.68,0,0,Pharmacist,EMP-0100
SHF-0000942,EMP-0021,PH-001,2026-05-07 10:00:00,2026-05-07 18:00:00,2026-05-07 10:00:00,2026-05-07 18:38:00,8,0.63,0,0,Inventory Associate,EMP-0002
SHF-0000943,EMP-0019,PH-001,2026-06-20 10:00:00,2026-06-20 18:00:00,2026-06-20 10:15:00,2026-06-20 18:05:00,8,0.08,15,0,Cashier,EMP-0012
SHF-0000944,EMP-0020,PH-001,2026-05-23 08:00:00,2026-05-23 16:00:00,2026-05-23 08:00:00,2026-05-23 16:32:00,8,0.53,0,0,Cashier,EMP-0001
SHF-0000945,EMP-0066,PH-003,2026-06-16 14:00:00,2026-06-16 22:00:00,2026-06-16 14:00:00,2026-06-16 22:12:00,8,0.2,0,0,Inventory Associate,EMP-0056
SHF-0000946,EMP-0086,PH-004,2026-06-13 10:00:00,2026-06-13 18:00:00,2026-06-13 10:00:00,2026-06-13 17:46:00,8,0,0,14,Cashier,EMP-0069
SHF-0000947,EMP-0069,PH-004,2026-07-23 14:00:00,2026-07-23 22:00:00,2026-07-23 14:09:00,2026-07-23 22:43:00,8,0.72,9,0,Assistant Manager,EMP-0069
SHF-0000948,EMP-0017,PH-001,2026-06-04 14:00:00,2026-06-04 22:00:00,2026-06-04 14:14:00,2026-06-04 21:53:00,8,0,14,7,Cashier,EMP-0013
SHF-0000949,EMP-0099,PH-005,2026-06-08 10:00:00,2026-06-08 18:00:00,2026-06-08 10:00:00,2026-06-08 18:15:00,8,0.25,0,0,Pharmacy Technician,EMP-0101
SHF-0000950,EMP-0058,PH-003,2026-05-28 12:00:00,2026-05-28 20:00:00,2026-05-28 12:00:00,2026-05-28 20:15:00,8,0.25,0,0,Cashier,EMP-0057
SHF-0000951,EMP-0091,PH-005,2026-07-24 12:00:00,2026-07-24 20:00:00,2026-07-24 12:15:00,2026-07-24 20:10:00,8,0.17,15,0,Assistant Manager,EMP-0089
SHF-0000952,EMP-0008,PH-001,2026-06-24 10:00:00,2026-06-24 18:00:00,2026-06-24 10:07:00,2026-06-24 17:58:00,8,0,7,2,Pharmacy Technician,EMP-0003
SHF-0000953,EMP-0070,PH-004,2026-05-12 12:00:00,2026-05-12 20:00:00,2026-05-12 12:00:00,2026-05-12 20:16:00,8,0.27,0,0,Pharmacist,EMP-0069
SHF-0000954,EMP-0026,PH-002,2026-05-12 08:00:00,2026-05-12 16:00:00,2026-05-12 08:16:00,2026-05-12 16:03:00,8,0.05,16,0,Pharmacist,EMP-0024
SHF-0000955,EMP-0079,PH-004,2026-05-01 14:00:00,2026-05-01 22:00:00,2026-05-01 14:00:00,2026-05-01 22:39:00,8,0.65,0,0,Shift Supervisor,EMP-0068
SHF-0000956,EMP-0057,PH-003,2026-07-20 14:00:00,2026-07-20 22:00:00,2026-07-20 14:16:00,2026-07-20 22:10:00,8,0.17,16,0,Shift Supervisor,EMP-0047
SHF-0000957,EMP-0094,PH-005,2026-07-08 14:00:00,2026-07-08 22:00:00,2026-07-08 14:00:00,2026-07-08 22:42:00,8,0.7,0,0,Pharmacist,EMP-0100
SHF-0000958,EMP-0002,PH-001,2026-05-27 12:00:00,2026-05-27 20:00:00,2026-05-27 12:00:00,2026-05-27 20:38:00,8,0.63,0,0,Assistant Manager,EMP-0001
SHF-0000959,EMP-0090,PH-005,2026-06-22 08:00:00,2026-06-22 16:00:00,2026-06-22 08:03:00,2026-06-22 16:39:00,8,0.65,3,0,Assistant Manager,EMP-0090
SHF-0000960,EMP-0082,PH-004,2026-05-11 10:00:00,2026-05-11 18:00:00,2026-05-11 10:00:00,2026-05-11 18:30:00,8,0.5,0,0,Cashier,EMP-0067
SHF-0000961,EMP-0027,PH-002,2026-07-21 10:00:00,2026-07-21 18:00:00,2026-07-21 10:00:00,2026-07-21 17:56:00,8,0,0,4,Pharmacist,EMP-0035
SHF-0000962,EMP-0068,PH-004,2026-05-13 12:00:00,2026-05-13 20:00:00,2026-05-13 12:00:00,2026-05-13 20:09:00,8,0.15,0,0,Assistant Manager,EMP-0068
SHF-0000963,EMP-0050,PH-003,2026-05-26 14:00:00,2026-05-26 22:00:00,2026-05-26 14:13:00,2026-05-26 22:45:00,8,0.75,13,0,Pharmacist,EMP-0047
SHF-0000964,EMP-0040,PH-002,2026-05-19 10:00:00,2026-05-19 18:00:00,2026-05-19 10:00:00,2026-05-19 17:58:00,8,0,0,2,Cashier,EMP-0035
SHF-0000965,EMP-0109,PH-005,2026-05-03 14:00:00,2026-05-03 22:00:00,2026-05-03 14:18:00,2026-05-03 22:22:00,8,0.37,18,0,Inventory Associate,EMP-0090
SHF-0000966,EMP-0030,PH-002,2026-05-28 12:00:00,2026-05-28 20:00:00,2026-05-28 12:00:00,2026-05-28 20:22:00,8,0.37,0,0,Pharmacy Technician,EMP-0035
SHF-0000967,EMP-0013,PH-001,2026-06-27 14:00:00,2026-06-27 22:00:00,2026-06-27 14:00:00,2026-06-27 21:57:00,8,0,0,3,Shift Supervisor,EMP-0001
SHF-0000968,EMP-0102,PH-005,2026-07-30 10:00:00,2026-07-30 18:00:00,2026-07-30 10:00:00,2026-07-30 17:50:00,8,0,0,10,Cashier,EMP-0091
SHF-0000969,EMP-0107,PH-005,2026-07-04 12:00:00,2026-07-04 20:00:00,2026-07-04 12:00:00,2026-07-04 20:05:00,8,0.08,0,0,Cashier,EMP-0090
SHF-0000970,EMP-0065,PH-003,2026-07-17 12:00:00,2026-07-17 20:00:00,2026-07-17 12:00:00,2026-07-17 20:00:00,8,0,0,0,Inventory Associate,EMP-0047
SHF-0000971,EMP-0055,PH-003,2026-07-05 14:00:00,2026-07-05 22:00:00,2026-07-05 14:00:00,2026-07-05 22:20:00,8,0.33,0,0,Pharmacy Technician,EMP-0046
SHF-0000972,EMP-0094,PH-005,2026-07-14 12:00:00,2026-07-14 20:00:00,2026-07-14 12:00:00,2026-07-14 20:41:00,8,0.68,0,0,Pharmacist,EMP-0100
SHF-0000973,EMP-0020,PH-001,2026-05-08 12:00:00,2026-05-08 20:00:00,2026-05-08 12:00:00,2026-05-08 20:01:00,8,0.02,0,0,Cashier,EMP-0012
SHF-0000974,EMP-0042,PH-002,2026-06-04 08:00:00,2026-06-04 16:00:00,2026-06-04 08:00:00,2026-06-04 16:19:00,8,0.32,0,0,Cashier,EMP-0025
SHF-0000975,EMP-0105,PH-005,2026-06-02 14:00:00,2026-06-02 22:00:00,2026-06-02 14:00:00,2026-06-02 22:21:00,8,0.35,0,0,Cashier,EMP-0090
SHF-0000976,EMP-0059,PH-003,2026-06-17 14:00:00,2026-06-17 22:00:00,2026-06-17 14:00:00,2026-06-17 21:45:00,8,0,0,15,Cashier,EMP-0045
SHF-0000977,EMP-0041,PH-002,2026-07-12 12:00:00,2026-07-12 20:00:00,2026-07-12 12:02:00,2026-07-12 20:09:00,8,0.15,2,0,Cashier,EMP-0034
SHF-0000978,EMP-0061,PH-003,2026-07-26 14:00:00,2026-07-26 22:00:00,2026-07-26 14:14:00,2026-07-26 21:59:00,8,0,14,1,Cashier,EMP-0056
SHF-0000979,EMP-0077,PH-004,2026-07-05 08:00:00,2026-07-05 16:00:00,2026-07-05 08:00:00,2026-07-05 15:59:00,8,0,0,1,Pharmacy Technician,EMP-0069
SHF-0000980,EMP-0070,PH-004,2026-05-18 10:00:00,2026-05-18 18:00:00,2026-05-18 10:00:00,2026-05-18 18:40:00,8,0.67,0,0,Pharmacist,EMP-0069
SHF-0000981,EMP-0072,PH-004,2026-05-29 10:00:00,2026-05-29 18:00:00,2026-05-29 10:00:00,2026-05-29 18:25:00,8,0.42,0,0,Pharmacist,EMP-0067
SHF-0000982,EMP-0067,PH-004,2026-07-01 10:00:00,2026-07-01 18:00:00,2026-07-01 10:00:00,2026-07-01 17:54:00,8,0,0,6,Store Manager,EMP-0079
SHF-0000983,EMP-0013,PH-001,2026-07-16 14:00:00,2026-07-16 22:00:00,2026-07-16 14:00:00,2026-07-16 22:08:00,8,0.13,0,0,Shift Supervisor,EMP-0012
SHF-0000984,EMP-0068,PH-004,2026-06-06 08:00:00,2026-06-06 16:00:00,2026-06-06 08:00:00,2026-06-06 16:05:00,8,0.08,0,0,Assistant Manager,EMP-0078
SHF-0000985,EMP-0046,PH-003,2026-05-17 14:00:00,2026-05-17 22:00:00,2026-05-17 14:06:00,2026-05-17 22:21:00,8,0.35,6,0,Assistant Manager,EMP-0057
SHF-0000986,EMP-0038,PH-002,2026-05-25 10:00:00,2026-05-25 18:00:00,2026-05-25 10:00:00,2026-05-25 18:27:00,8,0.45,0,0,Cashier,EMP-0024
SHF-0000987,EMP-0068,PH-004,2026-07-10 14:00:00,2026-07-10 22:00:00,2026-07-10 14:17:00,2026-07-10 22:39:00,8,0.65,17,0,Assistant Manager,EMP-0067
SHF-0000988,EMP-0088,PH-004,2026-05-30 08:00:00,2026-05-30 16:00:00,2026-05-30 08:00:00,2026-05-30 16:19:00,8,0.32,0,0,Inventory Associate,EMP-0067
SHF-0000989,EMP-0051,PH-003,2026-05-06 08:00:00,2026-05-06 16:00:00,2026-05-06 08:00:00,2026-05-06 16:12:00,8,0.2,0,0,Pharmacy Technician,EMP-0047
SHF-0000990,EMP-0031,PH-002,2026-07-30 08:00:00,2026-07-30 16:00:00,2026-07-30 08:00:00,2026-07-30 16:01:00,8,0.02,0,0,Pharmacy Technician,EMP-0023
SHF-0000991,EMP-0034,PH-002,2026-07-10 10:00:00,2026-07-10 18:00:00,2026-07-10 10:00:00,2026-07-10 18:26:00,8,0.43,0,0,Shift Supervisor,EMP-0023
SHF-0000992,EMP-0072,PH-004,2026-07-15 10:00:00,2026-07-15 18:00:00,2026-07-15 10:00:00,2026-07-15 17:54:00,8,0,0,6,Pharmacist,EMP-0068
SHF-0000993,EMP-0029,PH-002,2026-05-16 10:00:00,2026-05-16 18:00:00,2026-05-16 10:00:00,2026-05-16 18:07:00,8,0.12,0,0,Pharmacy Technician,EMP-0024
SHF-0000994,EMP-0083,PH-004,2026-07-24 08:00:00,2026-07-24 16:00:00,2026-07-24 08:00:00,2026-07-24 15:55:00,8,0,0,5,Cashier,EMP-0069
SHF-0000995,EMP-0102,PH-005,2026-05-26 14:00:00,2026-05-26 22:00:00,2026-05-26 14:00:00,2026-05-26 22:17:00,8,0.28,0,0,Cashier,EMP-0090
SHF-0000996,EMP-0062,PH-003,2026-06-11 12:00:00,2026-06-11 20:00:00,2026-06-11 12:00:00,2026-06-11 20:16:00,8,0.27,0,0,Cashier,EMP-0057
SHF-0000997,EMP-0010,PH-001,2026-05-19 12:00:00,2026-05-19 20:00:00,2026-05-19 12:00:00,2026-05-19 19:55:00,8,0,0,5,Pharmacy Technician,EMP-0013
SHF-0000998,EMP-0045,PH-003,2026-07-17 10:00:00,2026-07-17 18:00:00,2026-07-17 10:14:00,2026-07-17 17:58:00,8,0,14,2,Store Manager,EMP-0045
SHF-0000999,EMP-0027,PH-002,2026-06-16 12:00:00,2026-06-16 20:00:00,2026-06-16 12:00:00,2026-06-16 20:37:00,8,0.62,0,0,Pharmacist,EMP-0035
SHF-0001000,EMP-0040,PH-002,2026-07-20 14:00:00,2026-07-20 22:00:00,2026-07-20 14:00:00,2026-07-20 22:25:00,8,0.42,0,0,Cashier,EMP-0023
