claim_id,prescription_id,store_id,payer_name,submitted_datetime,claim_amount,approved_amount,customer_amount,claim_status,rejection_code,resubmission_count,resolved_datetime
CLM-0000001,RX-0000001,PH-002,HealthPlan TX,2026-07-29 15:05:43,37.87,25.9,11.97,Approved,,0,2026-07-29 15:20:43
CLM-0000002,RX-0000002,PH-003,HealthPlan TX,2026-05-14 12:04:59,38.3,32.82,5.48,Approved,,0,2026-05-14 12:38:59
CLM-0000003,RX-0000003,PH-001,United Mock,2026-05-06 17:55:18,15.6,11.71,3.89,Approved,,0,2026-05-06 18:10:18
CLM-0000004,RX-0000004,PH-002,PayerOne,2026-05-13 20:42:53,16.68,13.35,3.33,Approved,,0,2026-05-13 21:01:53
CLM-0000005,RX-0000005,PH-005,HealthPlan TX,2026-07-15 16:04:12,100.3,88.46,11.84,Approved,,0,2026-07-15 16:34:12
CLM-0000006,RX-0000006,PH-001,PayerOne,2026-05-20 10:16:35,17.72,12.77,4.95,Approved,,0,2026-05-20 10:50:35
CLM-0000007,RX-0000007,PH-002,Care Network,2026-06-08 08:09:17,16.65,13.87,2.78,Approved,,0,2026-06-08 08:31:17
CLM-0000008,RX-0000008,PH-002,United Mock,2026-05-19 14:02:03,41.2,36.81,4.39,Approved,,0,2026-05-19 14:15:03
CLM-0000009,RX-0000009,PH-005,United Mock,2026-07-01 21:22:34,101.3,88.8,12.5,Approved,,0,2026-07-01 21:49:34
CLM-0000010,RX-0000010,PH-001,PayerOne,2026-07-30 10:20:08,57.25,48.07,9.18,Approved,,0,2026-07-30 11:01:08
CLM-0000011,RX-0000011,PH-005,PayerOne,2026-06-03 13:29:53,8.93,5.49,3.44,Approved,,0,2026-06-03 14:00:53
CLM-0000012,RX-0000012,PH-002,Care Network,2026-06-06 14:46:23,21.13,14.59,6.54,Approved,,0,2026-06-06 15:08:23
CLM-0000013,RX-0000013,PH-002,HealthPlan TX,2026-05-06 20:33:53,25.22,18.31,6.91,Approved,,0,2026-05-06 21:16:53
CLM-0000014,RX-0000014,PH-001,PayerOne,2026-07-23 14:48:47,88.74,81.22,7.52,Approved,,0,2026-07-23 15:17:47
CLM-0000015,RX-0000015,PH-003,Care Network,2026-06-29 21:25:05,118.21,92.7,25.51,Approved,,0,2026-06-29 21:58:05
CLM-0000016,RX-0000016,PH-003,PayerOne,2026-07-25 16:58:21,90.96,76.72,14.24,Approved,,0,2026-07-25 17:41:21
CLM-0000017,RX-0000017,PH-002,United Mock,2026-05-20 12:15:33,65.02,44.5,20.52,Approved,,0,2026-05-20 12:57:33
CLM-0000018,RX-0000018,PH-003,United Mock,2026-06-05 14:04:20,26.72,20.75,5.97,Approved,,0,2026-06-05 14:33:20
CLM-0000019,RX-0000019,PH-005,HealthPlan TX,2026-07-29 13:01:03,91.01,0,31.49,Rejected,E14,2,2026-07-31 00:01:03
CLM-0000020,RX-0000020,PH-003,Care Network,2026-06-12 17:37:12,30.06,27.07,2.99,Approved,,0,2026-06-12 17:56:12
CLM-0000021,RX-0000021,PH-004,PayerOne,2026-06-10 19:38:02,120.54,0,21.15,Rejected,E22,1,2026-06-12 05:38:02
CLM-0000022,RX-0000022,PH-003,PayerOne,2026-06-25 20:20:04,100.37,88.92,11.45,Approved,,0,2026-06-25 21:01:04
CLM-0000023,RX-0000023,PH-003,Care Network,2026-06-17 08:51:39,81.89,68.08,13.81,Approved,,0,2026-06-17 09:36:39
CLM-0000024,RX-0000024,PH-005,PayerOne,2026-05-29 12:33:03,60.69,44.22,16.47,Approved,,0,2026-05-29 12:43:03
CLM-0000025,RX-0000025,PH-001,United Mock,2026-06-06 19:13:26,21.76,17.64,4.12,Approved,,0,2026-06-06 19:42:26
CLM-0000026,RX-0000026,PH-005,HealthPlan TX,2026-07-06 18:24:00,37.21,35.04,2.17,Approved,,0,2026-07-06 18:32:00
CLM-0000027,RX-0000027,PH-003,Care Network,2026-05-21 09:52:18,27.9,17.16,10.74,Approved,,0,2026-05-21 10:36:18
CLM-0000028,RX-0000028,PH-002,United Mock,2026-05-22 16:07:31,52.61,37.85,14.76,Approved,,0,2026-05-22 16:38:31
CLM-0000029,RX-0000029,PH-001,HealthPlan TX,2026-06-01 15:19:28,17.88,0,5.94,Rejected,E31,1,2026-06-03 01:19:28
CLM-0000030,RX-0000030,PH-001,PayerOne,2026-07-08 11:23:45,30.02,24.73,5.29,Approved,,0,2026-07-08 12:01:45
CLM-0000031,RX-0000031,PH-003,United Mock,2026-07-12 18:44:50,30.29,22.74,7.55,Approved,,0,2026-07-12 19:02:50
CLM-0000032,RX-0000032,PH-003,Care Network,2026-07-21 08:50:54,19.7,13.06,6.64,Approved,,0,2026-07-21 09:38:54
CLM-0000033,RX-0000033,PH-004,United Mock,2026-07-05 08:53:48,15.52,10.49,5.03,Approved,,0,2026-07-05 09:27:48
CLM-0000034,RX-0000034,PH-004,PayerOne,2026-05-05 09:37:18,89.81,80.6,9.21,Approved,,0,2026-05-05 10:15:18
CLM-0000035,RX-0000035,PH-002,United Mock,2026-05-03 09:20:28,154.13,139.05,15.08,Approved,,0,2026-05-03 09:58:28
CLM-0000036,RX-0000036,PH-004,HealthPlan TX,2026-07-03 20:53:59,70.28,62.23,8.05,Approved,,0,2026-07-03 21:15:59
CLM-0000037,RX-0000037,PH-004,United Mock,2026-07-15 10:02:57,60.83,49.13,11.7,Approved,,0,2026-07-15 10:42:57
CLM-0000038,RX-0000038,PH-002,Care Network,2026-06-02 08:34:20,129.66,108.99,20.67,Approved,,0,2026-06-02 08:59:20
CLM-0000039,RX-0000039,PH-001,HealthPlan TX,2026-06-13 12:01:02,68.51,53.91,14.6,Approved,,0,2026-06-13 12:15:02
CLM-0000040,RX-0000040,PH-002,PayerOne,2026-06-15 19:51:04,51.64,44.21,7.43,Approved,,0,2026-06-15 20:21:04
CLM-0000041,RX-0000041,PH-002,Care Network,2026-07-30 15:09:02,33.59,27.38,6.21,Approved,,0,2026-07-30 15:25:02
CLM-0000042,RX-0000042,PH-002,United Mock,2026-07-14 16:06:40,75.32,58.92,16.4,Approved,,0,2026-07-14 16:23:40
CLM-0000043,RX-0000043,PH-004,United Mock,2026-06-02 17:07:35,39.46,0,9.53,Rejected,E22,0,2026-06-04 05:07:35
CLM-0000044,RX-0000044,PH-004,Care Network,2026-07-04 19:14:10,43.23,31.21,12.02,Approved,,0,2026-07-04 19:48:10
CLM-0000045,RX-0000045,PH-004,United Mock,2026-07-23 09:37:15,16.65,12.28,4.37,Approved,,0,2026-07-23 10:00:15
CLM-0000046,RX-0000046,PH-002,HealthPlan TX,2026-07-28 15:44:51,12.27,10.89,1.38,Approved,,0,2026-07-28 16:22:51
CLM-0000047,RX-0000047,PH-004,Care Network,2026-07-09 12:23:02,53.08,36.59,16.49,Approved,,0,2026-07-09 13:13:02
CLM-0000048,RX-0000048,PH-001,United Mock,2026-07-14 15:43:31,64.48,56.51,7.97,Approved,,0,2026-07-14 16:20:31
CLM-0000049,RX-0000049,PH-005,Care Network,2026-06-18 09:49:53,68.26,54.15,14.11,Approved,,0,2026-06-18 10:33:53
CLM-0000050,RX-0000050,PH-001,Care Network,2026-07-20 21:35:48,55.43,36.81,18.62,Approved,,0,2026-07-20 21:57:48
CLM-0000051,RX-0000051,PH-003,United Mock,2026-05-02 09:16:50,16.4,12.96,3.44,Approved,,0,2026-05-02 09:29:50
CLM-0000052,RX-0000052,PH-003,HealthPlan TX,2026-05-09 13:30:40,68.64,65.15,3.49,Approved,,0,2026-05-09 14:04:40
CLM-0000053,RX-0000053,PH-001,PayerOne,2026-05-12 21:53:00,35.94,26.81,9.13,Approved,,0,2026-05-12 22:09:00
CLM-0000054,RX-0000054,PH-004,United Mock,2026-05-30 14:36:45,44.32,35.85,8.47,Approved,,0,2026-05-30 15:11:45
CLM-0000055,RX-0000055,PH-004,HealthPlan TX,2026-05-12 10:38:41,77.57,70.79,6.78,Approved,,0,2026-05-12 11:17:41
CLM-0000056,RX-0000056,PH-003,Care Network,2026-05-29 10:26:55,73.43,67.91,5.52,Approved,,0,2026-05-29 10:41:55
CLM-0000057,RX-0000057,PH-002,United Mock,2026-07-30 17:04:53,25.56,24.28,1.28,Approved,,0,2026-07-30 17:40:53
CLM-0000058,RX-0000058,PH-001,Care Network,2026-07-10 20:00:29,21.42,20.18,1.24,Approved,,0,2026-07-10 20:24:29
CLM-0000059,RX-0000059,PH-001,HealthPlan TX,2026-06-18 10:19:58,14.86,10.44,4.42,Approved,,0,2026-06-18 10:47:58
CLM-0000060,RX-0000060,PH-005,United Mock,2026-05-31 14:14:21,108.27,80.82,27.45,Approved,,0,2026-05-31 14:29:21
CLM-0000061,RX-0000061,PH-002,United Mock,2026-06-19 18:11:02,31.9,21.55,10.35,Approved,,0,2026-06-19 18:53:02
CLM-0000062,RX-0000062,PH-002,HealthPlan TX,2026-07-30 09:33:41,6.19,4.64,1.55,Approved,,0,2026-07-30 09:56:41
CLM-0000063,RX-0000063,PH-002,Care Network,2026-06-13 21:01:49,54.31,0,10.71,Rejected,E22,0,2026-06-16 12:01:49
CLM-0000064,RX-0000064,PH-005,PayerOne,2026-05-07 16:25:47,30.52,26.97,3.55,Approved,,0,2026-05-07 17:06:47
CLM-0000065,RX-0000065,PH-001,Care Network,2026-05-27 21:15:21,70.13,53.92,16.21,Approved,,0,2026-05-27 22:05:21
CLM-0000066,RX-0000066,PH-005,PayerOne,2026-06-12 15:09:04,62.79,43.54,19.25,Approved,,0,2026-06-12 15:26:04
CLM-0000067,RX-0000067,PH-001,HealthPlan TX,2026-07-23 19:19:43,35.82,33.45,2.37,Approved,,0,2026-07-23 19:24:43
CLM-0000068,RX-0000068,PH-002,PayerOne,2026-07-11 14:32:45,88.31,74.63,13.68,Approved,,0,2026-07-11 15:02:45
CLM-0000069,RX-0000069,PH-002,Care Network,2026-06-23 17:36:45,77.58,54.68,22.9,Approved,,0,2026-06-23 18:08:45
CLM-0000070,RX-0000070,PH-002,HealthPlan TX,2026-07-18 10:15:34,55.74,37.24,18.5,Approved,,0,2026-07-18 10:47:34
CLM-0000071,RX-0000071,PH-003,HealthPlan TX,2026-06-30 10:27:27,48.21,40.82,7.39,Approved,,0,2026-06-30 11:04:27
CLM-0000072,RX-0000072,PH-002,United Mock,2026-06-03 09:28:20,38.44,30.85,7.59,Approved,,0,2026-06-03 09:54:20
CLM-0000073,RX-0000073,PH-005,PayerOne,2026-06-24 17:43:42,34.28,32.49,1.79,Approved,,0,2026-06-24 18:16:42
CLM-0000074,RX-0000074,PH-001,HealthPlan TX,2026-07-05 19:27:55,19.49,12.07,7.42,Approved,,0,2026-07-05 20:16:55
CLM-0000075,RX-0000075,PH-002,Care Network,2026-05-04 09:08:01,100.88,72.43,28.45,Approved,,0,2026-05-04 09:28:01
CLM-0000076,RX-0000076,PH-002,Care Network,2026-07-24 18:53:29,48.42,31.89,16.53,Approved,,0,2026-07-24 19:17:29
CLM-0000077,RX-0000077,PH-002,PayerOne,2026-07-20 17:42:24,84.63,76.21,8.42,Approved,,0,2026-07-20 18:28:24
CLM-0000078,RX-0000078,PH-004,Care Network,2026-06-15 09:10:21,101.01,74.23,26.78,Approved,,0,2026-06-15 09:46:21
CLM-0000079,RX-0000079,PH-004,PayerOne,2026-05-30 09:54:12,44.63,27.32,17.31,Approved,,0,2026-05-30 10:01:12
CLM-0000080,RX-0000080,PH-002,Care Network,2026-07-23 20:23:11,45.94,36.45,9.49,Approved,,0,2026-07-23 20:39:11
CLM-0000081,RX-0000081,PH-005,HealthPlan TX,2026-06-03 09:20:04,59.97,38.64,21.33,Approved,,0,2026-06-03 09:38:04
CLM-0000082,RX-0000082,PH-004,PayerOne,2026-06-19 14:19:29,17.58,12.1,5.48,Approved,,0,2026-06-19 14:30:29
CLM-0000083,RX-0000083,PH-003,United Mock,2026-06-15 15:00:52,54.02,43.59,10.43,Approved,,0,2026-06-15 15:26:52
CLM-0000084,RX-0000084,PH-001,Care Network,2026-05-27 11:50:41,18.86,16.59,2.27,Approved,,0,2026-05-27 12:27:41
CLM-0000085,RX-0000085,PH-005,PayerOne,2026-05-08 20:30:19,109.62,83.4,26.22,Approved,,0,2026-05-08 20:56:19
CLM-0000086,RX-0000086,PH-004,United Mock,2026-07-24 12:50:24,59.43,45.02,14.41,Approved,,0,2026-07-24 13:28:24
CLM-0000087,RX-0000087,PH-001,PayerOne,2026-07-15 09:10:46,16.48,11.57,4.91,Approved,,0,2026-07-15 09:29:46
CLM-0000088,RX-0000088,PH-001,HealthPlan TX,2026-07-29 13:16:39,35.37,21.52,13.85,Approved,,0,2026-07-29 13:31:39
CLM-0000089,RX-0000089,PH-003,United Mock,2026-06-21 12:53:53,110.25,91.57,18.68,Approved,,0,2026-06-21 13:24:53
CLM-0000090,RX-0000090,PH-001,HealthPlan TX,2026-05-11 21:44:21,31.76,19.25,12.51,Approved,,0,2026-05-11 22:07:21
CLM-0000091,RX-0000091,PH-005,Care Network,2026-07-26 21:24:44,50.69,35.67,15.02,Approved,,0,2026-07-26 21:46:44
CLM-0000092,RX-0000092,PH-002,Care Network,2026-07-05 18:37:12,14.6,13.17,1.43,Approved,,0,2026-07-05 18:59:12
CLM-0000093,RX-0000093,PH-002,Care Network,2026-06-08 14:37:29,122.97,89.7,33.27,Approved,,0,2026-06-08 14:55:29
CLM-0000094,RX-0000094,PH-005,PayerOne,2026-07-18 11:40:23,89.3,81.93,7.37,Approved,,0,2026-07-18 12:28:23
CLM-0000095,RX-0000095,PH-005,United Mock,2026-05-01 21:08:45,14.35,8.68,5.67,Approved,,0,2026-05-01 21:29:45
CLM-0000096,RX-0000096,PH-004,HealthPlan TX,2026-07-20 20:27:36,83.55,76.16,7.39,Approved,,0,2026-07-20 20:44:36
CLM-0000097,RX-0000097,PH-003,United Mock,2026-05-17 08:15:51,69.44,63.87,5.57,Approved,,0,2026-05-17 08:37:51
CLM-0000098,RX-0000098,PH-002,HealthPlan TX,2026-06-06 15:49:40,72.25,67.36,4.89,Approved,,0,2026-06-06 16:12:40
CLM-0000099,RX-0000099,PH-004,PayerOne,2026-07-30 19:56:14,43.16,37.94,5.22,Approved,,0,2026-07-30 20:25:14
CLM-0000100,RX-0000100,PH-003,Care Network,2026-05-03 15:42:49,61.34,42.51,18.83,Approved,,0,2026-05-03 16:10:49
CLM-0000101,RX-0000101,PH-001,PayerOne,2026-05-04 08:17:24,46.49,43.8,2.69,Approved,,0,2026-05-04 08:45:24
CLM-0000102,RX-0000102,PH-004,PayerOne,2026-06-06 21:27:51,18.65,13.65,5.0,Approved,,0,2026-06-06 21:57:51
CLM-0000103,RX-0000103,PH-002,United Mock,2026-07-21 10:21:29,20.24,18.3,1.94,Approved,,0,2026-07-21 10:26:29
CLM-0000104,RX-0000104,PH-004,PayerOne,2026-07-14 17:23:48,95.32,68.17,27.15,Approved,,0,2026-07-14 17:41:48
CLM-0000105,RX-0000105,PH-001,HealthPlan TX,2026-05-19 17:43:58,21.72,0,7.39,Rejected,E01,0,2026-05-20 09:43:58
CLM-0000106,RX-0000106,PH-005,Care Network,2026-05-29 16:52:04,94.88,69.68,25.2,Approved,,0,2026-05-29 17:26:04
CLM-0000107,RX-0000107,PH-001,HealthPlan TX,2026-05-27 10:42:55,24.78,21.26,3.52,Approved,,0,2026-05-27 10:58:55
CLM-0000108,RX-0000108,PH-001,PayerOne,2026-07-01 15:03:18,114.9,70.66,44.24,Approved,,0,2026-07-01 15:44:18
CLM-0000109,RX-0000109,PH-005,PayerOne,2026-06-23 16:13:49,110.84,89.5,21.34,Approved,,0,2026-06-23 16:35:49
CLM-0000110,RX-0000110,PH-005,HealthPlan TX,2026-06-29 19:13:56,115.6,109.56,6.04,Approved,,0,2026-06-29 19:32:56
CLM-0000111,RX-0000111,PH-004,HealthPlan TX,2026-05-15 17:03:44,48.0,40.06,7.94,Approved,,0,2026-05-15 17:24:44
CLM-0000112,RX-0000112,PH-004,PayerOne,2026-06-24 08:49:12,17.63,12.25,5.38,Approved,,0,2026-06-24 09:21:12
CLM-0000113,RX-0000113,PH-003,United Mock,2026-07-05 13:15:37,120.46,75.75,44.71,Approved,,0,2026-07-05 13:20:37
CLM-0000114,RX-0000114,PH-002,United Mock,2026-06-27 20:17:29,20.95,14.76,6.19,Approved,,0,2026-06-27 20:50:29
CLM-0000115,RX-0000115,PH-003,United Mock,2026-06-20 17:02:46,23.48,18.46,5.02,Approved,,0,2026-06-20 17:31:46
CLM-0000116,RX-0000116,PH-003,Care Network,2026-07-19 08:53:36,119.35,81.66,37.69,Approved,,0,2026-07-19 09:27:36
CLM-0000117,RX-0000117,PH-001,Care Network,2026-07-07 19:54:27,41.71,26.17,15.54,Approved,,0,2026-07-07 20:33:27
CLM-0000118,RX-0000118,PH-005,PayerOne,2026-07-17 13:06:20,80.8,55.96,24.84,Approved,,0,2026-07-17 13:48:20
CLM-0000119,RX-0000119,PH-001,PayerOne,2026-07-18 08:49:06,32.23,21.43,10.8,Approved,,0,2026-07-18 09:03:06
CLM-0000120,RX-0000120,PH-004,PayerOne,2026-05-05 08:28:30,56.08,46.2,9.88,Approved,,0,2026-05-05 09:02:30
CLM-0000121,RX-0000121,PH-002,PayerOne,2026-05-15 17:30:40,76.52,68.96,7.56,Approved,,0,2026-05-15 18:08:40
CLM-0000122,RX-0000122,PH-001,United Mock,2026-07-19 12:40:32,16.26,11.34,4.92,Approved,,0,2026-07-19 13:04:32
CLM-0000123,RX-0000123,PH-005,United Mock,2026-05-08 11:13:03,77.21,52.79,24.42,Approved,,0,2026-05-08 11:34:03
CLM-0000124,RX-0000124,PH-003,United Mock,2026-07-27 16:02:46,98.82,60.36,38.46,Approved,,0,2026-07-27 16:36:46
CLM-0000125,RX-0000125,PH-004,HealthPlan TX,2026-06-25 21:36:58,79.69,60.18,19.51,Approved,,0,2026-06-25 21:41:58
CLM-0000126,RX-0000126,PH-002,HealthPlan TX,2026-07-02 09:54:02,15.96,11.74,4.22,Approved,,0,2026-07-02 10:12:02
CLM-0000127,RX-0000127,PH-005,Care Network,2026-07-30 18:10:03,90.42,83.36,7.06,Approved,,0,2026-07-30 18:41:03
CLM-0000128,RX-0000128,PH-004,United Mock,2026-06-06 17:45:23,12.81,9.49,3.32,Approved,,0,2026-06-06 18:01:23
CLM-0000129,RX-0000129,PH-005,United Mock,2026-05-23 16:26:52,70.52,44.2,26.32,Approved,,0,2026-05-23 16:59:52
CLM-0000130,RX-0000130,PH-004,PayerOne,2026-06-14 17:35:01,25.58,23.01,2.57,Approved,,0,2026-06-14 18:10:01
CLM-0000131,RX-0000131,PH-002,PayerOne,2026-06-19 17:26:51,91.21,63.4,27.81,Approved,,0,2026-06-19 18:09:51
CLM-0000132,RX-0000132,PH-001,Care Network,2026-06-18 09:32:56,35.07,30.78,4.29,Approved,,0,2026-06-18 10:06:56
CLM-0000133,RX-0000133,PH-001,United Mock,2026-06-27 19:06:08,96.43,0,6.6,Rejected,E31,2,2026-06-28 01:06:08
CLM-0000134,RX-0000134,PH-001,United Mock,2026-06-05 11:44:53,17.55,12.43,5.12,Approved,,0,2026-06-05 12:25:53
CLM-0000135,RX-0000135,PH-002,Care Network,2026-07-26 16:03:09,109.82,80.21,29.61,Approved,,0,2026-07-26 16:28:09
CLM-0000136,RX-0000136,PH-005,PayerOne,2026-05-21 19:37:00,52.7,0,7.75,Rejected,E22,0,2026-05-23 17:37:00
CLM-0000137,RX-0000137,PH-001,HealthPlan TX,2026-07-20 10:10:45,97.78,82.38,15.4,Approved,,0,2026-07-20 10:26:45
CLM-0000138,RX-0000138,PH-003,United Mock,2026-05-30 19:42:23,61.49,55.1,6.39,Approved,,0,2026-05-30 20:29:23
CLM-0000139,RX-0000139,PH-004,Care Network,2026-05-18 13:05:21,163.9,115.3,48.6,Approved,,0,2026-05-18 13:48:21
CLM-0000140,RX-0000140,PH-001,PayerOne,2026-06-09 18:06:18,22.1,18.45,3.65,Approved,,0,2026-06-09 18:28:18
CLM-0000141,RX-0000141,PH-004,United Mock,2026-07-12 10:18:54,66.01,51.37,14.64,Approved,,0,2026-07-12 10:54:54
CLM-0000142,RX-0000142,PH-004,Care Network,2026-06-02 18:39:57,9.64,0,3.21,Rejected,E22,1,2026-06-04 07:39:57
CLM-0000143,RX-0000143,PH-003,United Mock,2026-07-30 13:16:48,88.11,78.46,9.65,Approved,,0,2026-07-30 13:32:48
CLM-0000144,RX-0000144,PH-002,Care Network,2026-07-21 15:45:01,122.45,78.51,43.94,Approved,,0,2026-07-21 15:50:01
CLM-0000145,RX-0000145,PH-003,PayerOne,2026-07-28 12:35:11,79.92,55.03,24.89,Approved,,0,2026-07-28 13:12:11
CLM-0000146,RX-0000146,PH-005,United Mock,2026-07-13 12:59:02,31.65,25.54,6.11,Approved,,0,2026-07-13 13:29:02
CLM-0000147,RX-0000147,PH-005,HealthPlan TX,2026-06-27 09:11:58,57.58,36.52,21.06,Approved,,0,2026-06-27 09:30:58
CLM-0000148,RX-0000148,PH-001,United Mock,2026-06-15 08:37:03,24.29,16.42,7.87,Approved,,0,2026-06-15 09:00:03
CLM-0000149,RX-0000149,PH-004,Care Network,2026-05-01 08:31:02,14.51,13.12,1.39,Approved,,0,2026-05-01 08:47:02
CLM-0000150,RX-0000150,PH-005,United Mock,2026-05-08 12:26:14,57.52,50.74,6.78,Approved,,0,2026-05-08 12:58:14
CLM-0000151,RX-0000151,PH-005,Care Network,2026-07-04 13:12:47,25.59,15.36,10.23,Approved,,0,2026-07-04 13:17:47
CLM-0000152,RX-0000152,PH-004,PayerOne,2026-06-01 09:31:16,84.36,56.08,28.28,Approved,,0,2026-06-01 09:48:16
CLM-0000153,RX-0000153,PH-003,Care Network,2026-05-22 14:59:18,82.62,60.82,21.8,Approved,,0,2026-05-22 15:42:18
CLM-0000154,RX-0000154,PH-004,Care Network,2026-05-28 14:55:25,11.5,9.21,2.29,Approved,,0,2026-05-28 15:21:25
CLM-0000155,RX-0000155,PH-001,HealthPlan TX,2026-05-07 08:24:23,31.94,23.86,8.08,Approved,,0,2026-05-07 08:51:23
CLM-0000156,RX-0000156,PH-002,HealthPlan TX,2026-07-16 18:51:54,36.27,0,13.17,Rejected,E22,2,2026-07-19 11:51:54
CLM-0000157,RX-0000157,PH-001,PayerOne,2026-06-03 09:20:19,79.12,0,16.02,Rejected,E01,2,2026-06-03 12:20:19
CLM-0000158,RX-0000158,PH-003,United Mock,2026-06-20 18:17:30,42.58,39.3,3.28,Approved,,0,2026-06-20 18:43:30
CLM-0000159,RX-0000159,PH-004,Care Network,2026-07-28 18:52:39,10.94,0,1.27,Rejected,E14,0,2026-07-31 18:52:39
CLM-0000160,RX-0000160,PH-004,PayerOne,2026-05-17 12:22:15,42.84,0,4.53,Rejected,E22,2,2026-05-18 12:22:15
CLM-0000161,RX-0000161,PH-001,United Mock,2026-05-23 10:12:42,27.36,25.59,1.77,Approved,,0,2026-05-23 10:33:42
CLM-0000162,RX-0000162,PH-003,PayerOne,2026-06-03 14:29:02,30.07,27.2,2.87,Approved,,0,2026-06-03 14:55:02
CLM-0000163,RX-0000163,PH-003,United Mock,2026-05-03 14:00:22,80.95,57.64,23.31,Approved,,0,2026-05-03 14:17:22
CLM-0000164,RX-0000164,PH-002,PayerOne,2026-07-05 09:56:56,96.31,61.12,35.19,Approved,,0,2026-07-05 10:31:56
CLM-0000165,RX-0000165,PH-003,PayerOne,2026-05-11 08:28:58,32.59,30.88,1.71,Approved,,0,2026-05-11 08:51:58
CLM-0000166,RX-0000166,PH-001,United Mock,2026-07-11 20:26:24,30.94,23.69,7.25,Approved,,0,2026-07-11 20:47:24
CLM-0000167,RX-0000167,PH-001,United Mock,2026-05-23 10:05:09,136.79,0,15.28,Rejected,E14,1,2026-05-24 07:05:09
CLM-0000168,RX-0000168,PH-003,HealthPlan TX,2026-06-20 12:53:36,60.25,36.69,23.56,Approved,,0,2026-06-20 13:17:36
CLM-0000169,RX-0000169,PH-004,Care Network,2026-05-14 21:54:02,33.37,0,11.96,Rejected,E31,1,2026-05-16 06:54:02
CLM-0000170,RX-0000170,PH-002,United Mock,2026-07-18 08:39:08,35.07,31.06,4.01,Approved,,0,2026-07-18 09:27:08
CLM-0000171,RX-0000171,PH-001,PayerOne,2026-05-27 18:30:10,107.56,85.37,22.19,Approved,,0,2026-05-27 18:58:10
CLM-0000172,RX-0000172,PH-001,HealthPlan TX,2026-06-04 21:43:39,57.96,43.14,14.82,Approved,,0,2026-06-04 22:22:39
CLM-0000173,RX-0000173,PH-003,Care Network,2026-06-03 12:10:18,29.1,20.82,8.28,Approved,,0,2026-06-03 12:29:18
CLM-0000174,RX-0000174,PH-003,United Mock,2026-06-19 09:11:42,32.61,29.62,2.99,Approved,,0,2026-06-19 09:37:42
CLM-0000175,RX-0000175,PH-002,HealthPlan TX,2026-06-08 20:40:16,122.51,106.78,15.73,Approved,,0,2026-06-08 20:51:16
CLM-0000176,RX-0000176,PH-001,United Mock,2026-05-13 11:24:11,72.67,67.82,4.85,Approved,,0,2026-05-13 11:56:11
CLM-0000177,RX-0000177,PH-001,United Mock,2026-06-19 10:37:51,60.34,37.34,23.0,Approved,,0,2026-06-19 11:08:51
CLM-0000178,RX-0000178,PH-003,United Mock,2026-07-28 16:17:09,111.87,80.38,31.49,Approved,,0,2026-07-28 17:00:09
CLM-0000179,RX-0000179,PH-005,PayerOne,2026-06-11 21:06:43,35.72,31.56,4.16,Approved,,0,2026-06-11 21:37:43
CLM-0000180,RX-0000180,PH-002,Care Network,2026-05-20 19:55:35,45.25,39.91,5.34,Approved,,0,2026-05-20 20:14:35
CLM-0000181,RX-0000181,PH-002,Care Network,2026-05-15 21:36:42,59.26,49.83,9.43,Approved,,0,2026-05-15 21:45:42
CLM-0000182,RX-0000182,PH-004,United Mock,2026-05-21 15:55:59,40.05,28.51,11.54,Approved,,0,2026-05-21 16:09:59
CLM-0000183,RX-0000183,PH-002,United Mock,2026-06-15 16:44:50,74.37,0,9.93,Rejected,E31,2,2026-06-18 16:44:50
CLM-0000184,RX-0000184,PH-005,United Mock,2026-06-11 14:14:55,73.93,69.02,4.91,Approved,,0,2026-06-11 14:54:55
CLM-0000185,RX-0000185,PH-005,Care Network,2026-06-05 17:03:50,36.45,0,9.83,Rejected,E31,0,2026-06-07 08:03:50
CLM-0000186,RX-0000186,PH-001,Care Network,2026-07-24 11:31:37,29.73,24.16,5.57,Approved,,0,2026-07-24 11:45:37
CLM-0000187,RX-0000187,PH-002,Care Network,2026-06-10 09:19:13,110.97,69.05,41.92,Approved,,0,2026-06-10 09:57:13
CLM-0000188,RX-0000188,PH-005,PayerOne,2026-05-20 14:42:24,41.53,25.15,16.38,Approved,,0,2026-05-20 14:49:24
CLM-0000189,RX-0000189,PH-003,PayerOne,2026-05-16 17:32:52,82.51,0,31.09,Rejected,E22,2,2026-05-16 18:32:52
CLM-0000190,RX-0000190,PH-003,Care Network,2026-06-07 14:31:58,92.27,0,15.99,Rejected,E14,1,2026-06-10 02:31:58
CLM-0000191,RX-0000191,PH-003,United Mock,2026-06-26 10:30:02,116.79,89.32,27.47,Approved,,0,2026-06-26 11:15:02
CLM-0000192,RX-0000192,PH-003,United Mock,2026-05-27 15:54:22,112.2,104.57,7.63,Approved,,0,2026-05-27 16:15:22
CLM-0000193,RX-0000193,PH-003,PayerOne,2026-05-25 17:44:30,85.15,62.33,22.82,Approved,,0,2026-05-25 18:16:30
CLM-0000194,RX-0000194,PH-001,Care Network,2026-07-30 17:43:30,35.15,22.26,12.89,Approved,,0,2026-07-30 18:00:30
CLM-0000195,RX-0000195,PH-002,Care Network,2026-05-20 12:42:24,22.26,19.78,2.48,Approved,,0,2026-05-20 13:09:24
CLM-0000196,RX-0000196,PH-001,Care Network,2026-07-13 18:50:31,49.28,39.01,10.27,Approved,,0,2026-07-13 19:07:31
CLM-0000197,RX-0000197,PH-004,PayerOne,2026-06-14 12:26:11,49.3,41.13,8.17,Approved,,0,2026-06-14 12:53:11
CLM-0000198,RX-0000198,PH-005,PayerOne,2026-05-29 12:17:22,32.94,19.92,13.02,Approved,,0,2026-05-29 12:48:22
CLM-0000199,RX-0000199,PH-003,PayerOne,2026-05-28 11:53:16,41.24,26.27,14.97,Approved,,0,2026-05-28 12:07:16
CLM-0000200,RX-0000200,PH-003,PayerOne,2026-07-18 16:52:23,100.86,83.8,17.06,Approved,,0,2026-07-18 17:29:23
CLM-0000201,RX-0000201,PH-001,United Mock,2026-05-27 09:42:32,105.51,90.89,14.62,Approved,,0,2026-05-27 10:03:32
CLM-0000202,RX-0000202,PH-001,PayerOne,2026-06-02 21:48:44,31.22,19.91,11.31,Approved,,0,2026-06-02 22:16:44
CLM-0000203,RX-0000203,PH-002,Care Network,2026-07-27 19:24:06,34.19,24.69,9.5,Approved,,0,2026-07-27 19:36:06
CLM-0000204,RX-0000204,PH-004,United Mock,2026-07-10 20:23:52,44.2,38.53,5.67,Approved,,0,2026-07-10 20:48:52
CLM-0000205,RX-0000205,PH-002,United Mock,2026-05-30 08:37:06,31.31,29.39,1.92,Approved,,0,2026-05-30 09:22:06
CLM-0000206,RX-0000206,PH-001,United Mock,2026-07-23 15:09:58,108.71,86.78,21.93,Approved,,0,2026-07-23 15:33:58
CLM-0000207,RX-0000207,PH-003,PayerOne,2026-07-30 15:23:15,82.85,60.72,22.13,Approved,,0,2026-07-30 15:30:15
CLM-0000208,RX-0000208,PH-004,Care Network,2026-06-27 12:13:55,44.19,37.84,6.35,Approved,,0,2026-06-27 12:40:55
CLM-0000209,RX-0000209,PH-002,Care Network,2026-05-04 08:33:46,72.16,59.97,12.19,Approved,,0,2026-05-04 09:09:46
CLM-0000210,RX-0000210,PH-001,PayerOne,2026-05-07 12:55:52,31.0,24.45,6.55,Approved,,0,2026-05-07 13:49:52
CLM-0000211,RX-0000211,PH-001,HealthPlan TX,2026-06-09 17:26:28,109.02,83.85,25.17,Approved,,0,2026-06-09 18:02:28
CLM-0000212,RX-0000212,PH-002,Care Network,2026-07-18 16:17:17,22.83,0,6.45,Rejected,E31,1,2026-07-21 06:17:17
CLM-0000213,RX-0000213,PH-002,Care Network,2026-06-28 15:42:04,119.8,80.82,38.98,Approved,,0,2026-06-28 16:17:04
CLM-0000214,RX-0000214,PH-005,PayerOne,2026-05-08 12:46:32,101.55,65.14,36.41,Approved,,0,2026-05-08 13:04:32
CLM-0000215,RX-0000215,PH-005,HealthPlan TX,2026-06-17 14:00:06,63.93,46.24,17.69,Approved,,0,2026-06-17 14:12:06
CLM-0000216,RX-0000216,PH-004,United Mock,2026-05-05 16:15:38,37.61,35.56,2.05,Approved,,0,2026-05-05 16:56:38
CLM-0000217,RX-0000217,PH-003,HealthPlan TX,2026-06-05 16:29:17,100.18,79.56,20.62,Approved,,0,2026-06-05 17:06:17
CLM-0000218,RX-0000218,PH-001,PayerOne,2026-07-03 20:50:57,78.57,47.27,31.3,Approved,,0,2026-07-03 21:46:57
CLM-0000219,RX-0000219,PH-005,United Mock,2026-07-02 11:21:18,15.63,10.59,5.04,Approved,,0,2026-07-02 11:37:18
CLM-0000220,RX-0000220,PH-005,United Mock,2026-05-29 16:35:41,53.77,35.47,18.3,Approved,,0,2026-05-29 16:55:41
CLM-0000221,RX-0000221,PH-005,United Mock,2026-07-25 10:54:10,60.61,54.25,6.36,Approved,,0,2026-07-25 11:12:10
CLM-0000222,RX-0000222,PH-001,Care Network,2026-05-21 11:43:42,48.69,44.97,3.72,Approved,,0,2026-05-21 12:02:42
CLM-0000223,RX-0000223,PH-003,Care Network,2026-07-05 15:33:31,71.42,51.66,19.76,Approved,,0,2026-07-05 16:06:31
CLM-0000224,RX-0000224,PH-004,Care Network,2026-06-17 08:19:20,16.39,12.19,4.2,Approved,,0,2026-06-17 09:09:20
CLM-0000225,RX-0000225,PH-002,United Mock,2026-05-21 13:17:54,34.54,32.63,1.91,Approved,,0,2026-05-21 13:43:54
CLM-0000226,RX-0000226,PH-001,United Mock,2026-07-20 09:36:28,24.84,22.41,2.43,Approved,,0,2026-07-20 09:57:28
CLM-0000227,RX-0000227,PH-002,PayerOne,2026-06-20 20:54:02,34.43,31.45,2.98,Approved,,0,2026-06-20 21:05:02
CLM-0000228,RX-0000228,PH-003,United Mock,2026-07-03 14:34:29,51.76,44.45,7.31,Approved,,0,2026-07-03 15:02:29
CLM-0000229,RX-0000229,PH-001,PayerOne,2026-07-13 10:42:13,80.57,59.2,21.37,Approved,,0,2026-07-13 11:06:13
CLM-0000230,RX-0000230,PH-001,PayerOne,2026-07-22 09:01:03,124.08,113.97,10.11,Approved,,0,2026-07-22 09:25:03
CLM-0000231,RX-0000231,PH-001,PayerOne,2026-07-21 10:51:54,18.4,16.65,1.75,Approved,,0,2026-07-21 11:23:54
CLM-0000232,RX-0000232,PH-003,United Mock,2026-07-02 21:59:00,16.25,13.52,2.73,Approved,,0,2026-07-02 22:34:00
CLM-0000233,RX-0000233,PH-005,HealthPlan TX,2026-06-26 15:18:27,32.99,19.93,13.06,Approved,,0,2026-06-26 15:41:27
CLM-0000234,RX-0000234,PH-001,PayerOne,2026-07-02 10:17:39,11.16,8.05,3.11,Approved,,0,2026-07-02 10:45:39
CLM-0000235,RX-0000235,PH-004,PayerOne,2026-05-01 15:54:38,25.01,23.14,1.87,Approved,,0,2026-05-01 16:13:38
CLM-0000236,RX-0000236,PH-003,United Mock,2026-05-17 14:50:05,43.86,31.17,12.69,Approved,,0,2026-05-17 15:25:05
CLM-0000237,RX-0000237,PH-001,HealthPlan TX,2026-05-10 08:42:46,91.34,70.71,20.63,Approved,,0,2026-05-10 09:16:46
CLM-0000238,RX-0000238,PH-002,United Mock,2026-06-03 08:26:57,40.75,0,7.48,Rejected,E01,2,2026-06-05 06:26:57
CLM-0000239,RX-0000239,PH-005,PayerOne,2026-06-05 13:55:25,53.22,45.87,7.35,Approved,,0,2026-06-05 14:25:25
CLM-0000240,RX-0000240,PH-001,Care Network,2026-05-06 18:11:10,102.51,90.45,12.06,Approved,,0,2026-05-06 18:41:10
CLM-0000241,RX-0000241,PH-005,HealthPlan TX,2026-06-20 09:51:04,16.9,12.77,4.13,Approved,,0,2026-06-20 10:15:04
CLM-0000242,RX-0000242,PH-005,HealthPlan TX,2026-06-24 14:42:17,16.19,15.14,1.05,Approved,,0,2026-06-24 15:03:17
CLM-0000243,RX-0000243,PH-001,Care Network,2026-06-09 10:08:55,23.16,14.45,8.71,Approved,,0,2026-06-09 10:44:55
CLM-0000244,RX-0000244,PH-005,HealthPlan TX,2026-07-31 19:12:59,38.04,23.27,14.77,Approved,,0,2026-07-31 19:46:59
CLM-0000245,RX-0000245,PH-002,Care Network,2026-07-16 16:55:01,19.99,16.04,3.95,Approved,,0,2026-07-16 17:21:01
CLM-0000246,RX-0000246,PH-002,HealthPlan TX,2026-05-07 21:57:52,26.79,23.79,3.0,Approved,,0,2026-05-07 22:34:52
CLM-0000247,RX-0000247,PH-004,HealthPlan TX,2026-07-08 18:26:11,28.33,26.53,1.8,Approved,,0,2026-07-08 18:47:11
CLM-0000248,RX-0000248,PH-003,PayerOne,2026-06-25 10:02:08,72.16,66.42,5.74,Approved,,0,2026-06-25 10:31:08
CLM-0000249,RX-0000249,PH-004,PayerOne,2026-06-19 14:14:39,90.96,80.53,10.43,Approved,,0,2026-06-19 14:41:39
CLM-0000250,RX-0000250,PH-001,United Mock,2026-05-01 19:06:13,132.09,104.85,27.24,Approved,,0,2026-05-01 19:30:13
CLM-0000251,RX-0000251,PH-002,Care Network,2026-07-10 18:50:49,101.7,92.38,9.32,Approved,,0,2026-07-10 19:12:49
CLM-0000252,RX-0000252,PH-005,PayerOne,2026-05-10 16:57:12,129.05,100.07,28.98,Approved,,0,2026-05-10 17:20:12
CLM-0000253,RX-0000253,PH-001,HealthPlan TX,2026-05-31 08:10:14,62.52,51.09,11.43,Approved,,0,2026-05-31 08:47:14
CLM-0000254,RX-0000254,PH-002,United Mock,2026-05-16 14:46:14,138.49,127.32,11.17,Approved,,0,2026-05-16 15:17:14
CLM-0000255,RX-0000255,PH-001,PayerOne,2026-06-15 10:08:07,50.95,46.16,4.79,Approved,,0,2026-06-15 10:24:07
CLM-0000256,RX-0000256,PH-005,Care Network,2026-06-11 09:11:31,35.38,31.49,3.89,Approved,,0,2026-06-11 09:41:31
CLM-0000257,RX-0000257,PH-001,Care Network,2026-05-14 12:07:40,70.96,60.63,10.33,Approved,,0,2026-05-14 12:41:40
CLM-0000258,RX-0000258,PH-002,PayerOne,2026-07-21 09:37:31,62.78,59.04,3.74,Approved,,0,2026-07-21 09:51:31
CLM-0000259,RX-0000259,PH-003,United Mock,2026-06-03 08:11:56,72.56,61.25,11.31,Approved,,0,2026-06-03 08:31:56
CLM-0000260,RX-0000260,PH-003,HealthPlan TX,2026-05-21 08:52:43,19.73,16.39,3.34,Approved,,0,2026-05-21 09:25:43
CLM-0000261,RX-0000261,PH-005,United Mock,2026-06-02 16:21:47,77.67,67.6,10.07,Approved,,0,2026-06-02 16:42:47
CLM-0000262,RX-0000262,PH-002,PayerOne,2026-07-12 11:11:08,104.45,77.32,27.13,Approved,,0,2026-07-12 11:19:08
CLM-0000263,RX-0000263,PH-002,United Mock,2026-07-10 19:00:36,60.22,0,13.4,Rejected,E14,0,2026-07-11 04:00:36
CLM-0000264,RX-0000264,PH-001,HealthPlan TX,2026-06-30 08:31:16,99.59,80.04,19.55,Approved,,0,2026-06-30 09:18:16
CLM-0000265,RX-0000265,PH-003,United Mock,2026-06-03 13:38:44,44.03,34.92,9.11,Approved,,0,2026-06-03 14:10:44
CLM-0000266,RX-0000266,PH-003,PayerOne,2026-07-05 16:48:36,20.09,15.19,4.9,Approved,,0,2026-07-05 17:11:36
CLM-0000267,RX-0000267,PH-004,Care Network,2026-07-19 19:43:38,21.34,17.02,4.32,Approved,,0,2026-07-19 20:18:38
CLM-0000268,RX-0000268,PH-001,HealthPlan TX,2026-06-29 18:24:05,102.82,0,13.89,Rejected,E31,2,2026-07-01 16:24:05
CLM-0000269,RX-0000269,PH-002,HealthPlan TX,2026-05-05 10:58:43,44.69,28.82,15.87,Approved,,0,2026-05-05 11:59:43
CLM-0000270,RX-0000270,PH-001,PayerOne,2026-06-02 15:38:17,52.56,32.84,19.72,Approved,,0,2026-06-02 16:25:17
CLM-0000271,RX-0000271,PH-005,HealthPlan TX,2026-06-05 11:06:14,37.47,0,2.37,Rejected,E31,0,2026-06-07 16:06:14
CLM-0000272,RX-0000272,PH-002,United Mock,2026-06-17 15:34:17,49.96,43.97,5.99,Approved,,0,2026-06-17 15:49:17
CLM-0000273,RX-0000273,PH-003,HealthPlan TX,2026-05-10 11:23:52,79.28,74.23,5.05,Approved,,0,2026-05-10 11:32:52
CLM-0000274,RX-0000274,PH-003,PayerOne,2026-05-20 19:55:09,91.15,73.13,18.02,Approved,,0,2026-05-20 20:31:09
CLM-0000275,RX-0000275,PH-004,HealthPlan TX,2026-07-29 12:06:28,91.1,77.81,13.29,Approved,,0,2026-07-29 12:42:28
CLM-0000276,RX-0000276,PH-002,HealthPlan TX,2026-07-23 13:26:15,17.9,11.36,6.54,Approved,,0,2026-07-23 13:59:15
CLM-0000277,RX-0000277,PH-005,PayerOne,2026-07-10 16:15:16,89.51,67.04,22.47,Approved,,0,2026-07-10 16:55:16
CLM-0000278,RX-0000278,PH-005,PayerOne,2026-05-14 08:58:55,46.84,29.52,17.32,Approved,,0,2026-05-14 09:15:55
CLM-0000279,RX-0000279,PH-001,Care Network,2026-06-06 18:23:12,67.27,48.9,18.37,Approved,,0,2026-06-06 18:48:12
CLM-0000280,RX-0000280,PH-003,Care Network,2026-07-13 19:03:22,32.91,23.99,8.92,Approved,,0,2026-07-13 19:48:22
CLM-0000281,RX-0000281,PH-003,PayerOne,2026-07-18 19:41:22,116.86,109.32,7.54,Approved,,0,2026-07-18 20:27:22
CLM-0000282,RX-0000282,PH-002,Care Network,2026-05-23 15:24:37,50.45,38.3,12.15,Approved,,0,2026-05-23 15:49:37
CLM-0000283,RX-0000283,PH-003,PayerOne,2026-06-27 10:32:59,43.44,37.39,6.05,Approved,,0,2026-06-27 10:49:59
CLM-0000284,RX-0000284,PH-005,Care Network,2026-06-27 12:26:10,84.17,69.54,14.63,Approved,,0,2026-06-27 13:11:10
CLM-0000285,RX-0000285,PH-001,Care Network,2026-05-21 08:19:23,55.21,0,20.31,Rejected,E14,2,2026-05-23 08:19:23
CLM-0000286,RX-0000286,PH-003,United Mock,2026-06-30 11:56:18,10.91,8.05,2.86,Approved,,0,2026-06-30 12:13:18
CLM-0000287,RX-0000287,PH-003,United Mock,2026-06-04 11:28:45,9.63,9.0,0.63,Approved,,0,2026-06-04 12:01:45
CLM-0000288,RX-0000288,PH-001,Care Network,2026-05-15 17:25:45,25.07,16.17,8.9,Approved,,0,2026-05-15 17:52:45
CLM-0000289,RX-0000289,PH-004,Care Network,2026-05-09 17:40:31,98.93,68.54,30.39,Approved,,0,2026-05-09 18:17:31
CLM-0000290,RX-0000290,PH-004,PayerOne,2026-07-03 20:21:01,55.02,45.58,9.44,Approved,,0,2026-07-03 21:20:01
CLM-0000291,RX-0000291,PH-001,PayerOne,2026-05-14 21:22:16,64.13,55.04,9.09,Approved,,0,2026-05-14 22:03:16
CLM-0000292,RX-0000292,PH-001,Care Network,2026-07-22 15:40:56,24.44,22.2,2.24,Approved,,0,2026-07-22 16:20:56
CLM-0000293,RX-0000293,PH-001,Care Network,2026-05-19 12:41:38,42.89,32.74,10.15,Approved,,0,2026-05-19 13:11:38
CLM-0000294,RX-0000294,PH-005,Care Network,2026-07-13 08:03:42,37.1,26.2,10.9,Approved,,0,2026-07-13 08:40:42
CLM-0000295,RX-0000295,PH-003,Care Network,2026-05-07 16:24:42,14.81,13.57,1.24,Approved,,0,2026-05-07 16:49:42
CLM-0000296,RX-0000296,PH-002,PayerOne,2026-05-27 20:05:03,24.09,20.61,3.48,Approved,,0,2026-05-27 20:45:03
CLM-0000297,RX-0000297,PH-002,PayerOne,2026-06-13 20:53:41,49.9,0,8.52,Rejected,E01,0,2026-06-15 03:53:41
CLM-0000298,RX-0000298,PH-003,Care Network,2026-07-21 09:11:19,46.34,36.03,10.31,Approved,,0,2026-07-21 09:48:19
CLM-0000299,RX-0000299,PH-001,PayerOne,2026-07-17 20:47:25,52.08,42.29,9.79,Approved,,0,2026-07-17 21:22:25
CLM-0000300,RX-0000300,PH-002,United Mock,2026-06-10 20:45:27,107.41,74.91,32.5,Approved,,0,2026-06-10 21:14:27
CLM-0000301,RX-0000301,PH-005,Care Network,2026-06-21 15:28:37,48.81,31.24,17.57,Approved,,0,2026-06-21 15:51:37
CLM-0000302,RX-0000302,PH-005,PayerOne,2026-05-11 19:10:01,70.63,47.27,23.36,Approved,,0,2026-05-11 19:22:01
CLM-0000303,RX-0000303,PH-004,Care Network,2026-07-24 15:33:42,40.47,27.91,12.56,Approved,,0,2026-07-24 16:08:42
CLM-0000304,RX-0000304,PH-002,PayerOne,2026-05-09 08:22:39,7.22,4.89,2.33,Approved,,0,2026-05-09 08:48:39
CLM-0000305,RX-0000305,PH-001,United Mock,2026-07-08 18:09:03,121.59,98.29,23.3,Approved,,0,2026-07-08 18:25:03
CLM-0000306,RX-0000306,PH-005,Care Network,2026-06-12 18:02:18,97.84,81.58,16.26,Approved,,0,2026-06-12 18:54:18
CLM-0000307,RX-0000307,PH-001,PayerOne,2026-05-19 19:17:52,55.63,40.08,15.55,Approved,,0,2026-05-19 19:38:52
CLM-0000308,RX-0000308,PH-004,HealthPlan TX,2026-06-24 15:30:21,105.34,65.16,40.18,Approved,,0,2026-06-24 15:43:21
CLM-0000309,RX-0000309,PH-002,Care Network,2026-07-05 15:00:08,141.4,0,42.87,Rejected,E31,2,2026-07-07 06:00:08
CLM-0000310,RX-0000310,PH-001,Care Network,2026-05-07 08:57:06,127.0,113.45,13.55,Approved,,0,2026-05-07 09:42:06
CLM-0000311,RX-0000311,PH-001,HealthPlan TX,2026-07-06 20:38:06,7.25,4.6,2.65,Approved,,0,2026-07-06 21:24:06
CLM-0000312,RX-0000312,PH-004,Care Network,2026-07-25 19:30:48,141.09,90.3,50.79,Approved,,0,2026-07-25 19:59:48
CLM-0000313,RX-0000313,PH-005,United Mock,2026-05-21 18:31:23,70.77,61.79,8.98,Approved,,0,2026-05-21 19:09:23
CLM-0000314,RX-0000314,PH-003,United Mock,2026-06-03 19:03:39,124.76,99.78,24.98,Approved,,0,2026-06-03 19:46:39
CLM-0000315,RX-0000315,PH-002,HealthPlan TX,2026-05-09 10:54:59,99.88,86.85,13.03,Approved,,0,2026-05-09 11:16:59
CLM-0000316,RX-0000316,PH-002,Care Network,2026-07-22 14:05:15,61.6,46.2,15.4,Approved,,0,2026-07-22 14:51:15
CLM-0000317,RX-0000317,PH-002,Care Network,2026-07-11 18:04:55,42.55,34.91,7.64,Approved,,0,2026-07-11 18:32:55
CLM-0000318,RX-0000318,PH-003,Care Network,2026-06-14 08:24:18,16.56,11.88,4.68,Approved,,0,2026-06-14 08:32:18
CLM-0000319,RX-0000319,PH-001,PayerOne,2026-07-07 08:36:35,69.49,50.66,18.83,Approved,,0,2026-07-07 09:30:35
CLM-0000320,RX-0000320,PH-003,United Mock,2026-05-24 21:09:32,62.56,38.96,23.6,Approved,,0,2026-05-24 21:57:32
CLM-0000321,RX-0000321,PH-002,United Mock,2026-05-30 20:14:11,119.68,108.06,11.62,Approved,,0,2026-05-30 20:38:11
CLM-0000322,RX-0000322,PH-003,PayerOne,2026-05-01 19:55:00,36.99,22.85,14.14,Approved,,0,2026-05-01 20:29:00
CLM-0000323,RX-0000323,PH-004,United Mock,2026-07-09 16:22:04,126.73,115.66,11.07,Approved,,0,2026-07-09 16:33:04
CLM-0000324,RX-0000324,PH-001,HealthPlan TX,2026-05-08 20:36:20,66.12,44.7,21.42,Approved,,0,2026-05-08 21:26:20
CLM-0000325,RX-0000325,PH-005,HealthPlan TX,2026-05-08 19:34:57,77.4,57.93,19.47,Approved,,0,2026-05-08 20:24:57
CLM-0000326,RX-0000326,PH-005,HealthPlan TX,2026-07-10 21:04:51,94.98,88.4,6.58,Approved,,0,2026-07-10 21:28:51
CLM-0000327,RX-0000327,PH-004,Care Network,2026-06-02 19:25:05,98.03,0,26.64,Rejected,E31,2,2026-06-04 22:25:05
CLM-0000328,RX-0000328,PH-001,Care Network,2026-06-28 15:10:51,104.45,78.94,25.51,Approved,,0,2026-06-28 15:43:51
CLM-0000329,RX-0000329,PH-002,United Mock,2026-07-03 13:43:49,84.68,76.23,8.45,Approved,,0,2026-07-03 14:13:49
CLM-0000330,RX-0000330,PH-004,HealthPlan TX,2026-05-07 17:59:43,39.78,35.11,4.67,Approved,,0,2026-05-07 18:20:43
CLM-0000331,RX-0000331,PH-004,United Mock,2026-06-18 12:18:09,81.76,0,20.64,Rejected,E14,2,2026-06-21 02:18:09
CLM-0000332,RX-0000332,PH-003,Care Network,2026-07-18 09:40:41,151.36,128.31,23.05,Approved,,0,2026-07-18 10:19:41
CLM-0000333,RX-0000333,PH-004,PayerOne,2026-05-27 19:29:30,83.88,70.05,13.83,Approved,,0,2026-05-27 19:53:30
CLM-0000334,RX-0000334,PH-003,Care Network,2026-05-21 15:28:41,113.82,0,24.72,Rejected,E31,1,2026-05-24 13:28:41
CLM-0000335,RX-0000335,PH-005,United Mock,2026-05-29 16:04:36,41.4,39.13,2.27,Approved,,0,2026-05-29 16:32:36
CLM-0000336,RX-0000336,PH-002,PayerOne,2026-07-13 14:24:06,84.18,79.88,4.3,Approved,,0,2026-07-13 15:10:06
CLM-0000337,RX-0000337,PH-002,PayerOne,2026-06-04 14:20:54,42.94,0,4.22,Rejected,E14,2,2026-06-05 21:20:54
CLM-0000338,RX-0000338,PH-003,PayerOne,2026-07-18 11:56:48,43.83,0,10.37,Rejected,E14,2,2026-07-18 12:56:48
CLM-0000339,RX-0000339,PH-002,United Mock,2026-07-24 17:22:45,73.45,62.06,11.39,Approved,,0,2026-07-24 17:40:45
CLM-0000340,RX-0000340,PH-002,PayerOne,2026-06-08 20:24:53,31.79,21.82,9.97,Approved,,0,2026-06-08 20:47:53
CLM-0000341,RX-0000341,PH-001,HealthPlan TX,2026-06-10 17:05:19,60.99,41.9,19.09,Approved,,0,2026-06-10 17:45:19
CLM-0000342,RX-0000342,PH-001,United Mock,2026-05-14 17:29:45,76.8,67.21,9.59,Approved,,0,2026-05-14 17:51:45
CLM-0000343,RX-0000343,PH-005,Care Network,2026-07-28 12:10:54,122.45,78.5,43.95,Approved,,0,2026-07-28 12:39:54
CLM-0000344,RX-0000344,PH-002,HealthPlan TX,2026-05-31 14:47:34,51.01,0,7.36,Rejected,E01,2,2026-06-02 18:47:34
CLM-0000345,RX-0000345,PH-005,PayerOne,2026-07-26 20:22:35,84.34,59.84,24.5,Approved,,0,2026-07-26 20:43:35
CLM-0000346,RX-0000346,PH-001,Care Network,2026-06-10 09:43:35,16.28,9.86,6.42,Approved,,0,2026-06-10 09:56:35
CLM-0000347,RX-0000347,PH-004,Care Network,2026-07-18 11:42:22,47.0,35.44,11.56,Approved,,0,2026-07-18 12:09:22
CLM-0000348,RX-0000348,PH-002,PayerOne,2026-06-30 09:33:28,22.55,16.98,5.57,Approved,,0,2026-06-30 10:17:28
CLM-0000349,RX-0000349,PH-005,United Mock,2026-07-20 09:03:49,9.32,5.91,3.41,Approved,,0,2026-07-20 09:28:49
CLM-0000350,RX-0000350,PH-002,United Mock,2026-05-17 08:09:00,75.59,60.4,15.19,Approved,,0,2026-05-17 08:54:00
CLM-0000351,RX-0000351,PH-005,Care Network,2026-07-26 17:19:35,11.37,7.64,3.73,Approved,,0,2026-07-26 17:51:35
CLM-0000352,RX-0000352,PH-001,HealthPlan TX,2026-07-04 16:12:55,60.18,0,9.17,Rejected,E31,2,2026-07-06 02:12:55
CLM-0000353,RX-0000353,PH-005,HealthPlan TX,2026-07-17 15:37:39,106.21,82.71,23.5,Approved,,0,2026-07-17 16:11:39
CLM-0000354,RX-0000354,PH-003,United Mock,2026-05-20 12:04:01,16.57,10.15,6.42,Approved,,0,2026-05-20 12:30:01
CLM-0000355,RX-0000355,PH-004,Care Network,2026-07-19 19:06:35,17.37,12.03,5.34,Approved,,0,2026-07-19 19:24:35
CLM-0000356,RX-0000356,PH-004,Care Network,2026-05-02 16:42:13,62.25,0,17.02,Rejected,E01,0,2026-05-04 11:42:13
CLM-0000357,RX-0000357,PH-005,Care Network,2026-07-21 21:15:55,46.25,31.78,14.47,Approved,,0,2026-07-21 21:34:55
CLM-0000358,RX-0000358,PH-002,HealthPlan TX,2026-06-17 19:05:25,16.36,11.31,5.05,Approved,,0,2026-06-17 19:37:25
CLM-0000359,RX-0000359,PH-004,HealthPlan TX,2026-06-03 12:30:54,53.46,47.23,6.23,Approved,,0,2026-06-03 13:15:54
CLM-0000360,RX-0000360,PH-005,PayerOne,2026-07-10 09:54:49,27.17,18.91,8.26,Approved,,0,2026-07-10 10:26:49
CLM-0000361,RX-0000361,PH-001,HealthPlan TX,2026-05-08 13:36:04,25.5,21.3,4.2,Approved,,0,2026-05-08 13:55:04
CLM-0000362,RX-0000362,PH-002,Care Network,2026-06-27 21:00:04,22.14,14.8,7.34,Approved,,0,2026-06-27 21:23:04
CLM-0000363,RX-0000363,PH-004,PayerOne,2026-06-08 19:18:11,43.05,26.07,16.98,Approved,,0,2026-06-08 20:03:11
CLM-0000364,RX-0000364,PH-005,HealthPlan TX,2026-06-06 18:03:21,88.55,70.26,18.29,Approved,,0,2026-06-06 18:25:21
CLM-0000365,RX-0000365,PH-005,Care Network,2026-07-05 13:21:39,69.4,62.54,6.86,Approved,,0,2026-07-05 14:03:39
CLM-0000366,RX-0000366,PH-002,Care Network,2026-07-19 14:51:01,68.47,53.28,15.19,Approved,,0,2026-07-19 15:33:01
CLM-0000367,RX-0000367,PH-004,Care Network,2026-05-16 21:57:16,82.52,0,27.45,Rejected,E14,1,2026-05-17 11:57:16
CLM-0000368,RX-0000368,PH-005,Care Network,2026-06-18 13:38:04,15.86,11.13,4.73,Approved,,0,2026-06-18 13:56:04
CLM-0000369,RX-0000369,PH-003,PayerOne,2026-07-25 21:36:32,82.72,77.24,5.48,Approved,,0,2026-07-25 21:45:32
CLM-0000370,RX-0000370,PH-002,United Mock,2026-06-10 16:51:22,38.09,29.29,8.8,Approved,,0,2026-06-10 17:11:22
CLM-0000371,RX-0000371,PH-001,Care Network,2026-06-22 08:07:52,19.3,14.62,4.68,Approved,,0,2026-06-22 08:22:52
CLM-0000372,RX-0000372,PH-004,HealthPlan TX,2026-05-25 21:29:04,70.17,64.9,5.27,Approved,,0,2026-05-25 22:22:04
CLM-0000373,RX-0000373,PH-004,PayerOne,2026-05-02 15:25:56,50.88,0,4.78,Rejected,E14,1,2026-05-03 21:25:56
CLM-0000374,RX-0000374,PH-004,Care Network,2026-05-21 16:29:44,72.46,55.85,16.61,Approved,,0,2026-05-21 17:14:44
CLM-0000375,RX-0000375,PH-005,HealthPlan TX,2026-07-02 11:06:36,73.42,66.88,6.54,Approved,,0,2026-07-02 11:26:36
CLM-0000376,RX-0000376,PH-001,United Mock,2026-06-16 18:15:42,50.99,37.19,13.8,Approved,,0,2026-06-16 18:33:42
CLM-0000377,RX-0000377,PH-001,PayerOne,2026-06-23 21:10:00,28.8,20.42,8.38,Approved,,0,2026-06-23 21:38:00
CLM-0000378,RX-0000378,PH-002,PayerOne,2026-05-13 16:04:04,63.44,55.27,8.17,Approved,,0,2026-05-13 16:28:04
CLM-0000379,RX-0000379,PH-002,PayerOne,2026-07-05 11:55:46,42.88,40.7,2.18,Approved,,0,2026-07-05 12:26:46
CLM-0000380,RX-0000380,PH-005,Care Network,2026-06-16 17:33:45,20.13,18.28,1.85,Approved,,0,2026-06-16 18:01:45
CLM-0000381,RX-0000381,PH-002,HealthPlan TX,2026-07-14 11:14:01,19.0,12.6,6.4,Approved,,0,2026-07-14 11:19:01
CLM-0000382,RX-0000382,PH-004,PayerOne,2026-06-25 21:00:13,25.71,19.06,6.65,Approved,,0,2026-06-25 21:06:13
CLM-0000383,RX-0000383,PH-001,Care Network,2026-07-07 15:05:47,84.65,0,21.86,Rejected,E22,2,2026-07-10 12:05:47
CLM-0000384,RX-0000384,PH-003,PayerOne,2026-05-06 13:39:08,21.42,19.92,1.5,Approved,,0,2026-05-06 14:08:08
CLM-0000385,RX-0000385,PH-005,HealthPlan TX,2026-05-07 16:57:35,40.87,34.89,5.98,Approved,,0,2026-05-07 17:24:35
CLM-0000386,RX-0000386,PH-004,HealthPlan TX,2026-07-09 19:23:32,121.9,79.22,42.68,Approved,,0,2026-07-09 20:20:32
CLM-0000387,RX-0000387,PH-002,Care Network,2026-05-08 13:11:22,17.77,11.24,6.53,Approved,,0,2026-05-08 13:30:22
CLM-0000388,RX-0000388,PH-004,Care Network,2026-07-30 11:17:24,21.1,19.05,2.05,Approved,,0,2026-07-30 11:23:24
CLM-0000389,RX-0000389,PH-003,PayerOne,2026-07-30 11:33:42,53.69,38.19,15.5,Approved,,0,2026-07-30 11:50:42
CLM-0000390,RX-0000390,PH-002,HealthPlan TX,2026-07-07 08:43:12,37.7,26.19,11.51,Approved,,0,2026-07-07 09:14:12
CLM-0000391,RX-0000391,PH-003,PayerOne,2026-05-29 19:16:39,31.81,22.46,9.35,Approved,,0,2026-05-29 19:35:39
CLM-0000392,RX-0000392,PH-001,HealthPlan TX,2026-05-19 15:26:13,47.92,35.97,11.95,Approved,,0,2026-05-19 15:50:13
CLM-0000393,RX-0000393,PH-003,United Mock,2026-07-20 08:43:00,66.39,51.21,15.18,Approved,,0,2026-07-20 08:53:00
CLM-0000394,RX-0000394,PH-002,HealthPlan TX,2026-05-18 09:54:26,125.71,76.24,49.47,Approved,,0,2026-05-18 10:23:26
CLM-0000395,RX-0000395,PH-004,PayerOne,2026-07-24 14:11:50,50.91,0,11.15,Rejected,E01,2,2026-07-26 03:11:50
CLM-0000396,RX-0000396,PH-003,HealthPlan TX,2026-05-28 17:01:51,50.99,46.56,4.43,Approved,,0,2026-05-28 17:18:51
CLM-0000397,RX-0000397,PH-004,HealthPlan TX,2026-06-20 14:38:10,43.48,26.73,16.75,Approved,,0,2026-06-20 15:06:10
CLM-0000398,RX-0000398,PH-002,PayerOne,2026-05-04 19:27:58,109.24,101.35,7.89,Approved,,0,2026-05-04 19:52:58
CLM-0000399,RX-0000399,PH-002,Care Network,2026-05-04 10:01:20,33.55,23.14,10.41,Approved,,0,2026-05-04 10:45:20
CLM-0000400,RX-0000400,PH-004,HealthPlan TX,2026-07-13 16:56:35,129.17,0,29.39,Rejected,E01,1,2026-07-15 19:56:35
CLM-0000401,RX-0000401,PH-003,HealthPlan TX,2026-07-04 16:20:45,34.36,0,3.93,Rejected,E14,1,2026-07-07 02:20:45
CLM-0000402,RX-0000402,PH-002,United Mock,2026-07-23 10:05:07,64.57,41.05,23.52,Approved,,0,2026-07-23 10:42:07
CLM-0000403,RX-0000403,PH-001,PayerOne,2026-06-18 13:20:27,140.08,106.28,33.8,Approved,,0,2026-06-18 13:40:27
CLM-0000404,RX-0000404,PH-004,HealthPlan TX,2026-07-31 19:24:39,61.16,42.54,18.62,Approved,,0,2026-07-31 19:49:39
CLM-0000405,RX-0000405,PH-003,Care Network,2026-07-02 19:54:12,49.24,0,4.79,Rejected,E14,1,2026-07-02 20:54:12
CLM-0000406,RX-0000406,PH-002,HealthPlan TX,2026-06-28 08:00:05,110.01,88.8,21.21,Approved,,0,2026-06-28 08:29:05
CLM-0000407,RX-0000407,PH-001,PayerOne,2026-05-25 16:42:06,39.75,35.24,4.51,Approved,,0,2026-05-25 17:06:06
CLM-0000408,RX-0000408,PH-004,United Mock,2026-06-20 15:34:46,27.05,0,4.28,Rejected,E14,1,2026-06-20 23:34:46
CLM-0000409,RX-0000409,PH-005,United Mock,2026-06-04 12:54:52,27.79,26.31,1.48,Approved,,0,2026-06-04 13:08:52
CLM-0000410,RX-0000410,PH-003,PayerOne,2026-06-29 12:49:52,26.23,16.24,9.99,Approved,,0,2026-06-29 13:24:52
CLM-0000411,RX-0000411,PH-001,Care Network,2026-06-04 16:02:28,49.92,38.77,11.15,Approved,,0,2026-06-04 16:12:28
CLM-0000412,RX-0000412,PH-004,Care Network,2026-06-26 16:08:34,51.71,46.29,5.42,Approved,,0,2026-06-26 16:14:34
CLM-0000413,RX-0000413,PH-001,HealthPlan TX,2026-07-29 14:27:07,67.07,43.81,23.26,Approved,,0,2026-07-29 14:43:07
CLM-0000414,RX-0000414,PH-005,HealthPlan TX,2026-06-18 20:04:21,33.49,20.93,12.56,Approved,,0,2026-06-18 20:37:21
CLM-0000415,RX-0000415,PH-004,United Mock,2026-07-19 20:57:39,17.16,0,5.6,Rejected,E22,0,2026-07-21 03:57:39
CLM-0000416,RX-0000416,PH-004,HealthPlan TX,2026-06-23 13:51:13,80.99,51.59,29.4,Approved,,0,2026-06-23 14:04:13
CLM-0000417,RX-0000417,PH-002,PayerOne,2026-05-02 21:42:28,68.0,54.42,13.58,Approved,,0,2026-05-02 21:52:28
CLM-0000418,RX-0000418,PH-005,HealthPlan TX,2026-05-20 21:30:17,67.62,60.96,6.66,Approved,,0,2026-05-20 21:47:17
CLM-0000419,RX-0000419,PH-002,PayerOne,2026-07-14 10:58:17,38.67,23.89,14.78,Approved,,0,2026-07-14 11:03:17
CLM-0000420,RX-0000420,PH-002,Care Network,2026-06-16 13:10:27,42.93,28.16,14.77,Approved,,0,2026-06-16 13:32:27
CLM-0000421,RX-0000421,PH-003,Care Network,2026-06-18 21:43:57,18.21,15.34,2.87,Approved,,0,2026-06-18 22:12:57
CLM-0000422,RX-0000422,PH-004,United Mock,2026-07-19 21:29:11,87.87,72.94,14.93,Approved,,0,2026-07-19 21:47:11
CLM-0000423,RX-0000423,PH-003,Care Network,2026-07-30 18:17:06,48.27,43.57,4.7,Approved,,0,2026-07-30 18:52:06
CLM-0000424,RX-0000424,PH-005,Care Network,2026-07-01 08:23:01,22.67,20.73,1.94,Approved,,0,2026-07-01 08:56:01
CLM-0000425,RX-0000425,PH-004,United Mock,2026-07-29 13:04:29,62.72,51.03,11.69,Approved,,0,2026-07-29 13:09:29
CLM-0000426,RX-0000426,PH-003,United Mock,2026-05-04 21:25:57,39.39,0,5.74,Rejected,E14,1,2026-05-05 19:25:57
CLM-0000427,RX-0000427,PH-001,United Mock,2026-05-23 15:41:04,28.27,17.81,10.46,Approved,,0,2026-05-23 15:51:04
CLM-0000428,RX-0000428,PH-001,United Mock,2026-05-09 11:56:46,71.99,60.22,11.77,Approved,,0,2026-05-09 12:17:46
CLM-0000429,RX-0000429,PH-005,Care Network,2026-06-26 19:00:25,57.33,0,10.53,Rejected,E22,0,2026-06-29 00:00:25
CLM-0000430,RX-0000430,PH-004,Care Network,2026-07-18 14:29:29,14.74,13.52,1.22,Approved,,0,2026-07-18 15:07:29
CLM-0000431,RX-0000431,PH-002,United Mock,2026-07-24 16:22:03,46.59,35.51,11.08,Approved,,0,2026-07-24 16:44:03
CLM-0000432,RX-0000432,PH-005,PayerOne,2026-05-19 10:47:45,71.62,47.05,24.57,Approved,,0,2026-05-19 11:06:45
CLM-0000433,RX-0000433,PH-003,Care Network,2026-05-07 17:15:34,78.77,53.94,24.83,Approved,,0,2026-05-07 17:43:34
CLM-0000434,RX-0000434,PH-003,PayerOne,2026-07-04 21:46:31,44.66,39.41,5.25,Approved,,0,2026-07-04 22:15:31
CLM-0000435,RX-0000435,PH-001,Care Network,2026-05-29 11:23:49,70.92,0,15.91,Rejected,E01,0,2026-05-29 14:23:49
CLM-0000436,RX-0000436,PH-005,United Mock,2026-07-31 20:09:13,83.67,60.53,23.14,Approved,,0,2026-07-31 20:43:13
CLM-0000437,RX-0000437,PH-005,PayerOne,2026-07-11 21:54:15,14.76,0,4.82,Rejected,E14,2,2026-07-14 11:54:15
CLM-0000438,RX-0000438,PH-005,PayerOne,2026-07-27 12:44:43,74.3,66.14,8.16,Approved,,0,2026-07-27 12:54:43
CLM-0000439,RX-0000439,PH-004,United Mock,2026-07-11 12:59:44,7.16,5.25,1.91,Approved,,0,2026-07-11 13:07:44
CLM-0000440,RX-0000440,PH-004,Care Network,2026-05-29 20:58:11,80.85,76.32,4.53,Approved,,0,2026-05-29 21:46:11
CLM-0000441,RX-0000441,PH-005,HealthPlan TX,2026-06-30 21:57:31,104.05,64.44,39.61,Approved,,0,2026-06-30 22:39:31
CLM-0000442,RX-0000442,PH-003,HealthPlan TX,2026-05-21 21:31:07,67.75,53.16,14.59,Approved,,0,2026-05-21 21:40:07
CLM-0000443,RX-0000443,PH-001,United Mock,2026-05-09 17:45:07,23.33,19.08,4.25,Approved,,0,2026-05-09 18:12:07
CLM-0000444,RX-0000444,PH-001,HealthPlan TX,2026-06-14 16:53:55,84.17,65.7,18.47,Approved,,0,2026-06-14 17:17:55
CLM-0000445,RX-0000445,PH-002,Care Network,2026-06-26 15:16:32,33.58,23.89,9.69,Approved,,0,2026-06-26 15:44:32
CLM-0000446,RX-0000446,PH-001,PayerOne,2026-05-05 18:39:02,44.31,0,15.07,Rejected,E22,1,2026-05-06 00:39:02
CLM-0000447,RX-0000447,PH-002,HealthPlan TX,2026-07-26 19:16:38,74.54,64.05,10.49,Approved,,0,2026-07-26 19:42:38
CLM-0000448,RX-0000448,PH-001,United Mock,2026-05-29 12:03:14,101.87,86.45,15.42,Approved,,0,2026-05-29 12:32:14
CLM-0000449,RX-0000449,PH-004,PayerOne,2026-07-29 15:07:48,82.02,71.78,10.24,Approved,,0,2026-07-29 15:21:48
CLM-0000450,RX-0000450,PH-002,HealthPlan TX,2026-05-02 21:42:44,38.11,25.17,12.94,Approved,,0,2026-05-02 22:07:44
CLM-0000451,RX-0000451,PH-005,Care Network,2026-07-23 17:28:37,50.05,33.18,16.87,Approved,,0,2026-07-23 17:38:37
CLM-0000452,RX-0000452,PH-005,United Mock,2026-07-02 12:50:43,150.96,95.61,55.35,Approved,,0,2026-07-02 13:18:43
CLM-0000453,RX-0000453,PH-002,United Mock,2026-05-03 14:51:20,31.86,29.32,2.54,Approved,,0,2026-05-03 15:18:20
CLM-0000454,RX-0000454,PH-005,HealthPlan TX,2026-06-12 08:41:36,106.47,72.02,34.45,Approved,,0,2026-06-12 08:58:36
CLM-0000455,RX-0000455,PH-003,PayerOne,2026-05-02 11:14:57,10.34,9.51,0.83,Approved,,0,2026-05-02 12:03:57
CLM-0000456,RX-0000456,PH-002,Care Network,2026-06-05 21:13:11,31.48,24.13,7.35,Approved,,0,2026-06-05 21:47:11
CLM-0000457,RX-0000457,PH-004,Care Network,2026-06-24 16:10:19,53.14,49.44,3.7,Approved,,0,2026-06-24 16:24:19
CLM-0000458,RX-0000458,PH-004,PayerOne,2026-07-08 14:31:25,61.6,48.12,13.48,Approved,,0,2026-07-08 15:20:25
CLM-0000459,RX-0000459,PH-001,PayerOne,2026-06-04 13:41:11,70.45,58.86,11.59,Approved,,0,2026-06-04 14:32:11
CLM-0000460,RX-0000460,PH-004,Care Network,2026-06-03 10:49:36,58.86,37.56,21.3,Approved,,0,2026-06-03 11:08:36
CLM-0000461,RX-0000461,PH-001,PayerOne,2026-06-12 09:14:54,15.43,9.36,6.07,Approved,,0,2026-06-12 09:19:54
CLM-0000462,RX-0000462,PH-001,PayerOne,2026-07-16 20:15:33,73.98,0,25.32,Rejected,E22,1,2026-07-17 14:15:33
CLM-0000463,RX-0000463,PH-005,Care Network,2026-06-10 12:04:14,86.74,61.12,25.62,Approved,,0,2026-06-10 12:50:14
CLM-0000464,RX-0000464,PH-005,PayerOne,2026-05-12 14:47:31,30.76,24.04,6.72,Approved,,0,2026-05-12 14:54:31
CLM-0000465,RX-0000465,PH-005,United Mock,2026-06-20 14:16:17,47.38,36.31,11.07,Approved,,0,2026-06-20 14:27:17
CLM-0000466,RX-0000466,PH-005,Care Network,2026-05-19 15:57:16,74.21,59.37,14.84,Approved,,0,2026-05-19 16:07:16
CLM-0000467,RX-0000467,PH-004,PayerOne,2026-06-05 19:00:33,147.82,104.27,43.55,Approved,,0,2026-06-05 19:12:33
CLM-0000468,RX-0000468,PH-002,United Mock,2026-05-03 11:26:36,43.75,27.63,16.12,Approved,,0,2026-05-03 12:05:36
CLM-0000469,RX-0000469,PH-002,HealthPlan TX,2026-07-22 11:21:56,44.31,33.26,11.05,Approved,,0,2026-07-22 11:34:56
CLM-0000470,RX-0000470,PH-005,PayerOne,2026-05-02 11:24:18,25.88,16.42,9.46,Approved,,0,2026-05-02 11:51:18
CLM-0000471,RX-0000471,PH-002,United Mock,2026-05-17 16:35:15,75.67,63.17,12.5,Approved,,0,2026-05-17 16:50:15
CLM-0000472,RX-0000472,PH-003,PayerOne,2026-07-02 09:45:41,62.85,52.56,10.29,Approved,,0,2026-07-02 09:59:41
CLM-0000473,RX-0000473,PH-001,Care Network,2026-05-11 08:42:42,33.38,31.37,2.01,Approved,,0,2026-05-11 09:07:42
CLM-0000474,RX-0000474,PH-003,Care Network,2026-06-16 15:31:20,62.1,46.56,15.54,Approved,,0,2026-06-16 16:02:20
CLM-0000475,RX-0000475,PH-005,Care Network,2026-07-22 15:04:55,67.99,50.27,17.72,Approved,,0,2026-07-22 15:32:55
CLM-0000476,RX-0000476,PH-004,Care Network,2026-05-27 20:02:37,95.06,76.78,18.28,Approved,,0,2026-05-27 20:11:37
CLM-0000477,RX-0000477,PH-004,PayerOne,2026-06-29 13:19:13,86.89,66.27,20.62,Approved,,0,2026-06-29 13:32:13
CLM-0000478,RX-0000478,PH-004,HealthPlan TX,2026-06-19 18:38:32,130.7,93.62,37.08,Approved,,0,2026-06-19 19:07:32
CLM-0000479,RX-0000479,PH-004,PayerOne,2026-05-20 20:03:51,23.67,18.31,5.36,Approved,,0,2026-05-20 20:51:51
CLM-0000480,RX-0000480,PH-004,United Mock,2026-07-05 08:33:26,72.17,52.25,19.92,Approved,,0,2026-07-05 08:57:26
CLM-0000481,RX-0000481,PH-002,United Mock,2026-07-08 09:03:00,27.55,19.62,7.93,Approved,,0,2026-07-08 09:32:00
CLM-0000482,RX-0000482,PH-005,HealthPlan TX,2026-06-09 15:23:07,65.74,41.8,23.94,Approved,,0,2026-06-09 16:06:07
CLM-0000483,RX-0000483,PH-002,United Mock,2026-06-05 16:00:33,42.7,29.78,12.92,Approved,,0,2026-06-05 16:44:33
CLM-0000484,RX-0000484,PH-004,United Mock,2026-06-07 16:35:38,33.7,23.68,10.02,Approved,,0,2026-06-07 17:04:38
CLM-0000485,RX-0000485,PH-003,HealthPlan TX,2026-07-23 14:41:13,34.72,21.56,13.16,Approved,,0,2026-07-23 15:04:13
CLM-0000486,RX-0000486,PH-002,Care Network,2026-07-01 09:45:02,12.77,11.9,0.87,Approved,,0,2026-07-01 10:20:02
CLM-0000487,RX-0000487,PH-002,PayerOne,2026-05-11 10:20:23,40.94,35.07,5.87,Approved,,0,2026-05-11 10:29:23
CLM-0000488,RX-0000488,PH-001,HealthPlan TX,2026-07-12 20:28:20,110.16,67.67,42.49,Approved,,0,2026-07-12 20:54:20
CLM-0000489,RX-0000489,PH-004,PayerOne,2026-06-18 11:28:42,110.28,75.1,35.18,Approved,,0,2026-06-18 11:56:42
CLM-0000490,RX-0000490,PH-005,Care Network,2026-05-19 21:50:59,105.54,68.21,37.33,Approved,,0,2026-05-19 22:02:59
CLM-0000491,RX-0000491,PH-001,HealthPlan TX,2026-05-24 13:23:04,79.3,52.07,27.23,Approved,,0,2026-05-24 13:35:04
CLM-0000492,RX-0000492,PH-004,HealthPlan TX,2026-06-21 10:25:02,68.66,41.89,26.77,Approved,,0,2026-06-21 11:04:02
CLM-0000493,RX-0000493,PH-005,Care Network,2026-05-26 09:43:41,70.89,54.01,16.88,Approved,,0,2026-05-26 09:52:41
CLM-0000494,RX-0000494,PH-004,PayerOne,2026-07-03 12:51:26,21.44,17.3,4.14,Approved,,0,2026-07-03 13:18:26
CLM-0000495,RX-0000495,PH-001,United Mock,2026-06-23 10:48:13,63.35,53.02,10.33,Approved,,0,2026-06-23 11:41:13
CLM-0000496,RX-0000496,PH-001,HealthPlan TX,2026-06-01 21:24:53,34.2,27.51,6.69,Approved,,0,2026-06-01 21:43:53
CLM-0000497,RX-0000497,PH-005,HealthPlan TX,2026-05-30 19:58:39,57.43,45.17,12.26,Approved,,0,2026-05-30 20:17:39
CLM-0000498,RX-0000498,PH-004,Care Network,2026-06-23 08:42:58,33.27,21.17,12.1,Approved,,0,2026-06-23 09:04:58
CLM-0000499,RX-0000499,PH-004,United Mock,2026-05-06 18:15:10,15.1,9.54,5.56,Approved,,0,2026-05-06 18:30:10
CLM-0000500,RX-0000500,PH-001,PayerOne,2026-07-24 09:29:33,77.12,47.41,29.71,Approved,,0,2026-07-24 09:53:33
CLM-0000501,RX-0000501,PH-002,PayerOne,2026-06-02 12:20:44,76.49,64.47,12.02,Approved,,0,2026-06-02 12:58:44
CLM-0000502,RX-0000502,PH-004,PayerOne,2026-06-01 18:48:44,77.57,63.78,13.79,Approved,,0,2026-06-01 19:26:44
CLM-0000503,RX-0000503,PH-004,Care Network,2026-06-08 20:37:04,66.39,45.08,21.31,Approved,,0,2026-06-08 21:14:04
CLM-0000504,RX-0000504,PH-001,Care Network,2026-07-17 14:30:38,42.41,29.61,12.8,Approved,,0,2026-07-17 15:26:38
CLM-0000505,RX-0000505,PH-001,PayerOne,2026-05-24 21:59:02,90.3,56.94,33.36,Approved,,0,2026-05-24 22:37:02
CLM-0000506,RX-0000506,PH-002,HealthPlan TX,2026-07-24 11:58:35,28.38,20.89,7.49,Approved,,0,2026-07-24 12:24:35
CLM-0000507,RX-0000507,PH-004,HealthPlan TX,2026-06-15 11:03:46,119.44,98.21,21.23,Approved,,0,2026-06-15 11:43:46
CLM-0000508,RX-0000508,PH-003,United Mock,2026-07-21 17:09:47,47.2,33.21,13.99,Approved,,0,2026-07-21 17:35:47
CLM-0000509,RX-0000509,PH-005,Care Network,2026-05-14 12:37:30,22.74,14.48,8.26,Approved,,0,2026-05-14 12:56:30
CLM-0000510,RX-0000510,PH-004,Care Network,2026-05-12 17:18:58,70.85,62.64,8.21,Approved,,0,2026-05-12 17:46:58
CLM-0000511,RX-0000511,PH-005,United Mock,2026-06-21 09:34:30,18.55,13.5,5.05,Approved,,0,2026-06-21 09:52:30
CLM-0000512,RX-0000512,PH-001,PayerOne,2026-07-06 16:48:41,49.47,29.78,19.69,Approved,,0,2026-07-06 17:16:41
CLM-0000513,RX-0000513,PH-001,United Mock,2026-06-10 11:35:07,54.37,38.02,16.35,Approved,,0,2026-06-10 12:03:07
CLM-0000514,RX-0000514,PH-001,Care Network,2026-06-18 21:55:26,20.94,13.7,7.24,Approved,,0,2026-06-18 22:09:26
CLM-0000515,RX-0000515,PH-004,HealthPlan TX,2026-07-04 17:11:56,6.72,4.43,2.29,Approved,,0,2026-07-04 17:35:56
CLM-0000516,RX-0000516,PH-004,United Mock,2026-06-23 19:52:40,37.47,30.57,6.9,Approved,,0,2026-06-23 20:25:40
CLM-0000517,RX-0000517,PH-004,United Mock,2026-06-09 19:17:57,90.09,62.68,27.41,Approved,,0,2026-06-09 19:53:57
CLM-0000518,RX-0000518,PH-001,HealthPlan TX,2026-05-07 16:24:53,32.68,29.79,2.89,Approved,,0,2026-05-07 17:03:53
CLM-0000519,RX-0000519,PH-003,HealthPlan TX,2026-06-15 17:06:44,92.65,63.01,29.64,Approved,,0,2026-06-15 17:46:44
CLM-0000520,RX-0000520,PH-002,PayerOne,2026-06-06 16:32:17,25.03,21.26,3.77,Approved,,0,2026-06-06 16:44:17
CLM-0000521,RX-0000521,PH-003,HealthPlan TX,2026-06-05 09:57:23,69.96,63.17,6.79,Approved,,0,2026-06-05 10:38:23
CLM-0000522,RX-0000522,PH-001,HealthPlan TX,2026-06-09 12:08:52,33.91,25.92,7.99,Approved,,0,2026-06-09 12:58:52
CLM-0000523,RX-0000523,PH-003,PayerOne,2026-05-28 20:58:39,51.29,32.06,19.23,Approved,,0,2026-05-28 21:07:39
CLM-0000524,RX-0000524,PH-003,United Mock,2026-05-20 19:55:44,71.46,47.53,23.93,Approved,,0,2026-05-20 20:40:44
CLM-0000525,RX-0000525,PH-005,HealthPlan TX,2026-05-21 16:45:50,81.45,0,23.32,Rejected,E01,2,2026-05-23 23:45:50
CLM-0000526,RX-0000526,PH-004,United Mock,2026-07-30 09:57:37,30.66,22.05,8.61,Approved,,0,2026-07-30 10:02:37
CLM-0000527,RX-0000527,PH-001,PayerOne,2026-06-17 19:33:52,46.46,43.99,2.47,Approved,,0,2026-06-17 19:47:52
CLM-0000528,RX-0000528,PH-003,United Mock,2026-05-06 11:07:00,37.01,23.46,13.55,Approved,,0,2026-05-06 11:41:00
CLM-0000529,RX-0000529,PH-001,Care Network,2026-07-29 15:07:10,62.87,40.63,22.24,Approved,,0,2026-07-29 15:43:10
CLM-0000530,RX-0000530,PH-004,PayerOne,2026-07-30 10:00:35,38.36,24.91,13.45,Approved,,0,2026-07-30 10:21:35
CLM-0000531,RX-0000531,PH-002,HealthPlan TX,2026-07-16 19:56:50,11.42,9.0,2.42,Approved,,0,2026-07-16 20:27:50
CLM-0000532,RX-0000532,PH-001,HealthPlan TX,2026-05-17 21:49:25,56.97,45.56,11.41,Approved,,0,2026-05-17 22:42:25
CLM-0000533,RX-0000533,PH-001,PayerOne,2026-06-18 19:31:46,35.78,24.64,11.14,Approved,,0,2026-06-18 20:09:46
CLM-0000534,RX-0000534,PH-005,HealthPlan TX,2026-07-20 21:50:48,138.6,110.01,28.59,Approved,,0,2026-07-20 21:58:48
CLM-0000535,RX-0000535,PH-005,Care Network,2026-05-04 11:32:54,55.86,39.88,15.98,Approved,,0,2026-05-04 11:44:54
CLM-0000536,RX-0000536,PH-005,PayerOne,2026-07-29 10:07:19,51.27,39.47,11.8,Approved,,0,2026-07-29 10:30:19
CLM-0000537,RX-0000537,PH-003,Care Network,2026-06-24 11:02:48,28.29,18.26,10.03,Approved,,0,2026-06-24 11:43:48
CLM-0000538,RX-0000538,PH-004,Care Network,2026-06-23 16:40:57,133.62,106.92,26.7,Approved,,0,2026-06-23 17:29:57
CLM-0000539,RX-0000539,PH-003,HealthPlan TX,2026-05-08 16:36:45,84.29,79.06,5.23,Approved,,0,2026-05-08 16:49:45
CLM-0000540,RX-0000540,PH-002,PayerOne,2026-06-27 15:02:55,41.83,25.94,15.89,Approved,,0,2026-06-27 15:46:55
CLM-0000541,RX-0000541,PH-002,PayerOne,2026-06-29 10:30:15,29.32,0,6.22,Rejected,E31,2,2026-07-01 02:30:15
CLM-0000542,RX-0000542,PH-005,United Mock,2026-07-12 15:21:11,67.83,61.79,6.04,Approved,,0,2026-07-12 16:04:11
CLM-0000543,RX-0000543,PH-004,PayerOne,2026-05-29 21:48:28,17.6,14.1,3.5,Approved,,0,2026-05-29 21:58:28
CLM-0000544,RX-0000544,PH-001,HealthPlan TX,2026-06-08 17:48:49,95.23,66.18,29.05,Approved,,0,2026-06-08 18:20:49
CLM-0000545,RX-0000545,PH-005,PayerOne,2026-07-31 16:05:58,81.67,71.09,10.58,Approved,,0,2026-07-31 16:30:58
CLM-0000546,RX-0000546,PH-001,United Mock,2026-05-15 10:50:26,26.44,18.17,8.27,Approved,,0,2026-05-15 11:19:26
CLM-0000547,RX-0000547,PH-001,United Mock,2026-06-26 19:34:08,21.49,15.28,6.21,Approved,,0,2026-06-26 20:10:08
CLM-0000548,RX-0000548,PH-001,United Mock,2026-07-09 19:25:26,32.24,22.87,9.37,Approved,,0,2026-07-09 19:53:26
CLM-0000549,RX-0000549,PH-003,PayerOne,2026-05-18 16:18:56,19.36,13.39,5.97,Approved,,0,2026-05-18 16:49:56
CLM-0000550,RX-0000550,PH-003,Care Network,2026-07-26 08:34:42,108.51,77.13,31.38,Approved,,0,2026-07-26 09:04:42
CLM-0000551,RX-0000551,PH-001,Care Network,2026-06-29 19:17:26,118.69,106.64,12.05,Approved,,0,2026-06-29 19:36:26
CLM-0000552,RX-0000552,PH-004,PayerOne,2026-05-12 15:11:04,32.71,21.39,11.32,Approved,,0,2026-05-12 15:44:04
CLM-0000553,RX-0000553,PH-003,United Mock,2026-05-27 08:10:45,35.29,30.15,5.14,Approved,,0,2026-05-27 08:25:45
CLM-0000554,RX-0000554,PH-005,HealthPlan TX,2026-07-28 20:54:44,121.0,78.45,42.55,Approved,,0,2026-07-28 21:20:44
CLM-0000555,RX-0000555,PH-002,Care Network,2026-06-13 20:23:02,59.56,50.94,8.62,Approved,,0,2026-06-13 20:48:02
CLM-0000556,RX-0000556,PH-003,PayerOne,2026-05-21 12:34:09,42.27,30.97,11.3,Approved,,0,2026-05-21 13:11:09
CLM-0000557,RX-0000557,PH-005,Care Network,2026-05-16 19:47:08,146.89,95.77,51.12,Approved,,0,2026-05-16 20:43:08
CLM-0000558,RX-0000558,PH-003,PayerOne,2026-05-28 13:23:41,88.84,66.54,22.3,Approved,,0,2026-05-28 14:14:41
CLM-0000559,RX-0000559,PH-002,HealthPlan TX,2026-07-03 18:21:58,35.73,32.94,2.79,Approved,,0,2026-07-03 18:44:58
CLM-0000560,RX-0000560,PH-004,Care Network,2026-05-04 17:11:34,59.82,45.65,14.17,Approved,,0,2026-05-04 17:38:34
CLM-0000561,RX-0000561,PH-002,United Mock,2026-06-19 09:57:44,121.56,74.87,46.69,Approved,,0,2026-06-19 10:16:44
CLM-0000562,RX-0000562,PH-002,HealthPlan TX,2026-06-05 20:47:15,76.48,56.09,20.39,Approved,,0,2026-06-05 21:46:15
CLM-0000563,RX-0000563,PH-005,Care Network,2026-07-22 19:56:35,103.21,72.52,30.69,Approved,,0,2026-07-22 20:24:35
CLM-0000564,RX-0000564,PH-005,United Mock,2026-05-13 10:53:16,25.93,23.59,2.34,Approved,,0,2026-05-13 11:18:16
CLM-0000565,RX-0000565,PH-001,HealthPlan TX,2026-07-18 19:18:49,30.68,19.18,11.5,Approved,,0,2026-07-18 19:50:49
CLM-0000566,RX-0000566,PH-002,PayerOne,2026-06-04 13:49:16,53.8,48.51,5.29,Approved,,0,2026-06-04 14:00:16
CLM-0000567,RX-0000567,PH-001,United Mock,2026-06-03 20:30:08,30.22,23.0,7.22,Approved,,0,2026-06-03 21:05:08
CLM-0000568,RX-0000568,PH-003,Care Network,2026-05-22 17:43:46,26.08,20.23,5.85,Approved,,0,2026-05-22 17:48:46
CLM-0000569,RX-0000569,PH-003,HealthPlan TX,2026-05-31 19:26:25,41.74,33.65,8.09,Approved,,0,2026-05-31 19:51:25
CLM-0000570,RX-0000570,PH-003,HealthPlan TX,2026-05-17 19:40:50,26.53,16.45,10.08,Approved,,0,2026-05-17 20:06:50
CLM-0000571,RX-0000571,PH-003,PayerOne,2026-05-31 12:32:50,8.32,0,2.82,Rejected,E22,2,2026-06-01 17:32:50
CLM-0000572,RX-0000572,PH-005,Care Network,2026-05-30 12:15:52,123.63,84.21,39.42,Approved,,0,2026-05-30 12:39:52
CLM-0000573,RX-0000573,PH-002,United Mock,2026-07-21 15:09:53,33.65,29.65,4.0,Approved,,0,2026-07-21 15:29:53
CLM-0000574,RX-0000574,PH-005,United Mock,2026-07-20 15:26:50,52.43,45.41,7.02,Approved,,0,2026-07-20 16:04:50
CLM-0000575,RX-0000575,PH-004,HealthPlan TX,2026-07-15 18:01:24,41.6,0,4.37,Rejected,E31,2,2026-07-16 14:01:24
CLM-0000576,RX-0000576,PH-004,HealthPlan TX,2026-07-01 17:14:33,84.05,71.95,12.1,Approved,,0,2026-07-01 17:42:33
CLM-0000577,RX-0000577,PH-003,Care Network,2026-06-30 18:34:58,62.14,39.96,22.18,Approved,,0,2026-06-30 18:56:58
CLM-0000578,RX-0000578,PH-004,PayerOne,2026-06-05 19:13:52,10.39,8.03,2.36,Approved,,0,2026-06-05 19:40:52
CLM-0000579,RX-0000579,PH-002,PayerOne,2026-06-14 17:04:10,29.68,18.62,11.06,Approved,,0,2026-06-14 17:30:10
CLM-0000580,RX-0000580,PH-001,HealthPlan TX,2026-05-26 11:18:34,61.92,0,3.56,Rejected,E01,2,2026-05-26 13:18:34
CLM-0000581,RX-0000581,PH-004,HealthPlan TX,2026-06-17 13:15:32,27.25,21.23,6.02,Approved,,0,2026-06-17 13:42:32
CLM-0000582,RX-0000582,PH-002,Care Network,2026-07-24 09:01:19,23.74,22.18,1.56,Approved,,0,2026-07-24 09:26:19
CLM-0000583,RX-0000583,PH-004,United Mock,2026-05-27 16:57:28,45.54,35.82,9.72,Approved,,0,2026-05-27 17:39:28
CLM-0000584,RX-0000584,PH-003,Care Network,2026-05-28 12:25:15,115.36,74.37,40.99,Approved,,0,2026-05-28 13:14:15
CLM-0000585,RX-0000585,PH-005,Care Network,2026-05-11 09:48:41,146.2,115.69,30.51,Approved,,0,2026-05-11 10:25:41
CLM-0000586,RX-0000586,PH-003,HealthPlan TX,2026-07-10 10:18:08,29.3,25.1,4.2,Approved,,0,2026-07-10 10:42:08
CLM-0000587,RX-0000587,PH-004,PayerOne,2026-06-30 16:43:28,66.71,0,19.17,Rejected,E22,2,2026-07-02 05:43:28
CLM-0000588,RX-0000588,PH-001,United Mock,2026-07-09 16:26:14,71.34,56.75,14.59,Approved,,0,2026-07-09 16:47:14
CLM-0000589,RX-0000589,PH-002,Care Network,2026-07-19 16:38:42,103.91,86.69,17.22,Approved,,0,2026-07-19 17:07:42
CLM-0000590,RX-0000590,PH-005,HealthPlan TX,2026-05-25 08:24:42,44.68,33.25,11.43,Approved,,0,2026-05-25 09:02:42
CLM-0000591,RX-0000591,PH-005,HealthPlan TX,2026-05-25 17:47:37,35.96,26.95,9.01,Approved,,0,2026-05-25 18:30:37
CLM-0000592,RX-0000592,PH-003,HealthPlan TX,2026-06-01 12:02:32,45.77,38.4,7.37,Approved,,0,2026-06-01 12:37:32
CLM-0000593,RX-0000593,PH-001,United Mock,2026-05-14 12:07:38,101.46,89.6,11.86,Approved,,0,2026-05-14 12:43:38
CLM-0000594,RX-0000594,PH-003,Care Network,2026-05-21 15:12:06,51.53,41.19,10.34,Approved,,0,2026-05-21 16:04:06
CLM-0000595,RX-0000595,PH-003,HealthPlan TX,2026-05-09 11:06:22,58.21,54.6,3.61,Approved,,0,2026-05-09 11:40:22
CLM-0000596,RX-0000596,PH-004,United Mock,2026-05-17 21:10:15,34.72,22.77,11.95,Approved,,0,2026-05-17 21:32:15
CLM-0000597,RX-0000597,PH-004,Care Network,2026-05-16 14:40:51,82.84,67.19,15.65,Approved,,0,2026-05-16 15:12:51
CLM-0000598,RX-0000598,PH-003,PayerOne,2026-06-17 08:45:38,58.1,40.97,17.13,Approved,,0,2026-06-17 08:50:38
CLM-0000599,RX-0000599,PH-005,PayerOne,2026-06-20 19:20:22,56.97,43.99,12.98,Approved,,0,2026-06-20 19:40:22
CLM-0000600,RX-0000600,PH-005,PayerOne,2026-07-14 16:37:10,66.35,41.37,24.98,Approved,,0,2026-07-14 17:13:10
CLM-0000601,RX-0000601,PH-005,PayerOne,2026-06-20 18:10:11,66.9,41.26,25.64,Approved,,0,2026-06-20 18:31:11
CLM-0000602,RX-0000602,PH-002,HealthPlan TX,2026-05-11 12:24:11,124.42,101.52,22.9,Approved,,0,2026-05-11 13:04:11
CLM-0000603,RX-0000603,PH-001,United Mock,2026-06-22 19:03:09,28.85,20.15,8.7,Approved,,0,2026-06-22 19:34:09
CLM-0000604,RX-0000604,PH-003,PayerOne,2026-07-08 19:06:17,37.37,24.86,12.51,Approved,,0,2026-07-08 19:16:17
CLM-0000605,RX-0000605,PH-001,United Mock,2026-06-20 10:57:12,67.51,50.75,16.76,Approved,,0,2026-06-20 11:24:12
CLM-0000606,RX-0000606,PH-002,HealthPlan TX,2026-05-07 12:23:13,72.74,56.78,15.96,Approved,,0,2026-05-07 12:45:13
CLM-0000607,RX-0000607,PH-001,HealthPlan TX,2026-07-16 20:16:19,99.15,73.52,25.63,Approved,,0,2026-07-16 20:36:19
CLM-0000608,RX-0000608,PH-005,United Mock,2026-06-18 12:01:10,101.99,83.2,18.79,Approved,,0,2026-06-18 12:33:10
CLM-0000609,RX-0000609,PH-001,Care Network,2026-07-31 18:38:03,32.86,28.95,3.91,Approved,,0,2026-07-31 19:22:03
CLM-0000610,RX-0000610,PH-003,PayerOne,2026-06-23 12:06:03,54.72,46.87,7.85,Approved,,0,2026-06-23 12:11:03
CLM-0000611,RX-0000611,PH-004,HealthPlan TX,2026-05-17 19:50:10,110.45,81.15,29.3,Approved,,0,2026-05-17 20:26:10
CLM-0000612,RX-0000612,PH-002,PayerOne,2026-07-18 13:52:43,55.29,50.56,4.73,Approved,,0,2026-07-18 14:37:43
CLM-0000613,RX-0000613,PH-001,Care Network,2026-06-24 12:10:36,56.98,40.56,16.42,Approved,,0,2026-06-24 12:41:36
CLM-0000614,RX-0000614,PH-003,United Mock,2026-06-15 19:49:00,32.76,24.9,7.86,Approved,,0,2026-06-15 20:16:00
CLM-0000615,RX-0000615,PH-001,HealthPlan TX,2026-07-18 11:58:02,33.31,31.27,2.04,Approved,,0,2026-07-18 12:27:02
CLM-0000616,RX-0000616,PH-002,United Mock,2026-05-19 12:38:25,126.5,89.59,36.91,Approved,,0,2026-05-19 13:03:25
CLM-0000617,RX-0000617,PH-004,Care Network,2026-07-02 10:15:03,43.27,27.44,15.83,Approved,,0,2026-07-02 10:51:03
CLM-0000618,RX-0000618,PH-004,United Mock,2026-06-26 21:17:53,57.64,41.91,15.73,Approved,,0,2026-06-26 21:34:53
CLM-0000619,RX-0000619,PH-005,HealthPlan TX,2026-06-23 21:05:28,70.02,47.23,22.79,Approved,,0,2026-06-23 21:35:28
CLM-0000620,RX-0000620,PH-001,HealthPlan TX,2026-05-03 17:20:34,55.88,49.46,6.42,Approved,,0,2026-05-03 17:36:34
CLM-0000621,RX-0000621,PH-002,United Mock,2026-07-12 18:01:37,76.02,49.27,26.75,Approved,,0,2026-07-12 18:38:37
CLM-0000622,RX-0000622,PH-005,Care Network,2026-07-19 18:09:27,62.97,55.06,7.91,Approved,,0,2026-07-19 18:54:27
CLM-0000623,RX-0000623,PH-004,PayerOne,2026-07-18 15:46:24,92.6,58.68,33.92,Approved,,0,2026-07-18 16:20:24
CLM-0000624,RX-0000624,PH-001,Care Network,2026-05-04 12:59:10,77.37,51.57,25.8,Approved,,0,2026-05-04 13:39:10
CLM-0000625,RX-0000625,PH-005,Care Network,2026-05-30 19:19:31,56.42,48.66,7.76,Approved,,0,2026-05-30 19:55:31
CLM-0000626,RX-0000626,PH-002,Care Network,2026-06-28 15:19:55,93.96,59.51,34.45,Approved,,0,2026-06-28 15:54:55
CLM-0000627,RX-0000627,PH-001,United Mock,2026-07-23 20:37:09,41.35,35.19,6.16,Approved,,0,2026-07-23 20:54:09
CLM-0000628,RX-0000628,PH-001,HealthPlan TX,2026-05-27 09:39:32,114.82,105.32,9.5,Approved,,0,2026-05-27 10:14:32
CLM-0000629,RX-0000629,PH-003,PayerOne,2026-05-28 18:06:44,95.85,74.49,21.36,Approved,,0,2026-05-28 18:28:44
CLM-0000630,RX-0000630,PH-004,United Mock,2026-05-16 12:22:40,10.99,10.05,0.94,Approved,,0,2026-05-16 13:00:40
CLM-0000631,RX-0000631,PH-005,PayerOne,2026-07-17 10:56:10,17.69,14.77,2.92,Approved,,0,2026-07-17 11:29:10
CLM-0000632,RX-0000632,PH-004,Care Network,2026-06-15 09:25:56,37.87,23.74,14.13,Approved,,0,2026-06-15 09:42:56
CLM-0000633,RX-0000633,PH-003,HealthPlan TX,2026-06-07 16:33:42,56.92,35.14,21.78,Approved,,0,2026-06-07 17:01:42
CLM-0000634,RX-0000634,PH-002,HealthPlan TX,2026-05-06 16:56:53,34.19,31.72,2.47,Approved,,0,2026-05-06 17:15:53
CLM-0000635,RX-0000635,PH-003,HealthPlan TX,2026-07-03 16:26:39,46.95,40.12,6.83,Approved,,0,2026-07-03 17:08:39
CLM-0000636,RX-0000636,PH-002,Care Network,2026-05-05 19:48:34,68.85,51.02,17.83,Approved,,0,2026-05-05 20:21:34
CLM-0000637,RX-0000637,PH-003,PayerOne,2026-07-07 16:29:22,6.98,6.31,0.67,Approved,,0,2026-07-07 16:53:22
CLM-0000638,RX-0000638,PH-003,PayerOne,2026-07-19 15:55:47,90.11,80.65,9.46,Approved,,0,2026-07-19 16:39:47
CLM-0000639,RX-0000639,PH-001,Care Network,2026-07-27 21:00:17,23.66,19.23,4.43,Approved,,0,2026-07-27 21:43:17
CLM-0000640,RX-0000640,PH-003,Care Network,2026-07-14 21:27:00,65.48,51.46,14.02,Approved,,0,2026-07-14 21:51:00
CLM-0000641,RX-0000641,PH-003,United Mock,2026-06-22 10:31:18,25.15,15.19,9.96,Approved,,0,2026-06-22 10:50:18
CLM-0000642,RX-0000642,PH-003,PayerOne,2026-06-18 11:55:47,31.8,28.65,3.15,Approved,,0,2026-06-18 12:16:47
CLM-0000643,RX-0000643,PH-004,United Mock,2026-05-22 10:34:51,43.29,26.01,17.28,Approved,,0,2026-05-22 10:59:51
CLM-0000644,RX-0000644,PH-001,Care Network,2026-07-14 21:17:08,31.01,28.12,2.89,Approved,,0,2026-07-14 21:39:08
CLM-0000645,RX-0000645,PH-005,HealthPlan TX,2026-05-17 21:12:22,103.99,83.77,20.22,Approved,,0,2026-05-17 21:31:22
CLM-0000646,RX-0000646,PH-004,United Mock,2026-06-18 17:58:21,72.05,56.73,15.32,Approved,,0,2026-06-18 18:10:21
CLM-0000647,RX-0000647,PH-002,United Mock,2026-06-23 08:25:22,18.63,15.79,2.84,Approved,,0,2026-06-23 09:02:22
CLM-0000648,RX-0000648,PH-001,HealthPlan TX,2026-07-01 21:04:12,95.08,0,8.75,Rejected,E14,2,2026-07-04 03:04:12
CLM-0000649,RX-0000649,PH-004,HealthPlan TX,2026-05-26 18:46:58,114.76,72.17,42.59,Approved,,0,2026-05-26 18:59:58
CLM-0000650,RX-0000650,PH-003,PayerOne,2026-07-26 10:35:06,116.47,76.47,40.0,Approved,,0,2026-07-26 11:13:06
CLM-0000651,RX-0000651,PH-004,United Mock,2026-07-29 14:47:21,68.25,52.89,15.36,Approved,,0,2026-07-29 14:52:21
CLM-0000652,RX-0000652,PH-005,United Mock,2026-07-28 12:50:51,66.87,59.0,7.87,Approved,,0,2026-07-28 13:19:51
CLM-0000653,RX-0000653,PH-005,United Mock,2026-05-10 17:44:07,47.94,38.19,9.75,Approved,,0,2026-05-10 18:17:07
CLM-0000654,RX-0000654,PH-004,PayerOne,2026-07-10 13:51:53,48.17,39.04,9.13,Approved,,0,2026-07-10 14:26:53
CLM-0000655,RX-0000655,PH-001,Care Network,2026-07-06 21:16:53,33.71,26.17,7.54,Approved,,0,2026-07-06 21:29:53
CLM-0000656,RX-0000656,PH-001,PayerOne,2026-05-08 17:32:12,57.48,37.58,19.9,Approved,,0,2026-05-08 18:04:12
CLM-0000657,RX-0000657,PH-001,Care Network,2026-05-10 17:41:34,26.89,24.33,2.56,Approved,,0,2026-05-10 17:59:34
CLM-0000658,RX-0000658,PH-005,HealthPlan TX,2026-06-20 09:49:33,97.07,67.43,29.64,Approved,,0,2026-06-20 10:13:33
CLM-0000659,RX-0000659,PH-001,HealthPlan TX,2026-06-25 16:16:17,19.95,13.92,6.03,Approved,,0,2026-06-25 16:48:17
CLM-0000660,RX-0000660,PH-001,PayerOne,2026-06-27 19:00:17,55.04,34.96,20.08,Approved,,0,2026-06-27 19:33:17
CLM-0000661,RX-0000661,PH-001,United Mock,2026-05-10 10:14:40,31.56,23.3,8.26,Approved,,0,2026-05-10 10:26:40
CLM-0000662,RX-0000662,PH-003,United Mock,2026-07-06 09:09:56,31.28,27.08,4.2,Approved,,0,2026-07-06 09:34:56
CLM-0000663,RX-0000663,PH-004,Care Network,2026-06-01 09:50:19,63.95,48.67,15.28,Approved,,0,2026-06-01 10:19:19
CLM-0000664,RX-0000664,PH-003,HealthPlan TX,2026-06-12 20:18:02,84.46,72.56,11.9,Approved,,0,2026-06-12 20:39:02
CLM-0000665,RX-0000665,PH-005,United Mock,2026-06-24 13:41:59,44.37,39.46,4.91,Approved,,0,2026-06-24 14:06:59
CLM-0000666,RX-0000666,PH-002,PayerOne,2026-05-03 17:04:02,115.99,91.66,24.33,Approved,,0,2026-05-03 17:42:02
CLM-0000667,RX-0000667,PH-003,HealthPlan TX,2026-07-23 16:31:39,26.34,23.94,2.4,Approved,,0,2026-07-23 16:50:39
CLM-0000668,RX-0000668,PH-001,Care Network,2026-07-27 09:25:21,96.12,59.3,36.82,Approved,,0,2026-07-27 09:48:21
CLM-0000669,RX-0000669,PH-002,Care Network,2026-07-02 14:38:10,66.11,46.23,19.88,Approved,,0,2026-07-02 15:28:10
CLM-0000670,RX-0000670,PH-002,Care Network,2026-06-13 21:09:36,75.82,64.39,11.43,Approved,,0,2026-06-13 21:58:36
CLM-0000671,RX-0000671,PH-003,Care Network,2026-07-26 19:03:01,19.8,18.05,1.75,Approved,,0,2026-07-26 19:25:01
CLM-0000672,RX-0000672,PH-003,HealthPlan TX,2026-05-15 21:35:04,82.99,55.15,27.84,Approved,,0,2026-05-15 22:08:04
CLM-0000673,RX-0000673,PH-001,United Mock,2026-07-18 14:48:22,16.49,15.12,1.37,Approved,,0,2026-07-18 15:18:22
CLM-0000674,RX-0000674,PH-005,PayerOne,2026-05-31 08:39:04,32.87,26.1,6.77,Approved,,0,2026-05-31 09:11:04
CLM-0000675,RX-0000675,PH-002,Care Network,2026-05-28 18:29:48,29.98,19.23,10.75,Approved,,0,2026-05-28 18:59:48
CLM-0000676,RX-0000676,PH-004,PayerOne,2026-07-08 18:44:42,111.82,0,43.32,Rejected,E22,2,2026-07-10 06:44:42
CLM-0000677,RX-0000677,PH-003,United Mock,2026-05-31 14:12:55,53.6,34.93,18.67,Approved,,0,2026-05-31 15:14:55
CLM-0000678,RX-0000678,PH-005,Care Network,2026-05-21 08:54:56,69.76,54.73,15.03,Approved,,0,2026-05-21 09:24:56
CLM-0000679,RX-0000679,PH-005,PayerOne,2026-05-27 08:35:37,76.0,68.93,7.07,Approved,,0,2026-05-27 09:07:37
CLM-0000680,RX-0000680,PH-001,HealthPlan TX,2026-07-16 19:47:04,54.75,46.72,8.03,Approved,,0,2026-07-16 20:06:04
CLM-0000681,RX-0000681,PH-001,United Mock,2026-07-24 21:44:22,128.68,87.76,40.92,Approved,,0,2026-07-24 22:15:22
CLM-0000682,RX-0000682,PH-001,HealthPlan TX,2026-07-07 15:58:13,21.34,18.06,3.28,Approved,,0,2026-07-07 16:18:13
CLM-0000683,RX-0000683,PH-004,HealthPlan TX,2026-05-17 19:17:20,22.86,17.27,5.59,Approved,,0,2026-05-17 19:51:20
CLM-0000684,RX-0000684,PH-003,United Mock,2026-07-29 14:05:07,26.15,24.3,1.85,Approved,,0,2026-07-29 14:30:07
CLM-0000685,RX-0000685,PH-003,Care Network,2026-07-22 17:40:58,69.33,0,4.78,Rejected,E14,2,2026-07-22 20:40:58
CLM-0000686,RX-0000686,PH-005,Care Network,2026-07-16 15:14:20,69.96,64.12,5.84,Approved,,0,2026-07-16 15:33:20
CLM-0000687,RX-0000687,PH-001,PayerOne,2026-07-03 13:23:19,33.86,23.83,10.03,Approved,,0,2026-07-03 13:52:19
CLM-0000688,RX-0000688,PH-005,Care Network,2026-07-16 12:58:16,69.0,51.89,17.11,Approved,,0,2026-07-16 13:08:16
CLM-0000689,RX-0000689,PH-005,United Mock,2026-07-31 16:13:33,22.61,16.53,6.08,Approved,,0,2026-07-31 16:47:33
CLM-0000690,RX-0000690,PH-001,United Mock,2026-07-23 10:31:18,21.37,12.92,8.45,Approved,,0,2026-07-23 11:07:18
CLM-0000691,RX-0000691,PH-003,PayerOne,2026-07-30 08:02:34,42.86,27.42,15.44,Approved,,0,2026-07-30 08:08:34
CLM-0000692,RX-0000692,PH-002,HealthPlan TX,2026-06-20 11:11:05,39.61,32.62,6.99,Approved,,0,2026-06-20 11:51:05
CLM-0000693,RX-0000693,PH-004,United Mock,2026-07-29 15:26:43,134.21,108.88,25.33,Approved,,0,2026-07-29 15:35:43
CLM-0000694,RX-0000694,PH-003,Care Network,2026-05-29 21:12:35,46.47,36.07,10.4,Approved,,0,2026-05-29 21:35:35
CLM-0000695,RX-0000695,PH-002,United Mock,2026-06-06 08:21:19,26.52,23.81,2.71,Approved,,0,2026-06-06 08:46:19
CLM-0000696,RX-0000696,PH-005,HealthPlan TX,2026-06-05 10:09:03,44.05,35.65,8.4,Approved,,0,2026-06-05 10:35:03
CLM-0000697,RX-0000697,PH-005,HealthPlan TX,2026-05-31 08:11:02,35.12,23.2,11.92,Approved,,0,2026-05-31 08:40:02
CLM-0000698,RX-0000698,PH-004,United Mock,2026-07-28 10:19:26,109.01,97.72,11.29,Approved,,0,2026-07-28 10:51:26
CLM-0000699,RX-0000699,PH-004,United Mock,2026-05-18 16:21:38,82.49,55.23,27.26,Approved,,0,2026-05-18 16:52:38
CLM-0000700,RX-0000700,PH-003,PayerOne,2026-05-12 18:12:36,96.86,61.52,35.34,Approved,,0,2026-05-12 19:01:36
CLM-0000701,RX-0000701,PH-003,HealthPlan TX,2026-07-27 21:46:42,16.01,11.8,4.21,Approved,,0,2026-07-27 22:10:42
CLM-0000702,RX-0000702,PH-001,HealthPlan TX,2026-06-23 08:35:26,64.05,41.87,22.18,Approved,,0,2026-06-23 08:54:26
CLM-0000703,RX-0000703,PH-005,United Mock,2026-07-07 20:45:49,106.9,69.07,37.83,Approved,,0,2026-07-07 21:12:49
CLM-0000704,RX-0000704,PH-005,PayerOne,2026-06-22 09:17:39,119.89,88.0,31.89,Approved,,0,2026-06-22 09:53:39
CLM-0000705,RX-0000705,PH-001,United Mock,2026-06-14 18:54:18,25.97,17.58,8.39,Approved,,0,2026-06-14 19:29:18
CLM-0000706,RX-0000706,PH-002,United Mock,2026-06-05 20:12:47,17.94,14.99,2.95,Approved,,0,2026-06-05 20:29:47
CLM-0000707,RX-0000707,PH-004,United Mock,2026-06-24 08:00:21,108.49,0,38.45,Rejected,E14,0,2026-06-27 08:00:21
CLM-0000708,RX-0000708,PH-005,HealthPlan TX,2026-07-06 18:37:05,18.53,13.17,5.36,Approved,,0,2026-07-06 19:02:05
CLM-0000709,RX-0000709,PH-002,PayerOne,2026-07-09 11:43:14,60.63,51.33,9.3,Approved,,0,2026-07-09 12:14:14
CLM-0000710,RX-0000710,PH-005,Care Network,2026-07-18 13:53:19,85.82,75.01,10.81,Approved,,0,2026-07-18 14:27:19
CLM-0000711,RX-0000711,PH-001,United Mock,2026-06-09 15:29:53,24.53,21.26,3.27,Approved,,0,2026-06-09 16:04:53
CLM-0000712,RX-0000712,PH-001,United Mock,2026-07-15 18:36:41,89.42,62.11,27.31,Approved,,0,2026-07-15 18:45:41
CLM-0000713,RX-0000713,PH-002,HealthPlan TX,2026-06-03 16:42:47,133.21,102.77,30.44,Approved,,0,2026-06-03 17:20:47
CLM-0000714,RX-0000714,PH-004,United Mock,2026-07-20 11:08:05,73.53,67.16,6.37,Approved,,0,2026-07-20 11:40:05
CLM-0000715,RX-0000715,PH-002,Care Network,2026-07-19 19:45:41,46.98,40.97,6.01,Approved,,0,2026-07-19 20:30:41
CLM-0000716,RX-0000716,PH-005,HealthPlan TX,2026-07-23 20:53:17,31.45,24.82,6.63,Approved,,0,2026-07-23 21:25:17
CLM-0000717,RX-0000717,PH-005,PayerOne,2026-06-17 19:12:24,94.84,85.22,9.62,Approved,,0,2026-06-17 19:45:24
CLM-0000718,RX-0000718,PH-005,PayerOne,2026-07-29 21:10:23,102.33,72.82,29.51,Approved,,0,2026-07-29 21:34:23
CLM-0000719,RX-0000719,PH-001,Care Network,2026-05-21 15:02:05,58.62,46.58,12.04,Approved,,0,2026-05-21 15:17:05
CLM-0000720,RX-0000720,PH-005,HealthPlan TX,2026-07-10 20:26:41,61.67,42.33,19.34,Approved,,0,2026-07-10 21:05:41
CLM-0000721,RX-0000721,PH-003,United Mock,2026-07-17 09:01:57,41.91,25.97,15.94,Approved,,0,2026-07-17 09:21:57
CLM-0000722,RX-0000722,PH-005,United Mock,2026-05-10 21:06:28,128.6,90.51,38.09,Approved,,0,2026-05-10 21:40:28
CLM-0000723,RX-0000723,PH-003,HealthPlan TX,2026-07-05 21:46:32,78.47,62.25,16.22,Approved,,0,2026-07-05 22:15:32
CLM-0000724,RX-0000724,PH-001,PayerOne,2026-05-17 20:24:07,74.85,68.8,6.05,Approved,,0,2026-05-17 21:05:07
CLM-0000725,RX-0000725,PH-005,PayerOne,2026-05-19 18:26:18,86.92,77.11,9.81,Approved,,0,2026-05-19 19:05:18
CLM-0000726,RX-0000726,PH-003,HealthPlan TX,2026-07-12 08:26:36,48.24,41.24,7.0,Approved,,0,2026-07-12 08:36:36
CLM-0000727,RX-0000727,PH-004,PayerOne,2026-07-18 19:30:40,119.03,101.31,17.72,Approved,,0,2026-07-18 20:14:40
CLM-0000728,RX-0000728,PH-004,Care Network,2026-05-28 16:39:37,19.78,0,2.26,Rejected,E14,2,2026-05-28 18:39:37
CLM-0000729,RX-0000729,PH-005,United Mock,2026-05-29 11:36:37,57.86,49.37,8.49,Approved,,0,2026-05-29 11:52:37
CLM-0000730,RX-0000730,PH-003,HealthPlan TX,2026-06-10 20:20:27,93.3,56.53,36.77,Approved,,0,2026-06-10 20:37:27
CLM-0000731,RX-0000731,PH-004,HealthPlan TX,2026-07-08 19:39:38,116.84,99.94,16.9,Approved,,0,2026-07-08 20:13:38
CLM-0000732,RX-0000732,PH-001,United Mock,2026-05-04 21:21:06,36.15,0,3.59,Rejected,E01,1,2026-05-07 02:21:06
CLM-0000733,RX-0000733,PH-001,Care Network,2026-06-04 11:26:06,101.4,86.9,14.5,Approved,,0,2026-06-04 11:59:06
CLM-0000734,RX-0000734,PH-005,PayerOne,2026-07-15 11:41:27,22.91,17.39,5.52,Approved,,0,2026-07-15 12:16:27
CLM-0000735,RX-0000735,PH-001,PayerOne,2026-05-05 09:26:33,32.51,30.06,2.45,Approved,,0,2026-05-05 09:58:33
CLM-0000736,RX-0000736,PH-005,HealthPlan TX,2026-05-15 10:38:14,19.85,13.58,6.27,Approved,,0,2026-05-15 11:02:14
CLM-0000737,RX-0000737,PH-002,United Mock,2026-07-17 20:49:31,10.74,6.56,4.18,Approved,,0,2026-07-17 21:16:31
CLM-0000738,RX-0000738,PH-005,PayerOne,2026-07-21 13:17:46,48.14,36.71,11.43,Approved,,0,2026-07-21 13:52:46
CLM-0000739,RX-0000739,PH-002,PayerOne,2026-07-09 17:44:04,112.54,79.18,33.36,Approved,,0,2026-07-09 17:53:04
CLM-0000740,RX-0000740,PH-003,Care Network,2026-06-06 17:22:37,48.81,44.98,3.83,Approved,,0,2026-06-06 17:40:37
CLM-0000741,RX-0000741,PH-005,PayerOne,2026-07-03 15:11:46,41.59,37.17,4.42,Approved,,0,2026-07-03 15:19:46
CLM-0000742,RX-0000742,PH-001,HealthPlan TX,2026-06-30 09:15:09,40.0,34.08,5.92,Approved,,0,2026-06-30 09:27:09
CLM-0000743,RX-0000743,PH-002,PayerOne,2026-06-08 10:11:04,79.72,65.13,14.59,Approved,,0,2026-06-08 10:44:04
CLM-0000744,RX-0000744,PH-004,PayerOne,2026-07-09 16:18:57,75.1,0,29.02,Rejected,E14,2,2026-07-11 14:18:57
CLM-0000745,RX-0000745,PH-003,Care Network,2026-05-12 13:20:24,66.64,49.27,17.37,Approved,,0,2026-05-12 13:44:24
CLM-0000746,RX-0000746,PH-001,HealthPlan TX,2026-07-12 13:12:11,46.71,30.01,16.7,Approved,,0,2026-07-12 13:38:11
CLM-0000747,RX-0000747,PH-001,PayerOne,2026-05-18 12:49:07,23.21,21.91,1.3,Approved,,0,2026-05-18 12:54:07
CLM-0000748,RX-0000748,PH-005,Care Network,2026-05-15 09:12:16,74.76,45.18,29.58,Approved,,0,2026-05-15 09:19:16
CLM-0000749,RX-0000749,PH-003,Care Network,2026-05-20 20:34:47,27.21,21.67,5.54,Approved,,0,2026-05-20 20:59:47
CLM-0000750,RX-0000750,PH-003,Care Network,2026-06-17 10:57:06,13.53,8.48,5.05,Approved,,0,2026-06-17 11:35:06
CLM-0000751,RX-0000751,PH-004,Care Network,2026-07-23 17:55:54,20.28,0,7.26,Rejected,E14,0,2026-07-25 11:55:54
CLM-0000752,RX-0000752,PH-001,PayerOne,2026-05-17 10:29:08,77.79,64.5,13.29,Approved,,0,2026-05-17 11:02:08
CLM-0000753,RX-0000753,PH-002,Care Network,2026-05-22 11:27:00,23.36,18.88,4.48,Approved,,0,2026-05-22 12:06:00
CLM-0000754,RX-0000754,PH-005,Care Network,2026-07-18 20:16:56,122.25,114.83,7.42,Approved,,0,2026-07-18 20:32:56
CLM-0000755,RX-0000755,PH-005,Care Network,2026-07-28 09:07:31,73.93,53.37,20.56,Approved,,0,2026-07-28 09:36:31
CLM-0000756,RX-0000756,PH-005,United Mock,2026-06-11 17:36:05,43.39,35.57,7.82,Approved,,0,2026-06-11 17:55:05
CLM-0000757,RX-0000757,PH-005,Care Network,2026-07-25 21:44:21,40.89,33.87,7.02,Approved,,0,2026-07-25 22:11:21
CLM-0000758,RX-0000758,PH-005,PayerOne,2026-06-28 20:11:51,99.78,79.86,19.92,Approved,,0,2026-06-28 20:47:51
CLM-0000759,RX-0000759,PH-003,HealthPlan TX,2026-06-11 19:33:46,18.92,16.25,2.67,Approved,,0,2026-06-11 20:09:46
CLM-0000760,RX-0000760,PH-002,Care Network,2026-07-27 08:55:26,28.54,23.07,5.47,Approved,,0,2026-07-27 09:10:26
CLM-0000761,RX-0000761,PH-001,United Mock,2026-07-28 13:02:23,70.77,66.46,4.31,Approved,,0,2026-07-28 13:19:23
CLM-0000762,RX-0000762,PH-002,PayerOne,2026-06-10 15:17:33,61.1,48.11,12.99,Approved,,0,2026-06-10 15:28:33
CLM-0000763,RX-0000763,PH-004,United Mock,2026-05-06 21:13:50,65.19,48.26,16.93,Approved,,0,2026-05-06 21:36:50
CLM-0000764,RX-0000764,PH-004,Care Network,2026-06-13 09:39:25,18.33,15.73,2.6,Approved,,0,2026-06-13 09:49:25
CLM-0000765,RX-0000765,PH-001,Care Network,2026-07-04 13:23:23,129.75,110.44,19.31,Approved,,0,2026-07-04 13:54:23
CLM-0000766,RX-0000766,PH-003,Care Network,2026-05-16 17:43:48,41.95,25.23,16.72,Approved,,0,2026-05-16 18:04:48
CLM-0000767,RX-0000767,PH-001,Care Network,2026-07-17 08:33:48,35.12,31.55,3.57,Approved,,0,2026-07-17 08:42:48
CLM-0000768,RX-0000768,PH-001,United Mock,2026-05-01 13:19:48,85.1,63.27,21.83,Approved,,0,2026-05-01 13:41:48
CLM-0000769,RX-0000769,PH-001,Care Network,2026-05-26 08:57:29,19.15,17.52,1.63,Approved,,0,2026-05-26 09:27:29
CLM-0000770,RX-0000770,PH-003,HealthPlan TX,2026-06-02 11:34:01,39.18,31.84,7.34,Approved,,0,2026-06-02 12:11:01
CLM-0000771,RX-0000771,PH-001,Care Network,2026-07-25 09:27:35,73.13,45.93,27.2,Approved,,0,2026-07-25 09:42:35
CLM-0000772,RX-0000772,PH-003,HealthPlan TX,2026-05-11 19:14:57,61.01,52.5,8.51,Approved,,0,2026-05-11 19:44:57
CLM-0000773,RX-0000773,PH-001,Care Network,2026-05-23 13:49:23,37.12,33.73,3.39,Approved,,0,2026-05-23 14:12:23
CLM-0000774,RX-0000774,PH-002,United Mock,2026-06-04 12:56:05,67.24,40.96,26.28,Approved,,0,2026-06-04 13:34:05
CLM-0000775,RX-0000775,PH-002,United Mock,2026-05-29 14:12:36,40.28,29.92,10.36,Approved,,0,2026-05-29 14:47:36
CLM-0000776,RX-0000776,PH-005,Care Network,2026-07-24 21:21:52,65.63,40.74,24.89,Approved,,0,2026-07-24 21:43:52
CLM-0000777,RX-0000777,PH-002,HealthPlan TX,2026-07-25 21:11:50,120.23,114.08,6.15,Approved,,0,2026-07-25 21:28:50
CLM-0000778,RX-0000778,PH-005,United Mock,2026-07-11 21:12:01,21.78,13.91,7.87,Approved,,0,2026-07-11 21:40:01
CLM-0000779,RX-0000779,PH-001,PayerOne,2026-07-09 13:15:04,108.99,93.18,15.81,Approved,,0,2026-07-09 13:46:04
CLM-0000780,RX-0000780,PH-002,Care Network,2026-05-03 12:56:11,28.91,24.01,4.9,Approved,,0,2026-05-03 13:19:11
CLM-0000781,RX-0000781,PH-005,PayerOne,2026-07-04 10:34:33,23.58,14.67,8.91,Approved,,0,2026-07-04 11:09:33
CLM-0000782,RX-0000782,PH-004,HealthPlan TX,2026-06-30 21:56:52,117.58,86.14,31.44,Approved,,0,2026-06-30 22:12:52
CLM-0000783,RX-0000783,PH-002,HealthPlan TX,2026-05-03 11:04:52,11.04,10.41,0.63,Approved,,0,2026-05-03 11:29:52
CLM-0000784,RX-0000784,PH-003,United Mock,2026-06-20 14:09:42,40.67,33.06,7.61,Approved,,0,2026-06-20 14:36:42
CLM-0000785,RX-0000785,PH-001,Care Network,2026-06-08 08:32:34,29.69,19.49,10.2,Approved,,0,2026-06-08 08:49:34
CLM-0000786,RX-0000786,PH-001,United Mock,2026-07-01 15:19:34,40.04,34.65,5.39,Approved,,0,2026-07-01 15:56:34
CLM-0000787,RX-0000787,PH-005,Care Network,2026-06-29 14:30:02,70.52,66.14,4.38,Approved,,0,2026-06-29 14:58:02
CLM-0000788,RX-0000788,PH-005,HealthPlan TX,2026-05-09 19:03:52,23.26,15.12,8.14,Approved,,0,2026-05-09 19:37:52
CLM-0000789,RX-0000789,PH-004,United Mock,2026-06-24 20:35:52,44.76,37.78,6.98,Approved,,0,2026-06-24 21:22:52
CLM-0000790,RX-0000790,PH-004,HealthPlan TX,2026-05-01 10:05:16,37.04,35.02,2.02,Approved,,0,2026-05-01 10:24:16
CLM-0000791,RX-0000791,PH-005,United Mock,2026-07-18 11:39:48,22.82,16.59,6.23,Approved,,0,2026-07-18 12:10:48
CLM-0000792,RX-0000792,PH-004,United Mock,2026-05-25 14:14:26,91.54,61.4,30.14,Approved,,0,2026-05-25 14:36:26
CLM-0000793,RX-0000793,PH-004,United Mock,2026-07-10 16:54:23,110.1,98.64,11.46,Approved,,0,2026-07-10 17:20:23
CLM-0000794,RX-0000794,PH-004,PayerOne,2026-07-25 21:26:37,84.9,70.13,14.77,Approved,,0,2026-07-25 22:06:37
CLM-0000795,RX-0000795,PH-001,Care Network,2026-05-26 15:25:26,110.42,0,24.55,Rejected,E31,1,2026-05-27 22:25:26
CLM-0000796,RX-0000796,PH-005,PayerOne,2026-07-17 08:55:31,45.69,0,15.35,Rejected,E22,0,2026-07-18 16:55:31
CLM-0000797,RX-0000797,PH-005,Care Network,2026-06-02 09:51:34,36.82,23.4,13.42,Approved,,0,2026-06-02 10:24:34
CLM-0000798,RX-0000798,PH-001,PayerOne,2026-06-13 20:41:58,90.68,63.19,27.49,Approved,,0,2026-06-13 20:54:58
CLM-0000799,RX-0000799,PH-002,PayerOne,2026-05-23 19:44:30,34.73,29.3,5.43,Approved,,0,2026-05-23 20:04:30
CLM-0000800,RX-0000800,PH-004,Care Network,2026-07-30 13:08:28,31.45,26.37,5.08,Approved,,0,2026-07-30 13:38:28
CLM-0000801,RX-0000801,PH-002,PayerOne,2026-07-02 20:54:56,86.09,80.79,5.3,Approved,,0,2026-07-02 21:15:56
CLM-0000802,RX-0000802,PH-003,Care Network,2026-05-20 13:15:57,38.34,26.12,12.22,Approved,,0,2026-05-20 13:42:57
CLM-0000803,RX-0000803,PH-005,HealthPlan TX,2026-06-08 14:40:58,109.15,101.43,7.72,Approved,,0,2026-06-08 14:46:58
CLM-0000804,RX-0000804,PH-001,HealthPlan TX,2026-06-25 18:26:44,73.31,49.26,24.05,Approved,,0,2026-06-25 18:51:44
CLM-0000805,RX-0000805,PH-005,Care Network,2026-06-06 13:33:12,32.97,22.36,10.61,Approved,,0,2026-06-06 13:45:12
CLM-0000806,RX-0000806,PH-004,United Mock,2026-06-23 15:39:33,161.39,108.76,52.63,Approved,,0,2026-06-23 16:09:33
CLM-0000807,RX-0000807,PH-004,United Mock,2026-05-03 11:36:05,109.6,78.24,31.36,Approved,,0,2026-05-03 12:26:05
CLM-0000808,RX-0000808,PH-001,United Mock,2026-07-13 15:05:16,68.1,48.91,19.19,Approved,,0,2026-07-13 15:38:16
CLM-0000809,RX-0000809,PH-004,Care Network,2026-07-29 16:43:24,51.0,40.31,10.69,Approved,,0,2026-07-29 17:34:24
CLM-0000810,RX-0000810,PH-003,Care Network,2026-07-15 14:52:38,80.37,55.33,25.04,Approved,,0,2026-07-15 15:33:38
CLM-0000811,RX-0000811,PH-002,Care Network,2026-06-27 10:38:12,31.62,19.95,11.67,Approved,,0,2026-06-27 11:15:12
CLM-0000812,RX-0000812,PH-002,United Mock,2026-05-11 11:12:25,140.5,118.79,21.71,Approved,,0,2026-05-11 11:34:25
CLM-0000813,RX-0000813,PH-002,Care Network,2026-07-26 09:19:35,138.08,129.75,8.33,Approved,,0,2026-07-26 09:43:35
CLM-0000814,RX-0000814,PH-001,United Mock,2026-07-11 13:15:08,145.05,130.34,14.71,Approved,,0,2026-07-11 13:53:08
CLM-0000815,RX-0000815,PH-003,Care Network,2026-07-20 20:54:05,52.32,48.11,4.21,Approved,,0,2026-07-20 21:34:05
CLM-0000816,RX-0000816,PH-003,PayerOne,2026-06-03 09:24:15,79.94,71.46,8.48,Approved,,0,2026-06-03 09:44:15
CLM-0000817,RX-0000817,PH-003,Care Network,2026-06-10 11:57:52,84.98,77.55,7.43,Approved,,0,2026-06-10 12:10:52
CLM-0000818,RX-0000818,PH-004,United Mock,2026-05-22 10:17:50,38.02,35.29,2.73,Approved,,0,2026-05-22 10:39:50
CLM-0000819,RX-0000819,PH-005,United Mock,2026-05-23 20:25:57,41.73,26.55,15.18,Approved,,0,2026-05-23 20:55:57
CLM-0000820,RX-0000820,PH-003,Care Network,2026-07-12 11:39:50,25.81,18.29,7.52,Approved,,0,2026-07-12 12:03:50
CLM-0000821,RX-0000821,PH-004,PayerOne,2026-07-02 12:26:31,36.04,22.49,13.55,Approved,,0,2026-07-02 13:07:31
CLM-0000822,RX-0000822,PH-005,United Mock,2026-06-27 12:02:53,76.51,49.82,26.69,Approved,,0,2026-06-27 12:32:53
CLM-0000823,RX-0000823,PH-004,United Mock,2026-06-15 09:18:00,124.37,86.19,38.18,Approved,,0,2026-06-15 09:51:00
CLM-0000824,RX-0000824,PH-005,Care Network,2026-05-21 12:50:47,99.0,79.21,19.79,Approved,,0,2026-05-21 13:24:47
CLM-0000825,RX-0000825,PH-002,HealthPlan TX,2026-06-17 15:29:15,64.07,45.52,18.55,Approved,,0,2026-06-17 15:58:15
CLM-0000826,RX-0000826,PH-002,HealthPlan TX,2026-05-14 21:13:32,10.75,8.95,1.8,Approved,,0,2026-05-14 22:03:32
CLM-0000827,RX-0000827,PH-003,HealthPlan TX,2026-07-16 21:09:15,67.51,54.57,12.94,Approved,,0,2026-07-16 21:26:15
CLM-0000828,RX-0000828,PH-003,United Mock,2026-06-12 14:39:18,93.71,64.34,29.37,Approved,,0,2026-06-12 15:17:18
CLM-0000829,RX-0000829,PH-001,PayerOne,2026-05-07 08:31:43,34.66,25.65,9.01,Approved,,0,2026-05-07 09:24:43
CLM-0000830,RX-0000830,PH-004,United Mock,2026-07-10 10:23:29,82.84,62.93,19.91,Approved,,0,2026-07-10 10:55:29
CLM-0000831,RX-0000831,PH-003,United Mock,2026-06-08 18:55:29,125.46,114.31,11.15,Approved,,0,2026-06-08 19:22:29
CLM-0000832,RX-0000832,PH-003,United Mock,2026-07-21 20:32:04,63.49,56.15,7.34,Approved,,0,2026-07-21 21:20:04
CLM-0000833,RX-0000833,PH-004,Care Network,2026-05-29 13:26:26,47.36,0,11.21,Rejected,E31,1,2026-05-30 19:26:26
CLM-0000834,RX-0000834,PH-001,Care Network,2026-07-18 09:00:40,55.92,41.0,14.92,Approved,,0,2026-07-18 09:22:40
CLM-0000835,RX-0000835,PH-001,PayerOne,2026-06-24 20:27:09,134.48,107.95,26.53,Approved,,0,2026-06-24 20:49:09
CLM-0000836,RX-0000836,PH-003,Care Network,2026-05-15 15:44:00,57.14,0,20.88,Rejected,E22,1,2026-05-15 23:44:00
CLM-0000837,RX-0000837,PH-001,HealthPlan TX,2026-05-13 10:01:45,38.75,29.32,9.43,Approved,,0,2026-05-13 10:25:45
CLM-0000838,RX-0000838,PH-004,PayerOne,2026-06-18 12:37:59,72.13,51.73,20.4,Approved,,0,2026-06-18 13:01:59
CLM-0000839,RX-0000839,PH-003,PayerOne,2026-06-20 20:27:22,87.43,73.16,14.27,Approved,,0,2026-06-20 20:43:22
CLM-0000840,RX-0000840,PH-001,HealthPlan TX,2026-07-04 11:55:36,26.1,17.88,8.22,Approved,,0,2026-07-04 12:33:36
CLM-0000841,RX-0000841,PH-001,HealthPlan TX,2026-05-22 16:14:43,72.61,48.37,24.24,Approved,,0,2026-05-22 16:48:43
CLM-0000842,RX-0000842,PH-002,Care Network,2026-06-27 20:42:33,148.64,139.06,9.58,Approved,,0,2026-06-27 21:14:33
CLM-0000843,RX-0000843,PH-005,Care Network,2026-07-22 16:36:05,31.4,26.78,4.62,Approved,,0,2026-07-22 17:07:05
CLM-0000844,RX-0000844,PH-005,Care Network,2026-05-18 11:47:35,82.03,76.7,5.33,Approved,,0,2026-05-18 12:24:35
CLM-0000845,RX-0000845,PH-001,United Mock,2026-06-21 09:21:19,46.44,30.46,15.98,Approved,,0,2026-06-21 09:55:19
CLM-0000846,RX-0000846,PH-001,HealthPlan TX,2026-07-09 15:23:01,78.45,58.39,20.06,Approved,,0,2026-07-09 15:46:01
CLM-0000847,RX-0000847,PH-005,Care Network,2026-07-11 16:39:57,47.48,44.14,3.34,Approved,,0,2026-07-11 17:11:57
CLM-0000848,RX-0000848,PH-002,PayerOne,2026-05-27 18:27:57,8.75,7.06,1.69,Approved,,0,2026-05-27 19:09:57
CLM-0000849,RX-0000849,PH-001,HealthPlan TX,2026-05-16 11:16:10,35.3,25.01,10.29,Approved,,0,2026-05-16 11:41:10
CLM-0000850,RX-0000850,PH-003,HealthPlan TX,2026-05-25 10:51:32,42.18,26.74,15.44,Approved,,0,2026-05-25 11:22:32
CLM-0000851,RX-0000851,PH-003,Care Network,2026-06-16 20:15:05,57.01,53.42,3.59,Approved,,0,2026-06-16 20:58:05
CLM-0000852,RX-0000852,PH-003,HealthPlan TX,2026-06-14 09:05:00,90.2,0,7.11,Rejected,E31,2,2026-06-15 06:05:00
CLM-0000853,RX-0000853,PH-004,HealthPlan TX,2026-06-12 20:13:25,63.39,55.04,8.35,Approved,,0,2026-06-12 20:36:25
CLM-0000854,RX-0000854,PH-003,Care Network,2026-07-15 09:18:17,49.61,32.91,16.7,Approved,,0,2026-07-15 09:27:17
CLM-0000855,RX-0000855,PH-002,United Mock,2026-07-07 21:01:38,69.72,47.88,21.84,Approved,,0,2026-07-07 21:32:38
CLM-0000856,RX-0000856,PH-001,Care Network,2026-06-23 20:12:35,108.99,100.24,8.75,Approved,,0,2026-06-23 20:28:35
CLM-0000857,RX-0000857,PH-002,PayerOne,2026-06-05 09:50:02,20.36,15.43,4.93,Approved,,0,2026-06-05 10:40:02
CLM-0000858,RX-0000858,PH-002,PayerOne,2026-05-25 21:05:57,143.47,131.68,11.79,Approved,,0,2026-05-25 21:12:57
CLM-0000859,RX-0000859,PH-002,HealthPlan TX,2026-06-14 12:21:41,18.07,11.25,6.82,Approved,,0,2026-06-14 13:05:41
CLM-0000860,RX-0000860,PH-003,Care Network,2026-06-02 15:38:27,134.71,119.24,15.47,Approved,,0,2026-06-02 15:43:27
CLM-0000861,RX-0000861,PH-005,United Mock,2026-07-28 13:59:58,70.88,43.34,27.54,Approved,,0,2026-07-28 14:32:58
CLM-0000862,RX-0000862,PH-003,HealthPlan TX,2026-07-27 12:46:39,50.73,36.11,14.62,Approved,,0,2026-07-27 13:18:39
CLM-0000863,RX-0000863,PH-002,Care Network,2026-05-29 18:43:06,87.71,82.2,5.51,Approved,,0,2026-05-29 19:18:06
CLM-0000864,RX-0000864,PH-001,PayerOne,2026-05-27 18:40:22,12.61,7.96,4.65,Approved,,0,2026-05-27 19:10:22
CLM-0000865,RX-0000865,PH-003,United Mock,2026-05-02 10:19:21,78.73,73.28,5.45,Approved,,0,2026-05-02 10:37:21
CLM-0000866,RX-0000866,PH-004,PayerOne,2026-06-17 11:28:23,61.33,39.65,21.68,Approved,,0,2026-06-17 12:11:23
CLM-0000867,RX-0000867,PH-004,Care Network,2026-06-05 08:52:09,81.81,68.56,13.25,Approved,,0,2026-06-05 09:26:09
CLM-0000868,RX-0000868,PH-003,Care Network,2026-07-21 21:54:33,95.19,74.66,20.53,Approved,,0,2026-07-21 22:24:33
CLM-0000869,RX-0000869,PH-004,Care Network,2026-05-10 12:55:24,28.02,0,8.5,Rejected,E01,2,2026-05-12 20:55:24
CLM-0000870,RX-0000870,PH-001,United Mock,2026-06-30 18:38:04,24.28,14.94,9.34,Approved,,0,2026-06-30 18:51:04
CLM-0000871,RX-0000871,PH-003,Care Network,2026-07-12 18:44:05,55.24,47.79,7.45,Approved,,0,2026-07-12 18:59:05
CLM-0000872,RX-0000872,PH-003,Care Network,2026-07-22 09:27:27,73.65,53.23,20.42,Approved,,0,2026-07-22 09:50:27
CLM-0000873,RX-0000873,PH-001,PayerOne,2026-05-24 17:10:14,78.55,50.68,27.87,Approved,,0,2026-05-24 17:41:14
CLM-0000874,RX-0000874,PH-003,HealthPlan TX,2026-07-11 11:41:27,130.13,115.17,14.96,Approved,,0,2026-07-11 12:24:27
CLM-0000875,RX-0000875,PH-002,Care Network,2026-06-15 10:40:36,78.31,48.56,29.75,Approved,,0,2026-06-15 11:08:36
CLM-0000876,RX-0000876,PH-005,United Mock,2026-07-20 15:31:46,77.22,70.64,6.58,Approved,,0,2026-07-20 16:13:46
CLM-0000877,RX-0000877,PH-002,PayerOne,2026-06-02 19:22:35,29.48,24.39,5.09,Approved,,0,2026-06-02 20:17:35
CLM-0000878,RX-0000878,PH-001,PayerOne,2026-06-18 18:39:35,28.2,21.93,6.27,Approved,,0,2026-06-18 19:02:35
CLM-0000879,RX-0000879,PH-005,PayerOne,2026-06-25 18:02:50,35.17,27.66,7.51,Approved,,0,2026-06-25 18:07:50
CLM-0000880,RX-0000880,PH-005,PayerOne,2026-05-01 14:25:45,139.02,83.66,55.36,Approved,,0,2026-05-01 14:53:45
CLM-0000881,RX-0000881,PH-001,Care Network,2026-07-29 21:20:05,55.18,39.48,15.7,Approved,,0,2026-07-29 21:46:05
CLM-0000882,RX-0000882,PH-001,HealthPlan TX,2026-07-06 19:57:55,109.38,68.8,40.58,Approved,,0,2026-07-06 20:26:55
CLM-0000883,RX-0000883,PH-003,United Mock,2026-06-20 14:36:14,15.51,12.21,3.3,Approved,,0,2026-06-20 14:56:14
CLM-0000884,RX-0000884,PH-005,PayerOne,2026-06-22 13:51:46,110.25,97.4,12.85,Approved,,0,2026-06-22 14:01:46
CLM-0000885,RX-0000885,PH-004,United Mock,2026-07-31 13:17:22,12.64,7.95,4.69,Approved,,0,2026-07-31 13:39:22
CLM-0000886,RX-0000886,PH-003,United Mock,2026-05-31 18:05:39,18.0,13.7,4.3,Approved,,0,2026-05-31 18:37:39
CLM-0000887,RX-0000887,PH-004,Care Network,2026-06-29 20:44:49,27.81,21.83,5.98,Approved,,0,2026-06-29 20:53:49
CLM-0000888,RX-0000888,PH-003,PayerOne,2026-05-29 12:35:41,35.8,0,5.35,Rejected,E31,0,2026-05-30 19:35:41
CLM-0000889,RX-0000889,PH-003,PayerOne,2026-05-29 11:01:48,32.05,24.36,7.69,Approved,,0,2026-05-29 11:37:48
CLM-0000890,RX-0000890,PH-005,Care Network,2026-05-21 09:57:39,67.45,45.2,22.25,Approved,,0,2026-05-21 10:30:39
CLM-0000891,RX-0000891,PH-002,United Mock,2026-06-25 21:20:13,35.84,31.74,4.1,Approved,,0,2026-06-25 21:46:13
CLM-0000892,RX-0000892,PH-003,United Mock,2026-05-18 11:36:47,29.21,0,2.53,Rejected,E22,1,2026-05-19 17:36:47
CLM-0000893,RX-0000893,PH-004,United Mock,2026-06-12 16:45:35,105.96,0,16.05,Rejected,E22,1,2026-06-13 20:45:35
CLM-0000894,RX-0000894,PH-004,United Mock,2026-06-09 21:12:37,126.43,77.95,48.48,Approved,,0,2026-06-09 21:36:37
CLM-0000895,RX-0000895,PH-002,HealthPlan TX,2026-06-21 15:00:00,64.9,57.18,7.72,Approved,,0,2026-06-21 15:43:00
CLM-0000896,RX-0000896,PH-004,HealthPlan TX,2026-05-19 20:54:35,19.81,13.89,5.92,Approved,,0,2026-05-19 21:21:35
CLM-0000897,RX-0000897,PH-002,Care Network,2026-07-04 19:35:53,25.52,16.21,9.31,Approved,,0,2026-07-04 20:09:53
CLM-0000898,RX-0000898,PH-005,Care Network,2026-05-03 10:09:46,31.99,20.83,11.16,Approved,,0,2026-05-03 10:42:46
CLM-0000899,RX-0000899,PH-004,HealthPlan TX,2026-05-11 18:02:57,37.74,28.99,8.75,Approved,,0,2026-05-11 18:41:57
CLM-0000900,RX-0000900,PH-002,HealthPlan TX,2026-05-19 13:36:14,66.36,52.31,14.05,Approved,,0,2026-05-19 14:15:14
CLM-0000901,RX-0000901,PH-004,HealthPlan TX,2026-05-07 09:59:16,78.87,63.98,14.89,Approved,,0,2026-05-07 10:16:16
CLM-0000902,RX-0000902,PH-003,PayerOne,2026-07-16 10:13:04,25.38,21.85,3.53,Approved,,0,2026-07-16 10:50:04
CLM-0000903,RX-0000903,PH-003,Care Network,2026-06-19 15:21:29,92.31,66.65,25.66,Approved,,0,2026-06-19 16:16:29
CLM-0000904,RX-0000904,PH-005,Care Network,2026-06-21 08:51:08,51.59,38.59,13.0,Approved,,0,2026-06-21 09:39:08
CLM-0000905,RX-0000905,PH-002,HealthPlan TX,2026-07-04 19:58:58,53.39,41.7,11.69,Approved,,0,2026-07-04 20:17:58
CLM-0000906,RX-0000906,PH-002,HealthPlan TX,2026-06-14 11:43:07,98.23,0,8.27,Rejected,E22,2,2026-06-15 09:43:07
CLM-0000907,RX-0000907,PH-002,PayerOne,2026-07-16 14:48:57,121.74,109.23,12.51,Approved,,0,2026-07-16 15:23:57
CLM-0000908,RX-0000908,PH-003,Care Network,2026-06-01 19:54:52,48.44,40.73,7.71,Approved,,0,2026-06-01 20:20:52
CLM-0000909,RX-0000909,PH-003,United Mock,2026-06-23 16:43:56,70.92,52.27,18.65,Approved,,0,2026-06-23 16:48:56
CLM-0000910,RX-0000910,PH-002,PayerOne,2026-07-15 09:50:15,29.51,26.27,3.24,Approved,,0,2026-07-15 10:13:15
CLM-0000911,RX-0000911,PH-001,United Mock,2026-06-14 15:08:59,74.15,59.52,14.63,Approved,,0,2026-06-14 15:46:59
CLM-0000912,RX-0000912,PH-001,Care Network,2026-05-15 12:02:13,84.18,64.25,19.93,Approved,,0,2026-05-15 12:53:13
CLM-0000913,RX-0000913,PH-001,Care Network,2026-05-21 10:22:34,50.62,34.09,16.53,Approved,,0,2026-05-21 10:54:34
CLM-0000914,RX-0000914,PH-004,HealthPlan TX,2026-07-31 14:14:02,51.44,46.14,5.3,Approved,,0,2026-07-31 14:48:02
CLM-0000915,RX-0000915,PH-004,PayerOne,2026-05-04 10:20:52,7.7,6.89,0.81,Approved,,0,2026-05-04 10:40:52
CLM-0000916,RX-0000916,PH-004,HealthPlan TX,2026-07-06 21:24:32,74.87,0,29.78,Rejected,E01,0,2026-07-07 22:24:32
CLM-0000917,RX-0000917,PH-004,Care Network,2026-07-04 11:24:24,83.63,76.41,7.22,Approved,,0,2026-07-04 11:41:24
CLM-0000918,RX-0000918,PH-005,PayerOne,2026-07-24 11:58:20,14.8,9.0,5.8,Approved,,0,2026-07-24 12:34:20
CLM-0000919,RX-0000919,PH-004,Care Network,2026-07-31 14:58:14,19.11,15.35,3.76,Approved,,0,2026-07-31 15:56:14
CLM-0000920,RX-0000920,PH-005,United Mock,2026-07-10 19:03:05,70.28,55.8,14.48,Approved,,0,2026-07-10 19:26:05
CLM-0000921,RX-0000921,PH-003,HealthPlan TX,2026-05-09 11:02:11,88.7,78.32,10.38,Approved,,0,2026-05-09 11:08:11
CLM-0000922,RX-0000922,PH-004,United Mock,2026-07-18 19:38:42,82.18,51.94,30.24,Approved,,0,2026-07-18 20:06:42
CLM-0000923,RX-0000923,PH-002,Care Network,2026-05-24 15:19:28,23.19,20.5,2.69,Approved,,0,2026-05-24 15:48:28
CLM-0000924,RX-0000924,PH-003,HealthPlan TX,2026-05-12 21:07:58,58.6,45.67,12.93,Approved,,0,2026-05-12 21:37:58
CLM-0000925,RX-0000925,PH-003,United Mock,2026-05-23 09:01:22,49.48,37.72,11.76,Approved,,0,2026-05-23 09:22:22
CLM-0000926,RX-0000926,PH-001,United Mock,2026-07-20 12:49:12,48.05,37.08,10.97,Approved,,0,2026-07-20 13:37:12
CLM-0000927,RX-0000927,PH-005,Care Network,2026-05-22 14:01:49,65.85,51.66,14.19,Approved,,0,2026-05-22 14:48:49
CLM-0000928,RX-0000928,PH-004,HealthPlan TX,2026-06-08 17:46:26,77.88,59.79,18.09,Approved,,0,2026-06-08 18:19:26
CLM-0000929,RX-0000929,PH-003,HealthPlan TX,2026-06-09 12:47:39,29.27,23.66,5.61,Approved,,0,2026-06-09 12:59:39
CLM-0000930,RX-0000930,PH-005,Care Network,2026-07-23 15:07:31,73.98,0,17.99,Rejected,E22,2,2026-07-24 21:07:31
CLM-0000931,RX-0000931,PH-001,PayerOne,2026-07-09 16:57:09,14.65,11.21,3.44,Approved,,0,2026-07-09 17:22:09
CLM-0000932,RX-0000932,PH-005,Care Network,2026-07-15 16:57:55,58.15,53.08,5.07,Approved,,0,2026-07-15 17:36:55
CLM-0000933,RX-0000933,PH-004,United Mock,2026-07-16 21:16:00,40.99,27.35,13.64,Approved,,0,2026-07-16 21:53:00
CLM-0000934,RX-0000934,PH-001,HealthPlan TX,2026-07-29 18:08:04,22.62,14.84,7.78,Approved,,0,2026-07-29 18:25:04
CLM-0000935,RX-0000935,PH-005,PayerOne,2026-06-14 08:31:36,55.72,39.68,16.04,Approved,,0,2026-06-14 08:50:36
CLM-0000936,RX-0000936,PH-003,United Mock,2026-05-01 20:31:32,87.46,82.85,4.61,Approved,,0,2026-05-01 21:15:32
CLM-0000937,RX-0000937,PH-001,HealthPlan TX,2026-06-12 17:53:02,54.8,33.23,21.57,Approved,,0,2026-06-12 18:38:02
CLM-0000938,RX-0000938,PH-005,HealthPlan TX,2026-06-11 20:28:13,69.08,50.61,18.47,Approved,,0,2026-06-11 20:51:13
CLM-0000939,RX-0000939,PH-002,United Mock,2026-06-17 09:39:50,111.03,88.65,22.38,Approved,,0,2026-06-17 10:06:50
CLM-0000940,RX-0000940,PH-004,HealthPlan TX,2026-06-20 17:18:13,80.25,53.22,27.03,Approved,,0,2026-06-20 17:56:13
CLM-0000941,RX-0000941,PH-002,Care Network,2026-07-20 10:47:43,47.17,35.41,11.76,Approved,,0,2026-07-20 11:30:43
CLM-0000942,RX-0000942,PH-002,PayerOne,2026-07-09 20:24:00,32.34,27.88,4.46,Approved,,0,2026-07-09 20:49:00
CLM-0000943,RX-0000943,PH-002,PayerOne,2026-06-14 18:16:11,57.59,35.01,22.58,Approved,,0,2026-06-14 18:58:11
CLM-0000944,RX-0000944,PH-005,HealthPlan TX,2026-06-07 14:54:53,153.02,98.39,54.63,Approved,,0,2026-06-07 15:12:53
CLM-0000945,RX-0000945,PH-001,Care Network,2026-05-23 13:37:49,88.39,77.71,10.68,Approved,,0,2026-05-23 13:45:49
CLM-0000946,RX-0000946,PH-002,United Mock,2026-05-30 18:11:32,41.3,27.65,13.65,Approved,,0,2026-05-30 18:45:32
CLM-0000947,RX-0000947,PH-001,Care Network,2026-05-02 20:27:39,20.72,18.46,2.26,Approved,,0,2026-05-02 20:46:39
CLM-0000948,RX-0000948,PH-005,HealthPlan TX,2026-07-19 09:49:30,8.68,5.51,3.17,Approved,,0,2026-07-19 10:07:30
CLM-0000949,RX-0000949,PH-003,United Mock,2026-05-26 20:08:01,95.52,72.3,23.22,Approved,,0,2026-05-26 20:42:01
CLM-0000950,RX-0000950,PH-004,PayerOne,2026-07-13 17:05:47,48.73,35.07,13.66,Approved,,0,2026-07-13 18:00:47
CLM-0000951,RX-0000951,PH-001,United Mock,2026-05-18 14:10:55,52.43,36.83,15.6,Approved,,0,2026-05-18 15:04:55
CLM-0000952,RX-0000952,PH-005,United Mock,2026-05-15 17:09:07,44.82,35.65,9.17,Approved,,0,2026-05-15 17:36:07
CLM-0000953,RX-0000953,PH-001,United Mock,2026-07-20 21:01:47,77.01,64.08,12.93,Approved,,0,2026-07-20 21:40:47
CLM-0000954,RX-0000954,PH-001,Care Network,2026-06-08 21:54:07,96.32,59.5,36.82,Approved,,0,2026-06-08 22:04:07
CLM-0000955,RX-0000955,PH-002,United Mock,2026-05-23 13:43:15,17.62,14.95,2.67,Approved,,0,2026-05-23 14:14:15
CLM-0000956,RX-0000956,PH-001,Care Network,2026-07-13 10:59:35,13.57,8.88,4.69,Approved,,0,2026-07-13 11:28:35
CLM-0000957,RX-0000957,PH-004,United Mock,2026-07-11 10:59:46,35.94,26.54,9.4,Approved,,0,2026-07-11 11:44:46
CLM-0000958,RX-0000958,PH-003,Care Network,2026-05-11 20:13:54,21.04,17.66,3.38,Approved,,0,2026-05-11 20:41:54
CLM-0000959,RX-0000959,PH-002,PayerOne,2026-07-11 09:43:19,34.79,29.02,5.77,Approved,,0,2026-07-11 10:04:19
CLM-0000960,RX-0000960,PH-005,HealthPlan TX,2026-05-29 19:43:03,24.23,22.87,1.36,Approved,,0,2026-05-29 20:20:03
CLM-0000961,RX-0000961,PH-002,United Mock,2026-06-13 13:49:04,40.38,35.53,4.85,Approved,,0,2026-06-13 14:24:04
CLM-0000962,RX-0000962,PH-001,PayerOne,2026-06-27 08:28:21,98.79,73.27,25.52,Approved,,0,2026-06-27 08:57:21
CLM-0000963,RX-0000963,PH-001,PayerOne,2026-05-02 15:28:39,84.51,53.65,30.86,Approved,,0,2026-05-02 15:33:39
CLM-0000964,RX-0000964,PH-005,PayerOne,2026-07-18 11:10:56,66.63,56.61,10.02,Approved,,0,2026-07-18 11:21:56
CLM-0000965,RX-0000965,PH-001,HealthPlan TX,2026-07-28 11:18:27,76.45,58.49,17.96,Approved,,0,2026-07-28 11:37:27
CLM-0000966,RX-0000966,PH-003,United Mock,2026-07-18 17:07:18,23.73,16.14,7.59,Approved,,0,2026-07-18 17:35:18
CLM-0000967,RX-0000967,PH-001,PayerOne,2026-06-17 13:37:48,53.9,40.21,13.69,Approved,,0,2026-06-17 14:09:48
CLM-0000968,RX-0000968,PH-003,PayerOne,2026-06-26 20:47:52,19.09,15.17,3.92,Approved,,0,2026-06-26 21:26:52
CLM-0000969,RX-0000969,PH-005,United Mock,2026-06-09 21:20:24,40.75,37.35,3.4,Approved,,0,2026-06-09 21:49:24
CLM-0000970,RX-0000970,PH-001,United Mock,2026-06-14 11:02:10,62.78,53.01,9.77,Approved,,0,2026-06-14 11:30:10
CLM-0000971,RX-0000971,PH-003,Care Network,2026-06-02 21:04:39,137.47,0,53.88,Rejected,E14,2,2026-06-05 05:04:39
CLM-0000972,RX-0000972,PH-005,United Mock,2026-06-17 21:43:22,66.28,46.7,19.58,Approved,,0,2026-06-17 22:37:22
CLM-0000973,RX-0000973,PH-001,PayerOne,2026-05-14 15:33:43,118.72,109.53,9.19,Approved,,0,2026-05-14 16:14:43
CLM-0000974,RX-0000974,PH-004,United Mock,2026-06-25 17:53:49,87.82,58.37,29.45,Approved,,0,2026-06-25 18:11:49
CLM-0000975,RX-0000975,PH-001,Care Network,2026-07-16 13:05:27,37.03,0,8.29,Rejected,E31,1,2026-07-17 07:05:27
CLM-0000976,RX-0000976,PH-004,PayerOne,2026-07-08 21:13:12,41.43,25.08,16.35,Approved,,0,2026-07-08 21:19:12
CLM-0000977,RX-0000977,PH-002,HealthPlan TX,2026-06-20 16:11:39,81.93,77.44,4.49,Approved,,0,2026-06-20 16:30:39
CLM-0000978,RX-0000978,PH-002,Care Network,2026-07-04 12:17:42,123.29,103.19,20.1,Approved,,0,2026-07-04 12:40:42
CLM-0000979,RX-0000979,PH-003,HealthPlan TX,2026-05-24 10:05:24,70.28,45.8,24.48,Approved,,0,2026-05-24 10:41:24
CLM-0000980,RX-0000980,PH-001,HealthPlan TX,2026-06-08 14:10:46,10.69,6.95,3.74,Approved,,0,2026-06-08 14:44:46
CLM-0000981,RX-0000981,PH-002,PayerOne,2026-07-11 19:08:15,53.82,50.18,3.64,Approved,,0,2026-07-11 19:22:15
CLM-0000982,RX-0000982,PH-004,PayerOne,2026-06-27 18:49:04,66.84,0,16.72,Rejected,E22,2,2026-06-28 09:49:04
CLM-0000983,RX-0000983,PH-001,HealthPlan TX,2026-06-07 14:53:24,57.07,35.11,21.96,Approved,,0,2026-06-07 15:55:24
CLM-0000984,RX-0000984,PH-004,PayerOne,2026-06-01 11:36:49,92.83,0,19.35,Rejected,E01,0,2026-06-01 18:36:49
CLM-0000985,RX-0000985,PH-002,PayerOne,2026-05-16 09:03:57,71.92,53.25,18.67,Approved,,0,2026-05-16 09:54:57
CLM-0000986,RX-0000986,PH-005,HealthPlan TX,2026-07-24 16:34:25,50.28,32.05,18.23,Approved,,0,2026-07-24 17:15:25
CLM-0000987,RX-0000987,PH-003,United Mock,2026-05-27 14:50:28,54.82,39.74,15.08,Approved,,0,2026-05-27 15:10:28
CLM-0000988,RX-0000988,PH-004,United Mock,2026-07-16 13:39:17,34.47,29.09,5.38,Approved,,0,2026-07-16 14:00:17
CLM-0000989,RX-0000989,PH-005,United Mock,2026-06-22 17:12:45,54.9,49.87,5.03,Approved,,0,2026-06-22 17:36:45
CLM-0000990,RX-0000990,PH-003,HealthPlan TX,2026-06-09 14:38:57,45.36,36.94,8.42,Approved,,0,2026-06-09 14:59:57
CLM-0000991,RX-0000991,PH-005,Care Network,2026-06-30 15:16:40,17.23,10.73,6.5,Approved,,0,2026-06-30 15:33:40
CLM-0000992,RX-0000992,PH-001,United Mock,2026-07-15 15:46:39,52.55,35.08,17.47,Approved,,0,2026-07-15 15:51:39
CLM-0000993,RX-0000993,PH-004,HealthPlan TX,2026-06-06 10:54:24,9.49,8.03,1.46,Approved,,0,2026-06-06 11:07:24
CLM-0000994,RX-0000994,PH-005,United Mock,2026-07-06 09:24:05,33.24,26.1,7.14,Approved,,0,2026-07-06 09:38:05
CLM-0000995,RX-0000995,PH-001,Care Network,2026-05-22 18:13:06,40.45,30.32,10.13,Approved,,0,2026-05-22 18:31:06
CLM-0000996,RX-0000996,PH-002,Care Network,2026-05-19 11:42:37,16.98,11.48,5.5,Approved,,0,2026-05-19 12:24:37
CLM-0000997,RX-0000997,PH-002,United Mock,2026-07-02 19:33:10,107.98,0,37.21,Rejected,E31,0,2026-07-03 12:33:10
CLM-0000998,RX-0000998,PH-004,HealthPlan TX,2026-06-30 21:46:35,89.35,80.75,8.6,Approved,,0,2026-06-30 22:15:35
CLM-0000999,RX-0000999,PH-005,United Mock,2026-05-13 19:13:31,49.96,44.28,5.68,Approved,,0,2026-05-13 19:37:31
CLM-0001000,RX-0001000,PH-002,PayerOne,2026-07-14 13:37:16,85.66,79.49,6.17,Approved,,0,2026-07-14 14:03:16
CLM-0001001,RX-0001001,PH-003,HealthPlan TX,2026-06-18 12:23:32,58.84,51.27,7.57,Approved,,0,2026-06-18 12:55:32
CLM-0001002,RX-0001002,PH-005,Care Network,2026-06-10 09:47:56,103.63,94.39,9.24,Approved,,0,2026-06-10 10:14:56
CLM-0001003,RX-0001003,PH-005,PayerOne,2026-07-02 15:48:48,65.06,43.58,21.48,Approved,,0,2026-07-02 16:14:48
CLM-0001004,RX-0001004,PH-004,Care Network,2026-06-03 19:11:23,61.23,57.49,3.74,Approved,,0,2026-06-03 19:28:23
CLM-0001005,RX-0001005,PH-002,HealthPlan TX,2026-06-01 14:46:20,35.26,31.42,3.84,Approved,,0,2026-06-01 15:14:20
CLM-0001006,RX-0001006,PH-003,United Mock,2026-05-09 17:50:43,70.99,48.5,22.49,Approved,,0,2026-05-09 18:06:43
CLM-0001007,RX-0001007,PH-001,PayerOne,2026-05-17 14:40:38,87.59,78.45,9.14,Approved,,0,2026-05-17 14:55:38
CLM-0001008,RX-0001008,PH-002,HealthPlan TX,2026-05-05 20:11:52,50.7,42.67,8.03,Approved,,0,2026-05-05 20:30:52
CLM-0001009,RX-0001009,PH-004,Care Network,2026-07-03 20:32:34,35.91,22.29,13.62,Approved,,0,2026-07-03 21:09:34
CLM-0001010,RX-0001010,PH-004,Care Network,2026-06-01 14:20:09,48.07,0,5.92,Rejected,E22,0,2026-06-03 20:20:09
CLM-0001011,RX-0001011,PH-005,United Mock,2026-05-31 12:07:36,57.74,50.46,7.28,Approved,,0,2026-05-31 12:31:36
CLM-0001012,RX-0001012,PH-002,PayerOne,2026-05-16 09:53:03,56.21,33.92,22.29,Approved,,0,2026-05-16 10:22:03
CLM-0001013,RX-0001013,PH-004,HealthPlan TX,2026-05-12 16:29:48,57.8,36.31,21.49,Approved,,0,2026-05-12 16:43:48
CLM-0001014,RX-0001014,PH-003,United Mock,2026-06-28 15:18:12,36.36,31.51,4.85,Approved,,0,2026-06-28 16:01:12
CLM-0001015,RX-0001015,PH-005,United Mock,2026-07-27 15:20:13,123.81,81.81,42.0,Approved,,0,2026-07-27 16:04:13
CLM-0001016,RX-0001016,PH-005,United Mock,2026-05-03 14:25:30,49.44,40.81,8.63,Approved,,0,2026-05-03 14:45:30
CLM-0001017,RX-0001017,PH-003,Care Network,2026-05-13 08:25:30,78.78,68.29,10.49,Approved,,0,2026-05-13 08:51:30
CLM-0001018,RX-0001018,PH-004,PayerOne,2026-07-21 08:46:53,75.35,70.18,5.17,Approved,,0,2026-07-21 09:34:53
CLM-0001019,RX-0001019,PH-005,HealthPlan TX,2026-06-08 08:36:34,19.99,17.22,2.77,Approved,,0,2026-06-08 08:55:34
CLM-0001020,RX-0001020,PH-003,PayerOne,2026-06-29 17:02:37,40.65,32.57,8.08,Approved,,0,2026-06-29 17:31:37
CLM-0001021,RX-0001021,PH-004,Care Network,2026-05-24 20:01:00,88.12,0,13.4,Rejected,E31,2,2026-05-25 09:01:00
CLM-0001022,RX-0001022,PH-004,HealthPlan TX,2026-05-07 21:37:13,116.9,103.04,13.86,Approved,,0,2026-05-07 22:13:13
CLM-0001023,RX-0001023,PH-005,PayerOne,2026-05-15 09:05:16,18.23,16.54,1.69,Approved,,0,2026-05-15 09:26:16
CLM-0001024,RX-0001024,PH-003,United Mock,2026-05-24 19:14:17,33.76,25.94,7.82,Approved,,0,2026-05-24 19:47:17
CLM-0001025,RX-0001025,PH-002,United Mock,2026-06-21 08:16:32,81.33,64.43,16.9,Approved,,0,2026-06-21 08:36:32
CLM-0001026,RX-0001026,PH-005,PayerOne,2026-07-09 20:55:39,16.34,15.21,1.13,Approved,,0,2026-07-09 21:42:39
CLM-0001027,RX-0001027,PH-003,United Mock,2026-06-28 11:16:55,16.63,13.7,2.93,Approved,,0,2026-06-28 11:50:55
CLM-0001028,RX-0001028,PH-005,HealthPlan TX,2026-07-04 08:12:05,39.97,30.7,9.27,Approved,,0,2026-07-04 08:25:05
CLM-0001029,RX-0001029,PH-003,United Mock,2026-07-09 08:20:19,74.21,45.85,28.36,Approved,,0,2026-07-09 08:39:19
CLM-0001030,RX-0001030,PH-001,HealthPlan TX,2026-07-27 12:25:02,67.33,43.43,23.9,Approved,,0,2026-07-27 12:48:02
CLM-0001031,RX-0001031,PH-003,PayerOne,2026-05-07 14:18:52,81.41,53.15,28.26,Approved,,0,2026-05-07 14:39:52
CLM-0001032,RX-0001032,PH-004,United Mock,2026-05-20 11:57:56,57.68,49.12,8.56,Approved,,0,2026-05-20 12:14:56
CLM-0001033,RX-0001033,PH-005,PayerOne,2026-07-02 19:54:20,69.55,52.57,16.98,Approved,,0,2026-07-02 20:19:20
CLM-0001034,RX-0001034,PH-003,Care Network,2026-07-23 17:43:31,34.14,28.3,5.84,Approved,,0,2026-07-23 18:14:31
CLM-0001035,RX-0001035,PH-001,Care Network,2026-05-31 16:35:44,26.01,17.66,8.35,Approved,,0,2026-05-31 17:02:44
CLM-0001036,RX-0001036,PH-003,HealthPlan TX,2026-06-21 21:24:26,87.7,59.87,27.83,Approved,,0,2026-06-21 21:32:26
CLM-0001037,RX-0001037,PH-005,Care Network,2026-06-24 13:17:22,73.7,68.82,4.88,Approved,,0,2026-06-24 13:50:22
CLM-0001038,RX-0001038,PH-004,Care Network,2026-05-04 20:20:36,14.68,11.27,3.41,Approved,,0,2026-05-04 20:40:36
CLM-0001039,RX-0001039,PH-001,HealthPlan TX,2026-05-22 14:33:30,12.52,11.48,1.04,Approved,,0,2026-05-22 15:08:30
CLM-0001040,RX-0001040,PH-004,HealthPlan TX,2026-07-19 11:49:41,44.12,35.19,8.93,Approved,,0,2026-07-19 12:16:41
CLM-0001041,RX-0001041,PH-002,PayerOne,2026-05-02 09:37:12,60.92,51.8,9.12,Approved,,0,2026-05-02 10:31:12
CLM-0001042,RX-0001042,PH-004,HealthPlan TX,2026-06-11 16:17:39,35.06,24.71,10.35,Approved,,0,2026-06-11 16:51:39
CLM-0001043,RX-0001043,PH-003,United Mock,2026-07-17 14:46:04,85.4,58.03,27.37,Approved,,0,2026-07-17 15:00:04
CLM-0001044,RX-0001044,PH-005,HealthPlan TX,2026-06-10 08:39:59,124.87,79.03,45.84,Approved,,0,2026-06-10 08:58:59
CLM-0001045,RX-0001045,PH-005,PayerOne,2026-07-10 17:45:06,64.39,51.14,13.25,Approved,,0,2026-07-10 17:58:06
CLM-0001046,RX-0001046,PH-004,Care Network,2026-05-20 21:52:42,70.24,43.65,26.59,Approved,,0,2026-05-20 22:22:42
CLM-0001047,RX-0001047,PH-002,Care Network,2026-06-22 16:56:29,16.7,14.03,2.67,Approved,,0,2026-06-22 17:29:29
CLM-0001048,RX-0001048,PH-002,PayerOne,2026-06-20 11:15:46,67.52,57.49,10.03,Approved,,0,2026-06-20 11:46:46
CLM-0001049,RX-0001049,PH-004,HealthPlan TX,2026-06-02 10:01:32,53.4,0,12.15,Rejected,E31,2,2026-06-03 05:01:32
CLM-0001050,RX-0001050,PH-005,Care Network,2026-05-28 18:43:50,28.04,23.37,4.67,Approved,,0,2026-05-28 19:14:50
CLM-0001051,RX-0001051,PH-005,HealthPlan TX,2026-05-25 10:43:33,39.17,30.69,8.48,Approved,,0,2026-05-25 11:26:33
CLM-0001052,RX-0001052,PH-003,PayerOne,2026-05-25 18:13:02,43.32,37.31,6.01,Approved,,0,2026-05-25 18:50:02
CLM-0001053,RX-0001053,PH-001,United Mock,2026-07-17 17:32:51,21.81,16.5,5.31,Approved,,0,2026-07-17 18:01:51
CLM-0001054,RX-0001054,PH-005,HealthPlan TX,2026-05-13 09:38:14,42.06,34.18,7.88,Approved,,0,2026-05-13 09:55:14
CLM-0001055,RX-0001055,PH-002,PayerOne,2026-07-30 21:21:46,73.21,44.9,28.31,Approved,,0,2026-07-30 21:40:46
CLM-0001056,RX-0001056,PH-005,Care Network,2026-07-03 12:45:11,62.89,38.75,24.14,Approved,,0,2026-07-03 13:34:11
CLM-0001057,RX-0001057,PH-002,Care Network,2026-05-14 15:25:01,33.35,30.6,2.75,Approved,,0,2026-05-14 16:06:01
CLM-0001058,RX-0001058,PH-005,HealthPlan TX,2026-06-02 08:32:32,59.5,55.79,3.71,Approved,,0,2026-06-02 09:03:32
CLM-0001059,RX-0001059,PH-005,PayerOne,2026-07-30 09:09:13,20.16,12.57,7.59,Approved,,0,2026-07-30 09:36:13
CLM-0001060,RX-0001060,PH-005,Care Network,2026-05-18 18:40:21,44.22,41.59,2.63,Approved,,0,2026-05-18 19:13:21
CLM-0001061,RX-0001061,PH-002,Care Network,2026-06-07 08:52:29,16.56,15.18,1.38,Approved,,0,2026-06-07 09:07:29
CLM-0001062,RX-0001062,PH-002,Care Network,2026-05-13 13:29:25,78.62,49.13,29.49,Approved,,0,2026-05-13 13:38:25
CLM-0001063,RX-0001063,PH-005,Care Network,2026-06-01 14:31:37,56.24,48.8,7.44,Approved,,0,2026-06-01 14:58:37
CLM-0001064,RX-0001064,PH-003,PayerOne,2026-07-29 15:58:04,64.1,0,22.21,Rejected,E31,1,2026-07-30 01:58:04
CLM-0001065,RX-0001065,PH-001,PayerOne,2026-05-31 14:35:40,52.64,41.96,10.68,Approved,,0,2026-05-31 14:52:40
CLM-0001066,RX-0001066,PH-004,Care Network,2026-06-15 11:08:56,52.15,33.13,19.02,Approved,,0,2026-06-15 11:37:56
CLM-0001067,RX-0001067,PH-002,PayerOne,2026-06-06 18:49:39,21.89,17.25,4.64,Approved,,0,2026-06-06 19:05:39
CLM-0001068,RX-0001068,PH-002,Care Network,2026-07-06 12:57:10,52.94,40.21,12.73,Approved,,0,2026-07-06 13:30:10
CLM-0001069,RX-0001069,PH-004,United Mock,2026-07-10 18:58:13,31.48,19.36,12.12,Approved,,0,2026-07-10 19:18:13
CLM-0001070,RX-0001070,PH-003,HealthPlan TX,2026-05-07 12:34:31,46.93,41.39,5.54,Approved,,0,2026-05-07 12:53:31
CLM-0001071,RX-0001071,PH-003,United Mock,2026-07-04 12:13:56,61.09,39.82,21.27,Approved,,0,2026-07-04 13:01:56
CLM-0001072,RX-0001072,PH-002,United Mock,2026-06-27 19:54:56,131.8,109.07,22.73,Approved,,0,2026-06-27 20:20:56
CLM-0001073,RX-0001073,PH-003,PayerOne,2026-07-18 17:41:33,27.47,22.8,4.67,Approved,,0,2026-07-18 18:20:33
CLM-0001074,RX-0001074,PH-003,United Mock,2026-07-08 14:14:49,74.78,65.76,9.02,Approved,,0,2026-07-08 14:58:49
CLM-0001075,RX-0001075,PH-001,United Mock,2026-05-27 21:36:41,77.13,72.11,5.02,Approved,,0,2026-05-27 21:54:41
CLM-0001076,RX-0001076,PH-005,PayerOne,2026-06-04 10:10:03,81.07,63.71,17.36,Approved,,0,2026-06-04 10:33:03
CLM-0001077,RX-0001077,PH-001,Care Network,2026-06-30 10:24:49,51.73,34.85,16.88,Approved,,0,2026-06-30 10:59:49
CLM-0001078,RX-0001078,PH-001,HealthPlan TX,2026-05-17 14:11:44,29.72,20.89,8.83,Approved,,0,2026-05-17 14:36:44
CLM-0001079,RX-0001079,PH-001,Care Network,2026-05-12 13:26:13,64.45,52.44,12.01,Approved,,0,2026-05-12 13:58:13
CLM-0001080,RX-0001080,PH-001,Care Network,2026-06-22 19:56:35,43.21,31.87,11.34,Approved,,0,2026-06-22 20:11:35
CLM-0001081,RX-0001081,PH-001,PayerOne,2026-07-23 16:58:55,19.55,12.05,7.5,Approved,,0,2026-07-23 17:03:55
CLM-0001082,RX-0001082,PH-004,HealthPlan TX,2026-06-15 08:51:07,33.98,28.51,5.47,Approved,,0,2026-06-15 09:11:07
CLM-0001083,RX-0001083,PH-001,HealthPlan TX,2026-06-28 17:31:29,119.62,92.12,27.5,Approved,,0,2026-06-28 17:58:29
CLM-0001084,RX-0001084,PH-003,Care Network,2026-07-24 14:21:54,46.37,36.84,9.53,Approved,,0,2026-07-24 14:58:54
CLM-0001085,RX-0001085,PH-001,Care Network,2026-05-21 14:09:51,14.85,11.14,3.71,Approved,,0,2026-05-21 14:37:51
CLM-0001086,RX-0001086,PH-005,PayerOne,2026-07-13 18:51:12,35.78,24.65,11.13,Approved,,0,2026-07-13 19:04:12
CLM-0001087,RX-0001087,PH-005,PayerOne,2026-06-13 13:24:12,9.92,7.32,2.6,Approved,,0,2026-06-13 13:53:12
CLM-0001088,RX-0001088,PH-002,PayerOne,2026-05-11 14:46:08,66.06,41.22,24.84,Approved,,0,2026-05-11 15:10:08
CLM-0001089,RX-0001089,PH-005,PayerOne,2026-06-28 16:02:56,86.34,64.14,22.2,Approved,,0,2026-06-28 16:16:56
CLM-0001090,RX-0001090,PH-004,United Mock,2026-06-11 12:09:50,24.02,20.25,3.77,Approved,,0,2026-06-11 12:33:50
CLM-0001091,RX-0001091,PH-004,HealthPlan TX,2026-05-29 12:32:34,83.2,65.54,17.66,Approved,,0,2026-05-29 12:57:34
CLM-0001092,RX-0001092,PH-001,PayerOne,2026-07-16 17:39:30,46.03,28.02,18.01,Approved,,0,2026-07-16 18:05:30
CLM-0001093,RX-0001093,PH-001,Care Network,2026-06-12 19:29:41,65.37,49.35,16.02,Approved,,0,2026-06-12 19:53:41
CLM-0001094,RX-0001094,PH-003,PayerOne,2026-07-13 10:11:57,28.33,18.37,9.96,Approved,,0,2026-07-13 11:01:57
CLM-0001095,RX-0001095,PH-004,PayerOne,2026-07-12 16:07:55,67.75,42.51,25.24,Approved,,0,2026-07-12 16:19:55
CLM-0001096,RX-0001096,PH-003,HealthPlan TX,2026-07-26 21:36:26,25.21,22.87,2.34,Approved,,0,2026-07-26 21:48:26
CLM-0001097,RX-0001097,PH-005,Care Network,2026-07-09 19:19:52,45.75,28.78,16.97,Approved,,0,2026-07-09 20:02:52
CLM-0001098,RX-0001098,PH-004,HealthPlan TX,2026-07-07 15:59:31,34.67,31.4,3.27,Approved,,0,2026-07-07 16:21:31
CLM-0001099,RX-0001099,PH-001,PayerOne,2026-06-29 12:22:18,72.38,54.64,17.74,Approved,,0,2026-06-29 12:52:18
CLM-0001100,RX-0001100,PH-004,PayerOne,2026-07-31 19:40:49,8.59,0,2.5,Rejected,E14,2,2026-08-02 04:40:49
CLM-0001101,RX-0001101,PH-004,PayerOne,2026-07-18 21:22:02,84.9,69.39,15.51,Approved,,0,2026-07-18 21:54:02
CLM-0001102,RX-0001102,PH-003,HealthPlan TX,2026-05-24 16:23:56,54.34,50.89,3.45,Approved,,0,2026-05-24 17:05:56
CLM-0001103,RX-0001103,PH-003,HealthPlan TX,2026-07-29 14:59:46,11.31,9.22,2.09,Approved,,0,2026-07-29 15:39:46
CLM-0001104,RX-0001104,PH-004,United Mock,2026-06-02 12:07:53,9.46,0,3.49,Rejected,E31,0,2026-06-04 09:07:53
CLM-0001105,RX-0001105,PH-005,United Mock,2026-06-23 10:40:01,93.6,86.48,7.12,Approved,,0,2026-06-23 11:18:01
CLM-0001106,RX-0001106,PH-001,PayerOne,2026-05-19 17:06:00,59.44,47.59,11.85,Approved,,0,2026-05-19 17:26:00
CLM-0001107,RX-0001107,PH-004,Care Network,2026-07-23 17:15:46,57.27,43.76,13.51,Approved,,0,2026-07-23 17:34:46
CLM-0001108,RX-0001108,PH-003,PayerOne,2026-05-30 11:59:19,15.65,14.86,0.79,Approved,,0,2026-05-30 12:04:19
CLM-0001109,RX-0001109,PH-003,United Mock,2026-07-27 11:45:59,103.63,68.23,35.4,Approved,,0,2026-07-27 12:00:59
CLM-0001110,RX-0001110,PH-004,United Mock,2026-06-06 18:54:59,90.96,63.53,27.43,Approved,,0,2026-06-06 19:24:59
CLM-0001111,RX-0001111,PH-005,Care Network,2026-06-30 14:02:11,22.95,20.31,2.64,Approved,,0,2026-06-30 14:30:11
CLM-0001112,RX-0001112,PH-001,Care Network,2026-06-03 13:46:45,27.49,21.92,5.57,Approved,,0,2026-06-03 14:02:45
CLM-0001113,RX-0001113,PH-002,HealthPlan TX,2026-06-06 21:11:36,62.58,49.35,13.23,Approved,,0,2026-06-06 21:24:36
CLM-0001114,RX-0001114,PH-001,PayerOne,2026-05-15 10:04:56,44.01,30.76,13.25,Approved,,0,2026-05-15 10:28:56
CLM-0001115,RX-0001115,PH-001,Care Network,2026-06-12 13:22:59,51.35,39.22,12.13,Approved,,0,2026-06-12 13:39:59
CLM-0001116,RX-0001116,PH-002,HealthPlan TX,2026-06-11 14:05:40,67.44,49.46,17.98,Approved,,0,2026-06-11 14:24:40
CLM-0001117,RX-0001117,PH-004,United Mock,2026-06-11 14:02:13,62.53,44.76,17.77,Approved,,0,2026-06-11 14:28:13
CLM-0001118,RX-0001118,PH-005,United Mock,2026-06-24 11:41:03,41.59,39.01,2.58,Approved,,0,2026-06-24 12:05:03
CLM-0001119,RX-0001119,PH-003,PayerOne,2026-06-23 17:41:26,71.16,54.12,17.04,Approved,,0,2026-06-23 17:49:26
CLM-0001120,RX-0001120,PH-003,United Mock,2026-06-05 19:32:55,27.91,18.29,9.62,Approved,,0,2026-06-05 20:02:55
CLM-0001121,RX-0001121,PH-003,United Mock,2026-05-29 09:57:21,35.32,31.7,3.62,Approved,,0,2026-05-29 10:29:21
CLM-0001122,RX-0001122,PH-004,HealthPlan TX,2026-05-10 20:40:32,64.52,57.24,7.28,Approved,,0,2026-05-10 21:09:32
CLM-0001123,RX-0001123,PH-002,PayerOne,2026-05-03 13:33:55,118.21,88.51,29.7,Approved,,0,2026-05-03 13:38:55
CLM-0001124,RX-0001124,PH-003,United Mock,2026-05-01 14:52:30,97.33,70.05,27.28,Approved,,0,2026-05-01 15:08:30
CLM-0001125,RX-0001125,PH-003,HealthPlan TX,2026-07-07 19:30:39,45.21,39.47,5.74,Approved,,0,2026-07-07 19:39:39
CLM-0001126,RX-0001126,PH-001,HealthPlan TX,2026-06-11 13:42:20,101.52,76.31,25.21,Approved,,0,2026-06-11 13:49:20
CLM-0001127,RX-0001127,PH-001,HealthPlan TX,2026-06-06 19:03:09,73.6,49.96,23.64,Approved,,0,2026-06-06 19:08:09
CLM-0001128,RX-0001128,PH-003,HealthPlan TX,2026-06-27 10:04:55,41.07,34.15,6.92,Approved,,0,2026-06-27 10:17:55
CLM-0001129,RX-0001129,PH-003,Care Network,2026-06-16 17:58:28,72.15,62.43,9.72,Approved,,0,2026-06-16 18:43:28
CLM-0001130,RX-0001130,PH-003,Care Network,2026-07-24 12:11:04,42.66,28.41,14.25,Approved,,0,2026-07-24 12:24:04
CLM-0001131,RX-0001131,PH-003,PayerOne,2026-06-05 18:10:11,48.24,38.25,9.99,Approved,,0,2026-06-05 18:28:11
CLM-0001132,RX-0001132,PH-003,PayerOne,2026-06-06 14:02:26,61.96,46.95,15.01,Approved,,0,2026-06-06 14:44:26
CLM-0001133,RX-0001133,PH-004,Care Network,2026-07-19 20:49:20,27.71,24.76,2.95,Approved,,0,2026-07-19 21:11:20
CLM-0001134,RX-0001134,PH-001,PayerOne,2026-06-20 21:37:41,94.84,77.05,17.79,Approved,,0,2026-06-20 22:15:41
CLM-0001135,RX-0001135,PH-005,HealthPlan TX,2026-06-03 13:07:42,46.04,36.59,9.45,Approved,,0,2026-06-03 13:45:42
CLM-0001136,RX-0001136,PH-001,United Mock,2026-06-25 12:03:50,47.79,42.27,5.52,Approved,,0,2026-06-25 12:52:50
CLM-0001137,RX-0001137,PH-003,HealthPlan TX,2026-05-30 17:57:42,71.34,51.03,20.31,Approved,,0,2026-05-30 18:35:42
CLM-0001138,RX-0001138,PH-003,Care Network,2026-06-25 14:33:58,128.08,100.06,28.02,Approved,,0,2026-06-25 15:01:58
CLM-0001139,RX-0001139,PH-003,United Mock,2026-05-25 13:10:33,37.16,24.63,12.53,Approved,,0,2026-05-25 13:17:33
CLM-0001140,RX-0001140,PH-003,PayerOne,2026-06-20 08:31:25,101.06,87.78,13.28,Approved,,0,2026-06-20 08:53:25
CLM-0001141,RX-0001141,PH-001,United Mock,2026-07-08 08:58:43,35.41,22.04,13.37,Approved,,0,2026-07-08 09:30:43
CLM-0001142,RX-0001142,PH-001,HealthPlan TX,2026-07-29 19:20:37,105.48,71.51,33.97,Approved,,0,2026-07-29 19:47:37
CLM-0001143,RX-0001143,PH-003,United Mock,2026-06-11 19:22:35,13.12,11.35,1.77,Approved,,0,2026-06-11 19:47:35
CLM-0001144,RX-0001144,PH-002,United Mock,2026-06-27 09:53:02,34.61,32.85,1.76,Approved,,0,2026-06-27 10:08:02
CLM-0001145,RX-0001145,PH-003,HealthPlan TX,2026-06-15 09:26:25,45.67,36.71,8.96,Approved,,0,2026-06-15 09:55:25
CLM-0001146,RX-0001146,PH-002,United Mock,2026-07-01 13:41:47,40.29,25.72,14.57,Approved,,0,2026-07-01 14:05:47
CLM-0001147,RX-0001147,PH-005,United Mock,2026-06-06 14:41:47,23.5,21.78,1.72,Approved,,0,2026-06-06 15:08:47
CLM-0001148,RX-0001148,PH-003,Care Network,2026-07-31 09:29:00,61.39,55.0,6.39,Approved,,0,2026-07-31 10:09:00
CLM-0001149,RX-0001149,PH-003,Care Network,2026-05-19 13:04:21,95.19,85.96,9.23,Approved,,0,2026-05-19 13:32:21
CLM-0001150,RX-0001150,PH-005,PayerOne,2026-06-30 18:21:08,73.58,58.68,14.9,Approved,,0,2026-06-30 19:08:08
CLM-0001151,RX-0001151,PH-005,Care Network,2026-06-06 20:07:29,10.58,6.4,4.18,Approved,,0,2026-06-06 20:51:29
CLM-0001152,RX-0001152,PH-005,PayerOne,2026-05-28 09:04:44,25.44,16.78,8.66,Approved,,0,2026-05-28 09:09:44
CLM-0001153,RX-0001153,PH-001,HealthPlan TX,2026-06-28 09:32:28,52.1,0,11.07,Rejected,E31,0,2026-06-30 08:32:28
CLM-0001154,RX-0001154,PH-001,PayerOne,2026-06-07 17:56:45,37.42,26.6,10.82,Approved,,0,2026-06-07 18:10:45
CLM-0001155,RX-0001155,PH-003,HealthPlan TX,2026-06-14 08:15:49,65.09,39.56,25.53,Approved,,0,2026-06-14 08:50:49
CLM-0001156,RX-0001156,PH-005,Care Network,2026-05-08 12:37:31,63.54,56.12,7.42,Approved,,0,2026-05-08 12:52:31
CLM-0001157,RX-0001157,PH-002,Care Network,2026-07-13 12:28:16,39.88,37.64,2.24,Approved,,0,2026-07-13 12:40:16
CLM-0001158,RX-0001158,PH-004,Care Network,2026-05-04 16:20:21,11.83,8.61,3.22,Approved,,0,2026-05-04 17:04:21
CLM-0001159,RX-0001159,PH-002,HealthPlan TX,2026-05-16 16:49:43,75.4,66.42,8.98,Approved,,0,2026-05-16 17:21:43
CLM-0001160,RX-0001160,PH-003,PayerOne,2026-05-09 20:59:13,101.78,69.32,32.46,Approved,,0,2026-05-09 21:33:13
CLM-0001161,RX-0001161,PH-003,Care Network,2026-07-28 20:22:55,98.57,0,19.05,Rejected,E31,2,2026-07-31 17:22:55
CLM-0001162,RX-0001162,PH-004,PayerOne,2026-05-02 15:46:03,84.77,71.89,12.88,Approved,,0,2026-05-02 16:09:03
CLM-0001163,RX-0001163,PH-002,Care Network,2026-07-13 10:59:52,123.97,98.31,25.66,Approved,,0,2026-07-13 11:30:52
CLM-0001164,RX-0001164,PH-004,PayerOne,2026-05-31 16:07:58,37.55,0,10.99,Rejected,E14,0,2026-06-01 10:07:58
CLM-0001165,RX-0001165,PH-002,Care Network,2026-05-02 09:31:15,50.03,46.44,3.59,Approved,,0,2026-05-02 09:55:15
CLM-0001166,RX-0001166,PH-005,Care Network,2026-05-21 16:54:24,47.87,29.92,17.95,Approved,,0,2026-05-21 17:06:24
CLM-0001167,RX-0001167,PH-001,Care Network,2026-05-21 11:25:55,143.0,98.18,44.82,Approved,,0,2026-05-21 11:41:55
CLM-0001168,RX-0001168,PH-003,PayerOne,2026-05-08 15:40:49,27.32,24.7,2.62,Approved,,0,2026-05-08 16:09:49
CLM-0001169,RX-0001169,PH-002,United Mock,2026-05-04 14:22:47,86.05,54.3,31.75,Approved,,0,2026-05-04 15:02:47
CLM-0001170,RX-0001170,PH-005,PayerOne,2026-07-07 21:42:58,117.13,109.08,8.05,Approved,,0,2026-07-07 22:26:58
CLM-0001171,RX-0001171,PH-002,HealthPlan TX,2026-06-13 13:01:52,27.67,26.12,1.55,Approved,,0,2026-06-13 13:50:52
CLM-0001172,RX-0001172,PH-001,HealthPlan TX,2026-05-12 20:56:58,25.8,18.13,7.67,Approved,,0,2026-05-12 21:15:58
CLM-0001173,RX-0001173,PH-003,PayerOne,2026-07-19 15:30:05,8.5,5.2,3.3,Approved,,0,2026-07-19 15:55:05
CLM-0001174,RX-0001174,PH-002,United Mock,2026-06-09 15:05:23,48.05,45.07,2.98,Approved,,0,2026-06-09 15:25:23
CLM-0001175,RX-0001175,PH-002,HealthPlan TX,2026-06-21 15:28:53,67.23,62.43,4.8,Approved,,0,2026-06-21 16:23:53
CLM-0001176,RX-0001176,PH-001,Care Network,2026-05-04 10:06:54,10.48,8.9,1.58,Approved,,0,2026-05-04 10:26:54
CLM-0001177,RX-0001177,PH-005,United Mock,2026-06-29 16:50:53,37.39,0,8.89,Rejected,E14,1,2026-07-01 23:50:53
CLM-0001178,RX-0001178,PH-001,PayerOne,2026-07-31 16:38:22,35.69,28.65,7.04,Approved,,0,2026-07-31 16:50:22
CLM-0001179,RX-0001179,PH-002,United Mock,2026-06-21 16:34:54,9.31,7.99,1.32,Approved,,0,2026-06-21 17:19:54
CLM-0001180,RX-0001180,PH-003,PayerOne,2026-05-02 13:06:56,49.4,31.76,17.64,Approved,,0,2026-05-02 13:38:56
CLM-0001181,RX-0001181,PH-003,HealthPlan TX,2026-05-25 16:39:31,68.97,51.4,17.57,Approved,,0,2026-05-25 16:44:31
CLM-0001182,RX-0001182,PH-003,United Mock,2026-07-26 11:05:44,12.39,8.64,3.75,Approved,,0,2026-07-26 11:41:44
CLM-0001183,RX-0001183,PH-001,HealthPlan TX,2026-05-12 13:20:58,34.64,31.52,3.12,Approved,,0,2026-05-12 13:46:58
CLM-0001184,RX-0001184,PH-001,United Mock,2026-06-09 12:49:27,71.04,58.37,12.67,Approved,,0,2026-06-09 13:29:27
CLM-0001185,RX-0001185,PH-001,HealthPlan TX,2026-06-04 14:09:12,129.62,107.43,22.19,Approved,,0,2026-06-04 14:23:12
CLM-0001186,RX-0001186,PH-001,PayerOne,2026-05-09 11:56:58,32.23,29.24,2.99,Approved,,0,2026-05-09 12:37:58
CLM-0001187,RX-0001187,PH-001,HealthPlan TX,2026-05-28 16:59:53,23.68,18.25,5.43,Approved,,0,2026-05-28 17:18:53
CLM-0001188,RX-0001188,PH-005,United Mock,2026-05-11 10:45:00,46.87,37.43,9.44,Approved,,0,2026-05-11 11:14:00
CLM-0001189,RX-0001189,PH-001,HealthPlan TX,2026-05-13 10:05:19,98.16,0,30.13,Rejected,E14,2,2026-05-14 21:05:19
CLM-0001190,RX-0001190,PH-002,PayerOne,2026-06-11 19:04:49,31.94,26.3,5.64,Approved,,0,2026-06-11 19:37:49
CLM-0001191,RX-0001191,PH-005,United Mock,2026-05-18 18:11:39,49.33,39.79,9.54,Approved,,0,2026-05-18 18:43:39
CLM-0001192,RX-0001192,PH-003,United Mock,2026-06-27 14:22:41,24.32,20.96,3.36,Approved,,0,2026-06-27 15:11:41
CLM-0001193,RX-0001193,PH-001,United Mock,2026-05-28 14:44:47,45.76,42.88,2.88,Approved,,0,2026-05-28 15:11:47
CLM-0001194,RX-0001194,PH-005,PayerOne,2026-06-16 18:50:22,22.91,17.39,5.52,Approved,,0,2026-06-16 19:07:22
CLM-0001195,RX-0001195,PH-005,PayerOne,2026-05-25 21:31:09,12.59,8.6,3.99,Approved,,0,2026-05-25 21:36:09
CLM-0001196,RX-0001196,PH-001,United Mock,2026-05-25 20:23:02,111.54,105.45,6.09,Approved,,0,2026-05-25 20:47:02
CLM-0001197,RX-0001197,PH-005,HealthPlan TX,2026-06-21 16:19:58,44.13,32.23,11.9,Approved,,0,2026-06-21 16:30:58
CLM-0001198,RX-0001198,PH-005,PayerOne,2026-07-08 12:12:31,51.82,39.4,12.42,Approved,,0,2026-07-08 12:44:31
CLM-0001199,RX-0001199,PH-004,PayerOne,2026-05-15 08:27:32,121.93,99.34,22.59,Approved,,0,2026-05-15 09:02:32
CLM-0001200,RX-0001200,PH-001,PayerOne,2026-06-14 16:47:37,126.87,89.31,37.56,Approved,,0,2026-06-14 17:12:37
CLM-0001201,RX-0001201,PH-005,PayerOne,2026-07-07 11:17:46,45.93,0,6.33,Rejected,E01,0,2026-07-09 00:17:46
CLM-0001202,RX-0001202,PH-004,PayerOne,2026-06-21 15:45:56,60.58,39.0,21.58,Approved,,0,2026-06-21 16:32:56
CLM-0001203,RX-0001203,PH-002,United Mock,2026-07-24 16:36:40,62.19,51.56,10.63,Approved,,0,2026-07-24 17:22:40
CLM-0001204,RX-0001204,PH-002,PayerOne,2026-07-14 19:23:57,13.99,9.98,4.01,Approved,,0,2026-07-14 19:28:57
CLM-0001205,RX-0001205,PH-005,PayerOne,2026-05-23 15:29:36,58.58,43.6,14.98,Approved,,0,2026-05-23 15:51:36
CLM-0001206,RX-0001206,PH-003,Care Network,2026-05-02 11:24:37,95.64,88.34,7.3,Approved,,0,2026-05-02 11:57:37
CLM-0001207,RX-0001207,PH-004,HealthPlan TX,2026-07-09 19:52:42,14.07,9.05,5.02,Approved,,0,2026-07-09 20:20:42
CLM-0001208,RX-0001208,PH-002,United Mock,2026-07-30 08:46:22,40.79,35.51,5.28,Approved,,0,2026-07-30 09:10:22
CLM-0001209,RX-0001209,PH-002,United Mock,2026-06-19 11:31:08,43.27,26.37,16.9,Approved,,0,2026-06-19 11:54:08
CLM-0001210,RX-0001210,PH-005,HealthPlan TX,2026-05-28 15:38:22,36.0,24.44,11.56,Approved,,0,2026-05-28 16:01:22
CLM-0001211,RX-0001211,PH-003,United Mock,2026-07-06 13:30:56,68.3,54.22,14.08,Approved,,0,2026-07-06 13:50:56
CLM-0001212,RX-0001212,PH-004,United Mock,2026-05-24 19:53:52,50.58,44.72,5.86,Approved,,0,2026-05-24 20:22:52
CLM-0001213,RX-0001213,PH-002,HealthPlan TX,2026-05-29 13:06:12,43.61,36.44,7.17,Approved,,0,2026-05-29 13:39:12
CLM-0001214,RX-0001214,PH-001,PayerOne,2026-06-23 14:26:15,15.45,0,3.28,Rejected,E31,1,2026-06-25 23:26:15
CLM-0001215,RX-0001215,PH-003,HealthPlan TX,2026-06-06 20:54:02,18.24,11.43,6.81,Approved,,0,2026-06-06 21:26:02
CLM-0001216,RX-0001216,PH-003,United Mock,2026-05-09 16:41:44,18.55,0,3.97,Rejected,E14,1,2026-05-12 04:41:44
CLM-0001217,RX-0001217,PH-004,United Mock,2026-05-06 14:25:54,25.62,19.7,5.92,Approved,,0,2026-05-06 14:56:54
CLM-0001218,RX-0001218,PH-003,PayerOne,2026-06-27 13:15:32,12.07,9.61,2.46,Approved,,0,2026-06-27 13:43:32
CLM-0001219,RX-0001219,PH-005,HealthPlan TX,2026-05-15 11:03:07,108.55,74.02,34.53,Approved,,0,2026-05-15 11:18:07
CLM-0001220,RX-0001220,PH-002,HealthPlan TX,2026-05-30 11:37:25,69.16,54.08,15.08,Approved,,0,2026-05-30 12:08:25
CLM-0001221,RX-0001221,PH-001,Care Network,2026-07-05 17:04:34,118.89,87.77,31.12,Approved,,0,2026-07-05 17:22:34
CLM-0001222,RX-0001222,PH-002,HealthPlan TX,2026-05-13 19:23:17,63.19,53.9,9.29,Approved,,0,2026-05-13 19:53:17
CLM-0001223,RX-0001223,PH-002,PayerOne,2026-07-04 21:36:23,121.8,98.79,23.01,Approved,,0,2026-07-04 22:15:23
CLM-0001224,RX-0001224,PH-002,Care Network,2026-07-19 09:06:02,58.56,54.05,4.51,Approved,,0,2026-07-19 09:24:02
CLM-0001225,RX-0001225,PH-003,Care Network,2026-06-18 16:56:11,71.74,51.55,20.19,Approved,,0,2026-06-18 17:25:11
CLM-0001226,RX-0001226,PH-005,PayerOne,2026-05-15 20:32:18,102.14,88.53,13.61,Approved,,0,2026-05-15 20:52:18
CLM-0001227,RX-0001227,PH-003,Care Network,2026-06-18 20:57:12,100.02,84.03,15.99,Approved,,0,2026-06-18 21:34:12
CLM-0001228,RX-0001228,PH-001,Care Network,2026-07-10 21:25:12,60.61,44.26,16.35,Approved,,0,2026-07-10 21:57:12
CLM-0001229,RX-0001229,PH-003,HealthPlan TX,2026-05-29 16:32:50,7.56,5.95,1.61,Approved,,0,2026-05-29 16:48:50
CLM-0001230,RX-0001230,PH-002,HealthPlan TX,2026-07-19 14:52:14,81.18,67.67,13.51,Approved,,0,2026-07-19 15:25:14
CLM-0001231,RX-0001231,PH-005,Care Network,2026-06-29 15:34:33,38.3,35.71,2.59,Approved,,0,2026-06-29 16:13:33
CLM-0001232,RX-0001232,PH-005,PayerOne,2026-06-02 12:04:39,43.73,38.66,5.07,Approved,,0,2026-06-02 12:17:39
CLM-0001233,RX-0001233,PH-005,United Mock,2026-06-07 15:33:39,123.52,110.33,13.19,Approved,,0,2026-06-07 16:16:39
CLM-0001234,RX-0001234,PH-005,Care Network,2026-06-05 09:59:58,18.39,0,5.25,Rejected,E22,1,2026-06-07 20:59:58
CLM-0001235,RX-0001235,PH-005,HealthPlan TX,2026-07-11 16:18:09,26.18,23.68,2.5,Approved,,0,2026-07-11 16:43:09
CLM-0001236,RX-0001236,PH-004,Care Network,2026-07-18 11:25:17,31.03,18.69,12.34,Approved,,0,2026-07-18 11:31:17
CLM-0001237,RX-0001237,PH-003,United Mock,2026-06-17 18:38:07,31.34,27.16,4.18,Approved,,0,2026-06-17 18:45:07
CLM-0001238,RX-0001238,PH-004,Care Network,2026-06-22 21:20:43,26.4,0,3.98,Rejected,E22,0,2026-06-23 08:20:43
CLM-0001239,RX-0001239,PH-005,United Mock,2026-06-23 12:40:56,86.49,81.32,5.17,Approved,,0,2026-06-23 13:00:56
CLM-0001240,RX-0001240,PH-003,PayerOne,2026-06-26 09:05:01,76.72,56.98,19.74,Approved,,0,2026-06-26 09:26:01
CLM-0001241,RX-0001241,PH-005,Care Network,2026-07-16 18:14:30,47.86,29.32,18.54,Approved,,0,2026-07-16 18:38:30
CLM-0001242,RX-0001242,PH-003,PayerOne,2026-07-15 18:43:06,30.11,21.11,9.0,Approved,,0,2026-07-15 19:08:06
CLM-0001243,RX-0001243,PH-002,Care Network,2026-06-14 08:48:21,84.68,55.66,29.02,Approved,,0,2026-06-14 09:15:21
CLM-0001244,RX-0001244,PH-003,HealthPlan TX,2026-06-26 12:35:47,16.01,11.98,4.03,Approved,,0,2026-06-26 12:48:47
CLM-0001245,RX-0001245,PH-005,HealthPlan TX,2026-06-23 14:12:05,36.05,0,2.56,Rejected,E14,0,2026-06-23 22:12:05
CLM-0001246,RX-0001246,PH-003,PayerOne,2026-07-09 11:13:32,93.87,57.62,36.25,Approved,,0,2026-07-09 11:54:32
CLM-0001247,RX-0001247,PH-001,PayerOne,2026-06-20 08:58:53,9.92,8.67,1.25,Approved,,0,2026-06-20 09:35:53
CLM-0001248,RX-0001248,PH-004,United Mock,2026-07-29 14:10:23,15.78,10.46,5.32,Approved,,0,2026-07-29 14:41:23
CLM-0001249,RX-0001249,PH-002,United Mock,2026-07-31 19:18:55,44.51,35.58,8.93,Approved,,0,2026-07-31 19:34:55
CLM-0001250,RX-0001250,PH-003,Care Network,2026-06-29 18:29:33,46.69,43.63,3.06,Approved,,0,2026-06-29 19:03:33
CLM-0001251,RX-0001251,PH-003,HealthPlan TX,2026-06-09 09:44:27,58.49,49.95,8.54,Approved,,0,2026-06-09 10:18:27
CLM-0001252,RX-0001252,PH-002,United Mock,2026-05-10 15:55:17,22.82,16.2,6.62,Approved,,0,2026-05-10 16:22:17
CLM-0001253,RX-0001253,PH-005,HealthPlan TX,2026-07-20 16:12:26,8.71,7.2,1.51,Approved,,0,2026-07-20 16:17:26
CLM-0001254,RX-0001254,PH-002,Care Network,2026-05-10 21:08:34,56.0,37.2,18.8,Approved,,0,2026-05-10 21:39:34
CLM-0001255,RX-0001255,PH-004,PayerOne,2026-06-27 20:10:59,95.33,72.03,23.3,Approved,,0,2026-06-27 21:01:59
CLM-0001256,RX-0001256,PH-001,HealthPlan TX,2026-06-17 13:32:08,63.77,49.41,14.36,Approved,,0,2026-06-17 13:49:08
CLM-0001257,RX-0001257,PH-002,PayerOne,2026-05-31 13:50:50,55.09,44.27,10.82,Approved,,0,2026-05-31 14:12:50
CLM-0001258,RX-0001258,PH-005,Care Network,2026-07-19 08:28:50,30.63,28.11,2.52,Approved,,0,2026-07-19 09:06:50
CLM-0001259,RX-0001259,PH-005,PayerOne,2026-06-21 16:55:57,141.7,105.15,36.55,Approved,,0,2026-06-21 17:11:57
CLM-0001260,RX-0001260,PH-005,PayerOne,2026-05-23 08:11:44,58.98,36.87,22.11,Approved,,0,2026-05-23 08:30:44
CLM-0001261,RX-0001261,PH-004,HealthPlan TX,2026-07-04 21:17:51,64.73,42.2,22.53,Approved,,0,2026-07-04 21:57:51
CLM-0001262,RX-0001262,PH-005,Care Network,2026-06-03 21:25:52,104.87,63.7,41.17,Approved,,0,2026-06-03 21:54:52
CLM-0001263,RX-0001263,PH-005,United Mock,2026-06-28 15:21:45,17.56,13.98,3.58,Approved,,0,2026-06-28 15:39:45
CLM-0001264,RX-0001264,PH-004,PayerOne,2026-05-09 15:18:20,114.82,0,21.2,Rejected,E22,0,2026-05-09 18:18:20
CLM-0001265,RX-0001265,PH-001,United Mock,2026-06-22 21:38:06,67.01,57.78,9.23,Approved,,0,2026-06-22 21:55:06
CLM-0001266,RX-0001266,PH-005,Care Network,2026-07-20 15:02:54,14.7,9.01,5.69,Approved,,0,2026-07-20 15:48:54
CLM-0001267,RX-0001267,PH-003,HealthPlan TX,2026-05-24 10:35:15,158.55,119.77,38.78,Approved,,0,2026-05-24 11:10:15
CLM-0001268,RX-0001268,PH-004,Care Network,2026-05-24 18:28:01,64.26,0,15.72,Rejected,E22,0,2026-05-26 00:28:01
CLM-0001269,RX-0001269,PH-001,United Mock,2026-07-29 20:10:19,112.78,93.66,19.12,Approved,,0,2026-07-29 20:48:19
CLM-0001270,RX-0001270,PH-002,HealthPlan TX,2026-07-29 12:11:30,27.74,20.83,6.91,Approved,,0,2026-07-29 12:55:30
CLM-0001271,RX-0001271,PH-001,PayerOne,2026-05-29 09:48:12,90.35,65.34,25.01,Approved,,0,2026-05-29 10:03:12
CLM-0001272,RX-0001272,PH-005,United Mock,2026-05-13 16:11:40,33.57,21.68,11.89,Approved,,0,2026-05-13 16:41:40
CLM-0001273,RX-0001273,PH-005,Care Network,2026-05-24 15:58:12,62.37,44.96,17.41,Approved,,0,2026-05-24 16:29:12
CLM-0001274,RX-0001274,PH-001,PayerOne,2026-05-23 17:32:11,108.87,96.55,12.32,Approved,,0,2026-05-23 18:07:11
CLM-0001275,RX-0001275,PH-005,United Mock,2026-05-27 21:07:19,90.42,72.59,17.83,Approved,,0,2026-05-27 21:52:19
CLM-0001276,RX-0001276,PH-003,Care Network,2026-06-13 18:07:13,16.65,0,6.46,Rejected,E31,2,2026-06-16 08:07:13
CLM-0001277,RX-0001277,PH-005,PayerOne,2026-07-21 19:45:13,19.32,16.07,3.25,Approved,,0,2026-07-21 20:14:13
CLM-0001278,RX-0001278,PH-003,PayerOne,2026-05-14 15:54:02,33.37,25.96,7.41,Approved,,0,2026-05-14 16:34:02
CLM-0001279,RX-0001279,PH-005,United Mock,2026-07-26 13:26:41,16.14,14.65,1.49,Approved,,0,2026-07-26 14:16:41
CLM-0001280,RX-0001280,PH-005,United Mock,2026-05-20 19:26:51,74.48,44.82,29.66,Approved,,0,2026-05-20 20:00:51
CLM-0001281,RX-0001281,PH-001,PayerOne,2026-06-14 09:22:17,70.83,0,16.49,Rejected,E31,1,2026-06-17 04:22:17
CLM-0001282,RX-0001282,PH-004,Care Network,2026-07-11 15:00:54,128.34,92.71,35.63,Approved,,0,2026-07-11 15:39:54
CLM-0001283,RX-0001283,PH-004,Care Network,2026-06-25 11:07:17,28.78,0,6.72,Rejected,E14,0,2026-06-27 17:07:17
CLM-0001284,RX-0001284,PH-001,Care Network,2026-07-07 10:21:38,96.93,68.93,28.0,Approved,,0,2026-07-07 11:00:38
CLM-0001285,RX-0001285,PH-002,PayerOne,2026-05-27 09:23:28,72.26,59.06,13.2,Approved,,0,2026-05-27 10:01:28
CLM-0001286,RX-0001286,PH-003,HealthPlan TX,2026-06-03 13:22:09,25.0,20.6,4.4,Approved,,0,2026-06-03 13:39:09
CLM-0001287,RX-0001287,PH-001,PayerOne,2026-06-09 16:34:35,68.32,53.1,15.22,Approved,,0,2026-06-09 17:32:35
CLM-0001288,RX-0001288,PH-003,PayerOne,2026-06-27 17:35:00,80.3,53.8,26.5,Approved,,0,2026-06-27 18:09:00
CLM-0001289,RX-0001289,PH-005,PayerOne,2026-06-06 10:18:00,35.76,33.21,2.55,Approved,,0,2026-06-06 10:39:00
CLM-0001290,RX-0001290,PH-005,United Mock,2026-07-27 14:11:42,60.48,46.64,13.84,Approved,,0,2026-07-27 14:38:42
CLM-0001291,RX-0001291,PH-003,Care Network,2026-06-21 17:18:45,74.25,61.98,12.27,Approved,,0,2026-06-21 17:47:45
CLM-0001292,RX-0001292,PH-003,United Mock,2026-06-30 12:43:53,59.9,56.63,3.27,Approved,,0,2026-06-30 13:15:53
CLM-0001293,RX-0001293,PH-002,PayerOne,2026-05-14 13:49:55,45.88,41.04,4.84,Approved,,0,2026-05-14 14:33:55
CLM-0001294,RX-0001294,PH-004,Care Network,2026-06-06 16:16:36,16.67,13.47,3.2,Approved,,0,2026-06-06 16:37:36
CLM-0001295,RX-0001295,PH-001,Care Network,2026-05-30 09:48:50,15.77,0,6.15,Rejected,E31,0,2026-06-01 17:48:50
CLM-0001296,RX-0001296,PH-002,HealthPlan TX,2026-07-05 17:07:11,92.96,58.32,34.64,Approved,,0,2026-07-05 17:29:11
CLM-0001297,RX-0001297,PH-002,PayerOne,2026-07-30 18:03:20,78.69,0,16.65,Rejected,E31,1,2026-07-31 04:03:20
CLM-0001298,RX-0001298,PH-001,PayerOne,2026-05-20 20:50:56,53.03,40.17,12.86,Approved,,0,2026-05-20 21:34:56
CLM-0001299,RX-0001299,PH-002,HealthPlan TX,2026-05-25 17:06:54,54.03,50.44,3.59,Approved,,0,2026-05-25 17:48:54
CLM-0001300,RX-0001300,PH-004,PayerOne,2026-07-11 18:14:17,20.21,14.17,6.04,Approved,,0,2026-07-11 18:37:17
CLM-0001301,RX-0001301,PH-001,HealthPlan TX,2026-05-21 11:41:40,89.36,81.23,8.13,Approved,,0,2026-05-21 12:26:40
CLM-0001302,RX-0001302,PH-003,Care Network,2026-05-10 08:39:55,58.62,53.66,4.96,Approved,,0,2026-05-10 08:53:55
CLM-0001303,RX-0001303,PH-005,HealthPlan TX,2026-07-30 15:57:27,82.48,56.81,25.67,Approved,,0,2026-07-30 16:35:27
CLM-0001304,RX-0001304,PH-004,PayerOne,2026-05-23 08:45:51,15.24,13.69,1.55,Approved,,0,2026-05-23 09:08:51
CLM-0001305,RX-0001305,PH-005,United Mock,2026-06-24 14:34:30,29.46,21.21,8.25,Approved,,0,2026-06-24 15:24:30
CLM-0001306,RX-0001306,PH-005,HealthPlan TX,2026-05-21 20:33:44,141.28,86.23,55.05,Approved,,0,2026-05-21 20:55:44
CLM-0001307,RX-0001307,PH-004,United Mock,2026-07-17 09:10:20,62.68,0,14.93,Rejected,E22,0,2026-07-20 03:10:20
CLM-0001308,RX-0001308,PH-005,PayerOne,2026-06-15 18:22:02,111.11,92.19,18.92,Approved,,0,2026-06-15 18:53:02
CLM-0001309,RX-0001309,PH-003,United Mock,2026-06-05 08:31:35,140.85,107.14,33.71,Approved,,0,2026-06-05 09:03:35
CLM-0001310,RX-0001310,PH-003,HealthPlan TX,2026-05-15 09:10:49,108.46,71.54,36.92,Approved,,0,2026-05-15 09:28:49
CLM-0001311,RX-0001311,PH-002,United Mock,2026-07-23 16:48:06,20.84,18.75,2.09,Approved,,0,2026-07-23 17:17:06
CLM-0001312,RX-0001312,PH-004,HealthPlan TX,2026-07-11 20:51:09,159.14,129.03,30.11,Approved,,0,2026-07-11 21:12:09
CLM-0001313,RX-0001313,PH-002,Care Network,2026-06-14 15:10:30,40.96,35.76,5.2,Approved,,0,2026-06-14 15:40:30
CLM-0001314,RX-0001314,PH-002,United Mock,2026-05-16 09:14:38,41.62,38.89,2.73,Approved,,0,2026-05-16 10:06:38
CLM-0001315,RX-0001315,PH-003,PayerOne,2026-05-02 17:49:31,73.5,55.84,17.66,Approved,,0,2026-05-02 18:18:31
CLM-0001316,RX-0001316,PH-002,Care Network,2026-05-27 18:16:24,21.77,14.3,7.47,Approved,,0,2026-05-27 18:35:24
CLM-0001317,RX-0001317,PH-003,PayerOne,2026-07-31 18:16:36,6.83,5.0,1.83,Approved,,0,2026-07-31 18:48:36
CLM-0001318,RX-0001318,PH-004,PayerOne,2026-06-29 10:54:31,56.14,52.89,3.25,Approved,,0,2026-06-29 11:09:31
CLM-0001319,RX-0001319,PH-003,United Mock,2026-05-08 09:19:42,47.42,36.29,11.13,Approved,,0,2026-05-08 09:38:42
CLM-0001320,RX-0001320,PH-005,HealthPlan TX,2026-07-17 13:16:40,81.51,63.55,17.96,Approved,,0,2026-07-17 13:45:40
CLM-0001321,RX-0001321,PH-001,HealthPlan TX,2026-07-02 16:06:16,49.84,43.59,6.25,Approved,,0,2026-07-02 16:35:16
CLM-0001322,RX-0001322,PH-004,United Mock,2026-07-07 10:33:10,11.45,10.16,1.29,Approved,,0,2026-07-07 10:47:10
CLM-0001323,RX-0001323,PH-003,Care Network,2026-06-02 21:07:21,99.39,79.81,19.58,Approved,,0,2026-06-02 21:28:21
CLM-0001324,RX-0001324,PH-001,HealthPlan TX,2026-05-25 08:52:57,16.96,14.05,2.91,Approved,,0,2026-05-25 09:01:57
CLM-0001325,RX-0001325,PH-001,HealthPlan TX,2026-07-08 14:39:41,136.83,126.94,9.89,Approved,,0,2026-07-08 14:58:41
CLM-0001326,RX-0001326,PH-002,HealthPlan TX,2026-06-12 17:04:54,53.06,41.3,11.76,Approved,,0,2026-06-12 17:28:54
CLM-0001327,RX-0001327,PH-001,Care Network,2026-05-08 11:29:42,98.19,61.84,36.35,Approved,,0,2026-05-08 12:09:42
CLM-0001328,RX-0001328,PH-004,United Mock,2026-06-29 09:01:29,30.31,22.15,8.16,Approved,,0,2026-06-29 09:30:29
CLM-0001329,RX-0001329,PH-005,United Mock,2026-05-08 15:54:58,28.89,25.11,3.78,Approved,,0,2026-05-08 16:33:58
CLM-0001330,RX-0001330,PH-001,Care Network,2026-05-22 19:21:57,27.89,23.63,4.26,Approved,,0,2026-05-22 19:52:57
CLM-0001331,RX-0001331,PH-004,HealthPlan TX,2026-07-07 16:17:23,64.03,58.72,5.31,Approved,,0,2026-07-07 17:22:23
CLM-0001332,RX-0001332,PH-001,HealthPlan TX,2026-05-27 18:24:17,117.76,89.35,28.41,Approved,,0,2026-05-27 18:57:17
CLM-0001333,RX-0001333,PH-002,Care Network,2026-07-14 15:21:43,36.49,27.36,9.13,Approved,,0,2026-07-14 15:36:43
CLM-0001334,RX-0001334,PH-001,PayerOne,2026-05-12 13:17:19,61.99,50.49,11.5,Approved,,0,2026-05-12 13:45:19
CLM-0001335,RX-0001335,PH-003,PayerOne,2026-07-27 16:52:18,71.78,66.51,5.27,Approved,,0,2026-07-27 17:36:18
CLM-0001336,RX-0001336,PH-002,PayerOne,2026-06-02 09:26:26,64.59,40.76,23.83,Approved,,0,2026-06-02 09:43:26
CLM-0001337,RX-0001337,PH-002,HealthPlan TX,2026-06-24 17:22:00,93.79,67.41,26.38,Approved,,0,2026-06-24 17:49:00
CLM-0001338,RX-0001338,PH-005,United Mock,2026-06-09 11:33:22,44.69,0,10.18,Rejected,E31,1,2026-06-10 18:33:22
CLM-0001339,RX-0001339,PH-001,Care Network,2026-07-20 21:35:27,71.75,51.25,20.5,Approved,,0,2026-07-20 21:52:27
CLM-0001340,RX-0001340,PH-004,Care Network,2026-05-09 17:02:58,16.88,11.95,4.93,Approved,,0,2026-05-09 17:26:58
CLM-0001341,RX-0001341,PH-003,Care Network,2026-05-29 19:48:13,46.7,42.37,4.33,Approved,,0,2026-05-29 20:34:13
CLM-0001342,RX-0001342,PH-003,United Mock,2026-06-26 10:52:21,18.64,11.54,7.1,Approved,,0,2026-06-26 11:12:21
CLM-0001343,RX-0001343,PH-004,PayerOne,2026-06-21 15:03:03,39.76,30.41,9.35,Approved,,0,2026-06-21 15:19:03
CLM-0001344,RX-0001344,PH-002,United Mock,2026-05-11 18:53:50,68.08,62.45,5.63,Approved,,0,2026-05-11 19:11:50
CLM-0001345,RX-0001345,PH-004,PayerOne,2026-07-04 11:57:33,67.07,59.47,7.6,Approved,,0,2026-07-04 12:29:33
CLM-0001346,RX-0001346,PH-005,Care Network,2026-05-28 18:24:49,101.3,66.53,34.77,Approved,,0,2026-05-28 18:55:49
CLM-0001347,RX-0001347,PH-002,United Mock,2026-06-01 13:18:26,37.22,29.62,7.6,Approved,,0,2026-06-01 13:34:26
CLM-0001348,RX-0001348,PH-005,HealthPlan TX,2026-05-14 19:56:06,52.25,44.2,8.05,Approved,,0,2026-05-14 20:25:06
CLM-0001349,RX-0001349,PH-001,United Mock,2026-05-20 13:32:20,133.8,92.38,41.42,Approved,,0,2026-05-20 13:51:20
CLM-0001350,RX-0001350,PH-005,HealthPlan TX,2026-06-08 11:45:19,101.71,62.25,39.46,Approved,,0,2026-06-08 12:22:19
CLM-0001351,RX-0001351,PH-002,United Mock,2026-05-27 09:26:20,26.02,21.9,4.12,Approved,,0,2026-05-27 09:50:20
CLM-0001352,RX-0001352,PH-005,Care Network,2026-06-20 10:00:43,55.72,37.57,18.15,Approved,,0,2026-06-20 10:25:43
CLM-0001353,RX-0001353,PH-001,HealthPlan TX,2026-05-14 21:26:09,53.87,34.05,19.82,Approved,,0,2026-05-14 22:11:09
CLM-0001354,RX-0001354,PH-001,United Mock,2026-05-12 08:12:24,33.33,21.79,11.54,Approved,,0,2026-05-12 08:35:24
CLM-0001355,RX-0001355,PH-003,United Mock,2026-06-12 21:14:54,26.43,19.62,6.81,Approved,,0,2026-06-12 22:00:54
CLM-0001356,RX-0001356,PH-003,United Mock,2026-05-28 08:57:57,16.98,15.28,1.7,Approved,,0,2026-05-28 09:27:57
CLM-0001357,RX-0001357,PH-001,United Mock,2026-06-18 20:20:28,81.59,73.55,8.04,Approved,,0,2026-06-18 21:02:28
CLM-0001358,RX-0001358,PH-005,HealthPlan TX,2026-07-26 13:57:33,14.96,10.97,3.99,Approved,,0,2026-07-26 14:40:33
CLM-0001359,RX-0001359,PH-002,United Mock,2026-06-06 17:26:26,22.76,19.75,3.01,Approved,,0,2026-06-06 17:43:26
CLM-0001360,RX-0001360,PH-003,Care Network,2026-07-21 11:05:39,99.97,78.38,21.59,Approved,,0,2026-07-21 11:28:39
CLM-0001361,RX-0001361,PH-005,HealthPlan TX,2026-07-11 09:38:44,76.99,63.64,13.35,Approved,,0,2026-07-11 09:48:44
CLM-0001362,RX-0001362,PH-003,HealthPlan TX,2026-05-03 10:32:17,21.1,15.75,5.35,Approved,,0,2026-05-03 10:56:17
CLM-0001363,RX-0001363,PH-004,Care Network,2026-07-06 19:26:00,29.63,25.78,3.85,Approved,,0,2026-07-06 20:06:00
CLM-0001364,RX-0001364,PH-003,United Mock,2026-07-31 09:21:33,78.94,57.92,21.02,Approved,,0,2026-07-31 09:41:33
CLM-0001365,RX-0001365,PH-004,Care Network,2026-05-25 19:08:35,68.37,48.18,20.19,Approved,,0,2026-05-25 19:55:35
CLM-0001366,RX-0001366,PH-002,United Mock,2026-05-17 10:49:28,67.44,49.43,18.01,Approved,,0,2026-05-17 11:47:28
CLM-0001367,RX-0001367,PH-005,Care Network,2026-05-17 17:11:07,15.51,14.44,1.07,Approved,,0,2026-05-17 17:16:07
CLM-0001368,RX-0001368,PH-002,PayerOne,2026-06-04 21:57:44,37.53,27.58,9.95,Approved,,0,2026-06-04 22:23:44
CLM-0001369,RX-0001369,PH-001,PayerOne,2026-06-22 13:37:37,36.36,24.14,12.22,Approved,,0,2026-06-22 14:05:37
CLM-0001370,RX-0001370,PH-004,United Mock,2026-07-04 13:43:08,31.21,29.45,1.76,Approved,,0,2026-07-04 14:03:08
CLM-0001371,RX-0001371,PH-003,HealthPlan TX,2026-07-09 14:43:17,11.99,10.44,1.55,Approved,,0,2026-07-09 15:29:17
CLM-0001372,RX-0001372,PH-001,Care Network,2026-07-24 17:08:17,90.55,74.6,15.95,Approved,,0,2026-07-24 17:43:17
CLM-0001373,RX-0001373,PH-002,United Mock,2026-07-20 17:13:18,31.73,20.71,11.02,Approved,,0,2026-07-20 17:33:18
CLM-0001374,RX-0001374,PH-005,United Mock,2026-06-02 09:23:00,155.18,110.34,44.84,Approved,,0,2026-06-02 09:36:00
CLM-0001375,RX-0001375,PH-005,HealthPlan TX,2026-05-25 21:48:03,75.16,71.33,3.83,Approved,,0,2026-05-25 22:17:03
CLM-0001376,RX-0001376,PH-001,United Mock,2026-05-25 19:58:32,114.01,0,36.19,Rejected,E22,1,2026-05-26 09:58:32
CLM-0001377,RX-0001377,PH-003,HealthPlan TX,2026-07-03 13:49:01,49.35,33.47,15.88,Approved,,0,2026-07-03 14:40:01
CLM-0001378,RX-0001378,PH-001,United Mock,2026-06-03 18:00:19,39.01,31.41,7.6,Approved,,0,2026-06-03 18:46:19
CLM-0001379,RX-0001379,PH-004,HealthPlan TX,2026-07-12 08:55:22,17.26,15.99,1.27,Approved,,0,2026-07-12 09:39:22
CLM-0001380,RX-0001380,PH-003,Care Network,2026-06-04 16:51:37,132.79,81.96,50.83,Approved,,0,2026-06-04 17:29:37
CLM-0001381,RX-0001381,PH-001,PayerOne,2026-05-23 14:47:14,34.14,22.56,11.58,Approved,,0,2026-05-23 15:01:14
CLM-0001382,RX-0001382,PH-001,Care Network,2026-06-22 17:40:44,16.22,10.08,6.14,Approved,,0,2026-06-22 18:13:44
CLM-0001383,RX-0001383,PH-005,PayerOne,2026-06-22 09:00:14,109.65,68.76,40.89,Approved,,0,2026-06-22 09:18:14
CLM-0001384,RX-0001384,PH-001,Care Network,2026-05-22 08:19:10,64.41,58.77,5.64,Approved,,0,2026-05-22 08:41:10
CLM-0001385,RX-0001385,PH-003,PayerOne,2026-07-20 15:06:16,84.21,67.92,16.29,Approved,,0,2026-07-20 15:15:16
CLM-0001386,RX-0001386,PH-003,United Mock,2026-07-16 17:59:35,100.69,84.28,16.41,Approved,,0,2026-07-16 18:50:35
CLM-0001387,RX-0001387,PH-001,United Mock,2026-07-13 08:39:06,95.57,82.85,12.72,Approved,,0,2026-07-13 08:50:06
CLM-0001388,RX-0001388,PH-001,Care Network,2026-07-10 10:12:27,62.58,44.51,18.07,Approved,,0,2026-07-10 10:51:27
CLM-0001389,RX-0001389,PH-001,Care Network,2026-07-17 14:25:56,43.07,31.69,11.38,Approved,,0,2026-07-17 14:55:56
CLM-0001390,RX-0001390,PH-003,PayerOne,2026-07-22 13:10:25,47.04,43.73,3.31,Approved,,0,2026-07-22 13:15:25
CLM-0001391,RX-0001391,PH-004,United Mock,2026-06-04 14:41:45,38.19,31.93,6.26,Approved,,0,2026-06-04 14:56:45
CLM-0001392,RX-0001392,PH-005,PayerOne,2026-06-20 18:56:59,46.16,41.56,4.6,Approved,,0,2026-06-20 19:27:59
CLM-0001393,RX-0001393,PH-004,Care Network,2026-07-29 12:36:56,59.48,54.75,4.73,Approved,,0,2026-07-29 13:07:56
CLM-0001394,RX-0001394,PH-002,HealthPlan TX,2026-06-23 12:44:11,14.15,8.89,5.26,Approved,,0,2026-06-23 13:24:11
CLM-0001395,RX-0001395,PH-005,Care Network,2026-07-19 18:15:17,80.79,50.03,30.76,Approved,,0,2026-07-19 18:50:17
CLM-0001396,RX-0001396,PH-005,HealthPlan TX,2026-05-10 17:29:31,80.26,75.87,4.39,Approved,,0,2026-05-10 18:03:31
CLM-0001397,RX-0001397,PH-002,United Mock,2026-05-11 11:28:19,83.64,59.71,23.93,Approved,,0,2026-05-11 11:39:19
CLM-0001398,RX-0001398,PH-001,PayerOne,2026-05-20 20:43:30,79.81,62.25,17.56,Approved,,0,2026-05-20 21:16:30
CLM-0001399,RX-0001399,PH-005,United Mock,2026-05-12 17:48:21,28.3,18.54,9.76,Approved,,0,2026-05-12 18:32:21
CLM-0001400,RX-0001400,PH-003,Care Network,2026-05-17 12:39:29,47.01,32.55,14.46,Approved,,0,2026-05-17 13:07:29
CLM-0001401,RX-0001401,PH-004,United Mock,2026-06-18 19:34:49,12.58,11.6,0.98,Approved,,0,2026-06-18 19:57:49
CLM-0001402,RX-0001402,PH-005,PayerOne,2026-07-12 10:16:48,22.71,15.34,7.37,Approved,,0,2026-07-12 10:46:48
CLM-0001403,RX-0001403,PH-002,Care Network,2026-06-26 20:45:51,61.78,58.05,3.73,Approved,,0,2026-06-26 21:13:51
CLM-0001404,RX-0001404,PH-005,United Mock,2026-07-13 21:58:11,59.09,49.81,9.28,Approved,,0,2026-07-13 22:36:11
CLM-0001405,RX-0001405,PH-003,Care Network,2026-07-13 13:07:30,27.95,16.93,11.02,Approved,,0,2026-07-13 13:52:30
CLM-0001406,RX-0001406,PH-005,PayerOne,2026-07-07 16:39:56,118.05,88.79,29.26,Approved,,0,2026-07-07 17:12:56
CLM-0001407,RX-0001407,PH-002,United Mock,2026-05-21 19:08:51,61.72,51.36,10.36,Approved,,0,2026-05-21 19:39:51
CLM-0001408,RX-0001408,PH-004,PayerOne,2026-07-17 14:28:49,65.59,42.55,23.04,Approved,,0,2026-07-17 15:04:49
CLM-0001409,RX-0001409,PH-005,United Mock,2026-07-06 18:13:05,75.77,68.26,7.51,Approved,,0,2026-07-06 18:41:05
CLM-0001410,RX-0001410,PH-002,PayerOne,2026-05-03 14:55:02,83.85,63.68,20.17,Approved,,0,2026-05-03 15:12:02
CLM-0001411,RX-0001411,PH-005,PayerOne,2026-07-14 08:49:46,33.33,23.01,10.32,Approved,,0,2026-07-14 09:04:46
CLM-0001412,RX-0001412,PH-001,United Mock,2026-07-25 13:55:52,32.17,27.4,4.77,Approved,,0,2026-07-25 14:00:52
CLM-0001413,RX-0001413,PH-003,United Mock,2026-06-19 10:16:33,88.77,66.63,22.14,Approved,,0,2026-06-19 10:47:33
CLM-0001414,RX-0001414,PH-002,HealthPlan TX,2026-07-08 14:00:31,16.69,13.91,2.78,Approved,,0,2026-07-08 14:22:31
CLM-0001415,RX-0001415,PH-004,United Mock,2026-07-29 12:53:43,73.36,46.82,26.54,Approved,,0,2026-07-29 13:27:43
CLM-0001416,RX-0001416,PH-001,HealthPlan TX,2026-07-01 17:06:03,37.78,24.17,13.61,Approved,,0,2026-07-01 17:31:03
CLM-0001417,RX-0001417,PH-004,HealthPlan TX,2026-06-07 15:28:28,111.41,93.89,17.52,Approved,,0,2026-06-07 16:08:28
CLM-0001418,RX-0001418,PH-003,PayerOne,2026-07-12 14:15:06,54.35,41.07,13.28,Approved,,0,2026-07-12 14:22:06
CLM-0001419,RX-0001419,PH-004,PayerOne,2026-07-07 15:31:51,104.16,91.49,12.67,Approved,,0,2026-07-07 16:05:51
CLM-0001420,RX-0001420,PH-005,United Mock,2026-05-08 20:56:56,94.6,89.51,5.09,Approved,,0,2026-05-08 21:28:56
CLM-0001421,RX-0001421,PH-005,Care Network,2026-07-09 10:09:10,45.71,28.33,17.38,Approved,,0,2026-07-09 10:43:10
CLM-0001422,RX-0001422,PH-005,United Mock,2026-07-06 10:37:58,79.34,58.92,20.42,Approved,,0,2026-07-06 11:09:58
CLM-0001423,RX-0001423,PH-001,HealthPlan TX,2026-06-29 15:54:59,56.04,37.14,18.9,Approved,,0,2026-06-29 16:20:59
CLM-0001424,RX-0001424,PH-003,HealthPlan TX,2026-05-21 15:11:27,69.88,65.73,4.15,Approved,,0,2026-05-21 15:16:27
CLM-0001425,RX-0001425,PH-005,Care Network,2026-06-11 15:05:42,120.32,113.87,6.45,Approved,,0,2026-06-11 15:42:42
CLM-0001426,RX-0001426,PH-005,PayerOne,2026-07-24 13:07:52,76.21,62.39,13.82,Approved,,0,2026-07-24 13:35:52
CLM-0001427,RX-0001427,PH-003,United Mock,2026-07-31 18:20:15,20.29,16.26,4.03,Approved,,0,2026-07-31 18:46:15
CLM-0001428,RX-0001428,PH-005,PayerOne,2026-05-31 11:03:20,33.67,30.15,3.52,Approved,,0,2026-05-31 11:26:20
CLM-0001429,RX-0001429,PH-001,HealthPlan TX,2026-05-07 11:11:49,60.78,39.63,21.15,Approved,,0,2026-05-07 11:48:49
CLM-0001430,RX-0001430,PH-004,PayerOne,2026-06-19 18:13:12,75.83,65.54,10.29,Approved,,0,2026-06-19 18:46:12
CLM-0001431,RX-0001431,PH-002,HealthPlan TX,2026-07-04 19:35:38,31.02,18.76,12.26,Approved,,0,2026-07-04 19:55:38
CLM-0001432,RX-0001432,PH-003,United Mock,2026-05-20 21:12:02,36.41,34.28,2.13,Approved,,0,2026-05-20 21:47:02
CLM-0001433,RX-0001433,PH-003,PayerOne,2026-06-20 21:28:49,16.76,13.27,3.49,Approved,,0,2026-06-20 21:33:49
CLM-0001434,RX-0001434,PH-004,HealthPlan TX,2026-05-25 15:52:55,16.7,15.71,0.99,Approved,,0,2026-05-25 16:10:55
CLM-0001435,RX-0001435,PH-001,HealthPlan TX,2026-06-29 12:54:21,10.19,7.36,2.83,Approved,,0,2026-06-29 13:24:21
CLM-0001436,RX-0001436,PH-005,Care Network,2026-07-02 15:57:12,12.91,9.16,3.75,Approved,,0,2026-07-02 16:15:12
CLM-0001437,RX-0001437,PH-001,Care Network,2026-06-23 13:32:54,31.9,22.67,9.23,Approved,,0,2026-06-23 14:05:54
CLM-0001438,RX-0001438,PH-004,United Mock,2026-07-19 19:14:07,62.68,57.72,4.96,Approved,,0,2026-07-19 19:45:07
CLM-0001439,RX-0001439,PH-005,Care Network,2026-05-03 08:10:14,74.68,60.0,14.68,Approved,,0,2026-05-03 08:35:14
CLM-0001440,RX-0001440,PH-004,Care Network,2026-06-15 15:13:47,47.95,29.95,18.0,Approved,,0,2026-06-15 15:44:47
CLM-0001441,RX-0001441,PH-003,PayerOne,2026-07-13 15:04:24,36.42,28.27,8.15,Approved,,0,2026-07-13 16:00:24
CLM-0001442,RX-0001442,PH-003,Care Network,2026-05-31 09:25:20,60.71,57.2,3.51,Approved,,0,2026-05-31 10:00:20
CLM-0001443,RX-0001443,PH-002,Care Network,2026-06-02 20:26:44,31.24,21.36,9.88,Approved,,0,2026-06-02 20:49:44
CLM-0001444,RX-0001444,PH-002,United Mock,2026-06-27 15:13:33,87.02,79.73,7.29,Approved,,0,2026-06-27 15:41:33
CLM-0001445,RX-0001445,PH-003,PayerOne,2026-06-28 10:09:54,44.1,34.12,9.98,Approved,,0,2026-06-28 10:39:54
CLM-0001446,RX-0001446,PH-005,Care Network,2026-06-01 13:51:06,58.06,36.24,21.82,Approved,,0,2026-06-01 14:24:06
CLM-0001447,RX-0001447,PH-005,HealthPlan TX,2026-05-21 12:02:48,23.52,17.4,6.12,Approved,,0,2026-05-21 12:26:48
CLM-0001448,RX-0001448,PH-005,HealthPlan TX,2026-05-17 18:02:57,15.66,0,3.69,Rejected,E31,0,2026-05-19 02:02:57
CLM-0001449,RX-0001449,PH-002,PayerOne,2026-07-11 18:13:11,108.83,70.71,38.12,Approved,,0,2026-07-11 18:36:11
CLM-0001450,RX-0001450,PH-005,Care Network,2026-07-11 21:49:55,90.87,83.57,7.3,Approved,,0,2026-07-11 22:44:55
CLM-0001451,RX-0001451,PH-002,United Mock,2026-06-23 12:45:16,23.83,15.05,8.78,Approved,,0,2026-06-23 13:03:16
CLM-0001452,RX-0001452,PH-005,Care Network,2026-07-01 11:12:11,65.64,60.97,4.67,Approved,,0,2026-07-01 11:40:11
CLM-0001453,RX-0001453,PH-002,PayerOne,2026-07-13 16:32:00,110.38,69.23,41.15,Approved,,0,2026-07-13 16:45:00
CLM-0001454,RX-0001454,PH-001,PayerOne,2026-06-14 14:20:54,24.22,18.66,5.56,Approved,,0,2026-06-14 15:02:54
CLM-0001455,RX-0001455,PH-001,HealthPlan TX,2026-05-23 11:11:26,19.49,12.81,6.68,Approved,,0,2026-05-23 11:54:26
CLM-0001456,RX-0001456,PH-001,HealthPlan TX,2026-06-21 15:31:48,31.51,19.51,12.0,Approved,,0,2026-06-21 16:11:48
CLM-0001457,RX-0001457,PH-003,PayerOne,2026-07-18 12:21:17,105.35,92.96,12.39,Approved,,0,2026-07-18 12:52:17
CLM-0001458,RX-0001458,PH-002,United Mock,2026-07-27 19:01:37,32.74,26.41,6.33,Approved,,0,2026-07-27 19:38:37
CLM-0001459,RX-0001459,PH-003,HealthPlan TX,2026-07-10 20:26:20,29.59,24.12,5.47,Approved,,0,2026-07-10 20:49:20
CLM-0001460,RX-0001460,PH-002,HealthPlan TX,2026-06-25 12:44:40,92.78,57.36,35.42,Approved,,0,2026-06-25 13:06:40
CLM-0001461,RX-0001461,PH-002,United Mock,2026-06-28 09:02:24,43.5,39.77,3.73,Approved,,0,2026-06-28 09:11:24
CLM-0001462,RX-0001462,PH-004,Care Network,2026-05-27 08:37:30,37.42,0,9.29,Rejected,E01,1,2026-05-29 00:37:30
CLM-0001463,RX-0001463,PH-005,Care Network,2026-07-10 21:22:37,55.83,45.87,9.96,Approved,,0,2026-07-10 21:52:37
CLM-0001464,RX-0001464,PH-002,Care Network,2026-05-26 08:18:44,62.79,45.98,16.81,Approved,,0,2026-05-26 08:53:44
CLM-0001465,RX-0001465,PH-004,Care Network,2026-06-03 19:31:05,73.57,0,7.76,Rejected,E01,0,2026-06-04 10:31:05
CLM-0001466,RX-0001466,PH-005,Care Network,2026-07-08 18:46:24,30.97,21.61,9.36,Approved,,0,2026-07-08 19:16:24
CLM-0001467,RX-0001467,PH-005,HealthPlan TX,2026-06-17 21:20:56,147.69,105.98,41.71,Approved,,0,2026-06-17 21:41:56
CLM-0001468,RX-0001468,PH-005,United Mock,2026-07-20 19:39:59,76.18,48.0,28.18,Approved,,0,2026-07-20 20:24:59
CLM-0001469,RX-0001469,PH-001,PayerOne,2026-05-11 17:11:30,47.27,32.53,14.74,Approved,,0,2026-05-11 17:56:30
CLM-0001470,RX-0001470,PH-003,HealthPlan TX,2026-05-10 11:34:45,69.84,58.74,11.1,Approved,,0,2026-05-10 11:54:45
CLM-0001471,RX-0001471,PH-003,Care Network,2026-07-13 18:12:19,66.13,56.58,9.55,Approved,,0,2026-07-13 18:39:19
CLM-0001472,RX-0001472,PH-003,HealthPlan TX,2026-06-14 21:23:14,84.35,69.99,14.36,Approved,,0,2026-06-14 21:49:14
CLM-0001473,RX-0001473,PH-003,Care Network,2026-07-07 14:52:12,8.6,7.28,1.32,Approved,,0,2026-07-07 15:35:12
CLM-0001474,RX-0001474,PH-005,Care Network,2026-06-06 18:52:17,14.93,10.77,4.16,Approved,,0,2026-06-06 19:32:17
CLM-0001475,RX-0001475,PH-002,PayerOne,2026-05-06 08:17:38,133.83,98.85,34.98,Approved,,0,2026-05-06 08:56:38
CLM-0001476,RX-0001476,PH-004,PayerOne,2026-06-20 16:04:27,60.07,53.9,6.17,Approved,,0,2026-06-20 16:39:27
CLM-0001477,RX-0001477,PH-001,PayerOne,2026-07-04 16:31:42,43.72,0,4.8,Rejected,E22,0,2026-07-05 05:31:42
CLM-0001478,RX-0001478,PH-004,United Mock,2026-07-25 13:29:17,28.74,22.92,5.82,Approved,,0,2026-07-25 14:03:17
CLM-0001479,RX-0001479,PH-001,United Mock,2026-06-17 09:49:00,66.98,51.43,15.55,Approved,,0,2026-06-17 09:56:00
CLM-0001480,RX-0001480,PH-005,PayerOne,2026-05-05 08:51:12,43.13,30.51,12.62,Approved,,0,2026-05-05 09:44:12
CLM-0001481,RX-0001481,PH-005,HealthPlan TX,2026-06-25 16:37:49,52.77,35.29,17.48,Approved,,0,2026-06-25 16:56:49
CLM-0001482,RX-0001482,PH-002,PayerOne,2026-06-25 12:35:40,113.57,80.1,33.47,Approved,,0,2026-06-25 13:04:40
CLM-0001483,RX-0001483,PH-004,Care Network,2026-06-19 13:44:05,60.64,56.05,4.59,Approved,,0,2026-06-19 14:23:05
CLM-0001484,RX-0001484,PH-002,HealthPlan TX,2026-07-10 17:23:43,62.24,39.65,22.59,Approved,,0,2026-07-10 18:08:43
CLM-0001485,RX-0001485,PH-002,United Mock,2026-06-09 19:45:20,134.82,127.24,7.58,Approved,,0,2026-06-09 20:22:20
CLM-0001486,RX-0001486,PH-003,PayerOne,2026-06-03 19:13:28,62.63,54.1,8.53,Approved,,0,2026-06-03 19:48:28
CLM-0001487,RX-0001487,PH-005,Care Network,2026-06-22 10:57:13,71.02,51.91,19.11,Approved,,0,2026-06-22 11:21:13
CLM-0001488,RX-0001488,PH-003,Care Network,2026-07-13 18:21:59,46.48,39.14,7.34,Approved,,0,2026-07-13 18:26:59
CLM-0001489,RX-0001489,PH-003,United Mock,2026-06-18 18:17:50,46.09,43.64,2.45,Approved,,0,2026-06-18 18:36:50
CLM-0001490,RX-0001490,PH-003,PayerOne,2026-07-12 11:46:18,12.1,11.0,1.1,Approved,,0,2026-07-12 12:40:18
CLM-0001491,RX-0001491,PH-002,United Mock,2026-07-15 21:02:19,51.59,32.39,19.2,Approved,,0,2026-07-15 21:30:19
CLM-0001492,RX-0001492,PH-005,HealthPlan TX,2026-07-01 19:03:25,30.82,21.26,9.56,Approved,,0,2026-07-01 19:52:25
CLM-0001493,RX-0001493,PH-005,United Mock,2026-05-19 17:02:41,60.32,42.8,17.52,Approved,,0,2026-05-19 17:35:41
CLM-0001494,RX-0001494,PH-003,United Mock,2026-06-27 14:37:12,90.47,55.24,35.23,Approved,,0,2026-06-27 14:58:12
CLM-0001495,RX-0001495,PH-002,United Mock,2026-06-04 09:29:04,88.42,72.56,15.86,Approved,,0,2026-06-04 09:48:04
CLM-0001496,RX-0001496,PH-003,PayerOne,2026-05-13 09:12:38,58.79,44.22,14.57,Approved,,0,2026-05-13 09:58:38
CLM-0001497,RX-0001497,PH-003,PayerOne,2026-07-08 13:13:19,6.03,3.79,2.24,Approved,,0,2026-07-08 13:22:19
CLM-0001498,RX-0001498,PH-003,Care Network,2026-07-21 10:55:15,78.69,56.6,22.09,Approved,,0,2026-07-21 11:00:15
CLM-0001499,RX-0001499,PH-003,HealthPlan TX,2026-06-07 09:18:49,38.64,30.39,8.25,Approved,,0,2026-06-07 09:31:49
CLM-0001500,RX-0001500,PH-002,United Mock,2026-06-07 14:55:55,23.92,22.6,1.32,Approved,,0,2026-06-07 15:36:55
