adjustment_id,store_id,product_id,employee_id,approving_manager_id,adjustment_datetime,adjustment_type,quantity_before,adjustment_quantity,quantity_after,adjustment_value,reason,reference_document,flagged,flag_reason
ADJ-0000001,PH-001,PRD-00262,EMP-0006,EMP-0001,2026-07-14 16:00:00,Cycle Count,90,1,91,26.08,Cycle Count,,False,
ADJ-0000002,PH-001,PRD-00339,EMP-0006,EMP-0003,2026-07-05 10:00:00,Shrinkage,21,-3,18,-41.91,Shrinkage,,False,
ADJ-0000003,PH-001,PRD-00715,EMP-0017,EMP-0003,2026-07-20 08:00:00,Cycle Count,100,2,102,62.12,Cycle Count,,False,
ADJ-0000004,PH-001,PRD-00460,EMP-0003,EMP-0001,2026-07-21 16:00:00,Shrinkage,71,-2,69,-45.44,Shrinkage,,False,
ADJ-0000005,PH-001,PRD-00712,EMP-0016,EMP-0003,2026-07-14 15:00:00,Shrinkage,0,0,0,0.0,Shrinkage,,False,
ADJ-0000006,PH-001,PRD-00204,EMP-0004,EMP-0003,2026-07-12 16:00:00,Cycle Count,28,3,31,60.84,Cycle Count,,False,
ADJ-0000007,PH-001,PRD-00547,EMP-0021,EMP-0013,2026-07-09 12:00:00,Cycle Count,94,3,97,22.83,Cycle Count,,False,
ADJ-0000008,PH-001,PRD-00352,EMP-0016,EMP-0013,2026-07-15 21:00:00,Shrinkage,10,-2,8,-52.24,Shrinkage,,False,
ADJ-0000009,PH-001,PRD-00392,EMP-0021,EMP-0013,2026-07-25 18:00:00,Cycle Count,56,3,59,40.83,Cycle Count,,False,
ADJ-0000010,PH-001,PRD-00557,EMP-0022,EMP-0002,2026-07-28 12:00:00,Cycle Count,84,3,87,14.58,Cycle Count,,False,
ADJ-0000011,PH-001,PRD-00049,EMP-0007,EMP-0001,2026-07-03 12:00:00,Cycle Count,96,2,98,57.82,Cycle Count,,False,
ADJ-0000012,PH-001,PRD-00388,EMP-0015,EMP-0003,2026-07-25 11:00:00,Shrinkage,13,-2,11,-45.32,Shrinkage,,False,
ADJ-0000013,PH-001,PRD-00743,EMP-0021,EMP-0002,2026-07-06 09:00:00,Cycle Count,1,3,4,9.75,Cycle Count,,False,
ADJ-0000014,PH-001,PRD-00239,EMP-0001,EMP-0012,2026-07-29 18:00:00,Shrinkage,43,-3,40,-42.93,Shrinkage,,False,
ADJ-0000015,PH-001,PRD-00134,EMP-0022,EMP-0001,2026-07-03 15:00:00,Shrinkage,53,-2,51,-2.02,Shrinkage,,False,
ADJ-0000016,PH-001,PRD-00029,EMP-0017,EMP-0013,2026-07-05 17:00:00,Shrinkage,20,-2,18,-59.7,Shrinkage,,False,
ADJ-0000017,PH-001,PRD-00582,EMP-0014,EMP-0001,2026-07-06 17:00:00,Shrinkage,44,-2,42,-2.22,Shrinkage,,False,
ADJ-0000018,PH-001,PRD-00602,EMP-0016,EMP-0012,2026-07-17 19:00:00,Cycle Count,66,2,68,23.68,Cycle Count,,False,
ADJ-0000019,PH-001,PRD-00487,EMP-0005,EMP-0003,2026-07-24 15:00:00,Cycle Count,5,1,6,32.86,Cycle Count,,False,
ADJ-0000020,PH-001,PRD-00362,EMP-0004,EMP-0013,2026-07-13 18:00:00,Cycle Count,93,1,94,29.24,Cycle Count,,False,
ADJ-0000021,PH-001,PRD-00346,EMP-0022,EMP-0001,2026-07-30 10:00:00,Cycle Count,57,2,59,52.3,Cycle Count,,False,
ADJ-0000022,PH-001,PRD-00135,EMP-0004,EMP-0012,2026-07-13 11:00:00,Cycle Count,6,1,7,1.01,Cycle Count,,False,
ADJ-0000023,PH-001,PRD-00451,EMP-0001,EMP-0013,2026-07-15 08:00:00,Shrinkage,2,-1,1,-9.8,Shrinkage,,False,
ADJ-0000024,PH-001,PRD-00240,EMP-0018,EMP-0002,2026-07-10 20:00:00,Cycle Count,42,1,43,2.93,Cycle Count,,False,
ADJ-0000025,PH-001,PRD-00200,EMP-0006,EMP-0012,2026-07-19 13:00:00,Shrinkage,0,0,0,0.0,Shrinkage,,False,
ADJ-0000026,PH-001,PRD-00269,EMP-0008,EMP-0012,2026-07-29 10:00:00,Shrinkage,47,-2,45,-40.2,Shrinkage,,False,
ADJ-0000027,PH-001,PRD-00704,EMP-0022,EMP-0012,2026-07-06 20:00:00,Shrinkage,72,-2,70,-17.68,Shrinkage,,False,
ADJ-0000028,PH-001,PRD-00677,EMP-0005,EMP-0002,2026-07-06 14:00:00,Cycle Count,63,2,65,39.88,Cycle Count,,False,
ADJ-0000029,PH-001,PRD-00675,EMP-0016,EMP-0002,2026-07-26 14:00:00,Shrinkage,55,-1,54,-31.02,Shrinkage,,False,
ADJ-0000030,PH-001,PRD-00688,EMP-0004,EMP-0001,2026-07-13 17:00:00,Shrinkage,25,-2,23,-57.82,Shrinkage,,False,
ADJ-0000031,PH-001,PRD-00588,EMP-0003,EMP-0013,2026-07-18 17:00:00,Cycle Count,83,2,85,2.82,Cycle Count,,False,
ADJ-0000032,PH-001,PRD-00480,EMP-0018,EMP-0013,2026-07-16 14:00:00,Cycle Count,2,2,4,48.32,Cycle Count,,False,
ADJ-0000033,PH-001,PRD-00228,EMP-0016,EMP-0013,2026-07-09 20:00:00,Shrinkage,99,-2,97,-24.16,Shrinkage,,False,
ADJ-0000034,PH-001,PRD-00409,EMP-0022,EMP-0003,2026-07-23 20:00:00,Shrinkage,12,-2,10,-61.78,Shrinkage,,False,
ADJ-0000035,PH-001,PRD-00703,EMP-0017,EMP-0001,2026-07-07 10:00:00,Cycle Count,54,1,55,3.01,Cycle Count,,False,
ADJ-0000036,PH-001,PRD-00195,EMP-0008,EMP-0001,2026-07-07 18:00:00,Shrinkage,2,-1,1,-21.92,Shrinkage,,False,
ADJ-0000037,PH-001,PRD-00427,EMP-0021,EMP-0002,2026-07-11 15:00:00,Shrinkage,100,-3,97,-76.35,Shrinkage,,False,
ADJ-0000038,PH-001,PRD-00768,EMP-0022,EMP-0012,2026-07-08 10:00:00,Shrinkage,1,-1,0,-15.99,Shrinkage,,False,
ADJ-0000039,PH-001,PRD-00545,EMP-0010,EMP-0013,2026-07-04 18:00:00,Cycle Count,5,3,8,54.72,Cycle Count,,False,
ADJ-0000040,PH-001,PRD-00180,EMP-0005,EMP-0003,2026-07-10 10:00:00,Shrinkage,12,-1,11,-29.82,Shrinkage,,False,
ADJ-0000041,PH-001,PRD-00585,EMP-0002,EMP-0013,2026-07-13 12:00:00,Cycle Count,24,2,26,45.76,Cycle Count,,False,
ADJ-0000042,PH-001,PRD-00767,EMP-0020,EMP-0003,2026-07-27 21:00:00,Cycle Count,48,3,51,97.29,Cycle Count,,False,
ADJ-0000043,PH-001,PRD-00297,EMP-0020,EMP-0002,2026-07-19 17:00:00,Cycle Count,0,2,2,8.26,Cycle Count,,False,
ADJ-0000044,PH-001,PRD-00417,EMP-0007,EMP-0003,2026-07-30 09:00:00,Shrinkage,55,-1,54,-7.57,Shrinkage,,False,
ADJ-0000045,PH-001,PRD-00590,EMP-0006,EMP-0003,2026-07-10 21:00:00,Shrinkage,62,-3,59,-45.42,Shrinkage,,False,
ADJ-0000046,PH-001,PRD-00122,EMP-0006,EMP-0002,2026-07-29 09:00:00,Shrinkage,54,-2,52,-18.96,Shrinkage,,False,
ADJ-0000047,PH-001,PRD-00432,EMP-0017,EMP-0003,2026-07-14 14:00:00,Cycle Count,59,1,60,16.63,Cycle Count,,False,
ADJ-0000048,PH-001,PRD-00171,EMP-0014,EMP-0013,2026-07-21 11:00:00,Cycle Count,68,3,71,37.05,Cycle Count,,False,
ADJ-0000049,PH-001,PRD-00032,EMP-0011,EMP-0003,2026-07-13 21:00:00,Cycle Count,88,3,91,56.82,Cycle Count,,False,
ADJ-0000050,PH-001,PRD-00438,EMP-0013,EMP-0003,2026-07-30 18:00:00,Cycle Count,43,2,45,66.58,Cycle Count,,False,
ADJ-0000051,PH-001,PRD-00475,EMP-0012,EMP-0003,2026-07-08 16:00:00,Cycle Count,52,2,54,29.78,Cycle Count,,False,
ADJ-0000052,PH-001,PRD-00321,EMP-0020,EMP-0013,2026-07-26 19:00:00,Cycle Count,41,2,43,60.9,Cycle Count,,False,
ADJ-0000053,PH-001,PRD-00207,EMP-0017,EMP-0002,2026-07-14 17:00:00,Cycle Count,37,2,39,10.88,Cycle Count,,False,
ADJ-0000054,PH-001,PRD-00306,EMP-0009,EMP-0012,2026-07-08 15:00:00,Cycle Count,69,1,70,7.5,Cycle Count,,False,
ADJ-0000055,PH-001,PRD-00039,EMP-0020,EMP-0012,2026-07-01 11:00:00,Shrinkage,3,-3,0,-30.3,Shrinkage,,False,
ADJ-0000056,PH-001,PRD-00578,EMP-0014,EMP-0002,2026-07-23 14:00:00,Cycle Count,37,1,38,10.48,Cycle Count,,False,
ADJ-0000057,PH-001,PRD-00448,EMP-0001,EMP-0003,2026-07-11 18:00:00,Shrinkage,56,-2,54,-68.16,Shrinkage,,False,
ADJ-0000058,PH-001,PRD-00579,EMP-0015,EMP-0013,2026-07-21 19:00:00,Shrinkage,96,-3,93,-90.66,Shrinkage,,False,
ADJ-0000059,PH-001,PRD-00756,EMP-0011,EMP-0002,2026-07-23 15:00:00,Cycle Count,31,1,32,8.3,Cycle Count,,False,
ADJ-0000060,PH-001,PRD-00684,EMP-0018,EMP-0012,2026-07-12 09:00:00,Cycle Count,10,1,11,14.09,Cycle Count,,False,
ADJ-0000061,PH-001,PRD-00310,EMP-0020,EMP-0002,2026-07-27 13:00:00,Shrinkage,88,-2,86,-30.48,Shrinkage,,False,
ADJ-0000062,PH-001,PRD-00302,EMP-0012,EMP-0013,2026-07-27 11:00:00,Cycle Count,86,2,88,65.2,Cycle Count,,False,
ADJ-0000063,PH-001,PRD-00224,EMP-0001,EMP-0003,2026-07-16 20:00:00,Shrinkage,46,-3,43,-8.34,Shrinkage,,False,
ADJ-0000064,PH-001,PRD-00062,EMP-0014,EMP-0013,2026-07-23 18:00:00,Cycle Count,24,1,25,14.47,Cycle Count,,False,
ADJ-0000065,PH-001,PRD-00173,EMP-0012,EMP-0002,2026-07-14 17:00:00,Cycle Count,81,3,84,98.16,Cycle Count,,False,
ADJ-0000066,PH-001,PRD-00023,EMP-0015,EMP-0013,2026-07-01 21:00:00,Shrinkage,45,-3,42,-9.45,Shrinkage,,False,
ADJ-0000067,PH-001,PRD-00380,EMP-0015,EMP-0012,2026-07-06 19:00:00,Shrinkage,31,-3,28,-38.4,Shrinkage,,False,
ADJ-0000068,PH-001,PRD-00710,EMP-0017,EMP-0001,2026-07-19 11:00:00,Shrinkage,81,-1,80,-14.59,Shrinkage,,False,
ADJ-0000069,PH-001,PRD-00428,EMP-0003,EMP-0013,2026-07-09 12:00:00,Cycle Count,10,2,12,41.44,Cycle Count,,False,
ADJ-0000070,PH-001,PRD-00149,EMP-0005,EMP-0001,2026-07-20 17:00:00,Cycle Count,31,2,33,64.38,Cycle Count,,False,
ADJ-0000071,PH-001,PRD-00307,EMP-0009,EMP-0013,2026-07-13 11:00:00,Shrinkage,63,-2,61,-43.38,Shrinkage,,False,
ADJ-0000072,PH-001,PRD-00275,EMP-0005,EMP-0012,2026-07-11 20:00:00,Cycle Count,39,1,40,20.16,Cycle Count,,False,
ADJ-0000073,PH-001,PRD-00575,EMP-0015,EMP-0013,2026-07-26 14:00:00,Cycle Count,4,3,7,90.03,Cycle Count,,False,
ADJ-0000074,PH-001,PRD-00360,EMP-0010,EMP-0001,2026-07-03 17:00:00,Cycle Count,38,1,39,16.45,Cycle Count,,False,
ADJ-0000075,PH-001,PRD-00721,EMP-0017,EMP-0003,2026-07-09 15:00:00,Shrinkage,29,-1,28,-19.22,Shrinkage,,False,
ADJ-0000076,PH-001,PRD-00611,EMP-0011,EMP-0013,2026-07-19 21:00:00,Shrinkage,62,-2,60,-8.16,Shrinkage,,False,
ADJ-0000077,PH-001,PRD-00181,EMP-0018,EMP-0002,2026-07-06 14:00:00,Cycle Count,88,3,91,39.45,Cycle Count,,False,
ADJ-0000078,PH-001,PRD-00598,EMP-0010,EMP-0012,2026-07-16 11:00:00,Cycle Count,2,1,3,17.87,Cycle Count,,False,
ADJ-0000079,PH-001,PRD-00237,EMP-0008,EMP-0013,2026-07-11 20:00:00,Shrinkage,44,-2,42,-31.76,Shrinkage,,False,
ADJ-0000080,PH-001,PRD-00033,EMP-0019,EMP-0003,2026-07-24 11:00:00,Shrinkage,4,-1,3,-31.48,Shrinkage,,False,
ADJ-0000081,PH-001,PRD-00778,EMP-0019,EMP-0002,2026-07-06 13:00:00,Shrinkage,88,-2,86,-39.76,Shrinkage,,False,
ADJ-0000082,PH-001,PRD-00110,EMP-0009,EMP-0003,2026-07-08 14:00:00,Shrinkage,31,-3,28,-90.15,Shrinkage,,False,
ADJ-0000083,PH-001,PRD-00456,EMP-0014,EMP-0001,2026-07-29 19:00:00,Cycle Count,42,2,44,34.56,Cycle Count,,False,
ADJ-0000084,PH-001,PRD-00724,EMP-0001,EMP-0001,2026-07-16 16:00:00,Cycle Count,87,2,89,40.74,Cycle Count,,False,
ADJ-0000085,PH-001,PRD-00121,EMP-0015,EMP-0001,2026-07-27 10:00:00,Shrinkage,24,-2,22,-24.72,Shrinkage,,False,
ADJ-0000086,PH-001,PRD-00031,EMP-0013,EMP-0012,2026-07-05 21:00:00,Cycle Count,45,3,48,55.47,Cycle Count,,False,
ADJ-0000087,PH-001,PRD-00447,EMP-0013,EMP-0013,2026-07-03 16:00:00,Shrinkage,100,-1,99,-21.91,Shrinkage,,False,
ADJ-0000088,PH-001,PRD-00679,EMP-0004,EMP-0001,2026-07-17 11:00:00,Shrinkage,41,-2,39,-51.12,Shrinkage,,False,
ADJ-0000089,PH-001,PRD-00400,EMP-0016,EMP-0003,2026-07-31 20:00:00,Shrinkage,84,-2,82,-62.8,Shrinkage,,False,
ADJ-0000090,PH-001,PRD-00735,EMP-0012,EMP-0002,2026-07-21 17:00:00,Shrinkage,96,-1,95,-34.77,Shrinkage,,False,
ADJ-0000091,PH-001,PRD-00139,EMP-0004,EMP-0002,2026-07-29 09:00:00,Cycle Count,35,3,38,47.01,Cycle Count,,False,
ADJ-0000092,PH-001,PRD-00044,EMP-0013,EMP-0003,2026-07-11 17:00:00,Cycle Count,8,2,10,15.16,Cycle Count,,False,
ADJ-0000093,PH-001,PRD-00273,EMP-0004,EMP-0001,2026-07-15 12:00:00,Cycle Count,82,3,85,94.65,Cycle Count,,False,
ADJ-0000094,PH-001,PRD-00493,EMP-0004,EMP-0013,2026-07-09 19:00:00,Shrinkage,73,-3,70,-32.7,Shrinkage,,False,
ADJ-0000095,PH-001,PRD-00411,EMP-0005,EMP-0013,2026-07-18 09:00:00,Shrinkage,43,-3,40,-26.67,Shrinkage,,False,
ADJ-0000096,PH-001,PRD-00162,EMP-0003,EMP-0002,2026-07-08 13:00:00,Cycle Count,52,2,54,35.88,Cycle Count,,False,
ADJ-0000097,PH-001,PRD-00177,EMP-0007,EMP-0013,2026-07-04 20:00:00,Cycle Count,72,1,73,11.75,Cycle Count,,False,
ADJ-0000098,PH-001,PRD-00270,EMP-0017,EMP-0012,2026-07-06 09:00:00,Shrinkage,78,-1,77,-13.74,Shrinkage,,False,
ADJ-0000099,PH-001,PRD-00372,EMP-0022,EMP-0013,2026-07-12 17:00:00,Shrinkage,18,-3,15,-24.3,Shrinkage,,False,
ADJ-0000100,PH-001,PRD-00227,EMP-0004,EMP-0002,2026-07-27 08:00:00,Cycle Count,14,1,15,19.36,Cycle Count,,False,
ADJ-0000101,PH-001,PRD-00370,EMP-0008,EMP-0013,2026-07-20 20:00:00,Shrinkage,27,-3,24,-47.82,Shrinkage,,False,
ADJ-0000102,PH-001,PRD-00628,EMP-0006,EMP-0003,2026-07-16 16:00:00,Shrinkage,91,-2,89,-34.92,Shrinkage,,False,
ADJ-0000103,PH-001,PRD-00696,EMP-0009,EMP-0003,2026-07-14 18:00:00,Cycle Count,45,1,46,11.45,Cycle Count,,False,
ADJ-0000104,PH-001,PRD-00230,EMP-0020,EMP-0001,2026-07-15 10:00:00,Cycle Count,56,3,59,71.01,Cycle Count,,False,
ADJ-0000105,PH-001,PRD-00741,EMP-0020,EMP-0002,2026-07-28 14:00:00,Shrinkage,80,-1,79,-6.84,Shrinkage,,False,
ADJ-0000106,PH-001,PRD-00510,EMP-0016,EMP-0003,2026-07-04 11:00:00,Shrinkage,92,-2,90,-51.7,Shrinkage,,False,
ADJ-0000107,PH-001,PRD-00350,EMP-0016,EMP-0002,2026-07-08 13:00:00,Cycle Count,25,2,27,12.94,Cycle Count,,False,
ADJ-0000108,PH-001,PRD-00108,EMP-0020,EMP-0001,2026-07-10 12:00:00,Cycle Count,82,1,83,23.71,Cycle Count,,False,
ADJ-0000109,PH-001,PRD-00706,EMP-0010,EMP-0013,2026-07-27 20:00:00,Cycle Count,83,1,84,27.17,Cycle Count,,False,
ADJ-0000110,PH-001,PRD-00430,EMP-0002,EMP-0002,2026-07-26 15:00:00,Shrinkage,54,-2,52,-52.26,Shrinkage,,False,
ADJ-0000111,PH-001,PRD-00694,EMP-0013,EMP-0003,2026-07-16 10:00:00,Cycle Count,5,1,6,11.41,Cycle Count,,False,
ADJ-0000112,PH-001,PRD-00193,EMP-0019,EMP-0003,2026-07-16 15:00:00,Cycle Count,84,2,86,7.9,Cycle Count,,False,
ADJ-0000113,PH-001,PRD-00700,EMP-0008,EMP-0013,2026-07-02 15:00:00,Cycle Count,58,3,61,51.09,Cycle Count,,False,
ADJ-0000114,PH-001,PRD-00537,EMP-0021,EMP-0012,2026-07-21 13:00:00,Cycle Count,66,1,67,9.44,Cycle Count,,False,
ADJ-0000115,PH-001,PRD-00441,EMP-0011,EMP-0012,2026-07-17 09:00:00,Cycle Count,85,1,86,34.84,Cycle Count,,False,
ADJ-0000116,PH-001,PRD-00624,EMP-0015,EMP-0003,2026-07-03 14:00:00,Cycle Count,14,1,15,18.71,Cycle Count,,False,
ADJ-0000117,PH-001,PRD-00279,EMP-0021,EMP-0002,2026-07-20 12:00:00,Cycle Count,79,2,81,46.76,Cycle Count,,False,
ADJ-0000118,PH-001,PRD-00260,EMP-0015,EMP-0013,2026-07-09 17:00:00,Shrinkage,48,-1,47,-26.14,Shrinkage,,False,
ADJ-0000119,PH-001,PRD-00640,EMP-0020,EMP-0001,2026-07-02 13:00:00,Shrinkage,44,-1,43,-12.17,Shrinkage,,False,
ADJ-0000120,PH-001,PRD-00606,EMP-0019,EMP-0013,2026-07-15 17:00:00,Shrinkage,42,-2,40,-9.06,Shrinkage,,False,
ADJ-0000121,PH-001,PRD-00107,EMP-0001,EMP-0013,2026-07-02 20:00:00,Shrinkage,77,-3,74,-33.51,Shrinkage,,False,
ADJ-0000122,PH-001,PRD-00729,EMP-0002,EMP-0002,2026-07-07 17:00:00,Cycle Count,16,2,18,51.24,Cycle Count,,False,
ADJ-0000123,PH-001,PRD-00732,EMP-0002,EMP-0012,2026-07-22 17:00:00,Cycle Count,59,2,61,47.98,Cycle Count,,False,
ADJ-0000124,PH-001,PRD-00419,EMP-0015,EMP-0003,2026-07-28 16:00:00,Shrinkage,34,-3,31,-88.32,Shrinkage,,False,
ADJ-0000125,PH-001,PRD-00309,EMP-0008,EMP-0002,2026-07-05 12:00:00,Cycle Count,95,2,97,9.52,Cycle Count,,False,
ADJ-0000126,PH-001,PRD-00644,EMP-0017,EMP-0002,2026-07-26 17:00:00,Cycle Count,10,2,12,30.72,Cycle Count,,False,
ADJ-0000127,PH-001,PRD-00612,EMP-0018,EMP-0003,2026-07-05 11:00:00,Cycle Count,40,3,43,99.6,Cycle Count,,False,
ADJ-0000128,PH-001,PRD-00632,EMP-0009,EMP-0002,2026-07-19 08:00:00,Shrinkage,93,-3,90,-40.65,Shrinkage,,False,
ADJ-0000129,PH-001,PRD-00167,EMP-0014,EMP-0003,2026-07-19 09:00:00,Cycle Count,45,3,48,61.35,Cycle Count,,False,
ADJ-0000130,PH-001,PRD-00056,EMP-0003,EMP-0001,2026-07-24 13:00:00,Shrinkage,79,-2,77,-41.34,Shrinkage,,False,
ADJ-0000131,PH-001,PRD-00071,EMP-0006,EMP-0012,2026-07-08 09:00:00,Cycle Count,81,1,82,21.23,Cycle Count,,False,
ADJ-0000132,PH-001,PRD-00020,EMP-0013,EMP-0012,2026-07-27 20:00:00,Cycle Count,12,3,15,36.27,Cycle Count,,False,
ADJ-0000133,PH-001,PRD-00363,EMP-0012,EMP-0013,2026-07-12 21:00:00,Shrinkage,70,-3,67,-13.44,Shrinkage,,False,
ADJ-0000134,PH-001,PRD-00562,EMP-0008,EMP-0001,2026-07-28 20:00:00,Shrinkage,9,-2,7,-43.48,Shrinkage,,False,
ADJ-0000135,PH-001,PRD-00317,EMP-0014,EMP-0013,2026-07-22 20:00:00,Shrinkage,82,-2,80,-25.38,Shrinkage,,False,
ADJ-0000136,PH-001,PRD-00209,EMP-0002,EMP-0013,2026-07-10 12:00:00,Cycle Count,72,3,75,56.94,Cycle Count,,False,
ADJ-0000137,PH-001,PRD-00042,EMP-0008,EMP-0013,2026-07-17 08:00:00,Shrinkage,61,-1,60,-26.51,Shrinkage,,False,
ADJ-0000138,PH-001,PRD-00605,EMP-0018,EMP-0003,2026-07-16 15:00:00,Shrinkage,41,-2,39,-48.3,Shrinkage,,False,
ADJ-0000139,PH-001,PRD-00629,EMP-0011,EMP-0002,2026-07-10 09:00:00,Shrinkage,48,-1,47,-27.35,Shrinkage,,False,
ADJ-0000140,PH-001,PRD-00369,EMP-0020,EMP-0002,2026-07-21 14:00:00,Cycle Count,12,2,14,65.72,Cycle Count,,False,
ADJ-0000141,PH-001,PRD-00536,EMP-0017,EMP-0012,2026-07-18 11:00:00,Cycle Count,87,1,88,7.79,Cycle Count,,False,
ADJ-0000142,PH-001,PRD-00516,EMP-0003,EMP-0003,2026-07-14 15:00:00,Cycle Count,89,3,92,48.09,Cycle Count,,False,
ADJ-0000143,PH-001,PRD-00748,EMP-0001,EMP-0012,2026-07-24 09:00:00,Cycle Count,19,3,22,80.4,Cycle Count,,False,
ADJ-0000144,PH-001,PRD-00034,EMP-0012,EMP-0012,2026-07-14 20:00:00,Shrinkage,2,-2,0,-44.44,Shrinkage,,False,
ADJ-0000145,PH-001,PRD-00563,EMP-0014,EMP-0002,2026-07-27 17:00:00,Cycle Count,63,3,66,39.84,Cycle Count,,False,
ADJ-0000146,PH-001,PRD-00525,EMP-0017,EMP-0003,2026-07-26 18:00:00,Shrinkage,43,-1,42,-2.23,Shrinkage,,False,
ADJ-0000147,PH-001,PRD-00723,EMP-0008,EMP-0001,2026-07-13 18:00:00,Cycle Count,38,3,41,5.88,Cycle Count,,False,
ADJ-0000148,PH-001,PRD-00745,EMP-0022,EMP-0013,2026-07-10 21:00:00,Cycle Count,17,3,20,2.64,Cycle Count,,False,
ADJ-0000149,PH-001,PRD-00019,EMP-0016,EMP-0013,2026-07-27 20:00:00,Cycle Count,34,2,36,28.8,Cycle Count,,False,
ADJ-0000150,PH-001,PRD-00683,EMP-0011,EMP-0001,2026-07-15 15:00:00,Shrinkage,100,-2,98,-67.92,Shrinkage,,False,
ADJ-0000151,PH-001,PRD-00535,EMP-0013,EMP-0012,2026-07-11 09:00:00,Cycle Count,48,1,49,25.04,Cycle Count,,False,
ADJ-0000152,PH-001,PRD-00445,EMP-0005,EMP-0002,2026-07-13 10:00:00,Cycle Count,66,1,67,19.49,Cycle Count,,False,
ADJ-0000153,PH-001,PRD-00357,EMP-0005,EMP-0002,2026-07-19 19:00:00,Cycle Count,74,1,75,1.57,Cycle Count,,False,
ADJ-0000154,PH-001,PRD-00424,EMP-0016,EMP-0002,2026-07-02 19:00:00,Shrinkage,5,-3,2,-3.0,Shrinkage,,False,
ADJ-0000155,PH-001,PRD-00378,EMP-0007,EMP-0012,2026-07-24 21:00:00,Cycle Count,25,3,28,86.13,Cycle Count,,False,
ADJ-0000156,PH-001,PRD-00773,EMP-0011,EMP-0003,2026-07-03 17:00:00,Cycle Count,61,1,62,8.28,Cycle Count,,False,
ADJ-0000157,PH-001,PRD-00004,EMP-0012,EMP-0012,2026-07-10 13:00:00,Cycle Count,21,2,23,42.26,Cycle Count,,False,
ADJ-0000158,PH-001,PRD-00046,EMP-0009,EMP-0012,2026-07-15 20:00:00,Shrinkage,46,-3,43,-4.89,Shrinkage,,False,
ADJ-0000159,PH-001,PRD-00120,EMP-0011,EMP-0012,2026-07-12 18:00:00,Cycle Count,80,1,81,21.49,Cycle Count,,False,
ADJ-0000160,PH-001,PRD-00746,EMP-0018,EMP-0012,2026-07-24 08:00:00,Shrinkage,5,-1,4,-0.86,Shrinkage,,False,
ADJ-0000161,PH-001,PRD-00755,EMP-0004,EMP-0012,2026-07-10 08:00:00,Cycle Count,93,1,94,16.37,Cycle Count,,False,
ADJ-0000162,PH-001,PRD-00157,EMP-0020,EMP-0002,2026-07-02 10:00:00,Shrinkage,81,-3,78,-31.53,Shrinkage,,False,
ADJ-0000163,PH-001,PRD-00093,EMP-0004,EMP-0003,2026-07-20 19:00:00,Shrinkage,14,-1,13,-3.45,Shrinkage,,False,
ADJ-0000164,PH-001,PRD-00412,EMP-0018,EMP-0002,2026-07-12 11:00:00,Shrinkage,55,-1,54,-10.35,Shrinkage,,False,
ADJ-0000165,PH-001,PRD-00159,EMP-0003,EMP-0001,2026-07-30 17:00:00,Shrinkage,82,-3,79,-84.57,Shrinkage,,False,
ADJ-0000166,PH-001,PRD-00112,EMP-0014,EMP-0003,2026-07-11 11:00:00,Shrinkage,80,-3,77,-27.27,Shrinkage,,False,
ADJ-0000167,PH-001,PRD-00114,EMP-0003,EMP-0001,2026-07-21 12:00:00,Shrinkage,25,-3,22,-27.99,Shrinkage,,False,
ADJ-0000168,PH-001,PRD-00060,EMP-0012,EMP-0001,2026-07-31 16:00:00,Shrinkage,52,-2,50,-39.4,Shrinkage,,False,
ADJ-0000169,PH-001,PRD-00187,EMP-0006,EMP-0002,2026-07-09 15:00:00,Shrinkage,84,-1,83,-8.43,Shrinkage,,False,
ADJ-0000170,PH-001,PRD-00398,EMP-0021,EMP-0013,2026-07-24 13:00:00,Shrinkage,95,-3,92,-46.2,Shrinkage,,False,
ADJ-0000171,PH-001,PRD-00532,EMP-0002,EMP-0012,2026-07-25 13:00:00,Shrinkage,59,-1,58,-13.44,Shrinkage,,False,
ADJ-0000172,PH-001,PRD-00075,EMP-0005,EMP-0003,2026-07-04 08:00:00,Shrinkage,24,-2,22,-21.24,Shrinkage,,False,
ADJ-0000173,PH-001,PRD-00117,EMP-0001,EMP-0012,2026-07-02 20:00:00,Shrinkage,79,-1,78,-25.66,Shrinkage,,False,
ADJ-0000174,PH-001,PRD-00278,EMP-0006,EMP-0012,2026-07-08 17:00:00,Cycle Count,1,1,2,27.59,Cycle Count,,False,
ADJ-0000175,PH-001,PRD-00403,EMP-0014,EMP-0001,2026-07-22 17:00:00,Shrinkage,21,-3,18,-59.13,Shrinkage,,False,
ADJ-0000176,PH-001,PRD-00304,EMP-0016,EMP-0003,2026-07-21 19:00:00,Cycle Count,89,2,91,62.0,Cycle Count,,False,
ADJ-0000177,PH-001,PRD-00727,EMP-0022,EMP-0012,2026-07-16 12:00:00,Cycle Count,56,1,57,9.7,Cycle Count,,False,
ADJ-0000178,PH-001,PRD-00479,EMP-0004,EMP-0003,2026-07-25 12:00:00,Shrinkage,53,-2,51,-37.3,Shrinkage,,False,
ADJ-0000179,PH-001,PRD-00511,EMP-0006,EMP-0012,2026-07-10 18:00:00,Shrinkage,20,-1,19,-6.77,Shrinkage,,False,
ADJ-0000180,PH-001,PRD-00051,EMP-0022,EMP-0003,2026-07-10 18:00:00,Cycle Count,84,2,86,42.08,Cycle Count,,False,
ADJ-0000181,PH-001,PRD-00382,EMP-0003,EMP-0013,2026-07-28 11:00:00,Cycle Count,46,2,48,64.38,Cycle Count,,False,
ADJ-0000182,PH-001,PRD-00027,EMP-0019,EMP-0003,2026-07-22 12:00:00,Cycle Count,87,1,88,8.07,Cycle Count,,False,
ADJ-0000183,PH-001,PRD-00344,EMP-0012,EMP-0012,2026-07-15 20:00:00,Shrinkage,93,-3,90,-67.41,Shrinkage,,False,
ADJ-0000184,PH-001,PRD-00166,EMP-0003,EMP-0003,2026-07-26 10:00:00,Shrinkage,66,-2,64,-45.26,Shrinkage,,False,
ADJ-0000185,PH-001,PRD-00490,EMP-0014,EMP-0001,2026-07-12 12:00:00,Cycle Count,71,2,73,46.94,Cycle Count,,False,
ADJ-0000186,PH-001,PRD-00053,EMP-0009,EMP-0001,2026-07-16 08:00:00,Cycle Count,41,2,43,25.8,Cycle Count,,False,
ADJ-0000187,PH-001,PRD-00444,EMP-0002,EMP-0012,2026-07-06 16:00:00,Shrinkage,25,-3,22,-70.26,Shrinkage,,False,
ADJ-0000188,PH-001,PRD-00780,EMP-0018,EMP-0013,2026-07-10 13:00:00,Shrinkage,13,-3,10,-62.22,Shrinkage,,False,
ADJ-0000189,PH-001,PRD-00436,EMP-0005,EMP-0002,2026-07-28 17:00:00,Cycle Count,27,1,28,26.82,Cycle Count,,False,
ADJ-0000190,PH-001,PRD-00495,EMP-0019,EMP-0002,2026-07-12 19:00:00,Cycle Count,68,1,69,19.17,Cycle Count,,False,
ADJ-0000191,PH-001,PRD-00670,EMP-0004,EMP-0003,2026-07-09 19:00:00,Cycle Count,20,2,22,54.14,Cycle Count,,False,
ADJ-0000192,PH-001,PRD-00231,EMP-0009,EMP-0002,2026-07-19 20:00:00,Cycle Count,22,2,24,17.64,Cycle Count,,False,
ADJ-0000193,PH-001,PRD-00169,EMP-0002,EMP-0002,2026-07-26 12:00:00,Shrinkage,8,-3,5,-6.72,Shrinkage,,False,
ADJ-0000194,PH-001,PRD-00701,EMP-0018,EMP-0013,2026-07-11 14:00:00,Shrinkage,49,-3,46,-15.33,Shrinkage,,False,
ADJ-0000195,PH-001,PRD-00740,EMP-0018,EMP-0001,2026-07-09 12:00:00,Cycle Count,98,1,99,27.49,Cycle Count,,False,
ADJ-0000196,PH-001,PRD-00512,EMP-0011,EMP-0001,2026-07-10 10:00:00,Shrinkage,22,-2,20,-62.22,Shrinkage,,False,
ADJ-0000197,PH-001,PRD-00673,EMP-0016,EMP-0001,2026-07-12 15:00:00,Cycle Count,67,1,68,21.46,Cycle Count,,False,
ADJ-0000198,PH-001,PRD-00627,EMP-0013,EMP-0003,2026-07-10 15:00:00,Shrinkage,31,-1,30,-9.74,Shrinkage,,False,
ADJ-0000199,PH-001,PRD-00291,EMP-0019,EMP-0002,2026-07-05 17:00:00,Cycle Count,41,2,43,13.82,Cycle Count,,False,
ADJ-0000200,PH-001,PRD-00266,EMP-0010,EMP-0001,2026-07-05 10:00:00,Shrinkage,11,-2,9,-37.96,Shrinkage,,False,
ADJ-0000201,PH-001,PRD-00251,EMP-0004,EMP-0002,2026-07-04 18:00:00,Shrinkage,31,-3,28,-44.19,Shrinkage,,False,
ADJ-0000202,PH-001,PRD-00698,EMP-0015,EMP-0001,2026-07-13 18:00:00,Cycle Count,17,2,19,50.14,Cycle Count,,False,
ADJ-0000203,PH-001,PRD-00332,EMP-0008,EMP-0002,2026-07-19 09:00:00,Shrinkage,50,-1,49,-28.74,Shrinkage,,False,
ADJ-0000204,PH-001,PRD-00358,EMP-0005,EMP-0003,2026-07-30 18:00:00,Shrinkage,27,-2,25,-59.66,Shrinkage,,False,
ADJ-0000205,PH-001,PRD-00714,EMP-0021,EMP-0012,2026-07-31 09:00:00,Shrinkage,8,-2,6,-69.82,Shrinkage,,False,
ADJ-0000206,PH-001,PRD-00066,EMP-0005,EMP-0001,2026-07-10 14:00:00,Cycle Count,6,3,9,20.1,Cycle Count,,False,
ADJ-0000207,PH-001,PRD-00210,EMP-0008,EMP-0002,2026-07-18 16:00:00,Shrinkage,98,-3,95,-102.93,Shrinkage,,False,
ADJ-0000208,PH-001,PRD-00148,EMP-0006,EMP-0001,2026-07-31 19:00:00,Shrinkage,0,0,0,0.0,Shrinkage,,False,
ADJ-0000209,PH-001,PRD-00035,EMP-0004,EMP-0012,2026-07-07 17:00:00,Cycle Count,97,3,100,94.02,Cycle Count,,False,
ADJ-0000210,PH-001,PRD-00494,EMP-0018,EMP-0012,2026-07-05 18:00:00,Cycle Count,82,1,83,1.0,Cycle Count,,False,
ADJ-0000211,PH-001,PRD-00665,EMP-0015,EMP-0003,2026-07-17 21:00:00,Shrinkage,22,-3,19,-100.92,Shrinkage,,False,
ADJ-0000212,PH-001,PRD-00587,EMP-0007,EMP-0001,2026-07-12 19:00:00,Shrinkage,57,-3,54,-21.0,Shrinkage,,False,
ADJ-0000213,PH-001,PRD-00263,EMP-0010,EMP-0002,2026-07-01 08:00:00,Shrinkage,92,-3,89,-52.41,Shrinkage,,False,
ADJ-0000214,PH-001,PRD-00615,EMP-0001,EMP-0001,2026-07-19 11:00:00,Shrinkage,40,-2,38,-53.84,Shrinkage,,False,
ADJ-0000215,PH-001,PRD-00226,EMP-0002,EMP-0012,2026-07-25 13:00:00,Cycle Count,12,3,15,92.34,Cycle Count,,False,
ADJ-0000216,PH-001,PRD-00343,EMP-0017,EMP-0013,2026-07-26 20:00:00,Cycle Count,90,2,92,22.72,Cycle Count,,False,
ADJ-0000217,PH-001,PRD-00152,EMP-0022,EMP-0003,2026-07-16 20:00:00,Shrinkage,61,-3,58,-40.95,Shrinkage,,False,
ADJ-0000218,PH-001,PRD-00657,EMP-0011,EMP-0012,2026-07-01 08:00:00,Cycle Count,60,1,61,18.43,Cycle Count,,False,
ADJ-0000219,PH-001,PRD-00327,EMP-0007,EMP-0001,2026-07-17 15:00:00,Cycle Count,36,2,38,44.4,Cycle Count,,False,
ADJ-0000220,PH-001,PRD-00550,EMP-0002,EMP-0002,2026-07-30 08:00:00,Cycle Count,12,3,15,84.75,Cycle Count,,False,
ADJ-0000221,PH-001,PRD-00753,EMP-0013,EMP-0001,2026-07-23 13:00:00,Cycle Count,83,2,85,17.46,Cycle Count,,False,
ADJ-0000222,PH-001,PRD-00600,EMP-0017,EMP-0012,2026-07-25 12:00:00,Cycle Count,40,2,42,14.72,Cycle Count,,False,
ADJ-0000223,PH-001,PRD-00613,EMP-0021,EMP-0001,2026-07-17 17:00:00,Cycle Count,75,1,76,24.81,Cycle Count,,False,
ADJ-0000224,PH-001,PRD-00668,EMP-0015,EMP-0001,2026-07-09 20:00:00,Shrinkage,30,-3,27,-69.36,Shrinkage,,False,
ADJ-0000225,PH-001,PRD-00390,EMP-0018,EMP-0003,2026-07-06 08:00:00,Shrinkage,11,-3,8,-27.9,Shrinkage,,False,
ADJ-0000226,PH-001,PRD-00737,EMP-0009,EMP-0003,2026-07-17 15:00:00,Cycle Count,33,3,36,65.88,Cycle Count,,False,
ADJ-0000227,PH-001,PRD-00100,EMP-0002,EMP-0012,2026-07-30 19:00:00,Cycle Count,0,2,2,4.2,Cycle Count,,False,
ADJ-0000228,PH-001,PRD-00095,EMP-0013,EMP-0013,2026-07-28 08:00:00,Cycle Count,17,2,19,66.24,Cycle Count,,False,
ADJ-0000229,PH-001,PRD-00293,EMP-0021,EMP-0002,2026-07-24 08:00:00,Shrinkage,82,-1,81,-23.31,Shrinkage,,False,
ADJ-0000230,PH-001,PRD-00751,EMP-0004,EMP-0002,2026-07-03 11:00:00,Cycle Count,10,1,11,22.79,Cycle Count,,False,
ADJ-0000231,PH-001,PRD-00492,EMP-0019,EMP-0002,2026-07-09 20:00:00,Cycle Count,60,1,61,13.97,Cycle Count,,False,
ADJ-0000232,PH-001,PRD-00559,EMP-0005,EMP-0012,2026-07-29 15:00:00,Cycle Count,4,2,6,28.76,Cycle Count,,False,
ADJ-0000233,PH-001,PRD-00012,EMP-0003,EMP-0002,2026-07-18 10:00:00,Cycle Count,54,3,57,2.61,Cycle Count,,False,
ADJ-0000234,PH-001,PRD-00189,EMP-0002,EMP-0013,2026-07-06 19:00:00,Cycle Count,23,2,25,50.74,Cycle Count,,False,
ADJ-0000235,PH-001,PRD-00144,EMP-0014,EMP-0012,2026-07-10 09:00:00,Cycle Count,67,1,68,3.09,Cycle Count,,False,
ADJ-0000236,PH-001,PRD-00500,EMP-0017,EMP-0001,2026-07-31 14:00:00,Shrinkage,66,-3,63,-33.21,Shrinkage,,False,
ADJ-0000237,PH-001,PRD-00730,EMP-0003,EMP-0012,2026-07-16 20:00:00,Shrinkage,75,-2,73,-12.98,Shrinkage,,False,
ADJ-0000238,PH-001,PRD-00789,EMP-0012,EMP-0001,2026-07-07 13:00:00,Shrinkage,67,-3,64,-42.39,Shrinkage,,False,
ADJ-0000239,PH-001,PRD-00256,EMP-0022,EMP-0013,2026-07-24 10:00:00,Cycle Count,95,3,98,100.59,Cycle Count,,False,
ADJ-0000240,PH-001,PRD-00489,EMP-0010,EMP-0013,2026-07-14 19:00:00,Cycle Count,32,2,34,55.36,Cycle Count,,False,
ADJ-0000241,PH-001,PRD-00705,EMP-0021,EMP-0013,2026-07-10 11:00:00,Cycle Count,45,2,47,8.18,Cycle Count,,False,
ADJ-0000242,PH-001,PRD-00589,EMP-0012,EMP-0012,2026-07-05 18:00:00,Cycle Count,1,2,3,50.5,Cycle Count,,False,
ADJ-0000243,PH-001,PRD-00218,EMP-0017,EMP-0002,2026-07-22 18:00:00,Cycle Count,56,1,57,19.35,Cycle Count,,False,
ADJ-0000244,PH-001,PRD-00502,EMP-0011,EMP-0002,2026-07-15 10:00:00,Shrinkage,63,-2,61,-62.26,Shrinkage,,False,
ADJ-0000245,PH-001,PRD-00289,EMP-0016,EMP-0013,2026-07-31 10:00:00,Shrinkage,49,-1,48,-7.63,Shrinkage,,False,
ADJ-0000246,PH-001,PRD-00198,EMP-0020,EMP-0001,2026-07-02 09:00:00,Shrinkage,5,-1,4,-34.16,Shrinkage,,False,
ADJ-0000247,PH-001,PRD-00174,EMP-0007,EMP-0012,2026-07-02 20:00:00,Cycle Count,32,3,35,90.84,Cycle Count,,False,
ADJ-0000248,PH-001,PRD-00182,EMP-0007,EMP-0003,2026-07-21 09:00:00,Shrinkage,33,-2,31,-31.9,Shrinkage,,False,
ADJ-0000249,PH-001,PRD-00311,EMP-0015,EMP-0013,2026-07-16 11:00:00,Shrinkage,86,-1,85,-5.56,Shrinkage,,False,
ADJ-0000250,PH-001,PRD-00126,EMP-0009,EMP-0013,2026-07-16 18:00:00,Shrinkage,30,-3,27,-38.22,Shrinkage,,False,
ADJ-0000251,PH-001,PRD-00191,EMP-0005,EMP-0013,2026-07-13 13:00:00,Shrinkage,56,-1,55,-29.23,Shrinkage,,False,
ADJ-0000252,PH-001,PRD-00573,EMP-0003,EMP-0002,2026-07-20 16:00:00,Cycle Count,69,2,71,12.6,Cycle Count,,False,
ADJ-0000253,PH-001,PRD-00022,EMP-0018,EMP-0001,2026-07-24 12:00:00,Shrinkage,100,-2,98,-18.94,Shrinkage,,False,
ADJ-0000254,PH-001,PRD-00016,EMP-0020,EMP-0002,2026-07-14 19:00:00,Cycle Count,51,1,52,34.19,Cycle Count,,False,
ADJ-0000255,PH-001,PRD-00528,EMP-0004,EMP-0003,2026-07-17 19:00:00,Cycle Count,37,2,39,44.2,Cycle Count,,False,
ADJ-0000256,PH-001,PRD-00795,EMP-0017,EMP-0001,2026-07-13 10:00:00,Shrinkage,52,-3,49,-81.33,Shrinkage,,False,
ADJ-0000257,PH-001,PRD-00208,EMP-0013,EMP-0002,2026-07-13 18:00:00,Cycle Count,86,2,88,23.32,Cycle Count,,False,
ADJ-0000258,PH-001,PRD-00722,EMP-0005,EMP-0012,2026-07-02 09:00:00,Shrinkage,12,-2,10,-36.62,Shrinkage,,False,
ADJ-0000259,PH-001,PRD-00094,EMP-0019,EMP-0002,2026-07-09 13:00:00,Cycle Count,87,1,88,22.6,Cycle Count,,False,
ADJ-0000260,PH-001,PRD-00481,EMP-0018,EMP-0002,2026-07-12 19:00:00,Cycle Count,63,1,64,4.26,Cycle Count,,False,
ADJ-0000261,PH-001,PRD-00744,EMP-0012,EMP-0002,2026-07-15 18:00:00,Cycle Count,92,1,93,22.68,Cycle Count,,False,
ADJ-0000262,PH-001,PRD-00377,EMP-0007,EMP-0002,2026-07-15 16:00:00,Cycle Count,9,1,10,27.01,Cycle Count,,False,
ADJ-0000263,PH-001,PRD-00603,EMP-0018,EMP-0001,2026-07-04 20:00:00,Shrinkage,33,-2,31,-57.64,Shrinkage,,False,
ADJ-0000264,PH-002,PRD-00230,EMP-0026,EMP-0024,2026-07-28 14:00:00,Shrinkage,62,-2,60,-47.34,Shrinkage,,False,
ADJ-0000265,PH-002,PRD-00542,EMP-0034,EMP-0025,2026-07-16 11:00:00,Cycle Count,96,3,99,50.7,Cycle Count,,False,
ADJ-0000266,PH-002,PRD-00428,EMP-0028,EMP-0035,2026-07-06 09:00:00,Cycle Count,16,3,19,62.16,Cycle Count,,False,
ADJ-0000267,PH-002,PRD-00173,EMP-0023,EMP-0035,2026-07-27 08:00:00,Shrinkage,29,-3,26,-98.16,Shrinkage,,False,
ADJ-0000268,PH-002,PRD-00571,EMP-0038,EMP-0024,2026-07-05 16:00:00,Cycle Count,60,1,61,23.81,Cycle Count,,False,
ADJ-0000269,PH-002,PRD-00609,EMP-0043,EMP-0034,2026-07-28 11:00:00,Shrinkage,68,-1,67,-32.55,Shrinkage,,False,
ADJ-0000270,PH-002,PRD-00614,EMP-0036,EMP-0034,2026-07-22 15:00:00,Shrinkage,55,-1,54,-23.27,Shrinkage,,False,
ADJ-0000271,PH-002,PRD-00413,EMP-0023,EMP-0024,2026-07-11 09:00:00,Shrinkage,53,-2,51,-31.86,Shrinkage,,False,
ADJ-0000272,PH-002,PRD-00619,EMP-0024,EMP-0023,2026-07-18 18:00:00,Cycle Count,31,1,32,16.52,Cycle Count,,False,
ADJ-0000273,PH-002,PRD-00778,EMP-0032,EMP-0025,2026-07-13 11:00:00,Cycle Count,12,2,14,39.76,Cycle Count,,False,
ADJ-0000274,PH-002,PRD-00491,EMP-0025,EMP-0023,2026-07-04 09:00:00,Cycle Count,51,3,54,37.8,Cycle Count,,False,
ADJ-0000275,PH-002,PRD-00265,EMP-0035,EMP-0034,2026-07-29 17:00:00,Shrinkage,19,-1,18,-18.07,Shrinkage,,False,
ADJ-0000276,PH-002,PRD-00158,EMP-0028,EMP-0035,2026-07-26 08:00:00,Shrinkage,12,-2,10,-26.7,Shrinkage,,False,
ADJ-0000277,PH-002,PRD-00705,EMP-0036,EMP-0024,2026-07-10 14:00:00,Cycle Count,27,3,30,12.27,Cycle Count,,False,
ADJ-0000278,PH-002,PRD-00783,EMP-0044,EMP-0025,2026-07-02 19:00:00,Cycle Count,48,3,51,66.0,Cycle Count,,False,
ADJ-0000279,PH-002,PRD-00430,EMP-0035,EMP-0023,2026-07-30 11:00:00,Shrinkage,50,-3,47,-78.39,Shrinkage,,False,
ADJ-0000280,PH-002,PRD-00416,EMP-0040,EMP-0034,2026-07-31 14:00:00,Cycle Count,22,2,24,61.44,Cycle Count,,False,
ADJ-0000281,PH-002,PRD-00474,EMP-0033,EMP-0023,2026-07-31 12:00:00,Shrinkage,1,-1,0,-32.12,Shrinkage,,False,
ADJ-0000282,PH-002,PRD-00325,EMP-0031,EMP-0024,2026-07-27 11:00:00,Shrinkage,84,-2,82,-28.74,Shrinkage,,False,
ADJ-0000283,PH-002,PRD-00131,EMP-0041,EMP-0035,2026-07-31 19:00:00,Shrinkage,97,-2,95,-12.28,Shrinkage,,False,
ADJ-0000284,PH-002,PRD-00581,EMP-0044,EMP-0025,2026-07-25 11:00:00,Cycle Count,25,3,28,57.69,Cycle Count,,False,
ADJ-0000285,PH-002,PRD-00525,EMP-0041,EMP-0023,2026-07-25 12:00:00,Shrinkage,35,-3,32,-6.69,Shrinkage,,False,
ADJ-0000286,PH-002,PRD-00288,EMP-0037,EMP-0025,2026-07-09 21:00:00,Cycle Count,0,1,1,12.21,Cycle Count,,False,
ADJ-0000287,PH-002,PRD-00575,EMP-0034,EMP-0025,2026-07-30 12:00:00,Cycle Count,28,1,29,30.01,Cycle Count,,False,
ADJ-0000288,PH-002,PRD-00314,EMP-0034,EMP-0024,2026-07-28 10:00:00,Cycle Count,87,1,88,8.45,Cycle Count,,False,
ADJ-0000289,PH-002,PRD-00383,EMP-0043,EMP-0025,2026-07-12 15:00:00,Shrinkage,90,-2,88,-41.68,Shrinkage,,False,
ADJ-0000290,PH-002,PRD-00675,EMP-0024,EMP-0034,2026-07-04 21:00:00,Shrinkage,66,-1,65,-31.02,Shrinkage,,False,
ADJ-0000291,PH-002,PRD-00397,EMP-0041,EMP-0023,2026-07-06 08:00:00,Cycle Count,32,3,35,12.12,Cycle Count,,False,
ADJ-0000292,PH-002,PRD-00364,EMP-0037,EMP-0035,2026-07-14 12:00:00,Cycle Count,78,2,80,67.58,Cycle Count,,False,
ADJ-0000293,PH-002,PRD-00348,EMP-0032,EMP-0034,2026-07-27 19:00:00,Cycle Count,68,2,70,51.7,Cycle Count,,False,
ADJ-0000294,PH-002,PRD-00605,EMP-0025,EMP-0024,2026-07-28 10:00:00,Shrinkage,8,-1,7,-24.15,Shrinkage,,False,
ADJ-0000295,PH-002,PRD-00667,EMP-0026,EMP-0035,2026-07-28 16:00:00,Shrinkage,49,-2,47,-42.68,Shrinkage,,False,
ADJ-0000296,PH-002,PRD-00376,EMP-0027,EMP-0035,2026-07-31 17:00:00,Shrinkage,14,-3,11,-4.92,Shrinkage,,False,
ADJ-0000297,PH-002,PRD-00484,EMP-0023,EMP-0023,2026-07-30 13:00:00,Cycle Count,71,3,74,74.64,Cycle Count,,False,
ADJ-0000298,PH-002,PRD-00584,EMP-0024,EMP-0023,2026-07-11 15:00:00,Cycle Count,83,1,84,13.55,Cycle Count,,False,
ADJ-0000299,PH-002,PRD-00561,EMP-0037,EMP-0025,2026-07-28 12:00:00,Shrinkage,82,-2,80,-33.02,Shrinkage,,False,
ADJ-0000300,PH-002,PRD-00354,EMP-0038,EMP-0024,2026-07-20 15:00:00,Shrinkage,64,-1,63,-33.43,Shrinkage,,False,
ADJ-0000301,PH-002,PRD-00417,EMP-0025,EMP-0035,2026-07-02 18:00:00,Shrinkage,37,-1,36,-7.57,Shrinkage,,False,
ADJ-0000302,PH-002,PRD-00387,EMP-0026,EMP-0034,2026-07-16 17:00:00,Cycle Count,67,3,70,99.75,Cycle Count,,False,
ADJ-0000303,PH-002,PRD-00233,EMP-0038,EMP-0034,2026-07-04 11:00:00,Cycle Count,48,1,49,22.63,Cycle Count,,False,
ADJ-0000304,PH-002,PRD-00610,EMP-0026,EMP-0023,2026-07-05 13:00:00,Shrinkage,62,-3,59,-8.25,Shrinkage,,False,
ADJ-0000305,PH-002,PRD-00128,EMP-0036,EMP-0035,2026-07-31 20:00:00,Cycle Count,69,1,70,10.11,Cycle Count,,False,
ADJ-0000306,PH-002,PRD-00670,EMP-0037,EMP-0025,2026-07-26 14:00:00,Shrinkage,48,-1,47,-27.07,Shrinkage,,False,
ADJ-0000307,PH-002,PRD-00189,EMP-0036,EMP-0035,2026-07-19 18:00:00,Shrinkage,97,-2,95,-50.74,Shrinkage,,False,
ADJ-0000308,PH-002,PRD-00540,EMP-0027,EMP-0025,2026-07-29 20:00:00,Shrinkage,6,-3,3,-48.15,Shrinkage,,False,
ADJ-0000309,PH-002,PRD-00777,EMP-0038,EMP-0024,2026-07-15 16:00:00,Shrinkage,74,-3,71,-42.78,Shrinkage,,False,
ADJ-0000310,PH-002,PRD-00168,EMP-0031,EMP-0023,2026-07-02 11:00:00,Shrinkage,65,-3,62,-45.06,Shrinkage,,False,
ADJ-0000311,PH-002,PRD-00065,EMP-0029,EMP-0024,2026-07-01 19:00:00,Cycle Count,34,1,35,4.15,Cycle Count,,False,
ADJ-0000312,PH-002,PRD-00768,EMP-0023,EMP-0035,2026-07-14 15:00:00,Cycle Count,21,3,24,47.97,Cycle Count,,False,
ADJ-0000313,PH-002,PRD-00375,EMP-0031,EMP-0035,2026-07-24 09:00:00,Shrinkage,0,0,0,0.0,Shrinkage,,False,
ADJ-0000314,PH-002,PRD-00181,EMP-0032,EMP-0024,2026-07-22 11:00:00,Shrinkage,28,-2,26,-26.3,Shrinkage,,False,
ADJ-0000315,PH-002,PRD-00079,EMP-0036,EMP-0024,2026-07-26 19:00:00,Shrinkage,29,-1,28,-11.39,Shrinkage,,False,
ADJ-0000316,PH-002,PRD-00613,EMP-0044,EMP-0034,2026-07-05 19:00:00,Cycle Count,41,1,42,24.81,Cycle Count,,False,
ADJ-0000317,PH-002,PRD-00687,EMP-0044,EMP-0025,2026-07-22 19:00:00,Cycle Count,12,3,15,18.09,Cycle Count,,False,
ADJ-0000318,PH-002,PRD-00425,EMP-0038,EMP-0024,2026-07-07 19:00:00,Cycle Count,4,2,6,24.54,Cycle Count,,False,
ADJ-0000319,PH-002,PRD-00403,EMP-0038,EMP-0034,2026-07-12 14:00:00,Shrinkage,32,-3,29,-59.13,Shrinkage,,False,
ADJ-0000320,PH-002,PRD-00023,EMP-0036,EMP-0023,2026-07-20 08:00:00,Cycle Count,61,1,62,3.15,Cycle Count,,False,
ADJ-0000321,PH-002,PRD-00719,EMP-0024,EMP-0025,2026-07-27 09:00:00,Shrinkage,97,-3,94,-13.89,Shrinkage,,False,
ADJ-0000322,PH-002,PRD-00299,EMP-0035,EMP-0024,2026-07-25 15:00:00,Shrinkage,92,-2,90,-30.0,Shrinkage,,False,
ADJ-0000323,PH-002,PRD-00539,EMP-0026,EMP-0024,2026-07-11 09:00:00,Shrinkage,85,-1,84,-20.53,Shrinkage,,False,
ADJ-0000324,PH-002,PRD-00795,EMP-0024,EMP-0023,2026-07-15 19:00:00,Cycle Count,68,1,69,27.11,Cycle Count,,False,
ADJ-0000325,PH-002,PRD-00300,EMP-0026,EMP-0024,2026-07-04 10:00:00,Shrinkage,31,-1,30,-27.61,Shrinkage,,False,
ADJ-0000326,PH-002,PRD-00711,EMP-0042,EMP-0023,2026-07-30 14:00:00,Cycle Count,98,2,100,39.86,Cycle Count,,False,
ADJ-0000327,PH-002,PRD-00573,EMP-0036,EMP-0024,2026-07-05 14:00:00,Shrinkage,85,-3,82,-18.9,Shrinkage,,False,
ADJ-0000328,PH-002,PRD-00450,EMP-0044,EMP-0023,2026-07-04 19:00:00,Shrinkage,64,-2,62,-54.9,Shrinkage,,False,
ADJ-0000329,PH-002,PRD-00434,EMP-0038,EMP-0023,2026-07-12 17:00:00,Cycle Count,83,3,86,44.28,Cycle Count,,False,
ADJ-0000330,PH-002,PRD-00723,EMP-0024,EMP-0024,2026-07-06 08:00:00,Shrinkage,6,-1,5,-1.96,Shrinkage,,False,
ADJ-0000331,PH-002,PRD-00112,EMP-0028,EMP-0023,2026-07-11 09:00:00,Cycle Count,85,1,86,9.09,Cycle Count,,False,
ADJ-0000332,PH-002,PRD-00776,EMP-0031,EMP-0024,2026-07-11 13:00:00,Cycle Count,95,1,96,32.05,Cycle Count,,False,
ADJ-0000333,PH-002,PRD-00800,EMP-0028,EMP-0025,2026-07-19 20:00:00,Cycle Count,47,3,50,101.94,Cycle Count,,False,
ADJ-0000334,PH-002,PRD-00625,EMP-0035,EMP-0024,2026-07-12 16:00:00,Shrinkage,35,-1,34,-23.82,Shrinkage,,False,
ADJ-0000335,PH-002,PRD-00451,EMP-0030,EMP-0024,2026-07-13 21:00:00,Shrinkage,78,-1,77,-9.8,Shrinkage,,False,
ADJ-0000336,PH-002,PRD-00243,EMP-0042,EMP-0023,2026-07-26 11:00:00,Cycle Count,40,3,43,104.28,Cycle Count,,False,
ADJ-0000337,PH-002,PRD-00750,EMP-0036,EMP-0025,2026-07-06 10:00:00,Cycle Count,70,1,71,5.54,Cycle Count,,False,
ADJ-0000338,PH-002,PRD-00263,EMP-0027,EMP-0034,2026-07-19 08:00:00,Cycle Count,33,1,34,17.47,Cycle Count,,False,
ADJ-0000339,PH-002,PRD-00524,EMP-0036,EMP-0034,2026-07-29 14:00:00,Shrinkage,90,-1,89,-17.24,Shrinkage,,False,
ADJ-0000340,PH-002,PRD-00082,EMP-0042,EMP-0025,2026-07-04 08:00:00,Shrinkage,89,-2,87,-54.42,Shrinkage,,False,
ADJ-0000341,PH-002,PRD-00287,EMP-0043,EMP-0035,2026-07-08 11:00:00,Cycle Count,84,1,85,7.45,Cycle Count,,False,
ADJ-0000342,PH-002,PRD-00089,EMP-0027,EMP-0023,2026-07-13 09:00:00,Shrinkage,9,-3,6,-90.54,Shrinkage,,False,
ADJ-0000343,PH-002,PRD-00276,EMP-0028,EMP-0034,2026-07-04 13:00:00,Cycle Count,34,1,35,27.82,Cycle Count,,False,
ADJ-0000344,PH-002,PRD-00632,EMP-0032,EMP-0023,2026-07-02 16:00:00,Shrinkage,28,-1,27,-13.55,Shrinkage,,False,
ADJ-0000345,PH-002,PRD-00368,EMP-0034,EMP-0034,2026-07-08 21:00:00,Shrinkage,34,-1,33,-1.16,Shrinkage,,False,
ADJ-0000346,PH-002,PRD-00264,EMP-0031,EMP-0024,2026-07-11 15:00:00,Shrinkage,50,-3,47,-7.23,Shrinkage,,False,
ADJ-0000347,PH-002,PRD-00456,EMP-0031,EMP-0035,2026-07-15 18:00:00,Shrinkage,71,-3,68,-51.84,Shrinkage,,False,
ADJ-0000348,PH-002,PRD-00319,EMP-0024,EMP-0025,2026-07-25 19:00:00,Shrinkage,55,-2,53,-56.68,Shrinkage,,False,
ADJ-0000349,PH-002,PRD-00421,EMP-0031,EMP-0023,2026-07-10 12:00:00,Shrinkage,32,-2,30,-19.94,Shrinkage,,False,
ADJ-0000350,PH-002,PRD-00205,EMP-0038,EMP-0035,2026-07-26 12:00:00,Cycle Count,70,2,72,58.04,Cycle Count,,False,
ADJ-0000351,PH-002,PRD-00755,EMP-0032,EMP-0024,2026-07-27 16:00:00,Cycle Count,59,1,60,16.37,Cycle Count,,False,
ADJ-0000352,PH-002,PRD-00396,EMP-0038,EMP-0024,2026-07-12 10:00:00,Shrinkage,62,-1,61,-24.63,Shrinkage,,False,
ADJ-0000353,PH-002,PRD-00039,EMP-0037,EMP-0025,2026-07-08 08:00:00,Cycle Count,87,3,90,30.3,Cycle Count,,False,
ADJ-0000354,PH-002,PRD-00236,EMP-0031,EMP-0023,2026-07-11 08:00:00,Cycle Count,49,1,50,4.59,Cycle Count,,False,
ADJ-0000355,PH-002,PRD-00469,EMP-0031,EMP-0024,2026-07-24 17:00:00,Shrinkage,4,-3,1,-21.51,Shrinkage,,False,
ADJ-0000356,PH-002,PRD-00361,EMP-0031,EMP-0034,2026-07-30 20:00:00,Cycle Count,63,3,66,60.6,Cycle Count,,False,
ADJ-0000357,PH-002,PRD-00245,EMP-0042,EMP-0034,2026-07-04 21:00:00,Cycle Count,43,1,44,10.19,Cycle Count,,False,
ADJ-0000358,PH-002,PRD-00767,EMP-0025,EMP-0025,2026-07-28 09:00:00,Cycle Count,6,3,9,97.29,Cycle Count,,False,
ADJ-0000359,PH-002,PRD-00490,EMP-0031,EMP-0034,2026-07-27 19:00:00,Shrinkage,21,-3,18,-70.41,Shrinkage,,False,
ADJ-0000360,PH-002,PRD-00372,EMP-0028,EMP-0023,2026-07-12 18:00:00,Cycle Count,8,1,9,8.1,Cycle Count,,False,
ADJ-0000361,PH-002,PRD-00727,EMP-0032,EMP-0034,2026-07-31 09:00:00,Shrinkage,58,-2,56,-19.4,Shrinkage,,False,
ADJ-0000362,PH-002,PRD-00380,EMP-0029,EMP-0025,2026-07-22 12:00:00,Shrinkage,21,-3,18,-38.4,Shrinkage,,False,
ADJ-0000363,PH-002,PRD-00684,EMP-0032,EMP-0034,2026-07-23 16:00:00,Shrinkage,27,-1,26,-14.09,Shrinkage,,False,
ADJ-0000364,PH-002,PRD-00674,EMP-0036,EMP-0023,2026-07-16 21:00:00,Cycle Count,54,1,55,20.45,Cycle Count,,False,
ADJ-0000365,PH-002,PRD-00339,EMP-0023,EMP-0035,2026-07-26 17:00:00,Cycle Count,17,3,20,41.91,Cycle Count,,False,
ADJ-0000366,PH-002,PRD-00226,EMP-0032,EMP-0024,2026-07-02 20:00:00,Cycle Count,79,2,81,61.56,Cycle Count,,False,
ADJ-0000367,PH-002,PRD-00234,EMP-0039,EMP-0035,2026-07-26 09:00:00,Shrinkage,59,-1,58,-16.33,Shrinkage,,False,
ADJ-0000368,PH-002,PRD-00407,EMP-0040,EMP-0023,2026-07-10 15:00:00,Cycle Count,61,2,63,39.62,Cycle Count,,False,
ADJ-0000369,PH-002,PRD-00673,EMP-0035,EMP-0034,2026-07-31 15:00:00,Cycle Count,17,2,19,42.92,Cycle Count,,False,
ADJ-0000370,PH-002,PRD-00757,EMP-0025,EMP-0025,2026-07-30 21:00:00,Shrinkage,97,-1,96,-19.45,Shrinkage,,False,
ADJ-0000371,PH-002,PRD-00078,EMP-0023,EMP-0035,2026-07-02 12:00:00,Shrinkage,13,-2,11,-10.48,Shrinkage,,False,
ADJ-0000372,PH-002,PRD-00593,EMP-0023,EMP-0024,2026-07-30 16:00:00,Shrinkage,39,-1,38,-9.22,Shrinkage,,False,
ADJ-0000373,PH-002,PRD-00458,EMP-0037,EMP-0023,2026-07-12 09:00:00,Shrinkage,99,-3,96,-69.54,Shrinkage,,False,
ADJ-0000374,PH-002,PRD-00253,EMP-0023,EMP-0023,2026-07-10 08:00:00,Shrinkage,58,-1,57,-18.9,Shrinkage,,False,
ADJ-0000375,PH-002,PRD-00392,EMP-0038,EMP-0023,2026-07-11 09:00:00,Shrinkage,34,-2,32,-27.22,Shrinkage,,False,
ADJ-0000376,PH-002,PRD-00651,EMP-0028,EMP-0024,2026-07-11 13:00:00,Shrinkage,7,-3,4,-40.68,Shrinkage,,False,
ADJ-0000377,PH-002,PRD-00332,EMP-0028,EMP-0035,2026-07-25 13:00:00,Shrinkage,60,-2,58,-57.48,Shrinkage,,False,
ADJ-0000378,PH-002,PRD-00753,EMP-0039,EMP-0024,2026-07-09 18:00:00,Cycle Count,15,1,16,8.73,Cycle Count,,False,
ADJ-0000379,PH-002,PRD-00219,EMP-0025,EMP-0034,2026-07-07 20:00:00,Shrinkage,36,-1,35,-33.47,Shrinkage,,False,
ADJ-0000380,PH-002,PRD-00537,EMP-0026,EMP-0035,2026-07-25 09:00:00,Shrinkage,1,-1,0,-9.44,Shrinkage,,False,
ADJ-0000381,PH-002,PRD-00772,EMP-0041,EMP-0034,2026-07-31 19:00:00,Shrinkage,60,-1,59,-20.23,Shrinkage,,False,
ADJ-0000382,PH-002,PRD-00008,EMP-0024,EMP-0025,2026-07-15 19:00:00,Cycle Count,78,1,79,30.92,Cycle Count,,False,
ADJ-0000383,PH-002,PRD-00225,EMP-0038,EMP-0034,2026-07-24 14:00:00,Cycle Count,31,3,34,92.91,Cycle Count,,False,
ADJ-0000384,PH-002,PRD-00345,EMP-0032,EMP-0023,2026-07-06 17:00:00,Cycle Count,26,1,27,2.73,Cycle Count,,False,
ADJ-0000385,PH-002,PRD-00648,EMP-0024,EMP-0035,2026-07-23 19:00:00,Shrinkage,38,-2,36,-52.58,Shrinkage,,False,
ADJ-0000386,PH-002,PRD-00514,EMP-0029,EMP-0025,2026-07-02 14:00:00,Cycle Count,95,2,97,26.56,Cycle Count,,False,
ADJ-0000387,PH-002,PRD-00043,EMP-0030,EMP-0025,2026-07-27 19:00:00,Shrinkage,77,-2,75,-5.06,Shrinkage,,False,
ADJ-0000388,PH-002,PRD-00218,EMP-0034,EMP-0023,2026-07-17 15:00:00,Cycle Count,0,1,1,19.35,Cycle Count,,False,
ADJ-0000389,PH-002,PRD-00441,EMP-0026,EMP-0023,2026-07-01 20:00:00,Cycle Count,8,3,11,104.52,Cycle Count,,False,
ADJ-0000390,PH-002,PRD-00492,EMP-0038,EMP-0025,2026-07-24 08:00:00,Shrinkage,78,-1,77,-13.97,Shrinkage,,False,
ADJ-0000391,PH-002,PRD-00468,EMP-0034,EMP-0023,2026-07-25 13:00:00,Shrinkage,78,-1,77,-2.32,Shrinkage,,False,
ADJ-0000392,PH-002,PRD-00695,EMP-0033,EMP-0035,2026-07-16 16:00:00,Shrinkage,73,-3,70,-7.44,Shrinkage,,False,
ADJ-0000393,PH-002,PRD-00671,EMP-0032,EMP-0035,2026-07-03 10:00:00,Shrinkage,4,-3,1,-16.08,Shrinkage,,False,
ADJ-0000394,PH-002,PRD-00503,EMP-0037,EMP-0025,2026-07-20 11:00:00,Cycle Count,2,1,3,0.92,Cycle Count,,False,
ADJ-0000395,PH-002,PRD-00620,EMP-0033,EMP-0035,2026-07-03 15:00:00,Cycle Count,41,3,44,60.87,Cycle Count,,False,
ADJ-0000396,PH-002,PRD-00326,EMP-0034,EMP-0023,2026-07-14 14:00:00,Cycle Count,21,2,23,41.08,Cycle Count,,False,
ADJ-0000397,PH-002,PRD-00054,EMP-0025,EMP-0034,2026-07-01 20:00:00,Shrinkage,60,-1,59,-3.68,Shrinkage,,False,
ADJ-0000398,PH-002,PRD-00586,EMP-0040,EMP-0035,2026-07-21 16:00:00,Shrinkage,9,-3,6,-85.23,Shrinkage,,False,
ADJ-0000399,PH-002,PRD-00163,EMP-0027,EMP-0034,2026-07-08 08:00:00,Cycle Count,83,2,85,46.02,Cycle Count,,False,
ADJ-0000400,PH-002,PRD-00519,EMP-0042,EMP-0024,2026-07-31 11:00:00,Cycle Count,67,3,70,12.87,Cycle Count,,False,
ADJ-0000401,PH-002,PRD-00175,EMP-0029,EMP-0034,2026-07-15 11:00:00,Shrinkage,33,-3,30,-78.63,Shrinkage,,False,
ADJ-0000402,PH-002,PRD-00552,EMP-0040,EMP-0035,2026-07-22 14:00:00,Cycle Count,98,1,99,17.26,Cycle Count,,False,
ADJ-0000403,PH-002,PRD-00317,EMP-0034,EMP-0025,2026-07-17 11:00:00,Shrinkage,9,-3,6,-38.07,Shrinkage,,False,
ADJ-0000404,PH-002,PRD-00074,EMP-0024,EMP-0024,2026-07-01 16:00:00,Cycle Count,65,2,67,25.34,Cycle Count,,False,
ADJ-0000405,PH-002,PRD-00293,EMP-0025,EMP-0024,2026-07-15 09:00:00,Shrinkage,88,-1,87,-23.31,Shrinkage,,False,
ADJ-0000406,PH-002,PRD-00060,EMP-0036,EMP-0024,2026-07-21 13:00:00,Cycle Count,20,3,23,59.1,Cycle Count,,False,
ADJ-0000407,PH-002,PRD-00059,EMP-0024,EMP-0034,2026-07-17 16:00:00,Shrinkage,78,-1,77,-10.9,Shrinkage,,False,
ADJ-0000408,PH-002,PRD-00044,EMP-0024,EMP-0035,2026-07-29 10:00:00,Cycle Count,65,2,67,15.16,Cycle Count,,False,
ADJ-0000409,PH-002,PRD-00443,EMP-0023,EMP-0024,2026-07-09 21:00:00,Shrinkage,57,-2,55,-50.22,Shrinkage,,False,
ADJ-0000410,PH-002,PRD-00636,EMP-0024,EMP-0034,2026-07-24 08:00:00,Shrinkage,76,-2,74,-5.62,Shrinkage,,False,
ADJ-0000411,PH-002,PRD-00717,EMP-0025,EMP-0024,2026-07-28 17:00:00,Shrinkage,78,-3,75,-25.44,Shrinkage,,False,
ADJ-0000412,PH-002,PRD-00215,EMP-0040,EMP-0034,2026-07-29 18:00:00,Shrinkage,67,-1,66,-11.5,Shrinkage,,False,
ADJ-0000413,PH-002,PRD-00773,EMP-0040,EMP-0023,2026-07-10 19:00:00,Shrinkage,20,-2,18,-16.56,Shrinkage,,False,
ADJ-0000414,PH-002,PRD-00457,EMP-0031,EMP-0024,2026-07-27 08:00:00,Cycle Count,53,3,56,102.27,Cycle Count,,False,
ADJ-0000415,PH-002,PRD-00124,EMP-0038,EMP-0024,2026-07-06 09:00:00,Cycle Count,1,3,4,59.97,Cycle Count,,False,
ADJ-0000416,PH-002,PRD-00122,EMP-0030,EMP-0034,2026-07-29 11:00:00,Cycle Count,45,2,47,18.96,Cycle Count,,False,
ADJ-0000417,PH-002,PRD-00133,EMP-0029,EMP-0023,2026-07-11 10:00:00,Shrinkage,90,-1,89,-23.99,Shrinkage,,False,
ADJ-0000418,PH-002,PRD-00653,EMP-0032,EMP-0034,2026-07-31 08:00:00,Cycle Count,76,2,78,13.62,Cycle Count,,False,
ADJ-0000419,PH-002,PRD-00592,EMP-0038,EMP-0023,2026-07-11 21:00:00,Cycle Count,51,1,52,31.43,Cycle Count,,False,
ADJ-0000420,PH-002,PRD-00637,EMP-0031,EMP-0023,2026-07-01 18:00:00,Shrinkage,14,-2,12,-6.06,Shrinkage,,False,
ADJ-0000421,PH-002,PRD-00791,EMP-0038,EMP-0024,2026-07-17 08:00:00,Shrinkage,31,-1,30,-32.66,Shrinkage,,False,
ADJ-0000422,PH-002,PRD-00706,EMP-0041,EMP-0035,2026-07-02 10:00:00,Cycle Count,85,1,86,27.17,Cycle Count,,False,
ADJ-0000423,PH-002,PRD-00282,EMP-0028,EMP-0035,2026-07-25 12:00:00,Shrinkage,94,-3,91,-46.53,Shrinkage,,False,
ADJ-0000424,PH-002,PRD-00702,EMP-0037,EMP-0023,2026-07-15 20:00:00,Shrinkage,76,-2,74,-33.08,Shrinkage,,False,
ADJ-0000425,PH-002,PRD-00704,EMP-0039,EMP-0024,2026-07-25 21:00:00,Shrinkage,55,-2,53,-17.68,Shrinkage,,False,
ADJ-0000426,PH-002,PRD-00394,EMP-0035,EMP-0035,2026-07-08 17:00:00,Shrinkage,31,-2,29,-6.64,Shrinkage,,False,
ADJ-0000427,PH-002,PRD-00545,EMP-0027,EMP-0035,2026-07-03 16:00:00,Shrinkage,93,-1,92,-18.24,Shrinkage,,False,
ADJ-0000428,PH-002,PRD-00051,EMP-0031,EMP-0035,2026-07-22 18:00:00,Shrinkage,6,-1,5,-21.04,Shrinkage,,False,
ADJ-0000429,PH-002,PRD-00606,EMP-0044,EMP-0024,2026-07-28 13:00:00,Cycle Count,97,1,98,4.53,Cycle Count,,False,
ADJ-0000430,PH-002,PRD-00296,EMP-0042,EMP-0025,2026-07-24 14:00:00,Cycle Count,92,3,95,65.19,Cycle Count,,False,
ADJ-0000431,PH-002,PRD-00797,EMP-0024,EMP-0025,2026-07-06 12:00:00,Cycle Count,32,3,35,104.37,Cycle Count,,False,
ADJ-0000432,PH-002,PRD-00570,EMP-0042,EMP-0035,2026-07-20 16:00:00,Cycle Count,32,2,34,67.48,Cycle Count,,False,
ADJ-0000433,PH-002,PRD-00418,EMP-0026,EMP-0034,2026-07-26 19:00:00,Shrinkage,35,-3,32,-27.12,Shrinkage,,False,
ADJ-0000434,PH-002,PRD-00680,EMP-0023,EMP-0034,2026-07-21 11:00:00,Shrinkage,95,-1,94,-17.16,Shrinkage,,False,
ADJ-0000435,PH-002,PRD-00056,EMP-0037,EMP-0034,2026-07-29 09:00:00,Cycle Count,29,1,30,20.67,Cycle Count,,False,
ADJ-0000436,PH-002,PRD-00544,EMP-0024,EMP-0025,2026-07-04 20:00:00,Shrinkage,0,0,0,0.0,Shrinkage,,False,
ADJ-0000437,PH-002,PRD-00381,EMP-0026,EMP-0025,2026-07-28 15:00:00,Shrinkage,31,-2,29,-4.1,Shrinkage,,False,
ADJ-0000438,PH-002,PRD-00229,EMP-0029,EMP-0035,2026-07-05 15:00:00,Shrinkage,19,-1,18,-23.85,Shrinkage,,False,
ADJ-0000439,PH-002,PRD-00566,EMP-0034,EMP-0023,2026-07-16 08:00:00,Cycle Count,98,1,99,17.86,Cycle Count,,False,
ADJ-0000440,PH-002,PRD-00585,EMP-0035,EMP-0035,2026-07-12 09:00:00,Cycle Count,77,3,80,68.64,Cycle Count,,False,
ADJ-0000441,PH-002,PRD-00647,EMP-0037,EMP-0035,2026-07-27 13:00:00,Shrinkage,42,-3,39,-88.5,Shrinkage,,False,
ADJ-0000442,PH-002,PRD-00145,EMP-0032,EMP-0025,2026-07-28 11:00:00,Shrinkage,15,-3,12,-9.87,Shrinkage,,False,
ADJ-0000443,PH-002,PRD-00190,EMP-0024,EMP-0034,2026-07-12 12:00:00,Shrinkage,36,-3,33,-48.48,Shrinkage,,False,
ADJ-0000444,PH-002,PRD-00730,EMP-0035,EMP-0034,2026-07-16 15:00:00,Shrinkage,38,-2,36,-12.98,Shrinkage,,False,
ADJ-0000445,PH-002,PRD-00242,EMP-0023,EMP-0034,2026-07-04 15:00:00,Shrinkage,58,-3,55,-40.86,Shrinkage,,False,
ADJ-0000446,PH-002,PRD-00141,EMP-0030,EMP-0035,2026-07-08 17:00:00,Cycle Count,2,1,3,25.66,Cycle Count,,False,
ADJ-0000447,PH-002,PRD-00726,EMP-0031,EMP-0025,2026-07-04 18:00:00,Cycle Count,88,1,89,1.24,Cycle Count,,False,
ADJ-0000448,PH-002,PRD-00156,EMP-0030,EMP-0025,2026-07-01 16:00:00,Shrinkage,46,-3,43,-85.38,Shrinkage,,False,
ADJ-0000449,PH-002,PRD-00099,EMP-0035,EMP-0024,2026-07-06 15:00:00,Cycle Count,70,1,71,7.26,Cycle Count,,False,
ADJ-0000450,PH-002,PRD-00532,EMP-0034,EMP-0034,2026-07-09 21:00:00,Cycle Count,71,1,72,13.44,Cycle Count,,False,
ADJ-0000451,PH-002,PRD-00196,EMP-0034,EMP-0025,2026-07-18 08:00:00,Shrinkage,33,-2,31,-56.62,Shrinkage,,False,
ADJ-0000452,PH-002,PRD-00530,EMP-0040,EMP-0023,2026-07-22 12:00:00,Cycle Count,24,2,26,8.1,Cycle Count,,False,
ADJ-0000453,PH-002,PRD-00703,EMP-0036,EMP-0024,2026-07-11 20:00:00,Shrinkage,85,-3,82,-9.03,Shrinkage,,False,
ADJ-0000454,PH-002,PRD-00024,EMP-0031,EMP-0024,2026-07-19 10:00:00,Shrinkage,33,-1,32,-18.12,Shrinkage,,False,
ADJ-0000455,PH-002,PRD-00493,EMP-0028,EMP-0034,2026-07-04 15:00:00,Shrinkage,87,-3,84,-32.7,Shrinkage,,False,
ADJ-0000456,PH-002,PRD-00152,EMP-0028,EMP-0025,2026-07-31 17:00:00,Shrinkage,66,-1,65,-13.65,Shrinkage,,False,
ADJ-0000457,PH-002,PRD-00731,EMP-0024,EMP-0024,2026-07-09 15:00:00,Shrinkage,49,-1,48,-14.11,Shrinkage,,False,
ADJ-0000458,PH-002,PRD-00307,EMP-0043,EMP-0023,2026-07-27 18:00:00,Shrinkage,48,-1,47,-21.69,Shrinkage,,False,
ADJ-0000459,PH-002,PRD-00115,EMP-0036,EMP-0023,2026-07-14 11:00:00,Shrinkage,44,-3,41,-62.76,Shrinkage,,False,
ADJ-0000460,PH-002,PRD-00061,EMP-0042,EMP-0024,2026-07-27 16:00:00,Shrinkage,64,-3,61,-50.49,Shrinkage,,False,
ADJ-0000461,PH-002,PRD-00038,EMP-0027,EMP-0035,2026-07-09 17:00:00,Shrinkage,44,-3,41,-79.68,Shrinkage,,False,
ADJ-0000462,PH-002,PRD-00281,EMP-0023,EMP-0035,2026-07-31 21:00:00,Cycle Count,21,3,24,2.79,Cycle Count,,False,
ADJ-0000463,PH-002,PRD-00162,EMP-0035,EMP-0035,2026-07-24 15:00:00,Cycle Count,72,3,75,53.82,Cycle Count,,False,
ADJ-0000464,PH-002,PRD-00506,EMP-0037,EMP-0023,2026-07-28 18:00:00,Shrinkage,41,-2,39,-6.52,Shrinkage,,False,
ADJ-0000465,PH-002,PRD-00111,EMP-0024,EMP-0023,2026-07-14 12:00:00,Cycle Count,63,3,66,30.6,Cycle Count,,False,
ADJ-0000466,PH-002,PRD-00528,EMP-0026,EMP-0025,2026-07-26 09:00:00,Shrinkage,48,-1,47,-22.1,Shrinkage,,False,
ADJ-0000467,PH-002,PRD-00260,EMP-0032,EMP-0025,2026-07-30 13:00:00,Shrinkage,84,-2,82,-52.28,Shrinkage,,False,
ADJ-0000468,PH-002,PRD-00645,EMP-0040,EMP-0023,2026-07-18 10:00:00,Cycle Count,51,3,54,16.5,Cycle Count,,False,
ADJ-0000469,PH-002,PRD-00431,EMP-0040,EMP-0023,2026-07-25 19:00:00,Cycle Count,100,3,103,25.08,Cycle Count,,False,
ADJ-0000470,PH-002,PRD-00447,EMP-0038,EMP-0024,2026-07-09 08:00:00,Shrinkage,92,-1,91,-21.91,Shrinkage,,False,
ADJ-0000471,PH-002,PRD-00740,EMP-0044,EMP-0024,2026-07-26 13:00:00,Cycle Count,6,2,8,54.98,Cycle Count,,False,
ADJ-0000472,PH-002,PRD-00041,EMP-0030,EMP-0024,2026-07-04 08:00:00,Cycle Count,31,1,32,6.97,Cycle Count,,False,
ADJ-0000473,PH-002,PRD-00179,EMP-0023,EMP-0025,2026-07-25 13:00:00,Cycle Count,7,1,8,34.32,Cycle Count,,False,
ADJ-0000474,PH-002,PRD-00385,EMP-0040,EMP-0025,2026-07-27 10:00:00,Shrinkage,20,-2,18,-66.48,Shrinkage,,False,
ADJ-0000475,PH-002,PRD-00335,EMP-0041,EMP-0024,2026-07-09 20:00:00,Shrinkage,98,-1,97,-25.49,Shrinkage,,False,
ADJ-0000476,PH-002,PRD-00153,EMP-0039,EMP-0035,2026-07-20 12:00:00,Shrinkage,73,-3,70,-4.11,Shrinkage,,False,
ADJ-0000477,PH-002,PRD-00633,EMP-0040,EMP-0034,2026-07-05 17:00:00,Cycle Count,61,3,64,37.53,Cycle Count,,False,
ADJ-0000478,PH-002,PRD-00409,EMP-0043,EMP-0023,2026-07-09 16:00:00,Cycle Count,97,1,98,30.89,Cycle Count,,False,
ADJ-0000479,PH-002,PRD-00690,EMP-0030,EMP-0035,2026-07-11 10:00:00,Shrinkage,34,-1,33,-31.2,Shrinkage,,False,
ADJ-0000480,PH-002,PRD-00294,EMP-0037,EMP-0023,2026-07-22 20:00:00,Shrinkage,22,-1,21,-19.05,Shrinkage,,False,
ADJ-0000481,PH-002,PRD-00646,EMP-0025,EMP-0035,2026-07-23 08:00:00,Cycle Count,35,1,36,23.23,Cycle Count,,False,
ADJ-0000482,PH-002,PRD-00744,EMP-0025,EMP-0034,2026-07-13 17:00:00,Cycle Count,43,3,46,68.04,Cycle Count,,False,
ADJ-0000483,PH-002,PRD-00518,EMP-0037,EMP-0034,2026-07-28 16:00:00,Cycle Count,38,1,39,18.49,Cycle Count,,False,
ADJ-0000484,PH-002,PRD-00771,EMP-0041,EMP-0024,2026-07-20 17:00:00,Cycle Count,68,1,69,16.43,Cycle Count,,False,
ADJ-0000485,PH-002,PRD-00006,EMP-0041,EMP-0035,2026-07-10 18:00:00,Shrinkage,39,-1,38,-25.28,Shrinkage,,False,
ADJ-0000486,PH-002,PRD-00058,EMP-0031,EMP-0025,2026-07-09 10:00:00,Shrinkage,95,-3,92,-99.96,Shrinkage,,False,
ADJ-0000487,PH-002,PRD-00722,EMP-0038,EMP-0035,2026-07-09 10:00:00,Shrinkage,36,-3,33,-54.93,Shrinkage,,False,
ADJ-0000488,PH-002,PRD-00165,EMP-0041,EMP-0034,2026-07-18 09:00:00,Shrinkage,51,-3,48,-64.8,Shrinkage,,False,
ADJ-0000489,PH-002,PRD-00049,EMP-0034,EMP-0024,2026-07-21 18:00:00,Cycle Count,91,3,94,86.73,Cycle Count,,False,
ADJ-0000490,PH-002,PRD-00206,EMP-0043,EMP-0023,2026-07-01 12:00:00,Cycle Count,91,3,94,59.58,Cycle Count,,False,
ADJ-0000491,PH-002,PRD-00419,EMP-0028,EMP-0035,2026-07-06 12:00:00,Shrinkage,53,-2,51,-58.88,Shrinkage,,False,
ADJ-0000492,PH-002,PRD-00037,EMP-0025,EMP-0035,2026-07-18 17:00:00,Cycle Count,85,1,86,31.74,Cycle Count,,False,
ADJ-0000493,PH-002,PRD-00255,EMP-0041,EMP-0023,2026-07-13 21:00:00,Cycle Count,1,2,3,56.62,Cycle Count,,False,
ADJ-0000494,PH-002,PRD-00701,EMP-0040,EMP-0024,2026-07-21 09:00:00,Cycle Count,24,2,26,10.22,Cycle Count,,False,
ADJ-0000495,PH-002,PRD-00589,EMP-0027,EMP-0034,2026-07-18 13:00:00,Shrinkage,2,-2,0,-50.5,Shrinkage,,False,
ADJ-0000496,PH-002,PRD-00349,EMP-0033,EMP-0034,2026-07-03 13:00:00,Shrinkage,37,-3,34,-102.45,Shrinkage,,False,
ADJ-0000497,PH-002,PRD-00798,EMP-0043,EMP-0034,2026-07-31 14:00:00,Cycle Count,56,1,57,1.94,Cycle Count,,False,
ADJ-0000498,PH-002,PRD-00477,EMP-0043,EMP-0035,2026-07-12 21:00:00,Cycle Count,78,3,81,103.08,Cycle Count,,False,
ADJ-0000499,PH-002,PRD-00344,EMP-0038,EMP-0024,2026-07-02 21:00:00,Cycle Count,54,1,55,22.47,Cycle Count,,False,
ADJ-0000500,PH-002,PRD-00369,EMP-0032,EMP-0024,2026-07-18 08:00:00,Shrinkage,7,-3,4,-98.58,Shrinkage,,False,
ADJ-0000501,PH-002,PRD-00195,EMP-0034,EMP-0035,2026-07-27 18:00:00,Shrinkage,68,-1,67,-21.92,Shrinkage,,False,
ADJ-0000502,PH-002,PRD-00093,EMP-0033,EMP-0034,2026-07-05 19:00:00,Cycle Count,12,3,15,10.35,Cycle Count,,False,
ADJ-0000503,PH-002,PRD-00598,EMP-0040,EMP-0024,2026-07-30 17:00:00,Cycle Count,91,2,93,35.74,Cycle Count,,False,
ADJ-0000504,PH-002,PRD-00320,EMP-0030,EMP-0023,2026-07-02 14:00:00,Shrinkage,52,-1,51,-10.66,Shrinkage,,False,
ADJ-0000505,PH-002,PRD-00751,EMP-0035,EMP-0035,2026-07-26 16:00:00,Shrinkage,15,-3,12,-68.37,Shrinkage,,False,
ADJ-0000506,PH-002,PRD-00677,EMP-0028,EMP-0023,2026-07-14 13:00:00,Shrinkage,27,-2,25,-39.88,Shrinkage,,False,
ADJ-0000507,PH-002,PRD-00297,EMP-0039,EMP-0034,2026-07-29 13:00:00,Cycle Count,41,2,43,8.26,Cycle Count,,False,
ADJ-0000508,PH-002,PRD-00277,EMP-0037,EMP-0024,2026-07-17 21:00:00,Shrinkage,76,-1,75,-29.47,Shrinkage,,False,
ADJ-0000509,PH-002,PRD-00629,EMP-0040,EMP-0035,2026-07-05 14:00:00,Shrinkage,62,-3,59,-82.05,Shrinkage,,False,
ADJ-0000510,PH-002,PRD-00170,EMP-0028,EMP-0025,2026-07-31 15:00:00,Cycle Count,8,1,9,25.85,Cycle Count,,False,
ADJ-0000511,PH-002,PRD-00148,EMP-0033,EMP-0035,2026-07-31 13:00:00,Shrinkage,14,-3,11,-19.98,Shrinkage,,False,
ADJ-0000512,PH-002,PRD-00184,EMP-0025,EMP-0023,2026-07-17 08:00:00,Shrinkage,75,-3,72,-29.16,Shrinkage,,False,
ADJ-0000513,PH-002,PRD-00085,EMP-0043,EMP-0035,2026-07-22 08:00:00,Shrinkage,52,-3,49,-26.25,Shrinkage,,False,
ADJ-0000514,PH-002,PRD-00284,EMP-0031,EMP-0024,2026-07-15 10:00:00,Shrinkage,40,-3,37,-82.32,Shrinkage,,False,
ADJ-0000515,PH-002,PRD-00658,EMP-0038,EMP-0024,2026-07-20 18:00:00,Shrinkage,26,-3,23,-49.65,Shrinkage,,False,
ADJ-0000516,PH-003,PRD-00497,EMP-0061,EMP-0056,2026-07-22 08:00:00,Cycle Count,9,1,10,19.86,Cycle Count,,False,
ADJ-0000517,PH-003,PRD-00136,EMP-0052,EMP-0047,2026-07-12 14:00:00,Shrinkage,0,0,0,0.0,Shrinkage,,False,
ADJ-0000518,PH-003,PRD-00600,EMP-0061,EMP-0047,2026-07-14 18:00:00,Cycle Count,16,1,17,7.36,Cycle Count,,False,
ADJ-0000519,PH-003,PRD-00107,EMP-0055,EMP-0046,2026-07-11 15:00:00,Shrinkage,51,-1,50,-11.17,Shrinkage,,False,
ADJ-0000520,PH-003,PRD-00521,EMP-0051,EMP-0057,2026-07-02 08:00:00,Shrinkage,16,-1,15,-18.44,Shrinkage,,False,
ADJ-0000521,PH-003,PRD-00755,EMP-0062,EMP-0047,2026-07-09 17:00:00,Cycle Count,0,3,3,49.11,Cycle Count,,False,
ADJ-0000522,PH-003,PRD-00644,EMP-0062,EMP-0057,2026-07-04 18:00:00,Cycle Count,64,2,66,30.72,Cycle Count,,False,
ADJ-0000523,PH-003,PRD-00584,EMP-0056,EMP-0057,2026-07-31 17:00:00,Shrinkage,4,-3,1,-40.65,Shrinkage,,False,
ADJ-0000524,PH-003,PRD-00073,EMP-0053,EMP-0046,2026-07-04 16:00:00,Shrinkage,19,-2,17,-37.04,Shrinkage,,False,
ADJ-0000525,PH-003,PRD-00761,EMP-0066,EMP-0057,2026-07-29 18:00:00,Shrinkage,60,-3,57,-23.43,Shrinkage,,False,
ADJ-0000526,PH-003,PRD-00505,EMP-0048,EMP-0047,2026-07-26 10:00:00,Shrinkage,63,-3,60,-65.64,Shrinkage,,False,
ADJ-0000527,PH-003,PRD-00582,EMP-0053,EMP-0056,2026-07-30 13:00:00,Shrinkage,69,-3,66,-3.33,Shrinkage,,False,
ADJ-0000528,PH-003,PRD-00191,EMP-0052,EMP-0047,2026-07-19 11:00:00,Cycle Count,76,3,79,87.69,Cycle Count,,False,
ADJ-0000529,PH-003,PRD-00037,EMP-0052,EMP-0045,2026-07-02 12:00:00,Shrinkage,80,-2,78,-63.48,Shrinkage,,False,
ADJ-0000530,PH-003,PRD-00174,EMP-0059,EMP-0047,2026-07-16 13:00:00,Shrinkage,90,-3,87,-90.84,Shrinkage,,False,
ADJ-0000531,PH-003,PRD-00499,EMP-0060,EMP-0045,2026-07-12 10:00:00,Cycle Count,75,3,78,65.79,Cycle Count,,False,
ADJ-0000532,PH-003,PRD-00400,EMP-0057,EMP-0046,2026-07-17 15:00:00,Cycle Count,21,2,23,62.8,Cycle Count,,False,
ADJ-0000533,PH-003,PRD-00328,EMP-0057,EMP-0046,2026-07-08 21:00:00,Cycle Count,9,1,10,7.68,Cycle Count,,False,
ADJ-0000534,PH-003,PRD-00327,EMP-0048,EMP-0057,2026-07-01 13:00:00,Cycle Count,23,1,24,22.2,Cycle Count,,False,
ADJ-0000535,PH-003,PRD-00542,EMP-0050,EMP-0047,2026-07-01 09:00:00,Shrinkage,25,-2,23,-33.8,Shrinkage,,False,
ADJ-0000536,PH-003,PRD-00367,EMP-0062,EMP-0045,2026-07-14 15:00:00,Shrinkage,82,-1,81,-30.02,Shrinkage,,False,
ADJ-0000537,PH-003,PRD-00048,EMP-0065,EMP-0056,2026-07-10 20:00:00,Shrinkage,34,-3,31,-37.92,Shrinkage,,False,
ADJ-0000538,PH-003,PRD-00494,EMP-0055,EMP-0046,2026-07-07 12:00:00,Cycle Count,40,1,41,1.0,Cycle Count,,False,
ADJ-0000539,PH-003,PRD-00042,EMP-0046,EMP-0047,2026-07-29 13:00:00,Cycle Count,56,1,57,26.51,Cycle Count,,False,
ADJ-0000540,PH-003,PRD-00722,EMP-0058,EMP-0057,2026-07-27 21:00:00,Shrinkage,2,-2,0,-36.62,Shrinkage,,False,
ADJ-0000541,PH-003,PRD-00696,EMP-0061,EMP-0057,2026-07-10 14:00:00,Shrinkage,73,-1,72,-11.45,Shrinkage,,False,
ADJ-0000542,PH-003,PRD-00663,EMP-0053,EMP-0056,2026-07-01 13:00:00,Shrinkage,58,-2,56,-27.58,Shrinkage,,False,
ADJ-0000543,PH-003,PRD-00165,EMP-0048,EMP-0046,2026-07-04 14:00:00,Cycle Count,14,1,15,21.6,Cycle Count,,False,
ADJ-0000544,PH-003,PRD-00428,EMP-0057,EMP-0047,2026-07-06 20:00:00,Shrinkage,99,-1,98,-20.72,Shrinkage,,False,
ADJ-0000545,PH-003,PRD-00415,EMP-0061,EMP-0056,2026-07-29 08:00:00,Cycle Count,35,2,37,6.0,Cycle Count,,False,
ADJ-0000546,PH-003,PRD-00035,EMP-0046,EMP-0057,2026-07-04 15:00:00,Cycle Count,39,2,41,62.68,Cycle Count,,False,
ADJ-0000547,PH-003,PRD-00343,EMP-0050,EMP-0047,2026-07-05 08:00:00,Cycle Count,64,2,66,22.72,Cycle Count,,False,
ADJ-0000548,PH-003,PRD-00145,EMP-0051,EMP-0046,2026-07-24 20:00:00,Shrinkage,49,-3,46,-9.87,Shrinkage,,False,
ADJ-0000549,PH-003,PRD-00369,EMP-0065,EMP-0057,2026-07-23 15:00:00,Shrinkage,20,-2,18,-65.72,Shrinkage,,False,
ADJ-0000550,PH-003,PRD-00731,EMP-0046,EMP-0056,2026-07-09 17:00:00,Cycle Count,87,3,90,42.33,Cycle Count,,False,
ADJ-0000551,PH-003,PRD-00131,EMP-0047,EMP-0047,2026-07-03 10:00:00,Cycle Count,89,3,92,18.42,Cycle Count,,False,
ADJ-0000552,PH-003,PRD-00694,EMP-0057,EMP-0046,2026-07-24 13:00:00,Cycle Count,71,3,74,34.23,Cycle Count,,False,
ADJ-0000553,PH-003,PRD-00741,EMP-0064,EMP-0046,2026-07-22 21:00:00,Cycle Count,27,2,29,13.68,Cycle Count,,False,
ADJ-0000554,PH-003,PRD-00109,EMP-0065,EMP-0046,2026-07-31 12:00:00,Cycle Count,34,3,37,44.19,Cycle Count,,False,
ADJ-0000555,PH-003,PRD-00564,EMP-0055,EMP-0057,2026-07-07 18:00:00,Cycle Count,19,2,21,13.82,Cycle Count,,False,
ADJ-0000556,PH-003,PRD-00777,EMP-0064,EMP-0056,2026-07-21 15:00:00,Cycle Count,87,2,89,28.52,Cycle Count,,False,
ADJ-0000557,PH-003,PRD-00748,EMP-0064,EMP-0057,2026-07-02 17:00:00,Cycle Count,46,1,47,26.8,Cycle Count,,False,
ADJ-0000558,PH-003,PRD-00539,EMP-0050,EMP-0047,2026-07-01 20:00:00,Cycle Count,29,1,30,20.53,Cycle Count,,False,
ADJ-0000559,PH-003,PRD-00794,EMP-0061,EMP-0057,2026-07-17 20:00:00,Shrinkage,56,-3,53,-60.54,Shrinkage,,False,
ADJ-0000560,PH-003,PRD-00115,EMP-0051,EMP-0045,2026-07-11 16:00:00,Shrinkage,49,-3,46,-62.76,Shrinkage,,False,
ADJ-0000561,PH-003,PRD-00759,EMP-0052,EMP-0046,2026-07-16 11:00:00,Shrinkage,3,-3,0,-97.35,Shrinkage,,False,
ADJ-0000562,PH-003,PRD-00552,EMP-0065,EMP-0056,2026-07-07 11:00:00,Shrinkage,63,-3,60,-51.78,Shrinkage,,False,
ADJ-0000563,PH-003,PRD-00127,EMP-0048,EMP-0056,2026-07-30 10:00:00,Cycle Count,39,3,42,102.39,Cycle Count,,False,
ADJ-0000564,PH-003,PRD-00429,EMP-0062,EMP-0047,2026-07-22 15:00:00,Cycle Count,99,1,100,18.13,Cycle Count,,False,
ADJ-0000565,PH-003,PRD-00349,EMP-0051,EMP-0056,2026-07-25 15:00:00,Shrinkage,33,-3,30,-102.45,Shrinkage,,False,
ADJ-0000566,PH-003,PRD-00162,EMP-0062,EMP-0045,2026-07-12 16:00:00,Shrinkage,25,-1,24,-17.94,Shrinkage,,False,
ADJ-0000567,PH-003,PRD-00706,EMP-0065,EMP-0046,2026-07-17 11:00:00,Shrinkage,47,-1,46,-27.17,Shrinkage,,False,
ADJ-0000568,PH-003,PRD-00195,EMP-0054,EMP-0045,2026-07-10 15:00:00,Cycle Count,12,3,15,65.76,Cycle Count,,False,
ADJ-0000569,PH-003,PRD-00408,EMP-0053,EMP-0045,2026-07-02 11:00:00,Cycle Count,22,1,23,5.88,Cycle Count,,False,
ADJ-0000570,PH-003,PRD-00764,EMP-0061,EMP-0047,2026-07-11 13:00:00,Shrinkage,43,-3,40,-24.78,Shrinkage,,False,
ADJ-0000571,PH-003,PRD-00537,EMP-0064,EMP-0045,2026-07-12 21:00:00,Shrinkage,89,-1,88,-9.44,Shrinkage,,False,
ADJ-0000572,PH-003,PRD-00474,EMP-0048,EMP-0046,2026-07-16 10:00:00,Cycle Count,21,1,22,32.12,Cycle Count,,False,
ADJ-0000573,PH-003,PRD-00637,EMP-0053,EMP-0056,2026-07-22 18:00:00,Cycle Count,77,3,80,9.09,Cycle Count,,False,
ADJ-0000574,PH-003,PRD-00310,EMP-0048,EMP-0056,2026-07-11 11:00:00,Shrinkage,71,-3,68,-45.72,Shrinkage,,False,
ADJ-0000575,PH-003,PRD-00388,EMP-0062,EMP-0045,2026-07-04 17:00:00,Shrinkage,40,-1,39,-22.66,Shrinkage,,False,
ADJ-0000576,PH-003,PRD-00513,EMP-0062,EMP-0057,2026-07-05 16:00:00,Shrinkage,72,-2,70,-29.26,Shrinkage,,False,
ADJ-0000577,PH-003,PRD-00031,EMP-0048,EMP-0046,2026-07-17 10:00:00,Shrinkage,19,-2,17,-36.98,Shrinkage,,False,
ADJ-0000578,PH-003,PRD-00605,EMP-0049,EMP-0046,2026-07-14 21:00:00,Shrinkage,50,-2,48,-48.3,Shrinkage,,False,
ADJ-0000579,PH-003,PRD-00300,EMP-0056,EMP-0047,2026-07-21 08:00:00,Shrinkage,47,-1,46,-27.61,Shrinkage,,False,
ADJ-0000580,PH-003,PRD-00032,EMP-0063,EMP-0046,2026-07-16 08:00:00,Shrinkage,39,-3,36,-56.82,Shrinkage,,False,
ADJ-0000581,PH-003,PRD-00634,EMP-0054,EMP-0056,2026-07-23 12:00:00,Cycle Count,64,3,67,57.54,Cycle Count,,False,
ADJ-0000582,PH-003,PRD-00500,EMP-0046,EMP-0057,2026-07-21 10:00:00,Shrinkage,81,-1,80,-11.07,Shrinkage,,False,
ADJ-0000583,PH-003,PRD-00014,EMP-0049,EMP-0047,2026-07-04 11:00:00,Cycle Count,7,2,9,39.34,Cycle Count,,False,
ADJ-0000584,PH-003,PRD-00598,EMP-0052,EMP-0045,2026-07-13 14:00:00,Shrinkage,45,-3,42,-53.61,Shrinkage,,False,
ADJ-0000585,PH-003,PRD-00114,EMP-0045,EMP-0057,2026-07-08 15:00:00,Shrinkage,25,-3,22,-27.99,Shrinkage,,False,
ADJ-0000586,PH-003,PRD-00710,EMP-0057,EMP-0057,2026-07-09 09:00:00,Cycle Count,66,3,69,43.77,Cycle Count,,False,
ADJ-0000587,PH-003,PRD-00275,EMP-0066,EMP-0057,2026-07-25 17:00:00,Cycle Count,96,2,98,40.32,Cycle Count,,False,
ADJ-0000588,PH-003,PRD-00680,EMP-0066,EMP-0047,2026-07-21 11:00:00,Cycle Count,4,2,6,34.32,Cycle Count,,False,
ADJ-0000589,PH-003,PRD-00059,EMP-0051,EMP-0045,2026-07-11 10:00:00,Cycle Count,79,2,81,21.8,Cycle Count,,False,
ADJ-0000590,PH-003,PRD-00458,EMP-0048,EMP-0047,2026-07-13 11:00:00,Cycle Count,44,2,46,46.36,Cycle Count,,False,
ADJ-0000591,PH-003,PRD-00580,EMP-0045,EMP-0045,2026-07-01 16:00:00,Shrinkage,37,-1,36,-19.22,Shrinkage,,False,
ADJ-0000592,PH-003,PRD-00593,EMP-0050,EMP-0045,2026-07-30 09:00:00,Cycle Count,41,2,43,18.44,Cycle Count,,False,
ADJ-0000593,PH-003,PRD-00653,EMP-0061,EMP-0047,2026-07-20 16:00:00,Shrinkage,34,-2,32,-13.62,Shrinkage,,False,
ADJ-0000594,PH-003,PRD-00603,EMP-0060,EMP-0057,2026-07-18 16:00:00,Cycle Count,69,1,70,28.82,Cycle Count,,False,
ADJ-0000595,PH-003,PRD-00796,EMP-0045,EMP-0056,2026-07-15 15:00:00,Shrinkage,54,-3,51,-31.56,Shrinkage,,False,
ADJ-0000596,PH-003,PRD-00638,EMP-0062,EMP-0046,2026-07-27 21:00:00,Cycle Count,35,3,38,41.97,Cycle Count,,False,
ADJ-0000597,PH-003,PRD-00616,EMP-0059,EMP-0057,2026-07-06 20:00:00,Shrinkage,73,-2,71,-64.94,Shrinkage,,False,
ADJ-0000598,PH-003,PRD-00334,EMP-0045,EMP-0056,2026-07-12 17:00:00,Cycle Count,18,3,21,68.16,Cycle Count,,False,
ADJ-0000599,PH-003,PRD-00374,EMP-0055,EMP-0056,2026-07-29 09:00:00,Shrinkage,63,-1,62,-7.58,Shrinkage,,False,
ADJ-0000600,PH-003,PRD-00688,EMP-0048,EMP-0045,2026-07-28 10:00:00,Shrinkage,57,-3,54,-86.73,Shrinkage,,False,
ADJ-0000601,PH-003,PRD-00308,EMP-0057,EMP-0056,2026-07-03 21:00:00,Shrinkage,66,-3,63,-84.51,Shrinkage,,False,
ADJ-0000602,PH-003,PRD-00384,EMP-0061,EMP-0056,2026-07-11 18:00:00,Shrinkage,44,-1,43,-33.01,Shrinkage,,False,
ADJ-0000603,PH-003,PRD-00098,EMP-0052,EMP-0045,2026-07-18 08:00:00,Shrinkage,18,-1,17,-17.76,Shrinkage,,False,
ADJ-0000604,PH-003,PRD-00223,EMP-0047,EMP-0057,2026-07-24 09:00:00,Shrinkage,84,-2,82,-65.54,Shrinkage,,False,
ADJ-0000605,PH-003,PRD-00100,EMP-0059,EMP-0056,2026-07-30 18:00:00,Shrinkage,66,-1,65,-2.1,Shrinkage,,False,
ADJ-0000606,PH-003,PRD-00697,EMP-0065,EMP-0057,2026-07-09 21:00:00,Cycle Count,80,3,83,11.79,Cycle Count,,False,
ADJ-0000607,PH-003,PRD-00046,EMP-0052,EMP-0045,2026-07-14 11:00:00,Cycle Count,4,3,7,4.89,Cycle Count,,False,
ADJ-0000608,PH-003,PRD-00431,EMP-0066,EMP-0057,2026-07-17 16:00:00,Shrinkage,36,-2,34,-16.72,Shrinkage,,False,
ADJ-0000609,PH-003,PRD-00506,EMP-0058,EMP-0047,2026-07-28 11:00:00,Cycle Count,57,2,59,6.52,Cycle Count,,False,
ADJ-0000610,PH-003,PRD-00585,EMP-0052,EMP-0047,2026-07-19 16:00:00,Cycle Count,10,3,13,68.64,Cycle Count,,False,
ADJ-0000611,PH-003,PRD-00541,EMP-0047,EMP-0056,2026-07-09 17:00:00,Cycle Count,29,3,32,65.34,Cycle Count,,False,
ADJ-0000612,PH-003,PRD-00425,EMP-0046,EMP-0045,2026-07-24 08:00:00,Shrinkage,33,-3,30,-36.81,Shrinkage,,False,
ADJ-0000613,PH-003,PRD-00381,EMP-0065,EMP-0046,2026-07-11 21:00:00,Cycle Count,65,3,68,6.15,Cycle Count,,False,
ADJ-0000614,PH-003,PRD-00203,EMP-0050,EMP-0046,2026-07-30 15:00:00,Shrinkage,44,-1,43,-5.34,Shrinkage,,False,
ADJ-0000615,PH-003,PRD-00466,EMP-0052,EMP-0046,2026-07-18 11:00:00,Shrinkage,35,-3,32,-81.09,Shrinkage,,False,
ADJ-0000616,PH-003,PRD-00721,EMP-0051,EMP-0046,2026-07-29 15:00:00,Shrinkage,99,-2,97,-38.44,Shrinkage,,False,
ADJ-0000617,PH-003,PRD-00382,EMP-0059,EMP-0057,2026-07-23 11:00:00,Shrinkage,79,-3,76,-96.57,Shrinkage,,False,
ADJ-0000618,PH-003,PRD-00204,EMP-0050,EMP-0045,2026-07-01 18:00:00,Shrinkage,39,-3,36,-60.84,Shrinkage,,False,
ADJ-0000619,PH-003,PRD-00716,EMP-0063,EMP-0056,2026-07-28 12:00:00,Shrinkage,83,-3,80,-64.35,Shrinkage,,False,
ADJ-0000620,PH-003,PRD-00373,EMP-0053,EMP-0046,2026-07-15 12:00:00,Cycle Count,16,2,18,35.68,Cycle Count,,False,
ADJ-0000621,PH-003,PRD-00597,EMP-0064,EMP-0057,2026-07-07 19:00:00,Shrinkage,65,-3,62,-61.95,Shrinkage,,False,
ADJ-0000622,PH-003,PRD-00245,EMP-0059,EMP-0046,2026-07-30 08:00:00,Shrinkage,82,-1,81,-10.19,Shrinkage,,False,
ADJ-0000623,PH-003,PRD-00303,EMP-0052,EMP-0045,2026-07-14 14:00:00,Cycle Count,2,1,3,28.07,Cycle Count,,False,
ADJ-0000624,PH-003,PRD-00758,EMP-0047,EMP-0056,2026-07-26 08:00:00,Cycle Count,44,2,46,9.78,Cycle Count,,False,
ADJ-0000625,PH-003,PRD-00583,EMP-0066,EMP-0047,2026-07-08 18:00:00,Cycle Count,62,1,63,33.18,Cycle Count,,False,
ADJ-0000626,PH-003,PRD-00207,EMP-0051,EMP-0046,2026-07-26 10:00:00,Shrinkage,72,-3,69,-16.32,Shrinkage,,False,
ADJ-0000627,PH-003,PRD-00208,EMP-0048,EMP-0056,2026-07-02 21:00:00,Shrinkage,94,-2,92,-23.32,Shrinkage,,False,
ADJ-0000628,PH-003,PRD-00393,EMP-0066,EMP-0046,2026-07-18 17:00:00,Shrinkage,22,-3,19,-32.55,Shrinkage,,False,
ADJ-0000629,PH-003,PRD-00757,EMP-0065,EMP-0045,2026-07-07 11:00:00,Cycle Count,79,1,80,19.45,Cycle Count,,False,
ADJ-0000630,PH-003,PRD-00543,EMP-0054,EMP-0057,2026-07-12 17:00:00,Shrinkage,97,-1,96,-2.04,Shrinkage,,False,
ADJ-0000631,PH-003,PRD-00672,EMP-0057,EMP-0045,2026-07-01 21:00:00,Cycle Count,62,1,63,21.71,Cycle Count,,False,
ADJ-0000632,PH-003,PRD-00566,EMP-0047,EMP-0046,2026-07-01 17:00:00,Shrinkage,3,-3,0,-53.58,Shrinkage,,False,
ADJ-0000633,PH-003,PRD-00163,EMP-0046,EMP-0046,2026-07-21 19:00:00,Shrinkage,25,-1,24,-23.01,Shrinkage,,False,
ADJ-0000634,PH-003,PRD-00632,EMP-0059,EMP-0056,2026-07-20 18:00:00,Cycle Count,19,3,22,40.65,Cycle Count,,False,
ADJ-0000635,PH-003,PRD-00302,EMP-0053,EMP-0056,2026-07-09 14:00:00,Cycle Count,56,3,59,97.8,Cycle Count,,False,
ADJ-0000636,PH-003,PRD-00167,EMP-0060,EMP-0046,2026-07-11 13:00:00,Cycle Count,77,3,80,61.35,Cycle Count,,False,
ADJ-0000637,PH-003,PRD-00652,EMP-0050,EMP-0045,2026-07-03 11:00:00,Cycle Count,18,2,20,29.48,Cycle Count,,False,
ADJ-0000638,PH-003,PRD-00515,EMP-0046,EMP-0057,2026-07-27 11:00:00,Shrinkage,89,-1,88,-3.85,Shrinkage,,False,
ADJ-0000639,PH-003,PRD-00747,EMP-0057,EMP-0056,2026-07-06 15:00:00,Shrinkage,37,-1,36,-14.47,Shrinkage,,False,
ADJ-0000640,PH-003,PRD-00083,EMP-0052,EMP-0047,2026-07-01 09:00:00,Cycle Count,68,3,71,32.94,Cycle Count,,False,
ADJ-0000641,PH-003,PRD-00426,EMP-0063,EMP-0057,2026-07-10 20:00:00,Shrinkage,61,-3,58,-55.41,Shrinkage,,False,
ADJ-0000642,PH-003,PRD-00701,EMP-0063,EMP-0046,2026-07-01 08:00:00,Cycle Count,41,1,42,5.11,Cycle Count,,False,
ADJ-0000643,PH-003,PRD-00607,EMP-0055,EMP-0056,2026-07-11 11:00:00,Cycle Count,73,2,75,34.74,Cycle Count,,False,
ADJ-0000644,PH-003,PRD-00532,EMP-0057,EMP-0046,2026-07-13 13:00:00,Shrinkage,63,-3,60,-40.32,Shrinkage,,False,
ADJ-0000645,PH-003,PRD-00281,EMP-0049,EMP-0056,2026-07-17 20:00:00,Cycle Count,74,2,76,1.86,Cycle Count,,False,
ADJ-0000646,PH-003,PRD-00053,EMP-0051,EMP-0045,2026-07-01 19:00:00,Cycle Count,60,2,62,25.8,Cycle Count,,False,
ADJ-0000647,PH-003,PRD-00589,EMP-0064,EMP-0047,2026-07-09 18:00:00,Shrinkage,41,-1,40,-25.25,Shrinkage,,False,
ADJ-0000648,PH-003,PRD-00692,EMP-0062,EMP-0057,2026-07-02 10:00:00,Cycle Count,14,1,15,6.14,Cycle Count,,False,
ADJ-0000649,PH-003,PRD-00518,EMP-0065,EMP-0047,2026-07-29 10:00:00,Shrinkage,3,-1,2,-18.49,Shrinkage,,False,
ADJ-0000650,PH-003,PRD-00403,EMP-0061,EMP-0056,2026-07-23 16:00:00,Shrinkage,9,-1,8,-19.71,Shrinkage,,False,
ADJ-0000651,PH-003,PRD-00394,EMP-0056,EMP-0047,2026-07-08 17:00:00,Cycle Count,14,3,17,9.96,Cycle Count,,False,
ADJ-0000652,PH-003,PRD-00154,EMP-0065,EMP-0057,2026-07-22 18:00:00,Cycle Count,42,1,43,3.39,Cycle Count,,False,
ADJ-0000653,PH-003,PRD-00640,EMP-0051,EMP-0046,2026-07-17 14:00:00,Cycle Count,51,3,54,36.51,Cycle Count,,False,
ADJ-0000654,PH-003,PRD-00193,EMP-0060,EMP-0057,2026-07-25 18:00:00,Cycle Count,21,2,23,7.9,Cycle Count,,False,
ADJ-0000655,PH-003,PRD-00457,EMP-0045,EMP-0056,2026-07-25 19:00:00,Cycle Count,95,1,96,34.09,Cycle Count,,False,
ADJ-0000656,PH-003,PRD-00111,EMP-0048,EMP-0057,2026-07-10 15:00:00,Shrinkage,16,-1,15,-10.2,Shrinkage,,False,
ADJ-0000657,PH-003,PRD-00277,EMP-0054,EMP-0046,2026-07-11 15:00:00,Cycle Count,66,3,69,88.41,Cycle Count,,False,
ADJ-0000658,PH-003,PRD-00724,EMP-0064,EMP-0056,2026-07-23 13:00:00,Shrinkage,81,-1,80,-20.37,Shrinkage,,False,
ADJ-0000659,PH-003,PRD-00588,EMP-0045,EMP-0046,2026-07-06 13:00:00,Cycle Count,68,1,69,1.41,Cycle Count,,False,
ADJ-0000660,PH-003,PRD-00262,EMP-0061,EMP-0057,2026-07-22 13:00:00,Shrinkage,83,-1,82,-26.08,Shrinkage,,False,
ADJ-0000661,PH-003,PRD-00261,EMP-0048,EMP-0047,2026-07-18 08:00:00,Cycle Count,72,2,74,17.26,Cycle Count,,False,
ADJ-0000662,PH-003,PRD-00514,EMP-0057,EMP-0046,2026-07-25 09:00:00,Shrinkage,10,-3,7,-39.84,Shrinkage,,False,
ADJ-0000663,PH-003,PRD-00237,EMP-0062,EMP-0045,2026-07-15 18:00:00,Cycle Count,67,1,68,15.88,Cycle Count,,False,
ADJ-0000664,PH-003,PRD-00739,EMP-0049,EMP-0057,2026-07-22 13:00:00,Shrinkage,43,-3,40,-50.22,Shrinkage,,False,
ADJ-0000665,PH-003,PRD-00699,EMP-0050,EMP-0056,2026-07-20 19:00:00,Cycle Count,63,2,65,14.06,Cycle Count,,False,
ADJ-0000666,PH-003,PRD-00438,EMP-0059,EMP-0056,2026-07-29 17:00:00,Cycle Count,35,1,36,33.29,Cycle Count,,False,
ADJ-0000667,PH-003,PRD-00168,EMP-0048,EMP-0056,2026-07-18 19:00:00,Shrinkage,92,-3,89,-45.06,Shrinkage,,False,
ADJ-0000668,PH-003,PRD-00025,EMP-0063,EMP-0046,2026-07-23 16:00:00,Cycle Count,10,1,11,23.52,Cycle Count,,False,
ADJ-0000669,PH-003,PRD-00370,EMP-0063,EMP-0056,2026-07-20 13:00:00,Cycle Count,4,2,6,31.88,Cycle Count,,False,
ADJ-0000670,PH-003,PRD-00253,EMP-0054,EMP-0047,2026-07-05 09:00:00,Cycle Count,21,3,24,56.7,Cycle Count,,False,
ADJ-0000671,PH-003,PRD-00664,EMP-0050,EMP-0045,2026-07-05 14:00:00,Shrinkage,38,-1,37,-2.51,Shrinkage,,False,
ADJ-0000672,PH-003,PRD-00348,EMP-0048,EMP-0056,2026-07-28 21:00:00,Cycle Count,54,3,57,77.55,Cycle Count,,False,
ADJ-0000673,PH-003,PRD-00504,EMP-0050,EMP-0057,2026-07-05 17:00:00,Shrinkage,89,-1,88,-31.7,Shrinkage,,False,
ADJ-0000674,PH-003,PRD-00137,EMP-0050,EMP-0057,2026-07-26 11:00:00,Shrinkage,18,-2,16,-60.56,Shrinkage,,False,
ADJ-0000675,PH-003,PRD-00033,EMP-0051,EMP-0047,2026-07-28 08:00:00,Shrinkage,75,-3,72,-94.44,Shrinkage,,False,
ADJ-0000676,PH-003,PRD-00159,EMP-0045,EMP-0047,2026-07-19 09:00:00,Shrinkage,90,-2,88,-56.38,Shrinkage,,False,
ADJ-0000677,PH-003,PRD-00099,EMP-0066,EMP-0047,2026-07-11 12:00:00,Cycle Count,67,2,69,14.52,Cycle Count,,False,
ADJ-0000678,PH-003,PRD-00508,EMP-0054,EMP-0046,2026-07-08 13:00:00,Cycle Count,32,1,33,12.0,Cycle Count,,False,
ADJ-0000679,PH-003,PRD-00177,EMP-0061,EMP-0045,2026-07-24 08:00:00,Shrinkage,91,-2,89,-23.5,Shrinkage,,False,
ADJ-0000680,PH-003,PRD-00182,EMP-0048,EMP-0057,2026-07-14 13:00:00,Cycle Count,80,3,83,47.85,Cycle Count,,False,
ADJ-0000681,PH-003,PRD-00166,EMP-0060,EMP-0047,2026-07-05 17:00:00,Cycle Count,77,1,78,22.63,Cycle Count,,False,
ADJ-0000682,PH-003,PRD-00092,EMP-0063,EMP-0057,2026-07-29 11:00:00,Shrinkage,19,-2,17,-26.06,Shrinkage,,False,
ADJ-0000683,PH-003,PRD-00756,EMP-0064,EMP-0046,2026-07-08 20:00:00,Cycle Count,27,2,29,16.6,Cycle Count,,False,
ADJ-0000684,PH-003,PRD-00430,EMP-0046,EMP-0046,2026-07-05 12:00:00,Cycle Count,49,3,52,78.39,Cycle Count,,False,
ADJ-0000685,PH-003,PRD-00523,EMP-0057,EMP-0046,2026-07-26 19:00:00,Shrinkage,68,-2,66,-26.32,Shrinkage,,False,
ADJ-0000686,PH-003,PRD-00454,EMP-0057,EMP-0056,2026-07-31 08:00:00,Shrinkage,80,-2,78,-28.96,Shrinkage,,False,
ADJ-0000687,PH-003,PRD-00673,EMP-0046,EMP-0057,2026-07-28 15:00:00,Shrinkage,31,-2,29,-42.92,Shrinkage,,False,
ADJ-0000688,PH-003,PRD-00432,EMP-0063,EMP-0045,2026-07-15 12:00:00,Shrinkage,68,-3,65,-49.89,Shrinkage,,False,
ADJ-0000689,PH-003,PRD-00385,EMP-0063,EMP-0057,2026-07-15 13:00:00,Cycle Count,86,2,88,66.48,Cycle Count,,False,
ADJ-0000690,PH-003,PRD-00742,EMP-0058,EMP-0057,2026-07-19 15:00:00,Cycle Count,26,3,29,57.81,Cycle Count,,False,
ADJ-0000691,PH-003,PRD-00090,EMP-0055,EMP-0047,2026-07-13 09:00:00,Shrinkage,47,-1,46,-8.79,Shrinkage,,False,
ADJ-0000692,PH-003,PRD-00633,EMP-0056,EMP-0045,2026-07-17 15:00:00,Shrinkage,36,-2,34,-25.02,Shrinkage,,False,
ADJ-0000693,PH-003,PRD-00161,EMP-0050,EMP-0057,2026-07-26 08:00:00,Cycle Count,2,2,4,66.32,Cycle Count,,False,
ADJ-0000694,PH-003,PRD-00252,EMP-0057,EMP-0056,2026-07-30 12:00:00,Shrinkage,37,-3,34,-90.36,Shrinkage,,False,
ADJ-0000695,PH-003,PRD-00752,EMP-0056,EMP-0056,2026-07-02 15:00:00,Cycle Count,83,3,86,83.19,Cycle Count,,False,
ADJ-0000696,PH-003,PRD-00071,EMP-0047,EMP-0045,2026-07-02 18:00:00,Cycle Count,16,1,17,21.23,Cycle Count,,False,
ADJ-0000697,PH-003,PRD-00799,EMP-0066,EMP-0057,2026-07-12 16:00:00,Shrinkage,19,-2,17,-9.82,Shrinkage,,False,
ADJ-0000698,PH-003,PRD-00019,EMP-0056,EMP-0057,2026-07-01 14:00:00,Cycle Count,38,3,41,43.2,Cycle Count,,False,
ADJ-0000699,PH-003,PRD-00105,EMP-0063,EMP-0045,2026-07-10 13:00:00,Shrinkage,42,-3,39,-13.38,Shrinkage,,False,
ADJ-0000700,PH-003,PRD-00763,EMP-0058,EMP-0057,2026-07-06 20:00:00,Cycle Count,61,1,62,0.91,Cycle Count,,False,
ADJ-0000701,PH-003,PRD-00522,EMP-0052,EMP-0046,2026-07-29 11:00:00,Cycle Count,10,1,11,15.82,Cycle Count,,False,
ADJ-0000702,PH-003,PRD-00615,EMP-0046,EMP-0045,2026-07-31 14:00:00,Cycle Count,5,3,8,80.76,Cycle Count,,False,
ADJ-0000703,PH-003,PRD-00631,EMP-0049,EMP-0047,2026-07-28 17:00:00,Shrinkage,39,-1,38,-28.89,Shrinkage,,False,
ADJ-0000704,PH-003,PRD-00444,EMP-0056,EMP-0047,2026-07-10 21:00:00,Cycle Count,25,3,28,70.26,Cycle Count,,False,
ADJ-0000705,PH-003,PRD-00095,EMP-0052,EMP-0045,2026-07-09 15:00:00,Shrinkage,65,-2,63,-66.24,Shrinkage,,False,
ADJ-0000706,PH-003,PRD-00052,EMP-0065,EMP-0056,2026-07-05 11:00:00,Shrinkage,94,-1,93,-20.27,Shrinkage,,False,
ADJ-0000707,PH-003,PRD-00175,EMP-0047,EMP-0047,2026-07-29 20:00:00,Cycle Count,2,2,4,52.42,Cycle Count,,False,
ADJ-0000708,PH-003,PRD-00379,EMP-0066,EMP-0047,2026-07-15 09:00:00,Shrinkage,42,-3,39,-20.34,Shrinkage,,False,
ADJ-0000709,PH-003,PRD-00246,EMP-0066,EMP-0046,2026-07-11 09:00:00,Cycle Count,97,2,99,17.98,Cycle Count,,False,
ADJ-0000710,PH-003,PRD-00461,EMP-0063,EMP-0056,2026-07-04 16:00:00,Cycle Count,3,2,5,59.86,Cycle Count,,False,
ADJ-0000711,PH-003,PRD-00004,EMP-0059,EMP-0045,2026-07-22 09:00:00,Cycle Count,85,1,86,21.13,Cycle Count,,False,
ADJ-0000712,PH-003,PRD-00639,EMP-0050,EMP-0057,2026-07-17 19:00:00,Shrinkage,33,-3,30,-11.28,Shrinkage,,False,
ADJ-0000713,PH-003,PRD-00321,EMP-0057,EMP-0056,2026-07-27 08:00:00,Shrinkage,99,-2,97,-60.9,Shrinkage,,False,
ADJ-0000714,PH-003,PRD-00259,EMP-0056,EMP-0045,2026-07-25 14:00:00,Cycle Count,100,1,101,26.84,Cycle Count,,False,
ADJ-0000715,PH-003,PRD-00273,EMP-0052,EMP-0047,2026-07-13 18:00:00,Cycle Count,64,1,65,31.55,Cycle Count,,False,
ADJ-0000716,PH-003,PRD-00553,EMP-0054,EMP-0056,2026-07-06 18:00:00,Shrinkage,78,-1,77,-33.47,Shrinkage,,False,
ADJ-0000717,PH-003,PRD-00412,EMP-0049,EMP-0047,2026-07-16 19:00:00,Cycle Count,72,2,74,20.7,Cycle Count,,False,
ADJ-0000718,PH-003,PRD-00783,EMP-0048,EMP-0045,2026-07-30 21:00:00,Shrinkage,75,-3,72,-66.0,Shrinkage,,False,
ADJ-0000719,PH-003,PRD-00121,EMP-0053,EMP-0056,2026-07-22 11:00:00,Shrinkage,93,-1,92,-12.36,Shrinkage,,False,
ADJ-0000720,PH-003,PRD-00134,EMP-0046,EMP-0057,2026-07-21 16:00:00,Cycle Count,29,2,31,2.02,Cycle Count,,False,
ADJ-0000721,PH-003,PRD-00751,EMP-0059,EMP-0046,2026-07-30 14:00:00,Shrinkage,56,-3,53,-68.37,Shrinkage,,False,
ADJ-0000722,PH-003,PRD-00453,EMP-0065,EMP-0056,2026-07-19 20:00:00,Cycle Count,41,3,44,94.17,Cycle Count,,False,
ADJ-0000723,PH-003,PRD-00340,EMP-0056,EMP-0057,2026-07-18 19:00:00,Cycle Count,76,3,79,15.81,Cycle Count,,False,
ADJ-0000724,PH-003,PRD-00610,EMP-0057,EMP-0045,2026-07-06 15:00:00,Shrinkage,51,-2,49,-5.5,Shrinkage,,False,
ADJ-0000725,PH-003,PRD-00649,EMP-0063,EMP-0045,2026-07-18 14:00:00,Shrinkage,81,-3,78,-21.24,Shrinkage,,False,
ADJ-0000726,PH-003,PRD-00287,EMP-0050,EMP-0046,2026-07-16 15:00:00,Cycle Count,27,3,30,22.35,Cycle Count,,False,
ADJ-0000727,PH-003,PRD-00387,EMP-0046,EMP-0047,2026-07-30 09:00:00,Cycle Count,9,1,10,33.25,Cycle Count,,False,
ADJ-0000728,PH-003,PRD-00082,EMP-0053,EMP-0056,2026-07-13 08:00:00,Shrinkage,72,-2,70,-54.42,Shrinkage,,False,
ADJ-0000729,PH-003,PRD-00364,EMP-0051,EMP-0056,2026-07-22 17:00:00,Cycle Count,49,3,52,101.37,Cycle Count,,False,
ADJ-0000730,PH-003,PRD-00326,EMP-0064,EMP-0056,2026-07-25 21:00:00,Shrinkage,5,-1,4,-20.54,Shrinkage,,False,
ADJ-0000731,PH-003,PRD-00192,EMP-0054,EMP-0046,2026-07-25 08:00:00,Cycle Count,10,2,12,62.8,Cycle Count,,False,
ADJ-0000732,PH-003,PRD-00284,EMP-0046,EMP-0057,2026-07-10 20:00:00,Shrinkage,4,-1,3,-27.44,Shrinkage,,False,
ADJ-0000733,PH-003,PRD-00441,EMP-0063,EMP-0046,2026-07-18 08:00:00,Shrinkage,9,-1,8,-34.84,Shrinkage,,False,
ADJ-0000734,PH-003,PRD-00411,EMP-0053,EMP-0047,2026-07-26 09:00:00,Shrinkage,26,-3,23,-26.67,Shrinkage,,False,
ADJ-0000735,PH-003,PRD-00791,EMP-0060,EMP-0056,2026-07-07 09:00:00,Cycle Count,30,3,33,97.98,Cycle Count,,False,
ADJ-0000736,PH-003,PRD-00648,EMP-0060,EMP-0045,2026-07-20 12:00:00,Cycle Count,46,1,47,26.29,Cycle Count,,False,
ADJ-0000737,PH-003,PRD-00359,EMP-0050,EMP-0046,2026-07-05 12:00:00,Cycle Count,91,1,92,34.06,Cycle Count,,False,
ADJ-0000738,PH-003,PRD-00728,EMP-0065,EMP-0047,2026-07-14 12:00:00,Shrinkage,0,0,0,0.0,Shrinkage,,False,
ADJ-0000739,PH-003,PRD-00226,EMP-0066,EMP-0046,2026-07-10 21:00:00,Cycle Count,7,3,10,92.34,Cycle Count,,False,
ADJ-0000740,PH-003,PRD-00789,EMP-0062,EMP-0046,2026-07-31 21:00:00,Cycle Count,99,3,102,42.39,Cycle Count,,False,
ADJ-0000741,PH-003,PRD-00230,EMP-0045,EMP-0056,2026-07-17 18:00:00,Cycle Count,63,3,66,71.01,Cycle Count,,False,
ADJ-0000742,PH-003,PRD-00629,EMP-0063,EMP-0056,2026-07-06 21:00:00,Cycle Count,73,2,75,54.7,Cycle Count,,False,
ADJ-0000743,PH-003,PRD-00533,EMP-0052,EMP-0047,2026-07-11 08:00:00,Cycle Count,1,2,3,56.62,Cycle Count,,False,
ADJ-0000744,PH-003,PRD-00258,EMP-0060,EMP-0047,2026-07-31 08:00:00,Shrinkage,65,-3,62,-68.91,Shrinkage,,False,
ADJ-0000745,PH-003,PRD-00240,EMP-0065,EMP-0057,2026-07-07 08:00:00,Shrinkage,21,-1,20,-2.93,Shrinkage,,False,
ADJ-0000746,PH-003,PRD-00463,EMP-0065,EMP-0047,2026-07-25 09:00:00,Cycle Count,18,1,19,28.19,Cycle Count,,False,
ADJ-0000747,PH-003,PRD-00447,EMP-0055,EMP-0046,2026-07-28 17:00:00,Shrinkage,21,-1,20,-21.91,Shrinkage,,False,
ADJ-0000748,PH-003,PRD-00007,EMP-0054,EMP-0046,2026-07-01 14:00:00,Cycle Count,5,3,8,49.35,Cycle Count,,False,
ADJ-0000749,PH-003,PRD-00234,EMP-0064,EMP-0045,2026-07-27 17:00:00,Cycle Count,97,2,99,32.66,Cycle Count,,False,
ADJ-0000750,PH-003,PRD-00104,EMP-0058,EMP-0057,2026-07-05 08:00:00,Shrinkage,86,-3,83,-3.69,Shrinkage,,False,
ADJ-0000751,PH-003,PRD-00351,EMP-0064,EMP-0045,2026-07-22 16:00:00,Cycle Count,37,1,38,9.13,Cycle Count,,False,
ADJ-0000752,PH-003,PRD-00578,EMP-0059,EMP-0057,2026-07-14 16:00:00,Cycle Count,66,2,68,20.96,Cycle Count,,False,
ADJ-0000753,PH-003,PRD-00402,EMP-0052,EMP-0047,2026-07-08 17:00:00,Cycle Count,64,3,67,17.79,Cycle Count,,False,
ADJ-0000754,PH-003,PRD-00146,EMP-0055,EMP-0057,2026-07-03 11:00:00,Shrinkage,51,-3,48,-65.43,Shrinkage,,False,
ADJ-0000755,PH-003,PRD-00488,EMP-0049,EMP-0047,2026-07-07 15:00:00,Cycle Count,27,3,30,58.77,Cycle Count,,False,
ADJ-0000756,PH-003,PRD-00187,EMP-0050,EMP-0057,2026-07-11 12:00:00,Shrinkage,6,-1,5,-8.43,Shrinkage,,False,
ADJ-0000757,PH-003,PRD-00085,EMP-0053,EMP-0046,2026-07-31 10:00:00,Cycle Count,31,1,32,8.75,Cycle Count,,False,
ADJ-0000758,PH-003,PRD-00460,EMP-0059,EMP-0047,2026-07-31 20:00:00,Shrinkage,95,-3,92,-68.16,Shrinkage,,False,
ADJ-0000759,PH-003,PRD-00209,EMP-0066,EMP-0057,2026-07-06 12:00:00,Shrinkage,65,-2,63,-37.96,Shrinkage,,False,
ADJ-0000760,PH-003,PRD-00691,EMP-0048,EMP-0057,2026-07-30 21:00:00,Cycle Count,12,2,14,23.48,Cycle Count,,False,
ADJ-0000761,PH-003,PRD-00346,EMP-0046,EMP-0056,2026-07-12 11:00:00,Cycle Count,62,2,64,52.3,Cycle Count,,False,
ADJ-0000762,PH-003,PRD-00702,EMP-0048,EMP-0046,2026-07-08 17:00:00,Cycle Count,46,3,49,49.62,Cycle Count,,False,
ADJ-0000763,PH-003,PRD-00241,EMP-0055,EMP-0046,2026-07-28 20:00:00,Shrinkage,36,-1,35,-27.09,Shrinkage,,False,
ADJ-0000764,PH-003,PRD-00088,EMP-0049,EMP-0047,2026-07-11 12:00:00,Cycle Count,10,1,11,27.52,Cycle Count,,False,
ADJ-0000765,PH-003,PRD-00754,EMP-0046,EMP-0047,2026-07-06 20:00:00,Shrinkage,81,-3,78,-6.96,Shrinkage,,False,
ADJ-0000766,PH-003,PRD-00285,EMP-0054,EMP-0056,2026-07-29 08:00:00,Shrinkage,90,-2,88,-13.12,Shrinkage,,False,
ADJ-0000767,PH-003,PRD-00179,EMP-0054,EMP-0045,2026-07-08 13:00:00,Cycle Count,33,1,34,34.32,Cycle Count,,False,
ADJ-0000768,PH-003,PRD-00329,EMP-0051,EMP-0045,2026-07-18 18:00:00,Cycle Count,26,1,27,13.09,Cycle Count,,False,
ADJ-0000769,PH-003,PRD-00323,EMP-0066,EMP-0057,2026-07-12 15:00:00,Shrinkage,20,-2,18,-55.94,Shrinkage,,False,
ADJ-0000770,PH-003,PRD-00180,EMP-0060,EMP-0056,2026-07-15 13:00:00,Cycle Count,45,2,47,59.64,Cycle Count,,False,
ADJ-0000771,PH-003,PRD-00524,EMP-0055,EMP-0057,2026-07-29 21:00:00,Cycle Count,75,3,78,51.72,Cycle Count,,False,
ADJ-0000772,PH-003,PRD-00417,EMP-0065,EMP-0046,2026-07-07 18:00:00,Cycle Count,77,3,80,22.71,Cycle Count,,False,
ADJ-0000773,PH-003,PRD-00620,EMP-0057,EMP-0057,2026-07-11 16:00:00,Shrinkage,85,-3,82,-60.87,Shrinkage,,False,
ADJ-0000774,PH-003,PRD-00604,EMP-0055,EMP-0056,2026-07-20 12:00:00,Shrinkage,37,-1,36,-30.1,Shrinkage,,False,
ADJ-0000775,PH-003,PRD-00066,EMP-0045,EMP-0045,2026-07-29 14:00:00,Cycle Count,24,3,27,20.1,Cycle Count,,False,
ADJ-0000776,PH-003,PRD-00479,EMP-0052,EMP-0046,2026-07-15 12:00:00,Cycle Count,19,2,21,37.3,Cycle Count,,False,
ADJ-0000777,PH-003,PRD-00427,EMP-0051,EMP-0056,2026-07-09 19:00:00,Shrinkage,66,-3,63,-76.35,Shrinkage,,False,
ADJ-0000778,PH-003,PRD-00274,EMP-0056,EMP-0056,2026-07-26 18:00:00,Cycle Count,5,3,8,79.53,Cycle Count,,False,
ADJ-0000779,PH-003,PRD-00079,EMP-0047,EMP-0047,2026-07-19 14:00:00,Cycle Count,80,3,83,34.17,Cycle Count,,False,
ADJ-0000780,PH-004,PRD-00113,EMP-0078,EMP-0068,2026-07-01 17:00:00,Cycle Count,49,2,51,57.2,Cycle Count,,False,
ADJ-0000781,PH-004,PRD-00261,EMP-0076,EMP-0079,2026-07-08 12:00:00,Cycle Count,18,3,21,25.89,Cycle Count,,False,
ADJ-0000782,PH-004,PRD-00583,EMP-0069,EMP-0068,2026-07-18 13:00:00,Shrinkage,0,0,0,0.0,Shrinkage,,False,
ADJ-0000783,PH-004,PRD-00744,EMP-0085,EMP-0068,2026-07-06 17:00:00,Shrinkage,20,-1,19,-22.68,Shrinkage,,False,
ADJ-0000784,PH-004,PRD-00354,EMP-0077,EMP-0068,2026-07-26 16:00:00,Shrinkage,69,-1,68,-33.43,Shrinkage,,False,
ADJ-0000785,PH-004,PRD-00159,EMP-0078,EMP-0069,2026-07-23 14:00:00,Shrinkage,64,-2,62,-56.38,Shrinkage,,False,
ADJ-0000786,PH-004,PRD-00777,EMP-0073,EMP-0067,2026-07-31 13:00:00,Shrinkage,27,-3,24,-42.78,Shrinkage,,False,
ADJ-0000787,PH-004,PRD-00268,EMP-0081,EMP-0069,2026-07-18 21:00:00,Expiration,85,0,85,0.0,Expiration,,True,Expired inventory
ADJ-0000788,PH-004,PRD-00637,EMP-0086,EMP-0078,2026-07-17 19:00:00,Cycle Count,85,1,86,3.03,Cycle Count,,False,
ADJ-0000789,PH-004,PRD-00312,EMP-0077,EMP-0078,2026-07-06 11:00:00,Shrinkage,4,-2,2,-14.86,Shrinkage,,False,
ADJ-0000790,PH-004,PRD-00700,EMP-0077,EMP-0068,2026-07-04 20:00:00,Cycle Count,69,1,70,17.03,Cycle Count,,False,
ADJ-0000791,PH-004,PRD-00642,EMP-0086,EMP-0068,2026-07-21 15:00:00,Cycle Count,97,3,100,99.27,Cycle Count,,False,
ADJ-0000792,PH-004,PRD-00471,EMP-0067,EMP-0068,2026-07-23 19:00:00,Expiration,57,2,59,67.0,Expiration,,True,Expired inventory
ADJ-0000793,PH-004,PRD-00051,EMP-0083,EMP-0079,2026-07-29 21:00:00,Shrinkage,32,-3,29,-63.12,Shrinkage,,False,
ADJ-0000794,PH-004,PRD-00243,EMP-0085,EMP-0067,2026-07-03 13:00:00,Shrinkage,92,-3,89,-104.28,Shrinkage,,False,
ADJ-0000795,PH-004,PRD-00625,EMP-0073,EMP-0078,2026-07-03 12:00:00,Cycle Count,60,3,63,71.46,Cycle Count,,False,
ADJ-0000796,PH-004,PRD-00729,EMP-0084,EMP-0069,2026-07-27 12:00:00,Shrinkage,23,-3,20,-76.86,Shrinkage,,False,
ADJ-0000797,PH-004,PRD-00519,EMP-0083,EMP-0078,2026-07-27 17:00:00,Shrinkage,11,-1,10,-4.29,Shrinkage,,False,
ADJ-0000798,PH-004,PRD-00411,EMP-0081,EMP-0068,2026-07-11 21:00:00,Shrinkage,59,-1,58,-8.89,Shrinkage,,False,
ADJ-0000799,PH-004,PRD-00031,EMP-0085,EMP-0078,2026-07-06 16:00:00,Cycle Count,40,3,43,55.47,Cycle Count,,False,
ADJ-0000800,PH-004,PRD-00697,EMP-0083,EMP-0078,2026-07-13 14:00:00,Cycle Count,2,1,3,3.93,Cycle Count,,False,
ADJ-0000801,PH-004,PRD-00597,EMP-0080,EMP-0078,2026-07-24 15:00:00,Shrinkage,59,-2,57,-41.3,Shrinkage,,False,
ADJ-0000802,PH-004,PRD-00172,EMP-0088,EMP-0068,2026-07-04 14:00:00,Cycle Count,15,2,17,50.54,Cycle Count,,False,
ADJ-0000803,PH-004,PRD-00504,EMP-0087,EMP-0068,2026-07-01 20:00:00,Cycle Count,58,3,61,95.1,Cycle Count,,False,
ADJ-0000804,PH-004,PRD-00712,EMP-0086,EMP-0069,2026-07-24 21:00:00,Shrinkage,1,-1,0,-20.96,Shrinkage,,False,
ADJ-0000805,PH-004,PRD-00793,EMP-0075,EMP-0079,2026-07-22 20:00:00,Shrinkage,86,-3,83,-83.1,Shrinkage,,False,
ADJ-0000806,PH-004,PRD-00205,EMP-0088,EMP-0079,2026-07-13 15:00:00,Cycle Count,48,1,49,29.02,Cycle Count,,False,
ADJ-0000807,PH-004,PRD-00661,EMP-0086,EMP-0067,2026-07-11 14:00:00,Shrinkage,90,-1,89,-24.44,Shrinkage,,False,
ADJ-0000808,PH-004,PRD-00429,EMP-0072,EMP-0067,2026-07-07 21:00:00,Shrinkage,56,-1,55,-18.13,Shrinkage,,False,
ADJ-0000809,PH-004,PRD-00208,EMP-0088,EMP-0067,2026-07-13 21:00:00,Cycle Count,21,3,24,34.98,Cycle Count,,False,
ADJ-0000810,PH-004,PRD-00382,EMP-0081,EMP-0068,2026-07-07 14:00:00,Cycle Count,64,2,66,64.38,Cycle Count,,False,
ADJ-0000811,PH-004,PRD-00152,EMP-0080,EMP-0067,2026-07-19 17:00:00,Shrinkage,13,-1,12,-13.65,Shrinkage,,False,
ADJ-0000812,PH-004,PRD-00714,EMP-0076,EMP-0068,2026-07-11 08:00:00,Cycle Count,4,3,7,104.73,Cycle Count,,False,
ADJ-0000813,PH-004,PRD-00377,EMP-0072,EMP-0068,2026-07-01 21:00:00,Shrinkage,41,-3,38,-81.03,Shrinkage,,False,
ADJ-0000814,PH-004,PRD-00615,EMP-0086,EMP-0069,2026-07-06 12:00:00,Cycle Count,81,2,83,53.84,Cycle Count,,False,
ADJ-0000815,PH-004,PRD-00696,EMP-0067,EMP-0069,2026-07-18 19:00:00,Shrinkage,38,-1,37,-11.45,Shrinkage,,False,
ADJ-0000816,PH-004,PRD-00315,EMP-0074,EMP-0069,2026-07-27 20:00:00,Shrinkage,2,-1,1,-9.93,Shrinkage,,False,
ADJ-0000817,PH-004,PRD-00122,EMP-0070,EMP-0078,2026-07-02 19:00:00,Shrinkage,74,-3,71,-28.44,Shrinkage,,True,Expired inventory
ADJ-0000818,PH-004,PRD-00784,EMP-0082,EMP-0069,2026-07-02 15:00:00,Shrinkage,18,-3,15,-50.07,Shrinkage,,False,
ADJ-0000819,PH-004,PRD-00025,EMP-0068,EMP-0079,2026-07-13 11:00:00,Cycle Count,87,2,89,47.04,Cycle Count,,False,
ADJ-0000820,PH-004,PRD-00511,EMP-0068,EMP-0069,2026-07-05 17:00:00,Expiration,68,2,70,13.54,Expiration,,True,Expired inventory
ADJ-0000821,PH-004,PRD-00539,EMP-0076,EMP-0069,2026-07-18 12:00:00,Cycle Count,2,3,5,61.59,Cycle Count,,False,
ADJ-0000822,PH-004,PRD-00313,EMP-0071,EMP-0069,2026-07-12 18:00:00,Cycle Count,42,2,44,59.04,Cycle Count,,False,
ADJ-0000823,PH-004,PRD-00269,EMP-0067,EMP-0068,2026-07-07 16:00:00,Shrinkage,34,-3,31,-60.3,Shrinkage,,False,
ADJ-0000824,PH-004,PRD-00522,EMP-0073,EMP-0078,2026-07-29 21:00:00,Cycle Count,91,3,94,47.46,Cycle Count,,False,
ADJ-0000825,PH-004,PRD-00107,EMP-0075,EMP-0079,2026-07-01 20:00:00,Cycle Count,17,1,18,11.17,Cycle Count,,False,
ADJ-0000826,PH-004,PRD-00273,EMP-0073,EMP-0078,2026-07-14 21:00:00,Expiration,47,2,49,63.1,Expiration,,True,Expired inventory
ADJ-0000827,PH-004,PRD-00284,EMP-0078,EMP-0078,2026-07-18 11:00:00,Cycle Count,92,2,94,54.88,Cycle Count,,False,
ADJ-0000828,PH-004,PRD-00705,EMP-0078,EMP-0078,2026-07-14 15:00:00,Cycle Count,49,3,52,12.27,Cycle Count,,False,
ADJ-0000829,PH-004,PRD-00671,EMP-0081,EMP-0079,2026-07-15 15:00:00,Cycle Count,16,3,19,16.08,Cycle Count,,False,
ADJ-0000830,PH-004,PRD-00358,EMP-0088,EMP-0069,2026-07-18 11:00:00,Shrinkage,16,-1,15,-29.83,Shrinkage,,False,
ADJ-0000831,PH-004,PRD-00085,EMP-0074,EMP-0069,2026-07-12 08:00:00,Shrinkage,20,-3,17,-26.25,Shrinkage,,False,
ADJ-0000832,PH-004,PRD-00631,EMP-0088,EMP-0069,2026-07-10 13:00:00,Cycle Count,25,2,27,57.78,Cycle Count,,False,
ADJ-0000833,PH-004,PRD-00195,EMP-0070,EMP-0079,2026-07-16 14:00:00,Shrinkage,48,-2,46,-43.84,Shrinkage,,True,Expired inventory
ADJ-0000834,PH-004,PRD-00183,EMP-0086,EMP-0067,2026-07-15 15:00:00,Cycle Count,22,3,25,27.9,Cycle Count,,False,
ADJ-0000835,PH-004,PRD-00536,EMP-0078,EMP-0079,2026-07-10 21:00:00,Shrinkage,12,-1,11,-7.79,Shrinkage,,False,
ADJ-0000836,PH-004,PRD-00573,EMP-0077,EMP-0078,2026-07-08 15:00:00,Cycle Count,90,2,92,12.6,Cycle Count,,False,
ADJ-0000837,PH-004,PRD-00012,EMP-0068,EMP-0068,2026-07-06 14:00:00,Cycle Count,61,1,62,0.87,Cycle Count,,False,
ADJ-0000838,PH-004,PRD-00048,EMP-0068,EMP-0069,2026-07-04 16:00:00,Cycle Count,9,2,11,25.28,Cycle Count,,False,
ADJ-0000839,PH-004,PRD-00304,EMP-0072,EMP-0068,2026-07-12 14:00:00,Shrinkage,72,-1,71,-31.0,Shrinkage,,False,
ADJ-0000840,PH-004,PRD-00352,EMP-0077,EMP-0068,2026-07-23 11:00:00,Shrinkage,13,-3,10,-78.36,Shrinkage,,False,
ADJ-0000841,PH-004,PRD-00547,EMP-0080,EMP-0079,2026-07-05 16:00:00,Cycle Count,20,3,23,22.83,Cycle Count,,False,
ADJ-0000842,PH-004,PRD-00587,EMP-0083,EMP-0078,2026-07-25 09:00:00,Shrinkage,70,-1,69,-7.0,Shrinkage,,False,
ADJ-0000843,PH-004,PRD-00157,EMP-0081,EMP-0078,2026-07-20 16:00:00,Cycle Count,46,1,47,10.51,Cycle Count,,False,
ADJ-0000844,PH-004,PRD-00593,EMP-0080,EMP-0069,2026-07-28 08:00:00,Cycle Count,76,2,78,18.44,Cycle Count,,False,
ADJ-0000845,PH-004,PRD-00788,EMP-0085,EMP-0068,2026-07-17 20:00:00,Cycle Count,87,1,88,13.36,Cycle Count,,False,
ADJ-0000846,PH-004,PRD-00416,EMP-0081,EMP-0068,2026-07-22 20:00:00,Shrinkage,86,-2,84,-61.44,Shrinkage,,False,
ADJ-0000847,PH-004,PRD-00294,EMP-0075,EMP-0078,2026-07-01 15:00:00,Shrinkage,61,-3,58,-57.15,Shrinkage,,False,
ADJ-0000848,PH-004,PRD-00437,EMP-0074,EMP-0067,2026-07-16 20:00:00,Shrinkage,16,-2,14,-29.14,Shrinkage,,False,
ADJ-0000849,PH-004,PRD-00420,EMP-0088,EMP-0069,2026-07-18 12:00:00,Cycle Count,47,3,50,89.97,Cycle Count,,False,
ADJ-0000850,PH-004,PRD-00711,EMP-0088,EMP-0067,2026-07-24 13:00:00,Shrinkage,67,-1,66,-19.93,Shrinkage,,False,
ADJ-0000851,PH-004,PRD-00335,EMP-0074,EMP-0069,2026-07-27 19:00:00,Shrinkage,88,-2,86,-50.98,Shrinkage,,False,
ADJ-0000852,PH-004,PRD-00638,EMP-0084,EMP-0067,2026-07-23 20:00:00,Shrinkage,25,-1,24,-13.99,Shrinkage,,False,
ADJ-0000853,PH-004,PRD-00196,EMP-0068,EMP-0069,2026-07-28 18:00:00,Cycle Count,0,1,1,28.31,Cycle Count,,False,
ADJ-0000854,PH-004,PRD-00275,EMP-0087,EMP-0069,2026-07-06 12:00:00,Cycle Count,8,2,10,40.32,Cycle Count,,False,
ADJ-0000855,PH-004,PRD-00475,EMP-0084,EMP-0067,2026-07-07 18:00:00,Shrinkage,46,-1,45,-14.89,Shrinkage,,False,
ADJ-0000856,PH-004,PRD-00648,EMP-0086,EMP-0078,2026-07-15 11:00:00,Shrinkage,64,-3,61,-78.87,Shrinkage,,False,
ADJ-0000857,PH-004,PRD-00206,EMP-0078,EMP-0079,2026-07-16 21:00:00,Cycle Count,71,2,73,39.72,Cycle Count,,False,
ADJ-0000858,PH-004,PRD-00667,EMP-0084,EMP-0069,2026-07-22 20:00:00,Expiration,56,1,57,21.34,Expiration,,True,Expired inventory
ADJ-0000859,PH-004,PRD-00007,EMP-0084,EMP-0079,2026-07-04 18:00:00,Shrinkage,16,-2,14,-32.9,Shrinkage,,True,Expired inventory
ADJ-0000860,PH-004,PRD-00776,EMP-0088,EMP-0078,2026-07-19 16:00:00,Shrinkage,76,-1,75,-32.05,Shrinkage,,False,
ADJ-0000861,PH-004,PRD-00332,EMP-0068,EMP-0078,2026-07-02 17:00:00,Shrinkage,66,-3,63,-86.22,Shrinkage,,False,
ADJ-0000862,PH-004,PRD-00580,EMP-0088,EMP-0079,2026-07-30 21:00:00,Shrinkage,55,-1,54,-19.22,Shrinkage,,False,
ADJ-0000863,PH-004,PRD-00001,EMP-0085,EMP-0078,2026-07-31 10:00:00,Cycle Count,79,2,81,69.0,Cycle Count,,False,
ADJ-0000864,PH-004,PRD-00785,EMP-0074,EMP-0078,2026-07-22 11:00:00,Shrinkage,78,-2,76,-17.84,Shrinkage,,False,
ADJ-0000865,PH-004,PRD-00657,EMP-0070,EMP-0068,2026-07-19 09:00:00,Cycle Count,56,3,59,55.29,Cycle Count,,False,
ADJ-0000866,PH-004,PRD-00412,EMP-0073,EMP-0069,2026-07-23 14:00:00,Cycle Count,41,1,42,10.35,Cycle Count,,False,
ADJ-0000867,PH-004,PRD-00373,EMP-0076,EMP-0067,2026-07-19 19:00:00,Shrinkage,79,-2,77,-35.68,Shrinkage,,False,
ADJ-0000868,PH-004,PRD-00436,EMP-0082,EMP-0069,2026-07-12 13:00:00,Cycle Count,42,3,45,80.46,Cycle Count,,False,
ADJ-0000869,PH-004,PRD-00598,EMP-0068,EMP-0079,2026-07-24 19:00:00,Shrinkage,93,-1,92,-17.87,Shrinkage,,False,
ADJ-0000870,PH-004,PRD-00343,EMP-0087,EMP-0069,2026-07-19 17:00:00,Cycle Count,30,2,32,22.72,Cycle Count,,False,
ADJ-0000871,PH-004,PRD-00202,EMP-0081,EMP-0069,2026-07-29 14:00:00,Cycle Count,67,2,69,41.46,Cycle Count,,False,
ADJ-0000872,PH-004,PRD-00765,EMP-0077,EMP-0069,2026-07-07 08:00:00,Cycle Count,37,3,40,72.66,Cycle Count,,False,
ADJ-0000873,PH-004,PRD-00611,EMP-0072,EMP-0079,2026-07-26 15:00:00,Cycle Count,1,1,2,4.08,Cycle Count,,False,
ADJ-0000874,PH-004,PRD-00666,EMP-0072,EMP-0069,2026-07-20 13:00:00,Cycle Count,12,1,13,21.57,Cycle Count,,False,
ADJ-0000875,PH-004,PRD-00415,EMP-0076,EMP-0068,2026-07-28 09:00:00,Cycle Count,51,1,52,3.0,Cycle Count,,False,
ADJ-0000876,PH-004,PRD-00686,EMP-0083,EMP-0079,2026-07-07 08:00:00,Cycle Count,93,2,95,27.14,Cycle Count,,False,
ADJ-0000877,PH-004,PRD-00606,EMP-0081,EMP-0079,2026-07-03 18:00:00,Shrinkage,59,-1,58,-4.53,Shrinkage,,False,
ADJ-0000878,PH-004,PRD-00215,EMP-0084,EMP-0067,2026-07-13 21:00:00,Shrinkage,12,-1,11,-11.5,Shrinkage,,True,Expired inventory
ADJ-0000879,PH-004,PRD-00561,EMP-0087,EMP-0068,2026-07-29 14:00:00,Expiration,90,3,93,49.53,Expiration,,True,Expired inventory
ADJ-0000880,PH-004,PRD-00578,EMP-0067,EMP-0067,2026-07-24 10:00:00,Shrinkage,43,-3,40,-31.44,Shrinkage,,False,
ADJ-0000881,PH-004,PRD-00326,EMP-0083,EMP-0078,2026-07-18 21:00:00,Shrinkage,83,-1,82,-20.54,Shrinkage,,False,
ADJ-0000882,PH-004,PRD-00508,EMP-0083,EMP-0068,2026-07-11 14:00:00,Shrinkage,71,-2,69,-24.0,Shrinkage,,False,
ADJ-0000883,PH-004,PRD-00151,EMP-0078,EMP-0067,2026-07-21 18:00:00,Shrinkage,71,-2,69,-11.18,Shrinkage,,False,
ADJ-0000884,PH-004,PRD-00732,EMP-0084,EMP-0067,2026-07-25 14:00:00,Shrinkage,55,-1,54,-23.99,Shrinkage,,False,
ADJ-0000885,PH-004,PRD-00751,EMP-0081,EMP-0069,2026-07-12 19:00:00,Shrinkage,51,-3,48,-68.37,Shrinkage,,False,
ADJ-0000886,PH-004,PRD-00501,EMP-0077,EMP-0078,2026-07-26 10:00:00,Cycle Count,82,3,85,57.06,Cycle Count,,False,
ADJ-0000887,PH-004,PRD-00727,EMP-0087,EMP-0067,2026-07-14 08:00:00,Shrinkage,52,-2,50,-19.4,Shrinkage,,False,
ADJ-0000888,PH-004,PRD-00052,EMP-0069,EMP-0067,2026-07-21 15:00:00,Cycle Count,94,3,97,60.81,Cycle Count,,False,
ADJ-0000889,PH-004,PRD-00728,EMP-0073,EMP-0079,2026-07-11 10:00:00,Cycle Count,60,2,62,42.3,Cycle Count,,False,
ADJ-0000890,PH-004,PRD-00320,EMP-0081,EMP-0078,2026-07-19 15:00:00,Shrinkage,49,-2,47,-21.32,Shrinkage,,False,
ADJ-0000891,PH-004,PRD-00341,EMP-0088,EMP-0068,2026-07-20 13:00:00,Cycle Count,74,3,77,3.96,Cycle Count,,False,
ADJ-0000892,PH-004,PRD-00557,EMP-0067,EMP-0069,2026-07-19 16:00:00,Expiration,100,0,100,0.0,Expiration,,True,Expired inventory
ADJ-0000893,PH-004,PRD-00336,EMP-0087,EMP-0069,2026-07-18 15:00:00,Shrinkage,62,-1,61,-31.46,Shrinkage,,False,
ADJ-0000894,PH-004,PRD-00773,EMP-0081,EMP-0068,2026-07-30 19:00:00,Cycle Count,17,3,20,24.84,Cycle Count,,False,
ADJ-0000895,PH-004,PRD-00628,EMP-0075,EMP-0067,2026-07-09 11:00:00,Shrinkage,4,-1,3,-17.46,Shrinkage,,False,
ADJ-0000896,PH-004,PRD-00782,EMP-0080,EMP-0067,2026-07-29 15:00:00,Cycle Count,43,1,44,10.91,Cycle Count,,False,
ADJ-0000897,PH-004,PRD-00464,EMP-0085,EMP-0068,2026-07-08 12:00:00,Cycle Count,99,2,101,2.72,Cycle Count,,False,
ADJ-0000898,PH-004,PRD-00042,EMP-0078,EMP-0068,2026-07-18 08:00:00,Shrinkage,62,-3,59,-79.53,Shrinkage,,False,
ADJ-0000899,PH-004,PRD-00090,EMP-0087,EMP-0069,2026-07-26 13:00:00,Shrinkage,64,-1,63,-8.79,Shrinkage,,False,
ADJ-0000900,PH-004,PRD-00174,EMP-0084,EMP-0067,2026-07-24 15:00:00,Shrinkage,56,-1,55,-30.28,Shrinkage,,False,
ADJ-0000901,PH-004,PRD-00613,EMP-0070,EMP-0079,2026-07-16 21:00:00,Shrinkage,70,-1,69,-24.81,Shrinkage,,False,
ADJ-0000902,PH-004,PRD-00179,EMP-0075,EMP-0078,2026-07-09 12:00:00,Cycle Count,54,2,56,68.64,Cycle Count,,False,
ADJ-0000903,PH-004,PRD-00372,EMP-0083,EMP-0079,2026-07-29 18:00:00,Expiration,50,1,51,8.1,Expiration,,False,
ADJ-0000904,PH-004,PRD-00549,EMP-0081,EMP-0068,2026-07-27 12:00:00,Shrinkage,39,-1,38,-9.69,Shrinkage,,False,
ADJ-0000905,PH-004,PRD-00602,EMP-0076,EMP-0067,2026-07-10 19:00:00,Shrinkage,46,-2,44,-23.68,Shrinkage,,False,
ADJ-0000906,PH-004,PRD-00188,EMP-0079,EMP-0068,2026-07-29 15:00:00,Cycle Count,1,2,3,26.78,Cycle Count,,False,
ADJ-0000907,PH-004,PRD-00438,EMP-0079,EMP-0079,2026-07-17 20:00:00,Shrinkage,72,-3,69,-99.87,Shrinkage,,False,
ADJ-0000908,PH-004,PRD-00688,EMP-0077,EMP-0067,2026-07-14 16:00:00,Cycle Count,1,3,4,86.73,Cycle Count,,False,
ADJ-0000909,PH-004,PRD-00146,EMP-0067,EMP-0067,2026-07-23 20:00:00,Shrinkage,10,-2,8,-43.62,Shrinkage,,False,
ADJ-0000910,PH-004,PRD-00120,EMP-0071,EMP-0069,2026-07-22 13:00:00,Cycle Count,93,3,96,64.47,Cycle Count,,False,
ADJ-0000911,PH-004,PRD-00493,EMP-0072,EMP-0068,2026-07-11 14:00:00,Cycle Count,94,1,95,10.9,Cycle Count,,False,
ADJ-0000912,PH-004,PRD-00564,EMP-0078,EMP-0069,2026-07-03 11:00:00,Shrinkage,69,-3,66,-20.73,Shrinkage,,False,
ADJ-0000913,PH-004,PRD-00649,EMP-0086,EMP-0068,2026-07-24 20:00:00,Shrinkage,39,-2,37,-14.16,Shrinkage,,False,
ADJ-0000914,PH-004,PRD-00695,EMP-0075,EMP-0079,2026-07-03 17:00:00,Shrinkage,15,-2,13,-4.96,Shrinkage,,False,
ADJ-0000915,PH-004,PRD-00014,EMP-0081,EMP-0078,2026-07-17 18:00:00,Cycle Count,70,1,71,19.67,Cycle Count,,False,
ADJ-0000916,PH-004,PRD-00290,EMP-0078,EMP-0079,2026-07-24 13:00:00,Cycle Count,32,2,34,23.82,Cycle Count,,False,
ADJ-0000917,PH-004,PRD-00028,EMP-0072,EMP-0069,2026-07-11 08:00:00,Shrinkage,41,-2,39,-47.58,Shrinkage,,False,
ADJ-0000918,PH-004,PRD-00238,EMP-0087,EMP-0068,2026-07-28 20:00:00,Shrinkage,59,-1,58,-5.27,Shrinkage,,False,
ADJ-0000919,PH-004,PRD-00089,EMP-0073,EMP-0078,2026-07-09 13:00:00,Cycle Count,48,3,51,90.54,Cycle Count,,False,
ADJ-0000920,PH-004,PRD-00242,EMP-0082,EMP-0078,2026-07-10 17:00:00,Cycle Count,9,1,10,13.62,Cycle Count,,False,
ADJ-0000921,PH-004,PRD-00186,EMP-0078,EMP-0078,2026-07-25 20:00:00,Shrinkage,77,-3,74,-75.15,Shrinkage,,False,
ADJ-0000922,PH-004,PRD-00681,EMP-0082,EMP-0069,2026-07-13 19:00:00,Cycle Count,4,1,5,31.3,Cycle Count,,False,
ADJ-0000923,PH-004,PRD-00211,EMP-0081,EMP-0079,2026-07-20 10:00:00,Shrinkage,11,-2,9,-55.12,Shrinkage,,False,
ADJ-0000924,PH-004,PRD-00203,EMP-0077,EMP-0069,2026-07-20 17:00:00,Cycle Count,87,1,88,5.34,Cycle Count,,False,
ADJ-0000925,PH-004,PRD-00707,EMP-0081,EMP-0069,2026-07-17 20:00:00,Cycle Count,54,2,56,63.38,Cycle Count,,False,
ADJ-0000926,PH-004,PRD-00033,EMP-0068,EMP-0079,2026-07-09 17:00:00,Shrinkage,46,-3,43,-94.44,Shrinkage,,False,
ADJ-0000927,PH-004,PRD-00009,EMP-0067,EMP-0067,2026-07-25 08:00:00,Cycle Count,6,2,8,37.74,Cycle Count,,False,
ADJ-0000928,PH-004,PRD-00721,EMP-0078,EMP-0079,2026-07-15 13:00:00,Cycle Count,84,2,86,38.44,Cycle Count,,False,
ADJ-0000929,PH-004,PRD-00259,EMP-0072,EMP-0068,2026-07-10 17:00:00,Shrinkage,1,-1,0,-26.84,Shrinkage,,False,
ADJ-0000930,PH-004,PRD-00645,EMP-0081,EMP-0068,2026-07-04 13:00:00,Shrinkage,26,-2,24,-11.0,Shrinkage,,False,
ADJ-0000931,PH-004,PRD-00169,EMP-0071,EMP-0079,2026-07-31 19:00:00,Shrinkage,59,-2,57,-4.48,Shrinkage,,False,
ADJ-0000932,PH-004,PRD-00379,EMP-0086,EMP-0067,2026-07-05 13:00:00,Shrinkage,34,-3,31,-20.34,Shrinkage,,False,
ADJ-0000933,PH-004,PRD-00752,EMP-0071,EMP-0079,2026-07-01 16:00:00,Shrinkage,47,-1,46,-27.73,Shrinkage,,False,
ADJ-0000934,PH-004,PRD-00295,EMP-0070,EMP-0079,2026-07-12 11:00:00,Expiration,85,3,88,63.27,Expiration,,True,Expired inventory
ADJ-0000935,PH-004,PRD-00498,EMP-0087,EMP-0069,2026-07-12 08:00:00,Cycle Count,88,1,89,14.6,Cycle Count,,False,
ADJ-0000936,PH-004,PRD-00383,EMP-0075,EMP-0069,2026-07-08 19:00:00,Cycle Count,30,2,32,41.68,Cycle Count,,False,
ADJ-0000937,PH-004,PRD-00345,EMP-0073,EMP-0068,2026-07-19 17:00:00,Shrinkage,86,-2,84,-5.46,Shrinkage,,False,
ADJ-0000938,PH-004,PRD-00344,EMP-0085,EMP-0079,2026-07-17 14:00:00,Shrinkage,30,-1,29,-22.47,Shrinkage,,False,
ADJ-0000939,PH-004,PRD-00577,EMP-0079,EMP-0067,2026-07-01 21:00:00,Shrinkage,94,-3,91,-12.93,Shrinkage,,False,
ADJ-0000940,PH-004,PRD-00543,EMP-0079,EMP-0067,2026-07-22 08:00:00,Expiration,4,1,5,2.04,Expiration,,True,Expired inventory
ADJ-0000941,PH-004,PRD-00408,EMP-0078,EMP-0078,2026-07-15 10:00:00,Cycle Count,44,2,46,11.76,Cycle Count,,False,
ADJ-0000942,PH-004,PRD-00005,EMP-0083,EMP-0068,2026-07-13 16:00:00,Cycle Count,63,2,65,4.22,Cycle Count,,False,
ADJ-0000943,PH-004,PRD-00651,EMP-0077,EMP-0068,2026-07-02 19:00:00,Shrinkage,82,-1,81,-13.56,Shrinkage,,True,Expired inventory
ADJ-0000944,PH-004,PRD-00366,EMP-0078,EMP-0068,2026-07-18 19:00:00,Shrinkage,33,-2,31,-18.5,Shrinkage,,False,
ADJ-0000945,PH-004,PRD-00608,EMP-0086,EMP-0069,2026-07-01 15:00:00,Shrinkage,66,-3,63,-74.31,Shrinkage,,False,
ADJ-0000946,PH-004,PRD-00733,EMP-0069,EMP-0079,2026-07-03 16:00:00,Shrinkage,51,-2,49,-64.38,Shrinkage,,False,
ADJ-0000947,PH-004,PRD-00127,EMP-0086,EMP-0078,2026-07-09 14:00:00,Shrinkage,89,-1,88,-34.13,Shrinkage,,False,
ADJ-0000948,PH-004,PRD-00515,EMP-0067,EMP-0078,2026-07-26 16:00:00,Shrinkage,24,-2,22,-7.7,Shrinkage,,False,
ADJ-0000949,PH-004,PRD-00390,EMP-0070,EMP-0078,2026-07-09 09:00:00,Cycle Count,76,1,77,9.3,Cycle Count,,False,
ADJ-0000950,PH-004,PRD-00524,EMP-0074,EMP-0079,2026-07-10 10:00:00,Shrinkage,99,-1,98,-17.24,Shrinkage,,False,
ADJ-0000951,PH-004,PRD-00385,EMP-0087,EMP-0067,2026-07-16 21:00:00,Cycle Count,30,3,33,99.72,Cycle Count,,False,
ADJ-0000952,PH-004,PRD-00675,EMP-0067,EMP-0067,2026-07-05 18:00:00,Cycle Count,73,1,74,31.02,Cycle Count,,False,
ADJ-0000953,PH-004,PRD-00228,EMP-0087,EMP-0069,2026-07-11 13:00:00,Expiration,96,3,99,36.24,Expiration,,False,
ADJ-0000954,PH-004,PRD-00444,EMP-0088,EMP-0067,2026-07-28 18:00:00,Cycle Count,96,2,98,46.84,Cycle Count,,False,
ADJ-0000955,PH-004,PRD-00263,EMP-0079,EMP-0079,2026-07-18 15:00:00,Shrinkage,72,-1,71,-17.47,Shrinkage,,False,
ADJ-0000956,PH-004,PRD-00796,EMP-0074,EMP-0069,2026-07-22 11:00:00,Expiration,20,3,23,31.56,Expiration,,False,
ADJ-0000957,PH-004,PRD-00272,EMP-0086,EMP-0079,2026-07-14 15:00:00,Cycle Count,12,2,14,63.24,Cycle Count,,False,
ADJ-0000958,PH-004,PRD-00457,EMP-0076,EMP-0067,2026-07-06 17:00:00,Shrinkage,16,-2,14,-68.18,Shrinkage,,False,
ADJ-0000959,PH-004,PRD-00038,EMP-0082,EMP-0078,2026-07-14 17:00:00,Shrinkage,40,-3,37,-79.68,Shrinkage,,True,Expired inventory
ADJ-0000960,PH-004,PRD-00421,EMP-0086,EMP-0068,2026-07-08 15:00:00,Expiration,17,1,18,9.97,Expiration,,True,Expired inventory
ADJ-0000961,PH-004,PRD-00405,EMP-0069,EMP-0079,2026-07-01 12:00:00,Shrinkage,42,-1,41,-6.67,Shrinkage,,False,
ADJ-0000962,PH-004,PRD-00640,EMP-0073,EMP-0069,2026-07-24 10:00:00,Cycle Count,11,3,14,36.51,Cycle Count,,False,
ADJ-0000963,PH-004,PRD-00607,EMP-0069,EMP-0069,2026-07-30 10:00:00,Cycle Count,31,3,34,52.11,Cycle Count,,False,
ADJ-0000964,PH-004,PRD-00469,EMP-0072,EMP-0079,2026-07-04 10:00:00,Shrinkage,63,-2,61,-14.34,Shrinkage,,False,
ADJ-0000965,PH-004,PRD-00537,EMP-0088,EMP-0079,2026-07-26 13:00:00,Cycle Count,24,1,25,9.44,Cycle Count,,False,
ADJ-0000966,PH-004,PRD-00692,EMP-0086,EMP-0079,2026-07-02 08:00:00,Shrinkage,17,-3,14,-18.42,Shrinkage,,True,Expired inventory
ADJ-0000967,PH-004,PRD-00147,EMP-0075,EMP-0078,2026-07-17 14:00:00,Cycle Count,88,1,89,17.04,Cycle Count,,False,
ADJ-0000968,PH-004,PRD-00610,EMP-0087,EMP-0068,2026-07-09 10:00:00,Cycle Count,86,3,89,8.25,Cycle Count,,False,
ADJ-0000969,PH-004,PRD-00462,EMP-0082,EMP-0069,2026-07-26 16:00:00,Shrinkage,4,-2,2,-4.94,Shrinkage,,False,
ADJ-0000970,PH-004,PRD-00505,EMP-0084,EMP-0067,2026-07-01 17:00:00,Shrinkage,70,-2,68,-43.76,Shrinkage,,False,
ADJ-0000971,PH-004,PRD-00121,EMP-0071,EMP-0079,2026-07-09 18:00:00,Cycle Count,68,1,69,12.36,Cycle Count,,False,
ADJ-0000972,PH-004,PRD-00407,EMP-0088,EMP-0068,2026-07-23 13:00:00,Expiration,64,2,66,39.62,Expiration,,True,Expired inventory
ADJ-0000973,PH-004,PRD-00319,EMP-0071,EMP-0069,2026-07-22 16:00:00,Cycle Count,18,1,19,28.34,Cycle Count,,False,
ADJ-0000974,PH-004,PRD-00018,EMP-0081,EMP-0078,2026-07-07 12:00:00,Shrinkage,25,-1,24,-7.59,Shrinkage,,False,
ADJ-0000975,PH-004,PRD-00749,EMP-0068,EMP-0078,2026-07-24 14:00:00,Shrinkage,61,-2,59,-28.22,Shrinkage,,False,
ADJ-0000976,PH-004,PRD-00516,EMP-0083,EMP-0078,2026-07-17 20:00:00,Cycle Count,93,1,94,16.03,Cycle Count,,False,
ADJ-0000977,PH-004,PRD-00772,EMP-0084,EMP-0067,2026-07-13 09:00:00,Cycle Count,33,3,36,60.69,Cycle Count,,False,
ADJ-0000978,PH-004,PRD-00310,EMP-0068,EMP-0067,2026-07-06 14:00:00,Shrinkage,74,-1,73,-15.24,Shrinkage,,False,
ADJ-0000979,PH-004,PRD-00480,EMP-0086,EMP-0068,2026-07-27 20:00:00,Shrinkage,74,-2,72,-48.32,Shrinkage,,False,
ADJ-0000980,PH-004,PRD-00800,EMP-0082,EMP-0067,2026-07-15 20:00:00,Shrinkage,63,-3,60,-101.94,Shrinkage,,False,
ADJ-0000981,PH-004,PRD-00603,EMP-0070,EMP-0078,2026-07-12 10:00:00,Shrinkage,90,-3,87,-86.46,Shrinkage,,False,
ADJ-0000982,PH-004,PRD-00015,EMP-0085,EMP-0079,2026-07-08 18:00:00,Cycle Count,44,3,47,27.9,Cycle Count,,False,
ADJ-0000983,PH-004,PRD-00759,EMP-0079,EMP-0067,2026-07-04 16:00:00,Shrinkage,38,-1,37,-32.45,Shrinkage,,False,
ADJ-0000984,PH-004,PRD-00306,EMP-0076,EMP-0069,2026-07-03 17:00:00,Cycle Count,11,3,14,22.5,Cycle Count,,False,
ADJ-0000985,PH-004,PRD-00199,EMP-0078,EMP-0078,2026-07-05 11:00:00,Cycle Count,20,1,21,9.91,Cycle Count,,False,
ADJ-0000986,PH-004,PRD-00193,EMP-0075,EMP-0069,2026-07-06 10:00:00,Shrinkage,31,-2,29,-7.9,Shrinkage,,True,Expired inventory
ADJ-0000987,PH-004,PRD-00348,EMP-0077,EMP-0069,2026-07-25 12:00:00,Cycle Count,24,2,26,51.7,Cycle Count,,False,
ADJ-0000988,PH-004,PRD-00684,EMP-0077,EMP-0068,2026-07-17 21:00:00,Cycle Count,83,1,84,14.09,Cycle Count,,False,
ADJ-0000989,PH-004,PRD-00452,EMP-0070,EMP-0079,2026-07-15 20:00:00,Shrinkage,7,-3,4,-46.02,Shrinkage,,False,
ADJ-0000990,PH-004,PRD-00754,EMP-0088,EMP-0068,2026-07-14 10:00:00,Cycle Count,5,3,8,6.96,Cycle Count,,False,
ADJ-0000991,PH-004,PRD-00635,EMP-0071,EMP-0078,2026-07-09 10:00:00,Shrinkage,3,-1,2,-34.74,Shrinkage,,False,
ADJ-0000992,PH-004,PRD-00428,EMP-0084,EMP-0069,2026-07-29 13:00:00,Cycle Count,77,1,78,20.72,Cycle Count,,False,
ADJ-0000993,PH-004,PRD-00178,EMP-0075,EMP-0078,2026-07-01 19:00:00,Cycle Count,5,2,7,31.9,Cycle Count,,False,
ADJ-0000994,PH-004,PRD-00703,EMP-0068,EMP-0067,2026-07-20 14:00:00,Expiration,100,1,101,3.01,Expiration,,False,
ADJ-0000995,PH-004,PRD-00715,EMP-0080,EMP-0067,2026-07-28 16:00:00,Cycle Count,63,3,66,93.18,Cycle Count,,False,
ADJ-0000996,PH-004,PRD-00167,EMP-0088,EMP-0069,2026-07-25 08:00:00,Shrinkage,62,-1,61,-20.45,Shrinkage,,False,
ADJ-0000997,PH-004,PRD-00663,EMP-0077,EMP-0069,2026-07-07 09:00:00,Shrinkage,62,-2,60,-27.58,Shrinkage,,False,
ADJ-0000998,PH-004,PRD-00677,EMP-0084,EMP-0078,2026-07-22 20:00:00,Shrinkage,52,-3,49,-59.82,Shrinkage,,False,
ADJ-0000999,PH-004,PRD-00518,EMP-0081,EMP-0068,2026-07-24 09:00:00,Cycle Count,17,1,18,18.49,Cycle Count,,False,
ADJ-0001000,PH-004,PRD-00216,EMP-0075,EMP-0079,2026-07-15 15:00:00,Shrinkage,85,-3,82,-22.02,Shrinkage,,False,
ADJ-0001001,PH-004,PRD-00378,EMP-0067,EMP-0078,2026-07-21 20:00:00,Shrinkage,93,-3,90,-86.13,Shrinkage,,False,
ADJ-0001002,PH-004,PRD-00463,EMP-0083,EMP-0068,2026-07-26 18:00:00,Shrinkage,39,-3,36,-84.57,Shrinkage,,False,
ADJ-0001003,PH-004,PRD-00584,EMP-0080,EMP-0078,2026-07-31 19:00:00,Shrinkage,93,-3,90,-40.65,Shrinkage,,False,
ADJ-0001004,PH-004,PRD-00168,EMP-0086,EMP-0068,2026-07-14 08:00:00,Shrinkage,79,-2,77,-30.04,Shrinkage,,False,
ADJ-0001005,PH-004,PRD-00177,EMP-0085,EMP-0068,2026-07-01 14:00:00,Shrinkage,77,-1,76,-11.75,Shrinkage,,False,
ADJ-0001006,PH-004,PRD-00087,EMP-0075,EMP-0067,2026-07-10 13:00:00,Shrinkage,78,-3,75,-12.51,Shrinkage,,False,
ADJ-0001007,PH-004,PRD-00063,EMP-0078,EMP-0069,2026-07-04 21:00:00,Shrinkage,76,-3,73,-11.01,Shrinkage,,False,
ADJ-0001008,PH-004,PRD-00163,EMP-0080,EMP-0067,2026-07-31 18:00:00,Shrinkage,40,-3,37,-69.03,Shrinkage,,True,Expired inventory
ADJ-0001009,PH-004,PRD-00491,EMP-0084,EMP-0079,2026-07-05 10:00:00,Cycle Count,27,1,28,12.6,Cycle Count,,False,
ADJ-0001010,PH-004,PRD-00392,EMP-0086,EMP-0079,2026-07-13 09:00:00,Shrinkage,43,-3,40,-40.83,Shrinkage,,False,
ADJ-0001011,PH-004,PRD-00596,EMP-0072,EMP-0067,2026-07-21 21:00:00,Shrinkage,90,-1,89,-11.86,Shrinkage,,False,
ADJ-0001012,PH-004,PRD-00062,EMP-0081,EMP-0067,2026-07-05 10:00:00,Shrinkage,50,-1,49,-14.47,Shrinkage,,False,
ADJ-0001013,PH-004,PRD-00690,EMP-0073,EMP-0068,2026-07-24 15:00:00,Cycle Count,98,1,99,31.2,Cycle Count,,False,
ADJ-0001014,PH-004,PRD-00241,EMP-0080,EMP-0067,2026-07-30 18:00:00,Cycle Count,49,2,51,54.18,Cycle Count,,False,
ADJ-0001015,PH-004,PRD-00234,EMP-0082,EMP-0079,2026-07-18 15:00:00,Cycle Count,32,1,33,16.33,Cycle Count,,False,
ADJ-0001016,PH-004,PRD-00226,EMP-0088,EMP-0067,2026-07-15 18:00:00,Expiration,38,0,38,0.0,Expiration,,False,
ADJ-0001017,PH-004,PRD-00766,EMP-0070,EMP-0069,2026-07-05 12:00:00,Expiration,95,3,98,39.66,Expiration,,False,
ADJ-0001018,PH-004,PRD-00530,EMP-0067,EMP-0068,2026-07-22 17:00:00,Shrinkage,29,-1,28,-4.05,Shrinkage,,False,
ADJ-0001019,PH-004,PRD-00141,EMP-0087,EMP-0079,2026-07-05 08:00:00,Shrinkage,35,-2,33,-51.32,Shrinkage,,False,
ADJ-0001020,PH-004,PRD-00724,EMP-0073,EMP-0069,2026-07-27 13:00:00,Shrinkage,97,-1,96,-20.37,Shrinkage,,False,
ADJ-0001021,PH-004,PRD-00453,EMP-0087,EMP-0068,2026-07-12 20:00:00,Shrinkage,17,-1,16,-31.39,Shrinkage,,False,
ADJ-0001022,PH-004,PRD-00616,EMP-0081,EMP-0068,2026-07-23 17:00:00,Cycle Count,76,2,78,64.94,Cycle Count,,False,
ADJ-0001023,PH-004,PRD-00624,EMP-0086,EMP-0078,2026-07-29 14:00:00,Shrinkage,78,-1,77,-18.71,Shrinkage,,False,
ADJ-0001024,PH-004,PRD-00246,EMP-0086,EMP-0068,2026-07-22 21:00:00,Cycle Count,9,2,11,17.98,Cycle Count,,False,
ADJ-0001025,PH-004,PRD-00499,EMP-0082,EMP-0069,2026-07-12 19:00:00,Shrinkage,35,-1,34,-21.93,Shrinkage,,False,
ADJ-0001026,PH-004,PRD-00783,EMP-0077,EMP-0078,2026-07-21 21:00:00,Cycle Count,33,2,35,44.0,Cycle Count,,False,
ADJ-0001027,PH-004,PRD-00068,EMP-0069,EMP-0067,2026-07-10 19:00:00,Cycle Count,37,2,39,41.9,Cycle Count,,False,
ADJ-0001028,PH-004,PRD-00022,EMP-0076,EMP-0078,2026-07-30 19:00:00,Shrinkage,85,-1,84,-9.47,Shrinkage,,False,
ADJ-0001029,PH-004,PRD-00154,EMP-0070,EMP-0069,2026-07-21 15:00:00,Shrinkage,52,-2,50,-6.78,Shrinkage,,False,
ADJ-0001030,PH-004,PRD-00250,EMP-0087,EMP-0079,2026-07-21 11:00:00,Shrinkage,72,-3,69,-7.08,Shrinkage,,False,
ADJ-0001031,PH-004,PRD-00059,EMP-0082,EMP-0067,2026-07-17 09:00:00,Cycle Count,60,1,61,10.9,Cycle Count,,False,
ADJ-0001032,PH-004,PRD-00083,EMP-0079,EMP-0067,2026-07-17 09:00:00,Shrinkage,8,-1,7,-10.98,Shrinkage,,False,
ADJ-0001033,PH-004,PRD-00026,EMP-0086,EMP-0067,2026-07-11 17:00:00,Cycle Count,11,2,13,58.62,Cycle Count,,False,
ADJ-0001034,PH-004,PRD-00065,EMP-0081,EMP-0069,2026-07-11 09:00:00,Cycle Count,96,1,97,4.15,Cycle Count,,False,
ADJ-0001035,PH-004,PRD-00165,EMP-0088,EMP-0069,2026-07-03 15:00:00,Cycle Count,51,3,54,64.8,Cycle Count,,False,
ADJ-0001036,PH-004,PRD-00481,EMP-0070,EMP-0078,2026-07-01 18:00:00,Shrinkage,82,-2,80,-8.52,Shrinkage,,False,
ADJ-0001037,PH-004,PRD-00426,EMP-0073,EMP-0069,2026-07-09 08:00:00,Shrinkage,16,-3,13,-55.41,Shrinkage,,False,
ADJ-0001038,PH-005,PRD-00169,EMP-0106,EMP-0090,2026-07-22 11:00:00,Cycle Count,24,3,27,6.72,Cycle Count,,False,
ADJ-0001039,PH-005,PRD-00246,EMP-0109,EMP-0090,2026-07-21 16:00:00,Cycle Count,68,3,71,26.97,Cycle Count,,False,
ADJ-0001040,PH-005,PRD-00038,EMP-0095,EMP-0101,2026-07-19 10:00:00,Cycle Count,8,3,11,79.68,Cycle Count,,False,
ADJ-0001041,PH-005,PRD-00211,EMP-0094,EMP-0090,2026-07-24 11:00:00,Shrinkage,23,-1,22,-27.56,Shrinkage,,False,
ADJ-0001042,PH-005,PRD-00104,EMP-0102,EMP-0089,2026-07-02 21:00:00,Cycle Count,9,2,11,2.46,Cycle Count,,False,
ADJ-0001043,PH-005,PRD-00381,EMP-0101,EMP-0090,2026-07-04 08:00:00,Shrinkage,54,-3,51,-6.15,Shrinkage,,False,
ADJ-0001044,PH-005,PRD-00553,EMP-0104,EMP-0100,2026-07-07 12:00:00,Cycle Count,0,1,1,33.47,Cycle Count,,False,
ADJ-0001045,PH-005,PRD-00789,EMP-0104,EMP-0091,2026-07-12 12:00:00,Cycle Count,59,1,60,14.13,Cycle Count,,False,
ADJ-0001046,PH-005,PRD-00726,EMP-0100,EMP-0090,2026-07-28 12:00:00,Cycle Count,56,1,57,1.24,Cycle Count,,False,
ADJ-0001047,PH-005,PRD-00230,EMP-0099,EMP-0101,2026-07-24 16:00:00,Cycle Count,61,3,64,71.01,Cycle Count,,False,
ADJ-0001048,PH-005,PRD-00429,EMP-0100,EMP-0090,2026-07-03 14:00:00,Cycle Count,10,3,13,54.39,Cycle Count,,False,
ADJ-0001049,PH-005,PRD-00637,EMP-0098,EMP-0090,2026-07-18 15:00:00,Cycle Count,69,3,72,9.09,Cycle Count,,False,
ADJ-0001050,PH-005,PRD-00265,EMP-0093,EMP-0101,2026-07-30 12:00:00,Shrinkage,67,-11,56,-198.77,Shrinkage,,True,Large variance
ADJ-0001051,PH-005,PRD-00409,EMP-0098,EMP-0101,2026-07-08 13:00:00,Cycle Count,47,1,48,30.89,Cycle Count,,False,
ADJ-0001052,PH-005,PRD-00277,EMP-0108,EMP-0101,2026-07-20 16:00:00,Cycle Count,4,2,6,58.94,Cycle Count,,False,
ADJ-0001053,PH-005,PRD-00798,EMP-0099,EMP-0101,2026-07-29 11:00:00,Cycle Count,60,2,62,3.88,Cycle Count,,False,
ADJ-0001054,PH-005,PRD-00234,EMP-0093,EMP-0090,2026-07-17 11:00:00,Shrinkage,91,-1,90,-16.33,Shrinkage,,False,
ADJ-0001055,PH-005,PRD-00584,EMP-0110,EMP-0100,2026-07-10 13:00:00,Shrinkage,9,-9,0,-121.95,Shrinkage,,True,Large variance
ADJ-0001056,PH-005,PRD-00516,EMP-0110,EMP-0089,2026-07-06 14:00:00,Cycle Count,90,3,93,48.09,Cycle Count,,False,
ADJ-0001057,PH-005,PRD-00549,EMP-0090,EMP-0090,2026-07-30 14:00:00,Shrinkage,15,-3,12,-29.07,Shrinkage,,False,
ADJ-0001058,PH-005,PRD-00371,EMP-0098,EMP-0101,2026-07-12 16:00:00,Shrinkage,59,-1,58,-15.59,Shrinkage,,False,
ADJ-0001059,PH-005,PRD-00541,EMP-0094,EMP-0101,2026-07-03 10:00:00,Cycle Count,44,1,45,21.78,Cycle Count,,False,
ADJ-0001060,PH-005,PRD-00698,EMP-0100,EMP-0090,2026-07-22 12:00:00,Cycle Count,12,1,13,25.07,Cycle Count,,False,
ADJ-0001061,PH-005,PRD-00503,EMP-0095,EMP-0101,2026-07-24 12:00:00,Shrinkage,14,-14,0,-12.88,Shrinkage,,True,Large variance
ADJ-0001062,PH-005,PRD-00198,EMP-0105,EMP-0090,2026-07-02 13:00:00,Cycle Count,40,3,43,102.48,Cycle Count,,False,
ADJ-0001063,PH-005,PRD-00537,EMP-0103,EMP-0101,2026-07-09 21:00:00,Shrinkage,7,-6,1,-56.64,Shrinkage,,True,Large variance
ADJ-0001064,PH-005,PRD-00748,EMP-0101,EMP-0089,2026-07-06 13:00:00,Cycle Count,9,2,11,53.6,Cycle Count,,False,
ADJ-0001065,PH-005,PRD-00604,EMP-0097,EMP-0100,2026-07-25 10:00:00,Shrinkage,40,-20,20,-602.0,Shrinkage,,True,Large variance
ADJ-0001066,PH-005,PRD-00063,EMP-0101,EMP-0100,2026-07-16 14:00:00,Shrinkage,50,-2,48,-7.34,Shrinkage,,False,
ADJ-0001067,PH-005,PRD-00287,EMP-0093,EMP-0089,2026-07-28 18:00:00,Shrinkage,93,-1,92,-7.45,Shrinkage,,False,
ADJ-0001068,PH-005,PRD-00177,EMP-0095,EMP-0089,2026-07-09 21:00:00,Shrinkage,44,-3,41,-35.25,Shrinkage,,False,
ADJ-0001069,PH-005,PRD-00290,EMP-0105,EMP-0090,2026-07-17 21:00:00,Shrinkage,62,-2,60,-23.82,Shrinkage,,False,
ADJ-0001070,PH-005,PRD-00619,EMP-0101,EMP-0090,2026-07-08 16:00:00,Cycle Count,11,3,14,49.56,Cycle Count,,False,
ADJ-0001071,PH-005,PRD-00264,EMP-0108,EMP-0091,2026-07-18 19:00:00,Shrinkage,39,-1,38,-2.41,Shrinkage,,False,
ADJ-0001072,PH-005,PRD-00642,EMP-0104,EMP-0101,2026-07-20 17:00:00,Shrinkage,89,-2,87,-66.18,Shrinkage,,False,
ADJ-0001073,PH-005,PRD-00124,EMP-0102,EMP-0089,2026-07-02 17:00:00,Cycle Count,30,1,31,19.99,Cycle Count,,False,
ADJ-0001074,PH-005,PRD-00213,EMP-0089,EMP-0090,2026-07-22 11:00:00,Cycle Count,36,1,37,15.86,Cycle Count,,False,
ADJ-0001075,PH-005,PRD-00796,EMP-0096,EMP-0100,2026-07-05 17:00:00,Shrinkage,67,-1,66,-10.52,Shrinkage,,False,
ADJ-0001076,PH-005,PRD-00377,EMP-0103,EMP-0100,2026-07-09 19:00:00,Cycle Count,77,2,79,54.02,Cycle Count,,False,
ADJ-0001077,PH-005,PRD-00560,EMP-0103,EMP-0101,2026-07-25 13:00:00,Cycle Count,57,3,60,53.88,Cycle Count,,False,
ADJ-0001078,PH-005,PRD-00612,EMP-0109,EMP-0089,2026-07-30 14:00:00,Shrinkage,51,-3,48,-99.6,Shrinkage,,False,
ADJ-0001079,PH-005,PRD-00007,EMP-0101,EMP-0089,2026-07-01 18:00:00,Cycle Count,53,3,56,49.35,Cycle Count,,False,
ADJ-0001080,PH-005,PRD-00296,EMP-0098,EMP-0090,2026-07-25 08:00:00,Cycle Count,91,2,93,43.46,Cycle Count,,False,
ADJ-0001081,PH-005,PRD-00546,EMP-0092,EMP-0100,2026-07-06 12:00:00,Cycle Count,81,3,84,102.51,Cycle Count,,False,
ADJ-0001082,PH-005,PRD-00145,EMP-0092,EMP-0101,2026-07-10 10:00:00,Shrinkage,35,-3,32,-9.87,Shrinkage,,False,
ADJ-0001083,PH-005,PRD-00235,EMP-0105,EMP-0090,2026-07-28 16:00:00,Cycle Count,65,2,67,53.2,Cycle Count,,False,
ADJ-0001084,PH-005,PRD-00194,EMP-0106,EMP-0091,2026-07-07 14:00:00,Cycle Count,41,3,44,87.03,Cycle Count,,False,
ADJ-0001085,PH-005,PRD-00490,EMP-0099,EMP-0091,2026-07-15 18:00:00,Shrinkage,31,-19,12,-445.93,Shrinkage,,True,Large variance
ADJ-0001086,PH-005,PRD-00164,EMP-0110,EMP-0089,2026-07-16 10:00:00,Shrinkage,4,-3,1,-48.33,Shrinkage,,False,
ADJ-0001087,PH-005,PRD-00519,EMP-0097,EMP-0090,2026-07-08 19:00:00,Shrinkage,20,-3,17,-12.87,Shrinkage,,False,
ADJ-0001088,PH-005,PRD-00723,EMP-0107,EMP-0091,2026-07-25 20:00:00,Shrinkage,43,-1,42,-1.96,Shrinkage,,False,
ADJ-0001089,PH-005,PRD-00252,EMP-0096,EMP-0101,2026-07-01 19:00:00,Shrinkage,54,-2,52,-60.24,Shrinkage,,False,
ADJ-0001090,PH-005,PRD-00009,EMP-0089,EMP-0101,2026-07-28 13:00:00,Shrinkage,53,-1,52,-18.87,Shrinkage,,False,
ADJ-0001091,PH-005,PRD-00084,EMP-0104,EMP-0089,2026-07-15 19:00:00,Shrinkage,12,-2,10,-39.3,Shrinkage,,False,
ADJ-0001092,PH-005,PRD-00035,EMP-0099,EMP-0089,2026-07-27 15:00:00,Cycle Count,2,2,4,62.68,Cycle Count,,False,
ADJ-0001093,PH-005,PRD-00706,EMP-0102,EMP-0100,2026-07-05 21:00:00,Cycle Count,93,2,95,54.34,Cycle Count,,False,
ADJ-0001094,PH-005,PRD-00309,EMP-0095,EMP-0089,2026-07-24 18:00:00,Shrinkage,48,-2,46,-9.52,Shrinkage,,False,
ADJ-0001095,PH-005,PRD-00228,EMP-0102,EMP-0100,2026-07-03 20:00:00,Cycle Count,78,2,80,24.16,Cycle Count,,False,
ADJ-0001096,PH-005,PRD-00298,EMP-0106,EMP-0091,2026-07-03 19:00:00,Shrinkage,72,-1,71,-27.2,Shrinkage,,False,
ADJ-0001097,PH-005,PRD-00707,EMP-0096,EMP-0090,2026-07-24 20:00:00,Cycle Count,35,1,36,31.69,Cycle Count,,False,
ADJ-0001098,PH-005,PRD-00699,EMP-0107,EMP-0089,2026-07-04 21:00:00,Cycle Count,81,3,84,21.09,Cycle Count,,False,
ADJ-0001099,PH-005,PRD-00384,EMP-0091,EMP-0089,2026-07-31 15:00:00,Shrinkage,67,-10,57,-330.1,Shrinkage,,True,Large variance
ADJ-0001100,PH-005,PRD-00134,EMP-0090,EMP-0100,2026-07-22 09:00:00,Cycle Count,75,2,77,2.02,Cycle Count,,False,
ADJ-0001101,PH-005,PRD-00412,EMP-0100,EMP-0089,2026-07-11 09:00:00,Shrinkage,57,-1,56,-10.35,Shrinkage,,False,
ADJ-0001102,PH-005,PRD-00001,EMP-0099,EMP-0089,2026-07-03 10:00:00,Shrinkage,10,-8,2,-276.0,Shrinkage,,True,Large variance
ADJ-0001103,PH-005,PRD-00589,EMP-0107,EMP-0090,2026-07-21 20:00:00,Cycle Count,54,2,56,50.5,Cycle Count,,False,
ADJ-0001104,PH-005,PRD-00239,EMP-0102,EMP-0100,2026-07-25 18:00:00,Shrinkage,80,-1,79,-14.31,Shrinkage,,False,
ADJ-0001105,PH-005,PRD-00575,EMP-0089,EMP-0100,2026-07-29 14:00:00,Cycle Count,36,1,37,30.01,Cycle Count,,False,
ADJ-0001106,PH-005,PRD-00620,EMP-0099,EMP-0101,2026-07-09 12:00:00,Cycle Count,20,3,23,60.87,Cycle Count,,False,
ADJ-0001107,PH-005,PRD-00626,EMP-0106,EMP-0100,2026-07-24 13:00:00,Cycle Count,26,1,27,27.68,Cycle Count,,False,
ADJ-0001108,PH-005,PRD-00601,EMP-0098,EMP-0089,2026-07-25 16:00:00,Shrinkage,45,-3,42,-47.19,Shrinkage,,False,
ADJ-0001109,PH-005,PRD-00156,EMP-0089,EMP-0101,2026-07-05 21:00:00,Cycle Count,8,3,11,85.38,Cycle Count,,False,
ADJ-0001110,PH-005,PRD-00195,EMP-0099,EMP-0101,2026-07-02 16:00:00,Cycle Count,98,2,100,43.84,Cycle Count,,False,
ADJ-0001111,PH-005,PRD-00043,EMP-0089,EMP-0091,2026-07-12 08:00:00,Shrinkage,40,-2,38,-5.06,Shrinkage,,False,
ADJ-0001112,PH-005,PRD-00645,EMP-0098,EMP-0101,2026-07-20 21:00:00,Shrinkage,18,-12,6,-66.0,Shrinkage,,True,Large variance
ADJ-0001113,PH-005,PRD-00021,EMP-0093,EMP-0090,2026-07-29 11:00:00,Shrinkage,81,-9,72,-113.31,Shrinkage,,True,Large variance
ADJ-0001114,PH-005,PRD-00315,EMP-0094,EMP-0101,2026-07-31 15:00:00,Shrinkage,59,-2,57,-19.86,Shrinkage,,False,
ADJ-0001115,PH-005,PRD-00570,EMP-0089,EMP-0101,2026-07-02 16:00:00,Cycle Count,70,1,71,33.74,Cycle Count,,False,
ADJ-0001116,PH-005,PRD-00172,EMP-0094,EMP-0101,2026-07-20 21:00:00,Cycle Count,85,1,86,25.27,Cycle Count,,False,
ADJ-0001117,PH-005,PRD-00528,EMP-0092,EMP-0090,2026-07-19 19:00:00,Cycle Count,61,2,63,44.2,Cycle Count,,False,
ADJ-0001118,PH-005,PRD-00524,EMP-0102,EMP-0100,2026-07-31 13:00:00,Cycle Count,75,2,77,34.48,Cycle Count,,False,
ADJ-0001119,PH-005,PRD-00492,EMP-0098,EMP-0101,2026-07-20 20:00:00,Shrinkage,16,-3,13,-41.91,Shrinkage,,False,
ADJ-0001120,PH-005,PRD-00448,EMP-0096,EMP-0101,2026-07-30 19:00:00,Shrinkage,20,-13,7,-443.04,Shrinkage,,True,Large variance
ADJ-0001121,PH-005,PRD-00200,EMP-0090,EMP-0091,2026-07-24 16:00:00,Cycle Count,0,2,2,57.22,Cycle Count,,False,
ADJ-0001122,PH-005,PRD-00229,EMP-0091,EMP-0089,2026-07-01 12:00:00,Shrinkage,17,-3,14,-71.55,Shrinkage,,False,
ADJ-0001123,PH-005,PRD-00137,EMP-0100,EMP-0090,2026-07-20 13:00:00,Shrinkage,37,-2,35,-60.56,Shrinkage,,False,
ADJ-0001124,PH-005,PRD-00447,EMP-0093,EMP-0091,2026-07-22 15:00:00,Cycle Count,64,1,65,21.91,Cycle Count,,False,
ADJ-0001125,PH-005,PRD-00668,EMP-0098,EMP-0091,2026-07-26 08:00:00,Shrinkage,18,-18,0,-416.16,Shrinkage,,True,Large variance
ADJ-0001126,PH-005,PRD-00052,EMP-0102,EMP-0090,2026-07-30 08:00:00,Shrinkage,80,-15,65,-304.05,Shrinkage,,True,Large variance
ADJ-0001127,PH-005,PRD-00182,EMP-0101,EMP-0101,2026-07-20 21:00:00,Cycle Count,48,3,51,47.85,Cycle Count,,False,
ADJ-0001128,PH-005,PRD-00111,EMP-0089,EMP-0101,2026-07-05 11:00:00,Shrinkage,38,-12,26,-122.4,Shrinkage,,True,Large variance
ADJ-0001129,PH-005,PRD-00498,EMP-0096,EMP-0100,2026-07-27 11:00:00,Shrinkage,38,-12,26,-175.2,Shrinkage,,True,Large variance
ADJ-0001130,PH-005,PRD-00709,EMP-0105,EMP-0100,2026-07-24 16:00:00,Shrinkage,82,-1,81,-27.96,Shrinkage,,False,
ADJ-0001131,PH-005,PRD-00390,EMP-0096,EMP-0091,2026-07-11 15:00:00,Shrinkage,95,-1,94,-9.3,Shrinkage,,False,
ADJ-0001132,PH-005,PRD-00484,EMP-0105,EMP-0091,2026-07-04 19:00:00,Cycle Count,42,3,45,74.64,Cycle Count,,False,
ADJ-0001133,PH-005,PRD-00759,EMP-0100,EMP-0101,2026-07-13 14:00:00,Shrinkage,62,-3,59,-97.35,Shrinkage,,False,
ADJ-0001134,PH-005,PRD-00615,EMP-0098,EMP-0091,2026-07-20 16:00:00,Shrinkage,5,-2,3,-53.84,Shrinkage,,False,
ADJ-0001135,PH-005,PRD-00008,EMP-0098,EMP-0090,2026-07-21 09:00:00,Shrinkage,48,-6,42,-185.52,Shrinkage,,True,Large variance
ADJ-0001136,PH-005,PRD-00191,EMP-0110,EMP-0089,2026-07-16 21:00:00,Shrinkage,62,-14,48,-409.22,Shrinkage,,True,Large variance
ADJ-0001137,PH-005,PRD-00314,EMP-0092,EMP-0091,2026-07-06 17:00:00,Shrinkage,26,-3,23,-25.35,Shrinkage,,False,
ADJ-0001138,PH-005,PRD-00638,EMP-0108,EMP-0089,2026-07-26 20:00:00,Shrinkage,1,-1,0,-13.99,Shrinkage,,False,
ADJ-0001139,PH-005,PRD-00415,EMP-0103,EMP-0100,2026-07-06 15:00:00,Cycle Count,8,3,11,9.0,Cycle Count,,False,
ADJ-0001140,PH-005,PRD-00175,EMP-0096,EMP-0090,2026-07-20 18:00:00,Cycle Count,20,1,21,26.21,Cycle Count,,False,
ADJ-0001141,PH-005,PRD-00729,EMP-0104,EMP-0090,2026-07-31 17:00:00,Shrinkage,32,-2,30,-51.24,Shrinkage,,False,
ADJ-0001142,PH-005,PRD-00514,EMP-0098,EMP-0100,2026-07-13 11:00:00,Cycle Count,2,3,5,39.84,Cycle Count,,False,
ADJ-0001143,PH-005,PRD-00319,EMP-0106,EMP-0090,2026-07-02 09:00:00,Cycle Count,30,3,33,85.02,Cycle Count,,False,
ADJ-0001144,PH-005,PRD-00018,EMP-0098,EMP-0090,2026-07-28 16:00:00,Cycle Count,63,3,66,22.77,Cycle Count,,False,
ADJ-0001145,PH-005,PRD-00649,EMP-0092,EMP-0101,2026-07-06 14:00:00,Shrinkage,47,-6,41,-42.48,Shrinkage,,True,Large variance
ADJ-0001146,PH-005,PRD-00521,EMP-0089,EMP-0090,2026-07-17 15:00:00,Shrinkage,58,-3,55,-55.32,Shrinkage,,False,
ADJ-0001147,PH-005,PRD-00728,EMP-0096,EMP-0089,2026-07-11 16:00:00,Shrinkage,66,-3,63,-63.45,Shrinkage,,False,
ADJ-0001148,PH-005,PRD-00691,EMP-0103,EMP-0091,2026-07-05 14:00:00,Shrinkage,34,-18,16,-211.32,Shrinkage,,True,Large variance
ADJ-0001149,PH-005,PRD-00146,EMP-0094,EMP-0090,2026-07-21 16:00:00,Cycle Count,45,1,46,21.81,Cycle Count,,False,
ADJ-0001150,PH-005,PRD-00161,EMP-0106,EMP-0100,2026-07-19 08:00:00,Shrinkage,99,-14,85,-464.24,Shrinkage,,True,Large variance
ADJ-0001151,PH-005,PRD-00302,EMP-0106,EMP-0091,2026-07-22 10:00:00,Shrinkage,68,-5,63,-163.0,Shrinkage,,True,Large variance
ADJ-0001152,PH-005,PRD-00545,EMP-0108,EMP-0101,2026-07-10 08:00:00,Shrinkage,50,-12,38,-218.88,Shrinkage,,True,Large variance
ADJ-0001153,PH-005,PRD-00397,EMP-0104,EMP-0090,2026-07-12 20:00:00,Shrinkage,28,-3,25,-12.12,Shrinkage,,False,
ADJ-0001154,PH-005,PRD-00416,EMP-0094,EMP-0091,2026-07-27 21:00:00,Cycle Count,3,1,4,30.72,Cycle Count,,False,
ADJ-0001155,PH-005,PRD-00779,EMP-0104,EMP-0101,2026-07-09 08:00:00,Shrinkage,50,-10,40,-229.3,Shrinkage,,True,Large variance
ADJ-0001156,PH-005,PRD-00750,EMP-0109,EMP-0090,2026-07-07 15:00:00,Cycle Count,100,3,103,16.62,Cycle Count,,False,
ADJ-0001157,PH-005,PRD-00679,EMP-0107,EMP-0090,2026-07-12 11:00:00,Shrinkage,74,-12,62,-306.72,Shrinkage,,True,Large variance
ADJ-0001158,PH-005,PRD-00335,EMP-0103,EMP-0091,2026-07-22 17:00:00,Cycle Count,71,2,73,50.98,Cycle Count,,False,
ADJ-0001159,PH-005,PRD-00068,EMP-0105,EMP-0100,2026-07-24 09:00:00,Shrinkage,48,-2,46,-41.9,Shrinkage,,False,
ADJ-0001160,PH-005,PRD-00085,EMP-0093,EMP-0100,2026-07-16 11:00:00,Cycle Count,47,1,48,8.75,Cycle Count,,False,
ADJ-0001161,PH-005,PRD-00593,EMP-0108,EMP-0101,2026-07-25 14:00:00,Cycle Count,65,1,66,9.22,Cycle Count,,False,
ADJ-0001162,PH-005,PRD-00515,EMP-0092,EMP-0101,2026-07-30 20:00:00,Cycle Count,88,2,90,7.7,Cycle Count,,False,
ADJ-0001163,PH-005,PRD-00508,EMP-0107,EMP-0100,2026-07-27 18:00:00,Shrinkage,96,-2,94,-24.0,Shrinkage,,False,
ADJ-0001164,PH-005,PRD-00358,EMP-0093,EMP-0100,2026-07-12 08:00:00,Shrinkage,74,-2,72,-59.66,Shrinkage,,False,
ADJ-0001165,PH-005,PRD-00399,EMP-0107,EMP-0090,2026-07-19 08:00:00,Shrinkage,69,-3,66,-19.8,Shrinkage,,False,
ADJ-0001166,PH-005,PRD-00672,EMP-0097,EMP-0100,2026-07-31 21:00:00,Shrinkage,37,-10,27,-217.1,Shrinkage,,True,Large variance
ADJ-0001167,PH-005,PRD-00079,EMP-0100,EMP-0100,2026-07-29 17:00:00,Shrinkage,96,-14,82,-159.46,Shrinkage,,True,Large variance
ADJ-0001168,PH-005,PRD-00163,EMP-0105,EMP-0101,2026-07-15 11:00:00,Shrinkage,35,-1,34,-23.01,Shrinkage,,False,
ADJ-0001169,PH-005,PRD-00142,EMP-0093,EMP-0091,2026-07-07 11:00:00,Cycle Count,16,1,17,21.38,Cycle Count,,False,
ADJ-0001170,PH-005,PRD-00394,EMP-0102,EMP-0101,2026-07-18 09:00:00,Shrinkage,93,-3,90,-9.96,Shrinkage,,False,
ADJ-0001171,PH-005,PRD-00479,EMP-0094,EMP-0100,2026-07-14 15:00:00,Shrinkage,71,-3,68,-55.95,Shrinkage,,False,
ADJ-0001172,PH-005,PRD-00222,EMP-0090,EMP-0101,2026-07-02 09:00:00,Shrinkage,90,-2,88,-29.82,Shrinkage,,False,
ADJ-0001173,PH-005,PRD-00217,EMP-0105,EMP-0091,2026-07-30 11:00:00,Cycle Count,45,1,46,24.39,Cycle Count,,False,
ADJ-0001174,PH-005,PRD-00641,EMP-0105,EMP-0089,2026-07-31 18:00:00,Shrinkage,74,-13,61,-144.3,Shrinkage,,True,Large variance
ADJ-0001175,PH-005,PRD-00690,EMP-0104,EMP-0100,2026-07-23 08:00:00,Cycle Count,64,2,66,62.4,Cycle Count,,False,
ADJ-0001176,PH-005,PRD-00772,EMP-0090,EMP-0100,2026-07-17 18:00:00,Shrinkage,33,-3,30,-60.69,Shrinkage,,False,
ADJ-0001177,PH-005,PRD-00646,EMP-0092,EMP-0100,2026-07-09 19:00:00,Cycle Count,93,2,95,46.46,Cycle Count,,False,
ADJ-0001178,PH-005,PRD-00279,EMP-0089,EMP-0089,2026-07-26 15:00:00,Shrinkage,71,-11,60,-257.18,Shrinkage,,True,Large variance
ADJ-0001179,PH-005,PRD-00361,EMP-0104,EMP-0101,2026-07-15 21:00:00,Cycle Count,14,3,17,60.6,Cycle Count,,False,
ADJ-0001180,PH-005,PRD-00609,EMP-0103,EMP-0090,2026-07-13 12:00:00,Cycle Count,40,2,42,65.1,Cycle Count,,False,
ADJ-0001181,PH-005,PRD-00650,EMP-0103,EMP-0100,2026-07-22 13:00:00,Shrinkage,19,-7,12,-60.62,Shrinkage,,True,Large variance
ADJ-0001182,PH-005,PRD-00665,EMP-0104,EMP-0090,2026-07-20 12:00:00,Shrinkage,71,-2,69,-67.28,Shrinkage,,False,
ADJ-0001183,PH-005,PRD-00070,EMP-0110,EMP-0101,2026-07-10 17:00:00,Shrinkage,99,-14,85,-235.2,Shrinkage,,True,Large variance
ADJ-0001184,PH-005,PRD-00548,EMP-0103,EMP-0089,2026-07-30 14:00:00,Shrinkage,74,-3,71,-96.27,Shrinkage,,False,
ADJ-0001185,PH-005,PRD-00420,EMP-0101,EMP-0091,2026-07-29 14:00:00,Cycle Count,23,2,25,59.98,Cycle Count,,False,
ADJ-0001186,PH-005,PRD-00226,EMP-0110,EMP-0101,2026-07-27 20:00:00,Cycle Count,66,1,67,30.78,Cycle Count,,False,
ADJ-0001187,PH-005,PRD-00386,EMP-0099,EMP-0089,2026-07-28 11:00:00,Cycle Count,16,3,19,62.76,Cycle Count,,False,
ADJ-0001188,PH-005,PRD-00098,EMP-0110,EMP-0089,2026-07-07 17:00:00,Cycle Count,95,3,98,53.28,Cycle Count,,False,
ADJ-0001189,PH-005,PRD-00376,EMP-0097,EMP-0089,2026-07-11 20:00:00,Cycle Count,26,3,29,4.92,Cycle Count,,False,
ADJ-0001190,PH-005,PRD-00042,EMP-0097,EMP-0101,2026-07-17 19:00:00,Shrinkage,34,-1,33,-26.51,Shrinkage,,False,
ADJ-0001191,PH-005,PRD-00284,EMP-0102,EMP-0090,2026-07-08 13:00:00,Shrinkage,81,-3,78,-82.32,Shrinkage,,False,
ADJ-0001192,PH-005,PRD-00073,EMP-0095,EMP-0089,2026-07-27 18:00:00,Shrinkage,27,-3,24,-55.56,Shrinkage,,False,
ADJ-0001193,PH-005,PRD-00373,EMP-0101,EMP-0089,2026-07-29 18:00:00,Shrinkage,85,-2,83,-35.68,Shrinkage,,False,
ADJ-0001194,PH-005,PRD-00661,EMP-0105,EMP-0089,2026-07-23 13:00:00,Cycle Count,37,1,38,24.44,Cycle Count,,False,
ADJ-0001195,PH-005,PRD-00196,EMP-0107,EMP-0101,2026-07-03 08:00:00,Shrinkage,63,-1,62,-28.31,Shrinkage,,False,
ADJ-0001196,PH-005,PRD-00059,EMP-0105,EMP-0091,2026-07-21 21:00:00,Cycle Count,93,1,94,10.9,Cycle Count,,False,
ADJ-0001197,PH-005,PRD-00108,EMP-0096,EMP-0091,2026-07-12 21:00:00,Shrinkage,70,-15,55,-355.65,Shrinkage,,True,Large variance
ADJ-0001198,PH-005,PRD-00542,EMP-0104,EMP-0090,2026-07-07 10:00:00,Shrinkage,96,-1,95,-16.9,Shrinkage,,False,
ADJ-0001199,PH-005,PRD-00139,EMP-0095,EMP-0100,2026-07-27 11:00:00,Shrinkage,60,-12,48,-188.04,Shrinkage,,True,Large variance
ADJ-0001200,PH-005,PRD-00308,EMP-0104,EMP-0101,2026-07-31 15:00:00,Cycle Count,44,2,46,56.34,Cycle Count,,False,
ADJ-0001201,PH-005,PRD-00297,EMP-0101,EMP-0091,2026-07-16 21:00:00,Shrinkage,48,-3,45,-12.39,Shrinkage,,False,
ADJ-0001202,PH-005,PRD-00266,EMP-0104,EMP-0089,2026-07-04 16:00:00,Shrinkage,30,-1,29,-18.98,Shrinkage,,False,
ADJ-0001203,PH-005,PRD-00773,EMP-0093,EMP-0090,2026-07-14 08:00:00,Shrinkage,22,-3,19,-24.84,Shrinkage,,False,
ADJ-0001204,PH-005,PRD-00097,EMP-0090,EMP-0101,2026-07-29 19:00:00,Cycle Count,95,3,98,104.25,Cycle Count,,False,
ADJ-0001205,PH-005,PRD-00440,EMP-0102,EMP-0101,2026-07-18 19:00:00,Shrinkage,69,-2,67,-22.46,Shrinkage,,False,
ADJ-0001206,PH-005,PRD-00477,EMP-0102,EMP-0101,2026-07-09 17:00:00,Cycle Count,56,3,59,103.08,Cycle Count,,False,
ADJ-0001207,PH-005,PRD-00598,EMP-0105,EMP-0100,2026-07-29 17:00:00,Shrinkage,1,-1,0,-17.87,Shrinkage,,False,
ADJ-0001208,PH-005,PRD-00496,EMP-0098,EMP-0100,2026-07-16 13:00:00,Cycle Count,23,3,26,18.06,Cycle Count,,False,
ADJ-0001209,PH-005,PRD-00167,EMP-0091,EMP-0091,2026-07-15 09:00:00,Shrinkage,86,-15,71,-306.75,Shrinkage,,True,Large variance
ADJ-0001210,PH-005,PRD-00471,EMP-0097,EMP-0091,2026-07-05 11:00:00,Shrinkage,55,-3,52,-100.5,Shrinkage,,False,
ADJ-0001211,PH-005,PRD-00039,EMP-0110,EMP-0100,2026-07-04 16:00:00,Shrinkage,0,0,0,0.0,Shrinkage,,False,
ADJ-0001212,PH-005,PRD-00370,EMP-0108,EMP-0090,2026-07-29 21:00:00,Shrinkage,71,-6,65,-95.64,Shrinkage,,True,Large variance
ADJ-0001213,PH-005,PRD-00763,EMP-0106,EMP-0089,2026-07-22 11:00:00,Cycle Count,18,2,20,1.82,Cycle Count,,False,
ADJ-0001214,PH-005,PRD-00136,EMP-0103,EMP-0100,2026-07-04 08:00:00,Cycle Count,53,2,55,58.58,Cycle Count,,False,
ADJ-0001215,PH-005,PRD-00740,EMP-0089,EMP-0091,2026-07-11 13:00:00,Cycle Count,7,3,10,82.47,Cycle Count,,False,
ADJ-0001216,PH-005,PRD-00629,EMP-0099,EMP-0100,2026-07-07 09:00:00,Cycle Count,34,1,35,27.35,Cycle Count,,False,
ADJ-0001217,PH-005,PRD-00012,EMP-0089,EMP-0090,2026-07-16 19:00:00,Shrinkage,29,-1,28,-0.87,Shrinkage,,False,
ADJ-0001218,PH-005,PRD-00027,EMP-0092,EMP-0089,2026-07-05 09:00:00,Cycle Count,69,3,72,24.21,Cycle Count,,False,
ADJ-0001219,PH-005,PRD-00660,EMP-0097,EMP-0100,2026-07-19 19:00:00,Shrinkage,61,-3,58,-48.57,Shrinkage,,False,
ADJ-0001220,PH-005,PRD-00529,EMP-0096,EMP-0089,2026-07-02 21:00:00,Shrinkage,17,-13,4,-181.35,Shrinkage,,True,Large variance
ADJ-0001221,PH-005,PRD-00793,EMP-0105,EMP-0100,2026-07-15 11:00:00,Shrinkage,88,-5,83,-138.5,Shrinkage,,True,Large variance
ADJ-0001222,PH-005,PRD-00628,EMP-0093,EMP-0089,2026-07-31 08:00:00,Cycle Count,18,2,20,34.92,Cycle Count,,False,
ADJ-0001223,PH-005,PRD-00186,EMP-0099,EMP-0089,2026-07-26 13:00:00,Shrinkage,60,-1,59,-25.05,Shrinkage,,False,
ADJ-0001224,PH-005,PRD-00534,EMP-0098,EMP-0090,2026-07-22 09:00:00,Cycle Count,55,1,56,26.98,Cycle Count,,False,
ADJ-0001225,PH-005,PRD-00733,EMP-0089,EMP-0100,2026-07-31 10:00:00,Shrinkage,85,-14,71,-450.66,Shrinkage,,True,Large variance
ADJ-0001226,PH-005,PRD-00154,EMP-0094,EMP-0089,2026-07-06 10:00:00,Cycle Count,64,1,65,3.39,Cycle Count,,False,
ADJ-0001227,PH-005,PRD-00449,EMP-0102,EMP-0091,2026-07-24 08:00:00,Shrinkage,7,-1,6,-32.71,Shrinkage,,False,
ADJ-0001228,PH-005,PRD-00535,EMP-0092,EMP-0101,2026-07-25 08:00:00,Cycle Count,83,1,84,25.04,Cycle Count,,False,
ADJ-0001229,PH-005,PRD-00041,EMP-0108,EMP-0089,2026-07-17 11:00:00,Shrinkage,57,-3,54,-20.91,Shrinkage,,False,
ADJ-0001230,PH-005,PRD-00760,EMP-0092,EMP-0090,2026-07-07 10:00:00,Shrinkage,41,-6,35,-5.82,Shrinkage,,True,Large variance
ADJ-0001231,PH-005,PRD-00214,EMP-0095,EMP-0101,2026-07-09 20:00:00,Shrinkage,22,-3,19,-8.64,Shrinkage,,False,
ADJ-0001232,PH-005,PRD-00596,EMP-0103,EMP-0089,2026-07-06 21:00:00,Shrinkage,88,-3,85,-35.58,Shrinkage,,False,
ADJ-0001233,PH-005,PRD-00538,EMP-0101,EMP-0101,2026-07-06 09:00:00,Shrinkage,18,-18,0,-478.98,Shrinkage,,True,Large variance
ADJ-0001234,PH-005,PRD-00758,EMP-0109,EMP-0090,2026-07-28 19:00:00,Cycle Count,81,2,83,9.78,Cycle Count,,False,
ADJ-0001235,PH-005,PRD-00664,EMP-0102,EMP-0091,2026-07-17 17:00:00,Shrinkage,18,-12,6,-30.12,Shrinkage,,True,Large variance
ADJ-0001236,PH-005,PRD-00676,EMP-0109,EMP-0100,2026-07-29 12:00:00,Shrinkage,66,-1,65,-28.04,Shrinkage,,False,
ADJ-0001237,PH-005,PRD-00669,EMP-0110,EMP-0100,2026-07-16 17:00:00,Shrinkage,79,-2,77,-30.06,Shrinkage,,False,
ADJ-0001238,PH-005,PRD-00212,EMP-0108,EMP-0100,2026-07-12 08:00:00,Shrinkage,79,-13,66,-289.77,Shrinkage,,True,Large variance
ADJ-0001239,PH-005,PRD-00368,EMP-0107,EMP-0100,2026-07-13 21:00:00,Shrinkage,27,-2,25,-2.32,Shrinkage,,False,
ADJ-0001240,PH-005,PRD-00261,EMP-0109,EMP-0100,2026-07-25 20:00:00,Cycle Count,14,2,16,17.26,Cycle Count,,False,
ADJ-0001241,PH-005,PRD-00392,EMP-0094,EMP-0100,2026-07-28 09:00:00,Shrinkage,6,-2,4,-27.22,Shrinkage,,False,
ADJ-0001242,PH-005,PRD-00334,EMP-0100,EMP-0100,2026-07-20 10:00:00,Cycle Count,2,3,5,68.16,Cycle Count,,False,
ADJ-0001243,PH-005,PRD-00571,EMP-0097,EMP-0100,2026-07-23 20:00:00,Cycle Count,43,3,46,71.43,Cycle Count,,False,
ADJ-0001244,PH-005,PRD-00566,EMP-0107,EMP-0090,2026-07-22 12:00:00,Cycle Count,56,2,58,35.72,Cycle Count,,False,
ADJ-0001245,PH-005,PRD-00588,EMP-0110,EMP-0101,2026-07-10 21:00:00,Cycle Count,30,3,33,4.23,Cycle Count,,False,
ADJ-0001246,PH-005,PRD-00663,EMP-0096,EMP-0089,2026-07-22 18:00:00,Cycle Count,74,3,77,41.37,Cycle Count,,False,
ADJ-0001247,PH-005,PRD-00653,EMP-0093,EMP-0091,2026-07-31 10:00:00,Cycle Count,96,2,98,13.62,Cycle Count,,False,
ADJ-0001248,PH-005,PRD-00083,EMP-0096,EMP-0089,2026-07-06 18:00:00,Cycle Count,58,3,61,32.94,Cycle Count,,False,
ADJ-0001249,PH-005,PRD-00178,EMP-0109,EMP-0101,2026-07-27 15:00:00,Shrinkage,29,-1,28,-15.95,Shrinkage,,False,
ADJ-0001250,PH-005,PRD-00436,EMP-0107,EMP-0101,2026-07-04 12:00:00,Cycle Count,49,1,50,26.82,Cycle Count,,False,
ADJ-0001251,PH-005,PRD-00761,EMP-0091,EMP-0101,2026-07-20 13:00:00,Shrinkage,2,-2,0,-15.62,Shrinkage,,True,Large variance
ADJ-0001252,PH-005,PRD-00623,EMP-0101,EMP-0091,2026-07-13 19:00:00,Shrinkage,33,-3,30,-91.62,Shrinkage,,False,
ADJ-0001253,PH-005,PRD-00701,EMP-0096,EMP-0091,2026-07-25 17:00:00,Cycle Count,65,2,67,10.22,Cycle Count,,False,
ADJ-0001254,PH-005,PRD-00695,EMP-0105,EMP-0101,2026-07-04 20:00:00,Shrinkage,0,0,0,0.0,Shrinkage,,False,
ADJ-0001255,PH-005,PRD-00788,EMP-0094,EMP-0091,2026-07-02 09:00:00,Shrinkage,20,-2,18,-26.72,Shrinkage,,False,
ADJ-0001256,PH-005,PRD-00293,EMP-0093,EMP-0101,2026-07-26 18:00:00,Cycle Count,81,3,84,69.93,Cycle Count,,False,
ADJ-0001257,PH-005,PRD-00094,EMP-0096,EMP-0100,2026-07-19 19:00:00,Shrinkage,14,-14,0,-316.4,Shrinkage,,True,Large variance
ADJ-0001258,PH-005,PRD-00345,EMP-0106,EMP-0100,2026-07-31 13:00:00,Shrinkage,29,-1,28,-2.73,Shrinkage,,False,
ADJ-0001259,PH-005,PRD-00106,EMP-0097,EMP-0090,2026-07-08 16:00:00,Cycle Count,76,2,78,45.02,Cycle Count,,False,
ADJ-0001260,PH-005,PRD-00069,EMP-0105,EMP-0090,2026-07-23 10:00:00,Shrinkage,81,-2,79,-63.72,Shrinkage,,False,
ADJ-0001261,PH-005,PRD-00481,EMP-0105,EMP-0090,2026-07-09 12:00:00,Shrinkage,7,-3,4,-12.78,Shrinkage,,False,
ADJ-0001262,PH-005,PRD-00255,EMP-0100,EMP-0100,2026-07-03 16:00:00,Shrinkage,58,-2,56,-56.62,Shrinkage,,False,
ADJ-0001263,PH-005,PRD-00126,EMP-0096,EMP-0101,2026-07-22 17:00:00,Shrinkage,99,-1,98,-12.74,Shrinkage,,False,
ADJ-0001264,PH-005,PRD-00413,EMP-0102,EMP-0100,2026-07-08 18:00:00,Shrinkage,7,-7,0,-111.51,Shrinkage,,True,Large variance
ADJ-0001265,PH-005,PRD-00066,EMP-0102,EMP-0090,2026-07-07 10:00:00,Cycle Count,3,1,4,6.7,Cycle Count,,False,
ADJ-0001266,PH-005,PRD-00054,EMP-0100,EMP-0090,2026-07-13 10:00:00,Cycle Count,34,1,35,3.68,Cycle Count,,False,
ADJ-0001267,PH-005,PRD-00648,EMP-0104,EMP-0101,2026-07-25 13:00:00,Cycle Count,76,1,77,26.29,Cycle Count,,False,
ADJ-0001268,PH-005,PRD-00088,EMP-0102,EMP-0089,2026-07-06 10:00:00,Shrinkage,66,-2,64,-55.04,Shrinkage,,False,
ADJ-0001269,PH-005,PRD-00149,EMP-0102,EMP-0091,2026-07-20 20:00:00,Cycle Count,38,2,40,64.38,Cycle Count,,False,
ADJ-0001270,PH-005,PRD-00700,EMP-0095,EMP-0090,2026-07-31 19:00:00,Shrinkage,49,-11,38,-187.33,Shrinkage,,True,Large variance
ADJ-0001271,PH-005,PRD-00652,EMP-0100,EMP-0089,2026-07-13 11:00:00,Cycle Count,20,2,22,29.48,Cycle Count,,False,
ADJ-0001272,PH-005,PRD-00465,EMP-0106,EMP-0089,2026-07-08 10:00:00,Cycle Count,38,3,41,23.49,Cycle Count,,False,
ADJ-0001273,PH-005,PRD-00192,EMP-0091,EMP-0091,2026-07-05 15:00:00,Cycle Count,34,3,37,94.2,Cycle Count,,False,
ADJ-0001274,PH-005,PRD-00572,EMP-0103,EMP-0091,2026-07-20 16:00:00,Shrinkage,84,-15,69,-502.65,Shrinkage,,True,Large variance
ADJ-0001275,PH-005,PRD-00582,EMP-0104,EMP-0101,2026-07-03 10:00:00,Shrinkage,1,-1,0,-1.11,Shrinkage,,False,
ADJ-0001276,PH-005,PRD-00286,EMP-0092,EMP-0101,2026-07-16 17:00:00,Shrinkage,4,-1,3,-15.17,Shrinkage,,False,
ADJ-0001277,PH-005,PRD-00547,EMP-0106,EMP-0090,2026-07-07 16:00:00,Cycle Count,98,2,100,15.22,Cycle Count,,False,
ADJ-0001278,PH-005,PRD-00780,EMP-0090,EMP-0089,2026-07-13 20:00:00,Cycle Count,48,3,51,62.22,Cycle Count,,False,
ADJ-0001279,PH-005,PRD-00181,EMP-0099,EMP-0100,2026-07-28 13:00:00,Shrinkage,2,-2,0,-26.3,Shrinkage,,True,Large variance
ADJ-0001280,PH-005,PRD-00509,EMP-0092,EMP-0101,2026-07-18 13:00:00,Shrinkage,38,-5,33,-32.65,Shrinkage,,True,Large variance
ADJ-0001281,PH-005,PRD-00752,EMP-0091,EMP-0091,2026-07-14 11:00:00,Shrinkage,0,0,0,0.0,Shrinkage,,True,Large variance
ADJ-0001282,PH-005,PRD-00735,EMP-0091,EMP-0101,2026-07-20 20:00:00,Cycle Count,13,1,14,34.77,Cycle Count,,False,
ADJ-0001283,PH-005,PRD-00092,EMP-0100,EMP-0090,2026-07-20 13:00:00,Shrinkage,64,-1,63,-13.03,Shrinkage,,False,
ADJ-0001284,PH-005,PRD-00785,EMP-0103,EMP-0100,2026-07-08 13:00:00,Shrinkage,47,-2,45,-17.84,Shrinkage,,False,
ADJ-0001285,PH-005,PRD-00746,EMP-0104,EMP-0089,2026-07-19 09:00:00,Shrinkage,96,-3,93,-2.58,Shrinkage,,False,
ADJ-0001286,PH-005,PRD-00607,EMP-0092,EMP-0100,2026-07-10 19:00:00,Cycle Count,86,2,88,34.74,Cycle Count,,False,
ADJ-0001287,PH-005,PRD-00457,EMP-0103,EMP-0089,2026-07-22 10:00:00,Shrinkage,19,-2,17,-68.18,Shrinkage,,False,
ADJ-0001288,PH-005,PRD-00359,EMP-0099,EMP-0101,2026-07-26 09:00:00,Shrinkage,69,-2,67,-68.12,Shrinkage,,False,
ADJ-0001289,PH-005,PRD-00719,EMP-0092,EMP-0101,2026-07-30 21:00:00,Shrinkage,17,-1,16,-4.63,Shrinkage,,False,
ADJ-0001290,PH-005,PRD-00354,EMP-0110,EMP-0101,2026-07-04 14:00:00,Cycle Count,33,1,34,33.43,Cycle Count,,False,
ADJ-0001291,PH-005,PRD-00047,EMP-0091,EMP-0090,2026-07-25 16:00:00,Shrinkage,60,-1,59,-24.4,Shrinkage,,False,
ADJ-0001292,PH-005,PRD-00288,EMP-0107,EMP-0091,2026-07-21 17:00:00,Shrinkage,8,-2,6,-24.42,Shrinkage,,False,
ADJ-0001293,PH-005,PRD-00559,EMP-0095,EMP-0101,2026-07-30 17:00:00,Shrinkage,63,-2,61,-28.76,Shrinkage,,False,
ADJ-0001294,PH-005,PRD-00480,EMP-0103,EMP-0100,2026-07-10 13:00:00,Cycle Count,51,2,53,48.32,Cycle Count,,False,
ADJ-0001295,PH-005,PRD-00350,EMP-0102,EMP-0089,2026-07-24 15:00:00,Shrinkage,93,-2,91,-12.94,Shrinkage,,False,
ADJ-0001296,PH-005,PRD-00424,EMP-0102,EMP-0090,2026-07-09 20:00:00,Cycle Count,55,2,57,2.0,Cycle Count,,False,
ADJ-0001297,PH-005,PRD-00329,EMP-0109,EMP-0091,2026-07-14 13:00:00,Shrinkage,47,-3,44,-39.27,Shrinkage,,False,
ADJ-0001298,PH-005,PRD-00074,EMP-0102,EMP-0090,2026-07-08 11:00:00,Cycle Count,14,1,15,12.67,Cycle Count,,False,
ADJ-0001299,PH-005,PRD-00686,EMP-0103,EMP-0090,2026-07-21 12:00:00,Cycle Count,29,3,32,40.71,Cycle Count,,False,
ADJ-0001300,PH-005,PRD-00003,EMP-0096,EMP-0090,2026-07-30 10:00:00,Cycle Count,47,3,50,62.28,Cycle Count,,False,
ADJ-0001301,PH-005,PRD-00032,EMP-0092,EMP-0090,2026-07-26 17:00:00,Shrinkage,93,-2,91,-37.88,Shrinkage,,False,
ADJ-0001302,PH-005,PRD-00776,EMP-0090,EMP-0100,2026-07-19 18:00:00,Shrinkage,11,-11,0,-352.55,Shrinkage,,True,Large variance
ADJ-0001303,PH-005,PRD-00725,EMP-0109,EMP-0091,2026-07-31 15:00:00,Cycle Count,50,2,52,36.14,Cycle Count,,False,
ADJ-0001304,PH-005,PRD-00558,EMP-0094,EMP-0090,2026-07-14 14:00:00,Shrinkage,56,-1,55,-22.01,Shrinkage,,False,
ADJ-0001305,PH-005,PRD-00233,EMP-0092,EMP-0101,2026-07-09 15:00:00,Cycle Count,66,3,69,67.89,Cycle Count,,False,
ADJ-0001306,PH-005,PRD-00157,EMP-0110,EMP-0089,2026-07-23 19:00:00,Shrinkage,23,-20,3,-210.2,Shrinkage,,True,Large variance
ADJ-0001307,PH-005,PRD-00703,EMP-0102,EMP-0090,2026-07-02 08:00:00,Cycle Count,47,1,48,3.01,Cycle Count,,False,
ADJ-0001308,PH-005,PRD-00493,EMP-0100,EMP-0090,2026-07-24 09:00:00,Shrinkage,91,-3,88,-32.7,Shrinkage,,False,
