snapshot_id,snapshot_date,store_id,product_id,system_quantity,counted_quantity,variance_quantity,variance_value,expired_quantity,status
SNP-00000001,2026-07-31,PH-001,PRD-00262,90,91,1,26.08,0,Minor Variance
SNP-00000002,2026-07-31,PH-001,PRD-00339,21,18,-3,-41.91,0,Minor Variance
SNP-00000003,2026-07-31,PH-001,PRD-00129,26,26,0,0.0,0,Matched
SNP-00000004,2026-07-31,PH-001,PRD-00715,100,102,2,62.12,0,Minor Variance
SNP-00000005,2026-07-31,PH-001,PRD-00460,71,69,-2,-45.44,0,Minor Variance
SNP-00000006,2026-07-31,PH-001,PRD-00695,30,30,0,0.0,0,Matched
SNP-00000007,2026-07-31,PH-001,PRD-00712,0,0,0,0.0,0,Out of Stock
SNP-00000008,2026-07-31,PH-001,PRD-00204,28,31,3,60.84,0,Minor Variance
SNP-00000009,2026-07-31,PH-001,PRD-00141,50,50,0,0.0,0,Matched
SNP-00000010,2026-07-31,PH-001,PRD-00547,94,97,3,22.83,0,Minor Variance
SNP-00000011,2026-07-31,PH-001,PRD-00352,10,8,-2,-52.24,0,Minor Variance
SNP-00000012,2026-07-31,PH-001,PRD-00392,56,59,3,40.83,0,Minor Variance
SNP-00000013,2026-07-31,PH-001,PRD-00557,84,87,3,14.58,0,Minor Variance
SNP-00000014,2026-07-31,PH-001,PRD-00049,96,98,2,57.82,0,Minor Variance
SNP-00000015,2026-07-31,PH-001,PRD-00388,13,11,-2,-45.32,0,Minor Variance
SNP-00000016,2026-07-31,PH-001,PRD-00743,1,4,3,9.75,0,Minor Variance
SNP-00000017,2026-07-31,PH-001,PRD-00239,43,40,-3,-42.93,0,Minor Variance
SNP-00000018,2026-07-31,PH-001,PRD-00134,53,51,-2,-2.02,0,Minor Variance
SNP-00000019,2026-07-31,PH-001,PRD-00029,20,18,-2,-59.7,0,Minor Variance
SNP-00000020,2026-07-31,PH-001,PRD-00355,31,31,0,0.0,0,Matched
SNP-00000021,2026-07-31,PH-001,PRD-00582,44,42,-2,-2.22,0,Minor Variance
SNP-00000022,2026-07-31,PH-001,PRD-00646,65,65,0,0.0,0,Matched
SNP-00000023,2026-07-31,PH-001,PRD-00602,66,68,2,23.68,0,Minor Variance
SNP-00000024,2026-07-31,PH-001,PRD-00487,5,6,1,32.86,0,Minor Variance
SNP-00000025,2026-07-31,PH-001,PRD-00362,93,94,1,29.24,0,Minor Variance
SNP-00000026,2026-07-31,PH-001,PRD-00346,57,59,2,52.3,0,Minor Variance
SNP-00000027,2026-07-31,PH-001,PRD-00135,6,7,1,1.01,0,Minor Variance
SNP-00000028,2026-07-31,PH-001,PRD-00451,2,1,-1,-9.8,0,Minor Variance
SNP-00000029,2026-07-31,PH-001,PRD-00240,42,43,1,2.93,0,Minor Variance
SNP-00000030,2026-07-31,PH-001,PRD-00200,0,0,0,0.0,0,Out of Stock
SNP-00000031,2026-07-31,PH-001,PRD-00269,47,45,-2,-40.2,0,Minor Variance
SNP-00000032,2026-07-31,PH-001,PRD-00704,72,70,-2,-17.68,0,Minor Variance
SNP-00000033,2026-07-31,PH-001,PRD-00677,63,65,2,39.88,0,Minor Variance
SNP-00000034,2026-07-31,PH-001,PRD-00675,55,54,-1,-31.02,0,Minor Variance
SNP-00000035,2026-07-31,PH-001,PRD-00688,25,23,-2,-57.82,0,Minor Variance
SNP-00000036,2026-07-31,PH-001,PRD-00588,83,85,2,2.82,0,Minor Variance
SNP-00000037,2026-07-31,PH-001,PRD-00480,2,4,2,48.32,0,Minor Variance
SNP-00000038,2026-07-31,PH-001,PRD-00228,99,97,-2,-24.16,0,Minor Variance
SNP-00000039,2026-07-31,PH-001,PRD-00409,12,10,-2,-61.78,0,Minor Variance
SNP-00000040,2026-07-31,PH-001,PRD-00703,54,55,1,3.01,0,Minor Variance
SNP-00000041,2026-07-31,PH-001,PRD-00195,2,1,-1,-21.92,0,Minor Variance
SNP-00000042,2026-07-31,PH-001,PRD-00427,100,97,-3,-76.35,0,Minor Variance
SNP-00000043,2026-07-31,PH-001,PRD-00768,1,0,-1,-15.99,0,Out of Stock
SNP-00000044,2026-07-31,PH-001,PRD-00545,5,8,3,54.72,0,Minor Variance
SNP-00000045,2026-07-31,PH-001,PRD-00180,12,11,-1,-29.82,0,Minor Variance
SNP-00000046,2026-07-31,PH-001,PRD-00585,24,26,2,45.76,0,Minor Variance
SNP-00000047,2026-07-31,PH-001,PRD-00767,48,51,3,97.29,0,Minor Variance
SNP-00000048,2026-07-31,PH-001,PRD-00439,39,39,0,0.0,0,Matched
SNP-00000049,2026-07-31,PH-001,PRD-00297,0,2,2,8.26,0,Minor Variance
SNP-00000050,2026-07-31,PH-001,PRD-00417,55,54,-1,-7.57,0,Minor Variance
SNP-00000051,2026-07-31,PH-001,PRD-00590,62,59,-3,-45.42,0,Minor Variance
SNP-00000052,2026-07-31,PH-001,PRD-00122,54,52,-2,-18.96,0,Minor Variance
SNP-00000053,2026-07-31,PH-001,PRD-00639,21,21,0,0.0,0,Matched
SNP-00000054,2026-07-31,PH-001,PRD-00432,59,60,1,16.63,0,Minor Variance
SNP-00000055,2026-07-31,PH-001,PRD-00496,32,32,0,0.0,0,Matched
SNP-00000056,2026-07-31,PH-001,PRD-00171,68,71,3,37.05,0,Minor Variance
SNP-00000057,2026-07-31,PH-001,PRD-00408,1,1,0,0.0,0,Matched
SNP-00000058,2026-07-31,PH-001,PRD-00413,86,86,0,0.0,0,Matched
SNP-00000059,2026-07-31,PH-001,PRD-00032,88,91,3,56.82,0,Minor Variance
SNP-00000060,2026-07-31,PH-001,PRD-00438,43,45,2,66.58,0,Minor Variance
SNP-00000061,2026-07-31,PH-001,PRD-00475,52,54,2,29.78,0,Minor Variance
SNP-00000062,2026-07-31,PH-001,PRD-00321,41,43,2,60.9,0,Minor Variance
SNP-00000063,2026-07-31,PH-001,PRD-00207,37,39,2,10.88,0,Minor Variance
SNP-00000064,2026-07-31,PH-001,PRD-00306,69,70,1,7.5,0,Minor Variance
SNP-00000065,2026-07-31,PH-001,PRD-00793,94,94,0,0.0,0,Matched
SNP-00000066,2026-07-31,PH-001,PRD-00572,54,54,0,0.0,0,Matched
SNP-00000067,2026-07-31,PH-001,PRD-00039,3,0,-3,-30.3,0,Out of Stock
SNP-00000068,2026-07-31,PH-001,PRD-00578,37,38,1,10.48,0,Minor Variance
SNP-00000069,2026-07-31,PH-001,PRD-00448,56,54,-2,-68.16,0,Minor Variance
SNP-00000070,2026-07-31,PH-001,PRD-00579,96,93,-3,-90.66,0,Minor Variance
SNP-00000071,2026-07-31,PH-001,PRD-00756,31,32,1,8.3,0,Minor Variance
SNP-00000072,2026-07-31,PH-001,PRD-00684,10,11,1,14.09,0,Minor Variance
SNP-00000073,2026-07-31,PH-001,PRD-00310,88,86,-2,-30.48,0,Minor Variance
SNP-00000074,2026-07-31,PH-001,PRD-00302,86,88,2,65.2,0,Minor Variance
SNP-00000075,2026-07-31,PH-001,PRD-00224,46,43,-3,-8.34,0,Minor Variance
SNP-00000076,2026-07-31,PH-001,PRD-00062,24,25,1,14.47,0,Minor Variance
SNP-00000077,2026-07-31,PH-001,PRD-00173,81,84,3,98.16,0,Minor Variance
SNP-00000078,2026-07-31,PH-001,PRD-00023,45,42,-3,-9.45,0,Minor Variance
SNP-00000079,2026-07-31,PH-001,PRD-00380,31,28,-3,-38.4,0,Minor Variance
SNP-00000080,2026-07-31,PH-001,PRD-00710,81,80,-1,-14.59,0,Minor Variance
SNP-00000081,2026-07-31,PH-001,PRD-00449,31,31,0,0.0,0,Matched
SNP-00000082,2026-07-31,PH-001,PRD-00428,10,12,2,41.44,0,Minor Variance
SNP-00000083,2026-07-31,PH-001,PRD-00149,31,33,2,64.38,0,Minor Variance
SNP-00000084,2026-07-31,PH-001,PRD-00307,63,61,-2,-43.38,0,Minor Variance
SNP-00000085,2026-07-31,PH-001,PRD-00275,39,40,1,20.16,0,Minor Variance
SNP-00000086,2026-07-31,PH-001,PRD-00575,4,7,3,90.03,0,Minor Variance
SNP-00000087,2026-07-31,PH-001,PRD-00088,28,28,0,0.0,0,Matched
SNP-00000088,2026-07-31,PH-001,PRD-00483,82,82,0,0.0,0,Matched
SNP-00000089,2026-07-31,PH-001,PRD-00360,38,39,1,16.45,0,Minor Variance
SNP-00000090,2026-07-31,PH-001,PRD-00721,29,28,-1,-19.22,0,Minor Variance
SNP-00000091,2026-07-31,PH-001,PRD-00611,62,60,-2,-8.16,0,Minor Variance
SNP-00000092,2026-07-31,PH-001,PRD-00521,24,24,0,0.0,0,Matched
SNP-00000093,2026-07-31,PH-001,PRD-00181,88,91,3,39.45,0,Minor Variance
SNP-00000094,2026-07-31,PH-001,PRD-00672,94,94,0,0.0,0,Matched
SNP-00000095,2026-07-31,PH-001,PRD-00598,2,3,1,17.87,0,Minor Variance
SNP-00000096,2026-07-31,PH-001,PRD-00237,44,42,-2,-31.76,0,Minor Variance
SNP-00000097,2026-07-31,PH-001,PRD-00033,4,3,-1,-31.48,0,Minor Variance
SNP-00000098,2026-07-31,PH-001,PRD-00778,88,86,-2,-39.76,0,Minor Variance
SNP-00000099,2026-07-31,PH-001,PRD-00110,31,28,-3,-90.15,0,Minor Variance
SNP-00000100,2026-07-31,PH-001,PRD-00456,42,44,2,34.56,0,Minor Variance
SNP-00000101,2026-07-31,PH-001,PRD-00724,87,89,2,40.74,0,Minor Variance
SNP-00000102,2026-07-31,PH-001,PRD-00121,24,22,-2,-24.72,0,Minor Variance
SNP-00000103,2026-07-31,PH-001,PRD-00031,45,48,3,55.47,0,Minor Variance
SNP-00000104,2026-07-31,PH-001,PRD-00447,100,99,-1,-21.91,0,Minor Variance
SNP-00000105,2026-07-31,PH-001,PRD-00679,41,39,-2,-51.12,0,Minor Variance
SNP-00000106,2026-07-31,PH-001,PRD-00400,84,82,-2,-62.8,0,Minor Variance
SNP-00000107,2026-07-31,PH-001,PRD-00735,96,95,-1,-34.77,0,Minor Variance
SNP-00000108,2026-07-31,PH-001,PRD-00733,8,8,0,0.0,0,Matched
SNP-00000109,2026-07-31,PH-001,PRD-00139,35,38,3,47.01,0,Minor Variance
SNP-00000110,2026-07-31,PH-001,PRD-00044,8,10,2,15.16,0,Minor Variance
SNP-00000111,2026-07-31,PH-001,PRD-00163,98,98,0,0.0,0,Matched
SNP-00000112,2026-07-31,PH-001,PRD-00273,82,85,3,94.65,0,Minor Variance
SNP-00000113,2026-07-31,PH-001,PRD-00493,73,70,-3,-32.7,0,Minor Variance
SNP-00000114,2026-07-31,PH-001,PRD-00411,43,40,-3,-26.67,0,Minor Variance
SNP-00000115,2026-07-31,PH-001,PRD-00162,52,54,2,35.88,0,Minor Variance
SNP-00000116,2026-07-31,PH-001,PRD-00177,72,73,1,11.75,0,Minor Variance
SNP-00000117,2026-07-31,PH-001,PRD-00270,78,77,-1,-13.74,0,Minor Variance
SNP-00000118,2026-07-31,PH-001,PRD-00372,18,15,-3,-24.3,0,Minor Variance
SNP-00000119,2026-07-31,PH-001,PRD-00227,14,15,1,19.36,0,Minor Variance
SNP-00000120,2026-07-31,PH-001,PRD-00370,27,24,-3,-47.82,0,Minor Variance
SNP-00000121,2026-07-31,PH-001,PRD-00628,91,89,-2,-34.92,0,Minor Variance
SNP-00000122,2026-07-31,PH-001,PRD-00696,45,46,1,11.45,0,Minor Variance
SNP-00000123,2026-07-31,PH-001,PRD-00230,56,59,3,71.01,0,Minor Variance
SNP-00000124,2026-07-31,PH-001,PRD-00223,89,89,0,0.0,0,Matched
SNP-00000125,2026-07-31,PH-001,PRD-00074,43,43,0,0.0,0,Matched
SNP-00000126,2026-07-31,PH-001,PRD-00741,80,79,-1,-6.84,0,Minor Variance
SNP-00000127,2026-07-31,PH-001,PRD-00510,92,90,-2,-51.7,0,Minor Variance
SNP-00000128,2026-07-31,PH-001,PRD-00350,25,27,2,12.94,0,Minor Variance
SNP-00000129,2026-07-31,PH-001,PRD-00108,82,83,1,23.71,0,Minor Variance
SNP-00000130,2026-07-31,PH-001,PRD-00706,83,84,1,27.17,0,Minor Variance
SNP-00000131,2026-07-31,PH-001,PRD-00430,54,52,-2,-52.26,0,Minor Variance
SNP-00000132,2026-07-31,PH-001,PRD-00694,5,6,1,11.41,0,Minor Variance
SNP-00000133,2026-07-31,PH-001,PRD-00193,84,86,2,7.9,0,Minor Variance
SNP-00000134,2026-07-31,PH-001,PRD-00700,58,61,3,51.09,0,Minor Variance
SNP-00000135,2026-07-31,PH-001,PRD-00537,66,67,1,9.44,0,Minor Variance
SNP-00000136,2026-07-31,PH-001,PRD-00441,85,86,1,34.84,0,Minor Variance
SNP-00000137,2026-07-31,PH-001,PRD-00624,14,15,1,18.71,0,Minor Variance
SNP-00000138,2026-07-31,PH-001,PRD-00153,95,95,0,0.0,0,Matched
SNP-00000139,2026-07-31,PH-001,PRD-00279,79,81,2,46.76,0,Minor Variance
SNP-00000140,2026-07-31,PH-001,PRD-00709,44,44,0,0.0,0,Matched
SNP-00000141,2026-07-31,PH-001,PRD-00264,8,8,0,0.0,0,Matched
SNP-00000142,2026-07-31,PH-001,PRD-00260,48,47,-1,-26.14,0,Minor Variance
SNP-00000143,2026-07-31,PH-001,PRD-00640,44,43,-1,-12.17,0,Minor Variance
SNP-00000144,2026-07-31,PH-001,PRD-00606,42,40,-2,-9.06,0,Minor Variance
SNP-00000145,2026-07-31,PH-001,PRD-00107,77,74,-3,-33.51,0,Minor Variance
SNP-00000146,2026-07-31,PH-001,PRD-00729,16,18,2,51.24,0,Minor Variance
SNP-00000147,2026-07-31,PH-001,PRD-00732,59,61,2,47.98,0,Minor Variance
SNP-00000148,2026-07-31,PH-001,PRD-00419,34,31,-3,-88.32,0,Minor Variance
SNP-00000149,2026-07-31,PH-001,PRD-00345,99,99,0,0.0,0,Matched
SNP-00000150,2026-07-31,PH-001,PRD-00196,79,79,0,0.0,0,Matched
SNP-00000151,2026-07-31,PH-001,PRD-00309,95,97,2,9.52,0,Minor Variance
SNP-00000152,2026-07-31,PH-001,PRD-00644,10,12,2,30.72,0,Minor Variance
SNP-00000153,2026-07-31,PH-001,PRD-00612,40,43,3,99.6,0,Minor Variance
SNP-00000154,2026-07-31,PH-001,PRD-00632,93,90,-3,-40.65,0,Minor Variance
SNP-00000155,2026-07-31,PH-001,PRD-00167,45,48,3,61.35,0,Minor Variance
SNP-00000156,2026-07-31,PH-001,PRD-00056,79,77,-2,-41.34,0,Minor Variance
SNP-00000157,2026-07-31,PH-001,PRD-00071,81,82,1,21.23,0,Minor Variance
SNP-00000158,2026-07-31,PH-001,PRD-00020,12,15,3,36.27,0,Minor Variance
SNP-00000159,2026-07-31,PH-001,PRD-00363,70,67,-3,-13.44,0,Minor Variance
SNP-00000160,2026-07-31,PH-001,PRD-00562,9,7,-2,-43.48,0,Minor Variance
SNP-00000161,2026-07-31,PH-001,PRD-00604,62,62,0,0.0,0,Matched
SNP-00000162,2026-07-31,PH-001,PRD-00317,82,80,-2,-25.38,0,Minor Variance
SNP-00000163,2026-07-31,PH-001,PRD-00209,72,75,3,56.94,0,Minor Variance
SNP-00000164,2026-07-31,PH-001,PRD-00042,61,60,-1,-26.51,0,Minor Variance
SNP-00000165,2026-07-31,PH-001,PRD-00605,41,39,-2,-48.3,0,Minor Variance
SNP-00000166,2026-07-31,PH-001,PRD-00629,48,47,-1,-27.35,0,Minor Variance
SNP-00000167,2026-07-31,PH-001,PRD-00369,12,14,2,65.72,0,Minor Variance
SNP-00000168,2026-07-31,PH-001,PRD-00536,87,88,1,7.79,0,Minor Variance
SNP-00000169,2026-07-31,PH-001,PRD-00516,89,92,3,48.09,0,Minor Variance
SNP-00000170,2026-07-31,PH-001,PRD-00374,88,88,0,0.0,0,Matched
SNP-00000171,2026-07-31,PH-001,PRD-00748,19,22,3,80.4,0,Minor Variance
SNP-00000172,2026-07-31,PH-001,PRD-00034,2,0,-2,-44.44,0,Out of Stock
SNP-00000173,2026-07-31,PH-001,PRD-00563,63,66,3,39.84,0,Minor Variance
SNP-00000174,2026-07-31,PH-001,PRD-00525,43,42,-1,-2.23,0,Minor Variance
SNP-00000175,2026-07-31,PH-001,PRD-00690,95,95,0,0.0,0,Matched
SNP-00000176,2026-07-31,PH-001,PRD-00723,38,41,3,5.88,0,Minor Variance
SNP-00000177,2026-07-31,PH-001,PRD-00745,17,20,3,2.64,0,Minor Variance
SNP-00000178,2026-07-31,PH-001,PRD-00019,34,36,2,28.8,0,Minor Variance
SNP-00000179,2026-07-31,PH-001,PRD-00526,18,18,0,0.0,0,Matched
SNP-00000180,2026-07-31,PH-001,PRD-00683,100,98,-2,-67.92,0,Minor Variance
SNP-00000181,2026-07-31,PH-001,PRD-00535,48,49,1,25.04,0,Minor Variance
SNP-00000182,2026-07-31,PH-001,PRD-00445,66,67,1,19.49,0,Minor Variance
SNP-00000183,2026-07-31,PH-001,PRD-00357,74,75,1,1.57,0,Minor Variance
SNP-00000184,2026-07-31,PH-001,PRD-00424,5,2,-3,-3.0,0,Minor Variance
SNP-00000185,2026-07-31,PH-001,PRD-00378,25,28,3,86.13,0,Minor Variance
SNP-00000186,2026-07-31,PH-001,PRD-00773,61,62,1,8.28,0,Minor Variance
SNP-00000187,2026-07-31,PH-001,PRD-00004,21,23,2,42.26,0,Minor Variance
SNP-00000188,2026-07-31,PH-001,PRD-00046,46,43,-3,-4.89,0,Minor Variance
SNP-00000189,2026-07-31,PH-001,PRD-00120,80,81,1,21.49,0,Minor Variance
SNP-00000190,2026-07-31,PH-001,PRD-00746,5,4,-1,-0.86,0,Minor Variance
SNP-00000191,2026-07-31,PH-001,PRD-00755,93,94,1,16.37,0,Minor Variance
SNP-00000192,2026-07-31,PH-001,PRD-00157,81,78,-3,-31.53,0,Minor Variance
SNP-00000193,2026-07-31,PH-001,PRD-00093,14,13,-1,-3.45,0,Minor Variance
SNP-00000194,2026-07-31,PH-001,PRD-00412,55,54,-1,-10.35,0,Minor Variance
SNP-00000195,2026-07-31,PH-001,PRD-00159,82,79,-3,-84.57,0,Minor Variance
SNP-00000196,2026-07-31,PH-001,PRD-00112,80,77,-3,-27.27,0,Minor Variance
SNP-00000197,2026-07-31,PH-001,PRD-00114,25,22,-3,-27.99,0,Minor Variance
SNP-00000198,2026-07-31,PH-001,PRD-00060,52,50,-2,-39.4,0,Minor Variance
SNP-00000199,2026-07-31,PH-001,PRD-00187,84,83,-1,-8.43,0,Minor Variance
SNP-00000200,2026-07-31,PH-001,PRD-00398,95,92,-3,-46.2,0,Minor Variance
SNP-00000201,2026-07-31,PH-001,PRD-00532,59,58,-1,-13.44,0,Minor Variance
SNP-00000202,2026-07-31,PH-001,PRD-00075,24,22,-2,-21.24,0,Minor Variance
SNP-00000203,2026-07-31,PH-001,PRD-00117,79,78,-1,-25.66,0,Minor Variance
SNP-00000204,2026-07-31,PH-001,PRD-00278,1,2,1,27.59,0,Minor Variance
SNP-00000205,2026-07-31,PH-001,PRD-00403,21,18,-3,-59.13,0,Minor Variance
SNP-00000206,2026-07-31,PH-001,PRD-00304,89,91,2,62.0,0,Minor Variance
SNP-00000207,2026-07-31,PH-001,PRD-00727,56,57,1,9.7,0,Minor Variance
SNP-00000208,2026-07-31,PH-001,PRD-00479,53,51,-2,-37.3,0,Minor Variance
SNP-00000209,2026-07-31,PH-001,PRD-00511,20,19,-1,-6.77,0,Minor Variance
SNP-00000210,2026-07-31,PH-001,PRD-00051,84,86,2,42.08,0,Minor Variance
SNP-00000211,2026-07-31,PH-001,PRD-00382,46,48,2,64.38,0,Minor Variance
SNP-00000212,2026-07-31,PH-001,PRD-00027,87,88,1,8.07,0,Minor Variance
SNP-00000213,2026-07-31,PH-001,PRD-00344,93,90,-3,-67.41,0,Minor Variance
SNP-00000214,2026-07-31,PH-001,PRD-00166,66,64,-2,-45.26,0,Minor Variance
SNP-00000215,2026-07-31,PH-001,PRD-00490,71,73,2,46.94,0,Minor Variance
SNP-00000216,2026-07-31,PH-001,PRD-00053,41,43,2,25.8,0,Minor Variance
SNP-00000217,2026-07-31,PH-001,PRD-00444,25,22,-3,-70.26,0,Minor Variance
SNP-00000218,2026-07-31,PH-001,PRD-00780,13,10,-3,-62.22,0,Minor Variance
SNP-00000219,2026-07-31,PH-001,PRD-00436,27,28,1,26.82,0,Minor Variance
SNP-00000220,2026-07-31,PH-001,PRD-00495,68,69,1,19.17,0,Minor Variance
SNP-00000221,2026-07-31,PH-001,PRD-00670,20,22,2,54.14,0,Minor Variance
SNP-00000222,2026-07-31,PH-001,PRD-00231,22,24,2,17.64,0,Minor Variance
SNP-00000223,2026-07-31,PH-001,PRD-00169,8,5,-3,-6.72,0,Minor Variance
SNP-00000224,2026-07-31,PH-001,PRD-00701,49,46,-3,-15.33,0,Minor Variance
SNP-00000225,2026-07-31,PH-001,PRD-00740,98,99,1,27.49,0,Minor Variance
SNP-00000226,2026-07-31,PH-001,PRD-00512,22,20,-2,-62.22,0,Minor Variance
SNP-00000227,2026-07-31,PH-001,PRD-00673,67,68,1,21.46,0,Minor Variance
SNP-00000228,2026-07-31,PH-001,PRD-00627,31,30,-1,-9.74,0,Minor Variance
SNP-00000229,2026-07-31,PH-001,PRD-00291,41,43,2,13.82,0,Minor Variance
SNP-00000230,2026-07-31,PH-001,PRD-00266,11,9,-2,-37.96,0,Minor Variance
SNP-00000231,2026-07-31,PH-001,PRD-00251,31,28,-3,-44.19,0,Minor Variance
SNP-00000232,2026-07-31,PH-001,PRD-00698,17,19,2,50.14,0,Minor Variance
SNP-00000233,2026-07-31,PH-001,PRD-00332,50,49,-1,-28.74,0,Minor Variance
SNP-00000234,2026-07-31,PH-001,PRD-00358,27,25,-2,-59.66,0,Minor Variance
SNP-00000235,2026-07-31,PH-001,PRD-00714,8,6,-2,-69.82,0,Minor Variance
SNP-00000236,2026-07-31,PH-001,PRD-00066,6,9,3,20.1,0,Minor Variance
SNP-00000237,2026-07-31,PH-001,PRD-00210,98,95,-3,-102.93,0,Minor Variance
SNP-00000238,2026-07-31,PH-001,PRD-00148,0,0,0,0.0,0,Out of Stock
SNP-00000239,2026-07-31,PH-001,PRD-00035,97,100,3,94.02,0,Minor Variance
SNP-00000240,2026-07-31,PH-001,PRD-00494,82,83,1,1.0,0,Minor Variance
SNP-00000241,2026-07-31,PH-001,PRD-00665,22,19,-3,-100.92,0,Minor Variance
SNP-00000242,2026-07-31,PH-001,PRD-00587,57,54,-3,-21.0,0,Minor Variance
SNP-00000243,2026-07-31,PH-001,PRD-00361,15,15,0,0.0,0,Matched
SNP-00000244,2026-07-31,PH-001,PRD-00263,92,89,-3,-52.41,0,Minor Variance
SNP-00000245,2026-07-31,PH-001,PRD-00615,40,38,-2,-53.84,0,Minor Variance
SNP-00000246,2026-07-31,PH-001,PRD-00226,12,15,3,92.34,0,Minor Variance
SNP-00000247,2026-07-31,PH-001,PRD-00343,90,92,2,22.72,0,Minor Variance
SNP-00000248,2026-07-31,PH-001,PRD-00152,61,58,-3,-40.95,0,Minor Variance
SNP-00000249,2026-07-31,PH-001,PRD-00657,60,61,1,18.43,0,Minor Variance
SNP-00000250,2026-07-31,PH-001,PRD-00327,36,38,2,44.4,0,Minor Variance
SNP-00000251,2026-07-31,PH-001,PRD-00463,70,70,0,0.0,0,Matched
SNP-00000252,2026-07-31,PH-001,PRD-00550,12,15,3,84.75,0,Minor Variance
SNP-00000253,2026-07-31,PH-001,PRD-00753,83,85,2,17.46,0,Minor Variance
SNP-00000254,2026-07-31,PH-001,PRD-00600,40,42,2,14.72,0,Minor Variance
SNP-00000255,2026-07-31,PH-001,PRD-00613,75,76,1,24.81,0,Minor Variance
SNP-00000256,2026-07-31,PH-001,PRD-00668,30,27,-3,-69.36,0,Minor Variance
SNP-00000257,2026-07-31,PH-001,PRD-00390,11,8,-3,-27.9,0,Minor Variance
SNP-00000258,2026-07-31,PH-001,PRD-00399,99,99,0,0.0,0,Matched
SNP-00000259,2026-07-31,PH-001,PRD-00737,33,36,3,65.88,0,Minor Variance
SNP-00000260,2026-07-31,PH-001,PRD-00100,0,2,2,4.2,0,Minor Variance
SNP-00000261,2026-07-31,PH-001,PRD-00095,17,19,2,66.24,0,Minor Variance
SNP-00000262,2026-07-31,PH-001,PRD-00293,82,81,-1,-23.31,0,Minor Variance
SNP-00000263,2026-07-31,PH-001,PRD-00751,10,11,1,22.79,0,Minor Variance
SNP-00000264,2026-07-31,PH-001,PRD-00492,60,61,1,13.97,0,Minor Variance
SNP-00000265,2026-07-31,PH-001,PRD-00559,4,6,2,28.76,0,Minor Variance
SNP-00000266,2026-07-31,PH-001,PRD-00012,54,57,3,2.61,0,Minor Variance
SNP-00000267,2026-07-31,PH-001,PRD-00189,23,25,2,50.74,0,Minor Variance
SNP-00000268,2026-07-31,PH-001,PRD-00144,67,68,1,3.09,0,Minor Variance
SNP-00000269,2026-07-31,PH-001,PRD-00500,66,63,-3,-33.21,0,Minor Variance
SNP-00000270,2026-07-31,PH-001,PRD-00730,75,73,-2,-12.98,0,Minor Variance
SNP-00000271,2026-07-31,PH-001,PRD-00365,18,18,0,0.0,0,Matched
SNP-00000272,2026-07-31,PH-001,PRD-00789,67,64,-3,-42.39,0,Minor Variance
SNP-00000273,2026-07-31,PH-001,PRD-00544,72,72,0,0.0,0,Matched
SNP-00000274,2026-07-31,PH-001,PRD-00256,95,98,3,100.59,0,Minor Variance
SNP-00000275,2026-07-31,PH-001,PRD-00489,32,34,2,55.36,0,Minor Variance
SNP-00000276,2026-07-31,PH-001,PRD-00118,70,70,0,0.0,0,Matched
SNP-00000277,2026-07-31,PH-001,PRD-00705,45,47,2,8.18,0,Minor Variance
SNP-00000278,2026-07-31,PH-001,PRD-00589,1,3,2,50.5,0,Minor Variance
SNP-00000279,2026-07-31,PH-001,PRD-00218,56,57,1,19.35,0,Minor Variance
SNP-00000280,2026-07-31,PH-001,PRD-00502,63,61,-2,-62.26,0,Minor Variance
SNP-00000281,2026-07-31,PH-001,PRD-00289,49,48,-1,-7.63,0,Minor Variance
SNP-00000282,2026-07-31,PH-001,PRD-00198,5,4,-1,-34.16,0,Minor Variance
SNP-00000283,2026-07-31,PH-001,PRD-00174,32,35,3,90.84,0,Minor Variance
SNP-00000284,2026-07-31,PH-001,PRD-00182,33,31,-2,-31.9,0,Minor Variance
SNP-00000285,2026-07-31,PH-001,PRD-00311,86,85,-1,-5.56,0,Minor Variance
SNP-00000286,2026-07-31,PH-001,PRD-00126,30,27,-3,-38.22,0,Minor Variance
SNP-00000287,2026-07-31,PH-001,PRD-00191,56,55,-1,-29.23,0,Minor Variance
SNP-00000288,2026-07-31,PH-001,PRD-00573,69,71,2,12.6,0,Minor Variance
SNP-00000289,2026-07-31,PH-001,PRD-00022,100,98,-2,-18.94,0,Minor Variance
SNP-00000290,2026-07-31,PH-001,PRD-00016,51,52,1,34.19,0,Minor Variance
SNP-00000291,2026-07-31,PH-001,PRD-00528,37,39,2,44.2,0,Minor Variance
SNP-00000292,2026-07-31,PH-001,PRD-00795,52,49,-3,-81.33,0,Minor Variance
SNP-00000293,2026-07-31,PH-001,PRD-00208,86,88,2,23.32,0,Minor Variance
SNP-00000294,2026-07-31,PH-001,PRD-00722,12,10,-2,-36.62,0,Minor Variance
SNP-00000295,2026-07-31,PH-001,PRD-00094,87,88,1,22.6,0,Minor Variance
SNP-00000296,2026-07-31,PH-001,PRD-00481,63,64,1,4.26,0,Minor Variance
SNP-00000297,2026-07-31,PH-001,PRD-00744,92,93,1,22.68,0,Minor Variance
SNP-00000298,2026-07-31,PH-001,PRD-00377,9,10,1,27.01,0,Minor Variance
SNP-00000299,2026-07-31,PH-001,PRD-00662,42,42,0,0.0,0,Matched
SNP-00000300,2026-07-31,PH-001,PRD-00603,33,31,-2,-57.64,0,Minor Variance
SNP-00000301,2026-07-31,PH-002,PRD-00230,62,60,-2,-47.34,0,Minor Variance
SNP-00000302,2026-07-31,PH-002,PRD-00542,96,99,3,50.7,0,Minor Variance
SNP-00000303,2026-07-31,PH-002,PRD-00428,16,19,3,62.16,0,Minor Variance
SNP-00000304,2026-07-31,PH-002,PRD-00173,29,26,-3,-98.16,0,Minor Variance
SNP-00000305,2026-07-31,PH-002,PRD-00571,60,61,1,23.81,0,Minor Variance
SNP-00000306,2026-07-31,PH-002,PRD-00609,68,67,-1,-32.55,0,Minor Variance
SNP-00000307,2026-07-31,PH-002,PRD-00614,55,54,-1,-23.27,0,Minor Variance
SNP-00000308,2026-07-31,PH-002,PRD-00413,53,51,-2,-31.86,0,Minor Variance
SNP-00000309,2026-07-31,PH-002,PRD-00341,33,33,0,0.0,0,Matched
SNP-00000310,2026-07-31,PH-002,PRD-00619,31,32,1,16.52,0,Minor Variance
SNP-00000311,2026-07-31,PH-002,PRD-00778,12,14,2,39.76,0,Minor Variance
SNP-00000312,2026-07-31,PH-002,PRD-00796,51,51,0,0.0,0,Matched
SNP-00000313,2026-07-31,PH-002,PRD-00491,51,54,3,37.8,0,Minor Variance
SNP-00000314,2026-07-31,PH-002,PRD-00265,19,18,-1,-18.07,0,Minor Variance
SNP-00000315,2026-07-31,PH-002,PRD-00027,10,10,0,0.0,0,Matched
SNP-00000316,2026-07-31,PH-002,PRD-00158,12,10,-2,-26.7,0,Minor Variance
SNP-00000317,2026-07-31,PH-002,PRD-00705,27,30,3,12.27,0,Minor Variance
SNP-00000318,2026-07-31,PH-002,PRD-00176,6,6,0,0.0,0,Matched
SNP-00000319,2026-07-31,PH-002,PRD-00783,48,51,3,66.0,0,Minor Variance
SNP-00000320,2026-07-31,PH-002,PRD-00430,50,47,-3,-78.39,0,Minor Variance
SNP-00000321,2026-07-31,PH-002,PRD-00416,22,24,2,61.44,0,Minor Variance
SNP-00000322,2026-07-31,PH-002,PRD-00474,1,0,-1,-32.12,0,Out of Stock
SNP-00000323,2026-07-31,PH-002,PRD-00325,84,82,-2,-28.74,0,Minor Variance
SNP-00000324,2026-07-31,PH-002,PRD-00131,97,95,-2,-12.28,0,Minor Variance
SNP-00000325,2026-07-31,PH-002,PRD-00581,25,28,3,57.69,0,Minor Variance
SNP-00000326,2026-07-31,PH-002,PRD-00525,35,32,-3,-6.69,0,Minor Variance
SNP-00000327,2026-07-31,PH-002,PRD-00288,0,1,1,12.21,0,Minor Variance
SNP-00000328,2026-07-31,PH-002,PRD-00575,28,29,1,30.01,0,Minor Variance
SNP-00000329,2026-07-31,PH-002,PRD-00314,87,88,1,8.45,0,Minor Variance
SNP-00000330,2026-07-31,PH-002,PRD-00383,90,88,-2,-41.68,0,Minor Variance
SNP-00000331,2026-07-31,PH-002,PRD-00675,66,65,-1,-31.02,0,Minor Variance
SNP-00000332,2026-07-31,PH-002,PRD-00397,32,35,3,12.12,0,Minor Variance
SNP-00000333,2026-07-31,PH-002,PRD-00364,78,80,2,67.58,0,Minor Variance
SNP-00000334,2026-07-31,PH-002,PRD-00348,68,70,2,51.7,0,Minor Variance
SNP-00000335,2026-07-31,PH-002,PRD-00605,8,7,-1,-24.15,0,Minor Variance
SNP-00000336,2026-07-31,PH-002,PRD-00667,49,47,-2,-42.68,0,Minor Variance
SNP-00000337,2026-07-31,PH-002,PRD-00376,14,11,-3,-4.92,0,Minor Variance
SNP-00000338,2026-07-31,PH-002,PRD-00484,71,74,3,74.64,0,Minor Variance
SNP-00000339,2026-07-31,PH-002,PRD-00584,83,84,1,13.55,0,Minor Variance
SNP-00000340,2026-07-31,PH-002,PRD-00561,82,80,-2,-33.02,0,Minor Variance
SNP-00000341,2026-07-31,PH-002,PRD-00679,50,50,0,0.0,0,Matched
SNP-00000342,2026-07-31,PH-002,PRD-00354,64,63,-1,-33.43,0,Minor Variance
SNP-00000343,2026-07-31,PH-002,PRD-00417,37,36,-1,-7.57,0,Minor Variance
SNP-00000344,2026-07-31,PH-002,PRD-00387,67,70,3,99.75,0,Minor Variance
SNP-00000345,2026-07-31,PH-002,PRD-00233,48,49,1,22.63,0,Minor Variance
SNP-00000346,2026-07-31,PH-002,PRD-00610,62,59,-3,-8.25,0,Minor Variance
SNP-00000347,2026-07-31,PH-002,PRD-00102,52,52,0,0.0,0,Matched
SNP-00000348,2026-07-31,PH-002,PRD-00128,69,70,1,10.11,0,Minor Variance
SNP-00000349,2026-07-31,PH-002,PRD-00222,90,90,0,0.0,0,Matched
SNP-00000350,2026-07-31,PH-002,PRD-00670,48,47,-1,-27.07,0,Minor Variance
SNP-00000351,2026-07-31,PH-002,PRD-00189,97,95,-2,-50.74,0,Minor Variance
SNP-00000352,2026-07-31,PH-002,PRD-00042,62,62,0,0.0,0,Matched
SNP-00000353,2026-07-31,PH-002,PRD-00540,6,3,-3,-48.15,0,Minor Variance
SNP-00000354,2026-07-31,PH-002,PRD-00777,74,71,-3,-42.78,0,Minor Variance
SNP-00000355,2026-07-31,PH-002,PRD-00168,65,62,-3,-45.06,0,Minor Variance
SNP-00000356,2026-07-31,PH-002,PRD-00065,34,35,1,4.15,0,Minor Variance
SNP-00000357,2026-07-31,PH-002,PRD-00235,66,66,0,0.0,0,Matched
SNP-00000358,2026-07-31,PH-002,PRD-00768,21,24,3,47.97,0,Minor Variance
SNP-00000359,2026-07-31,PH-002,PRD-00375,0,0,0,0.0,0,Out of Stock
SNP-00000360,2026-07-31,PH-002,PRD-00181,28,26,-2,-26.3,0,Minor Variance
SNP-00000361,2026-07-31,PH-002,PRD-00439,88,88,0,0.0,0,Matched
SNP-00000362,2026-07-31,PH-002,PRD-00079,29,28,-1,-11.39,0,Minor Variance
SNP-00000363,2026-07-31,PH-002,PRD-00613,41,42,1,24.81,0,Minor Variance
SNP-00000364,2026-07-31,PH-002,PRD-00687,12,15,3,18.09,0,Minor Variance
SNP-00000365,2026-07-31,PH-002,PRD-00425,4,6,2,24.54,0,Minor Variance
SNP-00000366,2026-07-31,PH-002,PRD-00403,32,29,-3,-59.13,0,Minor Variance
SNP-00000367,2026-07-31,PH-002,PRD-00023,61,62,1,3.15,0,Minor Variance
SNP-00000368,2026-07-31,PH-002,PRD-00719,97,94,-3,-13.89,0,Minor Variance
SNP-00000369,2026-07-31,PH-002,PRD-00515,63,63,0,0.0,0,Matched
SNP-00000370,2026-07-31,PH-002,PRD-00299,92,90,-2,-30.0,0,Minor Variance
SNP-00000371,2026-07-31,PH-002,PRD-00539,85,84,-1,-20.53,0,Minor Variance
SNP-00000372,2026-07-31,PH-002,PRD-00318,14,14,0,0.0,0,Matched
SNP-00000373,2026-07-31,PH-002,PRD-00209,4,4,0,0.0,0,Matched
SNP-00000374,2026-07-31,PH-002,PRD-00207,55,55,0,0.0,0,Matched
SNP-00000375,2026-07-31,PH-002,PRD-00795,68,69,1,27.11,0,Minor Variance
SNP-00000376,2026-07-31,PH-002,PRD-00300,31,30,-1,-27.61,0,Minor Variance
SNP-00000377,2026-07-31,PH-002,PRD-00711,98,100,2,39.86,0,Minor Variance
SNP-00000378,2026-07-31,PH-002,PRD-00573,85,82,-3,-18.9,0,Minor Variance
SNP-00000379,2026-07-31,PH-002,PRD-00450,64,62,-2,-54.9,0,Minor Variance
SNP-00000380,2026-07-31,PH-002,PRD-00434,83,86,3,44.28,0,Minor Variance
SNP-00000381,2026-07-31,PH-002,PRD-00723,6,5,-1,-1.96,0,Minor Variance
SNP-00000382,2026-07-31,PH-002,PRD-00481,46,46,0,0.0,0,Matched
SNP-00000383,2026-07-31,PH-002,PRD-00112,85,86,1,9.09,0,Minor Variance
SNP-00000384,2026-07-31,PH-002,PRD-00504,7,7,0,0.0,0,Matched
SNP-00000385,2026-07-31,PH-002,PRD-00312,81,81,0,0.0,0,Matched
SNP-00000386,2026-07-31,PH-002,PRD-00776,95,96,1,32.05,0,Minor Variance
SNP-00000387,2026-07-31,PH-002,PRD-00800,47,50,3,101.94,0,Minor Variance
SNP-00000388,2026-07-31,PH-002,PRD-00625,35,34,-1,-23.82,0,Minor Variance
SNP-00000389,2026-07-31,PH-002,PRD-00451,78,77,-1,-9.8,0,Minor Variance
SNP-00000390,2026-07-31,PH-002,PRD-00243,40,43,3,104.28,0,Minor Variance
SNP-00000391,2026-07-31,PH-002,PRD-00750,70,71,1,5.54,0,Minor Variance
SNP-00000392,2026-07-31,PH-002,PRD-00263,33,34,1,17.47,0,Minor Variance
SNP-00000393,2026-07-31,PH-002,PRD-00524,90,89,-1,-17.24,0,Minor Variance
SNP-00000394,2026-07-31,PH-002,PRD-00082,89,87,-2,-54.42,0,Minor Variance
SNP-00000395,2026-07-31,PH-002,PRD-00287,84,85,1,7.45,0,Minor Variance
SNP-00000396,2026-07-31,PH-002,PRD-00089,9,6,-3,-90.54,0,Minor Variance
SNP-00000397,2026-07-31,PH-002,PRD-00276,34,35,1,27.82,0,Minor Variance
SNP-00000398,2026-07-31,PH-002,PRD-00632,28,27,-1,-13.55,0,Minor Variance
SNP-00000399,2026-07-31,PH-002,PRD-00368,34,33,-1,-1.16,0,Minor Variance
SNP-00000400,2026-07-31,PH-002,PRD-00264,50,47,-3,-7.23,0,Minor Variance
SNP-00000401,2026-07-31,PH-002,PRD-00456,71,68,-3,-51.84,0,Minor Variance
SNP-00000402,2026-07-31,PH-002,PRD-00319,55,53,-2,-56.68,0,Minor Variance
SNP-00000403,2026-07-31,PH-002,PRD-00421,32,30,-2,-19.94,0,Minor Variance
SNP-00000404,2026-07-31,PH-002,PRD-00205,70,72,2,58.04,0,Minor Variance
SNP-00000405,2026-07-31,PH-002,PRD-00755,59,60,1,16.37,0,Minor Variance
SNP-00000406,2026-07-31,PH-002,PRD-00396,62,61,-1,-24.63,0,Minor Variance
SNP-00000407,2026-07-31,PH-002,PRD-00039,87,90,3,30.3,0,Minor Variance
SNP-00000408,2026-07-31,PH-002,PRD-00236,49,50,1,4.59,0,Minor Variance
SNP-00000409,2026-07-31,PH-002,PRD-00469,4,1,-3,-21.51,0,Minor Variance
SNP-00000410,2026-07-31,PH-002,PRD-00361,63,66,3,60.6,0,Minor Variance
SNP-00000411,2026-07-31,PH-002,PRD-00245,43,44,1,10.19,0,Minor Variance
SNP-00000412,2026-07-31,PH-002,PRD-00767,6,9,3,97.29,0,Minor Variance
SNP-00000413,2026-07-31,PH-002,PRD-00490,21,18,-3,-70.41,0,Minor Variance
SNP-00000414,2026-07-31,PH-002,PRD-00372,8,9,1,8.1,0,Minor Variance
SNP-00000415,2026-07-31,PH-002,PRD-00727,58,56,-2,-19.4,0,Minor Variance
SNP-00000416,2026-07-31,PH-002,PRD-00563,67,67,0,0.0,0,Matched
SNP-00000417,2026-07-31,PH-002,PRD-00380,21,18,-3,-38.4,0,Minor Variance
SNP-00000418,2026-07-31,PH-002,PRD-00311,88,88,0,0.0,0,Matched
SNP-00000419,2026-07-31,PH-002,PRD-00684,27,26,-1,-14.09,0,Minor Variance
SNP-00000420,2026-07-31,PH-002,PRD-00674,54,55,1,20.45,0,Minor Variance
SNP-00000421,2026-07-31,PH-002,PRD-00339,17,20,3,41.91,0,Minor Variance
SNP-00000422,2026-07-31,PH-002,PRD-00672,86,86,0,0.0,0,Matched
SNP-00000423,2026-07-31,PH-002,PRD-00226,79,81,2,61.56,0,Minor Variance
SNP-00000424,2026-07-31,PH-002,PRD-00234,59,58,-1,-16.33,0,Minor Variance
SNP-00000425,2026-07-31,PH-002,PRD-00407,61,63,2,39.62,0,Minor Variance
SNP-00000426,2026-07-31,PH-002,PRD-00716,30,30,0,0.0,0,Matched
SNP-00000427,2026-07-31,PH-002,PRD-00673,17,19,2,42.92,0,Minor Variance
SNP-00000428,2026-07-31,PH-002,PRD-00757,97,96,-1,-19.45,0,Minor Variance
SNP-00000429,2026-07-31,PH-002,PRD-00078,13,11,-2,-10.48,0,Minor Variance
SNP-00000430,2026-07-31,PH-002,PRD-00593,39,38,-1,-9.22,0,Minor Variance
SNP-00000431,2026-07-31,PH-002,PRD-00458,99,96,-3,-69.54,0,Minor Variance
SNP-00000432,2026-07-31,PH-002,PRD-00253,58,57,-1,-18.9,0,Minor Variance
SNP-00000433,2026-07-31,PH-002,PRD-00392,34,32,-2,-27.22,0,Minor Variance
SNP-00000434,2026-07-31,PH-002,PRD-00289,26,26,0,0.0,0,Matched
SNP-00000435,2026-07-31,PH-002,PRD-00651,7,4,-3,-40.68,0,Minor Variance
SNP-00000436,2026-07-31,PH-002,PRD-00332,60,58,-2,-57.48,0,Minor Variance
SNP-00000437,2026-07-31,PH-002,PRD-00420,88,88,0,0.0,0,Matched
SNP-00000438,2026-07-31,PH-002,PRD-00094,51,51,0,0.0,0,Matched
SNP-00000439,2026-07-31,PH-002,PRD-00753,15,16,1,8.73,0,Minor Variance
SNP-00000440,2026-07-31,PH-002,PRD-00219,36,35,-1,-33.47,0,Minor Variance
SNP-00000441,2026-07-31,PH-002,PRD-00537,1,0,-1,-9.44,0,Out of Stock
SNP-00000442,2026-07-31,PH-002,PRD-00291,66,66,0,0.0,0,Matched
SNP-00000443,2026-07-31,PH-002,PRD-00772,60,59,-1,-20.23,0,Minor Variance
SNP-00000444,2026-07-31,PH-002,PRD-00008,78,79,1,30.92,0,Minor Variance
SNP-00000445,2026-07-31,PH-002,PRD-00188,39,39,0,0.0,0,Matched
SNP-00000446,2026-07-31,PH-002,PRD-00494,31,31,0,0.0,0,Matched
SNP-00000447,2026-07-31,PH-002,PRD-00225,31,34,3,92.91,0,Minor Variance
SNP-00000448,2026-07-31,PH-002,PRD-00345,26,27,1,2.73,0,Minor Variance
SNP-00000449,2026-07-31,PH-002,PRD-00648,38,36,-2,-52.58,0,Minor Variance
SNP-00000450,2026-07-31,PH-002,PRD-00514,95,97,2,26.56,0,Minor Variance
SNP-00000451,2026-07-31,PH-002,PRD-00043,77,75,-2,-5.06,0,Minor Variance
SNP-00000452,2026-07-31,PH-002,PRD-00218,0,1,1,19.35,0,Minor Variance
SNP-00000453,2026-07-31,PH-002,PRD-00634,40,40,0,0.0,0,Matched
SNP-00000454,2026-07-31,PH-002,PRD-00441,8,11,3,104.52,0,Minor Variance
SNP-00000455,2026-07-31,PH-002,PRD-00492,78,77,-1,-13.97,0,Minor Variance
SNP-00000456,2026-07-31,PH-002,PRD-00468,78,77,-1,-2.32,0,Minor Variance
SNP-00000457,2026-07-31,PH-002,PRD-00695,73,70,-3,-7.44,0,Minor Variance
SNP-00000458,2026-07-31,PH-002,PRD-00671,4,1,-3,-16.08,0,Minor Variance
SNP-00000459,2026-07-31,PH-002,PRD-00503,2,3,1,0.92,0,Minor Variance
SNP-00000460,2026-07-31,PH-002,PRD-00620,41,44,3,60.87,0,Minor Variance
SNP-00000461,2026-07-31,PH-002,PRD-00326,21,23,2,41.08,0,Minor Variance
SNP-00000462,2026-07-31,PH-002,PRD-00054,60,59,-1,-3.68,0,Minor Variance
SNP-00000463,2026-07-31,PH-002,PRD-00586,9,6,-3,-85.23,0,Minor Variance
SNP-00000464,2026-07-31,PH-002,PRD-00163,83,85,2,46.02,0,Minor Variance
SNP-00000465,2026-07-31,PH-002,PRD-00178,65,65,0,0.0,0,Matched
SNP-00000466,2026-07-31,PH-002,PRD-00519,67,70,3,12.87,0,Minor Variance
SNP-00000467,2026-07-31,PH-002,PRD-00175,33,30,-3,-78.63,0,Minor Variance
SNP-00000468,2026-07-31,PH-002,PRD-00552,98,99,1,17.26,0,Minor Variance
SNP-00000469,2026-07-31,PH-002,PRD-00317,9,6,-3,-38.07,0,Minor Variance
SNP-00000470,2026-07-31,PH-002,PRD-00074,65,67,2,25.34,0,Minor Variance
SNP-00000471,2026-07-31,PH-002,PRD-00293,88,87,-1,-23.31,0,Minor Variance
SNP-00000472,2026-07-31,PH-002,PRD-00060,20,23,3,59.1,0,Minor Variance
SNP-00000473,2026-07-31,PH-002,PRD-00059,78,77,-1,-10.9,0,Minor Variance
SNP-00000474,2026-07-31,PH-002,PRD-00044,65,67,2,15.16,0,Minor Variance
SNP-00000475,2026-07-31,PH-002,PRD-00443,57,55,-2,-50.22,0,Minor Variance
SNP-00000476,2026-07-31,PH-002,PRD-00636,76,74,-2,-5.62,0,Minor Variance
SNP-00000477,2026-07-31,PH-002,PRD-00717,78,75,-3,-25.44,0,Minor Variance
SNP-00000478,2026-07-31,PH-002,PRD-00215,67,66,-1,-11.5,0,Minor Variance
SNP-00000479,2026-07-31,PH-002,PRD-00773,20,18,-2,-16.56,0,Minor Variance
SNP-00000480,2026-07-31,PH-002,PRD-00457,53,56,3,102.27,0,Minor Variance
SNP-00000481,2026-07-31,PH-002,PRD-00124,1,4,3,59.97,0,Minor Variance
SNP-00000482,2026-07-31,PH-002,PRD-00122,45,47,2,18.96,0,Minor Variance
SNP-00000483,2026-07-31,PH-002,PRD-00133,90,89,-1,-23.99,0,Minor Variance
SNP-00000484,2026-07-31,PH-002,PRD-00653,76,78,2,13.62,0,Minor Variance
SNP-00000485,2026-07-31,PH-002,PRD-00592,51,52,1,31.43,0,Minor Variance
SNP-00000486,2026-07-31,PH-002,PRD-00449,38,38,0,0.0,0,Matched
SNP-00000487,2026-07-31,PH-002,PRD-00637,14,12,-2,-6.06,0,Minor Variance
SNP-00000488,2026-07-31,PH-002,PRD-00791,31,30,-1,-32.66,0,Minor Variance
SNP-00000489,2026-07-31,PH-002,PRD-00706,85,86,1,27.17,0,Minor Variance
SNP-00000490,2026-07-31,PH-002,PRD-00186,7,7,0,0.0,0,Matched
SNP-00000491,2026-07-31,PH-002,PRD-00665,25,25,0,0.0,0,Matched
SNP-00000492,2026-07-31,PH-002,PRD-00282,94,91,-3,-46.53,0,Minor Variance
SNP-00000493,2026-07-31,PH-002,PRD-00702,76,74,-2,-33.08,0,Minor Variance
SNP-00000494,2026-07-31,PH-002,PRD-00704,55,53,-2,-17.68,0,Minor Variance
SNP-00000495,2026-07-31,PH-002,PRD-00394,31,29,-2,-6.64,0,Minor Variance
SNP-00000496,2026-07-31,PH-002,PRD-00545,93,92,-1,-18.24,0,Minor Variance
SNP-00000497,2026-07-31,PH-002,PRD-00422,3,3,0,0.0,0,Matched
SNP-00000498,2026-07-31,PH-002,PRD-00051,6,5,-1,-21.04,0,Minor Variance
SNP-00000499,2026-07-31,PH-002,PRD-00606,97,98,1,4.53,0,Minor Variance
SNP-00000500,2026-07-31,PH-002,PRD-00296,92,95,3,65.19,0,Minor Variance
SNP-00000501,2026-07-31,PH-002,PRD-00797,32,35,3,104.37,0,Minor Variance
SNP-00000502,2026-07-31,PH-002,PRD-00570,32,34,2,67.48,0,Minor Variance
SNP-00000503,2026-07-31,PH-002,PRD-00418,35,32,-3,-27.12,0,Minor Variance
SNP-00000504,2026-07-31,PH-002,PRD-00680,95,94,-1,-17.16,0,Minor Variance
SNP-00000505,2026-07-31,PH-002,PRD-00056,29,30,1,20.67,0,Minor Variance
SNP-00000506,2026-07-31,PH-002,PRD-00544,0,0,0,0.0,0,Out of Stock
SNP-00000507,2026-07-31,PH-002,PRD-00381,31,29,-2,-4.1,0,Minor Variance
SNP-00000508,2026-07-31,PH-002,PRD-00229,19,18,-1,-23.85,0,Minor Variance
SNP-00000509,2026-07-31,PH-002,PRD-00566,98,99,1,17.86,0,Minor Variance
SNP-00000510,2026-07-31,PH-002,PRD-00401,60,60,0,0.0,0,Matched
SNP-00000511,2026-07-31,PH-002,PRD-00585,77,80,3,68.64,0,Minor Variance
SNP-00000512,2026-07-31,PH-002,PRD-00647,42,39,-3,-88.5,0,Minor Variance
SNP-00000513,2026-07-31,PH-002,PRD-00708,73,73,0,0.0,0,Matched
SNP-00000514,2026-07-31,PH-002,PRD-00145,15,12,-3,-9.87,0,Minor Variance
SNP-00000515,2026-07-31,PH-002,PRD-00190,36,33,-3,-48.48,0,Minor Variance
SNP-00000516,2026-07-31,PH-002,PRD-00730,38,36,-2,-12.98,0,Minor Variance
SNP-00000517,2026-07-31,PH-002,PRD-00242,58,55,-3,-40.86,0,Minor Variance
SNP-00000518,2026-07-31,PH-002,PRD-00141,2,3,1,25.66,0,Minor Variance
SNP-00000519,2026-07-31,PH-002,PRD-00726,88,89,1,1.24,0,Minor Variance
SNP-00000520,2026-07-31,PH-002,PRD-00156,46,43,-3,-85.38,0,Minor Variance
SNP-00000521,2026-07-31,PH-002,PRD-00099,70,71,1,7.26,0,Minor Variance
SNP-00000522,2026-07-31,PH-002,PRD-00532,71,72,1,13.44,0,Minor Variance
SNP-00000523,2026-07-31,PH-002,PRD-00366,55,55,0,0.0,0,Matched
SNP-00000524,2026-07-31,PH-002,PRD-00196,33,31,-2,-56.62,0,Minor Variance
SNP-00000525,2026-07-31,PH-002,PRD-00530,24,26,2,8.1,0,Minor Variance
SNP-00000526,2026-07-31,PH-002,PRD-00703,85,82,-3,-9.03,0,Minor Variance
SNP-00000527,2026-07-31,PH-002,PRD-00516,36,36,0,0.0,0,Matched
SNP-00000528,2026-07-31,PH-002,PRD-00024,33,32,-1,-18.12,0,Minor Variance
SNP-00000529,2026-07-31,PH-002,PRD-00216,92,92,0,0.0,0,Matched
SNP-00000530,2026-07-31,PH-002,PRD-00493,87,84,-3,-32.7,0,Minor Variance
SNP-00000531,2026-07-31,PH-002,PRD-00164,92,92,0,0.0,0,Matched
SNP-00000532,2026-07-31,PH-002,PRD-00152,66,65,-1,-13.65,0,Minor Variance
SNP-00000533,2026-07-31,PH-002,PRD-00731,49,48,-1,-14.11,0,Minor Variance
SNP-00000534,2026-07-31,PH-002,PRD-00307,48,47,-1,-21.69,0,Minor Variance
SNP-00000535,2026-07-31,PH-002,PRD-00115,44,41,-3,-62.76,0,Minor Variance
SNP-00000536,2026-07-31,PH-002,PRD-00061,64,61,-3,-50.49,0,Minor Variance
SNP-00000537,2026-07-31,PH-002,PRD-00038,44,41,-3,-79.68,0,Minor Variance
SNP-00000538,2026-07-31,PH-002,PRD-00281,21,24,3,2.79,0,Minor Variance
SNP-00000539,2026-07-31,PH-002,PRD-00162,72,75,3,53.82,0,Minor Variance
SNP-00000540,2026-07-31,PH-002,PRD-00506,41,39,-2,-6.52,0,Minor Variance
SNP-00000541,2026-07-31,PH-002,PRD-00111,63,66,3,30.6,0,Minor Variance
SNP-00000542,2026-07-31,PH-002,PRD-00528,48,47,-1,-22.1,0,Minor Variance
SNP-00000543,2026-07-31,PH-002,PRD-00260,84,82,-2,-52.28,0,Minor Variance
SNP-00000544,2026-07-31,PH-002,PRD-00645,51,54,3,16.5,0,Minor Variance
SNP-00000545,2026-07-31,PH-002,PRD-00431,100,103,3,25.08,0,Minor Variance
SNP-00000546,2026-07-31,PH-002,PRD-00447,92,91,-1,-21.91,0,Minor Variance
SNP-00000547,2026-07-31,PH-002,PRD-00740,6,8,2,54.98,0,Minor Variance
SNP-00000548,2026-07-31,PH-002,PRD-00041,31,32,1,6.97,0,Minor Variance
SNP-00000549,2026-07-31,PH-002,PRD-00179,7,8,1,34.32,0,Minor Variance
SNP-00000550,2026-07-31,PH-002,PRD-00171,19,19,0,0.0,0,Matched
SNP-00000551,2026-07-31,PH-002,PRD-00650,26,26,0,0.0,0,Matched
SNP-00000552,2026-07-31,PH-002,PRD-00385,20,18,-2,-66.48,0,Minor Variance
SNP-00000553,2026-07-31,PH-002,PRD-00335,98,97,-1,-25.49,0,Minor Variance
SNP-00000554,2026-07-31,PH-002,PRD-00153,73,70,-3,-4.11,0,Minor Variance
SNP-00000555,2026-07-31,PH-002,PRD-00633,61,64,3,37.53,0,Minor Variance
SNP-00000556,2026-07-31,PH-002,PRD-00409,97,98,1,30.89,0,Minor Variance
SNP-00000557,2026-07-31,PH-002,PRD-00690,34,33,-1,-31.2,0,Minor Variance
SNP-00000558,2026-07-31,PH-002,PRD-00294,22,21,-1,-19.05,0,Minor Variance
SNP-00000559,2026-07-31,PH-002,PRD-00646,35,36,1,23.23,0,Minor Variance
SNP-00000560,2026-07-31,PH-002,PRD-00744,43,46,3,68.04,0,Minor Variance
SNP-00000561,2026-07-31,PH-002,PRD-00518,38,39,1,18.49,0,Minor Variance
SNP-00000562,2026-07-31,PH-002,PRD-00771,68,69,1,16.43,0,Minor Variance
SNP-00000563,2026-07-31,PH-002,PRD-00006,39,38,-1,-25.28,0,Minor Variance
SNP-00000564,2026-07-31,PH-002,PRD-00058,95,92,-3,-99.96,0,Minor Variance
SNP-00000565,2026-07-31,PH-002,PRD-00722,36,33,-3,-54.93,0,Minor Variance
SNP-00000566,2026-07-31,PH-002,PRD-00144,9,9,0,0.0,0,Matched
SNP-00000567,2026-07-31,PH-002,PRD-00165,51,48,-3,-64.8,0,Minor Variance
SNP-00000568,2026-07-31,PH-002,PRD-00049,91,94,3,86.73,0,Minor Variance
SNP-00000569,2026-07-31,PH-002,PRD-00206,91,94,3,59.58,0,Minor Variance
SNP-00000570,2026-07-31,PH-002,PRD-00419,53,51,-2,-58.88,0,Minor Variance
SNP-00000571,2026-07-31,PH-002,PRD-00037,85,86,1,31.74,0,Minor Variance
SNP-00000572,2026-07-31,PH-002,PRD-00255,1,3,2,56.62,0,Minor Variance
SNP-00000573,2026-07-31,PH-002,PRD-00701,24,26,2,10.22,0,Minor Variance
SNP-00000574,2026-07-31,PH-002,PRD-00589,2,0,-2,-50.5,0,Out of Stock
SNP-00000575,2026-07-31,PH-002,PRD-00429,80,80,0,0.0,0,Matched
SNP-00000576,2026-07-31,PH-002,PRD-00657,29,29,0,0.0,0,Matched
SNP-00000577,2026-07-31,PH-002,PRD-00016,62,62,0,0.0,0,Matched
SNP-00000578,2026-07-31,PH-002,PRD-00692,12,12,0,0.0,0,Matched
SNP-00000579,2026-07-31,PH-002,PRD-00349,37,34,-3,-102.45,0,Minor Variance
SNP-00000580,2026-07-31,PH-002,PRD-00798,56,57,1,1.94,0,Minor Variance
SNP-00000581,2026-07-31,PH-002,PRD-00477,78,81,3,103.08,0,Minor Variance
SNP-00000582,2026-07-31,PH-002,PRD-00344,54,55,1,22.47,0,Minor Variance
SNP-00000583,2026-07-31,PH-002,PRD-00774,93,93,0,0.0,0,Matched
SNP-00000584,2026-07-31,PH-002,PRD-00369,7,4,-3,-98.58,0,Minor Variance
SNP-00000585,2026-07-31,PH-002,PRD-00195,68,67,-1,-21.92,0,Minor Variance
SNP-00000586,2026-07-31,PH-002,PRD-00093,12,15,3,10.35,0,Minor Variance
SNP-00000587,2026-07-31,PH-002,PRD-00598,91,93,2,35.74,0,Minor Variance
SNP-00000588,2026-07-31,PH-002,PRD-00320,52,51,-1,-10.66,0,Minor Variance
SNP-00000589,2026-07-31,PH-002,PRD-00733,47,47,0,0.0,0,Matched
SNP-00000590,2026-07-31,PH-002,PRD-00751,15,12,-3,-68.37,0,Minor Variance
SNP-00000591,2026-07-31,PH-002,PRD-00677,27,25,-2,-39.88,0,Minor Variance
SNP-00000592,2026-07-31,PH-002,PRD-00297,41,43,2,8.26,0,Minor Variance
SNP-00000593,2026-07-31,PH-002,PRD-00277,76,75,-1,-29.47,0,Minor Variance
SNP-00000594,2026-07-31,PH-002,PRD-00629,62,59,-3,-82.05,0,Minor Variance
SNP-00000595,2026-07-31,PH-002,PRD-00170,8,9,1,25.85,0,Minor Variance
SNP-00000596,2026-07-31,PH-002,PRD-00148,14,11,-3,-19.98,0,Minor Variance
SNP-00000597,2026-07-31,PH-002,PRD-00184,75,72,-3,-29.16,0,Minor Variance
SNP-00000598,2026-07-31,PH-002,PRD-00085,52,49,-3,-26.25,0,Minor Variance
SNP-00000599,2026-07-31,PH-002,PRD-00284,40,37,-3,-82.32,0,Minor Variance
SNP-00000600,2026-07-31,PH-002,PRD-00658,26,23,-3,-49.65,0,Minor Variance
SNP-00000601,2026-07-31,PH-003,PRD-00497,9,10,1,19.86,0,Minor Variance
SNP-00000602,2026-07-31,PH-003,PRD-00440,8,8,0,0.0,0,Matched
SNP-00000603,2026-07-31,PH-003,PRD-00136,0,0,0,0.0,0,Out of Stock
SNP-00000604,2026-07-31,PH-003,PRD-00106,6,6,0,0.0,0,Matched
SNP-00000605,2026-07-31,PH-003,PRD-00600,16,17,1,7.36,0,Minor Variance
SNP-00000606,2026-07-31,PH-003,PRD-00545,93,93,0,0.0,0,Matched
SNP-00000607,2026-07-31,PH-003,PRD-00107,51,50,-1,-11.17,0,Minor Variance
SNP-00000608,2026-07-31,PH-003,PRD-00521,16,15,-1,-18.44,0,Minor Variance
SNP-00000609,2026-07-31,PH-003,PRD-00755,0,3,3,49.11,0,Minor Variance
SNP-00000610,2026-07-31,PH-003,PRD-00644,64,66,2,30.72,0,Minor Variance
SNP-00000611,2026-07-31,PH-003,PRD-00584,4,1,-3,-40.65,0,Minor Variance
SNP-00000612,2026-07-31,PH-003,PRD-00635,50,50,0,0.0,0,Matched
SNP-00000613,2026-07-31,PH-003,PRD-00073,19,17,-2,-37.04,0,Minor Variance
SNP-00000614,2026-07-31,PH-003,PRD-00761,60,57,-3,-23.43,0,Minor Variance
SNP-00000615,2026-07-31,PH-003,PRD-00505,63,60,-3,-65.64,0,Minor Variance
SNP-00000616,2026-07-31,PH-003,PRD-00582,69,66,-3,-3.33,0,Minor Variance
SNP-00000617,2026-07-31,PH-003,PRD-00191,76,79,3,87.69,0,Minor Variance
SNP-00000618,2026-07-31,PH-003,PRD-00037,80,78,-2,-63.48,0,Minor Variance
SNP-00000619,2026-07-31,PH-003,PRD-00174,90,87,-3,-90.84,0,Minor Variance
SNP-00000620,2026-07-31,PH-003,PRD-00499,75,78,3,65.79,0,Minor Variance
SNP-00000621,2026-07-31,PH-003,PRD-00128,35,35,0,0.0,0,Matched
SNP-00000622,2026-07-31,PH-003,PRD-00400,21,23,2,62.8,0,Minor Variance
SNP-00000623,2026-07-31,PH-003,PRD-00328,9,10,1,7.68,0,Minor Variance
SNP-00000624,2026-07-31,PH-003,PRD-00327,23,24,1,22.2,0,Minor Variance
SNP-00000625,2026-07-31,PH-003,PRD-00542,25,23,-2,-33.8,0,Minor Variance
SNP-00000626,2026-07-31,PH-003,PRD-00367,82,81,-1,-30.02,0,Minor Variance
SNP-00000627,2026-07-31,PH-003,PRD-00048,34,31,-3,-37.92,0,Minor Variance
SNP-00000628,2026-07-31,PH-003,PRD-00494,40,41,1,1.0,0,Minor Variance
SNP-00000629,2026-07-31,PH-003,PRD-00247,6,6,0,0.0,0,Matched
SNP-00000630,2026-07-31,PH-003,PRD-00042,56,57,1,26.51,0,Minor Variance
SNP-00000631,2026-07-31,PH-003,PRD-00722,2,0,-2,-36.62,0,Out of Stock
SNP-00000632,2026-07-31,PH-003,PRD-00696,73,72,-1,-11.45,0,Minor Variance
SNP-00000633,2026-07-31,PH-003,PRD-00663,58,56,-2,-27.58,0,Minor Variance
SNP-00000634,2026-07-31,PH-003,PRD-00165,14,15,1,21.6,0,Minor Variance
SNP-00000635,2026-07-31,PH-003,PRD-00428,99,98,-1,-20.72,0,Minor Variance
SNP-00000636,2026-07-31,PH-003,PRD-00415,35,37,2,6.0,0,Minor Variance
SNP-00000637,2026-07-31,PH-003,PRD-00035,39,41,2,62.68,0,Minor Variance
SNP-00000638,2026-07-31,PH-003,PRD-00343,64,66,2,22.72,0,Minor Variance
SNP-00000639,2026-07-31,PH-003,PRD-00145,49,46,-3,-9.87,0,Minor Variance
SNP-00000640,2026-07-31,PH-003,PRD-00028,49,49,0,0.0,0,Matched
SNP-00000641,2026-07-31,PH-003,PRD-00369,20,18,-2,-65.72,0,Minor Variance
SNP-00000642,2026-07-31,PH-003,PRD-00731,87,90,3,42.33,0,Minor Variance
SNP-00000643,2026-07-31,PH-003,PRD-00131,89,92,3,18.42,0,Minor Variance
SNP-00000644,2026-07-31,PH-003,PRD-00694,71,74,3,34.23,0,Minor Variance
SNP-00000645,2026-07-31,PH-003,PRD-00741,27,29,2,13.68,0,Minor Variance
SNP-00000646,2026-07-31,PH-003,PRD-00109,34,37,3,44.19,0,Minor Variance
SNP-00000647,2026-07-31,PH-003,PRD-00564,19,21,2,13.82,0,Minor Variance
SNP-00000648,2026-07-31,PH-003,PRD-00777,87,89,2,28.52,0,Minor Variance
SNP-00000649,2026-07-31,PH-003,PRD-00748,46,47,1,26.8,0,Minor Variance
SNP-00000650,2026-07-31,PH-003,PRD-00539,29,30,1,20.53,0,Minor Variance
SNP-00000651,2026-07-31,PH-003,PRD-00794,56,53,-3,-60.54,0,Minor Variance
SNP-00000652,2026-07-31,PH-003,PRD-00115,49,46,-3,-62.76,0,Minor Variance
SNP-00000653,2026-07-31,PH-003,PRD-00759,3,0,-3,-97.35,0,Out of Stock
SNP-00000654,2026-07-31,PH-003,PRD-00552,63,60,-3,-51.78,0,Minor Variance
SNP-00000655,2026-07-31,PH-003,PRD-00127,39,42,3,102.39,0,Minor Variance
SNP-00000656,2026-07-31,PH-003,PRD-00429,99,100,1,18.13,0,Minor Variance
SNP-00000657,2026-07-31,PH-003,PRD-00349,33,30,-3,-102.45,0,Minor Variance
SNP-00000658,2026-07-31,PH-003,PRD-00162,25,24,-1,-17.94,0,Minor Variance
SNP-00000659,2026-07-31,PH-003,PRD-00706,47,46,-1,-27.17,0,Minor Variance
SNP-00000660,2026-07-31,PH-003,PRD-00195,12,15,3,65.76,0,Minor Variance
SNP-00000661,2026-07-31,PH-003,PRD-00408,22,23,1,5.88,0,Minor Variance
SNP-00000662,2026-07-31,PH-003,PRD-00764,43,40,-3,-24.78,0,Minor Variance
SNP-00000663,2026-07-31,PH-003,PRD-00537,89,88,-1,-9.44,0,Minor Variance
SNP-00000664,2026-07-31,PH-003,PRD-00474,21,22,1,32.12,0,Minor Variance
SNP-00000665,2026-07-31,PH-003,PRD-00637,77,80,3,9.09,0,Minor Variance
SNP-00000666,2026-07-31,PH-003,PRD-00310,71,68,-3,-45.72,0,Minor Variance
SNP-00000667,2026-07-31,PH-003,PRD-00388,40,39,-1,-22.66,0,Minor Variance
SNP-00000668,2026-07-31,PH-003,PRD-00513,72,70,-2,-29.26,0,Minor Variance
SNP-00000669,2026-07-31,PH-003,PRD-00031,19,17,-2,-36.98,0,Minor Variance
SNP-00000670,2026-07-31,PH-003,PRD-00605,50,48,-2,-48.3,0,Minor Variance
SNP-00000671,2026-07-31,PH-003,PRD-00300,47,46,-1,-27.61,0,Minor Variance
SNP-00000672,2026-07-31,PH-003,PRD-00032,39,36,-3,-56.82,0,Minor Variance
SNP-00000673,2026-07-31,PH-003,PRD-00634,64,67,3,57.54,0,Minor Variance
SNP-00000674,2026-07-31,PH-003,PRD-00500,81,80,-1,-11.07,0,Minor Variance
SNP-00000675,2026-07-31,PH-003,PRD-00014,7,9,2,39.34,0,Minor Variance
SNP-00000676,2026-07-31,PH-003,PRD-00598,45,42,-3,-53.61,0,Minor Variance
SNP-00000677,2026-07-31,PH-003,PRD-00110,62,62,0,0.0,0,Matched
SNP-00000678,2026-07-31,PH-003,PRD-00114,25,22,-3,-27.99,0,Minor Variance
SNP-00000679,2026-07-31,PH-003,PRD-00710,66,69,3,43.77,0,Minor Variance
SNP-00000680,2026-07-31,PH-003,PRD-00275,96,98,2,40.32,0,Minor Variance
SNP-00000681,2026-07-31,PH-003,PRD-00746,31,31,0,0.0,0,Matched
SNP-00000682,2026-07-31,PH-003,PRD-00680,4,6,2,34.32,0,Minor Variance
SNP-00000683,2026-07-31,PH-003,PRD-00059,79,81,2,21.8,0,Minor Variance
SNP-00000684,2026-07-31,PH-003,PRD-00458,44,46,2,46.36,0,Minor Variance
SNP-00000685,2026-07-31,PH-003,PRD-00580,37,36,-1,-19.22,0,Minor Variance
SNP-00000686,2026-07-31,PH-003,PRD-00593,41,43,2,18.44,0,Minor Variance
SNP-00000687,2026-07-31,PH-003,PRD-00653,34,32,-2,-13.62,0,Minor Variance
SNP-00000688,2026-07-31,PH-003,PRD-00603,69,70,1,28.82,0,Minor Variance
SNP-00000689,2026-07-31,PH-003,PRD-00796,54,51,-3,-31.56,0,Minor Variance
SNP-00000690,2026-07-31,PH-003,PRD-00638,35,38,3,41.97,0,Minor Variance
SNP-00000691,2026-07-31,PH-003,PRD-00212,32,32,0,0.0,0,Matched
SNP-00000692,2026-07-31,PH-003,PRD-00616,73,71,-2,-64.94,0,Minor Variance
SNP-00000693,2026-07-31,PH-003,PRD-00334,18,21,3,68.16,0,Minor Variance
SNP-00000694,2026-07-31,PH-003,PRD-00800,2,2,0,0.0,0,Matched
SNP-00000695,2026-07-31,PH-003,PRD-00068,21,21,0,0.0,0,Matched
SNP-00000696,2026-07-31,PH-003,PRD-00374,63,62,-1,-7.58,0,Minor Variance
SNP-00000697,2026-07-31,PH-003,PRD-00688,57,54,-3,-86.73,0,Minor Variance
SNP-00000698,2026-07-31,PH-003,PRD-00308,66,63,-3,-84.51,0,Minor Variance
SNP-00000699,2026-07-31,PH-003,PRD-00044,60,60,0,0.0,0,Matched
SNP-00000700,2026-07-31,PH-003,PRD-00384,44,43,-1,-33.01,0,Minor Variance
SNP-00000701,2026-07-31,PH-003,PRD-00609,15,15,0,0.0,0,Matched
SNP-00000702,2026-07-31,PH-003,PRD-00098,18,17,-1,-17.76,0,Minor Variance
SNP-00000703,2026-07-31,PH-003,PRD-00223,84,82,-2,-65.54,0,Minor Variance
SNP-00000704,2026-07-31,PH-003,PRD-00100,66,65,-1,-2.1,0,Minor Variance
SNP-00000705,2026-07-31,PH-003,PRD-00697,80,83,3,11.79,0,Minor Variance
SNP-00000706,2026-07-31,PH-003,PRD-00046,4,7,3,4.89,0,Minor Variance
SNP-00000707,2026-07-31,PH-003,PRD-00431,36,34,-2,-16.72,0,Minor Variance
SNP-00000708,2026-07-31,PH-003,PRD-00674,36,36,0,0.0,0,Matched
SNP-00000709,2026-07-31,PH-003,PRD-00506,57,59,2,6.52,0,Minor Variance
SNP-00000710,2026-07-31,PH-003,PRD-00602,71,71,0,0.0,0,Matched
SNP-00000711,2026-07-31,PH-003,PRD-00465,16,16,0,0.0,0,Matched
SNP-00000712,2026-07-31,PH-003,PRD-00585,10,13,3,68.64,0,Minor Variance
SNP-00000713,2026-07-31,PH-003,PRD-00698,52,52,0,0.0,0,Matched
SNP-00000714,2026-07-31,PH-003,PRD-00541,29,32,3,65.34,0,Minor Variance
SNP-00000715,2026-07-31,PH-003,PRD-00425,33,30,-3,-36.81,0,Minor Variance
SNP-00000716,2026-07-31,PH-003,PRD-00381,65,68,3,6.15,0,Minor Variance
SNP-00000717,2026-07-31,PH-003,PRD-00203,44,43,-1,-5.34,0,Minor Variance
SNP-00000718,2026-07-31,PH-003,PRD-00466,35,32,-3,-81.09,0,Minor Variance
SNP-00000719,2026-07-31,PH-003,PRD-00721,99,97,-2,-38.44,0,Minor Variance
SNP-00000720,2026-07-31,PH-003,PRD-00382,79,76,-3,-96.57,0,Minor Variance
SNP-00000721,2026-07-31,PH-003,PRD-00204,39,36,-3,-60.84,0,Minor Variance
SNP-00000722,2026-07-31,PH-003,PRD-00716,83,80,-3,-64.35,0,Minor Variance
SNP-00000723,2026-07-31,PH-003,PRD-00782,43,43,0,0.0,0,Matched
SNP-00000724,2026-07-31,PH-003,PRD-00373,16,18,2,35.68,0,Minor Variance
SNP-00000725,2026-07-31,PH-003,PRD-00345,98,98,0,0.0,0,Matched
SNP-00000726,2026-07-31,PH-003,PRD-00597,65,62,-3,-61.95,0,Minor Variance
SNP-00000727,2026-07-31,PH-003,PRD-00245,82,81,-1,-10.19,0,Minor Variance
SNP-00000728,2026-07-31,PH-003,PRD-00303,2,3,1,28.07,0,Minor Variance
SNP-00000729,2026-07-31,PH-003,PRD-00758,44,46,2,9.78,0,Minor Variance
SNP-00000730,2026-07-31,PH-003,PRD-00583,62,63,1,33.18,0,Minor Variance
SNP-00000731,2026-07-31,PH-003,PRD-00207,72,69,-3,-16.32,0,Minor Variance
SNP-00000732,2026-07-31,PH-003,PRD-00208,94,92,-2,-23.32,0,Minor Variance
SNP-00000733,2026-07-31,PH-003,PRD-00393,22,19,-3,-32.55,0,Minor Variance
SNP-00000734,2026-07-31,PH-003,PRD-00757,79,80,1,19.45,0,Minor Variance
SNP-00000735,2026-07-31,PH-003,PRD-00543,97,96,-1,-2.04,0,Minor Variance
SNP-00000736,2026-07-31,PH-003,PRD-00672,62,63,1,21.71,0,Minor Variance
SNP-00000737,2026-07-31,PH-003,PRD-00480,72,72,0,0.0,0,Matched
SNP-00000738,2026-07-31,PH-003,PRD-00566,3,0,-3,-53.58,0,Out of Stock
SNP-00000739,2026-07-31,PH-003,PRD-00296,10,10,0,0.0,0,Matched
SNP-00000740,2026-07-31,PH-003,PRD-00163,25,24,-1,-23.01,0,Minor Variance
SNP-00000741,2026-07-31,PH-003,PRD-00632,19,22,3,40.65,0,Minor Variance
SNP-00000742,2026-07-31,PH-003,PRD-00302,56,59,3,97.8,0,Minor Variance
SNP-00000743,2026-07-31,PH-003,PRD-00167,77,80,3,61.35,0,Minor Variance
SNP-00000744,2026-07-31,PH-003,PRD-00652,18,20,2,29.48,0,Minor Variance
SNP-00000745,2026-07-31,PH-003,PRD-00515,89,88,-1,-3.85,0,Minor Variance
SNP-00000746,2026-07-31,PH-003,PRD-00747,37,36,-1,-14.47,0,Minor Variance
SNP-00000747,2026-07-31,PH-003,PRD-00083,68,71,3,32.94,0,Minor Variance
SNP-00000748,2026-07-31,PH-003,PRD-00426,61,58,-3,-55.41,0,Minor Variance
SNP-00000749,2026-07-31,PH-003,PRD-00701,41,42,1,5.11,0,Minor Variance
SNP-00000750,2026-07-31,PH-003,PRD-00607,73,75,2,34.74,0,Minor Variance
SNP-00000751,2026-07-31,PH-003,PRD-00184,24,24,0,0.0,0,Matched
SNP-00000752,2026-07-31,PH-003,PRD-00532,63,60,-3,-40.32,0,Minor Variance
SNP-00000753,2026-07-31,PH-003,PRD-00281,74,76,2,1.86,0,Minor Variance
SNP-00000754,2026-07-31,PH-003,PRD-00053,60,62,2,25.8,0,Minor Variance
SNP-00000755,2026-07-31,PH-003,PRD-00589,41,40,-1,-25.25,0,Minor Variance
SNP-00000756,2026-07-31,PH-003,PRD-00692,14,15,1,6.14,0,Minor Variance
SNP-00000757,2026-07-31,PH-003,PRD-00518,3,2,-1,-18.49,0,Minor Variance
SNP-00000758,2026-07-31,PH-003,PRD-00704,4,4,0,0.0,0,Matched
SNP-00000759,2026-07-31,PH-003,PRD-00403,9,8,-1,-19.71,0,Minor Variance
SNP-00000760,2026-07-31,PH-003,PRD-00394,14,17,3,9.96,0,Minor Variance
SNP-00000761,2026-07-31,PH-003,PRD-00154,42,43,1,3.39,0,Minor Variance
SNP-00000762,2026-07-31,PH-003,PRD-00640,51,54,3,36.51,0,Minor Variance
SNP-00000763,2026-07-31,PH-003,PRD-00193,21,23,2,7.9,0,Minor Variance
SNP-00000764,2026-07-31,PH-003,PRD-00457,95,96,1,34.09,0,Minor Variance
SNP-00000765,2026-07-31,PH-003,PRD-00111,16,15,-1,-10.2,0,Minor Variance
SNP-00000766,2026-07-31,PH-003,PRD-00277,66,69,3,88.41,0,Minor Variance
SNP-00000767,2026-07-31,PH-003,PRD-00724,81,80,-1,-20.37,0,Minor Variance
SNP-00000768,2026-07-31,PH-003,PRD-00588,68,69,1,1.41,0,Minor Variance
SNP-00000769,2026-07-31,PH-003,PRD-00262,83,82,-1,-26.08,0,Minor Variance
SNP-00000770,2026-07-31,PH-003,PRD-00261,72,74,2,17.26,0,Minor Variance
SNP-00000771,2026-07-31,PH-003,PRD-00514,10,7,-3,-39.84,0,Minor Variance
SNP-00000772,2026-07-31,PH-003,PRD-00190,71,71,0,0.0,0,Matched
SNP-00000773,2026-07-31,PH-003,PRD-00237,67,68,1,15.88,0,Minor Variance
SNP-00000774,2026-07-31,PH-003,PRD-00739,43,40,-3,-50.22,0,Minor Variance
SNP-00000775,2026-07-31,PH-003,PRD-00699,63,65,2,14.06,0,Minor Variance
SNP-00000776,2026-07-31,PH-003,PRD-00438,35,36,1,33.29,0,Minor Variance
SNP-00000777,2026-07-31,PH-003,PRD-00168,92,89,-3,-45.06,0,Minor Variance
SNP-00000778,2026-07-31,PH-003,PRD-00025,10,11,1,23.52,0,Minor Variance
SNP-00000779,2026-07-31,PH-003,PRD-00370,4,6,2,31.88,0,Minor Variance
SNP-00000780,2026-07-31,PH-003,PRD-00253,21,24,3,56.7,0,Minor Variance
SNP-00000781,2026-07-31,PH-003,PRD-00664,38,37,-1,-2.51,0,Minor Variance
SNP-00000782,2026-07-31,PH-003,PRD-00348,54,57,3,77.55,0,Minor Variance
SNP-00000783,2026-07-31,PH-003,PRD-00434,70,70,0,0.0,0,Matched
SNP-00000784,2026-07-31,PH-003,PRD-00504,89,88,-1,-31.7,0,Minor Variance
SNP-00000785,2026-07-31,PH-003,PRD-00137,18,16,-2,-60.56,0,Minor Variance
SNP-00000786,2026-07-31,PH-003,PRD-00033,75,72,-3,-94.44,0,Minor Variance
SNP-00000787,2026-07-31,PH-003,PRD-00159,90,88,-2,-56.38,0,Minor Variance
SNP-00000788,2026-07-31,PH-003,PRD-00099,67,69,2,14.52,0,Minor Variance
SNP-00000789,2026-07-31,PH-003,PRD-00508,32,33,1,12.0,0,Minor Variance
SNP-00000790,2026-07-31,PH-003,PRD-00177,91,89,-2,-23.5,0,Minor Variance
SNP-00000791,2026-07-31,PH-003,PRD-00182,80,83,3,47.85,0,Minor Variance
SNP-00000792,2026-07-31,PH-003,PRD-00166,77,78,1,22.63,0,Minor Variance
SNP-00000793,2026-07-31,PH-003,PRD-00092,19,17,-2,-26.06,0,Minor Variance
SNP-00000794,2026-07-31,PH-003,PRD-00756,27,29,2,16.6,0,Minor Variance
SNP-00000795,2026-07-31,PH-003,PRD-00430,49,52,3,78.39,0,Minor Variance
SNP-00000796,2026-07-31,PH-003,PRD-00523,68,66,-2,-26.32,0,Minor Variance
SNP-00000797,2026-07-31,PH-003,PRD-00454,80,78,-2,-28.96,0,Minor Variance
SNP-00000798,2026-07-31,PH-003,PRD-00673,31,29,-2,-42.92,0,Minor Variance
SNP-00000799,2026-07-31,PH-003,PRD-00432,68,65,-3,-49.89,0,Minor Variance
SNP-00000800,2026-07-31,PH-003,PRD-00385,86,88,2,66.48,0,Minor Variance
SNP-00000801,2026-07-31,PH-003,PRD-00742,26,29,3,57.81,0,Minor Variance
SNP-00000802,2026-07-31,PH-003,PRD-00090,47,46,-1,-8.79,0,Minor Variance
SNP-00000803,2026-07-31,PH-003,PRD-00633,36,34,-2,-25.02,0,Minor Variance
SNP-00000804,2026-07-31,PH-003,PRD-00161,2,4,2,66.32,0,Minor Variance
SNP-00000805,2026-07-31,PH-003,PRD-00252,37,34,-3,-90.36,0,Minor Variance
SNP-00000806,2026-07-31,PH-003,PRD-00752,83,86,3,83.19,0,Minor Variance
SNP-00000807,2026-07-31,PH-003,PRD-00071,16,17,1,21.23,0,Minor Variance
SNP-00000808,2026-07-31,PH-003,PRD-00799,19,17,-2,-9.82,0,Minor Variance
SNP-00000809,2026-07-31,PH-003,PRD-00019,38,41,3,43.2,0,Minor Variance
SNP-00000810,2026-07-31,PH-003,PRD-00105,42,39,-3,-13.38,0,Minor Variance
SNP-00000811,2026-07-31,PH-003,PRD-00763,61,62,1,0.91,0,Minor Variance
SNP-00000812,2026-07-31,PH-003,PRD-00522,10,11,1,15.82,0,Minor Variance
SNP-00000813,2026-07-31,PH-003,PRD-00547,33,33,0,0.0,0,Matched
SNP-00000814,2026-07-31,PH-003,PRD-00615,5,8,3,80.76,0,Minor Variance
SNP-00000815,2026-07-31,PH-003,PRD-00631,39,38,-1,-28.89,0,Minor Variance
SNP-00000816,2026-07-31,PH-003,PRD-00444,25,28,3,70.26,0,Minor Variance
SNP-00000817,2026-07-31,PH-003,PRD-00095,65,63,-2,-66.24,0,Minor Variance
SNP-00000818,2026-07-31,PH-003,PRD-00052,94,93,-1,-20.27,0,Minor Variance
SNP-00000819,2026-07-31,PH-003,PRD-00175,2,4,2,52.42,0,Minor Variance
SNP-00000820,2026-07-31,PH-003,PRD-00534,51,51,0,0.0,0,Matched
SNP-00000821,2026-07-31,PH-003,PRD-00379,42,39,-3,-20.34,0,Minor Variance
SNP-00000822,2026-07-31,PH-003,PRD-00246,97,99,2,17.98,0,Minor Variance
SNP-00000823,2026-07-31,PH-003,PRD-00461,3,5,2,59.86,0,Minor Variance
SNP-00000824,2026-07-31,PH-003,PRD-00004,85,86,1,21.13,0,Minor Variance
SNP-00000825,2026-07-31,PH-003,PRD-00639,33,30,-3,-11.28,0,Minor Variance
SNP-00000826,2026-07-31,PH-003,PRD-00330,0,0,0,0.0,0,Out of Stock
SNP-00000827,2026-07-31,PH-003,PRD-00321,99,97,-2,-60.9,0,Minor Variance
SNP-00000828,2026-07-31,PH-003,PRD-00259,100,101,1,26.84,0,Minor Variance
SNP-00000829,2026-07-31,PH-003,PRD-00273,64,65,1,31.55,0,Minor Variance
SNP-00000830,2026-07-31,PH-003,PRD-00553,78,77,-1,-33.47,0,Minor Variance
SNP-00000831,2026-07-31,PH-003,PRD-00412,72,74,2,20.7,0,Minor Variance
SNP-00000832,2026-07-31,PH-003,PRD-00783,75,72,-3,-66.0,0,Minor Variance
SNP-00000833,2026-07-31,PH-003,PRD-00121,93,92,-1,-12.36,0,Minor Variance
SNP-00000834,2026-07-31,PH-003,PRD-00134,29,31,2,2.02,0,Minor Variance
SNP-00000835,2026-07-31,PH-003,PRD-00751,56,53,-3,-68.37,0,Minor Variance
SNP-00000836,2026-07-31,PH-003,PRD-00453,41,44,3,94.17,0,Minor Variance
SNP-00000837,2026-07-31,PH-003,PRD-00340,76,79,3,15.81,0,Minor Variance
SNP-00000838,2026-07-31,PH-003,PRD-00610,51,49,-2,-5.5,0,Minor Variance
SNP-00000839,2026-07-31,PH-003,PRD-00649,81,78,-3,-21.24,0,Minor Variance
SNP-00000840,2026-07-31,PH-003,PRD-00287,27,30,3,22.35,0,Minor Variance
SNP-00000841,2026-07-31,PH-003,PRD-00387,9,10,1,33.25,0,Minor Variance
SNP-00000842,2026-07-31,PH-003,PRD-00082,72,70,-2,-54.42,0,Minor Variance
SNP-00000843,2026-07-31,PH-003,PRD-00364,49,52,3,101.37,0,Minor Variance
SNP-00000844,2026-07-31,PH-003,PRD-00326,5,4,-1,-20.54,0,Minor Variance
SNP-00000845,2026-07-31,PH-003,PRD-00192,10,12,2,62.8,0,Minor Variance
SNP-00000846,2026-07-31,PH-003,PRD-00284,4,3,-1,-27.44,0,Minor Variance
SNP-00000847,2026-07-31,PH-003,PRD-00441,9,8,-1,-34.84,0,Minor Variance
SNP-00000848,2026-07-31,PH-003,PRD-00094,72,72,0,0.0,0,Matched
SNP-00000849,2026-07-31,PH-003,PRD-00411,26,23,-3,-26.67,0,Minor Variance
SNP-00000850,2026-07-31,PH-003,PRD-00020,64,64,0,0.0,0,Matched
SNP-00000851,2026-07-31,PH-003,PRD-00791,30,33,3,97.98,0,Minor Variance
SNP-00000852,2026-07-31,PH-003,PRD-00648,46,47,1,26.29,0,Minor Variance
SNP-00000853,2026-07-31,PH-003,PRD-00359,91,92,1,34.06,0,Minor Variance
SNP-00000854,2026-07-31,PH-003,PRD-00728,0,0,0,0.0,0,Out of Stock
SNP-00000855,2026-07-31,PH-003,PRD-00226,7,10,3,92.34,0,Minor Variance
SNP-00000856,2026-07-31,PH-003,PRD-00789,99,102,3,42.39,0,Minor Variance
SNP-00000857,2026-07-31,PH-003,PRD-00230,63,66,3,71.01,0,Minor Variance
SNP-00000858,2026-07-31,PH-003,PRD-00629,73,75,2,54.7,0,Minor Variance
SNP-00000859,2026-07-31,PH-003,PRD-00533,1,3,2,56.62,0,Minor Variance
SNP-00000860,2026-07-31,PH-003,PRD-00414,32,32,0,0.0,0,Matched
SNP-00000861,2026-07-31,PH-003,PRD-00258,65,62,-3,-68.91,0,Minor Variance
SNP-00000862,2026-07-31,PH-003,PRD-00240,21,20,-1,-2.93,0,Minor Variance
SNP-00000863,2026-07-31,PH-003,PRD-00463,18,19,1,28.19,0,Minor Variance
SNP-00000864,2026-07-31,PH-003,PRD-00447,21,20,-1,-21.91,0,Minor Variance
SNP-00000865,2026-07-31,PH-003,PRD-00007,5,8,3,49.35,0,Minor Variance
SNP-00000866,2026-07-31,PH-003,PRD-00234,97,99,2,32.66,0,Minor Variance
SNP-00000867,2026-07-31,PH-003,PRD-00104,86,83,-3,-3.69,0,Minor Variance
SNP-00000868,2026-07-31,PH-003,PRD-00351,37,38,1,9.13,0,Minor Variance
SNP-00000869,2026-07-31,PH-003,PRD-00578,66,68,2,20.96,0,Minor Variance
SNP-00000870,2026-07-31,PH-003,PRD-00402,64,67,3,17.79,0,Minor Variance
SNP-00000871,2026-07-31,PH-003,PRD-00146,51,48,-3,-65.43,0,Minor Variance
SNP-00000872,2026-07-31,PH-003,PRD-00386,76,76,0,0.0,0,Matched
SNP-00000873,2026-07-31,PH-003,PRD-00488,27,30,3,58.77,0,Minor Variance
SNP-00000874,2026-07-31,PH-003,PRD-00187,6,5,-1,-8.43,0,Minor Variance
SNP-00000875,2026-07-31,PH-003,PRD-00085,31,32,1,8.75,0,Minor Variance
SNP-00000876,2026-07-31,PH-003,PRD-00460,95,92,-3,-68.16,0,Minor Variance
SNP-00000877,2026-07-31,PH-003,PRD-00209,65,63,-2,-37.96,0,Minor Variance
SNP-00000878,2026-07-31,PH-003,PRD-00691,12,14,2,23.48,0,Minor Variance
SNP-00000879,2026-07-31,PH-003,PRD-00346,62,64,2,52.3,0,Minor Variance
SNP-00000880,2026-07-31,PH-003,PRD-00702,46,49,3,49.62,0,Minor Variance
SNP-00000881,2026-07-31,PH-003,PRD-00484,9,9,0,0.0,0,Matched
SNP-00000882,2026-07-31,PH-003,PRD-00241,36,35,-1,-27.09,0,Minor Variance
SNP-00000883,2026-07-31,PH-003,PRD-00088,10,11,1,27.52,0,Minor Variance
SNP-00000884,2026-07-31,PH-003,PRD-00754,81,78,-3,-6.96,0,Minor Variance
SNP-00000885,2026-07-31,PH-003,PRD-00285,90,88,-2,-13.12,0,Minor Variance
SNP-00000886,2026-07-31,PH-003,PRD-00179,33,34,1,34.32,0,Minor Variance
SNP-00000887,2026-07-31,PH-003,PRD-00329,26,27,1,13.09,0,Minor Variance
SNP-00000888,2026-07-31,PH-003,PRD-00323,20,18,-2,-55.94,0,Minor Variance
SNP-00000889,2026-07-31,PH-003,PRD-00038,76,76,0,0.0,0,Matched
SNP-00000890,2026-07-31,PH-003,PRD-00180,45,47,2,59.64,0,Minor Variance
SNP-00000891,2026-07-31,PH-003,PRD-00524,75,78,3,51.72,0,Minor Variance
SNP-00000892,2026-07-31,PH-003,PRD-00417,77,80,3,22.71,0,Minor Variance
SNP-00000893,2026-07-31,PH-003,PRD-00620,85,82,-3,-60.87,0,Minor Variance
SNP-00000894,2026-07-31,PH-003,PRD-00604,37,36,-1,-30.1,0,Minor Variance
SNP-00000895,2026-07-31,PH-003,PRD-00623,85,85,0,0.0,0,Matched
SNP-00000896,2026-07-31,PH-003,PRD-00066,24,27,3,20.1,0,Minor Variance
SNP-00000897,2026-07-31,PH-003,PRD-00479,19,21,2,37.3,0,Minor Variance
SNP-00000898,2026-07-31,PH-003,PRD-00427,66,63,-3,-76.35,0,Minor Variance
SNP-00000899,2026-07-31,PH-003,PRD-00274,5,8,3,79.53,0,Minor Variance
SNP-00000900,2026-07-31,PH-003,PRD-00079,80,83,3,34.17,0,Minor Variance
SNP-00000901,2026-07-31,PH-004,PRD-00113,49,51,2,57.2,0,Minor Variance
SNP-00000902,2026-07-31,PH-004,PRD-00261,18,21,3,25.89,0,Minor Variance
SNP-00000903,2026-07-31,PH-004,PRD-00583,0,0,0,0.0,0,Out of Stock
SNP-00000904,2026-07-31,PH-004,PRD-00744,20,19,-1,-22.68,0,Minor Variance
SNP-00000905,2026-07-31,PH-004,PRD-00354,69,68,-1,-33.43,0,Minor Variance
SNP-00000906,2026-07-31,PH-004,PRD-00159,64,62,-2,-56.38,0,Minor Variance
SNP-00000907,2026-07-31,PH-004,PRD-00777,27,24,-3,-42.78,2,Minor Variance
SNP-00000908,2026-07-31,PH-004,PRD-00268,85,85,0,0.0,8,Matched
SNP-00000909,2026-07-31,PH-004,PRD-00560,44,44,0,0.0,0,Matched
SNP-00000910,2026-07-31,PH-004,PRD-00637,85,86,1,3.03,0,Minor Variance
SNP-00000911,2026-07-31,PH-004,PRD-00312,4,2,-2,-14.86,0,Minor Variance
SNP-00000912,2026-07-31,PH-004,PRD-00700,69,70,1,17.03,0,Minor Variance
SNP-00000913,2026-07-31,PH-004,PRD-00642,97,100,3,99.27,0,Minor Variance
SNP-00000914,2026-07-31,PH-004,PRD-00471,57,59,2,67.0,10,Minor Variance
SNP-00000915,2026-07-31,PH-004,PRD-00051,32,29,-3,-63.12,0,Minor Variance
SNP-00000916,2026-07-31,PH-004,PRD-00243,92,89,-3,-104.28,0,Minor Variance
SNP-00000917,2026-07-31,PH-004,PRD-00625,60,63,3,71.46,0,Minor Variance
SNP-00000918,2026-07-31,PH-004,PRD-00729,23,20,-3,-76.86,0,Minor Variance
SNP-00000919,2026-07-31,PH-004,PRD-00519,11,10,-1,-4.29,0,Minor Variance
SNP-00000920,2026-07-31,PH-004,PRD-00411,59,58,-1,-8.89,0,Minor Variance
SNP-00000921,2026-07-31,PH-004,PRD-00031,40,43,3,55.47,0,Minor Variance
SNP-00000922,2026-07-31,PH-004,PRD-00697,2,3,1,3.93,0,Minor Variance
SNP-00000923,2026-07-31,PH-004,PRD-00597,59,57,-2,-41.3,0,Minor Variance
SNP-00000924,2026-07-31,PH-004,PRD-00172,15,17,2,50.54,0,Minor Variance
SNP-00000925,2026-07-31,PH-004,PRD-00504,58,61,3,95.1,0,Minor Variance
SNP-00000926,2026-07-31,PH-004,PRD-00201,69,69,0,0.0,0,Matched
SNP-00000927,2026-07-31,PH-004,PRD-00712,1,0,-1,-20.96,0,Out of Stock
SNP-00000928,2026-07-31,PH-004,PRD-00793,86,83,-3,-83.1,0,Minor Variance
SNP-00000929,2026-07-31,PH-004,PRD-00205,48,49,1,29.02,0,Minor Variance
SNP-00000930,2026-07-31,PH-004,PRD-00661,90,89,-1,-24.44,0,Minor Variance
SNP-00000931,2026-07-31,PH-004,PRD-00429,56,55,-1,-18.13,0,Minor Variance
SNP-00000932,2026-07-31,PH-004,PRD-00208,21,24,3,34.98,0,Minor Variance
SNP-00000933,2026-07-31,PH-004,PRD-00382,64,66,2,64.38,0,Minor Variance
SNP-00000934,2026-07-31,PH-004,PRD-00152,13,12,-1,-13.65,2,Minor Variance
SNP-00000935,2026-07-31,PH-004,PRD-00575,59,59,0,0.0,0,Matched
SNP-00000936,2026-07-31,PH-004,PRD-00714,4,7,3,104.73,0,Minor Variance
SNP-00000937,2026-07-31,PH-004,PRD-00377,41,38,-3,-81.03,0,Minor Variance
SNP-00000938,2026-07-31,PH-004,PRD-00615,81,83,2,53.84,0,Minor Variance
SNP-00000939,2026-07-31,PH-004,PRD-00696,38,37,-1,-11.45,0,Minor Variance
SNP-00000940,2026-07-31,PH-004,PRD-00315,2,1,-1,-9.93,0,Minor Variance
SNP-00000941,2026-07-31,PH-004,PRD-00122,74,71,-3,-28.44,14,Minor Variance
SNP-00000942,2026-07-31,PH-004,PRD-00784,18,15,-3,-50.07,0,Minor Variance
SNP-00000943,2026-07-31,PH-004,PRD-00025,87,89,2,47.04,0,Minor Variance
SNP-00000944,2026-07-31,PH-004,PRD-00511,68,70,2,13.54,15,Minor Variance
SNP-00000945,2026-07-31,PH-004,PRD-00539,2,5,3,61.59,0,Minor Variance
SNP-00000946,2026-07-31,PH-004,PRD-00683,97,97,0,0.0,0,Matched
SNP-00000947,2026-07-31,PH-004,PRD-00313,42,44,2,59.04,0,Minor Variance
SNP-00000948,2026-07-31,PH-004,PRD-00269,34,31,-3,-60.3,0,Minor Variance
SNP-00000949,2026-07-31,PH-004,PRD-00522,91,94,3,47.46,0,Minor Variance
SNP-00000950,2026-07-31,PH-004,PRD-00107,17,18,1,11.17,0,Minor Variance
SNP-00000951,2026-07-31,PH-004,PRD-00100,56,56,0,0.0,0,Matched
SNP-00000952,2026-07-31,PH-004,PRD-00273,47,49,2,63.1,8,Minor Variance
SNP-00000953,2026-07-31,PH-004,PRD-00284,92,94,2,54.88,0,Minor Variance
SNP-00000954,2026-07-31,PH-004,PRD-00705,49,52,3,12.27,0,Minor Variance
SNP-00000955,2026-07-31,PH-004,PRD-00283,97,97,0,0.0,0,Matched
SNP-00000956,2026-07-31,PH-004,PRD-00731,21,21,0,0.0,0,Matched
SNP-00000957,2026-07-31,PH-004,PRD-00671,16,19,3,16.08,0,Minor Variance
SNP-00000958,2026-07-31,PH-004,PRD-00225,21,21,0,0.0,0,Matched
SNP-00000959,2026-07-31,PH-004,PRD-00274,17,17,0,0.0,0,Matched
SNP-00000960,2026-07-31,PH-004,PRD-00358,16,15,-1,-29.83,0,Minor Variance
SNP-00000961,2026-07-31,PH-004,PRD-00085,20,17,-3,-26.25,0,Minor Variance
SNP-00000962,2026-07-31,PH-004,PRD-00631,25,27,2,57.78,0,Minor Variance
SNP-00000963,2026-07-31,PH-004,PRD-00291,55,55,0,0.0,0,Matched
SNP-00000964,2026-07-31,PH-004,PRD-00195,48,46,-2,-43.84,15,Minor Variance
SNP-00000965,2026-07-31,PH-004,PRD-00183,22,25,3,27.9,0,Minor Variance
SNP-00000966,2026-07-31,PH-004,PRD-00536,12,11,-1,-7.79,0,Minor Variance
SNP-00000967,2026-07-31,PH-004,PRD-00573,90,92,2,12.6,0,Minor Variance
SNP-00000968,2026-07-31,PH-004,PRD-00374,46,46,0,0.0,0,Matched
SNP-00000969,2026-07-31,PH-004,PRD-00012,61,62,1,0.87,0,Minor Variance
SNP-00000970,2026-07-31,PH-004,PRD-00048,9,11,2,25.28,0,Minor Variance
SNP-00000971,2026-07-31,PH-004,PRD-00440,35,35,0,0.0,0,Matched
SNP-00000972,2026-07-31,PH-004,PRD-00304,72,71,-1,-31.0,0,Minor Variance
SNP-00000973,2026-07-31,PH-004,PRD-00352,13,10,-3,-78.36,0,Minor Variance
SNP-00000974,2026-07-31,PH-004,PRD-00547,20,23,3,22.83,0,Minor Variance
SNP-00000975,2026-07-31,PH-004,PRD-00587,70,69,-1,-7.0,0,Minor Variance
SNP-00000976,2026-07-31,PH-004,PRD-00157,46,47,1,10.51,0,Minor Variance
SNP-00000977,2026-07-31,PH-004,PRD-00593,76,78,2,18.44,0,Minor Variance
SNP-00000978,2026-07-31,PH-004,PRD-00788,87,88,1,13.36,0,Minor Variance
SNP-00000979,2026-07-31,PH-004,PRD-00416,86,84,-2,-61.44,0,Minor Variance
SNP-00000980,2026-07-31,PH-004,PRD-00294,61,58,-3,-57.15,0,Minor Variance
SNP-00000981,2026-07-31,PH-004,PRD-00437,16,14,-2,-29.14,0,Minor Variance
SNP-00000982,2026-07-31,PH-004,PRD-00420,47,50,3,89.97,0,Minor Variance
SNP-00000983,2026-07-31,PH-004,PRD-00711,67,66,-1,-19.93,0,Minor Variance
SNP-00000984,2026-07-31,PH-004,PRD-00335,88,86,-2,-50.98,0,Minor Variance
SNP-00000985,2026-07-31,PH-004,PRD-00638,25,24,-1,-13.99,0,Minor Variance
SNP-00000986,2026-07-31,PH-004,PRD-00196,0,1,1,28.31,0,Minor Variance
SNP-00000987,2026-07-31,PH-004,PRD-00275,8,10,2,40.32,0,Minor Variance
SNP-00000988,2026-07-31,PH-004,PRD-00475,46,45,-1,-14.89,0,Minor Variance
SNP-00000989,2026-07-31,PH-004,PRD-00648,64,61,-3,-78.87,0,Minor Variance
SNP-00000990,2026-07-31,PH-004,PRD-00206,71,73,2,39.72,0,Minor Variance
SNP-00000991,2026-07-31,PH-004,PRD-00667,56,57,1,21.34,5,Minor Variance
SNP-00000992,2026-07-31,PH-004,PRD-00007,16,14,-2,-32.9,11,Minor Variance
SNP-00000993,2026-07-31,PH-004,PRD-00776,76,75,-1,-32.05,0,Minor Variance
SNP-00000994,2026-07-31,PH-004,PRD-00332,66,63,-3,-86.22,0,Minor Variance
SNP-00000995,2026-07-31,PH-004,PRD-00580,55,54,-1,-19.22,0,Minor Variance
SNP-00000996,2026-07-31,PH-004,PRD-00001,79,81,2,69.0,0,Minor Variance
SNP-00000997,2026-07-31,PH-004,PRD-00785,78,76,-2,-17.84,0,Minor Variance
SNP-00000998,2026-07-31,PH-004,PRD-00190,75,75,0,0.0,0,Matched
SNP-00000999,2026-07-31,PH-004,PRD-00253,52,52,0,0.0,0,Matched
SNP-00001000,2026-07-31,PH-004,PRD-00657,56,59,3,55.29,0,Minor Variance
SNP-00001001,2026-07-31,PH-004,PRD-00412,41,42,1,10.35,0,Minor Variance
SNP-00001002,2026-07-31,PH-004,PRD-00373,79,77,-2,-35.68,0,Minor Variance
SNP-00001003,2026-07-31,PH-004,PRD-00436,42,45,3,80.46,0,Minor Variance
SNP-00001004,2026-07-31,PH-004,PRD-00672,98,98,0,0.0,0,Matched
SNP-00001005,2026-07-31,PH-004,PRD-00598,93,92,-1,-17.87,4,Minor Variance
SNP-00001006,2026-07-31,PH-004,PRD-00343,30,32,2,22.72,0,Minor Variance
SNP-00001007,2026-07-31,PH-004,PRD-00202,67,69,2,41.46,0,Minor Variance
SNP-00001008,2026-07-31,PH-004,PRD-00765,37,40,3,72.66,0,Minor Variance
SNP-00001009,2026-07-31,PH-004,PRD-00611,1,2,1,4.08,0,Minor Variance
SNP-00001010,2026-07-31,PH-004,PRD-00666,12,13,1,21.57,0,Minor Variance
SNP-00001011,2026-07-31,PH-004,PRD-00415,51,52,1,3.0,0,Minor Variance
SNP-00001012,2026-07-31,PH-004,PRD-00686,93,95,2,27.14,0,Minor Variance
SNP-00001013,2026-07-31,PH-004,PRD-00606,59,58,-1,-4.53,0,Minor Variance
SNP-00001014,2026-07-31,PH-004,PRD-00215,12,11,-1,-11.5,15,Minor Variance
SNP-00001015,2026-07-31,PH-004,PRD-00561,90,93,3,49.53,7,Minor Variance
SNP-00001016,2026-07-31,PH-004,PRD-00578,43,40,-3,-31.44,0,Minor Variance
SNP-00001017,2026-07-31,PH-004,PRD-00326,83,82,-1,-20.54,0,Minor Variance
SNP-00001018,2026-07-31,PH-004,PRD-00508,71,69,-2,-24.0,0,Minor Variance
SNP-00001019,2026-07-31,PH-004,PRD-00151,71,69,-2,-11.18,0,Minor Variance
SNP-00001020,2026-07-31,PH-004,PRD-00732,55,54,-1,-23.99,0,Minor Variance
SNP-00001021,2026-07-31,PH-004,PRD-00422,56,56,0,0.0,0,Matched
SNP-00001022,2026-07-31,PH-004,PRD-00751,51,48,-3,-68.37,0,Minor Variance
SNP-00001023,2026-07-31,PH-004,PRD-00501,82,85,3,57.06,0,Minor Variance
SNP-00001024,2026-07-31,PH-004,PRD-00727,52,50,-2,-19.4,0,Minor Variance
SNP-00001025,2026-07-31,PH-004,PRD-00052,94,97,3,60.81,0,Minor Variance
SNP-00001026,2026-07-31,PH-004,PRD-00743,59,59,0,0.0,0,Matched
SNP-00001027,2026-07-31,PH-004,PRD-00550,82,82,0,0.0,0,Matched
SNP-00001028,2026-07-31,PH-004,PRD-00728,60,62,2,42.3,0,Minor Variance
SNP-00001029,2026-07-31,PH-004,PRD-00320,49,47,-2,-21.32,0,Minor Variance
SNP-00001030,2026-07-31,PH-004,PRD-00341,74,77,3,3.96,0,Minor Variance
SNP-00001031,2026-07-31,PH-004,PRD-00282,1,1,0,0.0,0,Matched
SNP-00001032,2026-07-31,PH-004,PRD-00557,100,100,0,0.0,12,Matched
SNP-00001033,2026-07-31,PH-004,PRD-00336,62,61,-1,-31.46,0,Minor Variance
SNP-00001034,2026-07-31,PH-004,PRD-00773,17,20,3,24.84,0,Minor Variance
SNP-00001035,2026-07-31,PH-004,PRD-00628,4,3,-1,-17.46,0,Minor Variance
SNP-00001036,2026-07-31,PH-004,PRD-00782,43,44,1,10.91,0,Minor Variance
SNP-00001037,2026-07-31,PH-004,PRD-00464,99,101,2,2.72,0,Minor Variance
SNP-00001038,2026-07-31,PH-004,PRD-00042,62,59,-3,-79.53,0,Minor Variance
SNP-00001039,2026-07-31,PH-004,PRD-00090,64,63,-1,-8.79,0,Minor Variance
SNP-00001040,2026-07-31,PH-004,PRD-00174,56,55,-1,-30.28,0,Minor Variance
SNP-00001041,2026-07-31,PH-004,PRD-00613,70,69,-1,-24.81,0,Minor Variance
SNP-00001042,2026-07-31,PH-004,PRD-00179,54,56,2,68.64,0,Minor Variance
SNP-00001043,2026-07-31,PH-004,PRD-00372,50,51,1,8.1,4,Minor Variance
SNP-00001044,2026-07-31,PH-004,PRD-00549,39,38,-1,-9.69,0,Minor Variance
SNP-00001045,2026-07-31,PH-004,PRD-00602,46,44,-2,-23.68,0,Minor Variance
SNP-00001046,2026-07-31,PH-004,PRD-00450,61,61,0,0.0,0,Matched
SNP-00001047,2026-07-31,PH-004,PRD-00188,1,3,2,26.78,0,Minor Variance
SNP-00001048,2026-07-31,PH-004,PRD-00438,72,69,-3,-99.87,0,Minor Variance
SNP-00001049,2026-07-31,PH-004,PRD-00688,1,4,3,86.73,0,Minor Variance
SNP-00001050,2026-07-31,PH-004,PRD-00146,10,8,-2,-43.62,0,Minor Variance
SNP-00001051,2026-07-31,PH-004,PRD-00704,68,68,0,0.0,0,Matched
SNP-00001052,2026-07-31,PH-004,PRD-00120,93,96,3,64.47,0,Minor Variance
SNP-00001053,2026-07-31,PH-004,PRD-00493,94,95,1,10.9,0,Minor Variance
SNP-00001054,2026-07-31,PH-004,PRD-00564,69,66,-3,-20.73,0,Minor Variance
SNP-00001055,2026-07-31,PH-004,PRD-00649,39,37,-2,-14.16,0,Minor Variance
SNP-00001056,2026-07-31,PH-004,PRD-00695,15,13,-2,-4.96,0,Minor Variance
SNP-00001057,2026-07-31,PH-004,PRD-00014,70,71,1,19.67,0,Minor Variance
SNP-00001058,2026-07-31,PH-004,PRD-00290,32,34,2,23.82,0,Minor Variance
SNP-00001059,2026-07-31,PH-004,PRD-00028,41,39,-2,-47.58,0,Minor Variance
SNP-00001060,2026-07-31,PH-004,PRD-00238,59,58,-1,-5.27,0,Minor Variance
SNP-00001061,2026-07-31,PH-004,PRD-00089,48,51,3,90.54,0,Minor Variance
SNP-00001062,2026-07-31,PH-004,PRD-00242,9,10,1,13.62,0,Minor Variance
SNP-00001063,2026-07-31,PH-004,PRD-00186,77,74,-3,-75.15,0,Minor Variance
SNP-00001064,2026-07-31,PH-004,PRD-00681,4,5,1,31.3,0,Minor Variance
SNP-00001065,2026-07-31,PH-004,PRD-00211,11,9,-2,-55.12,0,Minor Variance
SNP-00001066,2026-07-31,PH-004,PRD-00203,87,88,1,5.34,0,Minor Variance
SNP-00001067,2026-07-31,PH-004,PRD-00707,54,56,2,63.38,0,Minor Variance
SNP-00001068,2026-07-31,PH-004,PRD-00033,46,43,-3,-94.44,0,Minor Variance
SNP-00001069,2026-07-31,PH-004,PRD-00009,6,8,2,37.74,0,Minor Variance
SNP-00001070,2026-07-31,PH-004,PRD-00006,76,76,0,0.0,0,Matched
SNP-00001071,2026-07-31,PH-004,PRD-00529,90,90,0,0.0,0,Matched
SNP-00001072,2026-07-31,PH-004,PRD-00721,84,86,2,38.44,0,Minor Variance
SNP-00001073,2026-07-31,PH-004,PRD-00259,1,0,-1,-26.84,0,Out of Stock
SNP-00001074,2026-07-31,PH-004,PRD-00645,26,24,-2,-11.0,0,Minor Variance
SNP-00001075,2026-07-31,PH-004,PRD-00169,59,57,-2,-4.48,0,Minor Variance
SNP-00001076,2026-07-31,PH-004,PRD-00379,34,31,-3,-20.34,0,Minor Variance
SNP-00001077,2026-07-31,PH-004,PRD-00752,47,46,-1,-27.73,0,Minor Variance
SNP-00001078,2026-07-31,PH-004,PRD-00295,85,88,3,63.27,11,Minor Variance
SNP-00001079,2026-07-31,PH-004,PRD-00498,88,89,1,14.6,0,Minor Variance
SNP-00001080,2026-07-31,PH-004,PRD-00383,30,32,2,41.68,0,Minor Variance
SNP-00001081,2026-07-31,PH-004,PRD-00345,86,84,-2,-5.46,0,Minor Variance
SNP-00001082,2026-07-31,PH-004,PRD-00344,30,29,-1,-22.47,0,Minor Variance
SNP-00001083,2026-07-31,PH-004,PRD-00577,94,91,-3,-12.93,0,Minor Variance
SNP-00001084,2026-07-31,PH-004,PRD-00445,95,95,0,0.0,0,Matched
SNP-00001085,2026-07-31,PH-004,PRD-00543,4,5,1,2.04,11,Minor Variance
SNP-00001086,2026-07-31,PH-004,PRD-00408,44,46,2,11.76,0,Minor Variance
SNP-00001087,2026-07-31,PH-004,PRD-00636,85,85,0,0.0,0,Matched
SNP-00001088,2026-07-31,PH-004,PRD-00005,63,65,2,4.22,0,Minor Variance
SNP-00001089,2026-07-31,PH-004,PRD-00651,82,81,-1,-13.56,13,Minor Variance
SNP-00001090,2026-07-31,PH-004,PRD-00366,33,31,-2,-18.5,0,Minor Variance
SNP-00001091,2026-07-31,PH-004,PRD-00633,4,4,0,0.0,0,Matched
SNP-00001092,2026-07-31,PH-004,PRD-00658,33,33,0,0.0,0,Matched
SNP-00001093,2026-07-31,PH-004,PRD-00608,66,63,-3,-74.31,0,Minor Variance
SNP-00001094,2026-07-31,PH-004,PRD-00733,51,49,-2,-64.38,0,Minor Variance
SNP-00001095,2026-07-31,PH-004,PRD-00127,89,88,-1,-34.13,0,Minor Variance
SNP-00001096,2026-07-31,PH-004,PRD-00515,24,22,-2,-7.7,0,Minor Variance
SNP-00001097,2026-07-31,PH-004,PRD-00262,32,32,0,0.0,0,Matched
SNP-00001098,2026-07-31,PH-004,PRD-00390,76,77,1,9.3,0,Minor Variance
SNP-00001099,2026-07-31,PH-004,PRD-00524,99,98,-1,-17.24,0,Minor Variance
SNP-00001100,2026-07-31,PH-004,PRD-00385,30,33,3,99.72,0,Minor Variance
SNP-00001101,2026-07-31,PH-004,PRD-00675,73,74,1,31.02,0,Minor Variance
SNP-00001102,2026-07-31,PH-004,PRD-00228,96,99,3,36.24,4,Minor Variance
SNP-00001103,2026-07-31,PH-004,PRD-00444,96,98,2,46.84,0,Minor Variance
SNP-00001104,2026-07-31,PH-004,PRD-00263,72,71,-1,-17.47,0,Minor Variance
SNP-00001105,2026-07-31,PH-004,PRD-00796,20,23,3,31.56,2,Minor Variance
SNP-00001106,2026-07-31,PH-004,PRD-00403,100,100,0,0.0,0,Matched
SNP-00001107,2026-07-31,PH-004,PRD-00272,12,14,2,63.24,0,Minor Variance
SNP-00001108,2026-07-31,PH-004,PRD-00457,16,14,-2,-68.18,0,Minor Variance
SNP-00001109,2026-07-31,PH-004,PRD-00038,40,37,-3,-79.68,9,Minor Variance
SNP-00001110,2026-07-31,PH-004,PRD-00421,17,18,1,9.97,7,Minor Variance
SNP-00001111,2026-07-31,PH-004,PRD-00405,42,41,-1,-6.67,0,Minor Variance
SNP-00001112,2026-07-31,PH-004,PRD-00640,11,14,3,36.51,0,Minor Variance
SNP-00001113,2026-07-31,PH-004,PRD-00607,31,34,3,52.11,0,Minor Variance
SNP-00001114,2026-07-31,PH-004,PRD-00469,63,61,-2,-14.34,0,Minor Variance
SNP-00001115,2026-07-31,PH-004,PRD-00054,99,99,0,0.0,0,Matched
SNP-00001116,2026-07-31,PH-004,PRD-00537,24,25,1,9.44,0,Minor Variance
SNP-00001117,2026-07-31,PH-004,PRD-00692,17,14,-3,-18.42,7,Minor Variance
SNP-00001118,2026-07-31,PH-004,PRD-00760,48,48,0,0.0,0,Matched
SNP-00001119,2026-07-31,PH-004,PRD-00147,88,89,1,17.04,0,Minor Variance
SNP-00001120,2026-07-31,PH-004,PRD-00610,86,89,3,8.25,0,Minor Variance
SNP-00001121,2026-07-31,PH-004,PRD-00462,4,2,-2,-4.94,2,Minor Variance
SNP-00001122,2026-07-31,PH-004,PRD-00505,70,68,-2,-43.76,0,Minor Variance
SNP-00001123,2026-07-31,PH-004,PRD-00121,68,69,1,12.36,0,Minor Variance
SNP-00001124,2026-07-31,PH-004,PRD-00407,64,66,2,39.62,6,Minor Variance
SNP-00001125,2026-07-31,PH-004,PRD-00319,18,19,1,28.34,0,Minor Variance
SNP-00001126,2026-07-31,PH-004,PRD-00018,25,24,-1,-7.59,0,Minor Variance
SNP-00001127,2026-07-31,PH-004,PRD-00749,61,59,-2,-28.22,0,Minor Variance
SNP-00001128,2026-07-31,PH-004,PRD-00516,93,94,1,16.03,0,Minor Variance
SNP-00001129,2026-07-31,PH-004,PRD-00772,33,36,3,60.69,0,Minor Variance
SNP-00001130,2026-07-31,PH-004,PRD-00310,74,73,-1,-15.24,0,Minor Variance
SNP-00001131,2026-07-31,PH-004,PRD-00480,74,72,-2,-48.32,0,Minor Variance
SNP-00001132,2026-07-31,PH-004,PRD-00719,84,84,0,0.0,0,Matched
SNP-00001133,2026-07-31,PH-004,PRD-00800,63,60,-3,-101.94,0,Minor Variance
SNP-00001134,2026-07-31,PH-004,PRD-00153,58,58,0,0.0,0,Matched
SNP-00001135,2026-07-31,PH-004,PRD-00603,90,87,-3,-86.46,0,Minor Variance
SNP-00001136,2026-07-31,PH-004,PRD-00375,73,73,0,0.0,0,Matched
SNP-00001137,2026-07-31,PH-004,PRD-00015,44,47,3,27.9,0,Minor Variance
SNP-00001138,2026-07-31,PH-004,PRD-00394,40,40,0,0.0,0,Matched
SNP-00001139,2026-07-31,PH-004,PRD-00759,38,37,-1,-32.45,0,Minor Variance
SNP-00001140,2026-07-31,PH-004,PRD-00306,11,14,3,22.5,0,Minor Variance
SNP-00001141,2026-07-31,PH-004,PRD-00199,20,21,1,9.91,0,Minor Variance
SNP-00001142,2026-07-31,PH-004,PRD-00193,31,29,-2,-7.9,11,Minor Variance
SNP-00001143,2026-07-31,PH-004,PRD-00348,24,26,2,51.7,0,Minor Variance
SNP-00001144,2026-07-31,PH-004,PRD-00684,83,84,1,14.09,0,Minor Variance
SNP-00001145,2026-07-31,PH-004,PRD-00452,7,4,-3,-46.02,0,Minor Variance
SNP-00001146,2026-07-31,PH-004,PRD-00754,5,8,3,6.96,0,Minor Variance
SNP-00001147,2026-07-31,PH-004,PRD-00635,3,2,-1,-34.74,0,Minor Variance
SNP-00001148,2026-07-31,PH-004,PRD-00428,77,78,1,20.72,0,Minor Variance
SNP-00001149,2026-07-31,PH-004,PRD-00178,5,7,2,31.9,0,Minor Variance
SNP-00001150,2026-07-31,PH-004,PRD-00703,100,101,1,3.01,4,Minor Variance
SNP-00001151,2026-07-31,PH-004,PRD-00715,63,66,3,93.18,0,Minor Variance
SNP-00001152,2026-07-31,PH-004,PRD-00167,62,61,-1,-20.45,0,Minor Variance
SNP-00001153,2026-07-31,PH-004,PRD-00663,62,60,-2,-27.58,0,Minor Variance
SNP-00001154,2026-07-31,PH-004,PRD-00677,52,49,-3,-59.82,0,Minor Variance
SNP-00001155,2026-07-31,PH-004,PRD-00518,17,18,1,18.49,0,Minor Variance
SNP-00001156,2026-07-31,PH-004,PRD-00216,85,82,-3,-22.02,0,Minor Variance
SNP-00001157,2026-07-31,PH-004,PRD-00378,93,90,-3,-86.13,0,Minor Variance
SNP-00001158,2026-07-31,PH-004,PRD-00463,39,36,-3,-84.57,0,Minor Variance
SNP-00001159,2026-07-31,PH-004,PRD-00584,93,90,-3,-40.65,0,Minor Variance
SNP-00001160,2026-07-31,PH-004,PRD-00029,4,4,0,0.0,0,Matched
SNP-00001161,2026-07-31,PH-004,PRD-00168,79,77,-2,-30.04,0,Minor Variance
SNP-00001162,2026-07-31,PH-004,PRD-00177,77,76,-1,-11.75,0,Minor Variance
SNP-00001163,2026-07-31,PH-004,PRD-00087,78,75,-3,-12.51,0,Minor Variance
SNP-00001164,2026-07-31,PH-004,PRD-00063,76,73,-3,-11.01,0,Minor Variance
SNP-00001165,2026-07-31,PH-004,PRD-00163,40,37,-3,-69.03,8,Minor Variance
SNP-00001166,2026-07-31,PH-004,PRD-00491,27,28,1,12.6,0,Minor Variance
SNP-00001167,2026-07-31,PH-004,PRD-00392,43,40,-3,-40.83,0,Minor Variance
SNP-00001168,2026-07-31,PH-004,PRD-00596,90,89,-1,-11.86,0,Minor Variance
SNP-00001169,2026-07-31,PH-004,PRD-00062,50,49,-1,-14.47,0,Minor Variance
SNP-00001170,2026-07-31,PH-004,PRD-00142,41,41,0,0.0,0,Matched
SNP-00001171,2026-07-31,PH-004,PRD-00690,98,99,1,31.2,0,Minor Variance
SNP-00001172,2026-07-31,PH-004,PRD-00241,49,51,2,54.18,0,Minor Variance
SNP-00001173,2026-07-31,PH-004,PRD-00234,32,33,1,16.33,0,Minor Variance
SNP-00001174,2026-07-31,PH-004,PRD-00226,38,38,0,0.0,2,Matched
SNP-00001175,2026-07-31,PH-004,PRD-00766,95,98,3,39.66,4,Minor Variance
SNP-00001176,2026-07-31,PH-004,PRD-00530,29,28,-1,-4.05,2,Minor Variance
SNP-00001177,2026-07-31,PH-004,PRD-00073,87,87,0,0.0,0,Matched
SNP-00001178,2026-07-31,PH-004,PRD-00141,35,33,-2,-51.32,0,Minor Variance
SNP-00001179,2026-07-31,PH-004,PRD-00724,97,96,-1,-20.37,0,Minor Variance
SNP-00001180,2026-07-31,PH-004,PRD-00150,30,30,0,0.0,0,Matched
SNP-00001181,2026-07-31,PH-004,PRD-00453,17,16,-1,-31.39,0,Minor Variance
SNP-00001182,2026-07-31,PH-004,PRD-00231,47,47,0,0.0,0,Matched
SNP-00001183,2026-07-31,PH-004,PRD-00616,76,78,2,64.94,0,Minor Variance
SNP-00001184,2026-07-31,PH-004,PRD-00624,78,77,-1,-18.71,0,Minor Variance
SNP-00001185,2026-07-31,PH-004,PRD-00246,9,11,2,17.98,0,Minor Variance
SNP-00001186,2026-07-31,PH-004,PRD-00499,35,34,-1,-21.93,0,Minor Variance
SNP-00001187,2026-07-31,PH-004,PRD-00783,33,35,2,44.0,0,Minor Variance
SNP-00001188,2026-07-31,PH-004,PRD-00068,37,39,2,41.9,0,Minor Variance
SNP-00001189,2026-07-31,PH-004,PRD-00022,85,84,-1,-9.47,0,Minor Variance
SNP-00001190,2026-07-31,PH-004,PRD-00154,52,50,-2,-6.78,0,Minor Variance
SNP-00001191,2026-07-31,PH-004,PRD-00071,64,64,0,0.0,0,Matched
SNP-00001192,2026-07-31,PH-004,PRD-00250,72,69,-3,-7.08,0,Minor Variance
SNP-00001193,2026-07-31,PH-004,PRD-00059,60,61,1,10.9,0,Minor Variance
SNP-00001194,2026-07-31,PH-004,PRD-00083,8,7,-1,-10.98,0,Minor Variance
SNP-00001195,2026-07-31,PH-004,PRD-00026,11,13,2,58.62,0,Minor Variance
SNP-00001196,2026-07-31,PH-004,PRD-00065,96,97,1,4.15,0,Minor Variance
SNP-00001197,2026-07-31,PH-004,PRD-00165,51,54,3,64.8,0,Minor Variance
SNP-00001198,2026-07-31,PH-004,PRD-00481,82,80,-2,-8.52,0,Minor Variance
SNP-00001199,2026-07-31,PH-004,PRD-00426,16,13,-3,-55.41,0,Minor Variance
SNP-00001200,2026-07-31,PH-004,PRD-00075,8,8,0,0.0,0,Matched
SNP-00001201,2026-07-31,PH-005,PRD-00169,24,27,3,6.72,0,Minor Variance
SNP-00001202,2026-07-31,PH-005,PRD-00246,68,71,3,26.97,0,Minor Variance
SNP-00001203,2026-07-31,PH-005,PRD-00038,8,11,3,79.68,0,Minor Variance
SNP-00001204,2026-07-31,PH-005,PRD-00211,23,22,-1,-27.56,0,Minor Variance
SNP-00001205,2026-07-31,PH-005,PRD-00104,9,11,2,2.46,0,Minor Variance
SNP-00001206,2026-07-31,PH-005,PRD-00381,54,51,-3,-6.15,0,Minor Variance
SNP-00001207,2026-07-31,PH-005,PRD-00553,0,1,1,33.47,0,Minor Variance
SNP-00001208,2026-07-31,PH-005,PRD-00789,59,60,1,14.13,0,Minor Variance
SNP-00001209,2026-07-31,PH-005,PRD-00726,56,57,1,1.24,0,Minor Variance
SNP-00001210,2026-07-31,PH-005,PRD-00230,61,64,3,71.01,0,Minor Variance
SNP-00001211,2026-07-31,PH-005,PRD-00429,10,13,3,54.39,0,Minor Variance
SNP-00001212,2026-07-31,PH-005,PRD-00133,5,5,0,0.0,0,Matched
SNP-00001213,2026-07-31,PH-005,PRD-00637,69,72,3,9.09,0,Minor Variance
SNP-00001214,2026-07-31,PH-005,PRD-00265,67,56,-11,-198.77,0,Major Variance
SNP-00001215,2026-07-31,PH-005,PRD-00409,47,48,1,30.89,0,Minor Variance
SNP-00001216,2026-07-31,PH-005,PRD-00277,4,6,2,58.94,0,Minor Variance
SNP-00001217,2026-07-31,PH-005,PRD-00798,60,62,2,3.88,0,Minor Variance
SNP-00001218,2026-07-31,PH-005,PRD-00234,91,90,-1,-16.33,0,Minor Variance
SNP-00001219,2026-07-31,PH-005,PRD-00584,9,0,-9,-121.95,0,Out of Stock
SNP-00001220,2026-07-31,PH-005,PRD-00516,90,93,3,48.09,0,Minor Variance
SNP-00001221,2026-07-31,PH-005,PRD-00549,15,12,-3,-29.07,0,Minor Variance
SNP-00001222,2026-07-31,PH-005,PRD-00631,19,19,0,0.0,0,Matched
SNP-00001223,2026-07-31,PH-005,PRD-00371,59,58,-1,-15.59,0,Minor Variance
SNP-00001224,2026-07-31,PH-005,PRD-00541,44,45,1,21.78,0,Minor Variance
SNP-00001225,2026-07-31,PH-005,PRD-00698,12,13,1,25.07,0,Minor Variance
SNP-00001226,2026-07-31,PH-005,PRD-00503,14,0,-14,-12.88,0,Out of Stock
SNP-00001227,2026-07-31,PH-005,PRD-00198,40,43,3,102.48,0,Minor Variance
SNP-00001228,2026-07-31,PH-005,PRD-00537,7,1,-6,-56.64,0,Major Variance
SNP-00001229,2026-07-31,PH-005,PRD-00748,9,11,2,53.6,0,Minor Variance
SNP-00001230,2026-07-31,PH-005,PRD-00025,48,48,0,0.0,0,Matched
SNP-00001231,2026-07-31,PH-005,PRD-00604,40,20,-20,-602.0,0,Major Variance
SNP-00001232,2026-07-31,PH-005,PRD-00063,50,48,-2,-7.34,0,Minor Variance
SNP-00001233,2026-07-31,PH-005,PRD-00287,93,92,-1,-7.45,0,Minor Variance
SNP-00001234,2026-07-31,PH-005,PRD-00177,44,41,-3,-35.25,0,Minor Variance
SNP-00001235,2026-07-31,PH-005,PRD-00290,62,60,-2,-23.82,0,Minor Variance
SNP-00001236,2026-07-31,PH-005,PRD-00619,11,14,3,49.56,0,Minor Variance
SNP-00001237,2026-07-31,PH-005,PRD-00264,39,38,-1,-2.41,0,Minor Variance
SNP-00001238,2026-07-31,PH-005,PRD-00642,89,87,-2,-66.18,0,Minor Variance
SNP-00001239,2026-07-31,PH-005,PRD-00124,30,31,1,19.99,0,Minor Variance
SNP-00001240,2026-07-31,PH-005,PRD-00213,36,37,1,15.86,0,Minor Variance
SNP-00001241,2026-07-31,PH-005,PRD-00796,67,66,-1,-10.52,0,Minor Variance
SNP-00001242,2026-07-31,PH-005,PRD-00377,77,79,2,54.02,0,Minor Variance
SNP-00001243,2026-07-31,PH-005,PRD-00560,57,60,3,53.88,0,Minor Variance
SNP-00001244,2026-07-31,PH-005,PRD-00612,51,48,-3,-99.6,0,Minor Variance
SNP-00001245,2026-07-31,PH-005,PRD-00007,53,56,3,49.35,0,Minor Variance
SNP-00001246,2026-07-31,PH-005,PRD-00123,42,42,0,0.0,0,Matched
SNP-00001247,2026-07-31,PH-005,PRD-00296,91,93,2,43.46,0,Minor Variance
SNP-00001248,2026-07-31,PH-005,PRD-00546,81,84,3,102.51,0,Minor Variance
SNP-00001249,2026-07-31,PH-005,PRD-00145,35,32,-3,-9.87,0,Minor Variance
SNP-00001250,2026-07-31,PH-005,PRD-00235,65,67,2,53.2,0,Minor Variance
SNP-00001251,2026-07-31,PH-005,PRD-00194,41,44,3,87.03,0,Minor Variance
SNP-00001252,2026-07-31,PH-005,PRD-00490,31,12,-19,-445.93,0,Major Variance
SNP-00001253,2026-07-31,PH-005,PRD-00164,4,1,-3,-48.33,0,Minor Variance
SNP-00001254,2026-07-31,PH-005,PRD-00519,20,17,-3,-12.87,0,Minor Variance
SNP-00001255,2026-07-31,PH-005,PRD-00723,43,42,-1,-1.96,0,Minor Variance
SNP-00001256,2026-07-31,PH-005,PRD-00252,54,52,-2,-60.24,0,Minor Variance
SNP-00001257,2026-07-31,PH-005,PRD-00009,53,52,-1,-18.87,0,Minor Variance
SNP-00001258,2026-07-31,PH-005,PRD-00084,12,10,-2,-39.3,0,Minor Variance
SNP-00001259,2026-07-31,PH-005,PRD-00035,2,4,2,62.68,0,Minor Variance
SNP-00001260,2026-07-31,PH-005,PRD-00706,93,95,2,54.34,0,Minor Variance
SNP-00001261,2026-07-31,PH-005,PRD-00309,48,46,-2,-9.52,0,Minor Variance
SNP-00001262,2026-07-31,PH-005,PRD-00228,78,80,2,24.16,0,Minor Variance
SNP-00001263,2026-07-31,PH-005,PRD-00298,72,71,-1,-27.2,0,Minor Variance
SNP-00001264,2026-07-31,PH-005,PRD-00614,32,32,0,0.0,0,Matched
SNP-00001265,2026-07-31,PH-005,PRD-00707,35,36,1,31.69,0,Minor Variance
SNP-00001266,2026-07-31,PH-005,PRD-00699,81,84,3,21.09,0,Minor Variance
SNP-00001267,2026-07-31,PH-005,PRD-00384,67,57,-10,-330.1,0,Major Variance
SNP-00001268,2026-07-31,PH-005,PRD-00134,75,77,2,2.02,0,Minor Variance
SNP-00001269,2026-07-31,PH-005,PRD-00412,57,56,-1,-10.35,0,Minor Variance
SNP-00001270,2026-07-31,PH-005,PRD-00001,10,2,-8,-276.0,0,Major Variance
SNP-00001271,2026-07-31,PH-005,PRD-00589,54,56,2,50.5,0,Minor Variance
SNP-00001272,2026-07-31,PH-005,PRD-00239,80,79,-1,-14.31,0,Minor Variance
SNP-00001273,2026-07-31,PH-005,PRD-00575,36,37,1,30.01,0,Minor Variance
SNP-00001274,2026-07-31,PH-005,PRD-00620,20,23,3,60.87,0,Minor Variance
SNP-00001275,2026-07-31,PH-005,PRD-00626,26,27,1,27.68,0,Minor Variance
SNP-00001276,2026-07-31,PH-005,PRD-00601,45,42,-3,-47.19,0,Minor Variance
SNP-00001277,2026-07-31,PH-005,PRD-00156,8,11,3,85.38,0,Minor Variance
SNP-00001278,2026-07-31,PH-005,PRD-00195,98,100,2,43.84,0,Minor Variance
SNP-00001279,2026-07-31,PH-005,PRD-00043,40,38,-2,-5.06,0,Minor Variance
SNP-00001280,2026-07-31,PH-005,PRD-00645,18,6,-12,-66.0,0,Major Variance
SNP-00001281,2026-07-31,PH-005,PRD-00021,81,72,-9,-113.31,0,Major Variance
SNP-00001282,2026-07-31,PH-005,PRD-00315,59,57,-2,-19.86,0,Minor Variance
SNP-00001283,2026-07-31,PH-005,PRD-00570,70,71,1,33.74,0,Minor Variance
SNP-00001284,2026-07-31,PH-005,PRD-00172,85,86,1,25.27,0,Minor Variance
SNP-00001285,2026-07-31,PH-005,PRD-00528,61,63,2,44.2,0,Minor Variance
SNP-00001286,2026-07-31,PH-005,PRD-00524,75,77,2,34.48,0,Minor Variance
SNP-00001287,2026-07-31,PH-005,PRD-00492,16,13,-3,-41.91,0,Minor Variance
SNP-00001288,2026-07-31,PH-005,PRD-00448,20,7,-13,-443.04,0,Major Variance
SNP-00001289,2026-07-31,PH-005,PRD-00200,0,2,2,57.22,0,Minor Variance
SNP-00001290,2026-07-31,PH-005,PRD-00229,17,14,-3,-71.55,0,Minor Variance
SNP-00001291,2026-07-31,PH-005,PRD-00137,37,35,-2,-60.56,0,Minor Variance
SNP-00001292,2026-07-31,PH-005,PRD-00078,18,18,0,0.0,0,Matched
SNP-00001293,2026-07-31,PH-005,PRD-00447,64,65,1,21.91,0,Minor Variance
SNP-00001294,2026-07-31,PH-005,PRD-00668,18,0,-18,-416.16,0,Out of Stock
SNP-00001295,2026-07-31,PH-005,PRD-00052,80,65,-15,-304.05,0,Major Variance
SNP-00001296,2026-07-31,PH-005,PRD-00182,48,51,3,47.85,0,Minor Variance
SNP-00001297,2026-07-31,PH-005,PRD-00111,38,26,-12,-122.4,0,Major Variance
SNP-00001298,2026-07-31,PH-005,PRD-00498,38,26,-12,-175.2,0,Major Variance
SNP-00001299,2026-07-31,PH-005,PRD-00709,82,81,-1,-27.96,0,Minor Variance
SNP-00001300,2026-07-31,PH-005,PRD-00390,95,94,-1,-9.3,0,Minor Variance
SNP-00001301,2026-07-31,PH-005,PRD-00484,42,45,3,74.64,0,Minor Variance
SNP-00001302,2026-07-31,PH-005,PRD-00759,62,59,-3,-97.35,0,Minor Variance
SNP-00001303,2026-07-31,PH-005,PRD-00615,5,3,-2,-53.84,0,Minor Variance
SNP-00001304,2026-07-31,PH-005,PRD-00565,92,92,0,0.0,0,Matched
SNP-00001305,2026-07-31,PH-005,PRD-00008,48,42,-6,-185.52,0,Major Variance
SNP-00001306,2026-07-31,PH-005,PRD-00191,62,48,-14,-409.22,0,Major Variance
SNP-00001307,2026-07-31,PH-005,PRD-00314,26,23,-3,-25.35,0,Minor Variance
SNP-00001308,2026-07-31,PH-005,PRD-00638,1,0,-1,-13.99,0,Out of Stock
SNP-00001309,2026-07-31,PH-005,PRD-00415,8,11,3,9.0,0,Minor Variance
SNP-00001310,2026-07-31,PH-005,PRD-00175,20,21,1,26.21,0,Minor Variance
SNP-00001311,2026-07-31,PH-005,PRD-00729,32,30,-2,-51.24,0,Minor Variance
SNP-00001312,2026-07-31,PH-005,PRD-00491,28,28,0,0.0,0,Matched
SNP-00001313,2026-07-31,PH-005,PRD-00514,2,5,3,39.84,0,Minor Variance
SNP-00001314,2026-07-31,PH-005,PRD-00319,30,33,3,85.02,0,Minor Variance
SNP-00001315,2026-07-31,PH-005,PRD-00018,63,66,3,22.77,0,Minor Variance
SNP-00001316,2026-07-31,PH-005,PRD-00649,47,41,-6,-42.48,0,Major Variance
SNP-00001317,2026-07-31,PH-005,PRD-00521,58,55,-3,-55.32,0,Minor Variance
SNP-00001318,2026-07-31,PH-005,PRD-00728,66,63,-3,-63.45,0,Minor Variance
SNP-00001319,2026-07-31,PH-005,PRD-00691,34,16,-18,-211.32,0,Major Variance
SNP-00001320,2026-07-31,PH-005,PRD-00146,45,46,1,21.81,0,Minor Variance
SNP-00001321,2026-07-31,PH-005,PRD-00161,99,85,-14,-464.24,0,Major Variance
SNP-00001322,2026-07-31,PH-005,PRD-00302,68,63,-5,-163.0,0,Major Variance
SNP-00001323,2026-07-31,PH-005,PRD-00545,50,38,-12,-218.88,0,Major Variance
SNP-00001324,2026-07-31,PH-005,PRD-00397,28,25,-3,-12.12,0,Minor Variance
SNP-00001325,2026-07-31,PH-005,PRD-00237,20,20,0,0.0,0,Matched
SNP-00001326,2026-07-31,PH-005,PRD-00416,3,4,1,30.72,0,Minor Variance
SNP-00001327,2026-07-31,PH-005,PRD-00779,50,40,-10,-229.3,0,Major Variance
SNP-00001328,2026-07-31,PH-005,PRD-00750,100,103,3,16.62,0,Minor Variance
SNP-00001329,2026-07-31,PH-005,PRD-00679,74,62,-12,-306.72,0,Major Variance
SNP-00001330,2026-07-31,PH-005,PRD-00335,71,73,2,50.98,0,Minor Variance
SNP-00001331,2026-07-31,PH-005,PRD-00274,64,64,0,0.0,0,Matched
SNP-00001332,2026-07-31,PH-005,PRD-00068,48,46,-2,-41.9,0,Minor Variance
SNP-00001333,2026-07-31,PH-005,PRD-00085,47,48,1,8.75,0,Minor Variance
SNP-00001334,2026-07-31,PH-005,PRD-00593,65,66,1,9.22,0,Minor Variance
SNP-00001335,2026-07-31,PH-005,PRD-00515,88,90,2,7.7,0,Minor Variance
SNP-00001336,2026-07-31,PH-005,PRD-00508,96,94,-2,-24.0,0,Minor Variance
SNP-00001337,2026-07-31,PH-005,PRD-00358,74,72,-2,-59.66,0,Minor Variance
SNP-00001338,2026-07-31,PH-005,PRD-00399,69,66,-3,-19.8,0,Minor Variance
SNP-00001339,2026-07-31,PH-005,PRD-00672,37,27,-10,-217.1,0,Major Variance
SNP-00001340,2026-07-31,PH-005,PRD-00079,96,82,-14,-159.46,0,Major Variance
SNP-00001341,2026-07-31,PH-005,PRD-00163,35,34,-1,-23.01,0,Minor Variance
SNP-00001342,2026-07-31,PH-005,PRD-00142,16,17,1,21.38,0,Minor Variance
SNP-00001343,2026-07-31,PH-005,PRD-00394,93,90,-3,-9.96,0,Minor Variance
SNP-00001344,2026-07-31,PH-005,PRD-00479,71,68,-3,-55.95,0,Minor Variance
SNP-00001345,2026-07-31,PH-005,PRD-00222,90,88,-2,-29.82,0,Minor Variance
SNP-00001346,2026-07-31,PH-005,PRD-00217,45,46,1,24.39,0,Minor Variance
SNP-00001347,2026-07-31,PH-005,PRD-00641,74,61,-13,-144.3,0,Major Variance
SNP-00001348,2026-07-31,PH-005,PRD-00690,64,66,2,62.4,0,Minor Variance
SNP-00001349,2026-07-31,PH-005,PRD-00242,83,83,0,0.0,0,Matched
SNP-00001350,2026-07-31,PH-005,PRD-00061,26,26,0,0.0,0,Matched
SNP-00001351,2026-07-31,PH-005,PRD-00772,33,30,-3,-60.69,0,Minor Variance
SNP-00001352,2026-07-31,PH-005,PRD-00646,93,95,2,46.46,0,Minor Variance
SNP-00001353,2026-07-31,PH-005,PRD-00279,71,60,-11,-257.18,0,Major Variance
SNP-00001354,2026-07-31,PH-005,PRD-00361,14,17,3,60.6,0,Minor Variance
SNP-00001355,2026-07-31,PH-005,PRD-00609,40,42,2,65.1,0,Minor Variance
SNP-00001356,2026-07-31,PH-005,PRD-00650,19,12,-7,-60.62,0,Major Variance
SNP-00001357,2026-07-31,PH-005,PRD-00715,94,94,0,0.0,0,Matched
SNP-00001358,2026-07-31,PH-005,PRD-00665,71,69,-2,-67.28,0,Minor Variance
SNP-00001359,2026-07-31,PH-005,PRD-00327,37,37,0,0.0,0,Matched
SNP-00001360,2026-07-31,PH-005,PRD-00070,99,85,-14,-235.2,0,Major Variance
SNP-00001361,2026-07-31,PH-005,PRD-00548,74,71,-3,-96.27,0,Minor Variance
SNP-00001362,2026-07-31,PH-005,PRD-00420,23,25,2,59.98,0,Minor Variance
SNP-00001363,2026-07-31,PH-005,PRD-00226,66,67,1,30.78,0,Minor Variance
SNP-00001364,2026-07-31,PH-005,PRD-00386,16,19,3,62.76,0,Minor Variance
SNP-00001365,2026-07-31,PH-005,PRD-00098,95,98,3,53.28,0,Minor Variance
SNP-00001366,2026-07-31,PH-005,PRD-00376,26,29,3,4.92,0,Minor Variance
SNP-00001367,2026-07-31,PH-005,PRD-00042,34,33,-1,-26.51,0,Minor Variance
SNP-00001368,2026-07-31,PH-005,PRD-00284,81,78,-3,-82.32,0,Minor Variance
SNP-00001369,2026-07-31,PH-005,PRD-00073,27,24,-3,-55.56,0,Minor Variance
SNP-00001370,2026-07-31,PH-005,PRD-00373,85,83,-2,-35.68,0,Minor Variance
SNP-00001371,2026-07-31,PH-005,PRD-00661,37,38,1,24.44,0,Minor Variance
SNP-00001372,2026-07-31,PH-005,PRD-00196,63,62,-1,-28.31,0,Minor Variance
SNP-00001373,2026-07-31,PH-005,PRD-00059,93,94,1,10.9,0,Minor Variance
SNP-00001374,2026-07-31,PH-005,PRD-00108,70,55,-15,-355.65,0,Major Variance
SNP-00001375,2026-07-31,PH-005,PRD-00542,96,95,-1,-16.9,0,Minor Variance
SNP-00001376,2026-07-31,PH-005,PRD-00139,60,48,-12,-188.04,0,Major Variance
SNP-00001377,2026-07-31,PH-005,PRD-00308,44,46,2,56.34,0,Minor Variance
SNP-00001378,2026-07-31,PH-005,PRD-00297,48,45,-3,-12.39,0,Minor Variance
SNP-00001379,2026-07-31,PH-005,PRD-00662,45,45,0,0.0,0,Matched
SNP-00001380,2026-07-31,PH-005,PRD-00266,30,29,-1,-18.98,0,Minor Variance
SNP-00001381,2026-07-31,PH-005,PRD-00773,22,19,-3,-24.84,0,Minor Variance
SNP-00001382,2026-07-31,PH-005,PRD-00097,95,98,3,104.25,0,Minor Variance
SNP-00001383,2026-07-31,PH-005,PRD-00440,69,67,-2,-22.46,0,Minor Variance
SNP-00001384,2026-07-31,PH-005,PRD-00477,56,59,3,103.08,0,Minor Variance
SNP-00001385,2026-07-31,PH-005,PRD-00598,1,0,-1,-17.87,0,Out of Stock
SNP-00001386,2026-07-31,PH-005,PRD-00496,23,26,3,18.06,0,Minor Variance
SNP-00001387,2026-07-31,PH-005,PRD-00167,86,71,-15,-306.75,0,Major Variance
SNP-00001388,2026-07-31,PH-005,PRD-00471,55,52,-3,-100.5,0,Minor Variance
SNP-00001389,2026-07-31,PH-005,PRD-00039,0,0,0,0.0,0,Out of Stock
SNP-00001390,2026-07-31,PH-005,PRD-00370,71,65,-6,-95.64,0,Major Variance
SNP-00001391,2026-07-31,PH-005,PRD-00763,18,20,2,1.82,0,Minor Variance
SNP-00001392,2026-07-31,PH-005,PRD-00136,53,55,2,58.58,0,Minor Variance
SNP-00001393,2026-07-31,PH-005,PRD-00740,7,10,3,82.47,0,Minor Variance
SNP-00001394,2026-07-31,PH-005,PRD-00629,34,35,1,27.35,0,Minor Variance
SNP-00001395,2026-07-31,PH-005,PRD-00012,29,28,-1,-0.87,0,Minor Variance
SNP-00001396,2026-07-31,PH-005,PRD-00027,69,72,3,24.21,0,Minor Variance
SNP-00001397,2026-07-31,PH-005,PRD-00660,61,58,-3,-48.57,0,Minor Variance
SNP-00001398,2026-07-31,PH-005,PRD-00529,17,4,-13,-181.35,0,Major Variance
SNP-00001399,2026-07-31,PH-005,PRD-00793,88,83,-5,-138.5,0,Major Variance
SNP-00001400,2026-07-31,PH-005,PRD-00628,18,20,2,34.92,0,Minor Variance
SNP-00001401,2026-07-31,PH-005,PRD-00186,60,59,-1,-25.05,0,Minor Variance
SNP-00001402,2026-07-31,PH-005,PRD-00534,55,56,1,26.98,0,Minor Variance
SNP-00001403,2026-07-31,PH-005,PRD-00733,85,71,-14,-450.66,0,Major Variance
SNP-00001404,2026-07-31,PH-005,PRD-00579,37,37,0,0.0,0,Matched
SNP-00001405,2026-07-31,PH-005,PRD-00154,64,65,1,3.39,0,Minor Variance
SNP-00001406,2026-07-31,PH-005,PRD-00449,7,6,-1,-32.71,0,Minor Variance
SNP-00001407,2026-07-31,PH-005,PRD-00535,83,84,1,25.04,0,Minor Variance
SNP-00001408,2026-07-31,PH-005,PRD-00041,57,54,-3,-20.91,0,Minor Variance
SNP-00001409,2026-07-31,PH-005,PRD-00760,41,35,-6,-5.82,0,Major Variance
SNP-00001410,2026-07-31,PH-005,PRD-00751,86,86,0,0.0,0,Matched
SNP-00001411,2026-07-31,PH-005,PRD-00214,22,19,-3,-8.64,0,Minor Variance
SNP-00001412,2026-07-31,PH-005,PRD-00596,88,85,-3,-35.58,0,Minor Variance
SNP-00001413,2026-07-31,PH-005,PRD-00538,18,0,-18,-478.98,0,Out of Stock
SNP-00001414,2026-07-31,PH-005,PRD-00758,81,83,2,9.78,0,Minor Variance
SNP-00001415,2026-07-31,PH-005,PRD-00049,99,99,0,0.0,0,Matched
SNP-00001416,2026-07-31,PH-005,PRD-00664,18,6,-12,-30.12,0,Major Variance
SNP-00001417,2026-07-31,PH-005,PRD-00676,66,65,-1,-28.04,0,Minor Variance
SNP-00001418,2026-07-31,PH-005,PRD-00028,89,89,0,0.0,0,Matched
SNP-00001419,2026-07-31,PH-005,PRD-00669,79,77,-2,-30.06,0,Minor Variance
SNP-00001420,2026-07-31,PH-005,PRD-00212,79,66,-13,-289.77,0,Major Variance
SNP-00001421,2026-07-31,PH-005,PRD-00368,27,25,-2,-2.32,0,Minor Variance
SNP-00001422,2026-07-31,PH-005,PRD-00261,14,16,2,17.26,0,Minor Variance
SNP-00001423,2026-07-31,PH-005,PRD-00392,6,4,-2,-27.22,0,Minor Variance
SNP-00001424,2026-07-31,PH-005,PRD-00334,2,5,3,68.16,0,Minor Variance
SNP-00001425,2026-07-31,PH-005,PRD-00571,43,46,3,71.43,0,Minor Variance
SNP-00001426,2026-07-31,PH-005,PRD-00566,56,58,2,35.72,0,Minor Variance
SNP-00001427,2026-07-31,PH-005,PRD-00588,30,33,3,4.23,0,Minor Variance
SNP-00001428,2026-07-31,PH-005,PRD-00663,74,77,3,41.37,0,Minor Variance
SNP-00001429,2026-07-31,PH-005,PRD-00653,96,98,2,13.62,0,Minor Variance
SNP-00001430,2026-07-31,PH-005,PRD-00083,58,61,3,32.94,0,Minor Variance
SNP-00001431,2026-07-31,PH-005,PRD-00178,29,28,-1,-15.95,0,Minor Variance
SNP-00001432,2026-07-31,PH-005,PRD-00436,49,50,1,26.82,0,Minor Variance
SNP-00001433,2026-07-31,PH-005,PRD-00761,2,0,-2,-15.62,0,Out of Stock
SNP-00001434,2026-07-31,PH-005,PRD-00623,33,30,-3,-91.62,0,Minor Variance
SNP-00001435,2026-07-31,PH-005,PRD-00701,65,67,2,10.22,0,Minor Variance
SNP-00001436,2026-07-31,PH-005,PRD-00695,0,0,0,0.0,0,Out of Stock
SNP-00001437,2026-07-31,PH-005,PRD-00562,90,90,0,0.0,0,Matched
SNP-00001438,2026-07-31,PH-005,PRD-00788,20,18,-2,-26.72,0,Minor Variance
SNP-00001439,2026-07-31,PH-005,PRD-00293,81,84,3,69.93,0,Minor Variance
SNP-00001440,2026-07-31,PH-005,PRD-00094,14,0,-14,-316.4,0,Out of Stock
SNP-00001441,2026-07-31,PH-005,PRD-00345,29,28,-1,-2.73,0,Minor Variance
SNP-00001442,2026-07-31,PH-005,PRD-00106,76,78,2,45.02,0,Minor Variance
SNP-00001443,2026-07-31,PH-005,PRD-00694,80,80,0,0.0,0,Matched
SNP-00001444,2026-07-31,PH-005,PRD-00069,81,79,-2,-63.72,0,Minor Variance
SNP-00001445,2026-07-31,PH-005,PRD-00481,7,4,-3,-12.78,0,Minor Variance
SNP-00001446,2026-07-31,PH-005,PRD-00255,58,56,-2,-56.62,0,Minor Variance
SNP-00001447,2026-07-31,PH-005,PRD-00126,99,98,-1,-12.74,0,Minor Variance
SNP-00001448,2026-07-31,PH-005,PRD-00413,7,0,-7,-111.51,0,Out of Stock
SNP-00001449,2026-07-31,PH-005,PRD-00066,3,4,1,6.7,0,Minor Variance
SNP-00001450,2026-07-31,PH-005,PRD-00054,34,35,1,3.68,0,Minor Variance
SNP-00001451,2026-07-31,PH-005,PRD-00648,76,77,1,26.29,0,Minor Variance
SNP-00001452,2026-07-31,PH-005,PRD-00544,55,55,0,0.0,0,Matched
SNP-00001453,2026-07-31,PH-005,PRD-00056,36,36,0,0.0,0,Matched
SNP-00001454,2026-07-31,PH-005,PRD-00088,66,64,-2,-55.04,0,Minor Variance
SNP-00001455,2026-07-31,PH-005,PRD-00149,38,40,2,64.38,0,Minor Variance
SNP-00001456,2026-07-31,PH-005,PRD-00375,30,30,0,0.0,0,Matched
SNP-00001457,2026-07-31,PH-005,PRD-00019,45,45,0,0.0,0,Matched
SNP-00001458,2026-07-31,PH-005,PRD-00700,49,38,-11,-187.33,0,Major Variance
SNP-00001459,2026-07-31,PH-005,PRD-00652,20,22,2,29.48,0,Minor Variance
SNP-00001460,2026-07-31,PH-005,PRD-00465,38,41,3,23.49,0,Minor Variance
SNP-00001461,2026-07-31,PH-005,PRD-00192,34,37,3,94.2,0,Minor Variance
SNP-00001462,2026-07-31,PH-005,PRD-00572,84,69,-15,-502.65,0,Major Variance
SNP-00001463,2026-07-31,PH-005,PRD-00253,22,22,0,0.0,0,Matched
SNP-00001464,2026-07-31,PH-005,PRD-00582,1,0,-1,-1.11,0,Out of Stock
SNP-00001465,2026-07-31,PH-005,PRD-00286,4,3,-1,-15.17,0,Minor Variance
SNP-00001466,2026-07-31,PH-005,PRD-00547,98,100,2,15.22,0,Minor Variance
SNP-00001467,2026-07-31,PH-005,PRD-00780,48,51,3,62.22,0,Minor Variance
SNP-00001468,2026-07-31,PH-005,PRD-00181,2,0,-2,-26.3,0,Out of Stock
SNP-00001469,2026-07-31,PH-005,PRD-00509,38,33,-5,-32.65,0,Major Variance
SNP-00001470,2026-07-31,PH-005,PRD-00752,0,0,0,0.0,0,Out of Stock
SNP-00001471,2026-07-31,PH-005,PRD-00735,13,14,1,34.77,0,Minor Variance
SNP-00001472,2026-07-31,PH-005,PRD-00092,64,63,-1,-13.03,0,Minor Variance
SNP-00001473,2026-07-31,PH-005,PRD-00785,47,45,-2,-17.84,0,Minor Variance
SNP-00001474,2026-07-31,PH-005,PRD-00746,96,93,-3,-2.58,0,Minor Variance
SNP-00001475,2026-07-31,PH-005,PRD-00607,86,88,2,34.74,0,Minor Variance
SNP-00001476,2026-07-31,PH-005,PRD-00457,19,17,-2,-68.18,0,Minor Variance
SNP-00001477,2026-07-31,PH-005,PRD-00359,69,67,-2,-68.12,0,Minor Variance
SNP-00001478,2026-07-31,PH-005,PRD-00719,17,16,-1,-4.63,0,Minor Variance
SNP-00001479,2026-07-31,PH-005,PRD-00354,33,34,1,33.43,0,Minor Variance
SNP-00001480,2026-07-31,PH-005,PRD-00047,60,59,-1,-24.4,0,Minor Variance
SNP-00001481,2026-07-31,PH-005,PRD-00288,8,6,-2,-24.42,0,Minor Variance
SNP-00001482,2026-07-31,PH-005,PRD-00559,63,61,-2,-28.76,0,Minor Variance
SNP-00001483,2026-07-31,PH-005,PRD-00480,51,53,2,48.32,0,Minor Variance
SNP-00001484,2026-07-31,PH-005,PRD-00350,93,91,-2,-12.94,0,Minor Variance
SNP-00001485,2026-07-31,PH-005,PRD-00424,55,57,2,2.0,0,Minor Variance
SNP-00001486,2026-07-31,PH-005,PRD-00329,47,44,-3,-39.27,0,Minor Variance
SNP-00001487,2026-07-31,PH-005,PRD-00074,14,15,1,12.67,0,Minor Variance
SNP-00001488,2026-07-31,PH-005,PRD-00686,29,32,3,40.71,0,Minor Variance
SNP-00001489,2026-07-31,PH-005,PRD-00003,47,50,3,62.28,0,Minor Variance
SNP-00001490,2026-07-31,PH-005,PRD-00032,93,91,-2,-37.88,0,Minor Variance
SNP-00001491,2026-07-31,PH-005,PRD-00776,11,0,-11,-352.55,0,Out of Stock
SNP-00001492,2026-07-31,PH-005,PRD-00725,50,52,2,36.14,0,Minor Variance
SNP-00001493,2026-07-31,PH-005,PRD-00558,56,55,-1,-22.01,0,Minor Variance
SNP-00001494,2026-07-31,PH-005,PRD-00233,66,69,3,67.89,0,Minor Variance
SNP-00001495,2026-07-31,PH-005,PRD-00470,13,13,0,0.0,0,Matched
SNP-00001496,2026-07-31,PH-005,PRD-00157,23,3,-20,-210.2,0,Major Variance
SNP-00001497,2026-07-31,PH-005,PRD-00703,47,48,1,3.01,0,Minor Variance
SNP-00001498,2026-07-31,PH-005,PRD-00095,63,63,0,0.0,0,Matched
SNP-00001499,2026-07-31,PH-005,PRD-00493,91,88,-3,-32.7,0,Minor Variance
SNP-00001500,2026-07-31,PH-005,PRD-00469,29,29,0,0.0,0,Matched
