invoice_id,invoice_number,transaction_id,store_id,customer_id,billing_type,billing_name,tax_id,payment_terms,issued_datetime,due_date,subtotal,tax_amount,total_amount,status,paid_date
INV-0000001,2026-000001,TXN-0004917,PH-004,CUS-01197,Corporate,Harborview Catering Co,TAX-932187,Net 30,2026-05-01 23:38:38,2026-05-31,163.44,13.27,174.17,Paid,2026-05-20
INV-0000002,2026-000002,TXN-0003104,PH-002,CUS-00774,Personal,Rachel Wilson,,Due on receipt,2026-05-01 15:37:47,2026-05-01,331.78,26.94,353.60,Paid,2026-05-01
INV-0000003,2026-000003,TXN-0004858,PH-003,CUS-03486,Corporate,Crestview Dental Partners,TAX-739265,Net 30,2026-05-01 18:33:55,2026-05-31,304.36,24.65,323.34,Overdue,
INV-0000004,2026-000004,TXN-0004586,PH-002,CUS-02046,Personal,Sarah King,,Due on receipt,2026-05-01 20:46:17,2026-05-01,108.79,8.75,114.90,Paid,2026-05-01
INV-0000005,2026-000005,TXN-0002649,PH-001,CUS-01903,Personal,John Wilson,,Due on receipt,2026-05-02 02:44:36,2026-05-02,78.53,6.47,84.78,Paid,2026-05-02
INV-0000006,2026-000006,TXN-0003387,PH-005,CUS-01130,Personal,Ava Lee,,Due on receipt,2026-05-02 12:48:13,2026-05-02,363.65,28.70,376.67,Paid,2026-05-02
INV-0000007,2026-000007,TXN-0002911,PH-001,CUS-03982,Personal,John Chen,,Due on receipt,2026-05-02 13:57:59,2026-05-02,116.03,9.57,125.60,Paid,2026-05-02
INV-0000008,2026-000008,TXN-0000799,PH-001,CUS-03693,Personal,Emily Moore,,Due on receipt,2026-05-02 12:04:52,2026-05-02,121.21,9.56,125.40,Paid,2026-05-02
INV-0000009,2026-000009,TXN-0004465,PH-003,CUS-02839,Personal,Jessica King,,Due on receipt,2026-05-02 02:12:11,2026-05-02,23.47,1.89,24.75,Paid,2026-05-02
INV-0000010,2026-000010,TXN-0003616,PH-004,CUS-02896,Corporate,Willow Creek Veterinary,TAX-815393,Net 30,2026-05-01 17:18:05,2026-05-31,163.05,13.45,176.50,Paid,2026-05-06
INV-0000011,2026-000011,TXN-0002083,PH-002,CUS-03101,Personal,Linda Martinez,,Due on receipt,2026-05-02 02:50:03,2026-05-02,393.99,31.11,408.13,Paid,2026-05-02
INV-0000012,2026-000012,TXN-0001139,PH-005,CUS-01835,Personal,Grace Jackson,,Due on receipt,2026-05-01 20:01:08,2026-05-01,472.16,38.96,511.12,Paid,2026-05-01
INV-0000013,2026-000013,TXN-0002777,PH-001,CUS-03321,Personal,Robert Miller,,Due on receipt,2026-05-01 23:22:52,2026-05-01,152.27,12.39,162.47,Paid,2026-05-01
INV-0000014,2026-000014,TXN-0003059,PH-002,CUS-02115,Personal,Emily Nguyen,,Due on receipt,2026-05-02 11:24:27,2026-05-02,351.72,27.54,361.34,Paid,2026-05-02
INV-0000015,2026-000015,TXN-0000426,PH-001,CUS-03613,Personal,Anthony Reed,,Due on receipt,2026-05-02 03:09:20,2026-05-02,77.58,6.40,83.98,Paid,2026-05-02
INV-0000016,2026-000016,TXN-0003613,PH-004,CUS-00360,Corporate,Northgate Construction Co,TAX-401121,Net 30,2026-05-02 18:43:01,2026-06-01,132.13,10.90,143.03,Paid,2026-05-16
INV-0000017,2026-000017,TXN-0000451,PH-001,CUS-03378,Corporate,Ironworks Manufacturing Inc,TAX-654194,Net 30,2026-05-02 13:33:25,2026-06-01,190.76,15.75,206.51,Overdue,
INV-0000018,2026-000018,TXN-0000071,PH-002,CUS-01344,Personal,David Tran,,Due on receipt,2026-05-03 11:18:43,2026-05-03,327.06,26.99,354.05,Paid,2026-05-03
INV-0000019,2026-000019,TXN-0002772,PH-001,CUS-02529,Personal,Melissa Chen,,Due on receipt,2026-05-03 09:00:23,2026-05-03,232.15,19.11,250.83,Paid,2026-05-03
INV-0000020,2026-000020,TXN-0000877,PH-004,CUS-00627,Corporate,Cedar Ridge Assisted Living,TAX-354452,Net 30,2026-05-03 10:16:33,2026-06-02,152.28,12.45,163.42,Overdue,
INV-0000021,2026-000021,TXN-0001547,PH-003,CUS-04149,Personal,Sarah Patel,,Due on receipt,2026-05-02 22:06:09,2026-05-02,109.77,9.05,118.82,Paid,2026-05-02
INV-0000022,2026-000022,TXN-0003730,PH-002,CUS-04979,Personal,Jessica Chen,,Due on receipt,2026-05-03 09:11:07,2026-05-03,20.77,1.71,22.48,Paid,2026-05-03
INV-0000023,2026-000023,TXN-0003031,PH-001,CUS-00979,Personal,John King,,Due on receipt,2026-05-03 13:29:50,2026-05-03,133.72,10.88,142.84,Paid,2026-05-03
INV-0000024,2026-000024,TXN-0004594,PH-003,CUS-02646,Corporate,Summit Home Health LLC,TAX-306687,Net 30,2026-05-04 03:13:02,2026-06-03,178.12,14.69,192.81,Paid,2026-05-26
INV-0000025,2026-000025,TXN-0004235,PH-003,CUS-01456,Personal,Anthony Nguyen,,Due on receipt,2026-05-04 04:47:33,2026-05-04,382.92,31.59,414.51,Paid,2026-05-04
INV-0000026,2026-000026,TXN-0000895,PH-002,CUS-01466,Personal,Liam Taylor,,Due on receipt,2026-05-03 21:00:48,2026-05-03,221.39,18.25,239.64,Paid,2026-05-03
INV-0000027,2026-000027,TXN-0001171,PH-004,CUS-00842,Corporate,Pinehurst Hospitality Group,TAX-563446,Net 30,2026-05-03 15:57:39,2026-06-02,236.87,19.55,256.42,Overdue,
INV-0000028,2026-000028,TXN-0004452,PH-001,CUS-00196,Personal,Laura Tran,,Due on receipt,2026-05-04 11:20:32,2026-05-04,148.76,12.28,161.04,Paid,2026-05-04
INV-0000029,2026-000029,TXN-0001683,PH-002,CUS-02825,Personal,Michael Miller,,Due on receipt,2026-05-03 16:45:49,2026-05-03,49.56,4.10,53.66,Paid,2026-05-03
INV-0000030,2026-000030,TXN-0004558,PH-004,CUS-00041,Personal,Amanda Moore,,Due on receipt,2026-05-04 11:50:38,2026-05-04,215.49,17.33,227.50,Paid,2026-05-04
INV-0000031,2026-000031,TXN-0000033,PH-002,CUS-03258,Personal,Mia Johnson,,Due on receipt,2026-05-04 05:33:19,2026-05-04,161.59,13.33,174.92,Paid,2026-05-04
INV-0000032,2026-000032,TXN-0001322,PH-002,CUS-01918,Corporate,Fairfield Sports Academy,TAX-958225,Net 30,2026-05-03 21:37:21,2026-06-02,211.52,16.55,217.13,Paid,2026-05-14
INV-0000033,2026-000033,TXN-0004004,PH-002,CUS-01394,Personal,Anthony Lee,,Due on receipt,2026-05-04 06:49:39,2026-05-04,339.46,26.45,347.05,Paid,2026-05-04
INV-0000034,2026-000034,TXN-0001376,PH-005,CUS-02758,Personal,Michael White,,Due on receipt,2026-05-04 16:04:56,2026-05-04,240.64,19.40,254.59,Paid,2026-05-04
INV-0000035,2026-000035,TXN-0002472,PH-004,CUS-03780,Personal,Ethan Garcia,,Due on receipt,2026-05-04 02:45:33,2026-05-04,228.98,18.41,241.51,Cancelled,
INV-0000036,2026-000036,TXN-0000047,PH-002,CUS-01170,Personal,Kevin Nguyen,,Due on receipt,2026-05-04 18:47:58,2026-05-04,191.45,15.80,207.25,Paid,2026-05-04
INV-0000037,2026-000037,TXN-0004896,PH-001,CUS-01796,Corporate,Lakeside Medical Group,TAX-117953,Net 30,2026-05-04 11:31:24,2026-06-03,164.68,13.34,174.97,Paid,2026-05-22
INV-0000038,2026-000038,TXN-0004789,PH-003,CUS-01147,Corporate,Riverbend Community Clinic,TAX-507487,Net 30,2026-05-03 23:32:12,2026-06-02,151.12,12.47,163.59,Paid,2026-05-09
INV-0000039,2026-000039,TXN-0000469,PH-003,CUS-00517,Corporate,Crestview Dental Partners,TAX-767475,Net 30,2026-05-04 10:31:16,2026-06-03,48.49,4.00,52.49,Overdue,
INV-0000040,2026-000040,TXN-0001806,PH-002,CUS-03244,Corporate,Northgate Construction Co,TAX-401941,Net 30,2026-05-05 09:23:50,2026-06-04,125.23,9.30,122.00,Overdue,
INV-0000041,2026-000041,TXN-0004286,PH-005,CUS-02789,Personal,Daniel Carter,,Due on receipt,2026-05-04 18:25:06,2026-05-04,163.01,12.87,168.79,Paid,2026-05-04
INV-0000042,2026-000042,TXN-0001615,PH-002,CUS-04584,Corporate,Fairfield Sports Academy,TAX-973009,Net 30,2026-05-05 09:35:17,2026-06-04,152.30,10.69,140.22,Overdue,
INV-0000043,2026-000043,TXN-0000747,PH-002,CUS-00901,Corporate,Crestview Dental Partners,TAX-731799,Net 30,2026-05-05 00:12:15,2026-06-04,263.07,21.49,281.85,Paid,2026-05-15
INV-0000044,2026-000044,TXN-0003291,PH-003,CUS-01755,Personal,Olivia Kim,,Due on receipt,2026-05-05 02:03:45,2026-05-05,207.06,16.57,217.42,Paid,2026-05-05
INV-0000045,2026-000045,TXN-0004092,PH-004,CUS-00325,Corporate,Harborview Catering Co,TAX-929047,Net 30,2026-05-04 22:49:43,2026-06-03,106.36,8.13,106.72,Paid,2026-05-11
INV-0000046,2026-000046,TXN-0000797,PH-003,CUS-01053,Personal,Michael Garcia,,Due on receipt,2026-05-05 11:25:01,2026-05-05,287.55,22.47,294.87,Paid,2026-05-05
INV-0000047,2026-000047,TXN-0001449,PH-002,CUS-01920,Corporate,Ironworks Manufacturing Inc,TAX-625684,Net 30,2026-05-05 11:38:16,2026-06-04,51.03,4.21,55.24,Overdue,
INV-0000048,2026-000048,TXN-0002611,PH-002,CUS-02374,Corporate,Northgate Construction Co,TAX-410984,Net 30,2026-05-05 16:47:27,2026-06-04,264.74,21.45,281.51,Paid,2026-05-17
INV-0000049,2026-000049,TXN-0003443,PH-004,CUS-00078,Personal,David Patel,,Due on receipt,2026-05-05 14:33:37,2026-05-05,185.81,14.88,195.12,Paid,2026-05-05
INV-0000050,2026-000050,TXN-0002113,PH-002,CUS-02504,Personal,Olivia Johnson,,Due on receipt,2026-05-05 10:37:57,2026-05-05,129.78,10.66,139.80,Paid,2026-05-05
INV-0000051,2026-000051,TXN-0001651,PH-002,CUS-03601,Personal,John Smith,,Due on receipt,2026-05-06 07:45:48,2026-05-06,254.19,20.98,275.17,Paid,2026-05-06
INV-0000052,2026-000052,TXN-0003813,PH-002,CUS-00714,Corporate,BrightPath Daycare Centers,TAX-260019,Net 30,2026-05-06 01:50:40,2026-06-05,150.33,11.84,155.33,Paid,2026-05-24
INV-0000053,2026-000053,TXN-0002056,PH-003,CUS-04543,Corporate,Cedar Ridge Assisted Living,TAX-376549,Net 30,2026-05-06 12:00:58,2026-06-05,90.93,7.11,93.40,Overdue,
INV-0000054,2026-000054,TXN-0002916,PH-001,CUS-03398,Personal,John Garcia,,Due on receipt,2026-05-06 11:11:40,2026-05-06,33.38,2.75,36.13,Paid,2026-05-06
INV-0000055,2026-000055,TXN-0002057,PH-005,CUS-02884,Personal,Sophia Chen,,Due on receipt,2026-05-06 04:11:19,2026-05-06,51.48,4.25,55.73,Paid,2026-05-06
INV-0000056,2026-000056,TXN-0003229,PH-005,CUS-04250,Corporate,Bluebird Transit Services,TAX-708094,Net 30,2026-05-06 00:25:13,2026-06-05,340.52,27.87,365.67,Overdue,
INV-0000057,2026-000057,TXN-0002088,PH-004,CUS-00561,Personal,Laura Anderson,,Due on receipt,2026-05-06 15:11:03,2026-05-06,294.32,23.16,303.95,Paid,2026-05-06
INV-0000058,2026-000058,TXN-0002872,PH-004,CUS-00058,Personal,Noah Nguyen,,Due on receipt,2026-05-06 06:27:43,2026-05-06,251.50,20.27,266.07,Paid,2026-05-06
INV-0000059,2026-000059,TXN-0002187,PH-001,CUS-03941,Personal,Brandon White,,Due on receipt,2026-05-06 17:10:58,2026-05-06,68.96,5.69,74.65,Paid,2026-05-06
INV-0000060,2026-000060,TXN-0003242,PH-005,CUS-00554,Personal,Olivia Nguyen,,Due on receipt,2026-05-06 19:37:08,2026-05-06,128.55,9.86,129.33,Paid,2026-05-06
INV-0000061,2026-000061,TXN-0001339,PH-002,CUS-00350,Corporate,Fairfield Sports Academy,TAX-993483,Net 30,2026-05-06 19:09:39,2026-06-05,103.12,8.09,106.06,Paid,2026-05-21
INV-0000062,2026-000062,TXN-0004810,PH-002,CUS-01609,Corporate,Pinehurst Hospitality Group,TAX-566828,Net 30,2026-05-07 03:36:13,2026-06-06,376.17,30.11,395.15,Paid,2026-05-29
INV-0000063,2026-000063,TXN-0003002,PH-001,CUS-04969,Personal,Melissa Chen,,Due on receipt,2026-05-06 11:47:58,2026-05-06,376.51,28.10,368.67,Paid,2026-05-06
INV-0000064,2026-000064,TXN-0001329,PH-003,CUS-00255,Corporate,Ironworks Manufacturing Inc,TAX-643206,Net 30,2026-05-07 00:26:15,2026-06-06,194.22,15.54,203.97,Overdue,
INV-0000065,2026-000065,TXN-0000813,PH-002,CUS-02233,Corporate,Pinehurst Hospitality Group,TAX-579948,Net 30,2026-05-06 19:21:54,2026-06-05,335.74,25.46,334.11,Paid,2026-05-16
INV-0000066,2026-000066,TXN-0002208,PH-002,CUS-04244,Personal,Linda Chen,,Due on receipt,2026-05-07 07:02:52,2026-05-07,76.29,6.11,80.14,Paid,2026-05-07
INV-0000067,2026-000067,TXN-0002434,PH-003,CUS-04420,Personal,Grace Patel,,Due on receipt,2026-05-07 15:29:47,2026-05-07,347.27,28.42,372.90,Paid,2026-05-07
INV-0000068,2026-000068,TXN-0002987,PH-003,CUS-03672,Personal,Sarah Tran,,Due on receipt,2026-05-07 05:35:18,2026-05-07,184.23,14.21,186.34,Paid,2026-05-07
INV-0000069,2026-000069,TXN-0004515,PH-001,CUS-01455,Personal,Jessica Lopez,,Due on receipt,2026-05-07 04:35:37,2026-05-07,104.60,8.50,111.48,Paid,2026-05-07
INV-0000070,2026-000070,TXN-0004545,PH-003,CUS-03067,Personal,Robert Davis,,Due on receipt,2026-05-07 03:03:35,2026-05-07,606.24,47.27,620.24,Paid,2026-05-07
INV-0000071,2026-000071,TXN-0003321,PH-003,CUS-04476,Corporate,Stonebridge Property Mgmt,TAX-870448,Net 30,2026-05-07 07:11:51,2026-06-06,153.46,11.92,156.40,Paid,2026-05-21
INV-0000072,2026-000072,TXN-0000872,PH-002,CUS-03954,Personal,David Garcia,,Due on receipt,2026-05-07 21:16:26,2026-05-07,252.42,20.82,273.24,Paid,2026-05-07
INV-0000073,2026-000073,TXN-0002093,PH-005,CUS-03252,Personal,Anthony Chen,,Due on receipt,2026-05-08 06:18:25,2026-05-08,182.25,15.04,197.29,Paid,2026-05-08
INV-0000074,2026-000074,TXN-0004629,PH-001,CUS-01135,Corporate,Maple Valley School District,TAX-471102,Net 30,2026-05-08 00:44:14,2026-06-07,237.28,19.41,254.61,Overdue,
INV-0000075,2026-000075,TXN-0001804,PH-003,CUS-02958,Personal,Ava Ross,,Due on receipt,2026-05-08 02:58:46,2026-05-08,55.38,4.57,59.95,Paid,2026-05-08
INV-0000076,2026-000076,TXN-0000664,PH-005,CUS-03622,Personal,Linda Martinez,,Due on receipt,2026-05-08 02:00:28,2026-05-08,43.80,3.61,47.41,Paid,2026-05-08
INV-0000077,2026-000077,TXN-0001662,PH-003,CUS-03777,Personal,John White,,Due on receipt,2026-05-07 22:16:53,2026-05-07,66.28,5.47,71.75,Paid,2026-05-07
INV-0000078,2026-000078,TXN-0001109,PH-004,CUS-02896,Personal,Mia Johnson,,Due on receipt,2026-05-07 16:01:38,2026-05-07,154.64,12.57,165.03,Paid,2026-05-07
INV-0000079,2026-000079,TXN-0003219,PH-002,CUS-02877,Corporate,Willow Creek Veterinary,TAX-797321,Net 30,2026-05-08 14:36:53,2026-06-07,275.11,22.70,297.81,Paid,2026-06-04
INV-0000080,2026-000080,TXN-0004049,PH-002,CUS-00375,Corporate,Northgate Construction Co,TAX-410077,Net 30,2026-05-07 17:50:13,2026-06-06,537.48,41.56,545.14,Paid,2026-05-14
INV-0000081,2026-000081,TXN-0003901,PH-004,CUS-00815,Personal,Ava Miller,,Due on receipt,2026-05-08 06:04:40,2026-05-08,410.32,31.67,415.59,Paid,2026-05-08
INV-0000082,2026-000082,TXN-0000283,PH-001,CUS-02620,Personal,Noah Tran,,Due on receipt,2026-05-07 22:52:34,2026-05-07,348.78,28.53,374.49,Paid,2026-05-07
INV-0000083,2026-000083,TXN-0000087,PH-002,CUS-03160,Personal,Grace Hill,,Due on receipt,2026-05-08 18:36:41,2026-05-08,153.85,12.24,160.67,Paid,2026-05-08
INV-0000084,2026-000084,TXN-0001415,PH-001,CUS-00831,Personal,Mia Garcia,,Due on receipt,2026-05-08 00:25:53,2026-05-08,96.96,7.60,99.67,Paid,2026-05-08
INV-0000085,2026-000085,TXN-0000219,PH-003,CUS-03237,Personal,Mia Smith,,Due on receipt,2026-05-07 22:44:06,2026-05-07,278.49,22.22,291.57,Paid,2026-05-07
INV-0000086,2026-000086,TXN-0004357,PH-001,CUS-03035,Corporate,Summit Home Health LLC,TAX-296403,Net 30,2026-05-08 09:06:26,2026-06-07,56.51,4.66,61.17,Paid,2026-05-24
INV-0000087,2026-000087,TXN-0002939,PH-002,CUS-02008,Personal,Ava Jackson,,Due on receipt,2026-05-09 06:37:54,2026-05-09,118.52,9.79,128.31,Paid,2026-05-09
INV-0000088,2026-000088,TXN-0002835,PH-001,CUS-03568,Corporate,Northgate Construction Co,TAX-435310,Net 30,2026-05-09 03:48:57,2026-06-08,42.79,3.12,40.97,Paid,2026-06-01
INV-0000089,2026-000089,TXN-0002595,PH-003,CUS-00214,Personal,Liam Wilson,,Due on receipt,2026-05-09 04:41:44,2026-05-09,134.47,10.73,140.65,Paid,2026-05-09
INV-0000090,2026-000090,TXN-0000642,PH-004,CUS-04815,Personal,Anthony Thomas,,Due on receipt,2026-05-08 19:34:57,2026-05-08,276.96,22.00,288.71,Paid,2026-05-08
INV-0000091,2026-000091,TXN-0000556,PH-005,CUS-02631,Personal,Laura Ross,,Due on receipt,2026-05-09 02:38:09,2026-05-09,127.21,10.50,137.71,Paid,2026-05-09
INV-0000092,2026-000092,TXN-0000063,PH-004,CUS-03259,Corporate,Bluebird Transit Services,TAX-701204,Net 30,2026-05-09 08:37:57,2026-06-08,153.37,12.65,166.02,Overdue,
INV-0000093,2026-000093,TXN-0003280,PH-004,CUS-04078,Personal,Marcus Chen,,Due on receipt,2026-05-09 18:48:20,2026-05-09,187.36,14.13,185.50,Cancelled,
INV-0000094,2026-000094,TXN-0003232,PH-003,CUS-02714,Personal,Sophia Miller,,Due on receipt,2026-05-09 19:17:33,2026-05-09,146.00,11.95,156.80,Paid,2026-05-09
INV-0000095,2026-000095,TXN-0004228,PH-001,CUS-04354,Personal,Grace Taylor,,Due on receipt,2026-05-10 00:17:19,2026-05-10,177.08,14.61,191.69,Paid,2026-05-10
INV-0000096,2026-000096,TXN-0001097,PH-001,CUS-02852,Corporate,Summit Home Health LLC,TAX-287908,Net 30,2026-05-09 22:56:07,2026-06-08,186.91,14.35,188.26,Paid,2026-05-24
INV-0000097,2026-000097,TXN-0002147,PH-002,CUS-00391,Personal,Rachel Brown,,Due on receipt,2026-05-09 18:06:39,2026-05-09,141.45,10.85,142.32,Paid,2026-05-09
INV-0000098,2026-000098,TXN-0002972,PH-001,CUS-01921,Personal,Sarah King,,Due on receipt,2026-05-09 19:15:49,2026-05-09,199.74,16.48,216.22,Paid,2026-05-09
INV-0000099,2026-000099,TXN-0002848,PH-002,CUS-02332,Personal,Michael Lopez,,Due on receipt,2026-05-09 12:50:46,2026-05-09,249.78,20.61,270.39,Paid,2026-05-09
INV-0000100,2026-000100,TXN-0001152,PH-005,CUS-00421,Personal,Ethan Nguyen,,Due on receipt,2026-05-09 13:27:34,2026-05-09,268.81,22.17,290.98,Paid,2026-05-09
INV-0000101,2026-000101,TXN-0001940,PH-004,CUS-04929,Corporate,Fairfield Sports Academy,TAX-960597,Net 30,2026-05-10 03:05:55,2026-06-09,309.37,24.60,322.93,Overdue,
INV-0000102,2026-000102,TXN-0004289,PH-003,CUS-00029,Personal,Ethan Kim,,Due on receipt,2026-05-10 10:36:05,2026-05-10,179.76,14.83,194.59,Paid,2026-05-10
INV-0000103,2026-000103,TXN-0000211,PH-002,CUS-00580,Personal,Marcus Patel,,Due on receipt,2026-05-10 07:15:57,2026-05-10,260.03,18.86,247.47,Paid,2026-05-10
INV-0000104,2026-000104,TXN-0000856,PH-004,CUS-04491,Personal,Olivia King,,Due on receipt,2026-05-10 13:12:16,2026-05-10,27.50,1.80,23.66,Paid,2026-05-10
INV-0000105,2026-000105,TXN-0000557,PH-005,CUS-02902,Corporate,Northgate Construction Co,TAX-425521,Net 30,2026-05-10 17:10:44,2026-06-09,207.30,17.11,224.41,Paid,2026-06-05
INV-0000106,2026-000106,TXN-0000604,PH-002,CUS-04232,Personal,David Johnson,,Due on receipt,2026-05-10 09:20:41,2026-05-10,362.62,28.17,369.55,Paid,2026-05-10
INV-0000107,2026-000107,TXN-0002935,PH-003,CUS-04515,Corporate,Willow Creek Veterinary,TAX-778769,Net 30,2026-05-10 20:15:31,2026-06-09,141.61,11.68,153.09,Overdue,
INV-0000108,2026-000108,TXN-0001667,PH-002,CUS-04864,Corporate,Bluebird Transit Services,TAX-709516,Net 30,2026-05-11 05:13:26,2026-06-10,176.02,14.05,184.34,Overdue,
INV-0000109,2026-000109,TXN-0002119,PH-003,CUS-01317,Personal,Kevin Nguyen,,Due on receipt,2026-05-11 10:49:42,2026-05-11,41.71,2.24,29.35,Paid,2026-05-11
INV-0000110,2026-000110,TXN-0001845,PH-001,CUS-03672,Corporate,Maple Valley School District,TAX-447887,Net 30,2026-05-11 04:40:21,2026-06-10,133.01,10.97,143.98,Overdue,
INV-0000111,2026-000111,TXN-0003351,PH-005,CUS-04937,Corporate,Fairfield Sports Academy,TAX-981921,Net 30,2026-05-10 17:37:30,2026-06-09,138.66,10.19,133.65,Overdue,
INV-0000112,2026-000112,TXN-0003322,PH-003,CUS-04875,Personal,Michael Lee,,Due on receipt,2026-05-10 17:00:15,2026-05-10,134.68,11.08,145.33,Paid,2026-05-10
INV-0000113,2026-000113,TXN-0000479,PH-004,CUS-01219,Personal,Mia Reed,,Due on receipt,2026-05-11 06:50:01,2026-05-11,214.15,16.93,222.09,Paid,2026-05-11
INV-0000114,2026-000114,TXN-0002498,PH-003,CUS-01304,Personal,Linda Anderson,,Due on receipt,2026-05-10 21:55:19,2026-05-10,40.51,3.34,43.85,Paid,2026-05-10
INV-0000115,2026-000115,TXN-0003116,PH-005,CUS-02029,Corporate,Riverbend Community Clinic,TAX-537185,Net 30,2026-05-10 21:03:08,2026-06-09,170.41,13.89,182.39,Paid,2026-05-15
INV-0000116,2026-000116,TXN-0002250,PH-002,CUS-00846,Corporate,Summit Home Health LLC,TAX-311808,Net 30,2026-05-11 14:51:52,2026-06-10,298.76,24.16,316.92,Paid,2026-05-19
INV-0000117,2026-000117,TXN-0000575,PH-003,CUS-01828,Personal,Melissa Brown,,Due on receipt,2026-05-12 04:31:51,2026-05-12,495.99,40.79,535.46,Paid,2026-05-12
INV-0000118,2026-000118,TXN-0004280,PH-001,CUS-03876,Corporate,Stonebridge Property Mgmt,TAX-840433,Net 30,2026-05-12 01:22:48,2026-06-11,235.85,18.14,237.85,Overdue,
INV-0000119,2026-000119,TXN-0004419,PH-002,CUS-02287,Personal,Liam Reed,,Due on receipt,2026-05-11 20:43:37,2026-05-11,208.41,16.97,222.74,Paid,2026-05-11
INV-0000120,2026-000120,TXN-0003462,PH-004,CUS-03705,Corporate,Cedar Ridge Assisted Living,TAX-350961,Net 30,2026-05-11 18:56:41,2026-06-10,309.71,24.66,323.55,Paid,2026-05-19
INV-0000121,2026-000121,TXN-0002715,PH-004,CUS-03664,Personal,Olivia Tran,,Due on receipt,2026-05-12 07:16:48,2026-05-12,248.13,20.48,268.61,Paid,2026-05-12
INV-0000122,2026-000122,TXN-0001954,PH-002,CUS-03927,Corporate,Crestview Dental Partners,TAX-762588,Net 30,2026-05-12 15:41:30,2026-06-11,19.53,1.29,16.91,Paid,2026-06-06
INV-0000123,2026-000123,TXN-0004331,PH-003,CUS-02212,Personal,Jessica Anderson,,Due on receipt,2026-05-12 06:18:59,2026-05-12,97.71,7.63,100.06,Paid,2026-05-12
INV-0000124,2026-000124,TXN-0000701,PH-004,CUS-00391,Personal,Rachel Brown,,Due on receipt,2026-05-12 23:39:05,2026-05-12,236.41,19.43,254.96,Paid,2026-05-12
INV-0000125,2026-000125,TXN-0002235,PH-004,CUS-01623,Personal,David Hill,,Due on receipt,2026-05-12 19:14:06,2026-05-12,121.45,10.03,131.48,Paid,2026-05-12
INV-0000126,2026-000126,TXN-0001363,PH-004,CUS-04520,Corporate,Stonebridge Property Mgmt,TAX-867818,Net 30,2026-05-12 11:50:36,2026-06-11,171.02,14.10,185.12,Paid,2026-05-18
INV-0000127,2026-000127,TXN-0003277,PH-005,CUS-04024,Corporate,Fairfield Sports Academy,TAX-975243,Net 30,2026-05-12 17:10:41,2026-06-11,118.44,9.77,128.21,Paid,2026-05-22
INV-0000128,2026-000128,TXN-0000204,PH-005,CUS-01773,Personal,Ethan Hill,,Due on receipt,2026-05-12 17:43:16,2026-05-12,128.28,9.98,130.88,Paid,2026-05-12
INV-0000129,2026-000129,TXN-0000785,PH-004,CUS-04768,Personal,Kevin Patel,,Due on receipt,2026-05-12 15:01:09,2026-05-12,178.05,14.69,192.74,Paid,2026-05-12
INV-0000130,2026-000130,TXN-0000317,PH-001,CUS-00742,Corporate,Stonebridge Property Mgmt,TAX-868249,Net 30,2026-05-13 04:00:44,2026-06-12,89.31,7.37,96.68,Paid,2026-05-30
INV-0000131,2026-000131,TXN-0000807,PH-002,CUS-04569,Personal,Kevin Martinez,,Due on receipt,2026-05-13 15:24:43,2026-05-13,102.65,8.39,109.91,Paid,2026-05-13
INV-0000132,2026-000132,TXN-0001621,PH-001,CUS-00304,Corporate,Summit Home Health LLC,TAX-300677,Net 30,2026-05-13 12:30:28,2026-06-12,340.42,24.46,321.04,Paid,2026-06-05
INV-0000133,2026-000133,TXN-0000703,PH-001,CUS-00557,Personal,Emily Nguyen,,Due on receipt,2026-05-13 03:45:35,2026-05-13,133.38,11.01,144.39,Paid,2026-05-13
INV-0000134,2026-000134,TXN-0001328,PH-001,CUS-04317,Personal,Linda Brown,,Due on receipt,2026-05-13 14:20:58,2026-05-13,173.06,14.28,187.34,Paid,2026-05-13
INV-0000135,2026-000135,TXN-0002195,PH-003,CUS-00886,Personal,Daniel Lee,,Due on receipt,2026-05-13 17:49:14,2026-05-13,331.94,27.39,359.33,Paid,2026-05-13
INV-0000136,2026-000136,TXN-0001286,PH-003,CUS-02814,Personal,Anthony Lopez,,Due on receipt,2026-05-14 07:25:32,2026-05-14,203.88,16.79,220.32,Paid,2026-05-14
INV-0000137,2026-000137,TXN-0003286,PH-002,CUS-04311,Personal,Liam Wilson,,Due on receipt,2026-05-13 09:30:33,2026-05-13,36.92,3.05,39.97,Paid,2026-05-13
INV-0000138,2026-000138,TXN-0004203,PH-001,CUS-00190,Corporate,Ironworks Manufacturing Inc,TAX-659704,Net 30,2026-05-13 22:30:41,2026-06-12,396.21,32.69,428.90,Paid,2026-05-29
INV-0000139,2026-000139,TXN-0000795,PH-001,CUS-02876,Personal,Amanda Smith,,Due on receipt,2026-05-14 10:03:10,2026-05-14,347.77,28.69,376.46,Paid,2026-05-14
INV-0000140,2026-000140,TXN-0000156,PH-005,CUS-04300,Personal,Brandon King,,Due on receipt,2026-05-14 08:10:31,2026-05-14,164.10,12.71,166.74,Paid,2026-05-14
INV-0000141,2026-000141,TXN-0003520,PH-003,CUS-03886,Personal,Liam Miller,,Due on receipt,2026-05-14 03:25:18,2026-05-14,299.62,24.72,324.34,Paid,2026-05-14
INV-0000142,2026-000142,TXN-0000508,PH-004,CUS-03939,Personal,Robert Hill,,Due on receipt,2026-05-14 06:47:04,2026-05-14,112.24,9.09,119.27,Paid,2026-05-14
INV-0000143,2026-000143,TXN-0001873,PH-003,CUS-01632,Personal,Daniel Davis,,Due on receipt,2026-05-14 12:15:27,2026-05-14,64.84,5.35,70.19,Paid,2026-05-14
INV-0000144,2026-000144,TXN-0003835,PH-004,CUS-01895,Personal,Liam Ross,,Due on receipt,2026-05-13 23:00:29,2026-05-13,165.27,13.64,178.91,Paid,2026-05-13
INV-0000145,2026-000145,TXN-0001513,PH-002,CUS-03840,Personal,Mia Wilson,,Due on receipt,2026-05-13 23:38:42,2026-05-13,230.85,17.28,226.84,Paid,2026-05-13
INV-0000146,2026-000146,TXN-0001133,PH-005,CUS-00661,Corporate,Northgate Construction Co,TAX-392839,Net 30,2026-05-14 01:24:15,2026-06-13,224.58,17.54,230.20,Paid,2026-05-23
INV-0000147,2026-000147,TXN-0003719,PH-001,CUS-02562,Personal,Robert Ross,,Due on receipt,2026-05-13 21:07:27,2026-05-13,306.21,24.50,321.49,Paid,2026-05-13
INV-0000148,2026-000148,TXN-0004720,PH-004,CUS-02393,Personal,John Smith,,Due on receipt,2026-05-14 10:04:32,2026-05-14,106.39,8.51,111.74,Paid,2026-05-14
INV-0000149,2026-000149,TXN-0001574,PH-003,CUS-01836,Corporate,Pinehurst Hospitality Group,TAX-557689,Net 30,2026-05-14 21:25:59,2026-06-13,150.84,12.32,161.59,Overdue,
INV-0000150,2026-000150,TXN-0003079,PH-005,CUS-01039,Personal,Linda Hill,,Due on receipt,2026-05-14 19:08:36,2026-05-14,191.11,15.03,197.23,Paid,2026-05-14
INV-0000151,2026-000151,TXN-0002333,PH-004,CUS-03223,Personal,Grace Carter,,Due on receipt,2026-05-15 04:29:45,2026-05-15,143.61,10.64,139.63,Paid,2026-05-15
INV-0000152,2026-000152,TXN-0001330,PH-004,CUS-04877,Personal,John Anderson,,Due on receipt,2026-05-15 10:20:39,2026-05-15,158.72,12.98,170.32,Paid,2026-05-15
INV-0000153,2026-000153,TXN-0000970,PH-002,CUS-04700,Corporate,Lakeside Medical Group,TAX-115919,Net 30,2026-05-14 20:35:31,2026-06-13,463.53,37.31,489.63,Paid,2026-05-23
INV-0000154,2026-000154,TXN-0002415,PH-005,CUS-02839,Personal,Jessica King,,Due on receipt,2026-05-14 18:37:04,2026-05-14,235.86,18.92,248.19,Paid,2026-05-14
INV-0000155,2026-000155,TXN-0003408,PH-001,CUS-00864,Personal,Olivia King,,Due on receipt,2026-05-14 20:09:45,2026-05-14,195.88,16.16,212.04,Paid,2026-05-14
INV-0000156,2026-000156,TXN-0000401,PH-003,CUS-01947,Personal,Jennifer Lopez,,Due on receipt,2026-05-16 05:49:05,2026-05-16,403.57,33.29,436.86,Paid,2026-05-16
INV-0000157,2026-000157,TXN-0002028,PH-002,CUS-01173,Corporate,Fairfield Sports Academy,TAX-985787,Net 30,2026-05-15 16:59:26,2026-06-14,120.98,9.99,130.97,Overdue,
INV-0000158,2026-000158,TXN-0002204,PH-002,CUS-01350,Corporate,BrightPath Daycare Centers,TAX-257066,Net 30,2026-05-15 19:44:02,2026-06-14,237.22,18.99,249.18,Paid,2026-05-22
INV-0000159,2026-000159,TXN-0003362,PH-005,CUS-01508,Corporate,Summit Home Health LLC,TAX-281695,Net 30,2026-05-16 04:12:40,2026-06-15,265.62,20.79,272.67,Paid,2026-05-29
INV-0000160,2026-000160,TXN-0000358,PH-005,CUS-04019,Personal,John Hill,,Due on receipt,2026-05-16 05:59:36,2026-05-16,201.78,16.20,212.45,Paid,2026-05-16
INV-0000161,2026-000161,TXN-0004399,PH-003,CUS-02195,Corporate,Pinehurst Hospitality Group,TAX-559631,Net 30,2026-05-16 20:56:20,2026-06-15,414.50,33.63,441.33,Overdue,
INV-0000162,2026-000162,TXN-0001650,PH-005,CUS-02591,Personal,Anthony White,,Due on receipt,2026-05-17 08:20:21,2026-05-17,88.49,7.23,94.97,Paid,2026-05-17
INV-0000163,2026-000163,TXN-0004708,PH-003,CUS-04548,Personal,Amanda Taylor,,Due on receipt,2026-05-16 18:18:13,2026-05-16,221.77,17.93,235.26,Paid,2026-05-16
INV-0000164,2026-000164,TXN-0000771,PH-005,CUS-02283,Corporate,Cedar Ridge Assisted Living,TAX-365960,Net 30,2026-05-16 20:08:42,2026-06-15,80.58,6.65,87.23,Paid,2026-05-27
INV-0000165,2026-000165,TXN-0003493,PH-005,CUS-03656,Personal,David Nguyen,,Due on receipt,2026-05-16 18:48:26,2026-05-16,162.84,13.44,176.28,Paid,2026-05-16
INV-0000166,2026-000166,TXN-0000231,PH-005,CUS-03021,Personal,Grace Miller,,Due on receipt,2026-05-16 21:51:28,2026-05-16,127.13,10.48,137.61,Paid,2026-05-16
INV-0000167,2026-000167,TXN-0003682,PH-001,CUS-02311,Corporate,Fairfield Sports Academy,TAX-991240,Net 30,2026-05-17 14:35:26,2026-06-16,72.97,6.02,78.99,Paid,2026-06-13
INV-0000168,2026-000168,TXN-0002068,PH-004,CUS-00008,Corporate,Hartford Senior Living,TAX-195653,Net 30,2026-05-17 02:56:17,2026-06-16,160.07,13.10,171.86,Overdue,
INV-0000169,2026-000169,TXN-0002246,PH-005,CUS-03602,Personal,Melissa Chen,,Due on receipt,2026-05-17 09:44:44,2026-05-17,186.62,15.40,202.02,Paid,2026-05-17
INV-0000170,2026-000170,TXN-0002572,PH-003,CUS-04001,Corporate,Crestview Dental Partners,TAX-766179,Net 30,2026-05-16 19:59:59,2026-06-15,168.40,13.00,170.53,Paid,2026-05-23
INV-0000171,2026-000171,TXN-0004640,PH-002,CUS-01207,Corporate,Hartford Senior Living,TAX-174449,Net 30,2026-05-17 07:41:39,2026-06-16,81.96,6.76,88.72,Paid,2026-06-03
INV-0000172,2026-000172,TXN-0002853,PH-002,CUS-02336,Personal,Ava Thomas,,Due on receipt,2026-05-17 07:13:21,2026-05-17,77.11,6.37,83.48,Paid,2026-05-17
INV-0000173,2026-000173,TXN-0003536,PH-004,CUS-01185,Personal,Ava Taylor,,Due on receipt,2026-05-17 05:39:13,2026-05-17,213.33,17.61,230.94,Paid,2026-05-17
INV-0000174,2026-000174,TXN-0002421,PH-001,CUS-04734,Personal,Grace Johnson,,Due on receipt,2026-05-17 13:09:24,2026-05-17,53.97,4.31,56.64,Paid,2026-05-17
INV-0000175,2026-000175,TXN-0003544,PH-003,CUS-01097,Personal,Daniel Brown,,Due on receipt,2026-05-18 07:54:31,2026-05-18,79.87,6.15,80.74,Paid,2026-05-18
INV-0000176,2026-000176,TXN-0001732,PH-003,CUS-01131,Corporate,Lakeside Medical Group,TAX-131488,Net 30,2026-05-17 14:01:22,2026-06-16,25.47,2.10,27.57,Paid,2026-05-26
INV-0000177,2026-000177,TXN-0004591,PH-003,CUS-01582,Corporate,Cedar Ridge Assisted Living,TAX-362042,Net 30,2026-05-18 03:20:55,2026-06-17,379.12,31.27,410.39,Paid,2026-06-09
INV-0000178,2026-000178,TXN-0004836,PH-003,CUS-00136,Corporate,Hartford Senior Living,TAX-172965,Net 30,2026-05-17 22:19:45,2026-06-16,156.28,12.89,169.17,Overdue,
INV-0000179,2026-000179,TXN-0000743,PH-002,CUS-00448,Personal,Marcus Miller,,Due on receipt,2026-05-17 18:54:52,2026-05-17,435.41,32.30,423.72,Paid,2026-05-17
INV-0000180,2026-000180,TXN-0004194,PH-005,CUS-04046,Personal,Michael Moore,,Due on receipt,2026-05-17 14:55:49,2026-05-17,201.08,16.29,213.78,Paid,2026-05-17
INV-0000181,2026-000181,TXN-0001063,PH-002,CUS-04134,Personal,Robert Ross,,Due on receipt,2026-05-18 05:38:34,2026-05-18,31.66,2.61,34.27,Paid,2026-05-18
INV-0000182,2026-000182,TXN-0002743,PH-003,CUS-03708,Personal,Ethan Lee,,Due on receipt,2026-05-18 05:41:20,2026-05-18,305.22,25.04,328.50,Paid,2026-05-18
INV-0000183,2026-000183,TXN-0004296,PH-005,CUS-04742,Corporate,Northgate Construction Co,TAX-405352,Net 30,2026-05-18 08:44:39,2026-06-17,104.15,8.53,111.91,Paid,2026-06-12
INV-0000184,2026-000184,TXN-0001053,PH-003,CUS-03637,Personal,Sophia Lee,,Due on receipt,2026-05-17 19:17:15,2026-05-17,164.02,13.26,173.95,Paid,2026-05-17
INV-0000185,2026-000185,TXN-0003000,PH-005,CUS-00531,Personal,Amanda Taylor,,Due on receipt,2026-05-18 14:04:33,2026-05-18,204.07,16.84,220.91,Paid,2026-05-18
INV-0000186,2026-000186,TXN-0000941,PH-005,CUS-04393,Personal,Emily Miller,,Due on receipt,2026-05-18 12:19:05,2026-05-18,219.21,18.08,237.29,Paid,2026-05-18
INV-0000187,2026-000187,TXN-0004174,PH-001,CUS-01543,Personal,Marcus Brown,,Due on receipt,2026-05-18 11:55:37,2026-05-18,205.47,16.55,217.23,Paid,2026-05-18
INV-0000188,2026-000188,TXN-0000478,PH-001,CUS-02193,Personal,Daniel Garcia,,Due on receipt,2026-05-18 14:12:43,2026-05-18,203.12,15.78,207.08,Paid,2026-05-18
INV-0000189,2026-000189,TXN-0001854,PH-005,CUS-00154,Personal,Laura Miller,,Due on receipt,2026-05-18 08:03:16,2026-05-18,44.23,3.37,44.22,Paid,2026-05-18
INV-0000190,2026-000190,TXN-0003925,PH-004,CUS-03965,Personal,Melissa Patel,,Due on receipt,2026-05-18 15:24:55,2026-05-18,481.48,39.62,519.64,Paid,2026-05-18
INV-0000191,2026-000191,TXN-0000755,PH-002,CUS-01960,Personal,Sarah Reed,,Due on receipt,2026-05-18 17:13:53,2026-05-18,230.44,19.00,249.44,Paid,2026-05-18
INV-0000192,2026-000192,TXN-0001491,PH-002,CUS-00783,Corporate,Riverbend Community Clinic,TAX-531090,Net 30,2026-05-18 23:57:44,2026-06-17,70.24,5.79,76.03,Paid,2026-06-05
INV-0000193,2026-000193,TXN-0000318,PH-002,CUS-03854,Personal,Brandon Nguyen,,Due on receipt,2026-05-18 13:32:43,2026-05-18,104.17,8.47,111.18,Paid,2026-05-18
INV-0000194,2026-000194,TXN-0002883,PH-005,CUS-04782,Corporate,Crestview Dental Partners,TAX-757239,Net 30,2026-05-19 03:58:10,2026-06-18,211.72,16.65,218.41,Overdue,
INV-0000195,2026-000195,TXN-0000512,PH-004,CUS-02742,Personal,Noah Wilson,,Due on receipt,2026-05-18 16:49:28,2026-05-18,47.96,3.85,50.59,Paid,2026-05-18
INV-0000196,2026-000196,TXN-0003853,PH-002,CUS-04020,Personal,Grace Martinez,,Due on receipt,2026-05-19 03:33:06,2026-05-19,126.57,10.45,137.02,Paid,2026-05-19
INV-0000197,2026-000197,TXN-0002251,PH-005,CUS-00717,Personal,David Moore,,Due on receipt,2026-05-18 18:53:11,2026-05-18,242.71,19.91,261.15,Paid,2026-05-18
INV-0000198,2026-000198,TXN-0003045,PH-005,CUS-02354,Corporate,BrightPath Daycare Centers,TAX-243846,Net 30,2026-05-19 02:30:48,2026-06-18,496.46,40.96,537.42,Paid,2026-06-01
INV-0000199,2026-000199,TXN-0002975,PH-001,CUS-00058,Personal,Noah Nguyen,,Due on receipt,2026-05-19 16:21:02,2026-05-19,54.03,4.46,58.49,Paid,2026-05-19
INV-0000200,2026-000200,TXN-0003917,PH-001,CUS-00217,Corporate,Ironworks Manufacturing Inc,TAX-644078,Net 30,2026-05-19 06:11:54,2026-06-18,55.90,4.61,60.51,Overdue,
INV-0000201,2026-000201,TXN-0001749,PH-003,CUS-02570,Personal,Rachel Thomas,,Due on receipt,2026-05-18 22:31:43,2026-05-18,104.95,8.66,113.61,Paid,2026-05-18
INV-0000202,2026-000202,TXN-0004686,PH-003,CUS-01723,Personal,Noah Tran,,Due on receipt,2026-05-20 00:34:31,2026-05-20,197.77,15.41,202.17,Paid,2026-05-20
INV-0000203,2026-000203,TXN-0004962,PH-003,CUS-04812,Personal,Ava King,,Due on receipt,2026-05-19 15:44:49,2026-05-19,137.21,11.27,147.89,Paid,2026-05-19
INV-0000204,2026-000204,TXN-0003854,PH-003,CUS-02878,Corporate,Harborview Catering Co,TAX-896269,Net 30,2026-05-19 22:28:07,2026-06-18,182.20,15.03,197.23,Paid,2026-06-05
INV-0000205,2026-000205,TXN-0004617,PH-001,CUS-01139,Personal,Anthony Lopez,,Due on receipt,2026-05-20 06:09:45,2026-05-20,164.34,12.75,167.23,Paid,2026-05-20
INV-0000206,2026-000206,TXN-0004845,PH-004,CUS-01853,Personal,Jessica Kim,,Due on receipt,2026-05-19 22:57:05,2026-05-19,183.60,15.15,198.75,Paid,2026-05-19
INV-0000207,2026-000207,TXN-0002409,PH-002,CUS-04139,Personal,Brandon Miller,,Due on receipt,2026-05-19 15:30:15,2026-05-19,194.10,15.80,207.29,Cancelled,
INV-0000208,2026-000208,TXN-0004651,PH-004,CUS-03101,Corporate,Summit Home Health LLC,TAX-320295,Net 30,2026-05-19 21:51:35,2026-06-18,146.22,11.21,147.15,Paid,2026-06-01
INV-0000209,2026-000209,TXN-0001746,PH-003,CUS-03218,Personal,Emily Carter,,Due on receipt,2026-05-20 12:06:44,2026-05-20,349.61,27.58,361.89,Paid,2026-05-20
INV-0000210,2026-000210,TXN-0004797,PH-004,CUS-02073,Personal,John Tran,,Due on receipt,2026-05-19 15:46:33,2026-05-19,149.22,10.33,135.59,Paid,2026-05-19
INV-0000211,2026-000211,TXN-0002640,PH-005,CUS-00578,Personal,Daniel Thomas,,Due on receipt,2026-05-20 09:07:02,2026-05-20,144.35,11.90,156.25,Paid,2026-05-20
INV-0000212,2026-000212,TXN-0001594,PH-004,CUS-01599,Corporate,Bluebird Transit Services,TAX-678630,Net 30,2026-05-20 09:39:23,2026-06-19,335.72,27.64,362.59,Paid,2026-06-09
INV-0000213,2026-000213,TXN-0001177,PH-003,CUS-03135,Personal,Liam Smith,,Due on receipt,2026-05-20 12:47:20,2026-05-20,77.21,6.37,83.58,Paid,2026-05-20
INV-0000214,2026-000214,TXN-0003210,PH-002,CUS-00851,Personal,John Wilson,,Due on receipt,2026-05-20 01:48:58,2026-05-20,325.26,26.84,352.10,Paid,2026-05-20
INV-0000215,2026-000215,TXN-0003725,PH-003,CUS-02621,Personal,Olivia Miller,,Due on receipt,2026-05-20 11:31:02,2026-05-20,46.80,3.15,41.25,Paid,2026-05-20
INV-0000216,2026-000216,TXN-0002063,PH-004,CUS-03275,Personal,Melissa Carter,,Due on receipt,2026-05-21 06:08:42,2026-05-21,298.28,24.61,322.89,Paid,2026-05-21
INV-0000217,2026-000217,TXN-0000923,PH-004,CUS-04848,Personal,Daniel Anderson,,Due on receipt,2026-05-20 19:15:41,2026-05-20,82.85,6.83,89.68,Paid,2026-05-20
INV-0000218,2026-000218,TXN-0003293,PH-003,CUS-04812,Corporate,Cedar Ridge Assisted Living,TAX-341113,Net 30,2026-05-20 23:28:21,2026-06-19,102.56,8.46,111.02,Overdue,
INV-0000219,2026-000219,TXN-0003170,PH-003,CUS-03585,Personal,Robert Davis,,Due on receipt,2026-05-20 18:52:55,2026-05-20,421.76,32.04,420.39,Paid,2026-05-20
INV-0000220,2026-000220,TXN-0002585,PH-001,CUS-02350,Corporate,Northgate Construction Co,TAX-407151,Net 30,2026-05-21 01:04:45,2026-06-20,116.43,9.41,123.47,Paid,2026-06-02
INV-0000221,2026-000221,TXN-0004372,PH-002,CUS-03429,Personal,Linda Kim,,Due on receipt,2026-05-20 18:28:56,2026-05-20,106.72,7.84,102.86,Paid,2026-05-20
INV-0000222,2026-000222,TXN-0000561,PH-005,CUS-01096,Corporate,Pinehurst Hospitality Group,TAX-586031,Net 30,2026-05-21 15:50:05,2026-06-20,212.22,17.51,229.73,Paid,2026-06-14
INV-0000223,2026-000223,TXN-0002647,PH-005,CUS-02754,Personal,Grace Martinez,,Due on receipt,2026-05-21 17:47:23,2026-05-21,174.93,14.43,189.36,Paid,2026-05-21
INV-0000224,2026-000224,TXN-0000276,PH-002,CUS-02060,Corporate,Bluebird Transit Services,TAX-717090,Net 30,2026-05-21 16:11:30,2026-06-20,231.28,19.08,250.36,Paid,2026-06-13
INV-0000225,2026-000225,TXN-0001314,PH-005,CUS-01458,Corporate,Harborview Catering Co,TAX-892055,Net 30,2026-05-22 10:09:58,2026-06-21,202.86,16.73,219.59,Paid,2026-06-18
INV-0000226,2026-000226,TXN-0003228,PH-002,CUS-01433,Personal,Linda Chen,,Due on receipt,2026-05-21 22:22:13,2026-05-21,361.40,26.65,349.67,Paid,2026-05-21
INV-0000227,2026-000227,TXN-0004727,PH-005,CUS-02198,Corporate,Maple Valley School District,TAX-479571,Net 30,2026-05-21 12:18:46,2026-06-20,232.48,19.18,251.66,Paid,2026-05-26
INV-0000228,2026-000228,TXN-0002948,PH-005,CUS-01469,Personal,Daniel Hill,,Due on receipt,2026-05-22 03:56:02,2026-05-22,189.97,15.67,205.64,Paid,2026-05-22
INV-0000229,2026-000229,TXN-0004593,PH-001,CUS-00060,Personal,Olivia Moore,,Due on receipt,2026-05-22 01:06:23,2026-05-22,481.26,37.38,490.38,Paid,2026-05-22
INV-0000230,2026-000230,TXN-0003604,PH-003,CUS-04671,Personal,Brandon Moore,,Due on receipt,2026-05-22 14:11:47,2026-05-22,196.78,15.95,209.18,Paid,2026-05-22
INV-0000231,2026-000231,TXN-0004935,PH-002,CUS-00648,Personal,Liam Smith,,Due on receipt,2026-05-21 23:52:18,2026-05-21,308.35,23.88,313.36,Paid,2026-05-21
INV-0000232,2026-000232,TXN-0004856,PH-005,CUS-00496,Corporate,Lakeside Medical Group,TAX-139029,Net 30,2026-05-21 23:53:43,2026-06-20,238.41,19.67,258.08,Paid,2026-05-31
INV-0000233,2026-000233,TXN-0004498,PH-003,CUS-04206,Personal,Noah Thomas,,Due on receipt,2026-05-22 08:05:37,2026-05-22,316.54,24.50,321.33,Paid,2026-05-22
INV-0000234,2026-000234,TXN-0003137,PH-001,CUS-00677,Corporate,Summit Home Health LLC,TAX-276485,Net 30,2026-05-21 23:09:04,2026-06-20,270.42,21.76,285.41,Overdue,
INV-0000235,2026-000235,TXN-0000655,PH-003,CUS-00293,Personal,John Lopez,,Due on receipt,2026-05-22 17:53:25,2026-05-22,47.68,3.93,51.61,Paid,2026-05-22
INV-0000236,2026-000236,TXN-0002534,PH-001,CUS-02735,Corporate,Pinehurst Hospitality Group,TAX-584625,Net 30,2026-05-22 12:37:41,2026-06-21,135.07,11.14,146.21,Paid,2026-06-11
INV-0000237,2026-000237,TXN-0002327,PH-004,CUS-03792,Personal,Laura Moore,,Due on receipt,2026-05-22 04:05:44,2026-05-22,176.22,14.53,190.75,Paid,2026-05-22
INV-0000238,2026-000238,TXN-0004387,PH-001,CUS-02839,Corporate,Ironworks Manufacturing Inc,TAX-609708,Net 30,2026-05-23 00:30:31,2026-06-22,143.29,10.79,141.62,Paid,2026-06-09
INV-0000239,2026-000239,TXN-0003806,PH-001,CUS-00918,Corporate,Willow Creek Veterinary,TAX-796517,Net 30,2026-05-22 18:22:04,2026-06-21,193.81,15.99,209.80,Paid,2026-06-02
INV-0000240,2026-000240,TXN-0001801,PH-005,CUS-02793,Personal,Liam Patel,,Due on receipt,2026-05-23 08:18:09,2026-05-23,235.02,18.21,238.82,Paid,2026-05-23
INV-0000241,2026-000241,TXN-0004574,PH-002,CUS-00355,Personal,Olivia Jackson,,Due on receipt,2026-05-23 01:07:46,2026-05-23,211.00,17.32,227.46,Paid,2026-05-23
INV-0000242,2026-000242,TXN-0003961,PH-001,CUS-01700,Corporate,Northgate Construction Co,TAX-402896,Net 30,2026-05-23 07:22:14,2026-06-22,29.57,2.32,30.41,Paid,2026-06-14
INV-0000243,2026-000243,TXN-0003349,PH-005,CUS-01598,Personal,Laura White,,Due on receipt,2026-05-22 20:00:22,2026-05-22,258.33,21.31,279.64,Paid,2026-05-22
INV-0000244,2026-000244,TXN-0000300,PH-005,CUS-02593,Personal,Brandon Davis,,Due on receipt,2026-05-23 01:03:58,2026-05-23,99.17,8.19,107.36,Paid,2026-05-23
INV-0000245,2026-000245,TXN-0004242,PH-003,CUS-04585,Personal,Rachel Lopez,,Due on receipt,2026-05-23 02:45:01,2026-05-23,70.87,5.55,72.88,Paid,2026-05-23
INV-0000246,2026-000246,TXN-0003055,PH-001,CUS-04560,Corporate,Harborview Catering Co,TAX-920816,Net 30,2026-05-23 14:18:41,2026-06-22,160.07,12.78,167.54,Paid,2026-06-14
INV-0000247,2026-000247,TXN-0004011,PH-001,CUS-01625,Personal,Noah Kim,,Due on receipt,2026-05-22 22:29:23,2026-05-22,316.03,24.10,316.27,Paid,2026-05-22
INV-0000248,2026-000248,TXN-0000298,PH-004,CUS-04369,Personal,Kevin White,,Due on receipt,2026-05-23 04:43:45,2026-05-23,105.84,8.74,114.58,Paid,2026-05-23
INV-0000249,2026-000249,TXN-0000109,PH-005,CUS-03358,Corporate,Pinehurst Hospitality Group,TAX-568088,Net 30,2026-05-23 14:51:51,2026-06-22,287.42,22.61,296.71,Paid,2026-06-13
INV-0000250,2026-000250,TXN-0000319,PH-001,CUS-01786,Personal,Robert Patel,,Due on receipt,2026-05-23 09:51:19,2026-05-23,151.32,12.28,161.09,Paid,2026-05-23
INV-0000251,2026-000251,TXN-0002599,PH-002,CUS-03412,Personal,Marcus Smith,,Due on receipt,2026-05-24 01:32:26,2026-05-24,185.10,14.72,192.98,Paid,2026-05-24
INV-0000252,2026-000252,TXN-0001391,PH-003,CUS-03061,Personal,Amanda Carter,,Due on receipt,2026-05-24 07:35:03,2026-05-24,430.95,34.50,452.62,Paid,2026-05-24
INV-0000253,2026-000253,TXN-0001540,PH-002,CUS-01655,Personal,Noah Jackson,,Due on receipt,2026-05-23 12:37:43,2026-05-23,227.96,15.94,209.09,Paid,2026-05-23
INV-0000254,2026-000254,TXN-0003563,PH-001,CUS-02580,Corporate,Pinehurst Hospitality Group,TAX-572507,Net 30,2026-05-24 12:18:29,2026-06-23,40.42,3.33,43.75,Overdue,
INV-0000255,2026-000255,TXN-0000189,PH-003,CUS-01202,Personal,Daniel Carter,,Due on receipt,2026-05-23 18:20:11,2026-05-23,325.76,25.95,340.55,Paid,2026-05-23
INV-0000256,2026-000256,TXN-0001100,PH-002,CUS-00741,Personal,Ava Martinez,,Due on receipt,2026-05-24 04:21:29,2026-05-24,196.52,16.03,210.28,Paid,2026-05-24
INV-0000257,2026-000257,TXN-0003041,PH-004,CUS-02200,Personal,Grace Martinez,,Due on receipt,2026-05-23 20:49:04,2026-05-23,330.85,26.10,342.50,Paid,2026-05-23
INV-0000258,2026-000258,TXN-0003749,PH-004,CUS-01772,Corporate,Willow Creek Veterinary,TAX-800869,Net 30,2026-05-25 05:27:03,2026-06-24,178.14,14.70,192.84,Overdue,
INV-0000259,2026-000259,TXN-0004229,PH-003,CUS-03876,Personal,Liam Carter,,Due on receipt,2026-05-24 19:27:21,2026-05-24,468.12,38.63,506.75,Paid,2026-05-24
INV-0000260,2026-000260,TXN-0000347,PH-003,CUS-00661,Corporate,Cedar Ridge Assisted Living,TAX-353394,Net 30,2026-05-24 12:52:51,2026-06-23,89.67,7.19,94.32,Paid,2026-05-30
INV-0000261,2026-000261,TXN-0002060,PH-004,CUS-02841,Corporate,Pinehurst Hospitality Group,TAX-583707,Net 30,2026-05-24 13:13:53,2026-06-23,47.32,3.36,44.16,Paid,2026-05-30
INV-0000262,2026-000262,TXN-0001040,PH-001,CUS-02802,Corporate,Riverbend Community Clinic,TAX-501710,Net 30,2026-05-25 10:52:30,2026-06-24,50.14,4.14,54.28,Paid,2026-06-19
INV-0000263,2026-000263,TXN-0003807,PH-001,CUS-01006,Personal,Jennifer King,,Due on receipt,2026-05-24 15:40:02,2026-05-24,482.04,37.22,488.26,Paid,2026-05-24
INV-0000264,2026-000264,TXN-0002944,PH-003,CUS-01241,Corporate,Bluebird Transit Services,TAX-706239,Net 30,2026-05-25 10:01:33,2026-06-24,216.55,17.77,233.07,Cancelled,
INV-0000265,2026-000265,TXN-0003233,PH-004,CUS-01695,Personal,Grace Ross,,Due on receipt,2026-05-24 19:42:06,2026-05-24,111.13,8.54,112.01,Paid,2026-05-24
INV-0000266,2026-000266,TXN-0000460,PH-001,CUS-00255,Corporate,Willow Creek Veterinary,TAX-826068,Net 30,2026-05-25 08:11:29,2026-06-24,49.11,4.05,53.16,Paid,2026-06-15
INV-0000267,2026-000267,TXN-0002062,PH-005,CUS-02626,Personal,Daniel Carter,,Due on receipt,2026-05-25 00:36:15,2026-05-25,105.57,8.56,112.26,Paid,2026-05-25
INV-0000268,2026-000268,TXN-0002336,PH-004,CUS-02714,Personal,Sophia Miller,,Due on receipt,2026-05-25 17:06:48,2026-05-25,56.82,3.90,51.09,Paid,2026-05-25
INV-0000269,2026-000269,TXN-0001088,PH-005,CUS-02289,Personal,Sarah Ross,,Due on receipt,2026-05-26 06:09:38,2026-05-26,211.57,17.44,229.01,Paid,2026-05-26
INV-0000270,2026-000270,TXN-0004922,PH-004,CUS-01366,Personal,Noah Martinez,,Due on receipt,2026-05-26 14:20:50,2026-05-26,11.39,0.94,12.33,Paid,2026-05-26
INV-0000271,2026-000271,TXN-0004287,PH-005,CUS-01923,Personal,Jennifer Anderson,,Due on receipt,2026-05-26 13:54:59,2026-05-26,33.45,2.50,32.82,Paid,2026-05-26
INV-0000272,2026-000272,TXN-0003762,PH-002,CUS-00309,Personal,Amanda Ross,,Due on receipt,2026-05-26 12:53:10,2026-05-26,243.57,20.09,263.66,Paid,2026-05-26
INV-0000273,2026-000273,TXN-0003701,PH-002,CUS-01828,Corporate,Northgate Construction Co,TAX-398462,Net 30,2026-05-26 16:26:55,2026-06-25,300.86,24.81,325.67,Paid,2026-06-19
INV-0000274,2026-000274,TXN-0003475,PH-003,CUS-04441,Personal,Liam Patel,,Due on receipt,2026-05-27 05:05:56,2026-05-27,114.23,9.41,123.44,Paid,2026-05-27
INV-0000275,2026-000275,TXN-0000427,PH-002,CUS-01522,Corporate,Ironworks Manufacturing Inc,TAX-613556,Net 30,2026-05-26 21:36:59,2026-06-25,186.16,14.31,187.83,Paid,2026-06-11
INV-0000276,2026-000276,TXN-0002486,PH-004,CUS-02222,Personal,Marcus Jackson,,Due on receipt,2026-05-27 05:47:00,2026-05-27,58.75,4.85,63.60,Paid,2026-05-27
INV-0000277,2026-000277,TXN-0004702,PH-002,CUS-04515,Corporate,Bluebird Transit Services,TAX-667656,Net 30,2026-05-26 15:35:58,2026-06-25,110.79,9.13,119.92,Paid,2026-06-04
INV-0000278,2026-000278,TXN-0004109,PH-002,CUS-03719,Personal,Ethan Kim,,Due on receipt,2026-05-27 02:12:26,2026-05-27,433.10,34.71,455.33,Paid,2026-05-27
INV-0000279,2026-000279,TXN-0001403,PH-004,CUS-04689,Personal,Laura Davis,,Due on receipt,2026-05-27 12:23:58,2026-05-27,450.78,36.05,473.04,Paid,2026-05-27
INV-0000280,2026-000280,TXN-0003432,PH-001,CUS-04035,Corporate,Hartford Senior Living,TAX-190631,Net 30,2026-05-27 01:38:48,2026-06-26,496.64,40.43,530.63,Overdue,
INV-0000281,2026-000281,TXN-0001030,PH-004,CUS-00461,Personal,Kevin Miller,,Due on receipt,2026-05-27 04:12:48,2026-05-27,185.54,15.01,196.87,Paid,2026-05-27
INV-0000282,2026-000282,TXN-0000974,PH-002,CUS-03923,Personal,Anthony Nguyen,,Due on receipt,2026-05-27 07:17:00,2026-05-27,394.57,32.07,420.90,Paid,2026-05-27
INV-0000283,2026-000283,TXN-0004944,PH-001,CUS-04971,Personal,Liam Brown,,Due on receipt,2026-05-26 15:09:25,2026-05-26,107.28,8.85,116.13,Paid,2026-05-26
INV-0000284,2026-000284,TXN-0004535,PH-001,CUS-02963,Personal,John Nguyen,,Due on receipt,2026-05-27 09:12:39,2026-05-27,214.63,17.71,232.34,Paid,2026-05-27
INV-0000285,2026-000285,TXN-0002401,PH-005,CUS-00166,Personal,Melissa Brown,,Due on receipt,2026-05-27 15:55:42,2026-05-27,124.28,9.02,118.28,Paid,2026-05-27
INV-0000286,2026-000286,TXN-0003442,PH-004,CUS-03465,Personal,Brandon Miller,,Due on receipt,2026-05-27 16:56:51,2026-05-27,158.71,12.17,159.60,Paid,2026-05-27
INV-0000287,2026-000287,TXN-0002999,PH-003,CUS-03048,Corporate,Maple Valley School District,TAX-469676,Net 30,2026-05-27 08:59:48,2026-06-26,324.44,26.30,345.13,Paid,2026-06-14
INV-0000288,2026-000288,TXN-0004884,PH-001,CUS-02717,Personal,Daniel Wilson,,Due on receipt,2026-05-27 05:55:26,2026-05-27,257.34,19.50,255.87,Paid,2026-05-27
INV-0000289,2026-000289,TXN-0003007,PH-004,CUS-04344,Personal,Kevin Taylor,,Due on receipt,2026-05-27 15:47:12,2026-05-27,250.04,20.63,270.67,Paid,2026-05-27
INV-0000290,2026-000290,TXN-0000397,PH-003,CUS-03565,Corporate,Harborview Catering Co,TAX-923795,Net 30,2026-05-27 17:01:28,2026-06-26,117.60,9.05,118.66,Paid,2026-06-20
INV-0000291,2026-000291,TXN-0001244,PH-001,CUS-02781,Personal,Emily Ross,,Due on receipt,2026-05-27 07:12:59,2026-05-27,289.42,23.28,305.55,Paid,2026-05-27
INV-0000292,2026-000292,TXN-0003325,PH-002,CUS-02364,Personal,Brandon Wilson,,Due on receipt,2026-05-27 17:24:53,2026-05-27,280.34,20.58,270.07,Paid,2026-05-27
INV-0000293,2026-000293,TXN-0003625,PH-003,CUS-04558,Corporate,Northgate Construction Co,TAX-427003,Net 30,2026-05-27 10:28:50,2026-06-26,15.36,1.27,16.63,Paid,2026-06-01
INV-0000294,2026-000294,TXN-0002800,PH-004,CUS-03769,Personal,Robert Chen,,Due on receipt,2026-05-28 11:34:17,2026-05-28,224.39,17.94,235.44,Paid,2026-05-28
INV-0000295,2026-000295,TXN-0000078,PH-005,CUS-02541,Corporate,Maple Valley School District,TAX-454829,Net 30,2026-05-27 19:25:12,2026-06-26,86.93,6.34,83.16,Overdue,
INV-0000296,2026-000296,TXN-0001153,PH-001,CUS-01242,Personal,Mia Davis,,Due on receipt,2026-05-27 17:29:36,2026-05-27,197.99,15.93,209.06,Paid,2026-05-27
INV-0000297,2026-000297,TXN-0000881,PH-001,CUS-04363,Personal,Michael Patel,,Due on receipt,2026-05-28 15:07:20,2026-05-28,46.21,3.73,48.96,Paid,2026-05-28
INV-0000298,2026-000298,TXN-0003601,PH-002,CUS-02845,Personal,Brandon Moore,,Due on receipt,2026-05-28 18:41:43,2026-05-28,79.66,6.18,81.15,Paid,2026-05-28
INV-0000299,2026-000299,TXN-0003424,PH-001,CUS-04871,Personal,Linda Tran,,Due on receipt,2026-05-28 12:54:32,2026-05-28,113.11,9.16,120.10,Paid,2026-05-28
INV-0000300,2026-000300,TXN-0003132,PH-004,CUS-01144,Personal,Kevin Taylor,,Due on receipt,2026-05-29 04:19:26,2026-05-29,4.33,0.36,4.69,Paid,2026-05-29
INV-0000301,2026-000301,TXN-0003484,PH-002,CUS-00582,Corporate,Bluebird Transit Services,TAX-700373,Net 30,2026-05-29 05:17:59,2026-06-28,294.65,24.31,318.96,Overdue,
INV-0000302,2026-000302,TXN-0002197,PH-001,CUS-02250,Corporate,Stonebridge Property Mgmt,TAX-831483,Net 30,2026-05-28 18:21:12,2026-06-27,82.72,6.46,84.71,Paid,2026-06-06
INV-0000303,2026-000303,TXN-0004878,PH-001,CUS-01820,Corporate,Summit Home Health LLC,TAX-305976,Net 30,2026-05-29 13:09:42,2026-06-28,572.87,46.36,608.33,Paid,2026-06-20
INV-0000304,2026-000304,TXN-0002964,PH-004,CUS-04216,Corporate,Summit Home Health LLC,TAX-273864,Net 30,2026-05-29 12:01:34,2026-06-28,78.10,6.44,84.54,Paid,2026-06-18
INV-0000305,2026-000305,TXN-0003507,PH-005,CUS-04385,Corporate,Pinehurst Hospitality Group,TAX-551415,Net 30,2026-05-29 08:58:21,2026-06-28,204.50,16.59,217.57,Overdue,
INV-0000306,2026-000306,TXN-0002347,PH-005,CUS-00236,Personal,Jessica Chen,,Due on receipt,2026-05-30 00:47:02,2026-05-30,246.39,19.17,251.44,Paid,2026-05-30
INV-0000307,2026-000307,TXN-0002127,PH-002,CUS-00869,Corporate,Summit Home Health LLC,TAX-281121,Net 30,2026-05-30 09:47:21,2026-06-29,173.21,14.07,184.64,Paid,2026-06-23
INV-0000308,2026-000308,TXN-0001027,PH-001,CUS-01182,Personal,Ethan Brown,,Due on receipt,2026-05-30 05:50:18,2026-05-30,346.76,27.98,367.11,Paid,2026-05-30
INV-0000309,2026-000309,TXN-0004757,PH-001,CUS-02393,Corporate,Maple Valley School District,TAX-446420,Net 30,2026-05-30 08:06:49,2026-06-29,334.78,27.12,355.90,Paid,2026-06-19
INV-0000310,2026-000310,TXN-0000119,PH-002,CUS-00536,Personal,Michael Garcia,,Due on receipt,2026-05-30 10:20:18,2026-05-30,196.79,16.02,210.12,Paid,2026-05-30
INV-0000311,2026-000311,TXN-0003691,PH-004,CUS-01886,Corporate,Lakeside Medical Group,TAX-128669,Net 30,2026-05-30 11:23:53,2026-06-29,204.91,16.60,217.70,Overdue,
INV-0000312,2026-000312,TXN-0000683,PH-002,CUS-02795,Personal,Linda Hill,,Due on receipt,2026-05-29 23:32:52,2026-05-29,140.30,11.57,151.87,Paid,2026-05-29
INV-0000313,2026-000313,TXN-0003679,PH-001,CUS-00792,Personal,Daniel Davis,,Due on receipt,2026-05-30 04:16:06,2026-05-30,362.16,29.18,382.88,Paid,2026-05-30
INV-0000314,2026-000314,TXN-0003287,PH-001,CUS-01846,Personal,Marcus Brown,,Due on receipt,2026-05-30 10:06:50,2026-05-30,287.64,23.74,311.38,Paid,2026-05-30
INV-0000315,2026-000315,TXN-0003529,PH-002,CUS-04784,Corporate,Willow Creek Veterinary,TAX-810324,Net 30,2026-05-31 00:33:11,2026-06-30,270.05,21.38,280.60,Overdue,
INV-0000316,2026-000316,TXN-0004044,PH-005,CUS-00116,Corporate,Crestview Dental Partners,TAX-767890,Net 30,2026-05-31 06:09:22,2026-06-30,139.03,11.47,150.50,Paid,2026-06-23
INV-0000317,2026-000317,TXN-0000002,PH-003,CUS-02662,Personal,Anthony Carter,,Due on receipt,2026-05-31 00:17:15,2026-05-31,45.52,3.76,49.28,Paid,2026-05-31
INV-0000318,2026-000318,TXN-0000056,PH-004,CUS-00036,Personal,Linda Martinez,,Due on receipt,2026-05-30 19:28:21,2026-05-30,141.92,10.78,141.48,Paid,2026-05-30
INV-0000319,2026-000319,TXN-0004086,PH-001,CUS-01307,Personal,Mia Anderson,,Due on receipt,2026-05-31 00:26:10,2026-05-31,80.62,6.62,86.82,Paid,2026-05-31
INV-0000320,2026-000320,TXN-0000114,PH-004,CUS-01181,Personal,Amanda Lopez,,Due on receipt,2026-05-31 10:09:54,2026-05-31,94.89,7.83,102.72,Paid,2026-05-31
INV-0000321,2026-000321,TXN-0004213,PH-005,CUS-04127,Personal,Olivia Hill,,Due on receipt,2026-05-31 14:45:07,2026-05-31,135.51,11.16,146.35,Paid,2026-05-31
INV-0000322,2026-000322,TXN-0004566,PH-002,CUS-03580,Personal,Anthony Taylor,,Due on receipt,2026-05-31 18:04:58,2026-05-31,254.06,20.44,268.17,Paid,2026-05-31
INV-0000323,2026-000323,TXN-0003143,PH-005,CUS-00097,Corporate,Cedar Ridge Assisted Living,TAX-340330,Net 30,2026-05-31 14:56:54,2026-06-30,268.53,22.16,290.69,Paid,2026-06-10
INV-0000324,2026-000324,TXN-0004831,PH-001,CUS-00777,Personal,Kevin Patel,,Due on receipt,2026-05-31 16:03:32,2026-05-31,186.39,13.60,178.49,Paid,2026-05-31
INV-0000325,2026-000325,TXN-0000054,PH-004,CUS-02712,Personal,Grace Johnson,,Due on receipt,2026-06-01 02:25:21,2026-06-01,255.07,20.52,269.14,Paid,2026-06-01
INV-0000326,2026-000326,TXN-0002760,PH-004,CUS-00163,Personal,Brandon Miller,,Due on receipt,2026-05-31 18:59:57,2026-05-31,171.05,13.34,174.99,Paid,2026-05-31
INV-0000327,2026-000327,TXN-0001222,PH-001,CUS-01465,Personal,Ethan Hill,,Due on receipt,2026-06-01 05:38:43,2026-06-01,105.84,8.73,114.57,Paid,2026-06-01
INV-0000328,2026-000328,TXN-0004693,PH-004,CUS-01643,Personal,Jennifer Miller,,Due on receipt,2026-06-01 01:37:04,2026-06-01,57.66,4.76,62.42,Paid,2026-06-01
INV-0000329,2026-000329,TXN-0004269,PH-003,CUS-00729,Corporate,Harborview Catering Co,TAX-924575,Net 30,2026-06-01 09:41:00,2026-07-01,149.83,11.68,153.06,Overdue,
INV-0000330,2026-000330,TXN-0005000,PH-002,CUS-01952,Personal,Ethan Thomas,,Due on receipt,2026-05-31 14:24:44,2026-05-31,275.61,22.05,289.41,Paid,2026-05-31
INV-0000331,2026-000331,TXN-0002885,PH-002,CUS-01572,Personal,Jennifer Taylor,,Due on receipt,2026-05-31 23:34:28,2026-05-31,193.65,15.99,209.64,Paid,2026-05-31
INV-0000332,2026-000332,TXN-0000309,PH-005,CUS-01174,Personal,Laura Johnson,,Due on receipt,2026-05-31 14:35:29,2026-05-31,302.18,24.93,327.11,Paid,2026-05-31
INV-0000333,2026-000333,TXN-0000581,PH-002,CUS-00153,Corporate,BrightPath Daycare Centers,TAX-217989,Net 30,2026-06-01 03:13:09,2026-07-01,37.76,3.03,39.78,Paid,2026-06-18
INV-0000334,2026-000334,TXN-0002045,PH-001,CUS-00505,Personal,Marcus Jackson,,Due on receipt,2026-06-01 00:58:33,2026-06-01,530.78,42.42,556.42,Paid,2026-06-01
INV-0000335,2026-000335,TXN-0004257,PH-003,CUS-01404,Corporate,Stonebridge Property Mgmt,TAX-876180,Net 30,2026-05-31 19:48:35,2026-06-30,352.41,27.83,365.04,Paid,2026-06-07
INV-0000336,2026-000336,TXN-0004356,PH-005,CUS-04509,Personal,Mia Miller,,Due on receipt,2026-06-01 15:45:18,2026-06-01,293.08,23.61,309.64,Paid,2026-06-01
INV-0000337,2026-000337,TXN-0001193,PH-002,CUS-03521,Corporate,Bluebird Transit Services,TAX-688473,Net 30,2026-06-02 08:51:03,2026-07-02,173.61,13.84,181.68,Cancelled,
INV-0000338,2026-000338,TXN-0003367,PH-005,CUS-01389,Personal,Brandon Wilson,,Due on receipt,2026-06-02 04:23:00,2026-06-02,361.16,26.91,353.11,Paid,2026-06-02
INV-0000339,2026-000339,TXN-0000198,PH-001,CUS-03953,Corporate,Ironworks Manufacturing Inc,TAX-639223,Net 30,2026-06-01 21:34:22,2026-07-01,114.53,8.53,111.82,Paid,2026-06-13
INV-0000340,2026-000340,TXN-0004461,PH-002,CUS-01096,Personal,Linda Carter,,Due on receipt,2026-06-02 13:04:47,2026-06-02,376.91,28.73,376.94,Paid,2026-06-02
INV-0000341,2026-000341,TXN-0002175,PH-003,CUS-00896,Personal,Anthony Reed,,Due on receipt,2026-06-02 08:47:06,2026-06-02,73.53,5.58,73.19,Paid,2026-06-02
INV-0000342,2026-000342,TXN-0003562,PH-002,CUS-03482,Corporate,Pinehurst Hospitality Group,TAX-564898,Net 30,2026-06-02 16:45:04,2026-07-02,126.74,10.45,137.19,Paid,2026-06-28
INV-0000343,2026-000343,TXN-0002786,PH-002,CUS-00825,Personal,Marcus Hill,,Due on receipt,2026-06-02 08:12:30,2026-06-02,97.07,8.01,105.08,Paid,2026-06-02
INV-0000344,2026-000344,TXN-0004822,PH-003,CUS-03086,Personal,Ethan Wilson,,Due on receipt,2026-06-02 11:54:43,2026-06-02,392.61,30.81,404.16,Paid,2026-06-02
INV-0000345,2026-000345,TXN-0002970,PH-003,CUS-00472,Corporate,Bluebird Transit Services,TAX-705125,Net 30,2026-06-02 16:54:34,2026-07-02,71.12,5.87,76.99,Paid,2026-06-15
INV-0000346,2026-000346,TXN-0003572,PH-004,CUS-02997,Corporate,Bluebird Transit Services,TAX-695934,Net 30,2026-06-02 13:35:15,2026-07-02,86.44,6.79,89.05,Paid,2026-06-11
INV-0000347,2026-000347,TXN-0001718,PH-004,CUS-04416,Personal,Rachel Chen,,Due on receipt,2026-06-02 20:33:04,2026-06-02,420.46,34.44,451.87,Paid,2026-06-02
INV-0000348,2026-000348,TXN-0002240,PH-004,CUS-04989,Corporate,Harborview Catering Co,TAX-937889,Net 30,2026-06-02 17:48:16,2026-07-02,140.64,11.52,151.12,Paid,2026-06-10
INV-0000349,2026-000349,TXN-0000004,PH-002,CUS-01814,Personal,Ethan Taylor,,Due on receipt,2026-06-02 17:10:24,2026-06-02,242.32,19.99,262.31,Paid,2026-06-02
INV-0000350,2026-000350,TXN-0004964,PH-003,CUS-03217,Corporate,Willow Creek Veterinary,TAX-812260,Net 30,2026-06-03 11:34:00,2026-07-03,231.83,17.42,228.74,Paid,2026-06-27
INV-0000351,2026-000351,TXN-0003449,PH-003,CUS-03265,Personal,Jennifer Anderson,,Due on receipt,2026-06-02 20:31:07,2026-06-02,125.93,9.82,128.72,Paid,2026-06-02
INV-0000352,2026-000352,TXN-0002031,PH-005,CUS-04080,Personal,Liam White,,Due on receipt,2026-06-03 07:08:31,2026-06-03,169.83,14.01,183.84,Paid,2026-06-03
INV-0000353,2026-000353,TXN-0002288,PH-001,CUS-04358,Corporate,Harborview Catering Co,TAX-912640,Net 30,2026-06-03 16:41:20,2026-07-03,330.01,26.56,348.52,Overdue,
INV-0000354,2026-000354,TXN-0000236,PH-003,CUS-02903,Corporate,Stonebridge Property Mgmt,TAX-856625,Net 30,2026-06-02 22:07:18,2026-07-02,181.50,14.97,196.47,Paid,2026-06-08
INV-0000355,2026-000355,TXN-0001696,PH-003,CUS-00134,Personal,Grace King,,Due on receipt,2026-06-03 00:03:11,2026-06-03,162.11,12.42,163.02,Paid,2026-06-03
INV-0000356,2026-000356,TXN-0004826,PH-001,CUS-04248,Personal,Laura Johnson,,Due on receipt,2026-06-04 00:32:57,2026-06-04,26.35,2.17,28.52,Cancelled,
INV-0000357,2026-000357,TXN-0001675,PH-005,CUS-04432,Personal,Jessica Lopez,,Due on receipt,2026-06-03 20:25:06,2026-06-03,204.61,15.75,206.83,Paid,2026-06-03
INV-0000358,2026-000358,TXN-0002213,PH-004,CUS-00488,Personal,Sarah Brown,,Due on receipt,2026-06-03 23:23:25,2026-06-03,100.51,7.66,100.40,Paid,2026-06-03
INV-0000359,2026-000359,TXN-0000709,PH-005,CUS-01470,Personal,Noah Thomas,,Due on receipt,2026-06-04 09:34:09,2026-06-04,224.05,18.27,239.62,Paid,2026-06-04
INV-0000360,2026-000360,TXN-0002940,PH-005,CUS-00615,Corporate,Lakeside Medical Group,TAX-139220,Net 30,2026-06-04 13:50:16,2026-07-04,183.78,15.09,198.01,Paid,2026-07-01
INV-0000361,2026-000361,TXN-0002107,PH-002,CUS-02525,Personal,Grace Smith,,Due on receipt,2026-06-04 03:55:00,2026-06-04,465.93,36.72,481.85,Paid,2026-06-04
INV-0000362,2026-000362,TXN-0001091,PH-005,CUS-02139,Personal,David King,,Due on receipt,2026-06-04 02:28:49,2026-06-04,219.84,15.23,199.86,Paid,2026-06-04
INV-0000363,2026-000363,TXN-0001622,PH-001,CUS-04051,Personal,Grace Brown,,Due on receipt,2026-06-04 08:42:50,2026-06-04,351.92,26.89,352.62,Paid,2026-06-04
INV-0000364,2026-000364,TXN-0004079,PH-005,CUS-03913,Corporate,Pinehurst Hospitality Group,TAX-554428,Net 30,2026-06-04 15:17:16,2026-07-04,292.81,21.17,277.75,Paid,2026-06-26
INV-0000365,2026-000365,TXN-0002239,PH-001,CUS-04232,Corporate,Lakeside Medical Group,TAX-122511,Net 30,2026-06-04 15:09:26,2026-07-04,15.34,1.27,16.61,Paid,2026-06-14
INV-0000366,2026-000366,TXN-0003794,PH-002,CUS-01896,Personal,Emily Carter,,Due on receipt,2026-06-04 11:48:01,2026-06-04,301.05,24.09,316.21,Paid,2026-06-04
INV-0000367,2026-000367,TXN-0004015,PH-005,CUS-00242,Personal,Ava Nguyen,,Due on receipt,2026-06-05 05:25:28,2026-06-05,93.66,7.73,101.39,Paid,2026-06-05
INV-0000368,2026-000368,TXN-0000255,PH-005,CUS-02802,Personal,Noah Davis,,Due on receipt,2026-06-04 14:27:24,2026-06-04,160.42,13.23,173.65,Paid,2026-06-04
INV-0000369,2026-000369,TXN-0003888,PH-002,CUS-03988,Personal,Laura Smith,,Due on receipt,2026-06-05 00:48:56,2026-06-05,61.87,4.75,62.27,Paid,2026-06-05
INV-0000370,2026-000370,TXN-0004906,PH-004,CUS-01311,Personal,Rachel Reed,,Due on receipt,2026-06-05 11:09:06,2026-06-05,148.12,11.71,153.79,Paid,2026-06-05
INV-0000371,2026-000371,TXN-0004671,PH-002,CUS-00407,Corporate,Stonebridge Property Mgmt,TAX-886732,Net 30,2026-06-04 16:52:11,2026-07-04,217.87,17.63,231.36,Paid,2026-06-11
INV-0000372,2026-000372,TXN-0001544,PH-004,CUS-02936,Personal,Amanda Martinez,,Due on receipt,2026-06-04 17:45:37,2026-06-04,268.54,21.49,281.99,Paid,2026-06-04
INV-0000373,2026-000373,TXN-0002017,PH-004,CUS-02528,Personal,Linda Martinez,,Due on receipt,2026-06-04 15:57:25,2026-06-04,68.83,5.67,74.50,Paid,2026-06-04
INV-0000374,2026-000374,TXN-0003764,PH-002,CUS-03048,Personal,Michael Taylor,,Due on receipt,2026-06-04 20:11:42,2026-06-04,103.94,8.51,111.58,Paid,2026-06-04
INV-0000375,2026-000375,TXN-0004250,PH-001,CUS-04646,Corporate,Bluebird Transit Services,TAX-716679,Net 30,2026-06-04 22:55:40,2026-07-04,329.10,27.16,356.26,Overdue,
INV-0000376,2026-000376,TXN-0000480,PH-005,CUS-03104,Corporate,Hartford Senior Living,TAX-205825,Net 30,2026-06-05 09:54:28,2026-07-05,326.07,26.76,351.08,Paid,2026-06-26
INV-0000377,2026-000377,TXN-0003326,PH-002,CUS-00242,Corporate,Pinehurst Hospitality Group,TAX-559395,Net 30,2026-06-05 08:26:57,2026-07-05,254.43,20.99,275.42,Overdue,
INV-0000378,2026-000378,TXN-0004552,PH-001,CUS-02353,Corporate,BrightPath Daycare Centers,TAX-238699,Net 30,2026-06-05 15:44:00,2026-07-05,147.21,11.23,147.39,Overdue,
INV-0000379,2026-000379,TXN-0004460,PH-001,CUS-00805,Personal,Michael Garcia,,Due on receipt,2026-06-06 08:23:09,2026-06-06,413.38,34.11,447.49,Paid,2026-06-06
INV-0000380,2026-000380,TXN-0004205,PH-004,CUS-02877,Corporate,Pinehurst Hospitality Group,TAX-566166,Net 30,2026-06-06 02:28:11,2026-07-06,5.12,0.36,4.71,Paid,2026-06-26
INV-0000381,2026-000381,TXN-0001714,PH-001,CUS-04088,Personal,Rachel Lopez,,Due on receipt,2026-06-06 00:00:12,2026-06-06,523.01,42.45,557.04,Paid,2026-06-06
INV-0000382,2026-000382,TXN-0001611,PH-004,CUS-03063,Personal,Liam Anderson,,Due on receipt,2026-06-05 17:45:49,2026-06-05,117.30,9.68,126.98,Paid,2026-06-05
INV-0000383,2026-000383,TXN-0001743,PH-005,CUS-02621,Personal,Olivia Miller,,Due on receipt,2026-06-06 05:06:30,2026-06-06,111.24,6.95,91.08,Paid,2026-06-06
INV-0000384,2026-000384,TXN-0004001,PH-003,CUS-03374,Personal,Kevin Kim,,Due on receipt,2026-06-06 10:43:54,2026-06-06,75.10,6.19,81.29,Paid,2026-06-06
INV-0000385,2026-000385,TXN-0002450,PH-002,CUS-00339,Personal,David Lee,,Due on receipt,2026-06-05 17:11:13,2026-06-05,198.65,15.73,206.41,Paid,2026-06-05
INV-0000386,2026-000386,TXN-0003225,PH-003,CUS-00521,Personal,Mia Jackson,,Due on receipt,2026-06-06 08:37:56,2026-06-06,105.99,8.38,109.96,Paid,2026-06-06
INV-0000387,2026-000387,TXN-0002716,PH-005,CUS-03913,Personal,Noah Ross,,Due on receipt,2026-06-06 01:52:15,2026-06-06,96.25,7.94,104.19,Paid,2026-06-06
INV-0000388,2026-000388,TXN-0001757,PH-003,CUS-04239,Personal,John Anderson,,Due on receipt,2026-06-06 09:07:28,2026-06-06,172.33,14.16,185.76,Paid,2026-06-06
INV-0000389,2026-000389,TXN-0004825,PH-005,CUS-00825,Personal,Marcus Hill,,Due on receipt,2026-06-06 16:17:28,2026-06-06,143.85,11.86,155.71,Paid,2026-06-06
INV-0000390,2026-000390,TXN-0002962,PH-003,CUS-02292,Personal,Olivia Nguyen,,Due on receipt,2026-06-06 13:34:45,2026-06-06,79.24,6.53,85.77,Paid,2026-06-06
INV-0000391,2026-000391,TXN-0000015,PH-003,CUS-02311,Personal,Marcus Chen,,Due on receipt,2026-06-06 17:56:56,2026-06-06,198.74,16.40,215.14,Paid,2026-06-06
INV-0000392,2026-000392,TXN-0003244,PH-004,CUS-03078,Personal,David White,,Due on receipt,2026-06-06 16:44:39,2026-06-06,100.26,8.27,108.53,Paid,2026-06-06
INV-0000393,2026-000393,TXN-0003267,PH-004,CUS-04147,Personal,Amanda King,,Due on receipt,2026-06-06 19:03:43,2026-06-06,153.28,12.14,159.31,Cancelled,
INV-0000394,2026-000394,TXN-0000197,PH-004,CUS-01407,Personal,Sarah Jackson,,Due on receipt,2026-06-07 05:09:09,2026-06-07,333.58,27.31,358.32,Paid,2026-06-07
INV-0000395,2026-000395,TXN-0000477,PH-003,CUS-03506,Personal,Linda Wilson,,Due on receipt,2026-06-07 09:29:26,2026-06-07,285.76,23.28,305.56,Paid,2026-06-07
INV-0000396,2026-000396,TXN-0002810,PH-004,CUS-04972,Corporate,Lakeside Medical Group,TAX-105885,Net 30,2026-06-06 20:20:27,2026-07-06,47.39,3.91,51.30,Paid,2026-06-16
INV-0000397,2026-000397,TXN-0004938,PH-001,CUS-02578,Personal,Daniel Reed,,Due on receipt,2026-06-07 10:06:33,2026-06-07,245.81,20.20,265.00,Paid,2026-06-07
INV-0000398,2026-000398,TXN-0001834,PH-001,CUS-00677,Personal,Liam Davis,,Due on receipt,2026-06-06 22:25:18,2026-06-06,178.01,13.44,176.37,Paid,2026-06-06
INV-0000399,2026-000399,TXN-0004063,PH-001,CUS-03883,Personal,David Davis,,Due on receipt,2026-06-07 05:27:42,2026-06-07,193.72,14.87,195.21,Paid,2026-06-07
INV-0000400,2026-000400,TXN-0003336,PH-004,CUS-04964,Corporate,Bluebird Transit Services,TAX-678305,Net 30,2026-06-07 11:07:40,2026-07-07,259.25,20.96,275.01,Overdue,
INV-0000401,2026-000401,TXN-0001630,PH-002,CUS-03018,Personal,Ethan Johnson,,Due on receipt,2026-06-07 06:53:44,2026-06-07,254.46,21.00,275.46,Paid,2026-06-07
INV-0000402,2026-000402,TXN-0003856,PH-001,CUS-03572,Personal,Sarah Tran,,Due on receipt,2026-06-07 00:18:23,2026-06-07,147.11,12.13,159.24,Paid,2026-06-07
INV-0000403,2026-000403,TXN-0004740,PH-003,CUS-01769,Personal,Ava Smith,,Due on receipt,2026-06-07 18:19:42,2026-06-07,414.99,31.03,407.11,Paid,2026-06-07
INV-0000404,2026-000404,TXN-0000998,PH-005,CUS-04218,Personal,Daniel Garcia,,Due on receipt,2026-06-07 00:53:16,2026-06-07,154.20,12.72,166.92,Paid,2026-06-07
INV-0000405,2026-000405,TXN-0003588,PH-004,CUS-01674,Personal,Emily Reed,,Due on receipt,2026-06-08 02:55:05,2026-06-08,259.76,21.35,280.17,Paid,2026-06-08
INV-0000406,2026-000406,TXN-0002615,PH-001,CUS-00032,Corporate,Cedar Ridge Assisted Living,TAX-344406,Net 30,2026-06-07 18:44:14,2026-07-07,107.94,8.72,114.40,Overdue,
INV-0000407,2026-000407,TXN-0001420,PH-005,CUS-04164,Corporate,Ironworks Manufacturing Inc,TAX-621357,Net 30,2026-06-07 23:27:43,2026-07-07,120.95,9.51,124.82,Paid,2026-06-24
INV-0000408,2026-000408,TXN-0003016,PH-004,CUS-00884,Corporate,Fairfield Sports Academy,TAX-967863,Net 30,2026-06-07 17:41:52,2026-07-07,325.07,26.82,351.89,Paid,2026-06-17
INV-0000409,2026-000409,TXN-0003732,PH-004,CUS-04667,Personal,Ava King,,Due on receipt,2026-06-07 15:04:20,2026-06-07,82.53,6.81,89.34,Paid,2026-06-07
INV-0000410,2026-000410,TXN-0003400,PH-003,CUS-00676,Personal,Mia Johnson,,Due on receipt,2026-06-08 13:06:52,2026-06-08,294.74,23.87,313.27,Paid,2026-06-08
INV-0000411,2026-000411,TXN-0004058,PH-003,CUS-02936,Personal,Amanda Martinez,,Due on receipt,2026-06-08 08:05:28,2026-06-08,111.92,9.16,120.25,Paid,2026-06-08
INV-0000412,2026-000412,TXN-0000275,PH-004,CUS-01170,Personal,Kevin Nguyen,,Due on receipt,2026-06-07 18:56:02,2026-06-07,113.75,9.39,123.14,Paid,2026-06-07
INV-0000413,2026-000413,TXN-0003678,PH-002,CUS-03004,Corporate,BrightPath Daycare Centers,TAX-228822,Net 30,2026-06-08 13:58:50,2026-07-08,154.84,9.90,130.13,Paid,2026-06-30
INV-0000414,2026-000414,TXN-0003312,PH-001,CUS-02869,Personal,Amanda Jackson,,Due on receipt,2026-06-08 08:31:35,2026-06-08,178.55,14.37,188.46,Paid,2026-06-08
INV-0000415,2026-000415,TXN-0002924,PH-002,CUS-03877,Corporate,Northgate Construction Co,TAX-431571,Net 30,2026-06-08 14:36:46,2026-07-08,82.50,6.15,80.60,Paid,2026-06-19
INV-0000416,2026-000416,TXN-0001542,PH-002,CUS-00180,Personal,Marcus Patel,,Due on receipt,2026-06-09 03:33:18,2026-06-09,94.39,7.79,102.18,Paid,2026-06-09
INV-0000417,2026-000417,TXN-0000811,PH-004,CUS-00791,Corporate,Maple Valley School District,TAX-467366,Net 30,2026-06-09 10:36:36,2026-07-09,226.32,18.43,241.81,Paid,2026-07-03
INV-0000418,2026-000418,TXN-0003743,PH-003,CUS-02426,Personal,David Tran,,Due on receipt,2026-06-09 09:01:09,2026-06-09,129.21,10.67,139.88,Paid,2026-06-09
INV-0000419,2026-000419,TXN-0000629,PH-005,CUS-02982,Personal,Ethan Anderson,,Due on receipt,2026-06-08 22:34:50,2026-06-08,87.76,7.24,95.00,Paid,2026-06-08
INV-0000420,2026-000420,TXN-0003377,PH-002,CUS-04528,Personal,Kevin Taylor,,Due on receipt,2026-06-09 07:43:12,2026-06-09,448.83,23.47,307.99,Cancelled,
INV-0000421,2026-000421,TXN-0002277,PH-002,CUS-04793,Personal,Rachel Wilson,,Due on receipt,2026-06-09 15:46:20,2026-06-09,172.35,14.22,186.57,Paid,2026-06-09
INV-0000422,2026-000422,TXN-0001052,PH-002,CUS-03826,Corporate,Bluebird Transit Services,TAX-698131,Net 30,2026-06-09 01:37:01,2026-07-09,187.86,15.50,203.36,Paid,2026-06-18
INV-0000423,2026-000423,TXN-0003757,PH-005,CUS-01039,Corporate,Ironworks Manufacturing Inc,TAX-618015,Net 30,2026-06-08 23:23:42,2026-07-08,80.17,6.62,86.79,Paid,2026-06-15
INV-0000424,2026-000424,TXN-0004502,PH-001,CUS-01170,Corporate,Lakeside Medical Group,TAX-145141,Net 30,2026-06-09 21:01:55,2026-07-09,211.43,16.74,219.58,Overdue,
INV-0000425,2026-000425,TXN-0001310,PH-005,CUS-01824,Corporate,Stonebridge Property Mgmt,TAX-856883,Net 30,2026-06-09 13:42:17,2026-07-09,88.63,7.31,95.94,Overdue,
INV-0000426,2026-000426,TXN-0000544,PH-003,CUS-00801,Personal,Laura Reed,,Due on receipt,2026-06-09 01:57:41,2026-06-09,89.34,7.00,91.67,Paid,2026-06-09
INV-0000427,2026-000427,TXN-0001049,PH-004,CUS-02983,Personal,John Moore,,Due on receipt,2026-06-10 03:09:26,2026-06-10,168.16,12.83,168.38,Paid,2026-06-10
INV-0000428,2026-000428,TXN-0002684,PH-005,CUS-04786,Personal,Ava Lee,,Due on receipt,2026-06-09 20:04:02,2026-06-09,196.40,16.20,212.60,Paid,2026-06-09
INV-0000429,2026-000429,TXN-0002411,PH-002,CUS-03465,Personal,Brandon Miller,,Due on receipt,2026-06-09 14:06:28,2026-06-09,93.76,7.73,101.49,Paid,2026-06-09
INV-0000430,2026-000430,TXN-0003896,PH-001,CUS-03945,Corporate,Stonebridge Property Mgmt,TAX-838360,Net 30,2026-06-10 12:02:13,2026-07-10,159.10,13.13,172.23,Paid,2026-07-07
INV-0000431,2026-000431,TXN-0002740,PH-004,CUS-01761,Personal,Kevin Kim,,Due on receipt,2026-06-09 23:41:34,2026-06-09,24.84,2.05,26.89,Paid,2026-06-09
INV-0000432,2026-000432,TXN-0000409,PH-004,CUS-00146,Personal,Amanda Lee,,Due on receipt,2026-06-10 01:43:58,2026-06-10,179.79,14.66,192.29,Paid,2026-06-10
INV-0000433,2026-000433,TXN-0003435,PH-003,CUS-04485,Corporate,Cedar Ridge Assisted Living,TAX-356850,Net 30,2026-06-10 10:05:41,2026-07-10,116.80,9.63,126.43,Paid,2026-06-30
INV-0000434,2026-000434,TXN-0004253,PH-002,CUS-01343,Corporate,Ironworks Manufacturing Inc,TAX-631873,Net 30,2026-06-10 00:08:50,2026-07-10,250.81,14.78,194.03,Paid,2026-06-19
INV-0000435,2026-000435,TXN-0003398,PH-003,CUS-04671,Personal,Brandon Moore,,Due on receipt,2026-06-09 21:32:29,2026-06-09,112.15,9.17,120.30,Paid,2026-06-09
INV-0000436,2026-000436,TXN-0003519,PH-005,CUS-01588,Personal,Laura Davis,,Due on receipt,2026-06-10 17:50:42,2026-06-10,204.76,16.89,221.65,Paid,2026-06-10
INV-0000437,2026-000437,TXN-0003975,PH-005,CUS-02957,Personal,Marcus Miller,,Due on receipt,2026-06-10 18:52:19,2026-06-10,25.67,2.12,27.79,Paid,2026-06-10
INV-0000438,2026-000438,TXN-0003942,PH-004,CUS-01413,Personal,Noah Tran,,Due on receipt,2026-06-11 07:36:48,2026-06-11,109.93,9.07,119.00,Paid,2026-06-11
INV-0000439,2026-000439,TXN-0003796,PH-005,CUS-04143,Personal,Amanda Miller,,Due on receipt,2026-06-10 23:16:57,2026-06-10,121.86,10.06,131.92,Paid,2026-06-10
INV-0000440,2026-000440,TXN-0004473,PH-004,CUS-04255,Personal,John Lee,,Due on receipt,2026-06-10 21:45:12,2026-06-10,226.23,17.50,229.63,Paid,2026-06-10
INV-0000441,2026-000441,TXN-0001556,PH-005,CUS-02015,Personal,Michael Lopez,,Due on receipt,2026-06-10 21:12:11,2026-06-10,88.93,7.34,96.27,Paid,2026-06-10
INV-0000442,2026-000442,TXN-0004774,PH-004,CUS-02942,Personal,Kevin Ross,,Due on receipt,2026-06-11 07:56:19,2026-06-11,269.08,21.93,287.64,Paid,2026-06-11
INV-0000443,2026-000443,TXN-0004255,PH-004,CUS-02880,Personal,Melissa Garcia,,Due on receipt,2026-06-11 09:16:40,2026-06-11,464.78,37.73,495.00,Paid,2026-06-11
INV-0000444,2026-000444,TXN-0001537,PH-001,CUS-03962,Personal,Laura Miller,,Due on receipt,2026-06-10 19:17:43,2026-06-10,18.70,1.54,20.24,Paid,2026-06-10
INV-0000445,2026-000445,TXN-0000256,PH-001,CUS-01902,Corporate,BrightPath Daycare Centers,TAX-246593,Net 30,2026-06-11 17:08:32,2026-07-11,146.79,10.62,139.26,Overdue,
INV-0000446,2026-000446,TXN-0003122,PH-003,CUS-01645,Personal,Ava White,,Due on receipt,2026-06-11 18:10:12,2026-06-11,78.63,6.19,81.26,Paid,2026-06-11
INV-0000447,2026-000447,TXN-0004763,PH-001,CUS-04195,Personal,Ava Patel,,Due on receipt,2026-06-11 02:39:40,2026-06-11,53.44,4.21,55.30,Paid,2026-06-11
INV-0000448,2026-000448,TXN-0000987,PH-002,CUS-02537,Corporate,Riverbend Community Clinic,TAX-532844,Net 30,2026-06-11 10:01:40,2026-07-11,89.49,5.40,70.87,Paid,2026-06-30
INV-0000449,2026-000449,TXN-0002742,PH-005,CUS-02844,Personal,Michael White,,Due on receipt,2026-06-10 22:50:59,2026-06-10,10.06,0.83,10.89,Paid,2026-06-10
INV-0000450,2026-000450,TXN-0002330,PH-004,CUS-00194,Personal,David Anderson,,Due on receipt,2026-06-11 11:41:36,2026-06-11,207.39,17.11,224.50,Paid,2026-06-11
INV-0000451,2026-000451,TXN-0000297,PH-005,CUS-00925,Personal,Robert Ross,,Due on receipt,2026-06-11 14:34:55,2026-06-11,270.64,21.86,286.81,Paid,2026-06-11
INV-0000452,2026-000452,TXN-0003392,PH-004,CUS-02969,Corporate,Ironworks Manufacturing Inc,TAX-654800,Net 30,2026-06-12 02:46:43,2026-07-12,101.72,7.86,103.04,Paid,2026-07-02
INV-0000453,2026-000453,TXN-0003246,PH-002,CUS-02897,Personal,Linda Miller,,Due on receipt,2026-06-12 07:17:32,2026-06-12,195.70,16.15,211.85,Paid,2026-06-12
INV-0000454,2026-000454,TXN-0002125,PH-004,CUS-01132,Personal,Laura Tran,,Due on receipt,2026-06-11 17:54:08,2026-06-11,258.64,21.34,279.98,Paid,2026-06-11
INV-0000455,2026-000455,TXN-0004268,PH-001,CUS-03906,Personal,Marcus Davis,,Due on receipt,2026-06-12 10:17:01,2026-06-12,213.87,17.65,231.52,Paid,2026-06-12
INV-0000456,2026-000456,TXN-0002896,PH-001,CUS-00992,Personal,John Johnson,,Due on receipt,2026-06-12 05:27:50,2026-06-12,283.10,20.80,272.96,Paid,2026-06-12
INV-0000457,2026-000457,TXN-0001231,PH-005,CUS-02582,Personal,Brandon White,,Due on receipt,2026-06-11 23:30:46,2026-06-11,187.08,15.10,198.18,Paid,2026-06-11
INV-0000458,2026-000458,TXN-0001643,PH-004,CUS-01477,Personal,Mia Ross,,Due on receipt,2026-06-11 21:06:21,2026-06-11,155.85,12.85,168.57,Paid,2026-06-11
INV-0000459,2026-000459,TXN-0003217,PH-002,CUS-01040,Personal,David Garcia,,Due on receipt,2026-06-12 05:01:43,2026-06-12,33.49,2.76,36.25,Paid,2026-06-12
INV-0000460,2026-000460,TXN-0000234,PH-005,CUS-01824,Personal,Rachel Ross,,Due on receipt,2026-06-12 14:16:00,2026-06-12,113.14,9.34,122.48,Paid,2026-06-12
INV-0000461,2026-000461,TXN-0003990,PH-002,CUS-02709,Personal,Melissa Hill,,Due on receipt,2026-06-12 16:46:27,2026-06-12,118.89,9.19,120.48,Paid,2026-06-12
INV-0000462,2026-000462,TXN-0004784,PH-001,CUS-02653,Personal,Robert Ross,,Due on receipt,2026-06-12 23:15:59,2026-06-12,125.82,10.34,135.65,Paid,2026-06-12
INV-0000463,2026-000463,TXN-0003150,PH-002,CUS-02732,Corporate,Cedar Ridge Assisted Living,TAX-327861,Net 30,2026-06-12 18:17:36,2026-07-12,319.24,25.27,331.62,Paid,2026-06-24
INV-0000464,2026-000464,TXN-0001525,PH-005,CUS-02320,Personal,Jessica Wilson,,Due on receipt,2026-06-13 08:31:00,2026-06-13,192.50,15.88,208.38,Paid,2026-06-13
INV-0000465,2026-000465,TXN-0001830,PH-004,CUS-04448,Personal,Ethan Thomas,,Due on receipt,2026-06-12 14:45:51,2026-06-12,146.29,12.07,158.36,Paid,2026-06-12
INV-0000466,2026-000466,TXN-0004601,PH-001,CUS-00202,Personal,Sarah White,,Due on receipt,2026-06-12 13:01:17,2026-06-12,170.57,13.73,180.04,Paid,2026-06-12
INV-0000467,2026-000467,TXN-0001282,PH-005,CUS-01628,Personal,Olivia Nguyen,,Due on receipt,2026-06-12 22:42:18,2026-06-12,5.69,0.47,6.16,Paid,2026-06-12
INV-0000468,2026-000468,TXN-0000911,PH-002,CUS-04663,Personal,Sarah Johnson,,Due on receipt,2026-06-12 17:29:05,2026-06-12,123.97,10.06,131.86,Paid,2026-06-12
INV-0000469,2026-000469,TXN-0000867,PH-004,CUS-01604,Personal,Brandon Martinez,,Due on receipt,2026-06-12 16:25:30,2026-06-12,122.78,10.12,132.90,Cancelled,
INV-0000470,2026-000470,TXN-0002153,PH-005,CUS-02551,Corporate,Summit Home Health LLC,TAX-285039,Net 30,2026-06-12 21:05:30,2026-07-12,72.19,5.96,78.15,Overdue,
INV-0000471,2026-000471,TXN-0003781,PH-003,CUS-04122,Corporate,Harborview Catering Co,TAX-889967,Net 30,2026-06-13 17:17:03,2026-07-13,270.75,22.34,293.09,Overdue,
INV-0000472,2026-000472,TXN-0000041,PH-001,CUS-04966,Personal,Olivia Brown,,Due on receipt,2026-06-13 18:47:31,2026-06-13,230.49,16.77,219.91,Paid,2026-06-13
INV-0000473,2026-000473,TXN-0003379,PH-002,CUS-04059,Corporate,Pinehurst Hospitality Group,TAX-582393,Net 30,2026-06-13 10:19:33,2026-07-13,21.75,1.79,23.54,Paid,2026-06-30
INV-0000474,2026-000474,TXN-0004622,PH-004,CUS-00674,Corporate,Cedar Ridge Assisted Living,TAX-353926,Net 30,2026-06-13 22:50:58,2026-07-13,133.16,10.91,143.08,Paid,2026-07-01
INV-0000475,2026-000475,TXN-0001933,PH-003,CUS-02609,Corporate,Northgate Construction Co,TAX-418928,Net 30,2026-06-14 08:32:37,2026-07-14,486.29,36.89,483.93,Overdue,
INV-0000476,2026-000476,TXN-0004139,PH-001,CUS-04053,Corporate,Fairfield Sports Academy,TAX-999187,Net 30,2026-06-13 18:21:01,2026-07-13,136.25,11.24,147.49,Paid,2026-06-25
INV-0000477,2026-000477,TXN-0002703,PH-002,CUS-02377,Corporate,Maple Valley School District,TAX-485180,Net 30,2026-06-14 04:17:22,2026-07-14,70.83,5.84,76.58,Overdue,
INV-0000478,2026-000478,TXN-0002006,PH-002,CUS-03775,Personal,David Smith,,Due on receipt,2026-06-14 03:20:48,2026-06-14,109.09,9.00,118.09,Paid,2026-06-14
INV-0000479,2026-000479,TXN-0002211,PH-005,CUS-00997,Personal,Laura Brown,,Due on receipt,2026-06-13 17:00:25,2026-06-13,325.16,26.55,348.28,Paid,2026-06-13
INV-0000480,2026-000480,TXN-0000549,PH-001,CUS-03327,Personal,Noah Martinez,,Due on receipt,2026-06-13 23:12:50,2026-06-13,33.49,2.76,36.25,Paid,2026-06-13
INV-0000481,2026-000481,TXN-0003347,PH-001,CUS-02170,Personal,Sarah Moore,,Due on receipt,2026-06-13 20:00:54,2026-06-13,196.93,16.24,213.17,Paid,2026-06-13
INV-0000482,2026-000482,TXN-0003539,PH-002,CUS-04173,Personal,Robert Lee,,Due on receipt,2026-06-14 04:20:26,2026-06-14,54.53,4.50,59.03,Paid,2026-06-14
INV-0000483,2026-000483,TXN-0004866,PH-001,CUS-01643,Personal,Jennifer Miller,,Due on receipt,2026-06-13 18:10:13,2026-06-13,176.73,14.58,191.31,Paid,2026-06-13
INV-0000484,2026-000484,TXN-0000406,PH-003,CUS-02555,Personal,Noah Wilson,,Due on receipt,2026-06-13 18:48:21,2026-06-13,217.71,17.97,235.68,Paid,2026-06-13
INV-0000485,2026-000485,TXN-0002491,PH-003,CUS-03267,Personal,Grace Nguyen,,Due on receipt,2026-06-14 06:46:00,2026-06-14,295.25,23.80,312.25,Paid,2026-06-14
INV-0000486,2026-000486,TXN-0003930,PH-001,CUS-04360,Personal,Michael Martinez,,Due on receipt,2026-06-14 06:47:48,2026-06-14,173.23,14.29,187.52,Paid,2026-06-14
INV-0000487,2026-000487,TXN-0001317,PH-001,CUS-00386,Personal,Olivia Smith,,Due on receipt,2026-06-14 08:44:10,2026-06-14,321.68,23.12,303.35,Paid,2026-06-14
INV-0000488,2026-000488,TXN-0002844,PH-001,CUS-03680,Corporate,Fairfield Sports Academy,TAX-977821,Net 30,2026-06-14 18:24:58,2026-07-14,148.79,11.73,153.85,Overdue,
INV-0000489,2026-000489,TXN-0004872,PH-005,CUS-03522,Personal,Michael Reed,,Due on receipt,2026-06-14 22:37:25,2026-06-14,97.24,8.02,105.26,Paid,2026-06-14
INV-0000490,2026-000490,TXN-0001515,PH-005,CUS-02068,Personal,Laura King,,Due on receipt,2026-06-14 13:32:36,2026-06-14,48.56,4.01,52.57,Paid,2026-06-14
INV-0000491,2026-000491,TXN-0002155,PH-003,CUS-03102,Corporate,Harborview Catering Co,TAX-890106,Net 30,2026-06-15 04:22:53,2026-07-15,637.77,50.46,662.00,Paid,2026-07-06
INV-0000492,2026-000492,TXN-0004055,PH-002,CUS-04052,Personal,Brandon Anderson,,Due on receipt,2026-06-14 23:32:06,2026-06-14,127.91,10.55,138.46,Paid,2026-06-14
INV-0000493,2026-000493,TXN-0002827,PH-001,CUS-03610,Corporate,Bluebird Transit Services,TAX-700690,Net 30,2026-06-14 18:02:29,2026-07-14,101.80,6.72,88.16,Paid,2026-06-24
INV-0000494,2026-000494,TXN-0002030,PH-001,CUS-01147,Corporate,Fairfield Sports Academy,TAX-964508,Net 30,2026-06-14 22:20:00,2026-07-14,235.74,19.20,251.85,Paid,2026-06-28
INV-0000495,2026-000495,TXN-0001024,PH-002,CUS-04597,Personal,Rachel Chen,,Due on receipt,2026-06-15 02:28:26,2026-06-15,469.58,38.73,508.31,Paid,2026-06-15
INV-0000496,2026-000496,TXN-0003947,PH-003,CUS-04030,Personal,Linda Lopez,,Due on receipt,2026-06-14 21:09:40,2026-06-14,120.21,9.91,130.12,Paid,2026-06-14
INV-0000497,2026-000497,TXN-0002067,PH-001,CUS-01971,Personal,Michael Garcia,,Due on receipt,2026-06-15 00:59:24,2026-06-15,204.87,16.90,221.77,Paid,2026-06-15
INV-0000498,2026-000498,TXN-0000124,PH-003,CUS-00672,Personal,Rachel Wilson,,Due on receipt,2026-06-14 15:54:47,2026-06-14,139.41,11.50,150.91,Paid,2026-06-14
INV-0000499,2026-000499,TXN-0003718,PH-005,CUS-00810,Personal,Grace Smith,,Due on receipt,2026-06-15 10:30:12,2026-06-15,231.62,17.88,234.71,Paid,2026-06-15
INV-0000500,2026-000500,TXN-0000888,PH-003,CUS-04898,Personal,Kevin Hill,,Due on receipt,2026-06-15 10:41:59,2026-06-15,87.64,6.18,81.06,Paid,2026-06-15
INV-0000501,2026-000501,TXN-0001446,PH-001,CUS-04275,Personal,David Lee,,Due on receipt,2026-06-14 23:42:27,2026-06-14,33.03,2.73,35.76,Paid,2026-06-14
INV-0000502,2026-000502,TXN-0003152,PH-004,CUS-02926,Personal,John Carter,,Due on receipt,2026-06-15 10:48:46,2026-06-15,150.49,12.42,162.91,Paid,2026-06-15
INV-0000503,2026-000503,TXN-0000537,PH-001,CUS-01674,Personal,Emily Reed,,Due on receipt,2026-06-16 04:54:50,2026-06-16,197.25,16.27,213.52,Paid,2026-06-16
INV-0000504,2026-000504,TXN-0004019,PH-003,CUS-00837,Personal,Daniel Ross,,Due on receipt,2026-06-15 16:20:25,2026-06-15,428.39,35.35,463.74,Paid,2026-06-15
INV-0000505,2026-000505,TXN-0000081,PH-005,CUS-01037,Personal,Daniel Jackson,,Due on receipt,2026-06-15 18:16:44,2026-06-15,259.90,21.43,281.33,Paid,2026-06-15
INV-0000506,2026-000506,TXN-0002508,PH-001,CUS-03903,Personal,Liam Brown,,Due on receipt,2026-06-15 15:36:43,2026-06-15,251.82,20.23,265.36,Paid,2026-06-15
INV-0000507,2026-000507,TXN-0000861,PH-002,CUS-04472,Corporate,Bluebird Transit Services,TAX-676622,Net 30,2026-06-15 22:33:26,2026-07-15,259.58,21.37,280.35,Paid,2026-06-28
INV-0000508,2026-000508,TXN-0000378,PH-003,CUS-04816,Personal,Brandon White,,Due on receipt,2026-06-16 03:48:17,2026-06-16,113.35,9.20,120.67,Paid,2026-06-16
INV-0000509,2026-000509,TXN-0004295,PH-002,CUS-00781,Personal,Emily Martinez,,Due on receipt,2026-06-15 16:41:41,2026-06-15,339.29,27.81,364.84,Paid,2026-06-15
INV-0000510,2026-000510,TXN-0001850,PH-003,CUS-04972,Corporate,Bluebird Transit Services,TAX-714810,Net 30,2026-06-16 04:53:55,2026-07-16,141.84,10.83,142.10,Paid,2026-06-30
INV-0000511,2026-000511,TXN-0002933,PH-005,CUS-04108,Personal,Kevin Patel,,Due on receipt,2026-06-16 15:47:26,2026-06-16,115.49,9.53,125.02,Paid,2026-06-16
INV-0000512,2026-000512,TXN-0002875,PH-005,CUS-04108,Personal,Kevin Patel,,Due on receipt,2026-06-17 01:38:29,2026-06-17,150.88,12.44,163.32,Paid,2026-06-17
INV-0000513,2026-000513,TXN-0001056,PH-005,CUS-03543,Personal,Ethan Johnson,,Due on receipt,2026-06-16 11:58:50,2026-06-16,230.69,17.83,233.86,Paid,2026-06-16
INV-0000514,2026-000514,TXN-0000414,PH-002,CUS-00268,Personal,Michael Moore,,Due on receipt,2026-06-17 08:35:03,2026-06-17,133.57,9.47,124.34,Paid,2026-06-17
INV-0000515,2026-000515,TXN-0000059,PH-001,CUS-00456,Personal,Amanda Lee,,Due on receipt,2026-06-17 00:29:43,2026-06-17,93.65,7.73,101.38,Paid,2026-06-17
INV-0000516,2026-000516,TXN-0002778,PH-004,CUS-02970,Personal,Sarah Lopez,,Due on receipt,2026-06-16 17:59:50,2026-06-16,17.40,1.29,16.95,Paid,2026-06-16
INV-0000517,2026-000517,TXN-0001126,PH-001,CUS-00786,Corporate,Summit Home Health LLC,TAX-300827,Net 30,2026-06-17 14:18:02,2026-07-17,709.06,54.68,717.60,Overdue,
INV-0000518,2026-000518,TXN-0001045,PH-005,CUS-01722,Personal,John Chen,,Due on receipt,2026-06-17 12:38:31,2026-06-17,105.79,8.73,114.52,Paid,2026-06-17
INV-0000519,2026-000519,TXN-0004284,PH-002,CUS-00108,Personal,David Carter,,Due on receipt,2026-06-17 15:52:07,2026-06-17,475.43,38.66,507.13,Paid,2026-06-17
INV-0000520,2026-000520,TXN-0002542,PH-003,CUS-01466,Personal,Liam Taylor,,Due on receipt,2026-06-17 06:08:13,2026-06-17,142.94,11.17,146.60,Paid,2026-06-17
INV-0000521,2026-000521,TXN-0000576,PH-005,CUS-03434,Personal,Rachel Lee,,Due on receipt,2026-06-17 15:26:33,2026-06-17,119.32,9.25,121.35,Paid,2026-06-17
INV-0000522,2026-000522,TXN-0001866,PH-003,CUS-01616,Personal,Robert Patel,,Due on receipt,2026-06-17 15:57:25,2026-06-17,147.80,12.20,160.00,Paid,2026-06-17
INV-0000523,2026-000523,TXN-0004341,PH-004,CUS-04784,Personal,Liam Smith,,Due on receipt,2026-06-18 11:46:48,2026-06-18,205.29,16.36,214.64,Paid,2026-06-18
INV-0000524,2026-000524,TXN-0001398,PH-002,CUS-01285,Corporate,Cedar Ridge Assisted Living,TAX-369867,Net 30,2026-06-17 22:00:59,2026-07-17,107.89,8.13,106.75,Paid,2026-06-28
INV-0000525,2026-000525,TXN-0004062,PH-004,CUS-04168,Corporate,Maple Valley School District,TAX-489072,Net 30,2026-06-17 18:13:28,2026-07-17,228.64,18.86,247.50,Paid,2026-06-24
INV-0000526,2026-000526,TXN-0000614,PH-004,CUS-04112,Corporate,Riverbend Community Clinic,TAX-510178,Net 30,2026-06-18 13:36:32,2026-07-18,192.27,15.10,198.05,Paid,2026-07-10
INV-0000527,2026-000527,TXN-0001705,PH-005,CUS-02373,Corporate,Willow Creek Veterinary,TAX-820662,Net 30,2026-06-17 20:27:27,2026-07-17,489.89,37.57,492.97,Overdue,
INV-0000528,2026-000528,TXN-0002081,PH-003,CUS-02620,Corporate,Ironworks Manufacturing Inc,TAX-659313,Net 30,2026-06-18 14:47:50,2026-07-18,176.39,14.55,190.94,Paid,2026-07-10
INV-0000529,2026-000529,TXN-0002843,PH-004,CUS-04662,Personal,Robert White,,Due on receipt,2026-06-18 08:30:23,2026-06-18,129.27,10.63,139.49,Paid,2026-06-18
INV-0000530,2026-000530,TXN-0003329,PH-005,CUS-01522,Personal,Grace Davis,,Due on receipt,2026-06-18 18:53:14,2026-06-18,243.92,20.13,264.05,Paid,2026-06-18
INV-0000531,2026-000531,TXN-0002140,PH-005,CUS-04333,Personal,Kevin Lee,,Due on receipt,2026-06-19 02:22:03,2026-06-19,93.41,7.71,101.12,Paid,2026-06-19
INV-0000532,2026-000532,TXN-0000656,PH-001,CUS-00057,Corporate,Fairfield Sports Academy,TAX-980260,Net 30,2026-06-19 01:40:46,2026-07-19,162.72,13.18,172.90,Paid,2026-07-07
INV-0000533,2026-000533,TXN-0004966,PH-002,CUS-01878,Corporate,Crestview Dental Partners,TAX-751118,Net 30,2026-06-19 11:43:59,2026-07-19,167.89,13.44,176.42,Paid,2026-07-15
INV-0000534,2026-000534,TXN-0002314,PH-003,CUS-03152,Corporate,Riverbend Community Clinic,TAX-537736,Net 30,2026-06-19 11:44:47,2026-07-19,294.73,23.65,310.39,Overdue,
INV-0000535,2026-000535,TXN-0001722,PH-003,CUS-04857,Personal,Melissa King,,Due on receipt,2026-06-19 03:01:53,2026-06-19,39.53,3.25,42.78,Paid,2026-06-19
INV-0000536,2026-000536,TXN-0003952,PH-001,CUS-03341,Personal,Jessica Thomas,,Due on receipt,2026-06-18 20:50:26,2026-06-18,144.27,11.78,154.55,Paid,2026-06-18
INV-0000537,2026-000537,TXN-0000016,PH-005,CUS-03094,Corporate,Willow Creek Veterinary,TAX-789051,Net 30,2026-06-19 16:55:17,2026-07-19,211.39,17.19,225.57,Paid,2026-07-14
INV-0000538,2026-000538,TXN-0000008,PH-004,CUS-03649,Personal,Anthony Hill,,Due on receipt,2026-06-19 05:49:31,2026-06-19,47.80,3.80,49.78,Paid,2026-06-19
INV-0000539,2026-000539,TXN-0001175,PH-004,CUS-03486,Personal,Grace Garcia,,Due on receipt,2026-06-19 01:36:08,2026-06-19,269.33,19.87,260.62,Paid,2026-06-19
INV-0000540,2026-000540,TXN-0000540,PH-002,CUS-00651,Personal,Noah Moore,,Due on receipt,2026-06-19 08:14:21,2026-06-19,263.24,18.98,248.99,Paid,2026-06-19
INV-0000541,2026-000541,TXN-0001142,PH-004,CUS-03967,Personal,Linda White,,Due on receipt,2026-06-19 15:31:10,2026-06-19,245.13,20.01,262.58,Paid,2026-06-19
INV-0000542,2026-000542,TXN-0001463,PH-004,CUS-02628,Corporate,Willow Creek Veterinary,TAX-802299,Net 30,2026-06-19 18:49:16,2026-07-19,141.30,11.18,146.64,Cancelled,
INV-0000543,2026-000543,TXN-0000946,PH-001,CUS-00036,Personal,Linda Martinez,,Due on receipt,2026-06-20 01:28:51,2026-06-20,352.42,28.18,369.76,Paid,2026-06-20
INV-0000544,2026-000544,TXN-0003492,PH-004,CUS-01026,Personal,Ava Anderson,,Due on receipt,2026-06-19 21:23:07,2026-06-19,167.73,13.84,181.57,Paid,2026-06-19
INV-0000545,2026-000545,TXN-0003809,PH-004,CUS-04208,Corporate,Riverbend Community Clinic,TAX-529289,Net 30,2026-06-19 20:54:51,2026-07-19,188.64,14.69,192.69,Paid,2026-07-04
INV-0000546,2026-000546,TXN-0000485,PH-002,CUS-02822,Personal,Grace Kim,,Due on receipt,2026-06-20 01:54:47,2026-06-20,147.17,11.78,154.64,Paid,2026-06-20
INV-0000547,2026-000547,TXN-0004081,PH-005,CUS-01044,Personal,Jennifer Chen,,Due on receipt,2026-06-19 23:21:12,2026-06-19,241.76,19.95,261.71,Paid,2026-06-19
INV-0000548,2026-000548,TXN-0003838,PH-005,CUS-01609,Corporate,Ironworks Manufacturing Inc,TAX-623852,Net 30,2026-06-20 07:37:34,2026-07-20,81.30,6.71,88.01,Paid,2026-07-12
INV-0000549,2026-000549,TXN-0001164,PH-002,CUS-00405,Personal,John Anderson,,Due on receipt,2026-06-20 13:13:04,2026-06-20,226.35,18.68,245.03,Paid,2026-06-20
INV-0000550,2026-000550,TXN-0003820,PH-005,CUS-00259,Corporate,Willow Creek Veterinary,TAX-805887,Net 30,2026-06-19 16:19:56,2026-07-19,150.19,12.13,159.28,Paid,2026-06-26
INV-0000551,2026-000551,TXN-0002866,PH-005,CUS-02504,Personal,Olivia Johnson,,Due on receipt,2026-06-19 19:25:18,2026-06-19,521.72,43.04,564.76,Paid,2026-06-19
INV-0000552,2026-000552,TXN-0003549,PH-003,CUS-04724,Corporate,Pinehurst Hospitality Group,TAX-593202,Net 30,2026-06-20 01:37:05,2026-07-20,9.63,0.79,10.42,Paid,2026-07-04
INV-0000553,2026-000553,TXN-0002230,PH-002,CUS-04654,Personal,Rachel Tran,,Due on receipt,2026-06-20 13:30:39,2026-06-20,166.04,13.70,179.74,Paid,2026-06-20
INV-0000554,2026-000554,TXN-0003516,PH-003,CUS-03425,Personal,Olivia Moore,,Due on receipt,2026-06-20 17:34:21,2026-06-20,172.26,14.03,184.09,Paid,2026-06-20
INV-0000555,2026-000555,TXN-0001835,PH-002,CUS-03064,Personal,Rachel Taylor,,Due on receipt,2026-06-20 04:59:37,2026-06-20,661.11,49.98,655.71,Paid,2026-06-20
INV-0000556,2026-000556,TXN-0001744,PH-005,CUS-01289,Personal,Liam Martinez,,Due on receipt,2026-06-20 13:55:30,2026-06-20,248.16,20.48,268.64,Paid,2026-06-20
INV-0000557,2026-000557,TXN-0003230,PH-002,CUS-01371,Personal,Emily King,,Due on receipt,2026-06-21 04:25:27,2026-06-21,113.25,9.33,122.28,Paid,2026-06-21
INV-0000558,2026-000558,TXN-0000366,PH-002,CUS-01832,Corporate,Maple Valley School District,TAX-492671,Net 30,2026-06-20 23:33:09,2026-07-20,352.36,28.54,374.34,Overdue,
INV-0000559,2026-000559,TXN-0004730,PH-004,CUS-02492,Personal,Laura Lee,,Due on receipt,2026-06-20 10:39:21,2026-06-20,124.44,9.98,130.94,Paid,2026-06-20
INV-0000560,2026-000560,TXN-0000757,PH-003,CUS-01330,Corporate,Northgate Construction Co,TAX-385722,Net 30,2026-06-21 08:47:06,2026-07-21,281.54,23.02,301.89,Overdue,
INV-0000561,2026-000561,TXN-0002943,PH-003,CUS-04659,Corporate,Cedar Ridge Assisted Living,TAX-375145,Net 30,2026-06-20 12:43:23,2026-07-20,454.32,37.49,491.81,Paid,2026-06-27
INV-0000562,2026-000562,TXN-0001571,PH-004,CUS-00804,Personal,Emily Moore,,Due on receipt,2026-06-20 14:55:23,2026-06-20,132.49,10.93,143.42,Paid,2026-06-20
INV-0000563,2026-000563,TXN-0003441,PH-002,CUS-01807,Corporate,Ironworks Manufacturing Inc,TAX-658106,Net 30,2026-06-21 09:03:26,2026-07-21,144.79,11.59,152.12,Overdue,
INV-0000564,2026-000564,TXN-0004132,PH-001,CUS-01142,Corporate,Fairfield Sports Academy,TAX-948604,Net 30,2026-06-20 18:48:55,2026-07-20,223.21,17.66,231.65,Paid,2026-06-29
INV-0000565,2026-000565,TXN-0001306,PH-005,CUS-04654,Personal,Rachel Tran,,Due on receipt,2026-06-21 07:58:19,2026-06-21,366.01,28.66,376.13,Paid,2026-06-21
INV-0000566,2026-000566,TXN-0000764,PH-005,CUS-00817,Personal,Marcus Taylor,,Due on receipt,2026-06-21 07:10:18,2026-06-21,188.60,15.56,204.16,Paid,2026-06-21
INV-0000567,2026-000567,TXN-0004156,PH-001,CUS-02239,Personal,Marcus Wilson,,Due on receipt,2026-06-21 13:05:03,2026-06-21,403.67,32.86,431.06,Paid,2026-06-21
INV-0000568,2026-000568,TXN-0003354,PH-005,CUS-03664,Personal,Olivia Tran,,Due on receipt,2026-06-21 20:32:12,2026-06-21,198.80,16.39,215.19,Paid,2026-06-21
INV-0000569,2026-000569,TXN-0004468,PH-003,CUS-03962,Corporate,Riverbend Community Clinic,TAX-538332,Net 30,2026-06-22 09:09:24,2026-07-22,161.36,13.31,174.67,Paid,2026-07-19
INV-0000570,2026-000570,TXN-0000712,PH-002,CUS-03814,Personal,Mia King,,Due on receipt,2026-06-21 23:53:07,2026-06-21,146.43,12.08,158.51,Paid,2026-06-21
INV-0000571,2026-000571,TXN-0004550,PH-005,CUS-01961,Personal,Robert White,,Due on receipt,2026-06-21 20:57:53,2026-06-21,272.96,22.52,295.48,Paid,2026-06-21
INV-0000572,2026-000572,TXN-0003619,PH-005,CUS-01222,Personal,Sophia Lopez,,Due on receipt,2026-06-21 23:52:49,2026-06-21,321.08,24.57,322.44,Paid,2026-06-21
INV-0000573,2026-000573,TXN-0003882,PH-004,CUS-02358,Personal,Noah Chen,,Due on receipt,2026-06-21 14:40:54,2026-06-21,158.22,13.06,171.28,Paid,2026-06-21
INV-0000574,2026-000574,TXN-0004226,PH-002,CUS-04416,Personal,Rachel Chen,,Due on receipt,2026-06-22 09:47:57,2026-06-22,282.67,22.56,295.92,Paid,2026-06-22
INV-0000575,2026-000575,TXN-0000803,PH-002,CUS-04766,Personal,Sarah Tran,,Due on receipt,2026-06-22 12:45:30,2026-06-22,256.67,20.30,266.35,Paid,2026-06-22
INV-0000576,2026-000576,TXN-0002688,PH-001,CUS-01218,Personal,Linda Ross,,Due on receipt,2026-06-22 10:53:15,2026-06-22,95.96,7.67,100.67,Paid,2026-06-22
INV-0000577,2026-000577,TXN-0000159,PH-004,CUS-02818,Corporate,Bluebird Transit Services,TAX-674958,Net 30,2026-06-22 14:47:13,2026-07-22,98.56,8.12,106.50,Paid,2026-07-17
INV-0000578,2026-000578,TXN-0004961,PH-005,CUS-02704,Personal,Ethan Miller,,Due on receipt,2026-06-22 16:42:51,2026-06-22,304.12,24.91,326.88,Cancelled,
INV-0000579,2026-000579,TXN-0000686,PH-004,CUS-04118,Personal,Jennifer Nguyen,,Due on receipt,2026-06-22 23:39:40,2026-06-22,176.83,12.22,160.24,Paid,2026-06-22
INV-0000580,2026-000580,TXN-0001277,PH-005,CUS-04659,Personal,Jennifer Kim,,Due on receipt,2026-06-23 01:14:28,2026-06-23,77.02,6.35,83.37,Paid,2026-06-23
INV-0000581,2026-000581,TXN-0002820,PH-002,CUS-01869,Personal,Amanda Anderson,,Due on receipt,2026-06-23 06:24:55,2026-06-23,230.42,18.85,247.35,Paid,2026-06-23
INV-0000582,2026-000582,TXN-0003261,PH-001,CUS-03178,Personal,Olivia Davis,,Due on receipt,2026-06-23 12:48:33,2026-06-23,88.99,7.35,96.34,Paid,2026-06-23
INV-0000583,2026-000583,TXN-0003960,PH-001,CUS-04386,Corporate,Bluebird Transit Services,TAX-695241,Net 30,2026-06-22 18:15:06,2026-07-22,61.23,5.05,66.28,Paid,2026-07-01
INV-0000584,2026-000584,TXN-0004148,PH-002,CUS-01732,Corporate,Fairfield Sports Academy,TAX-949128,Net 30,2026-06-23 11:30:46,2026-07-23,186.33,15.36,201.69,Paid,2026-07-18
INV-0000585,2026-000585,TXN-0004425,PH-002,CUS-04403,Corporate,BrightPath Daycare Centers,TAX-226110,Net 30,2026-06-23 05:17:33,2026-07-23,81.96,6.76,88.72,Paid,2026-07-11
INV-0000586,2026-000586,TXN-0003179,PH-002,CUS-03252,Corporate,Bluebird Transit Services,TAX-682565,Net 30,2026-06-23 15:47:41,2026-07-23,128.04,10.57,138.61,Paid,2026-07-20
INV-0000587,2026-000587,TXN-0004230,PH-004,CUS-01300,Personal,Grace Taylor,,Due on receipt,2026-06-23 11:59:22,2026-06-23,195.49,16.02,210.19,Paid,2026-06-23
INV-0000588,2026-000588,TXN-0004186,PH-003,CUS-01190,Personal,Mia Patel,,Due on receipt,2026-06-23 10:12:30,2026-06-23,298.17,23.47,307.82,Paid,2026-06-23
INV-0000589,2026-000589,TXN-0001602,PH-003,CUS-00534,Personal,Rachel Smith,,Due on receipt,2026-06-22 23:00:41,2026-06-22,146.56,12.09,158.65,Paid,2026-06-22
INV-0000590,2026-000590,TXN-0000730,PH-002,CUS-04940,Corporate,Willow Creek Veterinary,TAX-790983,Net 30,2026-06-23 10:38:05,2026-07-23,135.71,11.19,146.90,Paid,2026-07-10
INV-0000591,2026-000591,TXN-0001132,PH-004,CUS-01242,Personal,Mia Davis,,Due on receipt,2026-06-23 21:31:22,2026-06-23,405.56,33.28,436.61,Paid,2026-06-23
INV-0000592,2026-000592,TXN-0004553,PH-002,CUS-01410,Personal,Michael Hill,,Due on receipt,2026-06-23 05:37:04,2026-06-23,148.44,11.81,154.95,Paid,2026-06-23
INV-0000593,2026-000593,TXN-0000959,PH-001,CUS-02157,Personal,Jennifer Jackson,,Due on receipt,2026-06-23 10:21:20,2026-06-23,211.58,17.45,229.03,Paid,2026-06-23
INV-0000594,2026-000594,TXN-0002906,PH-001,CUS-02651,Corporate,Northgate Construction Co,TAX-428224,Net 30,2026-06-23 22:48:30,2026-07-23,132.16,10.91,143.07,Paid,2026-07-11
INV-0000595,2026-000595,TXN-0003428,PH-005,CUS-03371,Corporate,Harborview Catering Co,TAX-943599,Net 30,2026-06-24 07:30:57,2026-07-24,269.30,22.22,291.52,Overdue,
INV-0000596,2026-000596,TXN-0000646,PH-003,CUS-02975,Personal,Brandon Moore,,Due on receipt,2026-06-23 15:56:54,2026-06-23,150.07,11.53,151.27,Paid,2026-06-23
INV-0000597,2026-000597,TXN-0000831,PH-002,CUS-02943,Corporate,BrightPath Daycare Centers,TAX-266952,Net 30,2026-06-23 19:41:02,2026-07-23,405.05,33.42,438.47,Overdue,
INV-0000598,2026-000598,TXN-0001596,PH-004,CUS-03994,Personal,Anthony Kim,,Due on receipt,2026-06-23 18:19:51,2026-06-23,312.73,25.06,328.97,Paid,2026-06-23
INV-0000599,2026-000599,TXN-0002791,PH-001,CUS-00706,Corporate,Crestview Dental Partners,TAX-718786,Net 30,2026-06-24 07:16:59,2026-07-24,108.49,7.44,97.70,Paid,2026-07-15
INV-0000600,2026-000600,TXN-0001007,PH-001,CUS-00239,Personal,Grace Wilson,,Due on receipt,2026-06-23 19:11:50,2026-06-23,107.44,8.34,109.33,Paid,2026-06-23
INV-0000601,2026-000601,TXN-0002928,PH-003,CUS-00836,Personal,Melissa Chen,,Due on receipt,2026-06-24 06:43:50,2026-06-24,295.49,24.29,318.66,Paid,2026-06-24
INV-0000602,2026-000602,TXN-0004346,PH-004,CUS-00414,Personal,Sophia Moore,,Due on receipt,2026-06-24 13:11:36,2026-06-24,194.86,16.08,210.94,Paid,2026-06-24
INV-0000603,2026-000603,TXN-0003846,PH-002,CUS-00651,Personal,Noah Moore,,Due on receipt,2026-06-23 21:16:01,2026-06-23,238.42,18.52,243.02,Paid,2026-06-23
INV-0000604,2026-000604,TXN-0004632,PH-003,CUS-04397,Personal,Marcus Miller,,Due on receipt,2026-06-24 10:13:00,2026-06-24,62.39,4.12,54.03,Paid,2026-06-24
INV-0000605,2026-000605,TXN-0000495,PH-004,CUS-01285,Corporate,Fairfield Sports Academy,TAX-972446,Net 30,2026-06-24 07:46:40,2026-07-24,187.67,15.49,203.16,Paid,2026-07-10
INV-0000606,2026-000606,TXN-0004832,PH-002,CUS-01219,Corporate,Bluebird Transit Services,TAX-676414,Net 30,2026-06-24 09:57:17,2026-07-24,167.24,13.80,181.04,Cancelled,
INV-0000607,2026-000607,TXN-0000338,PH-002,CUS-02350,Personal,Sarah Thomas,,Due on receipt,2026-06-24 15:49:01,2026-06-24,342.07,28.22,370.29,Paid,2026-06-24
INV-0000608,2026-000608,TXN-0002776,PH-004,CUS-03241,Personal,Brandon King,,Due on receipt,2026-06-24 12:21:29,2026-06-24,354.86,28.84,378.42,Paid,2026-06-24
INV-0000609,2026-000609,TXN-0003496,PH-003,CUS-00170,Personal,Robert Martinez,,Due on receipt,2026-06-25 08:41:39,2026-06-25,32.25,2.29,30.08,Paid,2026-06-25
INV-0000610,2026-000610,TXN-0004503,PH-003,CUS-00136,Personal,Sarah Thomas,,Due on receipt,2026-06-25 03:10:56,2026-06-25,163.69,12.88,168.90,Paid,2026-06-25
INV-0000611,2026-000611,TXN-0000115,PH-005,CUS-04942,Personal,Sarah Davis,,Due on receipt,2026-06-24 21:43:35,2026-06-24,240.00,19.80,259.80,Cancelled,
INV-0000612,2026-000612,TXN-0001896,PH-004,CUS-04319,Personal,Emily Thomas,,Due on receipt,2026-06-25 20:09:55,2026-06-25,33.77,2.79,36.56,Paid,2026-06-25
INV-0000613,2026-000613,TXN-0004334,PH-003,CUS-01084,Personal,Daniel Lopez,,Due on receipt,2026-06-25 18:27:15,2026-06-25,376.68,30.68,402.59,Paid,2026-06-25
INV-0000614,2026-000614,TXN-0002339,PH-005,CUS-04222,Personal,Rachel White,,Due on receipt,2026-06-25 20:02:54,2026-06-25,95.88,7.92,103.80,Cancelled,
INV-0000615,2026-000615,TXN-0001253,PH-004,CUS-04043,Corporate,Fairfield Sports Academy,TAX-956072,Net 30,2026-06-25 12:27:31,2026-07-25,375.46,29.02,380.76,Paid,2026-06-30
INV-0000616,2026-000616,TXN-0000682,PH-004,CUS-03317,Personal,Kevin Anderson,,Due on receipt,2026-06-25 23:49:32,2026-06-25,242.22,17.93,235.10,Cancelled,
INV-0000617,2026-000617,TXN-0002249,PH-003,CUS-02610,Corporate,Fairfield Sports Academy,TAX-997326,Net 30,2026-06-26 08:22:47,2026-07-26,260.83,21.53,282.36,Overdue,
INV-0000618,2026-000618,TXN-0001770,PH-003,CUS-00987,Personal,Jennifer Miller,,Due on receipt,2026-06-26 17:41:41,2026-06-26,204.00,16.83,220.83,Paid,2026-06-26
INV-0000619,2026-000619,TXN-0002351,PH-005,CUS-02461,Corporate,Crestview Dental Partners,TAX-743418,Net 30,2026-06-26 11:43:06,2026-07-26,43.44,3.34,43.83,Paid,2026-07-15
INV-0000620,2026-000620,TXN-0003269,PH-004,CUS-00913,Personal,Brandon Moore,,Due on receipt,2026-06-26 18:57:48,2026-06-26,219.44,17.60,230.86,Paid,2026-06-26
INV-0000621,2026-000621,TXN-0004528,PH-001,CUS-01244,Corporate,Riverbend Community Clinic,TAX-506381,Net 30,2026-06-26 09:06:04,2026-07-26,56.42,4.65,61.07,Paid,2026-07-01
INV-0000622,2026-000622,TXN-0003416,PH-004,CUS-01991,Corporate,Pinehurst Hospitality Group,TAX-601974,Net 30,2026-06-27 01:37:52,2026-07-27,41.22,2.72,35.70,Paid,2026-07-17
INV-0000623,2026-000623,TXN-0004885,PH-003,CUS-00901,Corporate,Summit Home Health LLC,TAX-320740,Net 30,2026-06-26 22:07:50,2026-07-26,21.86,1.71,22.48,Paid,2026-07-12
INV-0000624,2026-000624,TXN-0002171,PH-001,CUS-04334,Personal,Liam Wilson,,Due on receipt,2026-06-27 08:34:43,2026-06-27,156.77,12.90,169.17,Paid,2026-06-27
INV-0000625,2026-000625,TXN-0004451,PH-005,CUS-03478,Personal,Olivia King,,Due on receipt,2026-06-27 02:52:48,2026-06-27,222.94,18.06,237.00,Paid,2026-06-27
INV-0000626,2026-000626,TXN-0002532,PH-004,CUS-00637,Corporate,Hartford Senior Living,TAX-164992,Net 30,2026-06-26 15:40:16,2026-07-26,223.31,12.80,167.96,Overdue,
INV-0000627,2026-000627,TXN-0002236,PH-001,CUS-03794,Corporate,Stonebridge Property Mgmt,TAX-873583,Net 30,2026-06-26 21:48:33,2026-07-26,96.37,7.95,104.32,Overdue,
INV-0000628,2026-000628,TXN-0003869,PH-003,CUS-01455,Corporate,Willow Creek Veterinary,TAX-800148,Net 30,2026-06-27 02:16:06,2026-07-27,140.07,11.56,151.63,Paid,2026-07-14
INV-0000629,2026-000629,TXN-0004495,PH-003,CUS-00988,Corporate,Cedar Ridge Assisted Living,TAX-351745,Net 30,2026-06-26 18:05:18,2026-07-26,241.09,18.87,247.68,Overdue,
INV-0000630,2026-000630,TXN-0001545,PH-001,CUS-00217,Corporate,Cedar Ridge Assisted Living,TAX-377067,Net 30,2026-06-26 14:24:05,2026-07-26,124.74,9.69,127.08,Paid,2026-07-01
INV-0000631,2026-000631,TXN-0001262,PH-003,CUS-01353,Personal,Michael Brown,,Due on receipt,2026-06-27 14:02:49,2026-06-27,62.16,5.00,65.62,Paid,2026-06-27
INV-0000632,2026-000632,TXN-0004244,PH-005,CUS-02027,Personal,Emily Martinez,,Due on receipt,2026-06-26 23:19:40,2026-06-26,87.21,7.20,94.41,Paid,2026-06-26
INV-0000633,2026-000633,TXN-0001098,PH-005,CUS-04776,Corporate,Crestview Dental Partners,TAX-735647,Net 30,2026-06-26 22:00:09,2026-07-26,170.59,14.07,184.66,Overdue,
INV-0000634,2026-000634,TXN-0000826,PH-001,CUS-04657,Corporate,Harborview Catering Co,TAX-894102,Net 30,2026-06-26 20:24:56,2026-07-26,128.98,10.64,139.62,Paid,2026-07-03
INV-0000635,2026-000635,TXN-0004484,PH-004,CUS-04879,Personal,Emily Nguyen,,Due on receipt,2026-06-27 11:31:14,2026-06-27,349.32,28.41,372.61,Paid,2026-06-27
INV-0000636,2026-000636,TXN-0004820,PH-004,CUS-01643,Personal,Jennifer Miller,,Due on receipt,2026-06-26 23:42:07,2026-06-26,291.11,24.02,315.13,Paid,2026-06-26
INV-0000637,2026-000637,TXN-0003862,PH-003,CUS-04977,Personal,Grace Wilson,,Due on receipt,2026-06-27 20:58:56,2026-06-27,205.69,16.69,218.95,Paid,2026-06-27
INV-0000638,2026-000638,TXN-0001687,PH-004,CUS-03619,Personal,Jennifer Wilson,,Due on receipt,2026-06-28 08:20:53,2026-06-28,282.68,22.80,299.17,Paid,2026-06-28
INV-0000639,2026-000639,TXN-0001137,PH-003,CUS-00910,Personal,Liam Anderson,,Due on receipt,2026-06-27 18:37:18,2026-06-27,242.16,19.39,254.53,Paid,2026-06-27
INV-0000640,2026-000640,TXN-0000698,PH-003,CUS-03475,Corporate,Cedar Ridge Assisted Living,TAX-364321,Net 30,2026-06-27 17:45:52,2026-07-27,301.48,23.80,312.33,Paid,2026-07-05
INV-0000641,2026-000641,TXN-0002510,PH-002,CUS-04034,Corporate,Cedar Ridge Assisted Living,TAX-346905,Net 30,2026-06-28 03:49:02,2026-07-28,267.32,21.71,284.75,Overdue,
INV-0000642,2026-000642,TXN-0003134,PH-004,CUS-02997,Personal,Marcus Lopez,,Due on receipt,2026-06-27 18:00:06,2026-06-27,259.20,20.52,269.16,Paid,2026-06-27
INV-0000643,2026-000643,TXN-0000304,PH-004,CUS-04609,Personal,David Chen,,Due on receipt,2026-06-28 19:57:16,2026-06-28,252.93,20.62,270.57,Paid,2026-06-28
INV-0000644,2026-000644,TXN-0003844,PH-001,CUS-03334,Corporate,Maple Valley School District,TAX-482599,Net 30,2026-06-28 04:24:34,2026-07-28,61.40,4.42,58.05,Paid,2026-07-10
INV-0000645,2026-000645,TXN-0004734,PH-003,CUS-00436,Corporate,Fairfield Sports Academy,TAX-987037,Net 30,2026-06-28 14:44:14,2026-07-28,160.12,13.17,172.71,Paid,2026-07-19
INV-0000646,2026-000646,TXN-0001534,PH-001,CUS-04525,Corporate,Cedar Ridge Assisted Living,TAX-379320,Net 30,2026-06-29 03:26:31,2026-07-29,38.38,3.11,40.84,Paid,2026-07-19
INV-0000647,2026-000647,TXN-0003373,PH-003,CUS-04398,Personal,Michael Hill,,Due on receipt,2026-06-28 20:59:15,2026-06-28,169.40,13.97,183.37,Paid,2026-06-28
INV-0000648,2026-000648,TXN-0000522,PH-001,CUS-03173,Personal,Mia Ross,,Due on receipt,2026-06-29 07:31:07,2026-06-29,104.76,8.65,113.41,Paid,2026-06-29
INV-0000649,2026-000649,TXN-0004527,PH-001,CUS-04897,Personal,Ava Moore,,Due on receipt,2026-06-29 03:42:48,2026-06-29,532.42,42.36,555.64,Paid,2026-06-29
INV-0000650,2026-000650,TXN-0000750,PH-003,CUS-02456,Personal,Laura Anderson,,Due on receipt,2026-06-29 01:07:19,2026-06-29,375.95,30.55,400.94,Paid,2026-06-29
INV-0000651,2026-000651,TXN-0000943,PH-003,CUS-00740,Personal,Sarah Ross,,Due on receipt,2026-06-29 10:22:10,2026-06-29,122.27,10.09,132.36,Paid,2026-06-29
INV-0000652,2026-000652,TXN-0000991,PH-001,CUS-04211,Corporate,Lakeside Medical Group,TAX-148709,Net 30,2026-06-29 11:14:51,2026-07-29,300.61,24.80,325.41,Paid,2026-07-05
INV-0000653,2026-000653,TXN-0001008,PH-001,CUS-04158,Personal,Sophia Jackson,,Due on receipt,2026-06-29 16:41:50,2026-06-29,186.00,15.13,198.41,Paid,2026-06-29
INV-0000654,2026-000654,TXN-0003175,PH-004,CUS-03395,Personal,Anthony Garcia,,Due on receipt,2026-06-29 15:31:18,2026-06-29,57.24,4.72,61.96,Paid,2026-06-29
INV-0000655,2026-000655,TXN-0004126,PH-004,CUS-04863,Personal,Robert Patel,,Due on receipt,2026-06-29 21:07:53,2026-06-29,35.24,2.91,38.15,Paid,2026-06-29
INV-0000656,2026-000656,TXN-0001726,PH-004,CUS-03395,Personal,Anthony Garcia,,Due on receipt,2026-06-30 09:49:12,2026-06-30,166.48,13.25,173.87,Paid,2026-06-30
INV-0000657,2026-000657,TXN-0002565,PH-004,CUS-00859,Personal,Sophia Lee,,Due on receipt,2026-06-30 05:44:28,2026-06-30,110.59,8.63,113.37,Paid,2026-06-30
INV-0000658,2026-000658,TXN-0003433,PH-003,CUS-01241,Personal,Robert Ross,,Due on receipt,2026-06-30 10:07:05,2026-06-30,129.36,10.40,136.54,Paid,2026-06-30
INV-0000659,2026-000659,TXN-0000500,PH-005,CUS-03502,Personal,David Brown,,Due on receipt,2026-06-30 13:24:21,2026-06-30,252.23,19.67,258.27,Paid,2026-06-30
INV-0000660,2026-000660,TXN-0000263,PH-005,CUS-00033,Corporate,Harborview Catering Co,TAX-938707,Net 30,2026-06-30 02:05:43,2026-07-30,50.05,4.13,54.18,Overdue,
INV-0000661,2026-000661,TXN-0000857,PH-005,CUS-00642,Personal,Marcus Smith,,Due on receipt,2026-06-30 04:37:47,2026-06-30,113.52,9.23,121.11,Paid,2026-06-30
INV-0000662,2026-000662,TXN-0002856,PH-002,CUS-03501,Personal,Noah King,,Due on receipt,2026-06-30 18:57:34,2026-06-30,322.48,22.47,294.88,Paid,2026-06-30
INV-0000663,2026-000663,TXN-0000735,PH-002,CUS-00367,Personal,Robert Chen,,Due on receipt,2026-06-30 10:18:38,2026-06-30,163.71,13.49,177.20,Paid,2026-06-30
INV-0000664,2026-000664,TXN-0001646,PH-005,CUS-00733,Personal,Jennifer Lee,,Due on receipt,2026-06-30 23:45:46,2026-06-30,45.74,3.77,49.51,Paid,2026-06-30
INV-0000665,2026-000665,TXN-0001502,PH-005,CUS-04484,Personal,Ava Anderson,,Due on receipt,2026-06-30 08:25:50,2026-06-30,144.07,10.86,142.54,Paid,2026-06-30
INV-0000666,2026-000666,TXN-0001783,PH-002,CUS-02324,Personal,Sarah Davis,,Due on receipt,2026-06-30 22:37:05,2026-06-30,242.62,19.74,258.85,Paid,2026-06-30
INV-0000667,2026-000667,TXN-0000622,PH-005,CUS-02763,Personal,Anthony Miller,,Due on receipt,2026-07-01 05:02:13,2026-07-01,342.28,28.03,367.83,Paid,2026-07-01
INV-0000668,2026-000668,TXN-0000246,PH-003,CUS-03578,Corporate,Fairfield Sports Academy,TAX-996406,Net 30,2026-06-30 11:50:18,2026-07-30,164.91,13.60,178.51,Paid,2026-07-06
INV-0000669,2026-000669,TXN-0004034,PH-004,CUS-00687,Corporate,Willow Creek Veterinary,TAX-814644,Net 30,2026-06-30 19:12:12,2026-07-30,111.29,9.19,120.48,Paid,2026-07-12
INV-0000670,2026-000670,TXN-0001820,PH-003,CUS-02444,Personal,Linda Anderson,,Due on receipt,2026-07-01 07:31:46,2026-07-01,405.24,32.84,430.99,Paid,2026-07-01
INV-0000671,2026-000671,TXN-0000778,PH-001,CUS-03760,Personal,Melissa Reed,,Due on receipt,2026-07-01 01:19:06,2026-07-01,180.99,14.94,195.93,Paid,2026-07-01
INV-0000672,2026-000672,TXN-0004779,PH-004,CUS-00700,Personal,Amanda Jackson,,Due on receipt,2026-07-01 15:34:28,2026-07-01,135.66,11.02,144.68,Paid,2026-07-01
INV-0000673,2026-000673,TXN-0003440,PH-004,CUS-00492,Personal,Sophia Wilson,,Due on receipt,2026-07-01 07:07:35,2026-07-01,485.68,39.77,521.81,Paid,2026-07-01
INV-0000674,2026-000674,TXN-0004110,PH-003,CUS-04605,Personal,Ethan Lopez,,Due on receipt,2026-07-01 04:07:48,2026-07-01,237.53,19.39,254.28,Paid,2026-07-01
INV-0000675,2026-000675,TXN-0001778,PH-004,CUS-00478,Corporate,Hartford Senior Living,TAX-175568,Net 30,2026-07-01 03:19:35,2026-07-31,310.64,25.63,336.27,Paid,2026-07-11
INV-0000676,2026-000676,TXN-0001295,PH-005,CUS-00227,Personal,Mia Patel,,Due on receipt,2026-07-01 08:37:16,2026-07-01,122.87,10.14,133.01,Paid,2026-07-01
INV-0000677,2026-000677,TXN-0000077,PH-002,CUS-04461,Personal,Jennifer Chen,,Due on receipt,2026-07-01 10:17:36,2026-07-01,257.83,21.16,277.50,Paid,2026-07-01
INV-0000678,2026-000678,TXN-0004887,PH-004,CUS-04959,Corporate,BrightPath Daycare Centers,TAX-221187,Net 30,2026-07-01 13:44:33,2026-07-31,135.03,11.14,146.17,Paid,2026-07-10
INV-0000679,2026-000679,TXN-0001569,PH-005,CUS-01074,Personal,Ava Miller,,Due on receipt,2026-07-01 19:21:59,2026-07-01,144.32,11.83,155.27,Paid,2026-07-01
INV-0000680,2026-000680,TXN-0003808,PH-003,CUS-03891,Corporate,Maple Valley School District,TAX-485599,Net 30,2026-07-02 06:51:25,2026-08-01,182.11,14.30,187.51,Cancelled,
INV-0000681,2026-000681,TXN-0004430,PH-005,CUS-00165,Personal,Laura Carter,,Due on receipt,2026-07-02 18:32:21,2026-07-02,182.96,14.96,196.24,Paid,2026-07-02
INV-0000682,2026-000682,TXN-0000415,PH-005,CUS-03657,Personal,Emily Smith,,Due on receipt,2026-07-02 11:19:28,2026-07-02,80.37,6.63,87.00,Paid,2026-07-02
INV-0000683,2026-000683,TXN-0002464,PH-001,CUS-04125,Personal,Liam King,,Due on receipt,2026-07-02 00:46:51,2026-07-02,34.43,2.84,37.27,Paid,2026-07-02
INV-0000684,2026-000684,TXN-0003573,PH-001,CUS-03513,Personal,Michael Kim,,Due on receipt,2026-07-03 06:21:36,2026-07-03,58.93,4.86,63.79,Paid,2026-07-03
INV-0000685,2026-000685,TXN-0002154,PH-003,CUS-00160,Personal,Rachel Lopez,,Due on receipt,2026-07-03 06:45:24,2026-07-03,212.08,16.99,222.98,Paid,2026-07-03
INV-0000686,2026-000686,TXN-0002793,PH-004,CUS-03486,Personal,Grace Garcia,,Due on receipt,2026-07-02 22:40:56,2026-07-02,30.23,2.49,32.72,Paid,2026-07-02
INV-0000687,2026-000687,TXN-0004247,PH-003,CUS-01177,Corporate,Riverbend Community Clinic,TAX-509252,Net 30,2026-07-02 23:15:12,2026-08-01,319.67,26.38,346.05,Paid,2026-07-15
INV-0000688,2026-000688,TXN-0001284,PH-002,CUS-04348,Corporate,Summit Home Health LLC,TAX-286212,Net 30,2026-07-02 18:13:48,2026-08-01,55.35,4.56,59.91,Paid,2026-07-08
INV-0000689,2026-000689,TXN-0000053,PH-001,CUS-03178,Personal,Olivia Davis,,Due on receipt,2026-07-02 21:38:07,2026-07-02,178.57,14.73,193.30,Paid,2026-07-02
INV-0000690,2026-000690,TXN-0001982,PH-003,CUS-02491,Corporate,Cedar Ridge Assisted Living,TAX-344514,Net 30,2026-07-02 20:43:47,2026-08-01,368.93,30.45,399.38,Paid,2026-07-08
INV-0000691,2026-000691,TXN-0002216,PH-004,CUS-04177,Corporate,Pinehurst Hospitality Group,TAX-600900,Net 30,2026-07-03 09:47:51,2026-08-02,380.45,30.55,400.97,Paid,2026-07-20
INV-0000692,2026-000692,TXN-0004276,PH-003,CUS-01013,Corporate,Bluebird Transit Services,TAX-677277,Net 30,2026-07-03 13:02:14,2026-08-02,112.30,8.46,111.07,Paid,2026-07-22
INV-0000693,2026-000693,TXN-0001977,PH-005,CUS-00346,Personal,Ethan Taylor,,Due on receipt,2026-07-03 15:42:18,2026-07-03,115.11,9.50,124.61,Paid,2026-07-03
INV-0000694,2026-000694,TXN-0000600,PH-001,CUS-03201,Personal,Daniel Garcia,,Due on receipt,2026-07-03 17:07:20,2026-07-03,150.41,12.41,162.82,Cancelled,
INV-0000695,2026-000695,TXN-0003308,PH-005,CUS-03057,Personal,Jessica Johnson,,Due on receipt,2026-07-03 14:59:18,2026-07-03,111.59,8.11,106.35,Paid,2026-07-03
INV-0000696,2026-000696,TXN-0003342,PH-005,CUS-02056,Personal,Amanda Tran,,Due on receipt,2026-07-03 12:38:21,2026-07-03,152.18,12.57,164.75,Paid,2026-07-03
INV-0000697,2026-000697,TXN-0002953,PH-003,CUS-03629,Personal,Amanda Lee,,Due on receipt,2026-07-04 08:00:34,2026-07-04,151.10,12.47,163.57,Paid,2026-07-04
INV-0000698,2026-000698,TXN-0002514,PH-002,CUS-01283,Corporate,Pinehurst Hospitality Group,TAX-564958,Net 30,2026-07-04 05:26:10,2026-08-03,227.55,18.76,246.31,Paid,2026-07-21
INV-0000699,2026-000699,TXN-0003096,PH-003,CUS-03497,Corporate,Lakeside Medical Group,TAX-126593,Net 30,2026-07-04 12:51:56,2026-08-03,85.73,7.07,92.80,Overdue,
INV-0000700,2026-000700,TXN-0004999,PH-001,CUS-01116,Personal,Olivia Lopez,,Due on receipt,2026-07-03 20:38:34,2026-07-03,115.26,9.03,118.53,Paid,2026-07-03
INV-0000701,2026-000701,TXN-0004364,PH-005,CUS-01215,Personal,Sarah Kim,,Due on receipt,2026-07-04 04:33:59,2026-07-04,50.36,4.15,54.51,Paid,2026-07-04
INV-0000702,2026-000702,TXN-0002632,PH-005,CUS-02933,Corporate,Harborview Catering Co,TAX-899989,Net 30,2026-07-03 22:54:03,2026-08-02,284.31,23.46,307.77,Paid,2026-07-10
INV-0000703,2026-000703,TXN-0001086,PH-005,CUS-03518,Personal,John Miller,,Due on receipt,2026-07-04 09:17:17,2026-07-04,173.02,14.28,187.30,Paid,2026-07-04
INV-0000704,2026-000704,TXN-0000840,PH-002,CUS-04597,Personal,Rachel Chen,,Due on receipt,2026-07-05 04:15:37,2026-07-05,147.24,11.34,148.76,Paid,2026-07-05
INV-0000705,2026-000705,TXN-0002582,PH-001,CUS-00735,Personal,Emily Smith,,Due on receipt,2026-07-04 22:12:19,2026-07-04,319.35,25.89,339.80,Paid,2026-07-04
INV-0000706,2026-000706,TXN-0000238,PH-003,CUS-01896,Personal,Emily Carter,,Due on receipt,2026-07-04 21:55:12,2026-07-04,231.67,17.43,228.76,Paid,2026-07-04
INV-0000707,2026-000707,TXN-0000076,PH-001,CUS-02590,Personal,Amanda Johnson,,Due on receipt,2026-07-05 01:20:39,2026-07-05,129.34,10.67,140.01,Paid,2026-07-05
INV-0000708,2026-000708,TXN-0001891,PH-001,CUS-02839,Personal,Jessica King,,Due on receipt,2026-07-04 16:31:42,2026-07-04,115.68,9.55,125.23,Paid,2026-07-04
INV-0000709,2026-000709,TXN-0003766,PH-004,CUS-03801,Corporate,Northgate Construction Co,TAX-432193,Net 30,2026-07-05 05:52:09,2026-08-04,515.53,42.26,554.42,Overdue,
INV-0000710,2026-000710,TXN-0004023,PH-002,CUS-03584,Personal,David King,,Due on receipt,2026-07-05 11:24:38,2026-07-05,230.57,19.02,249.59,Paid,2026-07-05
INV-0000711,2026-000711,TXN-0003871,PH-002,CUS-04324,Corporate,Northgate Construction Co,TAX-391392,Net 30,2026-07-04 21:52:18,2026-08-03,103.54,4.70,61.65,Paid,2026-07-11
INV-0000712,2026-000712,TXN-0003508,PH-003,CUS-02723,Personal,Mia Kim,,Due on receipt,2026-07-05 04:44:42,2026-07-05,331.30,25.71,337.25,Paid,2026-07-05
INV-0000713,2026-000713,TXN-0001245,PH-005,CUS-00544,Personal,Jennifer Taylor,,Due on receipt,2026-07-05 05:57:44,2026-07-05,79.97,6.60,86.57,Paid,2026-07-05
INV-0000714,2026-000714,TXN-0003486,PH-001,CUS-03599,Personal,Amanda Tran,,Due on receipt,2026-07-05 02:11:11,2026-07-05,274.02,21.92,287.59,Paid,2026-07-05
INV-0000715,2026-000715,TXN-0004583,PH-001,CUS-03062,Personal,Amanda Martinez,,Due on receipt,2026-07-05 02:42:15,2026-07-05,171.62,14.17,185.79,Paid,2026-07-05
INV-0000716,2026-000716,TXN-0004658,PH-001,CUS-03264,Corporate,Willow Creek Veterinary,TAX-825929,Net 30,2026-07-05 15:57:51,2026-08-04,319.55,26.17,343.25,Paid,2026-07-16
INV-0000717,2026-000717,TXN-0003789,PH-003,CUS-03704,Corporate,Maple Valley School District,TAX-476592,Net 30,2026-07-05 15:59:17,2026-08-04,91.08,7.32,95.95,Overdue,
INV-0000718,2026-000718,TXN-0004739,PH-002,CUS-00105,Personal,Sarah Garcia,,Due on receipt,2026-07-05 12:44:26,2026-07-05,402.38,33.19,435.57,Paid,2026-07-05
INV-0000719,2026-000719,TXN-0001150,PH-005,CUS-01999,Corporate,Lakeside Medical Group,TAX-102889,Net 30,2026-07-06 02:13:05,2026-08-05,245.90,20.30,266.20,Paid,2026-07-27
INV-0000720,2026-000720,TXN-0001567,PH-002,CUS-03453,Personal,Anthony Patel,,Due on receipt,2026-07-05 21:36:41,2026-07-05,44.12,3.42,44.84,Paid,2026-07-05
INV-0000721,2026-000721,TXN-0001821,PH-005,CUS-00109,Personal,Laura Smith,,Due on receipt,2026-07-06 00:47:01,2026-07-06,154.76,12.05,158.19,Paid,2026-07-06
INV-0000722,2026-000722,TXN-0003485,PH-001,CUS-04878,Personal,Laura Kim,,Due on receipt,2026-07-05 19:58:19,2026-07-05,133.07,10.98,144.05,Paid,2026-07-05
INV-0000723,2026-000723,TXN-0001965,PH-004,CUS-02489,Corporate,Crestview Dental Partners,TAX-763319,Net 30,2026-07-06 16:57:38,2026-08-05,182.52,15.06,197.58,Paid,2026-08-02
INV-0000724,2026-000724,TXN-0001763,PH-002,CUS-02091,Personal,David Miller,,Due on receipt,2026-07-06 03:34:34,2026-07-06,86.79,6.92,90.75,Paid,2026-07-06
INV-0000725,2026-000725,TXN-0004973,PH-005,CUS-01373,Personal,Marcus King,,Due on receipt,2026-07-06 17:46:27,2026-07-06,96.61,7.07,92.79,Paid,2026-07-06
INV-0000726,2026-000726,TXN-0000067,PH-003,CUS-02329,Personal,John Lee,,Due on receipt,2026-07-05 23:34:51,2026-07-05,285.21,23.53,308.74,Paid,2026-07-05
INV-0000727,2026-000727,TXN-0001123,PH-005,CUS-04145,Personal,Ethan Chen,,Due on receipt,2026-07-06 01:50:03,2026-07-06,148.00,12.21,160.21,Paid,2026-07-06
INV-0000728,2026-000728,TXN-0003060,PH-005,CUS-01688,Personal,Olivia Chen,,Due on receipt,2026-07-06 02:57:58,2026-07-06,253.77,20.22,265.27,Paid,2026-07-06
INV-0000729,2026-000729,TXN-0004173,PH-002,CUS-03764,Personal,Sarah Jackson,,Due on receipt,2026-07-06 10:28:38,2026-07-06,164.76,13.59,178.35,Paid,2026-07-06
INV-0000730,2026-000730,TXN-0001915,PH-003,CUS-02510,Corporate,BrightPath Daycare Centers,TAX-221543,Net 30,2026-07-06 20:38:17,2026-08-05,138.98,11.32,148.59,Paid,2026-07-21
INV-0000731,2026-000731,TXN-0003787,PH-003,CUS-02046,Corporate,Harborview Catering Co,TAX-887784,Net 30,2026-07-07 07:27:04,2026-08-06,107.76,8.89,116.65,Paid,2026-07-25
INV-0000732,2026-000732,TXN-0001927,PH-003,CUS-03413,Personal,Grace Miller,,Due on receipt,2026-07-06 18:26:51,2026-07-06,558.53,45.15,592.38,Paid,2026-07-06
INV-0000733,2026-000733,TXN-0003577,PH-002,CUS-04078,Corporate,Stonebridge Property Mgmt,TAX-847230,Net 30,2026-07-07 02:10:58,2026-08-06,84.68,5.42,71.10,Paid,2026-07-19
INV-0000734,2026-000734,TXN-0004986,PH-004,CUS-03922,Personal,Ava Carter,,Due on receipt,2026-07-07 04:39:51,2026-07-07,95.21,7.85,103.06,Paid,2026-07-07
INV-0000735,2026-000735,TXN-0001184,PH-005,CUS-02116,Personal,Sarah Jackson,,Due on receipt,2026-07-07 15:35:04,2026-07-07,251.40,18.40,241.46,Paid,2026-07-07
INV-0000736,2026-000736,TXN-0000994,PH-005,CUS-02074,Personal,Jennifer White,,Due on receipt,2026-07-07 00:19:48,2026-07-07,364.99,30.09,394.98,Paid,2026-07-07
INV-0000737,2026-000737,TXN-0002661,PH-002,CUS-01277,Personal,Kevin Patel,,Due on receipt,2026-07-07 17:42:56,2026-07-07,46.01,3.16,41.46,Paid,2026-07-07
INV-0000738,2026-000738,TXN-0000644,PH-005,CUS-02887,Personal,Linda Nguyen,,Due on receipt,2026-07-08 07:59:08,2026-07-08,192.94,15.59,204.73,Paid,2026-07-08
INV-0000739,2026-000739,TXN-0003119,PH-003,CUS-00778,Personal,Marcus Ross,,Due on receipt,2026-07-07 11:36:49,2026-07-07,136.99,11.29,148.28,Paid,2026-07-07
INV-0000740,2026-000740,TXN-0004486,PH-003,CUS-00931,Corporate,Harborview Catering Co,TAX-907223,Net 30,2026-07-07 12:13:15,2026-08-06,294.46,23.89,313.50,Paid,2026-07-12
INV-0000741,2026-000741,TXN-0004706,PH-004,CUS-03393,Personal,Michael Smith,,Due on receipt,2026-07-08 06:01:49,2026-07-08,86.89,7.17,94.06,Paid,2026-07-08
INV-0000742,2026-000742,TXN-0003270,PH-001,CUS-03937,Personal,Linda Jackson,,Due on receipt,2026-07-08 08:59:36,2026-07-08,244.46,20.00,262.41,Paid,2026-07-08
INV-0000743,2026-000743,TXN-0001996,PH-002,CUS-03117,Corporate,Harborview Catering Co,TAX-924654,Net 30,2026-07-07 22:37:45,2026-08-06,146.75,12.04,158.14,Paid,2026-07-15
INV-0000744,2026-000744,TXN-0001278,PH-005,CUS-02430,Personal,Marcus Thomas,,Due on receipt,2026-07-08 17:44:53,2026-07-08,253.75,20.46,268.51,Paid,2026-07-08
INV-0000745,2026-000745,TXN-0001494,PH-001,CUS-04342,Personal,Robert Taylor,,Due on receipt,2026-07-08 06:04:33,2026-07-08,324.55,26.26,344.50,Paid,2026-07-08
INV-0000746,2026-000746,TXN-0001637,PH-002,CUS-02967,Personal,Liam Davis,,Due on receipt,2026-07-08 01:46:49,2026-07-08,169.41,13.97,183.38,Paid,2026-07-08
INV-0000747,2026-000747,TXN-0001002,PH-003,CUS-01206,Corporate,Summit Home Health LLC,TAX-319082,Net 30,2026-07-08 16:09:45,2026-08-07,311.73,25.17,330.08,Overdue,
INV-0000748,2026-000748,TXN-0000955,PH-005,CUS-03856,Personal,Ava Carter,,Due on receipt,2026-07-08 18:27:36,2026-07-08,54.05,3.66,48.05,Paid,2026-07-08
INV-0000749,2026-000749,TXN-0003146,PH-001,CUS-02264,Personal,Jennifer Reed,,Due on receipt,2026-07-09 14:08:27,2026-07-09,75.48,6.22,81.70,Paid,2026-07-09
INV-0000750,2026-000750,TXN-0004085,PH-003,CUS-01314,Personal,Laura Anderson,,Due on receipt,2026-07-08 15:02:04,2026-07-08,72.98,6.03,79.01,Paid,2026-07-08
INV-0000751,2026-000751,TXN-0004811,PH-003,CUS-03929,Personal,Ava Reed,,Due on receipt,2026-07-09 05:55:58,2026-07-09,164.92,13.60,178.52,Paid,2026-07-09
INV-0000752,2026-000752,TXN-0003595,PH-001,CUS-04936,Corporate,Pinehurst Hospitality Group,TAX-569812,Net 30,2026-07-08 18:20:12,2026-08-07,49.73,3.92,51.40,Paid,2026-07-14
INV-0000753,2026-000753,TXN-0001870,PH-003,CUS-01217,Personal,Brandon Garcia,,Due on receipt,2026-07-09 03:37:30,2026-07-09,193.18,15.71,206.09,Paid,2026-07-09
INV-0000754,2026-000754,TXN-0000103,PH-003,CUS-00963,Corporate,Ironworks Manufacturing Inc,TAX-622767,Net 30,2026-07-08 22:43:49,2026-08-07,153.75,12.41,162.79,Paid,2026-07-15
INV-0000755,2026-000755,TXN-0001807,PH-003,CUS-00894,Corporate,BrightPath Daycare Centers,TAX-246454,Net 30,2026-07-09 12:52:03,2026-08-08,150.10,12.40,162.50,Overdue,
INV-0000756,2026-000756,TXN-0002098,PH-004,CUS-00517,Personal,Grace Jackson,,Due on receipt,2026-07-09 07:23:25,2026-07-09,451.65,34.24,449.33,Paid,2026-07-09
INV-0000757,2026-000757,TXN-0004681,PH-003,CUS-02596,Personal,Robert Lee,,Due on receipt,2026-07-09 17:40:25,2026-07-09,380.22,30.86,405.07,Paid,2026-07-09
INV-0000758,2026-000758,TXN-0001999,PH-001,CUS-04324,Personal,Laura Smith,,Due on receipt,2026-07-10 05:37:36,2026-07-10,36.44,3.00,39.44,Paid,2026-07-10
INV-0000759,2026-000759,TXN-0004981,PH-002,CUS-04085,Personal,Melissa Chen,,Due on receipt,2026-07-09 20:21:34,2026-07-09,151.13,12.47,163.60,Paid,2026-07-09
INV-0000760,2026-000760,TXN-0004526,PH-002,CUS-01420,Personal,Rachel Hill,,Due on receipt,2026-07-10 16:22:48,2026-07-10,143.19,10.94,143.54,Paid,2026-07-10
INV-0000761,2026-000761,TXN-0000273,PH-001,CUS-01091,Personal,Rachel White,,Due on receipt,2026-07-09 21:03:00,2026-07-09,181.53,14.70,192.80,Paid,2026-07-09
INV-0000762,2026-000762,TXN-0003851,PH-001,CUS-02986,Personal,Sarah Carter,,Due on receipt,2026-07-10 15:29:56,2026-07-10,127.73,10.54,138.27,Paid,2026-07-10
INV-0000763,2026-000763,TXN-0002413,PH-005,CUS-03340,Corporate,Cedar Ridge Assisted Living,TAX-376748,Net 30,2026-07-10 15:22:33,2026-08-09,159.18,13.13,172.31,Paid,2026-08-03
INV-0000764,2026-000764,TXN-0003788,PH-002,CUS-03766,Personal,John Tran,,Due on receipt,2026-07-10 14:20:51,2026-07-10,35.23,2.85,37.43,Paid,2026-07-10
INV-0000765,2026-000765,TXN-0002568,PH-002,CUS-00230,Corporate,BrightPath Daycare Centers,TAX-225914,Net 30,2026-07-10 15:31:03,2026-08-09,387.31,28.95,380.00,Paid,2026-07-19
INV-0000766,2026-000766,TXN-0000777,PH-005,CUS-00165,Personal,Laura Carter,,Due on receipt,2026-07-10 11:26:44,2026-07-10,191.50,15.30,200.72,Paid,2026-07-10
INV-0000767,2026-000767,TXN-0002181,PH-002,CUS-01104,Personal,Grace Taylor,,Due on receipt,2026-07-10 21:42:13,2026-07-10,189.32,14.86,194.95,Paid,2026-07-10
INV-0000768,2026-000768,TXN-0001558,PH-002,CUS-04237,Personal,Marcus Tran,,Due on receipt,2026-07-10 22:45:12,2026-07-10,193.90,16.00,209.90,Paid,2026-07-10
INV-0000769,2026-000769,TXN-0000106,PH-004,CUS-03288,Personal,Melissa Wilson,,Due on receipt,2026-07-11 09:52:17,2026-07-11,141.28,11.66,152.94,Cancelled,
INV-0000770,2026-000770,TXN-0004751,PH-003,CUS-03022,Personal,Melissa Hill,,Due on receipt,2026-07-10 22:17:57,2026-07-10,175.37,14.22,186.52,Paid,2026-07-10
INV-0000771,2026-000771,TXN-0003818,PH-003,CUS-04730,Personal,Linda Kim,,Due on receipt,2026-07-11 16:57:56,2026-07-11,188.89,15.58,204.47,Paid,2026-07-11
INV-0000772,2026-000772,TXN-0002686,PH-002,CUS-04365,Personal,Olivia Nguyen,,Due on receipt,2026-07-12 09:05:41,2026-07-12,464.67,37.93,497.60,Paid,2026-07-12
INV-0000773,2026-000773,TXN-0004762,PH-002,CUS-04697,Corporate,Hartford Senior Living,TAX-165080,Net 30,2026-07-11 11:33:16,2026-08-10,294.34,24.28,318.62,Overdue,
INV-0000774,2026-000774,TXN-0002467,PH-002,CUS-01691,Personal,Olivia Moore,,Due on receipt,2026-07-11 22:37:43,2026-07-11,84.45,6.83,89.61,Paid,2026-07-11
INV-0000775,2026-000775,TXN-0004709,PH-003,CUS-04313,Personal,John Anderson,,Due on receipt,2026-07-11 21:40:55,2026-07-11,139.03,11.47,150.50,Paid,2026-07-11
INV-0000776,2026-000776,TXN-0003637,PH-003,CUS-01538,Personal,John Kim,,Due on receipt,2026-07-11 13:52:51,2026-07-11,138.91,11.45,150.36,Paid,2026-07-11
INV-0000777,2026-000777,TXN-0003842,PH-001,CUS-00003,Personal,Robert Carter,,Due on receipt,2026-07-12 09:41:58,2026-07-12,113.92,9.39,123.31,Paid,2026-07-12
INV-0000778,2026-000778,TXN-0003995,PH-004,CUS-00952,Personal,Daniel Lopez,,Due on receipt,2026-07-11 20:15:40,2026-07-11,117.05,9.66,126.71,Paid,2026-07-11
INV-0000779,2026-000779,TXN-0004625,PH-003,CUS-04989,Personal,Ava King,,Due on receipt,2026-07-12 14:54:55,2026-07-12,180.00,14.34,188.06,Paid,2026-07-12
INV-0000780,2026-000780,TXN-0002404,PH-002,CUS-04380,Personal,Melissa Wilson,,Due on receipt,2026-07-12 10:04:10,2026-07-12,158.38,12.66,166.14,Paid,2026-07-12
INV-0000781,2026-000781,TXN-0001929,PH-005,CUS-01264,Corporate,Maple Valley School District,TAX-473691,Net 30,2026-07-12 01:13:37,2026-08-11,28.79,2.29,30.06,Paid,2026-07-22
INV-0000782,2026-000782,TXN-0002123,PH-001,CUS-00380,Personal,Sarah Martinez,,Due on receipt,2026-07-12 16:44:09,2026-07-12,77.63,6.41,84.04,Paid,2026-07-12
INV-0000783,2026-000783,TXN-0001789,PH-001,CUS-01983,Corporate,Riverbend Community Clinic,TAX-533821,Net 30,2026-07-12 10:08:37,2026-08-11,106.46,8.16,107.00,Paid,2026-07-17
INV-0000784,2026-000784,TXN-0002302,PH-002,CUS-02256,Personal,Marcus Davis,,Due on receipt,2026-07-12 12:41:46,2026-07-12,74.95,6.11,80.23,Cancelled,
INV-0000785,2026-000785,TXN-0003344,PH-005,CUS-01539,Personal,Rachel Garcia,,Due on receipt,2026-07-12 14:50:27,2026-07-12,132.36,10.92,143.28,Paid,2026-07-12
INV-0000786,2026-000786,TXN-0003811,PH-004,CUS-03306,Personal,Rachel Lee,,Due on receipt,2026-07-13 10:09:40,2026-07-13,431.92,35.32,463.25,Paid,2026-07-13
INV-0000787,2026-000787,TXN-0001161,PH-004,CUS-04681,Personal,Grace Johnson,,Due on receipt,2026-07-13 14:00:03,2026-07-13,71.30,5.88,77.18,Paid,2026-07-13
INV-0000788,2026-000788,TXN-0001085,PH-001,CUS-01545,Personal,Mia Johnson,,Due on receipt,2026-07-12 19:03:59,2026-07-12,149.91,11.99,157.34,Paid,2026-07-12
INV-0000789,2026-000789,TXN-0000704,PH-004,CUS-04518,Personal,Grace King,,Due on receipt,2026-07-13 09:42:49,2026-07-13,81.96,6.48,85.07,Paid,2026-07-13
INV-0000790,2026-000790,TXN-0001379,PH-005,CUS-01211,Personal,Michael Anderson,,Due on receipt,2026-07-13 12:24:13,2026-07-13,312.02,25.58,335.72,Paid,2026-07-13
INV-0000791,2026-000791,TXN-0002310,PH-001,CUS-04397,Personal,Marcus Miller,,Due on receipt,2026-07-13 17:20:22,2026-07-13,92.67,7.22,94.68,Paid,2026-07-13
INV-0000792,2026-000792,TXN-0002192,PH-002,CUS-04257,Personal,Noah Miller,,Due on receipt,2026-07-13 09:11:43,2026-07-13,131.31,10.84,142.15,Paid,2026-07-13
INV-0000793,2026-000793,TXN-0002459,PH-001,CUS-04067,Personal,Ava Nguyen,,Due on receipt,2026-07-14 01:47:58,2026-07-14,80.02,6.34,83.21,Paid,2026-07-14
INV-0000794,2026-000794,TXN-0004343,PH-002,CUS-00620,Corporate,Pinehurst Hospitality Group,TAX-570574,Net 30,2026-07-14 00:19:39,2026-08-13,114.52,9.44,123.96,Overdue,
INV-0000795,2026-000795,TXN-0004164,PH-002,CUS-01097,Personal,Daniel Brown,,Due on receipt,2026-07-14 05:15:37,2026-07-14,189.06,15.49,203.13,Paid,2026-07-14
INV-0000796,2026-000796,TXN-0003731,PH-001,CUS-04412,Personal,Anthony Wilson,,Due on receipt,2026-07-14 01:13:28,2026-07-14,133.45,11.01,144.46,Paid,2026-07-14
INV-0000797,2026-000797,TXN-0003821,PH-005,CUS-03609,Corporate,Lakeside Medical Group,TAX-100437,Net 30,2026-07-13 17:05:04,2026-08-12,59.46,4.75,62.40,Paid,2026-07-19
INV-0000798,2026-000798,TXN-0003672,PH-004,CUS-02248,Personal,Robert Chen,,Due on receipt,2026-07-14 12:47:55,2026-07-14,47.84,3.94,51.78,Paid,2026-07-14
INV-0000799,2026-000799,TXN-0002593,PH-003,CUS-04295,Personal,Jessica Jackson,,Due on receipt,2026-07-13 17:41:13,2026-07-13,123.11,10.04,131.88,Paid,2026-07-13
INV-0000800,2026-000800,TXN-0002994,PH-003,CUS-00666,Corporate,BrightPath Daycare Centers,TAX-213809,Net 30,2026-07-14 11:06:00,2026-08-13,58.49,4.83,63.32,Paid,2026-08-02
INV-0000801,2026-000801,TXN-0002605,PH-002,CUS-03846,Corporate,Maple Valley School District,TAX-468767,Net 30,2026-07-14 20:42:55,2026-08-13,221.38,17.06,223.79,Paid,2026-08-09
INV-0000802,2026-000802,TXN-0002448,PH-002,CUS-04647,Corporate,Cedar Ridge Assisted Living,TAX-344839,Net 30,2026-07-14 21:40:10,2026-08-13,217.58,17.95,235.53,Paid,2026-07-30
INV-0000803,2026-000803,TXN-0003630,PH-001,CUS-00956,Corporate,Summit Home Health LLC,TAX-299500,Net 30,2026-07-15 07:37:54,2026-08-14,119.24,9.83,129.07,Cancelled,
INV-0000804,2026-000804,TXN-0001797,PH-002,CUS-03372,Personal,David Brown,,Due on receipt,2026-07-14 19:57:32,2026-07-14,88.99,6.65,87.24,Paid,2026-07-14
INV-0000805,2026-000805,TXN-0001780,PH-001,CUS-01370,Personal,Linda Miller,,Due on receipt,2026-07-14 15:59:08,2026-07-14,176.43,13.83,181.50,Cancelled,
INV-0000806,2026-000806,TXN-0001451,PH-005,CUS-00531,Corporate,Crestview Dental Partners,TAX-765730,Net 30,2026-07-15 01:01:19,2026-08-14,156.89,12.94,169.83,Paid,2026-07-30
INV-0000807,2026-000807,TXN-0004815,PH-004,CUS-02826,Personal,Liam Davis,,Due on receipt,2026-07-15 14:19:43,2026-07-15,259.24,20.93,274.64,Paid,2026-07-15
INV-0000808,2026-000808,TXN-0003858,PH-005,CUS-03551,Corporate,Summit Home Health LLC,TAX-278379,Net 30,2026-07-15 01:31:02,2026-08-14,187.15,15.04,197.28,Paid,2026-07-29
INV-0000809,2026-000809,TXN-0000889,PH-005,CUS-04274,Personal,Jennifer Jackson,,Due on receipt,2026-07-15 17:49:25,2026-07-15,116.51,9.61,126.12,Paid,2026-07-15
INV-0000810,2026-000810,TXN-0001009,PH-005,CUS-03255,Corporate,Stonebridge Property Mgmt,TAX-841359,Net 30,2026-07-15 05:25:37,2026-08-14,92.22,7.61,99.83,Paid,2026-07-30
INV-0000811,2026-000811,TXN-0003276,PH-002,CUS-02650,Corporate,Fairfield Sports Academy,TAX-979816,Net 30,2026-07-15 19:03:50,2026-08-14,641.30,52.04,682.90,Paid,2026-08-11
INV-0000812,2026-000812,TXN-0001633,PH-001,CUS-03513,Personal,Michael Kim,,Due on receipt,2026-07-15 12:27:05,2026-07-15,183.17,14.64,192.02,Paid,2026-07-15
INV-0000813,2026-000813,TXN-0002403,PH-001,CUS-04389,Personal,Robert White,,Due on receipt,2026-07-15 19:39:19,2026-07-15,263.61,21.59,283.38,Paid,2026-07-15
INV-0000814,2026-000814,TXN-0002053,PH-002,CUS-02588,Personal,Anthony Hill,,Due on receipt,2026-07-15 18:20:19,2026-07-15,267.99,22.11,290.10,Paid,2026-07-15
INV-0000815,2026-000815,TXN-0002730,PH-005,CUS-03772,Personal,Grace Thomas,,Due on receipt,2026-07-15 15:57:53,2026-07-15,241.88,19.73,258.73,Paid,2026-07-15
INV-0000816,2026-000816,TXN-0001861,PH-001,CUS-02292,Personal,Olivia Nguyen,,Due on receipt,2026-07-16 07:50:29,2026-07-16,75.28,6.13,80.40,Paid,2026-07-16
INV-0000817,2026-000817,TXN-0004960,PH-004,CUS-03955,Corporate,Crestview Dental Partners,TAX-764052,Net 30,2026-07-16 00:08:49,2026-08-15,149.16,12.05,158.15,Paid,2026-07-31
INV-0000818,2026-000818,TXN-0002182,PH-002,CUS-00161,Personal,Amanda Ross,,Due on receipt,2026-07-16 08:38:04,2026-07-16,195.10,14.43,189.30,Paid,2026-07-16
INV-0000819,2026-000819,TXN-0000821,PH-003,CUS-01192,Personal,Jennifer Martinez,,Due on receipt,2026-07-15 21:44:54,2026-07-15,185.03,15.10,198.15,Paid,2026-07-15
INV-0000820,2026-000820,TXN-0001112,PH-005,CUS-01235,Corporate,Ironworks Manufacturing Inc,TAX-641275,Net 30,2026-07-16 02:22:12,2026-08-15,268.08,15.21,199.57,Paid,2026-07-28
INV-0000821,2026-000821,TXN-0001734,PH-002,CUS-04515,Personal,Jennifer Lopez,,Due on receipt,2026-07-15 21:31:15,2026-07-15,345.87,28.53,374.40,Paid,2026-07-15
INV-0000822,2026-000822,TXN-0004098,PH-002,CUS-01428,Personal,Sophia Brown,,Due on receipt,2026-07-16 17:23:55,2026-07-16,29.57,1.92,25.10,Paid,2026-07-16
INV-0000823,2026-000823,TXN-0003448,PH-002,CUS-03962,Personal,Laura Miller,,Due on receipt,2026-07-16 21:10:15,2026-07-16,177.41,14.53,190.64,Paid,2026-07-16
INV-0000824,2026-000824,TXN-0004652,PH-003,CUS-02319,Personal,Robert Patel,,Due on receipt,2026-07-17 06:54:20,2026-07-17,192.67,15.07,197.63,Paid,2026-07-17
INV-0000825,2026-000825,TXN-0004459,PH-003,CUS-01063,Personal,Olivia Ross,,Due on receipt,2026-07-16 11:58:21,2026-07-16,442.98,34.74,455.93,Paid,2026-07-16
INV-0000826,2026-000826,TXN-0000873,PH-001,CUS-01824,Personal,Rachel Ross,,Due on receipt,2026-07-16 23:19:31,2026-07-16,228.80,18.87,247.67,Paid,2026-07-16
INV-0000827,2026-000827,TXN-0004634,PH-005,CUS-00048,Personal,John Miller,,Due on receipt,2026-07-17 04:13:08,2026-07-17,219.32,18.10,237.42,Paid,2026-07-17
INV-0000828,2026-000828,TXN-0002190,PH-005,CUS-04715,Corporate,Harborview Catering Co,TAX-929702,Net 30,2026-07-16 19:10:51,2026-08-15,205.43,16.95,222.38,Paid,2026-07-25
INV-0000829,2026-000829,TXN-0002867,PH-002,CUS-03574,Corporate,Pinehurst Hospitality Group,TAX-597109,Net 30,2026-07-17 07:54:32,2026-08-16,584.64,47.53,623.64,Overdue,
INV-0000830,2026-000830,TXN-0002602,PH-005,CUS-01094,Personal,Robert Smith,,Due on receipt,2026-07-16 19:02:47,2026-07-16,144.92,11.97,156.89,Paid,2026-07-16
INV-0000831,2026-000831,TXN-0000334,PH-002,CUS-03854,Personal,Brandon Nguyen,,Due on receipt,2026-07-16 22:24:40,2026-07-16,135.25,11.03,144.61,Paid,2026-07-16
INV-0000832,2026-000832,TXN-0004770,PH-004,CUS-03986,Corporate,Hartford Senior Living,TAX-201624,Net 30,2026-07-17 18:08:08,2026-08-16,48.39,3.89,50.99,Paid,2026-07-30
INV-0000833,2026-000833,TXN-0001829,PH-001,CUS-02225,Corporate,Hartford Senior Living,TAX-202446,Net 30,2026-07-17 16:07:35,2026-08-16,321.98,26.42,346.73,Paid,2026-07-28
INV-0000834,2026-000834,TXN-0001826,PH-002,CUS-00193,Personal,Ethan Smith,,Due on receipt,2026-07-18 00:05:58,2026-07-18,73.59,5.47,71.79,Paid,2026-07-18
INV-0000835,2026-000835,TXN-0002511,PH-004,CUS-01578,Corporate,Fairfield Sports Academy,TAX-974505,Net 30,2026-07-18 06:46:32,2026-08-17,398.05,29.09,381.60,Paid,2026-08-11
INV-0000836,2026-000836,TXN-0004561,PH-001,CUS-00064,Personal,Marcus Carter,,Due on receipt,2026-07-18 05:44:05,2026-07-18,114.02,8.59,112.85,Paid,2026-07-18
INV-0000837,2026-000837,TXN-0000245,PH-003,CUS-02654,Corporate,Willow Creek Veterinary,TAX-805529,Net 30,2026-07-18 05:02:03,2026-08-17,579.78,47.84,627.62,Issued,
INV-0000838,2026-000838,TXN-0002702,PH-002,CUS-00932,Personal,Daniel Carter,,Due on receipt,2026-07-17 16:20:59,2026-07-17,47.02,3.88,50.90,Paid,2026-07-17
INV-0000839,2026-000839,TXN-0001842,PH-001,CUS-04339,Personal,Liam King,,Due on receipt,2026-07-18 00:38:18,2026-07-18,353.68,27.47,360.44,Paid,2026-07-18
INV-0000840,2026-000840,TXN-0004073,PH-003,CUS-02522,Personal,Michael Garcia,,Due on receipt,2026-07-18 06:24:22,2026-07-18,157.73,11.89,156.07,Paid,2026-07-18
INV-0000841,2026-000841,TXN-0003727,PH-004,CUS-02841,Personal,Linda Johnson,,Due on receipt,2026-07-18 08:10:04,2026-07-18,359.38,28.94,379.66,Paid,2026-07-18
INV-0000842,2026-000842,TXN-0004582,PH-004,CUS-02297,Personal,Kevin Reed,,Due on receipt,2026-07-18 07:07:11,2026-07-18,223.38,18.44,241.82,Paid,2026-07-18
INV-0000843,2026-000843,TXN-0004267,PH-002,CUS-03787,Personal,Brandon Ross,,Due on receipt,2026-07-18 17:51:30,2026-07-18,259.00,21.07,276.42,Paid,2026-07-18
INV-0000844,2026-000844,TXN-0002531,PH-005,CUS-02516,Personal,Marcus Tran,,Due on receipt,2026-07-18 17:21:44,2026-07-18,29.43,2.43,31.86,Paid,2026-07-18
INV-0000845,2026-000845,TXN-0004752,PH-005,CUS-00377,Corporate,Bluebird Transit Services,TAX-674440,Net 30,2026-07-19 00:12:08,2026-08-18,300.67,20.88,274.01,Paid,2026-08-05
INV-0000846,2026-000846,TXN-0002907,PH-003,CUS-02334,Corporate,Crestview Dental Partners,TAX-719892,Net 30,2026-07-18 18:32:14,2026-08-17,18.35,1.51,19.86,Issued,
INV-0000847,2026-000847,TXN-0000183,PH-001,CUS-01834,Corporate,Fairfield Sports Academy,TAX-946483,Net 30,2026-07-19 06:27:27,2026-08-18,148.36,12.24,160.60,Paid,2026-08-09
INV-0000848,2026-000848,TXN-0004802,PH-001,CUS-03310,Corporate,Willow Creek Veterinary,TAX-819987,Net 30,2026-07-18 17:43:35,2026-08-17,36.04,2.78,36.43,Cancelled,
INV-0000849,2026-000849,TXN-0004890,PH-001,CUS-00403,Personal,Ethan Tran,,Due on receipt,2026-07-19 03:56:59,2026-07-19,95.42,7.87,103.29,Cancelled,
INV-0000850,2026-000850,TXN-0002186,PH-002,CUS-01522,Corporate,Maple Valley School District,TAX-491034,Net 30,2026-07-19 12:03:49,2026-08-18,124.42,10.26,134.68,Issued,
INV-0000851,2026-000851,TXN-0002628,PH-005,CUS-03597,Personal,Kevin White,,Due on receipt,2026-07-19 08:17:46,2026-07-19,53.22,4.39,57.61,Paid,2026-07-19
INV-0000852,2026-000852,TXN-0001047,PH-005,CUS-00921,Personal,Jessica Anderson,,Due on receipt,2026-07-20 06:40:04,2026-07-20,150.38,12.32,161.68,Paid,2026-07-20
INV-0000853,2026-000853,TXN-0002210,PH-005,CUS-00522,Corporate,BrightPath Daycare Centers,TAX-236646,Net 30,2026-07-20 02:33:54,2026-08-19,108.93,8.98,117.91,Issued,
INV-0000854,2026-000854,TXN-0004682,PH-003,CUS-00810,Personal,Grace Smith,,Due on receipt,2026-07-20 03:42:45,2026-07-20,367.25,29.81,391.19,Paid,2026-07-20
INV-0000855,2026-000855,TXN-0002463,PH-001,CUS-03638,Corporate,BrightPath Daycare Centers,TAX-223374,Net 30,2026-07-19 16:59:17,2026-08-18,183.69,15.16,198.85,Issued,
INV-0000856,2026-000856,TXN-0000915,PH-005,CUS-03533,Corporate,Summit Home Health LLC,TAX-268860,Net 30,2026-07-19 23:18:35,2026-08-18,325.71,22.79,299.08,Paid,2026-08-03
INV-0000857,2026-000857,TXN-0001514,PH-001,CUS-03204,Personal,Sarah Smith,,Due on receipt,2026-07-19 21:20:40,2026-07-19,116.47,9.61,126.08,Paid,2026-07-19
INV-0000858,2026-000858,TXN-0001211,PH-003,CUS-03391,Corporate,Summit Home Health LLC,TAX-287963,Net 30,2026-07-20 03:01:10,2026-08-19,49.50,4.08,53.58,Issued,
INV-0000859,2026-000859,TXN-0000734,PH-005,CUS-00004,Personal,Anthony Lopez,,Due on receipt,2026-07-19 18:41:37,2026-07-19,301.21,24.27,318.50,Paid,2026-07-19
INV-0000860,2026-000860,TXN-0000079,PH-002,CUS-01373,Personal,Marcus King,,Due on receipt,2026-07-20 05:53:42,2026-07-20,123.73,10.21,133.94,Paid,2026-07-20
INV-0000861,2026-000861,TXN-0004597,PH-003,CUS-01998,Corporate,Fairfield Sports Academy,TAX-998002,Net 30,2026-07-20 08:29:39,2026-08-19,132.81,10.60,139.07,Issued,
INV-0000862,2026-000862,TXN-0001562,PH-001,CUS-03366,Personal,Linda Anderson,,Due on receipt,2026-07-20 04:51:48,2026-07-20,213.30,17.05,223.77,Paid,2026-07-20
INV-0000863,2026-000863,TXN-0002085,PH-001,CUS-00671,Corporate,Fairfield Sports Academy,TAX-965154,Net 30,2026-07-20 05:33:15,2026-08-19,206.32,17.02,223.34,Paid,2026-08-02
INV-0000864,2026-000864,TXN-0000977,PH-001,CUS-04346,Corporate,Hartford Senior Living,TAX-162979,Net 30,2026-07-19 22:53:50,2026-08-18,193.65,15.80,207.32,Paid,2026-07-25
INV-0000865,2026-000865,TXN-0000359,PH-004,CUS-00783,Corporate,Northgate Construction Co,TAX-431429,Net 30,2026-07-20 14:12:07,2026-08-19,154.17,12.73,166.90,Paid,2026-07-29
INV-0000866,2026-000866,TXN-0001190,PH-003,CUS-02301,Personal,Ethan Brown,,Due on receipt,2026-07-20 11:57:58,2026-07-20,462.38,38.15,500.53,Paid,2026-07-20
INV-0000867,2026-000867,TXN-0002773,PH-001,CUS-00890,Personal,Marcus King,,Due on receipt,2026-07-21 15:08:53,2026-07-21,33.63,2.58,33.86,Paid,2026-07-21
INV-0000868,2026-000868,TXN-0002821,PH-003,CUS-02275,Personal,Ethan Tran,,Due on receipt,2026-07-21 06:09:50,2026-07-21,86.10,7.11,93.21,Paid,2026-07-21
INV-0000869,2026-000869,TXN-0004530,PH-004,CUS-04417,Personal,Mia Garcia,,Due on receipt,2026-07-21 13:58:34,2026-07-21,127.30,10.11,132.72,Paid,2026-07-21
INV-0000870,2026-000870,TXN-0004987,PH-003,CUS-01244,Personal,Sarah Patel,,Due on receipt,2026-07-20 22:05:06,2026-07-20,113.06,9.18,120.33,Cancelled,
INV-0000871,2026-000871,TXN-0000463,PH-003,CUS-03935,Personal,Melissa Taylor,,Due on receipt,2026-07-21 17:18:49,2026-07-21,90.45,7.16,93.77,Paid,2026-07-21
INV-0000872,2026-000872,TXN-0001410,PH-003,CUS-04007,Corporate,Northgate Construction Co,TAX-414155,Net 30,2026-07-21 17:46:10,2026-08-20,480.17,36.85,483.53,Paid,2026-08-14
INV-0000873,2026-000873,TXN-0003164,PH-003,CUS-02120,Personal,Jennifer Kim,,Due on receipt,2026-07-21 03:07:43,2026-07-21,167.68,13.43,176.26,Paid,2026-07-21
INV-0000874,2026-000874,TXN-0000131,PH-004,CUS-00838,Personal,Noah Johnson,,Due on receipt,2026-07-22 03:29:06,2026-07-22,322.02,25.04,328.50,Paid,2026-07-22
INV-0000875,2026-000875,TXN-0001938,PH-002,CUS-03076,Personal,Laura Jackson,,Due on receipt,2026-07-21 22:54:34,2026-07-21,190.84,15.49,203.24,Paid,2026-07-21
INV-0000876,2026-000876,TXN-0002887,PH-001,CUS-02488,Personal,Grace Jackson,,Due on receipt,2026-07-21 20:02:52,2026-07-21,202.92,16.73,219.65,Paid,2026-07-21
INV-0000877,2026-000877,TXN-0004715,PH-004,CUS-02910,Personal,Sophia Martinez,,Due on receipt,2026-07-22 08:34:16,2026-07-22,53.25,4.39,57.64,Paid,2026-07-22
INV-0000878,2026-000878,TXN-0000014,PH-002,CUS-01260,Corporate,Summit Home Health LLC,TAX-276779,Net 30,2026-07-21 21:39:14,2026-08-20,343.65,27.08,355.32,Paid,2026-08-02
INV-0000879,2026-000879,TXN-0004017,PH-003,CUS-00658,Corporate,Stonebridge Property Mgmt,TAX-860380,Net 30,2026-07-22 05:07:16,2026-08-21,75.69,6.08,79.82,Paid,2026-08-08
INV-0000880,2026-000880,TXN-0002728,PH-001,CUS-03150,Corporate,Harborview Catering Co,TAX-900637,Net 30,2026-07-22 03:51:06,2026-08-21,198.04,15.71,206.01,Issued,
INV-0000881,2026-000881,TXN-0002606,PH-004,CUS-01095,Corporate,Harborview Catering Co,TAX-919839,Net 30,2026-07-22 03:57:12,2026-08-21,48.23,3.58,46.99,Issued,
INV-0000882,2026-000882,TXN-0003538,PH-003,CUS-03384,Personal,David Nguyen,,Due on receipt,2026-07-22 12:41:49,2026-07-22,68.09,5.62,73.71,Paid,2026-07-22
INV-0000883,2026-000883,TXN-0003786,PH-001,CUS-03977,Personal,Robert Patel,,Due on receipt,2026-07-22 02:33:04,2026-07-22,45.00,3.71,48.71,Paid,2026-07-22
INV-0000884,2026-000884,TXN-0004114,PH-001,CUS-03764,Personal,Sarah Jackson,,Due on receipt,2026-07-22 19:44:38,2026-07-22,216.79,17.36,227.86,Paid,2026-07-22
INV-0000885,2026-000885,TXN-0000009,PH-001,CUS-04207,Personal,Emily Reed,,Due on receipt,2026-07-23 03:33:47,2026-07-23,86.81,6.78,88.98,Paid,2026-07-23
INV-0000886,2026-000886,TXN-0004902,PH-005,CUS-01435,Personal,Michael Garcia,,Due on receipt,2026-07-22 09:26:40,2026-07-22,222.14,18.33,240.47,Paid,2026-07-22
INV-0000887,2026-000887,TXN-0000844,PH-003,CUS-00784,Personal,Laura Davis,,Due on receipt,2026-07-23 06:49:41,2026-07-23,96.65,7.94,104.15,Paid,2026-07-23
INV-0000888,2026-000888,TXN-0003651,PH-003,CUS-02024,Corporate,Pinehurst Hospitality Group,TAX-572601,Net 30,2026-07-22 23:24:36,2026-08-21,88.38,6.96,91.26,Issued,
INV-0000889,2026-000889,TXN-0003281,PH-002,CUS-02125,Corporate,Crestview Dental Partners,TAX-730666,Net 30,2026-07-23 04:27:59,2026-08-22,103.37,8.18,107.39,Paid,2026-08-06
INV-0000890,2026-000890,TXN-0001593,PH-003,CUS-00341,Personal,David Brown,,Due on receipt,2026-07-23 02:19:47,2026-07-23,189.09,15.60,204.69,Paid,2026-07-23
INV-0000891,2026-000891,TXN-0000352,PH-003,CUS-04574,Corporate,Fairfield Sports Academy,TAX-973802,Net 30,2026-07-23 07:49:13,2026-08-22,81.68,6.74,88.42,Paid,2026-08-07
INV-0000892,2026-000892,TXN-0001730,PH-001,CUS-00274,Personal,Ethan Smith,,Due on receipt,2026-07-22 22:03:18,2026-07-22,78.71,6.05,79.30,Paid,2026-07-22
INV-0000893,2026-000893,TXN-0000082,PH-005,CUS-02339,Personal,John Lopez,,Due on receipt,2026-07-23 20:17:25,2026-07-23,511.66,39.72,521.11,Paid,2026-07-23
INV-0000894,2026-000894,TXN-0001302,PH-003,CUS-00513,Personal,Michael Smith,,Due on receipt,2026-07-24 18:42:06,2026-07-24,267.39,20.69,271.36,Paid,2026-07-24
INV-0000895,2026-000895,TXN-0002040,PH-002,CUS-01951,Personal,Grace Wilson,,Due on receipt,2026-07-24 06:30:25,2026-07-24,137.93,9.38,123.02,Paid,2026-07-24
INV-0000896,2026-000896,TXN-0001671,PH-005,CUS-03355,Personal,Jennifer Patel,,Due on receipt,2026-07-24 22:20:02,2026-07-24,215.07,17.19,225.59,Paid,2026-07-24
INV-0000897,2026-000897,TXN-0003488,PH-005,CUS-02297,Corporate,Ironworks Manufacturing Inc,TAX-649985,Net 30,2026-07-25 10:50:20,2026-08-24,128.65,10.55,138.46,Issued,
INV-0000898,2026-000898,TXN-0001452,PH-001,CUS-02834,Corporate,Fairfield Sports Academy,TAX-968149,Net 30,2026-07-25 03:05:47,2026-08-24,208.06,17.16,225.22,Paid,2026-08-12
INV-0000899,2026-000899,TXN-0002469,PH-001,CUS-02630,Personal,Jennifer Taylor,,Due on receipt,2026-07-24 20:26:27,2026-07-24,268.73,22.17,290.90,Cancelled,
INV-0000900,2026-000900,TXN-0004116,PH-005,CUS-03201,Corporate,Maple Valley School District,TAX-457510,Net 30,2026-07-25 12:04:35,2026-08-24,367.65,30.33,397.98,Paid,2026-08-16
INV-0000901,2026-000901,TXN-0001731,PH-005,CUS-01217,Corporate,BrightPath Daycare Centers,TAX-262274,Net 30,2026-07-25 04:29:28,2026-08-24,22.63,1.77,23.27,Paid,2026-08-10
INV-0000902,2026-000902,TXN-0001664,PH-002,CUS-00837,Personal,Daniel Ross,,Due on receipt,2026-07-25 03:20:15,2026-07-25,159.30,9.99,131.09,Paid,2026-07-25
INV-0000903,2026-000903,TXN-0000639,PH-004,CUS-02372,Personal,Olivia White,,Due on receipt,2026-07-25 02:13:36,2026-07-25,353.73,28.63,375.69,Paid,2026-07-25
INV-0000904,2026-000904,TXN-0001901,PH-005,CUS-00400,Personal,Laura Kim,,Due on receipt,2026-07-25 05:32:19,2026-07-25,258.10,19.71,258.68,Paid,2026-07-25
INV-0000905,2026-000905,TXN-0002982,PH-004,CUS-00191,Personal,Emily Ross,,Due on receipt,2026-07-26 07:46:47,2026-07-26,217.17,15.90,208.68,Paid,2026-07-26
INV-0000906,2026-000906,TXN-0003524,PH-002,CUS-00338,Corporate,Stonebridge Property Mgmt,TAX-858186,Net 30,2026-07-25 16:28:01,2026-08-24,396.79,31.45,412.58,Paid,2026-08-02
INV-0000907,2026-000907,TXN-0002032,PH-004,CUS-04225,Personal,Robert Nguyen,,Due on receipt,2026-07-25 23:49:52,2026-07-25,126.23,10.28,134.84,Paid,2026-07-25
INV-0000908,2026-000908,TXN-0003412,PH-001,CUS-00622,Personal,Ava Lee,,Due on receipt,2026-07-26 04:35:32,2026-07-26,126.79,10.45,137.15,Paid,2026-07-26
INV-0000909,2026-000909,TXN-0002920,PH-003,CUS-02129,Corporate,Riverbend Community Clinic,TAX-495362,Net 30,2026-07-26 00:26:41,2026-08-25,15.36,1.27,16.63,Paid,2026-08-08
INV-0000910,2026-000910,TXN-0003628,PH-003,CUS-04475,Corporate,Summit Home Health LLC,TAX-319527,Net 30,2026-07-26 00:27:28,2026-08-25,330.70,27.29,357.99,Paid,2026-08-07
INV-0000911,2026-000911,TXN-0002747,PH-005,CUS-00544,Personal,Jennifer Taylor,,Due on receipt,2026-07-26 12:40:21,2026-07-26,151.89,12.01,157.60,Paid,2026-07-26
INV-0000912,2026-000912,TXN-0004454,PH-004,CUS-00534,Corporate,Crestview Dental Partners,TAX-767743,Net 30,2026-07-26 04:14:08,2026-08-25,165.06,13.44,176.37,Paid,2026-08-08
INV-0000913,2026-000913,TXN-0004039,PH-003,CUS-02944,Personal,Linda Johnson,,Due on receipt,2026-07-25 23:35:32,2026-07-25,135.39,10.33,135.57,Paid,2026-07-25
INV-0000914,2026-000914,TXN-0004113,PH-003,CUS-00761,Corporate,Bluebird Transit Services,TAX-676960,Net 30,2026-07-26 17:53:52,2026-08-25,48.18,3.98,52.16,Paid,2026-08-16
INV-0000915,2026-000915,TXN-0002255,PH-001,CUS-02327,Personal,Ethan Chen,,Due on receipt,2026-07-26 10:14:30,2026-07-26,196.52,15.52,203.50,Paid,2026-07-26
INV-0000916,2026-000916,TXN-0000288,PH-002,CUS-02868,Personal,Robert Miller,,Due on receipt,2026-07-26 16:54:17,2026-07-26,339.71,25.47,334.15,Paid,2026-07-26
INV-0000917,2026-000917,TXN-0004834,PH-004,CUS-02067,Personal,Noah Tran,,Due on receipt,2026-07-26 14:10:34,2026-07-26,88.49,7.30,95.79,Paid,2026-07-26
INV-0000918,2026-000918,TXN-0002199,PH-002,CUS-01385,Personal,Amanda Garcia,,Due on receipt,2026-07-26 15:00:39,2026-07-26,361.64,29.13,382.17,Paid,2026-07-26
INV-0000919,2026-000919,TXN-0001062,PH-003,CUS-04391,Personal,Rachel Kim,,Due on receipt,2026-07-27 09:35:03,2026-07-27,39.57,2.93,38.44,Paid,2026-07-27
INV-0000920,2026-000920,TXN-0004389,PH-002,CUS-02400,Personal,Rachel Moore,,Due on receipt,2026-07-27 13:25:01,2026-07-27,91.37,7.38,96.78,Paid,2026-07-27
INV-0000921,2026-000921,TXN-0001919,PH-002,CUS-02046,Corporate,Fairfield Sports Academy,TAX-952014,Net 30,2026-07-27 16:35:37,2026-08-26,277.66,22.90,300.56,Paid,2026-08-16
INV-0000922,2026-000922,TXN-0004042,PH-003,CUS-01503,Personal,Melissa Anderson,,Due on receipt,2026-07-27 09:13:11,2026-07-27,31.56,2.60,34.16,Paid,2026-07-27
INV-0000923,2026-000923,TXN-0004843,PH-002,CUS-02966,Personal,Grace Miller,,Due on receipt,2026-07-27 20:12:36,2026-07-27,279.40,22.43,294.27,Paid,2026-07-27
INV-0000924,2026-000924,TXN-0002710,PH-004,CUS-02967,Personal,Liam Davis,,Due on receipt,2026-07-28 06:57:15,2026-07-28,146.59,11.55,151.51,Paid,2026-07-28
INV-0000925,2026-000925,TXN-0002074,PH-005,CUS-01083,Personal,Daniel Brown,,Due on receipt,2026-07-27 10:21:16,2026-07-27,228.79,18.88,247.67,Paid,2026-07-27
INV-0000926,2026-000926,TXN-0004581,PH-002,CUS-02538,Corporate,Stonebridge Property Mgmt,TAX-884670,Net 30,2026-07-27 23:22:18,2026-08-26,171.24,14.09,184.99,Issued,
INV-0000927,2026-000927,TXN-0001585,PH-004,CUS-03366,Personal,Linda Anderson,,Due on receipt,2026-07-27 21:10:11,2026-07-27,215.45,17.78,233.23,Paid,2026-07-27
INV-0000928,2026-000928,TXN-0004841,PH-003,CUS-04122,Corporate,Northgate Construction Co,TAX-421196,Net 30,2026-07-27 18:36:18,2026-08-26,357.97,25.47,334.19,Paid,2026-08-02
INV-0000929,2026-000929,TXN-0000990,PH-001,CUS-04240,Corporate,Pinehurst Hospitality Group,TAX-594556,Net 30,2026-07-27 19:24:15,2026-08-26,66.72,5.29,69.41,Paid,2026-08-03
INV-0000930,2026-000930,TXN-0001457,PH-005,CUS-02213,Personal,Jennifer White,,Due on receipt,2026-07-28 08:40:21,2026-07-28,41.10,3.35,43.95,Paid,2026-07-28
INV-0000931,2026-000931,TXN-0001536,PH-002,CUS-01475,Personal,Rachel Tran,,Due on receipt,2026-07-28 08:26:48,2026-07-28,102.28,8.35,109.66,Paid,2026-07-28
INV-0000932,2026-000932,TXN-0002748,PH-004,CUS-01379,Personal,Liam Jackson,,Due on receipt,2026-07-27 18:34:38,2026-07-27,645.11,51.71,678.45,Paid,2026-07-27
INV-0000933,2026-000933,TXN-0002393,PH-003,CUS-01458,Corporate,Bluebird Transit Services,TAX-675920,Net 30,2026-07-28 15:16:16,2026-08-27,590.18,47.63,624.95,Paid,2026-08-16
INV-0000934,2026-000934,TXN-0002134,PH-001,CUS-03442,Personal,Sarah Lee,,Due on receipt,2026-07-28 06:33:26,2026-07-28,187.34,15.07,197.81,Paid,2026-07-28
INV-0000935,2026-000935,TXN-0003401,PH-002,CUS-03267,Personal,Grace Nguyen,,Due on receipt,2026-07-28 16:20:09,2026-07-28,347.25,27.52,361.17,Paid,2026-07-28
INV-0000936,2026-000936,TXN-0002780,PH-002,CUS-00923,Corporate,Crestview Dental Partners,TAX-769359,Net 30,2026-07-29 01:27:48,2026-08-28,413.56,32.72,429.39,Paid,2026-08-16
INV-0000937,2026-000937,TXN-0004321,PH-001,CUS-01581,Personal,Liam Martinez,,Due on receipt,2026-07-29 06:05:41,2026-07-29,219.52,17.90,234.93,Paid,2026-07-29
INV-0000938,2026-000938,TXN-0004573,PH-001,CUS-01277,Personal,Kevin Patel,,Due on receipt,2026-07-28 18:29:10,2026-07-28,81.47,6.73,88.20,Paid,2026-07-28
INV-0000939,2026-000939,TXN-0003933,PH-005,CUS-04282,Corporate,Stonebridge Property Mgmt,TAX-842249,Net 30,2026-07-28 14:15:30,2026-08-27,252.70,20.21,265.26,Issued,
INV-0000940,2026-000940,TXN-0003181,PH-004,CUS-02433,Personal,Amanda Martinez,,Due on receipt,2026-07-28 21:51:27,2026-07-28,212.29,17.20,225.71,Paid,2026-07-28
INV-0000941,2026-000941,TXN-0000845,PH-003,CUS-02292,Personal,Olivia Nguyen,,Due on receipt,2026-07-29 10:01:30,2026-07-29,65.40,5.40,70.80,Paid,2026-07-29
INV-0000942,2026-000942,TXN-0001790,PH-001,CUS-01947,Personal,Jennifer Lopez,,Due on receipt,2026-07-29 04:40:57,2026-07-29,222.70,18.08,237.22,Paid,2026-07-29
INV-0000943,2026-000943,TXN-0002639,PH-001,CUS-00728,Personal,Laura Chen,,Due on receipt,2026-07-29 02:59:35,2026-07-29,485.20,34.03,446.36,Paid,2026-07-29
INV-0000944,2026-000944,TXN-0002548,PH-003,CUS-04674,Personal,Jennifer Patel,,Due on receipt,2026-07-29 09:20:01,2026-07-29,278.86,20.83,273.32,Paid,2026-07-29
INV-0000945,2026-000945,TXN-0003105,PH-003,CUS-04181,Personal,Marcus Hill,,Due on receipt,2026-07-30 02:45:53,2026-07-30,321.41,26.52,347.93,Paid,2026-07-30
INV-0000946,2026-000946,TXN-0000025,PH-002,CUS-02922,Corporate,BrightPath Daycare Centers,TAX-224897,Net 30,2026-07-29 15:37:47,2026-08-28,208.59,17.21,225.80,Paid,2026-08-09
INV-0000947,2026-000947,TXN-0004376,PH-002,CUS-02550,Corporate,Hartford Senior Living,TAX-195146,Net 30,2026-07-29 21:10:05,2026-08-28,396.82,30.81,404.08,Paid,2026-08-08
INV-0000948,2026-000948,TXN-0000763,PH-005,CUS-04011,Personal,Grace Anderson,,Due on receipt,2026-07-30 12:14:05,2026-07-30,165.33,13.00,170.52,Paid,2026-07-30
INV-0000949,2026-000949,TXN-0000058,PH-001,CUS-00317,Corporate,Stonebridge Property Mgmt,TAX-850543,Net 30,2026-07-29 22:12:36,2026-08-28,242.44,20.01,262.45,Paid,2026-08-06
INV-0000950,2026-000950,TXN-0000110,PH-004,CUS-00300,Corporate,Maple Valley School District,TAX-488065,Net 30,2026-07-30 09:40:22,2026-08-29,317.57,25.51,334.60,Paid,2026-08-16
INV-0000951,2026-000951,TXN-0002036,PH-003,CUS-02232,Personal,Liam Smith,,Due on receipt,2026-07-29 21:09:38,2026-07-29,93.32,7.70,101.02,Paid,2026-07-29
INV-0000952,2026-000952,TXN-0001309,PH-002,CUS-02834,Personal,Liam Lopez,,Due on receipt,2026-07-30 21:37:11,2026-07-30,93.00,7.42,97.37,Paid,2026-07-30
INV-0000953,2026-000953,TXN-0003828,PH-002,CUS-01971,Personal,Michael Garcia,,Due on receipt,2026-07-31 07:32:19,2026-07-31,206.51,16.86,221.14,Paid,2026-07-31
INV-0000954,2026-000954,TXN-0002802,PH-003,CUS-00747,Personal,John Lopez,,Due on receipt,2026-07-30 23:55:53,2026-07-30,238.42,18.46,242.31,Paid,2026-07-30
INV-0000955,2026-000955,TXN-0004838,PH-005,CUS-04537,Corporate,Hartford Senior Living,TAX-160323,Net 30,2026-07-30 18:35:33,2026-08-29,154.04,12.47,163.60,Paid,2026-08-11
INV-0000956,2026-000956,TXN-0002621,PH-003,CUS-03773,Personal,Emily Ross,,Due on receipt,2026-07-30 17:25:47,2026-07-30,176.69,14.58,191.27,Paid,2026-07-30
INV-0000957,2026-000957,TXN-0001352,PH-002,CUS-03184,Personal,Brandon Davis,,Due on receipt,2026-07-31 06:34:32,2026-07-31,49.17,3.99,52.43,Cancelled,
INV-0000958,2026-000958,TXN-0002097,PH-005,CUS-01889,Personal,Brandon White,,Due on receipt,2026-07-30 16:14:26,2026-07-30,135.64,9.75,127.87,Paid,2026-07-30
INV-0000959,2026-000959,TXN-0004871,PH-005,CUS-02080,Personal,Amanda Anderson,,Due on receipt,2026-07-31 10:58:06,2026-07-31,291.65,24.03,315.35,Paid,2026-07-31
INV-0000960,2026-000960,TXN-0002678,PH-003,CUS-04968,Corporate,Ironworks Manufacturing Inc,TAX-613748,Net 30,2026-07-31 12:30:31,2026-08-30,217.83,17.98,235.81,Paid,2026-08-16
INV-0000961,2026-000961,TXN-0000194,PH-005,CUS-04996,Corporate,Crestview Dental Partners,TAX-733565,Net 30,2026-07-31 15:15:12,2026-08-30,158.36,13.06,171.42,Issued,
INV-0000962,2026-000962,TXN-0004934,PH-002,CUS-03592,Personal,Mia Hill,,Due on receipt,2026-07-31 10:51:57,2026-07-31,119.90,9.90,129.80,Paid,2026-07-31
INV-0000963,2026-000963,TXN-0000936,PH-003,CUS-04643,Personal,Brandon Thomas,,Due on receipt,2026-08-01 10:52:02,2026-08-01,372.46,28.91,379.32,Paid,2026-08-01
INV-0000964,2026-000964,TXN-0003792,PH-004,CUS-00321,Personal,Liam Thomas,,Due on receipt,2026-08-01 14:01:26,2026-08-01,208.64,17.03,223.40,Paid,2026-08-01
INV-0000965,2026-000965,TXN-0002630,PH-003,CUS-04439,Personal,Michael Hill,,Due on receipt,2026-07-31 14:37:58,2026-07-31,208.36,17.15,224.97,Paid,2026-07-31
INV-0000966,2026-000966,TXN-0004778,PH-005,CUS-01667,Personal,Robert Thomas,,Due on receipt,2026-07-31 23:07:59,2026-07-31,81.93,6.77,88.70,Paid,2026-07-31
INV-0000967,2026-000967,TXN-0004319,PH-003,CUS-02065,Personal,Robert Patel,,Due on receipt,2026-07-31 21:58:07,2026-07-31,22.85,1.89,24.74,Paid,2026-07-31
INV-0000968,2026-000968,TXN-0000503,PH-003,CUS-04252,Personal,Kevin Tran,,Due on receipt,2026-08-01 10:00:11,2026-08-01,349.02,28.42,372.95,Paid,2026-08-01
INV-0000969,2026-000969,TXN-0000975,PH-004,CUS-01452,Personal,Robert White,,Due on receipt,2026-07-31 22:17:26,2026-07-31,215.78,17.80,233.58,Paid,2026-07-31
INV-0000970,2026-000970,TXN-0001782,PH-001,CUS-01693,Personal,Liam King,,Due on receipt,2026-08-01 17:50:14,2026-08-01,112.52,8.70,114.11,Paid,2026-08-01
INV-0000971,2026-000971,TXN-0003476,PH-004,CUS-04935,Corporate,Summit Home Health LLC,TAX-285262,Net 30,2026-08-01 02:27:49,2026-08-31,258.20,20.02,262.64,Issued,
INV-0000972,2026-000972,TXN-0004615,PH-005,CUS-04728,Personal,Mia Miller,,Due on receipt,2026-08-01 15:32:03,2026-08-01,270.10,20.50,268.95,Paid,2026-08-01
