payment_id,transaction_id,payment_method,amount,payment_datetime,status
PAY-00000001,TXN-0000001,Credit Card,310.99,2026-06-13 20:19:10,Approved
PAY-00000002,TXN-0000002,Credit Card,49.28,2026-05-30 10:28:32,Approved
PAY-00000003,TXN-0000003,Debit Card,334.87,2026-05-13 14:39:31,Approved
PAY-00000004,TXN-0000004,Credit Card,262.31,2026-06-02 15:12:15,Approved
PAY-00000005,TXN-0000005,Credit Card,304.77,2026-07-22 10:09:18,Approved
PAY-00000006,TXN-0000006,Split Payment,138.99,2026-05-08 17:39:10,Approved
PAY-00000007,TXN-0000007,Debit Card,171.28,2026-05-12 13:44:31,Approved
PAY-00000008,TXN-0000008,Credit Card,49.78,2026-06-18 20:22:42,Approved
PAY-00000009,TXN-0000009,Credit Card,88.98,2026-07-22 08:46:13,Approved
PAY-00000010,TXN-0000010,Cash,150.16,2026-07-09 16:46:22,Approved
PAY-00000011,TXN-0000011,Cash,80.8,2026-07-05 18:55:18,Approved
PAY-00000012,TXN-0000012,Credit Card,230.65,2026-06-06 09:41:16,Approved
PAY-00000013,TXN-0000013,Debit Card,201.33,2026-07-20 14:13:19,Approved
PAY-00000014,TXN-0000014,Debit Card,355.32,2026-07-21 14:06:23,Approved
PAY-00000015,TXN-0000015,Credit Card,215.14,2026-06-06 09:25:13,Approved
PAY-00000016,TXN-0000016,Credit Card,225.57,2026-06-18 19:12:22,Approved
PAY-00000017,TXN-0000017,Debit Card,184.18,2026-06-03 09:26:25,Approved
PAY-00000018,TXN-0000018,Gift Card,31.21,2026-06-23 21:25:12,Approved
PAY-00000019,TXN-0000019,Cash,182.56,2026-05-04 19:09:24,Approved
PAY-00000020,TXN-0000020,Debit Card,53.58,2026-05-05 11:16:05,Approved
PAY-00000021,TXN-0000021,Credit Card,237.92,2026-05-02 13:58:05,Approved
PAY-00000022,TXN-0000022,Debit Card,156.7,2026-07-18 20:22:48,Approved
PAY-00000023,TXN-0000023,Debit Card,220.51,2026-05-29 09:11:52,Approved
PAY-00000024,TXN-0000024,Credit Card,268.58,2026-06-20 09:29:00,Approved
PAY-00000025,TXN-0000025,Split Payment,225.8,2026-07-29 09:17:18,Approved
PAY-00000026,TXN-0000026,Cash,275.19,2026-07-19 11:46:14,Approved
PAY-00000027,TXN-0000027,Credit Card,100.59,2026-07-04 11:53:39,Approved
PAY-00000028,TXN-0000028,Credit Card,76.91,2026-06-16 21:14:52,Approved
PAY-00000029,TXN-0000029,Cash,186.65,2026-07-04 18:41:20,Approved
PAY-00000030,TXN-0000030,Cash,156.64,2026-05-03 17:59:11,Approved
PAY-00000031,TXN-0000031,Cash,143.25,2026-05-09 10:05:54,Approved
PAY-00000032,TXN-0000032,Debit Card,227.05,2026-07-23 14:30:08,Approved
PAY-00000033,TXN-0000033,Cash,174.92,2026-05-03 14:13:48,Approved
PAY-00000034,TXN-0000034,Debit Card,120.68,2026-07-16 17:42:04,Approved
PAY-00000035,TXN-0000035,Credit Card,186.77,2026-05-31 10:58:39,Approved
PAY-00000036,TXN-0000036,Cash,209.32,2026-07-15 18:58:24,Approved
PAY-00000037,TXN-0000037,Credit Card,227.75,2026-07-29 20:36:12,Approved
PAY-00000038,TXN-0000038,Debit Card,324.78,2026-05-05 13:25:15,Approved
PAY-00000039,TXN-0000039,Debit Card,291.2,2026-06-21 11:05:10,Approved
PAY-00000040,TXN-0000040,Cash,110.93,2026-05-13 14:56:11,Approved
PAY-00000041,TXN-0000041,Cash,219.91,2026-06-12 20:36:09,Approved
PAY-00000042,TXN-0000042,Cash,227.2,2026-06-09 12:09:37,Approved
PAY-00000043,TXN-0000043,Credit Card,68.15,2026-06-01 16:53:35,Approved
PAY-00000044,TXN-0000044,Credit Card,41.49,2026-05-12 13:49:10,Approved
PAY-00000045,TXN-0000045,Debit Card,38.57,2026-05-24 08:16:58,Approved
PAY-00000046,TXN-0000046,Split Payment,131.87,2026-07-20 10:11:38,Approved
PAY-00000047,TXN-0000047,Credit Card,207.25,2026-05-03 19:19:48,Approved
PAY-00000048,TXN-0000048,Credit Card,83.31,2026-06-07 19:33:38,Approved
PAY-00000049,TXN-0000049,Credit Card,472.81,2026-07-12 16:56:33,Approved
PAY-00000050,TXN-0000050,Credit Card,123.9,2026-06-09 17:57:53,Approved
PAY-00000051,TXN-0000051,Credit Card,110.77,2026-05-21 17:33:21,Approved
PAY-00000052,TXN-0000052,Cash,140.58,2026-06-17 21:44:13,Approved
PAY-00000053,TXN-0000053,Gift Card,193.3,2026-07-02 18:00:31,Approved
PAY-00000054,TXN-0000054,Credit Card,269.14,2026-05-31 11:10:29,Approved
PAY-00000055,TXN-0000055,Debit Card,250.18,2026-05-05 10:02:02,Approved
PAY-00000056,TXN-0000056,Debit Card,141.48,2026-05-30 12:26:35,Approved
PAY-00000057,TXN-0000057,Gift Card,142.66,2026-05-04 08:33:11,Approved
PAY-00000058,TXN-0000058,Cash,262.45,2026-07-29 19:04:21,Approved
PAY-00000059,TXN-0000059,Debit Card,101.38,2026-06-16 09:10:11,Approved
PAY-00000060,TXN-0000060,Credit Card,138.63,2026-05-09 10:26:36,Approved
PAY-00000061,TXN-0000061,Credit Card,90.81,2026-07-29 21:21:11,Approved
PAY-00000062,TXN-0000062,Credit Card,93.59,2026-06-14 20:55:03,Approved
PAY-00000063,TXN-0000063,Debit Card,166.02,2026-05-08 18:33:27,Approved
PAY-00000064,TXN-0000064,Credit Card,179.63,2026-06-06 18:43:17,Approved
PAY-00000065,TXN-0000065,Debit Card,224.61,2026-06-15 18:06:46,Approved
PAY-00000066,TXN-0000066,Debit Card,138.02,2026-07-08 18:39:11,Approved
PAY-00000067,TXN-0000067,Debit Card,308.74,2026-07-05 18:10:03,Approved
PAY-00000068,TXN-0000068,Credit Card,307.72,2026-05-30 17:46:25,Approved
PAY-00000069,TXN-0000069,Debit Card,23.21,2026-06-10 18:27:57,Approved
PAY-00000070,TXN-0000070,Credit Card,63.47,2026-07-19 18:29:46,Approved
PAY-00000071,TXN-0000071,Credit Card,354.05,2026-05-02 13:54:21,Approved
PAY-00000072,TXN-0000072,Debit Card,54.24,2026-05-05 20:17:22,Approved
PAY-00000073,TXN-0000073,Credit Card,368.59,2026-05-29 12:21:32,Approved
PAY-00000074,TXN-0000074,Credit Card,54.61,2026-06-28 08:07:09,Approved
PAY-00000075,TXN-0000075,Cash,49.34,2026-06-09 09:58:56,Approved
PAY-00000076,TXN-0000076,Cash,140.01,2026-07-04 14:21:39,Approved
PAY-00000077,TXN-0000077,Credit Card,277.5,2026-07-01 09:13:34,Approved
PAY-00000078,TXN-0000078,Credit Card,83.16,2026-05-27 14:37:59,Approved
PAY-00000079,TXN-0000079,Credit Card,133.94,2026-07-19 17:34:35,Approved
PAY-00000080,TXN-0000080,Debit Card,365.22,2026-06-13 16:14:53,Approved
PAY-00000081,TXN-0000081,Debit Card,281.33,2026-06-15 11:03:08,Approved
PAY-00000082,TXN-0000082,Debit Card,521.11,2026-07-23 09:23:50,Approved
PAY-00000083,TXN-0000083,Credit Card,115.22,2026-05-24 18:39:16,Approved
PAY-00000084,TXN-0000084,Credit Card,139.59,2026-06-23 11:15:22,Approved
PAY-00000085,TXN-0000085,Cash,314.37,2026-06-18 10:32:49,Approved
PAY-00000086,TXN-0000086,Debit Card,238.26,2026-06-24 11:39:22,Approved
PAY-00000087,TXN-0000087,Credit Card,160.67,2026-05-07 20:13:02,Approved
PAY-00000088,TXN-0000088,Debit Card,12.34,2026-07-20 16:57:02,Approved
PAY-00000089,TXN-0000089,Debit Card,99.33,2026-06-29 12:05:08,Approved
PAY-00000090,TXN-0000090,Credit Card,271.98,2026-05-09 10:31:15,Approved
PAY-00000091,TXN-0000091,Cash,295.5,2026-05-11 18:36:55,Approved
PAY-00000092,TXN-0000092,Cash,165.2,2026-05-24 19:13:50,Approved
PAY-00000093,TXN-0000093,Credit Card,258.52,2026-06-08 08:53:12,Approved
PAY-00000094,TXN-0000094,Cash,102.85,2026-06-08 18:38:15,Approved
PAY-00000095,TXN-0000095,Credit Card,168.64,2026-07-26 16:49:31,Approved
PAY-00000096,TXN-0000096,Credit Card,238.71,2026-06-30 20:07:57,Approved
PAY-00000097,TXN-0000097,Credit Card,126.43,2026-05-15 11:34:01,Approved
PAY-00000098,TXN-0000098,Cash,189.51,2026-06-14 13:22:56,Approved
PAY-00000099,TXN-0000099,Credit Card,175.1,2026-06-20 17:10:25,Approved
PAY-00000100,TXN-0000100,Cash,417.24,2026-05-29 20:43:17,Approved
PAY-00000101,TXN-0000101,Debit Card,137.63,2026-05-04 20:45:38,Approved
PAY-00000102,TXN-0000102,Credit Card,465.85,2026-06-27 13:16:18,Approved
PAY-00000103,TXN-0000103,Cash,162.79,2026-07-08 20:20:37,Approved
PAY-00000104,TXN-0000104,Debit Card,24.85,2026-06-24 12:05:44,Approved
PAY-00000105,TXN-0000105,Cash,297.81,2026-07-23 14:42:31,Approved
PAY-00000106,TXN-0000106,Cash,152.94,2026-07-10 17:07:07,Approved
PAY-00000107,TXN-0000107,Credit Card,23.34,2026-05-24 15:46:42,Approved
PAY-00000108,TXN-0000108,Debit Card,116.55,2026-07-30 09:10:05,Approved
PAY-00000109,TXN-0000109,Debit Card,296.71,2026-05-22 21:36:41,Approved
PAY-00000110,TXN-0000110,Debit Card,334.6,2026-07-29 19:45:48,Approved
PAY-00000111,TXN-0000111,Credit Card,338.34,2026-05-20 12:21:48,Approved
PAY-00000112,TXN-0000112,Credit Card,346.27,2026-07-09 16:12:30,Approved
PAY-00000113,TXN-0000113,Credit Card,184.1,2026-05-02 12:12:12,Approved
PAY-00000114,TXN-0000114,Cash,102.72,2026-05-30 13:54:45,Approved
PAY-00000115,TXN-0000115,Debit Card,259.8,2026-06-24 11:40:51,Approved
PAY-00000116,TXN-0000116,Credit Card,183.03,2026-05-03 11:10:06,Approved
PAY-00000117,TXN-0000117,Credit Card,128.74,2026-06-05 19:39:05,Approved
PAY-00000118,TXN-0000118,Credit Card,255.86,2026-06-24 13:20:50,Approved
PAY-00000119,TXN-0000119,Cash,210.12,2026-05-29 16:28:17,Approved
PAY-00000120,TXN-0000120,Cash,190.37,2026-07-01 19:12:42,Approved
PAY-00000121,TXN-0000121,Debit Card,412.45,2026-06-10 14:36:53,Approved
PAY-00000122,TXN-0000122,Credit Card,79.2,2026-05-24 15:17:15,Approved
PAY-00000123,TXN-0000123,Credit Card,465.42,2026-07-20 18:24:17,Approved
PAY-00000124,TXN-0000124,Credit Card,150.91,2026-06-14 14:47:58,Approved
PAY-00000125,TXN-0000125,Debit Card,127.89,2026-05-05 20:53:19,Approved
PAY-00000126,TXN-0000126,Debit Card,206.66,2026-05-06 14:47:58,Approved
PAY-00000127,TXN-0000127,Debit Card,407.47,2026-06-28 21:13:45,Approved
PAY-00000128,TXN-0000128,Debit Card,76.33,2026-05-12 09:35:27,Approved
PAY-00000129,TXN-0000129,Gift Card,393.31,2026-05-20 08:11:20,Approved
PAY-00000130,TXN-0000130,Credit Card,110.06,2026-06-03 10:05:04,Approved
PAY-00000131,TXN-0000131,Debit Card,328.5,2026-07-21 08:56:34,Approved
PAY-00000132,TXN-0000132,Split Payment,439.82,2026-06-12 17:35:14,Approved
PAY-00000133,TXN-0000133,Cash,494.81,2026-07-26 16:20:37,Approved
PAY-00000134,TXN-0000134,Credit Card,195.27,2026-05-05 10:04:57,Approved
PAY-00000135,TXN-0000135,Credit Card,300.28,2026-06-05 21:03:21,Approved
PAY-00000136,TXN-0000136,Debit Card,94.98,2026-07-25 21:30:37,Approved
PAY-00000137,TXN-0000137,Debit Card,552.92,2026-05-09 16:06:41,Approved
PAY-00000138,TXN-0000138,Credit Card,85.87,2026-07-20 18:09:20,Approved
PAY-00000139,TXN-0000139,Cash,534.5,2026-06-02 13:14:35,Approved
PAY-00000140,TXN-0000140,Gift Card,136.44,2026-05-13 09:42:41,Approved
PAY-00000141,TXN-0000141,Debit Card,222.01,2026-06-28 20:39:54,Approved
PAY-00000142,TXN-0000142,Credit Card,125.5,2026-07-09 14:40:04,Approved
PAY-00000143,TXN-0000143,Credit Card,171.19,2026-05-13 15:57:18,Approved
PAY-00000144,TXN-0000144,Credit Card,473.77,2026-06-09 08:00:43,Approved
PAY-00000145,TXN-0000145,Credit Card,490.2,2026-07-09 20:13:38,Approved
PAY-00000146,TXN-0000146,Debit Card,77.64,2026-07-25 14:47:15,Approved
PAY-00000147,TXN-0000147,Credit Card,199.32,2026-07-18 18:45:23,Approved
PAY-00000148,TXN-0000148,Credit Card,244.41,2026-06-23 18:34:51,Approved
PAY-00000149,TXN-0000149,Credit Card,81.63,2026-07-20 15:45:38,Approved
PAY-00000150,TXN-0000150,Debit Card,112.09,2026-05-06 13:32:51,Approved
PAY-00000151,TXN-0000151,Debit Card,30.89,2026-05-21 18:51:11,Approved
PAY-00000152,TXN-0000152,Credit Card,305.84,2026-06-11 20:04:02,Approved
PAY-00000153,TXN-0000153,Credit Card,40.89,2026-06-13 18:47:24,Approved
PAY-00000154,TXN-0000154,Debit Card,44.51,2026-07-24 13:41:02,Approved
PAY-00000155,TXN-0000155,Debit Card,202.8,2026-07-10 12:43:53,Approved
PAY-00000156,TXN-0000156,Gift Card,166.74,2026-05-13 11:26:38,Approved
PAY-00000157,TXN-0000157,Debit Card,210.35,2026-07-03 14:17:44,Approved
PAY-00000158,TXN-0000158,Credit Card,135.65,2026-06-02 09:25:19,Approved
PAY-00000159,TXN-0000159,Cash,106.5,2026-06-21 17:13:54,Approved
PAY-00000160,TXN-0000160,Gift Card,193.5,2026-07-31 10:38:11,Approved
PAY-00000161,TXN-0000161,Gift Card,86.38,2026-07-08 19:13:58,Approved
PAY-00000162,TXN-0000162,Debit Card,137.42,2026-07-14 16:43:41,Approved
PAY-00000163,TXN-0000163,Debit Card,43.36,2026-07-17 18:50:24,Approved
PAY-00000164,TXN-0000164,Credit Card,265.59,2026-05-19 18:02:29,Approved
PAY-00000165,TXN-0000165,Credit Card,289.51,2026-05-12 20:22:17,Approved
PAY-00000166,TXN-0000166,Debit Card,84.1,2026-07-18 08:19:33,Approved
PAY-00000167,TXN-0000167,Credit Card,145.92,2026-07-19 16:47:09,Approved
PAY-00000168,TXN-0000168,Debit Card,262.6,2026-06-03 10:55:23,Approved
PAY-00000169,TXN-0000169,Cash,133.83,2026-07-29 13:01:28,Approved
PAY-00000170,TXN-0000170,Credit Card,406.97,2026-07-30 15:17:23,Approved
PAY-00000171,TXN-0000171,Gift Card,190.76,2026-06-03 20:26:42,Approved
PAY-00000172,TXN-0000172,Cash,482.28,2026-05-28 09:31:58,Approved
PAY-00000173,TXN-0000173,Debit Card,479.74,2026-05-30 20:47:37,Approved
PAY-00000174,TXN-0000174,Credit Card,179.7,2026-06-23 13:41:43,Approved
PAY-00000175,TXN-0000175,Debit Card,79.39,2026-05-05 10:58:00,Approved
PAY-00000176,TXN-0000176,Cash,231.17,2026-06-12 14:15:47,Approved
PAY-00000177,TXN-0000177,Debit Card,42.74,2026-06-28 21:27:26,Approved
PAY-00000178,TXN-0000178,Cash,224.59,2026-06-08 16:28:42,Approved
PAY-00000179,TXN-0000179,Credit Card,38.9,2026-07-18 14:17:49,Approved
PAY-00000180,TXN-0000180,Credit Card,55.78,2026-05-19 08:14:29,Approved
PAY-00000181,TXN-0000181,Gift Card,211.43,2026-07-29 12:45:56,Approved
PAY-00000182,TXN-0000182,Debit Card,203.15,2026-06-10 11:10:29,Approved
PAY-00000183,TXN-0000183,Split Payment,160.6,2026-07-18 13:26:23,Approved
PAY-00000184,TXN-0000184,Credit Card,252.19,2026-07-05 17:44:45,Approved
PAY-00000185,TXN-0000185,Credit Card,137.16,2026-07-01 15:30:46,Approved
PAY-00000186,TXN-0000186,Gift Card,383.67,2026-06-04 14:54:02,Approved
PAY-00000187,TXN-0000187,Credit Card,270.83,2026-05-09 19:33:05,Approved
PAY-00000188,TXN-0000188,Credit Card,107.54,2026-07-01 18:21:47,Approved
PAY-00000189,TXN-0000189,Gift Card,340.55,2026-05-23 15:59:28,Approved
PAY-00000190,TXN-0000190,Cash,204.93,2026-05-24 08:48:44,Approved
PAY-00000191,TXN-0000191,Cash,575.92,2026-06-25 11:59:53,Approved
PAY-00000192,TXN-0000192,Credit Card,49.34,2026-05-07 18:29:03,Approved
PAY-00000193,TXN-0000193,Credit Card,192.92,2026-06-15 15:52:31,Approved
PAY-00000194,TXN-0000194,Debit Card,171.42,2026-07-30 19:42:29,Approved
PAY-00000195,TXN-0000195,Credit Card,51.96,2026-07-03 16:19:13,Approved
PAY-00000196,TXN-0000196,Debit Card,118.22,2026-05-15 14:51:31,Approved
PAY-00000197,TXN-0000197,Cash,358.32,2026-06-06 11:15:21,Approved
PAY-00000198,TXN-0000198,Cash,111.82,2026-06-01 13:30:44,Approved
PAY-00000199,TXN-0000199,Debit Card,180.28,2026-06-27 19:54:23,Approved
PAY-00000200,TXN-0000200,Cash,371.42,2026-06-04 12:53:37,Approved
PAY-00000201,TXN-0000201,Cash,91.26,2026-06-07 10:19:53,Approved
PAY-00000202,TXN-0000202,Credit Card,444.23,2026-05-23 12:24:24,Approved
PAY-00000203,TXN-0000203,Cash,195.63,2026-06-02 14:44:48,Approved
PAY-00000204,TXN-0000204,Credit Card,130.88,2026-05-12 12:07:18,Approved
PAY-00000205,TXN-0000205,Credit Card,55.3,2026-07-27 16:41:19,Approved
PAY-00000206,TXN-0000206,Cash,134.37,2026-06-14 18:20:38,Approved
PAY-00000207,TXN-0000207,Credit Card,209.66,2026-07-26 11:18:11,Approved
PAY-00000208,TXN-0000208,Debit Card,67.11,2026-07-29 19:12:41,Approved
PAY-00000209,TXN-0000209,Debit Card,314.47,2026-05-05 15:41:21,Approved
PAY-00000210,TXN-0000210,Debit Card,126.46,2026-06-26 16:20:44,Approved
PAY-00000211,TXN-0000211,Credit Card,247.47,2026-05-09 16:39:38,Approved
PAY-00000212,TXN-0000212,Credit Card,53.74,2026-06-10 19:26:08,Approved
PAY-00000213,TXN-0000213,Debit Card,101.29,2026-06-02 13:06:12,Approved
PAY-00000214,TXN-0000214,Cash,113.55,2026-06-09 20:22:46,Approved
PAY-00000215,TXN-0000215,Credit Card,26.09,2026-05-22 18:52:34,Approved
PAY-00000216,TXN-0000216,Debit Card,340.41,2026-07-12 18:54:47,Approved
PAY-00000217,TXN-0000217,Cash,138.99,2026-05-24 19:26:19,Approved
PAY-00000218,TXN-0000218,Credit Card,67.67,2026-06-29 17:30:55,Approved
PAY-00000219,TXN-0000219,Cash,291.57,2026-05-07 21:02:51,Approved
PAY-00000220,TXN-0000220,Credit Card,150.67,2026-07-18 20:38:57,Approved
PAY-00000221,TXN-0000221,Credit Card,469.92,2026-05-05 12:23:07,Approved
PAY-00000222,TXN-0000222,Credit Card,66.1,2026-06-19 13:39:12,Approved
PAY-00000223,TXN-0000223,Debit Card,236.16,2026-05-19 15:05:43,Approved
PAY-00000224,TXN-0000224,Debit Card,139.99,2026-06-22 20:37:59,Approved
PAY-00000225,TXN-0000225,Credit Card,245.47,2026-05-10 08:44:19,Approved
PAY-00000226,TXN-0000226,Credit Card,267.62,2026-07-15 16:36:39,Approved
PAY-00000227,TXN-0000227,Credit Card,164.0,2026-05-25 10:15:05,Approved
PAY-00000228,TXN-0000228,Credit Card,28.89,2026-05-30 08:52:50,Approved
PAY-00000229,TXN-0000229,Debit Card,86.19,2026-05-26 09:40:04,Approved
PAY-00000230,TXN-0000230,Cash,250.43,2026-07-19 11:35:16,Approved
PAY-00000231,TXN-0000231,Gift Card,137.61,2026-05-16 14:33:08,Approved
PAY-00000232,TXN-0000232,Credit Card,182.87,2026-05-05 21:31:45,Approved
PAY-00000233,TXN-0000233,Credit Card,141.98,2026-06-12 08:24:36,Approved
PAY-00000234,TXN-0000234,Credit Card,122.48,2026-06-12 08:05:48,Approved
PAY-00000235,TXN-0000235,Credit Card,228.68,2026-07-13 18:44:49,Approved
PAY-00000236,TXN-0000236,Credit Card,196.47,2026-06-02 20:19:38,Approved
PAY-00000237,TXN-0000237,Credit Card,58.41,2026-07-27 08:10:13,Approved
PAY-00000238,TXN-0000238,Credit Card,228.76,2026-07-04 13:06:05,Approved
PAY-00000239,TXN-0000239,Cash,22.62,2026-07-28 20:14:52,Approved
PAY-00000240,TXN-0000240,Gift Card,456.89,2026-07-20 13:07:02,Approved
PAY-00000241,TXN-0000241,Debit Card,81.47,2026-05-01 16:36:35,Approved
PAY-00000242,TXN-0000242,Credit Card,421.54,2026-06-29 18:53:57,Approved
PAY-00000243,TXN-0000243,Credit Card,308.86,2026-07-16 17:01:12,Approved
PAY-00000244,TXN-0000244,Debit Card,57.69,2026-05-29 18:25:08,Approved
PAY-00000245,TXN-0000245,Debit Card,627.62,2026-07-17 11:41:35,Approved
PAY-00000246,TXN-0000246,Credit Card,178.51,2026-06-30 09:48:05,Approved
PAY-00000247,TXN-0000247,Credit Card,165.89,2026-06-26 11:56:53,Approved
PAY-00000248,TXN-0000248,Credit Card,237.21,2026-06-12 19:57:37,Approved
PAY-00000249,TXN-0000249,Split Payment,181.66,2026-06-03 18:12:08,Approved
PAY-00000250,TXN-0000250,Debit Card,65.88,2026-05-09 19:55:42,Approved
PAY-00000251,TXN-0000251,Credit Card,152.1,2026-06-12 10:55:05,Approved
PAY-00000252,TXN-0000252,Debit Card,32.49,2026-06-19 16:30:11,Approved
PAY-00000253,TXN-0000253,Credit Card,118.95,2026-07-21 20:33:57,Approved
PAY-00000254,TXN-0000254,Split Payment,208.42,2026-06-27 21:14:36,Approved
PAY-00000255,TXN-0000255,Debit Card,173.65,2026-06-04 10:00:32,Approved
PAY-00000256,TXN-0000256,Cash,139.26,2026-06-10 17:10:38,Approved
PAY-00000257,TXN-0000257,Credit Card,166.85,2026-07-20 08:57:05,Approved
PAY-00000258,TXN-0000258,Split Payment,183.51,2026-07-25 16:12:41,Approved
PAY-00000259,TXN-0000259,Debit Card,346.39,2026-06-04 19:56:47,Approved
PAY-00000260,TXN-0000260,Cash,295.5,2026-07-26 08:05:52,Approved
PAY-00000261,TXN-0000261,Debit Card,147.36,2026-05-15 08:06:25,Approved
PAY-00000262,TXN-0000262,Debit Card,129.45,2026-05-07 18:17:57,Approved
PAY-00000263,TXN-0000263,Debit Card,54.18,2026-06-29 20:29:01,Approved
PAY-00000264,TXN-0000264,Credit Card,352.81,2026-06-17 14:22:21,Approved
PAY-00000265,TXN-0000265,Cash,197.5,2026-06-29 18:56:21,Approved
PAY-00000266,TXN-0000266,Credit Card,72.14,2026-07-31 18:11:11,Approved
PAY-00000267,TXN-0000267,Gift Card,161.78,2026-07-20 10:47:49,Approved
PAY-00000268,TXN-0000268,Debit Card,135.42,2026-05-11 08:38:58,Approved
PAY-00000269,TXN-0000269,Credit Card,287.04,2026-05-27 20:26:40,Approved
PAY-00000270,TXN-0000270,Credit Card,156.76,2026-06-02 20:26:00,Approved
PAY-00000271,TXN-0000271,Credit Card,67.21,2026-05-10 19:16:21,Approved
PAY-00000272,TXN-0000272,Debit Card,111.46,2026-06-30 21:30:02,Approved
PAY-00000273,TXN-0000273,Credit Card,192.8,2026-07-09 18:42:59,Approved
PAY-00000274,TXN-0000274,Debit Card,145.3,2026-06-08 14:38:19,Approved
PAY-00000275,TXN-0000275,Debit Card,123.14,2026-06-07 17:48:54,Approved
PAY-00000276,TXN-0000276,Debit Card,250.36,2026-05-20 20:43:43,Approved
PAY-00000277,TXN-0000277,Debit Card,144.67,2026-07-18 09:14:42,Approved
PAY-00000278,TXN-0000278,Cash,248.02,2026-07-30 20:01:04,Approved
PAY-00000279,TXN-0000279,Credit Card,337.26,2026-05-02 19:00:44,Approved
PAY-00000280,TXN-0000280,Credit Card,154.78,2026-05-06 08:39:15,Approved
PAY-00000281,TXN-0000281,Cash,236.13,2026-05-19 19:28:24,Approved
PAY-00000282,TXN-0000282,Debit Card,167.3,2026-05-18 13:06:21,Approved
PAY-00000283,TXN-0000283,Credit Card,374.49,2026-05-07 18:21:01,Approved
PAY-00000284,TXN-0000284,Credit Card,161.36,2026-06-13 11:59:46,Approved
PAY-00000285,TXN-0000285,Debit Card,280.64,2026-07-02 19:53:17,Approved
PAY-00000286,TXN-0000286,Cash,69.18,2026-07-01 12:34:43,Approved
PAY-00000287,TXN-0000287,Debit Card,189.28,2026-06-18 20:44:25,Approved
PAY-00000288,TXN-0000288,Debit Card,334.15,2026-07-26 10:42:13,Approved
PAY-00000289,TXN-0000289,Credit Card,118.2,2026-06-14 10:39:38,Approved
PAY-00000290,TXN-0000290,Debit Card,30.41,2026-06-22 12:17:08,Approved
PAY-00000291,TXN-0000291,Gift Card,106.3,2026-06-28 09:35:46,Approved
PAY-00000292,TXN-0000292,Credit Card,317.13,2026-05-06 21:06:26,Approved
PAY-00000293,TXN-0000293,Credit Card,313.1,2026-05-27 17:16:18,Approved
PAY-00000294,TXN-0000294,Cash,282.97,2026-06-30 16:56:31,Approved
PAY-00000295,TXN-0000295,Gift Card,97.81,2026-05-31 11:47:03,Approved
PAY-00000296,TXN-0000296,Gift Card,124.14,2026-06-07 13:00:27,Approved
PAY-00000297,TXN-0000297,Credit Card,286.81,2026-06-10 20:55:32,Approved
PAY-00000298,TXN-0000298,Debit Card,114.58,2026-05-22 21:31:10,Approved
PAY-00000299,TXN-0000299,Credit Card,67.46,2026-05-17 17:14:01,Approved
PAY-00000300,TXN-0000300,Debit Card,107.36,2026-05-22 17:17:46,Approved
PAY-00000301,TXN-0000301,Credit Card,223.46,2026-07-09 08:54:39,Approved
PAY-00000302,TXN-0000302,Gift Card,51.45,2026-06-16 20:29:48,Approved
PAY-00000303,TXN-0000303,Cash,47.81,2026-05-08 10:10:21,Approved
PAY-00000304,TXN-0000304,Debit Card,270.57,2026-06-27 20:40:58,Approved
PAY-00000305,TXN-0000305,Cash,115.37,2026-07-21 19:34:21,Approved
PAY-00000306,TXN-0000306,Credit Card,86.81,2026-06-21 17:31:33,Approved
PAY-00000307,TXN-0000307,Debit Card,162.46,2026-05-07 15:05:51,Approved
PAY-00000308,TXN-0000308,Credit Card,324.64,2026-06-18 15:50:29,Approved
PAY-00000309,TXN-0000309,Credit Card,327.11,2026-05-31 13:47:50,Approved
PAY-00000310,TXN-0000310,Cash,114.95,2026-06-14 19:56:53,Approved
PAY-00000311,TXN-0000311,Credit Card,135.87,2026-06-07 18:46:21,Approved
PAY-00000312,TXN-0000312,Debit Card,559.98,2026-07-26 08:50:04,Approved
PAY-00000313,TXN-0000313,Debit Card,172.94,2026-07-18 18:47:05,Approved
PAY-00000314,TXN-0000314,Split Payment,199.96,2026-06-20 16:04:22,Approved
PAY-00000315,TXN-0000315,Debit Card,95.91,2026-05-26 13:59:04,Approved
PAY-00000316,TXN-0000316,Debit Card,163.96,2026-07-12 11:05:36,Approved
PAY-00000317,TXN-0000317,Credit Card,96.68,2026-05-12 15:24:13,Approved
PAY-00000318,TXN-0000318,Cash,111.18,2026-05-18 11:00:26,Approved
PAY-00000319,TXN-0000319,Credit Card,161.09,2026-05-22 21:47:10,Approved
PAY-00000320,TXN-0000320,Cash,162.34,2026-06-02 11:58:41,Approved
PAY-00000321,TXN-0000321,Credit Card,126.9,2026-06-16 10:32:04,Approved
PAY-00000322,TXN-0000322,Credit Card,92.52,2026-06-26 18:21:03,Approved
PAY-00000323,TXN-0000323,Debit Card,159.51,2026-06-19 11:32:32,Approved
PAY-00000324,TXN-0000324,Credit Card,270.88,2026-07-26 21:08:36,Approved
PAY-00000325,TXN-0000325,Debit Card,97.75,2026-07-08 17:54:05,Approved
PAY-00000326,TXN-0000326,Gift Card,6.28,2026-06-07 09:35:49,Approved
PAY-00000327,TXN-0000327,Credit Card,129.55,2026-07-05 10:01:57,Approved
PAY-00000328,TXN-0000328,Debit Card,41.82,2026-06-11 15:00:29,Approved
PAY-00000329,TXN-0000329,Credit Card,138.18,2026-05-26 14:52:28,Approved
PAY-00000330,TXN-0000330,Cash,253.1,2026-07-13 13:33:32,Approved
PAY-00000331,TXN-0000331,Credit Card,404.25,2026-05-21 16:32:20,Approved
PAY-00000332,TXN-0000332,Credit Card,50.36,2026-06-26 14:31:04,Approved
PAY-00000333,TXN-0000333,Credit Card,214.5,2026-05-20 20:22:38,Approved
PAY-00000334,TXN-0000334,Credit Card,144.61,2026-07-16 21:19:01,Approved
PAY-00000335,TXN-0000335,Credit Card,99.68,2026-05-22 11:52:55,Approved
PAY-00000336,TXN-0000336,Debit Card,234.09,2026-06-19 17:48:58,Approved
PAY-00000337,TXN-0000337,Credit Card,137.04,2026-05-26 19:23:06,Approved
PAY-00000338,TXN-0000338,Credit Card,370.29,2026-06-23 21:22:04,Approved
PAY-00000339,TXN-0000339,Debit Card,234.91,2026-05-14 12:49:20,Approved
PAY-00000340,TXN-0000340,Debit Card,249.78,2026-07-04 16:47:42,Approved
PAY-00000341,TXN-0000341,Cash,307.6,2026-06-04 11:43:37,Approved
PAY-00000342,TXN-0000342,Cash,340.65,2026-06-13 09:27:53,Approved
PAY-00000343,TXN-0000343,Cash,309.61,2026-06-08 15:59:56,Approved
PAY-00000344,TXN-0000344,Debit Card,126.05,2026-07-23 18:02:14,Approved
PAY-00000345,TXN-0000345,Debit Card,243.12,2026-06-07 19:49:26,Approved
PAY-00000346,TXN-0000346,Credit Card,91.44,2026-07-25 11:54:52,Approved
PAY-00000347,TXN-0000347,Debit Card,94.32,2026-05-24 11:42:12,Approved
PAY-00000348,TXN-0000348,Split Payment,219.79,2026-06-27 21:43:22,Approved
PAY-00000349,TXN-0000349,Debit Card,91.84,2026-06-19 12:18:03,Approved
PAY-00000350,TXN-0000350,Debit Card,158.62,2026-06-24 14:41:15,Approved
PAY-00000351,TXN-0000351,Credit Card,122.91,2026-06-16 09:31:16,Approved
PAY-00000352,TXN-0000352,Credit Card,88.42,2026-07-22 20:30:16,Approved
PAY-00000353,TXN-0000353,Debit Card,118.08,2026-06-26 11:49:23,Approved
PAY-00000354,TXN-0000354,Cash,260.28,2026-05-20 14:30:33,Approved
PAY-00000355,TXN-0000355,Credit Card,86.65,2026-05-25 17:51:38,Approved
PAY-00000356,TXN-0000356,Credit Card,505.81,2026-07-20 20:24:55,Approved
PAY-00000357,TXN-0000357,Credit Card,78.2,2026-06-22 21:21:28,Approved
PAY-00000358,TXN-0000358,Split Payment,212.45,2026-05-15 21:49:37,Approved
PAY-00000359,TXN-0000359,Debit Card,166.9,2026-07-20 09:27:48,Approved
PAY-00000360,TXN-0000360,Credit Card,450.1,2026-05-18 19:35:32,Approved
PAY-00000361,TXN-0000361,Credit Card,396.13,2026-06-04 18:45:37,Approved
PAY-00000362,TXN-0000362,Credit Card,260.12,2026-06-04 10:30:49,Approved
PAY-00000363,TXN-0000363,Credit Card,406.26,2026-07-07 15:10:36,Approved
PAY-00000364,TXN-0000364,Credit Card,110.12,2026-06-02 14:03:52,Approved
PAY-00000365,TXN-0000365,Debit Card,317.06,2026-05-26 08:44:39,Approved
PAY-00000366,TXN-0000366,Cash,374.34,2026-06-20 08:21:28,Approved
PAY-00000367,TXN-0000367,Cash,275.77,2026-06-27 14:41:11,Approved
PAY-00000368,TXN-0000368,Cash,245.02,2026-07-03 08:42:04,Approved
PAY-00000369,TXN-0000369,Debit Card,196.26,2026-06-24 16:17:02,Approved
PAY-00000370,TXN-0000370,Credit Card,735.46,2026-05-27 08:12:13,Approved
PAY-00000371,TXN-0000371,Debit Card,96.52,2026-06-08 20:10:03,Approved
PAY-00000372,TXN-0000372,Credit Card,505.9,2026-05-21 08:18:36,Approved
PAY-00000373,TXN-0000373,Gift Card,262.63,2026-06-23 14:07:32,Approved
PAY-00000374,TXN-0000374,Cash,125.07,2026-05-14 11:26:34,Approved
PAY-00000375,TXN-0000375,Credit Card,322.2,2026-07-28 20:59:52,Approved
PAY-00000376,TXN-0000376,Credit Card,376.63,2026-07-04 21:03:18,Approved
PAY-00000377,TXN-0000377,Credit Card,198.58,2026-06-14 20:11:29,Approved
PAY-00000378,TXN-0000378,Split Payment,120.67,2026-06-15 13:57:44,Approved
PAY-00000379,TXN-0000379,Credit Card,87.95,2026-06-09 09:54:26,Approved
PAY-00000380,TXN-0000380,Debit Card,144.04,2026-06-30 19:18:49,Approved
PAY-00000381,TXN-0000381,Debit Card,254.49,2026-06-07 21:22:18,Approved
PAY-00000382,TXN-0000382,Debit Card,79.03,2026-07-01 19:50:42,Approved
PAY-00000383,TXN-0000383,Credit Card,109.51,2026-07-25 19:44:37,Approved
PAY-00000384,TXN-0000384,Debit Card,68.63,2026-07-14 11:20:14,Approved
PAY-00000385,TXN-0000385,Credit Card,93.56,2026-07-04 09:00:19,Approved
PAY-00000386,TXN-0000386,Debit Card,187.22,2026-07-26 19:26:38,Approved
PAY-00000387,TXN-0000387,Gift Card,74.63,2026-07-26 13:20:34,Approved
PAY-00000388,TXN-0000388,Credit Card,271.36,2026-05-19 18:24:05,Approved
PAY-00000389,TXN-0000389,Credit Card,128.63,2026-07-09 09:50:03,Approved
PAY-00000390,TXN-0000390,Split Payment,455.6,2026-07-30 10:30:59,Approved
PAY-00000391,TXN-0000391,Debit Card,259.71,2026-06-25 11:30:52,Approved
PAY-00000392,TXN-0000392,Cash,298.52,2026-06-17 18:01:55,Approved
PAY-00000393,TXN-0000393,Gift Card,104.86,2026-05-28 18:23:20,Approved
PAY-00000394,TXN-0000394,Cash,147.33,2026-06-12 09:37:13,Approved
PAY-00000395,TXN-0000395,Debit Card,431.83,2026-07-29 10:32:07,Approved
PAY-00000396,TXN-0000396,Debit Card,206.2,2026-05-02 17:34:48,Approved
PAY-00000397,TXN-0000397,Credit Card,118.66,2026-05-26 20:46:38,Approved
PAY-00000398,TXN-0000398,Credit Card,281.03,2026-07-24 18:34:54,Approved
PAY-00000399,TXN-0000399,Cash,89.07,2026-07-25 20:12:56,Approved
PAY-00000400,TXN-0000400,Gift Card,555.85,2026-06-19 18:55:35,Approved
PAY-00000401,TXN-0000401,Cash,436.86,2026-05-15 15:33:10,Approved
PAY-00000402,TXN-0000402,Cash,171.83,2026-07-12 14:21:39,Approved
PAY-00000403,TXN-0000403,Credit Card,430.54,2026-07-24 16:59:21,Approved
PAY-00000404,TXN-0000404,Credit Card,176.0,2026-06-11 13:42:26,Approved
PAY-00000405,TXN-0000405,Debit Card,392.36,2026-07-03 17:47:32,Approved
PAY-00000406,TXN-0000406,Credit Card,235.68,2026-06-13 18:41:22,Approved
PAY-00000407,TXN-0000407,Credit Card,325.55,2026-06-30 11:21:27,Approved
PAY-00000408,TXN-0000408,Debit Card,107.94,2026-07-24 20:34:51,Approved
PAY-00000409,TXN-0000409,Cash,192.29,2026-06-09 16:58:35,Approved
PAY-00000410,TXN-0000410,Credit Card,188.53,2026-06-04 15:50:47,Approved
PAY-00000411,TXN-0000411,Cash,74.87,2026-07-06 18:32:47,Approved
PAY-00000412,TXN-0000412,Credit Card,97.37,2026-06-28 14:59:20,Approved
PAY-00000413,TXN-0000413,Debit Card,468.94,2026-06-04 11:18:09,Approved
PAY-00000414,TXN-0000414,Cash,124.34,2026-06-16 09:09:25,Approved
PAY-00000415,TXN-0000415,Split Payment,87.0,2026-07-01 21:18:48,Approved
PAY-00000416,TXN-0000416,Debit Card,155.05,2026-06-10 16:16:45,Approved
PAY-00000417,TXN-0000417,Debit Card,280.12,2026-06-17 15:38:00,Approved
PAY-00000418,TXN-0000418,Credit Card,76.5,2026-06-17 16:58:06,Approved
PAY-00000419,TXN-0000419,Credit Card,275.24,2026-07-28 18:11:51,Approved
PAY-00000420,TXN-0000420,Debit Card,371.89,2026-06-22 11:26:35,Approved
PAY-00000421,TXN-0000421,Credit Card,422.83,2026-05-18 09:14:10,Approved
PAY-00000422,TXN-0000422,Cash,45.21,2026-06-28 21:33:15,Approved
PAY-00000423,TXN-0000423,Debit Card,126.64,2026-05-25 16:31:23,Approved
PAY-00000424,TXN-0000424,Credit Card,26.17,2026-05-12 08:05:19,Approved
PAY-00000425,TXN-0000425,Credit Card,168.34,2026-07-06 17:13:04,Approved
PAY-00000426,TXN-0000426,Credit Card,83.98,2026-05-01 21:53:48,Approved
PAY-00000427,TXN-0000427,Debit Card,187.83,2026-05-26 09:15:41,Approved
PAY-00000428,TXN-0000428,Cash,22.31,2026-05-17 14:07:20,Approved
PAY-00000429,TXN-0000429,Cash,440.57,2026-07-19 19:35:55,Approved
PAY-00000430,TXN-0000430,Credit Card,240.93,2026-05-02 09:41:50,Approved
PAY-00000431,TXN-0000431,Split Payment,152.84,2026-05-02 08:04:36,Approved
PAY-00000432,TXN-0000432,Credit Card,293.54,2026-07-04 14:27:09,Approved
PAY-00000433,TXN-0000433,Debit Card,384.88,2026-05-29 14:16:20,Approved
PAY-00000434,TXN-0000434,Credit Card,266.19,2026-07-21 18:47:20,Approved
PAY-00000435,TXN-0000435,Cash,370.15,2026-05-08 18:51:53,Approved
PAY-00000436,TXN-0000436,Cash,251.74,2026-05-18 19:31:32,Approved
PAY-00000437,TXN-0000437,Debit Card,175.83,2026-06-20 21:22:48,Approved
PAY-00000438,TXN-0000438,Credit Card,43.82,2026-06-12 17:15:57,Approved
PAY-00000439,TXN-0000439,Credit Card,76.13,2026-07-24 18:51:58,Approved
PAY-00000440,TXN-0000440,Credit Card,124.23,2026-06-11 18:50:57,Approved
PAY-00000441,TXN-0000441,Credit Card,459.57,2026-07-09 19:56:06,Approved
PAY-00000442,TXN-0000442,Credit Card,228.94,2026-07-18 17:13:28,Approved
PAY-00000443,TXN-0000443,Debit Card,84.36,2026-06-20 10:54:13,Approved
PAY-00000444,TXN-0000444,Cash,65.89,2026-06-03 16:31:47,Approved
PAY-00000445,TXN-0000445,Debit Card,217.11,2026-07-12 08:28:49,Approved
PAY-00000446,TXN-0000446,Credit Card,64.75,2026-07-10 09:53:12,Approved
PAY-00000447,TXN-0000447,Debit Card,80.44,2026-05-14 08:57:00,Approved
PAY-00000448,TXN-0000448,Credit Card,220.96,2026-07-09 11:24:51,Approved
PAY-00000449,TXN-0000449,Credit Card,302.51,2026-06-02 19:28:47,Approved
PAY-00000450,TXN-0000450,Debit Card,322.94,2026-07-06 11:02:59,Approved
PAY-00000451,TXN-0000451,Credit Card,206.51,2026-05-02 08:56:18,Approved
PAY-00000452,TXN-0000452,Debit Card,245.86,2026-05-07 09:12:33,Approved
PAY-00000453,TXN-0000453,Gift Card,145.44,2026-07-25 11:52:49,Approved
PAY-00000454,TXN-0000454,Credit Card,102.87,2026-05-19 16:57:49,Approved
PAY-00000455,TXN-0000455,Credit Card,456.2,2026-07-10 21:17:58,Approved
PAY-00000456,TXN-0000456,Debit Card,56.86,2026-07-23 10:22:07,Approved
PAY-00000457,TXN-0000457,Debit Card,181.47,2026-06-28 11:57:23,Approved
PAY-00000458,TXN-0000458,Credit Card,238.95,2026-06-16 15:58:52,Approved
PAY-00000459,TXN-0000459,Credit Card,283.18,2026-07-09 18:41:30,Approved
PAY-00000460,TXN-0000460,Credit Card,53.16,2026-05-24 14:59:27,Approved
PAY-00000461,TXN-0000461,Credit Card,68.04,2026-06-28 21:25:51,Approved
PAY-00000462,TXN-0000462,Cash,233.04,2026-05-07 17:07:24,Approved
PAY-00000463,TXN-0000463,Credit Card,93.77,2026-07-20 19:37:01,Approved
PAY-00000464,TXN-0000464,Credit Card,82.78,2026-05-16 16:29:38,Approved
PAY-00000465,TXN-0000465,Credit Card,147.16,2026-07-26 10:33:32,Approved
PAY-00000466,TXN-0000466,Credit Card,99.5,2026-05-20 10:27:28,Approved
PAY-00000467,TXN-0000467,Credit Card,455.33,2026-06-25 21:17:55,Approved
PAY-00000468,TXN-0000468,Credit Card,9.2,2026-07-16 19:15:29,Approved
PAY-00000469,TXN-0000469,Cash,52.49,2026-05-04 09:37:13,Approved
PAY-00000470,TXN-0000470,Credit Card,153.06,2026-06-10 08:51:31,Approved
PAY-00000471,TXN-0000471,Cash,242.42,2026-05-02 08:26:04,Approved
PAY-00000472,TXN-0000472,Debit Card,179.34,2026-05-06 09:57:20,Approved
PAY-00000473,TXN-0000473,Gift Card,378.26,2026-07-16 19:48:31,Approved
PAY-00000474,TXN-0000474,Credit Card,25.47,2026-06-18 20:40:01,Approved
PAY-00000475,TXN-0000475,Credit Card,116.76,2026-06-13 08:18:09,Approved
PAY-00000476,TXN-0000476,Credit Card,111.62,2026-07-06 08:20:16,Approved
PAY-00000477,TXN-0000477,Debit Card,305.56,2026-06-06 13:29:27,Approved
PAY-00000478,TXN-0000478,Credit Card,207.08,2026-05-17 18:49:02,Approved
PAY-00000479,TXN-0000479,Cash,222.09,2026-05-10 19:00:55,Approved
PAY-00000480,TXN-0000480,Gift Card,351.08,2026-06-04 17:06:20,Approved
PAY-00000481,TXN-0000481,Credit Card,123.49,2026-06-18 09:52:53,Approved
PAY-00000482,TXN-0000482,Credit Card,49.37,2026-05-28 14:03:14,Approved
PAY-00000483,TXN-0000483,Credit Card,92.03,2026-05-28 15:56:39,Approved
PAY-00000484,TXN-0000484,Credit Card,56.98,2026-06-23 13:58:31,Approved
PAY-00000485,TXN-0000485,Credit Card,154.64,2026-06-19 10:32:20,Approved
PAY-00000486,TXN-0000486,Debit Card,160.42,2026-05-21 21:39:47,Approved
PAY-00000487,TXN-0000487,Credit Card,19.05,2026-06-24 17:57:58,Approved
PAY-00000488,TXN-0000488,Debit Card,176.57,2026-05-06 14:03:23,Approved
PAY-00000489,TXN-0000489,Debit Card,194.6,2026-05-30 11:27:22,Approved
PAY-00000490,TXN-0000490,Cash,21.95,2026-06-07 19:14:50,Approved
PAY-00000491,TXN-0000491,Debit Card,142.81,2026-07-05 20:02:08,Approved
PAY-00000492,TXN-0000492,Debit Card,172.71,2026-06-10 14:12:26,Approved
PAY-00000493,TXN-0000493,Cash,161.55,2026-06-05 09:33:44,Approved
PAY-00000494,TXN-0000494,Debit Card,68.06,2026-06-07 08:00:24,Approved
PAY-00000495,TXN-0000495,Debit Card,203.16,2026-06-23 20:04:43,Approved
PAY-00000496,TXN-0000496,Credit Card,162.88,2026-07-19 20:17:57,Approved
PAY-00000497,TXN-0000497,Split Payment,81.12,2026-07-26 17:30:40,Approved
PAY-00000498,TXN-0000498,Credit Card,238.62,2026-06-12 09:08:26,Approved
PAY-00000499,TXN-0000499,Credit Card,191.49,2026-06-07 10:17:30,Approved
PAY-00000500,TXN-0000500,Debit Card,258.27,2026-06-29 19:31:32,Approved
PAY-00000501,TXN-0000501,Debit Card,73.69,2026-05-16 13:41:56,Approved
PAY-00000502,TXN-0000502,Credit Card,117.81,2026-05-04 08:46:04,Approved
PAY-00000503,TXN-0000503,Credit Card,372.95,2026-07-31 19:15:02,Approved
PAY-00000504,TXN-0000504,Cash,73.8,2026-07-19 15:05:13,Approved
PAY-00000505,TXN-0000505,Credit Card,78.59,2026-05-31 21:36:41,Approved
PAY-00000506,TXN-0000506,Cash,565.6,2026-07-08 17:56:22,Approved
PAY-00000507,TXN-0000507,Split Payment,45.88,2026-07-15 19:09:37,Approved
PAY-00000508,TXN-0000508,Credit Card,119.27,2026-05-13 12:40:40,Approved
PAY-00000509,TXN-0000509,Credit Card,218.35,2026-05-07 14:40:16,Approved
PAY-00000510,TXN-0000510,Split Payment,211.44,2026-07-07 08:32:49,Approved
PAY-00000511,TXN-0000511,Credit Card,22.58,2026-06-01 12:16:49,Approved
PAY-00000512,TXN-0000512,Split Payment,50.59,2026-05-18 12:45:42,Approved
PAY-00000513,TXN-0000513,Credit Card,164.32,2026-06-27 17:27:53,Approved
PAY-00000514,TXN-0000514,Cash,144.94,2026-07-23 20:34:53,Approved
PAY-00000515,TXN-0000515,Debit Card,46.67,2026-07-25 09:39:53,Approved
PAY-00000516,TXN-0000516,Cash,298.58,2026-07-26 21:52:33,Approved
PAY-00000517,TXN-0000517,Debit Card,303.9,2026-05-18 14:58:32,Approved
PAY-00000518,TXN-0000518,Credit Card,130.04,2026-05-18 18:16:42,Approved
PAY-00000519,TXN-0000519,Credit Card,55.95,2026-06-14 10:01:30,Approved
PAY-00000520,TXN-0000520,Credit Card,212.59,2026-07-07 12:29:23,Approved
PAY-00000521,TXN-0000521,Credit Card,262.28,2026-05-21 20:56:55,Approved
PAY-00000522,TXN-0000522,Credit Card,113.41,2026-06-28 17:18:26,Approved
PAY-00000523,TXN-0000523,Credit Card,184.62,2026-06-04 17:25:33,Approved
PAY-00000524,TXN-0000524,Debit Card,299.44,2026-05-31 17:41:53,Approved
PAY-00000525,TXN-0000525,Debit Card,393.77,2026-06-05 09:32:46,Approved
PAY-00000526,TXN-0000526,Cash,134.9,2026-06-18 21:27:43,Approved
PAY-00000527,TXN-0000527,Split Payment,177.27,2026-05-10 09:30:48,Approved
PAY-00000528,TXN-0000528,Debit Card,543.32,2026-05-07 11:05:23,Approved
PAY-00000529,TXN-0000529,Credit Card,346.09,2026-05-26 11:44:17,Approved
PAY-00000530,TXN-0000530,Cash,154.66,2026-05-10 19:13:36,Approved
PAY-00000531,TXN-0000531,Debit Card,229.02,2026-07-25 20:10:40,Approved
PAY-00000532,TXN-0000532,Debit Card,90.04,2026-07-15 11:53:19,Approved
PAY-00000533,TXN-0000533,Debit Card,98.48,2026-06-21 08:55:51,Approved
PAY-00000534,TXN-0000534,Debit Card,331.88,2026-07-14 18:31:50,Approved
PAY-00000535,TXN-0000535,Debit Card,17.67,2026-06-30 10:04:24,Approved
PAY-00000536,TXN-0000536,Debit Card,213.23,2026-05-25 14:41:12,Approved
PAY-00000537,TXN-0000537,Debit Card,213.52,2026-06-15 09:18:38,Approved
PAY-00000538,TXN-0000538,Credit Card,152.35,2026-05-21 21:35:50,Approved
PAY-00000539,TXN-0000539,Credit Card,141.88,2026-06-24 20:02:04,Approved
PAY-00000540,TXN-0000540,Gift Card,248.99,2026-06-18 21:20:33,Approved
PAY-00000541,TXN-0000541,Cash,223.23,2026-07-22 17:41:56,Approved
PAY-00000542,TXN-0000542,Debit Card,161.76,2026-06-07 09:31:15,Approved
PAY-00000543,TXN-0000543,Credit Card,154.78,2026-06-16 12:12:14,Approved
PAY-00000544,TXN-0000544,Debit Card,91.67,2026-06-08 21:47:18,Approved
PAY-00000545,TXN-0000545,Credit Card,124.08,2026-07-29 19:37:59,Approved
PAY-00000546,TXN-0000546,Credit Card,402.29,2026-07-21 20:40:31,Approved
PAY-00000547,TXN-0000547,Credit Card,200.05,2026-06-26 13:22:00,Approved
PAY-00000548,TXN-0000548,Debit Card,132.85,2026-05-02 10:11:23,Approved
PAY-00000549,TXN-0000549,Debit Card,36.25,2026-06-13 11:39:13,Approved
PAY-00000550,TXN-0000550,Credit Card,164.96,2026-07-03 18:22:27,Approved
PAY-00000551,TXN-0000551,Debit Card,39.36,2026-07-27 08:35:16,Approved
PAY-00000552,TXN-0000552,Cash,9.85,2026-06-15 08:56:37,Approved
PAY-00000553,TXN-0000553,Debit Card,158.19,2026-05-24 16:43:54,Approved
PAY-00000554,TXN-0000554,Split Payment,264.14,2026-05-23 20:03:14,Approved
PAY-00000555,TXN-0000555,Debit Card,217.24,2026-05-25 16:29:51,Approved
PAY-00000556,TXN-0000556,Credit Card,137.71,2026-05-08 17:42:02,Approved
PAY-00000557,TXN-0000557,Credit Card,224.41,2026-05-09 18:40:47,Approved
PAY-00000558,TXN-0000558,Credit Card,113.07,2026-05-11 19:18:29,Approved
PAY-00000559,TXN-0000559,Cash,276.75,2026-07-17 14:55:19,Approved
PAY-00000560,TXN-0000560,Credit Card,205.85,2026-06-19 18:39:02,Approved
PAY-00000561,TXN-0000561,Debit Card,229.73,2026-05-20 19:05:33,Approved
PAY-00000562,TXN-0000562,Debit Card,56.14,2026-07-25 11:59:46,Approved
PAY-00000563,TXN-0000563,Credit Card,96.6,2026-06-22 11:02:59,Approved
PAY-00000564,TXN-0000564,Credit Card,131.08,2026-06-28 08:30:10,Approved
PAY-00000565,TXN-0000565,Credit Card,348.73,2026-07-17 10:50:28,Approved
PAY-00000566,TXN-0000566,Credit Card,275.87,2026-06-07 15:02:05,Approved
PAY-00000567,TXN-0000567,Credit Card,145.2,2026-06-09 08:45:26,Approved
PAY-00000568,TXN-0000568,Credit Card,79.7,2026-07-05 11:30:47,Approved
PAY-00000569,TXN-0000569,Cash,230.36,2026-06-03 16:14:26,Approved
PAY-00000570,TXN-0000570,Debit Card,489.2,2026-05-24 15:46:26,Approved
PAY-00000571,TXN-0000571,Cash,271.49,2026-07-20 17:29:58,Approved
PAY-00000572,TXN-0000572,Gift Card,62.18,2026-06-08 08:55:56,Approved
PAY-00000573,TXN-0000573,Credit Card,77.4,2026-07-25 20:43:55,Approved
PAY-00000574,TXN-0000574,Debit Card,197.51,2026-06-02 15:21:54,Approved
PAY-00000575,TXN-0000575,Credit Card,535.46,2026-05-11 12:40:01,Approved
PAY-00000576,TXN-0000576,Debit Card,121.35,2026-06-17 10:15:03,Approved
PAY-00000577,TXN-0000577,Debit Card,75.66,2026-07-10 10:17:55,Approved
PAY-00000578,TXN-0000578,Credit Card,320.62,2026-07-08 17:56:44,Approved
PAY-00000579,TXN-0000579,Credit Card,101.7,2026-05-13 16:44:15,Approved
PAY-00000580,TXN-0000580,Split Payment,183.53,2026-05-07 08:38:21,Approved
PAY-00000581,TXN-0000581,Credit Card,39.78,2026-05-31 14:33:38,Approved
PAY-00000582,TXN-0000582,Cash,53.26,2026-06-01 14:28:53,Approved
PAY-00000583,TXN-0000583,Credit Card,260.66,2026-06-10 09:25:57,Approved
PAY-00000584,TXN-0000584,Cash,485.47,2026-06-25 18:21:18,Approved
PAY-00000585,TXN-0000585,Credit Card,146.25,2026-07-20 08:22:15,Approved
PAY-00000586,TXN-0000586,Credit Card,184.68,2026-06-02 16:44:17,Approved
PAY-00000587,TXN-0000587,Credit Card,153.94,2026-06-12 21:39:19,Approved
PAY-00000588,TXN-0000588,Credit Card,292.89,2026-07-26 11:42:11,Approved
PAY-00000589,TXN-0000589,Debit Card,104.59,2026-05-13 21:34:42,Approved
PAY-00000590,TXN-0000590,Debit Card,82.73,2026-05-09 16:55:47,Approved
PAY-00000591,TXN-0000591,Gift Card,384.68,2026-05-10 17:50:46,Approved
PAY-00000592,TXN-0000592,Credit Card,476.81,2026-06-24 15:15:00,Approved
PAY-00000593,TXN-0000593,Credit Card,98.72,2026-05-21 09:01:37,Approved
PAY-00000594,TXN-0000594,Credit Card,98.85,2026-05-20 08:43:54,Approved
PAY-00000595,TXN-0000595,Cash,166.76,2026-07-27 11:58:10,Approved
PAY-00000596,TXN-0000596,Cash,74.42,2026-06-18 11:39:10,Approved
PAY-00000597,TXN-0000597,Cash,181.28,2026-05-07 10:03:48,Approved
PAY-00000598,TXN-0000598,Credit Card,293.49,2026-05-10 13:10:36,Approved
PAY-00000599,TXN-0000599,Debit Card,114.1,2026-05-14 21:19:24,Approved
PAY-00000600,TXN-0000600,Gift Card,162.82,2026-07-03 09:29:03,Approved
PAY-00000601,TXN-0000601,Credit Card,231.01,2026-07-19 17:48:39,Approved
PAY-00000602,TXN-0000602,Gift Card,7.73,2026-07-15 15:22:21,Approved
PAY-00000603,TXN-0000603,Debit Card,463.2,2026-05-14 13:05:06,Approved
PAY-00000604,TXN-0000604,Credit Card,369.55,2026-05-10 09:08:28,Approved
PAY-00000605,TXN-0000605,Credit Card,252.76,2026-07-02 19:31:45,Approved
PAY-00000606,TXN-0000606,Debit Card,446.04,2026-06-29 14:46:42,Approved
PAY-00000607,TXN-0000607,Debit Card,100.08,2026-07-30 17:34:03,Approved
PAY-00000608,TXN-0000608,Credit Card,108.82,2026-06-15 14:09:06,Approved
PAY-00000609,TXN-0000609,Credit Card,96.45,2026-06-24 19:37:02,Approved
PAY-00000610,TXN-0000610,Debit Card,150.47,2026-05-26 15:27:21,Approved
PAY-00000611,TXN-0000611,Debit Card,73.56,2026-05-02 18:01:22,Approved
PAY-00000612,TXN-0000612,Cash,1.31,2026-07-02 21:50:08,Approved
PAY-00000613,TXN-0000613,Debit Card,287.03,2026-05-11 15:27:44,Approved
PAY-00000614,TXN-0000614,Cash,198.05,2026-06-17 19:06:58,Approved
PAY-00000615,TXN-0000615,Debit Card,44.31,2026-07-02 08:55:25,Approved
PAY-00000616,TXN-0000616,Credit Card,222.45,2026-05-02 10:15:35,Approved
PAY-00000617,TXN-0000617,Credit Card,152.81,2026-05-01 08:21:59,Approved
PAY-00000618,TXN-0000618,Cash,88.58,2026-07-31 10:13:55,Approved
PAY-00000619,TXN-0000619,Credit Card,284.26,2026-06-10 11:21:34,Approved
PAY-00000620,TXN-0000620,Debit Card,79.3,2026-05-26 14:41:13,Approved
PAY-00000621,TXN-0000621,Credit Card,106.72,2026-07-16 18:54:52,Approved
PAY-00000622,TXN-0000622,Credit Card,367.83,2026-06-30 09:30:40,Approved
PAY-00000623,TXN-0000623,Split Payment,9.84,2026-06-25 15:18:55,Approved
PAY-00000624,TXN-0000624,Credit Card,69.79,2026-07-25 18:26:32,Approved
PAY-00000625,TXN-0000625,Debit Card,144.96,2026-05-12 10:49:13,Approved
PAY-00000626,TXN-0000626,Credit Card,259.88,2026-06-22 15:31:18,Approved
PAY-00000627,TXN-0000627,Credit Card,222.63,2026-07-25 13:29:15,Approved
PAY-00000628,TXN-0000628,Credit Card,120.26,2026-05-29 12:29:00,Approved
PAY-00000629,TXN-0000629,Cash,95.0,2026-06-08 18:07:12,Approved
PAY-00000630,TXN-0000630,Credit Card,46.43,2026-05-09 16:00:55,Approved
PAY-00000631,TXN-0000631,Debit Card,245.41,2026-07-06 14:36:49,Approved
PAY-00000632,TXN-0000632,Credit Card,427.95,2026-05-17 19:04:57,Approved
PAY-00000633,TXN-0000633,Credit Card,216.32,2026-06-04 17:58:19,Approved
PAY-00000634,TXN-0000634,Cash,12.78,2026-05-14 15:44:03,Approved
PAY-00000635,TXN-0000635,Credit Card,107.55,2026-05-01 20:40:54,Approved
PAY-00000636,TXN-0000636,Gift Card,445.02,2026-05-15 09:23:46,Approved
PAY-00000637,TXN-0000637,Cash,262.14,2026-05-02 08:17:23,Approved
PAY-00000638,TXN-0000638,Gift Card,123.13,2026-05-05 08:55:22,Approved
PAY-00000639,TXN-0000639,Credit Card,375.69,2026-07-24 20:47:45,Approved
PAY-00000640,TXN-0000640,Credit Card,195.0,2026-05-14 21:09:13,Approved
PAY-00000641,TXN-0000641,Cash,555.85,2026-05-23 20:10:38,Approved
PAY-00000642,TXN-0000642,Credit Card,288.71,2026-05-08 15:47:59,Approved
PAY-00000643,TXN-0000643,Cash,287.78,2026-07-29 21:54:02,Approved
PAY-00000644,TXN-0000644,Cash,204.73,2026-07-07 11:12:41,Approved
PAY-00000645,TXN-0000645,Cash,97.08,2026-05-02 08:30:00,Approved
PAY-00000646,TXN-0000646,Credit Card,151.27,2026-06-23 11:47:23,Approved
PAY-00000647,TXN-0000647,Debit Card,43.16,2026-07-26 20:55:23,Approved
PAY-00000648,TXN-0000648,Credit Card,70.42,2026-07-20 12:03:47,Approved
PAY-00000649,TXN-0000649,Split Payment,333.58,2026-07-14 11:45:09,Approved
PAY-00000650,TXN-0000650,Credit Card,92.69,2026-05-17 19:55:49,Approved
PAY-00000651,TXN-0000651,Credit Card,121.6,2026-06-15 18:47:01,Approved
PAY-00000652,TXN-0000652,Gift Card,40.94,2026-06-12 10:44:12,Approved
PAY-00000653,TXN-0000653,Credit Card,166.99,2026-07-26 12:05:08,Approved
PAY-00000654,TXN-0000654,Cash,100.14,2026-07-31 09:21:25,Approved
PAY-00000655,TXN-0000655,Credit Card,51.61,2026-05-21 20:23:39,Approved
PAY-00000656,TXN-0000656,Cash,172.9,2026-06-18 11:31:57,Approved
PAY-00000657,TXN-0000657,Cash,110.14,2026-07-15 19:53:17,Approved
PAY-00000658,TXN-0000658,Credit Card,63.01,2026-07-24 12:39:09,Approved
PAY-00000659,TXN-0000659,Credit Card,399.93,2026-05-07 09:02:21,Approved
PAY-00000660,TXN-0000660,Debit Card,244.11,2026-05-06 16:11:42,Approved
PAY-00000661,TXN-0000661,Credit Card,198.79,2026-07-27 15:13:48,Approved
PAY-00000662,TXN-0000662,Debit Card,232.24,2026-07-14 16:53:02,Approved
PAY-00000663,TXN-0000663,Credit Card,239.55,2026-05-24 10:53:05,Approved
PAY-00000664,TXN-0000664,Credit Card,47.41,2026-05-07 11:27:31,Approved
PAY-00000665,TXN-0000665,Debit Card,207.24,2026-05-28 11:38:59,Approved
PAY-00000666,TXN-0000666,Credit Card,267.47,2026-07-26 14:25:05,Approved
PAY-00000667,TXN-0000667,Debit Card,44.77,2026-05-17 19:24:01,Approved
PAY-00000668,TXN-0000668,Cash,100.77,2026-07-05 17:28:17,Approved
PAY-00000669,TXN-0000669,Cash,206.96,2026-06-30 21:03:32,Approved
PAY-00000670,TXN-0000670,Credit Card,91.65,2026-07-13 21:27:31,Approved
PAY-00000671,TXN-0000671,Split Payment,164.61,2026-07-11 13:54:26,Approved
PAY-00000672,TXN-0000672,Credit Card,313.31,2026-06-21 14:02:08,Approved
PAY-00000673,TXN-0000673,Credit Card,155.08,2026-06-19 11:12:49,Approved
PAY-00000674,TXN-0000674,Debit Card,241.04,2026-07-13 13:30:50,Approved
PAY-00000675,TXN-0000675,Credit Card,240.38,2026-07-06 13:47:31,Approved
PAY-00000676,TXN-0000676,Debit Card,291.95,2026-06-20 11:40:51,Approved
PAY-00000677,TXN-0000677,Credit Card,297.42,2026-06-09 18:19:40,Approved
PAY-00000678,TXN-0000678,Credit Card,146.93,2026-07-24 21:33:28,Approved
PAY-00000679,TXN-0000679,Credit Card,111.29,2026-05-16 17:57:49,Approved
PAY-00000680,TXN-0000680,Split Payment,219.79,2026-05-11 09:22:28,Approved
PAY-00000681,TXN-0000681,Credit Card,81.21,2026-07-07 21:07:25,Approved
PAY-00000682,TXN-0000682,Credit Card,235.1,2026-06-25 18:40:11,Approved
PAY-00000683,TXN-0000683,Cash,151.87,2026-05-29 20:04:14,Approved
PAY-00000684,TXN-0000684,Debit Card,579.83,2026-05-10 20:54:25,Approved
PAY-00000685,TXN-0000685,Credit Card,192.32,2026-07-25 09:01:42,Approved
PAY-00000686,TXN-0000686,Gift Card,160.24,2026-06-22 10:03:36,Approved
PAY-00000687,TXN-0000687,Cash,471.36,2026-07-10 21:01:00,Approved
PAY-00000688,TXN-0000688,Cash,119.04,2026-06-28 21:04:15,Approved
PAY-00000689,TXN-0000689,Credit Card,145.42,2026-07-20 16:00:06,Approved
PAY-00000690,TXN-0000690,Credit Card,233.99,2026-07-12 10:59:19,Approved
PAY-00000691,TXN-0000691,Credit Card,278.26,2026-07-11 11:10:45,Approved
PAY-00000692,TXN-0000692,Gift Card,107.54,2026-05-26 10:37:00,Approved
PAY-00000693,TXN-0000693,Credit Card,159.71,2026-06-16 08:13:28,Approved
PAY-00000694,TXN-0000694,Credit Card,221.45,2026-05-01 08:17:32,Approved
PAY-00000695,TXN-0000695,Credit Card,95.38,2026-05-19 18:08:07,Approved
PAY-00000696,TXN-0000696,Credit Card,389.62,2026-06-03 13:40:24,Approved
PAY-00000697,TXN-0000697,Credit Card,69.22,2026-05-18 09:01:44,Approved
PAY-00000698,TXN-0000698,Cash,312.33,2026-06-27 13:45:50,Approved
PAY-00000699,TXN-0000699,Cash,182.57,2026-05-22 08:56:08,Approved
PAY-00000700,TXN-0000700,Debit Card,186.72,2026-06-09 17:59:41,Approved
PAY-00000701,TXN-0000701,Credit Card,254.96,2026-05-12 09:39:55,Approved
PAY-00000702,TXN-0000702,Debit Card,66.36,2026-05-21 20:35:05,Approved
PAY-00000703,TXN-0000703,Split Payment,144.39,2026-05-12 17:33:51,Approved
PAY-00000704,TXN-0000704,Debit Card,85.07,2026-07-12 17:54:13,Approved
PAY-00000705,TXN-0000705,Cash,438.21,2026-05-31 11:28:38,Approved
PAY-00000706,TXN-0000706,Credit Card,114.97,2026-06-01 14:31:20,Approved
PAY-00000707,TXN-0000707,Credit Card,166.22,2026-05-03 09:31:12,Approved
PAY-00000708,TXN-0000708,Split Payment,164.72,2026-05-22 15:19:09,Approved
PAY-00000709,TXN-0000709,Credit Card,239.62,2026-06-03 14:46:53,Approved
PAY-00000710,TXN-0000710,Debit Card,261.52,2026-05-13 17:24:30,Approved
PAY-00000711,TXN-0000711,Gift Card,225.99,2026-06-17 12:10:34,Approved
PAY-00000712,TXN-0000712,Cash,158.51,2026-06-21 11:23:59,Approved
PAY-00000713,TXN-0000713,Debit Card,77.02,2026-05-13 15:37:15,Approved
PAY-00000714,TXN-0000714,Credit Card,192.79,2026-05-29 09:37:47,Approved
PAY-00000715,TXN-0000715,Credit Card,114.06,2026-05-09 17:37:02,Approved
PAY-00000716,TXN-0000716,Cash,119.11,2026-07-25 21:38:09,Approved
PAY-00000717,TXN-0000717,Debit Card,311.01,2026-06-12 08:31:37,Approved
PAY-00000718,TXN-0000718,Credit Card,111.15,2026-06-15 21:00:39,Approved
PAY-00000719,TXN-0000719,Debit Card,181.44,2026-07-31 14:46:36,Approved
PAY-00000720,TXN-0000720,Credit Card,321.03,2026-05-19 10:06:51,Approved
PAY-00000721,TXN-0000721,Credit Card,308.16,2026-07-25 09:14:12,Approved
PAY-00000722,TXN-0000722,Credit Card,110.72,2026-05-08 17:24:52,Approved
PAY-00000723,TXN-0000723,Cash,281.03,2026-07-26 18:16:09,Approved
PAY-00000724,TXN-0000724,Credit Card,349.05,2026-05-21 09:29:20,Approved
PAY-00000725,TXN-0000725,Cash,81.48,2026-07-30 20:12:48,Approved
PAY-00000726,TXN-0000726,Debit Card,40.99,2026-07-15 16:44:02,Approved
PAY-00000727,TXN-0000727,Debit Card,231.68,2026-07-04 18:32:05,Approved
PAY-00000728,TXN-0000728,Split Payment,202.36,2026-07-13 21:23:15,Approved
PAY-00000729,TXN-0000729,Credit Card,136.7,2026-07-26 15:35:59,Approved
PAY-00000730,TXN-0000730,Cash,146.9,2026-06-22 21:46:57,Approved
PAY-00000731,TXN-0000731,Credit Card,388.93,2026-07-30 13:34:44,Approved
PAY-00000732,TXN-0000732,Debit Card,150.55,2026-07-04 17:33:39,Approved
PAY-00000733,TXN-0000733,Debit Card,93.96,2026-05-15 12:58:09,Approved
PAY-00000734,TXN-0000734,Credit Card,318.5,2026-07-19 17:31:20,Approved
PAY-00000735,TXN-0000735,Cash,177.2,2026-06-30 08:00:11,Approved
PAY-00000736,TXN-0000736,Credit Card,134.07,2026-05-07 17:58:02,Approved
PAY-00000737,TXN-0000737,Gift Card,68.3,2026-07-31 20:45:40,Approved
PAY-00000738,TXN-0000738,Cash,57.33,2026-05-12 18:05:42,Approved
PAY-00000739,TXN-0000739,Credit Card,307.49,2026-07-28 08:49:43,Approved
PAY-00000740,TXN-0000740,Split Payment,118.45,2026-06-16 18:22:39,Approved
PAY-00000741,TXN-0000741,Debit Card,84.39,2026-07-14 12:34:42,Approved
PAY-00000742,TXN-0000742,Credit Card,51.7,2026-05-30 20:19:35,Approved
PAY-00000743,TXN-0000743,Cash,423.72,2026-05-17 09:46:41,Approved
PAY-00000744,TXN-0000744,Credit Card,385.58,2026-05-21 19:01:50,Approved
PAY-00000745,TXN-0000745,Credit Card,251.38,2026-07-28 19:52:11,Approved
PAY-00000746,TXN-0000746,Cash,156.09,2026-05-05 20:49:19,Approved
PAY-00000747,TXN-0000747,Cash,281.85,2026-05-04 18:39:10,Approved
PAY-00000748,TXN-0000748,Credit Card,241.65,2026-07-11 16:20:14,Approved
PAY-00000749,TXN-0000749,Debit Card,109.56,2026-06-23 17:45:06,Approved
PAY-00000750,TXN-0000750,Cash,400.94,2026-06-28 19:17:10,Approved
PAY-00000751,TXN-0000751,Credit Card,49.34,2026-06-22 10:31:29,Approved
PAY-00000752,TXN-0000752,Debit Card,146.1,2026-06-28 08:27:56,Approved
PAY-00000753,TXN-0000753,Credit Card,74.19,2026-05-11 13:49:30,Approved
PAY-00000754,TXN-0000754,Credit Card,231.67,2026-07-17 15:39:20,Approved
PAY-00000755,TXN-0000755,Cash,249.44,2026-05-18 08:19:18,Approved
PAY-00000756,TXN-0000756,Credit Card,174.57,2026-07-08 09:34:51,Approved
PAY-00000757,TXN-0000757,Credit Card,301.89,2026-06-20 09:14:26,Approved
PAY-00000758,TXN-0000758,Credit Card,107.2,2026-07-26 19:21:02,Approved
PAY-00000759,TXN-0000759,Credit Card,118.69,2026-06-17 12:50:53,Approved
PAY-00000760,TXN-0000760,Credit Card,49.84,2026-07-13 16:34:42,Approved
PAY-00000761,TXN-0000761,Split Payment,44.31,2026-06-18 13:16:33,Approved
PAY-00000762,TXN-0000762,Credit Card,133.38,2026-05-17 12:07:10,Approved
PAY-00000763,TXN-0000763,Debit Card,170.52,2026-07-29 17:35:42,Approved
PAY-00000764,TXN-0000764,Credit Card,204.16,2026-06-20 19:42:05,Approved
PAY-00000765,TXN-0000765,Credit Card,77.37,2026-05-19 12:36:43,Approved
PAY-00000766,TXN-0000766,Credit Card,109.78,2026-07-24 08:39:41,Approved
PAY-00000767,TXN-0000767,Cash,202.69,2026-05-06 10:19:54,Approved
PAY-00000768,TXN-0000768,Credit Card,115.99,2026-06-06 12:18:01,Approved
PAY-00000769,TXN-0000769,Cash,445.53,2026-05-22 14:55:26,Approved
PAY-00000770,TXN-0000770,Credit Card,64.7,2026-07-20 09:05:08,Approved
PAY-00000771,TXN-0000771,Credit Card,87.23,2026-05-16 13:18:54,Approved
PAY-00000772,TXN-0000772,Split Payment,99.53,2026-05-16 12:27:27,Approved
PAY-00000773,TXN-0000773,Debit Card,197.49,2026-06-29 15:34:03,Approved
PAY-00000774,TXN-0000774,Debit Card,244.73,2026-06-21 20:32:15,Approved
PAY-00000775,TXN-0000775,Debit Card,481.76,2026-07-26 18:33:20,Approved
PAY-00000776,TXN-0000776,Cash,13.35,2026-07-02 14:12:20,Approved
PAY-00000777,TXN-0000777,Gift Card,200.72,2026-07-10 11:24:04,Approved
PAY-00000778,TXN-0000778,Cash,195.93,2026-06-30 15:06:33,Approved
PAY-00000779,TXN-0000779,Credit Card,96.1,2026-05-29 08:00:38,Approved
PAY-00000780,TXN-0000780,Cash,100.05,2026-07-13 10:08:46,Approved
PAY-00000781,TXN-0000781,Gift Card,299.29,2026-06-20 15:53:04,Approved
PAY-00000782,TXN-0000782,Cash,120.68,2026-07-22 16:42:50,Approved
PAY-00000783,TXN-0000783,Credit Card,321.7,2026-05-01 10:01:25,Approved
PAY-00000784,TXN-0000784,Cash,241.21,2026-05-04 18:10:50,Approved
PAY-00000785,TXN-0000785,Credit Card,192.74,2026-05-12 13:12:16,Approved
PAY-00000786,TXN-0000786,Debit Card,236.0,2026-07-10 08:09:41,Approved
PAY-00000787,TXN-0000787,Cash,191.92,2026-05-20 11:51:40,Approved
PAY-00000788,TXN-0000788,Credit Card,127.44,2026-05-05 17:49:04,Approved
PAY-00000789,TXN-0000789,Cash,49.99,2026-06-17 11:08:48,Approved
PAY-00000790,TXN-0000790,Cash,206.41,2026-05-09 12:15:05,Approved
PAY-00000791,TXN-0000791,Debit Card,64.63,2026-07-25 19:04:26,Approved
PAY-00000792,TXN-0000792,Credit Card,74.65,2026-06-02 21:38:29,Approved
PAY-00000793,TXN-0000793,Cash,110.9,2026-07-02 17:39:25,Approved
PAY-00000794,TXN-0000794,Debit Card,98.82,2026-06-25 13:51:15,Approved
PAY-00000795,TXN-0000795,Credit Card,376.46,2026-05-13 11:06:47,Approved
PAY-00000796,TXN-0000796,Debit Card,140.65,2026-06-22 20:49:11,Approved
PAY-00000797,TXN-0000797,Debit Card,294.87,2026-05-04 21:24:24,Approved
PAY-00000798,TXN-0000798,Gift Card,149.15,2026-06-23 13:55:10,Approved
PAY-00000799,TXN-0000799,Credit Card,125.4,2026-05-01 15:41:18,Approved
PAY-00000800,TXN-0000800,Credit Card,75.46,2026-07-11 13:29:44,Approved
PAY-00000801,TXN-0000801,Debit Card,179.11,2026-07-02 18:22:01,Approved
PAY-00000802,TXN-0000802,Credit Card,39.05,2026-06-25 14:33:18,Approved
PAY-00000803,TXN-0000803,Credit Card,266.35,2026-06-21 16:07:37,Approved
PAY-00000804,TXN-0000804,Gift Card,92.53,2026-06-20 14:45:28,Approved
PAY-00000805,TXN-0000805,Cash,274.58,2026-05-21 09:54:39,Approved
PAY-00000806,TXN-0000806,Debit Card,353.25,2026-05-13 11:50:21,Approved
PAY-00000807,TXN-0000807,Debit Card,109.91,2026-05-12 16:54:56,Approved
PAY-00000808,TXN-0000808,Credit Card,150.11,2026-07-07 14:39:36,Approved
PAY-00000809,TXN-0000809,Credit Card,271.17,2026-07-15 15:52:57,Approved
PAY-00000810,TXN-0000810,Credit Card,311.99,2026-05-25 11:37:30,Approved
PAY-00000811,TXN-0000811,Debit Card,241.81,2026-06-08 14:18:57,Approved
PAY-00000812,TXN-0000812,Cash,275.78,2026-07-02 19:36:51,Approved
PAY-00000813,TXN-0000813,Gift Card,334.11,2026-05-06 13:58:08,Approved
PAY-00000814,TXN-0000814,Cash,117.9,2026-06-09 09:09:44,Approved
PAY-00000815,TXN-0000815,Cash,196.1,2026-07-24 17:45:55,Approved
PAY-00000816,TXN-0000816,Debit Card,419.04,2026-07-22 09:48:30,Approved
PAY-00000817,TXN-0000817,Debit Card,102.6,2026-05-17 21:49:59,Approved
PAY-00000818,TXN-0000818,Debit Card,72.21,2026-05-13 10:41:28,Approved
PAY-00000819,TXN-0000819,Debit Card,151.08,2026-06-11 20:18:27,Approved
PAY-00000820,TXN-0000820,Credit Card,308.97,2026-06-16 13:23:47,Approved
PAY-00000821,TXN-0000821,Cash,198.15,2026-07-15 17:09:42,Approved
PAY-00000822,TXN-0000822,Credit Card,76.97,2026-06-28 11:42:55,Approved
PAY-00000823,TXN-0000823,Split Payment,308.97,2026-05-21 16:55:46,Approved
PAY-00000824,TXN-0000824,Credit Card,631.41,2026-06-13 18:45:14,Approved
PAY-00000825,TXN-0000825,Debit Card,168.7,2026-06-16 10:16:29,Approved
PAY-00000826,TXN-0000826,Cash,139.62,2026-06-26 17:51:37,Approved
PAY-00000827,TXN-0000827,Debit Card,26.11,2026-06-17 13:17:14,Approved
PAY-00000828,TXN-0000828,Cash,454.39,2026-05-15 19:27:19,Approved
PAY-00000829,TXN-0000829,Gift Card,64.55,2026-06-04 14:21:11,Approved
PAY-00000830,TXN-0000830,Credit Card,258.79,2026-05-09 13:27:37,Approved
PAY-00000831,TXN-0000831,Credit Card,438.47,2026-06-23 12:03:23,Approved
PAY-00000832,TXN-0000832,Debit Card,258.56,2026-07-02 21:03:43,Approved
PAY-00000833,TXN-0000833,Credit Card,70.02,2026-07-29 13:03:26,Approved
PAY-00000834,TXN-0000834,Debit Card,375.0,2026-06-17 12:14:29,Approved
PAY-00000835,TXN-0000835,Cash,53.83,2026-05-11 09:52:40,Approved
PAY-00000836,TXN-0000836,Cash,70.2,2026-07-28 16:15:06,Approved
PAY-00000837,TXN-0000837,Cash,467.32,2026-05-26 18:09:51,Approved
PAY-00000838,TXN-0000838,Debit Card,198.11,2026-07-24 20:07:22,Approved
PAY-00000839,TXN-0000839,Debit Card,50.22,2026-07-05 13:15:49,Approved
PAY-00000840,TXN-0000840,Credit Card,148.76,2026-07-04 11:17:18,Approved
PAY-00000841,TXN-0000841,Credit Card,582.38,2026-05-08 18:12:22,Approved
PAY-00000842,TXN-0000842,Credit Card,77.43,2026-06-26 18:26:06,Approved
PAY-00000843,TXN-0000843,Credit Card,157.49,2026-06-02 13:04:37,Approved
PAY-00000844,TXN-0000844,Debit Card,104.15,2026-07-22 10:01:06,Approved
PAY-00000845,TXN-0000845,Debit Card,70.8,2026-07-28 13:06:19,Approved
PAY-00000846,TXN-0000846,Debit Card,245.63,2026-06-11 19:04:54,Approved
PAY-00000847,TXN-0000847,Debit Card,287.88,2026-07-16 12:46:59,Approved
PAY-00000848,TXN-0000848,Credit Card,356.61,2026-07-23 13:03:16,Approved
PAY-00000849,TXN-0000849,Debit Card,213.91,2026-05-20 18:42:22,Approved
PAY-00000850,TXN-0000850,Debit Card,470.03,2026-06-12 13:26:19,Approved
PAY-00000851,TXN-0000851,Credit Card,151.65,2026-05-31 09:10:32,Approved
PAY-00000852,TXN-0000852,Credit Card,203.27,2026-07-13 20:29:18,Approved
PAY-00000853,TXN-0000853,Cash,218.07,2026-07-22 08:50:27,Approved
PAY-00000854,TXN-0000854,Debit Card,8.21,2026-05-13 10:26:52,Approved
PAY-00000855,TXN-0000855,Cash,173.57,2026-05-27 13:07:53,Approved
PAY-00000856,TXN-0000856,Debit Card,23.66,2026-05-09 17:29:15,Approved
PAY-00000857,TXN-0000857,Debit Card,121.11,2026-06-29 20:39:34,Approved
PAY-00000858,TXN-0000858,Debit Card,75.16,2026-07-19 18:29:17,Approved
PAY-00000859,TXN-0000859,Debit Card,119.72,2026-05-21 10:56:30,Approved
PAY-00000860,TXN-0000860,Debit Card,130.2,2026-07-24 21:48:05,Approved
PAY-00000861,TXN-0000861,Credit Card,280.35,2026-06-15 13:36:26,Approved
PAY-00000862,TXN-0000862,Credit Card,189.91,2026-05-29 08:22:50,Approved
PAY-00000863,TXN-0000863,Debit Card,145.54,2026-07-07 11:44:36,Approved
PAY-00000864,TXN-0000864,Debit Card,348.56,2026-06-14 20:52:27,Approved
PAY-00000865,TXN-0000865,Credit Card,136.97,2026-05-24 15:38:30,Approved
PAY-00000866,TXN-0000866,Cash,459.85,2026-06-07 17:58:51,Approved
PAY-00000867,TXN-0000867,Cash,132.9,2026-06-12 15:05:13,Approved
PAY-00000868,TXN-0000868,Debit Card,262.81,2026-07-14 17:36:13,Approved
PAY-00000869,TXN-0000869,Credit Card,366.42,2026-06-25 09:16:06,Approved
PAY-00000870,TXN-0000870,Gift Card,289.71,2026-07-03 20:30:39,Approved
PAY-00000871,TXN-0000871,Credit Card,325.06,2026-07-17 11:34:18,Approved
PAY-00000872,TXN-0000872,Credit Card,273.24,2026-05-06 21:45:56,Approved
PAY-00000873,TXN-0000873,Credit Card,247.67,2026-07-16 11:15:23,Approved
PAY-00000874,TXN-0000874,Credit Card,344.96,2026-07-01 16:45:18,Approved
PAY-00000875,TXN-0000875,Debit Card,311.31,2026-07-29 18:13:37,Approved
PAY-00000876,TXN-0000876,Debit Card,172.36,2026-05-09 18:24:37,Approved
PAY-00000877,TXN-0000877,Credit Card,163.42,2026-05-02 19:20:30,Approved
PAY-00000878,TXN-0000878,Cash,249.22,2026-07-03 09:21:33,Approved
PAY-00000879,TXN-0000879,Credit Card,346.2,2026-05-12 21:08:44,Approved
PAY-00000880,TXN-0000880,Credit Card,156.0,2026-05-09 08:41:52,Approved
PAY-00000881,TXN-0000881,Credit Card,48.96,2026-05-27 20:18:19,Approved
PAY-00000882,TXN-0000882,Cash,170.74,2026-05-07 12:06:39,Approved
PAY-00000883,TXN-0000883,Credit Card,440.77,2026-07-17 19:34:43,Approved
PAY-00000884,TXN-0000884,Cash,298.66,2026-05-07 15:03:44,Approved
PAY-00000885,TXN-0000885,Cash,65.69,2026-05-09 21:57:51,Approved
PAY-00000886,TXN-0000886,Debit Card,306.06,2026-07-20 09:08:02,Approved
PAY-00000887,TXN-0000887,Cash,261.26,2026-07-19 12:13:17,Approved
PAY-00000888,TXN-0000888,Debit Card,81.06,2026-06-14 16:31:02,Approved
PAY-00000889,TXN-0000889,Debit Card,126.12,2026-07-14 17:58:07,Approved
PAY-00000890,TXN-0000890,Debit Card,124.05,2026-06-01 10:38:26,Approved
PAY-00000891,TXN-0000891,Credit Card,423.89,2026-07-17 16:51:30,Approved
PAY-00000892,TXN-0000892,Credit Card,229.42,2026-06-23 18:48:59,Approved
PAY-00000893,TXN-0000893,Credit Card,552.45,2026-05-28 20:57:15,Approved
PAY-00000894,TXN-0000894,Credit Card,258.55,2026-05-04 10:33:01,Approved
PAY-00000895,TXN-0000895,Credit Card,239.64,2026-05-03 10:07:28,Approved
PAY-00000896,TXN-0000896,Split Payment,104.98,2026-06-29 12:59:24,Approved
PAY-00000897,TXN-0000897,Credit Card,477.4,2026-06-23 19:02:56,Approved
PAY-00000898,TXN-0000898,Debit Card,23.18,2026-07-04 15:28:19,Approved
PAY-00000899,TXN-0000899,Credit Card,204.05,2026-06-18 15:55:36,Approved
PAY-00000900,TXN-0000900,Credit Card,41.71,2026-07-01 17:32:41,Approved
PAY-00000901,TXN-0000901,Credit Card,114.87,2026-05-02 20:49:47,Approved
PAY-00000902,TXN-0000902,Credit Card,82.14,2026-06-07 16:15:08,Approved
PAY-00000903,TXN-0000903,Split Payment,326.54,2026-05-15 16:11:14,Approved
PAY-00000904,TXN-0000904,Gift Card,95.64,2026-06-28 08:24:25,Approved
PAY-00000905,TXN-0000905,Debit Card,122.94,2026-05-15 19:33:43,Approved
PAY-00000906,TXN-0000906,Cash,110.96,2026-06-07 16:17:02,Approved
PAY-00000907,TXN-0000907,Cash,219.23,2026-06-11 15:16:56,Approved
PAY-00000908,TXN-0000908,Cash,145.23,2026-05-15 13:23:32,Approved
PAY-00000909,TXN-0000909,Credit Card,114.1,2026-07-22 21:19:16,Approved
PAY-00000910,TXN-0000910,Debit Card,599.34,2026-06-28 19:51:27,Approved
PAY-00000911,TXN-0000911,Cash,131.86,2026-06-12 14:59:47,Approved
PAY-00000912,TXN-0000912,Credit Card,173.71,2026-05-01 18:02:00,Approved
PAY-00000913,TXN-0000913,Credit Card,138.25,2026-05-29 15:55:34,Approved
PAY-00000914,TXN-0000914,Debit Card,11.52,2026-07-12 15:50:53,Approved
PAY-00000915,TXN-0000915,Cash,299.08,2026-07-19 12:49:49,Approved
PAY-00000916,TXN-0000916,Credit Card,116.24,2026-07-07 11:14:30,Approved
PAY-00000917,TXN-0000917,Credit Card,5.96,2026-05-05 19:41:03,Approved
PAY-00000918,TXN-0000918,Credit Card,103.61,2026-06-30 11:40:13,Approved
PAY-00000919,TXN-0000919,Debit Card,54.74,2026-07-01 13:43:33,Approved
PAY-00000920,TXN-0000920,Gift Card,182.14,2026-05-06 18:47:34,Approved
PAY-00000921,TXN-0000921,Cash,71.79,2026-05-23 21:55:31,Approved
PAY-00000922,TXN-0000922,Credit Card,199.18,2026-06-29 19:39:47,Approved
PAY-00000923,TXN-0000923,Credit Card,89.68,2026-05-20 09:16:37,Approved
PAY-00000924,TXN-0000924,Credit Card,259.85,2026-06-07 12:42:43,Approved
PAY-00000925,TXN-0000925,Credit Card,250.84,2026-05-24 09:57:38,Approved
PAY-00000926,TXN-0000926,Cash,120.77,2026-07-13 08:56:52,Approved
PAY-00000927,TXN-0000927,Debit Card,200.56,2026-05-11 13:42:40,Approved
PAY-00000928,TXN-0000928,Credit Card,220.83,2026-06-28 10:44:43,Approved
PAY-00000929,TXN-0000929,Credit Card,371.65,2026-06-26 09:24:46,Approved
PAY-00000930,TXN-0000930,Credit Card,122.64,2026-07-16 15:15:53,Approved
PAY-00000931,TXN-0000931,Credit Card,277.91,2026-05-25 18:52:34,Approved
PAY-00000932,TXN-0000932,Debit Card,175.1,2026-07-10 09:53:44,Approved
PAY-00000933,TXN-0000933,Credit Card,196.23,2026-06-29 16:40:20,Approved
PAY-00000934,TXN-0000934,Credit Card,274.84,2026-05-08 16:29:07,Approved
PAY-00000935,TXN-0000935,Credit Card,52.19,2026-07-18 10:15:55,Approved
PAY-00000936,TXN-0000936,Credit Card,379.32,2026-07-31 12:16:13,Approved
PAY-00000937,TXN-0000937,Debit Card,169.77,2026-05-28 08:56:24,Approved
PAY-00000938,TXN-0000938,Cash,78.07,2026-07-11 17:35:06,Approved
PAY-00000939,TXN-0000939,Credit Card,188.12,2026-07-19 20:25:08,Approved
PAY-00000940,TXN-0000940,Credit Card,151.67,2026-07-29 21:09:15,Approved
PAY-00000941,TXN-0000941,Credit Card,237.29,2026-05-17 16:42:39,Approved
PAY-00000942,TXN-0000942,Debit Card,144.12,2026-05-22 10:08:16,Approved
PAY-00000943,TXN-0000943,Debit Card,132.36,2026-06-29 08:17:16,Approved
PAY-00000944,TXN-0000944,Credit Card,328.11,2026-07-21 12:42:34,Approved
PAY-00000945,TXN-0000945,Credit Card,378.63,2026-05-19 08:19:12,Approved
PAY-00000946,TXN-0000946,Cash,369.76,2026-06-19 10:01:46,Approved
PAY-00000947,TXN-0000947,Debit Card,311.96,2026-05-17 13:05:01,Approved
PAY-00000948,TXN-0000948,Credit Card,150.66,2026-06-17 09:50:22,Approved
PAY-00000949,TXN-0000949,Credit Card,155.72,2026-07-29 14:02:01,Approved
PAY-00000950,TXN-0000950,Credit Card,241.5,2026-06-22 18:27:40,Approved
PAY-00000951,TXN-0000951,Debit Card,427.79,2026-05-23 13:12:14,Approved
PAY-00000952,TXN-0000952,Credit Card,72.87,2026-05-26 17:45:57,Approved
PAY-00000953,TXN-0000953,Cash,121.99,2026-07-08 09:36:34,Approved
PAY-00000954,TXN-0000954,Debit Card,160.15,2026-06-28 09:22:18,Approved
PAY-00000955,TXN-0000955,Credit Card,48.05,2026-07-08 11:12:59,Approved
PAY-00000956,TXN-0000956,Debit Card,94.37,2026-05-07 14:28:07,Approved
PAY-00000957,TXN-0000957,Credit Card,366.67,2026-07-09 16:12:38,Approved
PAY-00000958,TXN-0000958,Credit Card,40.81,2026-05-13 11:45:11,Approved
PAY-00000959,TXN-0000959,Cash,229.03,2026-06-23 08:28:32,Approved
PAY-00000960,TXN-0000960,Cash,171.33,2026-07-17 15:36:42,Approved
PAY-00000961,TXN-0000961,Credit Card,177.79,2026-07-26 20:58:43,Approved
PAY-00000962,TXN-0000962,Cash,336.19,2026-06-06 20:03:50,Approved
PAY-00000963,TXN-0000963,Gift Card,173.02,2026-05-10 11:21:41,Approved
PAY-00000964,TXN-0000964,Credit Card,15.06,2026-07-25 15:21:12,Approved
PAY-00000965,TXN-0000965,Cash,96.84,2026-05-12 13:09:52,Approved
PAY-00000966,TXN-0000966,Debit Card,64.4,2026-05-01 09:32:09,Approved
PAY-00000967,TXN-0000967,Credit Card,533.93,2026-05-27 19:45:21,Approved
PAY-00000968,TXN-0000968,Cash,153.64,2026-05-23 11:42:46,Approved
PAY-00000969,TXN-0000969,Credit Card,238.5,2026-05-21 19:03:26,Approved
PAY-00000970,TXN-0000970,Credit Card,489.63,2026-05-14 15:49:45,Approved
PAY-00000971,TXN-0000971,Debit Card,351.65,2026-06-14 12:37:45,Approved
PAY-00000972,TXN-0000972,Credit Card,42.6,2026-06-07 19:03:30,Approved
PAY-00000973,TXN-0000973,Cash,323.95,2026-07-31 20:08:13,Approved
PAY-00000974,TXN-0000974,Credit Card,420.9,2026-05-26 14:35:25,Approved
PAY-00000975,TXN-0000975,Credit Card,233.58,2026-07-31 19:48:25,Approved
PAY-00000976,TXN-0000976,Cash,316.26,2026-07-13 11:15:34,Approved
PAY-00000977,TXN-0000977,Credit Card,207.32,2026-07-19 20:58:52,Approved
PAY-00000978,TXN-0000978,Cash,278.54,2026-06-02 11:03:07,Approved
PAY-00000979,TXN-0000979,Credit Card,41.89,2026-07-21 13:56:52,Approved
PAY-00000980,TXN-0000980,Credit Card,276.64,2026-06-24 16:18:50,Approved
PAY-00000981,TXN-0000981,Credit Card,215.11,2026-07-27 08:02:55,Approved
PAY-00000982,TXN-0000982,Debit Card,125.96,2026-06-06 17:06:22,Approved
PAY-00000983,TXN-0000983,Gift Card,116.91,2026-06-01 19:25:39,Approved
PAY-00000984,TXN-0000984,Credit Card,112.59,2026-05-14 15:56:24,Approved
PAY-00000985,TXN-0000985,Credit Card,254.68,2026-06-27 20:23:56,Approved
PAY-00000986,TXN-0000986,Credit Card,392.66,2026-06-15 12:44:35,Approved
PAY-00000987,TXN-0000987,Gift Card,70.87,2026-06-10 19:18:10,Approved
PAY-00000988,TXN-0000988,Debit Card,220.69,2026-07-20 12:48:46,Approved
PAY-00000989,TXN-0000989,Debit Card,140.18,2026-07-07 10:42:24,Approved
PAY-00000990,TXN-0000990,Debit Card,69.41,2026-07-27 16:49:51,Approved
PAY-00000991,TXN-0000991,Credit Card,325.41,2026-06-29 10:09:11,Approved
PAY-00000992,TXN-0000992,Debit Card,172.88,2026-06-20 11:35:33,Approved
PAY-00000993,TXN-0000993,Credit Card,333.4,2026-05-09 08:32:45,Approved
PAY-00000994,TXN-0000994,Gift Card,394.98,2026-07-06 21:28:12,Approved
PAY-00000995,TXN-0000995,Credit Card,123.3,2026-06-22 19:59:47,Approved
PAY-00000996,TXN-0000996,Debit Card,242.14,2026-07-04 10:48:29,Approved
PAY-00000997,TXN-0000997,Credit Card,242.59,2026-06-20 21:47:45,Approved
PAY-00000998,TXN-0000998,Debit Card,166.92,2026-06-06 20:44:01,Approved
PAY-00000999,TXN-0000999,Cash,128.94,2026-06-25 21:36:29,Approved
PAY-00001000,TXN-0001000,Credit Card,127.27,2026-07-28 11:58:02,Approved
PAY-00001001,TXN-0001001,Gift Card,182.5,2026-06-03 12:42:10,Approved
PAY-00001002,TXN-0001002,Debit Card,330.08,2026-07-07 21:23:10,Approved
PAY-00001003,TXN-0001003,Split Payment,272.02,2026-07-16 18:38:32,Approved
PAY-00001004,TXN-0001004,Debit Card,47.81,2026-05-21 15:40:16,Approved
PAY-00001005,TXN-0001005,Credit Card,192.52,2026-07-25 12:41:18,Approved
PAY-00001006,TXN-0001006,Cash,93.17,2026-06-25 20:36:47,Approved
PAY-00001007,TXN-0001007,Credit Card,109.33,2026-06-23 15:33:55,Approved
PAY-00001008,TXN-0001008,Credit Card,198.41,2026-06-29 11:12:20,Approved
PAY-00001009,TXN-0001009,Credit Card,99.83,2026-07-14 18:07:09,Approved
PAY-00001010,TXN-0001010,Split Payment,150.74,2026-07-26 18:34:51,Approved
PAY-00001011,TXN-0001011,Debit Card,133.38,2026-06-04 11:50:32,Approved
PAY-00001012,TXN-0001012,Credit Card,165.97,2026-05-14 21:56:21,Approved
PAY-00001013,TXN-0001013,Debit Card,247.91,2026-06-01 09:26:12,Approved
PAY-00001014,TXN-0001014,Credit Card,448.88,2026-05-28 16:19:04,Approved
PAY-00001015,TXN-0001015,Credit Card,179.56,2026-06-22 18:52:16,Approved
PAY-00001016,TXN-0001016,Gift Card,178.47,2026-06-26 16:48:57,Approved
PAY-00001017,TXN-0001017,Credit Card,342.35,2026-06-08 08:33:49,Approved
PAY-00001018,TXN-0001018,Credit Card,74.32,2026-07-29 09:59:41,Approved
PAY-00001019,TXN-0001019,Credit Card,124.24,2026-05-03 08:35:20,Approved
PAY-00001020,TXN-0001020,Debit Card,145.48,2026-07-07 21:34:13,Approved
PAY-00001021,TXN-0001021,Credit Card,311.94,2026-07-22 16:59:05,Approved
PAY-00001022,TXN-0001022,Credit Card,45.79,2026-06-02 17:57:10,Approved
PAY-00001023,TXN-0001023,Debit Card,286.29,2026-07-19 18:03:48,Approved
PAY-00001024,TXN-0001024,Credit Card,508.31,2026-06-14 13:06:19,Approved
PAY-00001025,TXN-0001025,Debit Card,193.26,2026-07-05 20:36:51,Approved
PAY-00001026,TXN-0001026,Credit Card,80.86,2026-05-15 20:59:04,Approved
PAY-00001027,TXN-0001027,Debit Card,367.11,2026-05-29 14:34:31,Approved
PAY-00001028,TXN-0001028,Cash,184.45,2026-07-09 11:21:48,Approved
PAY-00001029,TXN-0001029,Credit Card,8.78,2026-05-07 14:55:50,Approved
PAY-00001030,TXN-0001030,Cash,196.87,2026-05-26 14:30:23,Approved
PAY-00001031,TXN-0001031,Credit Card,108.07,2026-05-06 19:33:59,Approved
PAY-00001032,TXN-0001032,Credit Card,128.51,2026-05-15 17:11:31,Approved
PAY-00001033,TXN-0001033,Debit Card,316.89,2026-07-04 13:29:56,Approved
PAY-00001034,TXN-0001034,Debit Card,670.27,2026-05-30 20:40:50,Approved
PAY-00001035,TXN-0001035,Debit Card,114.97,2026-05-03 15:20:01,Approved
PAY-00001036,TXN-0001036,Cash,152.61,2026-06-04 20:25:10,Approved
PAY-00001037,TXN-0001037,Debit Card,129.17,2026-06-29 21:56:19,Approved
PAY-00001038,TXN-0001038,Debit Card,53.91,2026-06-01 14:45:16,Approved
PAY-00001039,TXN-0001039,Debit Card,200.55,2026-05-21 20:52:04,Approved
PAY-00001040,TXN-0001040,Credit Card,54.28,2026-05-24 13:41:54,Approved
PAY-00001041,TXN-0001041,Cash,146.23,2026-07-03 16:53:43,Approved
PAY-00001042,TXN-0001042,Gift Card,301.25,2026-07-05 16:17:21,Approved
PAY-00001043,TXN-0001043,Split Payment,204.11,2026-06-10 11:46:17,Approved
PAY-00001044,TXN-0001044,Credit Card,340.94,2026-05-26 18:25:40,Approved
PAY-00001045,TXN-0001045,Credit Card,114.52,2026-06-16 18:13:35,Approved
PAY-00001046,TXN-0001046,Cash,157.51,2026-06-22 19:56:20,Approved
PAY-00001047,TXN-0001047,Gift Card,161.68,2026-07-19 08:38:05,Approved
PAY-00001048,TXN-0001048,Credit Card,184.38,2026-07-06 18:51:41,Approved
PAY-00001049,TXN-0001049,Cash,168.38,2026-06-09 08:21:36,Approved
PAY-00001050,TXN-0001050,Credit Card,138.87,2026-05-15 13:43:10,Approved
PAY-00001051,TXN-0001051,Credit Card,110.35,2026-06-11 15:44:16,Approved
PAY-00001052,TXN-0001052,Cash,203.36,2026-06-08 20:38:31,Approved
PAY-00001053,TXN-0001053,Cash,173.95,2026-05-17 14:05:19,Approved
PAY-00001054,TXN-0001054,Split Payment,251.26,2026-05-12 08:01:19,Approved
PAY-00001055,TXN-0001055,Cash,328.99,2026-07-05 08:53:53,Approved
PAY-00001056,TXN-0001056,Credit Card,233.86,2026-06-16 08:45:20,Approved
PAY-00001057,TXN-0001057,Cash,278.06,2026-05-21 08:14:41,Approved
PAY-00001058,TXN-0001058,Credit Card,125.13,2026-05-28 14:50:07,Approved
PAY-00001059,TXN-0001059,Debit Card,575.85,2026-07-17 18:51:08,Approved
PAY-00001060,TXN-0001060,Credit Card,114.14,2026-07-04 16:56:20,Approved
PAY-00001061,TXN-0001061,Credit Card,169.13,2026-06-11 19:19:39,Approved
PAY-00001062,TXN-0001062,Cash,38.44,2026-07-26 14:05:57,Approved
PAY-00001063,TXN-0001063,Debit Card,34.27,2026-05-17 11:04:47,Approved
PAY-00001064,TXN-0001064,Cash,104.49,2026-05-07 20:02:43,Approved
PAY-00001065,TXN-0001065,Debit Card,137.16,2026-07-12 15:33:15,Approved
PAY-00001066,TXN-0001066,Credit Card,392.79,2026-05-09 08:38:04,Approved
PAY-00001067,TXN-0001067,Cash,118.64,2026-07-21 16:18:18,Approved
PAY-00001068,TXN-0001068,Debit Card,4.05,2026-07-10 08:33:46,Approved
PAY-00001069,TXN-0001069,Debit Card,248.3,2026-07-22 21:20:57,Approved
PAY-00001070,TXN-0001070,Cash,198.39,2026-05-07 11:30:47,Approved
PAY-00001071,TXN-0001071,Credit Card,261.0,2026-07-27 08:57:32,Approved
PAY-00001072,TXN-0001072,Split Payment,182.45,2026-06-04 11:21:00,Approved
PAY-00001073,TXN-0001073,Debit Card,84.29,2026-07-08 16:24:47,Approved
PAY-00001074,TXN-0001074,Credit Card,233.16,2026-07-23 10:49:47,Approved
PAY-00001075,TXN-0001075,Debit Card,254.07,2026-06-12 11:11:06,Approved
PAY-00001076,TXN-0001076,Debit Card,5.28,2026-07-10 12:55:08,Approved
PAY-00001077,TXN-0001077,Cash,32.53,2026-05-08 14:46:14,Approved
PAY-00001078,TXN-0001078,Credit Card,230.95,2026-06-03 13:53:05,Approved
PAY-00001079,TXN-0001079,Cash,240.44,2026-05-23 08:03:34,Approved
PAY-00001080,TXN-0001080,Cash,122.98,2026-07-26 13:01:50,Approved
PAY-00001081,TXN-0001081,Gift Card,304.42,2026-05-23 20:53:52,Approved
PAY-00001082,TXN-0001082,Debit Card,157.46,2026-05-16 14:22:21,Approved
PAY-00001083,TXN-0001083,Cash,171.27,2026-06-18 09:34:55,Approved
PAY-00001084,TXN-0001084,Debit Card,262.05,2026-05-19 12:40:35,Approved
PAY-00001085,TXN-0001085,Credit Card,157.34,2026-07-12 15:58:16,Approved
PAY-00001086,TXN-0001086,Credit Card,187.3,2026-07-03 20:38:09,Approved
PAY-00001087,TXN-0001087,Credit Card,168.41,2026-07-03 21:03:38,Approved
PAY-00001088,TXN-0001088,Credit Card,229.01,2026-05-25 12:02:10,Approved
PAY-00001089,TXN-0001089,Credit Card,238.27,2026-06-26 09:26:24,Approved
PAY-00001090,TXN-0001090,Cash,350.21,2026-06-27 16:11:13,Approved
PAY-00001091,TXN-0001091,Cash,199.86,2026-06-03 20:00:02,Approved
PAY-00001092,TXN-0001092,Debit Card,178.72,2026-05-05 16:28:36,Approved
PAY-00001093,TXN-0001093,Cash,454.06,2026-06-14 13:58:09,Approved
PAY-00001094,TXN-0001094,Credit Card,245.27,2026-07-05 19:33:16,Approved
PAY-00001095,TXN-0001095,Credit Card,173.21,2026-06-27 14:29:45,Approved
PAY-00001096,TXN-0001096,Credit Card,163.77,2026-06-20 10:08:15,Approved
PAY-00001097,TXN-0001097,Debit Card,188.26,2026-05-09 11:36:50,Approved
PAY-00001098,TXN-0001098,Cash,184.66,2026-06-26 17:18:28,Approved
PAY-00001099,TXN-0001099,Cash,166.17,2026-07-16 08:21:12,Approved
PAY-00001100,TXN-0001100,Credit Card,210.28,2026-05-23 16:00:55,Approved
PAY-00001101,TXN-0001101,Debit Card,326.95,2026-05-07 12:28:41,Approved
PAY-00001102,TXN-0001102,Credit Card,133.08,2026-07-28 14:33:17,Approved
PAY-00001103,TXN-0001103,Debit Card,36.35,2026-07-18 20:53:20,Approved
PAY-00001104,TXN-0001104,Debit Card,75.62,2026-07-16 19:02:13,Approved
PAY-00001105,TXN-0001105,Credit Card,501.9,2026-06-23 14:31:39,Approved
PAY-00001106,TXN-0001106,Debit Card,112.01,2026-07-14 13:13:05,Approved
PAY-00001107,TXN-0001107,Debit Card,191.38,2026-07-01 10:16:28,Approved
PAY-00001108,TXN-0001108,Gift Card,225.09,2026-06-30 18:53:34,Approved
PAY-00001109,TXN-0001109,Credit Card,165.03,2026-05-07 13:09:36,Approved
PAY-00001110,TXN-0001110,Credit Card,351.62,2026-07-05 21:07:05,Approved
PAY-00001111,TXN-0001111,Credit Card,200.23,2026-07-31 18:50:19,Approved
PAY-00001112,TXN-0001112,Credit Card,199.57,2026-07-15 18:12:24,Approved
PAY-00001113,TXN-0001113,Cash,223.29,2026-06-22 20:14:05,Approved
PAY-00001114,TXN-0001114,Gift Card,119.94,2026-06-29 10:41:05,Approved
PAY-00001115,TXN-0001115,Credit Card,149.75,2026-06-30 13:42:33,Approved
PAY-00001116,TXN-0001116,Debit Card,221.74,2026-05-15 19:43:26,Approved
PAY-00001117,TXN-0001117,Debit Card,145.87,2026-06-15 12:30:24,Approved
PAY-00001118,TXN-0001118,Credit Card,131.92,2026-07-13 19:32:09,Approved
PAY-00001119,TXN-0001119,Credit Card,337.33,2026-06-11 15:53:12,Approved
PAY-00001120,TXN-0001120,Debit Card,158.55,2026-05-14 08:56:47,Approved
PAY-00001121,TXN-0001121,Debit Card,105.86,2026-06-27 08:19:23,Approved
PAY-00001122,TXN-0001122,Credit Card,110.51,2026-05-21 17:40:41,Approved
PAY-00001123,TXN-0001123,Debit Card,160.21,2026-07-05 19:11:33,Approved
PAY-00001124,TXN-0001124,Cash,27.91,2026-07-14 13:16:43,Approved
PAY-00001125,TXN-0001125,Credit Card,419.47,2026-06-27 11:18:29,Approved
PAY-00001126,TXN-0001126,Debit Card,717.6,2026-06-16 16:10:43,Approved
PAY-00001127,TXN-0001127,Debit Card,282.35,2026-07-20 12:53:14,Approved
PAY-00001128,TXN-0001128,Debit Card,112.79,2026-07-09 18:49:39,Approved
PAY-00001129,TXN-0001129,Gift Card,265.74,2026-05-23 12:02:37,Approved
PAY-00001130,TXN-0001130,Debit Card,209.82,2026-05-07 17:26:50,Approved
PAY-00001131,TXN-0001131,Debit Card,185.32,2026-07-10 19:29:51,Approved
PAY-00001132,TXN-0001132,Credit Card,436.61,2026-06-22 21:51:21,Approved
PAY-00001133,TXN-0001133,Debit Card,230.2,2026-05-13 20:31:39,Approved
PAY-00001134,TXN-0001134,Gift Card,119.1,2026-07-25 17:59:24,Approved
PAY-00001135,TXN-0001135,Credit Card,74.43,2026-05-29 20:07:42,Approved
PAY-00001136,TXN-0001136,Credit Card,207.91,2026-06-17 20:24:05,Approved
PAY-00001137,TXN-0001137,Cash,254.53,2026-06-27 08:49:22,Approved
PAY-00001138,TXN-0001138,Credit Card,245.49,2026-07-01 10:44:08,Approved
PAY-00001139,TXN-0001139,Debit Card,511.12,2026-05-01 16:31:58,Approved
PAY-00001140,TXN-0001140,Gift Card,157.72,2026-05-06 10:44:27,Approved
PAY-00001141,TXN-0001141,Debit Card,308.57,2026-05-30 19:14:40,Approved
PAY-00001142,TXN-0001142,Credit Card,262.58,2026-06-19 08:47:37,Approved
PAY-00001143,TXN-0001143,Cash,192.06,2026-05-05 10:23:45,Approved
PAY-00001144,TXN-0001144,Debit Card,63.53,2026-07-24 15:31:21,Approved
PAY-00001145,TXN-0001145,Cash,544.88,2026-05-02 21:58:42,Approved
PAY-00001146,TXN-0001146,Debit Card,442.31,2026-06-01 10:17:54,Approved
PAY-00001147,TXN-0001147,Cash,9.02,2026-07-17 11:42:59,Approved
PAY-00001148,TXN-0001148,Credit Card,132.78,2026-06-23 18:17:09,Approved
PAY-00001149,TXN-0001149,Debit Card,188.34,2026-06-20 17:37:46,Approved
PAY-00001150,TXN-0001150,Credit Card,266.2,2026-07-05 09:26:46,Approved
PAY-00001151,TXN-0001151,Credit Card,267.75,2026-06-04 14:54:59,Approved
PAY-00001152,TXN-0001152,Credit Card,290.98,2026-05-09 12:29:55,Approved
PAY-00001153,TXN-0001153,Credit Card,209.06,2026-05-27 15:06:24,Approved
PAY-00001154,TXN-0001154,Cash,1009.24,2026-07-03 11:28:02,Approved
PAY-00001155,TXN-0001155,Credit Card,311.55,2026-06-06 14:58:56,Approved
PAY-00001156,TXN-0001156,Debit Card,180.33,2026-05-25 17:31:32,Approved
PAY-00001157,TXN-0001157,Credit Card,123.77,2026-06-11 21:16:41,Approved
PAY-00001158,TXN-0001158,Credit Card,223.0,2026-05-29 13:17:22,Approved
PAY-00001159,TXN-0001159,Credit Card,147.15,2026-05-30 08:09:56,Approved
PAY-00001160,TXN-0001160,Debit Card,307.6,2026-05-31 17:07:26,Approved
PAY-00001161,TXN-0001161,Cash,77.18,2026-07-12 15:50:35,Approved
PAY-00001162,TXN-0001162,Cash,78.0,2026-05-11 21:58:17,Approved
PAY-00001163,TXN-0001163,Cash,86.28,2026-06-01 21:13:54,Approved
PAY-00001164,TXN-0001164,Debit Card,245.03,2026-06-19 13:20:44,Approved
PAY-00001165,TXN-0001165,Credit Card,37.67,2026-05-09 08:32:02,Approved
PAY-00001166,TXN-0001166,Debit Card,125.14,2026-05-10 15:31:48,Approved
PAY-00001167,TXN-0001167,Split Payment,244.58,2026-05-03 20:53:52,Approved
PAY-00001168,TXN-0001168,Debit Card,181.94,2026-07-15 18:09:04,Approved
PAY-00001169,TXN-0001169,Credit Card,107.37,2026-06-04 18:58:50,Approved
PAY-00001170,TXN-0001170,Cash,165.1,2026-06-07 12:30:16,Approved
PAY-00001171,TXN-0001171,Gift Card,256.42,2026-05-03 11:05:30,Approved
PAY-00001172,TXN-0001172,Credit Card,317.37,2026-05-08 14:25:59,Approved
PAY-00001173,TXN-0001173,Debit Card,148.79,2026-07-25 21:06:35,Approved
PAY-00001174,TXN-0001174,Debit Card,332.53,2026-06-22 20:37:27,Approved
PAY-00001175,TXN-0001175,Credit Card,260.62,2026-06-18 20:53:34,Approved
PAY-00001176,TXN-0001176,Credit Card,206.15,2026-07-02 09:05:24,Approved
PAY-00001177,TXN-0001177,Credit Card,83.58,2026-05-19 18:24:35,Approved
PAY-00001178,TXN-0001178,Debit Card,94.23,2026-05-18 11:33:48,Approved
PAY-00001179,TXN-0001179,Split Payment,256.02,2026-06-04 20:36:50,Approved
PAY-00001180,TXN-0001180,Cash,266.14,2026-06-19 20:45:33,Approved
PAY-00001181,TXN-0001181,Credit Card,360.96,2026-05-27 20:58:28,Approved
PAY-00001182,TXN-0001182,Cash,101.58,2026-05-15 15:01:50,Approved
PAY-00001183,TXN-0001183,Debit Card,50.97,2026-07-30 15:40:22,Approved
PAY-00001184,TXN-0001184,Credit Card,241.46,2026-07-06 19:50:19,Approved
PAY-00001185,TXN-0001185,Split Payment,83.12,2026-07-27 20:19:58,Approved
PAY-00001186,TXN-0001186,Cash,216.73,2026-05-11 19:26:03,Approved
PAY-00001187,TXN-0001187,Credit Card,153.98,2026-05-29 10:36:51,Approved
PAY-00001188,TXN-0001188,Debit Card,241.71,2026-07-23 18:04:16,Approved
PAY-00001189,TXN-0001189,Gift Card,30.13,2026-05-14 10:53:08,Approved
PAY-00001190,TXN-0001190,Debit Card,500.53,2026-07-20 10:16:07,Approved
PAY-00001191,TXN-0001191,Credit Card,186.78,2026-06-08 15:51:16,Approved
PAY-00001192,TXN-0001192,Debit Card,179.59,2026-05-10 08:01:18,Approved
PAY-00001193,TXN-0001193,Cash,181.68,2026-06-01 12:57:23,Approved
PAY-00001194,TXN-0001194,Cash,158.21,2026-06-29 19:28:07,Approved
PAY-00001195,TXN-0001195,Credit Card,399.68,2026-05-13 15:37:09,Approved
PAY-00001196,TXN-0001196,Gift Card,371.84,2026-05-20 19:51:24,Approved
PAY-00001197,TXN-0001197,Credit Card,110.74,2026-07-28 17:17:04,Approved
PAY-00001198,TXN-0001198,Credit Card,126.69,2026-07-26 18:21:49,Approved
PAY-00001199,TXN-0001199,Credit Card,311.82,2026-05-20 09:58:59,Approved
PAY-00001200,TXN-0001200,Debit Card,80.58,2026-06-20 21:47:49,Approved
PAY-00001201,TXN-0001201,Debit Card,25.58,2026-05-29 08:11:35,Approved
PAY-00001202,TXN-0001202,Cash,147.75,2026-07-22 17:50:09,Approved
PAY-00001203,TXN-0001203,Credit Card,148.4,2026-05-28 13:50:16,Approved
PAY-00001204,TXN-0001204,Cash,55.38,2026-05-26 09:53:46,Approved
PAY-00001205,TXN-0001205,Gift Card,583.49,2026-06-13 20:44:00,Approved
PAY-00001206,TXN-0001206,Cash,538.68,2026-06-08 13:07:54,Approved
PAY-00001207,TXN-0001207,Credit Card,61.37,2026-07-01 10:44:16,Approved
PAY-00001208,TXN-0001208,Cash,148.06,2026-07-22 10:38:09,Approved
PAY-00001209,TXN-0001209,Credit Card,46.74,2026-05-19 17:32:42,Approved
PAY-00001210,TXN-0001210,Credit Card,102.41,2026-07-01 09:28:05,Approved
PAY-00001211,TXN-0001211,Debit Card,53.58,2026-07-19 15:03:15,Approved
PAY-00001212,TXN-0001212,Credit Card,422.56,2026-07-06 15:21:59,Approved
PAY-00001213,TXN-0001213,Debit Card,202.14,2026-06-28 15:03:27,Approved
PAY-00001214,TXN-0001214,Cash,123.14,2026-07-30 08:57:32,Approved
PAY-00001215,TXN-0001215,Cash,186.6,2026-07-28 19:54:13,Approved
PAY-00001216,TXN-0001216,Credit Card,37.0,2026-06-01 11:06:29,Approved
PAY-00001217,TXN-0001217,Cash,136.68,2026-06-25 10:55:52,Approved
PAY-00001218,TXN-0001218,Debit Card,144.66,2026-06-01 20:25:32,Approved
PAY-00001219,TXN-0001219,Split Payment,46.23,2026-07-18 20:14:03,Approved
PAY-00001220,TXN-0001220,Credit Card,202.03,2026-06-11 08:53:04,Approved
PAY-00001221,TXN-0001221,Debit Card,107.38,2026-06-04 14:30:08,Approved
PAY-00001222,TXN-0001222,Debit Card,114.57,2026-05-31 11:29:57,Approved
PAY-00001223,TXN-0001223,Credit Card,184.37,2026-06-27 18:38:46,Approved
PAY-00001224,TXN-0001224,Debit Card,197.91,2026-05-27 21:27:55,Approved
PAY-00001225,TXN-0001225,Gift Card,66.61,2026-05-25 10:23:14,Approved
PAY-00001226,TXN-0001226,Credit Card,275.09,2026-06-23 18:30:13,Approved
PAY-00001227,TXN-0001227,Credit Card,46.41,2026-06-19 16:36:21,Approved
PAY-00001228,TXN-0001228,Credit Card,56.85,2026-05-13 09:30:38,Approved
PAY-00001229,TXN-0001229,Credit Card,306.2,2026-07-27 09:25:59,Approved
PAY-00001230,TXN-0001230,Credit Card,40.78,2026-07-05 17:06:40,Approved
PAY-00001231,TXN-0001231,Debit Card,198.18,2026-06-11 20:58:25,Approved
PAY-00001232,TXN-0001232,Debit Card,153.79,2026-06-12 16:15:54,Approved
PAY-00001233,TXN-0001233,Credit Card,301.28,2026-05-21 12:35:56,Approved
PAY-00001234,TXN-0001234,Credit Card,269.95,2026-06-18 19:24:10,Approved
PAY-00001235,TXN-0001235,Credit Card,168.2,2026-06-28 18:05:08,Approved
PAY-00001236,TXN-0001236,Credit Card,303.5,2026-07-02 09:01:35,Approved
PAY-00001237,TXN-0001237,Debit Card,233.91,2026-05-29 21:39:45,Approved
PAY-00001238,TXN-0001238,Cash,110.29,2026-07-09 19:39:03,Approved
PAY-00001239,TXN-0001239,Credit Card,50.9,2026-05-03 21:48:52,Approved
PAY-00001240,TXN-0001240,Cash,415.82,2026-06-11 10:34:15,Approved
PAY-00001241,TXN-0001241,Credit Card,124.02,2026-05-15 20:53:59,Approved
PAY-00001242,TXN-0001242,Debit Card,127.91,2026-06-05 20:32:24,Approved
PAY-00001243,TXN-0001243,Credit Card,302.39,2026-05-19 11:16:22,Approved
PAY-00001244,TXN-0001244,Cash,305.55,2026-05-26 21:00:11,Approved
PAY-00001245,TXN-0001245,Debit Card,86.57,2026-07-04 19:45:43,Approved
PAY-00001246,TXN-0001246,Credit Card,148.84,2026-07-02 08:58:32,Approved
PAY-00001247,TXN-0001247,Credit Card,363.85,2026-05-12 19:43:52,Approved
PAY-00001248,TXN-0001248,Debit Card,40.97,2026-05-10 16:26:25,Approved
PAY-00001249,TXN-0001249,Credit Card,144.71,2026-06-25 15:51:45,Approved
PAY-00001250,TXN-0001250,Debit Card,212.39,2026-06-12 11:23:28,Approved
PAY-00001251,TXN-0001251,Credit Card,172.97,2026-07-25 19:41:52,Approved
PAY-00001252,TXN-0001252,Cash,163.72,2026-07-13 08:25:15,Approved
PAY-00001253,TXN-0001253,Debit Card,380.76,2026-06-25 11:52:37,Approved
PAY-00001254,TXN-0001254,Cash,211.08,2026-06-17 12:55:16,Approved
PAY-00001255,TXN-0001255,Cash,331.82,2026-06-26 13:16:30,Approved
PAY-00001256,TXN-0001256,Debit Card,312.76,2026-07-01 08:21:24,Approved
PAY-00001257,TXN-0001257,Credit Card,46.27,2026-05-05 18:24:53,Approved
PAY-00001258,TXN-0001258,Credit Card,435.84,2026-07-12 19:36:23,Approved
PAY-00001259,TXN-0001259,Cash,46.42,2026-07-03 12:44:45,Approved
PAY-00001260,TXN-0001260,Cash,137.98,2026-05-28 20:58:13,Approved
PAY-00001261,TXN-0001261,Credit Card,233.33,2026-05-21 17:29:08,Approved
PAY-00001262,TXN-0001262,Gift Card,65.62,2026-06-26 15:08:20,Approved
PAY-00001263,TXN-0001263,Credit Card,167.41,2026-07-19 19:09:34,Approved
PAY-00001264,TXN-0001264,Cash,227.57,2026-05-07 12:57:30,Approved
PAY-00001265,TXN-0001265,Credit Card,54.43,2026-06-03 19:09:02,Approved
PAY-00001266,TXN-0001266,Split Payment,223.05,2026-07-31 08:16:56,Approved
PAY-00001267,TXN-0001267,Cash,235.39,2026-06-12 17:52:58,Approved
PAY-00001268,TXN-0001268,Debit Card,144.12,2026-05-25 09:05:27,Approved
PAY-00001269,TXN-0001269,Credit Card,360.97,2026-06-04 14:52:18,Approved
PAY-00001270,TXN-0001270,Debit Card,114.62,2026-07-27 15:25:19,Approved
PAY-00001271,TXN-0001271,Credit Card,98.48,2026-05-23 17:56:11,Approved
PAY-00001272,TXN-0001272,Credit Card,21.37,2026-06-18 17:49:18,Approved
PAY-00001273,TXN-0001273,Cash,150.38,2026-05-06 15:34:27,Approved
PAY-00001274,TXN-0001274,Credit Card,426.31,2026-07-01 18:25:06,Approved
PAY-00001275,TXN-0001275,Debit Card,287.7,2026-06-07 19:21:27,Approved
PAY-00001276,TXN-0001276,Cash,422.18,2026-07-10 10:27:06,Approved
PAY-00001277,TXN-0001277,Debit Card,83.37,2026-06-22 11:34:43,Approved
PAY-00001278,TXN-0001278,Debit Card,268.51,2026-07-07 18:48:01,Approved
PAY-00001279,TXN-0001279,Debit Card,86.71,2026-07-22 18:30:57,Approved
PAY-00001280,TXN-0001280,Credit Card,215.43,2026-06-25 19:14:21,Approved
PAY-00001281,TXN-0001281,Cash,102.92,2026-06-27 19:38:20,Approved
PAY-00001282,TXN-0001282,Credit Card,6.16,2026-06-12 11:56:05,Approved
PAY-00001283,TXN-0001283,Debit Card,286.46,2026-06-13 08:46:46,Approved
PAY-00001284,TXN-0001284,Cash,59.91,2026-07-02 16:27:00,Approved
PAY-00001285,TXN-0001285,Credit Card,656.1,2026-06-16 14:40:37,Approved
PAY-00001286,TXN-0001286,Debit Card,220.32,2026-05-13 08:25:09,Approved
PAY-00001287,TXN-0001287,Credit Card,118.76,2026-06-07 14:59:59,Approved
PAY-00001288,TXN-0001288,Credit Card,168.41,2026-06-19 18:21:01,Approved
PAY-00001289,TXN-0001289,Debit Card,299.45,2026-06-04 20:18:43,Approved
PAY-00001290,TXN-0001290,Credit Card,79.12,2026-06-14 20:48:27,Approved
PAY-00001291,TXN-0001291,Split Payment,50.68,2026-07-16 20:32:41,Approved
PAY-00001292,TXN-0001292,Credit Card,334.3,2026-06-19 08:16:49,Approved
PAY-00001293,TXN-0001293,Credit Card,107.98,2026-07-27 16:43:28,Approved
PAY-00001294,TXN-0001294,Cash,192.31,2026-07-27 11:27:53,Approved
PAY-00001295,TXN-0001295,Debit Card,133.01,2026-07-01 08:32:09,Approved
PAY-00001296,TXN-0001296,Debit Card,229.03,2026-06-22 19:45:45,Approved
PAY-00001297,TXN-0001297,Debit Card,70.38,2026-07-15 20:45:43,Approved
PAY-00001298,TXN-0001298,Credit Card,171.52,2026-06-06 18:19:03,Approved
PAY-00001299,TXN-0001299,Credit Card,210.82,2026-07-12 11:31:13,Approved
PAY-00001300,TXN-0001300,Cash,218.09,2026-07-05 16:28:01,Approved
PAY-00001301,TXN-0001301,Debit Card,319.28,2026-06-10 13:16:23,Approved
PAY-00001302,TXN-0001302,Credit Card,271.36,2026-07-23 19:41:25,Approved
PAY-00001303,TXN-0001303,Debit Card,371.41,2026-07-23 14:53:56,Approved
PAY-00001304,TXN-0001304,Debit Card,310.3,2026-06-08 18:01:47,Approved
PAY-00001305,TXN-0001305,Debit Card,311.25,2026-05-23 08:09:45,Approved
PAY-00001306,TXN-0001306,Credit Card,376.13,2026-06-20 15:34:07,Approved
PAY-00001307,TXN-0001307,Cash,105.19,2026-06-17 13:22:12,Approved
PAY-00001308,TXN-0001308,Credit Card,168.33,2026-05-22 15:13:10,Approved
PAY-00001309,TXN-0001309,Debit Card,97.37,2026-07-30 08:03:37,Approved
PAY-00001310,TXN-0001310,Debit Card,95.94,2026-06-08 21:31:35,Approved
PAY-00001311,TXN-0001311,Credit Card,67.9,2026-07-28 08:18:42,Approved
PAY-00001312,TXN-0001312,Debit Card,190.77,2026-05-10 15:51:06,Approved
PAY-00001313,TXN-0001313,Credit Card,483.13,2026-06-20 16:15:24,Approved
PAY-00001314,TXN-0001314,Debit Card,219.59,2026-05-21 10:10:01,Approved
PAY-00001315,TXN-0001315,Credit Card,228.44,2026-05-31 20:38:55,Approved
PAY-00001316,TXN-0001316,Credit Card,235.73,2026-06-11 08:02:04,Approved
PAY-00001317,TXN-0001317,Cash,303.35,2026-06-13 20:40:17,Approved
PAY-00001318,TXN-0001318,Debit Card,10.79,2026-05-07 21:04:07,Approved
PAY-00001319,TXN-0001319,Cash,149.47,2026-07-18 08:12:36,Approved
PAY-00001320,TXN-0001320,Credit Card,182.43,2026-07-10 11:21:59,Approved
PAY-00001321,TXN-0001321,Credit Card,173.41,2026-07-27 15:35:12,Approved
PAY-00001322,TXN-0001322,Debit Card,217.13,2026-05-03 15:13:58,Approved
PAY-00001323,TXN-0001323,Debit Card,263.5,2026-07-09 15:20:20,Approved
PAY-00001324,TXN-0001324,Cash,169.19,2026-06-01 13:57:11,Approved
PAY-00001325,TXN-0001325,Credit Card,168.28,2026-06-19 15:04:51,Approved
PAY-00001326,TXN-0001326,Credit Card,195.46,2026-05-01 13:56:58,Approved
PAY-00001327,TXN-0001327,Credit Card,235.9,2026-05-26 08:28:42,Approved
PAY-00001328,TXN-0001328,Cash,187.34,2026-05-12 18:37:10,Approved
PAY-00001329,TXN-0001329,Debit Card,203.97,2026-05-06 11:52:30,Approved
PAY-00001330,TXN-0001330,Split Payment,170.32,2026-05-14 13:01:51,Approved
PAY-00001331,TXN-0001331,Credit Card,234.38,2026-05-08 17:03:37,Approved
PAY-00001332,TXN-0001332,Credit Card,362.54,2026-05-20 17:07:51,Approved
PAY-00001333,TXN-0001333,Debit Card,116.96,2026-07-22 11:53:47,Approved
PAY-00001334,TXN-0001334,Credit Card,57.64,2026-05-31 21:34:31,Approved
PAY-00001335,TXN-0001335,Credit Card,21.09,2026-07-07 08:25:33,Approved
PAY-00001336,TXN-0001336,Debit Card,406.48,2026-06-18 09:10:52,Approved
PAY-00001337,TXN-0001337,Debit Card,168.31,2026-05-18 20:01:31,Approved
PAY-00001338,TXN-0001338,Debit Card,460.31,2026-05-05 12:04:58,Approved
PAY-00001339,TXN-0001339,Debit Card,106.06,2026-05-06 08:28:14,Approved
PAY-00001340,TXN-0001340,Debit Card,170.96,2026-06-29 17:03:23,Approved
PAY-00001341,TXN-0001341,Debit Card,194.08,2026-05-24 16:04:01,Approved
PAY-00001342,TXN-0001342,Credit Card,31.89,2026-05-08 21:50:46,Approved
PAY-00001343,TXN-0001343,Cash,53.61,2026-07-20 11:32:43,Approved
PAY-00001344,TXN-0001344,Credit Card,53.67,2026-05-17 11:42:31,Approved
PAY-00001345,TXN-0001345,Cash,182.31,2026-07-19 15:11:54,Approved
PAY-00001346,TXN-0001346,Credit Card,227.55,2026-05-22 12:43:17,Approved
PAY-00001347,TXN-0001347,Gift Card,167.0,2026-07-19 08:52:50,Approved
PAY-00001348,TXN-0001348,Cash,188.23,2026-06-11 16:12:10,Approved
PAY-00001349,TXN-0001349,Credit Card,150.55,2026-06-04 15:06:52,Approved
PAY-00001350,TXN-0001350,Cash,112.71,2026-05-03 18:40:41,Approved
PAY-00001351,TXN-0001351,Cash,194.61,2026-05-23 08:48:30,Approved
PAY-00001352,TXN-0001352,Cash,52.43,2026-07-30 15:23:12,Approved
PAY-00001353,TXN-0001353,Cash,491.99,2026-07-21 13:49:12,Approved
PAY-00001354,TXN-0001354,Credit Card,95.08,2026-07-07 12:39:29,Approved
PAY-00001355,TXN-0001355,Cash,217.2,2026-05-16 16:56:53,Approved
PAY-00001356,TXN-0001356,Credit Card,514.01,2026-05-30 17:30:43,Approved
PAY-00001357,TXN-0001357,Gift Card,125.46,2026-05-17 15:05:16,Approved
PAY-00001358,TXN-0001358,Credit Card,111.87,2026-05-09 15:59:59,Approved
PAY-00001359,TXN-0001359,Debit Card,68.95,2026-06-15 10:09:53,Approved
PAY-00001360,TXN-0001360,Credit Card,148.01,2026-06-25 13:52:28,Approved
PAY-00001361,TXN-0001361,Credit Card,148.72,2026-05-20 08:23:24,Approved
PAY-00001362,TXN-0001362,Gift Card,100.37,2026-07-14 10:52:53,Approved
PAY-00001363,TXN-0001363,Cash,185.12,2026-05-12 10:17:31,Approved
PAY-00001364,TXN-0001364,Credit Card,353.97,2026-06-10 17:48:17,Approved
PAY-00001365,TXN-0001365,Debit Card,39.72,2026-06-03 20:54:52,Approved
PAY-00001366,TXN-0001366,Credit Card,207.83,2026-07-10 08:40:05,Approved
PAY-00001367,TXN-0001367,Debit Card,84.58,2026-05-27 19:27:08,Approved
PAY-00001368,TXN-0001368,Gift Card,46.36,2026-05-04 12:10:50,Approved
PAY-00001369,TXN-0001369,Cash,296.5,2026-07-17 08:49:01,Approved
PAY-00001370,TXN-0001370,Debit Card,136.57,2026-05-10 14:53:38,Approved
PAY-00001371,TXN-0001371,Credit Card,137.88,2026-07-25 10:26:41,Approved
PAY-00001372,TXN-0001372,Credit Card,502.1,2026-06-25 11:07:15,Approved
PAY-00001373,TXN-0001373,Debit Card,74.38,2026-07-01 15:44:52,Approved
PAY-00001374,TXN-0001374,Credit Card,171.37,2026-05-15 12:58:35,Approved
PAY-00001375,TXN-0001375,Credit Card,314.95,2026-06-09 13:25:04,Approved
PAY-00001376,TXN-0001376,Debit Card,254.59,2026-05-03 18:17:17,Approved
PAY-00001377,TXN-0001377,Credit Card,213.44,2026-05-10 20:14:44,Approved
PAY-00001378,TXN-0001378,Credit Card,222.03,2026-07-30 10:53:38,Approved
PAY-00001379,TXN-0001379,Cash,335.72,2026-07-12 18:34:12,Approved
PAY-00001380,TXN-0001380,Credit Card,205.28,2026-07-04 13:27:23,Approved
PAY-00001381,TXN-0001381,Cash,129.32,2026-06-20 09:56:17,Approved
PAY-00001382,TXN-0001382,Credit Card,134.86,2026-06-22 13:29:02,Approved
PAY-00001383,TXN-0001383,Cash,385.66,2026-06-10 20:20:04,Approved
PAY-00001384,TXN-0001384,Credit Card,253.16,2026-05-06 18:16:45,Approved
PAY-00001385,TXN-0001385,Credit Card,138.74,2026-05-02 11:55:28,Approved
PAY-00001386,TXN-0001386,Credit Card,298.73,2026-06-13 13:57:14,Approved
PAY-00001387,TXN-0001387,Debit Card,86.7,2026-05-07 10:23:22,Approved
PAY-00001388,TXN-0001388,Debit Card,152.78,2026-07-18 10:23:16,Approved
PAY-00001389,TXN-0001389,Credit Card,361.16,2026-05-18 16:12:08,Approved
PAY-00001390,TXN-0001390,Credit Card,329.67,2026-07-08 18:08:30,Approved
PAY-00001391,TXN-0001391,Cash,452.62,2026-05-23 09:13:10,Approved
PAY-00001392,TXN-0001392,Credit Card,125.93,2026-06-16 17:39:38,Approved
PAY-00001393,TXN-0001393,Credit Card,513.54,2026-07-22 21:15:11,Approved
PAY-00001394,TXN-0001394,Credit Card,25.29,2026-06-12 16:04:24,Approved
PAY-00001395,TXN-0001395,Credit Card,195.89,2026-07-28 09:51:08,Approved
PAY-00001396,TXN-0001396,Credit Card,399.05,2026-05-13 19:24:32,Approved
PAY-00001397,TXN-0001397,Debit Card,200.57,2026-07-06 17:04:37,Approved
PAY-00001398,TXN-0001398,Credit Card,106.75,2026-06-17 14:45:40,Approved
PAY-00001399,TXN-0001399,Cash,178.96,2026-07-08 19:57:47,Approved
PAY-00001400,TXN-0001400,Credit Card,256.95,2026-05-15 17:19:21,Approved
PAY-00001401,TXN-0001401,Credit Card,105.69,2026-05-21 10:11:46,Approved
PAY-00001402,TXN-0001402,Debit Card,176.36,2026-07-13 08:30:40,Approved
PAY-00001403,TXN-0001403,Cash,473.04,2026-05-26 12:36:24,Approved
PAY-00001404,TXN-0001404,Credit Card,117.66,2026-07-25 17:39:10,Approved
PAY-00001405,TXN-0001405,Debit Card,366.79,2026-06-16 14:31:00,Approved
PAY-00001406,TXN-0001406,Credit Card,84.71,2026-05-12 10:55:27,Approved
PAY-00001407,TXN-0001407,Gift Card,119.87,2026-05-08 21:04:45,Approved
PAY-00001408,TXN-0001408,Gift Card,340.94,2026-07-09 18:16:59,Approved
PAY-00001409,TXN-0001409,Gift Card,28.52,2026-06-19 08:11:38,Approved
PAY-00001410,TXN-0001410,Debit Card,483.53,2026-07-20 20:59:11,Approved
PAY-00001411,TXN-0001411,Cash,17.97,2026-07-22 18:20:28,Approved
PAY-00001412,TXN-0001412,Credit Card,261.43,2026-05-07 19:18:53,Approved
PAY-00001413,TXN-0001413,Credit Card,294.13,2026-05-06 17:42:04,Approved
PAY-00001414,TXN-0001414,Credit Card,112.2,2026-05-28 15:23:03,Approved
PAY-00001415,TXN-0001415,Cash,99.67,2026-05-07 20:23:08,Approved
PAY-00001416,TXN-0001416,Credit Card,84.5,2026-06-14 10:21:26,Approved
PAY-00001417,TXN-0001417,Credit Card,213.43,2026-05-12 19:30:50,Approved
PAY-00001418,TXN-0001418,Credit Card,183.2,2026-05-02 18:50:30,Approved
PAY-00001419,TXN-0001419,Credit Card,101.96,2026-07-29 09:19:21,Approved
PAY-00001420,TXN-0001420,Debit Card,124.82,2026-06-07 10:38:52,Approved
PAY-00001421,TXN-0001421,Credit Card,279.78,2026-05-07 15:09:04,Approved
PAY-00001422,TXN-0001422,Credit Card,67.8,2026-06-30 17:20:11,Approved
PAY-00001423,TXN-0001423,Gift Card,173.32,2026-05-26 11:48:22,Approved
PAY-00001424,TXN-0001424,Credit Card,42.58,2026-07-06 12:17:47,Approved
PAY-00001425,TXN-0001425,Credit Card,242.55,2026-07-19 11:09:47,Approved
PAY-00001426,TXN-0001426,Credit Card,270.05,2026-05-26 16:18:02,Approved
PAY-00001427,TXN-0001427,Credit Card,150.53,2026-06-21 16:33:23,Approved
PAY-00001428,TXN-0001428,Credit Card,280.38,2026-05-16 10:09:30,Approved
PAY-00001429,TXN-0001429,Credit Card,97.5,2026-06-24 21:02:12,Approved
PAY-00001430,TXN-0001430,Credit Card,40.72,2026-07-05 11:25:19,Approved
PAY-00001431,TXN-0001431,Cash,146.3,2026-06-22 17:52:33,Approved
PAY-00001432,TXN-0001432,Credit Card,123.14,2026-05-14 13:01:57,Approved
PAY-00001433,TXN-0001433,Debit Card,311.67,2026-05-06 11:55:15,Approved
PAY-00001434,TXN-0001434,Debit Card,107.85,2026-05-07 16:51:32,Approved
PAY-00001435,TXN-0001435,Cash,214.68,2026-06-14 15:54:38,Approved
PAY-00001436,TXN-0001436,Credit Card,159.85,2026-07-09 10:30:02,Approved
PAY-00001437,TXN-0001437,Credit Card,157.59,2026-05-30 13:23:09,Approved
PAY-00001438,TXN-0001438,Cash,155.63,2026-07-15 19:25:06,Approved
PAY-00001439,TXN-0001439,Credit Card,186.35,2026-05-16 15:53:26,Approved
PAY-00001440,TXN-0001440,Split Payment,115.21,2026-05-16 15:26:23,Approved
PAY-00001441,TXN-0001441,Debit Card,108.81,2026-05-28 13:21:32,Approved
PAY-00001442,TXN-0001442,Cash,106.29,2026-07-09 14:28:28,Approved
PAY-00001443,TXN-0001443,Credit Card,139.79,2026-05-13 11:00:48,Approved
PAY-00001444,TXN-0001444,Credit Card,294.19,2026-06-15 15:32:01,Approved
PAY-00001445,TXN-0001445,Cash,246.74,2026-06-26 19:24:16,Approved
PAY-00001446,TXN-0001446,Credit Card,35.76,2026-06-14 20:13:34,Approved
PAY-00001447,TXN-0001447,Debit Card,88.43,2026-06-30 17:44:45,Approved
PAY-00001448,TXN-0001448,Debit Card,80.64,2026-06-30 20:59:56,Approved
PAY-00001449,TXN-0001449,Credit Card,55.24,2026-05-04 21:56:03,Approved
PAY-00001450,TXN-0001450,Credit Card,187.83,2026-06-10 15:44:05,Approved
PAY-00001451,TXN-0001451,Credit Card,169.83,2026-07-14 14:30:16,Approved
PAY-00001452,TXN-0001452,Credit Card,225.22,2026-07-24 13:26:53,Approved
PAY-00001453,TXN-0001453,Credit Card,238.47,2026-06-24 10:15:44,Approved
PAY-00001454,TXN-0001454,Credit Card,267.8,2026-07-13 08:55:23,Approved
PAY-00001455,TXN-0001455,Debit Card,67.23,2026-06-23 11:15:12,Approved
PAY-00001456,TXN-0001456,Credit Card,315.12,2026-05-07 12:33:34,Approved
PAY-00001457,TXN-0001457,Debit Card,43.95,2026-07-27 17:06:38,Approved
PAY-00001458,TXN-0001458,Debit Card,204.92,2026-06-27 09:37:57,Approved
PAY-00001459,TXN-0001459,Debit Card,102.85,2026-05-13 10:04:07,Approved
PAY-00001460,TXN-0001460,Credit Card,162.9,2026-06-18 10:49:16,Approved
PAY-00001461,TXN-0001461,Credit Card,124.82,2026-07-22 12:36:11,Approved
PAY-00001462,TXN-0001462,Credit Card,232.23,2026-06-01 19:36:37,Approved
PAY-00001463,TXN-0001463,Debit Card,146.64,2026-06-19 09:01:49,Approved
PAY-00001464,TXN-0001464,Split Payment,315.94,2026-06-04 13:59:02,Approved
PAY-00001465,TXN-0001465,Credit Card,166.89,2026-06-17 10:18:21,Approved
PAY-00001466,TXN-0001466,Cash,144.99,2026-07-01 13:31:07,Approved
PAY-00001467,TXN-0001467,Credit Card,295.75,2026-07-02 09:26:56,Approved
PAY-00001468,TXN-0001468,Cash,90.15,2026-07-18 15:10:04,Approved
PAY-00001469,TXN-0001469,Credit Card,617.58,2026-05-14 10:06:23,Approved
PAY-00001470,TXN-0001470,Debit Card,61.35,2026-07-06 19:28:57,Approved
PAY-00001471,TXN-0001471,Debit Card,180.73,2026-07-17 08:43:11,Approved
PAY-00001472,TXN-0001472,Cash,140.58,2026-07-30 14:46:18,Approved
PAY-00001473,TXN-0001473,Debit Card,165.05,2026-06-12 17:56:05,Approved
PAY-00001474,TXN-0001474,Gift Card,240.26,2026-05-25 09:58:02,Approved
PAY-00001475,TXN-0001475,Credit Card,194.15,2026-06-26 08:51:15,Approved
PAY-00001476,TXN-0001476,Credit Card,235.6,2026-05-24 15:15:25,Approved
PAY-00001477,TXN-0001477,Debit Card,279.89,2026-05-06 17:53:55,Approved
PAY-00001478,TXN-0001478,Debit Card,225.84,2026-05-03 15:06:29,Approved
PAY-00001479,TXN-0001479,Credit Card,341.28,2026-06-09 18:15:28,Approved
PAY-00001480,TXN-0001480,Credit Card,162.82,2026-05-17 13:53:05,Approved
PAY-00001481,TXN-0001481,Cash,32.59,2026-05-24 17:21:50,Approved
PAY-00001482,TXN-0001482,Credit Card,138.68,2026-05-23 13:47:02,Approved
PAY-00001483,TXN-0001483,Credit Card,119.33,2026-07-30 20:41:19,Approved
PAY-00001484,TXN-0001484,Cash,134.22,2026-06-11 19:26:30,Approved
PAY-00001485,TXN-0001485,Debit Card,379.85,2026-06-23 08:11:29,Approved
PAY-00001486,TXN-0001486,Cash,91.57,2026-05-11 09:25:12,Approved
PAY-00001487,TXN-0001487,Credit Card,311.56,2026-06-09 11:50:35,Approved
PAY-00001488,TXN-0001488,Credit Card,264.79,2026-06-07 19:29:44,Approved
PAY-00001489,TXN-0001489,Debit Card,127.72,2026-07-29 12:07:47,Approved
PAY-00001490,TXN-0001490,Cash,267.08,2026-07-20 08:27:45,Approved
PAY-00001491,TXN-0001491,Credit Card,76.03,2026-05-18 09:25:15,Approved
PAY-00001492,TXN-0001492,Credit Card,121.57,2026-06-01 12:27:37,Approved
PAY-00001493,TXN-0001493,Gift Card,376.72,2026-06-11 11:13:32,Approved
PAY-00001494,TXN-0001494,Credit Card,344.5,2026-07-07 20:43:56,Approved
PAY-00001495,TXN-0001495,Debit Card,557.91,2026-06-05 08:52:39,Approved
PAY-00001496,TXN-0001496,Cash,258.84,2026-05-18 11:19:54,Approved
PAY-00001497,TXN-0001497,Cash,212.18,2026-07-06 11:06:25,Approved
PAY-00001498,TXN-0001498,Cash,123.3,2026-07-30 08:23:15,Approved
PAY-00001499,TXN-0001499,Debit Card,376.15,2026-05-01 08:06:57,Approved
PAY-00001500,TXN-0001500,Credit Card,176.19,2026-07-26 15:48:19,Approved
PAY-00001501,TXN-0001501,Debit Card,72.0,2026-05-13 14:48:14,Approved
PAY-00001502,TXN-0001502,Debit Card,142.54,2026-06-30 08:18:10,Approved
PAY-00001503,TXN-0001503,Split Payment,82.28,2026-07-30 16:34:42,Approved
PAY-00001504,TXN-0001504,Cash,419.22,2026-06-09 09:05:29,Approved
PAY-00001505,TXN-0001505,Cash,44.95,2026-07-29 21:14:09,Approved
PAY-00001506,TXN-0001506,Gift Card,183.28,2026-05-02 08:59:31,Approved
PAY-00001507,TXN-0001507,Gift Card,153.2,2026-07-10 20:08:32,Approved
PAY-00001508,TXN-0001508,Credit Card,79.81,2026-07-29 15:22:37,Approved
PAY-00001509,TXN-0001509,Credit Card,164.8,2026-07-13 17:40:52,Approved
PAY-00001510,TXN-0001510,Cash,382.09,2026-05-29 21:45:37,Approved
PAY-00001511,TXN-0001511,Debit Card,100.84,2026-05-07 12:17:31,Approved
PAY-00001512,TXN-0001512,Credit Card,142.43,2026-07-29 16:18:06,Approved
PAY-00001513,TXN-0001513,Credit Card,226.84,2026-05-13 18:27:05,Approved
PAY-00001514,TXN-0001514,Cash,126.08,2026-07-19 13:47:26,Approved
PAY-00001515,TXN-0001515,Cash,52.57,2026-06-14 10:23:19,Approved
PAY-00001516,TXN-0001516,Debit Card,123.04,2026-05-16 08:17:13,Approved
PAY-00001517,TXN-0001517,Credit Card,88.71,2026-05-27 10:29:22,Approved
PAY-00001518,TXN-0001518,Credit Card,233.36,2026-06-17 18:40:40,Approved
PAY-00001519,TXN-0001519,Debit Card,164.21,2026-06-17 18:55:33,Approved
PAY-00001520,TXN-0001520,Credit Card,53.37,2026-05-02 14:59:43,Approved
PAY-00001521,TXN-0001521,Credit Card,166.14,2026-07-16 16:20:58,Approved
PAY-00001522,TXN-0001522,Gift Card,201.38,2026-07-11 09:53:40,Approved
PAY-00001523,TXN-0001523,Cash,343.93,2026-05-12 16:46:52,Approved
PAY-00001524,TXN-0001524,Debit Card,74.3,2026-05-23 14:00:25,Approved
PAY-00001525,TXN-0001525,Credit Card,208.38,2026-06-12 10:59:09,Approved
PAY-00001526,TXN-0001526,Cash,79.6,2026-07-01 16:46:59,Approved
PAY-00001527,TXN-0001527,Credit Card,348.48,2026-05-25 18:30:24,Approved
PAY-00001528,TXN-0001528,Debit Card,114.5,2026-06-14 13:49:55,Approved
PAY-00001529,TXN-0001529,Credit Card,462.42,2026-05-27 10:55:54,Approved
PAY-00001530,TXN-0001530,Cash,110.16,2026-05-26 18:43:36,Approved
PAY-00001531,TXN-0001531,Split Payment,300.23,2026-06-17 11:34:46,Approved
PAY-00001532,TXN-0001532,Cash,233.29,2026-06-04 09:05:40,Approved
PAY-00001533,TXN-0001533,Split Payment,155.37,2026-05-09 17:08:31,Approved
PAY-00001534,TXN-0001534,Credit Card,40.84,2026-06-28 11:20:07,Approved
PAY-00001535,TXN-0001535,Cash,123.69,2026-06-26 12:21:15,Approved
PAY-00001536,TXN-0001536,Gift Card,109.66,2026-07-27 17:10:12,Approved
PAY-00001537,TXN-0001537,Debit Card,20.24,2026-06-10 14:41:01,Approved
PAY-00001538,TXN-0001538,Credit Card,112.75,2026-06-22 08:58:01,Approved
PAY-00001539,TXN-0001539,Debit Card,239.68,2026-06-23 08:01:17,Approved
PAY-00001540,TXN-0001540,Credit Card,209.09,2026-05-23 10:22:22,Approved
PAY-00001541,TXN-0001541,Credit Card,277.3,2026-05-02 17:40:46,Approved
PAY-00001542,TXN-0001542,Cash,102.18,2026-06-08 11:30:45,Approved
PAY-00001543,TXN-0001543,Credit Card,197.8,2026-07-06 15:40:15,Approved
PAY-00001544,TXN-0001544,Debit Card,281.99,2026-06-04 14:29:54,Approved
PAY-00001545,TXN-0001545,Credit Card,127.08,2026-06-26 13:55:32,Approved
PAY-00001546,TXN-0001546,Cash,231.23,2026-06-17 14:48:14,Approved
PAY-00001547,TXN-0001547,Credit Card,118.82,2026-05-02 20:34:44,Approved
PAY-00001548,TXN-0001548,Credit Card,403.58,2026-05-27 16:56:54,Approved
PAY-00001549,TXN-0001549,Gift Card,76.93,2026-07-23 10:09:17,Approved
PAY-00001550,TXN-0001550,Debit Card,313.49,2026-06-15 08:56:22,Approved
PAY-00001551,TXN-0001551,Cash,181.06,2026-05-15 13:43:48,Approved
PAY-00001552,TXN-0001552,Credit Card,114.68,2026-06-16 19:10:47,Approved
PAY-00001553,TXN-0001553,Debit Card,158.58,2026-06-16 21:41:42,Approved
PAY-00001554,TXN-0001554,Credit Card,16.54,2026-05-17 21:24:47,Approved
PAY-00001555,TXN-0001555,Cash,46.89,2026-05-14 08:44:40,Approved
PAY-00001556,TXN-0001556,Credit Card,96.27,2026-06-10 10:47:54,Approved
PAY-00001557,TXN-0001557,Split Payment,169.27,2026-07-22 21:16:49,Approved
PAY-00001558,TXN-0001558,Gift Card,209.9,2026-07-10 16:12:18,Approved
PAY-00001559,TXN-0001559,Cash,386.16,2026-07-09 20:09:48,Approved
PAY-00001560,TXN-0001560,Credit Card,195.76,2026-05-10 13:10:07,Approved
PAY-00001561,TXN-0001561,Gift Card,59.4,2026-05-01 20:47:26,Approved
PAY-00001562,TXN-0001562,Credit Card,223.77,2026-07-19 20:04:52,Approved
PAY-00001563,TXN-0001563,Credit Card,321.51,2026-07-09 08:10:39,Approved
PAY-00001564,TXN-0001564,Credit Card,120.66,2026-05-08 11:48:33,Approved
PAY-00001565,TXN-0001565,Debit Card,144.71,2026-06-16 17:38:32,Approved
PAY-00001566,TXN-0001566,Credit Card,236.75,2026-06-17 20:15:54,Approved
PAY-00001567,TXN-0001567,Credit Card,44.84,2026-07-05 14:58:16,Approved
PAY-00001568,TXN-0001568,Credit Card,122.09,2026-07-13 18:20:01,Approved
PAY-00001569,TXN-0001569,Credit Card,155.27,2026-07-01 12:52:32,Approved
PAY-00001570,TXN-0001570,Credit Card,337.18,2026-05-08 20:46:56,Approved
PAY-00001571,TXN-0001571,Cash,143.42,2026-06-20 12:13:56,Approved
PAY-00001572,TXN-0001572,Cash,16.23,2026-06-25 17:01:16,Approved
PAY-00001573,TXN-0001573,Debit Card,155.81,2026-06-26 16:05:45,Approved
PAY-00001574,TXN-0001574,Cash,161.59,2026-05-14 09:43:02,Approved
PAY-00001575,TXN-0001575,Cash,303.95,2026-06-28 21:14:38,Approved
PAY-00001576,TXN-0001576,Credit Card,212.74,2026-06-03 18:11:30,Approved
PAY-00001577,TXN-0001577,Debit Card,283.63,2026-05-11 11:01:11,Approved
PAY-00001578,TXN-0001578,Debit Card,202.01,2026-05-03 10:45:56,Approved
PAY-00001579,TXN-0001579,Credit Card,607.12,2026-05-31 08:54:19,Approved
PAY-00001580,TXN-0001580,Cash,140.44,2026-07-06 12:17:22,Approved
PAY-00001581,TXN-0001581,Split Payment,167.56,2026-06-04 12:20:37,Approved
PAY-00001582,TXN-0001582,Debit Card,114.29,2026-07-16 10:35:07,Approved
PAY-00001583,TXN-0001583,Credit Card,138.39,2026-05-30 10:50:50,Approved
PAY-00001584,TXN-0001584,Credit Card,197.14,2026-05-12 18:36:46,Approved
PAY-00001585,TXN-0001585,Gift Card,233.23,2026-07-27 15:29:55,Approved
PAY-00001586,TXN-0001586,Debit Card,272.14,2026-07-24 12:08:20,Approved
PAY-00001587,TXN-0001587,Debit Card,50.39,2026-05-02 17:01:15,Approved
PAY-00001588,TXN-0001588,Debit Card,35.44,2026-07-06 15:12:05,Approved
PAY-00001589,TXN-0001589,Debit Card,157.39,2026-07-17 18:13:33,Approved
PAY-00001590,TXN-0001590,Debit Card,104.5,2026-06-29 09:51:58,Approved
PAY-00001591,TXN-0001591,Credit Card,163.8,2026-06-12 21:25:27,Approved
PAY-00001592,TXN-0001592,Credit Card,388.46,2026-05-22 21:51:56,Approved
PAY-00001593,TXN-0001593,Cash,204.69,2026-07-22 18:59:36,Approved
PAY-00001594,TXN-0001594,Gift Card,362.59,2026-05-19 17:37:08,Approved
PAY-00001595,TXN-0001595,Gift Card,269.43,2026-06-13 21:07:46,Approved
PAY-00001596,TXN-0001596,Debit Card,328.97,2026-06-23 13:07:37,Approved
PAY-00001597,TXN-0001597,Debit Card,196.74,2026-06-19 08:23:08,Approved
PAY-00001598,TXN-0001598,Credit Card,101.95,2026-05-07 18:25:24,Approved
PAY-00001599,TXN-0001599,Debit Card,62.38,2026-06-19 14:18:54,Approved
PAY-00001600,TXN-0001600,Gift Card,56.21,2026-06-13 11:06:21,Approved
PAY-00001601,TXN-0001601,Debit Card,149.93,2026-06-20 13:01:54,Approved
PAY-00001602,TXN-0001602,Debit Card,158.65,2026-06-22 21:25:07,Approved
PAY-00001603,TXN-0001603,Cash,175.19,2026-05-24 19:11:02,Approved
PAY-00001604,TXN-0001604,Credit Card,66.01,2026-07-22 09:20:20,Approved
PAY-00001605,TXN-0001605,Credit Card,241.13,2026-07-17 10:20:35,Approved
PAY-00001606,TXN-0001606,Cash,143.51,2026-06-28 16:06:30,Approved
PAY-00001607,TXN-0001607,Debit Card,302.46,2026-05-25 18:35:41,Approved
PAY-00001608,TXN-0001608,Gift Card,193.27,2026-07-02 08:44:51,Approved
PAY-00001609,TXN-0001609,Debit Card,72.89,2026-06-12 10:36:24,Approved
PAY-00001610,TXN-0001610,Credit Card,228.51,2026-07-04 11:51:47,Approved
PAY-00001611,TXN-0001611,Credit Card,126.98,2026-06-05 11:04:45,Approved
PAY-00001612,TXN-0001612,Credit Card,54.54,2026-05-03 11:29:21,Approved
PAY-00001613,TXN-0001613,Credit Card,190.77,2026-05-23 11:08:30,Approved
PAY-00001614,TXN-0001614,Gift Card,190.15,2026-06-20 09:40:33,Approved
PAY-00001615,TXN-0001615,Cash,140.22,2026-05-04 15:22:04,Approved
PAY-00001616,TXN-0001616,Credit Card,94.3,2026-05-30 11:28:35,Approved
PAY-00001617,TXN-0001617,Credit Card,331.47,2026-05-04 08:22:29,Approved
PAY-00001618,TXN-0001618,Cash,219.59,2026-07-05 09:20:25,Approved
PAY-00001619,TXN-0001619,Credit Card,145.16,2026-06-30 20:57:13,Approved
PAY-00001620,TXN-0001620,Debit Card,337.39,2026-07-10 11:15:04,Approved
PAY-00001621,TXN-0001621,Cash,321.04,2026-05-12 16:58:35,Approved
PAY-00001622,TXN-0001622,Credit Card,352.62,2026-06-03 21:01:38,Approved
PAY-00001623,TXN-0001623,Split Payment,543.16,2026-07-23 19:59:12,Approved
PAY-00001624,TXN-0001624,Debit Card,110.33,2026-06-01 19:21:27,Approved
PAY-00001625,TXN-0001625,Credit Card,254.9,2026-05-20 14:17:19,Approved
PAY-00001626,TXN-0001626,Credit Card,322.71,2026-07-19 17:43:32,Approved
PAY-00001627,TXN-0001627,Credit Card,239.63,2026-07-21 09:52:25,Approved
PAY-00001628,TXN-0001628,Cash,87.59,2026-05-04 13:44:29,Approved
PAY-00001629,TXN-0001629,Cash,25.57,2026-05-15 20:00:51,Approved
PAY-00001630,TXN-0001630,Debit Card,275.46,2026-06-06 18:03:38,Approved
PAY-00001631,TXN-0001631,Credit Card,84.87,2026-05-15 11:19:35,Approved
PAY-00001632,TXN-0001632,Credit Card,245.92,2026-05-24 11:41:37,Approved
PAY-00001633,TXN-0001633,Credit Card,192.02,2026-07-14 20:23:55,Approved
PAY-00001634,TXN-0001634,Cash,78.02,2026-07-10 13:12:38,Approved
PAY-00001635,TXN-0001635,Cash,237.19,2026-07-18 11:39:52,Approved
PAY-00001636,TXN-0001636,Cash,279.05,2026-07-28 17:40:31,Approved
PAY-00001637,TXN-0001637,Cash,183.38,2026-07-07 21:21:36,Approved
PAY-00001638,TXN-0001638,Credit Card,170.21,2026-07-29 14:07:40,Approved
PAY-00001639,TXN-0001639,Credit Card,226.15,2026-06-06 17:46:39,Approved
PAY-00001640,TXN-0001640,Debit Card,373.15,2026-07-07 08:35:25,Approved
PAY-00001641,TXN-0001641,Credit Card,174.3,2026-05-26 15:52:01,Approved
PAY-00001642,TXN-0001642,Credit Card,253.48,2026-07-28 10:04:48,Approved
PAY-00001643,TXN-0001643,Credit Card,168.57,2026-06-11 21:01:55,Approved
PAY-00001644,TXN-0001644,Credit Card,64.56,2026-07-31 14:12:53,Approved
PAY-00001645,TXN-0001645,Credit Card,236.6,2026-07-02 08:36:51,Approved
PAY-00001646,TXN-0001646,Credit Card,49.51,2026-06-30 08:10:20,Approved
PAY-00001647,TXN-0001647,Credit Card,13.59,2026-07-19 15:50:35,Approved
PAY-00001648,TXN-0001648,Debit Card,169.86,2026-06-21 19:13:26,Approved
PAY-00001649,TXN-0001649,Credit Card,129.76,2026-06-03 08:42:19,Approved
PAY-00001650,TXN-0001650,Cash,94.97,2026-05-16 12:31:26,Approved
PAY-00001651,TXN-0001651,Credit Card,275.17,2026-05-05 10:37:52,Approved
PAY-00001652,TXN-0001652,Debit Card,336.46,2026-06-02 10:08:38,Approved
PAY-00001653,TXN-0001653,Gift Card,52.85,2026-07-24 08:30:04,Approved
PAY-00001654,TXN-0001654,Cash,81.24,2026-07-20 14:44:11,Approved
PAY-00001655,TXN-0001655,Cash,54.63,2026-05-01 13:23:31,Approved
PAY-00001656,TXN-0001656,Debit Card,67.96,2026-06-12 12:09:39,Approved
PAY-00001657,TXN-0001657,Credit Card,105.63,2026-07-04 18:27:00,Approved
PAY-00001658,TXN-0001658,Cash,380.46,2026-07-02 11:17:05,Approved
PAY-00001659,TXN-0001659,Cash,21.88,2026-07-06 20:32:24,Approved
PAY-00001660,TXN-0001660,Cash,162.45,2026-07-13 16:09:22,Approved
PAY-00001661,TXN-0001661,Split Payment,54.81,2026-06-28 13:45:19,Approved
PAY-00001662,TXN-0001662,Credit Card,71.75,2026-05-07 12:27:15,Approved
PAY-00001663,TXN-0001663,Credit Card,227.24,2026-07-08 18:58:18,Approved
PAY-00001664,TXN-0001664,Gift Card,131.09,2026-07-24 17:43:02,Approved
PAY-00001665,TXN-0001665,Cash,131.53,2026-07-19 17:31:03,Approved
PAY-00001666,TXN-0001666,Cash,64.63,2026-05-15 13:31:31,Approved
PAY-00001667,TXN-0001667,Gift Card,184.34,2026-05-10 11:45:56,Approved
PAY-00001668,TXN-0001668,Credit Card,231.07,2026-05-29 21:19:45,Approved
PAY-00001669,TXN-0001669,Credit Card,134.79,2026-05-19 15:06:32,Approved
PAY-00001670,TXN-0001670,Credit Card,54.81,2026-07-15 13:39:51,Approved
PAY-00001671,TXN-0001671,Gift Card,225.59,2026-07-24 11:16:31,Approved
PAY-00001672,TXN-0001672,Debit Card,413.19,2026-05-03 18:29:27,Approved
PAY-00001673,TXN-0001673,Credit Card,87.17,2026-06-14 09:16:18,Approved
PAY-00001674,TXN-0001674,Credit Card,168.32,2026-07-29 18:23:25,Approved
PAY-00001675,TXN-0001675,Debit Card,206.83,2026-06-03 11:52:54,Approved
PAY-00001676,TXN-0001676,Debit Card,285.63,2026-05-21 10:05:09,Approved
PAY-00001677,TXN-0001677,Debit Card,113.29,2026-05-25 20:13:25,Approved
PAY-00001678,TXN-0001678,Debit Card,187.13,2026-06-20 15:06:45,Approved
PAY-00001679,TXN-0001679,Debit Card,177.14,2026-06-12 17:29:28,Approved
PAY-00001680,TXN-0001680,Credit Card,269.07,2026-05-24 12:06:40,Approved
PAY-00001681,TXN-0001681,Debit Card,114.87,2026-06-23 19:06:19,Approved
PAY-00001682,TXN-0001682,Split Payment,322.11,2026-07-03 16:37:28,Approved
PAY-00001683,TXN-0001683,Split Payment,53.66,2026-05-03 12:19:20,Approved
PAY-00001684,TXN-0001684,Split Payment,100.59,2026-05-13 15:16:57,Approved
PAY-00001685,TXN-0001685,Debit Card,322.97,2026-06-15 20:17:25,Approved
PAY-00001686,TXN-0001686,Cash,181.29,2026-06-22 17:37:14,Approved
PAY-00001687,TXN-0001687,Debit Card,299.17,2026-06-27 08:43:38,Approved
PAY-00001688,TXN-0001688,Debit Card,280.06,2026-07-28 17:49:27,Approved
PAY-00001689,TXN-0001689,Cash,232.29,2026-06-05 15:27:50,Approved
PAY-00001690,TXN-0001690,Credit Card,185.95,2026-06-24 08:27:31,Approved
PAY-00001691,TXN-0001691,Credit Card,154.13,2026-06-20 14:06:50,Approved
PAY-00001692,TXN-0001692,Credit Card,496.13,2026-06-09 09:20:46,Approved
PAY-00001693,TXN-0001693,Cash,144.17,2026-07-27 10:00:22,Approved
PAY-00001694,TXN-0001694,Credit Card,192.25,2026-06-04 14:19:21,Approved
PAY-00001695,TXN-0001695,Cash,256.49,2026-07-16 21:52:12,Approved
PAY-00001696,TXN-0001696,Debit Card,163.02,2026-06-02 21:29:00,Approved
PAY-00001697,TXN-0001697,Split Payment,320.7,2026-05-30 10:22:44,Approved
PAY-00001698,TXN-0001698,Credit Card,236.98,2026-05-19 08:32:15,Approved
PAY-00001699,TXN-0001699,Debit Card,137.51,2026-07-11 14:18:37,Approved
PAY-00001700,TXN-0001700,Credit Card,158.88,2026-06-25 09:28:02,Approved
PAY-00001701,TXN-0001701,Credit Card,166.62,2026-07-14 09:02:53,Approved
PAY-00001702,TXN-0001702,Cash,315.7,2026-05-23 16:56:26,Approved
PAY-00001703,TXN-0001703,Debit Card,397.05,2026-07-27 11:27:58,Approved
PAY-00001704,TXN-0001704,Cash,51.72,2026-05-09 15:12:12,Approved
PAY-00001705,TXN-0001705,Debit Card,492.97,2026-06-17 19:58:16,Approved
PAY-00001706,TXN-0001706,Split Payment,491.72,2026-05-21 10:59:13,Approved
PAY-00001707,TXN-0001707,Cash,655.09,2026-06-06 10:22:49,Approved
PAY-00001708,TXN-0001708,Debit Card,167.76,2026-07-03 11:45:09,Approved
PAY-00001709,TXN-0001709,Debit Card,386.5,2026-05-09 08:43:56,Approved
PAY-00001710,TXN-0001710,Cash,66.02,2026-05-02 08:05:48,Approved
PAY-00001711,TXN-0001711,Cash,237.56,2026-07-21 21:33:06,Approved
PAY-00001712,TXN-0001712,Credit Card,56.93,2026-06-17 11:21:44,Approved
PAY-00001713,TXN-0001713,Credit Card,446.15,2026-06-25 13:12:16,Approved
PAY-00001714,TXN-0001714,Credit Card,557.04,2026-06-05 10:52:31,Approved
PAY-00001715,TXN-0001715,Credit Card,124.34,2026-07-01 16:41:56,Approved
PAY-00001716,TXN-0001716,Credit Card,31.35,2026-06-21 17:55:03,Approved
PAY-00001717,TXN-0001717,Credit Card,275.33,2026-05-04 16:08:35,Approved
PAY-00001718,TXN-0001718,Debit Card,451.87,2026-06-02 11:50:25,Approved
PAY-00001719,TXN-0001719,Credit Card,111.41,2026-07-29 18:43:12,Approved
PAY-00001720,TXN-0001720,Cash,85.94,2026-05-18 16:35:43,Approved
PAY-00001721,TXN-0001721,Debit Card,184.5,2026-07-05 21:26:57,Approved
PAY-00001722,TXN-0001722,Credit Card,42.78,2026-06-18 18:43:44,Approved
PAY-00001723,TXN-0001723,Gift Card,199.01,2026-06-16 18:55:43,Approved
PAY-00001724,TXN-0001724,Credit Card,119.98,2026-06-10 10:08:01,Approved
PAY-00001725,TXN-0001725,Debit Card,390.73,2026-06-06 09:23:04,Approved
PAY-00001726,TXN-0001726,Credit Card,173.87,2026-06-29 18:50:12,Approved
PAY-00001727,TXN-0001727,Cash,64.64,2026-05-04 14:07:38,Approved
PAY-00001728,TXN-0001728,Credit Card,290.34,2026-07-31 18:05:35,Approved
PAY-00001729,TXN-0001729,Credit Card,179.12,2026-07-25 14:51:19,Approved
PAY-00001730,TXN-0001730,Cash,79.3,2026-07-22 21:49:07,Approved
PAY-00001731,TXN-0001731,Credit Card,23.27,2026-07-24 15:59:11,Approved
PAY-00001732,TXN-0001732,Credit Card,27.57,2026-05-17 09:09:17,Approved
PAY-00001733,TXN-0001733,Credit Card,43.03,2026-06-29 08:40:55,Approved
PAY-00001734,TXN-0001734,Gift Card,374.4,2026-07-15 20:27:46,Approved
PAY-00001735,TXN-0001735,Debit Card,205.01,2026-05-26 16:15:48,Approved
PAY-00001736,TXN-0001736,Debit Card,185.15,2026-07-05 15:13:43,Approved
PAY-00001737,TXN-0001737,Credit Card,295.56,2026-05-29 19:02:01,Approved
PAY-00001738,TXN-0001738,Credit Card,155.59,2026-07-26 10:07:49,Approved
PAY-00001739,TXN-0001739,Credit Card,174.74,2026-05-09 13:42:19,Approved
PAY-00001740,TXN-0001740,Gift Card,195.54,2026-05-03 08:06:47,Approved
PAY-00001741,TXN-0001741,Debit Card,25.7,2026-07-06 16:40:32,Approved
PAY-00001742,TXN-0001742,Debit Card,234.82,2026-06-25 09:45:22,Approved
PAY-00001743,TXN-0001743,Debit Card,91.08,2026-06-05 12:17:46,Approved
PAY-00001744,TXN-0001744,Cash,268.64,2026-06-19 21:37:33,Approved
PAY-00001745,TXN-0001745,Credit Card,285.12,2026-07-12 13:51:13,Approved
PAY-00001746,TXN-0001746,Credit Card,361.89,2026-05-19 13:58:32,Approved
PAY-00001747,TXN-0001747,Split Payment,55.42,2026-06-03 12:30:05,Approved
PAY-00001748,TXN-0001748,Debit Card,101.84,2026-05-08 08:03:12,Approved
PAY-00001749,TXN-0001749,Split Payment,113.61,2026-05-18 20:56:17,Approved
PAY-00001750,TXN-0001750,Cash,73.72,2026-05-04 12:43:22,Approved
PAY-00001751,TXN-0001751,Credit Card,53.96,2026-05-09 12:37:25,Approved
PAY-00001752,TXN-0001752,Debit Card,152.37,2026-06-18 16:37:19,Approved
PAY-00001753,TXN-0001753,Cash,152.32,2026-05-19 18:16:43,Approved
PAY-00001754,TXN-0001754,Debit Card,40.22,2026-05-20 12:14:57,Approved
PAY-00001755,TXN-0001755,Credit Card,121.63,2026-07-05 15:20:41,Approved
PAY-00001756,TXN-0001756,Debit Card,333.9,2026-07-17 09:18:36,Approved
PAY-00001757,TXN-0001757,Cash,185.76,2026-06-05 17:00:55,Approved
PAY-00001758,TXN-0001758,Debit Card,112.65,2026-07-02 10:09:25,Approved
PAY-00001759,TXN-0001759,Debit Card,134.62,2026-07-15 08:04:12,Approved
PAY-00001760,TXN-0001760,Credit Card,249.41,2026-07-31 18:01:30,Approved
PAY-00001761,TXN-0001761,Debit Card,26.24,2026-06-05 17:03:30,Approved
PAY-00001762,TXN-0001762,Credit Card,58.7,2026-07-15 08:49:37,Approved
PAY-00001763,TXN-0001763,Gift Card,90.75,2026-07-05 17:33:43,Approved
PAY-00001764,TXN-0001764,Credit Card,80.37,2026-05-13 12:41:58,Approved
PAY-00001765,TXN-0001765,Gift Card,70.91,2026-07-02 19:59:23,Approved
PAY-00001766,TXN-0001766,Credit Card,137.12,2026-05-25 17:11:04,Approved
PAY-00001767,TXN-0001767,Debit Card,96.17,2026-05-13 17:42:22,Approved
PAY-00001768,TXN-0001768,Credit Card,185.34,2026-05-03 11:25:42,Approved
PAY-00001769,TXN-0001769,Debit Card,342.66,2026-06-27 16:48:12,Approved
PAY-00001770,TXN-0001770,Credit Card,220.83,2026-06-25 19:39:17,Approved
PAY-00001771,TXN-0001771,Debit Card,188.51,2026-05-04 20:10:55,Approved
PAY-00001772,TXN-0001772,Cash,46.55,2026-06-27 21:33:19,Approved
PAY-00001773,TXN-0001773,Debit Card,132.29,2026-07-01 20:13:19,Approved
PAY-00001774,TXN-0001774,Debit Card,293.21,2026-06-06 08:41:03,Approved
PAY-00001775,TXN-0001775,Credit Card,46.34,2026-05-15 11:21:11,Approved
PAY-00001776,TXN-0001776,Debit Card,505.09,2026-07-23 15:53:01,Approved
PAY-00001777,TXN-0001777,Credit Card,304.47,2026-06-23 18:18:02,Approved
PAY-00001778,TXN-0001778,Debit Card,336.27,2026-06-30 21:26:35,Approved
PAY-00001779,TXN-0001779,Debit Card,226.82,2026-06-11 16:41:53,Approved
PAY-00001780,TXN-0001780,Credit Card,181.5,2026-07-14 13:01:08,Approved
PAY-00001781,TXN-0001781,Split Payment,154.8,2026-07-23 20:32:21,Approved
PAY-00001782,TXN-0001782,Credit Card,114.11,2026-07-31 19:51:40,Approved
PAY-00001783,TXN-0001783,Credit Card,258.85,2026-06-30 09:11:28,Approved
PAY-00001784,TXN-0001784,Credit Card,323.4,2026-07-19 12:32:55,Approved
PAY-00001785,TXN-0001785,Credit Card,202.88,2026-06-27 17:10:25,Approved
PAY-00001786,TXN-0001786,Credit Card,38.64,2026-06-06 20:32:38,Approved
PAY-00001787,TXN-0001787,Credit Card,101.28,2026-07-16 21:39:36,Approved
PAY-00001788,TXN-0001788,Cash,250.3,2026-05-16 11:43:50,Approved
PAY-00001789,TXN-0001789,Cash,107.0,2026-07-12 09:50:04,Approved
PAY-00001790,TXN-0001790,Cash,237.22,2026-07-28 13:26:36,Approved
PAY-00001791,TXN-0001791,Debit Card,165.46,2026-05-26 20:48:57,Approved
PAY-00001792,TXN-0001792,Cash,198.34,2026-06-01 16:03:21,Approved
PAY-00001793,TXN-0001793,Cash,41.42,2026-07-09 15:45:45,Approved
PAY-00001794,TXN-0001794,Debit Card,62.75,2026-06-17 13:49:41,Approved
PAY-00001795,TXN-0001795,Debit Card,399.67,2026-06-01 15:04:34,Approved
PAY-00001796,TXN-0001796,Split Payment,272.48,2026-06-10 21:42:44,Approved
PAY-00001797,TXN-0001797,Split Payment,87.24,2026-07-14 12:08:27,Approved
PAY-00001798,TXN-0001798,Credit Card,83.08,2026-07-14 11:31:37,Approved
PAY-00001799,TXN-0001799,Gift Card,587.35,2026-07-25 09:04:23,Approved
PAY-00001800,TXN-0001800,Cash,143.64,2026-05-16 18:29:35,Approved
PAY-00001801,TXN-0001801,Debit Card,238.82,2026-05-22 12:33:20,Approved
PAY-00001802,TXN-0001802,Credit Card,484.41,2026-07-20 16:14:57,Approved
PAY-00001803,TXN-0001803,Split Payment,175.44,2026-06-07 21:43:29,Approved
PAY-00001804,TXN-0001804,Debit Card,59.95,2026-05-07 10:11:00,Approved
PAY-00001805,TXN-0001805,Cash,52.57,2026-06-23 12:11:51,Approved
PAY-00001806,TXN-0001806,Credit Card,122.0,2026-05-04 09:40:58,Approved
PAY-00001807,TXN-0001807,Credit Card,162.5,2026-07-08 20:30:27,Approved
PAY-00001808,TXN-0001808,Cash,109.29,2026-07-29 20:51:28,Approved
PAY-00001809,TXN-0001809,Cash,137.01,2026-06-14 10:41:37,Approved
PAY-00001810,TXN-0001810,Debit Card,134.69,2026-06-08 12:57:13,Approved
PAY-00001811,TXN-0001811,Cash,182.9,2026-06-02 08:22:15,Approved
PAY-00001812,TXN-0001812,Debit Card,355.55,2026-07-20 19:05:06,Approved
PAY-00001813,TXN-0001813,Debit Card,29.62,2026-06-15 18:46:35,Approved
PAY-00001814,TXN-0001814,Debit Card,35.01,2026-05-03 10:44:05,Approved
PAY-00001815,TXN-0001815,Cash,337.8,2026-07-09 16:55:10,Approved
PAY-00001816,TXN-0001816,Credit Card,212.65,2026-05-19 18:31:13,Approved
PAY-00001817,TXN-0001817,Debit Card,220.28,2026-06-07 20:09:40,Approved
PAY-00001818,TXN-0001818,Credit Card,270.46,2026-07-31 08:00:32,Approved
PAY-00001819,TXN-0001819,Cash,65.31,2026-06-18 14:41:09,Approved
PAY-00001820,TXN-0001820,Credit Card,430.99,2026-06-30 12:04:49,Approved
PAY-00001821,TXN-0001821,Credit Card,158.19,2026-07-05 14:59:49,Approved
PAY-00001822,TXN-0001822,Credit Card,401.31,2026-07-12 15:08:37,Approved
PAY-00001823,TXN-0001823,Credit Card,33.24,2026-07-28 13:32:51,Approved
PAY-00001824,TXN-0001824,Debit Card,419.99,2026-06-22 16:49:40,Approved
PAY-00001825,TXN-0001825,Gift Card,9.54,2026-05-16 19:28:16,Approved
PAY-00001826,TXN-0001826,Credit Card,71.79,2026-07-17 10:14:20,Approved
PAY-00001827,TXN-0001827,Credit Card,57.61,2026-05-26 09:09:23,Approved
PAY-00001828,TXN-0001828,Cash,135.11,2026-06-22 16:20:21,Approved
PAY-00001829,TXN-0001829,Debit Card,346.73,2026-07-17 09:00:03,Approved
PAY-00001830,TXN-0001830,Split Payment,158.36,2026-06-12 11:42:45,Approved
PAY-00001831,TXN-0001831,Credit Card,98.11,2026-06-13 20:20:18,Approved
PAY-00001832,TXN-0001832,Credit Card,387.06,2026-05-17 15:18:58,Approved
PAY-00001833,TXN-0001833,Credit Card,263.4,2026-05-02 11:44:43,Approved
PAY-00001834,TXN-0001834,Cash,176.37,2026-06-06 15:42:51,Approved
PAY-00001835,TXN-0001835,Credit Card,655.71,2026-06-19 18:09:53,Approved
PAY-00001836,TXN-0001836,Credit Card,98.6,2026-07-13 19:27:11,Approved
PAY-00001837,TXN-0001837,Debit Card,98.5,2026-07-27 12:06:43,Approved
PAY-00001838,TXN-0001838,Debit Card,164.86,2026-06-18 15:57:31,Approved
PAY-00001839,TXN-0001839,Debit Card,307.49,2026-06-23 11:09:49,Approved
PAY-00001840,TXN-0001840,Gift Card,139.01,2026-06-19 09:03:46,Approved
PAY-00001841,TXN-0001841,Credit Card,336.1,2026-06-09 17:52:00,Approved
PAY-00001842,TXN-0001842,Credit Card,360.44,2026-07-17 12:54:36,Approved
PAY-00001843,TXN-0001843,Cash,104.97,2026-06-11 13:42:13,Approved
PAY-00001844,TXN-0001844,Split Payment,277.48,2026-06-23 17:15:41,Approved
PAY-00001845,TXN-0001845,Cash,143.98,2026-05-10 13:49:31,Approved
PAY-00001846,TXN-0001846,Credit Card,116.73,2026-05-25 10:01:02,Approved
PAY-00001847,TXN-0001847,Gift Card,197.36,2026-05-14 14:15:46,Approved
PAY-00001848,TXN-0001848,Credit Card,228.08,2026-05-22 21:17:36,Approved
PAY-00001849,TXN-0001849,Cash,208.63,2026-06-17 14:12:43,Approved
PAY-00001850,TXN-0001850,Credit Card,142.1,2026-06-15 19:21:47,Approved
PAY-00001851,TXN-0001851,Split Payment,198.2,2026-05-25 18:20:54,Approved
PAY-00001852,TXN-0001852,Debit Card,146.25,2026-06-18 13:34:23,Approved
PAY-00001853,TXN-0001853,Credit Card,63.67,2026-06-17 09:22:48,Approved
PAY-00001854,TXN-0001854,Credit Card,44.22,2026-05-17 21:27:14,Approved
PAY-00001855,TXN-0001855,Cash,57.73,2026-05-28 11:38:58,Approved
PAY-00001856,TXN-0001856,Credit Card,170.74,2026-07-06 10:08:44,Approved
PAY-00001857,TXN-0001857,Credit Card,156.98,2026-05-11 19:41:01,Approved
PAY-00001858,TXN-0001858,Cash,214.52,2026-05-15 16:32:51,Approved
PAY-00001859,TXN-0001859,Debit Card,210.48,2026-06-21 12:45:38,Approved
PAY-00001860,TXN-0001860,Cash,123.56,2026-05-10 11:31:12,Approved
PAY-00001861,TXN-0001861,Credit Card,80.4,2026-07-15 10:48:50,Approved
PAY-00001862,TXN-0001862,Debit Card,155.19,2026-07-14 09:37:59,Approved
PAY-00001863,TXN-0001863,Credit Card,177.54,2026-06-13 18:48:18,Approved
PAY-00001864,TXN-0001864,Credit Card,161.95,2026-07-17 18:17:42,Approved
PAY-00001865,TXN-0001865,Debit Card,298.36,2026-06-26 19:42:14,Approved
PAY-00001866,TXN-0001866,Debit Card,160.0,2026-06-17 10:19:27,Approved
PAY-00001867,TXN-0001867,Credit Card,69.56,2026-06-02 12:43:30,Approved
PAY-00001868,TXN-0001868,Cash,169.57,2026-06-16 16:20:10,Approved
PAY-00001869,TXN-0001869,Debit Card,277.13,2026-07-26 21:41:49,Approved
PAY-00001870,TXN-0001870,Debit Card,206.09,2026-07-08 18:25:05,Approved
PAY-00001871,TXN-0001871,Debit Card,466.61,2026-07-31 18:01:16,Approved
PAY-00001872,TXN-0001872,Credit Card,58.67,2026-07-02 20:27:56,Approved
PAY-00001873,TXN-0001873,Debit Card,70.19,2026-05-13 14:45:26,Approved
PAY-00001874,TXN-0001874,Debit Card,38.74,2026-06-22 21:34:38,Approved
PAY-00001875,TXN-0001875,Credit Card,275.24,2026-05-14 09:55:22,Approved
PAY-00001876,TXN-0001876,Debit Card,183.98,2026-07-27 09:53:18,Approved
PAY-00001877,TXN-0001877,Credit Card,268.08,2026-07-15 18:34:02,Approved
PAY-00001878,TXN-0001878,Cash,200.41,2026-05-20 08:22:26,Approved
PAY-00001879,TXN-0001879,Cash,274.92,2026-07-06 20:27:00,Approved
PAY-00001880,TXN-0001880,Debit Card,167.71,2026-06-06 20:43:45,Approved
PAY-00001881,TXN-0001881,Cash,162.98,2026-07-06 13:57:05,Approved
PAY-00001882,TXN-0001882,Cash,235.93,2026-07-09 15:47:36,Approved
PAY-00001883,TXN-0001883,Debit Card,275.25,2026-05-07 15:59:54,Approved
PAY-00001884,TXN-0001884,Cash,211.92,2026-05-11 15:13:35,Approved
PAY-00001885,TXN-0001885,Credit Card,219.79,2026-06-22 19:25:03,Approved
PAY-00001886,TXN-0001886,Credit Card,90.7,2026-07-31 15:19:31,Approved
PAY-00001887,TXN-0001887,Cash,242.31,2026-06-01 18:45:51,Approved
PAY-00001888,TXN-0001888,Credit Card,175.17,2026-05-09 13:05:20,Approved
PAY-00001889,TXN-0001889,Debit Card,253.46,2026-05-14 15:14:17,Approved
PAY-00001890,TXN-0001890,Debit Card,229.36,2026-07-14 13:51:21,Approved
PAY-00001891,TXN-0001891,Debit Card,125.23,2026-07-04 15:05:53,Approved
PAY-00001892,TXN-0001892,Debit Card,221.87,2026-05-04 18:59:31,Approved
PAY-00001893,TXN-0001893,Debit Card,166.23,2026-06-27 14:15:33,Approved
PAY-00001894,TXN-0001894,Debit Card,140.61,2026-07-12 09:06:54,Approved
PAY-00001895,TXN-0001895,Credit Card,309.89,2026-07-05 14:07:53,Approved
PAY-00001896,TXN-0001896,Credit Card,36.56,2026-06-24 20:12:10,Approved
PAY-00001897,TXN-0001897,Cash,186.33,2026-07-06 16:12:28,Approved
PAY-00001898,TXN-0001898,Credit Card,51.41,2026-07-28 15:07:11,Approved
PAY-00001899,TXN-0001899,Credit Card,289.51,2026-05-16 11:51:09,Approved
PAY-00001900,TXN-0001900,Cash,191.47,2026-07-12 10:55:21,Approved
PAY-00001901,TXN-0001901,Cash,258.68,2026-07-24 21:11:49,Approved
PAY-00001902,TXN-0001902,Debit Card,158.57,2026-07-26 13:14:24,Approved
PAY-00001903,TXN-0001903,Split Payment,299.56,2026-07-25 16:06:01,Approved
PAY-00001904,TXN-0001904,Credit Card,102.61,2026-07-22 11:42:33,Approved
PAY-00001905,TXN-0001905,Debit Card,231.3,2026-05-02 15:40:25,Approved
PAY-00001906,TXN-0001906,Cash,250.3,2026-05-23 11:31:29,Approved
PAY-00001907,TXN-0001907,Cash,22.29,2026-07-13 09:48:16,Approved
PAY-00001908,TXN-0001908,Credit Card,99.54,2026-05-19 09:06:55,Approved
PAY-00001909,TXN-0001909,Cash,117.14,2026-05-16 16:49:05,Approved
PAY-00001910,TXN-0001910,Credit Card,53.74,2026-06-09 19:13:12,Approved
PAY-00001911,TXN-0001911,Cash,160.06,2026-07-17 17:10:49,Approved
PAY-00001912,TXN-0001912,Debit Card,301.82,2026-05-21 20:19:09,Approved
PAY-00001913,TXN-0001913,Credit Card,448.67,2026-05-29 18:15:09,Approved
PAY-00001914,TXN-0001914,Credit Card,120.55,2026-05-17 15:26:38,Approved
PAY-00001915,TXN-0001915,Debit Card,148.59,2026-07-06 09:42:29,Approved
PAY-00001916,TXN-0001916,Credit Card,105.49,2026-06-04 09:21:50,Approved
PAY-00001917,TXN-0001917,Credit Card,94.75,2026-07-18 19:31:49,Approved
PAY-00001918,TXN-0001918,Cash,201.97,2026-07-11 14:49:48,Approved
PAY-00001919,TXN-0001919,Debit Card,300.56,2026-07-26 16:37:19,Approved
PAY-00001920,TXN-0001920,Credit Card,165.58,2026-05-17 11:44:54,Approved
PAY-00001921,TXN-0001921,Credit Card,269.57,2026-05-30 15:10:19,Approved
PAY-00001922,TXN-0001922,Credit Card,481.63,2026-05-12 21:28:51,Approved
PAY-00001923,TXN-0001923,Debit Card,140.15,2026-06-15 10:20:51,Approved
PAY-00001924,TXN-0001924,Credit Card,115.9,2026-06-15 09:41:38,Approved
PAY-00001925,TXN-0001925,Credit Card,57.6,2026-05-10 19:31:29,Approved
PAY-00001926,TXN-0001926,Debit Card,316.05,2026-07-01 08:39:42,Approved
PAY-00001927,TXN-0001927,Credit Card,592.38,2026-07-06 17:33:25,Approved
PAY-00001928,TXN-0001928,Cash,13.35,2026-06-20 21:44:21,Approved
PAY-00001929,TXN-0001929,Gift Card,30.06,2026-07-11 19:22:58,Approved
PAY-00001930,TXN-0001930,Cash,183.57,2026-06-06 16:46:56,Approved
PAY-00001931,TXN-0001931,Credit Card,109.24,2026-05-19 21:44:03,Approved
PAY-00001932,TXN-0001932,Credit Card,178.7,2026-05-10 08:54:55,Approved
PAY-00001933,TXN-0001933,Credit Card,483.93,2026-06-13 09:25:13,Approved
PAY-00001934,TXN-0001934,Credit Card,313.54,2026-05-10 08:03:52,Approved
PAY-00001935,TXN-0001935,Cash,523.48,2026-05-10 14:03:24,Approved
PAY-00001936,TXN-0001936,Debit Card,425.43,2026-05-04 14:30:08,Approved
PAY-00001937,TXN-0001937,Debit Card,373.52,2026-06-22 19:11:15,Approved
PAY-00001938,TXN-0001938,Credit Card,203.24,2026-07-21 09:14:14,Approved
PAY-00001939,TXN-0001939,Gift Card,105.57,2026-05-08 20:17:08,Approved
PAY-00001940,TXN-0001940,Debit Card,322.93,2026-05-09 13:37:27,Approved
PAY-00001941,TXN-0001941,Credit Card,258.54,2026-05-18 09:51:08,Approved
PAY-00001942,TXN-0001942,Debit Card,262.29,2026-06-26 08:27:57,Approved
PAY-00001943,TXN-0001943,Credit Card,528.18,2026-05-05 19:35:35,Approved
PAY-00001944,TXN-0001944,Credit Card,166.21,2026-07-05 17:54:58,Approved
PAY-00001945,TXN-0001945,Credit Card,483.63,2026-05-21 16:39:09,Approved
PAY-00001946,TXN-0001946,Credit Card,130.81,2026-05-19 12:50:42,Approved
PAY-00001947,TXN-0001947,Debit Card,113.48,2026-07-28 15:12:44,Approved
PAY-00001948,TXN-0001948,Credit Card,74.82,2026-06-18 18:59:01,Approved
PAY-00001949,TXN-0001949,Cash,254.48,2026-06-24 13:14:02,Approved
PAY-00001950,TXN-0001950,Split Payment,77.59,2026-07-10 16:32:31,Approved
PAY-00001951,TXN-0001951,Credit Card,215.7,2026-07-05 13:59:14,Approved
PAY-00001952,TXN-0001952,Cash,294.19,2026-07-26 08:40:47,Approved
PAY-00001953,TXN-0001953,Cash,366.61,2026-06-01 13:35:21,Approved
PAY-00001954,TXN-0001954,Debit Card,16.91,2026-05-11 17:47:06,Approved
PAY-00001955,TXN-0001955,Debit Card,41.62,2026-06-28 11:58:35,Approved
PAY-00001956,TXN-0001956,Cash,101.4,2026-05-04 18:01:19,Approved
PAY-00001957,TXN-0001957,Credit Card,217.94,2026-05-26 13:45:07,Approved
PAY-00001958,TXN-0001958,Debit Card,322.24,2026-05-09 08:54:43,Approved
PAY-00001959,TXN-0001959,Cash,108.87,2026-07-14 13:04:55,Approved
PAY-00001960,TXN-0001960,Debit Card,238.01,2026-07-07 09:43:24,Approved
PAY-00001961,TXN-0001961,Credit Card,162.99,2026-07-22 19:20:38,Approved
PAY-00001962,TXN-0001962,Credit Card,8.76,2026-06-12 19:29:58,Approved
PAY-00001963,TXN-0001963,Credit Card,171.82,2026-05-08 20:12:40,Approved
PAY-00001964,TXN-0001964,Credit Card,234.92,2026-07-18 19:08:12,Approved
PAY-00001965,TXN-0001965,Debit Card,197.58,2026-07-05 17:26:59,Approved
PAY-00001966,TXN-0001966,Credit Card,319.93,2026-07-21 18:22:42,Approved
PAY-00001967,TXN-0001967,Debit Card,318.04,2026-06-06 11:09:54,Approved
PAY-00001968,TXN-0001968,Credit Card,60.33,2026-06-19 17:15:26,Approved
PAY-00001969,TXN-0001969,Credit Card,210.54,2026-05-21 20:36:46,Approved
PAY-00001970,TXN-0001970,Debit Card,189.68,2026-06-10 18:58:15,Approved
PAY-00001971,TXN-0001971,Credit Card,357.01,2026-06-30 14:45:12,Approved
PAY-00001972,TXN-0001972,Gift Card,60.27,2026-06-26 09:26:20,Approved
PAY-00001973,TXN-0001973,Credit Card,152.77,2026-07-31 14:17:08,Approved
PAY-00001974,TXN-0001974,Cash,259.13,2026-06-12 18:23:49,Approved
PAY-00001975,TXN-0001975,Credit Card,62.62,2026-07-21 12:01:17,Approved
PAY-00001976,TXN-0001976,Split Payment,274.46,2026-05-17 09:04:04,Approved
PAY-00001977,TXN-0001977,Credit Card,124.61,2026-07-03 08:57:43,Approved
PAY-00001978,TXN-0001978,Credit Card,151.7,2026-07-31 20:14:02,Approved
PAY-00001979,TXN-0001979,Credit Card,125.23,2026-06-19 18:14:49,Approved
PAY-00001980,TXN-0001980,Debit Card,468.65,2026-06-07 20:03:38,Approved
PAY-00001981,TXN-0001981,Credit Card,209.44,2026-07-15 13:23:30,Approved
PAY-00001982,TXN-0001982,Cash,399.38,2026-07-02 18:52:25,Approved
PAY-00001983,TXN-0001983,Debit Card,367.08,2026-05-11 21:35:28,Approved
PAY-00001984,TXN-0001984,Credit Card,393.35,2026-06-30 09:28:36,Approved
PAY-00001985,TXN-0001985,Debit Card,197.23,2026-05-25 13:59:53,Approved
PAY-00001986,TXN-0001986,Credit Card,43.49,2026-05-26 10:17:19,Approved
PAY-00001987,TXN-0001987,Credit Card,24.85,2026-06-15 19:13:30,Approved
PAY-00001988,TXN-0001988,Gift Card,39.37,2026-06-07 21:55:45,Approved
PAY-00001989,TXN-0001989,Debit Card,275.41,2026-07-02 13:58:39,Approved
PAY-00001990,TXN-0001990,Credit Card,82.71,2026-06-23 16:26:12,Approved
PAY-00001991,TXN-0001991,Credit Card,323.02,2026-06-09 09:17:13,Approved
PAY-00001992,TXN-0001992,Debit Card,119.69,2026-05-16 09:29:16,Approved
PAY-00001993,TXN-0001993,Credit Card,87.19,2026-05-14 19:39:00,Approved
PAY-00001994,TXN-0001994,Gift Card,286.56,2026-05-31 14:48:44,Approved
PAY-00001995,TXN-0001995,Debit Card,378.49,2026-06-10 19:20:49,Approved
PAY-00001996,TXN-0001996,Credit Card,158.14,2026-07-07 18:37:09,Approved
PAY-00001997,TXN-0001997,Credit Card,68.37,2026-06-04 17:59:11,Approved
PAY-00001998,TXN-0001998,Debit Card,343.5,2026-06-24 17:25:24,Approved
PAY-00001999,TXN-0001999,Credit Card,39.44,2026-07-09 16:03:45,Approved
PAY-00002000,TXN-0002000,Gift Card,27.36,2026-06-09 14:57:26,Approved
PAY-00002001,TXN-0002001,Cash,43.87,2026-06-04 10:45:09,Approved
PAY-00002002,TXN-0002002,Credit Card,117.93,2026-07-26 20:52:07,Approved
PAY-00002003,TXN-0002003,Cash,215.82,2026-07-30 13:21:49,Approved
PAY-00002004,TXN-0002004,Credit Card,26.63,2026-07-24 15:41:43,Approved
PAY-00002005,TXN-0002005,Credit Card,211.78,2026-05-20 11:10:00,Approved
PAY-00002006,TXN-0002006,Cash,118.09,2026-06-13 10:57:25,Approved
PAY-00002007,TXN-0002007,Cash,176.17,2026-05-09 14:01:33,Approved
PAY-00002008,TXN-0002008,Debit Card,242.32,2026-06-10 15:41:05,Approved
PAY-00002009,TXN-0002009,Debit Card,126.72,2026-05-16 11:16:36,Approved
PAY-00002010,TXN-0002010,Credit Card,68.32,2026-05-15 11:42:12,Approved
PAY-00002011,TXN-0002011,Credit Card,24.53,2026-06-18 18:34:10,Approved
PAY-00002012,TXN-0002012,Credit Card,222.28,2026-05-13 13:26:47,Approved
PAY-00002013,TXN-0002013,Debit Card,192.76,2026-07-06 21:35:02,Approved
PAY-00002014,TXN-0002014,Gift Card,71.06,2026-06-29 08:21:56,Approved
PAY-00002015,TXN-0002015,Credit Card,49.28,2026-07-21 15:57:05,Approved
PAY-00002016,TXN-0002016,Credit Card,11.66,2026-06-19 17:26:00,Approved
PAY-00002017,TXN-0002017,Debit Card,74.5,2026-06-04 14:29:55,Approved
PAY-00002018,TXN-0002018,Debit Card,277.97,2026-07-08 10:08:52,Approved
PAY-00002019,TXN-0002019,Debit Card,100.38,2026-06-07 20:11:02,Approved
PAY-00002020,TXN-0002020,Cash,87.79,2026-05-25 14:53:31,Approved
PAY-00002021,TXN-0002021,Credit Card,105.58,2026-06-19 10:15:04,Approved
PAY-00002022,TXN-0002022,Debit Card,329.48,2026-06-30 11:44:25,Approved
PAY-00002023,TXN-0002023,Debit Card,276.83,2026-05-18 21:44:30,Approved
PAY-00002024,TXN-0002024,Credit Card,46.12,2026-05-09 16:23:37,Approved
PAY-00002025,TXN-0002025,Credit Card,139.19,2026-05-23 16:23:23,Approved
PAY-00002026,TXN-0002026,Cash,172.09,2026-05-17 12:32:38,Approved
PAY-00002027,TXN-0002027,Credit Card,98.29,2026-07-15 10:02:03,Approved
PAY-00002028,TXN-0002028,Debit Card,130.97,2026-05-15 15:37:44,Approved
PAY-00002029,TXN-0002029,Cash,33.55,2026-05-10 18:05:48,Approved
PAY-00002030,TXN-0002030,Debit Card,251.85,2026-06-14 12:54:19,Approved
PAY-00002031,TXN-0002031,Debit Card,183.84,2026-06-02 17:22:38,Approved
PAY-00002032,TXN-0002032,Gift Card,134.84,2026-07-25 13:16:50,Approved
PAY-00002033,TXN-0002033,Credit Card,46.71,2026-07-28 20:00:37,Approved
PAY-00002034,TXN-0002034,Credit Card,118.58,2026-05-31 21:54:30,Approved
PAY-00002035,TXN-0002035,Credit Card,152.14,2026-06-08 15:18:52,Approved
PAY-00002036,TXN-0002036,Credit Card,101.02,2026-07-29 20:08:51,Approved
PAY-00002037,TXN-0002037,Credit Card,162.38,2026-06-18 20:28:37,Approved
PAY-00002038,TXN-0002038,Credit Card,306.56,2026-05-26 13:53:39,Approved
PAY-00002039,TXN-0002039,Credit Card,280.49,2026-05-01 14:15:20,Approved
PAY-00002040,TXN-0002040,Credit Card,123.02,2026-07-23 19:58:12,Approved
PAY-00002041,TXN-0002041,Cash,141.5,2026-06-15 17:33:38,Approved
PAY-00002042,TXN-0002042,Debit Card,554.14,2026-05-02 15:50:34,Approved
PAY-00002043,TXN-0002043,Cash,87.27,2026-07-06 18:30:45,Approved
PAY-00002044,TXN-0002044,Debit Card,244.95,2026-06-11 12:00:05,Approved
PAY-00002045,TXN-0002045,Cash,556.42,2026-05-31 14:55:48,Approved
PAY-00002046,TXN-0002046,Cash,155.34,2026-06-24 21:33:28,Approved
PAY-00002047,TXN-0002047,Credit Card,268.35,2026-06-10 20:25:22,Approved
PAY-00002048,TXN-0002048,Split Payment,151.07,2026-06-22 15:13:19,Approved
PAY-00002049,TXN-0002049,Cash,249.33,2026-06-13 20:15:07,Approved
PAY-00002050,TXN-0002050,Credit Card,370.48,2026-05-09 11:30:36,Approved
PAY-00002051,TXN-0002051,Cash,280.21,2026-06-25 11:56:59,Approved
PAY-00002052,TXN-0002052,Debit Card,202.51,2026-05-16 12:19:05,Approved
PAY-00002053,TXN-0002053,Debit Card,290.1,2026-07-15 09:16:30,Approved
PAY-00002054,TXN-0002054,Debit Card,15.83,2026-07-16 16:24:15,Approved
PAY-00002055,TXN-0002055,Cash,105.0,2026-06-04 12:14:04,Approved
PAY-00002056,TXN-0002056,Debit Card,93.4,2026-05-05 14:16:24,Approved
PAY-00002057,TXN-0002057,Debit Card,55.73,2026-05-05 15:28:24,Approved
PAY-00002058,TXN-0002058,Credit Card,220.28,2026-05-16 17:27:16,Approved
PAY-00002059,TXN-0002059,Debit Card,308.05,2026-06-09 21:42:11,Approved
PAY-00002060,TXN-0002060,Debit Card,44.16,2026-05-24 11:46:04,Approved
PAY-00002061,TXN-0002061,Cash,223.28,2026-06-30 10:15:17,Approved
PAY-00002062,TXN-0002062,Credit Card,112.26,2026-05-24 17:19:46,Approved
PAY-00002063,TXN-0002063,Credit Card,322.89,2026-05-20 08:38:03,Approved
PAY-00002064,TXN-0002064,Credit Card,322.37,2026-06-30 14:55:52,Approved
PAY-00002065,TXN-0002065,Cash,90.8,2026-07-20 10:53:59,Approved
PAY-00002066,TXN-0002066,Debit Card,54.64,2026-07-13 14:20:56,Approved
PAY-00002067,TXN-0002067,Credit Card,221.77,2026-06-14 14:19:10,Approved
PAY-00002068,TXN-0002068,Cash,171.86,2026-05-16 16:22:32,Approved
PAY-00002069,TXN-0002069,Debit Card,137.52,2026-06-12 17:26:30,Approved
PAY-00002070,TXN-0002070,Debit Card,140.34,2026-07-12 16:48:42,Approved
PAY-00002071,TXN-0002071,Cash,16.63,2026-06-04 08:31:30,Approved
PAY-00002072,TXN-0002072,Debit Card,86.7,2026-06-22 09:18:39,Approved
PAY-00002073,TXN-0002073,Debit Card,75.42,2026-06-29 15:14:00,Approved
PAY-00002074,TXN-0002074,Cash,247.67,2026-07-27 09:25:23,Approved
PAY-00002075,TXN-0002075,Credit Card,184.6,2026-05-29 13:13:14,Approved
PAY-00002076,TXN-0002076,Split Payment,247.16,2026-05-27 20:51:58,Approved
PAY-00002077,TXN-0002077,Credit Card,356.03,2026-06-11 18:05:40,Approved
PAY-00002078,TXN-0002078,Credit Card,174.12,2026-06-14 17:35:28,Approved
PAY-00002079,TXN-0002079,Cash,49.95,2026-06-21 20:10:57,Approved
PAY-00002080,TXN-0002080,Credit Card,305.96,2026-07-23 09:31:19,Approved
PAY-00002081,TXN-0002081,Cash,190.94,2026-06-17 20:44:04,Approved
PAY-00002082,TXN-0002082,Credit Card,197.85,2026-07-25 10:02:32,Approved
PAY-00002083,TXN-0002083,Debit Card,408.13,2026-05-01 16:22:47,Approved
PAY-00002084,TXN-0002084,Credit Card,349.48,2026-07-25 17:30:40,Approved
PAY-00002085,TXN-0002085,Credit Card,223.34,2026-07-19 20:34:50,Approved
PAY-00002086,TXN-0002086,Debit Card,117.97,2026-07-26 18:16:51,Approved
PAY-00002087,TXN-0002087,Cash,26.34,2026-05-15 16:37:30,Approved
PAY-00002088,TXN-0002088,Debit Card,303.95,2026-05-05 16:12:55,Approved
PAY-00002089,TXN-0002089,Credit Card,238.14,2026-05-19 14:38:09,Approved
PAY-00002090,TXN-0002090,Cash,397.45,2026-06-06 17:52:50,Approved
PAY-00002091,TXN-0002091,Credit Card,161.93,2026-06-20 10:44:33,Approved
PAY-00002092,TXN-0002092,Debit Card,130.58,2026-05-27 14:39:31,Approved
PAY-00002093,TXN-0002093,Debit Card,197.29,2026-05-07 08:32:28,Approved
PAY-00002094,TXN-0002094,Split Payment,109.87,2026-07-28 21:24:00,Approved
PAY-00002095,TXN-0002095,Credit Card,63.18,2026-06-07 19:27:27,Approved
PAY-00002096,TXN-0002096,Debit Card,705.84,2026-05-27 18:13:59,Approved
PAY-00002097,TXN-0002097,Cash,127.87,2026-07-30 15:24:16,Approved
PAY-00002098,TXN-0002098,Credit Card,449.33,2026-07-08 20:51:22,Approved
PAY-00002099,TXN-0002099,Debit Card,153.97,2026-07-02 15:32:32,Approved
PAY-00002100,TXN-0002100,Credit Card,109.91,2026-06-21 15:13:17,Approved
PAY-00002101,TXN-0002101,Debit Card,38.98,2026-05-20 09:23:11,Approved
PAY-00002102,TXN-0002102,Cash,104.24,2026-06-30 14:50:25,Approved
PAY-00002103,TXN-0002103,Debit Card,97.76,2026-06-29 21:00:21,Approved
PAY-00002104,TXN-0002104,Cash,189.97,2026-05-15 19:14:59,Approved
PAY-00002105,TXN-0002105,Debit Card,197.82,2026-06-28 11:27:48,Approved
PAY-00002106,TXN-0002106,Debit Card,154.44,2026-07-31 11:43:47,Approved
PAY-00002107,TXN-0002107,Credit Card,481.85,2026-06-03 18:15:58,Approved
PAY-00002108,TXN-0002108,Cash,93.43,2026-05-11 18:57:50,Approved
PAY-00002109,TXN-0002109,Debit Card,186.73,2026-07-24 10:05:18,Approved
PAY-00002110,TXN-0002110,Credit Card,238.26,2026-07-27 15:10:06,Approved
PAY-00002111,TXN-0002111,Cash,134.65,2026-05-16 19:34:15,Approved
PAY-00002112,TXN-0002112,Debit Card,37.18,2026-06-25 13:54:59,Approved
PAY-00002113,TXN-0002113,Cash,139.8,2026-05-05 10:06:21,Approved
PAY-00002114,TXN-0002114,Cash,187.73,2026-05-06 12:22:43,Approved
PAY-00002115,TXN-0002115,Credit Card,37.09,2026-06-11 17:17:07,Approved
PAY-00002116,TXN-0002116,Debit Card,130.19,2026-05-23 19:16:28,Approved
PAY-00002117,TXN-0002117,Credit Card,441.22,2026-07-06 11:49:53,Approved
PAY-00002118,TXN-0002118,Credit Card,163.78,2026-06-26 18:07:25,Approved
PAY-00002119,TXN-0002119,Cash,29.35,2026-05-10 11:56:30,Approved
PAY-00002120,TXN-0002120,Credit Card,354.16,2026-06-04 17:53:37,Approved
PAY-00002121,TXN-0002121,Credit Card,168.13,2026-05-28 08:58:32,Approved
PAY-00002122,TXN-0002122,Credit Card,135.43,2026-07-24 18:01:21,Approved
PAY-00002123,TXN-0002123,Credit Card,84.04,2026-07-12 08:16:06,Approved
PAY-00002124,TXN-0002124,Debit Card,124.34,2026-07-13 20:37:12,Approved
PAY-00002125,TXN-0002125,Credit Card,279.98,2026-06-11 13:18:43,Approved
PAY-00002126,TXN-0002126,Credit Card,185.18,2026-06-09 16:39:15,Approved
PAY-00002127,TXN-0002127,Debit Card,184.64,2026-05-29 13:37:11,Approved
PAY-00002128,TXN-0002128,Debit Card,255.22,2026-06-07 18:11:54,Approved
PAY-00002129,TXN-0002129,Cash,271.38,2026-05-25 11:49:55,Approved
PAY-00002130,TXN-0002130,Credit Card,169.68,2026-06-21 19:28:35,Approved
PAY-00002131,TXN-0002131,Split Payment,170.02,2026-06-17 21:25:38,Approved
PAY-00002132,TXN-0002132,Credit Card,300.48,2026-06-25 16:30:32,Approved
PAY-00002133,TXN-0002133,Debit Card,51.8,2026-06-11 12:01:20,Approved
PAY-00002134,TXN-0002134,Debit Card,197.81,2026-07-27 20:28:53,Approved
PAY-00002135,TXN-0002135,Credit Card,86.99,2026-05-15 09:21:30,Approved
PAY-00002136,TXN-0002136,Cash,120.7,2026-06-14 21:38:28,Approved
PAY-00002137,TXN-0002137,Credit Card,410.26,2026-07-15 08:14:03,Approved
PAY-00002138,TXN-0002138,Credit Card,418.34,2026-05-30 18:35:33,Approved
PAY-00002139,TXN-0002139,Split Payment,263.7,2026-07-03 08:26:12,Approved
PAY-00002140,TXN-0002140,Debit Card,101.12,2026-06-18 09:10:04,Approved
PAY-00002141,TXN-0002141,Cash,215.63,2026-06-04 15:54:13,Approved
PAY-00002142,TXN-0002142,Debit Card,210.78,2026-07-15 15:06:13,Approved
PAY-00002143,TXN-0002143,Credit Card,135.77,2026-06-20 14:29:45,Approved
PAY-00002144,TXN-0002144,Credit Card,309.22,2026-06-03 13:06:12,Approved
PAY-00002145,TXN-0002145,Debit Card,156.28,2026-06-22 09:36:21,Approved
PAY-00002146,TXN-0002146,Debit Card,127.73,2026-06-03 14:15:17,Approved
PAY-00002147,TXN-0002147,Credit Card,142.32,2026-05-09 11:45:43,Approved
PAY-00002148,TXN-0002148,Cash,130.96,2026-06-23 11:49:14,Approved
PAY-00002149,TXN-0002149,Gift Card,52.76,2026-05-03 08:09:28,Approved
PAY-00002150,TXN-0002150,Debit Card,35.7,2026-06-30 08:08:59,Approved
PAY-00002151,TXN-0002151,Credit Card,322.34,2026-05-06 15:10:45,Approved
PAY-00002152,TXN-0002152,Credit Card,289.01,2026-06-30 14:55:42,Approved
PAY-00002153,TXN-0002153,Credit Card,78.15,2026-06-12 15:44:37,Approved
PAY-00002154,TXN-0002154,Credit Card,222.98,2026-07-02 14:19:41,Approved
PAY-00002155,TXN-0002155,Debit Card,662.0,2026-06-14 10:40:43,Approved
PAY-00002156,TXN-0002156,Credit Card,131.15,2026-07-15 08:22:13,Approved
PAY-00002157,TXN-0002157,Credit Card,73.0,2026-06-16 08:50:30,Approved
PAY-00002158,TXN-0002158,Debit Card,2.14,2026-07-07 19:23:01,Approved
PAY-00002159,TXN-0002159,Debit Card,363.5,2026-07-03 20:11:50,Approved
PAY-00002160,TXN-0002160,Debit Card,74.53,2026-06-11 18:34:09,Approved
PAY-00002161,TXN-0002161,Credit Card,195.04,2026-07-02 08:45:42,Approved
PAY-00002162,TXN-0002162,Debit Card,68.46,2026-05-29 14:27:46,Approved
PAY-00002163,TXN-0002163,Credit Card,122.32,2026-05-13 19:31:09,Approved
PAY-00002164,TXN-0002164,Cash,198.12,2026-06-07 16:49:23,Approved
PAY-00002165,TXN-0002165,Credit Card,151.41,2026-06-01 16:21:08,Approved
PAY-00002166,TXN-0002166,Debit Card,192.06,2026-07-20 16:44:51,Approved
PAY-00002167,TXN-0002167,Credit Card,127.35,2026-07-09 14:38:30,Approved
PAY-00002168,TXN-0002168,Debit Card,56.84,2026-07-02 13:58:09,Approved
PAY-00002169,TXN-0002169,Credit Card,130.39,2026-07-12 15:44:27,Approved
PAY-00002170,TXN-0002170,Cash,95.44,2026-06-05 08:51:34,Approved
PAY-00002171,TXN-0002171,Credit Card,169.17,2026-06-26 10:47:25,Approved
PAY-00002172,TXN-0002172,Credit Card,117.48,2026-05-11 08:49:57,Approved
PAY-00002173,TXN-0002173,Credit Card,235.2,2026-06-07 20:10:11,Approved
PAY-00002174,TXN-0002174,Debit Card,87.88,2026-06-18 08:23:19,Approved
PAY-00002175,TXN-0002175,Credit Card,73.19,2026-06-01 18:02:42,Approved
PAY-00002176,TXN-0002176,Debit Card,362.28,2026-05-14 16:17:48,Approved
PAY-00002177,TXN-0002177,Gift Card,59.17,2026-06-27 14:38:58,Approved
PAY-00002178,TXN-0002178,Cash,134.54,2026-07-30 17:46:29,Approved
PAY-00002179,TXN-0002179,Credit Card,94.16,2026-05-12 12:23:23,Approved
PAY-00002180,TXN-0002180,Debit Card,29.96,2026-05-19 20:18:08,Approved
PAY-00002181,TXN-0002181,Credit Card,194.95,2026-07-10 15:55:35,Approved
PAY-00002182,TXN-0002182,Credit Card,189.3,2026-07-15 13:36:32,Approved
PAY-00002183,TXN-0002183,Debit Card,158.32,2026-05-24 21:23:53,Approved
PAY-00002184,TXN-0002184,Credit Card,145.43,2026-06-24 17:28:33,Approved
PAY-00002185,TXN-0002185,Cash,199.65,2026-06-29 13:32:30,Approved
PAY-00002186,TXN-0002186,Credit Card,134.68,2026-07-18 19:09:25,Approved
PAY-00002187,TXN-0002187,Credit Card,74.65,2026-05-05 20:52:11,Approved
PAY-00002188,TXN-0002188,Debit Card,337.67,2026-06-30 14:59:15,Approved
PAY-00002189,TXN-0002189,Credit Card,78.52,2026-07-30 11:29:53,Approved
PAY-00002190,TXN-0002190,Cash,222.38,2026-07-16 14:02:50,Approved
PAY-00002191,TXN-0002191,Debit Card,273.38,2026-06-01 14:05:33,Approved
PAY-00002192,TXN-0002192,Credit Card,142.15,2026-07-12 20:25:48,Approved
PAY-00002193,TXN-0002193,Debit Card,434.76,2026-07-01 12:00:54,Approved
PAY-00002194,TXN-0002194,Cash,31.35,2026-06-16 16:38:48,Approved
PAY-00002195,TXN-0002195,Credit Card,359.33,2026-05-12 20:16:44,Approved
PAY-00002196,TXN-0002196,Cash,176.34,2026-06-02 17:30:14,Approved
PAY-00002197,TXN-0002197,Gift Card,84.71,2026-05-28 13:28:51,Approved
PAY-00002198,TXN-0002198,Debit Card,210.19,2026-07-10 16:48:24,Approved
PAY-00002199,TXN-0002199,Debit Card,382.17,2026-07-26 13:19:04,Approved
PAY-00002200,TXN-0002200,Credit Card,145.8,2026-05-27 19:59:09,Approved
PAY-00002201,TXN-0002201,Debit Card,148.68,2026-06-08 10:37:22,Approved
PAY-00002202,TXN-0002202,Credit Card,206.75,2026-07-29 19:00:48,Approved
PAY-00002203,TXN-0002203,Credit Card,235.52,2026-05-19 11:05:14,Approved
PAY-00002204,TXN-0002204,Credit Card,249.18,2026-05-15 17:03:00,Approved
PAY-00002205,TXN-0002205,Split Payment,98.16,2026-05-13 10:34:41,Approved
PAY-00002206,TXN-0002206,Debit Card,76.41,2026-07-19 12:10:20,Approved
PAY-00002207,TXN-0002207,Credit Card,59.12,2026-06-20 15:20:10,Approved
PAY-00002208,TXN-0002208,Credit Card,80.14,2026-05-06 16:14:46,Approved
PAY-00002209,TXN-0002209,Credit Card,211.29,2026-07-22 13:21:24,Approved
PAY-00002210,TXN-0002210,Cash,117.91,2026-07-19 10:31:47,Approved
PAY-00002211,TXN-0002211,Gift Card,348.28,2026-06-13 10:58:33,Approved
PAY-00002212,TXN-0002212,Debit Card,232.5,2026-05-29 19:01:54,Approved
PAY-00002213,TXN-0002213,Debit Card,100.4,2026-06-03 12:59:31,Approved
PAY-00002214,TXN-0002214,Credit Card,215.38,2026-05-05 11:41:46,Approved
PAY-00002215,TXN-0002215,Debit Card,189.54,2026-05-02 08:35:38,Approved
PAY-00002216,TXN-0002216,Credit Card,400.97,2026-07-02 21:12:55,Approved
PAY-00002217,TXN-0002217,Gift Card,446.99,2026-05-28 17:11:23,Approved
PAY-00002218,TXN-0002218,Credit Card,220.8,2026-07-12 12:11:40,Approved
PAY-00002219,TXN-0002219,Credit Card,62.34,2026-05-27 13:09:25,Approved
PAY-00002220,TXN-0002220,Credit Card,138.59,2026-05-16 16:32:19,Approved
PAY-00002221,TXN-0002221,Debit Card,217.53,2026-05-02 14:54:18,Approved
PAY-00002222,TXN-0002222,Cash,15.05,2026-06-12 10:39:32,Approved
PAY-00002223,TXN-0002223,Cash,408.66,2026-07-01 09:30:27,Approved
PAY-00002224,TXN-0002224,Credit Card,226.99,2026-06-06 10:18:46,Approved
PAY-00002225,TXN-0002225,Credit Card,135.74,2026-07-15 20:52:23,Approved
PAY-00002226,TXN-0002226,Credit Card,291.7,2026-06-02 16:56:26,Approved
PAY-00002227,TXN-0002227,Cash,266.81,2026-05-31 18:17:33,Approved
PAY-00002228,TXN-0002228,Debit Card,293.89,2026-07-27 17:05:12,Approved
PAY-00002229,TXN-0002229,Cash,101.78,2026-07-18 17:43:18,Approved
PAY-00002230,TXN-0002230,Debit Card,179.74,2026-06-19 17:53:01,Approved
PAY-00002231,TXN-0002231,Credit Card,118.77,2026-05-03 20:47:59,Approved
PAY-00002232,TXN-0002232,Debit Card,745.03,2026-06-25 21:30:04,Approved
PAY-00002233,TXN-0002233,Credit Card,60.35,2026-07-31 17:32:52,Approved
PAY-00002234,TXN-0002234,Cash,300.38,2026-05-22 17:15:42,Approved
PAY-00002235,TXN-0002235,Debit Card,131.48,2026-05-12 10:14:26,Approved
PAY-00002236,TXN-0002236,Debit Card,104.32,2026-06-26 12:24:59,Approved
PAY-00002237,TXN-0002237,Credit Card,120.3,2026-06-29 19:15:10,Approved
PAY-00002238,TXN-0002238,Credit Card,59.78,2026-06-19 18:27:04,Approved
PAY-00002239,TXN-0002239,Debit Card,16.61,2026-06-04 09:00:27,Approved
PAY-00002240,TXN-0002240,Credit Card,151.12,2026-06-02 13:58:42,Approved
PAY-00002241,TXN-0002241,Debit Card,334.66,2026-05-15 21:13:59,Approved
PAY-00002242,TXN-0002242,Credit Card,156.2,2026-05-11 10:50:32,Approved
PAY-00002243,TXN-0002243,Cash,243.84,2026-07-15 14:01:26,Approved
PAY-00002244,TXN-0002244,Debit Card,380.0,2026-06-29 08:57:35,Approved
PAY-00002245,TXN-0002245,Cash,398.89,2026-06-29 20:24:35,Approved
PAY-00002246,TXN-0002246,Credit Card,202.02,2026-05-16 17:03:09,Approved
PAY-00002247,TXN-0002247,Credit Card,46.7,2026-06-20 11:10:14,Approved
PAY-00002248,TXN-0002248,Debit Card,360.08,2026-05-25 16:16:21,Approved
PAY-00002249,TXN-0002249,Debit Card,282.36,2026-06-25 19:34:04,Approved
PAY-00002250,TXN-0002250,Credit Card,316.92,2026-05-11 10:50:56,Approved
PAY-00002251,TXN-0002251,Cash,261.15,2026-05-18 15:12:05,Approved
PAY-00002252,TXN-0002252,Credit Card,101.99,2026-06-02 12:07:01,Approved
PAY-00002253,TXN-0002253,Debit Card,174.71,2026-07-21 12:47:25,Approved
PAY-00002254,TXN-0002254,Debit Card,357.46,2026-06-15 18:33:09,Approved
PAY-00002255,TXN-0002255,Cash,203.5,2026-07-26 09:21:41,Approved
PAY-00002256,TXN-0002256,Credit Card,341.87,2026-07-29 19:31:04,Approved
PAY-00002257,TXN-0002257,Debit Card,42.35,2026-07-13 13:28:37,Approved
PAY-00002258,TXN-0002258,Credit Card,238.06,2026-05-03 08:08:56,Approved
PAY-00002259,TXN-0002259,Debit Card,270.05,2026-06-04 18:55:31,Approved
PAY-00002260,TXN-0002260,Credit Card,76.75,2026-07-30 16:20:12,Approved
PAY-00002261,TXN-0002261,Cash,297.24,2026-05-26 13:55:05,Approved
PAY-00002262,TXN-0002262,Credit Card,14.81,2026-07-15 20:01:27,Approved
PAY-00002263,TXN-0002263,Credit Card,98.13,2026-06-06 10:40:14,Approved
PAY-00002264,TXN-0002264,Credit Card,27.87,2026-05-26 17:55:47,Approved
PAY-00002265,TXN-0002265,Cash,439.6,2026-05-08 11:40:13,Approved
PAY-00002266,TXN-0002266,Credit Card,248.92,2026-06-14 19:50:29,Approved
PAY-00002267,TXN-0002267,Credit Card,351.21,2026-05-27 18:15:19,Approved
PAY-00002268,TXN-0002268,Cash,210.7,2026-05-15 16:49:39,Approved
PAY-00002269,TXN-0002269,Credit Card,289.67,2026-07-30 11:33:23,Approved
PAY-00002270,TXN-0002270,Debit Card,424.38,2026-07-27 19:30:53,Approved
PAY-00002271,TXN-0002271,Debit Card,127.38,2026-05-09 13:47:40,Approved
PAY-00002272,TXN-0002272,Credit Card,189.72,2026-07-31 12:38:43,Approved
PAY-00002273,TXN-0002273,Debit Card,199.41,2026-06-15 12:37:14,Approved
PAY-00002274,TXN-0002274,Cash,282.95,2026-06-05 12:44:10,Approved
PAY-00002275,TXN-0002275,Debit Card,57.4,2026-05-31 21:12:01,Approved
PAY-00002276,TXN-0002276,Credit Card,296.68,2026-07-08 14:02:18,Approved
PAY-00002277,TXN-0002277,Credit Card,186.57,2026-06-08 20:26:02,Approved
PAY-00002278,TXN-0002278,Cash,298.31,2026-07-10 13:44:40,Approved
PAY-00002279,TXN-0002279,Credit Card,65.09,2026-05-11 08:07:18,Approved
PAY-00002280,TXN-0002280,Cash,179.24,2026-06-30 09:32:53,Approved
PAY-00002281,TXN-0002281,Credit Card,53.33,2026-05-10 12:05:54,Approved
PAY-00002282,TXN-0002282,Credit Card,42.01,2026-06-23 19:27:12,Approved
PAY-00002283,TXN-0002283,Cash,266.66,2026-06-22 18:07:00,Approved
PAY-00002284,TXN-0002284,Cash,149.96,2026-07-20 08:32:06,Approved
PAY-00002285,TXN-0002285,Debit Card,279.23,2026-07-21 16:17:39,Approved
PAY-00002286,TXN-0002286,Credit Card,211.04,2026-07-29 16:18:19,Approved
PAY-00002287,TXN-0002287,Credit Card,61.05,2026-06-01 10:53:18,Approved
PAY-00002288,TXN-0002288,Debit Card,348.52,2026-06-02 17:45:30,Approved
PAY-00002289,TXN-0002289,Credit Card,137.01,2026-07-08 20:38:13,Approved
PAY-00002290,TXN-0002290,Debit Card,339.79,2026-06-08 13:51:28,Approved
PAY-00002291,TXN-0002291,Credit Card,109.23,2026-06-21 09:18:59,Approved
PAY-00002292,TXN-0002292,Credit Card,55.25,2026-06-19 19:48:34,Approved
PAY-00002293,TXN-0002293,Credit Card,139.89,2026-07-20 19:19:48,Approved
PAY-00002294,TXN-0002294,Cash,68.42,2026-07-18 15:17:24,Approved
PAY-00002295,TXN-0002295,Debit Card,102.39,2026-07-11 16:02:25,Approved
PAY-00002296,TXN-0002296,Debit Card,151.92,2026-07-25 14:31:46,Approved
PAY-00002297,TXN-0002297,Credit Card,46.22,2026-07-31 17:32:00,Approved
PAY-00002298,TXN-0002298,Credit Card,122.13,2026-05-04 15:40:00,Approved
PAY-00002299,TXN-0002299,Debit Card,6.3,2026-06-19 14:59:39,Approved
PAY-00002300,TXN-0002300,Credit Card,113.33,2026-05-21 18:26:55,Approved
PAY-00002301,TXN-0002301,Debit Card,185.79,2026-05-09 08:28:44,Approved
PAY-00002302,TXN-0002302,Credit Card,80.23,2026-07-12 10:06:37,Approved
PAY-00002303,TXN-0002303,Debit Card,145.95,2026-07-04 21:45:24,Approved
PAY-00002304,TXN-0002304,Gift Card,180.27,2026-05-04 10:14:51,Approved
PAY-00002305,TXN-0002305,Cash,322.43,2026-06-03 17:20:44,Approved
PAY-00002306,TXN-0002306,Credit Card,448.14,2026-05-04 19:10:47,Approved
PAY-00002307,TXN-0002307,Credit Card,216.63,2026-06-09 09:17:31,Approved
PAY-00002308,TXN-0002308,Credit Card,22.17,2026-05-16 17:32:37,Approved
PAY-00002309,TXN-0002309,Debit Card,156.4,2026-06-14 10:05:04,Approved
PAY-00002310,TXN-0002310,Debit Card,94.68,2026-07-12 20:00:36,Approved
PAY-00002311,TXN-0002311,Cash,492.99,2026-06-27 20:41:13,Approved
PAY-00002312,TXN-0002312,Gift Card,66.01,2026-07-13 18:16:57,Approved
PAY-00002313,TXN-0002313,Debit Card,91.69,2026-07-04 20:44:12,Approved
PAY-00002314,TXN-0002314,Debit Card,310.39,2026-06-18 18:38:11,Approved
PAY-00002315,TXN-0002315,Credit Card,138.75,2026-07-07 09:58:47,Approved
PAY-00002316,TXN-0002316,Credit Card,158.24,2026-07-10 19:19:02,Approved
PAY-00002317,TXN-0002317,Debit Card,104.7,2026-06-16 18:06:39,Approved
PAY-00002318,TXN-0002318,Cash,213.45,2026-06-29 09:20:37,Approved
PAY-00002319,TXN-0002319,Debit Card,266.33,2026-05-24 15:47:40,Approved
PAY-00002320,TXN-0002320,Debit Card,117.22,2026-05-31 13:54:03,Approved
PAY-00002321,TXN-0002321,Cash,203.72,2026-06-15 21:44:32,Approved
PAY-00002322,TXN-0002322,Credit Card,172.28,2026-05-31 18:22:47,Approved
PAY-00002323,TXN-0002323,Cash,213.95,2026-05-03 19:11:56,Approved
PAY-00002324,TXN-0002324,Cash,275.22,2026-06-20 19:33:48,Approved
PAY-00002325,TXN-0002325,Gift Card,250.45,2026-07-17 16:21:22,Approved
PAY-00002326,TXN-0002326,Debit Card,209.52,2026-06-19 16:35:58,Approved
PAY-00002327,TXN-0002327,Credit Card,190.75,2026-05-21 21:18:33,Approved
PAY-00002328,TXN-0002328,Debit Card,64.56,2026-06-20 09:00:35,Approved
PAY-00002329,TXN-0002329,Cash,107.3,2026-07-28 15:12:48,Approved
PAY-00002330,TXN-0002330,Debit Card,224.5,2026-06-10 20:31:24,Approved
PAY-00002331,TXN-0002331,Debit Card,178.15,2026-05-17 16:57:17,Approved
PAY-00002332,TXN-0002332,Debit Card,167.23,2026-05-10 15:02:24,Approved
PAY-00002333,TXN-0002333,Credit Card,139.63,2026-05-14 09:54:59,Approved
PAY-00002334,TXN-0002334,Debit Card,217.1,2026-05-24 13:27:10,Approved
PAY-00002335,TXN-0002335,Credit Card,46.14,2026-06-06 19:21:05,Approved
PAY-00002336,TXN-0002336,Credit Card,51.09,2026-05-24 17:30:01,Approved
PAY-00002337,TXN-0002337,Credit Card,172.51,2026-07-03 14:54:39,Approved
PAY-00002338,TXN-0002338,Debit Card,246.02,2026-06-05 16:31:05,Approved
PAY-00002339,TXN-0002339,Credit Card,103.8,2026-06-25 11:36:11,Approved
PAY-00002340,TXN-0002340,Debit Card,225.13,2026-07-26 08:52:41,Approved
PAY-00002341,TXN-0002341,Credit Card,216.57,2026-05-25 12:55:37,Approved
PAY-00002342,TXN-0002342,Credit Card,134.46,2026-05-02 09:54:57,Approved
PAY-00002343,TXN-0002343,Debit Card,58.68,2026-06-16 18:13:47,Approved
PAY-00002344,TXN-0002344,Split Payment,115.43,2026-05-10 16:49:54,Approved
PAY-00002345,TXN-0002345,Split Payment,248.66,2026-05-13 20:17:47,Approved
PAY-00002346,TXN-0002346,Credit Card,207.59,2026-07-03 10:36:17,Approved
PAY-00002347,TXN-0002347,Credit Card,251.44,2026-05-29 11:48:47,Approved
PAY-00002348,TXN-0002348,Credit Card,401.19,2026-07-04 09:33:47,Approved
PAY-00002349,TXN-0002349,Cash,150.96,2026-05-22 18:04:57,Approved
PAY-00002350,TXN-0002350,Credit Card,248.25,2026-06-14 18:31:12,Approved
PAY-00002351,TXN-0002351,Debit Card,43.83,2026-06-25 20:14:19,Approved
PAY-00002352,TXN-0002352,Cash,31.64,2026-05-27 11:14:53,Approved
PAY-00002353,TXN-0002353,Credit Card,93.78,2026-05-22 14:34:19,Approved
PAY-00002354,TXN-0002354,Debit Card,255.41,2026-07-15 18:38:52,Approved
PAY-00002355,TXN-0002355,Credit Card,106.45,2026-06-29 19:09:13,Approved
PAY-00002356,TXN-0002356,Cash,484.16,2026-05-20 09:27:35,Approved
PAY-00002357,TXN-0002357,Credit Card,304.87,2026-06-10 10:47:23,Approved
PAY-00002358,TXN-0002358,Credit Card,449.33,2026-05-05 11:40:24,Approved
PAY-00002359,TXN-0002359,Debit Card,311.16,2026-05-18 10:45:22,Approved
PAY-00002360,TXN-0002360,Credit Card,514.75,2026-07-08 16:51:56,Approved
PAY-00002361,TXN-0002361,Cash,83.14,2026-07-27 14:44:12,Approved
PAY-00002362,TXN-0002362,Credit Card,333.72,2026-06-01 14:38:50,Approved
PAY-00002363,TXN-0002363,Debit Card,42.4,2026-07-02 14:37:50,Approved
PAY-00002364,TXN-0002364,Credit Card,204.88,2026-05-12 18:16:56,Approved
PAY-00002365,TXN-0002365,Debit Card,220.54,2026-07-07 21:23:12,Approved
PAY-00002366,TXN-0002366,Split Payment,198.6,2026-06-01 18:19:44,Approved
PAY-00002367,TXN-0002367,Credit Card,257.85,2026-06-13 15:56:25,Approved
PAY-00002368,TXN-0002368,Debit Card,565.75,2026-06-20 09:10:35,Approved
PAY-00002369,TXN-0002369,Credit Card,195.77,2026-07-14 19:58:26,Approved
PAY-00002370,TXN-0002370,Credit Card,282.6,2026-07-29 19:28:34,Approved
PAY-00002371,TXN-0002371,Debit Card,321.1,2026-06-03 19:05:05,Approved
PAY-00002372,TXN-0002372,Credit Card,104.19,2026-06-28 20:22:21,Approved
PAY-00002373,TXN-0002373,Gift Card,150.69,2026-05-27 14:03:00,Approved
PAY-00002374,TXN-0002374,Debit Card,146.32,2026-06-17 09:51:09,Approved
PAY-00002375,TXN-0002375,Debit Card,226.97,2026-05-04 10:31:40,Approved
PAY-00002376,TXN-0002376,Debit Card,129.97,2026-06-15 19:39:03,Approved
PAY-00002377,TXN-0002377,Cash,138.95,2026-05-22 16:02:01,Approved
PAY-00002378,TXN-0002378,Gift Card,398.44,2026-05-03 13:12:26,Approved
PAY-00002379,TXN-0002379,Debit Card,230.99,2026-05-09 09:32:41,Approved
PAY-00002380,TXN-0002380,Gift Card,134.55,2026-05-02 17:06:46,Approved
PAY-00002381,TXN-0002381,Gift Card,255.73,2026-06-02 14:18:15,Approved
PAY-00002382,TXN-0002382,Credit Card,189.35,2026-05-02 20:49:23,Approved
PAY-00002383,TXN-0002383,Credit Card,167.11,2026-07-21 13:59:41,Approved
PAY-00002384,TXN-0002384,Credit Card,125.06,2026-05-11 18:17:42,Approved
PAY-00002385,TXN-0002385,Gift Card,169.93,2026-06-09 20:28:20,Approved
PAY-00002386,TXN-0002386,Cash,76.66,2026-06-01 17:33:40,Approved
PAY-00002387,TXN-0002387,Credit Card,91.07,2026-07-01 10:05:12,Approved
PAY-00002388,TXN-0002388,Credit Card,411.19,2026-06-28 13:39:14,Approved
PAY-00002389,TXN-0002389,Debit Card,326.59,2026-06-23 09:30:31,Approved
PAY-00002390,TXN-0002390,Debit Card,323.38,2026-06-08 19:17:44,Approved
PAY-00002391,TXN-0002391,Debit Card,227.16,2026-05-29 19:11:16,Approved
PAY-00002392,TXN-0002392,Cash,222.01,2026-05-16 12:09:33,Approved
PAY-00002393,TXN-0002393,Credit Card,624.95,2026-07-27 19:48:47,Approved
PAY-00002394,TXN-0002394,Gift Card,250.65,2026-07-12 20:18:35,Approved
PAY-00002395,TXN-0002395,Cash,242.54,2026-07-03 15:02:09,Approved
PAY-00002396,TXN-0002396,Credit Card,228.86,2026-06-26 15:06:45,Approved
PAY-00002397,TXN-0002397,Credit Card,223.13,2026-07-01 09:42:12,Approved
PAY-00002398,TXN-0002398,Debit Card,70.75,2026-07-04 18:23:32,Approved
PAY-00002399,TXN-0002399,Debit Card,165.97,2026-06-14 20:19:11,Approved
PAY-00002400,TXN-0002400,Gift Card,29.65,2026-07-20 11:06:59,Approved
PAY-00002401,TXN-0002401,Credit Card,118.28,2026-05-26 16:26:39,Approved
PAY-00002402,TXN-0002402,Debit Card,291.71,2026-05-29 16:05:09,Approved
PAY-00002403,TXN-0002403,Credit Card,283.38,2026-07-15 09:07:47,Approved
PAY-00002404,TXN-0002404,Cash,166.14,2026-07-11 16:31:43,Approved
PAY-00002405,TXN-0002405,Credit Card,235.94,2026-07-11 08:47:52,Approved
PAY-00002406,TXN-0002406,Credit Card,109.44,2026-06-20 08:06:45,Approved
PAY-00002407,TXN-0002407,Debit Card,37.63,2026-06-28 16:53:10,Approved
PAY-00002408,TXN-0002408,Cash,28.91,2026-06-22 09:33:04,Approved
PAY-00002409,TXN-0002409,Credit Card,207.29,2026-05-19 12:13:50,Approved
PAY-00002410,TXN-0002410,Debit Card,234.93,2026-05-12 11:40:07,Approved
PAY-00002411,TXN-0002411,Credit Card,101.49,2026-06-09 10:47:02,Approved
PAY-00002412,TXN-0002412,Credit Card,344.05,2026-07-07 08:29:40,Approved
PAY-00002413,TXN-0002413,Credit Card,172.31,2026-07-09 19:31:30,Approved
PAY-00002414,TXN-0002414,Debit Card,326.19,2026-07-15 17:12:27,Approved
PAY-00002415,TXN-0002415,Debit Card,248.19,2026-05-14 17:07:08,Approved
PAY-00002416,TXN-0002416,Credit Card,101.53,2026-07-12 19:30:06,Approved
PAY-00002417,TXN-0002417,Debit Card,121.58,2026-05-19 17:21:25,Approved
PAY-00002418,TXN-0002418,Debit Card,308.98,2026-06-15 21:30:55,Approved
PAY-00002419,TXN-0002419,Debit Card,184.16,2026-05-09 16:01:32,Approved
PAY-00002420,TXN-0002420,Credit Card,57.77,2026-06-03 08:45:53,Approved
PAY-00002421,TXN-0002421,Debit Card,56.64,2026-05-17 08:20:07,Approved
PAY-00002422,TXN-0002422,Cash,192.17,2026-06-06 19:01:23,Approved
PAY-00002423,TXN-0002423,Credit Card,186.81,2026-07-26 10:10:12,Approved
PAY-00002424,TXN-0002424,Credit Card,206.6,2026-06-30 12:12:49,Approved
PAY-00002425,TXN-0002425,Cash,233.33,2026-06-03 11:43:37,Approved
PAY-00002426,TXN-0002426,Credit Card,158.88,2026-05-14 21:03:34,Approved
PAY-00002427,TXN-0002427,Cash,234.45,2026-07-15 17:28:33,Approved
PAY-00002428,TXN-0002428,Debit Card,222.34,2026-07-24 15:30:20,Approved
PAY-00002429,TXN-0002429,Debit Card,129.07,2026-07-20 08:45:23,Approved
PAY-00002430,TXN-0002430,Debit Card,439.01,2026-07-16 12:32:51,Approved
PAY-00002431,TXN-0002431,Debit Card,423.03,2026-06-11 16:55:27,Approved
PAY-00002432,TXN-0002432,Cash,220.81,2026-05-22 20:56:11,Approved
PAY-00002433,TXN-0002433,Credit Card,199.54,2026-05-15 18:58:48,Approved
PAY-00002434,TXN-0002434,Debit Card,372.9,2026-05-06 16:40:16,Approved
PAY-00002435,TXN-0002435,Cash,38.15,2026-05-19 15:13:04,Approved
PAY-00002436,TXN-0002436,Credit Card,145.61,2026-06-19 14:14:10,Approved
PAY-00002437,TXN-0002437,Gift Card,230.89,2026-05-24 08:19:32,Approved
PAY-00002438,TXN-0002438,Cash,194.32,2026-06-29 11:17:54,Approved
PAY-00002439,TXN-0002439,Credit Card,110.66,2026-06-01 10:13:57,Approved
PAY-00002440,TXN-0002440,Credit Card,308.43,2026-07-07 14:44:37,Approved
PAY-00002441,TXN-0002441,Credit Card,290.34,2026-07-30 08:36:27,Approved
PAY-00002442,TXN-0002442,Credit Card,148.04,2026-05-22 13:32:44,Approved
PAY-00002443,TXN-0002443,Credit Card,214.95,2026-06-13 17:38:14,Approved
PAY-00002444,TXN-0002444,Debit Card,371.12,2026-07-28 17:16:43,Approved
PAY-00002445,TXN-0002445,Credit Card,565.51,2026-07-09 13:58:18,Approved
PAY-00002446,TXN-0002446,Debit Card,66.52,2026-07-23 13:26:49,Approved
PAY-00002447,TXN-0002447,Credit Card,146.93,2026-05-13 19:43:45,Approved
PAY-00002448,TXN-0002448,Cash,235.53,2026-07-14 09:52:45,Approved
PAY-00002449,TXN-0002449,Credit Card,130.36,2026-07-04 08:45:35,Approved
PAY-00002450,TXN-0002450,Cash,206.41,2026-06-05 14:05:52,Approved
PAY-00002451,TXN-0002451,Gift Card,65.83,2026-06-11 09:41:46,Approved
PAY-00002452,TXN-0002452,Cash,410.01,2026-06-15 09:49:10,Approved
PAY-00002453,TXN-0002453,Debit Card,135.72,2026-07-26 20:02:54,Approved
PAY-00002454,TXN-0002454,Credit Card,97.65,2026-07-29 09:41:22,Approved
PAY-00002455,TXN-0002455,Cash,261.59,2026-05-29 16:33:29,Approved
PAY-00002456,TXN-0002456,Debit Card,337.12,2026-06-03 18:32:31,Approved
PAY-00002457,TXN-0002457,Cash,107.65,2026-07-24 15:49:15,Approved
PAY-00002458,TXN-0002458,Credit Card,140.77,2026-07-05 19:10:18,Approved
PAY-00002459,TXN-0002459,Debit Card,83.21,2026-07-13 08:12:20,Approved
PAY-00002460,TXN-0002460,Cash,255.24,2026-05-01 14:25:23,Approved
PAY-00002461,TXN-0002461,Debit Card,286.07,2026-07-17 12:41:15,Approved
PAY-00002462,TXN-0002462,Credit Card,243.98,2026-07-10 19:37:13,Approved
PAY-00002463,TXN-0002463,Credit Card,198.85,2026-07-19 12:10:28,Approved
PAY-00002464,TXN-0002464,Cash,37.27,2026-07-01 21:50:50,Approved
PAY-00002465,TXN-0002465,Credit Card,84.37,2026-06-25 14:00:06,Approved
PAY-00002466,TXN-0002466,Credit Card,291.54,2026-07-14 15:53:05,Approved
PAY-00002467,TXN-0002467,Debit Card,89.61,2026-07-11 10:45:50,Approved
PAY-00002468,TXN-0002468,Credit Card,86.07,2026-05-10 13:57:09,Approved
PAY-00002469,TXN-0002469,Debit Card,290.9,2026-07-24 14:27:45,Approved
PAY-00002470,TXN-0002470,Cash,469.02,2026-06-24 11:00:39,Approved
PAY-00002471,TXN-0002471,Cash,171.48,2026-06-04 09:46:28,Approved
PAY-00002472,TXN-0002472,Debit Card,241.51,2026-05-03 18:37:32,Approved
PAY-00002473,TXN-0002473,Cash,157.87,2026-07-24 19:05:29,Approved
PAY-00002474,TXN-0002474,Debit Card,233.79,2026-07-18 10:22:14,Approved
PAY-00002475,TXN-0002475,Cash,70.71,2026-05-10 18:08:11,Approved
PAY-00002476,TXN-0002476,Debit Card,223.46,2026-07-25 20:41:50,Approved
PAY-00002477,TXN-0002477,Debit Card,258.07,2026-07-23 08:02:50,Approved
PAY-00002478,TXN-0002478,Credit Card,130.88,2026-07-27 15:36:28,Approved
PAY-00002479,TXN-0002479,Credit Card,235.44,2026-05-03 16:07:46,Approved
PAY-00002480,TXN-0002480,Debit Card,99.44,2026-06-18 13:18:51,Approved
PAY-00002481,TXN-0002481,Credit Card,150.79,2026-07-06 09:35:54,Approved
PAY-00002482,TXN-0002482,Debit Card,99.51,2026-07-22 11:50:06,Approved
PAY-00002483,TXN-0002483,Debit Card,362.19,2026-05-07 14:16:49,Approved
PAY-00002484,TXN-0002484,Debit Card,146.21,2026-06-11 14:23:09,Approved
PAY-00002485,TXN-0002485,Debit Card,223.07,2026-07-01 12:42:45,Approved
PAY-00002486,TXN-0002486,Credit Card,63.6,2026-05-26 09:29:55,Approved
PAY-00002487,TXN-0002487,Credit Card,213.2,2026-06-04 10:16:15,Approved
PAY-00002488,TXN-0002488,Credit Card,131.06,2026-06-30 13:17:24,Approved
PAY-00002489,TXN-0002489,Cash,223.71,2026-07-23 09:14:54,Approved
PAY-00002490,TXN-0002490,Debit Card,218.61,2026-05-12 14:41:15,Approved
PAY-00002491,TXN-0002491,Gift Card,312.25,2026-06-13 19:06:49,Approved
PAY-00002492,TXN-0002492,Credit Card,114.84,2026-05-17 09:48:02,Approved
PAY-00002493,TXN-0002493,Credit Card,189.12,2026-05-18 08:46:37,Approved
PAY-00002494,TXN-0002494,Cash,384.41,2026-05-09 12:07:13,Approved
PAY-00002495,TXN-0002495,Debit Card,39.69,2026-07-27 14:56:32,Approved
PAY-00002496,TXN-0002496,Cash,159.95,2026-06-12 12:48:25,Approved
PAY-00002497,TXN-0002497,Credit Card,8.38,2026-06-22 17:00:28,Approved
PAY-00002498,TXN-0002498,Debit Card,43.85,2026-05-10 20:09:52,Approved
PAY-00002499,TXN-0002499,Credit Card,559.53,2026-05-07 15:37:12,Approved
PAY-00002500,TXN-0002500,Credit Card,180.76,2026-07-26 17:46:12,Approved
PAY-00002501,TXN-0002501,Cash,164.06,2026-06-01 12:18:38,Approved
PAY-00002502,TXN-0002502,Credit Card,79.6,2026-07-05 15:09:03,Approved
PAY-00002503,TXN-0002503,Credit Card,365.94,2026-05-26 17:28:13,Approved
PAY-00002504,TXN-0002504,Credit Card,184.44,2026-06-19 13:12:54,Approved
PAY-00002505,TXN-0002505,Gift Card,130.23,2026-06-18 11:23:34,Approved
PAY-00002506,TXN-0002506,Debit Card,110.61,2026-07-20 11:50:29,Approved
PAY-00002507,TXN-0002507,Credit Card,191.07,2026-07-28 10:30:59,Approved
PAY-00002508,TXN-0002508,Debit Card,265.36,2026-06-15 13:01:46,Approved
PAY-00002509,TXN-0002509,Credit Card,82.02,2026-07-03 20:37:56,Approved
PAY-00002510,TXN-0002510,Credit Card,284.75,2026-06-27 13:55:45,Approved
PAY-00002511,TXN-0002511,Gift Card,381.6,2026-07-17 10:19:48,Approved
PAY-00002512,TXN-0002512,Credit Card,77.04,2026-05-20 14:37:41,Approved
PAY-00002513,TXN-0002513,Debit Card,32.64,2026-07-02 21:10:45,Approved
PAY-00002514,TXN-0002514,Credit Card,246.31,2026-07-03 16:12:31,Approved
PAY-00002515,TXN-0002515,Credit Card,226.1,2026-07-17 15:32:34,Approved
PAY-00002516,TXN-0002516,Credit Card,59.84,2026-07-22 10:54:36,Approved
PAY-00002517,TXN-0002517,Credit Card,601.81,2026-05-11 19:39:02,Approved
PAY-00002518,TXN-0002518,Debit Card,84.71,2026-06-09 09:27:27,Approved
PAY-00002519,TXN-0002519,Debit Card,199.11,2026-07-20 11:03:37,Approved
PAY-00002520,TXN-0002520,Debit Card,171.31,2026-07-20 08:18:02,Approved
PAY-00002521,TXN-0002521,Cash,167.75,2026-05-18 11:56:46,Approved
PAY-00002522,TXN-0002522,Split Payment,69.94,2026-07-23 19:32:40,Approved
PAY-00002523,TXN-0002523,Debit Card,104.27,2026-06-09 21:36:06,Approved
PAY-00002524,TXN-0002524,Cash,739.79,2026-07-27 15:25:20,Approved
PAY-00002525,TXN-0002525,Credit Card,146.6,2026-05-16 20:39:54,Approved
PAY-00002526,TXN-0002526,Cash,570.23,2026-07-08 20:13:40,Approved
PAY-00002527,TXN-0002527,Debit Card,419.27,2026-06-16 20:58:42,Approved
PAY-00002528,TXN-0002528,Split Payment,169.22,2026-07-07 21:49:54,Approved
PAY-00002529,TXN-0002529,Debit Card,127.52,2026-05-03 12:28:45,Approved
PAY-00002530,TXN-0002530,Credit Card,228.54,2026-05-10 08:12:40,Approved
PAY-00002531,TXN-0002531,Credit Card,31.86,2026-07-18 09:07:40,Approved
PAY-00002532,TXN-0002532,Credit Card,167.96,2026-06-26 11:23:34,Approved
PAY-00002533,TXN-0002533,Credit Card,131.76,2026-05-31 16:56:47,Approved
PAY-00002534,TXN-0002534,Cash,146.21,2026-05-21 20:43:58,Approved
PAY-00002535,TXN-0002535,Debit Card,28.66,2026-06-18 13:18:43,Approved
PAY-00002536,TXN-0002536,Cash,148.07,2026-05-02 18:22:58,Approved
PAY-00002537,TXN-0002537,Cash,190.05,2026-07-26 21:19:58,Approved
PAY-00002538,TXN-0002538,Credit Card,106.14,2026-07-09 12:08:17,Approved
PAY-00002539,TXN-0002539,Cash,319.52,2026-06-08 16:52:50,Approved
PAY-00002540,TXN-0002540,Debit Card,165.78,2026-07-01 18:48:19,Approved
PAY-00002541,TXN-0002541,Debit Card,332.03,2026-07-13 08:01:11,Approved
PAY-00002542,TXN-0002542,Credit Card,146.6,2026-06-16 19:22:15,Approved
PAY-00002543,TXN-0002543,Cash,336.76,2026-07-15 10:28:36,Approved
PAY-00002544,TXN-0002544,Credit Card,430.86,2026-07-19 18:32:51,Approved
PAY-00002545,TXN-0002545,Cash,97.92,2026-05-29 17:22:36,Approved
PAY-00002546,TXN-0002546,Credit Card,54.73,2026-06-27 18:23:29,Approved
PAY-00002547,TXN-0002547,Cash,100.61,2026-05-09 15:14:26,Approved
PAY-00002548,TXN-0002548,Debit Card,273.32,2026-07-29 08:02:07,Approved
PAY-00002549,TXN-0002549,Credit Card,141.94,2026-07-23 15:38:22,Approved
PAY-00002550,TXN-0002550,Debit Card,251.51,2026-07-24 14:17:07,Approved
PAY-00002551,TXN-0002551,Credit Card,193.62,2026-05-14 13:46:56,Approved
PAY-00002552,TXN-0002552,Cash,476.49,2026-05-21 10:24:07,Approved
PAY-00002553,TXN-0002553,Debit Card,94.24,2026-05-14 10:41:37,Approved
PAY-00002554,TXN-0002554,Credit Card,313.38,2026-07-11 21:28:12,Approved
PAY-00002555,TXN-0002555,Credit Card,374.47,2026-06-08 14:31:38,Approved
PAY-00002556,TXN-0002556,Cash,42.77,2026-05-10 10:07:32,Approved
PAY-00002557,TXN-0002557,Credit Card,140.19,2026-06-22 20:00:39,Approved
PAY-00002558,TXN-0002558,Debit Card,109.51,2026-05-02 17:31:18,Approved
PAY-00002559,TXN-0002559,Credit Card,241.91,2026-05-19 20:49:13,Approved
PAY-00002560,TXN-0002560,Debit Card,271.4,2026-05-04 12:53:54,Approved
PAY-00002561,TXN-0002561,Cash,319.56,2026-06-23 11:21:00,Approved
PAY-00002562,TXN-0002562,Split Payment,171.13,2026-06-15 20:18:51,Approved
PAY-00002563,TXN-0002563,Credit Card,304.09,2026-05-21 17:56:19,Approved
PAY-00002564,TXN-0002564,Credit Card,41.67,2026-07-17 19:54:45,Approved
PAY-00002565,TXN-0002565,Debit Card,113.37,2026-06-29 19:02:55,Approved
PAY-00002566,TXN-0002566,Credit Card,94.9,2026-07-04 10:51:09,Approved
PAY-00002567,TXN-0002567,Cash,94.67,2026-07-29 15:35:47,Approved
PAY-00002568,TXN-0002568,Debit Card,380.0,2026-07-10 11:07:43,Approved
PAY-00002569,TXN-0002569,Credit Card,331.01,2026-05-20 17:06:13,Approved
PAY-00002570,TXN-0002570,Credit Card,235.41,2026-05-16 17:36:33,Approved
PAY-00002571,TXN-0002571,Debit Card,54.04,2026-06-19 11:15:23,Approved
PAY-00002572,TXN-0002572,Debit Card,170.53,2026-05-16 17:49:34,Approved
PAY-00002573,TXN-0002573,Credit Card,179.37,2026-06-29 10:04:43,Approved
PAY-00002574,TXN-0002574,Cash,166.47,2026-05-12 10:52:37,Approved
PAY-00002575,TXN-0002575,Debit Card,206.94,2026-05-26 09:31:11,Approved
PAY-00002576,TXN-0002576,Credit Card,186.98,2026-06-07 17:51:42,Approved
PAY-00002577,TXN-0002577,Credit Card,85.68,2026-05-12 20:52:00,Approved
PAY-00002578,TXN-0002578,Debit Card,66.16,2026-07-11 13:55:50,Approved
PAY-00002579,TXN-0002579,Credit Card,126.88,2026-07-26 11:45:44,Approved
PAY-00002580,TXN-0002580,Credit Card,10.08,2026-06-16 18:18:15,Approved
PAY-00002581,TXN-0002581,Credit Card,295.64,2026-06-19 13:52:15,Approved
PAY-00002582,TXN-0002582,Gift Card,339.8,2026-07-04 12:33:10,Approved
PAY-00002583,TXN-0002583,Credit Card,135.7,2026-06-28 16:51:37,Approved
PAY-00002584,TXN-0002584,Debit Card,1.48,2026-05-07 19:40:02,Approved
PAY-00002585,TXN-0002585,Credit Card,123.47,2026-05-20 16:52:28,Approved
PAY-00002586,TXN-0002586,Credit Card,143.82,2026-06-23 09:35:31,Approved
PAY-00002587,TXN-0002587,Cash,59.21,2026-05-13 15:41:13,Approved
PAY-00002588,TXN-0002588,Cash,253.09,2026-06-08 09:16:10,Approved
PAY-00002589,TXN-0002589,Cash,531.86,2026-06-27 16:44:46,Approved
PAY-00002590,TXN-0002590,Debit Card,758.45,2026-05-05 15:17:04,Approved
PAY-00002591,TXN-0002591,Debit Card,50.85,2026-07-24 12:35:51,Approved
PAY-00002592,TXN-0002592,Cash,71.44,2026-05-21 18:53:26,Approved
PAY-00002593,TXN-0002593,Gift Card,131.88,2026-07-13 17:25:00,Approved
PAY-00002594,TXN-0002594,Gift Card,167.44,2026-07-06 18:39:00,Approved
PAY-00002595,TXN-0002595,Cash,140.65,2026-05-08 11:55:10,Approved
PAY-00002596,TXN-0002596,Debit Card,114.23,2026-07-02 21:20:07,Approved
PAY-00002597,TXN-0002597,Credit Card,258.43,2026-07-15 17:17:18,Approved
PAY-00002598,TXN-0002598,Cash,110.11,2026-07-14 21:58:41,Approved
PAY-00002599,TXN-0002599,Cash,192.98,2026-05-23 08:12:46,Approved
PAY-00002600,TXN-0002600,Debit Card,85.24,2026-06-02 11:13:56,Approved
PAY-00002601,TXN-0002601,Cash,60.92,2026-05-16 11:00:59,Approved
PAY-00002602,TXN-0002602,Credit Card,156.89,2026-07-16 15:10:38,Approved
PAY-00002603,TXN-0002603,Credit Card,295.08,2026-07-18 19:18:14,Approved
PAY-00002604,TXN-0002604,Credit Card,44.35,2026-06-27 13:41:29,Approved
PAY-00002605,TXN-0002605,Gift Card,223.79,2026-07-13 21:49:34,Approved
PAY-00002606,TXN-0002606,Credit Card,46.99,2026-07-21 16:21:37,Approved
PAY-00002607,TXN-0002607,Credit Card,223.78,2026-05-02 13:37:48,Approved
PAY-00002608,TXN-0002608,Credit Card,404.97,2026-05-16 17:18:05,Approved
PAY-00002609,TXN-0002609,Cash,225.95,2026-05-26 11:14:53,Approved
PAY-00002610,TXN-0002610,Cash,332.85,2026-07-27 10:19:44,Approved
PAY-00002611,TXN-0002611,Cash,281.51,2026-05-05 09:14:55,Approved
PAY-00002612,TXN-0002612,Credit Card,358.52,2026-07-01 11:26:36,Approved
PAY-00002613,TXN-0002613,Cash,139.25,2026-06-22 08:44:56,Approved
PAY-00002614,TXN-0002614,Gift Card,214.29,2026-07-07 21:53:08,Approved
PAY-00002615,TXN-0002615,Debit Card,114.4,2026-06-07 10:06:30,Approved
PAY-00002616,TXN-0002616,Debit Card,163.6,2026-05-03 16:29:10,Approved
PAY-00002617,TXN-0002617,Credit Card,64.43,2026-05-28 12:42:49,Approved
PAY-00002618,TXN-0002618,Debit Card,52.43,2026-05-09 13:11:17,Approved
PAY-00002619,TXN-0002619,Credit Card,477.52,2026-07-13 15:28:00,Approved
PAY-00002620,TXN-0002620,Credit Card,44.64,2026-05-21 12:11:40,Approved
PAY-00002621,TXN-0002621,Debit Card,191.27,2026-07-30 11:09:22,Approved
PAY-00002622,TXN-0002622,Credit Card,249.68,2026-07-10 11:15:31,Approved
PAY-00002623,TXN-0002623,Credit Card,95.65,2026-07-11 20:53:54,Approved
PAY-00002624,TXN-0002624,Credit Card,180.7,2026-05-12 13:38:31,Approved
PAY-00002625,TXN-0002625,Cash,264.72,2026-06-08 20:22:34,Approved
PAY-00002626,TXN-0002626,Cash,152.94,2026-06-25 16:50:21,Approved
PAY-00002627,TXN-0002627,Debit Card,22.41,2026-07-02 13:51:37,Approved
PAY-00002628,TXN-0002628,Credit Card,57.61,2026-07-18 21:05:59,Approved
PAY-00002629,TXN-0002629,Cash,96.89,2026-05-28 14:43:48,Approved
PAY-00002630,TXN-0002630,Debit Card,224.97,2026-07-31 14:25:09,Approved
PAY-00002631,TXN-0002631,Credit Card,211.33,2026-07-10 12:02:39,Approved
PAY-00002632,TXN-0002632,Cash,307.77,2026-07-03 19:51:55,Approved
PAY-00002633,TXN-0002633,Credit Card,47.68,2026-07-04 12:09:37,Approved
PAY-00002634,TXN-0002634,Credit Card,404.68,2026-05-15 17:33:09,Approved
PAY-00002635,TXN-0002635,Debit Card,156.86,2026-05-02 13:00:31,Approved
PAY-00002636,TXN-0002636,Credit Card,167.04,2026-07-03 11:53:39,Approved
PAY-00002637,TXN-0002637,Credit Card,231.15,2026-07-05 11:29:04,Approved
PAY-00002638,TXN-0002638,Credit Card,214.75,2026-05-24 12:31:21,Approved
PAY-00002639,TXN-0002639,Gift Card,446.36,2026-07-28 20:05:46,Approved
PAY-00002640,TXN-0002640,Credit Card,156.25,2026-05-19 16:56:31,Approved
PAY-00002641,TXN-0002641,Debit Card,106.81,2026-05-28 12:52:02,Approved
PAY-00002642,TXN-0002642,Cash,233.86,2026-07-03 11:02:12,Approved
PAY-00002643,TXN-0002643,Cash,159.98,2026-07-08 19:51:21,Approved
PAY-00002644,TXN-0002644,Debit Card,301.28,2026-07-08 09:10:12,Approved
PAY-00002645,TXN-0002645,Credit Card,135.6,2026-06-17 18:52:51,Approved
PAY-00002646,TXN-0002646,Debit Card,133.94,2026-06-16 17:18:26,Approved
PAY-00002647,TXN-0002647,Debit Card,189.36,2026-05-20 19:30:54,Approved
PAY-00002648,TXN-0002648,Credit Card,203.15,2026-06-21 09:15:09,Approved
PAY-00002649,TXN-0002649,Cash,84.78,2026-05-01 11:13:28,Approved
PAY-00002650,TXN-0002650,Gift Card,299.45,2026-06-19 10:21:12,Approved
PAY-00002651,TXN-0002651,Credit Card,365.08,2026-06-16 08:23:15,Approved
PAY-00002652,TXN-0002652,Split Payment,136.23,2026-06-29 15:40:07,Approved
PAY-00002653,TXN-0002653,Debit Card,126.68,2026-05-26 17:40:39,Approved
PAY-00002654,TXN-0002654,Credit Card,52.64,2026-05-26 10:01:25,Approved
PAY-00002655,TXN-0002655,Credit Card,293.72,2026-05-16 08:39:28,Approved
PAY-00002656,TXN-0002656,Cash,121.17,2026-05-23 17:43:41,Approved
PAY-00002657,TXN-0002657,Debit Card,88.69,2026-05-31 20:39:51,Approved
PAY-00002658,TXN-0002658,Split Payment,495.31,2026-06-26 21:32:42,Approved
PAY-00002659,TXN-0002659,Debit Card,98.88,2026-06-07 21:58:48,Approved
PAY-00002660,TXN-0002660,Gift Card,402.37,2026-07-28 16:24:21,Approved
PAY-00002661,TXN-0002661,Credit Card,41.46,2026-07-07 09:12:15,Approved
PAY-00002662,TXN-0002662,Cash,63.73,2026-06-26 16:05:31,Approved
PAY-00002663,TXN-0002663,Credit Card,210.96,2026-05-15 10:54:28,Approved
PAY-00002664,TXN-0002664,Credit Card,214.3,2026-06-06 19:06:17,Approved
PAY-00002665,TXN-0002665,Gift Card,184.52,2026-07-14 12:08:28,Approved
PAY-00002666,TXN-0002666,Credit Card,122.28,2026-07-23 19:43:50,Approved
PAY-00002667,TXN-0002667,Credit Card,101.86,2026-07-20 09:39:12,Approved
PAY-00002668,TXN-0002668,Credit Card,271.97,2026-07-27 08:09:11,Approved
PAY-00002669,TXN-0002669,Credit Card,406.43,2026-05-15 12:40:41,Approved
PAY-00002670,TXN-0002670,Credit Card,278.03,2026-07-02 21:16:11,Approved
PAY-00002671,TXN-0002671,Debit Card,138.42,2026-07-07 19:40:03,Approved
PAY-00002672,TXN-0002672,Credit Card,179.77,2026-05-07 11:08:38,Approved
PAY-00002673,TXN-0002673,Credit Card,94.04,2026-06-23 20:23:06,Approved
PAY-00002674,TXN-0002674,Debit Card,436.01,2026-07-05 13:25:26,Approved
PAY-00002675,TXN-0002675,Credit Card,37.26,2026-05-23 15:06:10,Approved
PAY-00002676,TXN-0002676,Credit Card,214.32,2026-06-17 20:57:17,Approved
PAY-00002677,TXN-0002677,Debit Card,139.45,2026-07-15 19:12:09,Approved
PAY-00002678,TXN-0002678,Credit Card,235.81,2026-07-30 16:37:56,Approved
PAY-00002679,TXN-0002679,Credit Card,208.85,2026-06-29 09:10:55,Approved
PAY-00002680,TXN-0002680,Debit Card,93.56,2026-06-16 19:51:53,Approved
PAY-00002681,TXN-0002681,Cash,137.31,2026-06-05 18:08:07,Approved
PAY-00002682,TXN-0002682,Credit Card,431.8,2026-06-04 08:07:24,Approved
PAY-00002683,TXN-0002683,Cash,175.31,2026-06-10 17:05:23,Approved
PAY-00002684,TXN-0002684,Debit Card,212.6,2026-06-09 09:49:17,Approved
PAY-00002685,TXN-0002685,Cash,206.92,2026-05-30 12:17:01,Approved
PAY-00002686,TXN-0002686,Debit Card,497.6,2026-07-11 09:12:42,Approved
PAY-00002687,TXN-0002687,Credit Card,222.45,2026-07-03 15:31:34,Approved
PAY-00002688,TXN-0002688,Cash,100.67,2026-06-21 17:01:25,Approved
PAY-00002689,TXN-0002689,Credit Card,62.92,2026-05-17 11:48:00,Approved
PAY-00002690,TXN-0002690,Credit Card,65.61,2026-07-10 14:19:44,Approved
PAY-00002691,TXN-0002691,Debit Card,445.25,2026-07-14 20:19:29,Approved
PAY-00002692,TXN-0002692,Cash,181.27,2026-05-09 20:08:06,Approved
PAY-00002693,TXN-0002693,Credit Card,126.69,2026-07-20 17:36:32,Approved
PAY-00002694,TXN-0002694,Debit Card,375.51,2026-05-09 12:50:24,Approved
PAY-00002695,TXN-0002695,Cash,141.41,2026-06-13 21:00:44,Approved
PAY-00002696,TXN-0002696,Credit Card,131.08,2026-07-13 10:29:29,Approved
PAY-00002697,TXN-0002697,Cash,141.61,2026-07-06 21:14:09,Approved
PAY-00002698,TXN-0002698,Credit Card,56.61,2026-06-12 20:56:38,Approved
PAY-00002699,TXN-0002699,Debit Card,148.81,2026-07-28 13:58:46,Approved
PAY-00002700,TXN-0002700,Cash,410.7,2026-07-05 20:00:13,Approved
PAY-00002701,TXN-0002701,Split Payment,200.51,2026-06-24 10:44:50,Approved
PAY-00002702,TXN-0002702,Debit Card,50.9,2026-07-17 12:33:54,Approved
PAY-00002703,TXN-0002703,Credit Card,76.58,2026-06-13 10:52:38,Approved
PAY-00002704,TXN-0002704,Credit Card,301.71,2026-07-28 17:31:01,Approved
PAY-00002705,TXN-0002705,Debit Card,164.14,2026-07-07 15:46:55,Approved
PAY-00002706,TXN-0002706,Split Payment,257.79,2026-05-29 08:25:41,Approved
PAY-00002707,TXN-0002707,Cash,122.85,2026-05-02 15:14:12,Approved
PAY-00002708,TXN-0002708,Debit Card,314.55,2026-07-10 16:46:34,Approved
PAY-00002709,TXN-0002709,Debit Card,658.5,2026-07-23 11:30:41,Approved
PAY-00002710,TXN-0002710,Debit Card,151.51,2026-07-27 08:50:13,Approved
PAY-00002711,TXN-0002711,Credit Card,19.6,2026-07-04 15:04:41,Approved
PAY-00002712,TXN-0002712,Cash,46.86,2026-06-20 08:31:14,Approved
PAY-00002713,TXN-0002713,Debit Card,155.93,2026-06-11 08:27:05,Approved
PAY-00002714,TXN-0002714,Debit Card,315.77,2026-07-28 15:36:21,Approved
PAY-00002715,TXN-0002715,Credit Card,268.61,2026-05-11 17:25:45,Approved
PAY-00002716,TXN-0002716,Debit Card,104.19,2026-06-05 16:24:28,Approved
PAY-00002717,TXN-0002717,Credit Card,71.64,2026-06-16 16:57:46,Approved
PAY-00002718,TXN-0002718,Debit Card,157.38,2026-07-31 18:20:59,Approved
PAY-00002719,TXN-0002719,Credit Card,58.48,2026-05-30 14:42:55,Approved
PAY-00002720,TXN-0002720,Credit Card,382.59,2026-07-29 12:22:08,Approved
PAY-00002721,TXN-0002721,Debit Card,103.24,2026-07-30 11:15:38,Approved
PAY-00002722,TXN-0002722,Credit Card,92.02,2026-05-23 17:48:00,Approved
PAY-00002723,TXN-0002723,Cash,227.89,2026-06-25 13:08:29,Approved
PAY-00002724,TXN-0002724,Debit Card,115.71,2026-06-09 21:02:51,Approved
PAY-00002725,TXN-0002725,Debit Card,185.26,2026-07-29 20:17:28,Approved
PAY-00002726,TXN-0002726,Credit Card,137.68,2026-07-31 14:54:11,Approved
PAY-00002727,TXN-0002727,Credit Card,239.87,2026-07-12 12:06:21,Approved
PAY-00002728,TXN-0002728,Cash,206.01,2026-07-21 16:18:39,Approved
PAY-00002729,TXN-0002729,Credit Card,103.49,2026-05-21 08:32:47,Approved
PAY-00002730,TXN-0002730,Credit Card,258.73,2026-07-15 09:18:31,Approved
PAY-00002731,TXN-0002731,Cash,254.72,2026-06-13 08:14:36,Approved
PAY-00002732,TXN-0002732,Cash,32.07,2026-05-16 17:18:02,Approved
PAY-00002733,TXN-0002733,Debit Card,158.27,2026-05-15 13:45:56,Approved
PAY-00002734,TXN-0002734,Cash,254.46,2026-06-15 14:13:50,Approved
PAY-00002735,TXN-0002735,Debit Card,177.03,2026-06-28 12:23:22,Approved
PAY-00002736,TXN-0002736,Debit Card,213.4,2026-07-20 17:55:58,Approved
PAY-00002737,TXN-0002737,Debit Card,251.66,2026-05-11 20:33:29,Approved
PAY-00002738,TXN-0002738,Credit Card,271.7,2026-06-17 15:50:12,Approved
PAY-00002739,TXN-0002739,Credit Card,150.67,2026-07-01 11:05:38,Approved
PAY-00002740,TXN-0002740,Debit Card,26.89,2026-06-09 15:19:36,Approved
PAY-00002741,TXN-0002741,Split Payment,115.77,2026-07-07 14:34:35,Approved
PAY-00002742,TXN-0002742,Credit Card,10.89,2026-06-10 20:00:15,Approved
PAY-00002743,TXN-0002743,Debit Card,328.5,2026-05-17 11:12:27,Approved
PAY-00002744,TXN-0002744,Credit Card,180.34,2026-07-02 21:14:31,Approved
PAY-00002745,TXN-0002745,Cash,196.61,2026-05-16 20:38:36,Approved
PAY-00002746,TXN-0002746,Gift Card,50.97,2026-06-13 10:14:54,Approved
PAY-00002747,TXN-0002747,Credit Card,157.6,2026-07-25 17:33:03,Approved
PAY-00002748,TXN-0002748,Credit Card,678.45,2026-07-27 17:12:35,Approved
PAY-00002749,TXN-0002749,Credit Card,425.37,2026-05-16 19:03:45,Approved
PAY-00002750,TXN-0002750,Credit Card,254.0,2026-06-23 21:09:50,Approved
PAY-00002751,TXN-0002751,Debit Card,373.13,2026-07-25 19:18:51,Approved
PAY-00002752,TXN-0002752,Debit Card,264.34,2026-06-21 12:46:35,Approved
PAY-00002753,TXN-0002753,Credit Card,475.05,2026-05-23 21:24:18,Approved
PAY-00002754,TXN-0002754,Split Payment,414.79,2026-07-24 10:38:43,Approved
PAY-00002755,TXN-0002755,Credit Card,310.53,2026-06-04 11:16:42,Approved
PAY-00002756,TXN-0002756,Credit Card,188.54,2026-05-23 21:05:29,Approved
PAY-00002757,TXN-0002757,Credit Card,87.19,2026-07-19 16:40:37,Approved
PAY-00002758,TXN-0002758,Debit Card,79.82,2026-06-03 20:10:05,Approved
PAY-00002759,TXN-0002759,Credit Card,117.14,2026-06-19 14:16:16,Approved
PAY-00002760,TXN-0002760,Debit Card,174.99,2026-05-31 11:23:01,Approved
PAY-00002761,TXN-0002761,Debit Card,113.99,2026-05-09 16:32:22,Approved
PAY-00002762,TXN-0002762,Gift Card,321.5,2026-05-31 09:04:06,Approved
PAY-00002763,TXN-0002763,Cash,318.95,2026-06-30 18:15:27,Approved
PAY-00002764,TXN-0002764,Cash,184.58,2026-05-10 15:14:57,Approved
PAY-00002765,TXN-0002765,Debit Card,343.49,2026-06-08 09:46:38,Approved
PAY-00002766,TXN-0002766,Credit Card,162.86,2026-05-06 09:42:24,Approved
PAY-00002767,TXN-0002767,Credit Card,167.69,2026-06-04 16:06:51,Approved
PAY-00002768,TXN-0002768,Credit Card,43.05,2026-05-13 20:09:20,Approved
PAY-00002769,TXN-0002769,Debit Card,89.8,2026-07-20 09:58:46,Approved
PAY-00002770,TXN-0002770,Cash,144.06,2026-07-30 13:11:42,Approved
PAY-00002771,TXN-0002771,Credit Card,402.35,2026-05-23 20:16:30,Approved
PAY-00002772,TXN-0002772,Gift Card,250.83,2026-05-02 18:02:34,Approved
PAY-00002773,TXN-0002773,Cash,33.86,2026-07-20 15:32:50,Approved
PAY-00002774,TXN-0002774,Credit Card,311.86,2026-07-04 16:49:21,Approved
PAY-00002775,TXN-0002775,Credit Card,40.59,2026-05-14 21:01:19,Approved
PAY-00002776,TXN-0002776,Debit Card,378.42,2026-06-23 21:39:49,Approved
PAY-00002777,TXN-0002777,Split Payment,162.47,2026-05-01 17:59:07,Approved
PAY-00002778,TXN-0002778,Debit Card,16.95,2026-06-16 10:53:36,Approved
PAY-00002779,TXN-0002779,Debit Card,153.39,2026-07-10 15:22:47,Approved
PAY-00002780,TXN-0002780,Cash,429.39,2026-07-28 09:45:30,Approved
PAY-00002781,TXN-0002781,Debit Card,232.82,2026-05-28 18:04:57,Approved
PAY-00002782,TXN-0002782,Cash,86.76,2026-06-12 18:52:19,Approved
PAY-00002783,TXN-0002783,Credit Card,563.31,2026-06-19 20:45:15,Approved
PAY-00002784,TXN-0002784,Credit Card,175.34,2026-05-28 17:07:14,Approved
PAY-00002785,TXN-0002785,Credit Card,4.19,2026-06-19 12:32:23,Approved
PAY-00002786,TXN-0002786,Cash,105.08,2026-06-01 20:22:16,Approved
PAY-00002787,TXN-0002787,Split Payment,119.2,2026-06-02 11:02:27,Approved
PAY-00002788,TXN-0002788,Debit Card,174.76,2026-05-13 19:20:06,Approved
PAY-00002789,TXN-0002789,Credit Card,122.94,2026-06-14 12:27:32,Approved
PAY-00002790,TXN-0002790,Cash,284.55,2026-06-18 08:08:34,Approved
PAY-00002791,TXN-0002791,Credit Card,97.7,2026-06-23 14:16:21,Approved
PAY-00002792,TXN-0002792,Split Payment,127.31,2026-05-02 17:58:07,Approved
PAY-00002793,TXN-0002793,Credit Card,32.72,2026-07-02 14:29:11,Approved
PAY-00002794,TXN-0002794,Credit Card,503.41,2026-06-21 16:19:59,Approved
PAY-00002795,TXN-0002795,Credit Card,100.18,2026-06-22 18:53:10,Approved
PAY-00002796,TXN-0002796,Debit Card,177.78,2026-05-02 16:31:09,Approved
PAY-00002797,TXN-0002797,Debit Card,171.32,2026-07-13 19:54:37,Approved
PAY-00002798,TXN-0002798,Debit Card,146.89,2026-07-23 16:57:28,Approved
PAY-00002799,TXN-0002799,Cash,120.5,2026-06-27 12:26:34,Approved
PAY-00002800,TXN-0002800,Credit Card,235.44,2026-05-27 11:55:49,Approved
PAY-00002801,TXN-0002801,Credit Card,434.81,2026-06-19 18:36:59,Approved
PAY-00002802,TXN-0002802,Debit Card,242.31,2026-07-30 08:39:00,Approved
PAY-00002803,TXN-0002803,Split Payment,69.48,2026-05-21 11:30:02,Approved
PAY-00002804,TXN-0002804,Gift Card,124.33,2026-06-01 17:06:37,Approved
PAY-00002805,TXN-0002805,Credit Card,459.75,2026-06-08 20:54:18,Approved
PAY-00002806,TXN-0002806,Debit Card,51.61,2026-07-07 14:04:23,Approved
PAY-00002807,TXN-0002807,Credit Card,173.02,2026-05-25 16:58:06,Approved
PAY-00002808,TXN-0002808,Gift Card,187.71,2026-07-21 09:56:31,Approved
PAY-00002809,TXN-0002809,Debit Card,169.81,2026-05-14 19:17:25,Approved
PAY-00002810,TXN-0002810,Credit Card,51.3,2026-06-06 15:06:52,Approved
PAY-00002811,TXN-0002811,Credit Card,120.25,2026-07-01 13:40:03,Approved
PAY-00002812,TXN-0002812,Credit Card,504.68,2026-06-28 11:16:19,Approved
PAY-00002813,TXN-0002813,Credit Card,205.92,2026-05-09 19:23:00,Approved
PAY-00002814,TXN-0002814,Debit Card,248.93,2026-05-16 09:58:02,Approved
PAY-00002815,TXN-0002815,Credit Card,244.58,2026-07-12 11:08:42,Approved
PAY-00002816,TXN-0002816,Debit Card,376.7,2026-05-23 21:04:43,Approved
PAY-00002817,TXN-0002817,Credit Card,51.56,2026-07-27 14:08:22,Approved
PAY-00002818,TXN-0002818,Credit Card,82.7,2026-07-25 11:52:09,Approved
PAY-00002819,TXN-0002819,Credit Card,237.26,2026-05-26 17:38:56,Approved
PAY-00002820,TXN-0002820,Split Payment,247.35,2026-06-22 11:43:11,Approved
PAY-00002821,TXN-0002821,Gift Card,93.21,2026-07-20 16:33:53,Approved
PAY-00002822,TXN-0002822,Credit Card,88.59,2026-06-01 15:51:18,Approved
PAY-00002823,TXN-0002823,Debit Card,425.11,2026-07-11 19:50:06,Approved
PAY-00002824,TXN-0002824,Credit Card,156.35,2026-05-12 20:25:31,Approved
PAY-00002825,TXN-0002825,Debit Card,78.75,2026-07-17 21:18:16,Approved
PAY-00002826,TXN-0002826,Credit Card,44.1,2026-05-14 08:29:40,Approved
PAY-00002827,TXN-0002827,Cash,88.16,2026-06-14 12:42:35,Approved
PAY-00002828,TXN-0002828,Credit Card,144.41,2026-07-16 21:16:48,Approved
PAY-00002829,TXN-0002829,Debit Card,16.61,2026-05-23 11:54:58,Approved
PAY-00002830,TXN-0002830,Credit Card,151.52,2026-05-22 14:48:35,Approved
PAY-00002831,TXN-0002831,Credit Card,353.11,2026-05-26 16:27:34,Approved
PAY-00002832,TXN-0002832,Debit Card,515.63,2026-06-22 17:12:26,Approved
PAY-00002833,TXN-0002833,Credit Card,151.4,2026-06-18 17:49:03,Approved
PAY-00002834,TXN-0002834,Credit Card,13.07,2026-05-19 08:47:01,Approved
PAY-00002835,TXN-0002835,Credit Card,40.97,2026-05-08 08:44:50,Approved
PAY-00002836,TXN-0002836,Gift Card,33.46,2026-05-25 10:36:22,Approved
PAY-00002837,TXN-0002837,Debit Card,261.46,2026-06-06 15:29:00,Approved
PAY-00002838,TXN-0002838,Credit Card,312.19,2026-07-20 12:42:18,Approved
PAY-00002839,TXN-0002839,Debit Card,28.12,2026-06-04 11:19:51,Approved
PAY-00002840,TXN-0002840,Gift Card,119.29,2026-07-11 17:46:40,Approved
PAY-00002841,TXN-0002841,Debit Card,198.54,2026-07-02 19:11:16,Approved
PAY-00002842,TXN-0002842,Cash,136.96,2026-06-30 08:33:36,Approved
PAY-00002843,TXN-0002843,Credit Card,139.49,2026-06-17 21:26:35,Approved
PAY-00002844,TXN-0002844,Credit Card,153.85,2026-06-14 08:06:16,Approved
PAY-00002845,TXN-0002845,Credit Card,295.01,2026-07-04 09:10:36,Approved
PAY-00002846,TXN-0002846,Credit Card,414.79,2026-07-19 16:14:03,Approved
PAY-00002847,TXN-0002847,Cash,138.97,2026-06-06 12:20:54,Approved
PAY-00002848,TXN-0002848,Credit Card,270.39,2026-05-09 12:09:55,Approved
PAY-00002849,TXN-0002849,Credit Card,170.57,2026-05-14 14:39:10,Approved
PAY-00002850,TXN-0002850,Credit Card,69.73,2026-05-22 17:17:17,Approved
PAY-00002851,TXN-0002851,Credit Card,364.47,2026-07-08 15:04:18,Approved
PAY-00002852,TXN-0002852,Gift Card,81.53,2026-06-12 17:42:55,Approved
PAY-00002853,TXN-0002853,Debit Card,83.48,2026-05-16 20:20:04,Approved
PAY-00002854,TXN-0002854,Debit Card,234.52,2026-05-24 13:59:42,Approved
PAY-00002855,TXN-0002855,Credit Card,121.27,2026-07-19 16:30:52,Approved
PAY-00002856,TXN-0002856,Debit Card,294.88,2026-06-29 20:39:49,Approved
PAY-00002857,TXN-0002857,Gift Card,119.59,2026-07-13 11:10:12,Approved
PAY-00002858,TXN-0002858,Debit Card,295.39,2026-07-20 14:01:38,Approved
PAY-00002859,TXN-0002859,Cash,188.63,2026-05-28 09:01:59,Approved
PAY-00002860,TXN-0002860,Debit Card,311.04,2026-06-08 19:05:26,Approved
PAY-00002861,TXN-0002861,Credit Card,159.14,2026-05-17 14:32:30,Approved
PAY-00002862,TXN-0002862,Credit Card,62.69,2026-06-30 15:19:53,Approved
PAY-00002863,TXN-0002863,Gift Card,106.8,2026-07-14 18:22:47,Approved
PAY-00002864,TXN-0002864,Credit Card,199.54,2026-06-17 20:07:52,Approved
PAY-00002865,TXN-0002865,Credit Card,252.24,2026-07-28 09:37:19,Approved
PAY-00002866,TXN-0002866,Cash,564.76,2026-06-19 14:13:36,Approved
PAY-00002867,TXN-0002867,Credit Card,623.64,2026-07-16 14:18:30,Approved
PAY-00002868,TXN-0002868,Debit Card,127.87,2026-05-09 13:10:00,Approved
PAY-00002869,TXN-0002869,Credit Card,118.38,2026-07-30 12:25:38,Approved
PAY-00002870,TXN-0002870,Credit Card,99.24,2026-06-11 20:19:31,Approved
PAY-00002871,TXN-0002871,Debit Card,190.58,2026-05-14 10:00:12,Approved
PAY-00002872,TXN-0002872,Debit Card,266.07,2026-05-05 17:34:08,Approved
PAY-00002873,TXN-0002873,Cash,248.27,2026-07-15 14:42:57,Approved
PAY-00002874,TXN-0002874,Credit Card,324.45,2026-06-14 09:23:10,Approved
PAY-00002875,TXN-0002875,Debit Card,163.32,2026-06-16 08:14:50,Approved
PAY-00002876,TXN-0002876,Cash,235.75,2026-07-09 16:18:41,Approved
PAY-00002877,TXN-0002877,Credit Card,103.87,2026-07-25 14:50:35,Approved
PAY-00002878,TXN-0002878,Credit Card,57.82,2026-06-30 18:31:55,Approved
PAY-00002879,TXN-0002879,Credit Card,138.09,2026-05-23 13:25:39,Approved
PAY-00002880,TXN-0002880,Credit Card,166.11,2026-05-25 14:17:56,Approved
PAY-00002881,TXN-0002881,Credit Card,351.14,2026-06-14 21:40:53,Approved
PAY-00002882,TXN-0002882,Debit Card,356.19,2026-05-29 16:31:54,Approved
PAY-00002883,TXN-0002883,Credit Card,218.41,2026-05-18 12:22:29,Approved
PAY-00002884,TXN-0002884,Debit Card,365.81,2026-05-29 21:43:17,Approved
PAY-00002885,TXN-0002885,Credit Card,209.64,2026-05-31 13:19:33,Approved
PAY-00002886,TXN-0002886,Cash,275.94,2026-05-26 20:51:44,Approved
PAY-00002887,TXN-0002887,Credit Card,219.65,2026-07-21 09:51:39,Approved
PAY-00002888,TXN-0002888,Cash,102.37,2026-05-18 14:13:25,Approved
PAY-00002889,TXN-0002889,Debit Card,166.83,2026-06-03 19:00:43,Approved
PAY-00002890,TXN-0002890,Debit Card,261.0,2026-05-30 09:49:33,Approved
PAY-00002891,TXN-0002891,Split Payment,130.03,2026-05-13 12:41:29,Approved
PAY-00002892,TXN-0002892,Credit Card,101.15,2026-06-06 20:30:20,Approved
PAY-00002893,TXN-0002893,Debit Card,147.3,2026-05-14 08:14:07,Approved
PAY-00002894,TXN-0002894,Debit Card,118.78,2026-06-30 17:08:46,Approved
PAY-00002895,TXN-0002895,Debit Card,54.7,2026-06-30 09:46:42,Approved
PAY-00002896,TXN-0002896,Credit Card,272.96,2026-06-11 16:34:33,Approved
PAY-00002897,TXN-0002897,Credit Card,256.58,2026-06-15 21:34:32,Approved
PAY-00002898,TXN-0002898,Cash,59.79,2026-05-12 21:32:32,Approved
PAY-00002899,TXN-0002899,Debit Card,608.78,2026-06-04 15:12:03,Approved
PAY-00002900,TXN-0002900,Cash,121.22,2026-06-09 18:15:53,Approved
PAY-00002901,TXN-0002901,Credit Card,169.41,2026-07-20 14:32:28,Approved
PAY-00002902,TXN-0002902,Split Payment,210.14,2026-05-15 10:29:37,Approved
PAY-00002903,TXN-0002903,Gift Card,208.41,2026-07-29 19:17:39,Approved
PAY-00002904,TXN-0002904,Credit Card,336.34,2026-06-09 10:22:27,Approved
PAY-00002905,TXN-0002905,Credit Card,91.97,2026-07-08 13:07:42,Approved
PAY-00002906,TXN-0002906,Cash,143.07,2026-06-23 08:39:54,Approved
PAY-00002907,TXN-0002907,Debit Card,19.86,2026-07-18 11:33:28,Approved
PAY-00002908,TXN-0002908,Credit Card,310.19,2026-05-22 17:00:01,Approved
PAY-00002909,TXN-0002909,Credit Card,127.78,2026-07-16 10:02:34,Approved
PAY-00002910,TXN-0002910,Credit Card,145.17,2026-05-20 12:04:32,Approved
PAY-00002911,TXN-0002911,Cash,125.6,2026-05-01 14:39:19,Approved
PAY-00002912,TXN-0002912,Cash,141.55,2026-07-06 08:11:12,Approved
PAY-00002913,TXN-0002913,Debit Card,126.52,2026-07-25 11:31:59,Approved
PAY-00002914,TXN-0002914,Debit Card,324.58,2026-07-15 19:17:57,Approved
PAY-00002915,TXN-0002915,Gift Card,210.03,2026-05-03 12:41:33,Approved
PAY-00002916,TXN-0002916,Cash,36.13,2026-05-05 14:58:11,Approved
PAY-00002917,TXN-0002917,Credit Card,61.89,2026-06-15 15:29:56,Approved
PAY-00002918,TXN-0002918,Cash,320.09,2026-07-27 18:23:41,Approved
PAY-00002919,TXN-0002919,Credit Card,158.21,2026-06-22 17:12:22,Approved
PAY-00002920,TXN-0002920,Cash,16.63,2026-07-25 15:38:27,Approved
PAY-00002921,TXN-0002921,Credit Card,425.79,2026-06-12 14:27:49,Approved
PAY-00002922,TXN-0002922,Credit Card,247.13,2026-06-06 09:31:34,Approved
PAY-00002923,TXN-0002923,Credit Card,356.5,2026-05-26 16:46:44,Approved
PAY-00002924,TXN-0002924,Cash,80.6,2026-06-08 08:12:34,Approved
PAY-00002925,TXN-0002925,Gift Card,65.6,2026-06-30 11:12:28,Approved
PAY-00002926,TXN-0002926,Credit Card,162.4,2026-07-11 19:30:10,Approved
PAY-00002927,TXN-0002927,Debit Card,168.91,2026-07-13 10:53:57,Approved
PAY-00002928,TXN-0002928,Credit Card,318.66,2026-06-23 16:32:29,Approved
PAY-00002929,TXN-0002929,Debit Card,103.26,2026-06-15 13:16:17,Approved
PAY-00002930,TXN-0002930,Cash,368.08,2026-07-09 16:04:40,Approved
PAY-00002931,TXN-0002931,Debit Card,344.5,2026-06-30 20:21:14,Approved
PAY-00002932,TXN-0002932,Credit Card,189.32,2026-07-29 21:30:33,Approved
PAY-00002933,TXN-0002933,Credit Card,125.02,2026-06-15 19:53:56,Approved
PAY-00002934,TXN-0002934,Cash,261.04,2026-07-16 17:49:26,Approved
PAY-00002935,TXN-0002935,Debit Card,153.09,2026-05-10 10:42:18,Approved
PAY-00002936,TXN-0002936,Debit Card,102.71,2026-06-24 15:02:10,Approved
PAY-00002937,TXN-0002937,Debit Card,307.26,2026-07-22 14:13:52,Approved
PAY-00002938,TXN-0002938,Debit Card,316.1,2026-06-18 20:09:45,Approved
PAY-00002939,TXN-0002939,Credit Card,128.31,2026-05-08 08:35:10,Approved
PAY-00002940,TXN-0002940,Credit Card,198.01,2026-06-03 14:51:33,Approved
PAY-00002941,TXN-0002941,Cash,312.01,2026-06-06 09:16:14,Approved
PAY-00002942,TXN-0002942,Credit Card,20.24,2026-06-04 15:52:02,Approved
PAY-00002943,TXN-0002943,Credit Card,491.81,2026-06-20 09:35:52,Approved
PAY-00002944,TXN-0002944,Credit Card,233.07,2026-05-24 14:16:35,Approved
PAY-00002945,TXN-0002945,Credit Card,112.41,2026-06-14 09:03:54,Approved
PAY-00002946,TXN-0002946,Debit Card,113.96,2026-07-20 16:54:05,Approved
PAY-00002947,TXN-0002947,Credit Card,148.12,2026-07-19 19:10:14,Approved
PAY-00002948,TXN-0002948,Credit Card,205.64,2026-05-21 13:06:29,Approved
PAY-00002949,TXN-0002949,Cash,28.43,2026-06-05 09:48:47,Approved
PAY-00002950,TXN-0002950,Cash,94.01,2026-06-03 08:16:59,Approved
PAY-00002951,TXN-0002951,Credit Card,192.57,2026-06-15 11:03:09,Approved
PAY-00002952,TXN-0002952,Cash,131.87,2026-06-04 21:43:58,Approved
PAY-00002953,TXN-0002953,Credit Card,163.57,2026-07-03 12:27:40,Approved
PAY-00002954,TXN-0002954,Credit Card,152.29,2026-07-14 19:21:18,Approved
PAY-00002955,TXN-0002955,Credit Card,279.78,2026-06-16 19:13:33,Approved
PAY-00002956,TXN-0002956,Credit Card,360.21,2026-06-03 16:35:09,Approved
PAY-00002957,TXN-0002957,Debit Card,209.67,2026-06-08 10:56:08,Approved
PAY-00002958,TXN-0002958,Credit Card,243.16,2026-06-18 11:55:55,Approved
PAY-00002959,TXN-0002959,Cash,283.33,2026-07-10 15:58:32,Approved
PAY-00002960,TXN-0002960,Credit Card,105.01,2026-06-23 09:54:00,Approved
PAY-00002961,TXN-0002961,Cash,160.55,2026-05-09 16:06:46,Approved
PAY-00002962,TXN-0002962,Credit Card,85.77,2026-06-06 09:04:39,Approved
PAY-00002963,TXN-0002963,Cash,341.71,2026-07-23 18:44:00,Approved
PAY-00002964,TXN-0002964,Credit Card,84.54,2026-05-28 19:53:23,Approved
PAY-00002965,TXN-0002965,Debit Card,193.02,2026-06-10 20:51:10,Approved
PAY-00002966,TXN-0002966,Credit Card,282.97,2026-06-26 12:57:05,Approved
PAY-00002967,TXN-0002967,Credit Card,122.57,2026-06-20 16:13:13,Approved
PAY-00002968,TXN-0002968,Debit Card,222.15,2026-05-04 21:13:34,Approved
PAY-00002969,TXN-0002969,Credit Card,462.45,2026-06-16 14:04:12,Approved
PAY-00002970,TXN-0002970,Credit Card,76.99,2026-06-02 08:23:35,Approved
PAY-00002971,TXN-0002971,Cash,264.39,2026-07-02 11:16:31,Approved
PAY-00002972,TXN-0002972,Credit Card,216.22,2026-05-09 12:06:08,Approved
PAY-00002973,TXN-0002973,Credit Card,375.75,2026-06-22 09:56:40,Approved
PAY-00002974,TXN-0002974,Cash,159.35,2026-07-09 09:20:55,Approved
PAY-00002975,TXN-0002975,Credit Card,58.49,2026-05-18 18:25:31,Approved
PAY-00002976,TXN-0002976,Credit Card,264.61,2026-06-07 19:35:02,Approved
PAY-00002977,TXN-0002977,Credit Card,369.53,2026-06-02 11:30:20,Approved
PAY-00002978,TXN-0002978,Credit Card,136.01,2026-07-08 11:25:47,Approved
PAY-00002979,TXN-0002979,Split Payment,139.67,2026-05-05 17:14:48,Approved
PAY-00002980,TXN-0002980,Credit Card,128.43,2026-06-23 17:02:54,Approved
PAY-00002981,TXN-0002981,Debit Card,96.67,2026-07-22 17:38:59,Approved
PAY-00002982,TXN-0002982,Credit Card,208.68,2026-07-25 08:42:22,Approved
PAY-00002983,TXN-0002983,Credit Card,178.85,2026-05-11 20:58:11,Approved
PAY-00002984,TXN-0002984,Credit Card,87.11,2026-07-26 19:28:54,Approved
PAY-00002985,TXN-0002985,Debit Card,132.82,2026-07-31 17:47:48,Approved
PAY-00002986,TXN-0002986,Split Payment,172.43,2026-05-21 19:56:38,Approved
PAY-00002987,TXN-0002987,Cash,186.34,2026-05-06 16:50:30,Approved
PAY-00002988,TXN-0002988,Gift Card,198.84,2026-05-11 15:14:59,Approved
PAY-00002989,TXN-0002989,Cash,292.01,2026-07-05 17:02:55,Approved
PAY-00002990,TXN-0002990,Cash,117.78,2026-05-14 19:07:15,Approved
PAY-00002991,TXN-0002991,Credit Card,414.78,2026-06-02 13:01:43,Approved
PAY-00002992,TXN-0002992,Debit Card,252.06,2026-07-07 14:20:43,Approved
PAY-00002993,TXN-0002993,Debit Card,490.39,2026-07-08 21:25:54,Approved
PAY-00002994,TXN-0002994,Cash,63.32,2026-07-13 19:31:55,Approved
PAY-00002995,TXN-0002995,Debit Card,222.79,2026-07-01 09:40:31,Approved
PAY-00002996,TXN-0002996,Cash,355.16,2026-06-06 17:51:13,Approved
PAY-00002997,TXN-0002997,Credit Card,204.69,2026-06-06 10:51:01,Approved
PAY-00002998,TXN-0002998,Cash,333.0,2026-07-17 12:29:56,Approved
PAY-00002999,TXN-0002999,Cash,345.13,2026-05-26 18:29:44,Approved
PAY-00003000,TXN-0003000,Debit Card,220.91,2026-05-17 15:35:24,Approved
PAY-00003001,TXN-0003001,Debit Card,19.36,2026-06-19 11:18:51,Approved
PAY-00003002,TXN-0003002,Credit Card,368.67,2026-05-06 10:27:39,Approved
PAY-00003003,TXN-0003003,Cash,215.21,2026-06-16 12:35:33,Approved
PAY-00003004,TXN-0003004,Credit Card,337.57,2026-07-05 14:16:29,Approved
PAY-00003005,TXN-0003005,Cash,116.49,2026-07-27 16:23:46,Approved
PAY-00003006,TXN-0003006,Debit Card,96.81,2026-07-30 08:50:39,Approved
PAY-00003007,TXN-0003007,Debit Card,270.67,2026-05-26 20:26:46,Approved
PAY-00003008,TXN-0003008,Credit Card,266.08,2026-06-14 10:18:32,Approved
PAY-00003009,TXN-0003009,Credit Card,120.04,2026-06-08 13:40:51,Approved
PAY-00003010,TXN-0003010,Cash,232.64,2026-06-02 17:25:25,Approved
PAY-00003011,TXN-0003011,Credit Card,178.33,2026-05-06 11:50:07,Approved
PAY-00003012,TXN-0003012,Credit Card,28.24,2026-07-07 21:58:06,Approved
PAY-00003013,TXN-0003013,Credit Card,186.68,2026-07-01 21:00:33,Approved
PAY-00003014,TXN-0003014,Credit Card,138.79,2026-06-14 08:48:25,Approved
PAY-00003015,TXN-0003015,Debit Card,299.23,2026-05-16 21:50:44,Approved
PAY-00003016,TXN-0003016,Cash,351.89,2026-06-07 12:05:36,Approved
PAY-00003017,TXN-0003017,Split Payment,369.83,2026-06-01 17:57:28,Approved
PAY-00003018,TXN-0003018,Credit Card,109.35,2026-06-29 12:41:05,Approved
PAY-00003019,TXN-0003019,Credit Card,106.18,2026-06-14 17:06:55,Approved
PAY-00003020,TXN-0003020,Gift Card,157.83,2026-06-27 14:09:01,Approved
PAY-00003021,TXN-0003021,Credit Card,206.26,2026-05-30 18:59:15,Approved
PAY-00003022,TXN-0003022,Credit Card,210.32,2026-05-02 17:42:08,Approved
PAY-00003023,TXN-0003023,Cash,380.32,2026-07-14 21:07:44,Approved
PAY-00003024,TXN-0003024,Cash,158.07,2026-05-16 14:22:58,Approved
PAY-00003025,TXN-0003025,Debit Card,227.98,2026-06-28 09:45:25,Approved
PAY-00003026,TXN-0003026,Credit Card,36.82,2026-06-08 17:31:16,Approved
PAY-00003027,TXN-0003027,Debit Card,248.26,2026-06-23 11:09:19,Approved
PAY-00003028,TXN-0003028,Debit Card,183.36,2026-05-15 11:16:58,Approved
PAY-00003029,TXN-0003029,Credit Card,110.91,2026-06-11 15:22:56,Approved
PAY-00003030,TXN-0003030,Credit Card,139.43,2026-06-03 19:16:15,Approved
PAY-00003031,TXN-0003031,Credit Card,142.84,2026-05-03 08:17:11,Approved
PAY-00003032,TXN-0003032,Credit Card,151.03,2026-07-24 12:06:43,Approved
PAY-00003033,TXN-0003033,Credit Card,94.4,2026-07-21 15:37:17,Approved
PAY-00003034,TXN-0003034,Cash,319.36,2026-06-25 11:35:59,Approved
PAY-00003035,TXN-0003035,Credit Card,276.19,2026-06-14 08:23:57,Approved
PAY-00003036,TXN-0003036,Credit Card,355.97,2026-05-22 11:05:03,Approved
PAY-00003037,TXN-0003037,Debit Card,283.41,2026-06-21 20:45:19,Approved
PAY-00003038,TXN-0003038,Credit Card,279.73,2026-05-06 13:36:40,Approved
PAY-00003039,TXN-0003039,Debit Card,305.91,2026-07-30 11:58:50,Approved
PAY-00003040,TXN-0003040,Debit Card,178.74,2026-07-25 21:49:59,Approved
PAY-00003041,TXN-0003041,Debit Card,342.5,2026-05-23 19:13:16,Approved
PAY-00003042,TXN-0003042,Debit Card,46.79,2026-07-07 13:30:13,Approved
PAY-00003043,TXN-0003043,Credit Card,104.3,2026-05-12 12:52:06,Approved
PAY-00003044,TXN-0003044,Debit Card,205.19,2026-05-27 18:10:43,Approved
PAY-00003045,TXN-0003045,Cash,537.42,2026-05-18 17:09:16,Approved
PAY-00003046,TXN-0003046,Credit Card,247.06,2026-07-19 20:33:46,Approved
PAY-00003047,TXN-0003047,Debit Card,123.63,2026-07-24 14:00:46,Approved
PAY-00003048,TXN-0003048,Debit Card,219.05,2026-06-22 10:47:43,Approved
PAY-00003049,TXN-0003049,Credit Card,190.53,2026-07-27 13:37:04,Approved
PAY-00003050,TXN-0003050,Debit Card,184.42,2026-06-22 08:41:42,Approved
PAY-00003051,TXN-0003051,Credit Card,61.04,2026-05-13 16:56:23,Approved
PAY-00003052,TXN-0003052,Credit Card,396.96,2026-07-26 18:34:44,Approved
PAY-00003053,TXN-0003053,Debit Card,368.74,2026-05-24 09:02:01,Approved
PAY-00003054,TXN-0003054,Credit Card,464.15,2026-07-22 14:58:15,Approved
PAY-00003055,TXN-0003055,Credit Card,167.54,2026-05-22 20:28:27,Approved
PAY-00003056,TXN-0003056,Debit Card,121.94,2026-07-11 08:11:56,Approved
PAY-00003057,TXN-0003057,Credit Card,154.63,2026-05-24 08:13:46,Approved
PAY-00003058,TXN-0003058,Credit Card,27.1,2026-06-19 16:33:17,Approved
PAY-00003059,TXN-0003059,Debit Card,361.34,2026-05-01 19:57:53,Approved
PAY-00003060,TXN-0003060,Credit Card,265.27,2026-07-05 20:17:16,Approved
PAY-00003061,TXN-0003061,Credit Card,29.35,2026-05-15 10:18:13,Approved
PAY-00003062,TXN-0003062,Credit Card,306.87,2026-05-02 17:06:56,Approved
PAY-00003063,TXN-0003063,Credit Card,83.84,2026-05-24 19:02:21,Approved
PAY-00003064,TXN-0003064,Debit Card,170.23,2026-07-22 20:59:37,Approved
PAY-00003065,TXN-0003065,Credit Card,188.05,2026-06-11 19:50:28,Approved
PAY-00003066,TXN-0003066,Cash,221.25,2026-07-19 15:26:03,Approved
PAY-00003067,TXN-0003067,Cash,20.33,2026-06-17 19:44:53,Approved
PAY-00003068,TXN-0003068,Debit Card,332.42,2026-05-16 09:36:32,Approved
PAY-00003069,TXN-0003069,Debit Card,120.45,2026-05-07 13:52:52,Approved
PAY-00003070,TXN-0003070,Credit Card,28.89,2026-07-01 16:51:05,Approved
PAY-00003071,TXN-0003071,Credit Card,90.62,2026-06-04 18:57:55,Approved
PAY-00003072,TXN-0003072,Credit Card,487.52,2026-06-12 17:35:09,Approved
PAY-00003073,TXN-0003073,Gift Card,109.48,2026-07-06 18:54:58,Approved
PAY-00003074,TXN-0003074,Credit Card,135.97,2026-06-17 12:14:01,Approved
PAY-00003075,TXN-0003075,Credit Card,137.91,2026-05-20 13:41:13,Approved
PAY-00003076,TXN-0003076,Debit Card,204.84,2026-07-01 16:51:10,Approved
PAY-00003077,TXN-0003077,Credit Card,75.67,2026-07-28 11:34:11,Approved
PAY-00003078,TXN-0003078,Debit Card,393.77,2026-05-29 08:21:40,Approved
PAY-00003079,TXN-0003079,Gift Card,197.23,2026-05-14 09:43:41,Approved
PAY-00003080,TXN-0003080,Cash,21.02,2026-07-24 10:50:32,Approved
PAY-00003081,TXN-0003081,Debit Card,397.83,2026-07-12 10:00:34,Approved
PAY-00003082,TXN-0003082,Credit Card,210.84,2026-07-11 16:09:28,Approved
PAY-00003083,TXN-0003083,Debit Card,243.58,2026-06-04 14:52:55,Approved
PAY-00003084,TXN-0003084,Credit Card,222.77,2026-05-11 09:21:23,Approved
PAY-00003085,TXN-0003085,Credit Card,226.47,2026-07-15 08:29:00,Approved
PAY-00003086,TXN-0003086,Credit Card,114.46,2026-07-20 13:33:11,Approved
PAY-00003087,TXN-0003087,Credit Card,88.45,2026-07-14 14:12:16,Approved
PAY-00003088,TXN-0003088,Debit Card,193.33,2026-07-30 19:10:19,Approved
PAY-00003089,TXN-0003089,Cash,152.89,2026-06-12 15:30:09,Approved
PAY-00003090,TXN-0003090,Cash,122.34,2026-07-11 18:06:00,Approved
PAY-00003091,TXN-0003091,Gift Card,143.89,2026-05-07 21:55:16,Approved
PAY-00003092,TXN-0003092,Credit Card,213.13,2026-05-08 08:55:38,Approved
PAY-00003093,TXN-0003093,Debit Card,340.11,2026-06-23 16:09:43,Approved
PAY-00003094,TXN-0003094,Debit Card,130.77,2026-07-31 16:14:50,Approved
PAY-00003095,TXN-0003095,Debit Card,179.58,2026-07-11 11:00:41,Approved
PAY-00003096,TXN-0003096,Credit Card,92.8,2026-07-03 16:29:29,Approved
PAY-00003097,TXN-0003097,Debit Card,171.69,2026-07-13 08:05:29,Approved
PAY-00003098,TXN-0003098,Debit Card,120.39,2026-06-07 12:49:15,Approved
PAY-00003099,TXN-0003099,Credit Card,76.5,2026-07-15 17:26:05,Approved
PAY-00003100,TXN-0003100,Cash,318.44,2026-07-28 15:32:30,Approved
PAY-00003101,TXN-0003101,Debit Card,324.91,2026-05-11 11:13:32,Approved
PAY-00003102,TXN-0003102,Cash,168.35,2026-05-19 08:28:46,Approved
PAY-00003103,TXN-0003103,Debit Card,134.59,2026-05-03 15:02:23,Approved
PAY-00003104,TXN-0003104,Credit Card,353.6,2026-05-01 09:18:11,Approved
PAY-00003105,TXN-0003105,Cash,347.93,2026-07-29 08:36:42,Approved
PAY-00003106,TXN-0003106,Cash,22.4,2026-06-11 10:29:59,Approved
PAY-00003107,TXN-0003107,Credit Card,67.81,2026-05-12 09:11:07,Approved
PAY-00003108,TXN-0003108,Cash,54.87,2026-07-31 18:54:27,Approved
PAY-00003109,TXN-0003109,Credit Card,283.59,2026-05-07 10:16:27,Approved
PAY-00003110,TXN-0003110,Credit Card,196.07,2026-07-15 18:12:24,Approved
PAY-00003111,TXN-0003111,Cash,62.73,2026-05-04 14:01:57,Approved
PAY-00003112,TXN-0003112,Debit Card,8.58,2026-05-11 11:54:48,Approved
PAY-00003113,TXN-0003113,Credit Card,94.54,2026-06-07 13:17:09,Approved
PAY-00003114,TXN-0003114,Credit Card,108.09,2026-05-21 15:57:24,Approved
PAY-00003115,TXN-0003115,Debit Card,53.02,2026-06-13 15:39:46,Approved
PAY-00003116,TXN-0003116,Debit Card,182.39,2026-05-10 20:49:49,Approved
PAY-00003117,TXN-0003117,Debit Card,286.94,2026-06-20 08:17:25,Approved
PAY-00003118,TXN-0003118,Credit Card,291.36,2026-07-22 13:39:32,Approved
PAY-00003119,TXN-0003119,Gift Card,148.28,2026-07-07 11:12:46,Approved
PAY-00003120,TXN-0003120,Debit Card,292.03,2026-07-28 19:20:43,Approved
PAY-00003121,TXN-0003121,Cash,140.43,2026-05-20 18:07:10,Approved
PAY-00003122,TXN-0003122,Cash,81.26,2026-06-10 18:53:38,Approved
PAY-00003123,TXN-0003123,Credit Card,53.13,2026-07-27 14:29:41,Approved
PAY-00003124,TXN-0003124,Credit Card,208.35,2026-05-26 17:48:56,Approved
PAY-00003125,TXN-0003125,Credit Card,344.61,2026-05-24 09:12:32,Approved
PAY-00003126,TXN-0003126,Debit Card,212.0,2026-06-07 16:01:06,Approved
PAY-00003127,TXN-0003127,Credit Card,346.91,2026-06-08 11:49:08,Approved
PAY-00003128,TXN-0003128,Debit Card,144.03,2026-07-24 10:16:47,Approved
PAY-00003129,TXN-0003129,Gift Card,208.41,2026-07-31 18:37:18,Approved
PAY-00003130,TXN-0003130,Credit Card,192.58,2026-07-05 21:12:07,Approved
PAY-00003131,TXN-0003131,Debit Card,303.63,2026-06-20 08:33:58,Approved
PAY-00003132,TXN-0003132,Debit Card,4.69,2026-05-28 09:14:26,Approved
PAY-00003133,TXN-0003133,Gift Card,103.91,2026-06-17 20:08:49,Approved
PAY-00003134,TXN-0003134,Credit Card,269.16,2026-06-27 15:33:47,Approved
PAY-00003135,TXN-0003135,Cash,147.79,2026-05-19 16:34:20,Approved
PAY-00003136,TXN-0003136,Credit Card,111.84,2026-06-09 21:07:20,Approved
PAY-00003137,TXN-0003137,Credit Card,285.41,2026-05-21 19:42:48,Approved
PAY-00003138,TXN-0003138,Credit Card,62.18,2026-05-18 21:04:31,Approved
PAY-00003139,TXN-0003139,Split Payment,375.03,2026-06-06 14:46:46,Approved
PAY-00003140,TXN-0003140,Debit Card,30.66,2026-05-04 10:00:32,Approved
PAY-00003141,TXN-0003141,Credit Card,293.14,2026-06-02 12:49:06,Approved
PAY-00003142,TXN-0003142,Cash,248.09,2026-07-12 10:42:22,Approved
PAY-00003143,TXN-0003143,Credit Card,290.69,2026-05-31 09:04:57,Approved
PAY-00003144,TXN-0003144,Debit Card,310.87,2026-06-13 11:22:39,Approved
PAY-00003145,TXN-0003145,Debit Card,68.16,2026-06-08 12:05:43,Approved
PAY-00003146,TXN-0003146,Debit Card,81.7,2026-07-08 14:09:17,Approved
PAY-00003147,TXN-0003147,Cash,108.12,2026-06-18 10:41:06,Approved
PAY-00003148,TXN-0003148,Debit Card,135.87,2026-07-02 20:24:06,Approved
PAY-00003149,TXN-0003149,Cash,32.59,2026-06-03 20:48:46,Approved
PAY-00003150,TXN-0003150,Credit Card,331.62,2026-06-12 10:48:18,Approved
PAY-00003151,TXN-0003151,Cash,207.33,2026-05-28 12:39:52,Approved
PAY-00003152,TXN-0003152,Debit Card,162.91,2026-06-14 21:37:29,Approved
PAY-00003153,TXN-0003153,Debit Card,311.15,2026-05-18 10:57:34,Approved
PAY-00003154,TXN-0003154,Debit Card,359.53,2026-05-17 11:00:49,Approved
PAY-00003155,TXN-0003155,Credit Card,239.49,2026-06-17 21:48:11,Approved
PAY-00003156,TXN-0003156,Credit Card,386.34,2026-06-17 10:58:31,Approved
PAY-00003157,TXN-0003157,Cash,278.0,2026-05-29 19:53:56,Approved
PAY-00003158,TXN-0003158,Credit Card,204.39,2026-06-18 12:40:40,Approved
PAY-00003159,TXN-0003159,Debit Card,331.67,2026-07-10 09:27:32,Approved
PAY-00003160,TXN-0003160,Debit Card,280.61,2026-07-23 08:43:50,Approved
PAY-00003161,TXN-0003161,Debit Card,62.74,2026-06-12 13:46:34,Approved
PAY-00003162,TXN-0003162,Credit Card,126.77,2026-07-04 19:11:18,Approved
PAY-00003163,TXN-0003163,Debit Card,192.16,2026-06-02 15:23:22,Approved
PAY-00003164,TXN-0003164,Credit Card,176.26,2026-07-20 21:18:52,Approved
PAY-00003165,TXN-0003165,Cash,202.91,2026-07-14 17:16:39,Approved
PAY-00003166,TXN-0003166,Debit Card,327.87,2026-05-25 21:05:13,Approved
PAY-00003167,TXN-0003167,Credit Card,109.35,2026-07-31 09:23:03,Approved
PAY-00003168,TXN-0003168,Credit Card,307.32,2026-06-24 13:29:40,Approved
PAY-00003169,TXN-0003169,Debit Card,209.45,2026-07-30 15:06:24,Approved
PAY-00003170,TXN-0003170,Debit Card,420.39,2026-05-20 13:30:00,Approved
PAY-00003171,TXN-0003171,Cash,83.74,2026-07-07 08:30:19,Approved
PAY-00003172,TXN-0003172,Debit Card,290.77,2026-05-08 13:40:45,Approved
PAY-00003173,TXN-0003173,Debit Card,79.09,2026-05-25 19:30:20,Approved
PAY-00003174,TXN-0003174,Debit Card,101.4,2026-07-17 18:37:30,Approved
PAY-00003175,TXN-0003175,Split Payment,61.96,2026-06-29 13:33:01,Approved
PAY-00003176,TXN-0003176,Cash,180.62,2026-06-12 19:28:08,Approved
PAY-00003177,TXN-0003177,Debit Card,153.27,2026-06-06 18:49:37,Approved
PAY-00003178,TXN-0003178,Credit Card,197.32,2026-07-13 18:35:59,Approved
PAY-00003179,TXN-0003179,Split Payment,138.61,2026-06-22 16:26:45,Approved
PAY-00003180,TXN-0003180,Cash,211.04,2026-05-06 09:05:33,Approved
PAY-00003181,TXN-0003181,Credit Card,225.71,2026-07-28 12:54:05,Approved
PAY-00003182,TXN-0003182,Credit Card,240.61,2026-05-30 09:11:02,Approved
PAY-00003183,TXN-0003183,Debit Card,371.6,2026-07-11 19:29:04,Approved
PAY-00003184,TXN-0003184,Split Payment,240.55,2026-05-18 16:06:24,Approved
PAY-00003185,TXN-0003185,Credit Card,327.55,2026-07-14 08:24:23,Approved
PAY-00003186,TXN-0003186,Cash,203.36,2026-07-17 15:21:45,Approved
PAY-00003187,TXN-0003187,Credit Card,155.59,2026-06-24 16:11:31,Approved
PAY-00003188,TXN-0003188,Cash,169.71,2026-06-14 08:58:46,Approved
PAY-00003189,TXN-0003189,Cash,331.04,2026-05-22 14:05:56,Approved
PAY-00003190,TXN-0003190,Cash,164.0,2026-05-28 14:55:19,Approved
PAY-00003191,TXN-0003191,Credit Card,61.0,2026-05-24 19:52:07,Approved
PAY-00003192,TXN-0003192,Credit Card,272.18,2026-07-20 21:24:39,Approved
PAY-00003193,TXN-0003193,Credit Card,191.12,2026-06-11 10:40:11,Approved
PAY-00003194,TXN-0003194,Debit Card,416.81,2026-07-13 15:13:41,Approved
PAY-00003195,TXN-0003195,Cash,125.99,2026-05-04 12:50:03,Approved
PAY-00003196,TXN-0003196,Debit Card,166.48,2026-05-26 11:46:49,Approved
PAY-00003197,TXN-0003197,Credit Card,180.63,2026-06-12 11:18:55,Approved
PAY-00003198,TXN-0003198,Credit Card,18.74,2026-07-20 15:58:27,Approved
PAY-00003199,TXN-0003199,Split Payment,325.81,2026-05-24 14:15:12,Approved
PAY-00003200,TXN-0003200,Credit Card,144.91,2026-06-05 09:21:35,Approved
PAY-00003201,TXN-0003201,Credit Card,123.14,2026-05-14 16:52:09,Approved
PAY-00003202,TXN-0003202,Debit Card,131.3,2026-07-01 20:18:44,Approved
PAY-00003203,TXN-0003203,Debit Card,125.29,2026-06-18 10:53:15,Approved
PAY-00003204,TXN-0003204,Credit Card,168.52,2026-07-15 14:54:48,Approved
PAY-00003205,TXN-0003205,Credit Card,70.02,2026-06-13 10:23:32,Approved
PAY-00003206,TXN-0003206,Credit Card,208.85,2026-07-04 09:35:17,Approved
PAY-00003207,TXN-0003207,Credit Card,150.13,2026-07-25 19:53:25,Approved
PAY-00003208,TXN-0003208,Debit Card,106.46,2026-05-14 15:09:25,Approved
PAY-00003209,TXN-0003209,Credit Card,264.14,2026-05-07 18:21:36,Approved
PAY-00003210,TXN-0003210,Credit Card,352.1,2026-05-19 20:25:31,Approved
PAY-00003211,TXN-0003211,Debit Card,82.24,2026-05-11 10:39:35,Approved
PAY-00003212,TXN-0003212,Cash,245.42,2026-06-01 13:45:29,Approved
PAY-00003213,TXN-0003213,Split Payment,293.69,2026-07-29 16:33:04,Approved
PAY-00003214,TXN-0003214,Credit Card,217.05,2026-07-05 13:31:32,Approved
PAY-00003215,TXN-0003215,Cash,24.1,2026-05-24 21:48:49,Approved
PAY-00003216,TXN-0003216,Credit Card,339.53,2026-07-31 08:20:02,Approved
PAY-00003217,TXN-0003217,Cash,36.25,2026-06-11 21:06:24,Approved
PAY-00003218,TXN-0003218,Credit Card,256.51,2026-06-26 16:28:34,Approved
PAY-00003219,TXN-0003219,Credit Card,297.81,2026-05-07 14:57:10,Approved
PAY-00003220,TXN-0003220,Credit Card,249.48,2026-05-22 12:39:37,Approved
PAY-00003221,TXN-0003221,Credit Card,115.56,2026-07-23 18:18:48,Approved
PAY-00003222,TXN-0003222,Debit Card,724.77,2026-07-23 09:13:17,Approved
PAY-00003223,TXN-0003223,Credit Card,274.44,2026-06-05 08:26:13,Approved
PAY-00003224,TXN-0003224,Cash,57.78,2026-06-29 20:19:04,Approved
PAY-00003225,TXN-0003225,Credit Card,109.96,2026-06-05 15:02:39,Approved
PAY-00003226,TXN-0003226,Split Payment,319.05,2026-07-16 11:09:18,Approved
PAY-00003227,TXN-0003227,Cash,218.96,2026-06-18 21:02:26,Approved
PAY-00003228,TXN-0003228,Credit Card,349.67,2026-05-21 11:36:20,Approved
PAY-00003229,TXN-0003229,Credit Card,365.67,2026-05-05 15:57:50,Approved
PAY-00003230,TXN-0003230,Cash,122.28,2026-06-20 08:17:56,Approved
PAY-00003231,TXN-0003231,Debit Card,7.69,2026-07-02 10:29:59,Approved
PAY-00003232,TXN-0003232,Cash,156.8,2026-05-08 20:37:32,Approved
PAY-00003233,TXN-0003233,Cash,112.01,2026-05-24 14:56:56,Approved
PAY-00003234,TXN-0003234,Credit Card,141.31,2026-05-09 15:18:22,Approved
PAY-00003235,TXN-0003235,Cash,262.39,2026-07-23 20:14:12,Approved
PAY-00003236,TXN-0003236,Debit Card,145.8,2026-07-18 11:22:03,Approved
PAY-00003237,TXN-0003237,Debit Card,332.72,2026-07-23 12:00:52,Approved
PAY-00003238,TXN-0003238,Cash,76.61,2026-06-16 12:09:09,Approved
PAY-00003239,TXN-0003239,Gift Card,78.46,2026-06-23 09:58:06,Approved
PAY-00003240,TXN-0003240,Credit Card,158.13,2026-06-30 19:20:12,Approved
PAY-00003241,TXN-0003241,Credit Card,302.52,2026-07-28 11:25:32,Approved
PAY-00003242,TXN-0003242,Credit Card,129.33,2026-05-05 21:34:38,Approved
PAY-00003243,TXN-0003243,Cash,72.89,2026-05-25 11:18:02,Approved
PAY-00003244,TXN-0003244,Credit Card,108.53,2026-06-06 10:12:58,Approved
PAY-00003245,TXN-0003245,Cash,597.39,2026-06-20 21:19:15,Approved
PAY-00003246,TXN-0003246,Credit Card,211.85,2026-06-11 11:26:20,Approved
PAY-00003247,TXN-0003247,Split Payment,181.96,2026-06-04 14:42:40,Approved
PAY-00003248,TXN-0003248,Cash,185.47,2026-05-19 18:56:27,Approved
PAY-00003249,TXN-0003249,Gift Card,146.93,2026-05-08 16:22:13,Approved
PAY-00003250,TXN-0003250,Debit Card,433.93,2026-07-27 16:41:08,Approved
PAY-00003251,TXN-0003251,Credit Card,456.58,2026-06-25 12:30:59,Approved
PAY-00003252,TXN-0003252,Credit Card,150.86,2026-06-27 20:31:27,Approved
PAY-00003253,TXN-0003253,Credit Card,313.17,2026-06-18 16:18:39,Approved
PAY-00003254,TXN-0003254,Cash,134.92,2026-07-17 17:02:13,Approved
PAY-00003255,TXN-0003255,Credit Card,29.54,2026-07-08 18:29:15,Approved
PAY-00003256,TXN-0003256,Credit Card,214.12,2026-06-18 15:54:52,Approved
PAY-00003257,TXN-0003257,Gift Card,367.64,2026-07-26 10:08:23,Approved
PAY-00003258,TXN-0003258,Credit Card,373.34,2026-07-04 11:18:34,Approved
PAY-00003259,TXN-0003259,Credit Card,89.56,2026-05-07 20:03:20,Approved
PAY-00003260,TXN-0003260,Cash,128.62,2026-07-09 17:24:17,Approved
PAY-00003261,TXN-0003261,Credit Card,96.34,2026-06-22 13:51:07,Approved
PAY-00003262,TXN-0003262,Credit Card,160.56,2026-07-26 15:22:58,Approved
PAY-00003263,TXN-0003263,Gift Card,92.75,2026-07-02 20:28:32,Approved
PAY-00003264,TXN-0003264,Credit Card,54.74,2026-05-07 13:23:30,Approved
PAY-00003265,TXN-0003265,Cash,686.19,2026-07-20 19:08:48,Approved
PAY-00003266,TXN-0003266,Cash,221.41,2026-05-26 09:49:04,Approved
PAY-00003267,TXN-0003267,Debit Card,159.31,2026-06-06 10:45:48,Approved
PAY-00003268,TXN-0003268,Cash,37.53,2026-07-29 19:13:11,Approved
PAY-00003269,TXN-0003269,Cash,230.86,2026-06-25 20:24:08,Approved
PAY-00003270,TXN-0003270,Debit Card,262.41,2026-07-07 15:44:59,Approved
PAY-00003271,TXN-0003271,Gift Card,145.31,2026-07-22 16:08:22,Approved
PAY-00003272,TXN-0003272,Credit Card,215.26,2026-06-20 12:02:30,Approved
PAY-00003273,TXN-0003273,Cash,357.3,2026-06-18 09:22:32,Approved
PAY-00003274,TXN-0003274,Cash,216.34,2026-07-17 14:53:07,Approved
PAY-00003275,TXN-0003275,Gift Card,296.26,2026-07-30 16:52:47,Approved
PAY-00003276,TXN-0003276,Debit Card,682.9,2026-07-14 20:02:01,Approved
PAY-00003277,TXN-0003277,Debit Card,128.21,2026-05-12 11:52:11,Approved
PAY-00003278,TXN-0003278,Cash,32.98,2026-07-11 17:45:08,Approved
PAY-00003279,TXN-0003279,Debit Card,163.43,2026-07-15 13:52:17,Approved
PAY-00003280,TXN-0003280,Debit Card,185.5,2026-05-08 19:23:23,Approved
PAY-00003281,TXN-0003281,Credit Card,107.39,2026-07-22 18:27:50,Approved
PAY-00003282,TXN-0003282,Credit Card,37.32,2026-07-09 18:09:44,Approved
PAY-00003283,TXN-0003283,Debit Card,78.76,2026-05-16 18:49:37,Approved
PAY-00003284,TXN-0003284,Debit Card,505.05,2026-05-04 18:31:45,Approved
PAY-00003285,TXN-0003285,Debit Card,286.38,2026-05-05 15:22:55,Approved
PAY-00003286,TXN-0003286,Credit Card,39.97,2026-05-13 09:04:14,Approved
PAY-00003287,TXN-0003287,Cash,311.38,2026-05-30 10:06:06,Approved
PAY-00003288,TXN-0003288,Credit Card,276.46,2026-06-25 11:43:09,Approved
PAY-00003289,TXN-0003289,Debit Card,379.94,2026-06-11 10:32:58,Approved
PAY-00003290,TXN-0003290,Credit Card,182.95,2026-05-12 16:05:58,Approved
PAY-00003291,TXN-0003291,Cash,217.42,2026-05-04 19:29:09,Approved
PAY-00003292,TXN-0003292,Credit Card,620.22,2026-06-03 12:52:45,Approved
PAY-00003293,TXN-0003293,Credit Card,111.02,2026-05-20 12:10:52,Approved
PAY-00003294,TXN-0003294,Credit Card,76.79,2026-05-12 10:49:27,Approved
PAY-00003295,TXN-0003295,Cash,104.06,2026-05-22 14:18:35,Approved
PAY-00003296,TXN-0003296,Debit Card,20.08,2026-06-03 13:57:29,Approved
PAY-00003297,TXN-0003297,Debit Card,339.32,2026-07-13 19:38:31,Approved
PAY-00003298,TXN-0003298,Gift Card,114.6,2026-06-22 10:58:37,Approved
PAY-00003299,TXN-0003299,Credit Card,257.77,2026-07-08 17:24:46,Approved
PAY-00003300,TXN-0003300,Credit Card,109.74,2026-05-29 13:01:02,Approved
PAY-00003301,TXN-0003301,Debit Card,386.55,2026-05-02 20:03:03,Approved
PAY-00003302,TXN-0003302,Debit Card,222.87,2026-06-16 10:24:09,Approved
PAY-00003303,TXN-0003303,Cash,56.81,2026-07-03 10:05:28,Approved
PAY-00003304,TXN-0003304,Debit Card,80.25,2026-05-12 09:24:24,Approved
PAY-00003305,TXN-0003305,Cash,39.22,2026-05-14 18:55:07,Approved
PAY-00003306,TXN-0003306,Credit Card,106.68,2026-05-25 20:08:34,Approved
PAY-00003307,TXN-0003307,Credit Card,648.84,2026-05-06 21:20:45,Approved
PAY-00003308,TXN-0003308,Credit Card,106.35,2026-07-03 10:23:01,Approved
PAY-00003309,TXN-0003309,Credit Card,221.77,2026-06-14 08:55:37,Approved
PAY-00003310,TXN-0003310,Debit Card,118.78,2026-05-20 17:28:13,Approved
PAY-00003311,TXN-0003311,Debit Card,200.95,2026-07-15 18:00:51,Approved
PAY-00003312,TXN-0003312,Credit Card,188.46,2026-06-07 19:30:24,Approved
PAY-00003313,TXN-0003313,Credit Card,55.11,2026-07-26 13:38:05,Approved
PAY-00003314,TXN-0003314,Credit Card,322.07,2026-05-27 11:28:00,Approved
PAY-00003315,TXN-0003315,Credit Card,229.91,2026-07-05 17:56:10,Approved
PAY-00003316,TXN-0003316,Credit Card,210.8,2026-05-05 21:57:18,Approved
PAY-00003317,TXN-0003317,Cash,160.11,2026-05-03 08:52:40,Approved
PAY-00003318,TXN-0003318,Gift Card,313.14,2026-05-21 16:58:46,Approved
PAY-00003319,TXN-0003319,Debit Card,127.64,2026-07-18 16:29:09,Approved
PAY-00003320,TXN-0003320,Credit Card,472.19,2026-05-08 18:30:27,Approved
PAY-00003321,TXN-0003321,Credit Card,156.4,2026-05-06 21:04:53,Approved
PAY-00003322,TXN-0003322,Debit Card,145.33,2026-05-10 16:14:49,Approved
PAY-00003323,TXN-0003323,Credit Card,113.24,2026-05-27 14:39:16,Approved
PAY-00003324,TXN-0003324,Debit Card,81.31,2026-07-30 12:12:18,Approved
PAY-00003325,TXN-0003325,Credit Card,270.07,2026-05-26 21:16:57,Approved
PAY-00003326,TXN-0003326,Credit Card,275.42,2026-06-04 20:59:15,Approved
PAY-00003327,TXN-0003327,Split Payment,57.86,2026-07-21 09:20:30,Approved
PAY-00003328,TXN-0003328,Credit Card,439.66,2026-06-06 19:59:04,Approved
PAY-00003329,TXN-0003329,Credit Card,264.05,2026-06-17 21:31:20,Approved
PAY-00003330,TXN-0003330,Credit Card,37.09,2026-05-23 09:53:52,Approved
PAY-00003331,TXN-0003331,Debit Card,268.88,2026-06-11 17:24:55,Approved
PAY-00003332,TXN-0003332,Debit Card,391.75,2026-06-21 09:17:02,Approved
PAY-00003333,TXN-0003333,Credit Card,399.26,2026-06-20 17:48:02,Approved
PAY-00003334,TXN-0003334,Credit Card,143.41,2026-07-11 09:51:45,Approved
PAY-00003335,TXN-0003335,Cash,70.9,2026-05-01 15:55:23,Approved
PAY-00003336,TXN-0003336,Credit Card,275.01,2026-06-06 17:59:19,Approved
PAY-00003337,TXN-0003337,Debit Card,89.43,2026-05-04 18:41:17,Approved
PAY-00003338,TXN-0003338,Cash,295.44,2026-05-30 09:58:32,Approved
PAY-00003339,TXN-0003339,Cash,161.94,2026-06-21 19:21:55,Approved
PAY-00003340,TXN-0003340,Credit Card,192.17,2026-06-06 09:11:43,Approved
PAY-00003341,TXN-0003341,Credit Card,149.01,2026-05-12 10:04:39,Approved
PAY-00003342,TXN-0003342,Debit Card,164.75,2026-07-03 11:07:45,Approved
PAY-00003343,TXN-0003343,Cash,207.91,2026-05-22 11:38:13,Approved
PAY-00003344,TXN-0003344,Debit Card,143.28,2026-07-12 13:11:54,Approved
PAY-00003345,TXN-0003345,Cash,163.62,2026-06-27 10:02:55,Approved
PAY-00003346,TXN-0003346,Cash,519.44,2026-07-07 13:40:15,Approved
PAY-00003347,TXN-0003347,Credit Card,213.17,2026-06-13 14:48:39,Approved
PAY-00003348,TXN-0003348,Cash,107.63,2026-06-27 08:36:59,Approved
PAY-00003349,TXN-0003349,Debit Card,279.64,2026-05-22 13:19:57,Approved
PAY-00003350,TXN-0003350,Credit Card,266.28,2026-07-31 10:43:48,Approved
PAY-00003351,TXN-0003351,Debit Card,133.65,2026-05-10 15:34:00,Approved
PAY-00003352,TXN-0003352,Gift Card,2.01,2026-07-08 17:37:15,Approved
PAY-00003353,TXN-0003353,Cash,43.27,2026-06-11 19:21:26,Approved
PAY-00003354,TXN-0003354,Cash,215.19,2026-06-21 08:09:13,Approved
PAY-00003355,TXN-0003355,Split Payment,137.43,2026-07-02 11:17:23,Approved
PAY-00003356,TXN-0003356,Gift Card,60.01,2026-07-26 21:11:01,Approved
PAY-00003357,TXN-0003357,Credit Card,413.81,2026-07-27 21:10:31,Approved
PAY-00003358,TXN-0003358,Debit Card,100.92,2026-07-11 08:11:18,Approved
PAY-00003359,TXN-0003359,Cash,224.78,2026-06-29 08:55:02,Approved
PAY-00003360,TXN-0003360,Credit Card,198.27,2026-05-12 10:05:45,Approved
PAY-00003361,TXN-0003361,Debit Card,111.33,2026-05-29 17:39:32,Approved
PAY-00003362,TXN-0003362,Split Payment,272.67,2026-05-15 19:04:52,Approved
PAY-00003363,TXN-0003363,Cash,217.32,2026-06-26 08:18:20,Approved
PAY-00003364,TXN-0003364,Debit Card,187.07,2026-05-23 15:25:38,Approved
PAY-00003365,TXN-0003365,Debit Card,68.49,2026-07-18 19:06:38,Approved
PAY-00003366,TXN-0003366,Debit Card,90.84,2026-07-12 15:10:24,Approved
PAY-00003367,TXN-0003367,Cash,353.11,2026-06-01 13:24:51,Approved
PAY-00003368,TXN-0003368,Credit Card,259.02,2026-06-23 13:20:45,Approved
PAY-00003369,TXN-0003369,Credit Card,278.21,2026-05-19 21:40:54,Approved
PAY-00003370,TXN-0003370,Credit Card,52.35,2026-05-07 21:17:13,Approved
PAY-00003371,TXN-0003371,Credit Card,127.7,2026-07-25 20:37:57,Approved
PAY-00003372,TXN-0003372,Debit Card,458.41,2026-05-07 11:47:50,Approved
PAY-00003373,TXN-0003373,Credit Card,183.37,2026-06-28 13:53:34,Approved
PAY-00003374,TXN-0003374,Credit Card,172.62,2026-05-27 11:04:58,Approved
PAY-00003375,TXN-0003375,Credit Card,74.73,2026-06-03 21:38:17,Approved
PAY-00003376,TXN-0003376,Debit Card,182.63,2026-07-17 21:27:08,Approved
PAY-00003377,TXN-0003377,Debit Card,307.99,2026-06-08 19:02:24,Approved
PAY-00003378,TXN-0003378,Debit Card,202.8,2026-07-08 20:27:27,Approved
PAY-00003379,TXN-0003379,Credit Card,23.54,2026-06-12 21:33:53,Approved
PAY-00003380,TXN-0003380,Cash,170.69,2026-05-10 09:21:40,Approved
PAY-00003381,TXN-0003381,Cash,319.68,2026-05-25 21:27:19,Approved
PAY-00003382,TXN-0003382,Gift Card,126.29,2026-06-27 10:04:31,Approved
PAY-00003383,TXN-0003383,Debit Card,120.6,2026-05-20 10:12:23,Approved
PAY-00003384,TXN-0003384,Debit Card,501.09,2026-07-31 13:45:52,Approved
PAY-00003385,TXN-0003385,Cash,144.85,2026-06-17 18:32:00,Approved
PAY-00003386,TXN-0003386,Credit Card,221.46,2026-07-03 19:54:25,Approved
PAY-00003387,TXN-0003387,Credit Card,376.67,2026-05-01 14:16:36,Approved
PAY-00003388,TXN-0003388,Debit Card,192.05,2026-05-24 13:00:54,Approved
PAY-00003389,TXN-0003389,Credit Card,41.08,2026-05-09 09:45:37,Approved
PAY-00003390,TXN-0003390,Debit Card,155.17,2026-06-29 14:20:06,Approved
PAY-00003391,TXN-0003391,Gift Card,402.24,2026-06-30 09:10:15,Approved
PAY-00003392,TXN-0003392,Cash,103.04,2026-06-11 10:24:46,Approved
PAY-00003393,TXN-0003393,Cash,543.58,2026-06-28 14:52:18,Approved
PAY-00003394,TXN-0003394,Credit Card,61.91,2026-05-01 21:09:31,Approved
PAY-00003395,TXN-0003395,Debit Card,231.89,2026-07-12 17:15:24,Approved
PAY-00003396,TXN-0003396,Debit Card,179.48,2026-05-16 12:18:33,Approved
PAY-00003397,TXN-0003397,Credit Card,230.4,2026-05-06 16:46:47,Approved
PAY-00003398,TXN-0003398,Cash,120.3,2026-06-09 19:54:30,Approved
PAY-00003399,TXN-0003399,Debit Card,68.4,2026-05-07 20:02:55,Approved
PAY-00003400,TXN-0003400,Debit Card,313.27,2026-06-07 14:41:34,Approved
PAY-00003401,TXN-0003401,Credit Card,361.17,2026-07-27 21:26:12,Approved
PAY-00003402,TXN-0003402,Credit Card,23.72,2026-05-21 08:35:57,Approved
PAY-00003403,TXN-0003403,Gift Card,30.34,2026-05-04 09:29:04,Approved
PAY-00003404,TXN-0003404,Debit Card,191.12,2026-07-06 15:38:55,Approved
PAY-00003405,TXN-0003405,Credit Card,400.02,2026-06-05 13:13:28,Approved
PAY-00003406,TXN-0003406,Credit Card,132.87,2026-05-07 17:45:06,Approved
PAY-00003407,TXN-0003407,Cash,216.41,2026-05-16 09:34:08,Approved
PAY-00003408,TXN-0003408,Debit Card,212.04,2026-05-14 18:04:02,Approved
PAY-00003409,TXN-0003409,Debit Card,91.92,2026-07-23 11:36:04,Approved
PAY-00003410,TXN-0003410,Cash,227.47,2026-05-25 17:09:07,Approved
PAY-00003411,TXN-0003411,Credit Card,57.74,2026-05-15 16:11:22,Approved
PAY-00003412,TXN-0003412,Credit Card,137.15,2026-07-25 14:46:48,Approved
PAY-00003413,TXN-0003413,Debit Card,71.96,2026-05-29 13:56:33,Approved
PAY-00003414,TXN-0003414,Cash,330.51,2026-07-18 15:18:28,Approved
PAY-00003415,TXN-0003415,Credit Card,21.24,2026-06-13 10:02:18,Approved
PAY-00003416,TXN-0003416,Credit Card,35.7,2026-06-26 09:36:56,Approved
PAY-00003417,TXN-0003417,Debit Card,476.28,2026-05-03 16:45:32,Approved
PAY-00003418,TXN-0003418,Gift Card,229.36,2026-06-10 10:34:48,Approved
PAY-00003419,TXN-0003419,Cash,272.09,2026-07-21 10:14:13,Approved
PAY-00003420,TXN-0003420,Credit Card,100.27,2026-07-18 13:17:51,Approved
PAY-00003421,TXN-0003421,Debit Card,152.84,2026-05-10 13:04:44,Approved
PAY-00003422,TXN-0003422,Credit Card,325.79,2026-05-19 17:07:11,Approved
PAY-00003423,TXN-0003423,Credit Card,518.08,2026-06-13 13:18:23,Approved
PAY-00003424,TXN-0003424,Debit Card,120.1,2026-05-27 21:49:25,Approved
PAY-00003425,TXN-0003425,Debit Card,169.96,2026-05-07 08:18:31,Approved
PAY-00003426,TXN-0003426,Debit Card,151.29,2026-05-08 10:01:23,Approved
PAY-00003427,TXN-0003427,Credit Card,69.47,2026-05-26 15:19:34,Approved
PAY-00003428,TXN-0003428,Credit Card,291.52,2026-06-23 11:35:03,Approved
PAY-00003429,TXN-0003429,Cash,26.97,2026-07-29 08:29:56,Approved
PAY-00003430,TXN-0003430,Debit Card,119.41,2026-07-29 14:02:17,Approved
PAY-00003431,TXN-0003431,Credit Card,187.67,2026-05-23 18:00:07,Approved
PAY-00003432,TXN-0003432,Debit Card,530.63,2026-05-26 13:16:19,Approved
PAY-00003433,TXN-0003433,Debit Card,136.54,2026-06-29 19:08:50,Approved
PAY-00003434,TXN-0003434,Cash,271.8,2026-05-11 16:45:46,Approved
PAY-00003435,TXN-0003435,Credit Card,126.43,2026-06-09 17:49:53,Approved
PAY-00003436,TXN-0003436,Debit Card,224.65,2026-05-20 14:29:21,Approved
PAY-00003437,TXN-0003437,Cash,163.77,2026-07-08 18:03:17,Approved
PAY-00003438,TXN-0003438,Debit Card,44.31,2026-07-06 09:28:49,Approved
PAY-00003439,TXN-0003439,Credit Card,296.75,2026-05-29 09:26:10,Approved
PAY-00003440,TXN-0003440,Cash,521.81,2026-06-30 16:25:07,Approved
PAY-00003441,TXN-0003441,Cash,152.12,2026-06-20 14:04:44,Approved
PAY-00003442,TXN-0003442,Credit Card,159.6,2026-05-26 17:43:51,Approved
PAY-00003443,TXN-0003443,Credit Card,195.12,2026-05-05 09:40:35,Approved
PAY-00003444,TXN-0003444,Credit Card,78.36,2026-07-27 21:21:31,Approved
PAY-00003445,TXN-0003445,Debit Card,301.36,2026-06-03 17:58:55,Approved
PAY-00003446,TXN-0003446,Cash,30.98,2026-06-08 14:17:24,Approved
PAY-00003447,TXN-0003447,Credit Card,302.2,2026-05-30 16:50:41,Approved
PAY-00003448,TXN-0003448,Credit Card,190.64,2026-07-16 08:53:19,Approved
PAY-00003449,TXN-0003449,Credit Card,128.72,2026-06-02 15:22:53,Approved
PAY-00003450,TXN-0003450,Split Payment,118.22,2026-05-12 13:47:31,Approved
PAY-00003451,TXN-0003451,Credit Card,233.41,2026-06-08 08:11:32,Approved
PAY-00003452,TXN-0003452,Cash,97.17,2026-05-13 11:30:19,Approved
PAY-00003453,TXN-0003453,Credit Card,192.85,2026-07-17 15:42:57,Approved
PAY-00003454,TXN-0003454,Debit Card,157.03,2026-05-12 16:14:30,Approved
PAY-00003455,TXN-0003455,Credit Card,10.79,2026-06-05 20:40:32,Approved
PAY-00003456,TXN-0003456,Credit Card,202.67,2026-07-11 09:35:43,Approved
PAY-00003457,TXN-0003457,Cash,344.55,2026-05-23 16:52:20,Approved
PAY-00003458,TXN-0003458,Credit Card,249.78,2026-07-09 08:12:44,Approved
PAY-00003459,TXN-0003459,Credit Card,254.86,2026-06-29 19:58:10,Approved
PAY-00003460,TXN-0003460,Cash,26.73,2026-05-05 16:51:50,Approved
PAY-00003461,TXN-0003461,Credit Card,68.34,2026-06-13 09:01:30,Approved
PAY-00003462,TXN-0003462,Credit Card,323.55,2026-05-11 15:46:04,Approved
PAY-00003463,TXN-0003463,Credit Card,231.32,2026-05-15 11:40:15,Approved
PAY-00003464,TXN-0003464,Cash,243.92,2026-05-23 08:18:14,Approved
PAY-00003465,TXN-0003465,Credit Card,55.29,2026-06-03 08:12:40,Approved
PAY-00003466,TXN-0003466,Credit Card,186.61,2026-05-21 10:26:34,Approved
PAY-00003467,TXN-0003467,Credit Card,193.0,2026-06-24 11:34:38,Approved
PAY-00003468,TXN-0003468,Credit Card,193.34,2026-06-29 10:16:18,Approved
PAY-00003469,TXN-0003469,Credit Card,368.22,2026-07-27 16:37:26,Approved
PAY-00003470,TXN-0003470,Credit Card,186.94,2026-06-16 09:07:49,Approved
PAY-00003471,TXN-0003471,Cash,457.78,2026-06-09 08:30:12,Approved
PAY-00003472,TXN-0003472,Gift Card,259.91,2026-06-04 12:40:49,Approved
PAY-00003473,TXN-0003473,Credit Card,64.73,2026-06-10 16:13:16,Approved
PAY-00003474,TXN-0003474,Cash,35.2,2026-07-05 10:51:08,Approved
PAY-00003475,TXN-0003475,Debit Card,123.44,2026-05-26 08:58:52,Approved
PAY-00003476,TXN-0003476,Gift Card,262.64,2026-07-31 20:45:57,Approved
PAY-00003477,TXN-0003477,Cash,188.1,2026-07-20 18:02:51,Approved
PAY-00003478,TXN-0003478,Credit Card,97.41,2026-06-15 12:29:13,Approved
PAY-00003479,TXN-0003479,Debit Card,525.13,2026-07-17 19:34:59,Approved
PAY-00003480,TXN-0003480,Cash,157.64,2026-07-13 20:40:30,Approved
PAY-00003481,TXN-0003481,Credit Card,117.87,2026-05-08 09:56:45,Approved
PAY-00003482,TXN-0003482,Debit Card,352.14,2026-06-29 10:08:58,Approved
PAY-00003483,TXN-0003483,Cash,64.94,2026-06-17 15:26:10,Approved
PAY-00003484,TXN-0003484,Cash,318.96,2026-05-28 09:19:02,Approved
PAY-00003485,TXN-0003485,Gift Card,144.05,2026-07-05 16:52:16,Approved
PAY-00003486,TXN-0003486,Debit Card,287.59,2026-07-04 20:27:59,Approved
PAY-00003487,TXN-0003487,Credit Card,134.16,2026-06-22 15:57:27,Approved
PAY-00003488,TXN-0003488,Gift Card,138.46,2026-07-24 13:06:51,Approved
PAY-00003489,TXN-0003489,Credit Card,113.02,2026-06-05 15:14:56,Approved
PAY-00003490,TXN-0003490,Credit Card,239.05,2026-07-28 12:22:15,Approved
PAY-00003491,TXN-0003491,Debit Card,358.58,2026-06-07 18:19:11,Approved
PAY-00003492,TXN-0003492,Credit Card,181.57,2026-06-19 10:08:09,Approved
PAY-00003493,TXN-0003493,Cash,176.28,2026-05-16 13:38:39,Approved
PAY-00003494,TXN-0003494,Debit Card,316.15,2026-05-31 21:32:24,Approved
PAY-00003495,TXN-0003495,Credit Card,218.98,2026-06-21 21:30:42,Approved
PAY-00003496,TXN-0003496,Credit Card,30.08,2026-06-24 09:12:41,Approved
PAY-00003497,TXN-0003497,Credit Card,44.82,2026-07-31 20:31:49,Approved
PAY-00003498,TXN-0003498,Cash,186.3,2026-05-21 12:47:34,Approved
PAY-00003499,TXN-0003499,Debit Card,240.84,2026-07-17 13:54:16,Approved
PAY-00003500,TXN-0003500,Cash,50.36,2026-07-29 09:20:58,Approved
PAY-00003501,TXN-0003501,Debit Card,209.99,2026-06-09 16:48:02,Approved
PAY-00003502,TXN-0003502,Credit Card,178.36,2026-06-30 15:55:06,Approved
PAY-00003503,TXN-0003503,Split Payment,128.84,2026-07-30 15:33:20,Approved
PAY-00003504,TXN-0003504,Credit Card,168.27,2026-07-14 19:10:29,Approved
PAY-00003505,TXN-0003505,Credit Card,234.62,2026-07-17 10:35:00,Approved
PAY-00003506,TXN-0003506,Cash,433.5,2026-05-09 11:43:10,Approved
PAY-00003507,TXN-0003507,Debit Card,217.57,2026-05-28 21:21:46,Approved
PAY-00003508,TXN-0003508,Credit Card,337.25,2026-07-04 19:42:59,Approved
PAY-00003509,TXN-0003509,Gift Card,223.92,2026-06-24 19:35:13,Approved
PAY-00003510,TXN-0003510,Credit Card,286.61,2026-06-21 17:31:32,Approved
PAY-00003511,TXN-0003511,Credit Card,185.12,2026-07-14 09:07:13,Approved
PAY-00003512,TXN-0003512,Debit Card,513.82,2026-05-11 19:51:11,Approved
PAY-00003513,TXN-0003513,Debit Card,78.26,2026-06-08 10:12:14,Approved
PAY-00003514,TXN-0003514,Credit Card,200.95,2026-07-12 19:24:27,Approved
PAY-00003515,TXN-0003515,Debit Card,222.49,2026-05-17 10:36:20,Approved
PAY-00003516,TXN-0003516,Credit Card,184.09,2026-06-19 17:59:47,Approved
PAY-00003517,TXN-0003517,Credit Card,302.11,2026-07-03 15:50:55,Approved
PAY-00003518,TXN-0003518,Split Payment,208.89,2026-06-04 10:25:04,Approved
PAY-00003519,TXN-0003519,Debit Card,221.65,2026-06-09 21:04:21,Approved
PAY-00003520,TXN-0003520,Cash,324.34,2026-05-13 11:51:48,Approved
PAY-00003521,TXN-0003521,Credit Card,627.56,2026-07-31 19:14:46,Approved
PAY-00003522,TXN-0003522,Credit Card,385.44,2026-07-02 17:30:26,Approved
PAY-00003523,TXN-0003523,Credit Card,282.64,2026-07-18 09:32:46,Approved
PAY-00003524,TXN-0003524,Credit Card,412.58,2026-07-25 12:23:02,Approved
PAY-00003525,TXN-0003525,Cash,85.21,2026-05-14 14:36:56,Approved
PAY-00003526,TXN-0003526,Credit Card,155.94,2026-05-10 18:08:13,Approved
PAY-00003527,TXN-0003527,Debit Card,183.77,2026-07-15 10:17:28,Approved
PAY-00003528,TXN-0003528,Credit Card,29.89,2026-07-13 10:57:33,Approved
PAY-00003529,TXN-0003529,Cash,280.6,2026-05-30 10:10:52,Approved
PAY-00003530,TXN-0003530,Credit Card,45.49,2026-06-14 14:13:16,Approved
PAY-00003531,TXN-0003531,Debit Card,163.12,2026-05-31 10:27:51,Approved
PAY-00003532,TXN-0003532,Debit Card,189.8,2026-05-12 20:59:01,Approved
PAY-00003533,TXN-0003533,Credit Card,326.44,2026-06-21 13:47:05,Approved
PAY-00003534,TXN-0003534,Gift Card,240.1,2026-06-03 20:21:33,Approved
PAY-00003535,TXN-0003535,Cash,48.3,2026-05-06 14:53:22,Approved
PAY-00003536,TXN-0003536,Debit Card,230.94,2026-05-16 21:10:28,Approved
PAY-00003537,TXN-0003537,Cash,271.0,2026-07-09 21:27:27,Approved
PAY-00003538,TXN-0003538,Gift Card,73.71,2026-07-21 17:15:05,Approved
PAY-00003539,TXN-0003539,Credit Card,59.03,2026-06-13 16:18:14,Approved
PAY-00003540,TXN-0003540,Credit Card,207.45,2026-05-30 08:19:31,Approved
PAY-00003541,TXN-0003541,Credit Card,149.57,2026-05-30 08:24:04,Approved
PAY-00003542,TXN-0003542,Cash,154.54,2026-05-20 15:49:16,Approved
PAY-00003543,TXN-0003543,Credit Card,29.74,2026-06-01 17:56:32,Approved
PAY-00003544,TXN-0003544,Credit Card,80.74,2026-05-17 09:01:51,Approved
PAY-00003545,TXN-0003545,Debit Card,142.94,2026-07-22 16:56:47,Approved
PAY-00003546,TXN-0003546,Credit Card,191.5,2026-05-12 11:03:50,Approved
PAY-00003547,TXN-0003547,Cash,411.84,2026-05-19 15:27:12,Approved
PAY-00003548,TXN-0003548,Gift Card,74.3,2026-06-21 11:58:27,Approved
PAY-00003549,TXN-0003549,Debit Card,10.42,2026-06-19 15:44:26,Approved
PAY-00003550,TXN-0003550,Credit Card,204.98,2026-05-31 17:10:25,Approved
PAY-00003551,TXN-0003551,Cash,527.28,2026-07-07 09:18:42,Approved
PAY-00003552,TXN-0003552,Cash,201.33,2026-07-05 13:40:36,Approved
PAY-00003553,TXN-0003553,Credit Card,174.59,2026-07-23 16:05:15,Approved
PAY-00003554,TXN-0003554,Gift Card,8.74,2026-06-25 20:38:50,Approved
PAY-00003555,TXN-0003555,Debit Card,221.11,2026-06-26 17:50:03,Approved
PAY-00003556,TXN-0003556,Cash,232.77,2026-05-03 16:14:48,Approved
PAY-00003557,TXN-0003557,Debit Card,196.61,2026-05-22 18:28:28,Approved
PAY-00003558,TXN-0003558,Debit Card,208.43,2026-05-31 08:42:19,Approved
PAY-00003559,TXN-0003559,Cash,105.59,2026-05-13 21:28:55,Approved
PAY-00003560,TXN-0003560,Debit Card,427.67,2026-07-29 10:28:15,Approved
PAY-00003561,TXN-0003561,Credit Card,20.74,2026-05-26 08:02:20,Approved
PAY-00003562,TXN-0003562,Credit Card,137.19,2026-06-01 18:29:09,Approved
PAY-00003563,TXN-0003563,Cash,43.75,2026-05-23 12:51:43,Approved
PAY-00003564,TXN-0003564,Cash,134.64,2026-05-12 09:32:09,Approved
PAY-00003565,TXN-0003565,Cash,167.83,2026-06-16 15:05:14,Approved
PAY-00003566,TXN-0003566,Debit Card,54.51,2026-05-25 15:10:57,Approved
PAY-00003567,TXN-0003567,Debit Card,262.69,2026-06-29 12:06:07,Approved
PAY-00003568,TXN-0003568,Credit Card,139.2,2026-07-28 10:42:23,Approved
PAY-00003569,TXN-0003569,Credit Card,139.62,2026-06-01 21:15:50,Approved
PAY-00003570,TXN-0003570,Debit Card,169.52,2026-05-22 09:49:48,Approved
PAY-00003571,TXN-0003571,Credit Card,18.22,2026-05-18 17:31:32,Approved
PAY-00003572,TXN-0003572,Cash,89.05,2026-06-02 08:46:20,Approved
PAY-00003573,TXN-0003573,Debit Card,63.79,2026-07-02 08:43:01,Approved
PAY-00003574,TXN-0003574,Debit Card,144.52,2026-06-21 13:24:17,Approved
PAY-00003575,TXN-0003575,Debit Card,124.58,2026-07-28 10:32:46,Approved
PAY-00003576,TXN-0003576,Gift Card,80.56,2026-05-04 11:50:19,Approved
PAY-00003577,TXN-0003577,Debit Card,71.1,2026-07-06 18:41:43,Approved
PAY-00003578,TXN-0003578,Credit Card,532.3,2026-07-22 08:00:17,Approved
PAY-00003579,TXN-0003579,Debit Card,124.38,2026-05-05 08:51:36,Approved
PAY-00003580,TXN-0003580,Credit Card,94.21,2026-06-04 19:29:02,Approved
PAY-00003581,TXN-0003581,Debit Card,87.4,2026-05-25 12:44:16,Approved
PAY-00003582,TXN-0003582,Credit Card,297.91,2026-06-20 20:46:22,Approved
PAY-00003583,TXN-0003583,Credit Card,177.86,2026-07-06 14:42:53,Approved
PAY-00003584,TXN-0003584,Debit Card,320.02,2026-05-30 09:28:10,Approved
PAY-00003585,TXN-0003585,Credit Card,102.86,2026-06-16 20:27:54,Approved
PAY-00003586,TXN-0003586,Credit Card,122.3,2026-07-22 17:49:17,Approved
PAY-00003587,TXN-0003587,Cash,520.09,2026-06-26 10:42:31,Approved
PAY-00003588,TXN-0003588,Credit Card,280.17,2026-06-07 09:53:04,Approved
PAY-00003589,TXN-0003589,Credit Card,256.21,2026-06-13 13:34:32,Approved
PAY-00003590,TXN-0003590,Credit Card,197.38,2026-07-20 18:09:38,Approved
PAY-00003591,TXN-0003591,Credit Card,146.68,2026-07-25 16:10:48,Approved
PAY-00003592,TXN-0003592,Credit Card,90.5,2026-06-01 17:34:35,Approved
PAY-00003593,TXN-0003593,Debit Card,252.17,2026-05-11 12:47:30,Approved
PAY-00003594,TXN-0003594,Gift Card,23.58,2026-07-22 18:31:10,Approved
PAY-00003595,TXN-0003595,Credit Card,51.4,2026-07-08 16:54:15,Approved
PAY-00003596,TXN-0003596,Debit Card,150.97,2026-05-29 13:01:29,Approved
PAY-00003597,TXN-0003597,Credit Card,80.59,2026-05-26 08:32:13,Approved
PAY-00003598,TXN-0003598,Debit Card,122.9,2026-07-20 12:13:39,Approved
PAY-00003599,TXN-0003599,Debit Card,100.55,2026-06-05 20:46:21,Approved
PAY-00003600,TXN-0003600,Cash,164.94,2026-07-25 11:32:24,Approved
PAY-00003601,TXN-0003601,Debit Card,81.15,2026-05-27 21:11:20,Approved
PAY-00003602,TXN-0003602,Debit Card,231.88,2026-06-07 20:15:10,Approved
PAY-00003603,TXN-0003603,Credit Card,364.27,2026-05-30 17:31:21,Approved
PAY-00003604,TXN-0003604,Cash,209.18,2026-05-21 16:56:51,Approved
PAY-00003605,TXN-0003605,Debit Card,574.39,2026-06-13 09:44:13,Approved
PAY-00003606,TXN-0003606,Credit Card,245.71,2026-06-01 16:50:51,Approved
PAY-00003607,TXN-0003607,Cash,175.73,2026-05-31 08:08:14,Approved
PAY-00003608,TXN-0003608,Debit Card,144.25,2026-07-06 10:27:50,Approved
PAY-00003609,TXN-0003609,Credit Card,243.12,2026-07-31 15:11:54,Approved
PAY-00003610,TXN-0003610,Credit Card,52.48,2026-07-29 16:30:04,Approved
PAY-00003611,TXN-0003611,Credit Card,440.93,2026-07-26 21:50:27,Approved
PAY-00003612,TXN-0003612,Debit Card,251.8,2026-06-19 18:56:30,Approved
PAY-00003613,TXN-0003613,Debit Card,143.03,2026-05-02 08:52:56,Approved
PAY-00003614,TXN-0003614,Cash,288.02,2026-07-10 16:13:26,Approved
PAY-00003615,TXN-0003615,Credit Card,136.08,2026-07-12 21:09:01,Approved
PAY-00003616,TXN-0003616,Debit Card,176.5,2026-05-01 16:19:52,Approved
PAY-00003617,TXN-0003617,Gift Card,73.63,2026-05-20 12:58:01,Approved
PAY-00003618,TXN-0003618,Credit Card,574.66,2026-05-30 19:26:49,Approved
PAY-00003619,TXN-0003619,Cash,322.44,2026-06-21 12:57:31,Approved
PAY-00003620,TXN-0003620,Gift Card,153.6,2026-07-28 14:55:57,Approved
PAY-00003621,TXN-0003621,Credit Card,13.65,2026-07-26 12:31:26,Approved
PAY-00003622,TXN-0003622,Debit Card,125.2,2026-07-22 21:27:47,Approved
PAY-00003623,TXN-0003623,Cash,278.63,2026-05-22 20:41:05,Approved
PAY-00003624,TXN-0003624,Credit Card,327.02,2026-05-04 13:59:02,Approved
PAY-00003625,TXN-0003625,Credit Card,16.63,2026-05-27 09:46:32,Approved
PAY-00003626,TXN-0003626,Cash,30.63,2026-07-05 20:20:23,Approved
PAY-00003627,TXN-0003627,Credit Card,180.62,2026-07-04 17:15:00,Approved
PAY-00003628,TXN-0003628,Cash,357.99,2026-07-25 16:27:23,Approved
PAY-00003629,TXN-0003629,Credit Card,94.02,2026-05-23 21:25:59,Approved
PAY-00003630,TXN-0003630,Debit Card,129.07,2026-07-14 11:51:47,Approved
PAY-00003631,TXN-0003631,Credit Card,261.1,2026-05-11 15:10:21,Approved
PAY-00003632,TXN-0003632,Credit Card,589.76,2026-07-08 17:03:07,Approved
PAY-00003633,TXN-0003633,Cash,141.89,2026-05-12 10:01:05,Approved
PAY-00003634,TXN-0003634,Credit Card,147.71,2026-06-27 18:12:11,Approved
PAY-00003635,TXN-0003635,Credit Card,221.28,2026-05-14 16:33:08,Approved
PAY-00003636,TXN-0003636,Debit Card,188.92,2026-06-20 20:03:11,Approved
PAY-00003637,TXN-0003637,Debit Card,150.36,2026-07-11 13:31:01,Approved
PAY-00003638,TXN-0003638,Debit Card,135.48,2026-06-30 09:03:09,Approved
PAY-00003639,TXN-0003639,Credit Card,175.97,2026-05-29 10:59:25,Approved
PAY-00003640,TXN-0003640,Credit Card,220.59,2026-05-16 15:30:50,Approved
PAY-00003641,TXN-0003641,Cash,329.55,2026-06-18 10:13:06,Approved
PAY-00003642,TXN-0003642,Cash,191.67,2026-05-17 11:18:42,Approved
PAY-00003643,TXN-0003643,Debit Card,200.05,2026-05-19 20:59:24,Approved
PAY-00003644,TXN-0003644,Debit Card,115.68,2026-06-24 19:18:33,Approved
PAY-00003645,TXN-0003645,Debit Card,124.38,2026-07-05 17:46:06,Approved
PAY-00003646,TXN-0003646,Cash,38.01,2026-06-26 13:38:27,Approved
PAY-00003647,TXN-0003647,Debit Card,267.22,2026-05-31 21:25:08,Approved
PAY-00003648,TXN-0003648,Debit Card,116.51,2026-05-07 14:48:20,Approved
PAY-00003649,TXN-0003649,Credit Card,45.56,2026-05-06 20:01:53,Approved
PAY-00003650,TXN-0003650,Debit Card,198.33,2026-07-23 16:22:43,Approved
PAY-00003651,TXN-0003651,Credit Card,91.26,2026-07-22 17:51:34,Approved
PAY-00003652,TXN-0003652,Credit Card,235.06,2026-07-18 12:03:43,Approved
PAY-00003653,TXN-0003653,Credit Card,104.8,2026-05-21 21:07:34,Approved
PAY-00003654,TXN-0003654,Credit Card,222.33,2026-07-27 10:47:14,Approved
PAY-00003655,TXN-0003655,Gift Card,167.48,2026-05-05 14:20:42,Approved
PAY-00003656,TXN-0003656,Credit Card,347.79,2026-05-14 11:25:35,Approved
PAY-00003657,TXN-0003657,Credit Card,123.68,2026-07-18 09:02:42,Approved
PAY-00003658,TXN-0003658,Credit Card,169.5,2026-05-03 08:50:42,Approved
PAY-00003659,TXN-0003659,Debit Card,85.55,2026-05-10 15:00:11,Approved
PAY-00003660,TXN-0003660,Credit Card,396.82,2026-07-06 09:32:18,Approved
PAY-00003661,TXN-0003661,Credit Card,357.62,2026-06-10 15:27:20,Approved
PAY-00003662,TXN-0003662,Debit Card,224.49,2026-05-17 20:55:57,Approved
PAY-00003663,TXN-0003663,Credit Card,68.25,2026-05-31 16:32:27,Approved
PAY-00003664,TXN-0003664,Credit Card,334.2,2026-07-06 14:41:56,Approved
PAY-00003665,TXN-0003665,Credit Card,185.91,2026-07-02 15:26:52,Approved
PAY-00003666,TXN-0003666,Debit Card,183.61,2026-07-01 14:19:48,Approved
PAY-00003667,TXN-0003667,Debit Card,171.14,2026-06-25 17:18:14,Approved
PAY-00003668,TXN-0003668,Credit Card,129.6,2026-07-13 17:39:27,Approved
PAY-00003669,TXN-0003669,Debit Card,225.62,2026-06-30 20:59:56,Approved
PAY-00003670,TXN-0003670,Cash,306.52,2026-07-24 20:52:15,Approved
PAY-00003671,TXN-0003671,Gift Card,209.65,2026-07-06 15:21:16,Approved
PAY-00003672,TXN-0003672,Credit Card,51.78,2026-07-13 17:17:32,Approved
PAY-00003673,TXN-0003673,Credit Card,422.81,2026-07-21 20:17:57,Approved
PAY-00003674,TXN-0003674,Credit Card,293.63,2026-05-12 10:52:12,Approved
PAY-00003675,TXN-0003675,Credit Card,179.46,2026-06-14 17:38:03,Approved
PAY-00003676,TXN-0003676,Cash,95.24,2026-05-17 16:39:23,Approved
PAY-00003677,TXN-0003677,Credit Card,295.91,2026-05-05 10:43:18,Approved
PAY-00003678,TXN-0003678,Debit Card,130.13,2026-06-07 19:15:27,Approved
PAY-00003679,TXN-0003679,Debit Card,382.88,2026-05-29 20:48:38,Approved
PAY-00003680,TXN-0003680,Gift Card,334.47,2026-05-13 18:13:33,Approved
PAY-00003681,TXN-0003681,Credit Card,390.04,2026-05-16 21:17:54,Approved
PAY-00003682,TXN-0003682,Credit Card,78.99,2026-05-16 15:23:58,Approved
PAY-00003683,TXN-0003683,Credit Card,151.45,2026-05-30 08:56:40,Approved
PAY-00003684,TXN-0003684,Credit Card,251.73,2026-07-06 13:43:51,Approved
PAY-00003685,TXN-0003685,Credit Card,315.11,2026-05-11 18:19:41,Approved
PAY-00003686,TXN-0003686,Cash,514.53,2026-07-22 21:58:23,Approved
PAY-00003687,TXN-0003687,Credit Card,576.68,2026-05-29 11:47:15,Approved
PAY-00003688,TXN-0003688,Credit Card,135.22,2026-05-08 11:34:03,Approved
PAY-00003689,TXN-0003689,Cash,215.16,2026-06-16 19:47:43,Approved
PAY-00003690,TXN-0003690,Credit Card,153.05,2026-05-11 10:58:51,Approved
PAY-00003691,TXN-0003691,Debit Card,217.7,2026-05-29 18:29:58,Approved
PAY-00003692,TXN-0003692,Debit Card,161.54,2026-07-15 21:06:01,Approved
PAY-00003693,TXN-0003693,Credit Card,166.89,2026-06-16 15:16:26,Approved
PAY-00003694,TXN-0003694,Credit Card,148.97,2026-07-02 10:09:32,Approved
PAY-00003695,TXN-0003695,Cash,219.52,2026-05-03 18:07:01,Approved
PAY-00003696,TXN-0003696,Debit Card,50.4,2026-06-07 10:54:04,Approved
PAY-00003697,TXN-0003697,Credit Card,62.29,2026-06-15 20:51:09,Approved
PAY-00003698,TXN-0003698,Cash,127.85,2026-06-21 20:58:20,Approved
PAY-00003699,TXN-0003699,Gift Card,89.27,2026-06-29 14:03:30,Approved
PAY-00003700,TXN-0003700,Cash,337.19,2026-07-02 17:56:48,Approved
PAY-00003701,TXN-0003701,Credit Card,325.67,2026-05-25 20:19:58,Approved
PAY-00003702,TXN-0003702,Cash,245.95,2026-05-20 09:02:03,Approved
PAY-00003703,TXN-0003703,Credit Card,209.25,2026-05-07 16:42:00,Approved
PAY-00003704,TXN-0003704,Gift Card,178.83,2026-07-07 08:56:38,Approved
PAY-00003705,TXN-0003705,Credit Card,118.38,2026-05-24 16:31:43,Approved
PAY-00003706,TXN-0003706,Credit Card,38.31,2026-05-08 17:29:01,Approved
PAY-00003707,TXN-0003707,Debit Card,82.8,2026-06-27 21:57:19,Approved
PAY-00003708,TXN-0003708,Debit Card,73.69,2026-07-09 19:47:08,Approved
PAY-00003709,TXN-0003709,Credit Card,64.9,2026-05-10 14:39:57,Approved
PAY-00003710,TXN-0003710,Debit Card,337.93,2026-05-09 19:56:38,Approved
PAY-00003711,TXN-0003711,Split Payment,280.81,2026-07-29 21:11:38,Approved
PAY-00003712,TXN-0003712,Debit Card,193.41,2026-07-12 11:16:27,Approved
PAY-00003713,TXN-0003713,Credit Card,207.63,2026-06-23 18:55:29,Approved
PAY-00003714,TXN-0003714,Split Payment,52.49,2026-07-23 19:31:00,Approved
PAY-00003715,TXN-0003715,Cash,100.58,2026-06-28 09:48:52,Approved
PAY-00003716,TXN-0003716,Debit Card,52.1,2026-07-31 11:31:32,Approved
PAY-00003717,TXN-0003717,Cash,244.32,2026-06-16 14:26:57,Approved
PAY-00003718,TXN-0003718,Debit Card,234.71,2026-06-14 15:36:40,Approved
PAY-00003719,TXN-0003719,Cash,321.49,2026-05-13 20:57:02,Approved
PAY-00003720,TXN-0003720,Debit Card,214.36,2026-07-27 20:41:22,Approved
PAY-00003721,TXN-0003721,Credit Card,205.03,2026-06-10 15:00:36,Approved
PAY-00003722,TXN-0003722,Credit Card,256.16,2026-07-01 12:18:03,Approved
PAY-00003723,TXN-0003723,Debit Card,45.94,2026-05-29 17:34:21,Approved
PAY-00003724,TXN-0003724,Credit Card,194.29,2026-05-06 18:40:09,Approved
PAY-00003725,TXN-0003725,Gift Card,41.25,2026-05-20 08:16:10,Approved
PAY-00003726,TXN-0003726,Credit Card,127.98,2026-05-07 20:45:39,Approved
PAY-00003727,TXN-0003727,Debit Card,379.66,2026-07-17 21:02:23,Approved
PAY-00003728,TXN-0003728,Cash,304.34,2026-07-30 09:12:39,Approved
PAY-00003729,TXN-0003729,Cash,70.68,2026-06-06 17:00:11,Approved
PAY-00003730,TXN-0003730,Cash,22.48,2026-05-03 08:05:15,Approved
PAY-00003731,TXN-0003731,Credit Card,144.46,2026-07-13 11:31:21,Approved
PAY-00003732,TXN-0003732,Cash,89.34,2026-06-07 14:10:21,Approved
PAY-00003733,TXN-0003733,Debit Card,110.01,2026-07-18 11:05:59,Approved
PAY-00003734,TXN-0003734,Debit Card,231.46,2026-05-24 12:45:21,Approved
PAY-00003735,TXN-0003735,Credit Card,98.37,2026-05-13 17:25:46,Approved
PAY-00003736,TXN-0003736,Debit Card,96.88,2026-06-07 08:25:51,Approved
PAY-00003737,TXN-0003737,Credit Card,131.7,2026-05-16 08:06:28,Approved
PAY-00003738,TXN-0003738,Debit Card,118.4,2026-05-10 11:04:49,Approved
PAY-00003739,TXN-0003739,Debit Card,288.38,2026-05-07 16:23:48,Approved
PAY-00003740,TXN-0003740,Gift Card,113.33,2026-05-07 09:49:38,Approved
PAY-00003741,TXN-0003741,Debit Card,31.98,2026-05-19 16:42:20,Approved
PAY-00003742,TXN-0003742,Debit Card,37.24,2026-07-18 14:40:13,Approved
PAY-00003743,TXN-0003743,Gift Card,139.88,2026-06-08 15:53:42,Approved
PAY-00003744,TXN-0003744,Credit Card,138.87,2026-05-24 19:15:10,Approved
PAY-00003745,TXN-0003745,Debit Card,141.21,2026-05-29 18:54:29,Approved
PAY-00003746,TXN-0003746,Debit Card,321.76,2026-07-28 19:48:52,Approved
PAY-00003747,TXN-0003747,Debit Card,253.41,2026-06-26 10:33:22,Approved
PAY-00003748,TXN-0003748,Cash,121.33,2026-05-28 13:18:05,Approved
PAY-00003749,TXN-0003749,Debit Card,192.84,2026-05-24 10:33:51,Approved
PAY-00003750,TXN-0003750,Credit Card,52.31,2026-06-15 13:14:13,Approved
PAY-00003751,TXN-0003751,Credit Card,143.83,2026-07-19 11:52:13,Approved
PAY-00003752,TXN-0003752,Credit Card,216.38,2026-06-20 08:00:46,Approved
PAY-00003753,TXN-0003753,Credit Card,93.91,2026-07-31 16:09:57,Approved
PAY-00003754,TXN-0003754,Cash,218.21,2026-05-19 16:55:52,Approved
PAY-00003755,TXN-0003755,Cash,226.31,2026-07-21 19:45:00,Approved
PAY-00003756,TXN-0003756,Split Payment,313.54,2026-07-08 17:51:58,Approved
PAY-00003757,TXN-0003757,Cash,86.79,2026-06-08 20:41:42,Approved
PAY-00003758,TXN-0003758,Gift Card,148.58,2026-05-26 19:33:43,Approved
PAY-00003759,TXN-0003759,Debit Card,141.77,2026-05-26 12:44:52,Approved
PAY-00003760,TXN-0003760,Cash,343.49,2026-05-17 13:02:01,Approved
PAY-00003761,TXN-0003761,Credit Card,107.65,2026-07-25 21:50:57,Approved
PAY-00003762,TXN-0003762,Debit Card,263.66,2026-05-25 19:31:15,Approved
PAY-00003763,TXN-0003763,Debit Card,131.69,2026-05-08 17:44:41,Approved
PAY-00003764,TXN-0003764,Credit Card,111.58,2026-06-04 14:41:34,Approved
PAY-00003765,TXN-0003765,Cash,173.51,2026-07-29 15:26:03,Approved
PAY-00003766,TXN-0003766,Cash,554.42,2026-07-04 16:03:59,Approved
PAY-00003767,TXN-0003767,Credit Card,153.93,2026-05-31 19:12:34,Approved
PAY-00003768,TXN-0003768,Cash,397.18,2026-06-20 11:40:01,Approved
PAY-00003769,TXN-0003769,Debit Card,311.67,2026-05-07 09:44:33,Approved
PAY-00003770,TXN-0003770,Cash,170.39,2026-05-26 08:40:06,Approved
PAY-00003771,TXN-0003771,Credit Card,295.79,2026-05-18 17:31:57,Approved
PAY-00003772,TXN-0003772,Debit Card,161.97,2026-05-18 11:08:40,Approved
PAY-00003773,TXN-0003773,Debit Card,147.54,2026-07-23 14:23:51,Approved
PAY-00003774,TXN-0003774,Credit Card,310.97,2026-06-15 13:44:47,Approved
PAY-00003775,TXN-0003775,Cash,180.94,2026-07-14 16:43:41,Approved
PAY-00003776,TXN-0003776,Cash,125.92,2026-07-09 13:36:39,Approved
PAY-00003777,TXN-0003777,Debit Card,83.09,2026-06-30 15:05:20,Approved
PAY-00003778,TXN-0003778,Debit Card,340.51,2026-07-21 19:19:36,Approved
PAY-00003779,TXN-0003779,Cash,19.1,2026-05-05 16:11:06,Approved
PAY-00003780,TXN-0003780,Cash,80.67,2026-07-13 14:49:29,Approved
PAY-00003781,TXN-0003781,Debit Card,293.09,2026-06-12 20:03:11,Approved
PAY-00003782,TXN-0003782,Credit Card,91.13,2026-05-01 13:50:27,Approved
PAY-00003783,TXN-0003783,Credit Card,157.92,2026-07-15 17:30:12,Approved
PAY-00003784,TXN-0003784,Debit Card,295.44,2026-06-17 09:58:30,Approved
PAY-00003785,TXN-0003785,Credit Card,390.28,2026-07-06 12:25:48,Approved
PAY-00003786,TXN-0003786,Debit Card,48.71,2026-07-21 21:31:11,Approved
PAY-00003787,TXN-0003787,Debit Card,116.65,2026-07-06 16:59:31,Approved
PAY-00003788,TXN-0003788,Split Payment,37.43,2026-07-10 10:06:23,Approved
PAY-00003789,TXN-0003789,Credit Card,95.95,2026-07-05 08:49:32,Approved
PAY-00003790,TXN-0003790,Cash,199.56,2026-06-22 09:31:26,Approved
PAY-00003791,TXN-0003791,Debit Card,120.09,2026-05-08 16:07:20,Approved
PAY-00003792,TXN-0003792,Debit Card,223.4,2026-07-31 14:22:59,Approved
PAY-00003793,TXN-0003793,Credit Card,132.14,2026-06-06 11:45:22,Approved
PAY-00003794,TXN-0003794,Cash,316.21,2026-06-04 09:42:56,Approved
PAY-00003795,TXN-0003795,Gift Card,249.69,2026-07-19 10:04:08,Approved
PAY-00003796,TXN-0003796,Cash,131.92,2026-06-10 09:14:56,Approved
PAY-00003797,TXN-0003797,Debit Card,277.23,2026-05-24 15:08:42,Approved
PAY-00003798,TXN-0003798,Credit Card,148.29,2026-07-19 21:36:46,Approved
PAY-00003799,TXN-0003799,Credit Card,161.23,2026-06-08 19:25:12,Approved
PAY-00003800,TXN-0003800,Cash,418.4,2026-06-21 21:03:16,Approved
PAY-00003801,TXN-0003801,Debit Card,229.97,2026-07-19 18:52:53,Approved
PAY-00003802,TXN-0003802,Credit Card,97.63,2026-06-24 21:18:03,Approved
PAY-00003803,TXN-0003803,Cash,37.58,2026-05-13 18:53:36,Approved
PAY-00003804,TXN-0003804,Cash,65.62,2026-07-04 16:14:42,Approved
PAY-00003805,TXN-0003805,Credit Card,53.45,2026-05-25 13:22:45,Approved
PAY-00003806,TXN-0003806,Cash,209.8,2026-05-22 11:52:16,Approved
PAY-00003807,TXN-0003807,Debit Card,488.26,2026-05-24 13:58:01,Approved
PAY-00003808,TXN-0003808,Credit Card,187.51,2026-07-01 16:18:03,Approved
PAY-00003809,TXN-0003809,Cash,192.69,2026-06-19 10:23:21,Approved
PAY-00003810,TXN-0003810,Split Payment,180.79,2026-05-05 20:57:06,Approved
PAY-00003811,TXN-0003811,Debit Card,463.25,2026-07-12 13:50:46,Approved
PAY-00003812,TXN-0003812,Credit Card,182.29,2026-07-19 14:37:45,Approved
PAY-00003813,TXN-0003813,Credit Card,155.33,2026-05-05 11:30:33,Approved
PAY-00003814,TXN-0003814,Credit Card,144.63,2026-06-29 10:43:05,Approved
PAY-00003815,TXN-0003815,Debit Card,112.03,2026-05-20 17:20:10,Approved
PAY-00003816,TXN-0003816,Debit Card,210.65,2026-05-30 21:36:29,Approved
PAY-00003817,TXN-0003817,Cash,85.53,2026-06-12 18:41:25,Approved
PAY-00003818,TXN-0003818,Credit Card,204.47,2026-07-10 19:02:14,Approved
PAY-00003819,TXN-0003819,Debit Card,83.64,2026-05-14 14:31:44,Approved
PAY-00003820,TXN-0003820,Credit Card,159.28,2026-06-19 13:49:05,Approved
PAY-00003821,TXN-0003821,Credit Card,62.4,2026-07-13 15:11:50,Approved
PAY-00003822,TXN-0003822,Debit Card,205.2,2026-05-25 19:59:13,Approved
PAY-00003823,TXN-0003823,Cash,211.7,2026-05-29 20:24:03,Approved
PAY-00003824,TXN-0003824,Credit Card,244.85,2026-07-21 16:42:43,Approved
PAY-00003825,TXN-0003825,Gift Card,105.32,2026-06-03 15:57:04,Approved
PAY-00003826,TXN-0003826,Debit Card,179.48,2026-06-10 13:28:23,Approved
PAY-00003827,TXN-0003827,Credit Card,366.42,2026-07-01 21:02:07,Approved
PAY-00003828,TXN-0003828,Debit Card,221.14,2026-07-30 08:23:52,Approved
PAY-00003829,TXN-0003829,Credit Card,213.88,2026-06-10 19:27:40,Approved
PAY-00003830,TXN-0003830,Cash,154.32,2026-07-19 18:47:41,Approved
PAY-00003831,TXN-0003831,Cash,158.99,2026-05-15 08:30:39,Approved
PAY-00003832,TXN-0003832,Debit Card,245.8,2026-06-26 19:00:44,Approved
PAY-00003833,TXN-0003833,Credit Card,233.46,2026-06-14 15:29:32,Approved
PAY-00003834,TXN-0003834,Credit Card,610.34,2026-05-03 19:27:53,Approved
PAY-00003835,TXN-0003835,Cash,178.91,2026-05-13 16:52:23,Approved
PAY-00003836,TXN-0003836,Split Payment,76.72,2026-06-15 15:32:42,Approved
PAY-00003837,TXN-0003837,Cash,149.2,2026-05-18 14:11:00,Approved
PAY-00003838,TXN-0003838,Debit Card,88.01,2026-06-19 13:05:31,Approved
PAY-00003839,TXN-0003839,Cash,58.24,2026-05-03 19:26:33,Approved
PAY-00003840,TXN-0003840,Gift Card,284.0,2026-06-21 21:24:55,Approved
PAY-00003841,TXN-0003841,Credit Card,211.38,2026-05-18 14:25:32,Approved
PAY-00003842,TXN-0003842,Credit Card,123.31,2026-07-11 15:11:15,Approved
PAY-00003843,TXN-0003843,Debit Card,90.6,2026-07-31 17:55:09,Approved
PAY-00003844,TXN-0003844,Credit Card,58.05,2026-06-27 21:05:06,Approved
PAY-00003845,TXN-0003845,Credit Card,568.2,2026-07-30 09:50:01,Approved
PAY-00003846,TXN-0003846,Credit Card,243.02,2026-06-23 17:19:18,Approved
PAY-00003847,TXN-0003847,Credit Card,263.58,2026-07-15 10:59:14,Approved
PAY-00003848,TXN-0003848,Credit Card,654.12,2026-06-03 11:25:49,Approved
PAY-00003849,TXN-0003849,Credit Card,112.47,2026-06-13 17:33:04,Approved
PAY-00003850,TXN-0003850,Credit Card,169.69,2026-05-24 18:35:59,Approved
PAY-00003851,TXN-0003851,Credit Card,138.27,2026-07-09 19:18:45,Approved
PAY-00003852,TXN-0003852,Credit Card,285.12,2026-05-16 16:53:44,Approved
PAY-00003853,TXN-0003853,Debit Card,137.02,2026-05-18 14:05:11,Approved
PAY-00003854,TXN-0003854,Credit Card,197.23,2026-05-19 09:46:34,Approved
PAY-00003855,TXN-0003855,Debit Card,133.12,2026-07-08 10:24:46,Approved
PAY-00003856,TXN-0003856,Cash,159.24,2026-06-06 18:23:35,Approved
PAY-00003857,TXN-0003857,Credit Card,405.09,2026-05-27 19:33:03,Approved
PAY-00003858,TXN-0003858,Debit Card,197.28,2026-07-14 15:07:09,Approved
PAY-00003859,TXN-0003859,Credit Card,133.67,2026-05-18 18:07:14,Approved
PAY-00003860,TXN-0003860,Cash,193.59,2026-07-18 15:56:12,Approved
PAY-00003861,TXN-0003861,Credit Card,276.67,2026-07-22 18:56:46,Approved
PAY-00003862,TXN-0003862,Credit Card,218.95,2026-06-27 08:08:33,Approved
PAY-00003863,TXN-0003863,Cash,151.26,2026-05-01 08:52:48,Approved
PAY-00003864,TXN-0003864,Cash,131.94,2026-07-01 08:32:56,Approved
PAY-00003865,TXN-0003865,Credit Card,244.96,2026-06-15 20:10:50,Approved
PAY-00003866,TXN-0003866,Debit Card,334.98,2026-05-06 13:07:00,Approved
PAY-00003867,TXN-0003867,Debit Card,350.82,2026-06-17 11:46:26,Approved
PAY-00003868,TXN-0003868,Credit Card,234.05,2026-06-28 08:59:47,Approved
PAY-00003869,TXN-0003869,Credit Card,151.63,2026-06-26 12:57:09,Approved
PAY-00003870,TXN-0003870,Cash,194.27,2026-05-15 14:19:44,Approved
PAY-00003871,TXN-0003871,Debit Card,61.65,2026-07-04 18:57:57,Approved
PAY-00003872,TXN-0003872,Credit Card,173.29,2026-07-19 21:01:09,Approved
PAY-00003873,TXN-0003873,Credit Card,153.39,2026-07-06 19:36:22,Approved
PAY-00003874,TXN-0003874,Credit Card,140.4,2026-07-31 20:44:22,Approved
PAY-00003875,TXN-0003875,Credit Card,199.55,2026-07-26 19:22:29,Approved
PAY-00003876,TXN-0003876,Cash,302.42,2026-07-31 14:27:27,Approved
PAY-00003877,TXN-0003877,Credit Card,148.44,2026-06-22 11:04:23,Approved
PAY-00003878,TXN-0003878,Credit Card,55.32,2026-05-29 20:47:06,Approved
PAY-00003879,TXN-0003879,Debit Card,338.58,2026-05-21 12:15:50,Approved
PAY-00003880,TXN-0003880,Credit Card,143.22,2026-05-28 21:30:40,Approved
PAY-00003881,TXN-0003881,Credit Card,185.84,2026-06-09 15:33:09,Approved
PAY-00003882,TXN-0003882,Debit Card,171.28,2026-06-21 13:10:02,Approved
PAY-00003883,TXN-0003883,Credit Card,305.17,2026-06-10 12:06:43,Approved
PAY-00003884,TXN-0003884,Cash,272.78,2026-05-22 11:03:07,Approved
PAY-00003885,TXN-0003885,Cash,451.79,2026-07-20 12:08:27,Approved
PAY-00003886,TXN-0003886,Credit Card,137.88,2026-05-14 10:36:10,Approved
PAY-00003887,TXN-0003887,Debit Card,130.29,2026-05-22 10:57:18,Approved
PAY-00003888,TXN-0003888,Credit Card,62.27,2026-06-04 12:33:24,Approved
PAY-00003889,TXN-0003889,Cash,423.55,2026-06-13 09:11:42,Approved
PAY-00003890,TXN-0003890,Gift Card,133.66,2026-05-11 16:47:59,Approved
PAY-00003891,TXN-0003891,Debit Card,239.86,2026-05-08 08:45:43,Approved
PAY-00003892,TXN-0003892,Debit Card,28.59,2026-05-29 16:57:36,Approved
PAY-00003893,TXN-0003893,Cash,162.6,2026-05-27 14:18:20,Approved
PAY-00003894,TXN-0003894,Credit Card,127.48,2026-05-16 10:18:04,Approved
PAY-00003895,TXN-0003895,Cash,31.44,2026-05-25 11:45:08,Approved
PAY-00003896,TXN-0003896,Credit Card,172.23,2026-06-09 12:56:21,Approved
PAY-00003897,TXN-0003897,Cash,185.81,2026-05-18 12:55:11,Approved
PAY-00003898,TXN-0003898,Debit Card,110.48,2026-05-12 19:25:52,Approved
PAY-00003899,TXN-0003899,Debit Card,61.1,2026-06-02 14:35:31,Approved
PAY-00003900,TXN-0003900,Credit Card,34.63,2026-06-04 08:33:42,Approved
PAY-00003901,TXN-0003901,Credit Card,415.59,2026-05-07 17:20:25,Approved
PAY-00003902,TXN-0003902,Debit Card,18.25,2026-06-17 14:52:44,Approved
PAY-00003903,TXN-0003903,Cash,168.82,2026-07-14 15:36:05,Approved
PAY-00003904,TXN-0003904,Debit Card,120.58,2026-06-09 20:08:57,Approved
PAY-00003905,TXN-0003905,Credit Card,274.67,2026-06-22 16:37:12,Approved
PAY-00003906,TXN-0003906,Debit Card,297.46,2026-06-30 15:09:50,Approved
PAY-00003907,TXN-0003907,Credit Card,458.91,2026-05-13 20:17:16,Approved
PAY-00003908,TXN-0003908,Credit Card,146.23,2026-07-25 17:14:20,Approved
PAY-00003909,TXN-0003909,Credit Card,422.05,2026-05-08 11:16:02,Approved
PAY-00003910,TXN-0003910,Cash,37.06,2026-05-22 09:46:04,Approved
PAY-00003911,TXN-0003911,Credit Card,165.15,2026-05-26 12:32:58,Approved
PAY-00003912,TXN-0003912,Credit Card,217.04,2026-05-11 10:22:58,Approved
PAY-00003913,TXN-0003913,Credit Card,360.58,2026-06-11 09:39:02,Approved
PAY-00003914,TXN-0003914,Credit Card,397.87,2026-06-24 08:21:47,Approved
PAY-00003915,TXN-0003915,Credit Card,56.18,2026-05-29 08:49:39,Approved
PAY-00003916,TXN-0003916,Gift Card,107.95,2026-06-26 08:07:43,Approved
PAY-00003917,TXN-0003917,Credit Card,60.51,2026-05-18 19:15:48,Approved
PAY-00003918,TXN-0003918,Credit Card,527.04,2026-06-15 11:23:12,Approved
PAY-00003919,TXN-0003919,Debit Card,214.69,2026-05-25 18:50:29,Approved
PAY-00003920,TXN-0003920,Debit Card,210.05,2026-07-09 09:26:05,Approved
PAY-00003921,TXN-0003921,Cash,19.05,2026-06-25 10:37:47,Approved
PAY-00003922,TXN-0003922,Cash,197.75,2026-05-28 10:08:38,Approved
PAY-00003923,TXN-0003923,Credit Card,300.3,2026-05-03 16:22:33,Approved
PAY-00003924,TXN-0003924,Credit Card,161.32,2026-07-06 15:31:19,Approved
PAY-00003925,TXN-0003925,Debit Card,519.64,2026-05-17 21:34:01,Approved
PAY-00003926,TXN-0003926,Cash,294.36,2026-06-21 09:27:19,Approved
PAY-00003927,TXN-0003927,Credit Card,44.64,2026-06-13 20:41:50,Approved
PAY-00003928,TXN-0003928,Cash,45.2,2026-06-16 12:25:04,Approved
PAY-00003929,TXN-0003929,Cash,221.16,2026-05-08 19:04:18,Approved
PAY-00003930,TXN-0003930,Cash,187.52,2026-06-13 19:47:52,Approved
PAY-00003931,TXN-0003931,Credit Card,80.17,2026-05-27 09:07:08,Approved
PAY-00003932,TXN-0003932,Credit Card,189.7,2026-07-07 11:55:46,Approved
PAY-00003933,TXN-0003933,Credit Card,265.26,2026-07-28 12:21:24,Approved
PAY-00003934,TXN-0003934,Debit Card,251.32,2026-06-02 15:20:05,Approved
PAY-00003935,TXN-0003935,Debit Card,217.4,2026-07-12 19:41:04,Approved
PAY-00003936,TXN-0003936,Debit Card,85.21,2026-05-30 21:29:39,Approved
PAY-00003937,TXN-0003937,Cash,225.75,2026-07-13 17:44:32,Approved
PAY-00003938,TXN-0003938,Debit Card,75.6,2026-07-31 11:26:47,Approved
PAY-00003939,TXN-0003939,Credit Card,32.56,2026-07-23 16:05:23,Approved
PAY-00003940,TXN-0003940,Credit Card,184.52,2026-07-09 11:37:44,Approved
PAY-00003941,TXN-0003941,Debit Card,117.79,2026-07-24 20:10:47,Approved
PAY-00003942,TXN-0003942,Cash,119.0,2026-06-10 09:06:20,Approved
PAY-00003943,TXN-0003943,Credit Card,221.77,2026-06-02 12:25:51,Approved
PAY-00003944,TXN-0003944,Debit Card,578.34,2026-05-05 18:27:45,Approved
PAY-00003945,TXN-0003945,Debit Card,80.54,2026-06-29 12:00:53,Approved
PAY-00003946,TXN-0003946,Gift Card,201.21,2026-07-23 09:52:16,Approved
PAY-00003947,TXN-0003947,Credit Card,130.12,2026-06-14 13:41:15,Approved
PAY-00003948,TXN-0003948,Credit Card,222.37,2026-05-04 08:38:31,Approved
PAY-00003949,TXN-0003949,Debit Card,124.68,2026-05-16 20:59:57,Approved
PAY-00003950,TXN-0003950,Debit Card,216.29,2026-05-22 21:16:41,Approved
PAY-00003951,TXN-0003951,Credit Card,231.82,2026-06-20 18:20:26,Approved
PAY-00003952,TXN-0003952,Debit Card,154.55,2026-06-18 19:06:56,Approved
PAY-00003953,TXN-0003953,Credit Card,203.47,2026-06-03 09:23:55,Approved
PAY-00003954,TXN-0003954,Cash,92.72,2026-07-19 08:09:29,Approved
PAY-00003955,TXN-0003955,Credit Card,76.91,2026-07-27 21:59:02,Approved
PAY-00003956,TXN-0003956,Credit Card,355.18,2026-07-12 17:38:24,Approved
PAY-00003957,TXN-0003957,Credit Card,326.95,2026-06-21 15:07:54,Approved
PAY-00003958,TXN-0003958,Credit Card,234.48,2026-05-01 15:27:46,Approved
PAY-00003959,TXN-0003959,Credit Card,236.1,2026-06-12 16:25:52,Approved
PAY-00003960,TXN-0003960,Credit Card,66.28,2026-06-22 14:01:51,Approved
PAY-00003961,TXN-0003961,Split Payment,30.41,2026-05-22 13:04:10,Approved
PAY-00003962,TXN-0003962,Debit Card,172.91,2026-05-29 18:39:00,Approved
PAY-00003963,TXN-0003963,Cash,273.07,2026-07-20 19:58:25,Approved
PAY-00003964,TXN-0003964,Cash,112.59,2026-06-11 19:40:53,Approved
PAY-00003965,TXN-0003965,Cash,8.08,2026-07-05 19:25:25,Approved
PAY-00003966,TXN-0003966,Cash,151.24,2026-05-27 10:37:50,Approved
PAY-00003967,TXN-0003967,Credit Card,42.82,2026-05-19 09:43:44,Approved
PAY-00003968,TXN-0003968,Debit Card,99.58,2026-05-08 19:46:14,Approved
PAY-00003969,TXN-0003969,Gift Card,148.79,2026-06-10 16:12:29,Approved
PAY-00003970,TXN-0003970,Debit Card,216.63,2026-05-26 10:05:41,Approved
PAY-00003971,TXN-0003971,Credit Card,184.11,2026-07-08 11:46:38,Approved
PAY-00003972,TXN-0003972,Credit Card,58.8,2026-06-15 10:46:50,Approved
PAY-00003973,TXN-0003973,Cash,70.93,2026-05-03 13:54:40,Approved
PAY-00003974,TXN-0003974,Gift Card,110.94,2026-06-04 12:49:43,Approved
PAY-00003975,TXN-0003975,Credit Card,27.79,2026-06-09 21:56:13,Approved
PAY-00003976,TXN-0003976,Gift Card,265.03,2026-05-05 15:57:07,Approved
PAY-00003977,TXN-0003977,Debit Card,401.64,2026-05-08 10:35:20,Approved
PAY-00003978,TXN-0003978,Gift Card,205.23,2026-05-31 14:20:48,Approved
PAY-00003979,TXN-0003979,Credit Card,228.7,2026-06-22 18:42:43,Approved
PAY-00003980,TXN-0003980,Credit Card,192.29,2026-05-19 17:24:22,Approved
PAY-00003981,TXN-0003981,Credit Card,173.85,2026-06-13 18:18:11,Approved
PAY-00003982,TXN-0003982,Debit Card,465.07,2026-06-17 15:10:32,Approved
PAY-00003983,TXN-0003983,Debit Card,108.93,2026-07-01 18:11:38,Approved
PAY-00003984,TXN-0003984,Debit Card,142.27,2026-06-10 15:10:31,Approved
PAY-00003985,TXN-0003985,Debit Card,141.04,2026-06-17 09:31:34,Approved
PAY-00003986,TXN-0003986,Cash,252.83,2026-07-23 15:13:42,Approved
PAY-00003987,TXN-0003987,Credit Card,66.86,2026-07-13 14:53:10,Approved
PAY-00003988,TXN-0003988,Cash,55.24,2026-06-23 11:48:51,Approved
PAY-00003989,TXN-0003989,Credit Card,172.7,2026-07-15 08:03:50,Approved
PAY-00003990,TXN-0003990,Credit Card,120.48,2026-06-12 08:31:29,Approved
PAY-00003991,TXN-0003991,Credit Card,102.24,2026-05-02 11:40:23,Approved
PAY-00003992,TXN-0003992,Debit Card,208.34,2026-05-23 13:31:00,Approved
PAY-00003993,TXN-0003993,Debit Card,98.97,2026-07-14 19:28:41,Approved
PAY-00003994,TXN-0003994,Debit Card,299.61,2026-06-01 08:03:38,Approved
PAY-00003995,TXN-0003995,Credit Card,126.71,2026-07-11 15:14:36,Approved
PAY-00003996,TXN-0003996,Debit Card,226.03,2026-06-10 09:30:20,Approved
PAY-00003997,TXN-0003997,Credit Card,102.83,2026-06-05 14:29:10,Approved
PAY-00003998,TXN-0003998,Credit Card,74.13,2026-07-01 09:25:20,Approved
PAY-00003999,TXN-0003999,Credit Card,133.71,2026-05-11 13:15:14,Approved
PAY-00004000,TXN-0004000,Debit Card,191.07,2026-06-25 16:08:32,Approved
PAY-00004001,TXN-0004001,Credit Card,81.29,2026-06-05 13:30:35,Approved
PAY-00004002,TXN-0004002,Cash,107.11,2026-06-01 17:50:18,Approved
PAY-00004003,TXN-0004003,Credit Card,35.73,2026-07-20 14:47:55,Approved
PAY-00004004,TXN-0004004,Split Payment,347.05,2026-05-03 17:17:50,Approved
PAY-00004005,TXN-0004005,Debit Card,147.99,2026-05-09 14:29:19,Approved
PAY-00004006,TXN-0004006,Credit Card,181.25,2026-05-21 08:03:30,Approved
PAY-00004007,TXN-0004007,Credit Card,142.49,2026-05-23 08:43:27,Approved
PAY-00004008,TXN-0004008,Cash,239.4,2026-05-28 10:15:22,Approved
PAY-00004009,TXN-0004009,Credit Card,107.4,2026-07-18 17:20:31,Approved
PAY-00004010,TXN-0004010,Debit Card,163.33,2026-06-22 19:21:43,Approved
PAY-00004011,TXN-0004011,Debit Card,316.27,2026-05-22 20:51:37,Approved
PAY-00004012,TXN-0004012,Cash,469.69,2026-06-13 12:51:21,Approved
PAY-00004013,TXN-0004013,Credit Card,90.56,2026-06-23 10:44:35,Approved
PAY-00004014,TXN-0004014,Debit Card,141.0,2026-07-29 08:52:11,Approved
PAY-00004015,TXN-0004015,Debit Card,101.39,2026-06-04 09:50:40,Approved
PAY-00004016,TXN-0004016,Split Payment,95.73,2026-05-25 15:53:10,Approved
PAY-00004017,TXN-0004017,Debit Card,79.82,2026-07-21 15:42:46,Approved
PAY-00004018,TXN-0004018,Credit Card,57.4,2026-05-26 21:58:04,Approved
PAY-00004019,TXN-0004019,Credit Card,463.74,2026-06-15 10:23:49,Approved
PAY-00004020,TXN-0004020,Credit Card,6.46,2026-06-23 12:11:03,Approved
PAY-00004021,TXN-0004021,Credit Card,192.09,2026-07-15 17:31:01,Approved
PAY-00004022,TXN-0004022,Credit Card,211.05,2026-07-20 13:57:53,Approved
PAY-00004023,TXN-0004023,Credit Card,249.59,2026-07-04 18:45:09,Approved
PAY-00004024,TXN-0004024,Debit Card,347.43,2026-05-21 16:01:01,Approved
PAY-00004025,TXN-0004025,Credit Card,351.4,2026-06-20 12:10:18,Approved
PAY-00004026,TXN-0004026,Credit Card,372.7,2026-07-01 15:14:52,Approved
PAY-00004027,TXN-0004027,Debit Card,534.55,2026-07-15 08:16:45,Approved
PAY-00004028,TXN-0004028,Credit Card,189.21,2026-06-27 18:39:07,Approved
PAY-00004029,TXN-0004029,Gift Card,144.61,2026-06-23 21:21:09,Approved
PAY-00004030,TXN-0004030,Credit Card,64.59,2026-06-30 15:12:42,Approved
PAY-00004031,TXN-0004031,Gift Card,79.89,2026-07-06 09:11:19,Approved
PAY-00004032,TXN-0004032,Debit Card,150.84,2026-06-23 09:00:02,Approved
PAY-00004033,TXN-0004033,Split Payment,192.82,2026-05-16 18:44:00,Approved
PAY-00004034,TXN-0004034,Debit Card,120.48,2026-06-30 11:46:29,Approved
PAY-00004035,TXN-0004035,Credit Card,1.79,2026-06-15 18:16:02,Approved
PAY-00004036,TXN-0004036,Credit Card,276.32,2026-06-22 20:59:39,Approved
PAY-00004037,TXN-0004037,Credit Card,201.65,2026-06-26 13:49:04,Approved
PAY-00004038,TXN-0004038,Credit Card,112.97,2026-06-28 15:51:24,Approved
PAY-00004039,TXN-0004039,Debit Card,135.57,2026-07-25 20:32:26,Approved
PAY-00004040,TXN-0004040,Credit Card,158.73,2026-05-10 13:31:50,Approved
PAY-00004041,TXN-0004041,Debit Card,249.15,2026-06-06 14:56:46,Approved
PAY-00004042,TXN-0004042,Cash,34.16,2026-07-26 21:03:46,Approved
PAY-00004043,TXN-0004043,Cash,196.08,2026-05-07 16:41:55,Approved
PAY-00004044,TXN-0004044,Credit Card,150.5,2026-05-30 10:21:36,Approved
PAY-00004045,TXN-0004045,Cash,148.93,2026-05-25 16:32:33,Approved
PAY-00004046,TXN-0004046,Cash,107.0,2026-07-05 17:25:41,Approved
PAY-00004047,TXN-0004047,Cash,113.47,2026-06-11 13:49:15,Approved
PAY-00004048,TXN-0004048,Credit Card,53.66,2026-07-31 19:18:42,Approved
PAY-00004049,TXN-0004049,Credit Card,545.14,2026-05-07 15:24:17,Approved
PAY-00004050,TXN-0004050,Split Payment,200.02,2026-07-22 18:30:13,Approved
PAY-00004051,TXN-0004051,Credit Card,221.4,2026-05-26 11:54:00,Approved
PAY-00004052,TXN-0004052,Cash,270.77,2026-05-19 10:28:33,Approved
PAY-00004053,TXN-0004053,Credit Card,97.38,2026-06-24 10:19:27,Approved
PAY-00004054,TXN-0004054,Debit Card,37.24,2026-05-14 13:17:10,Approved
PAY-00004055,TXN-0004055,Split Payment,138.46,2026-06-14 10:49:45,Approved
PAY-00004056,TXN-0004056,Credit Card,395.79,2026-05-20 09:57:09,Approved
PAY-00004057,TXN-0004057,Credit Card,253.36,2026-06-19 20:28:39,Approved
PAY-00004058,TXN-0004058,Credit Card,120.25,2026-06-07 15:18:44,Approved
PAY-00004059,TXN-0004059,Debit Card,229.44,2026-07-19 08:56:13,Approved
PAY-00004060,TXN-0004060,Credit Card,153.29,2026-06-09 20:43:34,Approved
PAY-00004061,TXN-0004061,Cash,179.74,2026-05-08 12:16:03,Approved
PAY-00004062,TXN-0004062,Credit Card,247.5,2026-06-17 15:39:34,Approved
PAY-00004063,TXN-0004063,Debit Card,195.21,2026-06-06 16:33:56,Approved
PAY-00004064,TXN-0004064,Credit Card,48.96,2026-05-24 10:34:32,Approved
PAY-00004065,TXN-0004065,Debit Card,190.36,2026-06-03 20:25:53,Approved
PAY-00004066,TXN-0004066,Credit Card,206.88,2026-07-16 19:14:04,Approved
PAY-00004067,TXN-0004067,Cash,154.51,2026-07-18 08:19:07,Approved
PAY-00004068,TXN-0004068,Cash,78.26,2026-05-30 08:59:10,Approved
PAY-00004069,TXN-0004069,Credit Card,55.92,2026-07-19 09:32:55,Approved
PAY-00004070,TXN-0004070,Cash,156.64,2026-07-09 09:03:09,Approved
PAY-00004071,TXN-0004071,Debit Card,196.62,2026-07-31 17:00:53,Approved
PAY-00004072,TXN-0004072,Gift Card,54.63,2026-06-06 17:07:24,Approved
PAY-00004073,TXN-0004073,Cash,156.07,2026-07-17 19:42:58,Approved
PAY-00004074,TXN-0004074,Debit Card,172.16,2026-05-15 16:04:15,Approved
PAY-00004075,TXN-0004075,Credit Card,227.04,2026-06-30 12:23:26,Approved
PAY-00004076,TXN-0004076,Credit Card,114.09,2026-05-08 20:16:12,Approved
PAY-00004077,TXN-0004077,Credit Card,472.08,2026-07-07 10:06:09,Approved
PAY-00004078,TXN-0004078,Credit Card,179.31,2026-05-01 21:30:37,Approved
PAY-00004079,TXN-0004079,Cash,277.75,2026-06-03 21:22:08,Approved
PAY-00004080,TXN-0004080,Debit Card,396.4,2026-05-31 14:40:33,Approved
PAY-00004081,TXN-0004081,Debit Card,261.71,2026-06-19 11:54:09,Approved
PAY-00004082,TXN-0004082,Credit Card,260.15,2026-07-10 21:29:39,Approved
PAY-00004083,TXN-0004083,Cash,228.24,2026-06-30 19:20:54,Approved
PAY-00004084,TXN-0004084,Debit Card,241.97,2026-05-13 11:58:55,Approved
PAY-00004085,TXN-0004085,Gift Card,79.01,2026-07-08 14:53:21,Approved
PAY-00004086,TXN-0004086,Split Payment,86.82,2026-05-30 12:34:47,Approved
PAY-00004087,TXN-0004087,Credit Card,262.51,2026-06-22 14:40:43,Approved
PAY-00004088,TXN-0004088,Debit Card,195.85,2026-07-01 08:35:01,Approved
PAY-00004089,TXN-0004089,Credit Card,97.89,2026-05-04 10:45:23,Approved
PAY-00004090,TXN-0004090,Cash,334.63,2026-06-06 17:28:11,Approved
PAY-00004091,TXN-0004091,Credit Card,159.38,2026-06-16 20:48:07,Approved
PAY-00004092,TXN-0004092,Debit Card,106.72,2026-05-04 19:56:33,Approved
PAY-00004093,TXN-0004093,Credit Card,194.4,2026-06-24 14:40:56,Approved
PAY-00004094,TXN-0004094,Credit Card,141.55,2026-07-18 15:29:14,Approved
PAY-00004095,TXN-0004095,Credit Card,264.64,2026-05-11 11:36:46,Approved
PAY-00004096,TXN-0004096,Debit Card,335.49,2026-06-21 20:15:09,Approved
PAY-00004097,TXN-0004097,Credit Card,41.77,2026-07-27 20:44:29,Approved
PAY-00004098,TXN-0004098,Credit Card,25.1,2026-07-15 21:30:09,Approved
PAY-00004099,TXN-0004099,Debit Card,283.32,2026-05-18 13:43:16,Approved
PAY-00004100,TXN-0004100,Credit Card,310.09,2026-07-18 13:55:27,Approved
PAY-00004101,TXN-0004101,Credit Card,62.42,2026-06-18 17:39:14,Approved
PAY-00004102,TXN-0004102,Credit Card,63.53,2026-05-26 09:35:20,Approved
PAY-00004103,TXN-0004103,Cash,439.19,2026-06-06 19:55:54,Approved
PAY-00004104,TXN-0004104,Cash,112.96,2026-05-25 18:21:40,Approved
PAY-00004105,TXN-0004105,Credit Card,281.65,2026-06-03 15:09:14,Approved
PAY-00004106,TXN-0004106,Credit Card,183.23,2026-07-28 18:06:46,Approved
PAY-00004107,TXN-0004107,Split Payment,130.38,2026-06-30 11:24:58,Approved
PAY-00004108,TXN-0004108,Credit Card,271.62,2026-05-28 15:29:35,Approved
PAY-00004109,TXN-0004109,Credit Card,455.33,2026-05-26 12:35:17,Approved
PAY-00004110,TXN-0004110,Credit Card,254.28,2026-06-30 18:19:23,Approved
PAY-00004111,TXN-0004111,Gift Card,125.87,2026-06-12 16:53:25,Approved
PAY-00004112,TXN-0004112,Debit Card,195.64,2026-07-29 15:38:48,Approved
PAY-00004113,TXN-0004113,Cash,52.16,2026-07-25 21:34:53,Approved
PAY-00004114,TXN-0004114,Credit Card,227.86,2026-07-22 08:35:18,Approved
PAY-00004115,TXN-0004115,Credit Card,107.13,2026-07-30 14:35:17,Approved
PAY-00004116,TXN-0004116,Credit Card,397.98,2026-07-24 15:03:18,Approved
PAY-00004117,TXN-0004117,Cash,94.32,2026-06-14 16:37:32,Approved
PAY-00004118,TXN-0004118,Credit Card,211.49,2026-07-09 14:25:25,Approved
PAY-00004119,TXN-0004119,Credit Card,247.57,2026-07-16 14:57:02,Approved
PAY-00004120,TXN-0004120,Debit Card,288.77,2026-07-29 15:56:18,Approved
PAY-00004121,TXN-0004121,Debit Card,161.49,2026-06-06 19:00:48,Approved
PAY-00004122,TXN-0004122,Credit Card,119.86,2026-06-17 10:44:46,Approved
PAY-00004123,TXN-0004123,Gift Card,174.83,2026-05-15 10:45:53,Approved
PAY-00004124,TXN-0004124,Debit Card,133.58,2026-05-20 08:46:33,Approved
PAY-00004125,TXN-0004125,Debit Card,180.58,2026-06-08 18:04:06,Approved
PAY-00004126,TXN-0004126,Credit Card,38.15,2026-06-29 16:19:04,Approved
PAY-00004127,TXN-0004127,Debit Card,268.59,2026-07-14 18:11:13,Approved
PAY-00004128,TXN-0004128,Cash,275.89,2026-05-21 11:45:31,Approved
PAY-00004129,TXN-0004129,Cash,257.9,2026-06-23 15:14:08,Approved
PAY-00004130,TXN-0004130,Credit Card,192.37,2026-07-03 13:27:38,Approved
PAY-00004131,TXN-0004131,Credit Card,200.87,2026-07-11 20:12:38,Approved
PAY-00004132,TXN-0004132,Credit Card,231.65,2026-06-20 14:26:08,Approved
PAY-00004133,TXN-0004133,Debit Card,99.74,2026-05-16 16:45:21,Approved
PAY-00004134,TXN-0004134,Credit Card,154.79,2026-07-14 10:33:31,Approved
PAY-00004135,TXN-0004135,Debit Card,287.78,2026-05-22 12:39:38,Approved
PAY-00004136,TXN-0004136,Cash,48.04,2026-06-29 15:49:33,Approved
PAY-00004137,TXN-0004137,Cash,106.79,2026-06-01 21:38:02,Approved
PAY-00004138,TXN-0004138,Debit Card,122.22,2026-07-24 10:34:52,Approved
PAY-00004139,TXN-0004139,Credit Card,147.49,2026-06-13 10:24:41,Approved
PAY-00004140,TXN-0004140,Cash,188.14,2026-06-26 18:36:20,Approved
PAY-00004141,TXN-0004141,Credit Card,145.47,2026-07-26 18:35:23,Approved
PAY-00004142,TXN-0004142,Cash,104.58,2026-05-14 16:33:43,Approved
PAY-00004143,TXN-0004143,Credit Card,202.77,2026-05-19 11:05:11,Approved
PAY-00004144,TXN-0004144,Split Payment,49.45,2026-05-17 13:51:45,Approved
PAY-00004145,TXN-0004145,Credit Card,375.8,2026-06-20 12:28:30,Approved
PAY-00004146,TXN-0004146,Cash,67.14,2026-05-10 16:54:32,Approved
PAY-00004147,TXN-0004147,Cash,182.4,2026-06-14 20:01:50,Approved
PAY-00004148,TXN-0004148,Debit Card,201.69,2026-06-22 14:34:59,Approved
PAY-00004149,TXN-0004149,Credit Card,79.2,2026-05-10 09:58:36,Approved
PAY-00004150,TXN-0004150,Cash,76.54,2026-05-07 09:13:08,Approved
PAY-00004151,TXN-0004151,Credit Card,244.48,2026-07-10 17:17:42,Approved
PAY-00004152,TXN-0004152,Debit Card,387.92,2026-07-20 09:34:03,Approved
PAY-00004153,TXN-0004153,Debit Card,28.48,2026-07-10 18:40:37,Approved
PAY-00004154,TXN-0004154,Credit Card,168.39,2026-06-18 19:41:45,Approved
PAY-00004155,TXN-0004155,Credit Card,31.52,2026-07-26 11:29:38,Approved
PAY-00004156,TXN-0004156,Cash,431.06,2026-06-21 08:00:11,Approved
PAY-00004157,TXN-0004157,Debit Card,127.38,2026-07-31 18:27:36,Approved
PAY-00004158,TXN-0004158,Debit Card,124.72,2026-07-11 13:02:05,Approved
PAY-00004159,TXN-0004159,Cash,26.46,2026-06-29 14:46:16,Approved
PAY-00004160,TXN-0004160,Credit Card,52.28,2026-07-18 19:20:03,Approved
PAY-00004161,TXN-0004161,Cash,57.39,2026-06-16 10:31:36,Approved
PAY-00004162,TXN-0004162,Gift Card,281.33,2026-07-17 10:03:13,Approved
PAY-00004163,TXN-0004163,Credit Card,203.48,2026-06-04 11:39:11,Approved
PAY-00004164,TXN-0004164,Gift Card,203.13,2026-07-13 10:30:42,Approved
PAY-00004165,TXN-0004165,Debit Card,170.99,2026-06-09 19:36:49,Approved
PAY-00004166,TXN-0004166,Credit Card,110.44,2026-07-12 15:25:43,Approved
PAY-00004167,TXN-0004167,Credit Card,249.88,2026-07-17 21:11:30,Approved
PAY-00004168,TXN-0004168,Credit Card,279.29,2026-07-04 09:45:00,Approved
PAY-00004169,TXN-0004169,Cash,62.53,2026-05-03 21:15:24,Approved
PAY-00004170,TXN-0004170,Credit Card,246.08,2026-06-18 14:29:25,Approved
PAY-00004171,TXN-0004171,Debit Card,118.31,2026-05-13 09:29:16,Approved
PAY-00004172,TXN-0004172,Debit Card,188.74,2026-05-15 10:03:34,Approved
PAY-00004173,TXN-0004173,Debit Card,178.35,2026-07-06 08:59:13,Approved
PAY-00004174,TXN-0004174,Credit Card,217.23,2026-05-17 17:18:59,Approved
PAY-00004175,TXN-0004175,Debit Card,122.79,2026-07-18 21:13:34,Approved
PAY-00004176,TXN-0004176,Credit Card,127.05,2026-05-21 10:55:18,Approved
PAY-00004177,TXN-0004177,Cash,221.63,2026-05-05 08:51:13,Approved
PAY-00004178,TXN-0004178,Cash,601.16,2026-05-22 10:40:32,Approved
PAY-00004179,TXN-0004179,Credit Card,155.36,2026-05-23 09:19:40,Approved
PAY-00004180,TXN-0004180,Split Payment,172.15,2026-05-12 19:15:39,Approved
PAY-00004181,TXN-0004181,Debit Card,240.37,2026-05-21 09:16:19,Approved
PAY-00004182,TXN-0004182,Split Payment,49.28,2026-06-14 19:45:42,Approved
PAY-00004183,TXN-0004183,Credit Card,148.83,2026-05-03 12:55:06,Approved
PAY-00004184,TXN-0004184,Debit Card,143.26,2026-07-09 20:13:38,Approved
PAY-00004185,TXN-0004185,Credit Card,168.0,2026-07-16 21:27:22,Approved
PAY-00004186,TXN-0004186,Credit Card,307.82,2026-06-22 19:47:06,Approved
PAY-00004187,TXN-0004187,Debit Card,376.25,2026-07-11 11:05:26,Approved
PAY-00004188,TXN-0004188,Debit Card,243.12,2026-05-06 12:30:35,Approved
PAY-00004189,TXN-0004189,Debit Card,79.42,2026-07-29 20:12:05,Approved
PAY-00004190,TXN-0004190,Debit Card,56.53,2026-06-02 13:30:40,Approved
PAY-00004191,TXN-0004191,Credit Card,64.87,2026-07-07 21:22:28,Approved
PAY-00004192,TXN-0004192,Debit Card,317.35,2026-07-18 18:51:28,Approved
PAY-00004193,TXN-0004193,Debit Card,231.52,2026-05-24 20:54:45,Approved
PAY-00004194,TXN-0004194,Debit Card,213.78,2026-05-17 10:13:31,Approved
PAY-00004195,TXN-0004195,Credit Card,151.85,2026-06-03 10:39:39,Approved
PAY-00004196,TXN-0004196,Cash,107.04,2026-06-12 17:32:47,Approved
PAY-00004197,TXN-0004197,Cash,67.77,2026-07-16 18:47:33,Approved
PAY-00004198,TXN-0004198,Debit Card,196.0,2026-07-30 16:01:17,Approved
PAY-00004199,TXN-0004199,Credit Card,230.66,2026-06-01 19:59:02,Approved
PAY-00004200,TXN-0004200,Credit Card,256.83,2026-06-29 20:41:00,Approved
PAY-00004201,TXN-0004201,Gift Card,130.62,2026-05-03 16:51:25,Approved
PAY-00004202,TXN-0004202,Cash,311.52,2026-06-29 10:44:17,Approved
PAY-00004203,TXN-0004203,Credit Card,428.9,2026-05-13 10:08:26,Approved
PAY-00004204,TXN-0004204,Debit Card,415.69,2026-07-01 10:27:00,Approved
PAY-00004205,TXN-0004205,Credit Card,4.71,2026-06-05 10:37:29,Approved
PAY-00004206,TXN-0004206,Debit Card,211.74,2026-05-25 20:12:36,Approved
PAY-00004207,TXN-0004207,Cash,266.76,2026-05-27 18:16:58,Approved
PAY-00004208,TXN-0004208,Debit Card,249.75,2026-05-03 14:51:38,Approved
PAY-00004209,TXN-0004209,Credit Card,148.34,2026-06-24 10:16:37,Approved
PAY-00004210,TXN-0004210,Credit Card,163.48,2026-05-24 11:11:45,Approved
PAY-00004211,TXN-0004211,Credit Card,151.54,2026-06-28 11:10:43,Approved
PAY-00004212,TXN-0004212,Debit Card,151.2,2026-05-05 16:22:15,Approved
PAY-00004213,TXN-0004213,Credit Card,146.35,2026-05-30 20:53:30,Approved
PAY-00004214,TXN-0004214,Debit Card,84.68,2026-07-18 14:47:46,Approved
PAY-00004215,TXN-0004215,Credit Card,109.99,2026-05-02 12:12:32,Approved
PAY-00004216,TXN-0004216,Cash,137.96,2026-07-06 09:39:42,Approved
PAY-00004217,TXN-0004217,Cash,143.89,2026-06-02 21:25:56,Approved
PAY-00004218,TXN-0004218,Credit Card,321.68,2026-06-02 19:22:43,Approved
PAY-00004219,TXN-0004219,Debit Card,103.43,2026-06-22 09:59:14,Approved
PAY-00004220,TXN-0004220,Cash,268.93,2026-06-20 17:57:30,Approved
PAY-00004221,TXN-0004221,Gift Card,248.59,2026-06-20 10:21:57,Approved
PAY-00004222,TXN-0004222,Gift Card,534.2,2026-05-27 17:00:44,Approved
PAY-00004223,TXN-0004223,Debit Card,196.42,2026-05-28 13:11:33,Approved
PAY-00004224,TXN-0004224,Credit Card,171.01,2026-06-10 13:49:44,Approved
PAY-00004225,TXN-0004225,Split Payment,60.28,2026-05-08 20:43:10,Approved
PAY-00004226,TXN-0004226,Credit Card,295.92,2026-06-21 15:25:34,Approved
PAY-00004227,TXN-0004227,Credit Card,497.09,2026-06-03 17:35:52,Approved
PAY-00004228,TXN-0004228,Gift Card,191.69,2026-05-09 11:11:43,Approved
PAY-00004229,TXN-0004229,Debit Card,506.75,2026-05-24 10:59:04,Approved
PAY-00004230,TXN-0004230,Debit Card,210.19,2026-06-22 18:08:44,Approved
PAY-00004231,TXN-0004231,Cash,62.84,2026-07-12 08:29:02,Approved
PAY-00004232,TXN-0004232,Debit Card,90.61,2026-05-24 08:44:52,Approved
PAY-00004233,TXN-0004233,Debit Card,99.09,2026-05-24 18:13:57,Approved
PAY-00004234,TXN-0004234,Debit Card,190.87,2026-05-11 08:15:34,Approved
PAY-00004235,TXN-0004235,Credit Card,414.51,2026-05-03 09:37:29,Approved
PAY-00004236,TXN-0004236,Credit Card,148.1,2026-07-17 17:33:31,Approved
PAY-00004237,TXN-0004237,Debit Card,78.0,2026-06-03 16:19:12,Approved
PAY-00004238,TXN-0004238,Credit Card,244.08,2026-07-17 13:45:45,Approved
PAY-00004239,TXN-0004239,Cash,84.54,2026-05-05 08:37:22,Approved
PAY-00004240,TXN-0004240,Credit Card,90.03,2026-07-23 18:12:25,Approved
PAY-00004241,TXN-0004241,Debit Card,191.05,2026-06-26 17:07:52,Approved
PAY-00004242,TXN-0004242,Credit Card,72.88,2026-05-22 18:34:49,Approved
PAY-00004243,TXN-0004243,Debit Card,305.95,2026-05-11 16:39:14,Approved
PAY-00004244,TXN-0004244,Credit Card,94.41,2026-06-26 16:33:37,Approved
PAY-00004245,TXN-0004245,Debit Card,101.64,2026-05-11 11:30:02,Approved
PAY-00004246,TXN-0004246,Debit Card,30.86,2026-06-02 17:43:34,Approved
PAY-00004247,TXN-0004247,Debit Card,346.05,2026-07-02 14:30:59,Approved
PAY-00004248,TXN-0004248,Credit Card,160.92,2026-05-14 08:00:15,Approved
PAY-00004249,TXN-0004249,Credit Card,114.35,2026-06-10 15:27:24,Approved
PAY-00004250,TXN-0004250,Credit Card,356.26,2026-06-04 15:20:46,Approved
PAY-00004251,TXN-0004251,Debit Card,110.96,2026-05-14 14:25:25,Approved
PAY-00004252,TXN-0004252,Debit Card,143.56,2026-05-07 21:23:29,Approved
PAY-00004253,TXN-0004253,Credit Card,194.03,2026-06-09 19:44:46,Approved
PAY-00004254,TXN-0004254,Credit Card,172.35,2026-07-14 14:22:54,Approved
PAY-00004255,TXN-0004255,Credit Card,495.0,2026-06-10 13:54:48,Approved
PAY-00004256,TXN-0004256,Credit Card,86.93,2026-07-17 16:30:52,Approved
PAY-00004257,TXN-0004257,Credit Card,365.04,2026-05-31 17:18:17,Approved
PAY-00004258,TXN-0004258,Gift Card,409.09,2026-07-20 16:04:27,Approved
PAY-00004259,TXN-0004259,Gift Card,115.73,2026-05-31 18:26:49,Approved
PAY-00004260,TXN-0004260,Credit Card,161.94,2026-07-25 11:57:50,Approved
PAY-00004261,TXN-0004261,Credit Card,94.31,2026-05-17 16:47:26,Approved
PAY-00004262,TXN-0004262,Debit Card,170.53,2026-07-01 17:27:40,Approved
PAY-00004263,TXN-0004263,Debit Card,50.43,2026-05-20 17:10:18,Approved
PAY-00004264,TXN-0004264,Credit Card,33.29,2026-05-12 10:52:24,Approved
PAY-00004265,TXN-0004265,Debit Card,258.25,2026-07-27 14:45:51,Approved
PAY-00004266,TXN-0004266,Debit Card,445.61,2026-06-29 14:36:59,Approved
PAY-00004267,TXN-0004267,Debit Card,276.42,2026-07-18 08:57:46,Approved
PAY-00004268,TXN-0004268,Credit Card,231.52,2026-06-11 15:07:01,Approved
PAY-00004269,TXN-0004269,Credit Card,153.06,2026-05-31 12:49:14,Approved
PAY-00004270,TXN-0004270,Cash,185.87,2026-07-31 20:38:24,Approved
PAY-00004271,TXN-0004271,Credit Card,314.11,2026-07-25 09:49:03,Approved
PAY-00004272,TXN-0004272,Credit Card,178.73,2026-06-24 16:17:19,Approved
PAY-00004273,TXN-0004273,Debit Card,182.01,2026-05-13 16:30:05,Approved
PAY-00004274,TXN-0004274,Debit Card,274.52,2026-07-21 14:59:54,Approved
PAY-00004275,TXN-0004275,Cash,309.41,2026-07-17 11:33:16,Approved
PAY-00004276,TXN-0004276,Debit Card,111.07,2026-07-02 21:47:32,Approved
PAY-00004277,TXN-0004277,Credit Card,426.12,2026-06-09 09:22:17,Approved
PAY-00004278,TXN-0004278,Credit Card,77.02,2026-05-21 19:26:29,Approved
PAY-00004279,TXN-0004279,Credit Card,119.6,2026-06-01 11:48:17,Approved
PAY-00004280,TXN-0004280,Cash,237.85,2026-05-11 13:03:20,Approved
PAY-00004281,TXN-0004281,Debit Card,145.82,2026-05-17 17:26:29,Approved
PAY-00004282,TXN-0004282,Cash,68.58,2026-07-14 12:56:45,Approved
PAY-00004283,TXN-0004283,Cash,211.53,2026-05-19 13:08:05,Approved
PAY-00004284,TXN-0004284,Cash,507.13,2026-06-16 18:27:48,Approved
PAY-00004285,TXN-0004285,Credit Card,177.45,2026-06-21 11:15:01,Approved
PAY-00004286,TXN-0004286,Debit Card,168.79,2026-05-04 12:43:58,Approved
PAY-00004287,TXN-0004287,Gift Card,32.82,2026-05-25 18:39:50,Approved
PAY-00004288,TXN-0004288,Debit Card,112.16,2026-07-22 10:44:19,Approved
PAY-00004289,TXN-0004289,Credit Card,194.59,2026-05-09 14:43:29,Approved
PAY-00004290,TXN-0004290,Debit Card,37.79,2026-07-11 16:10:29,Approved
PAY-00004291,TXN-0004291,Debit Card,131.92,2026-06-22 08:43:21,Approved
PAY-00004292,TXN-0004292,Cash,139.22,2026-06-15 12:37:42,Approved
PAY-00004293,TXN-0004293,Debit Card,238.71,2026-07-19 09:07:22,Approved
PAY-00004294,TXN-0004294,Credit Card,155.92,2026-07-09 21:17:00,Approved
PAY-00004295,TXN-0004295,Gift Card,364.84,2026-06-15 15:55:12,Approved
PAY-00004296,TXN-0004296,Credit Card,111.91,2026-05-17 11:29:09,Approved
PAY-00004297,TXN-0004297,Split Payment,528.99,2026-07-14 11:51:58,Approved
PAY-00004298,TXN-0004298,Credit Card,245.97,2026-06-20 20:58:17,Approved
PAY-00004299,TXN-0004299,Debit Card,187.42,2026-07-09 19:33:38,Approved
PAY-00004300,TXN-0004300,Credit Card,92.88,2026-07-29 11:31:48,Approved
PAY-00004301,TXN-0004301,Credit Card,334.64,2026-05-14 19:17:57,Approved
PAY-00004302,TXN-0004302,Debit Card,45.99,2026-05-15 11:02:57,Approved
PAY-00004303,TXN-0004303,Gift Card,93.6,2026-07-06 13:30:48,Approved
PAY-00004304,TXN-0004304,Credit Card,67.87,2026-07-06 17:03:10,Approved
PAY-00004305,TXN-0004305,Cash,303.37,2026-05-23 21:59:08,Approved
PAY-00004306,TXN-0004306,Debit Card,234.7,2026-07-27 13:08:23,Approved
PAY-00004307,TXN-0004307,Debit Card,424.01,2026-05-20 10:22:10,Approved
PAY-00004308,TXN-0004308,Credit Card,276.81,2026-07-07 12:15:52,Approved
PAY-00004309,TXN-0004309,Gift Card,295.38,2026-07-23 17:45:14,Approved
PAY-00004310,TXN-0004310,Credit Card,194.37,2026-06-26 20:44:08,Approved
PAY-00004311,TXN-0004311,Credit Card,114.78,2026-06-11 08:21:01,Approved
PAY-00004312,TXN-0004312,Credit Card,24.38,2026-07-02 21:29:03,Approved
PAY-00004313,TXN-0004313,Debit Card,354.38,2026-06-12 09:06:58,Approved
PAY-00004314,TXN-0004314,Debit Card,335.44,2026-06-24 11:03:15,Approved
PAY-00004315,TXN-0004315,Debit Card,350.18,2026-05-04 08:41:56,Approved
PAY-00004316,TXN-0004316,Credit Card,61.86,2026-05-02 21:11:06,Approved
PAY-00004317,TXN-0004317,Credit Card,3.16,2026-07-12 11:13:01,Approved
PAY-00004318,TXN-0004318,Cash,43.55,2026-05-29 14:45:02,Approved
PAY-00004319,TXN-0004319,Credit Card,24.74,2026-07-31 16:42:26,Approved
PAY-00004320,TXN-0004320,Credit Card,61.88,2026-06-28 19:30:26,Approved
PAY-00004321,TXN-0004321,Credit Card,234.93,2026-07-28 10:06:35,Approved
PAY-00004322,TXN-0004322,Gift Card,71.79,2026-07-02 10:14:09,Approved
PAY-00004323,TXN-0004323,Cash,334.49,2026-06-10 21:25:53,Approved
PAY-00004324,TXN-0004324,Debit Card,8.18,2026-06-16 20:09:43,Approved
PAY-00004325,TXN-0004325,Credit Card,109.96,2026-07-13 10:49:45,Approved
PAY-00004326,TXN-0004326,Credit Card,315.59,2026-05-08 17:01:54,Approved
PAY-00004327,TXN-0004327,Credit Card,50.86,2026-07-20 20:27:42,Approved
PAY-00004328,TXN-0004328,Credit Card,189.83,2026-07-13 09:53:45,Approved
PAY-00004329,TXN-0004329,Cash,196.27,2026-05-29 21:18:30,Approved
PAY-00004330,TXN-0004330,Credit Card,423.91,2026-07-19 08:45:24,Approved
PAY-00004331,TXN-0004331,Cash,100.06,2026-05-11 20:37:24,Approved
PAY-00004332,TXN-0004332,Credit Card,177.6,2026-05-03 13:52:58,Approved
PAY-00004333,TXN-0004333,Cash,133.82,2026-05-20 16:23:58,Approved
PAY-00004334,TXN-0004334,Debit Card,402.59,2026-06-24 21:48:00,Approved
PAY-00004335,TXN-0004335,Gift Card,100.93,2026-05-19 12:09:14,Approved
PAY-00004336,TXN-0004336,Credit Card,153.69,2026-06-24 16:48:26,Approved
PAY-00004337,TXN-0004337,Cash,204.45,2026-05-15 20:52:21,Approved
PAY-00004338,TXN-0004338,Credit Card,106.44,2026-07-23 08:08:54,Approved
PAY-00004339,TXN-0004339,Cash,61.29,2026-05-20 08:00:07,Approved
PAY-00004340,TXN-0004340,Credit Card,147.78,2026-07-21 11:30:51,Approved
PAY-00004341,TXN-0004341,Gift Card,214.64,2026-06-17 13:13:52,Approved
PAY-00004342,TXN-0004342,Cash,193.77,2026-07-06 17:19:43,Approved
PAY-00004343,TXN-0004343,Credit Card,123.96,2026-07-13 10:26:35,Approved
PAY-00004344,TXN-0004344,Credit Card,129.82,2026-05-24 16:32:42,Approved
PAY-00004345,TXN-0004345,Cash,133.64,2026-06-27 19:47:44,Approved
PAY-00004346,TXN-0004346,Debit Card,210.94,2026-06-23 17:16:42,Approved
PAY-00004347,TXN-0004347,Credit Card,186.26,2026-05-16 20:07:13,Approved
PAY-00004348,TXN-0004348,Credit Card,239.3,2026-05-24 15:49:23,Approved
PAY-00004349,TXN-0004349,Cash,451.13,2026-06-10 21:22:56,Approved
PAY-00004350,TXN-0004350,Cash,254.59,2026-07-18 21:43:28,Approved
PAY-00004351,TXN-0004351,Credit Card,205.76,2026-06-19 16:53:26,Approved
PAY-00004352,TXN-0004352,Credit Card,140.29,2026-06-11 11:48:34,Approved
PAY-00004353,TXN-0004353,Split Payment,132.0,2026-05-14 11:28:22,Approved
PAY-00004354,TXN-0004354,Debit Card,221.67,2026-07-15 20:21:46,Approved
PAY-00004355,TXN-0004355,Credit Card,108.24,2026-06-03 16:09:29,Approved
PAY-00004356,TXN-0004356,Debit Card,309.64,2026-05-31 20:56:25,Approved
PAY-00004357,TXN-0004357,Credit Card,61.17,2026-05-07 21:35:43,Approved
PAY-00004358,TXN-0004358,Cash,328.55,2026-07-03 14:09:53,Approved
PAY-00004359,TXN-0004359,Debit Card,401.52,2026-07-15 10:28:45,Approved
PAY-00004360,TXN-0004360,Cash,100.35,2026-07-03 18:52:22,Approved
PAY-00004361,TXN-0004361,Cash,50.0,2026-06-06 08:56:45,Approved
PAY-00004362,TXN-0004362,Debit Card,417.9,2026-07-03 09:33:48,Approved
PAY-00004363,TXN-0004363,Credit Card,165.46,2026-06-07 09:38:18,Approved
PAY-00004364,TXN-0004364,Cash,54.51,2026-07-03 19:17:46,Approved
PAY-00004365,TXN-0004365,Debit Card,183.09,2026-07-06 19:31:41,Approved
PAY-00004366,TXN-0004366,Cash,463.27,2026-07-13 17:48:27,Approved
PAY-00004367,TXN-0004367,Credit Card,150.58,2026-07-10 17:48:47,Approved
PAY-00004368,TXN-0004368,Cash,388.08,2026-05-11 13:30:50,Approved
PAY-00004369,TXN-0004369,Credit Card,533.28,2026-06-14 09:50:56,Approved
PAY-00004370,TXN-0004370,Debit Card,214.94,2026-05-05 15:49:52,Approved
PAY-00004371,TXN-0004371,Credit Card,408.3,2026-05-05 14:29:36,Approved
PAY-00004372,TXN-0004372,Gift Card,102.86,2026-05-20 18:19:30,Approved
PAY-00004373,TXN-0004373,Cash,384.05,2026-07-09 17:05:43,Approved
PAY-00004374,TXN-0004374,Cash,103.14,2026-07-14 12:28:38,Approved
PAY-00004375,TXN-0004375,Cash,264.66,2026-06-14 17:03:54,Approved
PAY-00004376,TXN-0004376,Debit Card,404.08,2026-07-29 14:56:18,Approved
PAY-00004377,TXN-0004377,Debit Card,310.44,2026-05-08 15:56:56,Approved
PAY-00004378,TXN-0004378,Cash,145.86,2026-05-23 16:10:03,Approved
PAY-00004379,TXN-0004379,Credit Card,103.19,2026-06-28 09:58:11,Approved
PAY-00004380,TXN-0004380,Cash,79.78,2026-05-14 21:49:12,Approved
PAY-00004381,TXN-0004381,Debit Card,122.75,2026-06-10 11:48:31,Approved
PAY-00004382,TXN-0004382,Credit Card,126.64,2026-06-26 19:36:27,Approved
PAY-00004383,TXN-0004383,Credit Card,251.82,2026-06-23 08:10:11,Approved
PAY-00004384,TXN-0004384,Credit Card,140.5,2026-07-14 18:59:32,Approved
PAY-00004385,TXN-0004385,Credit Card,117.9,2026-05-05 19:51:33,Approved
PAY-00004386,TXN-0004386,Debit Card,36.24,2026-05-11 17:13:19,Approved
PAY-00004387,TXN-0004387,Credit Card,141.62,2026-05-22 10:58:18,Approved
PAY-00004388,TXN-0004388,Cash,285.2,2026-07-04 19:25:10,Approved
PAY-00004389,TXN-0004389,Credit Card,96.78,2026-07-26 16:22:37,Approved
PAY-00004390,TXN-0004390,Cash,139.3,2026-06-22 10:35:41,Approved
PAY-00004391,TXN-0004391,Debit Card,443.8,2026-05-19 10:03:51,Approved
PAY-00004392,TXN-0004392,Credit Card,160.83,2026-05-23 20:57:32,Approved
PAY-00004393,TXN-0004393,Credit Card,442.43,2026-05-11 15:01:02,Approved
PAY-00004394,TXN-0004394,Credit Card,424.89,2026-06-25 19:07:01,Approved
PAY-00004395,TXN-0004395,Credit Card,347.16,2026-07-02 16:43:24,Approved
PAY-00004396,TXN-0004396,Debit Card,77.19,2026-07-26 11:30:54,Approved
PAY-00004397,TXN-0004397,Credit Card,102.91,2026-06-01 18:53:51,Approved
PAY-00004398,TXN-0004398,Split Payment,144.64,2026-07-02 13:08:38,Approved
PAY-00004399,TXN-0004399,Credit Card,441.33,2026-05-16 11:00:25,Approved
PAY-00004400,TXN-0004400,Credit Card,229.82,2026-06-29 14:21:21,Approved
PAY-00004401,TXN-0004401,Cash,175.07,2026-07-15 09:53:14,Approved
PAY-00004402,TXN-0004402,Gift Card,270.8,2026-07-14 09:53:25,Approved
PAY-00004403,TXN-0004403,Debit Card,136.77,2026-06-10 11:56:22,Approved
PAY-00004404,TXN-0004404,Gift Card,12.83,2026-07-29 12:59:36,Approved
PAY-00004405,TXN-0004405,Cash,10.25,2026-06-24 08:05:41,Approved
PAY-00004406,TXN-0004406,Debit Card,73.7,2026-06-14 18:56:11,Approved
PAY-00004407,TXN-0004407,Cash,347.34,2026-07-09 14:22:36,Approved
PAY-00004408,TXN-0004408,Debit Card,222.47,2026-06-03 16:56:02,Approved
PAY-00004409,TXN-0004409,Credit Card,156.65,2026-05-04 09:56:43,Approved
PAY-00004410,TXN-0004410,Debit Card,173.93,2026-06-23 21:26:54,Approved
PAY-00004411,TXN-0004411,Credit Card,41.14,2026-06-27 08:23:42,Approved
PAY-00004412,TXN-0004412,Cash,141.8,2026-07-26 14:55:43,Approved
PAY-00004413,TXN-0004413,Debit Card,87.03,2026-07-30 14:18:06,Approved
PAY-00004414,TXN-0004414,Credit Card,363.41,2026-07-28 12:03:23,Approved
PAY-00004415,TXN-0004415,Credit Card,167.89,2026-05-28 13:38:50,Approved
PAY-00004416,TXN-0004416,Credit Card,188.94,2026-07-12 14:29:25,Approved
PAY-00004417,TXN-0004417,Cash,179.18,2026-07-19 13:01:37,Approved
PAY-00004418,TXN-0004418,Debit Card,79.92,2026-05-09 16:12:00,Approved
PAY-00004419,TXN-0004419,Debit Card,222.74,2026-05-11 15:04:31,Approved
PAY-00004420,TXN-0004420,Cash,155.72,2026-07-02 21:28:37,Approved
PAY-00004421,TXN-0004421,Debit Card,214.7,2026-07-23 14:15:19,Approved
PAY-00004422,TXN-0004422,Debit Card,234.22,2026-05-22 15:27:48,Approved
PAY-00004423,TXN-0004423,Credit Card,283.72,2026-07-07 08:26:00,Approved
PAY-00004424,TXN-0004424,Credit Card,259.16,2026-07-10 21:56:32,Approved
PAY-00004425,TXN-0004425,Cash,88.72,2026-06-22 15:18:53,Approved
PAY-00004426,TXN-0004426,Credit Card,489.01,2026-07-06 08:43:30,Approved
PAY-00004427,TXN-0004427,Debit Card,315.03,2026-07-26 17:56:09,Approved
PAY-00004428,TXN-0004428,Cash,163.2,2026-06-13 16:15:05,Approved
PAY-00004429,TXN-0004429,Credit Card,279.8,2026-05-23 17:17:00,Approved
PAY-00004430,TXN-0004430,Cash,196.24,2026-07-01 18:33:51,Approved
PAY-00004431,TXN-0004431,Credit Card,123.0,2026-06-06 17:44:04,Approved
PAY-00004432,TXN-0004432,Debit Card,92.37,2026-07-24 10:52:47,Approved
PAY-00004433,TXN-0004433,Gift Card,178.48,2026-07-28 10:42:29,Approved
PAY-00004434,TXN-0004434,Cash,173.43,2026-07-01 09:52:22,Approved
PAY-00004435,TXN-0004435,Credit Card,258.08,2026-06-17 12:30:20,Approved
PAY-00004436,TXN-0004436,Debit Card,365.19,2026-06-08 08:00:01,Approved
PAY-00004437,TXN-0004437,Gift Card,155.93,2026-06-06 20:01:37,Approved
PAY-00004438,TXN-0004438,Cash,78.78,2026-06-04 17:16:53,Approved
PAY-00004439,TXN-0004439,Cash,292.39,2026-07-06 20:07:06,Approved
PAY-00004440,TXN-0004440,Debit Card,167.77,2026-07-02 21:57:21,Approved
PAY-00004441,TXN-0004441,Credit Card,218.26,2026-06-04 17:58:35,Approved
PAY-00004442,TXN-0004442,Debit Card,232.09,2026-05-03 12:09:04,Approved
PAY-00004443,TXN-0004443,Credit Card,165.46,2026-05-16 13:49:58,Approved
PAY-00004444,TXN-0004444,Cash,132.54,2026-07-22 18:44:27,Approved
PAY-00004445,TXN-0004445,Credit Card,108.24,2026-06-26 15:16:44,Approved
PAY-00004446,TXN-0004446,Debit Card,168.97,2026-06-07 20:42:49,Approved
PAY-00004447,TXN-0004447,Credit Card,205.55,2026-07-02 19:27:33,Approved
PAY-00004448,TXN-0004448,Credit Card,233.42,2026-05-04 21:37:39,Approved
PAY-00004449,TXN-0004449,Cash,98.15,2026-06-28 10:32:42,Approved
PAY-00004450,TXN-0004450,Split Payment,168.63,2026-07-14 19:57:32,Approved
PAY-00004451,TXN-0004451,Debit Card,237.0,2026-06-26 11:10:35,Approved
PAY-00004452,TXN-0004452,Credit Card,161.04,2026-05-03 11:40:54,Approved
PAY-00004453,TXN-0004453,Credit Card,109.33,2026-05-01 18:33:12,Approved
PAY-00004454,TXN-0004454,Credit Card,176.37,2026-07-25 19:28:36,Approved
PAY-00004455,TXN-0004455,Debit Card,93.05,2026-07-07 13:26:47,Approved
PAY-00004456,TXN-0004456,Debit Card,20.86,2026-05-25 11:45:07,Approved
PAY-00004457,TXN-0004457,Cash,139.5,2026-06-19 18:31:41,Approved
PAY-00004458,TXN-0004458,Cash,79.36,2026-07-10 12:52:55,Approved
PAY-00004459,TXN-0004459,Cash,455.93,2026-07-16 10:20:51,Approved
PAY-00004460,TXN-0004460,Credit Card,447.49,2026-06-05 09:58:02,Approved
PAY-00004461,TXN-0004461,Credit Card,376.94,2026-06-01 13:57:29,Approved
PAY-00004462,TXN-0004462,Debit Card,226.79,2026-07-16 20:00:59,Approved
PAY-00004463,TXN-0004463,Debit Card,109.49,2026-06-01 14:04:31,Approved
PAY-00004464,TXN-0004464,Cash,259.06,2026-05-06 16:48:21,Approved
PAY-00004465,TXN-0004465,Debit Card,24.75,2026-05-01 16:06:28,Approved
PAY-00004466,TXN-0004466,Debit Card,204.8,2026-05-22 21:29:28,Approved
PAY-00004467,TXN-0004467,Credit Card,157.88,2026-05-15 08:37:09,Approved
PAY-00004468,TXN-0004468,Cash,174.67,2026-06-21 09:25:43,Approved
PAY-00004469,TXN-0004469,Cash,333.23,2026-05-01 18:05:33,Approved
PAY-00004470,TXN-0004470,Debit Card,89.59,2026-07-09 19:01:53,Approved
PAY-00004471,TXN-0004471,Credit Card,304.74,2026-07-14 12:40:03,Approved
PAY-00004472,TXN-0004472,Debit Card,166.51,2026-05-10 20:58:48,Approved
PAY-00004473,TXN-0004473,Credit Card,229.63,2026-06-10 09:21:25,Approved
PAY-00004474,TXN-0004474,Credit Card,200.76,2026-06-06 08:20:45,Approved
PAY-00004475,TXN-0004475,Credit Card,124.28,2026-07-19 12:53:39,Approved
PAY-00004476,TXN-0004476,Cash,172.44,2026-07-03 15:54:48,Approved
PAY-00004477,TXN-0004477,Cash,117.0,2026-05-06 10:08:53,Approved
PAY-00004478,TXN-0004478,Debit Card,286.76,2026-05-27 11:15:33,Approved
PAY-00004479,TXN-0004479,Debit Card,200.43,2026-06-23 15:43:10,Approved
PAY-00004480,TXN-0004480,Cash,297.57,2026-06-14 16:31:21,Approved
PAY-00004481,TXN-0004481,Cash,72.79,2026-07-05 15:30:52,Approved
PAY-00004482,TXN-0004482,Cash,225.73,2026-05-06 12:36:45,Approved
PAY-00004483,TXN-0004483,Credit Card,213.73,2026-05-11 08:49:45,Approved
PAY-00004484,TXN-0004484,Credit Card,372.61,2026-06-26 21:26:33,Approved
PAY-00004485,TXN-0004485,Split Payment,143.29,2026-07-22 14:31:11,Approved
PAY-00004486,TXN-0004486,Cash,313.5,2026-07-07 11:38:41,Approved
PAY-00004487,TXN-0004487,Credit Card,118.73,2026-06-22 18:57:21,Approved
PAY-00004488,TXN-0004488,Cash,341.42,2026-05-22 21:19:02,Approved
PAY-00004489,TXN-0004489,Debit Card,122.28,2026-06-11 14:47:36,Approved
PAY-00004490,TXN-0004490,Credit Card,384.77,2026-05-09 19:17:15,Approved
PAY-00004491,TXN-0004491,Credit Card,243.15,2026-07-19 17:05:01,Approved
PAY-00004492,TXN-0004492,Debit Card,374.73,2026-07-23 12:59:33,Approved
PAY-00004493,TXN-0004493,Credit Card,94.69,2026-07-31 14:09:54,Approved
PAY-00004494,TXN-0004494,Credit Card,238.91,2026-05-02 11:07:23,Approved
PAY-00004495,TXN-0004495,Credit Card,247.68,2026-06-26 13:32:05,Approved
PAY-00004496,TXN-0004496,Cash,128.16,2026-05-20 20:48:44,Approved
PAY-00004497,TXN-0004497,Debit Card,32.69,2026-05-21 08:48:05,Approved
PAY-00004498,TXN-0004498,Credit Card,321.33,2026-05-21 18:52:26,Approved
PAY-00004499,TXN-0004499,Cash,160.89,2026-07-06 20:16:58,Approved
PAY-00004500,TXN-0004500,Credit Card,24.52,2026-06-27 15:10:37,Approved
PAY-00004501,TXN-0004501,Debit Card,132.08,2026-06-13 13:03:14,Approved
PAY-00004502,TXN-0004502,Credit Card,219.58,2026-06-08 21:16:08,Approved
PAY-00004503,TXN-0004503,Credit Card,168.9,2026-06-24 09:43:50,Approved
PAY-00004504,TXN-0004504,Cash,87.09,2026-05-13 15:39:46,Approved
PAY-00004505,TXN-0004505,Credit Card,82.64,2026-06-08 10:39:29,Approved
PAY-00004506,TXN-0004506,Cash,253.3,2026-07-26 08:04:59,Approved
PAY-00004507,TXN-0004507,Gift Card,280.53,2026-07-21 16:15:30,Approved
PAY-00004508,TXN-0004508,Cash,185.54,2026-07-13 13:03:23,Approved
PAY-00004509,TXN-0004509,Credit Card,37.01,2026-07-18 15:55:19,Approved
PAY-00004510,TXN-0004510,Credit Card,216.12,2026-07-01 19:52:53,Approved
PAY-00004511,TXN-0004511,Credit Card,198.78,2026-06-21 17:11:54,Approved
PAY-00004512,TXN-0004512,Credit Card,213.86,2026-06-04 12:57:41,Approved
PAY-00004513,TXN-0004513,Credit Card,34.16,2026-06-03 09:42:26,Approved
PAY-00004514,TXN-0004514,Gift Card,17.04,2026-07-05 09:11:21,Approved
PAY-00004515,TXN-0004515,Cash,111.48,2026-05-06 19:11:56,Approved
PAY-00004516,TXN-0004516,Credit Card,178.29,2026-06-23 11:04:37,Approved
PAY-00004517,TXN-0004517,Cash,125.29,2026-05-02 10:38:55,Approved
PAY-00004518,TXN-0004518,Credit Card,129.59,2026-05-13 10:17:15,Approved
PAY-00004519,TXN-0004519,Cash,297.06,2026-07-19 14:06:23,Approved
PAY-00004520,TXN-0004520,Credit Card,128.37,2026-06-24 10:36:10,Approved
PAY-00004521,TXN-0004521,Debit Card,365.81,2026-06-19 18:51:42,Approved
PAY-00004522,TXN-0004522,Credit Card,55.64,2026-05-03 09:36:39,Approved
PAY-00004523,TXN-0004523,Credit Card,41.67,2026-06-28 16:45:06,Approved
PAY-00004524,TXN-0004524,Credit Card,44.44,2026-07-13 18:56:41,Approved
PAY-00004525,TXN-0004525,Gift Card,525.92,2026-07-05 13:54:14,Approved
PAY-00004526,TXN-0004526,Cash,143.54,2026-07-09 17:17:30,Approved
PAY-00004527,TXN-0004527,Debit Card,555.64,2026-06-28 18:35:19,Approved
PAY-00004528,TXN-0004528,Debit Card,61.07,2026-06-26 08:33:04,Approved
PAY-00004529,TXN-0004529,Cash,481.46,2026-07-24 19:31:12,Approved
PAY-00004530,TXN-0004530,Debit Card,132.72,2026-07-20 18:47:49,Approved
PAY-00004531,TXN-0004531,Credit Card,41.82,2026-07-07 14:30:49,Approved
PAY-00004532,TXN-0004532,Debit Card,349.86,2026-05-31 12:48:05,Approved
PAY-00004533,TXN-0004533,Cash,113.44,2026-05-01 17:58:46,Approved
PAY-00004534,TXN-0004534,Debit Card,327.56,2026-05-17 18:21:41,Approved
PAY-00004535,TXN-0004535,Credit Card,232.34,2026-05-26 15:39:23,Approved
PAY-00004536,TXN-0004536,Debit Card,175.77,2026-05-25 13:32:09,Approved
PAY-00004537,TXN-0004537,Cash,302.86,2026-06-12 18:52:54,Approved
PAY-00004538,TXN-0004538,Cash,308.42,2026-07-30 08:06:52,Approved
PAY-00004539,TXN-0004539,Debit Card,180.98,2026-07-08 12:24:52,Approved
PAY-00004540,TXN-0004540,Cash,128.34,2026-06-03 20:25:33,Approved
PAY-00004541,TXN-0004541,Debit Card,1.43,2026-07-03 14:56:00,Approved
PAY-00004542,TXN-0004542,Credit Card,246.09,2026-07-06 11:57:44,Approved
PAY-00004543,TXN-0004543,Credit Card,212.4,2026-06-06 19:36:15,Approved
PAY-00004544,TXN-0004544,Debit Card,121.74,2026-07-12 15:55:44,Approved
PAY-00004545,TXN-0004545,Debit Card,620.24,2026-05-06 20:29:19,Approved
PAY-00004546,TXN-0004546,Credit Card,226.53,2026-07-26 12:27:23,Approved
PAY-00004547,TXN-0004547,Debit Card,99.66,2026-07-12 12:24:12,Approved
PAY-00004548,TXN-0004548,Debit Card,317.08,2026-06-24 08:50:00,Approved
PAY-00004549,TXN-0004549,Credit Card,385.17,2026-06-13 11:49:05,Approved
PAY-00004550,TXN-0004550,Credit Card,295.48,2026-06-21 12:25:21,Approved
PAY-00004551,TXN-0004551,Debit Card,24.35,2026-07-13 15:15:29,Approved
PAY-00004552,TXN-0004552,Credit Card,147.39,2026-06-04 21:51:13,Approved
PAY-00004553,TXN-0004553,Credit Card,154.95,2026-06-22 21:52:01,Approved
PAY-00004554,TXN-0004554,Debit Card,318.07,2026-07-17 14:49:36,Approved
PAY-00004555,TXN-0004555,Cash,37.53,2026-05-04 09:30:21,Approved
PAY-00004556,TXN-0004556,Cash,176.7,2026-07-20 19:58:07,Approved
PAY-00004557,TXN-0004557,Credit Card,32.51,2026-05-16 11:00:20,Approved
PAY-00004558,TXN-0004558,Debit Card,227.5,2026-05-03 13:15:17,Approved
PAY-00004559,TXN-0004559,Credit Card,220.57,2026-06-11 13:37:52,Approved
PAY-00004560,TXN-0004560,Cash,209.26,2026-05-20 11:46:40,Approved
PAY-00004561,TXN-0004561,Cash,112.85,2026-07-17 11:29:58,Approved
PAY-00004562,TXN-0004562,Cash,174.94,2026-05-17 21:58:11,Approved
PAY-00004563,TXN-0004563,Credit Card,157.89,2026-05-20 12:14:23,Approved
PAY-00004564,TXN-0004564,Debit Card,439.98,2026-07-31 09:37:01,Approved
PAY-00004565,TXN-0004565,Credit Card,120.93,2026-06-21 10:38:05,Approved
PAY-00004566,TXN-0004566,Credit Card,268.17,2026-05-30 21:08:29,Approved
PAY-00004567,TXN-0004567,Cash,178.81,2026-06-24 08:11:26,Approved
PAY-00004568,TXN-0004568,Credit Card,105.75,2026-06-30 20:30:24,Approved
PAY-00004569,TXN-0004569,Cash,225.96,2026-07-03 08:41:50,Approved
PAY-00004570,TXN-0004570,Credit Card,281.3,2026-06-22 20:42:49,Approved
PAY-00004571,TXN-0004571,Debit Card,71.13,2026-07-03 12:47:00,Approved
PAY-00004572,TXN-0004572,Credit Card,168.99,2026-05-06 18:28:38,Approved
PAY-00004573,TXN-0004573,Cash,88.2,2026-07-28 11:30:31,Approved
PAY-00004574,TXN-0004574,Credit Card,227.46,2026-05-22 12:38:37,Approved
PAY-00004575,TXN-0004575,Credit Card,161.88,2026-06-10 19:33:29,Approved
PAY-00004576,TXN-0004576,Credit Card,309.61,2026-07-30 11:29:38,Approved
PAY-00004577,TXN-0004577,Credit Card,117.45,2026-07-20 11:59:39,Approved
PAY-00004578,TXN-0004578,Debit Card,234.36,2026-06-09 15:19:38,Approved
PAY-00004579,TXN-0004579,Credit Card,60.27,2026-05-27 12:09:10,Approved
PAY-00004580,TXN-0004580,Debit Card,89.52,2026-07-28 21:38:27,Approved
PAY-00004581,TXN-0004581,Gift Card,184.99,2026-07-27 12:23:54,Approved
PAY-00004582,TXN-0004582,Credit Card,241.82,2026-07-17 21:44:08,Approved
PAY-00004583,TXN-0004583,Credit Card,185.79,2026-07-04 20:30:29,Approved
PAY-00004584,TXN-0004584,Cash,178.11,2026-07-06 21:42:56,Approved
PAY-00004585,TXN-0004585,Gift Card,164.76,2026-05-25 14:52:49,Approved
PAY-00004586,TXN-0004586,Credit Card,114.9,2026-05-01 11:10:12,Approved
PAY-00004587,TXN-0004587,Split Payment,99.55,2026-05-25 15:40:39,Approved
PAY-00004588,TXN-0004588,Credit Card,149.92,2026-07-07 12:31:42,Approved
PAY-00004589,TXN-0004589,Credit Card,379.0,2026-07-26 21:57:12,Approved
PAY-00004590,TXN-0004590,Cash,250.91,2026-05-28 18:31:41,Approved
PAY-00004591,TXN-0004591,Credit Card,410.39,2026-05-17 09:09:26,Approved
PAY-00004592,TXN-0004592,Gift Card,202.46,2026-05-05 15:01:02,Approved
PAY-00004593,TXN-0004593,Credit Card,490.38,2026-05-21 13:36:44,Approved
PAY-00004594,TXN-0004594,Credit Card,192.81,2026-05-03 08:30:34,Approved
PAY-00004595,TXN-0004595,Credit Card,490.45,2026-06-02 13:44:30,Approved
PAY-00004596,TXN-0004596,Debit Card,142.6,2026-05-17 11:03:13,Approved
PAY-00004597,TXN-0004597,Debit Card,139.07,2026-07-19 19:19:58,Approved
PAY-00004598,TXN-0004598,Credit Card,55.96,2026-07-13 14:06:58,Approved
PAY-00004599,TXN-0004599,Cash,165.85,2026-07-11 20:13:33,Approved
PAY-00004600,TXN-0004600,Debit Card,142.73,2026-06-27 18:35:37,Approved
PAY-00004601,TXN-0004601,Cash,180.04,2026-06-12 11:47:11,Approved
PAY-00004602,TXN-0004602,Debit Card,181.67,2026-07-01 20:47:21,Approved
PAY-00004603,TXN-0004603,Credit Card,194.42,2026-06-14 10:32:09,Approved
PAY-00004604,TXN-0004604,Debit Card,626.12,2026-06-11 14:01:19,Approved
PAY-00004605,TXN-0004605,Gift Card,308.51,2026-07-10 09:50:08,Approved
PAY-00004606,TXN-0004606,Credit Card,19.6,2026-07-31 20:02:18,Approved
PAY-00004607,TXN-0004607,Cash,169.83,2026-05-22 08:15:49,Approved
PAY-00004608,TXN-0004608,Credit Card,98.05,2026-07-13 21:44:34,Approved
PAY-00004609,TXN-0004609,Debit Card,117.0,2026-06-23 21:39:07,Approved
PAY-00004610,TXN-0004610,Cash,199.61,2026-06-21 12:41:05,Approved
PAY-00004611,TXN-0004611,Cash,132.27,2026-05-17 11:49:57,Approved
PAY-00004612,TXN-0004612,Debit Card,329.01,2026-06-27 18:11:06,Approved
PAY-00004613,TXN-0004613,Credit Card,138.23,2026-06-18 11:50:25,Approved
PAY-00004614,TXN-0004614,Debit Card,159.02,2026-07-27 14:09:22,Approved
PAY-00004615,TXN-0004615,Credit Card,268.95,2026-07-31 21:05:22,Approved
PAY-00004616,TXN-0004616,Credit Card,165.47,2026-05-23 08:32:55,Approved
PAY-00004617,TXN-0004617,Debit Card,167.23,2026-05-19 09:57:17,Approved
PAY-00004618,TXN-0004618,Credit Card,6.98,2026-07-23 20:23:58,Approved
PAY-00004619,TXN-0004619,Credit Card,441.63,2026-07-17 21:33:06,Approved
PAY-00004620,TXN-0004620,Credit Card,95.06,2026-07-24 17:54:17,Approved
PAY-00004621,TXN-0004621,Debit Card,348.52,2026-05-10 11:05:52,Approved
PAY-00004622,TXN-0004622,Credit Card,143.08,2026-06-13 09:09:33,Approved
PAY-00004623,TXN-0004623,Credit Card,108.06,2026-07-18 14:07:33,Approved
PAY-00004624,TXN-0004624,Credit Card,50.94,2026-07-11 09:32:19,Approved
PAY-00004625,TXN-0004625,Credit Card,188.06,2026-07-11 15:58:13,Approved
PAY-00004626,TXN-0004626,Debit Card,260.29,2026-06-29 13:38:25,Approved
PAY-00004627,TXN-0004627,Credit Card,273.68,2026-07-12 11:22:54,Approved
PAY-00004628,TXN-0004628,Debit Card,166.14,2026-07-22 17:35:21,Approved
PAY-00004629,TXN-0004629,Cash,254.61,2026-05-07 09:59:46,Approved
PAY-00004630,TXN-0004630,Debit Card,359.04,2026-07-30 19:18:00,Approved
PAY-00004631,TXN-0004631,Credit Card,505.71,2026-05-21 11:01:21,Approved
PAY-00004632,TXN-0004632,Gift Card,54.03,2026-06-23 19:04:23,Approved
PAY-00004633,TXN-0004633,Debit Card,327.83,2026-07-06 12:54:32,Approved
PAY-00004634,TXN-0004634,Credit Card,237.42,2026-07-16 13:46:11,Approved
PAY-00004635,TXN-0004635,Credit Card,213.66,2026-06-28 15:21:07,Approved
PAY-00004636,TXN-0004636,Credit Card,318.42,2026-06-02 13:42:30,Approved
PAY-00004637,TXN-0004637,Cash,229.11,2026-05-19 08:15:21,Approved
PAY-00004638,TXN-0004638,Credit Card,68.42,2026-06-02 11:47:20,Approved
PAY-00004639,TXN-0004639,Cash,69.05,2026-07-25 15:34:23,Approved
PAY-00004640,TXN-0004640,Debit Card,88.72,2026-05-16 18:53:57,Approved
PAY-00004641,TXN-0004641,Debit Card,428.15,2026-07-09 14:58:41,Approved
PAY-00004642,TXN-0004642,Credit Card,311.47,2026-07-14 13:57:43,Approved
PAY-00004643,TXN-0004643,Debit Card,148.07,2026-05-27 08:25:54,Approved
PAY-00004644,TXN-0004644,Credit Card,231.5,2026-07-14 16:03:26,Approved
PAY-00004645,TXN-0004645,Credit Card,235.25,2026-07-28 14:23:37,Approved
PAY-00004646,TXN-0004646,Debit Card,390.49,2026-05-29 16:49:41,Approved
PAY-00004647,TXN-0004647,Debit Card,191.62,2026-05-11 14:19:18,Approved
PAY-00004648,TXN-0004648,Credit Card,15.24,2026-05-31 18:58:42,Approved
PAY-00004649,TXN-0004649,Debit Card,217.94,2026-06-04 08:39:58,Approved
PAY-00004650,TXN-0004650,Credit Card,129.41,2026-07-02 11:36:18,Approved
PAY-00004651,TXN-0004651,Credit Card,147.15,2026-05-19 12:42:21,Approved
PAY-00004652,TXN-0004652,Credit Card,197.63,2026-07-16 09:47:03,Approved
PAY-00004653,TXN-0004653,Debit Card,224.21,2026-07-31 15:53:47,Approved
PAY-00004654,TXN-0004654,Cash,186.9,2026-05-17 12:52:47,Approved
PAY-00004655,TXN-0004655,Cash,259.92,2026-05-24 11:23:19,Approved
PAY-00004656,TXN-0004656,Credit Card,32.7,2026-07-14 11:21:09,Approved
PAY-00004657,TXN-0004657,Credit Card,216.13,2026-07-30 20:25:39,Approved
PAY-00004658,TXN-0004658,Credit Card,343.25,2026-07-05 08:45:05,Approved
PAY-00004659,TXN-0004659,Credit Card,150.99,2026-06-21 18:42:26,Approved
PAY-00004660,TXN-0004660,Cash,263.49,2026-07-01 17:52:44,Approved
PAY-00004661,TXN-0004661,Credit Card,353.19,2026-06-29 15:55:19,Approved
PAY-00004662,TXN-0004662,Split Payment,179.5,2026-06-02 11:36:10,Approved
PAY-00004663,TXN-0004663,Debit Card,207.13,2026-07-27 11:00:26,Approved
PAY-00004664,TXN-0004664,Credit Card,304.64,2026-06-16 15:41:38,Approved
PAY-00004665,TXN-0004665,Debit Card,255.41,2026-07-06 19:18:19,Approved
PAY-00004666,TXN-0004666,Credit Card,178.32,2026-05-12 17:33:10,Approved
PAY-00004667,TXN-0004667,Credit Card,309.06,2026-06-30 13:34:09,Approved
PAY-00004668,TXN-0004668,Debit Card,172.96,2026-07-05 11:18:35,Approved
PAY-00004669,TXN-0004669,Debit Card,77.01,2026-06-10 19:21:49,Approved
PAY-00004670,TXN-0004670,Debit Card,136.96,2026-06-30 17:59:47,Approved
PAY-00004671,TXN-0004671,Credit Card,231.36,2026-06-04 14:25:08,Approved
PAY-00004672,TXN-0004672,Cash,194.77,2026-07-07 21:35:55,Approved
PAY-00004673,TXN-0004673,Credit Card,369.44,2026-07-25 21:59:30,Approved
PAY-00004674,TXN-0004674,Gift Card,166.43,2026-07-20 18:40:20,Approved
PAY-00004675,TXN-0004675,Split Payment,248.37,2026-07-09 21:29:22,Approved
PAY-00004676,TXN-0004676,Credit Card,176.27,2026-07-03 12:08:04,Approved
PAY-00004677,TXN-0004677,Debit Card,69.01,2026-07-12 08:02:32,Approved
PAY-00004678,TXN-0004678,Credit Card,142.83,2026-05-26 10:55:18,Approved
PAY-00004679,TXN-0004679,Debit Card,227.89,2026-07-24 16:10:03,Approved
PAY-00004680,TXN-0004680,Credit Card,154.67,2026-06-25 13:23:23,Approved
PAY-00004681,TXN-0004681,Cash,405.07,2026-07-08 21:19:56,Approved
PAY-00004682,TXN-0004682,Debit Card,391.19,2026-07-19 10:53:21,Approved
PAY-00004683,TXN-0004683,Debit Card,413.07,2026-07-25 09:46:34,Approved
PAY-00004684,TXN-0004684,Debit Card,347.04,2026-06-11 09:14:44,Approved
PAY-00004685,TXN-0004685,Credit Card,148.69,2026-05-24 09:48:29,Approved
PAY-00004686,TXN-0004686,Credit Card,202.17,2026-05-19 08:42:23,Approved
PAY-00004687,TXN-0004687,Debit Card,123.73,2026-06-20 08:52:57,Approved
PAY-00004688,TXN-0004688,Credit Card,161.06,2026-06-06 21:38:07,Approved
PAY-00004689,TXN-0004689,Credit Card,223.95,2026-07-02 12:59:53,Approved
PAY-00004690,TXN-0004690,Credit Card,236.37,2026-05-24 18:26:02,Approved
PAY-00004691,TXN-0004691,Credit Card,559.47,2026-07-28 15:02:06,Approved
PAY-00004692,TXN-0004692,Debit Card,225.44,2026-05-30 20:47:28,Approved
PAY-00004693,TXN-0004693,Credit Card,62.42,2026-05-31 11:49:17,Approved
PAY-00004694,TXN-0004694,Cash,132.92,2026-06-10 08:14:34,Approved
PAY-00004695,TXN-0004695,Debit Card,399.17,2026-06-21 11:39:05,Approved
PAY-00004696,TXN-0004696,Cash,105.4,2026-07-22 15:27:35,Approved
PAY-00004697,TXN-0004697,Credit Card,188.34,2026-07-29 16:17:51,Approved
PAY-00004698,TXN-0004698,Debit Card,237.49,2026-05-28 15:39:56,Approved
PAY-00004699,TXN-0004699,Debit Card,171.46,2026-06-24 18:04:00,Approved
PAY-00004700,TXN-0004700,Debit Card,311.84,2026-07-06 19:10:16,Approved
PAY-00004701,TXN-0004701,Debit Card,160.32,2026-06-17 18:30:22,Approved
PAY-00004702,TXN-0004702,Credit Card,119.92,2026-05-26 10:38:33,Approved
PAY-00004703,TXN-0004703,Debit Card,235.91,2026-07-13 21:10:25,Approved
PAY-00004704,TXN-0004704,Cash,59.95,2026-06-12 17:25:50,Approved
PAY-00004705,TXN-0004705,Credit Card,180.5,2026-06-21 09:59:42,Approved
PAY-00004706,TXN-0004706,Cash,94.06,2026-07-07 11:40:34,Approved
PAY-00004707,TXN-0004707,Debit Card,560.88,2026-07-12 11:10:36,Approved
PAY-00004708,TXN-0004708,Cash,235.26,2026-05-16 13:09:46,Approved
PAY-00004709,TXN-0004709,Credit Card,150.5,2026-07-11 13:14:55,Approved
PAY-00004710,TXN-0004710,Cash,304.75,2026-05-13 11:33:07,Approved
PAY-00004711,TXN-0004711,Cash,102.72,2026-05-16 14:25:11,Approved
PAY-00004712,TXN-0004712,Credit Card,416.14,2026-07-31 14:23:19,Approved
PAY-00004713,TXN-0004713,Debit Card,263.82,2026-05-03 21:40:50,Approved
PAY-00004714,TXN-0004714,Credit Card,509.16,2026-05-27 17:55:24,Approved
PAY-00004715,TXN-0004715,Credit Card,57.64,2026-07-21 13:38:15,Approved
PAY-00004716,TXN-0004716,Credit Card,281.37,2026-07-04 19:52:42,Approved
PAY-00004717,TXN-0004717,Cash,258.11,2026-06-01 14:12:58,Approved
PAY-00004718,TXN-0004718,Credit Card,200.42,2026-06-16 17:55:57,Approved
PAY-00004719,TXN-0004719,Credit Card,203.99,2026-06-17 11:55:25,Approved
PAY-00004720,TXN-0004720,Credit Card,111.74,2026-05-14 08:33:31,Approved
PAY-00004721,TXN-0004721,Cash,103.26,2026-06-13 08:59:09,Approved
PAY-00004722,TXN-0004722,Credit Card,169.68,2026-06-30 14:42:52,Approved
PAY-00004723,TXN-0004723,Credit Card,122.02,2026-05-07 08:14:22,Approved
PAY-00004724,TXN-0004724,Cash,62.96,2026-05-26 08:42:17,Approved
PAY-00004725,TXN-0004725,Debit Card,254.16,2026-05-12 18:28:55,Approved
PAY-00004726,TXN-0004726,Credit Card,161.99,2026-07-30 14:53:50,Approved
PAY-00004727,TXN-0004727,Credit Card,251.66,2026-05-21 12:05:43,Approved
PAY-00004728,TXN-0004728,Credit Card,48.85,2026-05-20 21:41:53,Approved
PAY-00004729,TXN-0004729,Credit Card,172.5,2026-05-26 12:34:29,Approved
PAY-00004730,TXN-0004730,Credit Card,130.94,2026-06-20 08:51:44,Approved
PAY-00004731,TXN-0004731,Cash,220.37,2026-07-02 17:19:53,Approved
PAY-00004732,TXN-0004732,Credit Card,85.85,2026-05-14 08:59:46,Approved
PAY-00004733,TXN-0004733,Credit Card,355.43,2026-06-05 14:22:20,Approved
PAY-00004734,TXN-0004734,Credit Card,172.71,2026-06-27 21:57:47,Approved
PAY-00004735,TXN-0004735,Cash,107.35,2026-06-18 21:15:58,Approved
PAY-00004736,TXN-0004736,Debit Card,524.76,2026-07-01 19:55:48,Approved
PAY-00004737,TXN-0004737,Credit Card,101.72,2026-06-15 10:26:57,Approved
PAY-00004738,TXN-0004738,Debit Card,108.31,2026-07-04 18:41:12,Approved
PAY-00004739,TXN-0004739,Cash,435.57,2026-07-05 09:13:02,Approved
PAY-00004740,TXN-0004740,Credit Card,407.11,2026-06-06 19:06:38,Approved
PAY-00004741,TXN-0004741,Credit Card,102.48,2026-07-24 20:52:14,Approved
PAY-00004742,TXN-0004742,Cash,69.19,2026-05-22 15:41:01,Approved
PAY-00004743,TXN-0004743,Cash,56.01,2026-07-10 14:36:10,Approved
PAY-00004744,TXN-0004744,Cash,114.3,2026-06-06 16:07:43,Approved
PAY-00004745,TXN-0004745,Credit Card,160.4,2026-05-14 10:35:29,Approved
PAY-00004746,TXN-0004746,Cash,389.89,2026-06-05 18:19:38,Approved
PAY-00004747,TXN-0004747,Credit Card,158.09,2026-07-10 12:29:53,Approved
PAY-00004748,TXN-0004748,Credit Card,316.02,2026-05-03 21:41:06,Approved
PAY-00004749,TXN-0004749,Cash,93.88,2026-05-01 12:49:34,Approved
PAY-00004750,TXN-0004750,Credit Card,395.77,2026-05-08 09:08:16,Approved
PAY-00004751,TXN-0004751,Debit Card,186.52,2026-07-10 18:24:05,Approved
PAY-00004752,TXN-0004752,Split Payment,274.01,2026-07-18 11:01:07,Approved
PAY-00004753,TXN-0004753,Split Payment,271.98,2026-06-02 10:54:17,Approved
PAY-00004754,TXN-0004754,Debit Card,116.2,2026-06-13 10:27:14,Approved
PAY-00004755,TXN-0004755,Credit Card,145.63,2026-05-14 21:39:37,Approved
PAY-00004756,TXN-0004756,Credit Card,174.18,2026-06-26 12:36:50,Approved
PAY-00004757,TXN-0004757,Debit Card,355.9,2026-05-29 15:27:29,Approved
PAY-00004758,TXN-0004758,Cash,79.25,2026-06-25 11:45:21,Approved
PAY-00004759,TXN-0004759,Credit Card,256.47,2026-05-04 11:25:50,Approved
PAY-00004760,TXN-0004760,Debit Card,163.59,2026-06-19 11:52:44,Approved
PAY-00004761,TXN-0004761,Split Payment,84.34,2026-06-28 15:06:47,Approved
PAY-00004762,TXN-0004762,Cash,318.62,2026-07-11 10:21:07,Approved
PAY-00004763,TXN-0004763,Cash,55.3,2026-06-10 18:54:13,Approved
PAY-00004764,TXN-0004764,Credit Card,28.12,2026-07-26 17:59:29,Approved
PAY-00004765,TXN-0004765,Split Payment,137.9,2026-07-16 19:18:50,Approved
PAY-00004766,TXN-0004766,Cash,88.06,2026-05-17 08:07:04,Approved
PAY-00004767,TXN-0004767,Debit Card,462.86,2026-07-02 15:25:36,Approved
PAY-00004768,TXN-0004768,Credit Card,224.32,2026-05-31 15:26:50,Approved
PAY-00004769,TXN-0004769,Credit Card,140.19,2026-06-05 08:30:36,Approved
PAY-00004770,TXN-0004770,Debit Card,50.99,2026-07-17 08:45:49,Approved
PAY-00004771,TXN-0004771,Debit Card,235.32,2026-05-17 12:25:18,Approved
PAY-00004772,TXN-0004772,Cash,245.71,2026-05-05 13:55:33,Approved
PAY-00004773,TXN-0004773,Credit Card,291.35,2026-06-03 20:08:50,Approved
PAY-00004774,TXN-0004774,Debit Card,287.64,2026-06-10 12:11:17,Approved
PAY-00004775,TXN-0004775,Credit Card,20.31,2026-05-27 20:30:58,Approved
PAY-00004776,TXN-0004776,Debit Card,303.91,2026-05-25 09:01:35,Approved
PAY-00004777,TXN-0004777,Gift Card,104.78,2026-05-11 18:28:23,Approved
PAY-00004778,TXN-0004778,Credit Card,88.7,2026-07-31 15:45:45,Approved
PAY-00004779,TXN-0004779,Credit Card,144.68,2026-06-30 15:50:20,Approved
PAY-00004780,TXN-0004780,Credit Card,106.15,2026-07-28 16:58:07,Approved
PAY-00004781,TXN-0004781,Debit Card,327.96,2026-05-14 11:14:44,Approved
PAY-00004782,TXN-0004782,Credit Card,228.36,2026-07-29 12:05:51,Approved
PAY-00004783,TXN-0004783,Debit Card,237.27,2026-06-14 08:14:59,Approved
PAY-00004784,TXN-0004784,Credit Card,135.65,2026-06-12 10:03:07,Approved
PAY-00004785,TXN-0004785,Cash,19.6,2026-07-26 11:57:57,Approved
PAY-00004786,TXN-0004786,Debit Card,95.59,2026-05-29 08:13:33,Approved
PAY-00004787,TXN-0004787,Credit Card,214.66,2026-07-04 19:38:30,Approved
PAY-00004788,TXN-0004788,Credit Card,109.06,2026-07-25 12:35:01,Approved
PAY-00004789,TXN-0004789,Credit Card,163.59,2026-05-03 21:29:03,Approved
PAY-00004790,TXN-0004790,Credit Card,142.64,2026-05-02 20:56:20,Approved
PAY-00004791,TXN-0004791,Cash,92.33,2026-06-17 20:02:04,Approved
PAY-00004792,TXN-0004792,Credit Card,285.84,2026-07-07 09:56:41,Approved
PAY-00004793,TXN-0004793,Split Payment,90.44,2026-07-25 10:07:26,Approved
PAY-00004794,TXN-0004794,Debit Card,205.38,2026-05-11 15:28:49,Approved
PAY-00004795,TXN-0004795,Debit Card,192.15,2026-07-25 10:13:49,Approved
PAY-00004796,TXN-0004796,Credit Card,245.89,2026-07-24 17:43:35,Approved
PAY-00004797,TXN-0004797,Credit Card,135.59,2026-05-19 14:14:04,Approved
PAY-00004798,TXN-0004798,Credit Card,310.53,2026-05-13 17:11:39,Approved
PAY-00004799,TXN-0004799,Debit Card,129.0,2026-05-26 13:22:01,Approved
PAY-00004800,TXN-0004800,Debit Card,142.82,2026-05-07 17:01:25,Approved
PAY-00004801,TXN-0004801,Split Payment,326.92,2026-06-17 10:37:10,Approved
PAY-00004802,TXN-0004802,Credit Card,36.43,2026-07-18 13:46:04,Approved
PAY-00004803,TXN-0004803,Credit Card,136.32,2026-07-09 10:06:06,Approved
PAY-00004804,TXN-0004804,Credit Card,249.06,2026-06-11 12:55:08,Approved
PAY-00004805,TXN-0004805,Debit Card,196.78,2026-05-04 18:12:39,Approved
PAY-00004806,TXN-0004806,Gift Card,392.87,2026-07-10 08:25:42,Approved
PAY-00004807,TXN-0004807,Credit Card,248.67,2026-07-30 09:35:31,Approved
PAY-00004808,TXN-0004808,Split Payment,185.82,2026-05-14 20:21:36,Approved
PAY-00004809,TXN-0004809,Debit Card,73.93,2026-05-20 18:20:06,Approved
PAY-00004810,TXN-0004810,Gift Card,395.15,2026-05-06 09:45:03,Approved
PAY-00004811,TXN-0004811,Cash,178.52,2026-07-08 16:16:17,Approved
PAY-00004812,TXN-0004812,Credit Card,112.44,2026-06-10 16:46:27,Approved
PAY-00004813,TXN-0004813,Credit Card,150.35,2026-07-01 13:10:59,Approved
PAY-00004814,TXN-0004814,Debit Card,267.83,2026-05-09 14:15:17,Approved
PAY-00004815,TXN-0004815,Cash,274.64,2026-07-14 14:33:56,Approved
PAY-00004816,TXN-0004816,Credit Card,229.48,2026-05-23 12:17:40,Approved
PAY-00004817,TXN-0004817,Debit Card,220.42,2026-07-07 14:06:06,Approved
PAY-00004818,TXN-0004818,Debit Card,543.12,2026-05-11 15:39:42,Approved
PAY-00004819,TXN-0004819,Debit Card,166.43,2026-07-06 21:47:21,Approved
PAY-00004820,TXN-0004820,Cash,315.13,2026-06-26 21:35:09,Approved
PAY-00004821,TXN-0004821,Debit Card,278.1,2026-06-27 16:25:14,Approved
PAY-00004822,TXN-0004822,Debit Card,404.16,2026-06-01 20:37:11,Approved
PAY-00004823,TXN-0004823,Cash,94.25,2026-07-02 20:16:17,Approved
PAY-00004824,TXN-0004824,Credit Card,271.75,2026-07-04 13:07:25,Approved
PAY-00004825,TXN-0004825,Credit Card,155.71,2026-06-05 20:04:50,Approved
PAY-00004826,TXN-0004826,Credit Card,28.52,2026-06-03 09:45:39,Approved
PAY-00004827,TXN-0004827,Debit Card,36.25,2026-06-29 16:27:39,Approved
PAY-00004828,TXN-0004828,Cash,202.77,2026-07-03 15:11:00,Approved
PAY-00004829,TXN-0004829,Credit Card,349.73,2026-07-25 10:54:13,Approved
PAY-00004830,TXN-0004830,Debit Card,59.66,2026-06-22 16:39:22,Approved
PAY-00004831,TXN-0004831,Cash,178.49,2026-05-31 10:54:53,Approved
PAY-00004832,TXN-0004832,Cash,181.04,2026-06-23 20:11:14,Approved
PAY-00004833,TXN-0004833,Debit Card,349.51,2026-07-14 19:22:01,Approved
PAY-00004834,TXN-0004834,Credit Card,95.79,2026-07-26 11:08:55,Approved
PAY-00004835,TXN-0004835,Credit Card,426.93,2026-05-17 18:47:08,Approved
PAY-00004836,TXN-0004836,Credit Card,169.17,2026-05-17 09:44:40,Approved
PAY-00004837,TXN-0004837,Credit Card,145.87,2026-05-25 11:58:55,Approved
PAY-00004838,TXN-0004838,Credit Card,163.6,2026-07-30 10:38:40,Approved
PAY-00004839,TXN-0004839,Credit Card,121.45,2026-05-18 08:57:06,Approved
PAY-00004840,TXN-0004840,Debit Card,168.81,2026-05-20 09:03:54,Approved
PAY-00004841,TXN-0004841,Credit Card,334.19,2026-07-27 16:43:15,Approved
PAY-00004842,TXN-0004842,Debit Card,199.59,2026-05-27 12:57:45,Approved
PAY-00004843,TXN-0004843,Debit Card,294.27,2026-07-27 08:04:01,Approved
PAY-00004844,TXN-0004844,Credit Card,93.14,2026-06-16 20:41:03,Approved
PAY-00004845,TXN-0004845,Credit Card,198.75,2026-05-19 10:12:18,Approved
PAY-00004846,TXN-0004846,Debit Card,260.64,2026-05-11 16:35:31,Approved
PAY-00004847,TXN-0004847,Credit Card,184.08,2026-07-15 20:00:27,Approved
PAY-00004848,TXN-0004848,Cash,208.23,2026-07-28 10:40:10,Approved
PAY-00004849,TXN-0004849,Credit Card,208.58,2026-06-09 21:59:39,Approved
PAY-00004850,TXN-0004850,Cash,274.34,2026-05-05 12:42:06,Approved
PAY-00004851,TXN-0004851,Cash,188.94,2026-07-04 15:54:24,Approved
PAY-00004852,TXN-0004852,Debit Card,91.22,2026-05-04 16:17:00,Approved
PAY-00004853,TXN-0004853,Cash,159.19,2026-07-22 20:02:34,Approved
PAY-00004854,TXN-0004854,Cash,219.26,2026-06-05 08:26:20,Approved
PAY-00004855,TXN-0004855,Credit Card,290.61,2026-05-24 09:53:38,Approved
PAY-00004856,TXN-0004856,Credit Card,258.08,2026-05-21 18:34:51,Approved
PAY-00004857,TXN-0004857,Credit Card,88.19,2026-05-05 11:52:17,Approved
PAY-00004858,TXN-0004858,Credit Card,323.34,2026-05-01 09:23:17,Approved
PAY-00004859,TXN-0004859,Credit Card,66.65,2026-07-07 12:19:26,Approved
PAY-00004860,TXN-0004860,Credit Card,169.25,2026-05-24 08:15:16,Approved
PAY-00004861,TXN-0004861,Cash,97.89,2026-07-22 13:45:21,Approved
PAY-00004862,TXN-0004862,Credit Card,195.91,2026-06-06 19:53:38,Approved
PAY-00004863,TXN-0004863,Credit Card,199.94,2026-06-14 20:42:04,Approved
PAY-00004864,TXN-0004864,Debit Card,289.5,2026-06-13 15:58:05,Approved
PAY-00004865,TXN-0004865,Cash,152.3,2026-06-29 13:56:23,Approved
PAY-00004866,TXN-0004866,Cash,191.31,2026-06-13 17:31:07,Approved
PAY-00004867,TXN-0004867,Credit Card,222.17,2026-06-27 18:20:45,Approved
PAY-00004868,TXN-0004868,Cash,120.45,2026-07-03 15:25:00,Approved
PAY-00004869,TXN-0004869,Debit Card,367.63,2026-07-08 17:40:27,Approved
PAY-00004870,TXN-0004870,Cash,271.65,2026-06-13 09:06:08,Approved
PAY-00004871,TXN-0004871,Credit Card,315.35,2026-07-30 16:03:15,Approved
PAY-00004872,TXN-0004872,Credit Card,105.26,2026-06-14 09:53:27,Approved
PAY-00004873,TXN-0004873,Credit Card,98.13,2026-07-28 16:57:47,Approved
PAY-00004874,TXN-0004874,Debit Card,163.04,2026-05-12 17:54:12,Approved
PAY-00004875,TXN-0004875,Cash,360.97,2026-07-04 21:42:59,Approved
PAY-00004876,TXN-0004876,Credit Card,229.35,2026-07-26 14:23:55,Approved
PAY-00004877,TXN-0004877,Credit Card,130.25,2026-06-13 15:08:34,Approved
PAY-00004878,TXN-0004878,Debit Card,608.33,2026-05-28 19:12:35,Approved
PAY-00004879,TXN-0004879,Gift Card,74.67,2026-07-19 14:52:24,Approved
PAY-00004880,TXN-0004880,Credit Card,103.67,2026-07-03 16:38:22,Approved
PAY-00004881,TXN-0004881,Cash,212.24,2026-05-19 13:03:44,Approved
PAY-00004882,TXN-0004882,Cash,382.43,2026-06-07 10:22:59,Approved
PAY-00004883,TXN-0004883,Credit Card,119.8,2026-05-16 14:48:44,Approved
PAY-00004884,TXN-0004884,Credit Card,255.87,2026-05-26 19:54:40,Approved
PAY-00004885,TXN-0004885,Credit Card,22.48,2026-06-26 10:11:26,Approved
PAY-00004886,TXN-0004886,Debit Card,458.19,2026-07-20 16:13:37,Approved
PAY-00004887,TXN-0004887,Credit Card,146.17,2026-07-01 09:24:35,Approved
PAY-00004888,TXN-0004888,Debit Card,105.58,2026-05-08 21:50:24,Approved
PAY-00004889,TXN-0004889,Credit Card,261.66,2026-07-15 21:37:27,Approved
PAY-00004890,TXN-0004890,Credit Card,103.29,2026-07-18 15:44:16,Approved
PAY-00004891,TXN-0004891,Debit Card,122.91,2026-05-18 17:53:16,Approved
PAY-00004892,TXN-0004892,Credit Card,329.94,2026-05-16 21:18:02,Approved
PAY-00004893,TXN-0004893,Credit Card,156.08,2026-05-02 17:48:23,Approved
PAY-00004894,TXN-0004894,Cash,220.7,2026-06-26 10:48:18,Approved
PAY-00004895,TXN-0004895,Credit Card,87.79,2026-07-24 17:47:21,Approved
PAY-00004896,TXN-0004896,Credit Card,174.97,2026-05-03 20:55:58,Approved
PAY-00004897,TXN-0004897,Cash,119.32,2026-06-17 13:15:41,Approved
PAY-00004898,TXN-0004898,Credit Card,426.17,2026-05-20 10:33:59,Approved
PAY-00004899,TXN-0004899,Debit Card,391.56,2026-05-03 09:26:29,Approved
PAY-00004900,TXN-0004900,Debit Card,323.15,2026-06-20 11:02:00,Approved
PAY-00004901,TXN-0004901,Cash,126.93,2026-05-22 20:27:10,Approved
PAY-00004902,TXN-0004902,Credit Card,240.47,2026-07-22 09:10:40,Approved
PAY-00004903,TXN-0004903,Credit Card,101.76,2026-07-14 19:55:03,Approved
PAY-00004904,TXN-0004904,Credit Card,126.83,2026-05-23 14:53:13,Approved
PAY-00004905,TXN-0004905,Debit Card,48.61,2026-05-13 09:20:19,Approved
PAY-00004906,TXN-0004906,Debit Card,153.79,2026-06-04 13:28:20,Approved
PAY-00004907,TXN-0004907,Credit Card,91.23,2026-07-13 09:48:38,Approved
PAY-00004908,TXN-0004908,Debit Card,192.17,2026-06-17 13:54:18,Approved
PAY-00004909,TXN-0004909,Credit Card,270.82,2026-05-17 18:16:56,Approved
PAY-00004910,TXN-0004910,Credit Card,213.47,2026-06-28 12:33:57,Approved
PAY-00004911,TXN-0004911,Credit Card,93.82,2026-05-06 16:21:02,Approved
PAY-00004912,TXN-0004912,Debit Card,45.67,2026-07-24 16:51:39,Approved
PAY-00004913,TXN-0004913,Debit Card,109.63,2026-06-12 09:20:42,Approved
PAY-00004914,TXN-0004914,Credit Card,126.47,2026-06-18 09:35:19,Approved
PAY-00004915,TXN-0004915,Credit Card,196.99,2026-06-29 21:05:51,Approved
PAY-00004916,TXN-0004916,Credit Card,235.77,2026-06-08 15:10:14,Approved
PAY-00004917,TXN-0004917,Debit Card,174.17,2026-05-01 08:03:36,Approved
PAY-00004918,TXN-0004918,Debit Card,265.37,2026-06-26 09:08:42,Approved
PAY-00004919,TXN-0004919,Cash,175.17,2026-06-25 13:46:29,Approved
PAY-00004920,TXN-0004920,Split Payment,229.7,2026-05-06 10:47:41,Approved
PAY-00004921,TXN-0004921,Cash,91.87,2026-05-16 20:49:57,Approved
PAY-00004922,TXN-0004922,Debit Card,12.33,2026-05-25 14:24:32,Approved
PAY-00004923,TXN-0004923,Credit Card,367.47,2026-07-09 16:52:22,Approved
PAY-00004924,TXN-0004924,Debit Card,245.86,2026-05-27 20:02:14,Approved
PAY-00004925,TXN-0004925,Debit Card,61.84,2026-06-27 11:10:44,Approved
PAY-00004926,TXN-0004926,Cash,280.37,2026-06-29 15:03:58,Approved
PAY-00004927,TXN-0004927,Debit Card,203.32,2026-07-19 13:13:05,Approved
PAY-00004928,TXN-0004928,Cash,292.87,2026-07-07 21:03:15,Approved
PAY-00004929,TXN-0004929,Credit Card,74.11,2026-06-19 21:26:07,Approved
PAY-00004930,TXN-0004930,Credit Card,249.55,2026-06-06 14:52:56,Approved
PAY-00004931,TXN-0004931,Credit Card,231.51,2026-07-26 11:04:16,Approved
PAY-00004932,TXN-0004932,Credit Card,295.86,2026-06-09 18:03:21,Approved
PAY-00004933,TXN-0004933,Credit Card,400.45,2026-05-24 10:02:22,Approved
PAY-00004934,TXN-0004934,Cash,129.8,2026-07-30 20:46:40,Approved
PAY-00004935,TXN-0004935,Split Payment,313.36,2026-05-21 18:11:18,Approved
PAY-00004936,TXN-0004936,Debit Card,245.06,2026-07-11 09:40:54,Approved
PAY-00004937,TXN-0004937,Cash,120.1,2026-06-18 20:55:50,Approved
PAY-00004938,TXN-0004938,Debit Card,265.0,2026-06-06 15:19:52,Approved
PAY-00004939,TXN-0004939,Debit Card,127.22,2026-06-11 19:23:11,Approved
PAY-00004940,TXN-0004940,Debit Card,8.3,2026-06-09 19:55:16,Approved
PAY-00004941,TXN-0004941,Credit Card,303.55,2026-06-27 19:26:46,Approved
PAY-00004942,TXN-0004942,Credit Card,242.15,2026-05-10 09:57:21,Approved
PAY-00004943,TXN-0004943,Debit Card,168.11,2026-07-30 12:34:22,Approved
PAY-00004944,TXN-0004944,Credit Card,116.13,2026-05-26 14:54:31,Approved
PAY-00004945,TXN-0004945,Debit Card,143.86,2026-07-08 08:22:07,Approved
PAY-00004946,TXN-0004946,Cash,26.21,2026-06-15 10:59:58,Approved
PAY-00004947,TXN-0004947,Credit Card,245.12,2026-07-23 12:08:47,Approved
PAY-00004948,TXN-0004948,Cash,231.02,2026-05-11 18:44:07,Approved
PAY-00004949,TXN-0004949,Cash,294.06,2026-07-10 18:06:55,Approved
PAY-00004950,TXN-0004950,Credit Card,220.3,2026-07-16 18:49:52,Approved
PAY-00004951,TXN-0004951,Gift Card,244.49,2026-06-30 09:41:52,Approved
PAY-00004952,TXN-0004952,Credit Card,309.49,2026-07-25 15:47:38,Approved
PAY-00004953,TXN-0004953,Credit Card,344.92,2026-05-20 11:12:54,Approved
PAY-00004954,TXN-0004954,Credit Card,249.85,2026-06-08 11:36:38,Approved
PAY-00004955,TXN-0004955,Credit Card,115.45,2026-05-24 14:14:53,Approved
PAY-00004956,TXN-0004956,Debit Card,241.79,2026-05-20 10:16:29,Approved
PAY-00004957,TXN-0004957,Gift Card,239.74,2026-05-11 16:06:32,Approved
PAY-00004958,TXN-0004958,Cash,344.34,2026-07-22 13:57:23,Approved
PAY-00004959,TXN-0004959,Cash,119.8,2026-07-29 20:25:25,Approved
PAY-00004960,TXN-0004960,Cash,158.15,2026-07-15 13:03:45,Approved
PAY-00004961,TXN-0004961,Debit Card,326.88,2026-06-21 20:21:18,Approved
PAY-00004962,TXN-0004962,Debit Card,147.89,2026-05-19 09:19:13,Approved
PAY-00004963,TXN-0004963,Debit Card,20.58,2026-06-06 15:16:51,Approved
PAY-00004964,TXN-0004964,Credit Card,228.74,2026-06-02 15:22:04,Approved
PAY-00004965,TXN-0004965,Debit Card,178.25,2026-05-17 11:01:21,Approved
PAY-00004966,TXN-0004966,Cash,176.42,2026-06-18 13:40:37,Approved
PAY-00004967,TXN-0004967,Gift Card,221.67,2026-06-14 09:03:22,Approved
PAY-00004968,TXN-0004968,Credit Card,714.34,2026-05-17 17:27:44,Approved
PAY-00004969,TXN-0004969,Split Payment,200.26,2026-06-22 09:50:57,Approved
PAY-00004970,TXN-0004970,Credit Card,114.02,2026-06-02 08:14:25,Approved
PAY-00004971,TXN-0004971,Credit Card,316.92,2026-06-17 09:58:11,Approved
PAY-00004972,TXN-0004972,Credit Card,55.39,2026-07-18 09:35:47,Approved
PAY-00004973,TXN-0004973,Credit Card,92.79,2026-07-05 17:54:37,Approved
PAY-00004974,TXN-0004974,Cash,232.76,2026-07-28 10:11:22,Approved
PAY-00004975,TXN-0004975,Debit Card,251.04,2026-07-01 17:22:40,Approved
PAY-00004976,TXN-0004976,Credit Card,8.74,2026-05-08 21:35:51,Approved
PAY-00004977,TXN-0004977,Credit Card,127.74,2026-06-12 19:44:27,Approved
PAY-00004978,TXN-0004978,Cash,208.43,2026-06-05 20:09:16,Approved
PAY-00004979,TXN-0004979,Credit Card,234.56,2026-06-05 18:10:02,Approved
PAY-00004980,TXN-0004980,Credit Card,489.24,2026-06-16 15:09:56,Approved
PAY-00004981,TXN-0004981,Cash,163.6,2026-07-09 16:08:11,Approved
PAY-00004982,TXN-0004982,Debit Card,347.94,2026-07-09 20:52:44,Approved
PAY-00004983,TXN-0004983,Debit Card,172.96,2026-07-12 11:08:49,Approved
PAY-00004984,TXN-0004984,Debit Card,313.68,2026-07-20 10:12:55,Approved
PAY-00004985,TXN-0004985,Debit Card,238.15,2026-06-29 18:24:04,Approved
PAY-00004986,TXN-0004986,Cash,103.06,2026-07-06 19:07:38,Approved
PAY-00004987,TXN-0004987,Cash,120.33,2026-07-20 19:24:48,Approved
PAY-00004988,TXN-0004988,Credit Card,214.42,2026-06-04 18:44:51,Approved
PAY-00004989,TXN-0004989,Cash,60.26,2026-05-18 11:23:58,Approved
PAY-00004990,TXN-0004990,Credit Card,53.3,2026-06-23 16:09:44,Approved
PAY-00004991,TXN-0004991,Debit Card,206.13,2026-07-17 08:54:17,Approved
PAY-00004992,TXN-0004992,Cash,297.56,2026-05-27 18:38:17,Approved
PAY-00004993,TXN-0004993,Credit Card,11.78,2026-06-21 14:47:59,Approved
PAY-00004994,TXN-0004994,Gift Card,266.19,2026-05-18 20:50:24,Approved
PAY-00004995,TXN-0004995,Credit Card,363.61,2026-07-24 12:23:54,Approved
PAY-00004996,TXN-0004996,Gift Card,225.62,2026-05-17 09:26:52,Approved
PAY-00004997,TXN-0004997,Credit Card,49.52,2026-06-14 10:55:08,Approved
PAY-00004998,TXN-0004998,Debit Card,125.76,2026-07-11 08:53:10,Approved
PAY-00004999,TXN-0004999,Cash,118.53,2026-07-03 18:33:31,Approved
PAY-00005000,TXN-0005000,Cash,289.41,2026-05-31 13:17:08,Approved
