prescription_id,prescription_number,store_id,pharmacist_employee_id,technician_employee_id,customer_id,product_id,received_datetime,filled_datetime,picked_up_datetime,quantity,refill_number,cash_price,customer_payment,insurance_payment,status,turnaround_minutes,reversal_flag,exception_reason
RX-0000001,RXN-100001,PH-002,EMP-0028,EMP-0031,CUS-04780,PRD-00659,2026-07-29 15:05:43,2026-07-29 15:20:43,2026-07-31 13:20:43,41,2,37.87,11.97,25.9,Picked Up,15,False,
RX-0000002,RXN-100002,PH-003,EMP-0048,EMP-0054,CUS-02144,PRD-00520,2026-05-14 12:04:59,2026-05-14 12:38:59,2026-05-15 02:38:59,19,2,38.3,5.48,32.82,Picked Up,34,False,
RX-0000003,RXN-100003,PH-001,EMP-0005,EMP-0010,CUS-01477,PRD-00685,2026-05-06 17:55:18,2026-05-06 18:10:18,2026-05-08 16:10:18,87,1,15.6,3.89,11.71,Picked Up,15,False,
RX-0000004,RXN-100004,PH-002,EMP-0028,EMP-0031,CUS-01982,PRD-00507,2026-05-13 20:42:53,2026-05-13 21:01:53,2026-05-14 04:01:53,27,3,16.68,3.33,13.35,Picked Up,19,False,
RX-0000005,RXN-100005,PH-005,EMP-0093,EMP-0097,CUS-04599,PRD-00476,2026-07-15 16:04:12,2026-07-15 16:34:12,2026-07-16 21:34:12,73,2,100.3,11.84,88.46,Not Collected,30,False,
RX-0000006,RXN-100006,PH-001,EMP-0005,EMP-0010,CUS-04716,PRD-00324,2026-05-20 10:16:35,2026-05-20 10:50:35,2026-05-22 04:50:35,38,1,17.72,4.95,12.77,Not Collected,34,False,
RX-0000007,RXN-100007,PH-002,EMP-0027,EMP-0029,CUS-03991,PRD-00338,2026-06-08 08:09:17,2026-06-08 08:31:17,2026-06-09 07:31:17,30,3,16.65,2.78,13.87,Picked Up,22,False,
RX-0000008,RXN-100008,PH-002,EMP-0026,EMP-0032,CUS-02080,PRD-00391,2026-05-19 14:02:03,2026-05-19 14:15:03,2026-05-20 07:15:03,69,1,41.2,4.39,36.81,Picked Up,13,False,
RX-0000009,RXN-100009,PH-005,EMP-0094,EMP-0096,CUS-04971,PRD-00568,2026-07-01 21:22:34,2026-07-01 21:49:34,2026-07-03 05:49:34,65,1,101.3,12.5,88.8,Picked Up,27,False,
RX-0000010,RXN-100010,PH-001,EMP-0005,EMP-0007,CUS-04749,PRD-00055,2026-07-30 10:20:08,2026-07-30 11:01:08,2026-08-01 02:01:08,68,1,57.25,9.18,48.07,Picked Up,41,False,
RX-0000011,RXN-100011,PH-005,EMP-0094,EMP-0099,CUS-04644,PRD-00473,2026-06-03 13:29:53,2026-06-03 14:00:53,2026-06-05 03:00:53,25,3,8.93,3.44,5.49,Picked Up,31,False,
RX-0000012,RXN-100012,PH-002,EMP-0026,EMP-0032,CUS-03578,PRD-00517,2026-06-06 14:46:23,2026-06-06 15:08:23,2026-06-08 15:08:23,54,1,21.13,6.54,14.59,Picked Up,22,False,
RX-0000013,RXN-100013,PH-002,EMP-0027,EMP-0032,CUS-01358,PRD-00567,2026-05-06 20:33:53,2026-05-06 21:16:53,2026-05-08 01:16:53,52,1,25.22,6.91,18.31,Picked Up,43,False,
RX-0000014,RXN-100014,PH-001,EMP-0005,EMP-0009,CUS-01791,PRD-00467,2026-07-23 14:48:47,2026-07-23 15:17:47,2026-07-23 16:17:47,77,0,88.74,7.52,81.22,Picked Up,29,False,
RX-0000015,RXN-100015,PH-003,EMP-0050,EMP-0054,CUS-04373,PRD-00591,2026-06-29 21:25:05,2026-06-29 21:58:05,2026-07-01 06:58:05,12,2,118.21,25.51,92.7,Picked Up,33,False,
RX-0000016,RXN-100016,PH-003,EMP-0048,EMP-0054,CUS-04693,PRD-00271,2026-07-25 16:58:21,2026-07-25 17:41:21,2026-07-27 15:41:21,35,1,90.96,14.24,76.72,Not Collected,43,False,
RX-0000017,RXN-100017,PH-002,EMP-0028,EMP-0029,CUS-03903,PRD-00482,2026-05-20 12:15:33,2026-05-20 12:57:33,2026-05-22 08:57:33,23,2,65.02,20.52,44.5,Picked Up,42,False,
RX-0000018,RXN-100018,PH-003,EMP-0048,EMP-0055,CUS-04237,PRD-00718,2026-06-05 14:04:20,2026-06-05 14:33:20,2026-06-06 14:33:20,49,3,26.72,5.97,20.75,Picked Up,29,False,
RX-0000019,RXN-100019,PH-005,EMP-0093,EMP-0097,CUS-03794,PRD-00220,2026-07-29 13:01:03,2026-07-29 13:24:03,2026-07-30 10:24:03,35,3,91.01,31.49,59.52,Picked Up,23,False,
RX-0000020,RXN-100020,PH-003,EMP-0049,EMP-0052,CUS-04506,PRD-00322,2026-06-12 17:37:12,2026-06-12 17:56:12,2026-06-13 02:56:12,52,3,30.06,2.99,27.07,Picked Up,19,False,
RX-0000021,RXN-100021,PH-004,EMP-0070,EMP-0075,CUS-00313,PRD-00316,2026-06-10 19:38:02,2026-06-10 20:18:02,2026-06-11 13:18:02,84,0,120.54,21.15,99.39,Reversed,40,True,
RX-0000022,RXN-100022,PH-003,EMP-0050,EMP-0052,CUS-01311,PRD-00347,2026-06-25 20:20:04,2026-06-25 21:01:04,2026-06-27 18:01:04,26,1,100.37,11.45,88.92,Picked Up,41,False,
RX-0000023,RXN-100023,PH-003,EMP-0049,EMP-0055,CUS-04860,PRD-00423,2026-06-17 08:51:39,2026-06-17 09:36:39,2026-06-19 02:36:39,90,3,81.89,13.81,68.08,Picked Up,45,False,
RX-0000024,RXN-100024,PH-005,EMP-0092,EMP-0095,CUS-04564,PRD-00353,2026-05-29 12:33:03,2026-05-29 12:43:03,2026-05-30 04:43:03,16,0,60.69,16.47,44.22,Not Collected,10,False,
RX-0000025,RXN-100025,PH-001,EMP-0004,EMP-0010,CUS-04884,PRD-00485,2026-06-06 19:13:26,2026-06-06 19:42:26,2026-06-07 16:42:26,18,1,21.76,4.12,17.64,Picked Up,29,False,
RX-0000026,RXN-100026,PH-005,EMP-0092,EMP-0095,CUS-00791,PRD-00331,2026-07-06 18:24:00,2026-07-06 18:32:00,2026-07-07 11:32:00,35,2,37.21,2.17,35.04,Picked Up,8,False,
RX-0000027,RXN-100027,PH-003,EMP-0050,EMP-0055,CUS-04251,PRD-00391,2026-05-21 09:52:18,2026-05-21 10:36:18,2026-05-21 16:36:18,90,2,27.9,10.74,17.16,Picked Up,44,False,
RX-0000028,RXN-100028,PH-002,EMP-0027,EMP-0029,CUS-01601,PRD-00086,2026-05-22 16:07:31,2026-05-22 16:38:31,2026-05-24 15:38:31,26,0,52.61,14.76,37.85,Reversed,31,True,
RX-0000029,RXN-100029,PH-001,EMP-0005,EMP-0011,CUS-04481,PRD-00338,2026-06-01 15:19:28,2026-06-01 15:46:28,2026-06-02 19:46:28,59,3,17.88,5.94,11.94,Picked Up,27,False,
RX-0000030,RXN-100030,PH-001,EMP-0004,EMP-0010,CUS-04249,PRD-00101,2026-07-08 11:23:45,2026-07-08 12:01:45,2026-07-09 16:01:45,88,0,30.02,5.29,24.73,Picked Up,38,False,
RX-0000031,RXN-100031,PH-003,EMP-0050,EMP-0054,CUS-04181,PRD-00569,2026-07-12 18:44:50,2026-07-12 19:02:50,2026-07-14 00:02:50,22,0,30.29,7.55,22.74,Picked Up,18,False,
RX-0000032,RXN-100032,PH-003,EMP-0049,EMP-0051,CUS-01301,PRD-00280,2026-07-21 08:50:54,2026-07-21 09:38:54,2026-07-22 13:38:54,50,0,19.7,6.64,13.06,Picked Up,48,False,
RX-0000033,RXN-100033,PH-004,EMP-0070,EMP-0074,CUS-00037,PRD-00338,2026-07-05 08:53:48,2026-07-05 09:27:48,2026-07-05 10:27:48,70,3,15.52,5.03,10.49,Picked Up,34,False,
RX-0000034,RXN-100034,PH-004,EMP-0071,EMP-0076,CUS-04632,PRD-00220,2026-05-05 09:37:18,2026-05-05 10:15:18,2026-05-06 07:15:18,53,3,89.81,9.21,80.6,Picked Up,38,False,
RX-0000035,RXN-100035,PH-002,EMP-0028,EMP-0032,CUS-01547,PRD-00591,2026-05-03 09:20:28,2026-05-03 09:58:28,2026-05-04 17:58:28,90,0,154.13,15.08,139.05,Picked Up,38,False,
RX-0000036,RXN-100036,PH-004,EMP-0072,EMP-0074,CUS-01933,PRD-00654,2026-07-03 20:53:59,2026-07-03 21:15:59,2026-07-05 05:15:59,44,2,70.28,8.05,62.23,Picked Up,22,False,
RX-0000037,RXN-100037,PH-004,EMP-0070,EMP-0077,CUS-04382,PRD-00116,2026-07-15 10:02:57,2026-07-15 10:42:57,2026-07-16 12:42:57,88,3,60.83,11.7,49.13,Ready,40,False,
RX-0000038,RXN-100038,PH-002,EMP-0027,EMP-0031,CUS-00340,PRD-00786,2026-06-02 08:34:20,2026-06-02 08:59:20,2026-06-03 22:59:20,64,2,129.66,20.67,108.99,Picked Up,25,False,
RX-0000039,RXN-100039,PH-001,EMP-0004,EMP-0011,CUS-01073,PRD-00467,2026-06-13 12:01:02,2026-06-13 12:15:02,2026-06-15 05:15:02,81,0,68.51,14.6,53.91,Picked Up,14,False,
RX-0000040,RXN-100040,PH-002,EMP-0026,EMP-0029,CUS-04311,PRD-00574,2026-06-15 19:51:04,2026-06-15 20:21:04,2026-06-17 06:21:04,19,2,51.64,7.43,44.21,Picked Up,30,False,
RX-0000041,RXN-100041,PH-002,EMP-0026,EMP-0031,CUS-02954,PRD-00130,2026-07-30 15:09:02,2026-07-30 15:25:02,2026-07-31 10:25:02,54,2,33.59,6.21,27.38,Ready,16,False,
RX-0000042,RXN-100042,PH-002,EMP-0028,EMP-0030,CUS-00709,PRD-00116,2026-07-14 16:06:40,2026-07-14 16:23:40,2026-07-16 08:23:40,76,0,75.32,16.4,58.92,Reversed,17,True,
RX-0000043,RXN-100043,PH-004,EMP-0071,EMP-0076,CUS-02649,PRD-00130,2026-06-02 17:07:35,2026-06-02 17:42:35,2026-06-04 08:42:35,63,2,39.46,9.53,29.93,Reversed,35,True,
RX-0000044,RXN-100044,PH-004,EMP-0071,EMP-0076,CUS-01683,PRD-00331,2026-07-04 19:14:10,2026-07-04 19:48:10,2026-07-06 15:48:10,36,2,43.23,12.02,31.21,Picked Up,34,False,
RX-0000045,RXN-100045,PH-004,EMP-0070,EMP-0077,CUS-02295,PRD-00280,2026-07-23 09:37:15,2026-07-23 10:00:15,2026-07-24 20:00:15,17,1,16.65,4.37,12.28,Picked Up,23,False,
RX-0000046,RXN-100046,PH-002,EMP-0027,EMP-0029,CUS-03931,PRD-00507,2026-07-28 15:44:51,2026-07-28 16:22:51,2026-07-29 01:22:51,38,2,12.27,1.38,10.89,Picked Up,38,False,
RX-0000047,RXN-100047,PH-004,EMP-0070,EMP-0073,CUS-04909,PRD-00569,2026-07-09 12:23:02,2026-07-09 13:13:02,2026-07-11 07:13:02,89,2,53.08,16.49,36.59,Picked Up,50,False,
RX-0000048,RXN-100048,PH-001,EMP-0004,EMP-0011,CUS-01391,PRD-00455,2026-07-14 15:43:31,2026-07-14 16:20:31,2026-07-15 16:20:31,52,2,64.48,7.97,56.51,Picked Up,37,False,
RX-0000049,RXN-100049,PH-005,EMP-0092,EMP-0098,CUS-02446,PRD-00682,2026-06-18 09:49:53,2026-06-18 10:33:53,2026-06-18 11:33:53,10,0,68.26,14.11,54.15,Picked Up,44,False,
RX-0000050,RXN-100050,PH-001,EMP-0005,EMP-0011,CUS-01980,PRD-00569,2026-07-20 21:35:48,2026-07-20 21:57:48,2026-07-22 04:57:48,65,2,55.43,18.62,36.81,Cancelled,22,False,
RX-0000051,RXN-100051,PH-003,EMP-0048,EMP-0053,CUS-02173,PRD-00685,2026-05-02 09:16:50,2026-05-02 09:29:50,2026-05-03 23:29:50,62,2,16.4,3.44,12.96,Picked Up,13,False,
RX-0000052,RXN-100052,PH-003,EMP-0048,EMP-0052,CUS-00714,PRD-00011,2026-05-09 13:30:40,2026-05-09 14:04:40,2026-05-11 05:04:40,66,1,68.64,3.49,65.15,Picked Up,34,False,
RX-0000053,RXN-100053,PH-001,EMP-0004,EMP-0010,CUS-02159,PRD-00067,2026-05-12 21:53:00,2026-05-12 22:09:00,2026-05-13 10:09:00,29,0,35.94,9.13,26.81,Reversed,16,True,
RX-0000054,RXN-100054,PH-004,EMP-0072,EMP-0073,CUS-04254,PRD-00486,2026-05-30 14:36:45,2026-05-30 15:11:45,2026-06-01 12:11:45,44,0,44.32,8.47,35.85,Ready,35,False,
RX-0000055,RXN-100055,PH-004,EMP-0071,EMP-0074,CUS-01102,PRD-00476,2026-05-12 10:38:41,2026-05-12 11:17:41,2026-05-12 22:17:41,28,0,77.57,6.78,70.79,Picked Up,39,False,
RX-0000056,RXN-100056,PH-003,EMP-0048,EMP-0052,CUS-01534,PRD-00574,2026-05-29 10:26:55,2026-05-29 10:41:55,2026-05-29 19:41:55,16,1,73.43,5.52,67.91,Picked Up,15,False,
RX-0000057,RXN-100057,PH-002,EMP-0028,EMP-0033,CUS-03863,PRD-00485,2026-07-30 17:04:53,2026-07-30 17:40:53,2026-08-01 17:40:53,42,2,25.56,1.28,24.28,Ready,36,False,
RX-0000058,RXN-100058,PH-001,EMP-0005,EMP-0008,CUS-01039,PRD-00485,2026-07-10 20:00:29,2026-07-10 20:24:29,2026-07-12 13:24:29,44,3,21.42,1.24,20.18,Picked Up,24,False,
RX-0000059,RXN-100059,PH-001,EMP-0005,EMP-0009,CUS-04404,PRD-00185,2026-06-18 10:19:58,2026-06-18 10:47:58,2026-06-19 10:47:58,76,3,14.86,4.42,10.44,Reversed,28,True,
RX-0000060,RXN-100060,PH-005,EMP-0093,EMP-0095,CUS-03579,PRD-00050,2026-05-31 14:14:21,2026-05-31 14:29:21,2026-06-02 06:29:21,13,0,108.27,27.45,80.82,Reversed,15,True,
RX-0000061,RXN-100061,PH-002,EMP-0028,EMP-0029,CUS-02854,PRD-00057,2026-06-19 18:11:02,2026-06-19 18:53:02,2026-06-20 12:53:02,86,2,31.9,10.35,21.55,Ready,42,False,
RX-0000062,RXN-100062,PH-002,EMP-0026,EMP-0029,CUS-04954,PRD-00036,2026-07-30 09:33:41,2026-07-30 09:56:41,2026-08-01 06:56:41,17,0,6.19,1.55,4.64,Ready,23,False,
RX-0000063,RXN-100063,PH-002,EMP-0027,EMP-0033,CUS-02896,PRD-00654,2026-06-13 21:01:49,2026-06-13 21:12:49,2026-06-14 01:12:49,75,0,54.31,10.71,43.6,Picked Up,11,False,
RX-0000064,RXN-100064,PH-005,EMP-0092,EMP-0099,CUS-02833,PRD-00338,2026-05-07 16:25:47,2026-05-07 17:06:47,2026-05-08 22:06:47,59,0,30.52,3.55,26.97,Reversed,41,True,
RX-0000065,RXN-100065,PH-001,EMP-0005,EMP-0008,CUS-04836,PRD-00316,2026-05-27 21:15:21,2026-05-27 22:05:21,2026-05-28 01:05:21,46,2,70.13,16.21,53.92,Ready,50,False,
RX-0000066,RXN-100066,PH-005,EMP-0092,EMP-0098,CUS-00128,PRD-00220,2026-06-12 15:09:04,2026-06-12 15:26:04,2026-06-13 11:26:04,61,3,62.79,19.25,43.54,Picked Up,17,False,
RX-0000067,RXN-100067,PH-001,EMP-0005,EMP-0009,CUS-03486,PRD-00013,2026-07-23 19:19:43,2026-07-23 19:24:43,2026-07-25 00:24:43,38,1,35.82,2.37,33.45,Picked Up,5,False,
RX-0000068,RXN-100068,PH-002,EMP-0028,EMP-0031,CUS-00561,PRD-00155,2026-07-11 14:32:45,2026-07-11 15:02:45,2026-07-13 12:02:45,32,2,88.31,13.68,74.63,Picked Up,30,False,
RX-0000069,RXN-100069,PH-002,EMP-0027,EMP-0032,CUS-03257,PRD-00781,2026-06-23 17:36:45,2026-06-23 18:08:45,2026-06-23 23:08:45,33,1,77.58,22.9,54.68,Picked Up,32,False,
RX-0000070,RXN-100070,PH-002,EMP-0028,EMP-0029,CUS-04474,PRD-00659,2026-07-18 10:15:34,2026-07-18 10:47:34,2026-07-18 20:47:34,17,2,55.74,18.5,37.24,Ready,32,False,
RX-0000071,RXN-100071,PH-003,EMP-0048,EMP-0051,CUS-04139,PRD-00322,2026-06-30 10:27:27,2026-06-30 11:04:27,2026-06-30 21:04:27,58,1,48.21,7.39,40.82,Picked Up,37,False,
RX-0000072,RXN-100072,PH-002,EMP-0027,EMP-0030,CUS-01795,PRD-00391,2026-06-03 09:28:20,2026-06-03 09:54:20,2026-06-05 08:54:20,88,2,38.44,7.59,30.85,Picked Up,26,False,
RX-0000073,RXN-100073,PH-005,EMP-0094,EMP-0097,CUS-01735,PRD-00338,2026-06-24 17:43:42,2026-06-24 18:16:42,2026-06-25 07:16:42,30,0,34.28,1.79,32.49,Reversed,33,True,
RX-0000074,RXN-100074,PH-001,EMP-0004,EMP-0010,CUS-02182,PRD-00507,2026-07-05 19:27:55,2026-07-05 20:16:55,2026-07-06 09:16:55,51,2,19.49,7.42,12.07,Picked Up,49,False,
RX-0000075,RXN-100075,PH-002,EMP-0027,EMP-0031,CUS-02585,PRD-00040,2026-05-04 09:08:01,2026-05-04 09:28:01,2026-05-06 00:28:01,62,1,100.88,28.45,72.43,Ready,20,False,
RX-0000076,RXN-100076,PH-002,EMP-0028,EMP-0032,CUS-00313,PRD-00197,2026-07-24 18:53:29,2026-07-24 19:17:29,2026-07-26 08:17:29,89,0,48.42,16.53,31.89,Picked Up,24,False,
RX-0000077,RXN-100077,PH-002,EMP-0027,EMP-0032,CUS-01196,PRD-00081,2026-07-20 17:42:24,2026-07-20 18:28:24,2026-07-22 15:28:24,22,3,84.63,8.42,76.21,Picked Up,46,False,
RX-0000078,RXN-100078,PH-004,EMP-0070,EMP-0074,CUS-04091,PRD-00389,2026-06-15 09:10:21,2026-06-15 09:46:21,2026-06-16 13:46:21,78,3,101.01,26.78,74.23,Picked Up,36,False,
RX-0000079,RXN-100079,PH-004,EMP-0070,EMP-0074,CUS-01541,PRD-00567,2026-05-30 09:54:12,2026-05-30 10:01:12,2026-06-01 08:01:12,70,1,44.63,17.31,27.32,Picked Up,7,False,
RX-0000080,RXN-100080,PH-002,EMP-0028,EMP-0032,CUS-04521,PRD-00595,2026-07-23 20:23:11,2026-07-23 20:39:11,2026-07-24 13:39:11,87,3,45.94,9.49,36.45,Ready,16,False,
RX-0000081,RXN-100081,PH-005,EMP-0094,EMP-0096,CUS-00970,PRD-00435,2026-06-03 09:20:04,2026-06-03 09:38:04,2026-06-05 07:38:04,16,3,59.97,21.33,38.64,Not Collected,18,False,
RX-0000082,RXN-100082,PH-004,EMP-0072,EMP-0075,CUS-04570,PRD-00125,2026-06-19 14:19:29,2026-06-19 14:30:29,2026-06-19 19:30:29,75,2,17.58,5.48,12.1,Picked Up,11,False,
RX-0000083,RXN-100083,PH-003,EMP-0048,EMP-0053,CUS-03749,PRD-00781,2026-06-15 15:00:52,2026-06-15 15:26:52,2026-06-15 18:26:52,19,1,54.02,10.43,43.59,Picked Up,26,False,
RX-0000084,RXN-100084,PH-001,EMP-0004,EMP-0011,CUS-00942,PRD-00067,2026-05-27 11:50:41,2026-05-27 12:27:41,2026-05-27 23:27:41,57,2,18.86,2.27,16.59,Picked Up,37,False,
RX-0000085,RXN-100085,PH-005,EMP-0094,EMP-0099,CUS-02756,PRD-00155,2026-05-08 20:30:19,2026-05-08 20:56:19,2026-05-09 14:56:19,89,1,109.62,26.22,83.4,Picked Up,26,False,
RX-0000086,RXN-100086,PH-004,EMP-0072,EMP-0073,CUS-01237,PRD-00081,2026-07-24 12:50:24,2026-07-24 13:28:24,2026-07-26 07:28:24,75,3,59.43,14.41,45.02,Picked Up,38,False,
RX-0000087,RXN-100087,PH-001,EMP-0004,EMP-0007,CUS-03806,PRD-00096,2026-07-15 09:10:46,2026-07-15 09:29:46,2026-07-16 21:29:46,83,3,16.48,4.91,11.57,Picked Up,19,False,
RX-0000088,RXN-100088,PH-001,EMP-0005,EMP-0008,CUS-04896,PRD-00030,2026-07-29 13:16:39,2026-07-29 13:31:39,2026-07-30 21:31:39,82,2,35.37,13.85,21.52,Picked Up,15,False,
RX-0000089,RXN-100089,PH-003,EMP-0048,EMP-0053,CUS-02698,PRD-00786,2026-06-21 12:53:53,2026-06-21 13:24:53,2026-06-21 14:24:53,48,1,110.25,18.68,91.57,Picked Up,31,False,
RX-0000090,RXN-100090,PH-001,EMP-0005,EMP-0009,CUS-02626,PRD-00125,2026-05-11 21:44:21,2026-05-11 22:07:21,2026-05-12 05:07:21,22,1,31.76,12.51,19.25,Picked Up,23,False,
RX-0000091,RXN-100091,PH-005,EMP-0092,EMP-0095,CUS-00766,PRD-00595,2026-07-26 21:24:44,2026-07-26 21:46:44,2026-07-26 22:46:44,64,3,50.69,15.02,35.67,Picked Up,22,False,
RX-0000092,RXN-100092,PH-002,EMP-0026,EMP-0033,CUS-03144,PRD-00338,2026-07-05 18:37:12,2026-07-05 18:59:12,2026-07-06 14:59:12,27,2,14.6,1.43,13.17,Not Collected,22,False,
RX-0000093,RXN-100093,PH-002,EMP-0027,EMP-0031,CUS-02495,PRD-00476,2026-06-08 14:37:29,2026-06-08 14:55:29,2026-06-10 00:55:29,55,2,122.97,33.27,89.7,Reversed,18,True,
RX-0000094,RXN-100094,PH-005,EMP-0093,EMP-0098,CUS-02590,PRD-00527,2026-07-18 11:40:23,2026-07-18 12:28:23,2026-07-18 17:28:23,12,1,89.3,7.37,81.93,Picked Up,48,False,
RX-0000095,RXN-100095,PH-005,EMP-0093,EMP-0099,CUS-00966,PRD-00185,2026-05-01 21:08:45,2026-05-01 21:29:45,2026-05-02 18:29:45,20,1,14.35,5.67,8.68,Picked Up,21,False,
RX-0000096,RXN-100096,PH-004,EMP-0072,EMP-0073,CUS-03676,PRD-00568,2026-07-20 20:27:36,2026-07-20 20:44:36,2026-07-21 01:44:36,17,3,83.55,7.39,76.16,Not Collected,17,False,
RX-0000097,RXN-100097,PH-003,EMP-0048,EMP-0051,CUS-04702,PRD-00116,2026-05-17 08:15:51,2026-05-17 08:37:51,2026-05-17 16:37:51,72,1,69.44,5.57,63.87,Picked Up,22,False,
RX-0000098,RXN-100098,PH-002,EMP-0026,EMP-0032,CUS-01399,PRD-00654,2026-06-06 15:49:40,2026-06-06 16:12:40,2026-06-08 16:12:40,90,3,72.25,4.89,67.36,Picked Up,23,False,
RX-0000099,RXN-100099,PH-004,EMP-0072,EMP-0074,CUS-00515,PRD-00678,2026-07-30 19:56:14,2026-07-30 20:25:14,2026-08-01 20:25:14,11,1,43.16,5.22,37.94,Picked Up,29,False,
RX-0000100,RXN-100100,PH-003,EMP-0049,EMP-0054,CUS-04925,PRD-00786,2026-05-03 15:42:49,2026-05-03 16:10:49,2026-05-04 13:10:49,82,1,61.34,18.83,42.51,Picked Up,28,False,
RX-0000101,RXN-100101,PH-001,EMP-0004,EMP-0010,CUS-02775,PRD-00682,2026-05-04 08:17:24,2026-05-04 08:45:24,2026-05-04 16:45:24,77,1,46.49,2.69,43.8,Picked Up,28,False,
RX-0000102,RXN-100102,PH-004,EMP-0070,EMP-0075,CUS-00221,PRD-00096,2026-06-06 21:27:51,2026-06-06 21:57:51,2026-06-08 10:57:51,69,1,18.65,5.0,13.65,Cancelled,30,False,
RX-0000103,RXN-100103,PH-002,EMP-0027,EMP-0032,CUS-04202,PRD-00567,2026-07-21 10:21:29,2026-07-21 10:26:29,2026-07-22 16:26:29,57,1,20.24,1.94,18.3,Picked Up,5,False,
RX-0000104,RXN-100104,PH-004,EMP-0072,EMP-0077,CUS-00409,PRD-00455,2026-07-14 17:23:48,2026-07-14 17:41:48,2026-07-16 07:41:48,40,1,95.32,27.15,68.17,Picked Up,18,False,
RX-0000105,RXN-100105,PH-001,EMP-0004,EMP-0011,CUS-00643,PRD-00485,2026-05-19 17:43:58,2026-05-19 18:10:58,2026-05-21 09:10:58,62,0,21.72,7.39,14.33,Reversed,27,True,
RX-0000106,RXN-100106,PH-005,EMP-0093,EMP-0097,CUS-00528,PRD-00568,2026-05-29 16:52:04,2026-05-29 17:26:04,2026-05-30 14:26:04,17,0,94.88,25.2,69.68,Picked Up,34,False,
RX-0000107,RXN-100107,PH-001,EMP-0004,EMP-0009,CUS-02339,PRD-00030,2026-05-27 10:42:55,2026-05-27 10:58:55,2026-05-28 06:58:55,64,2,24.78,3.52,21.26,Picked Up,16,False,
RX-0000108,RXN-100108,PH-001,EMP-0005,EMP-0010,CUS-03472,PRD-00347,2026-07-01 15:03:18,2026-07-01 15:44:18,2026-07-02 07:44:18,86,1,114.9,44.24,70.66,Picked Up,41,False,
RX-0000109,RXN-100109,PH-005,EMP-0093,EMP-0095,CUS-00945,PRD-00040,2026-06-23 16:13:49,2026-06-23 16:35:49,2026-06-24 11:35:49,13,1,110.84,21.34,89.5,Reversed,22,True,
RX-0000110,RXN-100110,PH-005,EMP-0094,EMP-0097,CUS-03491,PRD-00389,2026-06-29 19:13:56,2026-06-29 19:32:56,2026-06-30 19:32:56,84,2,115.6,6.04,109.56,Cancelled,19,False,
RX-0000111,RXN-100111,PH-004,EMP-0072,EMP-0076,CUS-04108,PRD-00257,2026-05-15 17:03:44,2026-05-15 17:24:44,2026-05-16 04:24:44,56,1,48.0,7.94,40.06,Picked Up,21,False,
RX-0000112,RXN-100112,PH-004,EMP-0070,EMP-0076,CUS-03658,PRD-00324,2026-06-24 08:49:12,2026-06-24 09:21:12,2026-06-25 11:21:12,75,0,17.63,5.38,12.25,Ready,32,False,
RX-0000113,RXN-100113,PH-003,EMP-0049,EMP-0051,CUS-01671,PRD-00347,2026-07-05 13:15:37,2026-07-05 13:20:37,2026-07-06 03:20:37,44,1,120.46,44.71,75.75,Picked Up,5,False,
RX-0000114,RXN-100114,PH-002,EMP-0026,EMP-0032,CUS-03770,PRD-00324,2026-06-27 20:17:29,2026-06-27 20:50:29,2026-06-28 10:50:29,59,2,20.95,6.19,14.76,Picked Up,33,False,
RX-0000115,RXN-100115,PH-003,EMP-0050,EMP-0052,CUS-04302,PRD-00485,2026-06-20 17:02:46,2026-06-20 17:31:46,2026-06-21 15:31:46,71,3,23.48,5.02,18.46,Picked Up,29,False,
RX-0000116,RXN-100116,PH-003,EMP-0048,EMP-0052,CUS-04974,PRD-00389,2026-07-19 08:53:36,2026-07-19 09:27:36,2026-07-19 21:27:36,37,0,119.35,37.69,81.66,Picked Up,34,False,
RX-0000117,RXN-100117,PH-001,EMP-0004,EMP-0009,CUS-04813,PRD-00067,2026-07-07 19:54:27,2026-07-07 20:33:27,2026-07-07 23:33:27,83,3,41.71,15.54,26.17,Picked Up,39,False,
RX-0000118,RXN-100118,PH-005,EMP-0092,EMP-0099,CUS-01439,PRD-00595,2026-07-17 13:06:20,2026-07-17 13:48:20,2026-07-18 12:48:20,58,3,80.8,24.84,55.96,Picked Up,42,False,
RX-0000119,RXN-100119,PH-001,EMP-0004,EMP-0008,CUS-01102,PRD-00322,2026-07-18 08:49:06,2026-07-18 09:03:06,2026-07-18 11:03:06,65,2,32.23,10.8,21.43,Picked Up,14,False,
RX-0000120,RXN-100120,PH-004,EMP-0070,EMP-0074,CUS-01661,PRD-00353,2026-05-05 08:28:30,2026-05-05 09:02:30,2026-05-06 09:02:30,33,1,56.08,9.88,46.2,Picked Up,34,False,
RX-0000121,RXN-100121,PH-002,EMP-0026,EMP-0032,CUS-00251,PRD-00292,2026-05-15 17:30:40,2026-05-15 18:08:40,2026-05-17 03:08:40,35,2,76.52,7.56,68.96,Ready,38,False,
RX-0000122,RXN-100122,PH-001,EMP-0005,EMP-0008,CUS-01754,PRD-00473,2026-07-19 12:40:32,2026-07-19 13:04:32,2026-07-20 11:04:32,20,2,16.26,4.92,11.34,Picked Up,24,False,
RX-0000123,RXN-100123,PH-005,EMP-0093,EMP-0099,CUS-03132,PRD-00574,2026-05-08 11:13:03,2026-05-08 11:34:03,2026-05-09 01:34:03,21,1,77.21,24.42,52.79,Picked Up,21,False,
RX-0000124,RXN-100124,PH-003,EMP-0049,EMP-0052,CUS-02870,PRD-00482,2026-07-27 16:02:46,2026-07-27 16:36:46,2026-07-28 12:36:46,53,2,98.82,38.46,60.36,Picked Up,34,False,
RX-0000125,RXN-100125,PH-004,EMP-0071,EMP-0075,CUS-02780,PRD-00055,2026-06-25 21:36:58,2026-06-25 21:41:58,2026-06-26 10:41:58,75,0,79.69,19.51,60.18,Picked Up,5,False,
RX-0000126,RXN-100126,PH-002,EMP-0026,EMP-0030,CUS-03131,PRD-00473,2026-07-02 09:54:02,2026-07-02 10:12:02,2026-07-04 06:12:02,17,2,15.96,4.22,11.74,Cancelled,18,False,
RX-0000127,RXN-100127,PH-005,EMP-0093,EMP-0099,CUS-02269,PRD-00682,2026-07-30 18:10:03,2026-07-30 18:41:03,2026-08-01 10:41:03,30,2,90.42,7.06,83.36,Picked Up,31,False,
RX-0000128,RXN-100128,PH-004,EMP-0070,EMP-0077,CUS-03707,PRD-00507,2026-06-06 17:45:23,2026-06-06 18:01:23,2026-06-07 06:01:23,17,1,12.81,3.32,9.49,Picked Up,16,False,
RX-0000129,RXN-100129,PH-005,EMP-0092,EMP-0097,CUS-03630,PRD-00353,2026-05-23 16:26:52,2026-05-23 16:59:52,2026-05-24 01:59:52,67,0,70.52,26.32,44.2,Picked Up,33,False,
RX-0000130,RXN-100130,PH-004,EMP-0070,EMP-0073,CUS-03610,PRD-00096,2026-06-14 17:35:01,2026-06-14 18:10:01,2026-06-15 23:10:01,74,1,25.58,2.57,23.01,Cancelled,35,False,
RX-0000131,RXN-100131,PH-002,EMP-0027,EMP-0029,CUS-02911,PRD-00316,2026-06-19 17:26:51,2026-06-19 18:09:51,2026-06-20 09:09:51,26,0,91.21,27.81,63.4,Not Collected,43,False,
RX-0000132,RXN-100132,PH-001,EMP-0004,EMP-0008,CUS-02269,PRD-00718,2026-06-18 09:32:56,2026-06-18 10:06:56,2026-06-18 22:06:56,70,0,35.07,4.29,30.78,Ready,34,False,
RX-0000133,RXN-100133,PH-001,EMP-0005,EMP-0011,CUS-01718,PRD-00476,2026-06-27 19:06:08,2026-06-27 19:51:08,2026-06-28 22:51:08,11,2,96.43,6.6,89.83,Cancelled,45,False,
RX-0000134,RXN-100134,PH-001,EMP-0005,EMP-0009,CUS-01772,PRD-00720,2026-06-05 11:44:53,2026-06-05 12:25:53,2026-06-06 18:25:53,40,1,17.55,5.12,12.43,Picked Up,41,False,
RX-0000135,RXN-100135,PH-002,EMP-0026,EMP-0032,CUS-04455,PRD-00271,2026-07-26 16:03:09,2026-07-26 16:28:09,2026-07-28 07:28:09,24,2,109.82,29.61,80.21,Picked Up,25,False,
RX-0000136,RXN-100136,PH-005,EMP-0093,EMP-0097,CUS-03420,PRD-00569,2026-05-21 19:37:00,2026-05-21 20:07:00,2026-05-23 20:07:00,22,3,52.7,7.75,44.95,Cancelled,30,False,
RX-0000137,RXN-100137,PH-001,EMP-0005,EMP-0007,CUS-04652,PRD-00271,2026-07-20 10:10:45,2026-07-20 10:26:45,2026-07-22 03:26:45,73,0,97.78,15.4,82.38,Picked Up,16,False,
RX-0000138,RXN-100138,PH-003,EMP-0048,EMP-0053,CUS-03255,PRD-00682,2026-05-30 19:42:23,2026-05-30 20:29:23,2026-05-31 21:29:23,61,3,61.49,6.39,55.1,Picked Up,47,False,
RX-0000139,RXN-100139,PH-004,EMP-0070,EMP-0073,CUS-02331,PRD-00591,2026-05-18 13:05:21,2026-05-18 13:48:21,2026-05-19 00:48:21,10,1,163.9,48.6,115.3,Picked Up,43,False,
RX-0000140,RXN-100140,PH-001,EMP-0004,EMP-0011,CUS-01493,PRD-00395,2026-06-09 18:06:18,2026-06-09 18:28:18,2026-06-10 05:28:18,21,2,22.1,3.65,18.45,Picked Up,22,False,
RX-0000141,RXN-100141,PH-004,EMP-0071,EMP-0073,CUS-02378,PRD-00655,2026-07-12 10:18:54,2026-07-12 10:54:54,2026-07-13 14:54:54,45,2,66.01,14.64,51.37,Picked Up,36,False,
RX-0000142,RXN-100142,PH-004,EMP-0072,EMP-0075,CUS-02991,PRD-00685,2026-06-02 18:39:57,2026-06-02 18:56:57,2026-06-03 20:56:57,12,0,9.64,3.21,6.43,Picked Up,17,False,
RX-0000143,RXN-100143,PH-003,EMP-0048,EMP-0051,CUS-00472,PRD-00781,2026-07-30 13:16:48,2026-07-30 13:32:48,2026-07-31 05:32:48,45,1,88.11,9.65,78.46,Picked Up,16,False,
RX-0000144,RXN-100144,PH-002,EMP-0027,EMP-0029,CUS-04658,PRD-00655,2026-07-21 15:45:01,2026-07-21 15:50:01,2026-07-22 06:50:01,10,0,122.45,43.94,78.51,Picked Up,5,False,
RX-0000145,RXN-100145,PH-003,EMP-0049,EMP-0053,CUS-02332,PRD-00595,2026-07-28 12:35:11,2026-07-28 13:12:11,2026-07-30 04:12:11,11,0,79.92,24.89,55.03,Picked Up,37,False,
RX-0000146,RXN-100146,PH-005,EMP-0093,EMP-0099,CUS-04597,PRD-00576,2026-07-13 12:59:02,2026-07-13 13:29:02,2026-07-13 16:29:02,25,2,31.65,6.11,25.54,Cancelled,30,False,
RX-0000147,RXN-100147,PH-005,EMP-0094,EMP-0097,CUS-03215,PRD-00568,2026-06-27 09:11:58,2026-06-27 09:30:58,2026-06-27 11:30:58,51,3,57.58,21.06,36.52,Picked Up,19,False,
RX-0000148,RXN-100148,PH-001,EMP-0005,EMP-0011,CUS-00539,PRD-00067,2026-06-15 08:37:03,2026-06-15 09:00:03,2026-06-16 01:00:03,73,2,24.29,7.87,16.42,Picked Up,23,False,
RX-0000149,RXN-100149,PH-004,EMP-0072,EMP-0074,CUS-02171,PRD-00096,2026-05-01 08:31:02,2026-05-01 08:47:02,2026-05-03 01:47:02,50,1,14.51,1.39,13.12,Picked Up,16,False,
RX-0000150,RXN-100150,PH-005,EMP-0092,EMP-0095,CUS-00583,PRD-00781,2026-05-08 12:26:14,2026-05-08 12:58:14,2026-05-10 08:58:14,44,2,57.52,6.78,50.74,Picked Up,32,False,
RX-0000151,RXN-100151,PH-005,EMP-0094,EMP-0099,CUS-03257,PRD-00395,2026-07-04 13:12:47,2026-07-04 13:17:47,2026-07-06 12:17:47,43,3,25.59,10.23,15.36,Picked Up,5,False,
RX-0000152,RXN-100152,PH-004,EMP-0071,EMP-0074,CUS-02068,PRD-00305,2026-06-01 09:31:16,2026-06-01 09:48:16,2026-06-02 14:48:16,47,3,84.36,28.28,56.08,Reversed,17,True,
RX-0000153,RXN-100153,PH-003,EMP-0049,EMP-0051,CUS-00998,PRD-00305,2026-05-22 14:59:18,2026-05-22 15:42:18,2026-05-23 09:42:18,68,1,82.62,21.8,60.82,Picked Up,43,False,
RX-0000154,RXN-100154,PH-004,EMP-0071,EMP-0075,CUS-04751,PRD-00685,2026-05-28 14:55:25,2026-05-28 15:21:25,2026-05-29 15:21:25,27,0,11.5,2.29,9.21,Ready,26,False,
RX-0000155,RXN-100155,PH-001,EMP-0005,EMP-0011,CUS-00982,PRD-00574,2026-05-07 08:24:23,2026-05-07 08:51:23,2026-05-08 06:51:23,13,1,31.94,8.08,23.86,Picked Up,27,False,
RX-0000156,RXN-100156,PH-002,EMP-0027,EMP-0030,CUS-00085,PRD-00013,2026-07-16 18:51:54,2026-07-16 19:19:54,2026-07-18 09:19:54,56,2,36.27,13.17,23.1,Picked Up,28,False,
RX-0000157,RXN-100157,PH-001,EMP-0004,EMP-0008,CUS-02873,PRD-00389,2026-06-03 09:20:19,2026-06-03 09:50:19,2026-06-05 09:50:19,17,0,79.12,16.02,63.1,Picked Up,30,False,
RX-0000158,RXN-100158,PH-003,EMP-0050,EMP-0053,CUS-02821,PRD-00030,2026-06-20 18:17:30,2026-06-20 18:43:30,2026-06-21 14:43:30,43,0,42.58,3.28,39.3,Picked Up,26,False,
RX-0000159,RXN-100159,PH-004,EMP-0070,EMP-0075,CUS-00222,PRD-00473,2026-07-28 18:52:39,2026-07-28 19:10:39,2026-07-30 02:10:39,18,1,10.94,1.27,9.67,Picked Up,18,False,
RX-0000160,RXN-100160,PH-004,EMP-0070,EMP-0074,CUS-01575,PRD-00682,2026-05-17 12:22:15,2026-05-17 12:51:15,2026-05-17 20:51:15,68,3,42.84,4.53,38.31,Reversed,29,True,
RX-0000161,RXN-100161,PH-001,EMP-0005,EMP-0010,CUS-00222,PRD-00678,2026-05-23 10:12:42,2026-05-23 10:33:42,2026-05-24 16:33:42,24,0,27.36,1.77,25.59,Picked Up,21,False,
RX-0000162,RXN-100162,PH-003,EMP-0049,EMP-0055,CUS-00113,PRD-00435,2026-06-03 14:29:02,2026-06-03 14:55:02,2026-06-05 01:55:02,80,0,30.07,2.87,27.2,Picked Up,26,False,
RX-0000163,RXN-100163,PH-003,EMP-0049,EMP-0051,CUS-03946,PRD-00472,2026-05-03 14:00:22,2026-05-03 14:17:22,2026-05-05 07:17:22,31,3,80.95,23.31,57.64,Ready,17,False,
RX-0000164,RXN-100164,PH-002,EMP-0026,EMP-0030,CUS-04422,PRD-00292,2026-07-05 09:56:56,2026-07-05 10:31:56,2026-07-06 00:31:56,61,1,96.31,35.19,61.12,Ready,35,False,
RX-0000165,RXN-100165,PH-003,EMP-0049,EMP-0055,CUS-04621,PRD-00338,2026-05-11 08:28:58,2026-05-11 08:51:58,2026-05-12 13:51:58,19,2,32.59,1.71,30.88,Picked Up,23,False,
RX-0000166,RXN-100166,PH-001,EMP-0004,EMP-0008,CUS-02199,PRD-00338,2026-07-11 20:26:24,2026-07-11 20:47:24,2026-07-12 21:47:24,68,0,30.94,7.25,23.69,Picked Up,21,False,
RX-0000167,RXN-100167,PH-001,EMP-0005,EMP-0008,CUS-03323,PRD-00347,2026-05-23 10:05:09,2026-05-23 10:33:09,2026-05-24 06:33:09,35,1,136.79,15.28,121.51,Picked Up,28,False,
RX-0000168,RXN-100168,PH-003,EMP-0050,EMP-0055,CUS-01296,PRD-00292,2026-06-20 12:53:36,2026-06-20 13:17:36,2026-06-21 22:17:36,87,1,60.25,23.56,36.69,Cancelled,24,False,
RX-0000169,RXN-100169,PH-004,EMP-0070,EMP-0076,CUS-03775,PRD-00520,2026-05-14 21:54:02,2026-05-14 22:33:02,2026-05-16 16:33:02,38,3,33.37,11.96,21.41,Picked Up,39,False,
RX-0000170,RXN-100170,PH-002,EMP-0026,EMP-0032,CUS-04974,PRD-00718,2026-07-18 08:39:08,2026-07-18 09:27:08,2026-07-18 16:27:08,28,2,35.07,4.01,31.06,Picked Up,48,False,
RX-0000171,RXN-100171,PH-001,EMP-0005,EMP-0007,CUS-00975,PRD-00423,2026-05-27 18:30:10,2026-05-27 18:58:10,2026-05-29 18:58:10,86,3,107.56,22.19,85.37,Picked Up,28,False,
RX-0000172,RXN-100172,PH-001,EMP-0005,EMP-0008,CUS-01033,PRD-00130,2026-06-04 21:43:39,2026-06-04 22:22:39,2026-06-06 13:22:39,89,0,57.96,14.82,43.14,Picked Up,39,False,
RX-0000173,RXN-100173,PH-003,EMP-0049,EMP-0053,CUS-02717,PRD-00567,2026-06-03 12:10:18,2026-06-03 12:29:18,2026-06-05 05:29:18,60,2,29.1,8.28,20.82,Not Collected,19,False,
RX-0000174,RXN-100174,PH-003,EMP-0048,EMP-0053,CUS-03086,PRD-00130,2026-06-19 09:11:42,2026-06-19 09:37:42,2026-06-20 18:37:42,48,1,32.61,2.99,29.62,Picked Up,26,False,
RX-0000175,RXN-100175,PH-002,EMP-0027,EMP-0029,CUS-01641,PRD-00155,2026-06-08 20:40:16,2026-06-08 20:51:16,2026-06-10 13:51:16,68,0,122.51,15.73,106.78,Picked Up,11,False,
RX-0000176,RXN-100176,PH-001,EMP-0005,EMP-0007,CUS-01583,PRD-00455,2026-05-13 11:24:11,2026-05-13 11:56:11,2026-05-14 11:56:11,21,3,72.67,4.85,67.82,Picked Up,32,False,
RX-0000177,RXN-100177,PH-001,EMP-0005,EMP-0008,CUS-02447,PRD-00002,2026-06-19 10:37:51,2026-06-19 11:08:51,2026-06-19 17:08:51,34,0,60.34,23.0,37.34,Picked Up,31,False,
RX-0000178,RXN-100178,PH-003,EMP-0048,EMP-0052,CUS-04741,PRD-00081,2026-07-28 16:17:09,2026-07-28 17:00:09,2026-07-30 16:00:09,38,1,111.87,31.49,80.38,Picked Up,43,False,
RX-0000179,RXN-100179,PH-005,EMP-0093,EMP-0098,CUS-02832,PRD-00324,2026-06-11 21:06:43,2026-06-11 21:37:43,2026-06-13 02:37:43,48,2,35.72,4.16,31.56,Ready,31,False,
RX-0000180,RXN-100180,PH-002,EMP-0027,EMP-0030,CUS-02872,PRD-00435,2026-05-20 19:55:35,2026-05-20 20:14:35,2026-05-22 09:14:35,58,1,45.25,5.34,39.91,Picked Up,19,False,
RX-0000181,RXN-100181,PH-002,EMP-0026,EMP-0033,CUS-00083,PRD-00057,2026-05-15 21:36:42,2026-05-15 21:45:42,2026-05-16 09:45:42,89,1,59.26,9.43,49.83,Cancelled,9,False,
RX-0000182,RXN-100182,PH-004,EMP-0070,EMP-0073,CUS-01215,PRD-00002,2026-05-21 15:55:59,2026-05-21 16:09:59,2026-05-21 22:09:59,63,2,40.05,11.54,28.51,Picked Up,14,False,
RX-0000183,RXN-100183,PH-002,EMP-0027,EMP-0030,CUS-00439,PRD-00621,2026-06-15 16:44:50,2026-06-15 17:23:50,2026-06-17 13:23:50,88,0,74.37,9.93,64.44,Not Collected,39,False,
RX-0000184,RXN-100184,PH-005,EMP-0093,EMP-0095,CUS-03263,PRD-00081,2026-06-11 14:14:55,2026-06-11 14:54:55,2026-06-12 05:54:55,89,1,73.93,4.91,69.02,Picked Up,40,False,
RX-0000185,RXN-100185,PH-005,EMP-0093,EMP-0098,CUS-02554,PRD-00130,2026-06-05 17:03:50,2026-06-05 17:31:50,2026-06-07 16:31:50,56,2,36.45,9.83,26.62,Picked Up,28,False,
RX-0000186,RXN-100186,PH-001,EMP-0004,EMP-0007,CUS-00533,PRD-00030,2026-07-24 11:31:37,2026-07-24 11:45:37,2026-07-24 20:45:37,74,3,29.73,5.57,24.16,Picked Up,14,False,
RX-0000187,RXN-100187,PH-002,EMP-0027,EMP-0031,CUS-03005,PRD-00347,2026-06-10 09:19:13,2026-06-10 09:57:13,2026-06-11 06:57:13,20,3,110.97,41.92,69.05,Not Collected,38,False,
RX-0000188,RXN-100188,PH-005,EMP-0094,EMP-0099,CUS-00888,PRD-00331,2026-05-20 14:42:24,2026-05-20 14:49:24,2026-05-20 16:49:24,35,2,41.53,16.38,25.15,Cancelled,7,False,
RX-0000189,RXN-100189,PH-003,EMP-0049,EMP-0053,CUS-00529,PRD-00140,2026-05-16 17:32:52,2026-05-16 17:56:52,2026-05-17 17:56:52,36,2,82.51,31.09,51.42,Picked Up,24,False,
RX-0000190,RXN-100190,PH-003,EMP-0048,EMP-0051,CUS-03216,PRD-00781,2026-06-07 14:31:58,2026-06-07 15:04:58,2026-06-07 22:04:58,63,3,92.27,15.99,76.28,Picked Up,33,False,
RX-0000191,RXN-100191,PH-003,EMP-0049,EMP-0051,CUS-04556,PRD-00472,2026-06-26 10:30:02,2026-06-26 11:15:02,2026-06-27 14:15:02,40,3,116.79,27.47,89.32,Picked Up,45,False,
RX-0000192,RXN-100192,PH-003,EMP-0049,EMP-0053,CUS-00869,PRD-00017,2026-05-27 15:54:22,2026-05-27 16:15:22,2026-05-29 07:15:22,53,1,112.2,7.63,104.57,Cancelled,21,False,
RX-0000193,RXN-100193,PH-003,EMP-0048,EMP-0051,CUS-03121,PRD-00655,2026-05-25 17:44:30,2026-05-25 18:16:30,2026-05-26 09:16:30,72,3,85.15,22.82,62.33,Picked Up,32,False,
RX-0000194,RXN-100194,PH-001,EMP-0005,EMP-0008,CUS-02505,PRD-00574,2026-07-30 17:43:30,2026-07-30 18:00:30,2026-07-30 22:00:30,80,2,35.15,12.89,22.26,Picked Up,17,False,
RX-0000195,RXN-100195,PH-002,EMP-0028,EMP-0029,CUS-02664,PRD-00567,2026-05-20 12:42:24,2026-05-20 13:09:24,2026-05-20 16:09:24,11,1,22.26,2.48,19.78,Picked Up,27,False,
RX-0000196,RXN-100196,PH-001,EMP-0004,EMP-0010,CUS-00706,PRD-00576,2026-07-13 18:50:31,2026-07-13 19:07:31,2026-07-14 06:07:31,49,2,49.28,10.27,39.01,Picked Up,17,False,
RX-0000197,RXN-100197,PH-004,EMP-0070,EMP-0074,CUS-01913,PRD-00353,2026-06-14 12:26:11,2026-06-14 12:53:11,2026-06-15 03:53:11,35,1,49.3,8.17,41.13,Picked Up,27,False,
RX-0000198,RXN-100198,PH-005,EMP-0092,EMP-0096,CUS-02507,PRD-00067,2026-05-29 12:17:22,2026-05-29 12:48:22,2026-05-30 18:48:22,12,3,32.94,13.02,19.92,Picked Up,31,False,
RX-0000199,RXN-100199,PH-003,EMP-0050,EMP-0053,CUS-04161,PRD-00057,2026-05-28 11:53:16,2026-05-28 12:07:16,2026-05-30 04:07:16,44,0,41.24,14.97,26.27,Picked Up,14,False,
RX-0000200,RXN-100200,PH-003,EMP-0049,EMP-0055,CUS-00843,PRD-00476,2026-07-18 16:52:23,2026-07-18 17:29:23,2026-07-19 04:29:23,87,3,100.86,17.06,83.8,Reversed,37,True,
RX-0000201,RXN-100201,PH-001,EMP-0005,EMP-0009,CUS-01217,PRD-00017,2026-05-27 09:42:32,2026-05-27 10:03:32,2026-05-29 02:03:32,72,0,105.51,14.62,90.89,Picked Up,21,False,
RX-0000202,RXN-100202,PH-001,EMP-0005,EMP-0007,CUS-04090,PRD-00324,2026-06-02 21:48:44,2026-06-02 22:16:44,2026-06-04 09:16:44,44,3,31.22,11.31,19.91,Ready,28,False,
RX-0000203,RXN-100203,PH-002,EMP-0028,EMP-0030,CUS-04499,PRD-00322,2026-07-27 19:24:06,2026-07-27 19:36:06,2026-07-29 07:36:06,29,1,34.19,9.5,24.69,Picked Up,12,False,
RX-0000204,RXN-100204,PH-004,EMP-0072,EMP-0076,CUS-01979,PRD-00197,2026-07-10 20:23:52,2026-07-10 20:48:52,2026-07-11 01:48:52,31,2,44.2,5.67,38.53,Picked Up,25,False,
RX-0000205,RXN-100205,PH-002,EMP-0028,EMP-0031,CUS-00075,PRD-00395,2026-05-30 08:37:06,2026-05-30 09:22:06,2026-05-31 08:22:06,82,3,31.31,1.92,29.39,Picked Up,45,False,
RX-0000206,RXN-100206,PH-001,EMP-0004,EMP-0010,CUS-04373,PRD-00017,2026-07-23 15:09:58,2026-07-23 15:33:58,2026-07-24 05:33:58,84,3,108.71,21.93,86.78,Picked Up,24,False,
RX-0000207,RXN-100207,PH-003,EMP-0050,EMP-0053,CUS-00859,PRD-00040,2026-07-30 15:23:15,2026-07-30 15:30:15,2026-07-31 13:30:15,12,3,82.85,22.13,60.72,Cancelled,7,False,
RX-0000208,RXN-100208,PH-004,EMP-0070,EMP-0076,CUS-01086,PRD-00322,2026-06-27 12:13:55,2026-06-27 12:40:55,2026-06-28 17:40:55,89,3,44.19,6.35,37.84,Picked Up,27,False,
RX-0000209,RXN-100209,PH-002,EMP-0027,EMP-0030,CUS-01279,PRD-00040,2026-05-04 08:33:46,2026-05-04 09:09:46,2026-05-05 10:09:46,47,2,72.16,12.19,59.97,Picked Up,36,False,
RX-0000210,RXN-100210,PH-001,EMP-0004,EMP-0009,CUS-02995,PRD-00486,2026-05-07 12:55:52,2026-05-07 13:49:52,2026-05-09 12:49:52,18,0,31.0,6.55,24.45,Not Collected,54,False,
RX-0000211,RXN-100211,PH-001,EMP-0004,EMP-0007,CUS-04108,PRD-00689,2026-06-09 17:26:28,2026-06-09 18:02:28,2026-06-10 00:02:28,46,3,109.02,25.17,83.85,Picked Up,36,False,
RX-0000212,RXN-100212,PH-002,EMP-0027,EMP-0032,CUS-01074,PRD-00338,2026-07-18 16:17:17,2026-07-18 16:47:17,2026-07-20 06:47:17,25,0,22.83,6.45,16.38,Picked Up,30,False,
RX-0000213,RXN-100213,PH-002,EMP-0026,EMP-0029,CUS-02533,PRD-00081,2026-06-28 15:42:04,2026-06-28 16:17:04,2026-06-30 04:17:04,21,2,119.8,38.98,80.82,Picked Up,35,False,
RX-0000214,RXN-100214,PH-005,EMP-0094,EMP-0096,CUS-03575,PRD-00478,2026-05-08 12:46:32,2026-05-08 13:04:32,2026-05-10 01:04:32,39,1,101.55,36.41,65.14,Picked Up,18,False,
RX-0000215,RXN-100215,PH-005,EMP-0094,EMP-0097,CUS-01528,PRD-00011,2026-06-17 14:00:06,2026-06-17 14:12:06,2026-06-19 12:12:06,59,3,63.93,17.69,46.24,Picked Up,12,False,
RX-0000216,RXN-100216,PH-004,EMP-0071,EMP-0077,CUS-04894,PRD-00520,2026-05-05 16:15:38,2026-05-05 16:56:38,2026-05-05 19:56:38,39,0,37.61,2.05,35.56,Picked Up,41,False,
RX-0000217,RXN-100217,PH-003,EMP-0049,EMP-0052,CUS-01584,PRD-00081,2026-06-05 16:29:17,2026-06-05 17:06:17,2026-06-07 00:06:17,67,1,100.18,20.62,79.56,Picked Up,37,False,
RX-0000218,RXN-100218,PH-001,EMP-0005,EMP-0010,CUS-02289,PRD-00527,2026-07-03 20:50:57,2026-07-03 21:46:57,2026-07-05 03:46:57,12,0,78.57,31.3,47.27,Picked Up,56,False,
RX-0000219,RXN-100219,PH-005,EMP-0092,EMP-0097,CUS-02931,PRD-00485,2026-07-02 11:21:18,2026-07-02 11:37:18,2026-07-04 10:37:18,16,3,15.63,5.04,10.59,Cancelled,16,False,
RX-0000220,RXN-100220,PH-005,EMP-0092,EMP-0098,CUS-04446,PRD-00423,2026-05-29 16:35:41,2026-05-29 16:55:41,2026-05-31 04:55:41,52,2,53.77,18.3,35.47,Picked Up,20,False,
RX-0000221,RXN-100221,PH-005,EMP-0094,EMP-0098,CUS-03321,PRD-00520,2026-07-25 10:54:10,2026-07-25 11:12:10,2026-07-25 17:12:10,13,0,60.61,6.36,54.25,Ready,18,False,
RX-0000222,RXN-100222,PH-001,EMP-0005,EMP-0007,CUS-04758,PRD-00527,2026-05-21 11:43:42,2026-05-21 12:02:42,2026-05-22 08:02:42,13,2,48.69,3.72,44.97,Reversed,19,True,
RX-0000223,RXN-100223,PH-003,EMP-0049,EMP-0055,CUS-00371,PRD-00116,2026-07-05 15:33:31,2026-07-05 16:06:31,2026-07-07 15:06:31,55,0,71.42,19.76,51.66,Picked Up,33,False,
RX-0000224,RXN-100224,PH-004,EMP-0070,EMP-0074,CUS-03011,PRD-00507,2026-06-17 08:19:20,2026-06-17 09:09:20,2026-06-19 08:09:20,13,0,16.39,4.2,12.19,Ready,50,False,
RX-0000225,RXN-100225,PH-002,EMP-0028,EMP-0032,CUS-02337,PRD-00395,2026-05-21 13:17:54,2026-05-21 13:43:54,2026-05-22 09:43:54,40,2,34.54,1.91,32.63,Picked Up,26,False,
RX-0000226,RXN-100226,PH-001,EMP-0004,EMP-0008,CUS-00097,PRD-00067,2026-07-20 09:36:28,2026-07-20 09:57:28,2026-07-22 03:57:28,76,1,24.84,2.43,22.41,Picked Up,21,False,
RX-0000227,RXN-100227,PH-002,EMP-0026,EMP-0031,CUS-01771,PRD-00391,2026-06-20 20:54:02,2026-06-20 21:05:02,2026-06-21 22:05:02,72,3,34.43,2.98,31.45,Ready,11,False,
RX-0000228,RXN-100228,PH-003,EMP-0050,EMP-0055,CUS-00006,PRD-00316,2026-07-03 14:34:29,2026-07-03 15:02:29,2026-07-04 03:02:29,57,3,51.76,7.31,44.45,Picked Up,28,False,
RX-0000229,RXN-100229,PH-001,EMP-0005,EMP-0011,CUS-03686,PRD-00476,2026-07-13 10:42:13,2026-07-13 11:06:13,2026-07-14 20:06:13,14,2,80.57,21.37,59.2,Not Collected,24,False,
RX-0000230,RXN-100230,PH-001,EMP-0004,EMP-0008,CUS-03982,PRD-00482,2026-07-22 09:01:03,2026-07-22 09:25:03,2026-07-24 03:25:03,32,2,124.08,10.11,113.97,Picked Up,24,False,
RX-0000231,RXN-100231,PH-001,EMP-0005,EMP-0011,CUS-04893,PRD-00030,2026-07-21 10:51:54,2026-07-21 11:23:54,2026-07-23 00:23:54,87,0,18.4,1.75,16.65,Picked Up,32,False,
RX-0000232,RXN-100232,PH-003,EMP-0050,EMP-0052,CUS-02692,PRD-00517,2026-07-02 21:59:00,2026-07-02 22:34:00,2026-07-03 12:34:00,82,3,16.25,2.73,13.52,Picked Up,35,False,
RX-0000233,RXN-100233,PH-005,EMP-0093,EMP-0096,CUS-02575,PRD-00395,2026-06-26 15:18:27,2026-06-26 15:41:27,2026-06-27 06:41:27,79,1,32.99,13.06,19.93,Picked Up,23,False,
RX-0000234,RXN-100234,PH-001,EMP-0004,EMP-0009,CUS-03117,PRD-00685,2026-07-02 10:17:39,2026-07-02 10:45:39,2026-07-02 23:45:39,18,1,11.16,3.11,8.05,Not Collected,28,False,
RX-0000235,RXN-100235,PH-004,EMP-0072,EMP-0074,CUS-00643,PRD-00324,2026-05-01 15:54:38,2026-05-01 16:13:38,2026-05-03 12:13:38,71,0,25.01,1.87,23.14,Picked Up,19,False,
RX-0000236,RXN-100236,PH-003,EMP-0050,EMP-0052,CUS-03006,PRD-00292,2026-05-17 14:50:05,2026-05-17 15:25:05,2026-05-18 20:25:05,88,0,43.86,12.69,31.17,Picked Up,35,False,
RX-0000237,RXN-100237,PH-001,EMP-0004,EMP-0009,CUS-03436,PRD-00086,2026-05-10 08:42:46,2026-05-10 09:16:46,2026-05-11 06:16:46,71,2,91.34,20.63,70.71,Picked Up,34,False,
RX-0000238,RXN-100238,PH-002,EMP-0026,EMP-0030,CUS-03478,PRD-00322,2026-06-03 08:26:57,2026-06-03 09:06:57,2026-06-05 07:06:57,32,1,40.75,7.48,33.27,Picked Up,40,False,
RX-0000239,RXN-100239,PH-005,EMP-0094,EMP-0098,CUS-03009,PRD-00130,2026-06-05 13:55:25,2026-06-05 14:25:25,2026-06-05 19:25:25,70,0,53.22,7.35,45.87,Picked Up,30,False,
RX-0000240,RXN-100240,PH-001,EMP-0004,EMP-0010,CUS-00453,PRD-00455,2026-05-06 18:11:10,2026-05-06 18:41:10,2026-05-08 02:41:10,41,2,102.51,12.06,90.45,Picked Up,30,False,
RX-0000241,RXN-100241,PH-005,EMP-0092,EMP-0099,CUS-00251,PRD-00338,2026-06-20 09:51:04,2026-06-20 10:15:04,2026-06-20 15:15:04,30,1,16.9,4.13,12.77,Picked Up,24,False,
RX-0000242,RXN-100242,PH-005,EMP-0093,EMP-0096,CUS-04968,PRD-00096,2026-06-24 14:42:17,2026-06-24 15:03:17,2026-06-25 02:03:17,89,1,16.19,1.05,15.14,Picked Up,21,False,
RX-0000243,RXN-100243,PH-001,EMP-0004,EMP-0007,CUS-00810,PRD-00101,2026-06-09 10:08:55,2026-06-09 10:44:55,2026-06-09 18:44:55,59,1,23.16,8.71,14.45,Picked Up,36,False,
RX-0000244,RXN-100244,PH-005,EMP-0093,EMP-0095,CUS-01009,PRD-00569,2026-07-31 19:12:59,2026-07-31 19:46:59,2026-08-01 15:46:59,51,2,38.04,14.77,23.27,Picked Up,34,False,
RX-0000245,RXN-100245,PH-002,EMP-0027,EMP-0031,CUS-02190,PRD-00030,2026-07-16 16:55:01,2026-07-16 17:21:01,2026-07-18 16:21:01,57,2,19.99,3.95,16.04,Picked Up,26,False,
RX-0000246,RXN-100246,PH-002,EMP-0028,EMP-0031,CUS-01221,PRD-00013,2026-05-07 21:57:52,2026-05-07 22:34:52,2026-05-08 12:34:52,66,0,26.79,3.0,23.79,Picked Up,37,False,
RX-0000247,RXN-100247,PH-004,EMP-0072,EMP-0074,CUS-00183,PRD-00125,2026-07-08 18:26:11,2026-07-08 18:47:11,2026-07-09 00:47:11,43,0,28.33,1.8,26.53,Picked Up,21,False,
RX-0000248,RXN-100248,PH-003,EMP-0049,EMP-0054,CUS-02189,PRD-00654,2026-06-25 10:02:08,2026-06-25 10:31:08,2026-06-25 23:31:08,21,1,72.16,5.74,66.42,Picked Up,29,False,
RX-0000249,RXN-100249,PH-004,EMP-0072,EMP-0073,CUS-00540,PRD-00476,2026-06-19 14:14:39,2026-06-19 14:41:39,2026-06-21 04:41:39,28,2,90.96,10.43,80.53,Picked Up,27,False,
RX-0000250,RXN-100250,PH-001,EMP-0004,EMP-0008,CUS-00063,PRD-00476,2026-05-01 19:06:13,2026-05-01 19:30:13,2026-05-02 05:30:13,36,3,132.09,27.24,104.85,Picked Up,24,False,
RX-0000251,RXN-100251,PH-002,EMP-0028,EMP-0033,CUS-01160,PRD-00655,2026-07-10 18:50:49,2026-07-10 19:12:49,2026-07-12 00:12:49,36,0,101.7,9.32,92.38,Not Collected,22,False,
RX-0000252,RXN-100252,PH-005,EMP-0092,EMP-0099,CUS-01344,PRD-00155,2026-05-10 16:57:12,2026-05-10 17:20:12,2026-05-11 08:20:12,23,0,129.05,28.98,100.07,Not Collected,23,False,
RX-0000253,RXN-100253,PH-001,EMP-0005,EMP-0009,CUS-00554,PRD-00391,2026-05-31 08:10:14,2026-05-31 08:47:14,2026-06-02 05:47:14,70,3,62.52,11.43,51.09,Picked Up,37,False,
RX-0000254,RXN-100254,PH-002,EMP-0026,EMP-0031,CUS-01008,PRD-00476,2026-05-16 14:46:14,2026-05-16 15:17:14,2026-05-18 09:17:14,57,1,138.49,11.17,127.32,Picked Up,31,False,
RX-0000255,RXN-100255,PH-001,EMP-0005,EMP-0011,CUS-00578,PRD-00551,2026-06-15 10:08:07,2026-06-15 10:24:07,2026-06-16 17:24:07,87,2,50.95,4.79,46.16,Picked Up,16,False,
RX-0000256,RXN-100256,PH-005,EMP-0092,EMP-0098,CUS-02694,PRD-00257,2026-06-11 09:11:31,2026-06-11 09:41:31,2026-06-12 19:41:31,47,3,35.38,3.89,31.49,Picked Up,30,False,
RX-0000257,RXN-100257,PH-001,EMP-0004,EMP-0010,CUS-01010,PRD-00140,2026-05-14 12:07:40,2026-05-14 12:41:40,2026-05-15 10:41:40,79,0,70.96,10.33,60.63,Picked Up,34,False,
RX-0000258,RXN-100258,PH-002,EMP-0028,EMP-0030,CUS-03178,PRD-00786,2026-07-21 09:37:31,2026-07-21 09:51:31,2026-07-21 11:51:31,75,3,62.78,3.74,59.04,Picked Up,14,False,
RX-0000259,RXN-100259,PH-003,EMP-0050,EMP-0052,CUS-00054,PRD-00316,2026-06-03 08:11:56,2026-06-03 08:31:56,2026-06-04 19:31:56,22,0,72.56,11.31,61.25,Picked Up,20,False,
RX-0000260,RXN-100260,PH-003,EMP-0048,EMP-0053,CUS-03161,PRD-00067,2026-05-21 08:52:43,2026-05-21 09:25:43,2026-05-23 04:25:43,71,1,19.73,3.34,16.39,Picked Up,33,False,
RX-0000261,RXN-100261,PH-005,EMP-0093,EMP-0099,CUS-04342,PRD-00116,2026-06-02 16:21:47,2026-06-02 16:42:47,2026-06-02 23:42:47,88,0,77.67,10.07,67.6,Picked Up,21,False,
RX-0000262,RXN-100262,PH-002,EMP-0026,EMP-0033,CUS-00763,PRD-00271,2026-07-12 11:11:08,2026-07-12 11:19:08,2026-07-12 14:19:08,43,2,104.45,27.13,77.32,Picked Up,8,False,
RX-0000263,RXN-100263,PH-002,EMP-0026,EMP-0031,CUS-01672,PRD-00472,2026-07-10 19:00:36,2026-07-10 19:28:36,2026-07-12 01:28:36,37,0,60.22,13.4,46.82,Picked Up,28,False,
RX-0000264,RXN-100264,PH-001,EMP-0004,EMP-0008,CUS-02461,PRD-00472,2026-06-30 08:31:16,2026-06-30 09:18:16,2026-07-01 16:18:16,37,2,99.59,19.55,80.04,Picked Up,47,False,
RX-0000265,RXN-100265,PH-003,EMP-0049,EMP-0055,CUS-01027,PRD-00569,2026-06-03 13:38:44,2026-06-03 14:10:44,2026-06-04 16:10:44,32,1,44.03,9.11,34.92,Cancelled,32,False,
RX-0000266,RXN-100266,PH-003,EMP-0048,EMP-0055,CUS-03555,PRD-00473,2026-07-05 16:48:36,2026-07-05 17:11:36,2026-07-06 02:11:36,54,0,20.09,4.9,15.19,Not Collected,23,False,
RX-0000267,RXN-100267,PH-004,EMP-0071,EMP-0074,CUS-04030,PRD-00517,2026-07-19 19:43:38,2026-07-19 20:18:38,2026-07-20 00:18:38,69,3,21.34,4.32,17.02,Not Collected,35,False,
RX-0000268,RXN-100268,PH-001,EMP-0005,EMP-0007,CUS-02806,PRD-00271,2026-06-29 18:24:05,2026-06-29 19:08:05,2026-07-01 11:08:05,61,0,102.82,13.89,88.93,Picked Up,44,False,
RX-0000269,RXN-100269,PH-002,EMP-0027,EMP-0031,CUS-04530,PRD-00435,2026-05-05 10:58:43,2026-05-05 11:59:43,2026-05-06 09:59:43,74,1,44.69,15.87,28.82,Picked Up,61,False,
RX-0000270,RXN-100270,PH-001,EMP-0005,EMP-0009,CUS-04181,PRD-00568,2026-06-02 15:38:17,2026-06-02 16:25:17,2026-06-03 17:25:17,23,0,52.56,19.72,32.84,Picked Up,47,False,
RX-0000271,RXN-100271,PH-005,EMP-0094,EMP-0099,CUS-01170,PRD-00551,2026-06-05 11:06:14,2026-06-05 11:16:14,2026-06-07 04:16:14,90,1,37.47,2.37,35.1,Not Collected,10,False,
RX-0000272,RXN-100272,PH-002,EMP-0028,EMP-0032,CUS-01869,PRD-00435,2026-06-17 15:34:17,2026-06-17 15:49:17,2026-06-18 02:49:17,24,2,49.96,5.99,43.97,Reversed,15,True,
RX-0000273,RXN-100273,PH-003,EMP-0049,EMP-0054,CUS-01897,PRD-00271,2026-05-10 11:23:52,2026-05-10 11:32:52,2026-05-10 22:32:52,63,1,79.28,5.05,74.23,Picked Up,9,False,
RX-0000274,RXN-100274,PH-003,EMP-0050,EMP-0051,CUS-02880,PRD-00292,2026-05-20 19:55:09,2026-05-20 20:31:09,2026-05-21 05:31:09,54,3,91.15,18.02,73.13,Ready,36,False,
RX-0000275,RXN-100275,PH-004,EMP-0070,EMP-0075,CUS-00036,PRD-00292,2026-07-29 12:06:28,2026-07-29 12:42:28,2026-07-31 11:42:28,28,1,91.1,13.29,77.81,Picked Up,36,False,
RX-0000276,RXN-100276,PH-002,EMP-0028,EMP-0031,CUS-03063,PRD-00517,2026-07-23 13:26:15,2026-07-23 13:59:15,2026-07-23 22:59:15,64,0,17.9,6.54,11.36,Picked Up,33,False,
RX-0000277,RXN-100277,PH-005,EMP-0092,EMP-0096,CUS-00112,PRD-00482,2026-07-10 16:15:16,2026-07-10 16:55:16,2026-07-11 02:55:16,90,2,89.51,22.47,67.04,Picked Up,40,False,
RX-0000278,RXN-100278,PH-005,EMP-0093,EMP-0099,CUS-03289,PRD-00654,2026-05-14 08:58:55,2026-05-14 09:15:55,2026-05-15 12:15:55,42,0,46.84,17.32,29.52,Picked Up,17,False,
RX-0000279,RXN-100279,PH-001,EMP-0005,EMP-0010,CUS-00039,PRD-00353,2026-06-06 18:23:12,2026-06-06 18:48:12,2026-06-08 00:48:12,34,1,67.27,18.37,48.9,Picked Up,25,False,
RX-0000280,RXN-100280,PH-003,EMP-0049,EMP-0054,CUS-00326,PRD-00002,2026-07-13 19:03:22,2026-07-13 19:48:22,2026-07-14 17:48:22,85,2,32.91,8.92,23.99,Picked Up,45,False,
RX-0000281,RXN-100281,PH-003,EMP-0048,EMP-0055,CUS-00123,PRD-00347,2026-07-18 19:41:22,2026-07-18 20:27:22,2026-07-19 10:27:22,40,3,116.86,7.54,109.32,Picked Up,46,False,
RX-0000282,RXN-100282,PH-002,EMP-0028,EMP-0033,CUS-00887,PRD-00011,2026-05-23 15:24:37,2026-05-23 15:49:37,2026-05-25 06:49:37,90,3,50.45,12.15,38.3,Picked Up,25,False,
RX-0000283,RXN-100283,PH-003,EMP-0050,EMP-0053,CUS-04401,PRD-00486,2026-06-27 10:32:59,2026-06-27 10:49:59,2026-06-27 14:49:59,15,2,43.44,6.05,37.39,Picked Up,17,False,
RX-0000284,RXN-100284,PH-005,EMP-0094,EMP-0097,CUS-02259,PRD-00389,2026-06-27 12:26:10,2026-06-27 13:11:10,2026-06-28 08:11:10,18,1,84.17,14.63,69.54,Picked Up,45,False,
RX-0000285,RXN-100285,PH-001,EMP-0005,EMP-0007,CUS-02061,PRD-00331,2026-05-21 08:19:23,2026-05-21 08:49:23,2026-05-22 15:49:23,64,2,55.21,20.31,34.9,Picked Up,30,False,
RX-0000286,RXN-100286,PH-003,EMP-0050,EMP-0051,CUS-02738,PRD-00720,2026-06-30 11:56:18,2026-06-30 12:13:18,2026-06-30 23:13:18,29,3,10.91,2.86,8.05,Picked Up,17,False,
RX-0000287,RXN-100287,PH-003,EMP-0048,EMP-0054,CUS-04428,PRD-00685,2026-06-04 11:28:45,2026-06-04 12:01:45,2026-06-04 19:01:45,73,0,9.63,0.63,9.0,Ready,33,False,
RX-0000288,RXN-100288,PH-001,EMP-0005,EMP-0011,CUS-04249,PRD-00067,2026-05-15 17:25:45,2026-05-15 17:52:45,2026-05-16 22:52:45,81,0,25.07,8.9,16.17,Picked Up,27,False,
RX-0000289,RXN-100289,PH-004,EMP-0071,EMP-0076,CUS-03538,PRD-00472,2026-05-09 17:40:31,2026-05-09 18:17:31,2026-05-10 02:17:31,75,2,98.93,30.39,68.54,Picked Up,37,False,
RX-0000290,RXN-100290,PH-004,EMP-0072,EMP-0077,CUS-03303,PRD-00389,2026-07-03 20:21:01,2026-07-03 21:20:01,2026-07-05 15:20:01,47,3,55.02,9.44,45.58,Picked Up,59,False,
RX-0000291,RXN-100291,PH-001,EMP-0004,EMP-0009,CUS-02627,PRD-00356,2026-05-14 21:22:16,2026-05-14 22:03:16,2026-05-14 23:03:16,53,3,64.13,9.09,55.04,Ready,41,False,
RX-0000292,RXN-100292,PH-001,EMP-0004,EMP-0011,CUS-02885,PRD-00718,2026-07-22 15:40:56,2026-07-22 16:20:56,2026-07-24 08:20:56,29,1,24.44,2.24,22.2,Picked Up,40,False,
RX-0000293,RXN-100293,PH-001,EMP-0005,EMP-0009,CUS-04294,PRD-00520,2026-05-19 12:41:38,2026-05-19 13:11:38,2026-05-20 06:11:38,78,3,42.89,10.15,32.74,Picked Up,30,False,
RX-0000294,RXN-100294,PH-005,EMP-0092,EMP-0098,CUS-00837,PRD-00067,2026-07-13 08:03:42,2026-07-13 08:40:42,2026-07-14 23:40:42,32,0,37.1,10.9,26.2,Cancelled,37,False,
RX-0000295,RXN-100295,PH-003,EMP-0048,EMP-0052,CUS-00310,PRD-00720,2026-05-07 16:24:42,2026-05-07 16:49:42,2026-05-08 18:49:42,40,0,14.81,1.24,13.57,Picked Up,25,False,
RX-0000296,RXN-100296,PH-002,EMP-0027,EMP-0029,CUS-04785,PRD-00101,2026-05-27 20:05:03,2026-05-27 20:45:03,2026-05-28 02:45:03,58,0,24.09,3.48,20.61,Cancelled,40,False,
RX-0000297,RXN-100297,PH-002,EMP-0028,EMP-0032,CUS-02419,PRD-00569,2026-06-13 20:53:41,2026-06-13 21:15:41,2026-06-14 23:15:41,90,2,49.9,8.52,41.38,Picked Up,22,False,
RX-0000298,RXN-100298,PH-003,EMP-0050,EMP-0052,CUS-01688,PRD-00569,2026-07-21 09:11:19,2026-07-21 09:48:19,2026-07-22 18:48:19,57,0,46.34,10.31,36.03,Not Collected,37,False,
RX-0000299,RXN-100299,PH-001,EMP-0004,EMP-0008,CUS-03497,PRD-00356,2026-07-17 20:47:25,2026-07-17 21:22:25,2026-07-18 22:22:25,16,2,52.08,9.79,42.29,Picked Up,35,False,
RX-0000300,RXN-100300,PH-002,EMP-0026,EMP-0033,CUS-02187,PRD-00389,2026-06-10 20:45:27,2026-06-10 21:14:27,2026-06-12 05:14:27,73,0,107.41,32.5,74.91,Picked Up,29,False,
RX-0000301,RXN-100301,PH-005,EMP-0093,EMP-0097,CUS-01069,PRD-00197,2026-06-21 15:28:37,2026-06-21 15:51:37,2026-06-22 00:51:37,30,3,48.81,17.57,31.24,Reversed,23,True,
RX-0000302,RXN-100302,PH-005,EMP-0092,EMP-0096,CUS-02490,PRD-00659,2026-05-11 19:10:01,2026-05-11 19:22:01,2026-05-13 02:22:01,18,1,70.63,23.36,47.27,Picked Up,12,False,
RX-0000303,RXN-100303,PH-004,EMP-0070,EMP-0073,CUS-04184,PRD-00067,2026-07-24 15:33:42,2026-07-24 16:08:42,2026-07-25 13:08:42,32,2,40.47,12.56,27.91,Picked Up,35,False,
RX-0000304,RXN-100304,PH-002,EMP-0028,EMP-0029,CUS-00107,PRD-00036,2026-05-09 08:22:39,2026-05-09 08:48:39,2026-05-10 04:48:39,48,1,7.22,2.33,4.89,Reversed,26,True,
RX-0000305,RXN-100305,PH-001,EMP-0004,EMP-0010,CUS-02220,PRD-00389,2026-07-08 18:09:03,2026-07-08 18:25:03,2026-07-09 20:25:03,89,1,121.59,23.3,98.29,Not Collected,16,False,
RX-0000306,RXN-100306,PH-005,EMP-0092,EMP-0099,CUS-02545,PRD-00017,2026-06-12 18:02:18,2026-06-12 18:54:18,2026-06-13 19:54:18,73,2,97.84,16.26,81.58,Picked Up,52,False,
RX-0000307,RXN-100307,PH-001,EMP-0005,EMP-0007,CUS-00172,PRD-00467,2026-05-19 19:17:52,2026-05-19 19:38:52,2026-05-20 21:38:52,29,1,55.63,15.55,40.08,Ready,21,False,
RX-0000308,RXN-100308,PH-004,EMP-0072,EMP-0073,CUS-00913,PRD-00389,2026-06-24 15:30:21,2026-06-24 15:43:21,2026-06-26 15:43:21,41,3,105.34,40.18,65.16,Picked Up,13,False,
RX-0000309,RXN-100309,PH-002,EMP-0027,EMP-0031,CUS-04383,PRD-00050,2026-07-05 15:00:08,2026-07-05 15:32:08,2026-07-06 21:32:08,17,1,141.4,42.87,98.53,Reversed,32,True,
RX-0000310,RXN-100310,PH-001,EMP-0005,EMP-0009,CUS-01184,PRD-00476,2026-05-07 08:57:06,2026-05-07 09:42:06,2026-05-09 00:42:06,48,2,127.0,13.55,113.45,Not Collected,45,False,
RX-0000311,RXN-100311,PH-001,EMP-0005,EMP-0010,CUS-02035,PRD-00036,2026-07-06 20:38:06,2026-07-06 21:24:06,2026-07-08 20:24:06,53,3,7.25,2.65,4.6,Picked Up,46,False,
RX-0000312,RXN-100312,PH-004,EMP-0071,EMP-0076,CUS-03335,PRD-00347,2026-07-25 19:30:48,2026-07-25 19:59:48,2026-07-27 01:59:48,30,0,141.09,50.79,90.3,Not Collected,29,False,
RX-0000313,RXN-100313,PH-005,EMP-0093,EMP-0096,CUS-00436,PRD-00423,2026-05-21 18:31:23,2026-05-21 19:09:23,2026-05-22 10:09:23,32,3,70.77,8.98,61.79,Picked Up,38,False,
RX-0000314,RXN-100314,PH-003,EMP-0049,EMP-0051,CUS-03737,PRD-00271,2026-06-03 19:03:39,2026-06-03 19:46:39,2026-06-05 09:46:39,59,1,124.76,24.98,99.78,Picked Up,43,False,
RX-0000315,RXN-100315,PH-002,EMP-0026,EMP-0029,CUS-04413,PRD-00568,2026-05-09 10:54:59,2026-05-09 11:16:59,2026-05-10 22:16:59,55,2,99.88,13.03,86.85,Picked Up,22,False,
RX-0000316,RXN-100316,PH-002,EMP-0027,EMP-0030,CUS-01440,PRD-00316,2026-07-22 14:05:15,2026-07-22 14:51:15,2026-07-23 13:51:15,66,2,61.6,15.4,46.2,Picked Up,46,False,
RX-0000317,RXN-100317,PH-002,EMP-0027,EMP-0030,CUS-00047,PRD-00567,2026-07-11 18:04:55,2026-07-11 18:32:55,2026-07-13 03:32:55,17,3,42.55,7.64,34.91,Picked Up,28,False,
RX-0000318,RXN-100318,PH-003,EMP-0049,EMP-0054,CUS-03584,PRD-00517,2026-06-14 08:24:18,2026-06-14 08:32:18,2026-06-15 14:32:18,44,0,16.56,4.68,11.88,Picked Up,8,False,
RX-0000319,RXN-100319,PH-001,EMP-0004,EMP-0010,CUS-04845,PRD-00781,2026-07-07 08:36:35,2026-07-07 09:30:35,2026-07-08 12:30:35,75,3,69.49,18.83,50.66,Picked Up,54,False,
RX-0000320,RXN-100320,PH-003,EMP-0048,EMP-0052,CUS-04949,PRD-00551,2026-05-24 21:09:32,2026-05-24 21:57:32,2026-05-26 12:57:32,31,1,62.56,23.6,38.96,Picked Up,48,False,
RX-0000321,RXN-100321,PH-002,EMP-0027,EMP-0030,CUS-02363,PRD-00786,2026-05-30 20:14:11,2026-05-30 20:38:11,2026-05-31 05:38:11,77,0,119.68,11.62,108.06,Picked Up,24,False,
RX-0000322,RXN-100322,PH-003,EMP-0049,EMP-0053,CUS-01086,PRD-00101,2026-05-01 19:55:00,2026-05-01 20:29:00,2026-05-02 07:29:00,85,0,36.99,14.14,22.85,Picked Up,34,False,
RX-0000323,RXN-100323,PH-004,EMP-0072,EMP-0075,CUS-00494,PRD-00081,2026-07-09 16:22:04,2026-07-09 16:33:04,2026-07-10 12:33:04,90,2,126.73,11.07,115.66,Picked Up,11,False,
RX-0000324,RXN-100324,PH-001,EMP-0005,EMP-0007,CUS-01079,PRD-00257,2026-05-08 20:36:20,2026-05-08 21:26:20,2026-05-10 09:26:20,79,0,66.12,21.42,44.7,Picked Up,50,False,
RX-0000325,RXN-100325,PH-005,EMP-0092,EMP-0096,CUS-02744,PRD-00482,2026-05-08 19:34:57,2026-05-08 20:24:57,2026-05-09 23:24:57,50,3,77.4,19.47,57.93,Picked Up,50,False,
RX-0000326,RXN-100326,PH-005,EMP-0094,EMP-0096,CUS-03115,PRD-00682,2026-07-10 21:04:51,2026-07-10 21:28:51,2026-07-12 20:28:51,85,3,94.98,6.58,88.4,Picked Up,24,False,
RX-0000327,RXN-100327,PH-004,EMP-0072,EMP-0075,CUS-04101,PRD-00305,2026-06-02 19:25:05,2026-06-02 20:00:05,2026-06-04 09:00:05,64,3,98.03,26.64,71.39,Picked Up,35,False,
RX-0000328,RXN-100328,PH-001,EMP-0004,EMP-0010,CUS-02891,PRD-00781,2026-06-28 15:10:51,2026-06-28 15:43:51,2026-06-29 23:43:51,17,3,104.45,25.51,78.94,Picked Up,33,False,
RX-0000329,RXN-100329,PH-002,EMP-0028,EMP-0030,CUS-00965,PRD-00389,2026-07-03 13:43:49,2026-07-03 14:13:49,2026-07-04 20:13:49,44,1,84.68,8.45,76.23,Cancelled,30,False,
RX-0000330,RXN-100330,PH-004,EMP-0071,EMP-0073,CUS-04116,PRD-00654,2026-05-07 17:59:43,2026-05-07 18:20:43,2026-05-08 04:20:43,41,2,39.78,4.67,35.11,Picked Up,21,False,
RX-0000331,RXN-100331,PH-004,EMP-0071,EMP-0075,CUS-01418,PRD-00116,2026-06-18 12:18:09,2026-06-18 12:50:09,2026-06-20 05:50:09,13,2,81.76,20.64,61.12,Picked Up,32,False,
RX-0000332,RXN-100332,PH-003,EMP-0048,EMP-0052,CUS-01409,PRD-00017,2026-07-18 09:40:41,2026-07-18 10:19:41,2026-07-18 17:19:41,57,3,151.36,23.05,128.31,Cancelled,39,False,
RX-0000333,RXN-100333,PH-004,EMP-0070,EMP-0075,CUS-01018,PRD-00455,2026-05-27 19:29:30,2026-05-27 19:53:30,2026-05-28 14:53:30,61,3,83.88,13.83,70.05,Ready,24,False,
RX-0000334,RXN-100334,PH-003,EMP-0049,EMP-0053,CUS-00327,PRD-00050,2026-05-21 15:28:41,2026-05-21 16:13:41,2026-05-21 17:13:41,63,0,113.82,24.72,89.1,Picked Up,45,False,
RX-0000335,RXN-100335,PH-005,EMP-0093,EMP-0099,CUS-04679,PRD-00569,2026-05-29 16:04:36,2026-05-29 16:32:36,2026-05-29 20:32:36,44,2,41.4,2.27,39.13,Picked Up,28,False,
RX-0000336,RXN-100336,PH-002,EMP-0027,EMP-0030,CUS-04901,PRD-00040,2026-07-13 14:24:06,2026-07-13 15:10:06,2026-07-14 16:10:06,21,0,84.18,4.3,79.88,Reversed,46,True,
RX-0000337,RXN-100337,PH-002,EMP-0028,EMP-0032,CUS-02663,PRD-00331,2026-06-04 14:20:54,2026-06-04 15:01:54,2026-06-06 05:01:54,45,1,42.94,4.22,38.72,Picked Up,41,False,
RX-0000338,RXN-100338,PH-003,EMP-0049,EMP-0051,CUS-00048,PRD-00130,2026-07-18 11:56:48,2026-07-18 12:15:48,2026-07-20 09:15:48,65,3,43.83,10.37,33.46,Picked Up,19,False,
RX-0000339,RXN-100339,PH-002,EMP-0026,EMP-0030,CUS-02964,PRD-00621,2026-07-24 17:22:45,2026-07-24 17:40:45,2026-07-25 03:40:45,31,2,73.45,11.39,62.06,Picked Up,18,False,
RX-0000340,RXN-100340,PH-002,EMP-0027,EMP-0030,CUS-00836,PRD-00435,2026-06-08 20:24:53,2026-06-08 20:47:53,2026-06-10 00:47:53,51,0,31.79,9.97,21.82,Picked Up,23,False,
RX-0000341,RXN-100341,PH-001,EMP-0004,EMP-0011,CUS-03643,PRD-00356,2026-06-10 17:05:19,2026-06-10 17:45:19,2026-06-12 00:45:19,18,1,60.99,19.09,41.9,Reversed,40,True,
RX-0000342,RXN-100342,PH-001,EMP-0004,EMP-0008,CUS-03880,PRD-00011,2026-05-14 17:29:45,2026-05-14 17:51:45,2026-05-15 04:51:45,45,2,76.8,9.59,67.21,Not Collected,22,False,
RX-0000343,RXN-100343,PH-005,EMP-0093,EMP-0097,CUS-04136,PRD-00347,2026-07-28 12:10:54,2026-07-28 12:39:54,2026-07-28 14:39:54,83,1,122.45,43.95,78.5,Reversed,29,True,
RX-0000344,RXN-100344,PH-002,EMP-0027,EMP-0029,CUS-02007,PRD-00013,2026-05-31 14:47:34,2026-05-31 15:04:34,2026-06-01 10:04:34,66,0,51.01,7.36,43.65,Ready,17,False,
RX-0000345,RXN-100345,PH-005,EMP-0094,EMP-0099,CUS-00927,PRD-00050,2026-07-26 20:22:35,2026-07-26 20:43:35,2026-07-28 07:43:35,34,0,84.34,24.5,59.84,Not Collected,21,False,
RX-0000346,RXN-100346,PH-001,EMP-0005,EMP-0007,CUS-04428,PRD-00507,2026-06-10 09:43:35,2026-06-10 09:56:35,2026-06-11 01:56:35,66,2,16.28,6.42,9.86,Reversed,13,True,
RX-0000347,RXN-100347,PH-004,EMP-0070,EMP-0077,CUS-01225,PRD-00569,2026-07-18 11:42:22,2026-07-18 12:09:22,2026-07-18 23:09:22,75,3,47.0,11.56,35.44,Ready,27,False,
RX-0000348,RXN-100348,PH-002,EMP-0028,EMP-0032,CUS-04479,PRD-00324,2026-06-30 09:33:28,2026-06-30 10:17:28,2026-07-02 08:17:28,82,3,22.55,5.57,16.98,Picked Up,44,False,
RX-0000349,RXN-100349,PH-005,EMP-0094,EMP-0099,CUS-03573,PRD-00720,2026-07-20 09:03:49,2026-07-20 09:28:49,2026-07-21 02:28:49,47,0,9.32,3.41,5.91,Picked Up,25,False,
RX-0000350,RXN-100350,PH-002,EMP-0028,EMP-0033,CUS-03048,PRD-00017,2026-05-17 08:09:00,2026-05-17 08:54:00,2026-05-17 09:54:00,67,3,75.59,15.19,60.4,Picked Up,45,False,
RX-0000351,RXN-100351,PH-005,EMP-0092,EMP-0098,CUS-03730,PRD-00685,2026-07-26 17:19:35,2026-07-26 17:51:35,2026-07-28 17:51:35,81,3,11.37,3.73,7.64,Not Collected,32,False,
RX-0000352,RXN-100352,PH-001,EMP-0005,EMP-0009,CUS-04437,PRD-00353,2026-07-04 16:12:55,2026-07-04 16:45:55,2026-07-06 10:45:55,67,2,60.18,9.17,51.01,Picked Up,33,False,
RX-0000353,RXN-100353,PH-005,EMP-0093,EMP-0095,CUS-02249,PRD-00050,2026-07-17 15:37:39,2026-07-17 16:11:39,2026-07-17 23:11:39,41,0,106.21,23.5,82.71,Picked Up,34,False,
RX-0000354,RXN-100354,PH-003,EMP-0050,EMP-0054,CUS-00585,PRD-00507,2026-05-20 12:04:01,2026-05-20 12:30:01,2026-05-21 20:30:01,21,3,16.57,6.42,10.15,Picked Up,26,False,
RX-0000355,RXN-100355,PH-004,EMP-0072,EMP-0075,CUS-02000,PRD-00720,2026-07-19 19:06:35,2026-07-19 19:24:35,2026-07-21 13:24:35,31,2,17.37,5.34,12.03,Ready,18,False,
RX-0000356,RXN-100356,PH-004,EMP-0072,EMP-0073,CUS-04799,PRD-00002,2026-05-02 16:42:13,2026-05-02 17:08:13,2026-05-04 04:08:13,65,2,62.25,17.02,45.23,Cancelled,26,False,
RX-0000357,RXN-100357,PH-005,EMP-0092,EMP-0099,CUS-01328,PRD-00659,2026-07-21 21:15:55,2026-07-21 21:34:55,2026-07-23 21:34:55,47,3,46.25,14.47,31.78,Picked Up,19,False,
RX-0000358,RXN-100358,PH-002,EMP-0026,EMP-0029,CUS-03595,PRD-00473,2026-06-17 19:05:25,2026-06-17 19:37:25,2026-06-18 08:37:25,63,3,16.36,5.05,11.31,Picked Up,32,False,
RX-0000359,RXN-100359,PH-004,EMP-0070,EMP-0076,CUS-02323,PRD-00568,2026-06-03 12:30:54,2026-06-03 13:15:54,2026-06-04 04:15:54,71,1,53.46,6.23,47.23,Ready,45,False,
RX-0000360,RXN-100360,PH-005,EMP-0093,EMP-0095,CUS-04989,PRD-00391,2026-07-10 09:54:49,2026-07-10 10:26:49,2026-07-12 10:26:49,25,0,27.17,8.26,18.91,Ready,32,False,
RX-0000361,RXN-100361,PH-001,EMP-0004,EMP-0010,CUS-02011,PRD-00197,2026-05-08 13:36:04,2026-05-08 13:55:04,2026-05-09 14:55:04,39,1,25.5,4.2,21.3,Picked Up,19,False,
RX-0000362,RXN-100362,PH-002,EMP-0027,EMP-0033,CUS-00905,PRD-00567,2026-06-27 21:00:04,2026-06-27 21:23:04,2026-06-28 17:23:04,11,2,22.14,7.34,14.8,Picked Up,23,False,
RX-0000363,RXN-100363,PH-004,EMP-0071,EMP-0076,CUS-01457,PRD-00292,2026-06-08 19:18:11,2026-06-08 20:03:11,2026-06-10 05:03:11,48,3,43.05,16.98,26.07,Picked Up,45,False,
RX-0000364,RXN-100364,PH-005,EMP-0093,EMP-0098,CUS-03452,PRD-00155,2026-06-06 18:03:21,2026-06-06 18:25:21,2026-06-08 15:25:21,44,2,88.55,18.29,70.26,Picked Up,22,False,
RX-0000365,RXN-100365,PH-005,EMP-0093,EMP-0096,CUS-04991,PRD-00574,2026-07-05 13:21:39,2026-07-05 14:03:39,2026-07-07 12:03:39,47,3,69.4,6.86,62.54,Picked Up,42,False,
RX-0000366,RXN-100366,PH-002,EMP-0028,EMP-0033,CUS-00978,PRD-00472,2026-07-19 14:51:01,2026-07-19 15:33:01,2026-07-20 00:33:01,35,1,68.47,15.19,53.28,Picked Up,42,False,
RX-0000367,RXN-100367,PH-004,EMP-0071,EMP-0073,CUS-00645,PRD-00055,2026-05-16 21:57:16,2026-05-16 22:19:16,2026-05-18 14:19:16,76,3,82.52,27.45,55.07,Ready,22,False,
RX-0000368,RXN-100368,PH-005,EMP-0092,EMP-0096,CUS-02228,PRD-00280,2026-06-18 13:38:04,2026-06-18 13:56:04,2026-06-20 02:56:04,36,2,15.86,4.73,11.13,Not Collected,18,False,
RX-0000369,RXN-100369,PH-003,EMP-0048,EMP-0055,CUS-00575,PRD-00682,2026-07-25 21:36:32,2026-07-25 21:45:32,2026-07-25 23:45:32,62,1,82.72,5.48,77.24,Picked Up,9,False,
RX-0000370,RXN-100370,PH-002,EMP-0026,EMP-0029,CUS-01052,PRD-00030,2026-06-10 16:51:22,2026-06-10 17:11:22,2026-06-10 20:11:22,90,2,38.09,8.8,29.29,Picked Up,20,False,
RX-0000371,RXN-100371,PH-001,EMP-0004,EMP-0008,CUS-03100,PRD-00067,2026-06-22 08:07:52,2026-06-22 08:22:52,2026-06-24 08:22:52,42,2,19.3,4.68,14.62,Picked Up,15,False,
RX-0000372,RXN-100372,PH-004,EMP-0070,EMP-0074,CUS-01435,PRD-00478,2026-05-25 21:29:04,2026-05-25 22:22:04,2026-05-27 11:22:04,89,1,70.17,5.27,64.9,Picked Up,53,False,
RX-0000373,RXN-100373,PH-004,EMP-0071,EMP-0076,CUS-03558,PRD-00331,2026-05-02 15:25:56,2026-05-02 15:52:56,2026-05-04 05:52:56,34,1,50.88,4.78,46.1,Picked Up,27,False,
RX-0000374,RXN-100374,PH-004,EMP-0070,EMP-0075,CUS-03295,PRD-00781,2026-05-21 16:29:44,2026-05-21 17:14:44,2026-05-22 10:14:44,60,2,72.46,16.61,55.85,Not Collected,45,False,
RX-0000375,RXN-100375,PH-005,EMP-0094,EMP-0098,CUS-03418,PRD-00140,2026-07-02 11:06:36,2026-07-02 11:26:36,2026-07-02 23:26:36,55,1,73.42,6.54,66.88,Picked Up,20,False,
RX-0000376,RXN-100376,PH-001,EMP-0005,EMP-0008,CUS-03387,PRD-00116,2026-06-16 18:15:42,2026-06-16 18:33:42,2026-06-17 16:33:42,81,2,50.99,13.8,37.19,Picked Up,18,False,
RX-0000377,RXN-100377,PH-001,EMP-0004,EMP-0011,CUS-01695,PRD-00030,2026-06-23 21:10:00,2026-06-23 21:38:00,2026-06-25 01:38:00,79,2,28.8,8.38,20.42,Picked Up,28,False,
RX-0000378,RXN-100378,PH-002,EMP-0027,EMP-0032,CUS-03976,PRD-00472,2026-05-13 16:04:04,2026-05-13 16:28:04,2026-05-14 23:28:04,36,3,63.44,8.17,55.27,Picked Up,24,False,
RX-0000379,RXN-100379,PH-002,EMP-0028,EMP-0032,CUS-03249,PRD-00595,2026-07-05 11:55:46,2026-07-05 12:26:46,2026-07-06 01:26:46,52,0,42.88,2.18,40.7,Picked Up,31,False,
RX-0000380,RXN-100380,PH-005,EMP-0092,EMP-0099,CUS-03195,PRD-00685,2026-06-16 17:33:45,2026-06-16 18:01:45,2026-06-18 12:01:45,50,0,20.13,1.85,18.28,Picked Up,28,False,
RX-0000381,RXN-100381,PH-002,EMP-0028,EMP-0030,CUS-04435,PRD-00507,2026-07-14 11:14:01,2026-07-14 11:19:01,2026-07-14 15:19:01,71,0,19.0,6.4,12.6,Picked Up,5,False,
RX-0000382,RXN-100382,PH-004,EMP-0070,EMP-0076,CUS-04901,PRD-00338,2026-06-25 21:00:13,2026-06-25 21:06:13,2026-06-26 17:06:13,21,3,25.71,6.65,19.06,Picked Up,6,False,
RX-0000383,RXN-100383,PH-001,EMP-0004,EMP-0010,CUS-03669,PRD-00689,2026-07-07 15:05:47,2026-07-07 15:25:47,2026-07-07 21:25:47,41,0,84.65,21.86,62.79,Cancelled,20,False,
RX-0000384,RXN-100384,PH-003,EMP-0050,EMP-0053,CUS-04247,PRD-00096,2026-05-06 13:39:08,2026-05-06 14:08:08,2026-05-07 22:08:08,18,2,21.42,1.5,19.92,Picked Up,29,False,
RX-0000385,RXN-100385,PH-005,EMP-0092,EMP-0099,CUS-01020,PRD-00682,2026-05-07 16:57:35,2026-05-07 17:24:35,2026-05-09 14:24:35,48,2,40.87,5.98,34.89,Picked Up,27,False,
RX-0000386,RXN-100386,PH-004,EMP-0070,EMP-0077,CUS-03703,PRD-00305,2026-07-09 19:23:32,2026-07-09 20:20:32,2026-07-11 06:20:32,84,3,121.9,42.68,79.22,Cancelled,57,False,
RX-0000387,RXN-100387,PH-002,EMP-0028,EMP-0033,CUS-03668,PRD-00685,2026-05-08 13:11:22,2026-05-08 13:30:22,2026-05-08 22:30:22,74,2,17.77,6.53,11.24,Picked Up,19,False,
RX-0000388,RXN-100388,PH-004,EMP-0072,EMP-0073,CUS-03126,PRD-00324,2026-07-30 11:17:24,2026-07-30 11:23:24,2026-08-01 10:23:24,67,0,21.1,2.05,19.05,Ready,6,False,
RX-0000389,RXN-100389,PH-003,EMP-0048,EMP-0051,CUS-03676,PRD-00574,2026-07-30 11:33:42,2026-07-30 11:50:42,2026-08-01 05:50:42,84,0,53.69,15.5,38.19,Picked Up,17,False,
RX-0000390,RXN-100390,PH-002,EMP-0028,EMP-0032,CUS-02987,PRD-00130,2026-07-07 08:43:12,2026-07-07 09:14:12,2026-07-09 08:14:12,40,2,37.7,11.51,26.19,Picked Up,31,False,
RX-0000391,RXN-100391,PH-003,EMP-0049,EMP-0051,CUS-00434,PRD-00574,2026-05-29 19:16:39,2026-05-29 19:35:39,2026-05-30 00:35:39,64,2,31.81,9.35,22.46,Not Collected,19,False,
RX-0000392,RXN-100392,PH-001,EMP-0005,EMP-0009,CUS-03749,PRD-00353,2026-05-19 15:26:13,2026-05-19 15:50:13,2026-05-21 13:50:13,19,1,47.92,11.95,35.97,Picked Up,24,False,
RX-0000393,RXN-100393,PH-003,EMP-0048,EMP-0054,CUS-03938,PRD-00568,2026-07-20 08:43:00,2026-07-20 08:53:00,2026-07-21 00:53:00,14,3,66.39,15.18,51.21,Picked Up,10,False,
RX-0000394,RXN-100394,PH-002,EMP-0026,EMP-0029,CUS-02972,PRD-00655,2026-05-18 09:54:26,2026-05-18 10:23:26,2026-05-18 17:23:26,50,2,125.71,49.47,76.24,Cancelled,29,False,
RX-0000395,RXN-100395,PH-004,EMP-0072,EMP-0077,CUS-00561,PRD-00011,2026-07-24 14:11:50,2026-07-24 14:29:50,2026-07-24 20:29:50,20,2,50.91,11.15,39.76,Picked Up,18,False,
RX-0000396,RXN-100396,PH-003,EMP-0050,EMP-0051,CUS-01494,PRD-00130,2026-05-28 17:01:51,2026-05-28 17:18:51,2026-05-29 18:18:51,56,1,50.99,4.43,46.56,Picked Up,17,False,
RX-0000397,RXN-100397,PH-004,EMP-0070,EMP-0073,CUS-00086,PRD-00013,2026-06-20 14:38:10,2026-06-20 15:06:10,2026-06-20 19:06:10,80,0,43.48,16.75,26.73,Picked Up,28,False,
RX-0000398,RXN-100398,PH-002,EMP-0027,EMP-0030,CUS-02692,PRD-00305,2026-05-04 19:27:58,2026-05-04 19:52:58,2026-05-06 09:52:58,56,2,109.24,7.89,101.35,Picked Up,25,False,
RX-0000399,RXN-100399,PH-002,EMP-0027,EMP-0032,CUS-00654,PRD-00030,2026-05-04 10:01:20,2026-05-04 10:45:20,2026-05-05 00:45:20,11,1,33.55,10.41,23.14,Picked Up,44,False,
RX-0000400,RXN-100400,PH-004,EMP-0070,EMP-0076,CUS-00676,PRD-00591,2026-07-13 16:56:35,2026-07-13 17:25:35,2026-07-13 21:25:35,26,2,129.17,29.39,99.78,Picked Up,29,False,
RX-0000401,RXN-100401,PH-003,EMP-0048,EMP-0055,CUS-03887,PRD-00331,2026-07-04 16:20:45,2026-07-04 16:42:45,2026-07-05 00:42:45,32,1,34.36,3.93,30.43,Picked Up,22,False,
RX-0000402,RXN-100402,PH-002,EMP-0027,EMP-0031,CUS-00357,PRD-00486,2026-07-23 10:05:07,2026-07-23 10:42:07,2026-07-23 23:42:07,33,2,64.57,23.52,41.05,Picked Up,37,False,
RX-0000403,RXN-100403,PH-001,EMP-0004,EMP-0010,CUS-00466,PRD-00050,2026-06-18 13:20:27,2026-06-18 13:40:27,2026-06-19 15:40:27,49,3,140.08,33.8,106.28,Picked Up,20,False,
RX-0000404,RXN-100404,PH-004,EMP-0071,EMP-0076,CUS-02530,PRD-00391,2026-07-31 19:24:39,2026-07-31 19:49:39,2026-08-01 16:49:39,28,0,61.16,18.62,42.54,Picked Up,25,False,
RX-0000405,RXN-100405,PH-003,EMP-0050,EMP-0053,CUS-02587,PRD-00322,2026-07-02 19:54:12,2026-07-02 20:14:12,2026-07-04 07:14:12,63,0,49.24,4.79,44.45,Reversed,20,True,
RX-0000406,RXN-100406,PH-002,EMP-0028,EMP-0033,CUS-02133,PRD-00568,2026-06-28 08:00:05,2026-06-28 08:29:05,2026-06-29 13:29:05,80,1,110.01,21.21,88.8,Picked Up,29,False,
RX-0000407,RXN-100407,PH-001,EMP-0005,EMP-0007,CUS-04106,PRD-00197,2026-05-25 16:42:06,2026-05-25 17:06:06,2026-05-27 10:06:06,59,2,39.75,4.51,35.24,Picked Up,24,False,
RX-0000408,RXN-100408,PH-004,EMP-0071,EMP-0077,CUS-04411,PRD-00280,2026-06-20 15:34:46,2026-06-20 15:51:46,2026-06-22 13:51:46,53,3,27.05,4.28,22.77,Picked Up,17,False,
RX-0000409,RXN-100409,PH-005,EMP-0093,EMP-0095,CUS-02407,PRD-00067,2026-06-04 12:54:52,2026-06-04 13:08:52,2026-06-06 03:08:52,61,2,27.79,1.48,26.31,Reversed,14,True,
RX-0000410,RXN-100410,PH-003,EMP-0048,EMP-0054,CUS-00561,PRD-00057,2026-06-29 12:49:52,2026-06-29 13:24:52,2026-07-01 00:24:52,89,2,26.23,9.99,16.24,Picked Up,35,False,
RX-0000411,RXN-100411,PH-001,EMP-0004,EMP-0011,CUS-04397,PRD-00389,2026-06-04 16:02:28,2026-06-04 16:12:28,2026-06-06 06:12:28,30,1,49.92,11.15,38.77,Picked Up,10,False,
RX-0000412,RXN-100412,PH-004,EMP-0071,EMP-0076,CUS-03836,PRD-00467,2026-06-26 16:08:34,2026-06-26 16:14:34,2026-06-27 19:14:34,58,0,51.71,5.42,46.29,Picked Up,6,False,
RX-0000413,RXN-100413,PH-001,EMP-0004,EMP-0009,CUS-03494,PRD-00520,2026-07-29 14:27:07,2026-07-29 14:43:07,2026-07-30 22:43:07,80,1,67.07,23.26,43.81,Picked Up,16,False,
RX-0000414,RXN-100414,PH-005,EMP-0092,EMP-0099,CUS-04867,PRD-00338,2026-06-18 20:04:21,2026-06-18 20:37:21,2026-06-19 11:37:21,49,3,33.49,12.56,20.93,Ready,33,False,
RX-0000415,RXN-100415,PH-004,EMP-0072,EMP-0073,CUS-01747,PRD-00030,2026-07-19 20:57:39,2026-07-19 21:40:39,2026-07-19 23:40:39,42,1,17.16,5.6,11.56,Picked Up,43,False,
RX-0000416,RXN-100416,PH-004,EMP-0070,EMP-0075,CUS-00681,PRD-00292,2026-06-23 13:51:13,2026-06-23 14:04:13,2026-06-24 09:04:13,62,3,80.99,29.4,51.59,Picked Up,13,False,
RX-0000417,RXN-100417,PH-002,EMP-0026,EMP-0033,CUS-01627,PRD-00292,2026-05-02 21:42:28,2026-05-02 21:52:28,2026-05-03 21:52:28,10,3,68.0,13.58,54.42,Cancelled,10,False,
RX-0000418,RXN-100418,PH-005,EMP-0092,EMP-0098,CUS-04486,PRD-00257,2026-05-20 21:30:17,2026-05-20 21:47:17,2026-05-22 07:47:17,89,2,67.62,6.66,60.96,Reversed,17,True,
RX-0000419,RXN-100419,PH-002,EMP-0027,EMP-0033,CUS-00364,PRD-00569,2026-07-14 10:58:17,2026-07-14 11:03:17,2026-07-15 19:03:17,81,3,38.67,14.78,23.89,Picked Up,5,False,
RX-0000420,RXN-100420,PH-002,EMP-0026,EMP-0030,CUS-02790,PRD-00197,2026-06-16 13:10:27,2026-06-16 13:32:27,2026-06-17 00:32:27,42,2,42.93,14.77,28.16,Picked Up,22,False,
RX-0000421,RXN-100421,PH-003,EMP-0048,EMP-0051,CUS-04638,PRD-00096,2026-06-18 21:43:57,2026-06-18 22:12:57,2026-06-20 00:12:57,19,2,18.21,2.87,15.34,Picked Up,29,False,
RX-0000422,RXN-100422,PH-004,EMP-0071,EMP-0074,CUS-01595,PRD-00786,2026-07-19 21:29:11,2026-07-19 21:47:11,2026-07-20 12:47:11,26,3,87.87,14.93,72.94,Cancelled,18,False,
RX-0000423,RXN-100423,PH-003,EMP-0049,EMP-0055,CUS-02299,PRD-00781,2026-07-30 18:17:06,2026-07-30 18:52:06,2026-08-01 10:52:06,77,0,48.27,4.7,43.57,Picked Up,35,False,
RX-0000424,RXN-100424,PH-005,EMP-0094,EMP-0099,CUS-02314,PRD-00125,2026-07-01 08:23:01,2026-07-01 08:56:01,2026-07-02 21:56:01,40,3,22.67,1.94,20.73,Picked Up,33,False,
RX-0000425,RXN-100425,PH-004,EMP-0072,EMP-0077,CUS-03277,PRD-00057,2026-07-29 13:04:29,2026-07-29 13:09:29,2026-07-30 18:09:29,66,2,62.72,11.69,51.03,Picked Up,5,False,
RX-0000426,RXN-100426,PH-003,EMP-0050,EMP-0051,CUS-03926,PRD-00057,2026-05-04 21:25:57,2026-05-04 21:33:57,2026-05-05 11:33:57,46,1,39.39,5.74,33.65,Picked Up,8,False,
RX-0000427,RXN-100427,PH-001,EMP-0005,EMP-0008,CUS-04179,PRD-00718,2026-05-23 15:41:04,2026-05-23 15:51:04,2026-05-25 15:51:04,76,0,28.27,10.46,17.81,Picked Up,10,False,
RX-0000428,RXN-100428,PH-001,EMP-0004,EMP-0007,CUS-00014,PRD-00011,2026-05-09 11:56:46,2026-05-09 12:17:46,2026-05-10 05:17:46,15,1,71.99,11.77,60.22,Picked Up,21,False,
RX-0000429,RXN-100429,PH-005,EMP-0093,EMP-0097,CUS-03148,PRD-00197,2026-06-26 19:00:25,2026-06-26 19:12:25,2026-06-27 17:12:25,41,2,57.33,10.53,46.8,Picked Up,12,False,
RX-0000430,RXN-100430,PH-004,EMP-0071,EMP-0075,CUS-03124,PRD-00685,2026-07-18 14:29:29,2026-07-18 15:07:29,2026-07-19 14:07:29,67,3,14.74,1.22,13.52,Picked Up,38,False,
RX-0000431,RXN-100431,PH-002,EMP-0028,EMP-0029,CUS-03881,PRD-00486,2026-07-24 16:22:03,2026-07-24 16:44:03,2026-07-24 18:44:03,39,0,46.59,11.08,35.51,Ready,22,False,
RX-0000432,RXN-100432,PH-005,EMP-0093,EMP-0098,CUS-00989,PRD-00781,2026-05-19 10:47:45,2026-05-19 11:06:45,2026-05-19 12:06:45,63,0,71.62,24.57,47.05,Picked Up,19,False,
RX-0000433,RXN-100433,PH-003,EMP-0048,EMP-0053,CUS-04947,PRD-00476,2026-05-07 17:15:34,2026-05-07 17:43:34,2026-05-09 02:43:34,29,3,78.77,24.83,53.94,Picked Up,28,False,
RX-0000434,RXN-100434,PH-003,EMP-0048,EMP-0051,CUS-02546,PRD-00576,2026-07-04 21:46:31,2026-07-04 22:15:31,2026-07-06 19:15:31,36,0,44.66,5.25,39.41,Reversed,29,True,
RX-0000435,RXN-100435,PH-001,EMP-0004,EMP-0011,CUS-03609,PRD-00655,2026-05-29 11:23:49,2026-05-29 11:51:49,2026-05-30 13:51:49,37,3,70.92,15.91,55.01,Reversed,28,True,
RX-0000436,RXN-100436,PH-005,EMP-0094,EMP-0096,CUS-01957,PRD-00689,2026-07-31 20:09:13,2026-07-31 20:43:13,2026-08-01 06:43:13,67,0,83.67,23.14,60.53,Picked Up,34,False,
RX-0000437,RXN-100437,PH-005,EMP-0092,EMP-0097,CUS-04385,PRD-00507,2026-07-11 21:54:15,2026-07-11 22:02:15,2026-07-13 18:02:15,80,2,14.76,4.82,9.94,Picked Up,8,False,
RX-0000438,RXN-100438,PH-005,EMP-0092,EMP-0098,CUS-04325,PRD-00654,2026-07-27 12:44:43,2026-07-27 12:54:43,2026-07-29 03:54:43,46,3,74.3,8.16,66.14,Picked Up,10,False,
RX-0000439,RXN-100439,PH-004,EMP-0072,EMP-0073,CUS-02649,PRD-00036,2026-07-11 12:59:44,2026-07-11 13:07:44,2026-07-11 19:07:44,79,1,7.16,1.91,5.25,Cancelled,8,False,
RX-0000440,RXN-100440,PH-004,EMP-0072,EMP-0076,CUS-02291,PRD-00116,2026-05-29 20:58:11,2026-05-29 21:46:11,2026-05-31 04:46:11,68,0,80.85,4.53,76.32,Picked Up,48,False,
RX-0000441,RXN-100441,PH-005,EMP-0092,EMP-0096,CUS-01528,PRD-00482,2026-06-30 21:57:31,2026-06-30 22:39:31,2026-07-02 11:39:31,22,0,104.05,39.61,64.44,Picked Up,42,False,
RX-0000442,RXN-100442,PH-003,EMP-0050,EMP-0054,CUS-01347,PRD-00140,2026-05-21 21:31:07,2026-05-21 21:40:07,2026-05-23 04:40:07,27,3,67.75,14.59,53.16,Picked Up,9,False,
RX-0000443,RXN-100443,PH-001,EMP-0004,EMP-0010,CUS-04818,PRD-00101,2026-05-09 17:45:07,2026-05-09 18:12:07,2026-05-10 12:12:07,19,0,23.33,4.25,19.08,Cancelled,27,False,
RX-0000444,RXN-100444,PH-001,EMP-0005,EMP-0007,CUS-01148,PRD-00621,2026-06-14 16:53:55,2026-06-14 17:17:55,2026-06-15 10:17:55,29,1,84.17,18.47,65.7,Picked Up,24,False,
RX-0000445,RXN-100445,PH-002,EMP-0027,EMP-0033,CUS-04987,PRD-00030,2026-06-26 15:16:32,2026-06-26 15:44:32,2026-06-27 07:44:32,51,0,33.58,9.69,23.89,Picked Up,28,False,
RX-0000446,RXN-100446,PH-001,EMP-0004,EMP-0009,CUS-04814,PRD-00621,2026-05-05 18:39:02,2026-05-05 18:44:02,2026-05-07 03:44:02,58,1,44.31,15.07,29.24,Picked Up,5,False,
RX-0000447,RXN-100447,PH-002,EMP-0027,EMP-0030,CUS-00959,PRD-00574,2026-07-26 19:16:38,2026-07-26 19:42:38,2026-07-26 20:42:38,70,2,74.54,10.49,64.05,Picked Up,26,False,
RX-0000448,RXN-100448,PH-001,EMP-0005,EMP-0007,CUS-00062,PRD-00017,2026-05-29 12:03:14,2026-05-29 12:32:14,2026-05-31 06:32:14,77,0,101.87,15.42,86.45,Picked Up,29,False,
RX-0000449,RXN-100449,PH-004,EMP-0072,EMP-0076,CUS-01611,PRD-00527,2026-07-29 15:07:48,2026-07-29 15:21:48,2026-07-29 19:21:48,58,2,82.02,10.24,71.78,Picked Up,14,False,
RX-0000450,RXN-100450,PH-002,EMP-0027,EMP-0033,CUS-02741,PRD-00520,2026-05-02 21:42:44,2026-05-02 22:07:44,2026-05-02 23:07:44,47,0,38.11,12.94,25.17,Picked Up,25,False,
RX-0000451,RXN-100451,PH-005,EMP-0094,EMP-0096,CUS-00042,PRD-00322,2026-07-23 17:28:37,2026-07-23 17:38:37,2026-07-24 19:38:37,85,1,50.05,16.87,33.18,Picked Up,10,False,
RX-0000452,RXN-100452,PH-005,EMP-0094,EMP-0097,CUS-00078,PRD-00591,2026-07-02 12:50:43,2026-07-02 13:18:43,2026-07-03 18:18:43,53,1,150.96,55.35,95.61,Picked Up,28,False,
RX-0000453,RXN-100453,PH-002,EMP-0026,EMP-0030,CUS-00528,PRD-00654,2026-05-03 14:51:20,2026-05-03 15:18:20,2026-05-04 00:18:20,12,1,31.86,2.54,29.32,Ready,27,False,
RX-0000454,RXN-100454,PH-005,EMP-0093,EMP-0098,CUS-02689,PRD-00316,2026-06-12 08:41:36,2026-06-12 08:58:36,2026-06-12 10:58:36,89,2,106.47,34.45,72.02,Picked Up,17,False,
RX-0000455,RXN-100455,PH-003,EMP-0048,EMP-0055,CUS-00869,PRD-00473,2026-05-02 11:14:57,2026-05-02 12:03:57,2026-05-03 11:03:57,41,1,10.34,0.83,9.51,Picked Up,49,False,
RX-0000456,RXN-100456,PH-002,EMP-0026,EMP-0030,CUS-04638,PRD-00067,2026-06-05 21:13:11,2026-06-05 21:47:11,2026-06-06 07:47:11,50,2,31.48,7.35,24.13,Picked Up,34,False,
RX-0000457,RXN-100457,PH-004,EMP-0070,EMP-0077,CUS-04825,PRD-00718,2026-06-24 16:10:19,2026-06-24 16:24:19,2026-06-25 23:24:19,10,0,53.14,3.7,49.44,Picked Up,14,False,
RX-0000458,RXN-100458,PH-004,EMP-0070,EMP-0077,CUS-02136,PRD-00081,2026-07-08 14:31:25,2026-07-08 15:20:25,2026-07-09 04:20:25,88,3,61.6,13.48,48.12,Picked Up,49,False,
RX-0000459,RXN-100459,PH-001,EMP-0004,EMP-0011,CUS-03587,PRD-00257,2026-06-04 13:41:11,2026-06-04 14:32:11,2026-06-05 05:32:11,83,3,70.45,11.59,58.86,Picked Up,51,False,
RX-0000460,RXN-100460,PH-004,EMP-0071,EMP-0074,CUS-00064,PRD-00140,2026-06-03 10:49:36,2026-06-03 11:08:36,2026-06-04 09:08:36,25,3,58.86,21.3,37.56,Reversed,19,True,
RX-0000461,RXN-100461,PH-001,EMP-0005,EMP-0010,CUS-03380,PRD-00185,2026-06-12 09:14:54,2026-06-12 09:19:54,2026-06-13 02:19:54,26,3,15.43,6.07,9.36,Picked Up,5,False,
RX-0000462,RXN-100462,PH-001,EMP-0005,EMP-0010,CUS-03706,PRD-00689,2026-07-16 20:15:33,2026-07-16 20:55:33,2026-07-17 19:55:33,53,0,73.98,25.32,48.66,Picked Up,40,False,
RX-0000463,RXN-100463,PH-005,EMP-0094,EMP-0099,CUS-03241,PRD-00055,2026-06-10 12:04:14,2026-06-10 12:50:14,2026-06-11 02:50:14,36,1,86.74,25.62,61.12,Cancelled,46,False,
RX-0000464,RXN-100464,PH-005,EMP-0094,EMP-0096,CUS-04863,PRD-00067,2026-05-12 14:47:31,2026-05-12 14:54:31,2026-05-13 13:54:31,21,2,30.76,6.72,24.04,Picked Up,7,False,
RX-0000465,RXN-100465,PH-005,EMP-0093,EMP-0098,CUS-01081,PRD-00574,2026-06-20 14:16:17,2026-06-20 14:27:17,2026-06-21 16:27:17,23,1,47.38,11.07,36.31,Picked Up,11,False,
RX-0000466,RXN-100466,PH-005,EMP-0094,EMP-0096,CUS-00247,PRD-00011,2026-05-19 15:57:16,2026-05-19 16:07:16,2026-05-19 22:07:16,54,0,74.21,14.84,59.37,Reversed,10,True,
RX-0000467,RXN-100467,PH-004,EMP-0070,EMP-0076,CUS-04608,PRD-00591,2026-06-05 19:00:33,2026-06-05 19:12:33,2026-06-07 07:12:33,78,3,147.82,43.55,104.27,Ready,12,False,
RX-0000468,RXN-100468,PH-002,EMP-0026,EMP-0030,CUS-04196,PRD-00551,2026-05-03 11:26:36,2026-05-03 12:05:36,2026-05-04 12:05:36,53,2,43.75,16.12,27.63,Reversed,39,True,
RX-0000469,RXN-100469,PH-002,EMP-0027,EMP-0029,CUS-00339,PRD-00576,2026-07-22 11:21:56,2026-07-22 11:34:56,2026-07-24 09:34:56,29,2,44.31,11.05,33.26,Reversed,13,True,
RX-0000470,RXN-100470,PH-005,EMP-0093,EMP-0096,CUS-02254,PRD-00576,2026-05-02 11:24:18,2026-05-02 11:51:18,2026-05-04 06:51:18,35,3,25.88,9.46,16.42,Picked Up,27,False,
RX-0000471,RXN-100471,PH-002,EMP-0028,EMP-0029,CUS-00838,PRD-00574,2026-05-17 16:35:15,2026-05-17 16:50:15,2026-05-19 05:50:15,78,3,75.67,12.5,63.17,Ready,15,False,
RX-0000472,RXN-100472,PH-003,EMP-0049,EMP-0052,CUS-01723,PRD-00595,2026-07-02 09:45:41,2026-07-02 09:59:41,2026-07-04 04:59:41,53,2,62.85,10.29,52.56,Picked Up,14,False,
RX-0000473,RXN-100473,PH-001,EMP-0005,EMP-0007,CUS-04340,PRD-00567,2026-05-11 08:42:42,2026-05-11 09:07:42,2026-05-13 07:07:42,80,2,33.38,2.01,31.37,Picked Up,25,False,
RX-0000474,RXN-100474,PH-003,EMP-0048,EMP-0054,CUS-02965,PRD-00011,2026-06-16 15:31:20,2026-06-16 16:02:20,2026-06-18 06:02:20,28,2,62.1,15.54,46.56,Picked Up,31,False,
RX-0000475,RXN-100475,PH-005,EMP-0094,EMP-0098,CUS-04099,PRD-00140,2026-07-22 15:04:55,2026-07-22 15:32:55,2026-07-23 09:32:55,57,3,67.99,17.72,50.27,Picked Up,28,False,
RX-0000476,RXN-100476,PH-004,EMP-0071,EMP-0076,CUS-01627,PRD-00050,2026-05-27 20:02:37,2026-05-27 20:11:37,2026-05-29 18:11:37,43,1,95.06,18.28,76.78,Reversed,9,True,
RX-0000477,RXN-100477,PH-004,EMP-0070,EMP-0075,CUS-03277,PRD-00017,2026-06-29 13:19:13,2026-06-29 13:32:13,2026-07-01 12:32:13,50,1,86.89,20.62,66.27,Reversed,13,True,
RX-0000478,RXN-100478,PH-004,EMP-0070,EMP-0074,CUS-00481,PRD-00271,2026-06-19 18:38:32,2026-06-19 19:07:32,2026-06-19 22:07:32,86,0,130.7,37.08,93.62,Ready,29,False,
RX-0000479,RXN-100479,PH-004,EMP-0071,EMP-0073,CUS-00788,PRD-00067,2026-05-20 20:03:51,2026-05-20 20:51:51,2026-05-21 15:51:51,23,2,23.67,5.36,18.31,Picked Up,48,False,
RX-0000480,RXN-100480,PH-004,EMP-0070,EMP-0073,CUS-03482,PRD-00520,2026-07-05 08:33:26,2026-07-05 08:57:26,2026-07-07 06:57:26,64,3,72.17,19.92,52.25,Picked Up,24,False,
RX-0000481,RXN-100481,PH-002,EMP-0026,EMP-0030,CUS-04925,PRD-00718,2026-07-08 09:03:00,2026-07-08 09:32:00,2026-07-09 13:32:00,58,1,27.55,7.93,19.62,Picked Up,29,False,
RX-0000482,RXN-100482,PH-005,EMP-0094,EMP-0098,CUS-00891,PRD-00520,2026-06-09 15:23:07,2026-06-09 16:06:07,2026-06-09 20:06:07,56,2,65.74,23.94,41.8,Picked Up,43,False,
RX-0000483,RXN-100483,PH-002,EMP-0027,EMP-0032,CUS-03471,PRD-00391,2026-06-05 16:00:33,2026-06-05 16:44:33,2026-06-06 08:44:33,43,3,42.7,12.92,29.78,Cancelled,44,False,
RX-0000484,RXN-100484,PH-004,EMP-0070,EMP-0076,CUS-04036,PRD-00067,2026-06-07 16:35:38,2026-06-07 17:04:38,2026-06-08 17:04:38,14,0,33.7,10.02,23.68,Picked Up,29,False,
RX-0000485,RXN-100485,PH-003,EMP-0050,EMP-0053,CUS-02828,PRD-00130,2026-07-23 14:41:13,2026-07-23 15:04:13,2026-07-24 10:04:13,88,2,34.72,13.16,21.56,Picked Up,23,False,
RX-0000486,RXN-100486,PH-002,EMP-0027,EMP-0033,CUS-02084,PRD-00685,2026-07-01 09:45:02,2026-07-01 10:20:02,2026-07-02 01:20:02,70,0,12.77,0.87,11.9,Picked Up,35,False,
RX-0000487,RXN-100487,PH-002,EMP-0027,EMP-0033,CUS-02654,PRD-00197,2026-05-11 10:20:23,2026-05-11 10:29:23,2026-05-11 16:29:23,20,3,40.94,5.87,35.07,Picked Up,9,False,
RX-0000488,RXN-100488,PH-001,EMP-0005,EMP-0007,CUS-04936,PRD-00316,2026-07-12 20:28:20,2026-07-12 20:54:20,2026-07-14 07:54:20,61,2,110.16,42.49,67.67,Picked Up,26,False,
RX-0000489,RXN-100489,PH-004,EMP-0070,EMP-0075,CUS-04115,PRD-00040,2026-06-18 11:28:42,2026-06-18 11:56:42,2026-06-18 16:56:42,78,0,110.28,35.18,75.1,Ready,28,False,
RX-0000490,RXN-100490,PH-005,EMP-0094,EMP-0097,CUS-02714,PRD-00689,2026-05-19 21:50:59,2026-05-19 22:02:59,2026-05-20 10:02:59,71,1,105.54,37.33,68.21,Picked Up,12,False,
RX-0000491,RXN-100491,PH-001,EMP-0005,EMP-0010,CUS-03225,PRD-00011,2026-05-24 13:23:04,2026-05-24 13:35:04,2026-05-24 22:35:04,27,1,79.3,27.23,52.07,Picked Up,12,False,
RX-0000492,RXN-100492,PH-004,EMP-0072,EMP-0076,CUS-02418,PRD-00781,2026-06-21 10:25:02,2026-06-21 11:04:02,2026-06-23 10:04:02,23,0,68.66,26.77,41.89,Picked Up,39,False,
RX-0000493,RXN-100493,PH-005,EMP-0092,EMP-0096,CUS-04555,PRD-00257,2026-05-26 09:43:41,2026-05-26 09:52:41,2026-05-28 06:52:41,12,3,70.89,16.88,54.01,Picked Up,9,False,
RX-0000494,RXN-100494,PH-004,EMP-0070,EMP-0073,CUS-00493,PRD-00324,2026-07-03 12:51:26,2026-07-03 13:18:26,2026-07-04 21:18:26,80,1,21.44,4.14,17.3,Picked Up,27,False,
RX-0000495,RXN-100495,PH-001,EMP-0004,EMP-0007,CUS-00474,PRD-00551,2026-06-23 10:48:13,2026-06-23 11:41:13,2026-06-25 03:41:13,31,2,63.35,10.33,53.02,Picked Up,53,False,
RX-0000496,RXN-100496,PH-001,EMP-0005,EMP-0009,CUS-03701,PRD-00574,2026-06-01 21:24:53,2026-06-01 21:43:53,2026-06-02 02:43:53,19,1,34.2,6.69,27.51,Picked Up,19,False,
RX-0000497,RXN-100497,PH-005,EMP-0092,EMP-0098,CUS-04876,PRD-00654,2026-05-30 19:58:39,2026-05-30 20:17:39,2026-06-01 06:17:39,85,1,57.43,12.26,45.17,Cancelled,19,False,
RX-0000498,RXN-100498,PH-004,EMP-0070,EMP-0077,CUS-04411,PRD-00030,2026-06-23 08:42:58,2026-06-23 09:04:58,2026-06-23 20:04:58,44,0,33.27,12.1,21.17,Picked Up,22,False,
RX-0000499,RXN-100499,PH-004,EMP-0071,EMP-0075,CUS-02765,PRD-00185,2026-05-06 18:15:10,2026-05-06 18:30:10,2026-05-07 09:30:10,37,2,15.1,5.56,9.54,Cancelled,15,False,
RX-0000500,RXN-100500,PH-001,EMP-0004,EMP-0008,CUS-00644,PRD-00356,2026-07-24 09:29:33,2026-07-24 09:53:33,2026-07-24 20:53:33,58,2,77.12,29.71,47.41,Picked Up,24,False,
RX-0000501,RXN-100501,PH-002,EMP-0027,EMP-0030,CUS-01886,PRD-00476,2026-06-02 12:20:44,2026-06-02 12:58:44,2026-06-04 06:58:44,87,2,76.49,12.02,64.47,Picked Up,38,False,
RX-0000502,RXN-100502,PH-004,EMP-0072,EMP-0076,CUS-00242,PRD-00568,2026-06-01 18:48:44,2026-06-01 19:26:44,2026-06-03 10:26:44,56,3,77.57,13.79,63.78,Picked Up,38,False,
RX-0000503,RXN-100503,PH-004,EMP-0070,EMP-0076,CUS-01779,PRD-00305,2026-06-08 20:37:04,2026-06-08 21:14:04,2026-06-10 20:14:04,68,1,66.39,21.31,45.08,Not Collected,37,False,
RX-0000504,RXN-100504,PH-001,EMP-0005,EMP-0011,CUS-04975,PRD-00257,2026-07-17 14:30:38,2026-07-17 15:26:38,2026-07-19 10:26:38,86,2,42.41,12.8,29.61,Not Collected,56,False,
RX-0000505,RXN-100505,PH-001,EMP-0005,EMP-0009,CUS-04847,PRD-00591,2026-05-24 21:59:02,2026-05-24 22:37:02,2026-05-26 15:37:02,87,3,90.3,33.36,56.94,Picked Up,38,False,
RX-0000506,RXN-100506,PH-002,EMP-0026,EMP-0033,CUS-01501,PRD-00486,2026-07-24 11:58:35,2026-07-24 12:24:35,2026-07-25 22:24:35,88,2,28.38,7.49,20.89,Reversed,26,True,
RX-0000507,RXN-100507,PH-004,EMP-0072,EMP-0075,CUS-02481,PRD-00655,2026-06-15 11:03:46,2026-06-15 11:43:46,2026-06-17 11:43:46,13,1,119.44,21.23,98.21,Picked Up,40,False,
RX-0000508,RXN-100508,PH-003,EMP-0048,EMP-0053,CUS-02643,PRD-00101,2026-07-21 17:09:47,2026-07-21 17:35:47,2026-07-22 02:35:47,76,0,47.2,13.99,33.21,Picked Up,26,False,
RX-0000509,RXN-100509,PH-005,EMP-0094,EMP-0095,CUS-00127,PRD-00567,2026-05-14 12:37:30,2026-05-14 12:56:30,2026-05-16 05:56:30,68,2,22.74,8.26,14.48,Reversed,19,True,
RX-0000510,RXN-100510,PH-004,EMP-0070,EMP-0073,CUS-03272,PRD-00574,2026-05-12 17:18:58,2026-05-12 17:46:58,2026-05-14 17:46:58,25,3,70.85,8.21,62.64,Not Collected,28,False,
RX-0000511,RXN-100511,PH-005,EMP-0094,EMP-0099,CUS-04781,PRD-00517,2026-06-21 09:34:30,2026-06-21 09:52:30,2026-06-23 02:52:30,67,1,18.55,5.05,13.5,Reversed,18,True,
RX-0000512,RXN-100512,PH-001,EMP-0005,EMP-0007,CUS-04456,PRD-00595,2026-07-06 16:48:41,2026-07-06 17:16:41,2026-07-07 18:16:41,72,0,49.47,19.69,29.78,Picked Up,28,False,
RX-0000513,RXN-100513,PH-001,EMP-0005,EMP-0011,CUS-01514,PRD-00689,2026-06-10 11:35:07,2026-06-10 12:03:07,2026-06-10 19:03:07,32,1,54.37,16.35,38.02,Picked Up,28,False,
RX-0000514,RXN-100514,PH-001,EMP-0004,EMP-0009,CUS-04166,PRD-00067,2026-06-18 21:55:26,2026-06-18 22:09:26,2026-06-20 19:09:26,14,1,20.94,7.24,13.7,Picked Up,14,False,
RX-0000515,RXN-100515,PH-004,EMP-0071,EMP-0077,CUS-00484,PRD-00036,2026-07-04 17:11:56,2026-07-04 17:35:56,2026-07-06 15:35:56,82,1,6.72,2.29,4.43,Picked Up,24,False,
RX-0000516,RXN-100516,PH-004,EMP-0071,EMP-0077,CUS-02623,PRD-00101,2026-06-23 19:52:40,2026-06-23 20:25:40,2026-06-25 07:25:40,16,1,37.47,6.9,30.57,Picked Up,33,False,
RX-0000517,RXN-100517,PH-004,EMP-0071,EMP-0075,CUS-03809,PRD-00017,2026-06-09 19:17:57,2026-06-09 19:53:57,2026-06-11 04:53:57,44,2,90.09,27.41,62.68,Cancelled,36,False,
RX-0000518,RXN-100518,PH-001,EMP-0004,EMP-0009,CUS-00390,PRD-00013,2026-05-07 16:24:53,2026-05-07 17:03:53,2026-05-08 13:03:53,78,1,32.68,2.89,29.79,Picked Up,39,False,
RX-0000519,RXN-100519,PH-003,EMP-0048,EMP-0053,CUS-02268,PRD-00423,2026-06-15 17:06:44,2026-06-15 17:46:44,2026-06-17 09:46:44,37,3,92.65,29.64,63.01,Reversed,40,True,
RX-0000520,RXN-100520,PH-002,EMP-0027,EMP-0033,CUS-02594,PRD-00576,2026-06-06 16:32:17,2026-06-06 16:44:17,2026-06-08 09:44:17,86,2,25.03,3.77,21.26,Picked Up,12,False,
RX-0000521,RXN-100521,PH-003,EMP-0050,EMP-0055,CUS-04154,PRD-00682,2026-06-05 09:57:23,2026-06-05 10:38:23,2026-06-06 05:38:23,85,2,69.96,6.79,63.17,Not Collected,41,False,
RX-0000522,RXN-100522,PH-001,EMP-0005,EMP-0011,CUS-03179,PRD-00057,2026-06-09 12:08:52,2026-06-09 12:58:52,2026-06-10 13:58:52,86,2,33.91,7.99,25.92,Not Collected,50,False,
RX-0000523,RXN-100523,PH-003,EMP-0049,EMP-0052,CUS-03263,PRD-00331,2026-05-28 20:58:39,2026-05-28 21:07:39,2026-05-29 21:07:39,49,2,51.29,19.23,32.06,Picked Up,9,False,
RX-0000524,RXN-100524,PH-003,EMP-0049,EMP-0051,CUS-04063,PRD-00574,2026-05-20 19:55:44,2026-05-20 20:40:44,2026-05-22 10:40:44,86,0,71.46,23.93,47.53,Not Collected,45,False,
RX-0000525,RXN-100525,PH-005,EMP-0092,EMP-0095,CUS-01765,PRD-00591,2026-05-21 16:45:50,2026-05-21 17:02:50,2026-05-22 09:02:50,68,1,81.45,23.32,58.13,Picked Up,17,False,
RX-0000526,RXN-100526,PH-004,EMP-0071,EMP-0077,CUS-02810,PRD-00130,2026-07-30 09:57:37,2026-07-30 10:02:37,2026-08-01 09:02:37,33,3,30.66,8.61,22.05,Picked Up,5,False,
RX-0000527,RXN-100527,PH-001,EMP-0004,EMP-0010,CUS-01977,PRD-00391,2026-06-17 19:33:52,2026-06-17 19:47:52,2026-06-18 14:47:52,46,0,46.46,2.47,43.99,Picked Up,14,False,
RX-0000528,RXN-100528,PH-003,EMP-0050,EMP-0053,CUS-00784,PRD-00030,2026-05-06 11:07:00,2026-05-06 11:41:00,2026-05-08 10:41:00,80,1,37.01,13.55,23.46,Not Collected,34,False,
RX-0000529,RXN-100529,PH-001,EMP-0004,EMP-0011,CUS-04265,PRD-00654,2026-07-29 15:07:10,2026-07-29 15:43:10,2026-07-31 15:43:10,77,1,62.87,22.24,40.63,Ready,36,False,
RX-0000530,RXN-100530,PH-004,EMP-0072,EMP-0073,CUS-02220,PRD-00654,2026-07-30 10:00:35,2026-07-30 10:21:35,2026-08-01 05:21:35,56,1,38.36,13.45,24.91,Picked Up,21,False,
RX-0000531,RXN-100531,PH-002,EMP-0028,EMP-0032,CUS-02578,PRD-00036,2026-07-16 19:56:50,2026-07-16 20:27:50,2026-07-17 00:27:50,21,0,11.42,2.42,9.0,Not Collected,31,False,
RX-0000532,RXN-100532,PH-001,EMP-0004,EMP-0008,CUS-04376,PRD-00482,2026-05-17 21:49:25,2026-05-17 22:42:25,2026-05-19 09:42:25,32,1,56.97,11.41,45.56,Picked Up,53,False,
RX-0000533,RXN-100533,PH-001,EMP-0005,EMP-0008,CUS-00294,PRD-00013,2026-06-18 19:31:46,2026-06-18 20:09:46,2026-06-20 07:09:46,86,2,35.78,11.14,24.64,Ready,38,False,
RX-0000534,RXN-100534,PH-005,EMP-0093,EMP-0096,CUS-02732,PRD-00017,2026-07-20 21:50:48,2026-07-20 21:58:48,2026-07-21 16:58:48,47,3,138.6,28.59,110.01,Ready,8,False,
RX-0000535,RXN-100535,PH-005,EMP-0093,EMP-0095,CUS-00308,PRD-00391,2026-05-04 11:32:54,2026-05-04 11:44:54,2026-05-04 23:44:54,79,1,55.86,15.98,39.88,Ready,12,False,
RX-0000536,RXN-100536,PH-005,EMP-0092,EMP-0095,CUS-04265,PRD-00520,2026-07-29 10:07:19,2026-07-29 10:30:19,2026-07-30 05:30:19,81,3,51.27,11.8,39.47,Picked Up,23,False,
RX-0000537,RXN-100537,PH-003,EMP-0048,EMP-0051,CUS-02301,PRD-00013,2026-06-24 11:02:48,2026-06-24 11:43:48,2026-06-26 10:43:48,77,2,28.29,10.03,18.26,Picked Up,41,False,
RX-0000538,RXN-100538,PH-004,EMP-0072,EMP-0075,CUS-03699,PRD-00305,2026-06-23 16:40:57,2026-06-23 17:29:57,2026-06-25 04:29:57,65,0,133.62,26.7,106.92,Picked Up,49,False,
RX-0000539,RXN-100539,PH-003,EMP-0048,EMP-0052,CUS-03380,PRD-00220,2026-05-08 16:36:45,2026-05-08 16:49:45,2026-05-09 07:49:45,23,3,84.29,5.23,79.06,Picked Up,13,False,
RX-0000540,RXN-100540,PH-002,EMP-0028,EMP-0031,CUS-04911,PRD-00467,2026-06-27 15:02:55,2026-06-27 15:46:55,2026-06-28 15:46:55,16,3,41.83,15.89,25.94,Ready,44,False,
RX-0000541,RXN-100541,PH-002,EMP-0026,EMP-0033,CUS-00368,PRD-00338,2026-06-29 10:30:15,2026-06-29 11:07:15,2026-06-29 14:07:15,75,1,29.32,6.22,23.1,Reversed,37,True,
RX-0000542,RXN-100542,PH-005,EMP-0092,EMP-0098,CUS-04524,PRD-00271,2026-07-12 15:21:11,2026-07-12 16:04:11,2026-07-13 16:04:11,66,1,67.83,6.04,61.79,Cancelled,43,False,
RX-0000543,RXN-100543,PH-004,EMP-0072,EMP-0077,CUS-04229,PRD-00473,2026-05-29 21:48:28,2026-05-29 21:58:28,2026-05-31 04:58:28,83,1,17.6,3.5,14.1,Picked Up,10,False,
RX-0000544,RXN-100544,PH-001,EMP-0005,EMP-0010,CUS-03299,PRD-00220,2026-06-08 17:48:49,2026-06-08 18:20:49,2026-06-09 07:20:49,18,3,95.23,29.05,66.18,Cancelled,32,False,
RX-0000545,RXN-100545,PH-005,EMP-0093,EMP-0099,CUS-02109,PRD-00086,2026-07-31 16:05:58,2026-07-31 16:30:58,2026-08-01 22:30:58,86,1,81.67,10.58,71.09,Picked Up,25,False,
RX-0000546,RXN-100546,PH-001,EMP-0005,EMP-0008,CUS-03518,PRD-00567,2026-05-15 10:50:26,2026-05-15 11:19:26,2026-05-16 16:19:26,59,2,26.44,8.27,18.17,Reversed,29,True,
RX-0000547,RXN-100547,PH-001,EMP-0004,EMP-0009,CUS-04057,PRD-00395,2026-06-26 19:34:08,2026-06-26 20:10:08,2026-06-28 18:10:08,36,3,21.49,6.21,15.28,Picked Up,36,False,
RX-0000548,RXN-100548,PH-001,EMP-0005,EMP-0009,CUS-02525,PRD-00130,2026-07-09 19:25:26,2026-07-09 19:53:26,2026-07-10 14:53:26,16,3,32.24,9.37,22.87,Ready,28,False,
RX-0000549,RXN-100549,PH-003,EMP-0048,EMP-0051,CUS-00976,PRD-00395,2026-05-18 16:18:56,2026-05-18 16:49:56,2026-05-20 01:49:56,84,0,19.36,5.97,13.39,Picked Up,31,False,
RX-0000550,RXN-100550,PH-003,EMP-0050,EMP-0054,CUS-01477,PRD-00389,2026-07-26 08:34:42,2026-07-26 09:04:42,2026-07-27 04:04:42,36,0,108.51,31.38,77.13,Picked Up,30,False,
RX-0000551,RXN-100551,PH-001,EMP-0004,EMP-0011,CUS-02356,PRD-00568,2026-06-29 19:17:26,2026-06-29 19:36:26,2026-06-30 15:36:26,12,0,118.69,12.05,106.64,Picked Up,19,False,
RX-0000552,RXN-100552,PH-004,EMP-0072,EMP-0075,CUS-00723,PRD-00101,2026-05-12 15:11:04,2026-05-12 15:44:04,2026-05-13 10:44:04,58,0,32.71,11.32,21.39,Picked Up,33,False,
RX-0000553,RXN-100553,PH-003,EMP-0050,EMP-0052,CUS-00127,PRD-00569,2026-05-27 08:10:45,2026-05-27 08:25:45,2026-05-28 04:25:45,85,2,35.29,5.14,30.15,Picked Up,15,False,
RX-0000554,RXN-100554,PH-005,EMP-0094,EMP-0097,CUS-04186,PRD-00017,2026-07-28 20:54:44,2026-07-28 21:20:44,2026-07-30 17:20:44,28,2,121.0,42.55,78.45,Not Collected,26,False,
RX-0000555,RXN-100555,PH-002,EMP-0028,EMP-0032,CUS-04378,PRD-00595,2026-06-13 20:23:02,2026-06-13 20:48:02,2026-06-15 14:48:02,90,2,59.56,8.62,50.94,Picked Up,25,False,
RX-0000556,RXN-100556,PH-003,EMP-0050,EMP-0053,CUS-03530,PRD-00435,2026-05-21 12:34:09,2026-05-21 13:11:09,2026-05-22 13:11:09,16,1,42.27,11.3,30.97,Reversed,37,True,
RX-0000557,RXN-100557,PH-005,EMP-0093,EMP-0097,CUS-04838,PRD-00040,2026-05-16 19:47:08,2026-05-16 20:43:08,2026-05-17 18:43:08,46,0,146.89,51.12,95.77,Picked Up,56,False,
RX-0000558,RXN-100558,PH-003,EMP-0050,EMP-0054,CUS-02355,PRD-00292,2026-05-28 13:23:41,2026-05-28 14:14:41,2026-05-28 17:14:41,53,3,88.84,22.3,66.54,Not Collected,51,False,
RX-0000559,RXN-100559,PH-002,EMP-0028,EMP-0033,CUS-04656,PRD-00569,2026-07-03 18:21:58,2026-07-03 18:44:58,2026-07-05 03:44:58,79,2,35.73,2.79,32.94,Ready,23,False,
RX-0000560,RXN-100560,PH-004,EMP-0072,EMP-0075,CUS-04307,PRD-00353,2026-05-04 17:11:34,2026-05-04 17:38:34,2026-05-06 10:38:34,75,3,59.82,14.17,45.65,Picked Up,27,False,
RX-0000561,RXN-100561,PH-002,EMP-0027,EMP-0031,CUS-03975,PRD-00155,2026-06-19 09:57:44,2026-06-19 10:16:44,2026-06-21 00:16:44,57,0,121.56,46.69,74.87,Picked Up,19,False,
RX-0000562,RXN-100562,PH-002,EMP-0027,EMP-0029,CUS-00604,PRD-00472,2026-06-05 20:47:15,2026-06-05 21:46:15,2026-06-06 02:46:15,43,2,76.48,20.39,56.09,Picked Up,59,False,
RX-0000563,RXN-100563,PH-005,EMP-0093,EMP-0099,CUS-03591,PRD-00472,2026-07-22 19:56:35,2026-07-22 20:24:35,2026-07-23 16:24:35,88,3,103.21,30.69,72.52,Picked Up,28,False,
RX-0000564,RXN-100564,PH-005,EMP-0092,EMP-0099,CUS-00431,PRD-00057,2026-05-13 10:53:16,2026-05-13 11:18:16,2026-05-15 03:18:16,77,3,25.93,2.34,23.59,Ready,25,False,
RX-0000565,RXN-100565,PH-001,EMP-0004,EMP-0008,CUS-03158,PRD-00517,2026-07-18 19:18:49,2026-07-18 19:50:49,2026-07-20 11:50:49,43,3,30.68,11.5,19.18,Cancelled,32,False,
RX-0000566,RXN-100566,PH-002,EMP-0028,EMP-0033,CUS-02797,PRD-00140,2026-06-04 13:49:16,2026-06-04 14:00:16,2026-06-05 12:00:16,23,0,53.8,5.29,48.51,Picked Up,11,False,
RX-0000567,RXN-100567,PH-001,EMP-0004,EMP-0010,CUS-01640,PRD-00067,2026-06-03 20:30:08,2026-06-03 21:05:08,2026-06-04 09:05:08,33,2,30.22,7.22,23.0,Picked Up,35,False,
RX-0000568,RXN-100568,PH-003,EMP-0049,EMP-0054,CUS-02786,PRD-00485,2026-05-22 17:43:46,2026-05-22 17:48:46,2026-05-23 00:48:46,89,3,26.08,5.85,20.23,Picked Up,5,False,
RX-0000569,RXN-100569,PH-003,EMP-0050,EMP-0055,CUS-02062,PRD-00718,2026-05-31 19:26:25,2026-05-31 19:51:25,2026-06-01 15:51:25,40,2,41.74,8.09,33.65,Picked Up,25,False,
RX-0000570,RXN-100570,PH-003,EMP-0048,EMP-0052,CUS-03874,PRD-00101,2026-05-17 19:40:50,2026-05-17 20:06:50,2026-05-19 18:06:50,34,0,26.53,10.08,16.45,Ready,26,False,
RX-0000571,RXN-100571,PH-003,EMP-0050,EMP-0051,CUS-02470,PRD-00185,2026-05-31 12:32:50,2026-05-31 12:40:50,2026-06-01 22:40:50,52,0,8.32,2.82,5.5,Picked Up,8,False,
RX-0000572,RXN-100572,PH-005,EMP-0092,EMP-0096,CUS-01780,PRD-00017,2026-05-30 12:15:52,2026-05-30 12:39:52,2026-05-30 19:39:52,11,2,123.63,39.42,84.21,Picked Up,24,False,
RX-0000573,RXN-100573,PH-002,EMP-0026,EMP-0030,CUS-00288,PRD-00569,2026-07-21 15:09:53,2026-07-21 15:29:53,2026-07-23 06:29:53,45,2,33.65,4.0,29.65,Picked Up,20,False,
RX-0000574,RXN-100574,PH-005,EMP-0092,EMP-0097,CUS-04301,PRD-00574,2026-07-20 15:26:50,2026-07-20 16:04:50,2026-07-21 19:04:50,18,1,52.43,7.02,45.41,Picked Up,38,False,
RX-0000575,RXN-100575,PH-004,EMP-0072,EMP-0076,CUS-04448,PRD-00435,2026-07-15 18:01:24,2026-07-15 18:31:24,2026-07-16 05:31:24,75,0,41.6,4.37,37.23,Picked Up,30,False,
RX-0000576,RXN-100576,PH-004,EMP-0070,EMP-0077,CUS-03845,PRD-00527,2026-07-01 17:14:33,2026-07-01 17:42:33,2026-07-01 20:42:33,57,0,84.05,12.1,71.95,Reversed,28,True,
RX-0000577,RXN-100577,PH-003,EMP-0048,EMP-0051,CUS-04320,PRD-00689,2026-06-30 18:34:58,2026-06-30 18:56:58,2026-07-02 11:56:58,39,3,62.14,22.18,39.96,Picked Up,22,False,
RX-0000578,RXN-100578,PH-004,EMP-0072,EMP-0075,CUS-00462,PRD-00185,2026-06-05 19:13:52,2026-06-05 19:40:52,2026-06-07 13:40:52,11,1,10.39,2.36,8.03,Picked Up,27,False,
RX-0000579,RXN-100579,PH-002,EMP-0026,EMP-0030,CUS-02722,PRD-00057,2026-06-14 17:04:10,2026-06-14 17:30:10,2026-06-16 04:30:10,47,2,29.68,11.06,18.62,Picked Up,26,False,
RX-0000580,RXN-100580,PH-001,EMP-0005,EMP-0009,CUS-00831,PRD-00486,2026-05-26 11:18:34,2026-05-26 11:57:34,2026-05-28 05:57:34,48,1,61.92,3.56,58.36,Picked Up,39,False,
RX-0000581,RXN-100581,PH-004,EMP-0071,EMP-0076,CUS-01764,PRD-00013,2026-06-17 13:15:32,2026-06-17 13:42:32,2026-06-18 11:42:32,40,2,27.25,6.02,21.23,Picked Up,27,False,
RX-0000582,RXN-100582,PH-002,EMP-0028,EMP-0032,CUS-00372,PRD-00125,2026-07-24 09:01:19,2026-07-24 09:26:19,2026-07-25 04:26:19,33,3,23.74,1.56,22.18,Picked Up,25,False,
RX-0000583,RXN-100583,PH-004,EMP-0070,EMP-0074,CUS-03600,PRD-00391,2026-05-27 16:57:28,2026-05-27 17:39:28,2026-05-29 14:39:28,39,1,45.54,9.72,35.82,Picked Up,42,False,
RX-0000584,RXN-100584,PH-003,EMP-0049,EMP-0054,CUS-01280,PRD-00482,2026-05-28 12:25:15,2026-05-28 13:14:15,2026-05-29 17:14:15,73,3,115.36,40.99,74.37,Picked Up,49,False,
RX-0000585,RXN-100585,PH-005,EMP-0094,EMP-0097,CUS-01331,PRD-00017,2026-05-11 09:48:41,2026-05-11 10:25:41,2026-05-12 20:25:41,81,2,146.2,30.51,115.69,Picked Up,37,False,
RX-0000586,RXN-100586,PH-003,EMP-0048,EMP-0051,CUS-01418,PRD-00567,2026-07-10 10:18:08,2026-07-10 10:42:08,2026-07-11 06:42:08,90,2,29.3,4.2,25.1,Reversed,24,True,
RX-0000587,RXN-100587,PH-004,EMP-0072,EMP-0076,CUS-00091,PRD-00353,2026-06-30 16:43:28,2026-06-30 17:23:28,2026-07-01 20:23:28,65,0,66.71,19.17,47.54,Picked Up,40,False,
RX-0000588,RXN-100588,PH-001,EMP-0005,EMP-0009,CUS-01281,PRD-00659,2026-07-09 16:26:14,2026-07-09 16:47:14,2026-07-09 17:47:14,33,1,71.34,14.59,56.75,Picked Up,21,False,
RX-0000589,RXN-100589,PH-002,EMP-0027,EMP-0032,CUS-04019,PRD-00478,2026-07-19 16:38:42,2026-07-19 17:07:42,2026-07-20 23:07:42,56,3,103.91,17.22,86.69,Not Collected,29,False,
RX-0000590,RXN-100590,PH-005,EMP-0093,EMP-0098,CUS-00804,PRD-00220,2026-05-25 08:24:42,2026-05-25 09:02:42,2026-05-26 18:02:42,21,0,44.68,11.43,33.25,Picked Up,38,False,
RX-0000591,RXN-100591,PH-005,EMP-0093,EMP-0095,CUS-01287,PRD-00057,2026-05-25 17:47:37,2026-05-25 18:30:37,2026-05-27 06:30:37,22,3,35.96,9.01,26.95,Not Collected,43,False,
RX-0000592,RXN-100592,PH-003,EMP-0049,EMP-0052,CUS-03320,PRD-00569,2026-06-01 12:02:32,2026-06-01 12:37:32,2026-06-03 11:37:32,73,0,45.77,7.37,38.4,Picked Up,35,False,
RX-0000593,RXN-100593,PH-001,EMP-0005,EMP-0011,CUS-02413,PRD-00786,2026-05-14 12:07:38,2026-05-14 12:43:38,2026-05-15 17:43:38,84,2,101.46,11.86,89.6,Picked Up,36,False,
RX-0000594,RXN-100594,PH-003,EMP-0048,EMP-0051,CUS-03201,PRD-00467,2026-05-21 15:12:06,2026-05-21 16:04:06,2026-05-22 11:04:06,69,1,51.53,10.34,41.19,Picked Up,52,False,
RX-0000595,RXN-100595,PH-003,EMP-0050,EMP-0054,CUS-03963,PRD-00011,2026-05-09 11:06:22,2026-05-09 11:40:22,2026-05-10 00:40:22,73,0,58.21,3.61,54.6,Picked Up,34,False,
RX-0000596,RXN-100596,PH-004,EMP-0070,EMP-0075,CUS-00724,PRD-00130,2026-05-17 21:10:15,2026-05-17 21:32:15,2026-05-18 21:32:15,36,2,34.72,11.95,22.77,Not Collected,22,False,
RX-0000597,RXN-100597,PH-004,EMP-0071,EMP-0075,CUS-04549,PRD-00455,2026-05-16 14:40:51,2026-05-16 15:12:51,2026-05-18 07:12:51,72,1,82.84,15.65,67.19,Picked Up,32,False,
RX-0000598,RXN-100598,PH-003,EMP-0050,EMP-0053,CUS-01753,PRD-00391,2026-06-17 08:45:38,2026-06-17 08:50:38,2026-06-17 15:50:38,88,1,58.1,17.13,40.97,Picked Up,5,False,
RX-0000599,RXN-100599,PH-005,EMP-0092,EMP-0096,CUS-04043,PRD-00689,2026-06-20 19:20:22,2026-06-20 19:40:22,2026-06-21 13:40:22,54,0,56.97,12.98,43.99,Picked Up,20,False,
RX-0000600,RXN-100600,PH-005,EMP-0094,EMP-0098,CUS-00148,PRD-00347,2026-07-14 16:37:10,2026-07-14 17:13:10,2026-07-15 22:13:10,65,3,66.35,24.98,41.37,Reversed,36,True,
RX-0000601,RXN-100601,PH-005,EMP-0094,EMP-0098,CUS-02218,PRD-00116,2026-06-20 18:10:11,2026-06-20 18:31:11,2026-06-20 19:31:11,58,3,66.9,25.64,41.26,Not Collected,21,False,
RX-0000602,RXN-100602,PH-002,EMP-0028,EMP-0032,CUS-00302,PRD-00423,2026-05-11 12:24:11,2026-05-11 13:04:11,2026-05-12 04:04:11,18,3,124.42,22.9,101.52,Picked Up,40,False,
RX-0000603,RXN-100603,PH-001,EMP-0005,EMP-0011,CUS-00014,PRD-00057,2026-06-22 19:03:09,2026-06-22 19:34:09,2026-06-23 23:34:09,76,3,28.85,8.7,20.15,Ready,31,False,
RX-0000604,RXN-100604,PH-003,EMP-0048,EMP-0054,CUS-03408,PRD-00013,2026-07-08 19:06:17,2026-07-08 19:16:17,2026-07-10 07:16:17,41,2,37.37,12.51,24.86,Picked Up,10,False,
RX-0000605,RXN-100605,PH-001,EMP-0005,EMP-0008,CUS-00295,PRD-00659,2026-06-20 10:57:12,2026-06-20 11:24:12,2026-06-21 12:24:12,71,2,67.51,16.76,50.75,Picked Up,27,False,
RX-0000606,RXN-100606,PH-002,EMP-0027,EMP-0031,CUS-02013,PRD-00455,2026-05-07 12:23:13,2026-05-07 12:45:13,2026-05-07 13:45:13,18,3,72.74,15.96,56.78,Picked Up,22,False,
RX-0000607,RXN-100607,PH-001,EMP-0005,EMP-0008,CUS-02259,PRD-00271,2026-07-16 20:16:19,2026-07-16 20:36:19,2026-07-17 10:36:19,49,1,99.15,25.63,73.52,Ready,20,False,
RX-0000608,RXN-100608,PH-005,EMP-0092,EMP-0098,CUS-00677,PRD-00347,2026-06-18 12:01:10,2026-06-18 12:33:10,2026-06-20 08:33:10,47,1,101.99,18.79,83.2,Picked Up,32,False,
RX-0000609,RXN-100609,PH-001,EMP-0004,EMP-0008,CUS-01834,PRD-00654,2026-07-31 18:38:03,2026-07-31 19:22:03,2026-08-01 03:22:03,25,2,32.86,3.91,28.95,Ready,44,False,
RX-0000610,RXN-100610,PH-003,EMP-0050,EMP-0051,CUS-02193,PRD-00654,2026-06-23 12:06:03,2026-06-23 12:11:03,2026-06-24 12:11:03,61,0,54.72,7.85,46.87,Picked Up,5,False,
RX-0000611,RXN-100611,PH-004,EMP-0072,EMP-0075,CUS-04986,PRD-00017,2026-05-17 19:50:10,2026-05-17 20:26:10,2026-05-19 19:26:10,42,2,110.45,29.3,81.15,Ready,36,False,
RX-0000612,RXN-100612,PH-002,EMP-0027,EMP-0032,CUS-00725,PRD-00455,2026-07-18 13:52:43,2026-07-18 14:37:43,2026-07-20 00:37:43,24,2,55.29,4.73,50.56,Ready,45,False,
RX-0000613,RXN-100613,PH-001,EMP-0004,EMP-0008,CUS-01646,PRD-00331,2026-06-24 12:10:36,2026-06-24 12:41:36,2026-06-25 18:41:36,73,2,56.98,16.42,40.56,Picked Up,31,False,
RX-0000614,RXN-100614,PH-003,EMP-0050,EMP-0055,CUS-02993,PRD-00551,2026-06-15 19:49:00,2026-06-15 20:16:00,2026-06-15 23:16:00,80,0,32.76,7.86,24.9,Not Collected,27,False,
RX-0000615,RXN-100615,PH-001,EMP-0005,EMP-0011,CUS-00812,PRD-00435,2026-07-18 11:58:02,2026-07-18 12:27:02,2026-07-19 03:27:02,14,2,33.31,2.04,31.27,Not Collected,29,False,
RX-0000616,RXN-100616,PH-002,EMP-0028,EMP-0029,CUS-04548,PRD-00040,2026-05-19 12:38:25,2026-05-19 13:03:25,2026-05-21 08:03:25,40,0,126.5,36.91,89.59,Picked Up,25,False,
RX-0000617,RXN-100617,PH-004,EMP-0071,EMP-0077,CUS-03281,PRD-00257,2026-07-02 10:15:03,2026-07-02 10:51:03,2026-07-04 05:51:03,40,2,43.27,15.83,27.44,Cancelled,36,False,
RX-0000618,RXN-100618,PH-004,EMP-0072,EMP-0074,CUS-03876,PRD-00467,2026-06-26 21:17:53,2026-06-26 21:34:53,2026-06-26 23:34:53,17,2,57.64,15.73,41.91,Picked Up,17,False,
RX-0000619,RXN-100619,PH-005,EMP-0093,EMP-0097,CUS-01179,PRD-00472,2026-06-23 21:05:28,2026-06-23 21:35:28,2026-06-24 12:35:28,27,1,70.02,22.79,47.23,Picked Up,30,False,
RX-0000620,RXN-100620,PH-001,EMP-0005,EMP-0010,CUS-02282,PRD-00292,2026-05-03 17:20:34,2026-05-03 17:36:34,2026-05-04 07:36:34,19,3,55.88,6.42,49.46,Picked Up,16,False,
RX-0000621,RXN-100621,PH-002,EMP-0026,EMP-0031,CUS-02613,PRD-00220,2026-07-12 18:01:37,2026-07-12 18:38:37,2026-07-14 12:38:37,23,1,76.02,26.75,49.27,Not Collected,37,False,
RX-0000622,RXN-100622,PH-005,EMP-0092,EMP-0096,CUS-00870,PRD-00011,2026-07-19 18:09:27,2026-07-19 18:54:27,2026-07-21 17:54:27,62,3,62.97,7.91,55.06,Picked Up,45,False,
RX-0000623,RXN-100623,PH-004,EMP-0072,EMP-0076,CUS-04211,PRD-00472,2026-07-18 15:46:24,2026-07-18 16:20:24,2026-07-20 00:20:24,39,0,92.6,33.92,58.68,Picked Up,34,False,
RX-0000624,RXN-100624,PH-001,EMP-0004,EMP-0008,CUS-03219,PRD-00472,2026-05-04 12:59:10,2026-05-04 13:39:10,2026-05-06 04:39:10,70,3,77.37,25.8,51.57,Picked Up,40,False,
RX-0000625,RXN-100625,PH-005,EMP-0094,EMP-0099,CUS-03734,PRD-00569,2026-05-30 19:19:31,2026-05-30 19:55:31,2026-05-31 07:55:31,37,3,56.42,7.76,48.66,Picked Up,36,False,
RX-0000626,RXN-100626,PH-002,EMP-0027,EMP-0030,CUS-00116,PRD-00455,2026-06-28 15:19:55,2026-06-28 15:54:55,2026-06-29 08:54:55,73,1,93.96,34.45,59.51,Picked Up,35,False,
RX-0000627,RXN-100627,PH-001,EMP-0004,EMP-0009,CUS-01531,PRD-00527,2026-07-23 20:37:09,2026-07-23 20:54:09,2026-07-24 01:54:09,32,1,41.35,6.16,35.19,Ready,17,False,
RX-0000628,RXN-100628,PH-001,EMP-0004,EMP-0007,CUS-02035,PRD-00305,2026-05-27 09:39:32,2026-05-27 10:14:32,2026-05-28 19:14:32,22,3,114.82,9.5,105.32,Picked Up,35,False,
RX-0000629,RXN-100629,PH-003,EMP-0050,EMP-0055,CUS-03119,PRD-00155,2026-05-28 18:06:44,2026-05-28 18:28:44,2026-05-29 02:28:44,15,1,95.85,21.36,74.49,Picked Up,22,False,
RX-0000630,RXN-100630,PH-004,EMP-0072,EMP-0076,CUS-04148,PRD-00507,2026-05-16 12:22:40,2026-05-16 13:00:40,2026-05-17 10:00:40,39,3,10.99,0.94,10.05,Picked Up,38,False,
RX-0000631,RXN-100631,PH-005,EMP-0094,EMP-0095,CUS-03095,PRD-00395,2026-07-17 10:56:10,2026-07-17 11:29:10,2026-07-17 21:29:10,14,1,17.69,2.92,14.77,Picked Up,33,False,
RX-0000632,RXN-100632,PH-004,EMP-0071,EMP-0075,CUS-00017,PRD-00331,2026-06-15 09:25:56,2026-06-15 09:42:56,2026-06-17 01:42:56,60,0,37.87,14.13,23.74,Cancelled,17,False,
RX-0000633,RXN-100633,PH-003,EMP-0049,EMP-0053,CUS-03189,PRD-00055,2026-06-07 16:33:42,2026-06-07 17:01:42,2026-06-08 21:01:42,16,0,56.92,21.78,35.14,Picked Up,28,False,
RX-0000634,RXN-100634,PH-002,EMP-0028,EMP-0033,CUS-03844,PRD-00486,2026-05-06 16:56:53,2026-05-06 17:15:53,2026-05-08 13:15:53,42,0,34.19,2.47,31.72,Picked Up,19,False,
RX-0000635,RXN-100635,PH-003,EMP-0050,EMP-0052,CUS-00896,PRD-00678,2026-07-03 16:26:39,2026-07-03 17:08:39,2026-07-04 04:08:39,75,2,46.95,6.83,40.12,Picked Up,42,False,
RX-0000636,RXN-100636,PH-002,EMP-0027,EMP-0033,CUS-01605,PRD-00689,2026-05-05 19:48:34,2026-05-05 20:21:34,2026-05-06 22:21:34,79,0,68.85,17.83,51.02,Picked Up,33,False,
RX-0000637,RXN-100637,PH-003,EMP-0048,EMP-0055,CUS-02024,PRD-00036,2026-07-07 16:29:22,2026-07-07 16:53:22,2026-07-08 15:53:22,87,3,6.98,0.67,6.31,Picked Up,24,False,
RX-0000638,RXN-100638,PH-003,EMP-0050,EMP-0054,CUS-00636,PRD-00527,2026-07-19 15:55:47,2026-07-19 16:39:47,2026-07-20 02:39:47,19,0,90.11,9.46,80.65,Picked Up,44,False,
RX-0000639,RXN-100639,PH-001,EMP-0005,EMP-0011,CUS-01027,PRD-00507,2026-07-27 21:00:17,2026-07-27 21:43:17,2026-07-28 21:43:17,77,0,23.66,4.43,19.23,Picked Up,43,False,
RX-0000640,RXN-100640,PH-003,EMP-0049,EMP-0051,CUS-03031,PRD-00786,2026-07-14 21:27:00,2026-07-14 21:51:00,2026-07-16 21:51:00,35,1,65.48,14.02,51.46,Picked Up,24,False,
RX-0000641,RXN-100641,PH-003,EMP-0050,EMP-0053,CUS-04837,PRD-00517,2026-06-22 10:31:18,2026-06-22 10:50:18,2026-06-23 00:50:18,61,0,25.15,9.96,15.19,Picked Up,19,False,
RX-0000642,RXN-100642,PH-003,EMP-0050,EMP-0054,CUS-02400,PRD-00030,2026-06-18 11:55:47,2026-06-18 12:16:47,2026-06-18 19:16:47,73,3,31.8,3.15,28.65,Picked Up,21,False,
RX-0000643,RXN-100643,PH-004,EMP-0070,EMP-0076,CUS-01208,PRD-00057,2026-05-22 10:34:51,2026-05-22 10:59:51,2026-05-23 01:59:51,67,2,43.29,17.28,26.01,Picked Up,25,False,
RX-0000644,RXN-100644,PH-001,EMP-0004,EMP-0008,CUS-00460,PRD-00067,2026-07-14 21:17:08,2026-07-14 21:39:08,2026-07-14 22:39:08,39,2,31.01,2.89,28.12,Picked Up,22,False,
RX-0000645,RXN-100645,PH-005,EMP-0094,EMP-0096,CUS-03056,PRD-00478,2026-05-17 21:12:22,2026-05-17 21:31:22,2026-05-18 20:31:22,49,0,103.99,20.22,83.77,Picked Up,19,False,
RX-0000646,RXN-100646,PH-004,EMP-0071,EMP-0076,CUS-01264,PRD-00682,2026-06-18 17:58:21,2026-06-18 18:10:21,2026-06-20 13:10:21,27,1,72.05,15.32,56.73,Picked Up,12,False,
RX-0000647,RXN-100647,PH-002,EMP-0026,EMP-0033,CUS-01980,PRD-00473,2026-06-23 08:25:22,2026-06-23 09:02:22,2026-06-24 07:02:22,39,1,18.63,2.84,15.79,Cancelled,37,False,
RX-0000648,RXN-100648,PH-001,EMP-0005,EMP-0008,CUS-02057,PRD-00316,2026-07-01 21:04:12,2026-07-01 21:39:12,2026-07-03 01:39:12,88,2,95.08,8.75,86.33,Ready,35,False,
RX-0000649,RXN-100649,PH-004,EMP-0070,EMP-0075,CUS-02401,PRD-00423,2026-05-26 18:46:58,2026-05-26 18:59:58,2026-05-28 17:59:58,53,1,114.76,42.59,72.17,Picked Up,13,False,
RX-0000650,RXN-100650,PH-003,EMP-0048,EMP-0052,CUS-00833,PRD-00655,2026-07-26 10:35:06,2026-07-26 11:13:06,2026-07-26 18:13:06,31,1,116.47,40.0,76.47,Picked Up,38,False,
RX-0000651,RXN-100651,PH-004,EMP-0071,EMP-0075,CUS-00804,PRD-00786,2026-07-29 14:47:21,2026-07-29 14:52:21,2026-07-30 06:52:21,74,2,68.25,15.36,52.89,Picked Up,5,False,
RX-0000652,RXN-100652,PH-005,EMP-0093,EMP-0098,CUS-03729,PRD-00353,2026-07-28 12:50:51,2026-07-28 13:19:51,2026-07-29 14:19:51,19,1,66.87,7.87,59.0,Picked Up,29,False,
RX-0000653,RXN-100653,PH-005,EMP-0093,EMP-0098,CUS-03319,PRD-00576,2026-05-10 17:44:07,2026-05-10 18:17:07,2026-05-12 14:17:07,88,0,47.94,9.75,38.19,Picked Up,33,False,
RX-0000654,RXN-100654,PH-004,EMP-0072,EMP-0074,CUS-03914,PRD-00116,2026-07-10 13:51:53,2026-07-10 14:26:53,2026-07-11 04:26:53,49,1,48.17,9.13,39.04,Not Collected,35,False,
RX-0000655,RXN-100655,PH-001,EMP-0005,EMP-0007,CUS-03898,PRD-00331,2026-07-06 21:16:53,2026-07-06 21:29:53,2026-07-08 05:29:53,32,0,33.71,7.54,26.17,Picked Up,13,False,
RX-0000656,RXN-100656,PH-001,EMP-0005,EMP-0009,CUS-04549,PRD-00197,2026-05-08 17:32:12,2026-05-08 18:04:12,2026-05-10 08:04:12,62,3,57.48,19.9,37.58,Picked Up,32,False,
RX-0000657,RXN-100657,PH-001,EMP-0004,EMP-0011,CUS-03352,PRD-00338,2026-05-10 17:41:34,2026-05-10 17:59:34,2026-05-12 08:59:34,11,2,26.89,2.56,24.33,Picked Up,18,False,
RX-0000658,RXN-100658,PH-005,EMP-0094,EMP-0098,CUS-01104,PRD-00781,2026-06-20 09:49:33,2026-06-20 10:13:33,2026-06-22 04:13:33,36,1,97.07,29.64,67.43,Ready,24,False,
RX-0000659,RXN-100659,PH-001,EMP-0004,EMP-0009,CUS-02362,PRD-00280,2026-06-25 16:16:17,2026-06-25 16:48:17,2026-06-26 23:48:17,50,1,19.95,6.03,13.92,Picked Up,32,False,
RX-0000660,RXN-100660,PH-001,EMP-0004,EMP-0007,CUS-01126,PRD-00574,2026-06-27 19:00:17,2026-06-27 19:33:17,2026-06-28 17:33:17,32,3,55.04,20.08,34.96,Picked Up,33,False,
RX-0000661,RXN-100661,PH-001,EMP-0004,EMP-0007,CUS-04332,PRD-00576,2026-05-10 10:14:40,2026-05-10 10:26:40,2026-05-11 22:26:40,65,3,31.56,8.26,23.3,Picked Up,12,False,
RX-0000662,RXN-100662,PH-003,EMP-0048,EMP-0051,CUS-00744,PRD-00338,2026-07-06 09:09:56,2026-07-06 09:34:56,2026-07-08 03:34:56,22,1,31.28,4.2,27.08,Picked Up,25,False,
RX-0000663,RXN-100663,PH-004,EMP-0070,EMP-0076,CUS-00546,PRD-00595,2026-06-01 09:50:19,2026-06-01 10:19:19,2026-06-02 05:19:19,76,0,63.95,15.28,48.67,Picked Up,29,False,
RX-0000664,RXN-100664,PH-003,EMP-0049,EMP-0053,CUS-03563,PRD-00305,2026-06-12 20:18:02,2026-06-12 20:39:02,2026-06-14 05:39:02,84,1,84.46,11.9,72.56,Picked Up,21,False,
RX-0000665,RXN-100665,PH-005,EMP-0093,EMP-0097,CUS-02891,PRD-00101,2026-06-24 13:41:59,2026-06-24 14:06:59,2026-06-26 09:06:59,57,2,44.37,4.91,39.46,Picked Up,25,False,
RX-0000666,RXN-100666,PH-002,EMP-0026,EMP-0029,CUS-01278,PRD-00081,2026-05-03 17:04:02,2026-05-03 17:42:02,2026-05-04 01:42:02,23,3,115.99,24.33,91.66,Picked Up,38,False,
RX-0000667,RXN-100667,PH-003,EMP-0049,EMP-0054,CUS-02882,PRD-00057,2026-07-23 16:31:39,2026-07-23 16:50:39,2026-07-25 09:50:39,29,2,26.34,2.4,23.94,Picked Up,19,False,
RX-0000668,RXN-100668,PH-001,EMP-0005,EMP-0010,CUS-04612,PRD-00116,2026-07-27 09:25:21,2026-07-27 09:48:21,2026-07-28 10:48:21,87,3,96.12,36.82,59.3,Reversed,23,True,
RX-0000669,RXN-100669,PH-002,EMP-0026,EMP-0030,CUS-02299,PRD-00659,2026-07-02 14:38:10,2026-07-02 15:28:10,2026-07-04 08:28:10,52,1,66.11,19.88,46.23,Picked Up,50,False,
RX-0000670,RXN-100670,PH-002,EMP-0028,EMP-0033,CUS-03591,PRD-00040,2026-06-13 21:09:36,2026-06-13 21:58:36,2026-06-14 04:58:36,85,1,75.82,11.43,64.39,Picked Up,49,False,
RX-0000671,RXN-100671,PH-003,EMP-0050,EMP-0053,CUS-02819,PRD-00517,2026-07-26 19:03:01,2026-07-26 19:25:01,2026-07-28 02:25:01,62,3,19.8,1.75,18.05,Picked Up,22,False,
RX-0000672,RXN-100672,PH-003,EMP-0049,EMP-0052,CUS-02304,PRD-00050,2026-05-15 21:35:04,2026-05-15 22:08:04,2026-05-16 20:08:04,11,2,82.99,27.84,55.15,Picked Up,33,False,
RX-0000673,RXN-100673,PH-001,EMP-0004,EMP-0009,CUS-00034,PRD-00395,2026-07-18 14:48:22,2026-07-18 15:18:22,2026-07-19 02:18:22,22,1,16.49,1.37,15.12,Reversed,30,True,
RX-0000674,RXN-100674,PH-005,EMP-0094,EMP-0097,CUS-04901,PRD-00130,2026-05-31 08:39:04,2026-05-31 09:11:04,2026-06-01 16:11:04,54,0,32.87,6.77,26.1,Picked Up,32,False,
RX-0000675,RXN-100675,PH-002,EMP-0028,EMP-0033,CUS-02668,PRD-00338,2026-05-28 18:29:48,2026-05-28 18:59:48,2026-05-29 13:59:48,65,3,29.98,10.75,19.23,Picked Up,30,False,
RX-0000676,RXN-100676,PH-004,EMP-0070,EMP-0076,CUS-02314,PRD-00655,2026-07-08 18:44:42,2026-07-08 18:54:42,2026-07-09 16:54:42,30,0,111.82,43.32,68.5,Picked Up,10,False,
RX-0000677,RXN-100677,PH-003,EMP-0048,EMP-0054,CUS-04668,PRD-00391,2026-05-31 14:12:55,2026-05-31 15:14:55,2026-06-02 10:14:55,17,0,53.6,18.67,34.93,Ready,62,False,
RX-0000678,RXN-100678,PH-005,EMP-0092,EMP-0096,CUS-01279,PRD-00435,2026-05-21 08:54:56,2026-05-21 09:24:56,2026-05-21 14:24:56,60,3,69.76,15.03,54.73,Picked Up,30,False,
RX-0000679,RXN-100679,PH-005,EMP-0092,EMP-0098,CUS-02550,PRD-00455,2026-05-27 08:35:37,2026-05-27 09:07:37,2026-05-29 08:07:37,28,0,76.0,7.07,68.93,Picked Up,32,False,
RX-0000680,RXN-100680,PH-001,EMP-0004,EMP-0007,CUS-00787,PRD-00455,2026-07-16 19:47:04,2026-07-16 20:06:04,2026-07-17 18:06:04,21,2,54.75,8.03,46.72,Not Collected,19,False,
RX-0000681,RXN-100681,PH-001,EMP-0004,EMP-0011,CUS-00934,PRD-00086,2026-07-24 21:44:22,2026-07-24 22:15:22,2026-07-25 04:15:22,66,3,128.68,40.92,87.76,Picked Up,31,False,
RX-0000682,RXN-100682,PH-001,EMP-0005,EMP-0011,CUS-02924,PRD-00125,2026-07-07 15:58:13,2026-07-07 16:18:13,2026-07-09 16:18:13,13,2,21.34,3.28,18.06,Picked Up,20,False,
RX-0000683,RXN-100683,PH-004,EMP-0071,EMP-0076,CUS-03269,PRD-00678,2026-05-17 19:17:20,2026-05-17 19:51:20,2026-05-19 15:51:20,41,0,22.86,5.59,17.27,Picked Up,34,False,
RX-0000684,RXN-100684,PH-003,EMP-0048,EMP-0055,CUS-00876,PRD-00067,2026-07-29 14:05:07,2026-07-29 14:30:07,2026-07-30 21:30:07,12,3,26.15,1.85,24.3,Not Collected,25,False,
RX-0000685,RXN-100685,PH-003,EMP-0050,EMP-0052,CUS-01500,PRD-00682,2026-07-22 17:40:58,2026-07-22 18:09:58,2026-07-24 04:09:58,28,1,69.33,4.78,64.55,Picked Up,29,False,
RX-0000686,RXN-100686,PH-005,EMP-0092,EMP-0095,CUS-02170,PRD-00654,2026-07-16 15:14:20,2026-07-16 15:33:20,2026-07-17 18:33:20,15,2,69.96,5.84,64.12,Ready,19,False,
RX-0000687,RXN-100687,PH-001,EMP-0004,EMP-0011,CUS-00068,PRD-00197,2026-07-03 13:23:19,2026-07-03 13:52:19,2026-07-04 23:52:19,14,1,33.86,10.03,23.83,Picked Up,29,False,
RX-0000688,RXN-100688,PH-005,EMP-0093,EMP-0095,CUS-03403,PRD-00472,2026-07-16 12:58:16,2026-07-16 13:08:16,2026-07-17 00:08:16,36,3,69.0,17.11,51.89,Picked Up,10,False,
RX-0000689,RXN-100689,PH-005,EMP-0094,EMP-0096,CUS-00797,PRD-00507,2026-07-31 16:13:33,2026-07-31 16:47:33,2026-08-01 11:47:33,52,3,22.61,6.08,16.53,Picked Up,34,False,
RX-0000690,RXN-100690,PH-001,EMP-0005,EMP-0009,CUS-04037,PRD-00030,2026-07-23 10:31:18,2026-07-23 11:07:18,2026-07-24 00:07:18,45,3,21.37,8.45,12.92,Reversed,36,True,
RX-0000691,RXN-100691,PH-003,EMP-0048,EMP-0055,CUS-03634,PRD-00574,2026-07-30 08:02:34,2026-07-30 08:08:34,2026-07-31 17:08:34,57,2,42.86,15.44,27.42,Ready,6,False,
RX-0000692,RXN-100692,PH-002,EMP-0028,EMP-0030,CUS-02354,PRD-00569,2026-06-20 11:11:05,2026-06-20 11:51:05,2026-06-21 19:51:05,10,2,39.61,6.99,32.62,Picked Up,40,False,
RX-0000693,RXN-100693,PH-004,EMP-0070,EMP-0077,CUS-04756,PRD-00347,2026-07-29 15:26:43,2026-07-29 15:35:43,2026-07-30 22:35:43,18,2,134.21,25.33,108.88,Ready,9,False,
RX-0000694,RXN-100694,PH-003,EMP-0049,EMP-0053,CUS-00621,PRD-00659,2026-05-29 21:12:35,2026-05-29 21:35:35,2026-05-31 03:35:35,21,3,46.47,10.4,36.07,Picked Up,23,False,
RX-0000695,RXN-100695,PH-002,EMP-0027,EMP-0031,CUS-04550,PRD-00517,2026-06-06 08:21:19,2026-06-06 08:46:19,2026-06-07 10:46:19,63,2,26.52,2.71,23.81,Reversed,25,True,
RX-0000696,RXN-100696,PH-005,EMP-0094,EMP-0095,CUS-01901,PRD-00551,2026-06-05 10:09:03,2026-06-05 10:35:03,2026-06-05 14:35:03,82,2,44.05,8.4,35.65,Reversed,26,True,
RX-0000697,RXN-100697,PH-005,EMP-0094,EMP-0095,CUS-02067,PRD-00331,2026-05-31 08:11:02,2026-05-31 08:40:02,2026-05-31 15:40:02,74,2,35.12,11.92,23.2,Picked Up,29,False,
RX-0000698,RXN-100698,PH-004,EMP-0071,EMP-0075,CUS-04183,PRD-00591,2026-07-28 10:19:26,2026-07-28 10:51:26,2026-07-30 04:51:26,37,3,109.01,11.29,97.72,Picked Up,32,False,
RX-0000699,RXN-100699,PH-004,EMP-0072,EMP-0075,CUS-03632,PRD-00568,2026-05-18 16:21:38,2026-05-18 16:52:38,2026-05-20 10:52:38,39,1,82.49,27.26,55.23,Cancelled,31,False,
RX-0000700,RXN-100700,PH-003,EMP-0049,EMP-0054,CUS-04906,PRD-00478,2026-05-12 18:12:36,2026-05-12 19:01:36,2026-05-14 11:01:36,78,2,96.86,35.34,61.52,Picked Up,49,False,
RX-0000701,RXN-100701,PH-003,EMP-0048,EMP-0052,CUS-02150,PRD-00185,2026-07-27 21:46:42,2026-07-27 22:10:42,2026-07-28 00:10:42,89,3,16.01,4.21,11.8,Reversed,24,True,
RX-0000702,RXN-100702,PH-001,EMP-0004,EMP-0011,CUS-03365,PRD-00527,2026-06-23 08:35:26,2026-06-23 08:54:26,2026-06-23 16:54:26,23,1,64.05,22.18,41.87,Cancelled,19,False,
RX-0000703,RXN-100703,PH-005,EMP-0093,EMP-0097,CUS-02825,PRD-00423,2026-07-07 20:45:49,2026-07-07 21:12:49,2026-07-08 23:12:49,27,2,106.9,37.83,69.07,Picked Up,27,False,
RX-0000704,RXN-100704,PH-005,EMP-0092,EMP-0096,CUS-00527,PRD-00040,2026-06-22 09:17:39,2026-06-22 09:53:39,2026-06-23 19:53:39,56,0,119.89,31.89,88.0,Reversed,36,True,
RX-0000705,RXN-100705,PH-001,EMP-0005,EMP-0010,CUS-00083,PRD-00322,2026-06-14 18:54:18,2026-06-14 19:29:18,2026-06-16 13:29:18,89,3,25.97,8.39,17.58,Picked Up,35,False,
RX-0000706,RXN-100706,PH-002,EMP-0027,EMP-0029,CUS-02067,PRD-00324,2026-06-05 20:12:47,2026-06-05 20:29:47,2026-06-06 11:29:47,86,2,17.94,2.95,14.99,Picked Up,17,False,
RX-0000707,RXN-100707,PH-004,EMP-0072,EMP-0074,CUS-03434,PRD-00476,2026-06-24 08:00:21,2026-06-24 08:19:21,2026-06-24 12:19:21,64,0,108.49,38.45,70.04,Picked Up,19,False,
RX-0000708,RXN-100708,PH-005,EMP-0092,EMP-0099,CUS-04049,PRD-00485,2026-07-06 18:37:05,2026-07-06 19:02:05,2026-07-07 07:02:05,82,1,18.53,5.36,13.17,Picked Up,25,False,
RX-0000709,RXN-100709,PH-002,EMP-0027,EMP-0029,CUS-03571,PRD-00682,2026-07-09 11:43:14,2026-07-09 12:14:14,2026-07-11 09:14:14,63,1,60.63,9.3,51.33,Picked Up,31,False,
RX-0000710,RXN-100710,PH-005,EMP-0094,EMP-0099,CUS-04064,PRD-00316,2026-07-18 13:53:19,2026-07-18 14:27:19,2026-07-20 07:27:19,20,1,85.82,10.81,75.01,Ready,34,False,
RX-0000711,RXN-100711,PH-001,EMP-0005,EMP-0010,CUS-00259,PRD-00101,2026-06-09 15:29:53,2026-06-09 16:04:53,2026-06-10 22:04:53,49,3,24.53,3.27,21.26,Picked Up,35,False,
RX-0000712,RXN-100712,PH-001,EMP-0004,EMP-0007,CUS-00845,PRD-00689,2026-07-15 18:36:41,2026-07-15 18:45:41,2026-07-16 03:45:41,70,3,89.42,27.31,62.11,Ready,9,False,
RX-0000713,RXN-100713,PH-002,EMP-0027,EMP-0031,CUS-01342,PRD-00655,2026-06-03 16:42:47,2026-06-03 17:20:47,2026-06-04 15:20:47,14,2,133.21,30.44,102.77,Picked Up,38,False,
RX-0000714,RXN-100714,PH-004,EMP-0070,EMP-0076,CUS-00416,PRD-00467,2026-07-20 11:08:05,2026-07-20 11:40:05,2026-07-21 09:40:05,34,0,73.53,6.37,67.16,Picked Up,32,False,
RX-0000715,RXN-100715,PH-002,EMP-0026,EMP-0032,CUS-03186,PRD-00576,2026-07-19 19:45:41,2026-07-19 20:30:41,2026-07-20 07:30:41,21,0,46.98,6.01,40.97,Picked Up,45,False,
RX-0000716,RXN-100716,PH-005,EMP-0092,EMP-0097,CUS-02189,PRD-00517,2026-07-23 20:53:17,2026-07-23 21:25:17,2026-07-24 05:25:17,26,2,31.45,6.63,24.82,Picked Up,32,False,
RX-0000717,RXN-100717,PH-005,EMP-0093,EMP-0095,CUS-04878,PRD-00568,2026-06-17 19:12:24,2026-06-17 19:45:24,2026-06-18 04:45:24,11,1,94.84,9.62,85.22,Picked Up,33,False,
RX-0000718,RXN-100718,PH-005,EMP-0092,EMP-0098,CUS-00727,PRD-00155,2026-07-29 21:10:23,2026-07-29 21:34:23,2026-07-31 11:34:23,34,3,102.33,29.51,72.82,Reversed,24,True,
RX-0000719,RXN-100719,PH-001,EMP-0004,EMP-0011,CUS-01237,PRD-00055,2026-05-21 15:02:05,2026-05-21 15:17:05,2026-05-22 23:17:05,13,0,58.62,12.04,46.58,Ready,15,False,
RX-0000720,RXN-100720,PH-005,EMP-0092,EMP-0099,CUS-00448,PRD-00689,2026-07-10 20:26:41,2026-07-10 21:05:41,2026-07-11 17:05:41,36,0,61.67,19.34,42.33,Ready,39,False,
RX-0000721,RXN-100721,PH-003,EMP-0048,EMP-0054,CUS-04020,PRD-00322,2026-07-17 09:01:57,2026-07-17 09:21:57,2026-07-18 14:21:57,12,3,41.91,15.94,25.97,Picked Up,20,False,
RX-0000722,RXN-100722,PH-005,EMP-0092,EMP-0099,CUS-00403,PRD-00271,2026-05-10 21:06:28,2026-05-10 21:40:28,2026-05-11 14:40:28,81,3,128.6,38.09,90.51,Picked Up,34,False,
RX-0000723,RXN-100723,PH-003,EMP-0050,EMP-0051,CUS-04073,PRD-00050,2026-07-05 21:46:32,2026-07-05 22:15:32,2026-07-07 09:15:32,26,0,78.47,16.22,62.25,Picked Up,29,False,
RX-0000724,RXN-100724,PH-001,EMP-0005,EMP-0010,CUS-03811,PRD-00655,2026-05-17 20:24:07,2026-05-17 21:05:07,2026-05-18 04:05:07,51,0,74.85,6.05,68.8,Picked Up,41,False,
RX-0000725,RXN-100725,PH-005,EMP-0092,EMP-0095,CUS-01242,PRD-00455,2026-05-19 18:26:18,2026-05-19 19:05:18,2026-05-21 15:05:18,30,3,86.92,9.81,77.11,Picked Up,39,False,
RX-0000726,RXN-100726,PH-003,EMP-0049,EMP-0054,CUS-00389,PRD-00353,2026-07-12 08:26:36,2026-07-12 08:36:36,2026-07-13 08:36:36,70,3,48.24,7.0,41.24,Picked Up,10,False,
RX-0000727,RXN-100727,PH-004,EMP-0070,EMP-0077,CUS-04792,PRD-00786,2026-07-18 19:30:40,2026-07-18 20:14:40,2026-07-19 23:14:40,81,0,119.03,17.72,101.31,Picked Up,44,False,
RX-0000728,RXN-100728,PH-004,EMP-0070,EMP-0077,CUS-03212,PRD-00101,2026-05-28 16:39:37,2026-05-28 17:22:37,2026-05-29 04:22:37,74,1,19.78,2.26,17.52,Ready,43,False,
RX-0000729,RXN-100729,PH-005,EMP-0094,EMP-0096,CUS-02638,PRD-00081,2026-05-29 11:36:37,2026-05-29 11:52:37,2026-05-30 06:52:37,20,0,57.86,8.49,49.37,Picked Up,16,False,
RX-0000730,RXN-100730,PH-003,EMP-0050,EMP-0054,CUS-03809,PRD-00472,2026-06-10 20:20:27,2026-06-10 20:37:27,2026-06-12 03:37:27,62,3,93.3,36.77,56.53,Picked Up,17,False,
RX-0000731,RXN-100731,PH-004,EMP-0071,EMP-0076,CUS-04676,PRD-00081,2026-07-08 19:39:38,2026-07-08 20:13:38,2026-07-10 18:13:38,11,1,116.84,16.9,99.94,Reversed,34,True,
RX-0000732,RXN-100732,PH-001,EMP-0005,EMP-0009,CUS-02904,PRD-00486,2026-05-04 21:21:06,2026-05-04 22:02:06,2026-05-05 03:02:06,69,3,36.15,3.59,32.56,Picked Up,41,False,
RX-0000733,RXN-100733,PH-001,EMP-0004,EMP-0007,CUS-02006,PRD-00389,2026-06-04 11:26:06,2026-06-04 11:59:06,2026-06-05 13:59:06,34,2,101.4,14.5,86.9,Picked Up,33,False,
RX-0000734,RXN-100734,PH-005,EMP-0093,EMP-0098,CUS-02982,PRD-00517,2026-07-15 11:41:27,2026-07-15 12:16:27,2026-07-16 04:16:27,61,3,22.91,5.52,17.39,Picked Up,35,False,
RX-0000735,RXN-100735,PH-001,EMP-0005,EMP-0007,CUS-00628,PRD-00654,2026-05-05 09:26:33,2026-05-05 09:58:33,2026-05-07 02:58:33,60,3,32.51,2.45,30.06,Picked Up,32,False,
RX-0000736,RXN-100736,PH-005,EMP-0094,EMP-0097,CUS-03016,PRD-00685,2026-05-15 10:38:14,2026-05-15 11:02:14,2026-05-15 16:02:14,31,1,19.85,6.27,13.58,Picked Up,24,False,
RX-0000737,RXN-100737,PH-002,EMP-0026,EMP-0030,CUS-02931,PRD-00507,2026-07-17 20:49:31,2026-07-17 21:16:31,2026-07-18 16:16:31,56,2,10.74,4.18,6.56,Cancelled,27,False,
RX-0000738,RXN-100738,PH-005,EMP-0092,EMP-0099,CUS-03987,PRD-00654,2026-07-21 13:17:46,2026-07-21 13:52:46,2026-07-21 23:52:46,35,1,48.14,11.43,36.71,Ready,35,False,
RX-0000739,RXN-100739,PH-002,EMP-0026,EMP-0032,CUS-02399,PRD-00478,2026-07-09 17:44:04,2026-07-09 17:53:04,2026-07-10 00:53:04,78,3,112.54,33.36,79.18,Picked Up,9,False,
RX-0000740,RXN-100740,PH-003,EMP-0049,EMP-0054,CUS-00759,PRD-00569,2026-06-06 17:22:37,2026-06-06 17:40:37,2026-06-08 06:40:37,85,1,48.81,3.83,44.98,Not Collected,18,False,
RX-0000741,RXN-100741,PH-005,EMP-0092,EMP-0095,CUS-00764,PRD-00567,2026-07-03 15:11:46,2026-07-03 15:19:46,2026-07-04 04:19:46,73,3,41.59,4.42,37.17,Picked Up,8,False,
RX-0000742,RXN-100742,PH-001,EMP-0005,EMP-0007,CUS-00640,PRD-00067,2026-06-30 09:15:09,2026-06-30 09:27:09,2026-07-01 01:27:09,59,3,40.0,5.92,34.08,Picked Up,12,False,
RX-0000743,RXN-100743,PH-002,EMP-0027,EMP-0032,CUS-03582,PRD-00316,2026-06-08 10:11:04,2026-06-08 10:44:04,2026-06-09 01:44:04,18,2,79.72,14.59,65.13,Ready,33,False,
RX-0000744,RXN-100744,PH-004,EMP-0072,EMP-0075,CUS-00271,PRD-00305,2026-07-09 16:18:57,2026-07-09 16:36:57,2026-07-11 14:36:57,79,2,75.1,29.02,46.08,Not Collected,18,False,
RX-0000745,RXN-100745,PH-003,EMP-0050,EMP-0051,CUS-02865,PRD-00786,2026-05-12 13:20:24,2026-05-12 13:44:24,2026-05-14 10:44:24,42,0,66.64,17.37,49.27,Picked Up,24,False,
RX-0000746,RXN-100746,PH-001,EMP-0005,EMP-0011,CUS-00404,PRD-00356,2026-07-12 13:12:11,2026-07-12 13:38:11,2026-07-12 20:38:11,38,1,46.71,16.7,30.01,Cancelled,26,False,
RX-0000747,RXN-100747,PH-001,EMP-0005,EMP-0007,CUS-00681,PRD-00395,2026-05-18 12:49:07,2026-05-18 12:54:07,2026-05-20 12:54:07,17,3,23.21,1.3,21.91,Not Collected,5,False,
RX-0000748,RXN-100748,PH-005,EMP-0092,EMP-0099,CUS-00534,PRD-00140,2026-05-15 09:12:16,2026-05-15 09:19:16,2026-05-16 22:19:16,79,1,74.76,29.58,45.18,Picked Up,7,False,
RX-0000749,RXN-100749,PH-003,EMP-0050,EMP-0055,CUS-03535,PRD-00322,2026-05-20 20:34:47,2026-05-20 20:59:47,2026-05-21 02:59:47,41,1,27.21,5.54,21.67,Reversed,25,True,
RX-0000750,RXN-100750,PH-003,EMP-0049,EMP-0054,CUS-00876,PRD-00685,2026-06-17 10:57:06,2026-06-17 11:35:06,2026-06-19 04:35:06,75,1,13.53,5.05,8.48,Ready,38,False,
RX-0000751,RXN-100751,PH-004,EMP-0072,EMP-0073,CUS-04976,PRD-00507,2026-07-23 17:55:54,2026-07-23 18:13:54,2026-07-24 23:13:54,24,2,20.28,7.26,13.02,Picked Up,18,False,
RX-0000752,RXN-100752,PH-001,EMP-0004,EMP-0010,CUS-03481,PRD-00081,2026-05-17 10:29:08,2026-05-17 11:02:08,2026-05-18 08:02:08,44,3,77.79,13.29,64.5,Picked Up,33,False,
RX-0000753,RXN-100753,PH-002,EMP-0027,EMP-0029,CUS-01184,PRD-00338,2026-05-22 11:27:00,2026-05-22 12:06:00,2026-05-22 21:06:00,85,3,23.36,4.48,18.88,Picked Up,39,False,
RX-0000754,RXN-100754,PH-005,EMP-0092,EMP-0097,CUS-04728,PRD-00655,2026-07-18 20:16:56,2026-07-18 20:32:56,2026-07-20 15:32:56,80,0,122.25,7.42,114.83,Reversed,16,True,
RX-0000755,RXN-100755,PH-005,EMP-0093,EMP-0096,CUS-00172,PRD-00472,2026-07-28 09:07:31,2026-07-28 09:36:31,2026-07-30 01:36:31,34,2,73.93,20.56,53.37,Cancelled,29,False,
RX-0000756,RXN-100756,PH-005,EMP-0092,EMP-0096,CUS-02303,PRD-00292,2026-06-11 17:36:05,2026-06-11 17:55:05,2026-06-13 15:55:05,55,3,43.39,7.82,35.57,Cancelled,19,False,
RX-0000757,RXN-100757,PH-005,EMP-0094,EMP-0099,CUS-00712,PRD-00567,2026-07-25 21:44:21,2026-07-25 22:11:21,2026-07-26 01:11:21,20,1,40.89,7.02,33.87,Picked Up,27,False,
RX-0000758,RXN-100758,PH-005,EMP-0092,EMP-0098,CUS-04232,PRD-00086,2026-06-28 20:11:51,2026-06-28 20:47:51,2026-06-29 11:47:51,24,3,99.78,19.92,79.86,Picked Up,36,False,
RX-0000759,RXN-100759,PH-003,EMP-0049,EMP-0051,CUS-04574,PRD-00473,2026-06-11 19:33:46,2026-06-11 20:09:46,2026-06-12 07:09:46,47,0,18.92,2.67,16.25,Reversed,36,True,
RX-0000760,RXN-100760,PH-002,EMP-0026,EMP-0029,CUS-01219,PRD-00395,2026-07-27 08:55:26,2026-07-27 09:10:26,2026-07-27 10:10:26,52,1,28.54,5.47,23.07,Picked Up,15,False,
RX-0000761,RXN-100761,PH-001,EMP-0005,EMP-0008,CUS-01839,PRD-00455,2026-07-28 13:02:23,2026-07-28 13:19:23,2026-07-29 04:19:23,33,1,70.77,4.31,66.46,Picked Up,17,False,
RX-0000762,RXN-100762,PH-002,EMP-0026,EMP-0030,CUS-03416,PRD-00292,2026-06-10 15:17:33,2026-06-10 15:28:33,2026-06-11 15:28:33,88,2,61.1,12.99,48.11,Picked Up,11,False,
RX-0000763,RXN-100763,PH-004,EMP-0071,EMP-0073,CUS-02465,PRD-00055,2026-05-06 21:13:50,2026-05-06 21:36:50,2026-05-07 16:36:50,64,0,65.19,16.93,48.26,Picked Up,23,False,
RX-0000764,RXN-100764,PH-004,EMP-0072,EMP-0075,CUS-04938,PRD-00720,2026-06-13 09:39:25,2026-06-13 09:49:25,2026-06-14 23:49:25,74,0,18.33,2.6,15.73,Picked Up,10,False,
RX-0000765,RXN-100765,PH-001,EMP-0004,EMP-0010,CUS-01357,PRD-00786,2026-07-04 13:23:23,2026-07-04 13:54:23,2026-07-05 09:54:23,58,2,129.75,19.31,110.44,Ready,31,False,
RX-0000766,RXN-100766,PH-003,EMP-0050,EMP-0052,CUS-02428,PRD-00576,2026-05-16 17:43:48,2026-05-16 18:04:48,2026-05-17 11:04:48,55,1,41.95,16.72,25.23,Picked Up,21,False,
RX-0000767,RXN-100767,PH-001,EMP-0004,EMP-0008,CUS-01495,PRD-00125,2026-07-17 08:33:48,2026-07-17 08:42:48,2026-07-19 04:42:48,48,3,35.12,3.57,31.55,Picked Up,9,False,
RX-0000768,RXN-100768,PH-001,EMP-0005,EMP-0011,CUS-01209,PRD-00423,2026-05-01 13:19:48,2026-05-01 13:41:48,2026-05-03 12:41:48,65,0,85.1,21.83,63.27,Picked Up,22,False,
RX-0000769,RXN-100769,PH-001,EMP-0005,EMP-0009,CUS-02245,PRD-00096,2026-05-26 08:57:29,2026-05-26 09:27:29,2026-05-27 19:27:29,64,0,19.15,1.63,17.52,Picked Up,30,False,
RX-0000770,RXN-100770,PH-003,EMP-0049,EMP-0051,CUS-02592,PRD-00659,2026-06-02 11:34:01,2026-06-02 12:11:01,2026-06-04 04:11:01,70,0,39.18,7.34,31.84,Picked Up,37,False,
RX-0000771,RXN-100771,PH-001,EMP-0005,EMP-0007,CUS-02920,PRD-00520,2026-07-25 09:27:35,2026-07-25 09:42:35,2026-07-26 14:42:35,90,3,73.13,27.2,45.93,Picked Up,15,False,
RX-0000772,RXN-100772,PH-003,EMP-0048,EMP-0054,CUS-01349,PRD-00486,2026-05-11 19:14:57,2026-05-11 19:44:57,2026-05-12 19:44:57,23,1,61.01,8.51,52.5,Not Collected,30,False,
RX-0000773,RXN-100773,PH-001,EMP-0005,EMP-0007,CUS-03891,PRD-00011,2026-05-23 13:49:23,2026-05-23 14:12:23,2026-05-24 05:12:23,58,1,37.12,3.39,33.73,Reversed,23,True,
RX-0000774,RXN-100774,PH-002,EMP-0028,EMP-0033,CUS-02349,PRD-00486,2026-06-04 12:56:05,2026-06-04 13:34:05,2026-06-06 03:34:05,80,0,67.24,26.28,40.96,Ready,38,False,
RX-0000775,RXN-100775,PH-002,EMP-0028,EMP-0030,CUS-04652,PRD-00030,2026-05-29 14:12:36,2026-05-29 14:47:36,2026-05-29 18:47:36,64,3,40.28,10.36,29.92,Picked Up,35,False,
RX-0000776,RXN-100776,PH-005,EMP-0093,EMP-0099,CUS-03027,PRD-00467,2026-07-24 21:21:52,2026-07-24 21:43:52,2026-07-25 01:43:52,29,0,65.63,24.89,40.74,Picked Up,22,False,
RX-0000777,RXN-100777,PH-002,EMP-0026,EMP-0031,CUS-02917,PRD-00472,2026-07-25 21:11:50,2026-07-25 21:28:50,2026-07-27 02:28:50,58,2,120.23,6.15,114.08,Picked Up,17,False,
RX-0000778,RXN-100778,PH-005,EMP-0092,EMP-0095,CUS-04579,PRD-00507,2026-07-11 21:12:01,2026-07-11 21:40:01,2026-07-13 01:40:01,39,2,21.78,7.87,13.91,Ready,28,False,
RX-0000779,RXN-100779,PH-001,EMP-0004,EMP-0011,CUS-00037,PRD-00086,2026-07-09 13:15:04,2026-07-09 13:46:04,2026-07-11 11:46:04,73,2,108.99,15.81,93.18,Picked Up,31,False,
RX-0000780,RXN-100780,PH-002,EMP-0027,EMP-0033,CUS-00134,PRD-00391,2026-05-03 12:56:11,2026-05-03 13:19:11,2026-05-05 13:19:11,80,2,28.91,4.9,24.01,Picked Up,23,False,
RX-0000781,RXN-100781,PH-005,EMP-0092,EMP-0098,CUS-03784,PRD-00678,2026-07-04 10:34:33,2026-07-04 11:09:33,2026-07-04 22:09:33,48,2,23.58,8.91,14.67,Ready,35,False,
RX-0000782,RXN-100782,PH-004,EMP-0072,EMP-0073,CUS-02248,PRD-00591,2026-06-30 21:56:52,2026-06-30 22:12:52,2026-07-01 07:12:52,73,2,117.58,31.44,86.14,Picked Up,16,False,
RX-0000783,RXN-100783,PH-002,EMP-0027,EMP-0030,CUS-00684,PRD-00185,2026-05-03 11:04:52,2026-05-03 11:29:52,2026-05-04 18:29:52,66,3,11.04,0.63,10.41,Picked Up,25,False,
RX-0000784,RXN-100784,PH-003,EMP-0050,EMP-0052,CUS-03664,PRD-00574,2026-06-20 14:09:42,2026-06-20 14:36:42,2026-06-21 15:36:42,55,0,40.67,7.61,33.06,Reversed,27,True,
RX-0000785,RXN-100785,PH-001,EMP-0005,EMP-0009,CUS-02306,PRD-00067,2026-06-08 08:32:34,2026-06-08 08:49:34,2026-06-09 15:49:34,17,1,29.69,10.2,19.49,Reversed,17,True,
RX-0000786,RXN-100786,PH-001,EMP-0005,EMP-0008,CUS-02645,PRD-00467,2026-07-01 15:19:34,2026-07-01 15:56:34,2026-07-02 20:56:34,65,2,40.04,5.39,34.65,Picked Up,37,False,
RX-0000787,RXN-100787,PH-005,EMP-0094,EMP-0096,CUS-04911,PRD-00568,2026-06-29 14:30:02,2026-06-29 14:58:02,2026-07-01 11:58:02,40,0,70.52,4.38,66.14,Picked Up,28,False,
RX-0000788,RXN-100788,PH-005,EMP-0094,EMP-0095,CUS-01460,PRD-00101,2026-05-09 19:03:52,2026-05-09 19:37:52,2026-05-11 10:37:52,31,1,23.26,8.14,15.12,Not Collected,34,False,
RX-0000789,RXN-100789,PH-004,EMP-0072,EMP-0077,CUS-02238,PRD-00220,2026-06-24 20:35:52,2026-06-24 21:22:52,2026-06-26 01:22:52,25,2,44.76,6.98,37.78,Picked Up,47,False,
RX-0000790,RXN-100790,PH-004,EMP-0072,EMP-0077,CUS-02410,PRD-00101,2026-05-01 10:05:16,2026-05-01 10:24:16,2026-05-02 02:24:16,15,2,37.04,2.02,35.02,Picked Up,19,False,
RX-0000791,RXN-100791,PH-005,EMP-0094,EMP-0099,CUS-03137,PRD-00517,2026-07-18 11:39:48,2026-07-18 12:10:48,2026-07-20 00:10:48,35,2,22.82,6.23,16.59,Picked Up,31,False,
RX-0000792,RXN-100792,PH-004,EMP-0071,EMP-0076,CUS-01176,PRD-00655,2026-05-25 14:14:26,2026-05-25 14:36:26,2026-05-26 18:36:26,87,2,91.54,30.14,61.4,Picked Up,22,False,
RX-0000793,RXN-100793,PH-004,EMP-0072,EMP-0074,CUS-00659,PRD-00116,2026-07-10 16:54:23,2026-07-10 17:20:23,2026-07-12 08:20:23,12,3,110.1,11.46,98.64,Picked Up,26,False,
RX-0000794,RXN-100794,PH-004,EMP-0071,EMP-0075,CUS-04794,PRD-00527,2026-07-25 21:26:37,2026-07-25 22:06:37,2026-07-26 23:06:37,84,2,84.9,14.77,70.13,Picked Up,40,False,
RX-0000795,RXN-100795,PH-001,EMP-0005,EMP-0009,CUS-00248,PRD-00316,2026-05-26 15:25:26,2026-05-26 15:39:26,2026-05-28 13:39:26,90,2,110.42,24.55,85.87,Picked Up,14,False,
RX-0000796,RXN-100796,PH-005,EMP-0093,EMP-0095,CUS-01363,PRD-00527,2026-07-17 08:55:31,2026-07-17 09:09:31,2026-07-19 09:09:31,61,0,45.69,15.35,30.34,Picked Up,14,False,
RX-0000797,RXN-100797,PH-005,EMP-0094,EMP-0098,CUS-00138,PRD-00101,2026-06-02 09:51:34,2026-06-02 10:24:34,2026-06-03 10:24:34,13,2,36.82,13.42,23.4,Picked Up,33,False,
RX-0000798,RXN-100798,PH-001,EMP-0005,EMP-0007,CUS-04611,PRD-00467,2026-06-13 20:41:58,2026-06-13 20:54:58,2026-06-14 14:54:58,35,0,90.68,27.49,63.19,Picked Up,13,False,
RX-0000799,RXN-100799,PH-002,EMP-0028,EMP-0029,CUS-01814,PRD-00595,2026-05-23 19:44:30,2026-05-23 20:04:30,2026-05-25 02:04:30,13,1,34.73,5.43,29.3,Picked Up,20,False,
RX-0000800,RXN-100800,PH-004,EMP-0072,EMP-0075,CUS-00330,PRD-00013,2026-07-30 13:08:28,2026-07-30 13:38:28,2026-07-31 10:38:28,10,3,31.45,5.08,26.37,Picked Up,30,False,
RX-0000801,RXN-100801,PH-002,EMP-0027,EMP-0029,CUS-03114,PRD-00591,2026-07-02 20:54:56,2026-07-02 21:15:56,2026-07-03 20:15:56,11,3,86.09,5.3,80.79,Picked Up,21,False,
RX-0000802,RXN-100802,PH-003,EMP-0049,EMP-0052,CUS-00652,PRD-00013,2026-05-20 13:15:57,2026-05-20 13:42:57,2026-05-22 00:42:57,67,2,38.34,12.22,26.12,Picked Up,27,False,
RX-0000803,RXN-100803,PH-005,EMP-0094,EMP-0096,CUS-04849,PRD-00086,2026-06-08 14:40:58,2026-06-08 14:46:58,2026-06-10 02:46:58,63,0,109.15,7.72,101.43,Picked Up,6,False,
RX-0000804,RXN-100804,PH-001,EMP-0005,EMP-0009,CUS-03931,PRD-00472,2026-06-25 18:26:44,2026-06-25 18:51:44,2026-06-26 17:51:44,78,2,73.31,24.05,49.26,Picked Up,25,False,
RX-0000805,RXN-100805,PH-005,EMP-0093,EMP-0099,CUS-01650,PRD-00391,2026-06-06 13:33:12,2026-06-06 13:45:12,2026-06-07 23:45:12,30,2,32.97,10.61,22.36,Picked Up,12,False,
RX-0000806,RXN-100806,PH-004,EMP-0072,EMP-0076,CUS-00269,PRD-00591,2026-06-23 15:39:33,2026-06-23 16:09:33,2026-06-23 19:09:33,41,3,161.39,52.63,108.76,Ready,30,False,
RX-0000807,RXN-100807,PH-004,EMP-0071,EMP-0075,CUS-01893,PRD-00050,2026-05-03 11:36:05,2026-05-03 12:26:05,2026-05-03 20:26:05,87,3,109.6,31.36,78.24,Picked Up,50,False,
RX-0000808,RXN-100808,PH-001,EMP-0004,EMP-0011,CUS-01748,PRD-00568,2026-07-13 15:05:16,2026-07-13 15:38:16,2026-07-14 06:38:16,86,1,68.1,19.19,48.91,Picked Up,33,False,
RX-0000809,RXN-100809,PH-004,EMP-0072,EMP-0073,CUS-01876,PRD-00718,2026-07-29 16:43:24,2026-07-29 17:34:24,2026-07-30 11:34:24,48,2,51.0,10.69,40.31,Picked Up,51,False,
RX-0000810,RXN-100810,PH-003,EMP-0049,EMP-0052,CUS-02565,PRD-00467,2026-07-15 14:52:38,2026-07-15 15:33:38,2026-07-17 03:33:38,85,2,80.37,25.04,55.33,Picked Up,41,False,
RX-0000811,RXN-100811,PH-002,EMP-0028,EMP-0030,CUS-04817,PRD-00517,2026-06-27 10:38:12,2026-06-27 11:15:12,2026-06-27 21:15:12,31,1,31.62,11.67,19.95,Picked Up,37,False,
RX-0000812,RXN-100812,PH-002,EMP-0028,EMP-0033,CUS-02573,PRD-00482,2026-05-11 11:12:25,2026-05-11 11:34:25,2026-05-12 23:34:25,81,0,140.5,21.71,118.79,Picked Up,22,False,
RX-0000813,RXN-100813,PH-002,EMP-0026,EMP-0032,CUS-04144,PRD-00040,2026-07-26 09:19:35,2026-07-26 09:43:35,2026-07-27 12:43:35,87,0,138.08,8.33,129.75,Reversed,24,True,
RX-0000814,RXN-100814,PH-001,EMP-0004,EMP-0010,CUS-04347,PRD-00017,2026-07-11 13:15:08,2026-07-11 13:53:08,2026-07-11 17:53:08,29,1,145.05,14.71,130.34,Picked Up,38,False,
RX-0000815,RXN-100815,PH-003,EMP-0050,EMP-0055,CUS-00836,PRD-00569,2026-07-20 20:54:05,2026-07-20 21:34:05,2026-07-21 19:34:05,68,3,52.32,4.21,48.11,Picked Up,40,False,
RX-0000816,RXN-100816,PH-003,EMP-0049,EMP-0051,CUS-00957,PRD-00292,2026-06-03 09:24:15,2026-06-03 09:44:15,2026-06-05 03:44:15,87,1,79.94,8.48,71.46,Picked Up,20,False,
RX-0000817,RXN-100817,PH-003,EMP-0049,EMP-0054,CUS-00005,PRD-00591,2026-06-10 11:57:52,2026-06-10 12:10:52,2026-06-11 23:10:52,32,3,84.98,7.43,77.55,Reversed,13,True,
RX-0000818,RXN-100818,PH-004,EMP-0072,EMP-0074,CUS-00101,PRD-00030,2026-05-22 10:17:50,2026-05-22 10:39:50,2026-05-24 00:39:50,89,2,38.02,2.73,35.29,Picked Up,22,False,
RX-0000819,RXN-100819,PH-005,EMP-0092,EMP-0099,CUS-02084,PRD-00257,2026-05-23 20:25:57,2026-05-23 20:55:57,2026-05-25 00:55:57,46,0,41.73,15.18,26.55,Picked Up,30,False,
RX-0000820,RXN-100820,PH-003,EMP-0050,EMP-0051,CUS-01012,PRD-00485,2026-07-12 11:39:50,2026-07-12 12:03:50,2026-07-14 12:03:50,20,2,25.81,7.52,18.29,Ready,24,False,
RX-0000821,RXN-100821,PH-004,EMP-0070,EMP-0076,CUS-00121,PRD-00324,2026-07-02 12:26:31,2026-07-02 13:07:31,2026-07-03 08:07:31,59,0,36.04,13.55,22.49,Not Collected,41,False,
RX-0000822,RXN-100822,PH-005,EMP-0092,EMP-0097,CUS-02822,PRD-00781,2026-06-27 12:02:53,2026-06-27 12:32:53,2026-06-27 19:32:53,70,0,76.51,26.69,49.82,Not Collected,30,False,
RX-0000823,RXN-100823,PH-004,EMP-0070,EMP-0076,CUS-01997,PRD-00655,2026-06-15 09:18:00,2026-06-15 09:51:00,2026-06-16 23:51:00,24,1,124.37,38.18,86.19,Picked Up,33,False,
RX-0000824,RXN-100824,PH-005,EMP-0093,EMP-0097,CUS-03828,PRD-00423,2026-05-21 12:50:47,2026-05-21 13:24:47,2026-05-22 11:24:47,43,0,99.0,19.79,79.21,Cancelled,34,False,
RX-0000825,RXN-100825,PH-002,EMP-0027,EMP-0031,CUS-02111,PRD-00574,2026-06-17 15:29:15,2026-06-17 15:58:15,2026-06-17 23:58:15,54,2,64.07,18.55,45.52,Picked Up,29,False,
RX-0000826,RXN-100826,PH-002,EMP-0028,EMP-0029,CUS-03897,PRD-00507,2026-05-14 21:13:32,2026-05-14 22:03:32,2026-05-15 16:03:32,56,2,10.75,1.8,8.95,Reversed,50,True,
RX-0000827,RXN-100827,PH-003,EMP-0048,EMP-0055,CUS-04151,PRD-00116,2026-07-16 21:09:15,2026-07-16 21:26:15,2026-07-16 22:26:15,12,2,67.51,12.94,54.57,Picked Up,17,False,
RX-0000828,RXN-100828,PH-003,EMP-0049,EMP-0052,CUS-03675,PRD-00040,2026-06-12 14:39:18,2026-06-12 15:17:18,2026-06-13 00:17:18,49,0,93.71,29.37,64.34,Reversed,38,True,
RX-0000829,RXN-100829,PH-001,EMP-0004,EMP-0008,CUS-02095,PRD-00517,2026-05-07 08:31:43,2026-05-07 09:24:43,2026-05-08 20:24:43,49,0,34.66,9.01,25.65,Picked Up,53,False,
RX-0000830,RXN-100830,PH-004,EMP-0070,EMP-0077,CUS-03786,PRD-00155,2026-07-10 10:23:29,2026-07-10 10:55:29,2026-07-11 13:55:29,29,1,82.84,19.91,62.93,Ready,32,False,
RX-0000831,RXN-100831,PH-003,EMP-0049,EMP-0054,CUS-01550,PRD-00050,2026-06-08 18:55:29,2026-06-08 19:22:29,2026-06-09 06:22:29,14,0,125.46,11.15,114.31,Picked Up,27,False,
RX-0000832,RXN-100832,PH-003,EMP-0049,EMP-0053,CUS-01000,PRD-00389,2026-07-21 20:32:04,2026-07-21 21:20:04,2026-07-22 20:20:04,76,1,63.49,7.34,56.15,Reversed,48,True,
RX-0000833,RXN-100833,PH-004,EMP-0072,EMP-0073,CUS-02181,PRD-00197,2026-05-29 13:26:26,2026-05-29 13:58:26,2026-05-29 19:58:26,48,0,47.36,11.21,36.15,Picked Up,32,False,
RX-0000834,RXN-100834,PH-001,EMP-0004,EMP-0007,CUS-03284,PRD-00140,2026-07-18 09:00:40,2026-07-18 09:22:40,2026-07-18 14:22:40,76,1,55.92,14.92,41.0,Picked Up,22,False,
RX-0000835,RXN-100835,PH-001,EMP-0005,EMP-0007,CUS-01527,PRD-00155,2026-06-24 20:27:09,2026-06-24 20:49:09,2026-06-25 18:49:09,18,0,134.48,26.53,107.95,Ready,22,False,
RX-0000836,RXN-100836,PH-003,EMP-0048,EMP-0054,CUS-00815,PRD-00130,2026-05-15 15:44:00,2026-05-15 16:04:00,2026-05-16 00:04:00,86,2,57.14,20.88,36.26,Cancelled,20,False,
RX-0000837,RXN-100837,PH-001,EMP-0004,EMP-0008,CUS-04364,PRD-00391,2026-05-13 10:01:45,2026-05-13 10:25:45,2026-05-14 18:25:45,78,2,38.75,9.43,29.32,Picked Up,24,False,
RX-0000838,RXN-100838,PH-004,EMP-0071,EMP-0073,CUS-02477,PRD-00356,2026-06-18 12:37:59,2026-06-18 13:01:59,2026-06-19 06:01:59,68,1,72.13,20.4,51.73,Picked Up,24,False,
RX-0000839,RXN-100839,PH-003,EMP-0050,EMP-0051,CUS-03637,PRD-00316,2026-06-20 20:27:22,2026-06-20 20:43:22,2026-06-21 15:43:22,84,1,87.43,14.27,73.16,Ready,16,False,
RX-0000840,RXN-100840,PH-001,EMP-0004,EMP-0010,CUS-04439,PRD-00576,2026-07-04 11:55:36,2026-07-04 12:33:36,2026-07-05 03:33:36,80,1,26.1,8.22,17.88,Reversed,38,True,
RX-0000841,RXN-100841,PH-001,EMP-0005,EMP-0010,CUS-02140,PRD-00055,2026-05-22 16:14:43,2026-05-22 16:48:43,2026-05-23 07:48:43,49,2,72.61,24.24,48.37,Reversed,34,True,
RX-0000842,RXN-100842,PH-002,EMP-0028,EMP-0032,CUS-02931,PRD-00476,2026-06-27 20:42:33,2026-06-27 21:14:33,2026-06-29 18:14:33,31,3,148.64,9.58,139.06,Picked Up,32,False,
RX-0000843,RXN-100843,PH-005,EMP-0093,EMP-0098,CUS-02080,PRD-00654,2026-07-22 16:36:05,2026-07-22 17:07:05,2026-07-24 17:07:05,30,0,31.4,4.62,26.78,Picked Up,31,False,
RX-0000844,RXN-100844,PH-005,EMP-0094,EMP-0099,CUS-03696,PRD-00040,2026-05-18 11:47:35,2026-05-18 12:24:35,2026-05-20 05:24:35,59,3,82.03,5.33,76.7,Picked Up,37,False,
RX-0000845,RXN-100845,PH-001,EMP-0005,EMP-0008,CUS-01255,PRD-00595,2026-06-21 09:21:19,2026-06-21 09:55:19,2026-06-21 13:55:19,87,0,46.44,15.98,30.46,Picked Up,34,False,
RX-0000846,RXN-100846,PH-001,EMP-0004,EMP-0011,CUS-00261,PRD-00389,2026-07-09 15:23:01,2026-07-09 15:46:01,2026-07-10 03:46:01,55,0,78.45,20.06,58.39,Cancelled,23,False,
RX-0000847,RXN-100847,PH-005,EMP-0092,EMP-0096,CUS-00705,PRD-00130,2026-07-11 16:39:57,2026-07-11 17:11:57,2026-07-12 13:11:57,16,1,47.48,3.34,44.14,Picked Up,32,False,
RX-0000848,RXN-100848,PH-002,EMP-0027,EMP-0032,CUS-04459,PRD-00185,2026-05-27 18:27:57,2026-05-27 19:09:57,2026-05-29 05:09:57,50,1,8.75,1.69,7.06,Picked Up,42,False,
RX-0000849,RXN-100849,PH-001,EMP-0005,EMP-0011,CUS-02817,PRD-00257,2026-05-16 11:16:10,2026-05-16 11:41:10,2026-05-18 05:41:10,14,2,35.3,10.29,25.01,Picked Up,25,False,
RX-0000850,RXN-100850,PH-003,EMP-0049,EMP-0055,CUS-04733,PRD-00467,2026-05-25 10:51:32,2026-05-25 11:22:32,2026-05-27 02:22:32,13,2,42.18,15.44,26.74,Ready,31,False,
RX-0000851,RXN-100851,PH-003,EMP-0050,EMP-0055,CUS-01435,PRD-00197,2026-06-16 20:15:05,2026-06-16 20:58:05,2026-06-18 18:58:05,53,2,57.01,3.59,53.42,Picked Up,43,False,
RX-0000852,RXN-100852,PH-003,EMP-0049,EMP-0052,CUS-03090,PRD-00316,2026-06-14 09:05:00,2026-06-14 09:50:00,2026-06-14 10:50:00,36,2,90.2,7.11,83.09,Reversed,45,True,
RX-0000853,RXN-100853,PH-004,EMP-0072,EMP-0075,CUS-04817,PRD-00781,2026-06-12 20:13:25,2026-06-12 20:36:25,2026-06-14 13:36:25,56,2,63.39,8.35,55.04,Picked Up,23,False,
RX-0000854,RXN-100854,PH-003,EMP-0050,EMP-0054,CUS-04667,PRD-00455,2026-07-15 09:18:17,2026-07-15 09:27:17,2026-07-15 14:27:17,70,3,49.61,16.7,32.91,Picked Up,9,False,
RX-0000855,RXN-100855,PH-002,EMP-0027,EMP-0032,CUS-01608,PRD-00353,2026-07-07 21:01:38,2026-07-07 21:32:38,2026-07-09 04:32:38,60,3,69.72,21.84,47.88,Picked Up,31,False,
RX-0000856,RXN-100856,PH-001,EMP-0004,EMP-0007,CUS-03609,PRD-00081,2026-06-23 20:12:35,2026-06-23 20:28:35,2026-06-25 19:28:35,40,3,108.99,8.75,100.24,Picked Up,16,False,
RX-0000857,RXN-100857,PH-002,EMP-0028,EMP-0030,CUS-01245,PRD-00576,2026-06-05 09:50:02,2026-06-05 10:40:02,2026-06-06 04:40:02,47,2,20.36,4.93,15.43,Picked Up,50,False,
RX-0000858,RXN-100858,PH-002,EMP-0026,EMP-0029,CUS-01458,PRD-00591,2026-05-25 21:05:57,2026-05-25 21:12:57,2026-05-26 12:12:57,81,0,143.47,11.79,131.68,Picked Up,7,False,
RX-0000859,RXN-100859,PH-002,EMP-0027,EMP-0031,CUS-03483,PRD-00324,2026-06-14 12:21:41,2026-06-14 13:05:41,2026-06-15 18:05:41,47,0,18.07,6.82,11.25,Reversed,44,True,
RX-0000860,RXN-100860,PH-003,EMP-0050,EMP-0054,CUS-00796,PRD-00655,2026-06-02 15:38:27,2026-06-02 15:43:27,2026-06-04 12:43:27,15,0,134.71,15.47,119.24,Picked Up,5,False,
RX-0000861,RXN-100861,PH-005,EMP-0093,EMP-0096,CUS-04806,PRD-00423,2026-07-28 13:59:58,2026-07-28 14:32:58,2026-07-29 08:32:58,72,0,70.88,27.54,43.34,Picked Up,33,False,
RX-0000862,RXN-100862,PH-003,EMP-0048,EMP-0051,CUS-04326,PRD-00435,2026-07-27 12:46:39,2026-07-27 13:18:39,2026-07-29 13:18:39,44,3,50.73,14.62,36.11,Picked Up,32,False,
RX-0000863,RXN-100863,PH-002,EMP-0027,EMP-0032,CUS-00070,PRD-00155,2026-05-29 18:43:06,2026-05-29 19:18:06,2026-05-31 00:18:06,54,1,87.71,5.51,82.2,Picked Up,35,False,
RX-0000864,RXN-100864,PH-001,EMP-0005,EMP-0011,CUS-04017,PRD-00185,2026-05-27 18:40:22,2026-05-27 19:10:22,2026-05-29 11:10:22,18,0,12.61,4.65,7.96,Picked Up,30,False,
RX-0000865,RXN-100865,PH-003,EMP-0050,EMP-0052,CUS-04121,PRD-00591,2026-05-02 10:19:21,2026-05-02 10:37:21,2026-05-04 06:37:21,43,1,78.73,5.45,73.28,Picked Up,18,False,
RX-0000866,RXN-100866,PH-004,EMP-0070,EMP-0077,CUS-00766,PRD-00781,2026-06-17 11:28:23,2026-06-17 12:11:23,2026-06-18 15:11:23,84,3,61.33,21.68,39.65,Picked Up,43,False,
RX-0000867,RXN-100867,PH-004,EMP-0072,EMP-0075,CUS-02315,PRD-00055,2026-06-05 08:52:09,2026-06-05 09:26:09,2026-06-07 02:26:09,30,1,81.81,13.25,68.56,Picked Up,34,False,
RX-0000868,RXN-100868,PH-003,EMP-0048,EMP-0051,CUS-00630,PRD-00568,2026-07-21 21:54:33,2026-07-21 22:24:33,2026-07-22 21:24:33,24,3,95.19,20.53,74.66,Picked Up,30,False,
RX-0000869,RXN-100869,PH-004,EMP-0070,EMP-0074,CUS-02609,PRD-00096,2026-05-10 12:55:24,2026-05-10 13:21:24,2026-05-11 07:21:24,48,3,28.02,8.5,19.52,Ready,26,False,
RX-0000870,RXN-100870,PH-001,EMP-0004,EMP-0007,CUS-00796,PRD-00280,2026-06-30 18:38:04,2026-06-30 18:51:04,2026-07-01 12:51:04,28,2,24.28,9.34,14.94,Ready,13,False,
RX-0000871,RXN-100871,PH-003,EMP-0048,EMP-0053,CUS-03384,PRD-00486,2026-07-12 18:44:05,2026-07-12 18:59:05,2026-07-14 17:59:05,19,3,55.24,7.45,47.79,Picked Up,15,False,
RX-0000872,RXN-100872,PH-003,EMP-0050,EMP-0053,CUS-03865,PRD-00305,2026-07-22 09:27:27,2026-07-22 09:50:27,2026-07-24 06:50:27,63,1,73.65,20.42,53.23,Picked Up,23,False,
RX-0000873,RXN-100873,PH-001,EMP-0005,EMP-0008,CUS-01894,PRD-00011,2026-05-24 17:10:14,2026-05-24 17:41:14,2026-05-24 23:41:14,28,2,78.55,27.87,50.68,Reversed,31,True,
RX-0000874,RXN-100874,PH-003,EMP-0049,EMP-0054,CUS-04415,PRD-00017,2026-07-11 11:41:27,2026-07-11 12:24:27,2026-07-12 05:24:27,15,3,130.13,14.96,115.17,Picked Up,43,False,
RX-0000875,RXN-100875,PH-002,EMP-0026,EMP-0032,CUS-01876,PRD-00011,2026-06-15 10:40:36,2026-06-15 11:08:36,2026-06-16 12:08:36,42,3,78.31,29.75,48.56,Reversed,28,True,
RX-0000876,RXN-100876,PH-005,EMP-0093,EMP-0099,CUS-04636,PRD-00081,2026-07-20 15:31:46,2026-07-20 16:13:46,2026-07-21 06:13:46,53,1,77.22,6.58,70.64,Ready,42,False,
RX-0000877,RXN-100877,PH-002,EMP-0027,EMP-0031,CUS-01796,PRD-00125,2026-06-02 19:22:35,2026-06-02 20:17:35,2026-06-03 22:17:35,57,0,29.48,5.09,24.39,Ready,55,False,
RX-0000878,RXN-100878,PH-001,EMP-0005,EMP-0009,CUS-00225,PRD-00678,2026-06-18 18:39:35,2026-06-18 19:02:35,2026-06-20 10:02:35,25,0,28.2,6.27,21.93,Cancelled,23,False,
RX-0000879,RXN-100879,PH-005,EMP-0094,EMP-0097,CUS-04793,PRD-00002,2026-06-25 18:02:50,2026-06-25 18:07:50,2026-06-27 16:07:50,67,3,35.17,7.51,27.66,Picked Up,5,False,
RX-0000880,RXN-100880,PH-005,EMP-0093,EMP-0096,CUS-04052,PRD-00347,2026-05-01 14:25:45,2026-05-01 14:53:45,2026-05-02 13:53:45,50,1,139.02,55.36,83.66,Picked Up,28,False,
RX-0000881,RXN-100881,PH-001,EMP-0005,EMP-0009,CUS-04737,PRD-00595,2026-07-29 21:20:05,2026-07-29 21:46:05,2026-07-30 06:46:05,33,0,55.18,15.7,39.48,Picked Up,26,False,
RX-0000882,RXN-100882,PH-001,EMP-0004,EMP-0010,CUS-03511,PRD-00116,2026-07-06 19:57:55,2026-07-06 20:26:55,2026-07-08 02:26:55,75,2,109.38,40.58,68.8,Picked Up,29,False,
RX-0000883,RXN-100883,PH-003,EMP-0050,EMP-0054,CUS-01928,PRD-00685,2026-06-20 14:36:14,2026-06-20 14:56:14,2026-06-21 15:56:14,30,3,15.51,3.3,12.21,Picked Up,20,False,
RX-0000884,RXN-100884,PH-005,EMP-0092,EMP-0097,CUS-04581,PRD-00478,2026-06-22 13:51:46,2026-06-22 14:01:46,2026-06-24 13:01:46,80,2,110.25,12.85,97.4,Picked Up,10,False,
RX-0000885,RXN-100885,PH-004,EMP-0071,EMP-0074,CUS-00933,PRD-00685,2026-07-31 13:17:22,2026-07-31 13:39:22,2026-08-01 12:39:22,55,0,12.64,4.69,7.95,Picked Up,22,False,
RX-0000886,RXN-100886,PH-003,EMP-0050,EMP-0053,CUS-00578,PRD-00720,2026-05-31 18:05:39,2026-05-31 18:37:39,2026-06-02 10:37:39,76,2,18.0,4.3,13.7,Picked Up,32,False,
RX-0000887,RXN-100887,PH-004,EMP-0072,EMP-0076,CUS-03372,PRD-00338,2026-06-29 20:44:49,2026-06-29 20:53:49,2026-06-29 22:53:49,63,1,27.81,5.98,21.83,Cancelled,9,False,
RX-0000888,RXN-100888,PH-003,EMP-0049,EMP-0052,CUS-04056,PRD-00391,2026-05-29 12:35:41,2026-05-29 12:58:41,2026-05-30 06:58:41,53,1,35.8,5.35,30.45,Picked Up,23,False,
RX-0000889,RXN-100889,PH-003,EMP-0050,EMP-0051,CUS-01704,PRD-00718,2026-05-29 11:01:48,2026-05-29 11:37:48,2026-05-30 10:37:48,26,2,32.05,7.69,24.36,Picked Up,36,False,
RX-0000890,RXN-100890,PH-005,EMP-0092,EMP-0099,CUS-01998,PRD-00356,2026-05-21 09:57:39,2026-05-21 10:30:39,2026-05-21 12:30:39,20,1,67.45,22.25,45.2,Picked Up,33,False,
RX-0000891,RXN-100891,PH-002,EMP-0028,EMP-0029,CUS-02189,PRD-00551,2026-06-25 21:20:13,2026-06-25 21:46:13,2026-06-26 13:46:13,86,1,35.84,4.1,31.74,Reversed,26,True,
RX-0000892,RXN-100892,PH-003,EMP-0048,EMP-0053,CUS-04277,PRD-00101,2026-05-18 11:36:47,2026-05-18 12:14:47,2026-05-19 14:14:47,12,2,29.21,2.53,26.68,Picked Up,38,False,
RX-0000893,RXN-100893,PH-004,EMP-0071,EMP-0077,CUS-01624,PRD-00116,2026-06-12 16:45:35,2026-06-12 17:27:35,2026-06-14 03:27:35,35,0,105.96,16.05,89.91,Picked Up,42,False,
RX-0000894,RXN-100894,PH-004,EMP-0070,EMP-0076,CUS-01385,PRD-00017,2026-06-09 21:12:37,2026-06-09 21:36:37,2026-06-10 00:36:37,23,1,126.43,48.48,77.95,Reversed,24,True,
RX-0000895,RXN-100895,PH-002,EMP-0028,EMP-0032,CUS-00532,PRD-00682,2026-06-21 15:00:00,2026-06-21 15:43:00,2026-06-22 02:43:00,84,0,64.9,7.72,57.18,Picked Up,43,False,
RX-0000896,RXN-100896,PH-004,EMP-0072,EMP-0074,CUS-01893,PRD-00324,2026-05-19 20:54:35,2026-05-19 21:21:35,2026-05-20 11:21:35,79,2,19.81,5.92,13.89,Picked Up,27,False,
RX-0000897,RXN-100897,PH-002,EMP-0026,EMP-0032,CUS-00984,PRD-00678,2026-07-04 19:35:53,2026-07-04 20:09:53,2026-07-06 05:09:53,42,3,25.52,9.31,16.21,Picked Up,34,False,
RX-0000898,RXN-100898,PH-005,EMP-0092,EMP-0098,CUS-03619,PRD-00486,2026-05-03 10:09:46,2026-05-03 10:42:46,2026-05-05 02:42:46,75,2,31.99,11.16,20.83,Ready,33,False,
RX-0000899,RXN-100899,PH-004,EMP-0071,EMP-0077,CUS-03747,PRD-00057,2026-05-11 18:02:57,2026-05-11 18:41:57,2026-05-12 19:41:57,82,1,37.74,8.75,28.99,Reversed,39,True,
RX-0000900,RXN-100900,PH-002,EMP-0026,EMP-0033,CUS-04554,PRD-00527,2026-05-19 13:36:14,2026-05-19 14:15:14,2026-05-19 15:15:14,67,0,66.36,14.05,52.31,Picked Up,39,False,
RX-0000901,RXN-100901,PH-004,EMP-0071,EMP-0074,CUS-00776,PRD-00781,2026-05-07 09:59:16,2026-05-07 10:16:16,2026-05-08 07:16:16,64,2,78.87,14.89,63.98,Not Collected,17,False,
RX-0000902,RXN-100902,PH-003,EMP-0049,EMP-0054,CUS-02777,PRD-00101,2026-07-16 10:13:04,2026-07-16 10:50:04,2026-07-18 07:50:04,32,3,25.38,3.53,21.85,Picked Up,37,False,
RX-0000903,RXN-100903,PH-003,EMP-0049,EMP-0054,CUS-00233,PRD-00423,2026-06-19 15:21:29,2026-06-19 16:16:29,2026-06-21 07:16:29,39,0,92.31,25.66,66.65,Reversed,55,True,
RX-0000904,RXN-100904,PH-005,EMP-0094,EMP-0096,CUS-00230,PRD-00353,2026-06-21 08:51:08,2026-06-21 09:39:08,2026-06-22 02:39:08,34,1,51.59,13.0,38.59,Picked Up,48,False,
RX-0000905,RXN-100905,PH-002,EMP-0026,EMP-0033,CUS-01472,PRD-00569,2026-07-04 19:58:58,2026-07-04 20:17:58,2026-07-05 04:17:58,85,1,53.39,11.69,41.7,Picked Up,19,False,
RX-0000906,RXN-100906,PH-002,EMP-0026,EMP-0033,CUS-04366,PRD-00786,2026-06-14 11:43:07,2026-06-14 11:56:07,2026-06-15 06:56:07,40,2,98.23,8.27,89.96,Ready,13,False,
RX-0000907,RXN-100907,PH-002,EMP-0026,EMP-0032,CUS-04904,PRD-00086,2026-07-16 14:48:57,2026-07-16 15:23:57,2026-07-18 14:23:57,72,2,121.74,12.51,109.23,Picked Up,35,False,
RX-0000908,RXN-100908,PH-003,EMP-0050,EMP-0054,CUS-00027,PRD-00621,2026-06-01 19:54:52,2026-06-01 20:20:52,2026-06-03 11:20:52,58,2,48.44,7.71,40.73,Picked Up,26,False,
RX-0000909,RXN-100909,PH-003,EMP-0048,EMP-0054,CUS-03026,PRD-00527,2026-06-23 16:43:56,2026-06-23 16:48:56,2026-06-25 14:48:56,14,0,70.92,18.65,52.27,Picked Up,5,False,
RX-0000910,RXN-100910,PH-002,EMP-0027,EMP-0030,CUS-03267,PRD-00517,2026-07-15 09:50:15,2026-07-15 10:13:15,2026-07-15 22:13:15,18,0,29.51,3.24,26.27,Picked Up,23,False,
RX-0000911,RXN-100911,PH-001,EMP-0004,EMP-0011,CUS-03246,PRD-00140,2026-06-14 15:08:59,2026-06-14 15:46:59,2026-06-16 02:46:59,39,1,74.15,14.63,59.52,Picked Up,38,False,
RX-0000912,RXN-100912,PH-001,EMP-0005,EMP-0010,CUS-02023,PRD-00455,2026-05-15 12:02:13,2026-05-15 12:53:13,2026-05-16 02:53:13,53,2,84.18,19.93,64.25,Picked Up,51,False,
RX-0000913,RXN-100913,PH-001,EMP-0004,EMP-0010,CUS-03151,PRD-00527,2026-05-21 10:22:34,2026-05-21 10:54:34,2026-05-21 20:54:34,44,2,50.62,16.53,34.09,Not Collected,32,False,
RX-0000914,RXN-100914,PH-004,EMP-0072,EMP-0074,CUS-02431,PRD-00682,2026-07-31 14:14:02,2026-07-31 14:48:02,2026-08-01 01:48:02,35,2,51.44,5.3,46.14,Ready,34,False,
RX-0000915,RXN-100915,PH-004,EMP-0071,EMP-0077,CUS-04602,PRD-00185,2026-05-04 10:20:52,2026-05-04 10:40:52,2026-05-05 23:40:52,75,0,7.7,0.81,6.89,Picked Up,20,False,
RX-0000916,RXN-100916,PH-004,EMP-0070,EMP-0076,CUS-03784,PRD-00257,2026-07-06 21:24:32,2026-07-06 22:12:32,2026-07-07 05:12:32,82,2,74.87,29.78,45.09,Picked Up,48,False,
RX-0000917,RXN-100917,PH-004,EMP-0071,EMP-0075,CUS-01531,PRD-00689,2026-07-04 11:24:24,2026-07-04 11:41:24,2026-07-05 03:41:24,10,1,83.63,7.22,76.41,Picked Up,17,False,
RX-0000918,RXN-100918,PH-005,EMP-0093,EMP-0096,CUS-02169,PRD-00517,2026-07-24 11:58:20,2026-07-24 12:34:20,2026-07-25 02:34:20,36,1,14.8,5.8,9.0,Ready,36,False,
RX-0000919,RXN-100919,PH-004,EMP-0070,EMP-0077,CUS-04053,PRD-00324,2026-07-31 14:58:14,2026-07-31 15:56:14,2026-08-01 19:56:14,21,2,19.11,3.76,15.35,Picked Up,58,False,
RX-0000920,RXN-100920,PH-005,EMP-0093,EMP-0097,CUS-00734,PRD-00655,2026-07-10 19:03:05,2026-07-10 19:26:05,2026-07-11 06:26:05,50,0,70.28,14.48,55.8,Picked Up,23,False,
RX-0000921,RXN-100921,PH-003,EMP-0048,EMP-0051,CUS-02339,PRD-00305,2026-05-09 11:02:11,2026-05-09 11:08:11,2026-05-09 15:08:11,35,0,88.7,10.38,78.32,Picked Up,6,False,
RX-0000922,RXN-100922,PH-004,EMP-0072,EMP-0074,CUS-02495,PRD-00621,2026-07-18 19:38:42,2026-07-18 20:06:42,2026-07-19 05:06:42,69,3,82.18,30.24,51.94,Picked Up,28,False,
RX-0000923,RXN-100923,PH-002,EMP-0027,EMP-0033,CUS-01079,PRD-00485,2026-05-24 15:19:28,2026-05-24 15:48:28,2026-05-26 10:48:28,66,2,23.19,2.69,20.5,Picked Up,29,False,
RX-0000924,RXN-100924,PH-003,EMP-0048,EMP-0054,CUS-03202,PRD-00356,2026-05-12 21:07:58,2026-05-12 21:37:58,2026-05-12 23:37:58,47,3,58.6,12.93,45.67,Cancelled,30,False,
RX-0000925,RXN-100925,PH-003,EMP-0048,EMP-0052,CUS-00829,PRD-00718,2026-05-23 09:01:22,2026-05-23 09:22:22,2026-05-24 22:22:22,28,0,49.48,11.76,37.72,Picked Up,21,False,
RX-0000926,RXN-100926,PH-001,EMP-0005,EMP-0007,CUS-04585,PRD-00257,2026-07-20 12:49:12,2026-07-20 13:37:12,2026-07-22 12:37:12,46,2,48.05,10.97,37.08,Picked Up,48,False,
RX-0000927,RXN-100927,PH-005,EMP-0094,EMP-0095,CUS-04025,PRD-00659,2026-05-22 14:01:49,2026-05-22 14:48:49,2026-05-22 18:48:49,57,0,65.85,14.19,51.66,Not Collected,47,False,
RX-0000928,RXN-100928,PH-004,EMP-0071,EMP-0074,CUS-00406,PRD-00040,2026-06-08 17:46:26,2026-06-08 18:19:26,2026-06-09 16:19:26,40,1,77.88,18.09,59.79,Not Collected,33,False,
RX-0000929,RXN-100929,PH-003,EMP-0050,EMP-0054,CUS-00734,PRD-00391,2026-06-09 12:47:39,2026-06-09 12:59:39,2026-06-10 14:59:39,26,0,29.27,5.61,23.66,Ready,12,False,
RX-0000930,RXN-100930,PH-005,EMP-0092,EMP-0095,CUS-01028,PRD-00257,2026-07-23 15:07:31,2026-07-23 15:27:31,2026-07-24 18:27:31,33,1,73.98,17.99,55.99,Not Collected,20,False,
RX-0000931,RXN-100931,PH-001,EMP-0004,EMP-0009,CUS-01539,PRD-00185,2026-07-09 16:57:09,2026-07-09 17:22:09,2026-07-10 18:22:09,89,3,14.65,3.44,11.21,Not Collected,25,False,
RX-0000932,RXN-100932,PH-005,EMP-0093,EMP-0098,CUS-03391,PRD-00271,2026-07-15 16:57:55,2026-07-15 17:36:55,2026-07-17 17:36:55,33,2,58.15,5.07,53.08,Picked Up,39,False,
RX-0000933,RXN-100933,PH-004,EMP-0070,EMP-0075,CUS-01751,PRD-00322,2026-07-16 21:16:00,2026-07-16 21:53:00,2026-07-17 20:53:00,63,3,40.99,13.64,27.35,Reversed,37,True,
RX-0000934,RXN-100934,PH-001,EMP-0005,EMP-0011,CUS-03891,PRD-00013,2026-07-29 18:08:04,2026-07-29 18:25:04,2026-07-30 03:25:04,55,2,22.62,7.78,14.84,Picked Up,17,False,
RX-0000935,RXN-100935,PH-005,EMP-0092,EMP-0098,CUS-01015,PRD-00621,2026-06-14 08:31:36,2026-06-14 08:50:36,2026-06-14 13:50:36,37,0,55.72,16.04,39.68,Picked Up,19,False,
RX-0000936,RXN-100936,PH-003,EMP-0050,EMP-0054,CUS-04280,PRD-00116,2026-05-01 20:31:32,2026-05-01 21:15:32,2026-05-01 22:15:32,74,3,87.46,4.61,82.85,Picked Up,44,False,
RX-0000937,RXN-100937,PH-001,EMP-0005,EMP-0010,CUS-01740,PRD-00659,2026-06-12 17:53:02,2026-06-12 18:38:02,2026-06-14 08:38:02,24,1,54.8,21.57,33.23,Picked Up,45,False,
RX-0000938,RXN-100938,PH-005,EMP-0092,EMP-0097,CUS-02127,PRD-00389,2026-06-11 20:28:13,2026-06-11 20:51:13,2026-06-12 04:51:13,28,2,69.08,18.47,50.61,Picked Up,23,False,
RX-0000939,RXN-100939,PH-002,EMP-0028,EMP-0030,CUS-01281,PRD-00040,2026-06-17 09:39:50,2026-06-17 10:06:50,2026-06-19 09:06:50,74,2,111.03,22.38,88.65,Not Collected,27,False,
RX-0000940,RXN-100940,PH-004,EMP-0070,EMP-0076,CUS-02089,PRD-00356,2026-06-20 17:18:13,2026-06-20 17:56:13,2026-06-21 16:56:13,43,1,80.25,27.03,53.22,Picked Up,38,False,
RX-0000941,RXN-100941,PH-002,EMP-0028,EMP-0029,CUS-02165,PRD-00486,2026-07-20 10:47:43,2026-07-20 11:30:43,2026-07-22 05:30:43,41,0,47.17,11.76,35.41,Not Collected,43,False,
RX-0000942,RXN-100942,PH-002,EMP-0026,EMP-0030,CUS-00419,PRD-00331,2026-07-09 20:24:00,2026-07-09 20:49:00,2026-07-11 20:49:00,36,1,32.34,4.46,27.88,Ready,25,False,
RX-0000943,RXN-100943,PH-002,EMP-0027,EMP-0031,CUS-01618,PRD-00356,2026-06-14 18:16:11,2026-06-14 18:58:11,2026-06-15 19:58:11,58,2,57.59,22.58,35.01,Picked Up,42,False,
RX-0000944,RXN-100944,PH-005,EMP-0092,EMP-0095,CUS-01352,PRD-00017,2026-06-07 14:54:53,2026-06-07 15:12:53,2026-06-09 11:12:53,89,2,153.02,54.63,98.39,Picked Up,18,False,
RX-0000945,RXN-100945,PH-001,EMP-0005,EMP-0009,CUS-01807,PRD-00220,2026-05-23 13:37:49,2026-05-23 13:45:49,2026-05-25 08:45:49,87,3,88.39,10.68,77.71,Picked Up,8,False,
RX-0000946,RXN-100946,PH-002,EMP-0028,EMP-0031,CUS-01505,PRD-00520,2026-05-30 18:11:32,2026-05-30 18:45:32,2026-05-31 02:45:32,81,1,41.3,13.65,27.65,Not Collected,34,False,
RX-0000947,RXN-100947,PH-001,EMP-0004,EMP-0008,CUS-01206,PRD-00125,2026-05-02 20:27:39,2026-05-02 20:46:39,2026-05-03 22:46:39,76,1,20.72,2.26,18.46,Picked Up,19,False,
RX-0000948,RXN-100948,PH-005,EMP-0092,EMP-0099,CUS-02739,PRD-00473,2026-07-19 09:49:30,2026-07-19 10:07:30,2026-07-21 01:07:30,37,0,8.68,3.17,5.51,Picked Up,18,False,
RX-0000949,RXN-100949,PH-003,EMP-0050,EMP-0053,CUS-03345,PRD-00316,2026-05-26 20:08:01,2026-05-26 20:42:01,2026-05-28 03:42:01,44,2,95.52,23.22,72.3,Picked Up,34,False,
RX-0000950,RXN-100950,PH-004,EMP-0070,EMP-0073,CUS-02565,PRD-00595,2026-07-13 17:05:47,2026-07-13 18:00:47,2026-07-14 17:00:47,39,2,48.73,13.66,35.07,Picked Up,55,False,
RX-0000951,RXN-100951,PH-001,EMP-0004,EMP-0011,CUS-04606,PRD-00130,2026-05-18 14:10:55,2026-05-18 15:04:55,2026-05-18 18:04:55,63,0,52.43,15.6,36.83,Picked Up,54,False,
RX-0000952,RXN-100952,PH-005,EMP-0094,EMP-0097,CUS-00526,PRD-00569,2026-05-15 17:09:07,2026-05-15 17:36:07,2026-05-16 15:36:07,40,0,44.82,9.17,35.65,Picked Up,27,False,
RX-0000953,RXN-100953,PH-001,EMP-0005,EMP-0007,CUS-00490,PRD-00423,2026-07-20 21:01:47,2026-07-20 21:40:47,2026-07-21 19:40:47,86,2,77.01,12.93,64.08,Not Collected,39,False,
RX-0000954,RXN-100954,PH-001,EMP-0005,EMP-0009,CUS-01092,PRD-00316,2026-06-08 21:54:07,2026-06-08 22:04:07,2026-06-10 06:04:07,60,0,96.32,36.82,59.5,Picked Up,10,False,
RX-0000955,RXN-100955,PH-002,EMP-0028,EMP-0032,CUS-00713,PRD-00507,2026-05-23 13:43:15,2026-05-23 14:14:15,2026-05-23 21:14:15,90,1,17.62,2.67,14.95,Cancelled,31,False,
RX-0000956,RXN-100956,PH-001,EMP-0004,EMP-0010,CUS-03432,PRD-00096,2026-07-13 10:59:35,2026-07-13 11:28:35,2026-07-14 15:28:35,25,1,13.57,4.69,8.88,Picked Up,29,False,
RX-0000957,RXN-100957,PH-004,EMP-0070,EMP-0074,CUS-01337,PRD-00057,2026-07-11 10:59:46,2026-07-11 11:44:46,2026-07-12 08:44:46,10,3,35.94,9.4,26.54,Reversed,45,True,
RX-0000958,RXN-100958,PH-003,EMP-0049,EMP-0055,CUS-04712,PRD-00067,2026-05-11 20:13:54,2026-05-11 20:41:54,2026-05-13 11:41:54,74,3,21.04,3.38,17.66,Ready,28,False,
RX-0000959,RXN-100959,PH-002,EMP-0026,EMP-0030,CUS-03919,PRD-00395,2026-07-11 09:43:19,2026-07-11 10:04:19,2026-07-12 11:04:19,90,3,34.79,5.77,29.02,Ready,21,False,
RX-0000960,RXN-100960,PH-005,EMP-0094,EMP-0097,CUS-00125,PRD-00678,2026-05-29 19:43:03,2026-05-29 20:20:03,2026-05-31 18:20:03,57,3,24.23,1.36,22.87,Picked Up,37,False,
RX-0000961,RXN-100961,PH-002,EMP-0027,EMP-0030,CUS-00801,PRD-00576,2026-06-13 13:49:04,2026-06-13 14:24:04,2026-06-15 02:24:04,42,1,40.38,4.85,35.53,Picked Up,35,False,
RX-0000962,RXN-100962,PH-001,EMP-0005,EMP-0008,CUS-04550,PRD-00116,2026-06-27 08:28:21,2026-06-27 08:57:21,2026-06-28 03:57:21,17,2,98.79,25.52,73.27,Ready,29,False,
RX-0000963,RXN-100963,PH-001,EMP-0005,EMP-0011,CUS-01878,PRD-00423,2026-05-02 15:28:39,2026-05-02 15:33:39,2026-05-04 08:33:39,11,3,84.51,30.86,53.65,Ready,5,False,
RX-0000964,RXN-100964,PH-005,EMP-0093,EMP-0098,CUS-00768,PRD-00659,2026-07-18 11:10:56,2026-07-18 11:21:56,2026-07-19 03:21:56,34,2,66.63,10.02,56.61,Picked Up,11,False,
RX-0000965,RXN-100965,PH-001,EMP-0004,EMP-0009,CUS-02008,PRD-00220,2026-07-28 11:18:27,2026-07-28 11:37:27,2026-07-30 01:37:27,35,1,76.45,17.96,58.49,Picked Up,19,False,
RX-0000966,RXN-100966,PH-003,EMP-0048,EMP-0054,CUS-02394,PRD-00101,2026-07-18 17:07:18,2026-07-18 17:35:18,2026-07-19 03:35:18,23,2,23.73,7.59,16.14,Picked Up,28,False,
RX-0000967,RXN-100967,PH-001,EMP-0004,EMP-0009,CUS-04182,PRD-00472,2026-06-17 13:37:48,2026-06-17 14:09:48,2026-06-18 22:09:48,88,0,53.9,13.69,40.21,Picked Up,32,False,
RX-0000968,RXN-100968,PH-003,EMP-0048,EMP-0054,CUS-01675,PRD-00685,2026-06-26 20:47:52,2026-06-26 21:26:52,2026-06-27 22:26:52,56,2,19.09,3.92,15.17,Picked Up,39,False,
RX-0000969,RXN-100969,PH-005,EMP-0093,EMP-0097,CUS-01677,PRD-00067,2026-06-09 21:20:24,2026-06-09 21:49:24,2026-06-11 16:49:24,75,3,40.75,3.4,37.35,Picked Up,29,False,
RX-0000970,RXN-100970,PH-001,EMP-0005,EMP-0010,CUS-02292,PRD-00482,2026-06-14 11:02:10,2026-06-14 11:30:10,2026-06-15 19:30:10,50,3,62.78,9.77,53.01,Picked Up,28,False,
RX-0000971,RXN-100971,PH-003,EMP-0049,EMP-0051,CUS-04786,PRD-00482,2026-06-02 21:04:39,2026-06-02 21:31:39,2026-06-04 10:31:39,42,1,137.47,53.88,83.59,Not Collected,27,False,
RX-0000972,RXN-100972,PH-005,EMP-0092,EMP-0096,CUS-03718,PRD-00659,2026-06-17 21:43:22,2026-06-17 22:37:22,2026-06-18 01:37:22,55,1,66.28,19.58,46.7,Picked Up,54,False,
RX-0000973,RXN-100973,PH-001,EMP-0005,EMP-0007,CUS-02893,PRD-00086,2026-05-14 15:33:43,2026-05-14 16:14:43,2026-05-15 12:14:43,33,0,118.72,9.19,109.53,Picked Up,41,False,
RX-0000974,RXN-100974,PH-004,EMP-0071,EMP-0073,CUS-04341,PRD-00621,2026-06-25 17:53:49,2026-06-25 18:11:49,2026-06-27 07:11:49,64,1,87.82,29.45,58.37,Picked Up,18,False,
RX-0000975,RXN-100975,PH-001,EMP-0005,EMP-0009,CUS-00824,PRD-00567,2026-07-16 13:05:27,2026-07-16 13:10:27,2026-07-16 23:10:27,13,2,37.03,8.29,28.74,Picked Up,5,False,
RX-0000976,RXN-100976,PH-004,EMP-0070,EMP-0076,CUS-00158,PRD-00030,2026-07-08 21:13:12,2026-07-08 21:19:12,2026-07-10 00:19:12,55,3,41.43,16.35,25.08,Reversed,6,True,
RX-0000977,RXN-100977,PH-002,EMP-0027,EMP-0032,CUS-00845,PRD-00689,2026-06-20 16:11:39,2026-06-20 16:30:39,2026-06-22 01:30:39,63,1,81.93,4.49,77.44,Picked Up,19,False,
RX-0000978,RXN-100978,PH-002,EMP-0026,EMP-0031,CUS-00598,PRD-00347,2026-07-04 12:17:42,2026-07-04 12:40:42,2026-07-06 11:40:42,53,1,123.29,20.1,103.19,Ready,23,False,
RX-0000979,RXN-100979,PH-003,EMP-0050,EMP-0053,CUS-00697,PRD-00467,2026-05-24 10:05:24,2026-05-24 10:41:24,2026-05-25 21:41:24,16,3,70.28,24.48,45.8,Ready,36,False,
RX-0000980,RXN-100980,PH-001,EMP-0004,EMP-0011,CUS-04182,PRD-00685,2026-06-08 14:10:46,2026-06-08 14:44:46,2026-06-08 22:44:46,52,3,10.69,3.74,6.95,Picked Up,34,False,
RX-0000981,RXN-100981,PH-002,EMP-0028,EMP-0033,CUS-03866,PRD-00316,2026-07-11 19:08:15,2026-07-11 19:22:15,2026-07-12 08:22:15,66,0,53.82,3.64,50.18,Reversed,14,True,
RX-0000982,RXN-100982,PH-004,EMP-0072,EMP-0073,CUS-04993,PRD-00356,2026-06-27 18:49:04,2026-06-27 19:26:04,2026-06-28 09:26:04,56,0,66.84,16.72,50.12,Picked Up,37,False,
RX-0000983,RXN-100983,PH-001,EMP-0005,EMP-0010,CUS-02461,PRD-00551,2026-06-07 14:53:24,2026-06-07 15:55:24,2026-06-08 09:55:24,29,0,57.07,21.96,35.11,Ready,62,False,
RX-0000984,RXN-100984,PH-004,EMP-0070,EMP-0075,CUS-02810,PRD-00682,2026-06-01 11:36:49,2026-06-01 11:47:49,2026-06-01 14:47:49,67,2,92.83,19.35,73.48,Picked Up,11,False,
RX-0000985,RXN-100985,PH-002,EMP-0026,EMP-0029,CUS-04125,PRD-00271,2026-05-16 09:03:57,2026-05-16 09:54:57,2026-05-17 09:54:57,21,1,71.92,18.67,53.25,Picked Up,51,False,
RX-0000986,RXN-100986,PH-005,EMP-0094,EMP-0096,CUS-03379,PRD-00659,2026-07-24 16:34:25,2026-07-24 17:15:25,2026-07-25 03:15:25,64,0,50.28,18.23,32.05,Cancelled,41,False,
RX-0000987,RXN-100987,PH-003,EMP-0048,EMP-0055,CUS-03688,PRD-00130,2026-05-27 14:50:28,2026-05-27 15:10:28,2026-05-29 09:10:28,80,2,54.82,15.08,39.74,Not Collected,20,False,
RX-0000988,RXN-100988,PH-004,EMP-0071,EMP-0074,CUS-00795,PRD-00013,2026-07-16 13:39:17,2026-07-16 14:00:17,2026-07-18 13:00:17,83,2,34.47,5.38,29.09,Not Collected,21,False,
RX-0000989,RXN-100989,PH-005,EMP-0094,EMP-0098,CUS-00947,PRD-00391,2026-06-22 17:12:45,2026-06-22 17:36:45,2026-06-24 12:36:45,19,3,54.9,5.03,49.87,Cancelled,24,False,
RX-0000990,RXN-100990,PH-003,EMP-0048,EMP-0054,CUS-03133,PRD-00551,2026-06-09 14:38:57,2026-06-09 14:59:57,2026-06-11 13:59:57,14,2,45.36,8.42,36.94,Picked Up,21,False,
RX-0000991,RXN-100991,PH-005,EMP-0092,EMP-0095,CUS-00475,PRD-00125,2026-06-30 15:16:40,2026-06-30 15:33:40,2026-07-01 14:33:40,38,1,17.23,6.5,10.73,Cancelled,17,False,
RX-0000992,RXN-100992,PH-001,EMP-0005,EMP-0011,CUS-01375,PRD-00292,2026-07-15 15:46:39,2026-07-15 15:51:39,2026-07-17 01:51:39,41,0,52.55,17.47,35.08,Picked Up,5,False,
RX-0000993,RXN-100993,PH-004,EMP-0072,EMP-0074,CUS-04343,PRD-00720,2026-06-06 10:54:24,2026-06-06 11:07:24,2026-06-06 22:07:24,46,2,9.49,1.46,8.03,Picked Up,13,False,
RX-0000994,RXN-100994,PH-005,EMP-0094,EMP-0098,CUS-01099,PRD-00395,2026-07-06 09:24:05,2026-07-06 09:38:05,2026-07-07 09:38:05,88,2,33.24,7.14,26.1,Picked Up,14,False,
RX-0000995,RXN-100995,PH-001,EMP-0005,EMP-0007,CUS-00964,PRD-00574,2026-05-22 18:13:06,2026-05-22 18:31:06,2026-05-24 01:31:06,72,3,40.45,10.13,30.32,Picked Up,18,False,
RX-0000996,RXN-100996,PH-002,EMP-0026,EMP-0031,CUS-01211,PRD-00507,2026-05-19 11:42:37,2026-05-19 12:24:37,2026-05-20 00:24:37,10,1,16.98,5.5,11.48,Picked Up,42,False,
RX-0000997,RXN-100997,PH-002,EMP-0027,EMP-0029,CUS-02649,PRD-00347,2026-07-02 19:33:10,2026-07-02 20:24:10,2026-07-04 12:24:10,90,2,107.98,37.21,70.77,Reversed,51,True,
RX-0000998,RXN-100998,PH-004,EMP-0072,EMP-0075,CUS-02071,PRD-00140,2026-06-30 21:46:35,2026-06-30 22:15:35,2026-07-02 05:15:35,27,2,89.35,8.6,80.75,Picked Up,29,False,
RX-0000999,RXN-100999,PH-005,EMP-0094,EMP-0097,CUS-02391,PRD-00486,2026-05-13 19:13:31,2026-05-13 19:37:31,2026-05-15 06:37:31,80,2,49.96,5.68,44.28,Cancelled,24,False,
RX-0001000,RXN-101000,PH-002,EMP-0026,EMP-0033,CUS-00611,PRD-00292,2026-07-14 13:37:16,2026-07-14 14:03:16,2026-07-15 04:03:16,27,1,85.66,6.17,79.49,Picked Up,26,False,
RX-0001001,RXN-101001,PH-003,EMP-0050,EMP-0051,CUS-03428,PRD-00057,2026-06-18 12:23:32,2026-06-18 12:55:32,2026-06-19 09:55:32,65,1,58.84,7.57,51.27,Picked Up,32,False,
RX-0001002,RXN-101002,PH-005,EMP-0093,EMP-0099,CUS-03469,PRD-00050,2026-06-10 09:47:56,2026-06-10 10:14:56,2026-06-10 21:14:56,20,3,103.63,9.24,94.39,Picked Up,27,False,
RX-0001003,RXN-101003,PH-005,EMP-0092,EMP-0097,CUS-01684,PRD-00781,2026-07-02 15:48:48,2026-07-02 16:14:48,2026-07-04 16:14:48,69,3,65.06,21.48,43.58,Picked Up,26,False,
RX-0001004,RXN-101004,PH-004,EMP-0070,EMP-0075,CUS-03732,PRD-00467,2026-06-03 19:11:23,2026-06-03 19:28:23,2026-06-04 13:28:23,37,2,61.23,3.74,57.49,Not Collected,17,False,
RX-0001005,RXN-101005,PH-002,EMP-0026,EMP-0030,CUS-03858,PRD-00654,2026-06-01 14:46:20,2026-06-01 15:14:20,2026-06-02 19:14:20,28,1,35.26,3.84,31.42,Picked Up,28,False,
RX-0001006,RXN-101006,PH-003,EMP-0048,EMP-0055,CUS-04560,PRD-00659,2026-05-09 17:50:43,2026-05-09 18:06:43,2026-05-11 08:06:43,90,1,70.99,22.49,48.5,Picked Up,16,False,
RX-0001007,RXN-101007,PH-001,EMP-0005,EMP-0011,CUS-03144,PRD-00423,2026-05-17 14:40:38,2026-05-17 14:55:38,2026-05-19 13:55:38,22,0,87.59,9.14,78.45,Picked Up,15,False,
RX-0001008,RXN-101008,PH-002,EMP-0027,EMP-0029,CUS-00376,PRD-00331,2026-05-05 20:11:52,2026-05-05 20:30:52,2026-05-06 01:30:52,65,1,50.7,8.03,42.67,Picked Up,19,False,
RX-0001009,RXN-101009,PH-004,EMP-0072,EMP-0073,CUS-00135,PRD-00197,2026-07-03 20:32:34,2026-07-03 21:09:34,2026-07-04 21:09:34,61,2,35.91,13.62,22.29,Picked Up,37,False,
RX-0001010,RXN-101010,PH-004,EMP-0071,EMP-0075,CUS-02032,PRD-00689,2026-06-01 14:20:09,2026-06-01 14:47:09,2026-06-01 22:47:09,47,0,48.07,5.92,42.15,Picked Up,27,False,
RX-0001011,RXN-101011,PH-005,EMP-0094,EMP-0097,CUS-03785,PRD-00331,2026-05-31 12:07:36,2026-05-31 12:31:36,2026-06-01 09:31:36,51,2,57.74,7.28,50.46,Picked Up,24,False,
RX-0001012,RXN-101012,PH-002,EMP-0028,EMP-0031,CUS-01006,PRD-00786,2026-05-16 09:53:03,2026-05-16 10:22:03,2026-05-16 20:22:03,19,1,56.21,22.29,33.92,Picked Up,29,False,
RX-0001013,RXN-101013,PH-004,EMP-0071,EMP-0077,CUS-00385,PRD-00654,2026-05-12 16:29:48,2026-05-12 16:43:48,2026-05-13 12:43:48,77,2,57.8,21.49,36.31,Picked Up,14,False,
RX-0001014,RXN-101014,PH-003,EMP-0048,EMP-0051,CUS-03083,PRD-00322,2026-06-28 15:18:12,2026-06-28 16:01:12,2026-06-30 16:01:12,23,2,36.36,4.85,31.51,Picked Up,43,False,
RX-0001015,RXN-101015,PH-005,EMP-0094,EMP-0099,CUS-01623,PRD-00389,2026-07-27 15:20:13,2026-07-27 16:04:13,2026-07-28 08:04:13,62,2,123.81,42.0,81.81,Picked Up,44,False,
RX-0001016,RXN-101016,PH-005,EMP-0094,EMP-0097,CUS-02347,PRD-00567,2026-05-03 14:25:30,2026-05-03 14:45:30,2026-05-05 12:45:30,42,0,49.44,8.63,40.81,Picked Up,20,False,
RX-0001017,RXN-101017,PH-003,EMP-0049,EMP-0052,CUS-00621,PRD-00347,2026-05-13 08:25:30,2026-05-13 08:51:30,2026-05-15 01:51:30,39,1,78.78,10.49,68.29,Picked Up,26,False,
RX-0001018,RXN-101018,PH-004,EMP-0070,EMP-0075,CUS-01745,PRD-00520,2026-07-21 08:46:53,2026-07-21 09:34:53,2026-07-22 01:34:53,50,1,75.35,5.17,70.18,Picked Up,48,False,
RX-0001019,RXN-101019,PH-005,EMP-0094,EMP-0098,CUS-00943,PRD-00473,2026-06-08 08:36:34,2026-06-08 08:55:34,2026-06-09 15:55:34,79,2,19.99,2.77,17.22,Picked Up,19,False,
RX-0001020,RXN-101020,PH-003,EMP-0050,EMP-0055,CUS-03877,PRD-00678,2026-06-29 17:02:37,2026-06-29 17:31:37,2026-06-30 07:31:37,10,3,40.65,8.08,32.57,Reversed,29,True,
RX-0001021,RXN-101021,PH-004,EMP-0072,EMP-0074,CUS-00809,PRD-00316,2026-05-24 20:01:00,2026-05-24 20:12:00,2026-05-25 19:12:00,23,3,88.12,13.4,74.72,Picked Up,11,False,
RX-0001022,RXN-101022,PH-004,EMP-0071,EMP-0075,CUS-01355,PRD-00476,2026-05-07 21:37:13,2026-05-07 22:13:13,2026-05-09 02:13:13,45,0,116.9,13.86,103.04,Cancelled,36,False,
RX-0001023,RXN-101023,PH-005,EMP-0094,EMP-0098,CUS-02187,PRD-00125,2026-05-15 09:05:16,2026-05-15 09:26:16,2026-05-16 18:26:16,70,2,18.23,1.69,16.54,Cancelled,21,False,
RX-0001024,RXN-101024,PH-003,EMP-0048,EMP-0054,CUS-00269,PRD-00101,2026-05-24 19:14:17,2026-05-24 19:47:17,2026-05-26 17:47:17,37,1,33.76,7.82,25.94,Picked Up,33,False,
RX-0001025,RXN-101025,PH-002,EMP-0026,EMP-0029,CUS-04027,PRD-00591,2026-06-21 08:16:32,2026-06-21 08:36:32,2026-06-21 22:36:32,72,2,81.33,16.9,64.43,Picked Up,20,False,
RX-0001026,RXN-101026,PH-005,EMP-0092,EMP-0098,CUS-00433,PRD-00324,2026-07-09 20:55:39,2026-07-09 21:42:39,2026-07-10 16:42:39,86,3,16.34,1.13,15.21,Picked Up,47,False,
RX-0001027,RXN-101027,PH-003,EMP-0049,EMP-0055,CUS-01245,PRD-00473,2026-06-28 11:16:55,2026-06-28 11:50:55,2026-06-30 09:50:55,29,1,16.63,2.93,13.7,Picked Up,34,False,
RX-0001028,RXN-101028,PH-005,EMP-0092,EMP-0099,CUS-03314,PRD-00013,2026-07-04 08:12:05,2026-07-04 08:25:05,2026-07-05 10:25:05,74,3,39.97,9.27,30.7,Reversed,13,True,
RX-0001029,RXN-101029,PH-003,EMP-0048,EMP-0053,CUS-03709,PRD-00659,2026-07-09 08:20:19,2026-07-09 08:39:19,2026-07-09 22:39:19,16,3,74.21,28.36,45.85,Picked Up,19,False,
RX-0001030,RXN-101030,PH-001,EMP-0004,EMP-0007,CUS-03106,PRD-00353,2026-07-27 12:25:02,2026-07-27 12:48:02,2026-07-29 02:48:02,14,0,67.33,23.9,43.43,Picked Up,23,False,
RX-0001031,RXN-101031,PH-003,EMP-0049,EMP-0052,CUS-01171,PRD-00467,2026-05-07 14:18:52,2026-05-07 14:39:52,2026-05-07 17:39:52,65,3,81.41,28.26,53.15,Not Collected,21,False,
RX-0001032,RXN-101032,PH-004,EMP-0072,EMP-0074,CUS-02542,PRD-00478,2026-05-20 11:57:56,2026-05-20 12:14:56,2026-05-21 04:14:56,61,0,57.68,8.56,49.12,Picked Up,17,False,
RX-0001033,RXN-101033,PH-005,EMP-0092,EMP-0098,CUS-01661,PRD-00055,2026-07-02 19:54:20,2026-07-02 20:19:20,2026-07-04 11:19:20,25,1,69.55,16.98,52.57,Picked Up,25,False,
RX-0001034,RXN-101034,PH-003,EMP-0049,EMP-0055,CUS-02810,PRD-00718,2026-07-23 17:43:31,2026-07-23 18:14:31,2026-07-23 19:14:31,33,2,34.14,5.84,28.3,Picked Up,31,False,
RX-0001035,RXN-101035,PH-001,EMP-0004,EMP-0008,CUS-04159,PRD-00197,2026-05-31 16:35:44,2026-05-31 17:02:44,2026-06-02 12:02:44,40,3,26.01,8.35,17.66,Picked Up,27,False,
RX-0001036,RXN-101036,PH-003,EMP-0049,EMP-0053,CUS-00455,PRD-00140,2026-06-21 21:24:26,2026-06-21 21:32:26,2026-06-23 20:32:26,78,1,87.7,27.83,59.87,Picked Up,8,False,
RX-0001037,RXN-101037,PH-005,EMP-0092,EMP-0096,CUS-02528,PRD-00011,2026-06-24 13:17:22,2026-06-24 13:50:22,2026-06-25 18:50:22,71,0,73.7,4.88,68.82,Not Collected,33,False,
RX-0001038,RXN-101038,PH-004,EMP-0071,EMP-0075,CUS-02562,PRD-00280,2026-05-04 20:20:36,2026-05-04 20:40:36,2026-05-05 07:40:36,88,2,14.68,3.41,11.27,Picked Up,20,False,
RX-0001039,RXN-101039,PH-001,EMP-0004,EMP-0007,CUS-04095,PRD-00720,2026-05-22 14:33:30,2026-05-22 15:08:30,2026-05-23 22:08:30,84,2,12.52,1.04,11.48,Ready,35,False,
RX-0001040,RXN-101040,PH-004,EMP-0071,EMP-0076,CUS-01241,PRD-00197,2026-07-19 11:49:41,2026-07-19 12:16:41,2026-07-20 15:16:41,78,1,44.12,8.93,35.19,Cancelled,27,False,
RX-0001041,RXN-101041,PH-002,EMP-0028,EMP-0033,CUS-02733,PRD-00486,2026-05-02 09:37:12,2026-05-02 10:31:12,2026-05-02 12:31:12,45,3,60.92,9.12,51.8,Picked Up,54,False,
RX-0001042,RXN-101042,PH-004,EMP-0072,EMP-0074,CUS-04075,PRD-00338,2026-06-11 16:17:39,2026-06-11 16:51:39,2026-06-12 11:51:39,70,1,35.06,10.35,24.71,Picked Up,34,False,
RX-0001043,RXN-101043,PH-003,EMP-0048,EMP-0055,CUS-04499,PRD-00389,2026-07-17 14:46:04,2026-07-17 15:00:04,2026-07-19 06:00:04,27,3,85.4,27.37,58.03,Ready,14,False,
RX-0001044,RXN-101044,PH-005,EMP-0092,EMP-0099,CUS-01241,PRD-00050,2026-06-10 08:39:59,2026-06-10 08:58:59,2026-06-12 02:58:59,55,0,124.87,45.84,79.03,Picked Up,19,False,
RX-0001045,RXN-101045,PH-005,EMP-0093,EMP-0098,CUS-01959,PRD-00659,2026-07-10 17:45:06,2026-07-10 17:58:06,2026-07-11 14:58:06,43,1,64.39,13.25,51.14,Picked Up,13,False,
RX-0001046,RXN-101046,PH-004,EMP-0072,EMP-0077,CUS-00135,PRD-00621,2026-05-20 21:52:42,2026-05-20 22:22:42,2026-05-22 07:22:42,90,2,70.24,26.59,43.65,Cancelled,30,False,
RX-0001047,RXN-101047,PH-002,EMP-0027,EMP-0029,CUS-02054,PRD-00324,2026-06-22 16:56:29,2026-06-22 17:29:29,2026-06-24 15:29:29,49,3,16.7,2.67,14.03,Picked Up,33,False,
RX-0001048,RXN-101048,PH-002,EMP-0026,EMP-0031,CUS-01001,PRD-00271,2026-06-20 11:15:46,2026-06-20 11:46:46,2026-06-22 03:46:46,18,0,67.52,10.03,57.49,Ready,31,False,
RX-0001049,RXN-101049,PH-004,EMP-0071,EMP-0075,CUS-01445,PRD-00086,2026-06-02 10:01:32,2026-06-02 10:16:32,2026-06-03 02:16:32,35,0,53.4,12.15,41.25,Picked Up,15,False,
RX-0001050,RXN-101050,PH-005,EMP-0092,EMP-0096,CUS-01729,PRD-00030,2026-05-28 18:43:50,2026-05-28 19:14:50,2026-05-30 11:14:50,34,2,28.04,4.67,23.37,Picked Up,31,False,
RX-0001051,RXN-101051,PH-005,EMP-0093,EMP-0097,CUS-00306,PRD-00659,2026-05-25 10:43:33,2026-05-25 11:26:33,2026-05-26 17:26:33,77,0,39.17,8.48,30.69,Picked Up,43,False,
RX-0001052,RXN-101052,PH-003,EMP-0048,EMP-0054,CUS-04615,PRD-00595,2026-05-25 18:13:02,2026-05-25 18:50:02,2026-05-27 07:50:02,72,0,43.32,6.01,37.31,Picked Up,37,False,
RX-0001053,RXN-101053,PH-001,EMP-0004,EMP-0011,CUS-04499,PRD-00338,2026-07-17 17:32:51,2026-07-17 18:01:51,2026-07-19 00:01:51,71,3,21.81,5.31,16.5,Picked Up,29,False,
RX-0001054,RXN-101054,PH-005,EMP-0092,EMP-0099,CUS-04242,PRD-00057,2026-05-13 09:38:14,2026-05-13 09:55:14,2026-05-14 08:55:14,25,2,42.06,7.88,34.18,Picked Up,17,False,
RX-0001055,RXN-101055,PH-002,EMP-0026,EMP-0029,CUS-00610,PRD-00220,2026-07-30 21:21:46,2026-07-30 21:40:46,2026-07-31 07:40:46,22,3,73.21,28.31,44.9,Picked Up,19,False,
RX-0001056,RXN-101056,PH-005,EMP-0094,EMP-0096,CUS-03647,PRD-00659,2026-07-03 12:45:11,2026-07-03 13:34:11,2026-07-04 10:34:11,15,0,62.89,24.14,38.75,Picked Up,49,False,
RX-0001057,RXN-101057,PH-002,EMP-0027,EMP-0032,CUS-02512,PRD-00101,2026-05-14 15:25:01,2026-05-14 16:06:01,2026-05-15 06:06:01,85,2,33.35,2.75,30.6,Picked Up,41,False,
RX-0001058,RXN-101058,PH-005,EMP-0093,EMP-0099,CUS-00265,PRD-00472,2026-06-02 08:32:32,2026-06-02 09:03:32,2026-06-03 16:03:32,62,3,59.5,3.71,55.79,Picked Up,31,False,
RX-0001059,RXN-101059,PH-005,EMP-0093,EMP-0097,CUS-03992,PRD-00324,2026-07-30 09:09:13,2026-07-30 09:36:13,2026-07-31 14:36:13,54,1,20.16,7.59,12.57,Ready,27,False,
RX-0001060,RXN-101060,PH-005,EMP-0092,EMP-0095,CUS-01187,PRD-00654,2026-05-18 18:40:21,2026-05-18 19:13:21,2026-05-19 23:13:21,67,3,44.22,2.63,41.59,Picked Up,33,False,
RX-0001061,RXN-101061,PH-002,EMP-0028,EMP-0033,CUS-04680,PRD-00720,2026-06-07 08:52:29,2026-06-07 09:07:29,2026-06-08 12:07:29,83,2,16.56,1.38,15.18,Reversed,15,True,
RX-0001062,RXN-101062,PH-002,EMP-0026,EMP-0029,CUS-01180,PRD-00292,2026-05-13 13:29:25,2026-05-13 13:38:25,2026-05-13 22:38:25,79,1,78.62,29.49,49.13,Picked Up,9,False,
RX-0001063,RXN-101063,PH-005,EMP-0093,EMP-0098,CUS-03591,PRD-00391,2026-06-01 14:31:37,2026-06-01 14:58:37,2026-06-02 23:58:37,41,1,56.24,7.44,48.8,Picked Up,27,False,
RX-0001064,RXN-101064,PH-003,EMP-0048,EMP-0053,CUS-02146,PRD-00356,2026-07-29 15:58:04,2026-07-29 16:43:04,2026-07-30 10:43:04,48,1,64.1,22.21,41.89,Picked Up,45,False,
RX-0001065,RXN-101065,PH-001,EMP-0004,EMP-0008,CUS-00633,PRD-00435,2026-05-31 14:35:40,2026-05-31 14:52:40,2026-05-31 15:52:40,44,2,52.64,10.68,41.96,Picked Up,17,False,
RX-0001066,RXN-101066,PH-004,EMP-0071,EMP-0076,CUS-00721,PRD-00197,2026-06-15 11:08:56,2026-06-15 11:37:56,2026-06-16 19:37:56,17,2,52.15,19.02,33.13,Picked Up,29,False,
RX-0001067,RXN-101067,PH-002,EMP-0026,EMP-0031,CUS-03070,PRD-00096,2026-06-06 18:49:39,2026-06-06 19:05:39,2026-06-07 06:05:39,15,2,21.89,4.64,17.25,Picked Up,16,False,
RX-0001068,RXN-101068,PH-002,EMP-0026,EMP-0032,CUS-03285,PRD-00055,2026-07-06 12:57:10,2026-07-06 13:30:10,2026-07-07 12:30:10,70,0,52.94,12.73,40.21,Not Collected,33,False,
RX-0001069,RXN-101069,PH-004,EMP-0071,EMP-0073,CUS-03570,PRD-00125,2026-07-10 18:58:13,2026-07-10 19:18:13,2026-07-12 02:18:13,81,3,31.48,12.12,19.36,Picked Up,20,False,
RX-0001070,RXN-101070,PH-003,EMP-0048,EMP-0055,CUS-02927,PRD-00322,2026-05-07 12:34:31,2026-05-07 12:53:31,2026-05-08 12:53:31,43,1,46.93,5.54,41.39,Picked Up,19,False,
RX-0001071,RXN-101071,PH-003,EMP-0050,EMP-0052,CUS-03558,PRD-00527,2026-07-04 12:13:56,2026-07-04 13:01:56,2026-07-05 03:01:56,11,3,61.09,21.27,39.82,Picked Up,48,False,
RX-0001072,RXN-101072,PH-002,EMP-0028,EMP-0033,CUS-04200,PRD-00050,2026-06-27 19:54:56,2026-06-27 20:20:56,2026-06-28 17:20:56,43,2,131.8,22.73,109.07,Picked Up,26,False,
RX-0001073,RXN-101073,PH-003,EMP-0049,EMP-0053,CUS-00269,PRD-00013,2026-07-18 17:41:33,2026-07-18 18:20:33,2026-07-20 04:20:33,76,1,27.47,4.67,22.8,Picked Up,39,False,
RX-0001074,RXN-101074,PH-003,EMP-0050,EMP-0054,CUS-04892,PRD-00476,2026-07-08 14:14:49,2026-07-08 14:58:49,2026-07-10 09:58:49,24,2,74.78,9.02,65.76,Not Collected,44,False,
RX-0001075,RXN-101075,PH-001,EMP-0004,EMP-0011,CUS-02157,PRD-00347,2026-05-27 21:36:41,2026-05-27 21:54:41,2026-05-29 20:54:41,41,3,77.13,5.02,72.11,Picked Up,18,False,
RX-0001076,RXN-101076,PH-005,EMP-0092,EMP-0099,CUS-00093,PRD-00347,2026-06-04 10:10:03,2026-06-04 10:33:03,2026-06-05 07:33:03,69,1,81.07,17.36,63.71,Picked Up,23,False,
RX-0001077,RXN-101077,PH-001,EMP-0004,EMP-0010,CUS-02692,PRD-00257,2026-06-30 10:24:49,2026-06-30 10:59:49,2026-06-30 12:59:49,66,2,51.73,16.88,34.85,Picked Up,35,False,
RX-0001078,RXN-101078,PH-001,EMP-0004,EMP-0007,CUS-00259,PRD-00324,2026-05-17 14:11:44,2026-05-17 14:36:44,2026-05-19 01:36:44,54,2,29.72,8.83,20.89,Picked Up,25,False,
RX-0001079,RXN-101079,PH-001,EMP-0005,EMP-0011,CUS-01031,PRD-00455,2026-05-12 13:26:13,2026-05-12 13:58:13,2026-05-13 01:58:13,46,0,64.45,12.01,52.44,Picked Up,32,False,
RX-0001080,RXN-101080,PH-001,EMP-0005,EMP-0011,CUS-02495,PRD-00595,2026-06-22 19:56:35,2026-06-22 20:11:35,2026-06-23 06:11:35,29,3,43.21,11.34,31.87,Cancelled,15,False,
RX-0001081,RXN-101081,PH-001,EMP-0004,EMP-0008,CUS-03515,PRD-00280,2026-07-23 16:58:55,2026-07-23 17:03:55,2026-07-24 11:03:55,61,0,19.55,7.5,12.05,Not Collected,5,False,
RX-0001082,RXN-101082,PH-004,EMP-0072,EMP-0076,CUS-04412,PRD-00395,2026-06-15 08:51:07,2026-06-15 09:11:07,2026-06-16 02:11:07,54,3,33.98,5.47,28.51,Picked Up,20,False,
RX-0001083,RXN-101083,PH-001,EMP-0005,EMP-0008,CUS-04746,PRD-00081,2026-06-28 17:31:29,2026-06-28 17:58:29,2026-06-30 08:58:29,72,2,119.62,27.5,92.12,Ready,27,False,
RX-0001084,RXN-101084,PH-003,EMP-0049,EMP-0054,CUS-03359,PRD-00101,2026-07-24 14:21:54,2026-07-24 14:58:54,2026-07-25 13:58:54,39,0,46.37,9.53,36.84,Picked Up,37,False,
RX-0001085,RXN-101085,PH-001,EMP-0004,EMP-0009,CUS-01751,PRD-00185,2026-05-21 14:09:51,2026-05-21 14:37:51,2026-05-22 14:37:51,33,2,14.85,3.71,11.14,Picked Up,28,False,
RX-0001086,RXN-101086,PH-005,EMP-0092,EMP-0098,CUS-04806,PRD-00435,2026-07-13 18:51:12,2026-07-13 19:04:12,2026-07-14 22:04:12,12,3,35.78,11.13,24.65,Picked Up,13,False,
RX-0001087,RXN-101087,PH-005,EMP-0092,EMP-0095,CUS-03943,PRD-00720,2026-06-13 13:24:12,2026-06-13 13:53:12,2026-06-14 06:53:12,21,0,9.92,2.6,7.32,Picked Up,29,False,
RX-0001088,RXN-101088,PH-002,EMP-0028,EMP-0030,CUS-03737,PRD-00689,2026-05-11 14:46:08,2026-05-11 15:10:08,2026-05-12 17:10:08,60,3,66.06,24.84,41.22,Picked Up,24,False,
RX-0001089,RXN-101089,PH-005,EMP-0094,EMP-0096,CUS-04861,PRD-00621,2026-06-28 16:02:56,2026-06-28 16:16:56,2026-06-29 20:16:56,26,2,86.34,22.2,64.14,Ready,14,False,
RX-0001090,RXN-101090,PH-004,EMP-0072,EMP-0073,CUS-04046,PRD-00280,2026-06-11 12:09:50,2026-06-11 12:33:50,2026-06-12 00:33:50,44,0,24.02,3.77,20.25,Reversed,24,True,
RX-0001091,RXN-101091,PH-004,EMP-0072,EMP-0076,CUS-01190,PRD-00316,2026-05-29 12:32:34,2026-05-29 12:57:34,2026-05-29 22:57:34,34,1,83.2,17.66,65.54,Picked Up,25,False,
RX-0001092,RXN-101092,PH-001,EMP-0005,EMP-0007,CUS-03004,PRD-00011,2026-07-16 17:39:30,2026-07-16 18:05:30,2026-07-18 16:05:30,89,0,46.03,18.01,28.02,Picked Up,26,False,
RX-0001093,RXN-101093,PH-001,EMP-0005,EMP-0010,CUS-01483,PRD-00347,2026-06-12 19:29:41,2026-06-12 19:53:41,2026-06-14 11:53:41,55,3,65.37,16.02,49.35,Ready,24,False,
RX-0001094,RXN-101094,PH-003,EMP-0048,EMP-0054,CUS-03819,PRD-00576,2026-07-13 10:11:57,2026-07-13 11:01:57,2026-07-15 01:01:57,87,3,28.33,9.96,18.37,Ready,50,False,
RX-0001095,RXN-101095,PH-004,EMP-0071,EMP-0076,CUS-04959,PRD-00682,2026-07-12 16:07:55,2026-07-12 16:19:55,2026-07-12 19:19:55,49,0,67.75,25.24,42.51,Picked Up,12,False,
RX-0001096,RXN-101096,PH-003,EMP-0049,EMP-0051,CUS-01847,PRD-00324,2026-07-26 21:36:26,2026-07-26 21:48:26,2026-07-28 17:48:26,50,1,25.21,2.34,22.87,Not Collected,12,False,
RX-0001097,RXN-101097,PH-005,EMP-0094,EMP-0099,CUS-01953,PRD-00621,2026-07-09 19:19:52,2026-07-09 20:02:52,2026-07-11 09:02:52,65,2,45.75,16.97,28.78,Picked Up,43,False,
RX-0001098,RXN-101098,PH-004,EMP-0071,EMP-0077,CUS-02845,PRD-00517,2026-07-07 15:59:31,2026-07-07 16:21:31,2026-07-09 15:21:31,88,0,34.67,3.27,31.4,Not Collected,22,False,
RX-0001099,RXN-101099,PH-001,EMP-0005,EMP-0009,CUS-04032,PRD-00682,2026-06-29 12:22:18,2026-06-29 12:52:18,2026-06-29 18:52:18,45,0,72.38,17.74,54.64,Picked Up,30,False,
RX-0001100,RXN-101100,PH-004,EMP-0071,EMP-0074,CUS-03445,PRD-00185,2026-07-31 19:40:49,2026-07-31 20:16:49,2026-08-02 12:16:49,87,2,8.59,2.5,6.09,Ready,36,False,
RX-0001101,RXN-101101,PH-004,EMP-0071,EMP-0074,CUS-01344,PRD-00140,2026-07-18 21:22:02,2026-07-18 21:54:02,2026-07-19 12:54:02,43,0,84.9,15.51,69.39,Not Collected,32,False,
RX-0001102,RXN-101102,PH-003,EMP-0050,EMP-0053,CUS-03107,PRD-00140,2026-05-24 16:23:56,2026-05-24 17:05:56,2026-05-26 05:05:56,78,1,54.34,3.45,50.89,Picked Up,42,False,
RX-0001103,RXN-101103,PH-003,EMP-0049,EMP-0051,CUS-01793,PRD-00685,2026-07-29 14:59:46,2026-07-29 15:39:46,2026-07-30 06:39:46,29,0,11.31,2.09,9.22,Cancelled,40,False,
RX-0001104,RXN-101104,PH-004,EMP-0070,EMP-0074,CUS-00974,PRD-00036,2026-06-02 12:07:53,2026-06-02 12:22:53,2026-06-04 02:22:53,25,0,9.46,3.49,5.97,Picked Up,15,False,
RX-0001105,RXN-101105,PH-005,EMP-0093,EMP-0096,CUS-01274,PRD-00478,2026-06-23 10:40:01,2026-06-23 11:18:01,2026-06-24 23:18:01,21,0,93.6,7.12,86.48,Picked Up,38,False,
RX-0001106,RXN-101106,PH-001,EMP-0004,EMP-0011,CUS-00181,PRD-00197,2026-05-19 17:06:00,2026-05-19 17:26:00,2026-05-21 15:26:00,30,1,59.44,11.85,47.59,Picked Up,20,False,
RX-0001107,RXN-101107,PH-004,EMP-0072,EMP-0076,CUS-03271,PRD-00257,2026-07-23 17:15:46,2026-07-23 17:34:46,2026-07-24 05:34:46,65,3,57.27,13.51,43.76,Picked Up,19,False,
RX-0001108,RXN-101108,PH-003,EMP-0048,EMP-0055,CUS-04385,PRD-00507,2026-05-30 11:59:19,2026-05-30 12:04:19,2026-05-31 22:04:19,30,0,15.65,0.79,14.86,Picked Up,5,False,
RX-0001109,RXN-101109,PH-003,EMP-0050,EMP-0051,CUS-02964,PRD-00271,2026-07-27 11:45:59,2026-07-27 12:00:59,2026-07-28 16:00:59,36,0,103.63,35.4,68.23,Picked Up,15,False,
RX-0001110,RXN-101110,PH-004,EMP-0072,EMP-0075,CUS-04382,PRD-00140,2026-06-06 18:54:59,2026-06-06 19:24:59,2026-06-08 05:24:59,26,2,90.96,27.43,63.53,Not Collected,30,False,
RX-0001111,RXN-101111,PH-005,EMP-0093,EMP-0096,CUS-01169,PRD-00096,2026-06-30 14:02:11,2026-06-30 14:30:11,2026-07-01 01:30:11,47,3,22.95,2.64,20.31,Picked Up,28,False,
RX-0001112,RXN-101112,PH-001,EMP-0005,EMP-0011,CUS-04445,PRD-00567,2026-06-03 13:46:45,2026-06-03 14:02:45,2026-06-05 07:02:45,10,2,27.49,5.57,21.92,Picked Up,16,False,
RX-0001113,RXN-101113,PH-002,EMP-0026,EMP-0030,CUS-00987,PRD-00197,2026-06-06 21:11:36,2026-06-06 21:24:36,2026-06-07 23:24:36,35,3,62.58,13.23,49.35,Picked Up,13,False,
RX-0001114,RXN-101114,PH-001,EMP-0004,EMP-0007,CUS-03693,PRD-00013,2026-05-15 10:04:56,2026-05-15 10:28:56,2026-05-16 03:28:56,75,0,44.01,13.25,30.76,Picked Up,24,False,
RX-0001115,RXN-101115,PH-001,EMP-0004,EMP-0010,CUS-04040,PRD-00081,2026-06-12 13:22:59,2026-06-12 13:39:59,2026-06-13 00:39:59,78,0,51.35,12.13,39.22,Picked Up,17,False,
RX-0001116,RXN-101116,PH-002,EMP-0027,EMP-0033,CUS-00314,PRD-00595,2026-06-11 14:05:40,2026-06-11 14:24:40,2026-06-13 04:24:40,55,2,67.44,17.98,49.46,Picked Up,19,False,
RX-0001117,RXN-101117,PH-004,EMP-0071,EMP-0073,CUS-04736,PRD-00391,2026-06-11 14:02:13,2026-06-11 14:28:13,2026-06-12 17:28:13,18,1,62.53,17.77,44.76,Not Collected,26,False,
RX-0001118,RXN-101118,PH-005,EMP-0093,EMP-0096,CUS-01381,PRD-00067,2026-06-24 11:41:03,2026-06-24 12:05:03,2026-06-25 23:05:03,68,2,41.59,2.58,39.01,Picked Up,24,False,
RX-0001119,RXN-101119,PH-003,EMP-0050,EMP-0053,CUS-03324,PRD-00086,2026-06-23 17:41:26,2026-06-23 17:49:26,2026-06-23 21:49:26,11,3,71.16,17.04,54.12,Picked Up,8,False,
RX-0001120,RXN-101120,PH-003,EMP-0048,EMP-0053,CUS-02390,PRD-00125,2026-06-05 19:32:55,2026-06-05 20:02:55,2026-06-06 19:02:55,45,2,27.91,9.62,18.29,Picked Up,30,False,
RX-0001121,RXN-101121,PH-003,EMP-0050,EMP-0055,CUS-02232,PRD-00678,2026-05-29 09:57:21,2026-05-29 10:29:21,2026-05-31 00:29:21,35,3,35.32,3.62,31.7,Picked Up,32,False,
RX-0001122,RXN-101122,PH-004,EMP-0071,EMP-0077,CUS-01596,PRD-00116,2026-05-10 20:40:32,2026-05-10 21:09:32,2026-05-11 07:09:32,67,0,64.52,7.28,57.24,Picked Up,29,False,
RX-0001123,RXN-101123,PH-002,EMP-0028,EMP-0031,CUS-02674,PRD-00305,2026-05-03 13:33:55,2026-05-03 13:38:55,2026-05-04 00:38:55,48,0,118.21,29.7,88.51,Not Collected,5,False,
RX-0001124,RXN-101124,PH-003,EMP-0049,EMP-0054,CUS-02817,PRD-00455,2026-05-01 14:52:30,2026-05-01 15:08:30,2026-05-02 13:08:30,41,0,97.33,27.28,70.05,Picked Up,16,False,
RX-0001125,RXN-101125,PH-003,EMP-0049,EMP-0055,CUS-04369,PRD-00467,2026-07-07 19:30:39,2026-07-07 19:39:39,2026-07-07 23:39:39,86,0,45.21,5.74,39.47,Picked Up,9,False,
RX-0001126,RXN-101126,PH-001,EMP-0004,EMP-0011,CUS-02635,PRD-00389,2026-06-11 13:42:20,2026-06-11 13:49:20,2026-06-12 19:49:20,42,3,101.52,25.21,76.31,Picked Up,7,False,
RX-0001127,RXN-101127,PH-001,EMP-0005,EMP-0010,CUS-02964,PRD-00478,2026-06-06 19:03:09,2026-06-06 19:08:09,2026-06-08 02:08:09,50,0,73.6,23.64,49.96,Picked Up,5,False,
RX-0001128,RXN-101128,PH-003,EMP-0050,EMP-0052,CUS-04504,PRD-00527,2026-06-27 10:04:55,2026-06-27 10:17:55,2026-06-28 04:17:55,47,2,41.07,6.92,34.15,Picked Up,13,False,
RX-0001129,RXN-101129,PH-003,EMP-0050,EMP-0051,CUS-01221,PRD-00040,2026-06-16 17:58:28,2026-06-16 18:43:28,2026-06-18 02:43:28,42,1,72.15,9.72,62.43,Not Collected,45,False,
RX-0001130,RXN-101130,PH-003,EMP-0048,EMP-0051,CUS-00924,PRD-00659,2026-07-24 12:11:04,2026-07-24 12:24:04,2026-07-25 14:24:04,67,0,42.66,14.25,28.41,Picked Up,13,False,
RX-0001131,RXN-101131,PH-003,EMP-0050,EMP-0055,CUS-01625,PRD-00197,2026-06-05 18:10:11,2026-06-05 18:28:11,2026-06-05 22:28:11,83,1,48.24,9.99,38.25,Picked Up,18,False,
RX-0001132,RXN-101132,PH-003,EMP-0049,EMP-0053,CUS-03227,PRD-00116,2026-06-06 14:02:26,2026-06-06 14:44:26,2026-06-07 12:44:26,17,0,61.96,15.01,46.95,Ready,42,False,
RX-0001133,RXN-101133,PH-004,EMP-0070,EMP-0074,CUS-01337,PRD-00551,2026-07-19 20:49:20,2026-07-19 21:11:20,2026-07-20 09:11:20,64,2,27.71,2.95,24.76,Ready,22,False,
RX-0001134,RXN-101134,PH-001,EMP-0004,EMP-0009,CUS-04350,PRD-00347,2026-06-20 21:37:41,2026-06-20 22:15:41,2026-06-21 04:15:41,57,0,94.84,17.79,77.05,Picked Up,38,False,
RX-0001135,RXN-101135,PH-005,EMP-0092,EMP-0099,CUS-00792,PRD-00567,2026-06-03 13:07:42,2026-06-03 13:45:42,2026-06-04 17:45:42,86,2,46.04,9.45,36.59,Picked Up,38,False,
RX-0001136,RXN-101136,PH-001,EMP-0004,EMP-0007,CUS-03167,PRD-00781,2026-06-25 12:03:50,2026-06-25 12:52:50,2026-06-26 06:52:50,59,2,47.79,5.52,42.27,Picked Up,49,False,
RX-0001137,RXN-101137,PH-003,EMP-0048,EMP-0054,CUS-00771,PRD-00086,2026-05-30 17:57:42,2026-05-30 18:35:42,2026-05-31 17:35:42,62,0,71.34,20.31,51.03,Picked Up,38,False,
RX-0001138,RXN-101138,PH-003,EMP-0050,EMP-0053,CUS-02487,PRD-00081,2026-06-25 14:33:58,2026-06-25 15:01:58,2026-06-26 09:01:58,44,3,128.08,28.02,100.06,Picked Up,28,False,
RX-0001139,RXN-101139,PH-003,EMP-0049,EMP-0051,CUS-00297,PRD-00055,2026-05-25 13:10:33,2026-05-25 13:17:33,2026-05-25 21:17:33,61,1,37.16,12.53,24.63,Picked Up,7,False,
RX-0001140,RXN-101140,PH-003,EMP-0049,EMP-0051,CUS-00945,PRD-00423,2026-06-20 08:31:25,2026-06-20 08:53:25,2026-06-20 13:53:25,51,0,101.06,13.28,87.78,Picked Up,22,False,
RX-0001141,RXN-101141,PH-001,EMP-0005,EMP-0008,CUS-01232,PRD-00576,2026-07-08 08:58:43,2026-07-08 09:30:43,2026-07-10 04:30:43,32,0,35.41,13.37,22.04,Picked Up,32,False,
RX-0001142,RXN-101142,PH-001,EMP-0005,EMP-0009,CUS-04580,PRD-00086,2026-07-29 19:20:37,2026-07-29 19:47:37,2026-07-31 11:47:37,17,1,105.48,33.97,71.51,Picked Up,27,False,
RX-0001143,RXN-101143,PH-003,EMP-0048,EMP-0055,CUS-01301,PRD-00096,2026-06-11 19:22:35,2026-06-11 19:47:35,2026-06-13 08:47:35,66,0,13.12,1.77,11.35,Picked Up,25,False,
RX-0001144,RXN-101144,PH-002,EMP-0027,EMP-0033,CUS-02112,PRD-00030,2026-06-27 09:53:02,2026-06-27 10:08:02,2026-06-28 20:08:02,48,3,34.61,1.76,32.85,Picked Up,15,False,
RX-0001145,RXN-101145,PH-003,EMP-0048,EMP-0051,CUS-03030,PRD-00057,2026-06-15 09:26:25,2026-06-15 09:55:25,2026-06-17 03:55:25,43,0,45.67,8.96,36.71,Picked Up,29,False,
RX-0001146,RXN-101146,PH-002,EMP-0026,EMP-0032,CUS-00743,PRD-00030,2026-07-01 13:41:47,2026-07-01 14:05:47,2026-07-03 00:05:47,14,3,40.29,14.57,25.72,Picked Up,24,False,
RX-0001147,RXN-101147,PH-005,EMP-0092,EMP-0096,CUS-04280,PRD-00338,2026-06-06 14:41:47,2026-06-06 15:08:47,2026-06-07 22:08:47,16,1,23.5,1.72,21.78,Picked Up,27,False,
RX-0001148,RXN-101148,PH-003,EMP-0049,EMP-0051,CUS-04110,PRD-00551,2026-07-31 09:29:00,2026-07-31 10:09:00,2026-08-01 13:09:00,53,0,61.39,6.39,55.0,Picked Up,40,False,
RX-0001149,RXN-101149,PH-003,EMP-0050,EMP-0054,CUS-01283,PRD-00482,2026-05-19 13:04:21,2026-05-19 13:32:21,2026-05-20 19:32:21,37,0,95.19,9.23,85.96,Picked Up,28,False,
RX-0001150,RXN-101150,PH-005,EMP-0094,EMP-0099,CUS-02743,PRD-00305,2026-06-30 18:21:08,2026-06-30 19:08:08,2026-07-01 13:08:08,71,0,73.58,14.9,58.68,Not Collected,47,False,
RX-0001151,RXN-101151,PH-005,EMP-0093,EMP-0095,CUS-04289,PRD-00185,2026-06-06 20:07:29,2026-06-06 20:51:29,2026-06-07 19:51:29,63,3,10.58,4.18,6.4,Picked Up,44,False,
RX-0001152,RXN-101152,PH-005,EMP-0094,EMP-0096,CUS-04530,PRD-00485,2026-05-28 09:04:44,2026-05-28 09:09:44,2026-05-30 04:09:44,60,0,25.44,8.66,16.78,Picked Up,5,False,
RX-0001153,RXN-101153,PH-001,EMP-0004,EMP-0007,CUS-00569,PRD-00551,2026-06-28 09:32:28,2026-06-28 10:04:28,2026-06-29 21:04:28,35,1,52.1,11.07,41.03,Picked Up,32,False,
RX-0001154,RXN-101154,PH-001,EMP-0005,EMP-0011,CUS-02456,PRD-00067,2026-06-07 17:56:45,2026-06-07 18:10:45,2026-06-09 08:10:45,33,2,37.42,10.82,26.6,Cancelled,14,False,
RX-0001155,RXN-101155,PH-003,EMP-0049,EMP-0055,CUS-04232,PRD-00486,2026-06-14 08:15:49,2026-06-14 08:50:49,2026-06-16 06:50:49,44,2,65.09,25.53,39.56,Not Collected,35,False,
RX-0001156,RXN-101156,PH-005,EMP-0093,EMP-0099,CUS-03931,PRD-00689,2026-05-08 12:37:31,2026-05-08 12:52:31,2026-05-09 22:52:31,75,3,63.54,7.42,56.12,Reversed,15,True,
RX-0001157,RXN-101157,PH-002,EMP-0027,EMP-0032,CUS-02446,PRD-00101,2026-07-13 12:28:16,2026-07-13 12:40:16,2026-07-14 00:40:16,42,1,39.88,2.24,37.64,Picked Up,12,False,
RX-0001158,RXN-101158,PH-004,EMP-0072,EMP-0077,CUS-01565,PRD-00185,2026-05-04 16:20:21,2026-05-04 17:04:21,2026-05-05 22:04:21,29,1,11.83,3.22,8.61,Picked Up,44,False,
RX-0001159,RXN-101159,PH-002,EMP-0026,EMP-0031,CUS-01441,PRD-00472,2026-05-16 16:49:43,2026-05-16 17:21:43,2026-05-17 20:21:43,60,1,75.4,8.98,66.42,Picked Up,32,False,
RX-0001160,RXN-101160,PH-003,EMP-0050,EMP-0055,CUS-01363,PRD-00478,2026-05-09 20:59:13,2026-05-09 21:33:13,2026-05-11 13:33:13,50,2,101.78,32.46,69.32,Picked Up,34,False,
RX-0001161,RXN-101161,PH-003,EMP-0048,EMP-0053,CUS-01535,PRD-00476,2026-07-28 20:22:55,2026-07-28 20:42:55,2026-07-30 16:42:55,73,0,98.57,19.05,79.52,Picked Up,20,False,
RX-0001162,RXN-101162,PH-004,EMP-0070,EMP-0073,CUS-02513,PRD-00155,2026-05-02 15:46:03,2026-05-02 16:09:03,2026-05-03 16:09:03,67,2,84.77,12.88,71.89,Not Collected,23,False,
RX-0001163,RXN-101163,PH-002,EMP-0028,EMP-0032,CUS-03663,PRD-00655,2026-07-13 10:59:52,2026-07-13 11:30:52,2026-07-14 23:30:52,35,2,123.97,25.66,98.31,Picked Up,31,False,
RX-0001164,RXN-101164,PH-004,EMP-0072,EMP-0077,CUS-03196,PRD-00030,2026-05-31 16:07:58,2026-05-31 16:46:58,2026-06-01 00:46:58,15,2,37.55,10.99,26.56,Ready,39,False,
RX-0001165,RXN-101165,PH-002,EMP-0027,EMP-0031,CUS-02102,PRD-00197,2026-05-02 09:31:15,2026-05-02 09:55:15,2026-05-02 17:55:15,82,2,50.03,3.59,46.44,Not Collected,24,False,
RX-0001166,RXN-101166,PH-005,EMP-0094,EMP-0095,CUS-01819,PRD-00013,2026-05-21 16:54:24,2026-05-21 17:06:24,2026-05-22 06:06:24,46,0,47.87,17.95,29.92,Picked Up,12,False,
RX-0001167,RXN-101167,PH-001,EMP-0005,EMP-0007,CUS-04206,PRD-00655,2026-05-21 11:25:55,2026-05-21 11:41:55,2026-05-22 09:41:55,37,3,143.0,44.82,98.18,Picked Up,16,False,
RX-0001168,RXN-101168,PH-003,EMP-0048,EMP-0053,CUS-01073,PRD-00338,2026-05-08 15:40:49,2026-05-08 16:09:49,2026-05-08 20:09:49,40,1,27.32,2.62,24.7,Picked Up,29,False,
RX-0001169,RXN-101169,PH-002,EMP-0026,EMP-0032,CUS-04007,PRD-00621,2026-05-04 14:22:47,2026-05-04 15:02:47,2026-05-06 01:02:47,82,3,86.05,31.75,54.3,Picked Up,40,False,
RX-0001170,RXN-101170,PH-005,EMP-0094,EMP-0098,CUS-03220,PRD-00086,2026-07-07 21:42:58,2026-07-07 22:26:58,2026-07-08 10:26:58,47,0,117.13,8.05,109.08,Picked Up,44,False,
RX-0001171,RXN-101171,PH-002,EMP-0028,EMP-0030,CUS-00975,PRD-00551,2026-06-13 13:01:52,2026-06-13 13:50:52,2026-06-13 20:50:52,81,0,27.67,1.55,26.12,Picked Up,49,False,
RX-0001172,RXN-101172,PH-001,EMP-0005,EMP-0008,CUS-04558,PRD-00067,2026-05-12 20:56:58,2026-05-12 21:15:58,2026-05-14 02:15:58,82,0,25.8,7.67,18.13,Not Collected,19,False,
RX-0001173,RXN-101173,PH-003,EMP-0049,EMP-0052,CUS-03259,PRD-00473,2026-07-19 15:30:05,2026-07-19 15:55:05,2026-07-20 09:55:05,27,3,8.5,3.3,5.2,Picked Up,25,False,
RX-0001174,RXN-101174,PH-002,EMP-0026,EMP-0033,CUS-01851,PRD-00197,2026-06-09 15:05:23,2026-06-09 15:25:23,2026-06-10 12:25:23,39,1,48.05,2.98,45.07,Cancelled,20,False,
RX-0001175,RXN-101175,PH-002,EMP-0026,EMP-0030,CUS-02733,PRD-00655,2026-06-21 15:28:53,2026-06-21 16:23:53,2026-06-21 23:23:53,66,2,67.23,4.8,62.43,Picked Up,55,False,
RX-0001176,RXN-101176,PH-001,EMP-0004,EMP-0007,CUS-02670,PRD-00507,2026-05-04 10:06:54,2026-05-04 10:26:54,2026-05-05 18:26:54,29,1,10.48,1.58,8.9,Picked Up,20,False,
RX-0001177,RXN-101177,PH-005,EMP-0092,EMP-0098,CUS-02184,PRD-00595,2026-06-29 16:50:53,2026-06-29 17:28:53,2026-07-01 02:28:53,18,0,37.39,8.89,28.5,Cancelled,38,False,
RX-0001178,RXN-101178,PH-001,EMP-0005,EMP-0011,CUS-00349,PRD-00567,2026-07-31 16:38:22,2026-07-31 16:50:22,2026-08-02 09:50:22,47,2,35.69,7.04,28.65,Picked Up,12,False,
RX-0001179,RXN-101179,PH-002,EMP-0026,EMP-0032,CUS-02054,PRD-00685,2026-06-21 16:34:54,2026-06-21 17:19:54,2026-06-22 15:19:54,12,2,9.31,1.32,7.99,Picked Up,45,False,
RX-0001180,RXN-101180,PH-003,EMP-0050,EMP-0054,CUS-04186,PRD-00486,2026-05-02 13:06:56,2026-05-02 13:38:56,2026-05-03 12:38:56,28,0,49.4,17.64,31.76,Picked Up,32,False,
RX-0001181,RXN-101181,PH-003,EMP-0049,EMP-0054,CUS-01576,PRD-00011,2026-05-25 16:39:31,2026-05-25 16:44:31,2026-05-26 22:44:31,44,0,68.97,17.57,51.4,Picked Up,5,False,
RX-0001182,RXN-101182,PH-003,EMP-0049,EMP-0051,CUS-02473,PRD-00685,2026-07-26 11:05:44,2026-07-26 11:41:44,2026-07-26 19:41:44,68,0,12.39,3.75,8.64,Picked Up,36,False,
RX-0001183,RXN-101183,PH-001,EMP-0004,EMP-0009,CUS-02837,PRD-00324,2026-05-12 13:20:58,2026-05-12 13:46:58,2026-05-13 16:46:58,70,0,34.64,3.12,31.52,Not Collected,26,False,
RX-0001184,RXN-101184,PH-001,EMP-0005,EMP-0008,CUS-03584,PRD-00621,2026-06-09 12:49:27,2026-06-09 13:29:27,2026-06-09 22:29:27,35,2,71.04,12.67,58.37,Not Collected,40,False,
RX-0001185,RXN-101185,PH-001,EMP-0004,EMP-0007,CUS-04864,PRD-00271,2026-06-04 14:09:12,2026-06-04 14:23:12,2026-06-05 14:23:12,74,0,129.62,22.19,107.43,Picked Up,14,False,
RX-0001186,RXN-101186,PH-001,EMP-0005,EMP-0010,CUS-02605,PRD-00567,2026-05-09 11:56:58,2026-05-09 12:37:58,2026-05-10 21:37:58,35,1,32.23,2.99,29.24,Picked Up,41,False,
RX-0001187,RXN-101187,PH-001,EMP-0004,EMP-0010,CUS-04198,PRD-00517,2026-05-28 16:59:53,2026-05-28 17:18:53,2026-05-29 04:18:53,33,3,23.68,5.43,18.25,Ready,19,False,
RX-0001188,RXN-101188,PH-005,EMP-0093,EMP-0099,CUS-01893,PRD-00197,2026-05-11 10:45:00,2026-05-11 11:14:00,2026-05-12 15:14:00,74,2,46.87,9.44,37.43,Not Collected,29,False,
RX-0001189,RXN-101189,PH-001,EMP-0005,EMP-0010,CUS-02175,PRD-00316,2026-05-13 10:05:19,2026-05-13 10:28:19,2026-05-15 07:28:19,53,2,98.16,30.13,68.03,Ready,23,False,
RX-0001190,RXN-101190,PH-002,EMP-0027,EMP-0032,CUS-00374,PRD-00353,2026-06-11 19:04:49,2026-06-11 19:37:49,2026-06-12 17:37:49,86,1,31.94,5.64,26.3,Picked Up,33,False,
RX-0001191,RXN-101191,PH-005,EMP-0093,EMP-0099,CUS-02348,PRD-00356,2026-05-18 18:11:39,2026-05-18 18:43:39,2026-05-19 18:43:39,50,2,49.33,9.54,39.79,Picked Up,32,False,
RX-0001192,RXN-101192,PH-003,EMP-0049,EMP-0053,CUS-01211,PRD-00067,2026-06-27 14:22:41,2026-06-27 15:11:41,2026-06-28 09:11:41,18,2,24.32,3.36,20.96,Picked Up,49,False,
RX-0001193,RXN-101193,PH-001,EMP-0004,EMP-0009,CUS-00841,PRD-00322,2026-05-28 14:44:47,2026-05-28 15:11:47,2026-05-29 07:11:47,74,1,45.76,2.88,42.88,Picked Up,27,False,
RX-0001194,RXN-101194,PH-005,EMP-0094,EMP-0096,CUS-03746,PRD-00576,2026-06-16 18:50:22,2026-06-16 19:07:22,2026-06-16 21:07:22,87,2,22.91,5.52,17.39,Ready,17,False,
RX-0001195,RXN-101195,PH-005,EMP-0093,EMP-0095,CUS-01867,PRD-00685,2026-05-25 21:31:09,2026-05-25 21:36:09,2026-05-27 21:36:09,43,1,12.59,3.99,8.6,Not Collected,5,False,
RX-0001196,RXN-101196,PH-001,EMP-0004,EMP-0011,CUS-00295,PRD-00316,2026-05-25 20:23:02,2026-05-25 20:47:02,2026-05-27 19:47:02,26,1,111.54,6.09,105.45,Picked Up,24,False,
RX-0001197,RXN-101197,PH-005,EMP-0094,EMP-0096,CUS-03940,PRD-00654,2026-06-21 16:19:58,2026-06-21 16:30:58,2026-06-22 22:30:58,22,3,44.13,11.9,32.23,Ready,11,False,
RX-0001198,RXN-101198,PH-005,EMP-0093,EMP-0098,CUS-00358,PRD-00682,2026-07-08 12:12:31,2026-07-08 12:44:31,2026-07-09 23:44:31,51,0,51.82,12.42,39.4,Picked Up,32,False,
RX-0001199,RXN-101199,PH-004,EMP-0071,EMP-0074,CUS-01100,PRD-00655,2026-05-15 08:27:32,2026-05-15 09:02:32,2026-05-16 17:02:32,45,1,121.93,22.59,99.34,Picked Up,35,False,
RX-0001200,RXN-101200,PH-001,EMP-0005,EMP-0009,CUS-02174,PRD-00040,2026-06-14 16:47:37,2026-06-14 17:12:37,2026-06-15 00:12:37,58,3,126.87,37.56,89.31,Picked Up,25,False,
RX-0001201,RXN-101201,PH-005,EMP-0094,EMP-0098,CUS-04148,PRD-00520,2026-07-07 11:17:46,2026-07-07 11:31:46,2026-07-08 00:31:46,15,1,45.93,6.33,39.6,Not Collected,14,False,
RX-0001202,RXN-101202,PH-004,EMP-0070,EMP-0077,CUS-04685,PRD-00353,2026-06-21 15:45:56,2026-06-21 16:32:56,2026-06-23 16:32:56,60,3,60.58,21.58,39.0,Not Collected,47,False,
RX-0001203,RXN-101203,PH-002,EMP-0028,EMP-0033,CUS-03769,PRD-00011,2026-07-24 16:36:40,2026-07-24 17:22:40,2026-07-24 21:22:40,81,2,62.19,10.63,51.56,Picked Up,46,False,
RX-0001204,RXN-101204,PH-002,EMP-0026,EMP-0031,CUS-00302,PRD-00280,2026-07-14 19:23:57,2026-07-14 19:28:57,2026-07-16 05:28:57,30,2,13.99,4.01,9.98,Picked Up,5,False,
RX-0001205,RXN-101205,PH-005,EMP-0092,EMP-0098,CUS-00206,PRD-00478,2026-05-23 15:29:36,2026-05-23 15:51:36,2026-05-24 19:51:36,54,2,58.58,14.98,43.6,Picked Up,22,False,
RX-0001206,RXN-101206,PH-003,EMP-0050,EMP-0053,CUS-00709,PRD-00316,2026-05-02 11:24:37,2026-05-02 11:57:37,2026-05-03 00:57:37,61,2,95.64,7.3,88.34,Picked Up,33,False,
RX-0001207,RXN-101207,PH-004,EMP-0070,EMP-0074,CUS-00940,PRD-00473,2026-07-09 19:52:42,2026-07-09 20:20:42,2026-07-11 13:20:42,73,0,14.07,5.02,9.05,Picked Up,28,False,
RX-0001208,RXN-101208,PH-002,EMP-0028,EMP-0029,CUS-01378,PRD-00678,2026-07-30 08:46:22,2026-07-30 09:10:22,2026-07-31 05:10:22,45,2,40.79,5.28,35.51,Reversed,24,True,
RX-0001209,RXN-101209,PH-002,EMP-0028,EMP-0030,CUS-01556,PRD-00391,2026-06-19 11:31:08,2026-06-19 11:54:08,2026-06-21 07:54:08,84,2,43.27,16.9,26.37,Picked Up,23,False,
RX-0001210,RXN-101210,PH-005,EMP-0094,EMP-0098,CUS-00535,PRD-00551,2026-05-28 15:38:22,2026-05-28 16:01:22,2026-05-30 05:01:22,70,0,36.0,11.56,24.44,Picked Up,23,False,
RX-0001211,RXN-101211,PH-003,EMP-0049,EMP-0054,CUS-01997,PRD-00654,2026-07-06 13:30:56,2026-07-06 13:50:56,2026-07-08 07:50:56,23,3,68.3,14.08,54.22,Not Collected,20,False,
RX-0001212,RXN-101212,PH-004,EMP-0070,EMP-0076,CUS-03035,PRD-00659,2026-05-24 19:53:52,2026-05-24 20:22:52,2026-05-25 16:22:52,34,2,50.58,5.86,44.72,Ready,29,False,
RX-0001213,RXN-101213,PH-002,EMP-0028,EMP-0029,CUS-04526,PRD-00576,2026-05-29 13:06:12,2026-05-29 13:39:12,2026-05-30 23:39:12,36,1,43.61,7.17,36.44,Picked Up,33,False,
RX-0001214,RXN-101214,PH-001,EMP-0005,EMP-0007,CUS-04635,PRD-00485,2026-06-23 14:26:15,2026-06-23 14:38:15,2026-06-24 19:38:15,73,3,15.45,3.28,12.17,Picked Up,12,False,
RX-0001215,RXN-101215,PH-003,EMP-0050,EMP-0055,CUS-00142,PRD-00185,2026-06-06 20:54:02,2026-06-06 21:26:02,2026-06-07 18:26:02,56,1,18.24,6.81,11.43,Ready,32,False,
RX-0001216,RXN-101216,PH-003,EMP-0049,EMP-0051,CUS-02636,PRD-00324,2026-05-09 16:41:44,2026-05-09 17:24:44,2026-05-11 14:24:44,85,1,18.55,3.97,14.58,Picked Up,43,False,
RX-0001217,RXN-101217,PH-004,EMP-0070,EMP-0076,CUS-02817,PRD-00395,2026-05-06 14:25:54,2026-05-06 14:56:54,2026-05-06 20:56:54,21,2,25.62,5.92,19.7,Picked Up,31,False,
RX-0001218,RXN-101218,PH-003,EMP-0050,EMP-0052,CUS-00988,PRD-00185,2026-06-27 13:15:32,2026-06-27 13:43:32,2026-06-27 23:43:32,89,0,12.07,2.46,9.61,Reversed,28,True,
RX-0001219,RXN-101219,PH-005,EMP-0093,EMP-0096,CUS-02181,PRD-00423,2026-05-15 11:03:07,2026-05-15 11:18:07,2026-05-15 14:18:07,64,2,108.55,34.53,74.02,Picked Up,15,False,
RX-0001220,RXN-101220,PH-002,EMP-0026,EMP-0033,CUS-00971,PRD-00271,2026-05-30 11:37:25,2026-05-30 12:08:25,2026-06-01 04:08:25,40,1,69.16,15.08,54.08,Picked Up,31,False,
RX-0001221,RXN-101221,PH-001,EMP-0005,EMP-0011,CUS-04819,PRD-00568,2026-07-05 17:04:34,2026-07-05 17:22:34,2026-07-06 18:22:34,25,3,118.89,31.12,87.77,Ready,18,False,
RX-0001222,RXN-101222,PH-002,EMP-0027,EMP-0033,CUS-02200,PRD-00391,2026-05-13 19:23:17,2026-05-13 19:53:17,2026-05-14 04:53:17,80,0,63.19,9.29,53.9,Picked Up,30,False,
RX-0001223,RXN-101223,PH-002,EMP-0028,EMP-0033,CUS-00754,PRD-00476,2026-07-04 21:36:23,2026-07-04 22:15:23,2026-07-05 17:15:23,28,2,121.8,23.01,98.79,Picked Up,39,False,
RX-0001224,RXN-101224,PH-002,EMP-0026,EMP-0033,CUS-01689,PRD-00659,2026-07-19 09:06:02,2026-07-19 09:24:02,2026-07-20 12:24:02,48,3,58.56,4.51,54.05,Not Collected,18,False,
RX-0001225,RXN-101225,PH-003,EMP-0048,EMP-0055,CUS-03677,PRD-00055,2026-06-18 16:56:11,2026-06-18 17:25:11,2026-06-18 21:25:11,29,2,71.74,20.19,51.55,Cancelled,29,False,
RX-0001226,RXN-101226,PH-005,EMP-0094,EMP-0099,CUS-00006,PRD-00116,2026-05-15 20:32:18,2026-05-15 20:52:18,2026-05-16 15:52:18,87,0,102.14,13.61,88.53,Picked Up,20,False,
RX-0001227,RXN-101227,PH-003,EMP-0049,EMP-0055,CUS-03811,PRD-00305,2026-06-18 20:57:12,2026-06-18 21:34:12,2026-06-19 01:34:12,11,2,100.02,15.99,84.03,Picked Up,37,False,
RX-0001228,RXN-101228,PH-001,EMP-0005,EMP-0009,CUS-01977,PRD-00057,2026-07-10 21:25:12,2026-07-10 21:57:12,2026-07-12 06:57:12,86,0,60.61,16.35,44.26,Not Collected,32,False,
RX-0001229,RXN-101229,PH-003,EMP-0050,EMP-0055,CUS-02600,PRD-00036,2026-05-29 16:32:50,2026-05-29 16:48:50,2026-05-29 18:48:50,42,2,7.56,1.61,5.95,Picked Up,16,False,
RX-0001230,RXN-101230,PH-002,EMP-0027,EMP-0030,CUS-02308,PRD-00786,2026-07-19 14:52:14,2026-07-19 15:25:14,2026-07-20 07:25:14,71,0,81.18,13.51,67.67,Picked Up,33,False,
RX-0001231,RXN-101231,PH-005,EMP-0094,EMP-0098,CUS-04063,PRD-00130,2026-06-29 15:34:33,2026-06-29 16:13:33,2026-06-30 22:13:33,17,3,38.3,2.59,35.71,Picked Up,39,False,
RX-0001232,RXN-101232,PH-005,EMP-0092,EMP-0099,CUS-02893,PRD-00659,2026-06-02 12:04:39,2026-06-02 12:17:39,2026-06-02 17:17:39,38,2,43.73,5.07,38.66,Picked Up,13,False,
RX-0001233,RXN-101233,PH-005,EMP-0093,EMP-0095,CUS-02554,PRD-00017,2026-06-07 15:33:39,2026-06-07 16:16:39,2026-06-07 18:16:39,43,0,123.52,13.19,110.33,Not Collected,43,False,
RX-0001234,RXN-101234,PH-005,EMP-0093,EMP-0097,CUS-01509,PRD-00485,2026-06-05 09:59:58,2026-06-05 10:31:58,2026-06-07 04:31:58,76,0,18.39,5.25,13.14,Picked Up,32,False,
RX-0001235,RXN-101235,PH-005,EMP-0092,EMP-0096,CUS-02366,PRD-00517,2026-07-11 16:18:09,2026-07-11 16:43:09,2026-07-12 05:43:09,42,2,26.18,2.5,23.68,Picked Up,25,False,
RX-0001236,RXN-101236,PH-004,EMP-0070,EMP-0076,CUS-02001,PRD-00576,2026-07-18 11:25:17,2026-07-18 11:31:17,2026-07-20 09:31:17,67,3,31.03,12.34,18.69,Picked Up,6,False,
RX-0001237,RXN-101237,PH-003,EMP-0050,EMP-0051,CUS-02204,PRD-00013,2026-06-17 18:38:07,2026-06-17 18:45:07,2026-06-18 07:45:07,85,2,31.34,4.18,27.16,Picked Up,7,False,
RX-0001238,RXN-101238,PH-004,EMP-0071,EMP-0077,CUS-04944,PRD-00030,2026-06-22 21:20:43,2026-06-22 21:59:43,2026-06-23 00:59:43,17,2,26.4,3.98,22.42,Ready,39,False,
RX-0001239,RXN-101239,PH-005,EMP-0094,EMP-0099,CUS-01004,PRD-00682,2026-06-23 12:40:56,2026-06-23 13:00:56,2026-06-23 14:00:56,24,2,86.49,5.17,81.32,Picked Up,20,False,
RX-0001240,RXN-101240,PH-003,EMP-0048,EMP-0053,CUS-01992,PRD-00786,2026-06-26 09:05:01,2026-06-26 09:26:01,2026-06-27 17:26:01,31,1,76.72,19.74,56.98,Ready,21,False,
RX-0001241,RXN-101241,PH-005,EMP-0092,EMP-0097,CUS-02788,PRD-00576,2026-07-16 18:14:30,2026-07-16 18:38:30,2026-07-18 03:38:30,86,3,47.86,18.54,29.32,Not Collected,24,False,
RX-0001242,RXN-101242,PH-003,EMP-0048,EMP-0051,CUS-01218,PRD-00125,2026-07-15 18:43:06,2026-07-15 19:08:06,2026-07-16 19:08:06,29,0,30.11,9.0,21.11,Picked Up,25,False,
RX-0001243,RXN-101243,PH-002,EMP-0028,EMP-0033,CUS-02844,PRD-00220,2026-06-14 08:48:21,2026-06-14 09:15:21,2026-06-15 11:15:21,34,3,84.68,29.02,55.66,Reversed,27,True,
RX-0001244,RXN-101244,PH-003,EMP-0050,EMP-0055,CUS-02861,PRD-00685,2026-06-26 12:35:47,2026-06-26 12:48:47,2026-06-26 16:48:47,75,3,16.01,4.03,11.98,Not Collected,13,False,
RX-0001245,RXN-101245,PH-005,EMP-0093,EMP-0097,CUS-02057,PRD-00101,2026-06-23 14:12:05,2026-06-23 14:17:05,2026-06-24 05:17:05,13,3,36.05,2.56,33.49,Cancelled,5,False,
RX-0001246,RXN-101246,PH-003,EMP-0049,EMP-0053,CUS-03893,PRD-00316,2026-07-09 11:13:32,2026-07-09 11:54:32,2026-07-09 16:54:32,48,0,93.87,36.25,57.62,Picked Up,41,False,
RX-0001247,RXN-101247,PH-001,EMP-0005,EMP-0007,CUS-04314,PRD-00036,2026-06-20 08:58:53,2026-06-20 09:35:53,2026-06-22 05:35:53,35,3,9.92,1.25,8.67,Picked Up,37,False,
RX-0001248,RXN-101248,PH-004,EMP-0071,EMP-0073,CUS-03294,PRD-00507,2026-07-29 14:10:23,2026-07-29 14:41:23,2026-07-30 22:41:23,13,1,15.78,5.32,10.46,Picked Up,31,False,
RX-0001249,RXN-101249,PH-002,EMP-0028,EMP-0031,CUS-01610,PRD-00130,2026-07-31 19:18:55,2026-07-31 19:34:55,2026-08-02 17:34:55,63,3,44.51,8.93,35.58,Picked Up,16,False,
RX-0001250,RXN-101250,PH-003,EMP-0048,EMP-0052,CUS-01738,PRD-00220,2026-06-29 18:29:33,2026-06-29 19:03:33,2026-07-01 14:03:33,18,2,46.69,3.06,43.63,Not Collected,34,False,
RX-0001251,RXN-101251,PH-003,EMP-0048,EMP-0055,CUS-01043,PRD-00271,2026-06-09 09:44:27,2026-06-09 10:18:27,2026-06-10 09:18:27,65,1,58.49,8.54,49.95,Picked Up,34,False,
RX-0001252,RXN-101252,PH-002,EMP-0027,EMP-0031,CUS-02514,PRD-00324,2026-05-10 15:55:17,2026-05-10 16:22:17,2026-05-11 07:22:17,17,0,22.82,6.62,16.2,Picked Up,27,False,
RX-0001253,RXN-101253,PH-005,EMP-0092,EMP-0097,CUS-04485,PRD-00473,2026-07-20 16:12:26,2026-07-20 16:17:26,2026-07-22 11:17:26,77,3,8.71,1.51,7.2,Picked Up,5,False,
RX-0001254,RXN-101254,PH-002,EMP-0028,EMP-0029,CUS-01575,PRD-00391,2026-05-10 21:08:34,2026-05-10 21:39:34,2026-05-11 01:39:34,52,3,56.0,18.8,37.2,Picked Up,31,False,
RX-0001255,RXN-101255,PH-004,EMP-0071,EMP-0076,CUS-00665,PRD-00423,2026-06-27 20:10:59,2026-06-27 21:01:59,2026-06-28 16:01:59,34,0,95.33,23.3,72.03,Picked Up,51,False,
RX-0001256,RXN-101256,PH-001,EMP-0005,EMP-0008,CUS-03396,PRD-00682,2026-06-17 13:32:08,2026-06-17 13:49:08,2026-06-18 11:49:08,59,0,63.77,14.36,49.41,Picked Up,17,False,
RX-0001257,RXN-101257,PH-002,EMP-0027,EMP-0031,CUS-02032,PRD-00486,2026-05-31 13:50:50,2026-05-31 14:12:50,2026-06-01 09:12:50,22,1,55.09,10.82,44.27,Picked Up,22,False,
RX-0001258,RXN-101258,PH-005,EMP-0094,EMP-0099,CUS-01452,PRD-00395,2026-07-19 08:28:50,2026-07-19 09:06:50,2026-07-19 17:06:50,20,1,30.63,2.52,28.11,Ready,38,False,
RX-0001259,RXN-101259,PH-005,EMP-0094,EMP-0096,CUS-02149,PRD-00591,2026-06-21 16:55:57,2026-06-21 17:11:57,2026-06-21 18:11:57,57,0,141.7,36.55,105.15,Picked Up,16,False,
RX-0001260,RXN-101260,PH-005,EMP-0093,EMP-0095,CUS-03204,PRD-00140,2026-05-23 08:11:44,2026-05-23 08:30:44,2026-05-24 09:30:44,49,0,58.98,22.11,36.87,Cancelled,19,False,
RX-0001261,RXN-101261,PH-004,EMP-0072,EMP-0075,CUS-01169,PRD-00389,2026-07-04 21:17:51,2026-07-04 21:57:51,2026-07-04 23:57:51,10,3,64.73,22.53,42.2,Picked Up,40,False,
RX-0001262,RXN-101262,PH-005,EMP-0094,EMP-0096,CUS-04939,PRD-00271,2026-06-03 21:25:52,2026-06-03 21:54:52,2026-06-05 00:54:52,43,0,104.87,41.17,63.7,Picked Up,29,False,
RX-0001263,RXN-101263,PH-005,EMP-0092,EMP-0097,CUS-00034,PRD-00720,2026-06-28 15:21:45,2026-06-28 15:39:45,2026-06-29 14:39:45,17,3,17.56,3.58,13.98,Picked Up,18,False,
RX-0001264,RXN-101264,PH-004,EMP-0070,EMP-0073,CUS-02820,PRD-00568,2026-05-09 15:18:20,2026-05-09 15:48:20,2026-05-10 10:48:20,77,0,114.82,21.2,93.62,Picked Up,30,False,
RX-0001265,RXN-101265,PH-001,EMP-0004,EMP-0010,CUS-01815,PRD-00659,2026-06-22 21:38:06,2026-06-22 21:55:06,2026-06-23 08:55:06,19,3,67.01,9.23,57.78,Picked Up,17,False,
RX-0001266,RXN-101266,PH-005,EMP-0094,EMP-0098,CUS-04945,PRD-00720,2026-07-20 15:02:54,2026-07-20 15:48:54,2026-07-22 10:48:54,60,1,14.7,5.69,9.01,Picked Up,46,False,
RX-0001267,RXN-101267,PH-003,EMP-0049,EMP-0054,CUS-03895,PRD-00591,2026-05-24 10:35:15,2026-05-24 11:10:15,2026-05-25 08:10:15,61,0,158.55,38.78,119.77,Picked Up,35,False,
RX-0001268,RXN-101268,PH-004,EMP-0072,EMP-0076,CUS-00251,PRD-00292,2026-05-24 18:28:01,2026-05-24 18:56:01,2026-05-24 21:56:01,64,2,64.26,15.72,48.54,Ready,28,False,
RX-0001269,RXN-101269,PH-001,EMP-0005,EMP-0011,CUS-01290,PRD-00568,2026-07-29 20:10:19,2026-07-29 20:48:19,2026-07-30 01:48:19,45,2,112.78,19.12,93.66,Picked Up,38,False,
RX-0001270,RXN-101270,PH-002,EMP-0028,EMP-0029,CUS-01029,PRD-00718,2026-07-29 12:11:30,2026-07-29 12:55:30,2026-07-29 22:55:30,88,2,27.74,6.91,20.83,Picked Up,44,False,
RX-0001271,RXN-101271,PH-001,EMP-0005,EMP-0009,CUS-03799,PRD-00621,2026-05-29 09:48:12,2026-05-29 10:03:12,2026-05-29 16:03:12,84,0,90.35,25.01,65.34,Cancelled,15,False,
RX-0001272,RXN-101272,PH-005,EMP-0094,EMP-0096,CUS-00840,PRD-00002,2026-05-13 16:11:40,2026-05-13 16:41:40,2026-05-13 21:41:40,60,2,33.57,11.89,21.68,Ready,30,False,
RX-0001273,RXN-101273,PH-005,EMP-0092,EMP-0097,CUS-04071,PRD-00011,2026-05-24 15:58:12,2026-05-24 16:29:12,2026-05-26 15:29:12,29,1,62.37,17.41,44.96,Ready,31,False,
RX-0001274,RXN-101274,PH-001,EMP-0004,EMP-0011,CUS-02823,PRD-00305,2026-05-23 17:32:11,2026-05-23 18:07:11,2026-05-24 21:07:11,44,2,108.87,12.32,96.55,Picked Up,35,False,
RX-0001275,RXN-101275,PH-005,EMP-0092,EMP-0098,CUS-00855,PRD-00655,2026-05-27 21:07:19,2026-05-27 21:52:19,2026-05-28 13:52:19,80,2,90.42,17.83,72.59,Picked Up,45,False,
RX-0001276,RXN-101276,PH-003,EMP-0049,EMP-0054,CUS-04790,PRD-00324,2026-06-13 18:07:13,2026-06-13 18:21:13,2026-06-14 03:21:13,75,1,16.65,6.46,10.19,Reversed,14,True,
RX-0001277,RXN-101277,PH-005,EMP-0092,EMP-0098,CUS-02466,PRD-00507,2026-07-21 19:45:13,2026-07-21 20:14:13,2026-07-23 12:14:13,46,1,19.32,3.25,16.07,Picked Up,29,False,
RX-0001278,RXN-101278,PH-003,EMP-0049,EMP-0054,CUS-04414,PRD-00067,2026-05-14 15:54:02,2026-05-14 16:34:02,2026-05-16 14:34:02,52,0,33.37,7.41,25.96,Picked Up,40,False,
RX-0001279,RXN-101279,PH-005,EMP-0092,EMP-0095,CUS-00425,PRD-00185,2026-07-26 13:26:41,2026-07-26 14:16:41,2026-07-28 00:16:41,68,3,16.14,1.49,14.65,Picked Up,50,False,
RX-0001280,RXN-101280,PH-005,EMP-0094,EMP-0096,CUS-04472,PRD-00257,2026-05-20 19:26:51,2026-05-20 20:00:51,2026-05-22 00:00:51,84,2,74.48,29.66,44.82,Not Collected,34,False,
RX-0001281,RXN-101281,PH-001,EMP-0005,EMP-0008,CUS-01272,PRD-00292,2026-06-14 09:22:17,2026-06-14 09:55:17,2026-06-15 23:55:17,32,3,70.83,16.49,54.34,Picked Up,33,False,
RX-0001282,RXN-101282,PH-004,EMP-0072,EMP-0077,CUS-03256,PRD-00086,2026-07-11 15:00:54,2026-07-11 15:39:54,2026-07-12 16:39:54,46,2,128.34,35.63,92.71,Picked Up,39,False,
RX-0001283,RXN-101283,PH-004,EMP-0070,EMP-0075,CUS-00563,PRD-00030,2026-06-25 11:07:17,2026-06-25 11:34:17,2026-06-26 02:34:17,16,2,28.78,6.72,22.06,Picked Up,27,False,
RX-0001284,RXN-101284,PH-001,EMP-0004,EMP-0011,CUS-04675,PRD-00472,2026-07-07 10:21:38,2026-07-07 11:00:38,2026-07-09 07:00:38,70,2,96.93,28.0,68.93,Reversed,39,True,
RX-0001285,RXN-101285,PH-002,EMP-0027,EMP-0031,CUS-04972,PRD-00055,2026-05-27 09:23:28,2026-05-27 10:01:28,2026-05-28 23:01:28,62,0,72.26,13.2,59.06,Not Collected,38,False,
RX-0001286,RXN-101286,PH-003,EMP-0048,EMP-0051,CUS-03953,PRD-00101,2026-06-03 13:22:09,2026-06-03 13:39:09,2026-06-04 06:39:09,67,1,25.0,4.4,20.6,Picked Up,17,False,
RX-0001287,RXN-101287,PH-001,EMP-0005,EMP-0008,CUS-03742,PRD-00055,2026-06-09 16:34:35,2026-06-09 17:32:35,2026-06-11 09:32:35,25,1,68.32,15.22,53.1,Reversed,58,True,
RX-0001288,RXN-101288,PH-003,EMP-0050,EMP-0053,CUS-04570,PRD-00011,2026-06-27 17:35:00,2026-06-27 18:09:00,2026-06-28 19:09:00,90,1,80.3,26.5,53.8,Picked Up,34,False,
RX-0001289,RXN-101289,PH-005,EMP-0094,EMP-0099,CUS-02427,PRD-00057,2026-06-06 10:18:00,2026-06-06 10:39:00,2026-06-07 19:39:00,41,0,35.76,2.55,33.21,Ready,21,False,
RX-0001290,RXN-101290,PH-005,EMP-0094,EMP-0095,CUS-01785,PRD-00659,2026-07-27 14:11:42,2026-07-27 14:38:42,2026-07-28 16:38:42,34,0,60.48,13.84,46.64,Picked Up,27,False,
RX-0001291,RXN-101291,PH-003,EMP-0048,EMP-0053,CUS-04222,PRD-00292,2026-06-21 17:18:45,2026-06-21 17:47:45,2026-06-23 13:47:45,33,1,74.25,12.27,61.98,Picked Up,29,False,
RX-0001292,RXN-101292,PH-003,EMP-0048,EMP-0052,CUS-01539,PRD-00551,2026-06-30 12:43:53,2026-06-30 13:15:53,2026-07-01 02:15:53,54,2,59.9,3.27,56.63,Picked Up,32,False,
RX-0001293,RXN-101293,PH-002,EMP-0027,EMP-0033,CUS-03678,PRD-00322,2026-05-14 13:49:55,2026-05-14 14:33:55,2026-05-15 12:33:55,61,3,45.88,4.84,41.04,Picked Up,44,False,
RX-0001294,RXN-101294,PH-004,EMP-0071,EMP-0077,CUS-02303,PRD-00473,2026-06-06 16:16:36,2026-06-06 16:37:36,2026-06-07 06:37:36,76,1,16.67,3.2,13.47,Picked Up,21,False,
RX-0001295,RXN-101295,PH-001,EMP-0005,EMP-0011,CUS-00813,PRD-00096,2026-05-30 09:48:50,2026-05-30 09:58:50,2026-05-31 12:58:50,19,2,15.77,6.15,9.62,Not Collected,10,False,
RX-0001296,RXN-101296,PH-002,EMP-0026,EMP-0032,CUS-00027,PRD-00017,2026-07-05 17:07:11,2026-07-05 17:29:11,2026-07-06 05:29:11,43,0,92.96,34.64,58.32,Picked Up,22,False,
RX-0001297,RXN-101297,PH-002,EMP-0026,EMP-0033,CUS-00461,PRD-00389,2026-07-30 18:03:20,2026-07-30 18:24:20,2026-07-31 12:24:20,85,2,78.69,16.65,62.04,Picked Up,21,False,
RX-0001298,RXN-101298,PH-001,EMP-0005,EMP-0008,CUS-00222,PRD-00316,2026-05-20 20:50:56,2026-05-20 21:34:56,2026-05-22 19:34:56,85,1,53.03,12.86,40.17,Cancelled,44,False,
RX-0001299,RXN-101299,PH-002,EMP-0026,EMP-0031,CUS-02288,PRD-00574,2026-05-25 17:06:54,2026-05-25 17:48:54,2026-05-26 03:48:54,44,3,54.03,3.59,50.44,Reversed,42,True,
RX-0001300,RXN-101300,PH-004,EMP-0071,EMP-0075,CUS-01606,PRD-00324,2026-07-11 18:14:17,2026-07-11 18:37:17,2026-07-12 04:37:17,61,0,20.21,6.04,14.17,Picked Up,23,False,
RX-0001301,RXN-101301,PH-001,EMP-0004,EMP-0009,CUS-02797,PRD-00040,2026-05-21 11:41:40,2026-05-21 12:26:40,2026-05-21 19:26:40,14,1,89.36,8.13,81.23,Picked Up,45,False,
RX-0001302,RXN-101302,PH-003,EMP-0050,EMP-0053,CUS-01096,PRD-00455,2026-05-10 08:39:55,2026-05-10 08:53:55,2026-05-10 23:53:55,11,3,58.62,4.96,53.66,Picked Up,14,False,
RX-0001303,RXN-101303,PH-005,EMP-0093,EMP-0098,CUS-04413,PRD-00050,2026-07-30 15:57:27,2026-07-30 16:35:27,2026-07-31 02:35:27,78,2,82.48,25.67,56.81,Not Collected,38,False,
RX-0001304,RXN-101304,PH-004,EMP-0070,EMP-0077,CUS-04899,PRD-00096,2026-05-23 08:45:51,2026-05-23 09:08:51,2026-05-24 09:08:51,21,1,15.24,1.55,13.69,Picked Up,23,False,
RX-0001305,RXN-101305,PH-005,EMP-0093,EMP-0099,CUS-04563,PRD-00338,2026-06-24 14:34:30,2026-06-24 15:24:30,2026-06-26 09:24:30,60,0,29.46,8.25,21.21,Cancelled,50,False,
RX-0001306,RXN-101306,PH-005,EMP-0093,EMP-0098,CUS-01629,PRD-00347,2026-05-21 20:33:44,2026-05-21 20:55:44,2026-05-23 11:55:44,41,1,141.28,55.05,86.23,Reversed,22,True,
RX-0001307,RXN-101307,PH-004,EMP-0070,EMP-0074,CUS-00695,PRD-00389,2026-07-17 09:10:20,2026-07-17 09:48:20,2026-07-17 22:48:20,58,3,62.68,14.93,47.75,Picked Up,38,False,
RX-0001308,RXN-101308,PH-005,EMP-0094,EMP-0098,CUS-00738,PRD-00050,2026-06-15 18:22:02,2026-06-15 18:53:02,2026-06-16 02:53:02,18,3,111.11,18.92,92.19,Picked Up,31,False,
RX-0001309,RXN-101309,PH-003,EMP-0048,EMP-0051,CUS-02120,PRD-00347,2026-06-05 08:31:35,2026-06-05 09:03:35,2026-06-06 09:03:35,82,0,140.85,33.71,107.14,Not Collected,32,False,
RX-0001310,RXN-101310,PH-003,EMP-0050,EMP-0052,CUS-04498,PRD-00116,2026-05-15 09:10:49,2026-05-15 09:28:49,2026-05-17 08:28:49,49,0,108.46,36.92,71.54,Picked Up,18,False,
RX-0001311,RXN-101311,PH-002,EMP-0026,EMP-0033,CUS-00382,PRD-00517,2026-07-23 16:48:06,2026-07-23 17:17:06,2026-07-25 17:17:06,72,0,20.84,2.09,18.75,Picked Up,29,False,
RX-0001312,RXN-101312,PH-004,EMP-0071,EMP-0075,CUS-03141,PRD-00591,2026-07-11 20:51:09,2026-07-11 21:12:09,2026-07-13 09:12:09,21,3,159.14,30.11,129.03,Picked Up,21,False,
RX-0001313,RXN-101313,PH-002,EMP-0026,EMP-0032,CUS-04077,PRD-00486,2026-06-14 15:10:30,2026-06-14 15:40:30,2026-06-14 17:40:30,31,1,40.96,5.2,35.76,Ready,30,False,
RX-0001314,RXN-101314,PH-002,EMP-0027,EMP-0033,CUS-04377,PRD-00331,2026-05-16 09:14:38,2026-05-16 10:06:38,2026-05-17 02:06:38,66,2,41.62,2.73,38.89,Ready,52,False,
RX-0001315,RXN-101315,PH-003,EMP-0049,EMP-0052,CUS-02177,PRD-00055,2026-05-02 17:49:31,2026-05-02 18:18:31,2026-05-03 17:18:31,23,0,73.5,17.66,55.84,Picked Up,29,False,
RX-0001316,RXN-101316,PH-002,EMP-0028,EMP-0033,CUS-01096,PRD-00517,2026-05-27 18:16:24,2026-05-27 18:35:24,2026-05-27 22:35:24,62,2,21.77,7.47,14.3,Picked Up,19,False,
RX-0001317,RXN-101317,PH-003,EMP-0049,EMP-0053,CUS-01378,PRD-00036,2026-07-31 18:16:36,2026-07-31 18:48:36,2026-08-01 21:48:36,40,0,6.83,1.83,5.0,Picked Up,32,False,
RX-0001318,RXN-101318,PH-004,EMP-0072,EMP-0077,CUS-04356,PRD-00257,2026-06-29 10:54:31,2026-06-29 11:09:31,2026-06-30 07:09:31,75,1,56.14,3.25,52.89,Picked Up,15,False,
RX-0001319,RXN-101319,PH-003,EMP-0048,EMP-0051,CUS-04548,PRD-00621,2026-05-08 09:19:42,2026-05-08 09:38:42,2026-05-09 05:38:42,54,2,47.42,11.13,36.29,Picked Up,19,False,
RX-0001320,RXN-101320,PH-005,EMP-0093,EMP-0097,CUS-04711,PRD-00482,2026-07-17 13:16:40,2026-07-17 13:45:40,2026-07-19 09:45:40,76,0,81.51,17.96,63.55,Picked Up,29,False,
RX-0001321,RXN-101321,PH-001,EMP-0004,EMP-0011,CUS-02747,PRD-00292,2026-07-02 16:06:16,2026-07-02 16:35:16,2026-07-02 18:35:16,11,1,49.84,6.25,43.59,Not Collected,29,False,
RX-0001322,RXN-101322,PH-004,EMP-0072,EMP-0077,CUS-02465,PRD-00685,2026-07-07 10:33:10,2026-07-07 10:47:10,2026-07-07 20:47:10,49,2,11.45,1.29,10.16,Picked Up,14,False,
RX-0001323,RXN-101323,PH-003,EMP-0049,EMP-0052,CUS-03051,PRD-00347,2026-06-02 21:07:21,2026-06-02 21:28:21,2026-06-04 04:28:21,29,1,99.39,19.58,79.81,Picked Up,21,False,
RX-0001324,RXN-101324,PH-001,EMP-0005,EMP-0008,CUS-00209,PRD-00720,2026-05-25 08:52:57,2026-05-25 09:01:57,2026-05-25 15:01:57,84,1,16.96,2.91,14.05,Picked Up,9,False,
RX-0001325,RXN-101325,PH-001,EMP-0005,EMP-0009,CUS-00951,PRD-00040,2026-07-08 14:39:41,2026-07-08 14:58:41,2026-07-09 13:58:41,85,2,136.83,9.89,126.94,Ready,19,False,
RX-0001326,RXN-101326,PH-002,EMP-0026,EMP-0033,CUS-03021,PRD-00569,2026-06-12 17:04:54,2026-06-12 17:28:54,2026-06-14 00:28:54,61,0,53.06,11.76,41.3,Picked Up,24,False,
RX-0001327,RXN-101327,PH-001,EMP-0004,EMP-0010,CUS-02336,PRD-00086,2026-05-08 11:29:42,2026-05-08 12:09:42,2026-05-10 01:09:42,62,0,98.19,36.35,61.84,Picked Up,40,False,
RX-0001328,RXN-101328,PH-004,EMP-0071,EMP-0077,CUS-02541,PRD-00486,2026-06-29 09:01:29,2026-06-29 09:30:29,2026-07-01 05:30:29,13,2,30.31,8.16,22.15,Picked Up,29,False,
RX-0001329,RXN-101329,PH-005,EMP-0094,EMP-0096,CUS-01564,PRD-00125,2026-05-08 15:54:58,2026-05-08 16:33:58,2026-05-09 01:33:58,30,1,28.89,3.78,25.11,Picked Up,39,False,
RX-0001330,RXN-101330,PH-001,EMP-0005,EMP-0010,CUS-02887,PRD-00391,2026-05-22 19:21:57,2026-05-22 19:52:57,2026-05-23 19:52:57,36,1,27.89,4.26,23.63,Picked Up,31,False,
RX-0001331,RXN-101331,PH-004,EMP-0072,EMP-0076,CUS-00223,PRD-00423,2026-07-07 16:17:23,2026-07-07 17:22:23,2026-07-07 20:22:23,33,2,64.03,5.31,58.72,Picked Up,65,False,
RX-0001332,RXN-101332,PH-001,EMP-0004,EMP-0010,CUS-03767,PRD-00478,2026-05-27 18:24:17,2026-05-27 18:57:17,2026-05-28 16:57:17,69,0,117.76,28.41,89.35,Ready,33,False,
RX-0001333,RXN-101333,PH-002,EMP-0028,EMP-0031,CUS-01248,PRD-00324,2026-07-14 15:21:43,2026-07-14 15:36:43,2026-07-15 12:36:43,41,1,36.49,9.13,27.36,Picked Up,15,False,
RX-0001334,RXN-101334,PH-001,EMP-0005,EMP-0007,CUS-03323,PRD-00423,2026-05-12 13:17:19,2026-05-12 13:45:19,2026-05-12 16:45:19,69,3,61.99,11.5,50.49,Picked Up,28,False,
RX-0001335,RXN-101335,PH-003,EMP-0049,EMP-0054,CUS-04490,PRD-00472,2026-07-27 16:52:18,2026-07-27 17:36:18,2026-07-27 23:36:18,73,0,71.78,5.27,66.51,Picked Up,44,False,
RX-0001336,RXN-101336,PH-002,EMP-0028,EMP-0029,CUS-04426,PRD-00520,2026-06-02 09:26:26,2026-06-02 09:43:26,2026-06-04 03:43:26,21,2,64.59,23.83,40.76,Picked Up,17,False,
RX-0001337,RXN-101337,PH-002,EMP-0027,EMP-0033,CUS-03102,PRD-00389,2026-06-24 17:22:00,2026-06-24 17:49:00,2026-06-24 18:49:00,57,3,93.79,26.38,67.41,Cancelled,27,False,
RX-0001338,RXN-101338,PH-005,EMP-0093,EMP-0095,CUS-01781,PRD-00576,2026-06-09 11:33:22,2026-06-09 11:58:22,2026-06-10 06:58:22,21,1,44.69,10.18,34.51,Picked Up,25,False,
RX-0001339,RXN-101339,PH-001,EMP-0005,EMP-0008,CUS-02570,PRD-00472,2026-07-20 21:35:27,2026-07-20 21:52:27,2026-07-22 10:52:27,88,3,71.75,20.5,51.25,Not Collected,17,False,
RX-0001340,RXN-101340,PH-004,EMP-0070,EMP-0074,CUS-01189,PRD-00720,2026-05-09 17:02:58,2026-05-09 17:26:58,2026-05-11 00:26:58,34,1,16.88,4.93,11.95,Picked Up,24,False,
RX-0001341,RXN-101341,PH-003,EMP-0050,EMP-0053,CUS-04601,PRD-00353,2026-05-29 19:48:13,2026-05-29 20:34:13,2026-05-30 11:34:13,19,3,46.7,4.33,42.37,Picked Up,46,False,
RX-0001342,RXN-101342,PH-003,EMP-0048,EMP-0054,CUS-01321,PRD-00030,2026-06-26 10:52:21,2026-06-26 11:12:21,2026-06-27 15:12:21,14,0,18.64,7.1,11.54,Picked Up,20,False,
RX-0001343,RXN-101343,PH-004,EMP-0070,EMP-0076,CUS-02653,PRD-00718,2026-06-21 15:03:03,2026-06-21 15:19:03,2026-06-23 04:19:03,18,0,39.76,9.35,30.41,Picked Up,16,False,
RX-0001344,RXN-101344,PH-002,EMP-0028,EMP-0032,CUS-04774,PRD-00435,2026-05-11 18:53:50,2026-05-11 19:11:50,2026-05-13 08:11:50,53,3,68.08,5.63,62.45,Picked Up,18,False,
RX-0001345,RXN-101345,PH-004,EMP-0070,EMP-0073,CUS-02126,PRD-00011,2026-07-04 11:57:33,2026-07-04 12:29:33,2026-07-05 12:29:33,66,2,67.07,7.6,59.47,Not Collected,32,False,
RX-0001346,RXN-101346,PH-005,EMP-0094,EMP-0099,CUS-04512,PRD-00316,2026-05-28 18:24:49,2026-05-28 18:55:49,2026-05-30 00:55:49,78,2,101.3,34.77,66.53,Picked Up,31,False,
RX-0001347,RXN-101347,PH-002,EMP-0028,EMP-0031,CUS-03379,PRD-00257,2026-06-01 13:18:26,2026-06-01 13:34:26,2026-06-02 14:34:26,51,1,37.22,7.6,29.62,Cancelled,16,False,
RX-0001348,RXN-101348,PH-005,EMP-0094,EMP-0096,CUS-02645,PRD-00057,2026-05-14 19:56:06,2026-05-14 20:25:06,2026-05-15 02:25:06,83,2,52.25,8.05,44.2,Picked Up,29,False,
RX-0001349,RXN-101349,PH-001,EMP-0005,EMP-0011,CUS-01416,PRD-00482,2026-05-20 13:32:20,2026-05-20 13:51:20,2026-05-22 10:51:20,40,0,133.8,41.42,92.38,Picked Up,19,False,
RX-0001350,RXN-101350,PH-005,EMP-0092,EMP-0095,CUS-00961,PRD-00786,2026-06-08 11:45:19,2026-06-08 12:22:19,2026-06-09 03:22:19,30,2,101.71,39.46,62.25,Reversed,37,True,
RX-0001351,RXN-101351,PH-002,EMP-0027,EMP-0031,CUS-01088,PRD-00030,2026-05-27 09:26:20,2026-05-27 09:50:20,2026-05-28 05:50:20,33,3,26.02,4.12,21.9,Picked Up,24,False,
RX-0001352,RXN-101352,PH-005,EMP-0094,EMP-0096,CUS-01171,PRD-00569,2026-06-20 10:00:43,2026-06-20 10:25:43,2026-06-21 08:25:43,17,1,55.72,18.15,37.57,Cancelled,25,False,
RX-0001353,RXN-101353,PH-001,EMP-0004,EMP-0007,CUS-02524,PRD-00011,2026-05-14 21:26:09,2026-05-14 22:11:09,2026-05-15 05:11:09,42,2,53.87,19.82,34.05,Picked Up,45,False,
RX-0001354,RXN-101354,PH-001,EMP-0004,EMP-0011,CUS-01897,PRD-00324,2026-05-12 08:12:24,2026-05-12 08:35:24,2026-05-13 17:35:24,88,1,33.33,11.54,21.79,Reversed,23,True,
RX-0001355,RXN-101355,PH-003,EMP-0050,EMP-0055,CUS-01513,PRD-00057,2026-06-12 21:14:54,2026-06-12 22:00:54,2026-06-13 02:00:54,70,2,26.43,6.81,19.62,Picked Up,46,False,
RX-0001356,RXN-101356,PH-003,EMP-0049,EMP-0051,CUS-02059,PRD-00125,2026-05-28 08:57:57,2026-05-28 09:27:57,2026-05-29 00:27:57,61,2,16.98,1.7,15.28,Picked Up,30,False,
RX-0001357,RXN-101357,PH-001,EMP-0004,EMP-0011,CUS-04407,PRD-00081,2026-06-18 20:20:28,2026-06-18 21:02:28,2026-06-19 08:02:28,25,0,81.59,8.04,73.55,Picked Up,42,False,
RX-0001358,RXN-101358,PH-005,EMP-0092,EMP-0099,CUS-02688,PRD-00685,2026-07-26 13:57:33,2026-07-26 14:40:33,2026-07-27 08:40:33,18,0,14.96,3.99,10.97,Picked Up,43,False,
RX-0001359,RXN-101359,PH-002,EMP-0027,EMP-0033,CUS-02003,PRD-00485,2026-06-06 17:26:26,2026-06-06 17:43:26,2026-06-07 02:43:26,90,2,22.76,3.01,19.75,Picked Up,17,False,
RX-0001360,RXN-101360,PH-003,EMP-0050,EMP-0052,CUS-03961,PRD-00455,2026-07-21 11:05:39,2026-07-21 11:28:39,2026-07-22 15:28:39,25,1,99.97,21.59,78.38,Picked Up,23,False,
RX-0001361,RXN-101361,PH-005,EMP-0092,EMP-0098,CUS-02800,PRD-00659,2026-07-11 09:38:44,2026-07-11 09:48:44,2026-07-12 09:48:44,18,1,76.99,13.35,63.64,Picked Up,10,False,
RX-0001362,RXN-101362,PH-003,EMP-0048,EMP-0054,CUS-01826,PRD-00517,2026-05-03 10:32:17,2026-05-03 10:56:17,2026-05-04 03:56:17,21,1,21.1,5.35,15.75,Ready,24,False,
RX-0001363,RXN-101363,PH-004,EMP-0072,EMP-0077,CUS-02425,PRD-00125,2026-07-06 19:26:00,2026-07-06 20:06:00,2026-07-08 10:06:00,79,2,29.63,3.85,25.78,Picked Up,40,False,
RX-0001364,RXN-101364,PH-003,EMP-0049,EMP-0055,CUS-02052,PRD-00011,2026-07-31 09:21:33,2026-07-31 09:41:33,2026-07-31 14:41:33,13,3,78.94,21.02,57.92,Picked Up,20,False,
RX-0001365,RXN-101365,PH-004,EMP-0070,EMP-0074,CUS-04212,PRD-00435,2026-05-25 19:08:35,2026-05-25 19:55:35,2026-05-26 14:55:35,46,2,68.37,20.19,48.18,Ready,47,False,
RX-0001366,RXN-101366,PH-002,EMP-0026,EMP-0029,CUS-03379,PRD-00347,2026-05-17 10:49:28,2026-05-17 11:47:28,2026-05-18 17:47:28,20,0,67.44,18.01,49.43,Picked Up,58,False,
RX-0001367,RXN-101367,PH-005,EMP-0092,EMP-0099,CUS-03996,PRD-00185,2026-05-17 17:11:07,2026-05-17 17:16:07,2026-05-18 08:16:07,65,3,15.51,1.07,14.44,Picked Up,5,False,
RX-0001368,RXN-101368,PH-002,EMP-0027,EMP-0031,CUS-04397,PRD-00520,2026-06-04 21:57:44,2026-06-04 22:23:44,2026-06-05 00:23:44,90,1,37.53,9.95,27.58,Picked Up,26,False,
RX-0001369,RXN-101369,PH-001,EMP-0004,EMP-0011,CUS-00573,PRD-00435,2026-06-22 13:37:37,2026-06-22 14:05:37,2026-06-24 06:05:37,60,2,36.36,12.22,24.14,Picked Up,28,False,
RX-0001370,RXN-101370,PH-004,EMP-0071,EMP-0076,CUS-02968,PRD-00353,2026-07-04 13:43:08,2026-07-04 14:03:08,2026-07-05 04:03:08,49,2,31.21,1.76,29.45,Picked Up,20,False,
RX-0001371,RXN-101371,PH-003,EMP-0048,EMP-0051,CUS-03355,PRD-00507,2026-07-09 14:43:17,2026-07-09 15:29:17,2026-07-10 09:29:17,43,1,11.99,1.55,10.44,Picked Up,46,False,
RX-0001372,RXN-101372,PH-001,EMP-0004,EMP-0011,CUS-01824,PRD-00423,2026-07-24 17:08:17,2026-07-24 17:43:17,2026-07-26 10:43:17,78,2,90.55,15.95,74.6,Not Collected,35,False,
RX-0001373,RXN-101373,PH-002,EMP-0027,EMP-0033,CUS-00913,PRD-00678,2026-07-20 17:13:18,2026-07-20 17:33:18,2026-07-22 10:33:18,64,3,31.73,11.02,20.71,Picked Up,20,False,
RX-0001374,RXN-101374,PH-005,EMP-0093,EMP-0097,CUS-00227,PRD-00591,2026-06-02 09:23:00,2026-06-02 09:36:00,2026-06-02 13:36:00,64,1,155.18,44.84,110.34,Ready,13,False,
RX-0001375,RXN-101375,PH-005,EMP-0094,EMP-0095,CUS-04309,PRD-00055,2026-05-25 21:48:03,2026-05-25 22:17:03,2026-05-27 05:17:03,70,1,75.16,3.83,71.33,Ready,29,False,
RX-0001376,RXN-101376,PH-001,EMP-0004,EMP-0011,CUS-03954,PRD-00347,2026-05-25 19:58:32,2026-05-25 20:08:32,2026-05-26 23:08:32,42,0,114.01,36.19,77.82,Picked Up,10,False,
RX-0001377,RXN-101377,PH-003,EMP-0048,EMP-0052,CUS-01227,PRD-00595,2026-07-03 13:49:01,2026-07-03 14:40:01,2026-07-05 12:40:01,72,2,49.35,15.88,33.47,Picked Up,51,False,
RX-0001378,RXN-101378,PH-001,EMP-0005,EMP-0011,CUS-01304,PRD-00520,2026-06-03 18:00:19,2026-06-03 18:46:19,2026-06-05 03:46:19,42,1,39.01,7.6,31.41,Cancelled,46,False,
RX-0001379,RXN-101379,PH-004,EMP-0071,EMP-0073,CUS-03866,PRD-00473,2026-07-12 08:55:22,2026-07-12 09:39:22,2026-07-13 19:39:22,52,1,17.26,1.27,15.99,Picked Up,44,False,
RX-0001380,RXN-101380,PH-003,EMP-0050,EMP-0054,CUS-04855,PRD-00305,2026-06-04 16:51:37,2026-06-04 17:29:37,2026-06-06 14:29:37,61,2,132.79,50.83,81.96,Picked Up,38,False,
RX-0001381,RXN-101381,PH-001,EMP-0005,EMP-0009,CUS-00094,PRD-00576,2026-05-23 14:47:14,2026-05-23 15:01:14,2026-05-23 22:01:14,68,3,34.14,11.58,22.56,Cancelled,14,False,
RX-0001382,RXN-101382,PH-001,EMP-0004,EMP-0007,CUS-02648,PRD-00185,2026-06-22 17:40:44,2026-06-22 18:13:44,2026-06-24 17:13:44,73,2,16.22,6.14,10.08,Picked Up,33,False,
RX-0001383,RXN-101383,PH-005,EMP-0093,EMP-0095,CUS-04404,PRD-00316,2026-06-22 09:00:14,2026-06-22 09:18:14,2026-06-23 01:18:14,68,1,109.65,40.89,68.76,Picked Up,18,False,
RX-0001384,RXN-101384,PH-001,EMP-0005,EMP-0010,CUS-03706,PRD-00781,2026-05-22 08:19:10,2026-05-22 08:41:10,2026-05-22 11:41:10,18,0,64.41,5.64,58.77,Picked Up,22,False,
RX-0001385,RXN-101385,PH-003,EMP-0048,EMP-0054,CUS-01952,PRD-00347,2026-07-20 15:06:16,2026-07-20 15:15:16,2026-07-22 00:15:16,31,1,84.21,16.29,67.92,Not Collected,9,False,
RX-0001386,RXN-101386,PH-003,EMP-0048,EMP-0054,CUS-03143,PRD-00568,2026-07-16 17:59:35,2026-07-16 18:50:35,2026-07-18 11:50:35,38,0,100.69,16.41,84.28,Picked Up,51,False,
RX-0001387,RXN-101387,PH-001,EMP-0004,EMP-0008,CUS-04898,PRD-00478,2026-07-13 08:39:06,2026-07-13 08:50:06,2026-07-15 06:50:06,29,0,95.57,12.72,82.85,Picked Up,11,False,
RX-0001388,RXN-101388,PH-001,EMP-0004,EMP-0010,CUS-02383,PRD-00478,2026-07-10 10:12:27,2026-07-10 10:51:27,2026-07-12 09:51:27,29,3,62.58,18.07,44.51,Picked Up,39,False,
RX-0001389,RXN-101389,PH-001,EMP-0005,EMP-0009,CUS-02116,PRD-00356,2026-07-17 14:25:56,2026-07-17 14:55:56,2026-07-17 21:55:56,66,3,43.07,11.38,31.69,Picked Up,30,False,
RX-0001390,RXN-101390,PH-003,EMP-0049,EMP-0054,CUS-04111,PRD-00257,2026-07-22 13:10:25,2026-07-22 13:15:25,2026-07-23 06:15:25,85,1,47.04,3.31,43.73,Picked Up,5,False,
RX-0001391,RXN-101391,PH-004,EMP-0070,EMP-0076,CUS-02045,PRD-00125,2026-06-04 14:41:45,2026-06-04 14:56:45,2026-06-05 18:56:45,56,2,38.19,6.26,31.93,Not Collected,15,False,
RX-0001392,RXN-101392,PH-005,EMP-0092,EMP-0097,CUS-03238,PRD-00718,2026-06-20 18:56:59,2026-06-20 19:27:59,2026-06-22 10:27:59,64,1,46.16,4.6,41.56,Ready,31,False,
RX-0001393,RXN-101393,PH-004,EMP-0072,EMP-0073,CUS-04318,PRD-00574,2026-07-29 12:36:56,2026-07-29 13:07:56,2026-07-29 17:07:56,80,2,59.48,4.73,54.75,Reversed,31,True,
RX-0001394,RXN-101394,PH-002,EMP-0028,EMP-0029,CUS-01472,PRD-00685,2026-06-23 12:44:11,2026-06-23 13:24:11,2026-06-23 19:24:11,19,1,14.15,5.26,8.89,Picked Up,40,False,
RX-0001395,RXN-101395,PH-005,EMP-0094,EMP-0095,CUS-04642,PRD-00520,2026-07-19 18:15:17,2026-07-19 18:50:17,2026-07-21 04:50:17,83,2,80.79,30.76,50.03,Picked Up,35,False,
RX-0001396,RXN-101396,PH-005,EMP-0093,EMP-0096,CUS-02447,PRD-00455,2026-05-10 17:29:31,2026-05-10 18:03:31,2026-05-12 11:03:31,75,1,80.26,4.39,75.87,Cancelled,34,False,
RX-0001397,RXN-101397,PH-002,EMP-0026,EMP-0030,CUS-03305,PRD-00055,2026-05-11 11:28:19,2026-05-11 11:39:19,2026-05-11 15:39:19,42,1,83.64,23.93,59.71,Picked Up,11,False,
RX-0001398,RXN-101398,PH-001,EMP-0004,EMP-0007,CUS-00611,PRD-00116,2026-05-20 20:43:30,2026-05-20 21:16:30,2026-05-21 07:16:30,55,2,79.81,17.56,62.25,Picked Up,33,False,
RX-0001399,RXN-101399,PH-005,EMP-0092,EMP-0097,CUS-03892,PRD-00517,2026-05-12 17:48:21,2026-05-12 18:32:21,2026-05-12 21:32:21,86,1,28.3,9.76,18.54,Picked Up,44,False,
RX-0001400,RXN-101400,PH-003,EMP-0050,EMP-0052,CUS-03816,PRD-00527,2026-05-17 12:39:29,2026-05-17 13:07:29,2026-05-17 19:07:29,16,0,47.01,14.46,32.55,Picked Up,28,False,
RX-0001401,RXN-101401,PH-004,EMP-0070,EMP-0074,CUS-01378,PRD-00473,2026-06-18 19:34:49,2026-06-18 19:57:49,2026-06-19 16:57:49,23,3,12.58,0.98,11.6,Cancelled,23,False,
RX-0001402,RXN-101402,PH-005,EMP-0094,EMP-0098,CUS-01013,PRD-00718,2026-07-12 10:16:48,2026-07-12 10:46:48,2026-07-14 04:46:48,56,3,22.71,7.37,15.34,Picked Up,30,False,
RX-0001403,RXN-101403,PH-002,EMP-0026,EMP-0031,CUS-02838,PRD-00520,2026-06-26 20:45:51,2026-06-26 21:13:51,2026-06-27 14:13:51,60,1,61.78,3.73,58.05,Ready,28,False,
RX-0001404,RXN-101404,PH-005,EMP-0093,EMP-0096,CUS-04245,PRD-00472,2026-07-13 21:58:11,2026-07-13 22:36:11,2026-07-14 14:36:11,31,0,59.09,9.28,49.81,Picked Up,38,False,
RX-0001405,RXN-101405,PH-003,EMP-0049,EMP-0055,CUS-00958,PRD-00567,2026-07-13 13:07:30,2026-07-13 13:52:30,2026-07-14 00:52:30,31,2,27.95,11.02,16.93,Picked Up,45,False,
RX-0001406,RXN-101406,PH-005,EMP-0093,EMP-0095,CUS-00971,PRD-00050,2026-07-07 16:39:56,2026-07-07 17:12:56,2026-07-09 04:12:56,42,0,118.05,29.26,88.79,Picked Up,33,False,
RX-0001407,RXN-101407,PH-002,EMP-0028,EMP-0029,CUS-01716,PRD-00455,2026-05-21 19:08:51,2026-05-21 19:39:51,2026-05-22 04:39:51,24,2,61.72,10.36,51.36,Picked Up,31,False,
RX-0001408,RXN-101408,PH-004,EMP-0072,EMP-0075,CUS-01898,PRD-00140,2026-07-17 14:28:49,2026-07-17 15:04:49,2026-07-17 17:04:49,18,1,65.59,23.04,42.55,Picked Up,36,False,
RX-0001409,RXN-101409,PH-005,EMP-0093,EMP-0097,CUS-03860,PRD-00050,2026-07-06 18:13:05,2026-07-06 18:41:05,2026-07-07 08:41:05,22,1,75.77,7.51,68.26,Picked Up,28,False,
RX-0001410,RXN-101410,PH-002,EMP-0026,EMP-0032,CUS-02387,PRD-00017,2026-05-03 14:55:02,2026-05-03 15:12:02,2026-05-04 12:12:02,19,0,83.85,20.17,63.68,Not Collected,17,False,
RX-0001411,RXN-101411,PH-005,EMP-0093,EMP-0098,CUS-02506,PRD-00517,2026-07-14 08:49:46,2026-07-14 09:04:46,2026-07-15 13:04:46,67,0,33.33,10.32,23.01,Not Collected,15,False,
RX-0001412,RXN-101412,PH-001,EMP-0005,EMP-0007,CUS-00601,PRD-00338,2026-07-25 13:55:52,2026-07-25 14:00:52,2026-07-25 15:00:52,42,0,32.17,4.77,27.4,Not Collected,5,False,
RX-0001413,RXN-101413,PH-003,EMP-0049,EMP-0051,CUS-01135,PRD-00055,2026-06-19 10:16:33,2026-06-19 10:47:33,2026-06-20 02:47:33,35,2,88.77,22.14,66.63,Not Collected,31,False,
RX-0001414,RXN-101414,PH-002,EMP-0027,EMP-0029,CUS-01211,PRD-00485,2026-07-08 14:00:31,2026-07-08 14:22:31,2026-07-09 02:22:31,77,3,16.69,2.78,13.91,Reversed,22,True,
RX-0001415,RXN-101415,PH-004,EMP-0072,EMP-0075,CUS-01946,PRD-00086,2026-07-29 12:53:43,2026-07-29 13:27:43,2026-07-29 18:27:43,28,2,73.36,26.54,46.82,Reversed,34,True,
RX-0001416,RXN-101416,PH-001,EMP-0004,EMP-0008,CUS-03021,PRD-00356,2026-07-01 17:06:03,2026-07-01 17:31:03,2026-07-01 19:31:03,32,3,37.78,13.61,24.17,Picked Up,25,False,
RX-0001417,RXN-101417,PH-004,EMP-0071,EMP-0077,CUS-01451,PRD-00305,2026-06-07 15:28:28,2026-06-07 16:08:28,2026-06-08 04:08:28,34,1,111.41,17.52,93.89,Ready,40,False,
RX-0001418,RXN-101418,PH-003,EMP-0049,EMP-0052,CUS-04290,PRD-00569,2026-07-12 14:15:06,2026-07-12 14:22:06,2026-07-14 14:22:06,44,2,54.35,13.28,41.07,Picked Up,7,False,
RX-0001419,RXN-101419,PH-004,EMP-0070,EMP-0077,CUS-03349,PRD-00017,2026-07-07 15:31:51,2026-07-07 16:05:51,2026-07-08 01:05:51,55,1,104.16,12.67,91.49,Picked Up,34,False,
RX-0001420,RXN-101420,PH-005,EMP-0092,EMP-0098,CUS-04611,PRD-00478,2026-05-08 20:56:56,2026-05-08 21:28:56,2026-05-09 23:28:56,70,0,94.6,5.09,89.51,Cancelled,32,False,
RX-0001421,RXN-101421,PH-005,EMP-0092,EMP-0097,CUS-02679,PRD-00257,2026-07-09 10:09:10,2026-07-09 10:43:10,2026-07-11 08:43:10,62,1,45.71,17.38,28.33,Picked Up,34,False,
RX-0001422,RXN-101422,PH-005,EMP-0093,EMP-0099,CUS-03138,PRD-00140,2026-07-06 10:37:58,2026-07-06 11:09:58,2026-07-06 19:09:58,46,1,79.34,20.42,58.92,Picked Up,32,False,
RX-0001423,RXN-101423,PH-001,EMP-0004,EMP-0008,CUS-00597,PRD-00057,2026-06-29 15:54:59,2026-06-29 16:20:59,2026-06-29 23:20:59,41,0,56.04,18.9,37.14,Picked Up,26,False,
RX-0001424,RXN-101424,PH-003,EMP-0048,EMP-0051,CUS-03418,PRD-00086,2026-05-21 15:11:27,2026-05-21 15:16:27,2026-05-23 05:16:27,38,2,69.88,4.15,65.73,Reversed,5,True,
RX-0001425,RXN-101425,PH-005,EMP-0092,EMP-0099,CUS-01345,PRD-00081,2026-06-11 15:05:42,2026-06-11 15:42:42,2026-06-12 16:42:42,33,2,120.32,6.45,113.87,Picked Up,37,False,
RX-0001426,RXN-101426,PH-005,EMP-0094,EMP-0095,CUS-02156,PRD-00316,2026-07-24 13:07:52,2026-07-24 13:35:52,2026-07-26 07:35:52,84,0,76.21,13.82,62.39,Picked Up,28,False,
RX-0001427,RXN-101427,PH-003,EMP-0048,EMP-0055,CUS-02884,PRD-00485,2026-07-31 18:20:15,2026-07-31 18:46:15,2026-08-01 09:46:15,28,3,20.29,4.03,16.26,Picked Up,26,False,
RX-0001428,RXN-101428,PH-005,EMP-0092,EMP-0097,CUS-00569,PRD-00551,2026-05-31 11:03:20,2026-05-31 11:26:20,2026-06-01 03:26:20,72,1,33.67,3.52,30.15,Picked Up,23,False,
RX-0001429,RXN-101429,PH-001,EMP-0004,EMP-0010,CUS-01658,PRD-00423,2026-05-07 11:11:49,2026-05-07 11:48:49,2026-05-08 16:48:49,20,0,60.78,21.15,39.63,Picked Up,37,False,
RX-0001430,RXN-101430,PH-004,EMP-0070,EMP-0073,CUS-03316,PRD-00527,2026-06-19 18:13:12,2026-06-19 18:46:12,2026-06-20 17:46:12,44,0,75.83,10.29,65.54,Cancelled,33,False,
RX-0001431,RXN-101431,PH-002,EMP-0026,EMP-0033,CUS-02514,PRD-00101,2026-07-04 19:35:38,2026-07-04 19:55:38,2026-07-04 23:55:38,85,2,31.02,12.26,18.76,Reversed,20,True,
RX-0001432,RXN-101432,PH-003,EMP-0049,EMP-0055,CUS-03228,PRD-00057,2026-05-20 21:12:02,2026-05-20 21:47:02,2026-05-22 19:47:02,10,0,36.41,2.13,34.28,Picked Up,35,False,
RX-0001433,RXN-101433,PH-003,EMP-0050,EMP-0053,CUS-03762,PRD-00338,2026-06-20 21:28:49,2026-06-20 21:33:49,2026-06-22 17:33:49,26,2,16.76,3.49,13.27,Picked Up,5,False,
RX-0001434,RXN-101434,PH-004,EMP-0071,EMP-0073,CUS-03233,PRD-00324,2026-05-25 15:52:55,2026-05-25 16:10:55,2026-05-26 20:10:55,65,0,16.7,0.99,15.71,Picked Up,18,False,
RX-0001435,RXN-101435,PH-001,EMP-0004,EMP-0008,CUS-00163,PRD-00473,2026-06-29 12:54:21,2026-06-29 13:24:21,2026-06-29 17:24:21,82,0,10.19,2.83,7.36,Picked Up,30,False,
RX-0001436,RXN-101436,PH-005,EMP-0092,EMP-0099,CUS-02988,PRD-00720,2026-07-02 15:57:12,2026-07-02 16:15:12,2026-07-03 01:15:12,21,1,12.91,3.75,9.16,Not Collected,18,False,
RX-0001437,RXN-101437,PH-001,EMP-0004,EMP-0009,CUS-01905,PRD-00331,2026-06-23 13:32:54,2026-06-23 14:05:54,2026-06-25 01:05:54,83,2,31.9,9.23,22.67,Picked Up,33,False,
RX-0001438,RXN-101438,PH-004,EMP-0072,EMP-0074,CUS-02149,PRD-00140,2026-07-19 19:14:07,2026-07-19 19:45:07,2026-07-21 02:45:07,14,1,62.68,4.96,57.72,Picked Up,31,False,
RX-0001439,RXN-101439,PH-005,EMP-0092,EMP-0099,CUS-02434,PRD-00654,2026-05-03 08:10:14,2026-05-03 08:35:14,2026-05-05 05:35:14,80,0,74.68,14.68,60.0,Picked Up,25,False,
RX-0001440,RXN-101440,PH-004,EMP-0070,EMP-0075,CUS-01406,PRD-00551,2026-06-15 15:13:47,2026-06-15 15:44:47,2026-06-17 02:44:47,40,3,47.95,18.0,29.95,Picked Up,31,False,
RX-0001441,RXN-101441,PH-003,EMP-0048,EMP-0051,CUS-00544,PRD-00057,2026-07-13 15:04:24,2026-07-13 16:00:24,2026-07-15 03:00:24,82,2,36.42,8.15,28.27,Ready,56,False,
RX-0001442,RXN-101442,PH-003,EMP-0048,EMP-0051,CUS-00258,PRD-00055,2026-05-31 09:25:20,2026-05-31 10:00:20,2026-06-01 10:00:20,65,3,60.71,3.51,57.2,Picked Up,35,False,
RX-0001443,RXN-101443,PH-002,EMP-0027,EMP-0033,CUS-01746,PRD-00125,2026-06-02 20:26:44,2026-06-02 20:49:44,2026-06-03 01:49:44,71,3,31.24,9.88,21.36,Not Collected,23,False,
RX-0001444,RXN-101444,PH-002,EMP-0027,EMP-0033,CUS-00890,PRD-00682,2026-06-27 15:13:33,2026-06-27 15:41:33,2026-06-29 09:41:33,23,3,87.02,7.29,79.73,Picked Up,28,False,
RX-0001445,RXN-101445,PH-003,EMP-0050,EMP-0052,CUS-01688,PRD-00057,2026-06-28 10:09:54,2026-06-28 10:39:54,2026-06-29 16:39:54,19,1,44.1,9.98,34.12,Picked Up,30,False,
RX-0001446,RXN-101446,PH-005,EMP-0094,EMP-0097,CUS-00795,PRD-00140,2026-06-01 13:51:06,2026-06-01 14:24:06,2026-06-03 01:24:06,30,0,58.06,21.82,36.24,Picked Up,33,False,
RX-0001447,RXN-101447,PH-005,EMP-0092,EMP-0097,CUS-04876,PRD-00130,2026-05-21 12:02:48,2026-05-21 12:26:48,2026-05-22 10:26:48,52,0,23.52,6.12,17.4,Picked Up,24,False,
RX-0001448,RXN-101448,PH-005,EMP-0093,EMP-0099,CUS-00323,PRD-00507,2026-05-17 18:02:57,2026-05-17 18:43:57,2026-05-19 01:43:57,58,1,15.66,3.69,11.97,Picked Up,41,False,
RX-0001449,RXN-101449,PH-002,EMP-0026,EMP-0030,CUS-01157,PRD-00081,2026-07-11 18:13:11,2026-07-11 18:36:11,2026-07-11 20:36:11,13,0,108.83,38.12,70.71,Picked Up,23,False,
RX-0001450,RXN-101450,PH-005,EMP-0094,EMP-0095,CUS-00549,PRD-00455,2026-07-11 21:49:55,2026-07-11 22:44:55,2026-07-13 12:44:55,61,1,90.87,7.3,83.57,Picked Up,55,False,
RX-0001451,RXN-101451,PH-002,EMP-0027,EMP-0030,CUS-00606,PRD-00395,2026-06-23 12:45:16,2026-06-23 13:03:16,2026-06-25 01:03:16,38,1,23.83,8.78,15.05,Picked Up,18,False,
RX-0001452,RXN-101452,PH-005,EMP-0094,EMP-0099,CUS-01626,PRD-00423,2026-07-01 11:12:11,2026-07-01 11:40:11,2026-07-02 04:40:11,76,1,65.64,4.67,60.97,Picked Up,28,False,
RX-0001453,RXN-101453,PH-002,EMP-0026,EMP-0031,CUS-01062,PRD-00081,2026-07-13 16:32:00,2026-07-13 16:45:00,2026-07-15 01:45:00,69,0,110.38,41.15,69.23,Picked Up,13,False,
RX-0001454,RXN-101454,PH-001,EMP-0004,EMP-0011,CUS-03451,PRD-00485,2026-06-14 14:20:54,2026-06-14 15:02:54,2026-06-16 04:02:54,33,3,24.22,5.56,18.66,Picked Up,42,False,
RX-0001455,RXN-101455,PH-001,EMP-0005,EMP-0008,CUS-03987,PRD-00517,2026-05-23 11:11:26,2026-05-23 11:54:26,2026-05-24 19:54:26,72,0,19.49,6.68,12.81,Reversed,43,True,
RX-0001456,RXN-101456,PH-001,EMP-0004,EMP-0010,CUS-02426,PRD-00517,2026-06-21 15:31:48,2026-06-21 16:11:48,2026-06-22 04:11:48,26,2,31.51,12.0,19.51,Picked Up,40,False,
RX-0001457,RXN-101457,PH-003,EMP-0048,EMP-0051,CUS-03063,PRD-00347,2026-07-18 12:21:17,2026-07-18 12:52:17,2026-07-19 08:52:17,34,3,105.35,12.39,92.96,Picked Up,31,False,
RX-0001458,RXN-101458,PH-002,EMP-0026,EMP-0029,CUS-01629,PRD-00654,2026-07-27 19:01:37,2026-07-27 19:38:37,2026-07-28 09:38:37,48,1,32.74,6.33,26.41,Picked Up,37,False,
RX-0001459,RXN-101459,PH-003,EMP-0048,EMP-0053,CUS-03248,PRD-00125,2026-07-10 20:26:20,2026-07-10 20:49:20,2026-07-12 01:49:20,90,1,29.59,5.47,24.12,Picked Up,23,False,
RX-0001460,RXN-101460,PH-002,EMP-0026,EMP-0031,CUS-02436,PRD-00467,2026-06-25 12:44:40,2026-06-25 13:06:40,2026-06-26 18:06:40,24,2,92.78,35.42,57.36,Cancelled,22,False,
RX-0001461,RXN-101461,PH-002,EMP-0026,EMP-0032,CUS-01219,PRD-00322,2026-06-28 09:02:24,2026-06-28 09:11:24,2026-06-28 16:11:24,52,2,43.5,3.73,39.77,Picked Up,9,False,
RX-0001462,RXN-101462,PH-004,EMP-0070,EMP-0075,CUS-02147,PRD-00678,2026-05-27 08:37:30,2026-05-27 08:57:30,2026-05-28 07:57:30,50,0,37.42,9.29,28.13,Reversed,20,True,
RX-0001463,RXN-101463,PH-005,EMP-0093,EMP-0096,CUS-00788,PRD-00356,2026-07-10 21:22:37,2026-07-10 21:52:37,2026-07-11 06:52:37,46,0,55.83,9.96,45.87,Picked Up,30,False,
RX-0001464,RXN-101464,PH-002,EMP-0027,EMP-0029,CUS-01469,PRD-00482,2026-05-26 08:18:44,2026-05-26 08:53:44,2026-05-27 10:53:44,89,3,62.79,16.81,45.98,Picked Up,35,False,
RX-0001465,RXN-101465,PH-004,EMP-0072,EMP-0073,CUS-00344,PRD-00257,2026-06-03 19:31:05,2026-06-03 20:19:05,2026-06-05 12:19:05,73,2,73.57,7.76,65.81,Not Collected,48,False,
RX-0001466,RXN-101466,PH-005,EMP-0094,EMP-0097,CUS-01050,PRD-00057,2026-07-08 18:46:24,2026-07-08 19:16:24,2026-07-09 04:16:24,47,1,30.97,9.36,21.61,Not Collected,30,False,
RX-0001467,RXN-101467,PH-005,EMP-0093,EMP-0098,CUS-01078,PRD-00050,2026-06-17 21:20:56,2026-06-17 21:41:56,2026-06-19 04:41:56,16,0,147.69,41.71,105.98,Picked Up,21,False,
RX-0001468,RXN-101468,PH-005,EMP-0094,EMP-0096,CUS-00358,PRD-00011,2026-07-20 19:39:59,2026-07-20 20:24:59,2026-07-20 21:24:59,41,0,76.18,28.18,48.0,Picked Up,45,False,
RX-0001469,RXN-101469,PH-001,EMP-0005,EMP-0008,CUS-00682,PRD-00220,2026-05-11 17:11:30,2026-05-11 17:56:30,2026-05-11 21:56:30,58,2,47.27,14.74,32.53,Cancelled,45,False,
RX-0001470,RXN-101470,PH-003,EMP-0049,EMP-0054,CUS-01331,PRD-00568,2026-05-10 11:34:45,2026-05-10 11:54:45,2026-05-11 01:54:45,54,3,69.84,11.1,58.74,Picked Up,20,False,
RX-0001471,RXN-101471,PH-003,EMP-0048,EMP-0051,CUS-03056,PRD-00595,2026-07-13 18:12:19,2026-07-13 18:39:19,2026-07-14 01:39:19,11,3,66.13,9.55,56.58,Picked Up,27,False,
RX-0001472,RXN-101472,PH-003,EMP-0049,EMP-0053,CUS-03327,PRD-00682,2026-06-14 21:23:14,2026-06-14 21:49:14,2026-06-16 15:49:14,73,1,84.35,14.36,69.99,Picked Up,26,False,
RX-0001473,RXN-101473,PH-003,EMP-0050,EMP-0051,CUS-04709,PRD-00185,2026-07-07 14:52:12,2026-07-07 15:35:12,2026-07-08 04:35:12,65,3,8.6,1.32,7.28,Not Collected,43,False,
RX-0001474,RXN-101474,PH-005,EMP-0093,EMP-0097,CUS-03942,PRD-00685,2026-06-06 18:52:17,2026-06-06 19:32:17,2026-06-07 06:32:17,69,3,14.93,4.16,10.77,Picked Up,40,False,
RX-0001475,RXN-101475,PH-002,EMP-0026,EMP-0032,CUS-04105,PRD-00786,2026-05-06 08:17:38,2026-05-06 08:56:38,2026-05-06 13:56:38,35,0,133.83,34.98,98.85,Picked Up,39,False,
RX-0001476,RXN-101476,PH-004,EMP-0072,EMP-0074,CUS-04430,PRD-00455,2026-06-20 16:04:27,2026-06-20 16:39:27,2026-06-20 19:39:27,33,0,60.07,6.17,53.9,Picked Up,35,False,
RX-0001477,RXN-101477,PH-001,EMP-0005,EMP-0010,CUS-03217,PRD-00569,2026-07-04 16:31:42,2026-07-04 16:51:42,2026-07-05 17:51:42,90,1,43.72,4.8,38.92,Picked Up,20,False,
RX-0001478,RXN-101478,PH-004,EMP-0072,EMP-0076,CUS-00953,PRD-00576,2026-07-25 13:29:17,2026-07-25 14:03:17,2026-07-25 19:03:17,39,1,28.74,5.82,22.92,Picked Up,34,False,
RX-0001479,RXN-101479,PH-001,EMP-0004,EMP-0007,CUS-00494,PRD-00389,2026-06-17 09:49:00,2026-06-17 09:56:00,2026-06-19 06:56:00,58,2,66.98,15.55,51.43,Picked Up,7,False,
RX-0001480,RXN-101480,PH-005,EMP-0094,EMP-0099,CUS-04423,PRD-00101,2026-05-05 08:51:12,2026-05-05 09:44:12,2026-05-07 05:44:12,34,0,43.13,12.62,30.51,Picked Up,53,False,
RX-0001481,RXN-101481,PH-005,EMP-0094,EMP-0098,CUS-03447,PRD-00435,2026-06-25 16:37:49,2026-06-25 16:56:49,2026-06-25 19:56:49,34,2,52.77,17.48,35.29,Picked Up,19,False,
RX-0001482,RXN-101482,PH-002,EMP-0028,EMP-0030,CUS-02847,PRD-00482,2026-06-25 12:35:40,2026-06-25 13:04:40,2026-06-26 03:04:40,14,3,113.57,33.47,80.1,Not Collected,29,False,
RX-0001483,RXN-101483,PH-004,EMP-0071,EMP-0077,CUS-01560,PRD-00476,2026-06-19 13:44:05,2026-06-19 14:23:05,2026-06-20 11:23:05,24,0,60.64,4.59,56.05,Picked Up,39,False,
RX-0001484,RXN-101484,PH-002,EMP-0028,EMP-0032,CUS-04281,PRD-00002,2026-07-10 17:23:43,2026-07-10 18:08:43,2026-07-11 00:08:43,41,0,62.24,22.59,39.65,Picked Up,45,False,
RX-0001485,RXN-101485,PH-002,EMP-0028,EMP-0030,CUS-00484,PRD-00482,2026-06-09 19:45:20,2026-06-09 20:22:20,2026-06-11 10:22:20,27,1,134.82,7.58,127.24,Picked Up,37,False,
RX-0001486,RXN-101486,PH-003,EMP-0048,EMP-0054,CUS-01397,PRD-00356,2026-06-03 19:13:28,2026-06-03 19:48:28,2026-06-04 12:48:28,55,2,62.63,8.53,54.1,Picked Up,35,False,
RX-0001487,RXN-101487,PH-005,EMP-0092,EMP-0097,CUS-04710,PRD-00595,2026-06-22 10:57:13,2026-06-22 11:21:13,2026-06-24 01:21:13,68,3,71.02,19.11,51.91,Picked Up,24,False,
RX-0001488,RXN-101488,PH-003,EMP-0050,EMP-0052,CUS-01620,PRD-00331,2026-07-13 18:21:59,2026-07-13 18:26:59,2026-07-14 00:26:59,46,1,46.48,7.34,39.14,Picked Up,5,False,
RX-0001489,RXN-101489,PH-003,EMP-0048,EMP-0053,CUS-00547,PRD-00569,2026-06-18 18:17:50,2026-06-18 18:36:50,2026-06-19 18:36:50,60,1,46.09,2.45,43.64,Picked Up,19,False,
RX-0001490,RXN-101490,PH-003,EMP-0050,EMP-0053,CUS-00962,PRD-00720,2026-07-12 11:46:18,2026-07-12 12:40:18,2026-07-13 07:40:18,34,0,12.1,1.1,11.0,Picked Up,54,False,
RX-0001491,RXN-101491,PH-002,EMP-0026,EMP-0030,CUS-03453,PRD-00435,2026-07-15 21:02:19,2026-07-15 21:30:19,2026-07-17 02:30:19,70,2,51.59,19.2,32.39,Picked Up,28,False,
RX-0001492,RXN-101492,PH-005,EMP-0092,EMP-0097,CUS-00266,PRD-00125,2026-07-01 19:03:25,2026-07-01 19:52:25,2026-07-03 14:52:25,80,3,30.82,9.56,21.26,Picked Up,49,False,
RX-0001493,RXN-101493,PH-005,EMP-0093,EMP-0096,CUS-04219,PRD-00292,2026-05-19 17:02:41,2026-05-19 17:35:41,2026-05-20 12:35:41,31,1,60.32,17.52,42.8,Picked Up,33,False,
RX-0001494,RXN-101494,PH-003,EMP-0048,EMP-0054,CUS-04993,PRD-00292,2026-06-27 14:37:12,2026-06-27 14:58:12,2026-06-29 11:58:12,82,1,90.47,35.23,55.24,Cancelled,21,False,
RX-0001495,RXN-101495,PH-002,EMP-0027,EMP-0030,CUS-04542,PRD-00455,2026-06-04 09:29:04,2026-06-04 09:48:04,2026-06-06 05:48:04,80,2,88.42,15.86,72.56,Picked Up,19,False,
RX-0001496,RXN-101496,PH-003,EMP-0048,EMP-0053,CUS-04238,PRD-00520,2026-05-13 09:12:38,2026-05-13 09:58:38,2026-05-13 18:58:38,15,2,58.79,14.57,44.22,Picked Up,46,False,
RX-0001497,RXN-101497,PH-003,EMP-0048,EMP-0055,CUS-03622,PRD-00036,2026-07-08 13:13:19,2026-07-08 13:22:19,2026-07-08 16:22:19,73,0,6.03,2.24,3.79,Picked Up,9,False,
RX-0001498,RXN-101498,PH-003,EMP-0049,EMP-0054,CUS-03127,PRD-00356,2026-07-21 10:55:15,2026-07-21 11:00:15,2026-07-23 11:00:15,75,1,78.69,22.09,56.6,Picked Up,5,False,
RX-0001499,RXN-101499,PH-003,EMP-0050,EMP-0055,CUS-02537,PRD-00130,2026-06-07 09:18:49,2026-06-07 09:31:49,2026-06-07 19:31:49,16,0,38.64,8.25,30.39,Cancelled,13,False,
RX-0001500,RXN-101500,PH-002,EMP-0028,EMP-0031,CUS-04126,PRD-00030,2026-06-07 14:55:55,2026-06-07 15:36:55,2026-06-08 00:36:55,32,0,23.92,1.32,22.6,Cancelled,41,False,
