receipt_id,transaction_id,receipt_number,print_type,printed_datetime,printed_by_employee_id,register_id,store_id,print_reason
RCT-0000001,TXN-0004917,RCP-00004917,Original,2026-05-01 08:04:36,EMP-0084,REG-06,PH-004,
RCT-0000002,TXN-0001499,RCP-00001499,Original,2026-05-01 08:07:57,EMP-0017,REG-03,PH-001,
RCT-0000003,TXN-0000694,RCP-00000694,Original,2026-05-01 08:18:32,EMP-0013,REG-01,PH-001,
RCT-0000004,TXN-0000617,RCP-00000617,Original,2026-05-01 08:22:59,EMP-0034,REG-06,PH-002,
RCT-0000005,TXN-0003863,RCP-00003863,Original,2026-05-01 08:53:48,EMP-0108,REG-02,PH-005,
RCT-0000006,TXN-0003104,RCP-00003104,Original,2026-05-01 09:19:11,EMP-0042,REG-04,PH-002,
RCT-0000007,TXN-0004858,RCP-00004858,Original,2026-05-01 09:24:17,EMP-0046,REG-04,PH-003,
RCT-0000008,TXN-0000966,RCP-00000966,Original,2026-05-01 09:33:09,EMP-0068,REG-05,PH-004,
RCT-0000009,TXN-0000783,RCP-00000783,Original,2026-05-01 10:02:25,EMP-0024,REG-05,PH-002,
RCT-0000010,TXN-0004586,RCP-00004586,Original,2026-05-01 11:11:12,EMP-0024,REG-01,PH-002,
RCT-0000011,TXN-0002649,RCP-00002649,Original,2026-05-01 11:14:28,EMP-0006,REG-04,PH-001,
RCT-0000012,TXN-0004749,RCP-00004749,Original,2026-05-01 12:50:34,EMP-0023,REG-02,PH-002,
RCT-0000013,TXN-0001655,RCP-00001655,Original,2026-05-01 13:24:31,EMP-0086,REG-05,PH-004,
RCT-0000014,TXN-0003782,RCP-00003782,Original,2026-05-01 13:51:27,EMP-0039,REG-02,PH-002,
RCT-0000015,TXN-0001326,RCP-00001326,Original,2026-05-01 13:57:58,EMP-0067,REG-06,PH-004,
RCT-0000016,TXN-0002039,RCP-00002039,Original,2026-05-01 14:16:20,EMP-0046,REG-06,PH-003,
RCT-0000017,TXN-0003387,RCP-00003387,Original,2026-05-01 14:17:36,EMP-0102,REG-06,PH-005,
RCT-0000018,TXN-0002460,RCP-00002460,Original,2026-05-01 14:26:23,EMP-0036,REG-02,PH-002,
RCT-0000019,TXN-0002911,RCP-00002911,Original,2026-05-01 14:40:19,EMP-0014,REG-03,PH-001,
RCT-0000020,TXN-0003958,RCP-00003958,Original,2026-05-01 15:28:46,EMP-0046,REG-01,PH-003,
RCT-0000021,TXN-0000799,RCP-00000799,Original,2026-05-01 15:42:18,EMP-0020,REG-03,PH-001,
RCT-0000022,TXN-0003335,RCP-00003335,Original,2026-05-01 15:56:23,EMP-0035,REG-06,PH-002,
RCT-0000023,TXN-0004465,RCP-00004465,Original,2026-05-01 16:07:28,EMP-0060,REG-03,PH-003,
RCT-0000024,TXN-0003616,RCP-00003616,Original,2026-05-01 16:20:52,EMP-0067,REG-03,PH-004,
RCT-0000025,TXN-0002083,RCP-00002083,Original,2026-05-01 16:23:47,EMP-0041,REG-04,PH-002,
RCT-0000026,TXN-0001139,RCP-00001139,Original,2026-05-01 16:32:58,EMP-0090,REG-02,PH-005,
RCT-0000027,TXN-0000241,RCP-00000241,Original,2026-05-01 16:37:35,EMP-0034,REG-06,PH-002,
RCT-0000028,TXN-0004533,RCP-00004533,Original,2026-05-01 17:59:46,EMP-0014,REG-04,PH-001,
RCT-0000029,TXN-0002777,RCP-00002777,Original,2026-05-01 18:00:07,EMP-0012,REG-04,PH-001,
RCT-0000030,TXN-0000912,RCP-00000912,Original,2026-05-01 18:03:00,EMP-0067,REG-01,PH-004,
RCT-0000031,TXN-0004469,RCP-00004469,Original,2026-05-01 18:06:33,EMP-0064,REG-04,PH-003,
RCT-0000032,TXN-0004453,RCP-00004453,Original,2026-05-01 18:34:12,EMP-0101,REG-02,PH-005,
RCT-0000033,TXN-0003059,RCP-00003059,Original,2026-05-01 19:58:53,EMP-0040,REG-01,PH-002,
RCT-0000034,TXN-0000635,RCP-00000635,Original,2026-05-01 20:41:54,EMP-0082,REG-02,PH-004,
RCT-0000035,TXN-0001561,RCP-00001561,Original,2026-05-01 20:48:26,EMP-0069,REG-04,PH-004,
RCT-0000036,TXN-0003394,RCP-00003394,Original,2026-05-01 21:10:31,EMP-0039,REG-02,PH-002,
RCT-0000037,TXN-0004078,RCP-00004078,Original,2026-05-01 21:31:37,EMP-0083,REG-06,PH-004,
RCT-0000038,TXN-0000426,RCP-00000426,Original,2026-05-01 21:54:48,EMP-0013,REG-03,PH-001,
RCT-0000039,TXN-0000426,RCP-00000426,Gift Receipt,2026-05-01 21:55:48,EMP-0013,REG-03,PH-001,
RCT-0000040,TXN-0000431,RCP-00000431,Original,2026-05-02 08:05:36,EMP-0046,REG-03,PH-003,
RCT-0000041,TXN-0001710,RCP-00001710,Original,2026-05-02 08:06:48,EMP-0068,REG-05,PH-004,
RCT-0000042,TXN-0000637,RCP-00000637,Original,2026-05-02 08:18:23,EMP-0107,REG-05,PH-005,
RCT-0000043,TXN-0000471,RCP-00000471,Original,2026-05-02 08:27:04,EMP-0056,REG-03,PH-003,
RCT-0000044,TXN-0000645,RCP-00000645,Original,2026-05-02 08:31:00,EMP-0039,REG-01,PH-002,
RCT-0000045,TXN-0002215,RCP-00002215,Original,2026-05-02 08:36:38,EMP-0064,REG-05,PH-003,
RCT-0000046,TXN-0003613,RCP-00003613,Original,2026-05-02 08:53:56,EMP-0080,REG-05,PH-004,
RCT-0000047,TXN-0000451,RCP-00000451,Original,2026-05-02 08:57:18,EMP-0001,REG-04,PH-001,
RCT-0000048,TXN-0001506,RCP-00001506,Original,2026-05-02 09:00:31,EMP-0003,REG-03,PH-001,
RCT-0000049,TXN-0000430,RCP-00000430,Original,2026-05-02 09:42:50,EMP-0046,REG-04,PH-003,
RCT-0000050,TXN-0002342,RCP-00002342,Original,2026-05-02 09:55:57,EMP-0020,REG-05,PH-001,
RCT-0000051,TXN-0000548,RCP-00000548,Original,2026-05-02 10:12:23,EMP-0069,REG-05,PH-004,
RCT-0000052,TXN-0000616,RCP-00000616,Original,2026-05-02 10:16:35,EMP-0103,REG-06,PH-005,
RCT-0000053,TXN-0004517,RCP-00004517,Original,2026-05-02 10:39:55,EMP-0063,REG-06,PH-003,
RCT-0000054,TXN-0004494,RCP-00004494,Original,2026-05-02 11:08:23,EMP-0045,REG-02,PH-003,
RCT-0000055,TXN-0003991,RCP-00003991,Original,2026-05-02 11:41:23,EMP-0103,REG-04,PH-005,
RCT-0000056,TXN-0001833,RCP-00001833,Original,2026-05-02 11:45:43,EMP-0090,REG-06,PH-005,
RCT-0000057,TXN-0001385,RCP-00001385,Original,2026-05-02 11:56:28,EMP-0006,REG-03,PH-001,
RCT-0000058,TXN-0000113,RCP-00000113,Original,2026-05-02 12:13:12,EMP-0078,REG-01,PH-004,
RCT-0000059,TXN-0004215,RCP-00004215,Original,2026-05-02 12:13:32,EMP-0085,REG-02,PH-004,
RCT-0000060,TXN-0002635,RCP-00002635,Original,2026-05-02 13:01:31,EMP-0105,REG-05,PH-005,
RCT-0000061,TXN-0002607,RCP-00002607,Original,2026-05-02 13:38:48,EMP-0062,REG-05,PH-003,
RCT-0000062,TXN-0000071,RCP-00000071,Original,2026-05-02 13:55:21,EMP-0035,REG-03,PH-002,
RCT-0000063,TXN-0000021,RCP-00000021,Original,2026-05-02 13:59:05,EMP-0064,REG-01,PH-003,
RCT-0000064,TXN-0002221,RCP-00002221,Original,2026-05-02 14:55:18,EMP-0104,REG-04,PH-005,
RCT-0000065,TXN-0001520,RCP-00001520,Original,2026-05-02 15:00:43,EMP-0085,REG-02,PH-004,
RCT-0000066,TXN-0002707,RCP-00002707,Original,2026-05-02 15:15:12,EMP-0014,REG-01,PH-001,
RCT-0000067,TXN-0001905,RCP-00001905,Original,2026-05-02 15:41:25,EMP-0025,REG-02,PH-002,
RCT-0000068,TXN-0002042,RCP-00002042,Original,2026-05-02 15:51:34,EMP-0058,REG-06,PH-003,
RCT-0000069,TXN-0002796,RCP-00002796,Original,2026-05-02 16:32:09,EMP-0045,REG-02,PH-003,
RCT-0000070,TXN-0001587,RCP-00001587,Original,2026-05-02 17:02:15,EMP-0086,REG-06,PH-004,
RCT-0000071,TXN-0002380,RCP-00002380,Original,2026-05-02 17:07:46,EMP-0019,REG-02,PH-001,
RCT-0000072,TXN-0003062,RCP-00003062,Original,2026-05-02 17:07:56,EMP-0079,REG-04,PH-004,
RCT-0000073,TXN-0002558,RCP-00002558,Original,2026-05-02 17:32:18,EMP-0091,REG-06,PH-005,
RCT-0000074,TXN-0000396,RCP-00000396,Original,2026-05-02 17:35:48,EMP-0086,REG-03,PH-004,
RCT-0000075,TXN-0001541,RCP-00001541,Original,2026-05-02 17:41:46,EMP-0039,REG-01,PH-002,
RCT-0000076,TXN-0003022,RCP-00003022,Original,2026-05-02 17:43:08,EMP-0037,REG-02,PH-002,
RCT-0000077,TXN-0004893,RCP-00004893,Original,2026-05-02 17:49:23,EMP-0046,REG-01,PH-003,
RCT-0000078,TXN-0002792,RCP-00002792,Original,2026-05-02 17:59:07,EMP-0019,REG-04,PH-001,
RCT-0000079,TXN-0000611,RCP-00000611,Original,2026-05-02 18:02:22,EMP-0060,REG-05,PH-003,
RCT-0000080,TXN-0002772,RCP-00002772,Original,2026-05-02 18:03:34,EMP-0014,REG-02,PH-001,
RCT-0000081,TXN-0002536,RCP-00002536,Original,2026-05-02 18:23:58,EMP-0040,REG-03,PH-002,
RCT-0000082,TXN-0001418,RCP-00001418,Original,2026-05-02 18:51:30,EMP-0036,REG-02,PH-002,
RCT-0000083,TXN-0000279,RCP-00000279,Original,2026-05-02 19:01:44,EMP-0002,REG-01,PH-001,
RCT-0000084,TXN-0000877,RCP-00000877,Original,2026-05-02 19:21:30,EMP-0086,REG-02,PH-004,
RCT-0000085,TXN-0003301,RCP-00003301,Original,2026-05-02 20:04:03,EMP-0042,REG-01,PH-002,
RCT-0000086,TXN-0001547,RCP-00001547,Original,2026-05-02 20:35:44,EMP-0063,REG-01,PH-003,
RCT-0000087,TXN-0002382,RCP-00002382,Original,2026-05-02 20:50:23,EMP-0002,REG-02,PH-001,
RCT-0000088,TXN-0000901,RCP-00000901,Original,2026-05-02 20:50:47,EMP-0080,REG-03,PH-004,
RCT-0000089,TXN-0004790,RCP-00004790,Original,2026-05-02 20:57:20,EMP-0002,REG-01,PH-001,
RCT-0000090,TXN-0004316,RCP-00004316,Original,2026-05-02 21:12:06,EMP-0017,REG-01,PH-001,
RCT-0000091,TXN-0001145,RCP-00001145,Original,2026-05-02 21:59:42,EMP-0002,REG-03,PH-001,
RCT-0000092,TXN-0003730,RCP-00003730,Original,2026-05-03 08:06:15,EMP-0042,REG-04,PH-002,
RCT-0000093,TXN-0001740,RCP-00001740,Original,2026-05-03 08:07:47,EMP-0101,REG-03,PH-005,
RCT-0000094,TXN-0002258,RCP-00002258,Original,2026-05-03 08:09:56,EMP-0101,REG-02,PH-005,
RCT-0000095,TXN-0002149,RCP-00002149,Original,2026-05-03 08:10:28,EMP-0013,REG-04,PH-001,
RCT-0000096,TXN-0003031,RCP-00003031,Original,2026-05-03 08:18:11,EMP-0003,REG-06,PH-001,
RCT-0000097,TXN-0004594,RCP-00004594,Original,2026-05-03 08:31:34,EMP-0060,REG-04,PH-003,
RCT-0000098,TXN-0001019,RCP-00001019,Original,2026-05-03 08:36:20,EMP-0035,REG-03,PH-002,
RCT-0000099,TXN-0003658,RCP-00003658,Original,2026-05-03 08:51:42,EMP-0014,REG-05,PH-001,
RCT-0000100,TXN-0003317,RCP-00003317,Original,2026-05-03 08:53:40,EMP-0085,REG-01,PH-004,
RCT-0000101,TXN-0004899,RCP-00004899,Original,2026-05-03 09:27:29,EMP-0106,REG-06,PH-005,
RCT-0000102,TXN-0000707,RCP-00000707,Original,2026-05-03 09:32:12,EMP-0002,REG-06,PH-001,
RCT-0000103,TXN-0004522,RCP-00004522,Original,2026-05-03 09:37:39,EMP-0059,REG-06,PH-003,
RCT-0000104,TXN-0004235,RCP-00004235,Original,2026-05-03 09:38:29,EMP-0062,REG-02,PH-003,
RCT-0000105,TXN-0000895,RCP-00000895,Original,2026-05-03 10:08:28,EMP-0036,REG-04,PH-002,
RCT-0000106,TXN-0001814,RCP-00001814,Original,2026-05-03 10:45:05,EMP-0046,REG-02,PH-003,
RCT-0000107,TXN-0001578,RCP-00001578,Original,2026-05-03 10:46:56,EMP-0019,REG-04,PH-001,
RCT-0000108,TXN-0001171,RCP-00001171,Original,2026-05-03 11:06:30,EMP-0081,REG-03,PH-004,
RCT-0000109,TXN-0000116,RCP-00000116,Original,2026-05-03 11:11:06,EMP-0062,REG-05,PH-003,
RCT-0000110,TXN-0001768,RCP-00001768,Original,2026-05-03 11:26:42,EMP-0064,REG-02,PH-003,
RCT-0000111,TXN-0001612,RCP-00001612,Original,2026-05-03 11:30:21,EMP-0069,REG-05,PH-004,
RCT-0000112,TXN-0004452,RCP-00004452,Original,2026-05-03 11:41:54,EMP-0012,REG-04,PH-001,
RCT-0000113,TXN-0004442,RCP-00004442,Original,2026-05-03 12:10:04,EMP-0023,REG-05,PH-002,
RCT-0000114,TXN-0001683,RCP-00001683,Original,2026-05-03 12:20:20,EMP-0037,REG-01,PH-002,
RCT-0000115,TXN-0002529,RCP-00002529,Original,2026-05-03 12:29:45,EMP-0064,REG-05,PH-003,
RCT-0000116,TXN-0002915,RCP-00002915,Original,2026-05-03 12:42:33,EMP-0080,REG-05,PH-004,
RCT-0000117,TXN-0004183,RCP-00004183,Original,2026-05-03 12:56:06,EMP-0016,REG-02,PH-001,
RCT-0000118,TXN-0002378,RCP-00002378,Original,2026-05-03 13:13:26,EMP-0091,REG-03,PH-005,
RCT-0000119,TXN-0004558,RCP-00004558,Original,2026-05-03 13:16:17,EMP-0082,REG-01,PH-004,
RCT-0000120,TXN-0004332,RCP-00004332,Original,2026-05-03 13:53:58,EMP-0041,REG-04,PH-002,
RCT-0000121,TXN-0003973,RCP-00003973,Original,2026-05-03 13:55:40,EMP-0091,REG-06,PH-005,
RCT-0000122,TXN-0000033,RCP-00000033,Original,2026-05-03 14:14:48,EMP-0024,REG-02,PH-002,
RCT-0000123,TXN-0004208,RCP-00004208,Original,2026-05-03 14:52:38,EMP-0059,REG-03,PH-003,
RCT-0000124,TXN-0003103,RCP-00003103,Original,2026-05-03 15:03:23,EMP-0105,REG-04,PH-005,
RCT-0000125,TXN-0001478,RCP-00001478,Original,2026-05-03 15:07:29,EMP-0016,REG-05,PH-001,
RCT-0000126,TXN-0001322,RCP-00001322,Original,2026-05-03 15:14:58,EMP-0042,REG-02,PH-002,
RCT-0000127,TXN-0001035,RCP-00001035,Original,2026-05-03 15:21:01,EMP-0102,REG-06,PH-005,
RCT-0000128,TXN-0002479,RCP-00002479,Original,2026-05-03 16:08:46,EMP-0035,REG-05,PH-002,
RCT-0000129,TXN-0003556,RCP-00003556,Original,2026-05-03 16:15:48,EMP-0047,REG-05,PH-003,
RCT-0000130,TXN-0003923,RCP-00003923,Original,2026-05-03 16:23:33,EMP-0089,REG-01,PH-005,
RCT-0000131,TXN-0002616,RCP-00002616,Original,2026-05-03 16:30:10,EMP-0019,REG-04,PH-001,
RCT-0000132,TXN-0003417,RCP-00003417,Original,2026-05-03 16:46:32,EMP-0015,REG-04,PH-001,
RCT-0000133,TXN-0004201,RCP-00004201,Original,2026-05-03 16:52:25,EMP-0034,REG-05,PH-002,
RCT-0000134,TXN-0004004,RCP-00004004,Original,2026-05-03 17:18:50,EMP-0025,REG-05,PH-002,
RCT-0000135,TXN-0000030,RCP-00000030,Original,2026-05-03 18:00:11,EMP-0059,REG-06,PH-003,
RCT-0000136,TXN-0003695,RCP-00003695,Original,2026-05-03 18:08:01,EMP-0023,REG-04,PH-002,
RCT-0000137,TXN-0001376,RCP-00001376,Original,2026-05-03 18:18:17,EMP-0108,REG-06,PH-005,
RCT-0000138,TXN-0001672,RCP-00001672,Original,2026-05-03 18:30:27,EMP-0060,REG-01,PH-003,
RCT-0000139,TXN-0002472,RCP-00002472,Original,2026-05-03 18:38:32,EMP-0081,REG-04,PH-004,
RCT-0000140,TXN-0001350,RCP-00001350,Original,2026-05-03 18:41:41,EMP-0025,REG-04,PH-002,
RCT-0000141,TXN-0002323,RCP-00002323,Original,2026-05-03 19:12:56,EMP-0017,REG-05,PH-001,
RCT-0000142,TXN-0000047,RCP-00000047,Original,2026-05-03 19:20:48,EMP-0036,REG-02,PH-002,
RCT-0000143,TXN-0003839,RCP-00003839,Original,2026-05-03 19:27:33,EMP-0080,REG-06,PH-004,
RCT-0000144,TXN-0003834,RCP-00003834,Original,2026-05-03 19:28:53,EMP-0064,REG-06,PH-003,
RCT-0000145,TXN-0002231,RCP-00002231,Original,2026-05-03 20:48:59,EMP-0002,REG-04,PH-001,
RCT-0000146,TXN-0001167,RCP-00001167,Original,2026-05-03 20:54:52,EMP-0020,REG-04,PH-001,
RCT-0000147,TXN-0004896,RCP-00004896,Original,2026-05-03 20:56:58,EMP-0020,REG-05,PH-001,
RCT-0000148,TXN-0004169,RCP-00004169,Original,2026-05-03 21:16:24,EMP-0102,REG-05,PH-005,
RCT-0000149,TXN-0004789,RCP-00004789,Original,2026-05-03 21:30:03,EMP-0062,REG-04,PH-003,
RCT-0000150,TXN-0004713,RCP-00004713,Original,2026-05-03 21:41:50,EMP-0018,REG-04,PH-001,
RCT-0000151,TXN-0004748,RCP-00004748,Original,2026-05-03 21:42:06,EMP-0080,REG-04,PH-004,
RCT-0000152,TXN-0001239,RCP-00001239,Original,2026-05-03 21:49:52,EMP-0039,REG-06,PH-002,
RCT-0000153,TXN-0001541,RCP-00001541,Reprint,2026-05-04 03:40:46,EMP-0035,REG-06,PH-002,Customer request
RCT-0000154,TXN-0001617,RCP-00001617,Original,2026-05-04 08:23:29,EMP-0025,REG-03,PH-002,
RCT-0000155,TXN-0000057,RCP-00000057,Original,2026-05-04 08:34:11,EMP-0086,REG-04,PH-004,
RCT-0000156,TXN-0003948,RCP-00003948,Original,2026-05-04 08:39:31,EMP-0063,REG-02,PH-003,
RCT-0000157,TXN-0004315,RCP-00004315,Original,2026-05-04 08:42:56,EMP-0078,REG-02,PH-004,
RCT-0000158,TXN-0000502,RCP-00000502,Original,2026-05-04 08:47:04,EMP-0069,REG-03,PH-004,
RCT-0000159,TXN-0003403,RCP-00003403,Original,2026-05-04 09:30:04,EMP-0047,REG-01,PH-003,
RCT-0000160,TXN-0004555,RCP-00004555,Original,2026-05-04 09:31:21,EMP-0015,REG-06,PH-001,
RCT-0000161,TXN-0000469,RCP-00000469,Original,2026-05-04 09:38:13,EMP-0058,REG-04,PH-003,
RCT-0000162,TXN-0001806,RCP-00001806,Original,2026-05-04 09:41:58,EMP-0040,REG-03,PH-002,
RCT-0000163,TXN-0004409,RCP-00004409,Original,2026-05-04 09:57:43,EMP-0068,REG-01,PH-004,
RCT-0000164,TXN-0003140,RCP-00003140,Original,2026-05-04 10:01:32,EMP-0080,REG-04,PH-004,
RCT-0000165,TXN-0002304,RCP-00002304,Original,2026-05-04 10:15:51,EMP-0015,REG-06,PH-001,
RCT-0000166,TXN-0002375,RCP-00002375,Original,2026-05-04 10:32:40,EMP-0015,REG-02,PH-001,
RCT-0000167,TXN-0000894,RCP-00000894,Original,2026-05-04 10:34:01,EMP-0102,REG-02,PH-005,
RCT-0000168,TXN-0004089,RCP-00004089,Original,2026-05-04 10:46:23,EMP-0079,REG-06,PH-004,
RCT-0000169,TXN-0004759,RCP-00004759,Original,2026-05-04 11:26:50,EMP-0016,REG-03,PH-001,
RCT-0000170,TXN-0003576,RCP-00003576,Original,2026-05-04 11:51:19,EMP-0012,REG-02,PH-001,
RCT-0000171,TXN-0001368,RCP-00001368,Original,2026-05-04 12:11:50,EMP-0085,REG-05,PH-004,
RCT-0000172,TXN-0001750,RCP-00001750,Original,2026-05-04 12:44:22,EMP-0020,REG-02,PH-001,
RCT-0000173,TXN-0004286,RCP-00004286,Original,2026-05-04 12:44:58,EMP-0105,REG-02,PH-005,
RCT-0000174,TXN-0003195,RCP-00003195,Original,2026-05-04 12:51:03,EMP-0059,REG-04,PH-003,
RCT-0000175,TXN-0002560,RCP-00002560,Original,2026-05-04 12:54:54,EMP-0083,REG-03,PH-004,
RCT-0000176,TXN-0001628,RCP-00001628,Original,2026-05-04 13:45:29,EMP-0084,REG-06,PH-004,
RCT-0000177,TXN-0003624,RCP-00003624,Original,2026-05-04 14:00:02,EMP-0103,REG-06,PH-005,
RCT-0000178,TXN-0003111,RCP-00003111,Original,2026-05-04 14:02:57,EMP-0103,REG-01,PH-005,
RCT-0000179,TXN-0001727,RCP-00001727,Original,2026-05-04 14:08:38,EMP-0034,REG-05,PH-002,
RCT-0000180,TXN-0001936,RCP-00001936,Original,2026-05-04 14:31:08,EMP-0061,REG-05,PH-003,
RCT-0000181,TXN-0001615,RCP-00001615,Original,2026-05-04 15:23:04,EMP-0024,REG-03,PH-002,
RCT-0000182,TXN-0001615,RCP-00001615,Gift Receipt,2026-05-04 15:24:04,EMP-0024,REG-03,PH-002,
RCT-0000183,TXN-0002298,RCP-00002298,Original,2026-05-04 15:41:00,EMP-0019,REG-03,PH-001,
RCT-0000184,TXN-0001717,RCP-00001717,Original,2026-05-04 16:09:35,EMP-0056,REG-01,PH-003,
RCT-0000185,TXN-0004852,RCP-00004852,Original,2026-05-04 16:18:00,EMP-0006,REG-05,PH-001,
RCT-0000186,TXN-0001956,RCP-00001956,Original,2026-05-04 18:02:19,EMP-0036,REG-04,PH-002,
RCT-0000187,TXN-0000784,RCP-00000784,Original,2026-05-04 18:11:50,EMP-0086,REG-06,PH-004,
RCT-0000188,TXN-0004805,RCP-00004805,Original,2026-05-04 18:13:39,EMP-0047,REG-01,PH-003,
RCT-0000189,TXN-0003284,RCP-00003284,Original,2026-05-04 18:32:45,EMP-0057,REG-03,PH-003,
RCT-0000190,TXN-0000747,RCP-00000747,Original,2026-05-04 18:40:10,EMP-0025,REG-05,PH-002,
RCT-0000191,TXN-0003337,RCP-00003337,Original,2026-05-04 18:42:17,EMP-0059,REG-06,PH-003,
RCT-0000192,TXN-0001892,RCP-00001892,Original,2026-05-04 19:00:31,EMP-0035,REG-02,PH-002,
RCT-0000193,TXN-0000019,RCP-00000019,Original,2026-05-04 19:10:24,EMP-0107,REG-03,PH-005,
RCT-0000194,TXN-0002306,RCP-00002306,Original,2026-05-04 19:11:47,EMP-0001,REG-01,PH-001,
RCT-0000195,TXN-0003291,RCP-00003291,Original,2026-05-04 19:30:09,EMP-0057,REG-04,PH-003,
RCT-0000196,TXN-0004092,RCP-00004092,Original,2026-05-04 19:57:33,EMP-0085,REG-05,PH-004,
RCT-0000197,TXN-0001771,RCP-00001771,Original,2026-05-04 20:11:55,EMP-0019,REG-02,PH-001,
RCT-0000198,TXN-0000101,RCP-00000101,Original,2026-05-04 20:46:38,EMP-0062,REG-03,PH-003,
RCT-0000199,TXN-0002968,RCP-00002968,Original,2026-05-04 21:14:34,EMP-0089,REG-01,PH-005,
RCT-0000200,TXN-0000797,RCP-00000797,Original,2026-05-04 21:25:24,EMP-0062,REG-06,PH-003,
RCT-0000201,TXN-0004448,RCP-00004448,Original,2026-05-04 21:38:39,EMP-0108,REG-05,PH-005,
RCT-0000202,TXN-0001449,RCP-00001449,Original,2026-05-04 21:57:03,EMP-0042,REG-04,PH-002,
RCT-0000203,TXN-0004239,RCP-00004239,Original,2026-05-05 08:38:22,EMP-0018,REG-05,PH-001,
RCT-0000204,TXN-0004177,RCP-00004177,Original,2026-05-05 08:52:13,EMP-0079,REG-05,PH-004,
RCT-0000205,TXN-0003579,RCP-00003579,Original,2026-05-05 08:52:36,EMP-0059,REG-03,PH-003,
RCT-0000206,TXN-0000638,RCP-00000638,Original,2026-05-05 08:56:22,EMP-0108,REG-05,PH-005,
RCT-0000207,TXN-0002611,RCP-00002611,Original,2026-05-05 09:15:55,EMP-0036,REG-02,PH-002,
RCT-0000208,TXN-0003443,RCP-00003443,Original,2026-05-05 09:41:35,EMP-0069,REG-01,PH-004,
RCT-0000209,TXN-0000055,RCP-00000055,Original,2026-05-05 10:03:02,EMP-0081,REG-03,PH-004,
RCT-0000210,TXN-0000134,RCP-00000134,Original,2026-05-05 10:05:57,EMP-0058,REG-02,PH-003,
RCT-0000211,TXN-0002113,RCP-00002113,Original,2026-05-05 10:07:21,EMP-0035,REG-02,PH-002,
RCT-0000212,TXN-0001143,RCP-00001143,Original,2026-05-05 10:24:45,EMP-0061,REG-03,PH-003,
RCT-0000213,TXN-0001651,RCP-00001651,Original,2026-05-05 10:38:52,EMP-0038,REG-03,PH-002,
RCT-0000214,TXN-0003677,RCP-00003677,Original,2026-05-05 10:44:18,EMP-0057,REG-05,PH-003,
RCT-0000215,TXN-0000175,RCP-00000175,Original,2026-05-05 10:59:00,EMP-0107,REG-04,PH-005,
RCT-0000216,TXN-0000020,RCP-00000020,Original,2026-05-05 11:17:05,EMP-0012,REG-01,PH-001,
RCT-0000217,TXN-0003813,RCP-00003813,Original,2026-05-05 11:31:33,EMP-0025,REG-02,PH-002,
RCT-0000218,TXN-0002358,RCP-00002358,Original,2026-05-05 11:41:24,EMP-0089,REG-01,PH-005,
RCT-0000219,TXN-0002214,RCP-00002214,Original,2026-05-05 11:42:46,EMP-0057,REG-06,PH-003,
RCT-0000220,TXN-0004857,RCP-00004857,Original,2026-05-05 11:53:17,EMP-0078,REG-06,PH-004,
RCT-0000221,TXN-0001338,RCP-00001338,Original,2026-05-05 12:05:58,EMP-0086,REG-01,PH-004,
RCT-0000222,TXN-0000221,RCP-00000221,Original,2026-05-05 12:24:07,EMP-0040,REG-04,PH-002,
RCT-0000223,TXN-0004850,RCP-00004850,Original,2026-05-05 12:43:06,EMP-0084,REG-01,PH-004,
RCT-0000224,TXN-0000038,RCP-00000038,Original,2026-05-05 13:26:15,EMP-0089,REG-06,PH-005,
RCT-0000225,TXN-0004772,RCP-00004772,Original,2026-05-05 13:56:33,EMP-0091,REG-04,PH-005,
RCT-0000226,TXN-0002056,RCP-00002056,Original,2026-05-05 14:17:24,EMP-0047,REG-04,PH-003,
RCT-0000227,TXN-0003655,RCP-00003655,Original,2026-05-05 14:21:42,EMP-0014,REG-01,PH-001,
RCT-0000228,TXN-0004371,RCP-00004371,Original,2026-05-05 14:30:36,EMP-0012,REG-02,PH-001,
RCT-0000229,TXN-0002916,RCP-00002916,Original,2026-05-05 14:59:11,EMP-0020,REG-05,PH-001,
RCT-0000230,TXN-0004592,RCP-00004592,Original,2026-05-05 15:02:02,EMP-0089,REG-01,PH-005,
RCT-0000231,TXN-0002590,RCP-00002590,Original,2026-05-05 15:18:04,EMP-0081,REG-04,PH-004,
RCT-0000232,TXN-0003285,RCP-00003285,Original,2026-05-05 15:23:55,EMP-0046,REG-04,PH-003,
RCT-0000233,TXN-0002057,RCP-00002057,Original,2026-05-05 15:29:24,EMP-0104,REG-03,PH-005,
RCT-0000234,TXN-0000209,RCP-00000209,Original,2026-05-05 15:42:21,EMP-0003,REG-04,PH-001,
RCT-0000235,TXN-0004370,RCP-00004370,Original,2026-05-05 15:50:52,EMP-0060,REG-01,PH-003,
RCT-0000236,TXN-0003976,RCP-00003976,Original,2026-05-05 15:58:07,EMP-0019,REG-02,PH-001,
RCT-0000237,TXN-0003229,RCP-00003229,Original,2026-05-05 15:58:50,EMP-0106,REG-02,PH-005,
RCT-0000238,TXN-0003779,RCP-00003779,Original,2026-05-05 16:12:06,EMP-0101,REG-04,PH-005,
RCT-0000239,TXN-0002088,RCP-00002088,Original,2026-05-05 16:13:55,EMP-0083,REG-03,PH-004,
RCT-0000240,TXN-0004212,RCP-00004212,Original,2026-05-05 16:23:15,EMP-0001,REG-06,PH-001,
RCT-0000241,TXN-0001092,RCP-00001092,Original,2026-05-05 16:29:36,EMP-0091,REG-01,PH-005,
RCT-0000242,TXN-0003460,RCP-00003460,Original,2026-05-05 16:52:50,EMP-0107,REG-05,PH-005,
RCT-0000243,TXN-0002979,RCP-00002979,Original,2026-05-05 17:15:48,EMP-0047,REG-05,PH-003,
RCT-0000244,TXN-0002872,RCP-00002872,Original,2026-05-05 17:35:08,EMP-0082,REG-03,PH-004,
RCT-0000245,TXN-0000788,RCP-00000788,Original,2026-05-05 17:50:04,EMP-0059,REG-02,PH-003,
RCT-0000246,TXN-0000788,RCP-00000788,Gift Receipt,2026-05-05 17:51:04,EMP-0059,REG-02,PH-003,
RCT-0000247,TXN-0001257,RCP-00001257,Original,2026-05-05 18:25:53,EMP-0024,REG-06,PH-002,
RCT-0000248,TXN-0003944,RCP-00003944,Original,2026-05-05 18:28:45,EMP-0100,REG-06,PH-005,
RCT-0000249,TXN-0001943,RCP-00001943,Original,2026-05-05 19:36:35,EMP-0106,REG-04,PH-005,
RCT-0000250,TXN-0000917,RCP-00000917,Original,2026-05-05 19:42:03,EMP-0001,REG-05,PH-001,
RCT-0000251,TXN-0004385,RCP-00004385,Original,2026-05-05 19:52:33,EMP-0084,REG-04,PH-004,
RCT-0000252,TXN-0000072,RCP-00000072,Original,2026-05-05 20:18:22,EMP-0091,REG-04,PH-005,
RCT-0000253,TXN-0000746,RCP-00000746,Original,2026-05-05 20:50:19,EMP-0108,REG-06,PH-005,
RCT-0000254,TXN-0002187,RCP-00002187,Original,2026-05-05 20:53:11,EMP-0012,REG-06,PH-001,
RCT-0000255,TXN-0000125,RCP-00000125,Original,2026-05-05 20:54:19,EMP-0002,REG-03,PH-001,
RCT-0000256,TXN-0003810,RCP-00003810,Original,2026-05-05 20:58:06,EMP-0006,REG-01,PH-001,
RCT-0000257,TXN-0000232,RCP-00000232,Original,2026-05-05 21:32:45,EMP-0063,REG-01,PH-003,
RCT-0000258,TXN-0003242,RCP-00003242,Original,2026-05-05 21:35:38,EMP-0104,REG-01,PH-005,
RCT-0000259,TXN-0003316,RCP-00003316,Original,2026-05-05 21:58:18,EMP-0079,REG-02,PH-004,
RCT-0000260,TXN-0001339,RCP-00001339,Original,2026-05-06 08:29:14,EMP-0024,REG-06,PH-002,
RCT-0000261,TXN-0000280,RCP-00000280,Original,2026-05-06 08:40:15,EMP-0063,REG-06,PH-003,
RCT-0000262,TXN-0003180,RCP-00003180,Original,2026-05-06 09:06:33,EMP-0084,REG-05,PH-004,
RCT-0000263,TXN-0002766,RCP-00002766,Original,2026-05-06 09:43:24,EMP-0002,REG-04,PH-001,
RCT-0000264,TXN-0004810,RCP-00004810,Original,2026-05-06 09:46:03,EMP-0036,REG-03,PH-002,
RCT-0000265,TXN-0000472,RCP-00000472,Original,2026-05-06 09:58:20,EMP-0064,REG-04,PH-003,
RCT-0000266,TXN-0004477,RCP-00004477,Original,2026-05-06 10:09:53,EMP-0013,REG-02,PH-001,
RCT-0000267,TXN-0000767,RCP-00000767,Original,2026-05-06 10:20:54,EMP-0002,REG-01,PH-001,
RCT-0000268,TXN-0003002,RCP-00003002,Original,2026-05-06 10:28:39,EMP-0020,REG-03,PH-001,
RCT-0000269,TXN-0001140,RCP-00001140,Original,2026-05-06 10:45:27,EMP-0086,REG-05,PH-004,
RCT-0000270,TXN-0004920,RCP-00004920,Original,2026-05-06 10:48:41,EMP-0082,REG-06,PH-004,
RCT-0000271,TXN-0003011,RCP-00003011,Original,2026-05-06 11:51:07,EMP-0063,REG-01,PH-003,
RCT-0000272,TXN-0001329,RCP-00001329,Original,2026-05-06 11:53:30,EMP-0046,REG-05,PH-003,
RCT-0000273,TXN-0001433,RCP-00001433,Original,2026-05-06 11:56:15,EMP-0069,REG-03,PH-004,
RCT-0000274,TXN-0002114,RCP-00002114,Original,2026-05-06 12:23:43,EMP-0041,REG-03,PH-002,
RCT-0000275,TXN-0004188,RCP-00004188,Original,2026-05-06 12:31:35,EMP-0036,REG-03,PH-002,
RCT-0000276,TXN-0004482,RCP-00004482,Original,2026-05-06 12:37:45,EMP-0037,REG-03,PH-002,
RCT-0000277,TXN-0003866,RCP-00003866,Original,2026-05-06 13:08:00,EMP-0061,REG-04,PH-003,
RCT-0000278,TXN-0000150,RCP-00000150,Original,2026-05-06 13:33:51,EMP-0037,REG-04,PH-002,
RCT-0000279,TXN-0003038,RCP-00003038,Original,2026-05-06 13:37:40,EMP-0046,REG-06,PH-003,
RCT-0000280,TXN-0003038,RCP-00003038,Gift Receipt,2026-05-06 13:38:40,EMP-0046,REG-06,PH-003,
RCT-0000281,TXN-0000813,RCP-00000813,Original,2026-05-06 13:59:08,EMP-0035,REG-05,PH-002,
RCT-0000282,TXN-0000488,RCP-00000488,Original,2026-05-06 14:04:23,EMP-0103,REG-02,PH-005,
RCT-0000283,TXN-0000126,RCP-00000126,Original,2026-05-06 14:48:58,EMP-0107,REG-05,PH-005,
RCT-0000284,TXN-0003535,RCP-00003535,Original,2026-05-06 14:54:22,EMP-0014,REG-05,PH-001,
RCT-0000285,TXN-0002151,RCP-00002151,Original,2026-05-06 15:11:45,EMP-0039,REG-04,PH-002,
RCT-0000286,TXN-0001273,RCP-00001273,Original,2026-05-06 15:35:27,EMP-0015,REG-06,PH-001,
RCT-0000287,TXN-0000660,RCP-00000660,Original,2026-05-06 16:12:42,EMP-0034,REG-04,PH-002,
RCT-0000288,TXN-0002208,RCP-00002208,Original,2026-05-06 16:15:46,EMP-0039,REG-03,PH-002,
RCT-0000289,TXN-0004911,RCP-00004911,Original,2026-05-06 16:22:02,EMP-0034,REG-01,PH-002,
RCT-0000290,TXN-0002434,RCP-00002434,Original,2026-05-06 16:41:16,EMP-0046,REG-04,PH-003,
RCT-0000291,TXN-0003397,RCP-00003397,Original,2026-05-06 16:47:47,EMP-0025,REG-06,PH-002,
RCT-0000292,TXN-0004464,RCP-00004464,Original,2026-05-06 16:49:21,EMP-0042,REG-03,PH-002,
RCT-0000293,TXN-0002987,RCP-00002987,Original,2026-05-06 16:51:30,EMP-0059,REG-05,PH-003,
RCT-0000294,TXN-0001413,RCP-00001413,Original,2026-05-06 17:43:04,EMP-0089,REG-06,PH-005,
RCT-0000295,TXN-0001477,RCP-00001477,Original,2026-05-06 17:54:55,EMP-0100,REG-04,PH-005,
RCT-0000296,TXN-0001384,RCP-00001384,Original,2026-05-06 18:17:45,EMP-0036,REG-06,PH-002,
RCT-0000297,TXN-0004572,RCP-00004572,Original,2026-05-06 18:29:38,EMP-0019,REG-05,PH-001,
RCT-0000298,TXN-0003724,RCP-00003724,Original,2026-05-06 18:41:09,EMP-0056,REG-03,PH-003,
RCT-0000299,TXN-0000920,RCP-00000920,Original,2026-05-06 18:48:34,EMP-0079,REG-04,PH-004,
RCT-0000300,TXN-0000920,RCP-00000920,Gift Receipt,2026-05-06 18:49:34,EMP-0079,REG-04,PH-004,
RCT-0000301,TXN-0004515,RCP-00004515,Original,2026-05-06 19:12:56,EMP-0017,REG-01,PH-001,
RCT-0000302,TXN-0001031,RCP-00001031,Original,2026-05-06 19:34:59,EMP-0015,REG-03,PH-001,
RCT-0000303,TXN-0003649,RCP-00003649,Original,2026-05-06 20:02:53,EMP-0038,REG-02,PH-002,
RCT-0000304,TXN-0004545,RCP-00004545,Original,2026-05-06 20:30:19,EMP-0064,REG-01,PH-003,
RCT-0000305,TXN-0003321,RCP-00003321,Original,2026-05-06 21:05:53,EMP-0061,REG-05,PH-003,
RCT-0000306,TXN-0000292,RCP-00000292,Original,2026-05-06 21:07:26,EMP-0037,REG-04,PH-002,
RCT-0000307,TXN-0003307,RCP-00003307,Original,2026-05-06 21:21:45,EMP-0046,REG-03,PH-003,
RCT-0000308,TXN-0000872,RCP-00000872,Original,2026-05-06 21:46:56,EMP-0034,REG-02,PH-002,
RCT-0000309,TXN-0004723,RCP-00004723,Original,2026-05-07 08:15:22,EMP-0103,REG-05,PH-005,
RCT-0000310,TXN-0003425,RCP-00003425,Original,2026-05-07 08:19:31,EMP-0059,REG-06,PH-003,
RCT-0000311,TXN-0002093,RCP-00002093,Original,2026-05-07 08:33:28,EMP-0090,REG-04,PH-005,
RCT-0000312,TXN-0000580,RCP-00000580,Original,2026-05-07 08:39:21,EMP-0079,REG-01,PH-004,
RCT-0000313,TXN-0000659,RCP-00000659,Original,2026-05-07 09:03:21,EMP-0090,REG-05,PH-005,
RCT-0000314,TXN-0000452,RCP-00000452,Original,2026-05-07 09:13:33,EMP-0067,REG-04,PH-004,
RCT-0000315,TXN-0004150,RCP-00004150,Original,2026-05-07 09:14:08,EMP-0059,REG-03,PH-003,
RCT-0000316,TXN-0003769,RCP-00003769,Original,2026-05-07 09:45:33,EMP-0078,REG-06,PH-004,
RCT-0000317,TXN-0003740,RCP-00003740,Original,2026-05-07 09:50:38,EMP-0106,REG-01,PH-005,
RCT-0000318,TXN-0004629,RCP-00004629,Original,2026-05-07 10:00:46,EMP-0012,REG-06,PH-001,
RCT-0000319,TXN-0000597,RCP-00000597,Original,2026-05-07 10:04:48,EMP-0006,REG-02,PH-001,
RCT-0000320,TXN-0001804,RCP-00001804,Original,2026-05-07 10:12:00,EMP-0046,REG-03,PH-003,
RCT-0000321,TXN-0003109,RCP-00003109,Original,2026-05-07 10:17:27,EMP-0060,REG-06,PH-003,
RCT-0000322,TXN-0001387,RCP-00001387,Original,2026-05-07 10:24:22,EMP-0091,REG-02,PH-005,
RCT-0000323,TXN-0000528,RCP-00000528,Original,2026-05-07 11:06:23,EMP-0024,REG-03,PH-002,
RCT-0000324,TXN-0002672,RCP-00002672,Original,2026-05-07 11:09:38,EMP-0086,REG-05,PH-004,
RCT-0000325,TXN-0000664,RCP-00000664,Original,2026-05-07 11:28:31,EMP-0101,REG-06,PH-005,
RCT-0000326,TXN-0001070,RCP-00001070,Original,2026-05-07 11:31:47,EMP-0015,REG-03,PH-001,
RCT-0000327,TXN-0003372,RCP-00003372,Original,2026-05-07 11:48:50,EMP-0020,REG-04,PH-001,
RCT-0000328,TXN-0000882,RCP-00000882,Original,2026-05-07 12:07:39,EMP-0013,REG-04,PH-001,
RCT-0000329,TXN-0000882,RCP-00000882,Gift Receipt,2026-05-07 12:08:39,EMP-0013,REG-04,PH-001,
RCT-0000330,TXN-0001511,RCP-00001511,Original,2026-05-07 12:18:31,EMP-0002,REG-03,PH-001,
RCT-0000331,TXN-0001662,RCP-00001662,Original,2026-05-07 12:28:15,EMP-0058,REG-05,PH-003,
RCT-0000332,TXN-0001101,RCP-00001101,Original,2026-05-07 12:29:41,EMP-0012,REG-01,PH-001,
RCT-0000333,TXN-0001456,RCP-00001456,Original,2026-05-07 12:34:34,EMP-0089,REG-06,PH-005,
RCT-0000334,TXN-0001264,RCP-00001264,Original,2026-05-07 12:58:30,EMP-0089,REG-01,PH-005,
RCT-0000335,TXN-0001109,RCP-00001109,Original,2026-05-07 13:10:36,EMP-0082,REG-01,PH-004,
RCT-0000336,TXN-0003264,RCP-00003264,Original,2026-05-07 13:24:30,EMP-0014,REG-04,PH-001,
RCT-0000337,TXN-0003069,RCP-00003069,Original,2026-05-07 13:53:52,EMP-0100,REG-04,PH-005,
RCT-0000338,TXN-0002483,RCP-00002483,Original,2026-05-07 14:17:49,EMP-0107,REG-02,PH-005,
RCT-0000339,TXN-0000956,RCP-00000956,Original,2026-05-07 14:29:07,EMP-0001,REG-03,PH-001,
RCT-0000340,TXN-0000509,RCP-00000509,Original,2026-05-07 14:41:16,EMP-0025,REG-06,PH-002,
RCT-0000341,TXN-0003648,RCP-00003648,Original,2026-05-07 14:49:20,EMP-0068,REG-06,PH-004,
RCT-0000342,TXN-0001029,RCP-00001029,Original,2026-05-07 14:56:50,EMP-0056,REG-03,PH-003,
RCT-0000343,TXN-0003219,RCP-00003219,Original,2026-05-07 14:58:10,EMP-0041,REG-01,PH-002,
RCT-0000344,TXN-0000884,RCP-00000884,Original,2026-05-07 15:04:44,EMP-0020,REG-03,PH-001,
RCT-0000345,TXN-0000307,RCP-00000307,Original,2026-05-07 15:06:51,EMP-0103,REG-06,PH-005,
RCT-0000346,TXN-0001421,RCP-00001421,Original,2026-05-07 15:10:04,EMP-0013,REG-04,PH-001,
RCT-0000347,TXN-0004049,RCP-00004049,Original,2026-05-07 15:25:17,EMP-0035,REG-05,PH-002,
RCT-0000348,TXN-0002499,RCP-00002499,Original,2026-05-07 15:38:12,EMP-0106,REG-04,PH-005,
RCT-0000349,TXN-0001883,RCP-00001883,Original,2026-05-07 16:00:54,EMP-0059,REG-04,PH-003,
RCT-0000350,TXN-0003739,RCP-00003739,Original,2026-05-07 16:24:48,EMP-0036,REG-01,PH-002,
RCT-0000351,TXN-0004043,RCP-00004043,Original,2026-05-07 16:42:55,EMP-0062,REG-06,PH-003,
RCT-0000352,TXN-0003703,RCP-00003703,Original,2026-05-07 16:43:00,EMP-0080,REG-03,PH-004,
RCT-0000353,TXN-0001434,RCP-00001434,Original,2026-05-07 16:52:32,EMP-0083,REG-01,PH-004,
RCT-0000354,TXN-0004800,RCP-00004800,Original,2026-05-07 17:02:25,EMP-0025,REG-06,PH-002,
RCT-0000355,TXN-0000462,RCP-00000462,Original,2026-05-07 17:08:24,EMP-0100,REG-06,PH-005,
RCT-0000356,TXN-0003901,RCP-00003901,Original,2026-05-07 17:21:25,EMP-0068,REG-02,PH-004,
RCT-0000357,TXN-0001130,RCP-00001130,Original,2026-05-07 17:27:50,EMP-0039,REG-06,PH-002,
RCT-0000358,TXN-0003406,RCP-00003406,Original,2026-05-07 17:46:06,EMP-0101,REG-06,PH-005,
RCT-0000359,TXN-0000736,RCP-00000736,Original,2026-05-07 17:59:02,EMP-0056,REG-03,PH-003,
RCT-0000360,TXN-0000262,RCP-00000262,Original,2026-05-07 18:18:57,EMP-0047,REG-05,PH-003,
RCT-0000361,TXN-0000283,RCP-00000283,Original,2026-05-07 18:22:01,EMP-0015,REG-04,PH-001,
RCT-0000362,TXN-0003209,RCP-00003209,Original,2026-05-07 18:22:36,EMP-0107,REG-03,PH-005,
RCT-0000363,TXN-0001598,RCP-00001598,Original,2026-05-07 18:26:24,EMP-0045,REG-05,PH-003,
RCT-0000364,TXN-0000192,RCP-00000192,Original,2026-05-07 18:30:03,EMP-0089,REG-06,PH-005,
RCT-0000365,TXN-0001412,RCP-00001412,Original,2026-05-07 19:19:53,EMP-0102,REG-01,PH-005,
RCT-0000366,TXN-0002584,RCP-00002584,Original,2026-05-07 19:41:02,EMP-0041,REG-04,PH-002,
RCT-0000367,TXN-0001064,RCP-00001064,Original,2026-05-07 20:03:43,EMP-0016,REG-04,PH-001,
RCT-0000368,TXN-0003399,RCP-00003399,Original,2026-05-07 20:03:55,EMP-0069,REG-03,PH-004,
RCT-0000369,TXN-0003259,RCP-00003259,Original,2026-05-07 20:04:20,EMP-0023,REG-06,PH-002,
RCT-0000370,TXN-0000087,RCP-00000087,Original,2026-05-07 20:14:02,EMP-0041,REG-06,PH-002,
RCT-0000371,TXN-0001415,RCP-00001415,Original,2026-05-07 20:24:08,EMP-0013,REG-05,PH-001,
RCT-0000372,TXN-0003726,RCP-00003726,Original,2026-05-07 20:46:39,EMP-0001,REG-01,PH-001,
RCT-0000373,TXN-0000219,RCP-00000219,Original,2026-05-07 21:03:51,EMP-0045,REG-01,PH-003,
RCT-0000374,TXN-0001318,RCP-00001318,Original,2026-05-07 21:05:07,EMP-0047,REG-04,PH-003,
RCT-0000375,TXN-0003370,RCP-00003370,Original,2026-05-07 21:18:13,EMP-0006,REG-06,PH-001,
RCT-0000376,TXN-0004252,RCP-00004252,Original,2026-05-07 21:24:29,EMP-0035,REG-03,PH-002,
RCT-0000377,TXN-0004357,RCP-00004357,Original,2026-05-07 21:36:43,EMP-0015,REG-01,PH-001,
RCT-0000378,TXN-0003091,RCP-00003091,Original,2026-05-07 21:56:16,EMP-0069,REG-05,PH-004,
RCT-0000379,TXN-0001748,RCP-00001748,Original,2026-05-08 08:04:12,EMP-0081,REG-01,PH-004,
RCT-0000380,TXN-0002939,RCP-00002939,Original,2026-05-08 08:36:10,EMP-0038,REG-02,PH-002,
RCT-0000381,TXN-0002835,RCP-00002835,Original,2026-05-08 08:45:50,EMP-0013,REG-04,PH-001,
RCT-0000382,TXN-0003891,RCP-00003891,Original,2026-05-08 08:46:43,EMP-0103,REG-03,PH-005,
RCT-0000383,TXN-0003092,RCP-00003092,Original,2026-05-08 08:56:38,EMP-0060,REG-05,PH-003,
RCT-0000384,TXN-0004750,RCP-00004750,Original,2026-05-08 09:09:16,EMP-0020,REG-01,PH-001,
RCT-0000385,TXN-0003481,RCP-00003481,Original,2026-05-08 09:57:45,EMP-0080,REG-05,PH-004,
RCT-0000386,TXN-0003426,RCP-00003426,Original,2026-05-08 10:02:23,EMP-0041,REG-02,PH-002,
RCT-0000387,TXN-0000303,RCP-00000303,Original,2026-05-08 10:11:21,EMP-0064,REG-02,PH-003,
RCT-0000388,TXN-0003977,RCP-00003977,Original,2026-05-08 10:36:20,EMP-0045,REG-01,PH-003,
RCT-0000389,TXN-0003909,RCP-00003909,Original,2026-05-08 11:17:02,EMP-0024,REG-05,PH-002,
RCT-0000390,TXN-0003688,RCP-00003688,Original,2026-05-08 11:35:03,EMP-0006,REG-05,PH-001,
RCT-0000391,TXN-0002265,RCP-00002265,Original,2026-05-08 11:41:13,EMP-0035,REG-05,PH-002,
RCT-0000392,TXN-0001564,RCP-00001564,Original,2026-05-08 11:49:33,EMP-0061,REG-01,PH-003,
RCT-0000393,TXN-0002595,RCP-00002595,Original,2026-05-08 11:56:10,EMP-0058,REG-01,PH-003,
RCT-0000394,TXN-0004061,RCP-00004061,Original,2026-05-08 12:17:03,EMP-0080,REG-01,PH-004,
RCT-0000395,TXN-0003172,RCP-00003172,Original,2026-05-08 13:41:45,EMP-0082,REG-02,PH-004,
RCT-0000396,TXN-0001172,RCP-00001172,Original,2026-05-08 14:26:59,EMP-0102,REG-03,PH-005,
RCT-0000397,TXN-0001077,RCP-00001077,Original,2026-05-08 14:47:14,EMP-0064,REG-02,PH-003,
RCT-0000398,TXN-0000642,RCP-00000642,Original,2026-05-08 15:48:59,EMP-0078,REG-05,PH-004,
RCT-0000399,TXN-0004377,RCP-00004377,Original,2026-05-08 15:57:56,EMP-0069,REG-02,PH-004,
RCT-0000400,TXN-0003791,RCP-00003791,Original,2026-05-08 16:08:20,EMP-0062,REG-02,PH-003,
RCT-0000401,TXN-0003249,RCP-00003249,Original,2026-05-08 16:23:13,EMP-0038,REG-05,PH-002,
RCT-0000402,TXN-0000934,RCP-00000934,Original,2026-05-08 16:30:07,EMP-0104,REG-03,PH-005,
RCT-0000403,TXN-0004326,RCP-00004326,Original,2026-05-08 17:02:54,EMP-0101,REG-03,PH-005,
RCT-0000404,TXN-0001331,RCP-00001331,Original,2026-05-08 17:04:37,EMP-0086,REG-03,PH-004,
RCT-0000405,TXN-0000722,RCP-00000722,Original,2026-05-08 17:25:52,EMP-0103,REG-03,PH-005,
RCT-0000406,TXN-0003706,RCP-00003706,Original,2026-05-08 17:30:01,EMP-0104,REG-02,PH-005,
RCT-0000407,TXN-0000006,RCP-00000006,Original,2026-05-08 17:40:10,EMP-0013,REG-05,PH-001,
RCT-0000408,TXN-0000556,RCP-00000556,Original,2026-05-08 17:43:02,EMP-0102,REG-06,PH-005,
RCT-0000409,TXN-0003763,RCP-00003763,Original,2026-05-08 17:45:41,EMP-0006,REG-05,PH-001,
RCT-0000410,TXN-0000841,RCP-00000841,Original,2026-05-08 18:13:22,EMP-0037,REG-04,PH-002,
RCT-0000411,TXN-0003320,RCP-00003320,Original,2026-05-08 18:31:27,EMP-0100,REG-06,PH-005,
RCT-0000412,TXN-0000063,RCP-00000063,Original,2026-05-08 18:34:27,EMP-0067,REG-03,PH-004,
RCT-0000413,TXN-0000435,RCP-00000435,Original,2026-05-08 18:52:53,EMP-0042,REG-06,PH-002,
RCT-0000414,TXN-0003929,RCP-00003929,Original,2026-05-08 19:05:18,EMP-0015,REG-04,PH-001,
RCT-0000415,TXN-0003280,RCP-00003280,Original,2026-05-08 19:24:23,EMP-0067,REG-02,PH-004,
RCT-0000416,TXN-0003968,RCP-00003968,Original,2026-05-08 19:47:14,EMP-0001,REG-01,PH-001,
RCT-0000417,TXN-0001963,RCP-00001963,Original,2026-05-08 20:13:40,EMP-0085,REG-02,PH-004,
RCT-0000418,TXN-0004076,RCP-00004076,Original,2026-05-08 20:17:12,EMP-0002,REG-02,PH-001,
RCT-0000419,TXN-0001939,RCP-00001939,Original,2026-05-08 20:18:08,EMP-0015,REG-03,PH-001,
RCT-0000420,TXN-0003232,RCP-00003232,Original,2026-05-08 20:38:32,EMP-0057,REG-04,PH-003,
RCT-0000421,TXN-0004225,RCP-00004225,Original,2026-05-08 20:44:10,EMP-0067,REG-03,PH-004,
RCT-0000422,TXN-0001570,RCP-00001570,Original,2026-05-08 20:47:56,EMP-0101,REG-01,PH-005,
RCT-0000423,TXN-0001407,RCP-00001407,Original,2026-05-08 21:05:45,EMP-0002,REG-05,PH-001,
RCT-0000424,TXN-0001407,RCP-00001407,Gift Receipt,2026-05-08 21:06:45,EMP-0002,REG-05,PH-001,
RCT-0000425,TXN-0004976,RCP-00004976,Original,2026-05-08 21:36:51,EMP-0039,REG-02,PH-002,
RCT-0000426,TXN-0004888,RCP-00004888,Original,2026-05-08 21:51:24,EMP-0067,REG-02,PH-004,
RCT-0000427,TXN-0001342,RCP-00001342,Original,2026-05-08 21:51:46,EMP-0013,REG-01,PH-001,
RCT-0000428,TXN-0002301,RCP-00002301,Original,2026-05-09 08:29:44,EMP-0003,REG-03,PH-001,
RCT-0000429,TXN-0001165,RCP-00001165,Original,2026-05-09 08:33:02,EMP-0001,REG-03,PH-001,
RCT-0000430,TXN-0000993,RCP-00000993,Original,2026-05-09 08:33:45,EMP-0068,REG-03,PH-004,
RCT-0000431,TXN-0001066,RCP-00001066,Original,2026-05-09 08:39:04,EMP-0036,REG-02,PH-002,
RCT-0000432,TXN-0000880,RCP-00000880,Original,2026-05-09 08:42:52,EMP-0064,REG-02,PH-003,
RCT-0000433,TXN-0001709,RCP-00001709,Original,2026-05-09 08:44:56,EMP-0017,REG-03,PH-001,
RCT-0000434,TXN-0001958,RCP-00001958,Original,2026-05-09 08:55:43,EMP-0085,REG-05,PH-004,
RCT-0000435,TXN-0002379,RCP-00002379,Original,2026-05-09 09:33:41,EMP-0082,REG-04,PH-004,
RCT-0000436,TXN-0003389,RCP-00003389,Original,2026-05-09 09:46:37,EMP-0024,REG-03,PH-002,
RCT-0000437,TXN-0000031,RCP-00000031,Original,2026-05-09 10:06:54,EMP-0100,REG-06,PH-005,
RCT-0000438,TXN-0000060,RCP-00000060,Original,2026-05-09 10:27:36,EMP-0016,REG-06,PH-001,
RCT-0000439,TXN-0000090,RCP-00000090,Original,2026-05-09 10:32:15,EMP-0079,REG-01,PH-004,
RCT-0000440,TXN-0004228,RCP-00004228,Original,2026-05-09 11:12:43,EMP-0002,REG-06,PH-001,
RCT-0000441,TXN-0002050,RCP-00002050,Original,2026-05-09 11:31:36,EMP-0104,REG-04,PH-005,
RCT-0000442,TXN-0001097,RCP-00001097,Original,2026-05-09 11:37:50,EMP-0014,REG-03,PH-001,
RCT-0000443,TXN-0003506,RCP-00003506,Original,2026-05-09 11:44:10,EMP-0024,REG-05,PH-002,
RCT-0000444,TXN-0002147,RCP-00002147,Original,2026-05-09 11:46:43,EMP-0039,REG-04,PH-002,
RCT-0000445,TXN-0002972,RCP-00002972,Original,2026-05-09 12:07:08,EMP-0018,REG-06,PH-001,
RCT-0000446,TXN-0002494,RCP-00002494,Original,2026-05-09 12:08:13,EMP-0091,REG-06,PH-005,
RCT-0000447,TXN-0002848,RCP-00002848,Original,2026-05-09 12:10:55,EMP-0037,REG-03,PH-002,
RCT-0000448,TXN-0000790,RCP-00000790,Original,2026-05-09 12:16:05,EMP-0019,REG-06,PH-001,
RCT-0000449,TXN-0001152,RCP-00001152,Original,2026-05-09 12:30:55,EMP-0107,REG-06,PH-005,
RCT-0000450,TXN-0001751,RCP-00001751,Original,2026-05-09 12:38:25,EMP-0006,REG-02,PH-001,
RCT-0000451,TXN-0002694,RCP-00002694,Original,2026-05-09 12:51:24,EMP-0064,REG-05,PH-003,
RCT-0000452,TXN-0001888,RCP-00001888,Original,2026-05-09 13:06:20,EMP-0069,REG-03,PH-004,
RCT-0000453,TXN-0002868,RCP-00002868,Original,2026-05-09 13:11:00,EMP-0056,REG-06,PH-003,
RCT-0000454,TXN-0002618,RCP-00002618,Original,2026-05-09 13:12:17,EMP-0023,REG-04,PH-002,
RCT-0000455,TXN-0000830,RCP-00000830,Original,2026-05-09 13:28:37,EMP-0102,REG-06,PH-005,
RCT-0000456,TXN-0001940,RCP-00001940,Original,2026-05-09 13:38:27,EMP-0081,REG-02,PH-004,
RCT-0000457,TXN-0001739,RCP-00001739,Original,2026-05-09 13:43:19,EMP-0091,REG-01,PH-005,
RCT-0000458,TXN-0002271,RCP-00002271,Original,2026-05-09 13:48:40,EMP-0025,REG-02,PH-002,
RCT-0000459,TXN-0002007,RCP-00002007,Original,2026-05-09 14:02:33,EMP-0019,REG-03,PH-001,
RCT-0000460,TXN-0004814,RCP-00004814,Original,2026-05-09 14:16:17,EMP-0023,REG-03,PH-002,
RCT-0000461,TXN-0004005,RCP-00004005,Original,2026-05-09 14:30:19,EMP-0025,REG-04,PH-002,
RCT-0000462,TXN-0004289,RCP-00004289,Original,2026-05-09 14:44:29,EMP-0058,REG-05,PH-003,
RCT-0000463,TXN-0001704,RCP-00001704,Original,2026-05-09 15:13:12,EMP-0025,REG-02,PH-002,
RCT-0000464,TXN-0002547,RCP-00002547,Original,2026-05-09 15:15:26,EMP-0084,REG-03,PH-004,
RCT-0000465,TXN-0003234,RCP-00003234,Original,2026-05-09 15:19:22,EMP-0034,REG-01,PH-002,
RCT-0000466,TXN-0001358,RCP-00001358,Original,2026-05-09 16:00:59,EMP-0041,REG-04,PH-002,
RCT-0000467,TXN-0000630,RCP-00000630,Original,2026-05-09 16:01:55,EMP-0002,REG-03,PH-001,
RCT-0000468,TXN-0002419,RCP-00002419,Original,2026-05-09 16:02:32,EMP-0046,REG-02,PH-003,
RCT-0000469,TXN-0000137,RCP-00000137,Original,2026-05-09 16:07:41,EMP-0089,REG-02,PH-005,
RCT-0000470,TXN-0002961,RCP-00002961,Original,2026-05-09 16:07:46,EMP-0003,REG-01,PH-001,
RCT-0000471,TXN-0004418,RCP-00004418,Original,2026-05-09 16:13:00,EMP-0038,REG-05,PH-002,
RCT-0000472,TXN-0002024,RCP-00002024,Original,2026-05-09 16:24:37,EMP-0025,REG-01,PH-002,
RCT-0000473,TXN-0002761,RCP-00002761,Original,2026-05-09 16:33:22,EMP-0100,REG-01,PH-005,
RCT-0000474,TXN-0000211,RCP-00000211,Original,2026-05-09 16:40:38,EMP-0036,REG-04,PH-002,
RCT-0000475,TXN-0000590,RCP-00000590,Original,2026-05-09 16:56:47,EMP-0102,REG-04,PH-005,
RCT-0000476,TXN-0001533,RCP-00001533,Original,2026-05-09 17:09:31,EMP-0102,REG-06,PH-005,
RCT-0000477,TXN-0000856,RCP-00000856,Original,2026-05-09 17:30:15,EMP-0069,REG-01,PH-004,
RCT-0000478,TXN-0000715,RCP-00000715,Original,2026-05-09 17:38:02,EMP-0014,REG-02,PH-001,
RCT-0000479,TXN-0000876,RCP-00000876,Original,2026-05-09 18:25:37,EMP-0078,REG-02,PH-004,
RCT-0000480,TXN-0000557,RCP-00000557,Original,2026-05-09 18:41:47,EMP-0103,REG-01,PH-005,
RCT-0000481,TXN-0004490,RCP-00004490,Original,2026-05-09 19:18:15,EMP-0040,REG-04,PH-002,
RCT-0000482,TXN-0002813,RCP-00002813,Original,2026-05-09 19:24:00,EMP-0060,REG-01,PH-003,
RCT-0000483,TXN-0000187,RCP-00000187,Original,2026-05-09 19:34:05,EMP-0037,REG-05,PH-002,
RCT-0000484,TXN-0000250,RCP-00000250,Original,2026-05-09 19:56:42,EMP-0104,REG-06,PH-005,
RCT-0000485,TXN-0003710,RCP-00003710,Original,2026-05-09 19:57:38,EMP-0079,REG-06,PH-004,
RCT-0000486,TXN-0002692,RCP-00002692,Original,2026-05-09 20:09:06,EMP-0079,REG-02,PH-004,
RCT-0000487,TXN-0000885,RCP-00000885,Original,2026-05-09 21:58:51,EMP-0069,REG-01,PH-004,
RCT-0000488,TXN-0001192,RCP-00001192,Original,2026-05-10 08:02:18,EMP-0084,REG-01,PH-004,
RCT-0000489,TXN-0001934,RCP-00001934,Original,2026-05-10 08:04:52,EMP-0103,REG-02,PH-005,
RCT-0000490,TXN-0002530,RCP-00002530,Original,2026-05-10 08:13:40,EMP-0012,REG-06,PH-001,
RCT-0000491,TXN-0000225,RCP-00000225,Original,2026-05-10 08:45:19,EMP-0061,REG-04,PH-003,
RCT-0000492,TXN-0001932,RCP-00001932,Original,2026-05-10 08:55:55,EMP-0036,REG-05,PH-002,
RCT-0000493,TXN-0000604,RCP-00000604,Original,2026-05-10 09:09:28,EMP-0024,REG-05,PH-002,
RCT-0000494,TXN-0003380,RCP-00003380,Original,2026-05-10 09:22:40,EMP-0014,REG-03,PH-001,
RCT-0000495,TXN-0000527,RCP-00000527,Original,2026-05-10 09:31:48,EMP-0082,REG-01,PH-004,
RCT-0000496,TXN-0004942,RCP-00004942,Original,2026-05-10 09:58:21,EMP-0108,REG-02,PH-005,
RCT-0000497,TXN-0004149,RCP-00004149,Original,2026-05-10 09:59:36,EMP-0085,REG-01,PH-004,
RCT-0000498,TXN-0002556,RCP-00002556,Original,2026-05-10 10:08:32,EMP-0041,REG-04,PH-002,
RCT-0000499,TXN-0002935,RCP-00002935,Original,2026-05-10 10:43:18,EMP-0046,REG-01,PH-003,
RCT-0000500,TXN-0003738,RCP-00003738,Original,2026-05-10 11:05:49,EMP-0078,REG-03,PH-004,
RCT-0000501,TXN-0004621,RCP-00004621,Original,2026-05-10 11:06:52,EMP-0018,REG-06,PH-001,
RCT-0000502,TXN-0000963,RCP-00000963,Original,2026-05-10 11:22:41,EMP-0079,REG-06,PH-004,
RCT-0000503,TXN-0001860,RCP-00001860,Original,2026-05-10 11:32:12,EMP-0084,REG-06,PH-004,
RCT-0000504,TXN-0001667,RCP-00001667,Original,2026-05-10 11:46:56,EMP-0023,REG-05,PH-002,
RCT-0000505,TXN-0002119,RCP-00002119,Original,2026-05-10 11:57:30,EMP-0062,REG-06,PH-003,
RCT-0000506,TXN-0002281,RCP-00002281,Original,2026-05-10 12:06:54,EMP-0038,REG-03,PH-002,
RCT-0000507,TXN-0003421,RCP-00003421,Original,2026-05-10 13:05:44,EMP-0108,REG-04,PH-005,
RCT-0000508,TXN-0001560,RCP-00001560,Original,2026-05-10 13:11:07,EMP-0024,REG-05,PH-002,
RCT-0000509,TXN-0000598,RCP-00000598,Original,2026-05-10 13:11:36,EMP-0023,REG-02,PH-002,
RCT-0000510,TXN-0004040,RCP-00004040,Original,2026-05-10 13:32:50,EMP-0062,REG-06,PH-003,
RCT-0000511,TXN-0001845,RCP-00001845,Original,2026-05-10 13:50:31,EMP-0001,REG-02,PH-001,
RCT-0000512,TXN-0002468,RCP-00002468,Original,2026-05-10 13:58:09,EMP-0040,REG-02,PH-002,
RCT-0000513,TXN-0001935,RCP-00001935,Original,2026-05-10 14:04:24,EMP-0089,REG-03,PH-005,
RCT-0000514,TXN-0003709,RCP-00003709,Original,2026-05-10 14:40:57,EMP-0019,REG-02,PH-001,
RCT-0000515,TXN-0001370,RCP-00001370,Original,2026-05-10 14:54:38,EMP-0041,REG-05,PH-002,
RCT-0000516,TXN-0003659,RCP-00003659,Original,2026-05-10 15:01:11,EMP-0046,REG-02,PH-003,
RCT-0000517,TXN-0002332,RCP-00002332,Original,2026-05-10 15:03:24,EMP-0063,REG-04,PH-003,
RCT-0000518,TXN-0002764,RCP-00002764,Original,2026-05-10 15:15:57,EMP-0080,REG-05,PH-004,
RCT-0000519,TXN-0001166,RCP-00001166,Original,2026-05-10 15:32:48,EMP-0040,REG-05,PH-002,
RCT-0000520,TXN-0003351,RCP-00003351,Original,2026-05-10 15:35:00,EMP-0100,REG-03,PH-005,
RCT-0000521,TXN-0003351,RCP-00003351,Gift Receipt,2026-05-10 15:36:00,EMP-0100,REG-03,PH-005,
RCT-0000522,TXN-0001312,RCP-00001312,Original,2026-05-10 15:52:06,EMP-0106,REG-05,PH-005,
RCT-0000523,TXN-0003322,RCP-00003322,Original,2026-05-10 16:15:49,EMP-0060,REG-03,PH-003,
RCT-0000524,TXN-0001248,RCP-00001248,Original,2026-05-10 16:27:25,EMP-0016,REG-01,PH-001,
RCT-0000525,TXN-0002344,RCP-00002344,Original,2026-05-10 16:50:54,EMP-0102,REG-02,PH-005,
RCT-0000526,TXN-0004146,RCP-00004146,Original,2026-05-10 16:55:32,EMP-0023,REG-05,PH-002,
RCT-0000527,TXN-0000591,RCP-00000591,Original,2026-05-10 17:51:46,EMP-0013,REG-01,PH-001,
RCT-0000528,TXN-0002029,RCP-00002029,Original,2026-05-10 18:06:48,EMP-0091,REG-02,PH-005,
RCT-0000529,TXN-0002475,RCP-00002475,Original,2026-05-10 18:09:11,EMP-0045,REG-03,PH-003,
RCT-0000530,TXN-0003526,RCP-00003526,Original,2026-05-10 18:09:13,EMP-0041,REG-06,PH-002,
RCT-0000531,TXN-0000479,RCP-00000479,Original,2026-05-10 19:01:55,EMP-0083,REG-03,PH-004,
RCT-0000532,TXN-0000530,RCP-00000530,Original,2026-05-10 19:14:36,EMP-0036,REG-01,PH-002,
RCT-0000533,TXN-0000271,RCP-00000271,Original,2026-05-10 19:17:21,EMP-0058,REG-01,PH-003,
RCT-0000534,TXN-0001925,RCP-00001925,Original,2026-05-10 19:32:29,EMP-0102,REG-02,PH-005,
RCT-0000535,TXN-0002498,RCP-00002498,Original,2026-05-10 20:10:52,EMP-0045,REG-01,PH-003,
RCT-0000536,TXN-0001377,RCP-00001377,Original,2026-05-10 20:15:44,EMP-0035,REG-06,PH-002,
RCT-0000537,TXN-0003116,RCP-00003116,Original,2026-05-10 20:50:49,EMP-0101,REG-05,PH-005,
RCT-0000538,TXN-0000684,RCP-00000684,Original,2026-05-10 20:55:25,EMP-0035,REG-05,PH-002,
RCT-0000539,TXN-0004472,RCP-00004472,Original,2026-05-10 20:59:48,EMP-0064,REG-01,PH-003,
RCT-0000540,TXN-0002279,RCP-00002279,Original,2026-05-11 08:08:18,EMP-0018,REG-06,PH-001,
RCT-0000541,TXN-0004234,RCP-00004234,Original,2026-05-11 08:16:34,EMP-0060,REG-06,PH-003,
RCT-0000542,TXN-0000268,RCP-00000268,Original,2026-05-11 08:39:58,EMP-0078,REG-02,PH-004,
RCT-0000543,TXN-0004483,RCP-00004483,Original,2026-05-11 08:50:45,EMP-0039,REG-06,PH-002,
RCT-0000544,TXN-0002172,RCP-00002172,Original,2026-05-11 08:50:57,EMP-0104,REG-04,PH-005,
RCT-0000545,TXN-0003084,RCP-00003084,Original,2026-05-11 09:22:23,EMP-0014,REG-05,PH-001,
RCT-0000546,TXN-0000680,RCP-00000680,Original,2026-05-11 09:23:28,EMP-0083,REG-01,PH-004,
RCT-0000547,TXN-0001486,RCP-00001486,Original,2026-05-11 09:26:12,EMP-0061,REG-05,PH-003,
RCT-0000548,TXN-0000835,RCP-00000835,Original,2026-05-11 09:53:40,EMP-0017,REG-01,PH-001,
RCT-0000549,TXN-0003912,RCP-00003912,Original,2026-05-11 10:23:58,EMP-0084,REG-05,PH-004,
RCT-0000550,TXN-0003211,RCP-00003211,Original,2026-05-11 10:40:35,EMP-0086,REG-05,PH-004,
RCT-0000551,TXN-0002242,RCP-00002242,Original,2026-05-11 10:51:32,EMP-0045,REG-04,PH-003,
RCT-0000552,TXN-0002250,RCP-00002250,Original,2026-05-11 10:51:56,EMP-0041,REG-02,PH-002,
RCT-0000553,TXN-0002250,RCP-00002250,Gift Receipt,2026-05-11 10:52:56,EMP-0041,REG-02,PH-002,
RCT-0000554,TXN-0003690,RCP-00003690,Original,2026-05-11 10:59:51,EMP-0013,REG-02,PH-001,
RCT-0000555,TXN-0001577,RCP-00001577,Original,2026-05-11 11:02:11,EMP-0025,REG-03,PH-002,
RCT-0000556,TXN-0003101,RCP-00003101,Original,2026-05-11 11:14:32,EMP-0002,REG-05,PH-001,
RCT-0000557,TXN-0004245,RCP-00004245,Original,2026-05-11 11:31:02,EMP-0083,REG-05,PH-004,
RCT-0000558,TXN-0004095,RCP-00004095,Original,2026-05-11 11:37:46,EMP-0105,REG-03,PH-005,
RCT-0000559,TXN-0003112,RCP-00003112,Original,2026-05-11 11:55:48,EMP-0090,REG-03,PH-005,
RCT-0000560,TXN-0000575,RCP-00000575,Original,2026-05-11 12:41:01,EMP-0056,REG-04,PH-003,
RCT-0000561,TXN-0003593,RCP-00003593,Original,2026-05-11 12:48:30,EMP-0104,REG-04,PH-005,
RCT-0000562,TXN-0004280,RCP-00004280,Original,2026-05-11 13:04:20,EMP-0006,REG-05,PH-001,
RCT-0000563,TXN-0003999,RCP-00003999,Original,2026-05-11 13:16:14,EMP-0105,REG-01,PH-005,
RCT-0000564,TXN-0004368,RCP-00004368,Original,2026-05-11 13:31:50,EMP-0084,REG-02,PH-004,
RCT-0000565,TXN-0000927,RCP-00000927,Original,2026-05-11 13:43:40,EMP-0039,REG-06,PH-002,
RCT-0000566,TXN-0000753,RCP-00000753,Original,2026-05-11 13:50:30,EMP-0100,REG-02,PH-005,
RCT-0000567,TXN-0004647,RCP-00004647,Original,2026-05-11 14:20:18,EMP-0042,REG-01,PH-002,
RCT-0000568,TXN-0004393,RCP-00004393,Original,2026-05-11 15:02:02,EMP-0078,REG-05,PH-004,
RCT-0000569,TXN-0004419,RCP-00004419,Original,2026-05-11 15:05:31,EMP-0037,REG-03,PH-002,
RCT-0000570,TXN-0003631,RCP-00003631,Original,2026-05-11 15:11:21,EMP-0084,REG-03,PH-004,
RCT-0000571,TXN-0001884,RCP-00001884,Original,2026-05-11 15:14:35,EMP-0069,REG-02,PH-004,
RCT-0000572,TXN-0002988,RCP-00002988,Original,2026-05-11 15:15:59,EMP-0106,REG-04,PH-005,
RCT-0000573,TXN-0000613,RCP-00000613,Original,2026-05-11 15:28:44,EMP-0058,REG-02,PH-003,
RCT-0000574,TXN-0004794,RCP-00004794,Original,2026-05-11 15:29:49,EMP-0061,REG-05,PH-003,
RCT-0000575,TXN-0004818,RCP-00004818,Original,2026-05-11 15:40:42,EMP-0085,REG-02,PH-004,
RCT-0000576,TXN-0003462,RCP-00003462,Original,2026-05-11 15:47:04,EMP-0080,REG-02,PH-004,
RCT-0000577,TXN-0004957,RCP-00004957,Original,2026-05-11 16:07:32,EMP-0016,REG-03,PH-001,
RCT-0000578,TXN-0004846,RCP-00004846,Original,2026-05-11 16:36:31,EMP-0107,REG-05,PH-005,
RCT-0000579,TXN-0004243,RCP-00004243,Original,2026-05-11 16:40:14,EMP-0105,REG-05,PH-005,
RCT-0000580,TXN-0003434,RCP-00003434,Original,2026-05-11 16:46:46,EMP-0040,REG-02,PH-002,
RCT-0000581,TXN-0003890,RCP-00003890,Original,2026-05-11 16:48:59,EMP-0068,REG-02,PH-004,
RCT-0000582,TXN-0004386,RCP-00004386,Original,2026-05-11 17:14:19,EMP-0003,REG-05,PH-001,
RCT-0000583,TXN-0002715,RCP-00002715,Original,2026-05-11 17:26:45,EMP-0083,REG-03,PH-004,
RCT-0000584,TXN-0001954,RCP-00001954,Original,2026-05-11 17:48:06,EMP-0042,REG-03,PH-002,
RCT-0000585,TXN-0002384,RCP-00002384,Original,2026-05-11 18:18:42,EMP-0035,REG-05,PH-002,
RCT-0000586,TXN-0003685,RCP-00003685,Original,2026-05-11 18:20:41,EMP-0081,REG-03,PH-004,
RCT-0000587,TXN-0004777,RCP-00004777,Original,2026-05-11 18:29:23,EMP-0024,REG-06,PH-002,
RCT-0000588,TXN-0000091,RCP-00000091,Original,2026-05-11 18:37:55,EMP-0106,REG-01,PH-005,
RCT-0000589,TXN-0004948,RCP-00004948,Original,2026-05-11 18:45:07,EMP-0003,REG-02,PH-001,
RCT-0000590,TXN-0002108,RCP-00002108,Original,2026-05-11 18:58:50,EMP-0039,REG-06,PH-002,
RCT-0000591,TXN-0000558,RCP-00000558,Original,2026-05-11 19:19:29,EMP-0014,REG-03,PH-001,
RCT-0000592,TXN-0001186,RCP-00001186,Original,2026-05-11 19:27:03,EMP-0015,REG-06,PH-001,
RCT-0000593,TXN-0002517,RCP-00002517,Original,2026-05-11 19:40:02,EMP-0068,REG-06,PH-004,
RCT-0000594,TXN-0001857,RCP-00001857,Original,2026-05-11 19:42:01,EMP-0091,REG-05,PH-005,
RCT-0000595,TXN-0003512,RCP-00003512,Original,2026-05-11 19:52:11,EMP-0081,REG-02,PH-004,
RCT-0000596,TXN-0002737,RCP-00002737,Original,2026-05-11 20:34:29,EMP-0068,REG-01,PH-004,
RCT-0000597,TXN-0004331,RCP-00004331,Original,2026-05-11 20:38:24,EMP-0046,REG-01,PH-003,
RCT-0000598,TXN-0002983,RCP-00002983,Original,2026-05-11 20:59:11,EMP-0041,REG-04,PH-002,
RCT-0000599,TXN-0001983,RCP-00001983,Original,2026-05-11 21:36:28,EMP-0084,REG-06,PH-004,
RCT-0000600,TXN-0001162,RCP-00001162,Original,2026-05-11 21:59:17,EMP-0001,REG-02,PH-001,
RCT-0000601,TXN-0000030,RCP-00000030,Reprint,2026-05-12 04:59:11,EMP-0053,REG-06,PH-003,Customer request
RCT-0000602,TXN-0002187,RCP-00002187,Reprint,2026-05-12 06:52:11,EMP-0014,REG-06,PH-001,Customer request
RCT-0000603,TXN-0001054,RCP-00001054,Original,2026-05-12 08:02:19,EMP-0107,REG-03,PH-005,
RCT-0000604,TXN-0001054,RCP-00001054,Gift Receipt,2026-05-12 08:03:19,EMP-0107,REG-03,PH-005,
RCT-0000605,TXN-0000424,RCP-00000424,Original,2026-05-12 08:06:19,EMP-0014,REG-04,PH-001,
RCT-0000606,TXN-0003107,RCP-00003107,Original,2026-05-12 09:12:07,EMP-0101,REG-05,PH-005,
RCT-0000607,TXN-0003304,RCP-00003304,Original,2026-05-12 09:25:24,EMP-0106,REG-06,PH-005,
RCT-0000608,TXN-0003564,RCP-00003564,Original,2026-05-12 09:33:09,EMP-0061,REG-01,PH-003,
RCT-0000609,TXN-0000128,RCP-00000128,Original,2026-05-12 09:36:27,EMP-0023,REG-05,PH-002,
RCT-0000610,TXN-0000701,RCP-00000701,Original,2026-05-12 09:40:55,EMP-0079,REG-06,PH-004,
RCT-0000611,TXN-0003633,RCP-00003633,Original,2026-05-12 10:02:05,EMP-0025,REG-02,PH-002,
RCT-0000612,TXN-0003341,RCP-00003341,Original,2026-05-12 10:05:39,EMP-0105,REG-06,PH-005,
RCT-0000613,TXN-0003360,RCP-00003360,Original,2026-05-12 10:06:45,EMP-0080,REG-01,PH-004,
RCT-0000614,TXN-0002235,RCP-00002235,Original,2026-05-12 10:15:26,EMP-0080,REG-03,PH-004,
RCT-0000615,TXN-0001363,RCP-00001363,Original,2026-05-12 10:18:31,EMP-0085,REG-04,PH-004,
RCT-0000616,TXN-0000625,RCP-00000625,Original,2026-05-12 10:50:13,EMP-0103,REG-02,PH-005,
RCT-0000617,TXN-0003294,RCP-00003294,Original,2026-05-12 10:50:27,EMP-0090,REG-04,PH-005,
RCT-0000618,TXN-0003674,RCP-00003674,Original,2026-05-12 10:53:12,EMP-0034,REG-03,PH-002,
RCT-0000619,TXN-0004264,RCP-00004264,Original,2026-05-12 10:53:24,EMP-0038,REG-01,PH-002,
RCT-0000620,TXN-0002574,RCP-00002574,Original,2026-05-12 10:53:37,EMP-0080,REG-02,PH-004,
RCT-0000621,TXN-0001406,RCP-00001406,Original,2026-05-12 10:56:27,EMP-0059,REG-03,PH-003,
RCT-0000622,TXN-0003546,RCP-00003546,Original,2026-05-12 11:04:50,EMP-0082,REG-01,PH-004,
RCT-0000623,TXN-0002410,RCP-00002410,Original,2026-05-12 11:41:07,EMP-0039,REG-03,PH-002,
RCT-0000624,TXN-0003277,RCP-00003277,Original,2026-05-12 11:53:11,EMP-0101,REG-03,PH-005,
RCT-0000625,TXN-0000204,RCP-00000204,Original,2026-05-12 12:08:18,EMP-0089,REG-01,PH-005,
RCT-0000626,TXN-0002179,RCP-00002179,Original,2026-05-12 12:24:23,EMP-0089,REG-06,PH-005,
RCT-0000627,TXN-0003043,RCP-00003043,Original,2026-05-12 12:53:06,EMP-0064,REG-01,PH-003,
RCT-0000628,TXN-0000965,RCP-00000965,Original,2026-05-12 13:10:52,EMP-0042,REG-01,PH-002,
RCT-0000629,TXN-0000785,RCP-00000785,Original,2026-05-12 13:13:16,EMP-0069,REG-06,PH-004,
RCT-0000630,TXN-0002624,RCP-00002624,Original,2026-05-12 13:39:31,EMP-0045,REG-04,PH-003,
RCT-0000631,TXN-0000007,RCP-00000007,Original,2026-05-12 13:45:31,EMP-0080,REG-06,PH-004,
RCT-0000632,TXN-0003450,RCP-00003450,Original,2026-05-12 13:48:31,EMP-0090,REG-04,PH-005,
RCT-0000633,TXN-0000044,RCP-00000044,Original,2026-05-12 13:50:10,EMP-0013,REG-05,PH-001,
RCT-0000634,TXN-0002490,RCP-00002490,Original,2026-05-12 14:42:15,EMP-0017,REG-03,PH-001,
RCT-0000635,TXN-0000317,RCP-00000317,Original,2026-05-12 15:25:13,EMP-0002,REG-04,PH-001,
RCT-0000636,TXN-0003290,RCP-00003290,Original,2026-05-12 16:06:58,EMP-0020,REG-05,PH-001,
RCT-0000637,TXN-0003454,RCP-00003454,Original,2026-05-12 16:15:30,EMP-0089,REG-05,PH-005,
RCT-0000638,TXN-0001523,RCP-00001523,Original,2026-05-12 16:47:52,EMP-0012,REG-06,PH-001,
RCT-0000639,TXN-0000807,RCP-00000807,Original,2026-05-12 16:55:56,EMP-0038,REG-04,PH-002,
RCT-0000640,TXN-0001621,RCP-00001621,Original,2026-05-12 16:59:35,EMP-0001,REG-06,PH-001,
RCT-0000641,TXN-0004666,RCP-00004666,Original,2026-05-12 17:34:10,EMP-0057,REG-03,PH-003,
RCT-0000642,TXN-0000703,RCP-00000703,Original,2026-05-12 17:34:51,EMP-0019,REG-06,PH-001,
RCT-0000643,TXN-0004874,RCP-00004874,Original,2026-05-12 17:55:12,EMP-0001,REG-03,PH-001,
RCT-0000644,TXN-0000738,RCP-00000738,Original,2026-05-12 18:06:42,EMP-0089,REG-05,PH-005,
RCT-0000645,TXN-0002364,RCP-00002364,Original,2026-05-12 18:17:56,EMP-0023,REG-02,PH-002,
RCT-0000646,TXN-0004725,RCP-00004725,Original,2026-05-12 18:29:55,EMP-0084,REG-04,PH-004,
RCT-0000647,TXN-0001584,RCP-00001584,Original,2026-05-12 18:37:46,EMP-0045,REG-03,PH-003,
RCT-0000648,TXN-0001328,RCP-00001328,Original,2026-05-12 18:38:10,EMP-0013,REG-04,PH-001,
RCT-0000649,TXN-0004180,RCP-00004180,Original,2026-05-12 19:16:39,EMP-0090,REG-05,PH-005,
RCT-0000650,TXN-0003898,RCP-00003898,Original,2026-05-12 19:26:52,EMP-0059,REG-01,PH-003,
RCT-0000651,TXN-0001417,RCP-00001417,Original,2026-05-12 19:31:50,EMP-0035,REG-02,PH-002,
RCT-0000652,TXN-0001857,RCP-00001857,Reprint,2026-05-12 19:41:01,EMP-0097,REG-01,PH-005,Customer request
RCT-0000653,TXN-0001247,RCP-00001247,Original,2026-05-12 19:44:52,EMP-0006,REG-01,PH-001,
RCT-0000654,TXN-0002195,RCP-00002195,Original,2026-05-12 20:17:44,EMP-0062,REG-01,PH-003,
RCT-0000655,TXN-0000165,RCP-00000165,Original,2026-05-12 20:23:17,EMP-0089,REG-05,PH-005,
RCT-0000656,TXN-0002824,RCP-00002824,Original,2026-05-12 20:26:31,EMP-0079,REG-04,PH-004,
RCT-0000657,TXN-0002577,RCP-00002577,Original,2026-05-12 20:53:00,EMP-0023,REG-05,PH-002,
RCT-0000658,TXN-0003532,RCP-00003532,Original,2026-05-12 21:00:01,EMP-0037,REG-03,PH-002,
RCT-0000659,TXN-0000879,RCP-00000879,Original,2026-05-12 21:09:44,EMP-0100,REG-01,PH-005,
RCT-0000660,TXN-0001922,RCP-00001922,Original,2026-05-12 21:29:51,EMP-0102,REG-06,PH-005,
RCT-0000661,TXN-0002898,RCP-00002898,Original,2026-05-12 21:33:32,EMP-0106,REG-04,PH-005,
RCT-0000662,TXN-0001286,RCP-00001286,Original,2026-05-13 08:26:09,EMP-0061,REG-02,PH-003,
RCT-0000663,TXN-0003286,RCP-00003286,Original,2026-05-13 09:05:14,EMP-0024,REG-05,PH-002,
RCT-0000664,TXN-0004905,RCP-00004905,Original,2026-05-13 09:21:19,EMP-0003,REG-03,PH-001,
RCT-0000665,TXN-0004171,RCP-00004171,Original,2026-05-13 09:30:16,EMP-0025,REG-01,PH-002,
RCT-0000666,TXN-0001228,RCP-00001228,Original,2026-05-13 09:31:38,EMP-0058,REG-03,PH-003,
RCT-0000667,TXN-0000140,RCP-00000140,Original,2026-05-13 09:43:41,EMP-0067,REG-02,PH-004,
RCT-0000668,TXN-0001459,RCP-00001459,Original,2026-05-13 10:05:07,EMP-0034,REG-05,PH-002,
RCT-0000669,TXN-0004203,RCP-00004203,Original,2026-05-13 10:09:26,EMP-0018,REG-03,PH-001,
RCT-0000670,TXN-0004518,RCP-00004518,Original,2026-05-13 10:18:15,EMP-0020,REG-05,PH-001,
RCT-0000671,TXN-0000854,RCP-00000854,Original,2026-05-13 10:27:52,EMP-0056,REG-03,PH-003,
RCT-0000672,TXN-0002205,RCP-00002205,Original,2026-05-13 10:35:41,EMP-0035,REG-02,PH-002,
RCT-0000673,TXN-0000818,RCP-00000818,Original,2026-05-13 10:42:28,EMP-0017,REG-05,PH-001,
RCT-0000674,TXN-0001443,RCP-00001443,Original,2026-05-13 11:01:48,EMP-0068,REG-06,PH-004,
RCT-0000675,TXN-0000795,RCP-00000795,Original,2026-05-13 11:07:47,EMP-0002,REG-03,PH-001,
RCT-0000676,TXN-0000156,RCP-00000156,Original,2026-05-13 11:27:38,EMP-0103,REG-04,PH-005,
RCT-0000677,TXN-0003452,RCP-00003452,Original,2026-05-13 11:31:19,EMP-0083,REG-01,PH-004,
RCT-0000678,TXN-0004710,RCP-00004710,Original,2026-05-13 11:34:07,EMP-0025,REG-05,PH-002,
RCT-0000679,TXN-0000958,RCP-00000958,Original,2026-05-13 11:46:11,EMP-0080,REG-03,PH-004,
RCT-0000680,TXN-0000806,RCP-00000806,Original,2026-05-13 11:51:21,EMP-0045,REG-05,PH-003,
RCT-0000681,TXN-0003520,RCP-00003520,Original,2026-05-13 11:52:48,EMP-0056,REG-04,PH-003,
RCT-0000682,TXN-0004084,RCP-00004084,Original,2026-05-13 11:59:55,EMP-0106,REG-02,PH-005,
RCT-0000683,TXN-0000508,RCP-00000508,Original,2026-05-13 12:41:40,EMP-0081,REG-05,PH-004,
RCT-0000684,TXN-0002891,RCP-00002891,Original,2026-05-13 12:42:29,EMP-0040,REG-04,PH-002,
RCT-0000685,TXN-0001764,RCP-00001764,Original,2026-05-13 12:42:58,EMP-0046,REG-01,PH-003,
RCT-0000686,TXN-0002012,RCP-00002012,Original,2026-05-13 13:27:47,EMP-0060,REG-04,PH-003,
RCT-0000687,TXN-0003421,RCP-00003421,Reprint,2026-05-13 14:04:44,EMP-0092,REG-01,PH-005,Customer request
RCT-0000688,TXN-0000003,RCP-00000003,Original,2026-05-13 14:40:31,EMP-0040,REG-05,PH-002,
RCT-0000689,TXN-0001873,RCP-00001873,Original,2026-05-13 14:46:26,EMP-0062,REG-01,PH-003,
RCT-0000690,TXN-0001501,RCP-00001501,Original,2026-05-13 14:49:14,EMP-0086,REG-05,PH-004,
RCT-0000691,TXN-0000040,RCP-00000040,Original,2026-05-13 14:57:11,EMP-0034,REG-05,PH-002,
RCT-0000692,TXN-0001684,RCP-00001684,Original,2026-05-13 15:17:57,EMP-0016,REG-01,PH-001,
RCT-0000693,TXN-0001195,RCP-00001195,Original,2026-05-13 15:38:09,EMP-0090,REG-05,PH-005,
RCT-0000694,TXN-0000713,RCP-00000713,Original,2026-05-13 15:38:15,EMP-0056,REG-03,PH-003,
RCT-0000695,TXN-0004504,RCP-00004504,Original,2026-05-13 15:40:46,EMP-0017,REG-05,PH-001,
RCT-0000696,TXN-0002587,RCP-00002587,Original,2026-05-13 15:42:13,EMP-0068,REG-05,PH-004,
RCT-0000697,TXN-0000143,RCP-00000143,Original,2026-05-13 15:58:18,EMP-0106,REG-04,PH-005,
RCT-0000698,TXN-0004273,RCP-00004273,Original,2026-05-13 16:31:05,EMP-0045,REG-04,PH-003,
RCT-0000699,TXN-0000579,RCP-00000579,Original,2026-05-13 16:45:15,EMP-0058,REG-05,PH-003,
RCT-0000700,TXN-0003835,RCP-00003835,Original,2026-05-13 16:53:23,EMP-0084,REG-02,PH-004,
RCT-0000701,TXN-0003051,RCP-00003051,Original,2026-05-13 16:57:23,EMP-0014,REG-04,PH-001,
RCT-0000702,TXN-0004798,RCP-00004798,Original,2026-05-13 17:12:39,EMP-0090,REG-02,PH-005,
RCT-0000703,TXN-0000710,RCP-00000710,Original,2026-05-13 17:25:30,EMP-0062,REG-06,PH-003,
RCT-0000704,TXN-0003735,RCP-00003735,Original,2026-05-13 17:26:46,EMP-0023,REG-02,PH-002,
RCT-0000705,TXN-0001767,RCP-00001767,Original,2026-05-13 17:43:22,EMP-0064,REG-05,PH-003,
RCT-0000706,TXN-0003680,RCP-00003680,Original,2026-05-13 18:14:33,EMP-0086,REG-05,PH-004,
RCT-0000707,TXN-0001513,RCP-00001513,Original,2026-05-13 18:28:05,EMP-0037,REG-02,PH-002,
RCT-0000708,TXN-0003803,RCP-00003803,Original,2026-05-13 18:54:36,EMP-0060,REG-01,PH-003,
RCT-0000709,TXN-0002788,RCP-00002788,Original,2026-05-13 19:21:06,EMP-0015,REG-04,PH-001,
RCT-0000710,TXN-0001396,RCP-00001396,Original,2026-05-13 19:25:32,EMP-0015,REG-06,PH-001,
RCT-0000711,TXN-0002163,RCP-00002163,Original,2026-05-13 19:32:09,EMP-0019,REG-04,PH-001,
RCT-0000712,TXN-0002447,RCP-00002447,Original,2026-05-13 19:44:45,EMP-0057,REG-02,PH-003,
RCT-0000713,TXN-0002768,RCP-00002768,Original,2026-05-13 20:10:20,EMP-0013,REG-03,PH-001,
RCT-0000714,TXN-0003907,RCP-00003907,Original,2026-05-13 20:18:16,EMP-0108,REG-01,PH-005,
RCT-0000715,TXN-0002345,RCP-00002345,Original,2026-05-13 20:18:47,EMP-0013,REG-01,PH-001,
RCT-0000716,TXN-0001133,RCP-00001133,Original,2026-05-13 20:32:39,EMP-0103,REG-03,PH-005,
RCT-0000717,TXN-0003719,RCP-00003719,Original,2026-05-13 20:58:02,EMP-0003,REG-01,PH-001,
RCT-0000718,TXN-0003559,RCP-00003559,Original,2026-05-13 21:29:55,EMP-0037,REG-03,PH-002,
RCT-0000719,TXN-0000589,RCP-00000589,Original,2026-05-13 21:35:42,EMP-0081,REG-03,PH-004,
RCT-0000720,TXN-0000884,RCP-00000884,Reprint,2026-05-13 22:03:44,EMP-0015,REG-04,PH-001,Customer request
RCT-0000721,TXN-0004248,RCP-00004248,Original,2026-05-14 08:01:15,EMP-0015,REG-05,PH-001,
RCT-0000722,TXN-0002893,RCP-00002893,Original,2026-05-14 08:15:07,EMP-0041,REG-06,PH-002,
RCT-0000723,TXN-0002826,RCP-00002826,Original,2026-05-14 08:30:40,EMP-0038,REG-01,PH-002,
RCT-0000724,TXN-0004720,RCP-00004720,Original,2026-05-14 08:34:31,EMP-0069,REG-06,PH-004,
RCT-0000725,TXN-0001555,RCP-00001555,Original,2026-05-14 08:45:40,EMP-0069,REG-06,PH-004,
RCT-0000726,TXN-0001120,RCP-00001120,Original,2026-05-14 08:57:47,EMP-0069,REG-01,PH-004,
RCT-0000727,TXN-0000447,RCP-00000447,Original,2026-05-14 08:58:00,EMP-0101,REG-01,PH-005,
RCT-0000728,TXN-0004732,RCP-00004732,Original,2026-05-14 09:00:46,EMP-0019,REG-06,PH-001,
RCT-0000729,TXN-0000471,RCP-00000471,Reprint,2026-05-14 09:26:04,EMP-0064,REG-01,PH-003,Printer jam
RCT-0000730,TXN-0001574,RCP-00001574,Original,2026-05-14 09:44:02,EMP-0045,REG-04,PH-003,
RCT-0000731,TXN-0003079,RCP-00003079,Original,2026-05-14 09:44:41,EMP-0104,REG-03,PH-005,
RCT-0000732,TXN-0002333,RCP-00002333,Original,2026-05-14 09:55:59,EMP-0086,REG-02,PH-004,
RCT-0000733,TXN-0001875,RCP-00001875,Original,2026-05-14 09:56:22,EMP-0003,REG-01,PH-001,
RCT-0000734,TXN-0002871,RCP-00002871,Original,2026-05-14 10:01:12,EMP-0079,REG-03,PH-004,
RCT-0000735,TXN-0001469,RCP-00001469,Original,2026-05-14 10:07:23,EMP-0037,REG-02,PH-002,
RCT-0000736,TXN-0004745,RCP-00004745,Original,2026-05-14 10:36:29,EMP-0067,REG-02,PH-004,
RCT-0000737,TXN-0003886,RCP-00003886,Original,2026-05-14 10:37:10,EMP-0019,REG-02,PH-001,
RCT-0000738,TXN-0002553,RCP-00002553,Original,2026-05-14 10:42:37,EMP-0039,REG-04,PH-002,
RCT-0000739,TXN-0001189,RCP-00001189,Original,2026-05-14 10:54:08,EMP-0102,REG-05,PH-005,
RCT-0000740,TXN-0004781,RCP-00004781,Original,2026-05-14 11:15:44,EMP-0013,REG-04,PH-001,
RCT-0000741,TXN-0003656,RCP-00003656,Original,2026-05-14 11:26:35,EMP-0001,REG-03,PH-001,
RCT-0000742,TXN-0000374,RCP-00000374,Original,2026-05-14 11:27:34,EMP-0034,REG-01,PH-002,
RCT-0000743,TXN-0004353,RCP-00004353,Original,2026-05-14 11:29:22,EMP-0089,REG-02,PH-005,
RCT-0000744,TXN-0000339,RCP-00000339,Original,2026-05-14 12:50:20,EMP-0060,REG-04,PH-003,
RCT-0000745,TXN-0001330,RCP-00001330,Original,2026-05-14 13:02:51,EMP-0067,REG-03,PH-004,
RCT-0000746,TXN-0001432,RCP-00001432,Original,2026-05-14 13:02:57,EMP-0045,REG-05,PH-003,
RCT-0000747,TXN-0000603,RCP-00000603,Original,2026-05-14 13:06:06,EMP-0104,REG-04,PH-005,
RCT-0000748,TXN-0004054,RCP-00004054,Original,2026-05-14 13:18:10,EMP-0082,REG-03,PH-004,
RCT-0000749,TXN-0002551,RCP-00002551,Original,2026-05-14 13:47:56,EMP-0060,REG-04,PH-003,
RCT-0000750,TXN-0001847,RCP-00001847,Original,2026-05-14 14:16:46,EMP-0056,REG-04,PH-003,
RCT-0000751,TXN-0004251,RCP-00004251,Original,2026-05-14 14:26:25,EMP-0079,REG-02,PH-004,
RCT-0000752,TXN-0003819,RCP-00003819,Original,2026-05-14 14:32:44,EMP-0061,REG-02,PH-003,
RCT-0000753,TXN-0003525,RCP-00003525,Original,2026-05-14 14:37:56,EMP-0045,REG-05,PH-003,
RCT-0000754,TXN-0002849,RCP-00002849,Original,2026-05-14 14:40:10,EMP-0069,REG-04,PH-004,
RCT-0000755,TXN-0000031,RCP-00000031,Reprint,2026-05-14 15:05:54,EMP-0106,REG-03,PH-005,Customer request
RCT-0000756,TXN-0003208,RCP-00003208,Original,2026-05-14 15:10:25,EMP-0038,REG-03,PH-002,
RCT-0000757,TXN-0001889,RCP-00001889,Original,2026-05-14 15:15:17,EMP-0102,REG-02,PH-005,
RCT-0000758,TXN-0000634,RCP-00000634,Original,2026-05-14 15:45:03,EMP-0025,REG-01,PH-002,
RCT-0000759,TXN-0000970,RCP-00000970,Original,2026-05-14 15:50:45,EMP-0039,REG-02,PH-002,
RCT-0000760,TXN-0000984,RCP-00000984,Original,2026-05-14 15:57:24,EMP-0060,REG-05,PH-003,
RCT-0000761,TXN-0002176,RCP-00002176,Original,2026-05-14 16:18:48,EMP-0001,REG-05,PH-001,
RCT-0000762,TXN-0003635,RCP-00003635,Original,2026-05-14 16:34:08,EMP-0100,REG-04,PH-005,
RCT-0000763,TXN-0004142,RCP-00004142,Original,2026-05-14 16:34:43,EMP-0086,REG-05,PH-004,
RCT-0000764,TXN-0003201,RCP-00003201,Original,2026-05-14 16:53:09,EMP-0013,REG-06,PH-001,
RCT-0000765,TXN-0002415,RCP-00002415,Original,2026-05-14 17:08:08,EMP-0108,REG-03,PH-005,
RCT-0000766,TXN-0003408,RCP-00003408,Original,2026-05-14 18:05:02,EMP-0002,REG-02,PH-001,
RCT-0000767,TXN-0003305,RCP-00003305,Original,2026-05-14 18:56:07,EMP-0056,REG-03,PH-003,
RCT-0000768,TXN-0002990,RCP-00002990,Original,2026-05-14 19:08:15,EMP-0061,REG-03,PH-003,
RCT-0000769,TXN-0002809,RCP-00002809,Original,2026-05-14 19:18:25,EMP-0024,REG-03,PH-002,
RCT-0000770,TXN-0004301,RCP-00004301,Original,2026-05-14 19:18:57,EMP-0056,REG-06,PH-003,
RCT-0000771,TXN-0001993,RCP-00001993,Original,2026-05-14 19:40:00,EMP-0040,REG-04,PH-002,
RCT-0000772,TXN-0004808,RCP-00004808,Original,2026-05-14 20:22:36,EMP-0108,REG-01,PH-005,
RCT-0000773,TXN-0002775,RCP-00002775,Original,2026-05-14 21:02:19,EMP-0102,REG-04,PH-005,
RCT-0000774,TXN-0002426,RCP-00002426,Original,2026-05-14 21:04:34,EMP-0106,REG-02,PH-005,
RCT-0000775,TXN-0000640,RCP-00000640,Original,2026-05-14 21:10:13,EMP-0003,REG-02,PH-001,
RCT-0000776,TXN-0000599,RCP-00000599,Original,2026-05-14 21:20:24,EMP-0042,REG-01,PH-002,
RCT-0000777,TXN-0004755,RCP-00004755,Original,2026-05-14 21:40:37,EMP-0016,REG-05,PH-001,
RCT-0000778,TXN-0004380,RCP-00004380,Original,2026-05-14 21:50:12,EMP-0037,REG-01,PH-002,
RCT-0000779,TXN-0001012,RCP-00001012,Original,2026-05-14 21:57:21,EMP-0038,REG-01,PH-002,
RCT-0000780,TXN-0000261,RCP-00000261,Original,2026-05-15 08:07:25,EMP-0036,REG-05,PH-002,
RCT-0000781,TXN-0003831,RCP-00003831,Original,2026-05-15 08:31:39,EMP-0079,REG-01,PH-004,
RCT-0000782,TXN-0004467,RCP-00004467,Original,2026-05-15 08:38:09,EMP-0083,REG-01,PH-004,
RCT-0000783,TXN-0002135,RCP-00002135,Original,2026-05-15 09:22:30,EMP-0016,REG-04,PH-001,
RCT-0000784,TXN-0000636,RCP-00000636,Original,2026-05-15 09:24:46,EMP-0064,REG-02,PH-003,
RCT-0000785,TXN-0004172,RCP-00004172,Original,2026-05-15 10:04:34,EMP-0105,REG-02,PH-005,
RCT-0000786,TXN-0003061,RCP-00003061,Original,2026-05-15 10:19:13,EMP-0083,REG-01,PH-004,
RCT-0000787,TXN-0002902,RCP-00002902,Original,2026-05-15 10:30:37,EMP-0039,REG-06,PH-002,
RCT-0000788,TXN-0004123,RCP-00004123,Original,2026-05-15 10:46:53,EMP-0012,REG-05,PH-001,
RCT-0000789,TXN-0002663,RCP-00002663,Original,2026-05-15 10:55:28,EMP-0108,REG-01,PH-005,
RCT-0000790,TXN-0004302,RCP-00004302,Original,2026-05-15 11:03:57,EMP-0062,REG-01,PH-003,
RCT-0000791,TXN-0003028,RCP-00003028,Original,2026-05-15 11:17:58,EMP-0020,REG-06,PH-001,
RCT-0000792,TXN-0001631,RCP-00001631,Original,2026-05-15 11:20:35,EMP-0056,REG-04,PH-003,
RCT-0000793,TXN-0001775,RCP-00001775,Original,2026-05-15 11:22:11,EMP-0083,REG-05,PH-004,
RCT-0000794,TXN-0000097,RCP-00000097,Original,2026-05-15 11:35:01,EMP-0023,REG-02,PH-002,
RCT-0000795,TXN-0003463,RCP-00003463,Original,2026-05-15 11:41:15,EMP-0014,REG-05,PH-001,
RCT-0000796,TXN-0002010,RCP-00002010,Original,2026-05-15 11:43:12,EMP-0059,REG-04,PH-003,
RCT-0000797,TXN-0002669,RCP-00002669,Original,2026-05-15 12:41:41,EMP-0006,REG-02,PH-001,
RCT-0000798,TXN-0000733,RCP-00000733,Original,2026-05-15 12:59:09,EMP-0083,REG-04,PH-004,
RCT-0000799,TXN-0001374,RCP-00001374,Original,2026-05-15 12:59:35,EMP-0040,REG-01,PH-002,
RCT-0000800,TXN-0000908,RCP-00000908,Original,2026-05-15 13:24:32,EMP-0016,REG-06,PH-001,
RCT-0000801,TXN-0001666,RCP-00001666,Original,2026-05-15 13:32:31,EMP-0040,REG-02,PH-002,
RCT-0000802,TXN-0001050,RCP-00001050,Original,2026-05-15 13:44:10,EMP-0106,REG-06,PH-005,
RCT-0000803,TXN-0001551,RCP-00001551,Original,2026-05-15 13:44:48,EMP-0039,REG-02,PH-002,
RCT-0000804,TXN-0002733,RCP-00002733,Original,2026-05-15 13:46:56,EMP-0046,REG-01,PH-003,
RCT-0000805,TXN-0003870,RCP-00003870,Original,2026-05-15 14:20:44,EMP-0091,REG-06,PH-005,
RCT-0000806,TXN-0000196,RCP-00000196,Original,2026-05-15 14:52:31,EMP-0002,REG-06,PH-001,
RCT-0000807,TXN-0001182,RCP-00001182,Original,2026-05-15 15:02:50,EMP-0062,REG-05,PH-003,
RCT-0000808,TXN-0000401,RCP-00000401,Original,2026-05-15 15:34:10,EMP-0058,REG-03,PH-003,
RCT-0000809,TXN-0002028,RCP-00002028,Original,2026-05-15 15:38:44,EMP-0034,REG-02,PH-002,
RCT-0000810,TXN-0004074,RCP-00004074,Original,2026-05-15 16:05:15,EMP-0057,REG-05,PH-003,
RCT-0000811,TXN-0000903,RCP-00000903,Original,2026-05-15 16:12:14,EMP-0040,REG-06,PH-002,
RCT-0000812,TXN-0003411,RCP-00003411,Original,2026-05-15 16:12:22,EMP-0090,REG-06,PH-005,
RCT-0000813,TXN-0001858,RCP-00001858,Original,2026-05-15 16:33:51,EMP-0041,REG-01,PH-002,
RCT-0000814,TXN-0002087,RCP-00002087,Original,2026-05-15 16:38:30,EMP-0035,REG-05,PH-002,
RCT-0000815,TXN-0002268,RCP-00002268,Original,2026-05-15 16:50:39,EMP-0012,REG-03,PH-001,
RCT-0000816,TXN-0002204,RCP-00002204,Original,2026-05-15 17:04:00,EMP-0023,REG-02,PH-002,
RCT-0000817,TXN-0001032,RCP-00001032,Original,2026-05-15 17:12:31,EMP-0060,REG-01,PH-003,
RCT-0000818,TXN-0001400,RCP-00001400,Original,2026-05-15 17:20:21,EMP-0068,REG-06,PH-004,
RCT-0000819,TXN-0002634,RCP-00002634,Original,2026-05-15 17:34:09,EMP-0105,REG-01,PH-005,
RCT-0000820,TXN-0002433,RCP-00002433,Original,2026-05-15 18:59:48,EMP-0062,REG-03,PH-003,
RCT-0000821,TXN-0003362,RCP-00003362,Original,2026-05-15 19:05:52,EMP-0102,REG-06,PH-005,
RCT-0000822,TXN-0002104,RCP-00002104,Original,2026-05-15 19:15:59,EMP-0042,REG-05,PH-002,
RCT-0000823,TXN-0000828,RCP-00000828,Original,2026-05-15 19:28:19,EMP-0037,REG-03,PH-002,
RCT-0000824,TXN-0000905,RCP-00000905,Original,2026-05-15 19:34:43,EMP-0012,REG-01,PH-001,
RCT-0000825,TXN-0001116,RCP-00001116,Original,2026-05-15 19:44:26,EMP-0058,REG-05,PH-003,
RCT-0000826,TXN-0001629,RCP-00001629,Original,2026-05-15 20:01:51,EMP-0018,REG-06,PH-001,
RCT-0000827,TXN-0004337,RCP-00004337,Original,2026-05-15 20:53:21,EMP-0104,REG-01,PH-005,
RCT-0000828,TXN-0001241,RCP-00001241,Original,2026-05-15 20:54:59,EMP-0047,REG-05,PH-003,
RCT-0000829,TXN-0001026,RCP-00001026,Original,2026-05-15 21:00:04,EMP-0045,REG-01,PH-003,
RCT-0000830,TXN-0002241,RCP-00002241,Original,2026-05-15 21:14:59,EMP-0057,REG-03,PH-003,
RCT-0000831,TXN-0000358,RCP-00000358,Original,2026-05-15 21:50:37,EMP-0090,REG-01,PH-005,
RCT-0000832,TXN-0002151,RCP-00002151,Reprint,2026-05-16 00:10:45,EMP-0038,REG-05,PH-002,Printer jam
RCT-0000833,TXN-0000091,RCP-00000091,Reprint,2026-05-16 01:36:55,EMP-0097,REG-04,PH-005,Customer request
RCT-0000834,TXN-0003737,RCP-00003737,Original,2026-05-16 08:07:28,EMP-0102,REG-05,PH-005,
RCT-0000835,TXN-0001516,RCP-00001516,Original,2026-05-16 08:18:13,EMP-0091,REG-04,PH-005,
RCT-0000836,TXN-0002655,RCP-00002655,Original,2026-05-16 08:40:28,EMP-0037,REG-03,PH-002,
RCT-0000837,TXN-0001992,RCP-00001992,Original,2026-05-16 09:30:16,EMP-0101,REG-05,PH-005,
RCT-0000838,TXN-0003407,RCP-00003407,Original,2026-05-16 09:35:08,EMP-0023,REG-03,PH-002,
RCT-0000839,TXN-0003068,RCP-00003068,Original,2026-05-16 09:37:32,EMP-0100,REG-04,PH-005,
RCT-0000840,TXN-0002814,RCP-00002814,Original,2026-05-16 09:59:02,EMP-0059,REG-06,PH-003,
RCT-0000841,TXN-0001428,RCP-00001428,Original,2026-05-16 10:10:30,EMP-0091,REG-04,PH-005,
RCT-0000842,TXN-0003894,RCP-00003894,Original,2026-05-16 10:19:04,EMP-0083,REG-02,PH-004,
RCT-0000843,TXN-0004557,RCP-00004557,Original,2026-05-16 11:01:20,EMP-0015,REG-03,PH-001,
RCT-0000844,TXN-0004399,RCP-00004399,Original,2026-05-16 11:01:25,EMP-0058,REG-01,PH-003,
RCT-0000845,TXN-0002601,RCP-00002601,Original,2026-05-16 11:01:59,EMP-0084,REG-01,PH-004,
RCT-0000846,TXN-0002009,RCP-00002009,Original,2026-05-16 11:17:36,EMP-0062,REG-06,PH-003,
RCT-0000847,TXN-0002135,RCP-00002135,Reprint,2026-05-16 11:21:30,EMP-0010,REG-02,PH-001,Customer request
RCT-0000848,TXN-0001788,RCP-00001788,Original,2026-05-16 11:44:50,EMP-0001,REG-02,PH-001,
RCT-0000849,TXN-0001899,RCP-00001899,Original,2026-05-16 11:52:09,EMP-0079,REG-03,PH-004,
RCT-0000850,TXN-0002392,RCP-00002392,Original,2026-05-16 12:10:33,EMP-0006,REG-06,PH-001,
RCT-0000851,TXN-0003396,RCP-00003396,Original,2026-05-16 12:19:33,EMP-0102,REG-05,PH-005,
RCT-0000852,TXN-0002052,RCP-00002052,Original,2026-05-16 12:20:05,EMP-0042,REG-01,PH-002,
RCT-0000853,TXN-0000772,RCP-00000772,Original,2026-05-16 12:28:27,EMP-0082,REG-03,PH-004,
RCT-0000854,TXN-0001650,RCP-00001650,Original,2026-05-16 12:32:26,EMP-0105,REG-05,PH-005,
RCT-0000855,TXN-0004708,RCP-00004708,Original,2026-05-16 13:10:46,EMP-0061,REG-01,PH-003,
RCT-0000856,TXN-0000771,RCP-00000771,Original,2026-05-16 13:19:54,EMP-0103,REG-02,PH-005,
RCT-0000857,TXN-0003493,RCP-00003493,Original,2026-05-16 13:39:39,EMP-0102,REG-01,PH-005,
RCT-0000858,TXN-0000501,RCP-00000501,Original,2026-05-16 13:42:56,EMP-0035,REG-01,PH-002,
RCT-0000859,TXN-0004443,RCP-00004443,Original,2026-05-16 13:50:58,EMP-0063,REG-02,PH-003,
RCT-0000860,TXN-0001082,RCP-00001082,Original,2026-05-16 14:23:21,EMP-0016,REG-03,PH-001,
RCT-0000861,TXN-0003024,RCP-00003024,Original,2026-05-16 14:23:58,EMP-0042,REG-02,PH-002,
RCT-0000862,TXN-0004711,RCP-00004711,Original,2026-05-16 14:26:11,EMP-0018,REG-05,PH-001,
RCT-0000863,TXN-0000231,RCP-00000231,Original,2026-05-16 14:34:08,EMP-0108,REG-04,PH-005,
RCT-0000864,TXN-0004883,RCP-00004883,Original,2026-05-16 14:49:44,EMP-0020,REG-06,PH-001,
RCT-0000865,TXN-0003682,RCP-00003682,Original,2026-05-16 15:24:58,EMP-0001,REG-01,PH-001,
RCT-0000866,TXN-0001440,RCP-00001440,Original,2026-05-16 15:27:23,EMP-0063,REG-06,PH-003,
RCT-0000867,TXN-0003640,RCP-00003640,Original,2026-05-16 15:31:50,EMP-0060,REG-06,PH-003,
RCT-0000868,TXN-0001439,RCP-00001439,Original,2026-05-16 15:54:26,EMP-0002,REG-01,PH-001,
RCT-0000869,TXN-0002068,RCP-00002068,Original,2026-05-16 16:23:32,EMP-0067,REG-06,PH-004,
RCT-0000870,TXN-0000464,RCP-00000464,Original,2026-05-16 16:30:38,EMP-0090,REG-06,PH-005,
RCT-0000871,TXN-0002220,RCP-00002220,Original,2026-05-16 16:33:19,EMP-0079,REG-04,PH-004,
RCT-0000872,TXN-0004133,RCP-00004133,Original,2026-05-16 16:46:21,EMP-0078,REG-05,PH-004,
RCT-0000873,TXN-0001909,RCP-00001909,Original,2026-05-16 16:50:05,EMP-0061,REG-06,PH-003,
RCT-0000874,TXN-0003852,RCP-00003852,Original,2026-05-16 16:54:44,EMP-0060,REG-04,PH-003,
RCT-0000875,TXN-0001355,RCP-00001355,Original,2026-05-16 16:57:53,EMP-0047,REG-04,PH-003,
RCT-0000876,TXN-0002246,RCP-00002246,Original,2026-05-16 17:04:09,EMP-0101,REG-02,PH-005,
RCT-0000877,TXN-0002732,RCP-00002732,Original,2026-05-16 17:19:02,EMP-0014,REG-01,PH-001,
RCT-0000878,TXN-0002608,RCP-00002608,Original,2026-05-16 17:19:05,EMP-0024,REG-06,PH-002,
RCT-0000879,TXN-0002058,RCP-00002058,Original,2026-05-16 17:28:16,EMP-0061,REG-06,PH-003,
RCT-0000880,TXN-0002308,RCP-00002308,Original,2026-05-16 17:33:37,EMP-0018,REG-01,PH-001,
RCT-0000881,TXN-0002570,RCP-00002570,Original,2026-05-16 17:37:33,EMP-0006,REG-03,PH-001,
RCT-0000882,TXN-0002572,RCP-00002572,Original,2026-05-16 17:50:34,EMP-0045,REG-06,PH-003,
RCT-0000883,TXN-0000679,RCP-00000679,Original,2026-05-16 17:58:49,EMP-0012,REG-04,PH-001,
RCT-0000884,TXN-0001800,RCP-00001800,Original,2026-05-16 18:30:35,EMP-0068,REG-06,PH-004,
RCT-0000885,TXN-0004033,RCP-00004033,Original,2026-05-16 18:45:00,EMP-0063,REG-05,PH-003,
RCT-0000886,TXN-0003283,RCP-00003283,Original,2026-05-16 18:50:37,EMP-0024,REG-04,PH-002,
RCT-0000887,TXN-0004640,RCP-00004640,Original,2026-05-16 18:54:57,EMP-0024,REG-04,PH-002,
RCT-0000888,TXN-0002749,RCP-00002749,Original,2026-05-16 19:04:45,EMP-0058,REG-06,PH-003,
RCT-0000889,TXN-0001825,RCP-00001825,Original,2026-05-16 19:29:16,EMP-0078,REG-03,PH-004,
RCT-0000890,TXN-0002111,RCP-00002111,Original,2026-05-16 19:35:15,EMP-0040,REG-01,PH-002,
RCT-0000891,TXN-0004347,RCP-00004347,Original,2026-05-16 20:08:13,EMP-0090,REG-06,PH-005,
RCT-0000892,TXN-0002853,RCP-00002853,Original,2026-05-16 20:21:04,EMP-0035,REG-02,PH-002,
RCT-0000893,TXN-0002745,RCP-00002745,Original,2026-05-16 20:39:36,EMP-0024,REG-06,PH-002,
RCT-0000894,TXN-0002525,RCP-00002525,Original,2026-05-16 20:40:54,EMP-0058,REG-05,PH-003,
RCT-0000895,TXN-0004921,RCP-00004921,Original,2026-05-16 20:50:57,EMP-0081,REG-03,PH-004,
RCT-0000896,TXN-0003949,RCP-00003949,Original,2026-05-16 21:00:57,EMP-0046,REG-04,PH-003,
RCT-0000897,TXN-0003929,RCP-00003929,Reprint,2026-05-16 21:04:18,EMP-0001,REG-02,PH-001,Printer jam
RCT-0000898,TXN-0003536,RCP-00003536,Original,2026-05-16 21:11:28,EMP-0067,REG-02,PH-004,
RCT-0000899,TXN-0003681,RCP-00003681,Original,2026-05-16 21:18:54,EMP-0040,REG-06,PH-002,
RCT-0000900,TXN-0004892,RCP-00004892,Original,2026-05-16 21:19:02,EMP-0062,REG-02,PH-003,
RCT-0000901,TXN-0003015,RCP-00003015,Original,2026-05-16 21:51:44,EMP-0083,REG-02,PH-004,
RCT-0000902,TXN-0004766,RCP-00004766,Original,2026-05-17 08:08:04,EMP-0062,REG-03,PH-003,
RCT-0000903,TXN-0002421,RCP-00002421,Original,2026-05-17 08:21:07,EMP-0012,REG-05,PH-001,
RCT-0000904,TXN-0003544,RCP-00003544,Original,2026-05-17 09:02:51,EMP-0047,REG-06,PH-003,
RCT-0000905,TXN-0001976,RCP-00001976,Original,2026-05-17 09:05:04,EMP-0040,REG-06,PH-002,
RCT-0000906,TXN-0001732,RCP-00001732,Original,2026-05-17 09:10:17,EMP-0045,REG-06,PH-003,
RCT-0000907,TXN-0004591,RCP-00004591,Original,2026-05-17 09:10:26,EMP-0057,REG-02,PH-003,
RCT-0000908,TXN-0004996,RCP-00004996,Original,2026-05-17 09:27:52,EMP-0091,REG-02,PH-005,
RCT-0000909,TXN-0004836,RCP-00004836,Original,2026-05-17 09:45:40,EMP-0061,REG-04,PH-003,
RCT-0000910,TXN-0000743,RCP-00000743,Original,2026-05-17 09:47:41,EMP-0038,REG-06,PH-002,
RCT-0000911,TXN-0002492,RCP-00002492,Original,2026-05-17 09:49:02,EMP-0020,REG-06,PH-001,
RCT-0000912,TXN-0004194,RCP-00004194,Original,2026-05-17 10:14:31,EMP-0100,REG-02,PH-005,
RCT-0000913,TXN-0003515,RCP-00003515,Original,2026-05-17 10:37:20,EMP-0060,REG-03,PH-003,
RCT-0000914,TXN-0003154,RCP-00003154,Original,2026-05-17 11:01:49,EMP-0038,REG-04,PH-002,
RCT-0000915,TXN-0004965,RCP-00004965,Original,2026-05-17 11:02:21,EMP-0089,REG-05,PH-005,
RCT-0000916,TXN-0004596,RCP-00004596,Original,2026-05-17 11:04:13,EMP-0103,REG-03,PH-005,
RCT-0000917,TXN-0001063,RCP-00001063,Original,2026-05-17 11:05:47,EMP-0040,REG-02,PH-002,
RCT-0000918,TXN-0002743,RCP-00002743,Original,2026-05-17 11:13:27,EMP-0062,REG-05,PH-003,
RCT-0000919,TXN-0003642,RCP-00003642,Original,2026-05-17 11:19:42,EMP-0036,REG-06,PH-002,
RCT-0000920,TXN-0004296,RCP-00004296,Original,2026-05-17 11:30:09,EMP-0100,REG-06,PH-005,
RCT-0000921,TXN-0001344,RCP-00001344,Original,2026-05-17 11:43:31,EMP-0037,REG-02,PH-002,
RCT-0000922,TXN-0001920,RCP-00001920,Original,2026-05-17 11:45:54,EMP-0002,REG-02,PH-001,
RCT-0000923,TXN-0002689,RCP-00002689,Original,2026-05-17 11:49:00,EMP-0015,REG-05,PH-001,
RCT-0000924,TXN-0004611,RCP-00004611,Original,2026-05-17 11:50:57,EMP-0013,REG-02,PH-001,
RCT-0000925,TXN-0000762,RCP-00000762,Original,2026-05-17 12:08:10,EMP-0036,REG-02,PH-002,
RCT-0000926,TXN-0004771,RCP-00004771,Original,2026-05-17 12:26:18,EMP-0108,REG-06,PH-005,
RCT-0000927,TXN-0002026,RCP-00002026,Original,2026-05-17 12:33:38,EMP-0090,REG-02,PH-005,
RCT-0000928,TXN-0002026,RCP-00002026,Gift Receipt,2026-05-17 12:34:38,EMP-0090,REG-02,PH-005,
RCT-0000929,TXN-0004654,RCP-00004654,Original,2026-05-17 12:53:47,EMP-0056,REG-05,PH-003,
RCT-0000930,TXN-0003760,RCP-00003760,Original,2026-05-17 13:03:01,EMP-0102,REG-05,PH-005,
RCT-0000931,TXN-0000947,RCP-00000947,Original,2026-05-17 13:06:01,EMP-0001,REG-05,PH-001,
RCT-0000932,TXN-0004144,RCP-00004144,Original,2026-05-17 13:52:45,EMP-0102,REG-05,PH-005,
RCT-0000933,TXN-0001480,RCP-00001480,Original,2026-05-17 13:54:05,EMP-0108,REG-02,PH-005,
RCT-0000934,TXN-0001053,RCP-00001053,Original,2026-05-17 14:06:19,EMP-0047,REG-05,PH-003,
RCT-0000935,TXN-0000428,RCP-00000428,Original,2026-05-17 14:08:20,EMP-0061,REG-01,PH-003,
RCT-0000936,TXN-0002861,RCP-00002861,Original,2026-05-17 14:33:30,EMP-0042,REG-03,PH-002,
RCT-0000937,TXN-0001357,RCP-00001357,Original,2026-05-17 15:06:16,EMP-0038,REG-05,PH-002,
RCT-0000938,TXN-0001832,RCP-00001832,Original,2026-05-17 15:19:58,EMP-0002,REG-03,PH-001,
RCT-0000939,TXN-0001914,RCP-00001914,Original,2026-05-17 15:27:38,EMP-0105,REG-04,PH-005,
RCT-0000940,TXN-0003000,RCP-00003000,Original,2026-05-17 15:36:24,EMP-0100,REG-03,PH-005,
RCT-0000941,TXN-0003676,RCP-00003676,Original,2026-05-17 16:40:23,EMP-0014,REG-01,PH-001,
RCT-0000942,TXN-0000941,RCP-00000941,Original,2026-05-17 16:43:39,EMP-0105,REG-06,PH-005,
RCT-0000943,TXN-0004261,RCP-00004261,Original,2026-05-17 16:48:26,EMP-0089,REG-01,PH-005,
RCT-0000944,TXN-0002331,RCP-00002331,Original,2026-05-17 16:58:17,EMP-0047,REG-05,PH-003,
RCT-0000945,TXN-0000299,RCP-00000299,Original,2026-05-17 17:15:01,EMP-0102,REG-03,PH-005,
RCT-0000946,TXN-0004174,RCP-00004174,Original,2026-05-17 17:19:59,EMP-0017,REG-03,PH-001,
RCT-0000947,TXN-0003901,RCP-00003901,Reprint,2026-05-17 17:20:25,EMP-0086,REG-01,PH-004,Printer jam
RCT-0000948,TXN-0004281,RCP-00004281,Original,2026-05-17 17:27:29,EMP-0108,REG-01,PH-005,
RCT-0000949,TXN-0004968,RCP-00004968,Original,2026-05-17 17:28:44,EMP-0085,REG-06,PH-004,
RCT-0000950,TXN-0004909,RCP-00004909,Original,2026-05-17 18:17:56,EMP-0002,REG-03,PH-001,
RCT-0000951,TXN-0004534,RCP-00004534,Original,2026-05-17 18:22:41,EMP-0047,REG-03,PH-003,
RCT-0000952,TXN-0004835,RCP-00004835,Original,2026-05-17 18:48:08,EMP-0067,REG-05,PH-004,
RCT-0000953,TXN-0000478,RCP-00000478,Original,2026-05-17 18:50:02,EMP-0013,REG-02,PH-001,
RCT-0000954,TXN-0000632,RCP-00000632,Original,2026-05-17 19:05:57,EMP-0064,REG-05,PH-003,
RCT-0000955,TXN-0000667,RCP-00000667,Original,2026-05-17 19:25:01,EMP-0019,REG-02,PH-001,
RCT-0000956,TXN-0000650,RCP-00000650,Original,2026-05-17 19:56:49,EMP-0059,REG-02,PH-003,
RCT-0000957,TXN-0003662,RCP-00003662,Original,2026-05-17 20:56:57,EMP-0015,REG-01,PH-001,
RCT-0000958,TXN-0001554,RCP-00001554,Original,2026-05-17 21:25:47,EMP-0039,REG-06,PH-002,
RCT-0000959,TXN-0001854,RCP-00001854,Original,2026-05-17 21:28:14,EMP-0104,REG-03,PH-005,
RCT-0000960,TXN-0004005,RCP-00004005,Reprint,2026-05-17 21:29:19,EMP-0038,REG-04,PH-002,Printer jam
RCT-0000961,TXN-0003925,RCP-00003925,Original,2026-05-17 21:35:01,EMP-0079,REG-01,PH-004,
RCT-0000962,TXN-0000817,RCP-00000817,Original,2026-05-17 21:50:59,EMP-0078,REG-01,PH-004,
RCT-0000963,TXN-0004562,RCP-00004562,Original,2026-05-17 21:59:11,EMP-0024,REG-05,PH-002,
RCT-0000964,TXN-0000755,RCP-00000755,Original,2026-05-18 08:20:18,EMP-0039,REG-04,PH-002,
RCT-0000965,TXN-0002493,RCP-00002493,Original,2026-05-18 08:47:37,EMP-0019,REG-04,PH-001,
RCT-0000966,TXN-0004839,RCP-00004839,Original,2026-05-18 08:58:06,EMP-0108,REG-06,PH-005,
RCT-0000967,TXN-0000697,RCP-00000697,Original,2026-05-18 09:02:44,EMP-0083,REG-05,PH-004,
RCT-0000968,TXN-0000421,RCP-00000421,Original,2026-05-18 09:15:10,EMP-0104,REG-04,PH-005,
RCT-0000969,TXN-0001491,RCP-00001491,Original,2026-05-18 09:26:15,EMP-0024,REG-04,PH-002,
RCT-0000970,TXN-0001941,RCP-00001941,Original,2026-05-18 09:52:08,EMP-0017,REG-02,PH-001,
RCT-0000971,TXN-0002359,RCP-00002359,Original,2026-05-18 10:46:22,EMP-0058,REG-01,PH-003,
RCT-0000972,TXN-0003153,RCP-00003153,Original,2026-05-18 10:58:34,EMP-0001,REG-05,PH-001,
RCT-0000973,TXN-0000318,RCP-00000318,Original,2026-05-18 11:01:26,EMP-0034,REG-06,PH-002,
RCT-0000974,TXN-0003772,RCP-00003772,Original,2026-05-18 11:09:40,EMP-0058,REG-04,PH-003,
RCT-0000975,TXN-0001496,RCP-00001496,Original,2026-05-18 11:20:54,EMP-0067,REG-05,PH-004,
RCT-0000976,TXN-0004989,RCP-00004989,Original,2026-05-18 11:24:58,EMP-0045,REG-03,PH-003,
RCT-0000977,TXN-0001178,RCP-00001178,Original,2026-05-18 11:34:48,EMP-0015,REG-02,PH-001,
RCT-0000978,TXN-0002521,RCP-00002521,Original,2026-05-18 11:57:46,EMP-0100,REG-05,PH-005,
RCT-0000979,TXN-0002883,RCP-00002883,Original,2026-05-18 12:23:29,EMP-0103,REG-05,PH-005,
RCT-0000980,TXN-0000512,RCP-00000512,Original,2026-05-18 12:46:42,EMP-0078,REG-02,PH-004,
RCT-0000981,TXN-0003897,RCP-00003897,Original,2026-05-18 12:56:11,EMP-0034,REG-04,PH-002,
RCT-0000982,TXN-0000282,RCP-00000282,Original,2026-05-18 13:07:21,EMP-0006,REG-03,PH-001,
RCT-0000983,TXN-0004099,RCP-00004099,Original,2026-05-18 13:44:16,EMP-0091,REG-01,PH-005,
RCT-0000984,TXN-0003853,RCP-00003853,Original,2026-05-18 14:06:11,EMP-0024,REG-05,PH-002,
RCT-0000985,TXN-0003837,RCP-00003837,Original,2026-05-18 14:12:00,EMP-0103,REG-02,PH-005,
RCT-0000986,TXN-0002888,RCP-00002888,Original,2026-05-18 14:14:25,EMP-0106,REG-02,PH-005,
RCT-0000987,TXN-0003841,RCP-00003841,Original,2026-05-18 14:26:32,EMP-0045,REG-06,PH-003,
RCT-0000988,TXN-0000517,RCP-00000517,Original,2026-05-18 14:59:32,EMP-0041,REG-06,PH-002,
RCT-0000989,TXN-0002251,RCP-00002251,Original,2026-05-18 15:13:05,EMP-0102,REG-05,PH-005,
RCT-0000990,TXN-0003184,RCP-00003184,Original,2026-05-18 16:07:24,EMP-0017,REG-04,PH-001,
RCT-0000991,TXN-0001389,RCP-00001389,Original,2026-05-18 16:13:08,EMP-0101,REG-06,PH-005,
RCT-0000992,TXN-0001389,RCP-00001389,Gift Receipt,2026-05-18 16:14:08,EMP-0101,REG-06,PH-005,
RCT-0000993,TXN-0001720,RCP-00001720,Original,2026-05-18 16:36:43,EMP-0086,REG-01,PH-004,
RCT-0000994,TXN-0003045,RCP-00003045,Original,2026-05-18 17:10:16,EMP-0089,REG-03,PH-005,
RCT-0000995,TXN-0003571,RCP-00003571,Original,2026-05-18 17:32:32,EMP-0017,REG-01,PH-001,
RCT-0000996,TXN-0003771,RCP-00003771,Original,2026-05-18 17:32:57,EMP-0067,REG-04,PH-004,
RCT-0000997,TXN-0004891,RCP-00004891,Original,2026-05-18 17:54:16,EMP-0108,REG-02,PH-005,
RCT-0000998,TXN-0003859,RCP-00003859,Original,2026-05-18 18:08:14,EMP-0056,REG-06,PH-003,
RCT-0000999,TXN-0000518,RCP-00000518,Original,2026-05-18 18:17:42,EMP-0078,REG-05,PH-004,
RCT-0001000,TXN-0002975,RCP-00002975,Original,2026-05-18 18:26:31,EMP-0015,REG-03,PH-001,
RCT-0001001,TXN-0003917,RCP-00003917,Original,2026-05-18 19:16:48,EMP-0001,REG-01,PH-001,
RCT-0001002,TXN-0000436,RCP-00000436,Original,2026-05-18 19:32:32,EMP-0085,REG-06,PH-004,
RCT-0001003,TXN-0000360,RCP-00000360,Original,2026-05-18 19:36:32,EMP-0041,REG-05,PH-002,
RCT-0001004,TXN-0001337,RCP-00001337,Original,2026-05-18 20:02:31,EMP-0024,REG-04,PH-002,
RCT-0001005,TXN-0004994,RCP-00004994,Original,2026-05-18 20:51:24,EMP-0086,REG-03,PH-004,
RCT-0001006,TXN-0001749,RCP-00001749,Original,2026-05-18 20:57:17,EMP-0047,REG-02,PH-003,
RCT-0001007,TXN-0003138,RCP-00003138,Original,2026-05-18 21:05:31,EMP-0104,REG-04,PH-005,
RCT-0001008,TXN-0002023,RCP-00002023,Original,2026-05-18 21:45:30,EMP-0059,REG-05,PH-003,
RCT-0001009,TXN-0001257,RCP-00001257,Reprint,2026-05-19 04:24:53,EMP-0025,REG-06,PH-002,Printer jam
RCT-0001010,TXN-0000180,RCP-00000180,Original,2026-05-19 08:15:29,EMP-0034,REG-04,PH-002,
RCT-0001011,TXN-0004637,RCP-00004637,Original,2026-05-19 08:16:21,EMP-0037,REG-04,PH-002,
RCT-0001012,TXN-0000945,RCP-00000945,Original,2026-05-19 08:20:12,EMP-0041,REG-05,PH-002,
RCT-0001013,TXN-0003102,RCP-00003102,Original,2026-05-19 08:29:46,EMP-0061,REG-02,PH-003,
RCT-0001014,TXN-0001698,RCP-00001698,Original,2026-05-19 08:33:15,EMP-0084,REG-05,PH-004,
RCT-0001015,TXN-0004686,RCP-00004686,Original,2026-05-19 08:43:23,EMP-0056,REG-03,PH-003,
RCT-0001016,TXN-0002834,RCP-00002834,Original,2026-05-19 08:48:01,EMP-0036,REG-05,PH-002,
RCT-0001017,TXN-0001908,RCP-00001908,Original,2026-05-19 09:07:55,EMP-0078,REG-05,PH-004,
RCT-0001018,TXN-0004962,RCP-00004962,Original,2026-05-19 09:20:13,EMP-0064,REG-02,PH-003,
RCT-0001019,TXN-0003967,RCP-00003967,Original,2026-05-19 09:44:44,EMP-0012,REG-06,PH-001,
RCT-0001020,TXN-0003854,RCP-00003854,Original,2026-05-19 09:47:34,EMP-0058,REG-04,PH-003,
RCT-0001021,TXN-0004617,RCP-00004617,Original,2026-05-19 09:58:17,EMP-0019,REG-03,PH-001,
RCT-0001022,TXN-0004391,RCP-00004391,Original,2026-05-19 10:04:51,EMP-0046,REG-06,PH-003,
RCT-0001023,TXN-0000720,RCP-00000720,Original,2026-05-19 10:07:51,EMP-0036,REG-05,PH-002,
RCT-0001024,TXN-0004845,RCP-00004845,Original,2026-05-19 10:13:18,EMP-0068,REG-05,PH-004,
RCT-0001025,TXN-0004052,RCP-00004052,Original,2026-05-19 10:29:33,EMP-0085,REG-03,PH-004,
RCT-0001026,TXN-0004143,RCP-00004143,Original,2026-05-19 11:06:11,EMP-0023,REG-01,PH-002,
RCT-0001027,TXN-0002203,RCP-00002203,Original,2026-05-19 11:06:14,EMP-0056,REG-04,PH-003,
RCT-0001028,TXN-0001243,RCP-00001243,Original,2026-05-19 11:17:22,EMP-0085,REG-01,PH-004,
RCT-0001029,TXN-0004335,RCP-00004335,Original,2026-05-19 12:10:14,EMP-0040,REG-01,PH-002,
RCT-0001030,TXN-0002409,RCP-00002409,Original,2026-05-19 12:14:50,EMP-0035,REG-04,PH-002,
RCT-0001031,TXN-0000765,RCP-00000765,Original,2026-05-19 12:37:43,EMP-0038,REG-06,PH-002,
RCT-0001032,TXN-0001084,RCP-00001084,Original,2026-05-19 12:41:35,EMP-0068,REG-05,PH-004,
RCT-0001033,TXN-0004651,RCP-00004651,Original,2026-05-19 12:43:21,EMP-0069,REG-01,PH-004,
RCT-0001034,TXN-0001946,RCP-00001946,Original,2026-05-19 12:51:42,EMP-0063,REG-06,PH-003,
RCT-0001035,TXN-0004881,RCP-00004881,Original,2026-05-19 13:04:44,EMP-0069,REG-02,PH-004,
RCT-0001036,TXN-0004283,RCP-00004283,Original,2026-05-19 13:09:05,EMP-0061,REG-04,PH-003,
RCT-0001037,TXN-0001746,RCP-00001746,Original,2026-05-19 13:59:32,EMP-0063,REG-04,PH-003,
RCT-0001038,TXN-0004797,RCP-00004797,Original,2026-05-19 14:15:04,EMP-0079,REG-05,PH-004,
RCT-0001039,TXN-0002089,RCP-00002089,Original,2026-05-19 14:39:09,EMP-0078,REG-06,PH-004,
RCT-0001040,TXN-0000223,RCP-00000223,Original,2026-05-19 15:06:43,EMP-0106,REG-05,PH-005,
RCT-0001041,TXN-0001669,RCP-00001669,Original,2026-05-19 15:07:32,EMP-0006,REG-06,PH-001,
RCT-0001042,TXN-0002435,RCP-00002435,Original,2026-05-19 15:14:04,EMP-0024,REG-04,PH-002,
RCT-0001043,TXN-0003547,RCP-00003547,Original,2026-05-19 15:28:12,EMP-0036,REG-01,PH-002,
RCT-0001044,TXN-0003135,RCP-00003135,Original,2026-05-19 16:35:20,EMP-0083,REG-04,PH-004,
RCT-0001045,TXN-0003741,RCP-00003741,Original,2026-05-19 16:43:20,EMP-0006,REG-02,PH-001,
RCT-0001046,TXN-0003754,RCP-00003754,Original,2026-05-19 16:56:52,EMP-0047,REG-06,PH-003,
RCT-0001047,TXN-0002640,RCP-00002640,Original,2026-05-19 16:57:31,EMP-0107,REG-05,PH-005,
RCT-0001048,TXN-0000454,RCP-00000454,Original,2026-05-19 16:58:49,EMP-0024,REG-05,PH-002,
RCT-0001049,TXN-0003422,RCP-00003422,Original,2026-05-19 17:08:11,EMP-0104,REG-01,PH-005,
RCT-0001050,TXN-0002417,RCP-00002417,Original,2026-05-19 17:22:25,EMP-0057,REG-01,PH-003,
RCT-0001051,TXN-0003980,RCP-00003980,Original,2026-05-19 17:25:22,EMP-0091,REG-02,PH-005,
RCT-0001052,TXN-0001209,RCP-00001209,Original,2026-05-19 17:33:42,EMP-0019,REG-01,PH-001,
RCT-0001053,TXN-0001594,RCP-00001594,Original,2026-05-19 17:38:08,EMP-0081,REG-01,PH-004,
RCT-0001054,TXN-0000164,RCP-00000164,Original,2026-05-19 18:03:29,EMP-0041,REG-05,PH-002,
RCT-0001055,TXN-0000695,RCP-00000695,Original,2026-05-19 18:09:07,EMP-0102,REG-05,PH-005,
RCT-0001056,TXN-0001753,RCP-00001753,Original,2026-05-19 18:17:43,EMP-0012,REG-01,PH-001,
RCT-0001057,TXN-0000388,RCP-00000388,Original,2026-05-19 18:25:05,EMP-0012,REG-04,PH-001,
RCT-0001058,TXN-0001177,RCP-00001177,Original,2026-05-19 18:25:35,EMP-0056,REG-06,PH-003,
RCT-0001059,TXN-0001816,RCP-00001816,Original,2026-05-19 18:32:13,EMP-0003,REG-02,PH-001,
RCT-0001060,TXN-0003248,RCP-00003248,Original,2026-05-19 18:57:27,EMP-0063,REG-06,PH-003,
RCT-0001061,TXN-0000281,RCP-00000281,Original,2026-05-19 19:29:24,EMP-0047,REG-05,PH-003,
RCT-0001062,TXN-0002180,RCP-00002180,Original,2026-05-19 20:19:08,EMP-0108,REG-01,PH-005,
RCT-0001063,TXN-0003210,RCP-00003210,Original,2026-05-19 20:26:31,EMP-0024,REG-04,PH-002,
RCT-0001064,TXN-0002559,RCP-00002559,Original,2026-05-19 20:50:13,EMP-0017,REG-01,PH-001,
RCT-0001065,TXN-0003643,RCP-00003643,Original,2026-05-19 21:00:24,EMP-0017,REG-04,PH-001,
RCT-0001066,TXN-0003369,RCP-00003369,Original,2026-05-19 21:41:54,EMP-0041,REG-05,PH-002,
RCT-0001067,TXN-0001931,RCP-00001931,Original,2026-05-19 21:45:03,EMP-0108,REG-02,PH-005,
RCT-0001068,TXN-0004339,RCP-00004339,Original,2026-05-20 08:01:07,EMP-0025,REG-02,PH-002,
RCT-0001069,TXN-0000129,RCP-00000129,Original,2026-05-20 08:12:20,EMP-0036,REG-03,PH-002,
RCT-0001070,TXN-0003725,RCP-00003725,Original,2026-05-20 08:17:10,EMP-0064,REG-03,PH-003,
RCT-0001071,TXN-0001878,RCP-00001878,Original,2026-05-20 08:23:26,EMP-0069,REG-02,PH-004,
RCT-0001072,TXN-0001361,RCP-00001361,Original,2026-05-20 08:24:24,EMP-0037,REG-05,PH-002,
RCT-0001073,TXN-0002063,RCP-00002063,Original,2026-05-20 08:39:03,EMP-0067,REG-01,PH-004,
RCT-0001074,TXN-0000594,RCP-00000594,Original,2026-05-20 08:44:54,EMP-0090,REG-04,PH-005,
RCT-0001075,TXN-0004124,RCP-00004124,Original,2026-05-20 08:47:33,EMP-0056,REG-02,PH-003,
RCT-0001076,TXN-0003702,RCP-00003702,Original,2026-05-20 09:03:03,EMP-0017,REG-04,PH-001,
RCT-0001077,TXN-0004840,RCP-00004840,Original,2026-05-20 09:04:54,EMP-0108,REG-06,PH-005,
RCT-0001078,TXN-0000923,RCP-00000923,Original,2026-05-20 09:17:37,EMP-0069,REG-03,PH-004,
RCT-0001079,TXN-0002101,RCP-00002101,Original,2026-05-20 09:24:11,EMP-0045,REG-02,PH-003,
RCT-0001080,TXN-0002356,RCP-00002356,Original,2026-05-20 09:28:35,EMP-0091,REG-03,PH-005,
RCT-0001081,TXN-0004056,RCP-00004056,Original,2026-05-20 09:58:09,EMP-0014,REG-01,PH-001,
RCT-0001082,TXN-0001199,RCP-00001199,Original,2026-05-20 09:59:59,EMP-0078,REG-04,PH-004,
RCT-0001083,TXN-0003383,RCP-00003383,Original,2026-05-20 10:13:23,EMP-0024,REG-02,PH-002,
RCT-0001084,TXN-0004956,RCP-00004956,Original,2026-05-20 10:17:29,EMP-0024,REG-04,PH-002,
RCT-0001085,TXN-0004307,RCP-00004307,Original,2026-05-20 10:23:10,EMP-0078,REG-01,PH-004,
RCT-0001086,TXN-0000466,RCP-00000466,Original,2026-05-20 10:28:28,EMP-0062,REG-05,PH-003,
RCT-0001087,TXN-0004898,RCP-00004898,Original,2026-05-20 10:34:59,EMP-0058,REG-03,PH-003,
RCT-0001088,TXN-0002005,RCP-00002005,Original,2026-05-20 11:11:00,EMP-0013,REG-05,PH-001,
RCT-0001089,TXN-0004953,RCP-00004953,Original,2026-05-20 11:13:54,EMP-0085,REG-04,PH-004,
RCT-0001090,TXN-0004560,RCP-00004560,Original,2026-05-20 11:47:40,EMP-0017,REG-02,PH-001,
RCT-0001091,TXN-0000787,RCP-00000787,Original,2026-05-20 11:52:40,EMP-0015,REG-04,PH-001,
RCT-0001092,TXN-0002910,RCP-00002910,Original,2026-05-20 12:05:32,EMP-0037,REG-05,PH-002,
RCT-0001093,TXN-0003293,RCP-00003293,Original,2026-05-20 12:11:52,EMP-0046,REG-06,PH-003,
RCT-0001094,TXN-0004563,RCP-00004563,Original,2026-05-20 12:15:23,EMP-0090,REG-05,PH-005,
RCT-0001095,TXN-0001754,RCP-00001754,Original,2026-05-20 12:15:57,EMP-0103,REG-02,PH-005,
RCT-0001096,TXN-0000111,RCP-00000111,Original,2026-05-20 12:22:48,EMP-0003,REG-02,PH-001,
RCT-0001097,TXN-0003617,RCP-00003617,Original,2026-05-20 12:59:01,EMP-0102,REG-02,PH-005,
RCT-0001098,TXN-0003170,RCP-00003170,Original,2026-05-20 13:31:00,EMP-0047,REG-02,PH-003,
RCT-0001099,TXN-0003075,RCP-00003075,Original,2026-05-20 13:42:13,EMP-0082,REG-03,PH-004,
RCT-0001100,TXN-0001625,RCP-00001625,Original,2026-05-20 14:18:19,EMP-0058,REG-03,PH-003,
RCT-0001101,TXN-0003436,RCP-00003436,Original,2026-05-20 14:30:21,EMP-0061,REG-02,PH-003,
RCT-0001102,TXN-0000354,RCP-00000354,Original,2026-05-20 14:31:33,EMP-0068,REG-01,PH-004,
RCT-0001103,TXN-0002512,RCP-00002512,Original,2026-05-20 14:38:41,EMP-0057,REG-06,PH-003,
RCT-0001104,TXN-0003542,RCP-00003542,Original,2026-05-20 15:50:16,EMP-0061,REG-05,PH-003,
RCT-0001105,TXN-0000175,RCP-00000175,Reprint,2026-05-20 15:58:00,EMP-0106,REG-03,PH-005,Printer jam
RCT-0001106,TXN-0004333,RCP-00004333,Original,2026-05-20 16:24:58,EMP-0100,REG-02,PH-005,
RCT-0001107,TXN-0002585,RCP-00002585,Original,2026-05-20 16:53:28,EMP-0020,REG-05,PH-001,
RCT-0001108,TXN-0002569,RCP-00002569,Original,2026-05-20 17:07:13,EMP-0047,REG-03,PH-003,
RCT-0001109,TXN-0001332,RCP-00001332,Original,2026-05-20 17:08:51,EMP-0107,REG-05,PH-005,
RCT-0001110,TXN-0004263,RCP-00004263,Original,2026-05-20 17:11:18,EMP-0069,REG-01,PH-004,
RCT-0001111,TXN-0003815,RCP-00003815,Original,2026-05-20 17:21:10,EMP-0078,REG-04,PH-004,
RCT-0001112,TXN-0003310,RCP-00003310,Original,2026-05-20 17:29:13,EMP-0100,REG-06,PH-005,
RCT-0001113,TXN-0003121,RCP-00003121,Original,2026-05-20 18:08:10,EMP-0057,REG-04,PH-003,
RCT-0001114,TXN-0004372,RCP-00004372,Original,2026-05-20 18:20:30,EMP-0037,REG-01,PH-002,
RCT-0001115,TXN-0004809,RCP-00004809,Original,2026-05-20 18:21:06,EMP-0104,REG-01,PH-005,
RCT-0001116,TXN-0000849,RCP-00000849,Original,2026-05-20 18:43:22,EMP-0020,REG-01,PH-001,
RCT-0001117,TXN-0000561,RCP-00000561,Original,2026-05-20 19:06:33,EMP-0090,REG-01,PH-005,
RCT-0001118,TXN-0002647,RCP-00002647,Original,2026-05-20 19:31:54,EMP-0105,REG-05,PH-005,
RCT-0001119,TXN-0001196,RCP-00001196,Original,2026-05-20 19:52:24,EMP-0003,REG-02,PH-001,
RCT-0001120,TXN-0000333,RCP-00000333,Original,2026-05-20 20:23:38,EMP-0012,REG-01,PH-001,
RCT-0001121,TXN-0000276,RCP-00000276,Original,2026-05-20 20:44:43,EMP-0034,REG-03,PH-002,
RCT-0001122,TXN-0004496,RCP-00004496,Original,2026-05-20 20:49:44,EMP-0002,REG-04,PH-001,
RCT-0001123,TXN-0004728,RCP-00004728,Original,2026-05-20 21:42:53,EMP-0090,REG-05,PH-005,
RCT-0001124,TXN-0004006,RCP-00004006,Original,2026-05-21 08:04:30,EMP-0100,REG-01,PH-005,
RCT-0001125,TXN-0001057,RCP-00001057,Original,2026-05-21 08:15:41,EMP-0103,REG-01,PH-005,
RCT-0001126,TXN-0000372,RCP-00000372,Original,2026-05-21 08:19:36,EMP-0017,REG-03,PH-001,
RCT-0001127,TXN-0002729,RCP-00002729,Original,2026-05-21 08:33:47,EMP-0059,REG-03,PH-003,
RCT-0001128,TXN-0003402,RCP-00003402,Original,2026-05-21 08:36:57,EMP-0080,REG-06,PH-004,
RCT-0001129,TXN-0004497,RCP-00004497,Original,2026-05-21 08:49:05,EMP-0067,REG-04,PH-004,
RCT-0001130,TXN-0004497,RCP-00004497,Gift Receipt,2026-05-21 08:50:05,EMP-0067,REG-04,PH-004,
RCT-0001131,TXN-0000593,RCP-00000593,Original,2026-05-21 09:02:37,EMP-0063,REG-04,PH-003,
RCT-0001132,TXN-0004181,RCP-00004181,Original,2026-05-21 09:17:19,EMP-0041,REG-03,PH-002,
RCT-0001133,TXN-0000724,RCP-00000724,Original,2026-05-21 09:30:20,EMP-0068,REG-04,PH-004,
RCT-0001134,TXN-0000805,RCP-00000805,Original,2026-05-21 09:55:39,EMP-0020,REG-02,PH-001,
RCT-0001135,TXN-0001676,RCP-00001676,Original,2026-05-21 10:06:09,EMP-0036,REG-04,PH-002,
RCT-0001136,TXN-0001314,RCP-00001314,Original,2026-05-21 10:11:01,EMP-0103,REG-02,PH-005,
RCT-0001137,TXN-0001401,RCP-00001401,Original,2026-05-21 10:12:46,EMP-0059,REG-02,PH-003,
RCT-0001138,TXN-0002552,RCP-00002552,Original,2026-05-21 10:25:07,EMP-0023,REG-05,PH-002,
RCT-0001139,TXN-0003466,RCP-00003466,Original,2026-05-21 10:27:34,EMP-0042,REG-05,PH-002,
RCT-0001140,TXN-0003466,RCP-00003466,Gift Receipt,2026-05-21 10:28:34,EMP-0042,REG-05,PH-002,
RCT-0001141,TXN-0004176,RCP-00004176,Original,2026-05-21 10:56:18,EMP-0023,REG-02,PH-002,
RCT-0001142,TXN-0000859,RCP-00000859,Original,2026-05-21 10:57:30,EMP-0023,REG-04,PH-002,
RCT-0001143,TXN-0001706,RCP-00001706,Original,2026-05-21 11:00:13,EMP-0040,REG-01,PH-002,
RCT-0001144,TXN-0004631,RCP-00004631,Original,2026-05-21 11:02:21,EMP-0105,REG-03,PH-005,
RCT-0001145,TXN-0002803,RCP-00002803,Original,2026-05-21 11:31:02,EMP-0034,REG-05,PH-002,
RCT-0001146,TXN-0003228,RCP-00003228,Original,2026-05-21 11:37:20,EMP-0038,REG-01,PH-002,
RCT-0001147,TXN-0004128,RCP-00004128,Original,2026-05-21 11:46:31,EMP-0023,REG-05,PH-002,
RCT-0001148,TXN-0004727,RCP-00004727,Original,2026-05-21 12:06:43,EMP-0103,REG-05,PH-005,
RCT-0001149,TXN-0002620,RCP-00002620,Original,2026-05-21 12:12:40,EMP-0036,REG-04,PH-002,
RCT-0001150,TXN-0003879,RCP-00003879,Original,2026-05-21 12:16:50,EMP-0023,REG-02,PH-002,
RCT-0001151,TXN-0001233,RCP-00001233,Original,2026-05-21 12:36:56,EMP-0068,REG-01,PH-004,
RCT-0001152,TXN-0003498,RCP-00003498,Original,2026-05-21 12:48:34,EMP-0023,REG-02,PH-002,
RCT-0001153,TXN-0002948,RCP-00002948,Original,2026-05-21 13:07:29,EMP-0101,REG-04,PH-005,
RCT-0001154,TXN-0004593,RCP-00004593,Original,2026-05-21 13:37:44,EMP-0006,REG-02,PH-001,
RCT-0001155,TXN-0001004,RCP-00001004,Original,2026-05-21 15:41:16,EMP-0068,REG-02,PH-004,
RCT-0001156,TXN-0003114,RCP-00003114,Original,2026-05-21 15:58:24,EMP-0078,REG-04,PH-004,
RCT-0001157,TXN-0004024,RCP-00004024,Original,2026-05-21 16:02:01,EMP-0034,REG-04,PH-002,
RCT-0001158,TXN-0000331,RCP-00000331,Original,2026-05-21 16:33:20,EMP-0079,REG-05,PH-004,
RCT-0001159,TXN-0001945,RCP-00001945,Original,2026-05-21 16:40:09,EMP-0101,REG-06,PH-005,
RCT-0001160,TXN-0000823,RCP-00000823,Original,2026-05-21 16:56:46,EMP-0081,REG-05,PH-004,
RCT-0001161,TXN-0003604,RCP-00003604,Original,2026-05-21 16:57:51,EMP-0047,REG-03,PH-003,
RCT-0001162,TXN-0003318,RCP-00003318,Original,2026-05-21 16:59:46,EMP-0047,REG-05,PH-003,
RCT-0001163,TXN-0001261,RCP-00001261,Original,2026-05-21 17:30:08,EMP-0102,REG-01,PH-005,
RCT-0001164,TXN-0000051,RCP-00000051,Original,2026-05-21 17:34:21,EMP-0107,REG-03,PH-005,
RCT-0001165,TXN-0001122,RCP-00001122,Original,2026-05-21 17:41:41,EMP-0061,REG-05,PH-003,
RCT-0001166,TXN-0002563,RCP-00002563,Original,2026-05-21 17:57:19,EMP-0056,REG-02,PH-003,
RCT-0001167,TXN-0004935,RCP-00004935,Original,2026-05-21 18:12:18,EMP-0023,REG-02,PH-002,
RCT-0001168,TXN-0002300,RCP-00002300,Original,2026-05-21 18:27:55,EMP-0064,REG-05,PH-003,
RCT-0001169,TXN-0004856,RCP-00004856,Original,2026-05-21 18:35:51,EMP-0106,REG-02,PH-005,
RCT-0001170,TXN-0000151,RCP-00000151,Original,2026-05-21 18:52:11,EMP-0086,REG-06,PH-004,
RCT-0001171,TXN-0004498,RCP-00004498,Original,2026-05-21 18:53:26,EMP-0062,REG-01,PH-003,
RCT-0001172,TXN-0002592,RCP-00002592,Original,2026-05-21 18:54:26,EMP-0104,REG-06,PH-005,
RCT-0001173,TXN-0000744,RCP-00000744,Original,2026-05-21 19:02:50,EMP-0025,REG-04,PH-002,
RCT-0001174,TXN-0000969,RCP-00000969,Original,2026-05-21 19:04:26,EMP-0104,REG-04,PH-005,
RCT-0001175,TXN-0004278,RCP-00004278,Original,2026-05-21 19:27:29,EMP-0039,REG-06,PH-002,
RCT-0001176,TXN-0003137,RCP-00003137,Original,2026-05-21 19:43:48,EMP-0015,REG-05,PH-001,
RCT-0001177,TXN-0002986,RCP-00002986,Original,2026-05-21 19:57:38,EMP-0083,REG-02,PH-004,
RCT-0001178,TXN-0001912,RCP-00001912,Original,2026-05-21 20:20:09,EMP-0003,REG-03,PH-001,
RCT-0001179,TXN-0000655,RCP-00000655,Original,2026-05-21 20:24:39,EMP-0056,REG-06,PH-003,
RCT-0001180,TXN-0000702,RCP-00000702,Original,2026-05-21 20:36:05,EMP-0035,REG-04,PH-002,
RCT-0001181,TXN-0001969,RCP-00001969,Original,2026-05-21 20:37:46,EMP-0061,REG-04,PH-003,
RCT-0001182,TXN-0002534,RCP-00002534,Original,2026-05-21 20:44:58,EMP-0018,REG-01,PH-001,
RCT-0001183,TXN-0001039,RCP-00001039,Original,2026-05-21 20:53:04,EMP-0068,REG-03,PH-004,
RCT-0001184,TXN-0000521,RCP-00000521,Original,2026-05-21 20:57:55,EMP-0057,REG-02,PH-003,
RCT-0001185,TXN-0003653,RCP-00003653,Original,2026-05-21 21:08:34,EMP-0006,REG-06,PH-001,
RCT-0001186,TXN-0002327,RCP-00002327,Original,2026-05-21 21:19:33,EMP-0081,REG-05,PH-004,
RCT-0001187,TXN-0000538,RCP-00000538,Original,2026-05-21 21:36:50,EMP-0078,REG-05,PH-004,
RCT-0001188,TXN-0000486,RCP-00000486,Original,2026-05-21 21:40:47,EMP-0019,REG-02,PH-001,
RCT-0001189,TXN-0004607,RCP-00004607,Original,2026-05-22 08:16:49,EMP-0015,REG-02,PH-001,
RCT-0001190,TXN-0000699,RCP-00000699,Original,2026-05-22 08:57:08,EMP-0012,REG-05,PH-001,
RCT-0001191,TXN-0003910,RCP-00003910,Original,2026-05-22 09:47:04,EMP-0024,REG-06,PH-002,
RCT-0001192,TXN-0003570,RCP-00003570,Original,2026-05-22 09:50:48,EMP-0034,REG-05,PH-002,
RCT-0001193,TXN-0000942,RCP-00000942,Original,2026-05-22 10:09:16,EMP-0025,REG-04,PH-002,
RCT-0001194,TXN-0004178,RCP-00004178,Original,2026-05-22 10:41:32,EMP-0013,REG-02,PH-001,
RCT-0001195,TXN-0003887,RCP-00003887,Original,2026-05-22 10:58:18,EMP-0017,REG-03,PH-001,
RCT-0001196,TXN-0004387,RCP-00004387,Original,2026-05-22 10:59:18,EMP-0019,REG-03,PH-001,
RCT-0001197,TXN-0003884,RCP-00003884,Original,2026-05-22 11:04:07,EMP-0002,REG-06,PH-001,
RCT-0001198,TXN-0003036,RCP-00003036,Original,2026-05-22 11:06:03,EMP-0085,REG-06,PH-004,
RCT-0001199,TXN-0003343,RCP-00003343,Original,2026-05-22 11:39:13,EMP-0107,REG-03,PH-005,
RCT-0001200,TXN-0003806,RCP-00003806,Original,2026-05-22 11:53:16,EMP-0013,REG-03,PH-001,
RCT-0001201,TXN-0000335,RCP-00000335,Original,2026-05-22 11:53:55,EMP-0002,REG-01,PH-001,
RCT-0001202,TXN-0001433,RCP-00001433,Reprint,2026-05-22 11:55:15,EMP-0073,REG-01,PH-004,Lost receipt
RCT-0001203,TXN-0001801,RCP-00001801,Original,2026-05-22 12:34:20,EMP-0101,REG-06,PH-005,
RCT-0001204,TXN-0004574,RCP-00004574,Original,2026-05-22 12:39:37,EMP-0025,REG-01,PH-002,
RCT-0001205,TXN-0003220,RCP-00003220,Original,2026-05-22 12:40:37,EMP-0037,REG-01,PH-002,
RCT-0001206,TXN-0004135,RCP-00004135,Original,2026-05-22 12:40:38,EMP-0067,REG-06,PH-004,
RCT-0001207,TXN-0001346,RCP-00001346,Original,2026-05-22 12:44:17,EMP-0107,REG-05,PH-005,
RCT-0001208,TXN-0003961,RCP-00003961,Original,2026-05-22 13:05:10,EMP-0020,REG-02,PH-001,
RCT-0001209,TXN-0003349,RCP-00003349,Original,2026-05-22 13:20:57,EMP-0108,REG-02,PH-005,
RCT-0001210,TXN-0002442,RCP-00002442,Original,2026-05-22 13:33:44,EMP-0104,REG-01,PH-005,
RCT-0001211,TXN-0003189,RCP-00003189,Original,2026-05-22 14:06:56,EMP-0041,REG-05,PH-002,
RCT-0001212,TXN-0003295,RCP-00003295,Original,2026-05-22 14:19:35,EMP-0006,REG-05,PH-001,
RCT-0001213,TXN-0002353,RCP-00002353,Original,2026-05-22 14:35:19,EMP-0001,REG-04,PH-001,
RCT-0001214,TXN-0002830,RCP-00002830,Original,2026-05-22 14:49:35,EMP-0039,REG-04,PH-002,
RCT-0001215,TXN-0000769,RCP-00000769,Original,2026-05-22 14:56:26,EMP-0020,REG-02,PH-001,
RCT-0001216,TXN-0002743,RCP-00002743,Reprint,2026-05-22 15:12:27,EMP-0066,REG-03,PH-003,Customer request
RCT-0001217,TXN-0001308,RCP-00001308,Original,2026-05-22 15:14:10,EMP-0081,REG-05,PH-004,
RCT-0001218,TXN-0000708,RCP-00000708,Original,2026-05-22 15:20:09,EMP-0061,REG-06,PH-003,
RCT-0001219,TXN-0004422,RCP-00004422,Original,2026-05-22 15:28:48,EMP-0082,REG-06,PH-004,
RCT-0001220,TXN-0004742,RCP-00004742,Original,2026-05-22 15:42:01,EMP-0006,REG-03,PH-001,
RCT-0001221,TXN-0002377,RCP-00002377,Original,2026-05-22 16:03:01,EMP-0060,REG-06,PH-003,
RCT-0001222,TXN-0002908,RCP-00002908,Original,2026-05-22 17:01:01,EMP-0067,REG-02,PH-004,
RCT-0001223,TXN-0002234,RCP-00002234,Original,2026-05-22 17:16:42,EMP-0090,REG-01,PH-005,
RCT-0001224,TXN-0002850,RCP-00002850,Original,2026-05-22 17:18:17,EMP-0080,REG-06,PH-004,
RCT-0001225,TXN-0000300,RCP-00000300,Original,2026-05-22 17:18:46,EMP-0107,REG-04,PH-005,
RCT-0001226,TXN-0002349,RCP-00002349,Original,2026-05-22 18:05:57,EMP-0067,REG-03,PH-004,
RCT-0001227,TXN-0003557,RCP-00003557,Original,2026-05-22 18:29:28,EMP-0025,REG-04,PH-002,
RCT-0001228,TXN-0004242,RCP-00004242,Original,2026-05-22 18:35:49,EMP-0062,REG-06,PH-003,
RCT-0001229,TXN-0000215,RCP-00000215,Original,2026-05-22 18:53:34,EMP-0024,REG-03,PH-002,
RCT-0001230,TXN-0004901,RCP-00004901,Original,2026-05-22 20:28:10,EMP-0083,REG-05,PH-004,
RCT-0001231,TXN-0003055,RCP-00003055,Original,2026-05-22 20:29:27,EMP-0016,REG-05,PH-001,
RCT-0001232,TXN-0003623,RCP-00003623,Original,2026-05-22 20:42:05,EMP-0037,REG-01,PH-002,
RCT-0001233,TXN-0004011,RCP-00004011,Original,2026-05-22 20:52:37,EMP-0014,REG-05,PH-001,
RCT-0001234,TXN-0002432,RCP-00002432,Original,2026-05-22 20:57:11,EMP-0108,REG-02,PH-005,
RCT-0001235,TXN-0003950,RCP-00003950,Original,2026-05-22 21:17:41,EMP-0061,REG-06,PH-003,
RCT-0001236,TXN-0001848,RCP-00001848,Original,2026-05-22 21:18:36,EMP-0103,REG-01,PH-005,
RCT-0001237,TXN-0003950,RCP-00003950,Gift Receipt,2026-05-22 21:18:41,EMP-0061,REG-06,PH-003,
RCT-0001238,TXN-0004488,RCP-00004488,Original,2026-05-22 21:20:02,EMP-0082,REG-04,PH-004,
RCT-0001239,TXN-0004466,RCP-00004466,Original,2026-05-22 21:30:28,EMP-0036,REG-04,PH-002,
RCT-0001240,TXN-0000298,RCP-00000298,Original,2026-05-22 21:32:10,EMP-0078,REG-05,PH-004,
RCT-0001241,TXN-0000109,RCP-00000109,Original,2026-05-22 21:37:41,EMP-0102,REG-05,PH-005,
RCT-0001242,TXN-0000319,RCP-00000319,Original,2026-05-22 21:48:10,EMP-0015,REG-01,PH-001,
RCT-0001243,TXN-0001592,RCP-00001592,Original,2026-05-22 21:52:56,EMP-0060,REG-06,PH-003,
RCT-0001244,TXN-0003408,RCP-00003408,Reprint,2026-05-23 04:04:02,EMP-0007,REG-06,PH-001,Printer jam
RCT-0001245,TXN-0003536,RCP-00003536,Reprint,2026-05-23 06:10:28,EMP-0071,REG-05,PH-004,Customer request
RCT-0001246,TXN-0000667,RCP-00000667,Reprint,2026-05-23 06:24:01,EMP-0011,REG-06,PH-001,Customer request
RCT-0001247,TXN-0001079,RCP-00001079,Original,2026-05-23 08:04:34,EMP-0002,REG-04,PH-001,
RCT-0001248,TXN-0001305,RCP-00001305,Original,2026-05-23 08:10:45,EMP-0084,REG-01,PH-004,
RCT-0001249,TXN-0002599,RCP-00002599,Original,2026-05-23 08:13:46,EMP-0036,REG-05,PH-002,
RCT-0001250,TXN-0003464,RCP-00003464,Original,2026-05-23 08:19:14,EMP-0090,REG-06,PH-005,
RCT-0001251,TXN-0004616,RCP-00004616,Original,2026-05-23 08:33:55,EMP-0040,REG-05,PH-002,
RCT-0001252,TXN-0004007,RCP-00004007,Original,2026-05-23 08:44:27,EMP-0080,REG-05,PH-004,
RCT-0001253,TXN-0001351,RCP-00001351,Original,2026-05-23 08:49:30,EMP-0067,REG-02,PH-004,
RCT-0001254,TXN-0001391,RCP-00001391,Original,2026-05-23 09:14:10,EMP-0061,REG-01,PH-003,
RCT-0001255,TXN-0004179,RCP-00004179,Original,2026-05-23 09:20:40,EMP-0067,REG-06,PH-004,
RCT-0001256,TXN-0003330,RCP-00003330,Original,2026-05-23 09:54:52,EMP-0101,REG-06,PH-005,
RCT-0001257,TXN-0001540,RCP-00001540,Original,2026-05-23 10:23:22,EMP-0041,REG-06,PH-002,
RCT-0001258,TXN-0001613,RCP-00001613,Original,2026-05-23 11:09:30,EMP-0103,REG-02,PH-005,
RCT-0001259,TXN-0001906,RCP-00001906,Original,2026-05-23 11:32:29,EMP-0084,REG-02,PH-004,
RCT-0001260,TXN-0000968,RCP-00000968,Original,2026-05-23 11:43:46,EMP-0056,REG-05,PH-003,
RCT-0001261,TXN-0002829,RCP-00002829,Original,2026-05-23 11:55:58,EMP-0084,REG-06,PH-004,
RCT-0001262,TXN-0001129,RCP-00001129,Original,2026-05-23 12:03:37,EMP-0059,REG-04,PH-003,
RCT-0001263,TXN-0004816,RCP-00004816,Original,2026-05-23 12:18:40,EMP-0068,REG-01,PH-004,
RCT-0001264,TXN-0000202,RCP-00000202,Original,2026-05-23 12:25:24,EMP-0045,REG-05,PH-003,
RCT-0001265,TXN-0003563,RCP-00003563,Original,2026-05-23 12:52:43,EMP-0015,REG-02,PH-001,
RCT-0001266,TXN-0000951,RCP-00000951,Original,2026-05-23 13:13:14,EMP-0014,REG-03,PH-001,
RCT-0001267,TXN-0002879,RCP-00002879,Original,2026-05-23 13:26:39,EMP-0040,REG-04,PH-002,
RCT-0001268,TXN-0003992,RCP-00003992,Original,2026-05-23 13:32:00,EMP-0069,REG-05,PH-004,
RCT-0001269,TXN-0001482,RCP-00001482,Original,2026-05-23 13:48:02,EMP-0006,REG-02,PH-001,
RCT-0001270,TXN-0001524,RCP-00001524,Original,2026-05-23 14:01:25,EMP-0058,REG-02,PH-003,
RCT-0001271,TXN-0004904,RCP-00004904,Original,2026-05-23 14:54:13,EMP-0038,REG-02,PH-002,
RCT-0001272,TXN-0002675,RCP-00002675,Original,2026-05-23 15:07:10,EMP-0013,REG-01,PH-001,
RCT-0001273,TXN-0003364,RCP-00003364,Original,2026-05-23 15:26:38,EMP-0019,REG-03,PH-001,
RCT-0001274,TXN-0000189,RCP-00000189,Original,2026-05-23 16:00:28,EMP-0045,REG-02,PH-003,
RCT-0001275,TXN-0001100,RCP-00001100,Original,2026-05-23 16:01:55,EMP-0023,REG-02,PH-002,
RCT-0001276,TXN-0004378,RCP-00004378,Original,2026-05-23 16:11:03,EMP-0047,REG-03,PH-003,
RCT-0001277,TXN-0002025,RCP-00002025,Original,2026-05-23 16:24:23,EMP-0085,REG-04,PH-004,
RCT-0001278,TXN-0003457,RCP-00003457,Original,2026-05-23 16:53:20,EMP-0062,REG-03,PH-003,
RCT-0001279,TXN-0001702,RCP-00001702,Original,2026-05-23 16:57:26,EMP-0083,REG-04,PH-004,
RCT-0001280,TXN-0001363,RCP-00001363,Reprint,2026-05-23 17:17:31,EMP-0079,REG-04,PH-004,Printer jam
RCT-0001281,TXN-0004429,RCP-00004429,Original,2026-05-23 17:18:00,EMP-0067,REG-04,PH-004,
RCT-0001282,TXN-0002656,RCP-00002656,Original,2026-05-23 17:44:41,EMP-0041,REG-01,PH-002,
RCT-0001283,TXN-0002722,RCP-00002722,Original,2026-05-23 17:49:00,EMP-0086,REG-02,PH-004,
RCT-0001284,TXN-0001271,RCP-00001271,Original,2026-05-23 17:57:11,EMP-0101,REG-05,PH-005,
RCT-0001285,TXN-0003431,RCP-00003431,Original,2026-05-23 18:01:07,EMP-0078,REG-03,PH-004,
RCT-0001286,TXN-0003041,RCP-00003041,Original,2026-05-23 19:14:16,EMP-0083,REG-04,PH-004,
RCT-0001287,TXN-0002116,RCP-00002116,Original,2026-05-23 19:17:28,EMP-0017,REG-01,PH-001,
RCT-0001288,TXN-0000554,RCP-00000554,Original,2026-05-23 20:04:14,EMP-0105,REG-01,PH-005,
RCT-0001289,TXN-0000641,RCP-00000641,Original,2026-05-23 20:11:38,EMP-0058,REG-02,PH-003,
RCT-0001290,TXN-0002771,RCP-00002771,Original,2026-05-23 20:17:30,EMP-0014,REG-04,PH-001,
RCT-0001291,TXN-0001081,RCP-00001081,Original,2026-05-23 20:54:52,EMP-0069,REG-03,PH-004,
RCT-0001292,TXN-0004392,RCP-00004392,Original,2026-05-23 20:58:32,EMP-0045,REG-04,PH-003,
RCT-0001293,TXN-0002816,RCP-00002816,Original,2026-05-23 21:05:43,EMP-0102,REG-04,PH-005,
RCT-0001294,TXN-0002756,RCP-00002756,Original,2026-05-23 21:06:29,EMP-0084,REG-02,PH-004,
RCT-0001295,TXN-0002753,RCP-00002753,Original,2026-05-23 21:25:18,EMP-0103,REG-05,PH-005,
RCT-0001296,TXN-0003629,RCP-00003629,Original,2026-05-23 21:26:59,EMP-0102,REG-01,PH-005,
RCT-0001297,TXN-0000921,RCP-00000921,Original,2026-05-23 21:56:31,EMP-0041,REG-06,PH-002,
RCT-0001298,TXN-0004305,RCP-00004305,Original,2026-05-23 22:00:08,EMP-0039,REG-06,PH-002,
RCT-0001299,TXN-0004592,RCP-00004592,Reprint,2026-05-23 22:01:02,EMP-0102,REG-04,PH-005,Lost receipt
RCT-0001300,TXN-0001800,RCP-00001800,Reprint,2026-05-23 22:29:35,EMP-0079,REG-03,PH-004,Customer request
RCT-0001301,TXN-0003057,RCP-00003057,Original,2026-05-24 08:14:46,EMP-0046,REG-02,PH-003,
RCT-0001302,TXN-0004860,RCP-00004860,Original,2026-05-24 08:16:16,EMP-0064,REG-04,PH-003,
RCT-0001303,TXN-0000045,RCP-00000045,Original,2026-05-24 08:17:58,EMP-0013,REG-01,PH-001,
RCT-0001304,TXN-0002437,RCP-00002437,Original,2026-05-24 08:20:32,EMP-0103,REG-04,PH-005,
RCT-0001305,TXN-0004232,RCP-00004232,Original,2026-05-24 08:45:52,EMP-0102,REG-01,PH-005,
RCT-0001306,TXN-0000190,RCP-00000190,Original,2026-05-24 08:49:44,EMP-0090,REG-06,PH-005,
RCT-0001307,TXN-0003053,RCP-00003053,Original,2026-05-24 09:03:01,EMP-0091,REG-04,PH-005,
RCT-0001308,TXN-0003125,RCP-00003125,Original,2026-05-24 09:13:32,EMP-0063,REG-05,PH-003,
RCT-0001309,TXN-0004685,RCP-00004685,Original,2026-05-24 09:49:29,EMP-0081,REG-04,PH-004,
RCT-0001310,TXN-0004855,RCP-00004855,Original,2026-05-24 09:54:38,EMP-0084,REG-04,PH-004,
RCT-0001311,TXN-0000925,RCP-00000925,Original,2026-05-24 09:58:38,EMP-0091,REG-01,PH-005,
RCT-0001312,TXN-0004933,RCP-00004933,Original,2026-05-24 10:03:22,EMP-0062,REG-05,PH-003,
RCT-0001313,TXN-0003749,RCP-00003749,Original,2026-05-24 10:34:51,EMP-0082,REG-01,PH-004,
RCT-0001314,TXN-0004064,RCP-00004064,Original,2026-05-24 10:35:32,EMP-0059,REG-02,PH-003,
RCT-0001315,TXN-0000663,RCP-00000663,Original,2026-05-24 10:54:05,EMP-0015,REG-02,PH-001,
RCT-0001316,TXN-0004229,RCP-00004229,Original,2026-05-24 11:00:04,EMP-0063,REG-05,PH-003,
RCT-0001317,TXN-0004210,RCP-00004210,Original,2026-05-24 11:12:45,EMP-0023,REG-02,PH-002,
RCT-0001318,TXN-0004655,RCP-00004655,Original,2026-05-24 11:24:19,EMP-0089,REG-06,PH-005,
RCT-0001319,TXN-0001632,RCP-00001632,Original,2026-05-24 11:42:37,EMP-0086,REG-05,PH-004,
RCT-0001320,TXN-0000347,RCP-00000347,Original,2026-05-24 11:43:12,EMP-0046,REG-01,PH-003,
RCT-0001321,TXN-0002060,RCP-00002060,Original,2026-05-24 11:47:04,EMP-0081,REG-01,PH-004,
RCT-0001322,TXN-0001680,RCP-00001680,Original,2026-05-24 12:07:40,EMP-0102,REG-01,PH-005,
RCT-0001323,TXN-0002638,RCP-00002638,Original,2026-05-24 12:32:21,EMP-0101,REG-06,PH-005,
RCT-0001324,TXN-0003734,RCP-00003734,Original,2026-05-24 12:46:21,EMP-0040,REG-02,PH-002,
RCT-0001325,TXN-0003388,RCP-00003388,Original,2026-05-24 13:01:54,EMP-0012,REG-02,PH-001,
RCT-0001326,TXN-0002334,RCP-00002334,Original,2026-05-24 13:28:10,EMP-0104,REG-02,PH-005,
RCT-0001327,TXN-0001040,RCP-00001040,Original,2026-05-24 13:42:54,EMP-0020,REG-04,PH-001,
RCT-0001328,TXN-0003807,RCP-00003807,Original,2026-05-24 13:59:01,EMP-0013,REG-01,PH-001,
RCT-0001329,TXN-0002854,RCP-00002854,Original,2026-05-24 14:00:42,EMP-0012,REG-06,PH-001,
RCT-0001330,TXN-0004955,RCP-00004955,Original,2026-05-24 14:15:53,EMP-0091,REG-06,PH-005,
RCT-0001331,TXN-0003199,RCP-00003199,Original,2026-05-24 14:16:12,EMP-0078,REG-05,PH-004,
RCT-0001332,TXN-0002944,RCP-00002944,Original,2026-05-24 14:17:35,EMP-0056,REG-06,PH-003,
RCT-0001333,TXN-0003233,RCP-00003233,Original,2026-05-24 14:57:56,EMP-0085,REG-05,PH-004,
RCT-0001334,TXN-0000460,RCP-00000460,Original,2026-05-24 15:00:27,EMP-0020,REG-01,PH-001,
RCT-0001335,TXN-0003797,RCP-00003797,Original,2026-05-24 15:09:42,EMP-0047,REG-03,PH-003,
RCT-0001336,TXN-0001476,RCP-00001476,Original,2026-05-24 15:16:25,EMP-0025,REG-03,PH-002,
RCT-0001337,TXN-0000122,RCP-00000122,Original,2026-05-24 15:18:15,EMP-0101,REG-05,PH-005,
RCT-0001338,TXN-0000865,RCP-00000865,Original,2026-05-24 15:39:30,EMP-0023,REG-02,PH-002,
RCT-0001339,TXN-0000570,RCP-00000570,Original,2026-05-24 15:47:26,EMP-0006,REG-01,PH-001,
RCT-0001340,TXN-0000107,RCP-00000107,Original,2026-05-24 15:47:42,EMP-0038,REG-02,PH-002,
RCT-0001341,TXN-0002319,RCP-00002319,Original,2026-05-24 15:48:40,EMP-0006,REG-01,PH-001,
RCT-0001342,TXN-0004348,RCP-00004348,Original,2026-05-24 15:50:23,EMP-0108,REG-02,PH-005,
RCT-0001343,TXN-0001341,RCP-00001341,Original,2026-05-24 16:05:01,EMP-0086,REG-04,PH-004,
RCT-0001344,TXN-0003705,RCP-00003705,Original,2026-05-24 16:32:43,EMP-0046,REG-03,PH-003,
RCT-0001345,TXN-0004344,RCP-00004344,Original,2026-05-24 16:33:42,EMP-0016,REG-04,PH-001,
RCT-0001346,TXN-0000553,RCP-00000553,Original,2026-05-24 16:44:54,EMP-0047,REG-01,PH-003,
RCT-0001347,TXN-0002062,RCP-00002062,Original,2026-05-24 17:20:46,EMP-0106,REG-06,PH-005,
RCT-0001348,TXN-0001481,RCP-00001481,Original,2026-05-24 17:22:50,EMP-0108,REG-03,PH-005,
RCT-0001349,TXN-0002336,RCP-00002336,Original,2026-05-24 17:31:01,EMP-0084,REG-06,PH-004,
RCT-0001350,TXN-0004233,RCP-00004233,Original,2026-05-24 18:14:57,EMP-0035,REG-01,PH-002,
RCT-0001351,TXN-0004690,RCP-00004690,Original,2026-05-24 18:27:02,EMP-0056,REG-02,PH-003,
RCT-0001352,TXN-0003850,RCP-00003850,Original,2026-05-24 18:36:59,EMP-0038,REG-06,PH-002,
RCT-0001353,TXN-0000083,RCP-00000083,Original,2026-05-24 18:40:16,EMP-0036,REG-04,PH-002,
RCT-0001354,TXN-0003063,RCP-00003063,Original,2026-05-24 19:03:21,EMP-0063,REG-04,PH-003,
RCT-0001355,TXN-0001603,RCP-00001603,Original,2026-05-24 19:12:02,EMP-0023,REG-05,PH-002,
RCT-0001356,TXN-0000092,RCP-00000092,Original,2026-05-24 19:14:50,EMP-0003,REG-02,PH-001,
RCT-0001357,TXN-0003744,RCP-00003744,Original,2026-05-24 19:16:10,EMP-0083,REG-06,PH-004,
RCT-0001358,TXN-0000217,RCP-00000217,Original,2026-05-24 19:27:19,EMP-0016,REG-03,PH-001,
RCT-0001359,TXN-0003191,RCP-00003191,Original,2026-05-24 19:53:07,EMP-0015,REG-02,PH-001,
RCT-0001360,TXN-0004193,RCP-00004193,Original,2026-05-24 20:55:45,EMP-0105,REG-03,PH-005,
RCT-0001361,TXN-0002183,RCP-00002183,Original,2026-05-24 21:24:53,EMP-0041,REG-04,PH-002,
RCT-0001362,TXN-0003215,RCP-00003215,Original,2026-05-24 21:49:49,EMP-0018,REG-06,PH-001,
RCT-0001363,TXN-0003290,RCP-00003290,Reprint,2026-05-24 23:05:58,EMP-0001,REG-04,PH-001,Printer jam
RCT-0001364,TXN-0004776,RCP-00004776,Original,2026-05-25 09:02:35,EMP-0025,REG-04,PH-002,
RCT-0001365,TXN-0004776,RCP-00004776,Gift Receipt,2026-05-25 09:03:35,EMP-0025,REG-04,PH-002,
RCT-0001366,TXN-0001268,RCP-00001268,Original,2026-05-25 09:06:27,EMP-0037,REG-01,PH-002,
RCT-0001367,TXN-0001474,RCP-00001474,Original,2026-05-25 09:59:02,EMP-0003,REG-06,PH-001,
RCT-0001368,TXN-0001846,RCP-00001846,Original,2026-05-25 10:02:02,EMP-0040,REG-04,PH-002,
RCT-0001369,TXN-0000227,RCP-00000227,Original,2026-05-25 10:16:05,EMP-0057,REG-04,PH-003,
RCT-0001370,TXN-0001225,RCP-00001225,Original,2026-05-25 10:24:14,EMP-0019,REG-01,PH-001,
RCT-0001371,TXN-0002836,RCP-00002836,Original,2026-05-25 10:37:22,EMP-0002,REG-03,PH-001,
RCT-0001372,TXN-0000795,RCP-00000795,Reprint,2026-05-25 11:06:47,EMP-0006,REG-03,PH-001,Lost receipt
RCT-0001373,TXN-0003243,RCP-00003243,Original,2026-05-25 11:19:02,EMP-0037,REG-05,PH-002,
RCT-0001374,TXN-0000810,RCP-00000810,Original,2026-05-25 11:38:30,EMP-0090,REG-01,PH-005,
RCT-0001375,TXN-0004456,RCP-00004456,Original,2026-05-25 11:46:07,EMP-0105,REG-03,PH-005,
RCT-0001376,TXN-0003895,RCP-00003895,Original,2026-05-25 11:46:08,EMP-0023,REG-01,PH-002,
RCT-0001377,TXN-0002129,RCP-00002129,Original,2026-05-25 11:50:55,EMP-0103,REG-03,PH-005,
RCT-0001378,TXN-0004837,RCP-00004837,Original,2026-05-25 11:59:55,EMP-0107,REG-06,PH-005,
RCT-0001379,TXN-0001088,RCP-00001088,Original,2026-05-25 12:03:10,EMP-0105,REG-04,PH-005,
RCT-0001380,TXN-0003581,RCP-00003581,Original,2026-05-25 12:45:16,EMP-0082,REG-02,PH-004,
RCT-0001381,TXN-0002341,RCP-00002341,Original,2026-05-25 12:56:37,EMP-0012,REG-02,PH-001,
RCT-0001382,TXN-0003805,RCP-00003805,Original,2026-05-25 13:23:45,EMP-0038,REG-05,PH-002,
RCT-0001383,TXN-0004536,RCP-00004536,Original,2026-05-25 13:33:09,EMP-0015,REG-05,PH-001,
RCT-0001384,TXN-0001985,RCP-00001985,Original,2026-05-25 14:00:53,EMP-0059,REG-04,PH-003,
RCT-0001385,TXN-0002880,RCP-00002880,Original,2026-05-25 14:18:56,EMP-0016,REG-04,PH-001,
RCT-0001386,TXN-0004922,RCP-00004922,Original,2026-05-25 14:25:32,EMP-0079,REG-01,PH-004,
RCT-0001387,TXN-0000536,RCP-00000536,Original,2026-05-25 14:42:12,EMP-0018,REG-01,PH-001,
RCT-0001388,TXN-0004585,RCP-00004585,Original,2026-05-25 14:53:49,EMP-0061,REG-03,PH-003,
RCT-0001389,TXN-0002020,RCP-00002020,Original,2026-05-25 14:54:31,EMP-0034,REG-01,PH-002,
RCT-0001390,TXN-0003566,RCP-00003566,Original,2026-05-25 15:11:57,EMP-0003,REG-01,PH-001,
RCT-0001391,TXN-0004587,RCP-00004587,Original,2026-05-25 15:41:39,EMP-0018,REG-05,PH-001,
RCT-0001392,TXN-0004016,RCP-00004016,Original,2026-05-25 15:54:10,EMP-0018,REG-03,PH-001,
RCT-0001393,TXN-0002248,RCP-00002248,Original,2026-05-25 16:17:21,EMP-0020,REG-03,PH-001,
RCT-0001394,TXN-0000555,RCP-00000555,Original,2026-05-25 16:30:51,EMP-0059,REG-06,PH-003,
RCT-0001395,TXN-0000423,RCP-00000423,Original,2026-05-25 16:32:23,EMP-0089,REG-03,PH-005,
RCT-0001396,TXN-0004045,RCP-00004045,Original,2026-05-25 16:33:33,EMP-0085,REG-02,PH-004,
RCT-0001397,TXN-0002807,RCP-00002807,Original,2026-05-25 16:59:06,EMP-0058,REG-02,PH-003,
RCT-0001398,TXN-0003410,RCP-00003410,Original,2026-05-25 17:10:07,EMP-0061,REG-04,PH-003,
RCT-0001399,TXN-0001766,RCP-00001766,Original,2026-05-25 17:12:04,EMP-0002,REG-02,PH-001,
RCT-0001400,TXN-0001156,RCP-00001156,Original,2026-05-25 17:32:32,EMP-0084,REG-04,PH-004,
RCT-0001401,TXN-0000355,RCP-00000355,Original,2026-05-25 17:52:38,EMP-0015,REG-03,PH-001,
RCT-0001402,TXN-0001851,RCP-00001851,Original,2026-05-25 18:21:54,EMP-0034,REG-05,PH-002,
RCT-0001403,TXN-0004104,RCP-00004104,Original,2026-05-25 18:22:40,EMP-0108,REG-01,PH-005,
RCT-0001404,TXN-0001527,RCP-00001527,Original,2026-05-25 18:31:24,EMP-0102,REG-04,PH-005,
RCT-0001405,TXN-0001607,RCP-00001607,Original,2026-05-25 18:36:41,EMP-0058,REG-04,PH-003,
RCT-0001406,TXN-0004287,RCP-00004287,Original,2026-05-25 18:40:50,EMP-0103,REG-04,PH-005,
RCT-0001407,TXN-0003919,RCP-00003919,Original,2026-05-25 18:51:29,EMP-0101,REG-04,PH-005,
RCT-0001408,TXN-0000931,RCP-00000931,Original,2026-05-25 18:53:34,EMP-0080,REG-06,PH-004,
RCT-0001409,TXN-0003173,RCP-00003173,Original,2026-05-25 19:31:20,EMP-0025,REG-04,PH-002,
RCT-0001410,TXN-0003762,RCP-00003762,Original,2026-05-25 19:32:15,EMP-0037,REG-06,PH-002,
RCT-0001411,TXN-0003343,RCP-00003343,Reprint,2026-05-25 19:38:13,EMP-0105,REG-05,PH-005,Customer request
RCT-0001412,TXN-0003822,RCP-00003822,Original,2026-05-25 20:00:13,EMP-0036,REG-04,PH-002,
RCT-0001413,TXN-0003306,RCP-00003306,Original,2026-05-25 20:09:34,EMP-0039,REG-06,PH-002,
RCT-0001414,TXN-0004206,RCP-00004206,Original,2026-05-25 20:13:36,EMP-0020,REG-06,PH-001,
RCT-0001415,TXN-0001677,RCP-00001677,Original,2026-05-25 20:14:25,EMP-0040,REG-01,PH-002,
RCT-0001416,TXN-0003701,RCP-00003701,Original,2026-05-25 20:20:58,EMP-0025,REG-06,PH-002,
RCT-0001417,TXN-0003166,RCP-00003166,Original,2026-05-25 21:06:13,EMP-0041,REG-01,PH-002,
RCT-0001418,TXN-0003381,RCP-00003381,Original,2026-05-25 21:28:19,EMP-0001,REG-03,PH-001,
RCT-0001419,TXN-0003561,RCP-00003561,Original,2026-05-26 08:03:20,EMP-0086,REG-04,PH-004,
RCT-0001420,TXN-0001327,RCP-00001327,Original,2026-05-26 08:29:42,EMP-0089,REG-02,PH-005,
RCT-0001421,TXN-0003597,RCP-00003597,Original,2026-05-26 08:33:13,EMP-0036,REG-02,PH-002,
RCT-0001422,TXN-0003770,RCP-00003770,Original,2026-05-26 08:41:06,EMP-0059,REG-04,PH-003,
RCT-0001423,TXN-0004724,RCP-00004724,Original,2026-05-26 08:43:17,EMP-0038,REG-04,PH-002,
RCT-0001424,TXN-0000365,RCP-00000365,Original,2026-05-26 08:45:39,EMP-0038,REG-01,PH-002,
RCT-0001425,TXN-0003475,RCP-00003475,Original,2026-05-26 08:59:52,EMP-0061,REG-06,PH-003,
RCT-0001426,TXN-0001827,RCP-00001827,Original,2026-05-26 09:10:23,EMP-0016,REG-01,PH-001,
RCT-0001427,TXN-0000427,RCP-00000427,Original,2026-05-26 09:16:41,EMP-0023,REG-06,PH-002,
RCT-0001428,TXN-0002486,RCP-00002486,Original,2026-05-26 09:30:55,EMP-0078,REG-05,PH-004,
RCT-0001429,TXN-0002575,RCP-00002575,Original,2026-05-26 09:32:11,EMP-0082,REG-06,PH-004,
RCT-0001430,TXN-0004102,RCP-00004102,Original,2026-05-26 09:36:20,EMP-0024,REG-06,PH-002,
RCT-0001431,TXN-0000229,RCP-00000229,Original,2026-05-26 09:41:04,EMP-0046,REG-02,PH-003,
RCT-0001432,TXN-0003266,RCP-00003266,Original,2026-05-26 09:50:04,EMP-0056,REG-04,PH-003,
RCT-0001433,TXN-0001204,RCP-00001204,Original,2026-05-26 09:54:46,EMP-0100,REG-01,PH-005,
RCT-0001434,TXN-0002654,RCP-00002654,Original,2026-05-26 10:02:25,EMP-0062,REG-03,PH-003,
RCT-0001435,TXN-0003970,RCP-00003970,Original,2026-05-26 10:06:41,EMP-0002,REG-04,PH-001,
RCT-0001436,TXN-0003970,RCP-00003970,Gift Receipt,2026-05-26 10:07:41,EMP-0002,REG-04,PH-001,
RCT-0001437,TXN-0001986,RCP-00001986,Original,2026-05-26 10:18:19,EMP-0016,REG-03,PH-001,
RCT-0001438,TXN-0000692,RCP-00000692,Original,2026-05-26 10:38:00,EMP-0089,REG-01,PH-005,
RCT-0001439,TXN-0004702,RCP-00004702,Original,2026-05-26 10:39:33,EMP-0039,REG-06,PH-002,
RCT-0001440,TXN-0004678,RCP-00004678,Original,2026-05-26 10:56:18,EMP-0036,REG-03,PH-002,
RCT-0001441,TXN-0002609,RCP-00002609,Original,2026-05-26 11:15:53,EMP-0058,REG-01,PH-003,
RCT-0001442,TXN-0000529,RCP-00000529,Original,2026-05-26 11:45:17,EMP-0057,REG-03,PH-003,
RCT-0001443,TXN-0003196,RCP-00003196,Original,2026-05-26 11:47:49,EMP-0015,REG-04,PH-001,
RCT-0001444,TXN-0003196,RCP-00003196,Gift Receipt,2026-05-26 11:48:49,EMP-0015,REG-04,PH-001,
RCT-0001445,TXN-0001423,RCP-00001423,Original,2026-05-26 11:49:22,EMP-0090,REG-04,PH-005,
RCT-0001446,TXN-0004051,RCP-00004051,Original,2026-05-26 11:55:00,EMP-0100,REG-02,PH-005,
RCT-0001447,TXN-0003911,RCP-00003911,Original,2026-05-26 12:33:58,EMP-0068,REG-01,PH-004,
RCT-0001448,TXN-0004729,RCP-00004729,Original,2026-05-26 12:35:29,EMP-0046,REG-02,PH-003,
RCT-0001449,TXN-0004109,RCP-00004109,Original,2026-05-26 12:36:17,EMP-0034,REG-02,PH-002,
RCT-0001450,TXN-0001403,RCP-00001403,Original,2026-05-26 12:37:24,EMP-0085,REG-04,PH-004,
RCT-0001451,TXN-0003759,RCP-00003759,Original,2026-05-26 12:45:52,EMP-0018,REG-02,PH-001,
RCT-0001452,TXN-0003432,RCP-00003432,Original,2026-05-26 13:17:19,EMP-0013,REG-03,PH-001,
RCT-0001453,TXN-0004799,RCP-00004799,Original,2026-05-26 13:23:01,EMP-0061,REG-05,PH-003,
RCT-0001454,TXN-0001957,RCP-00001957,Original,2026-05-26 13:46:07,EMP-0091,REG-04,PH-005,
RCT-0001455,TXN-0002038,RCP-00002038,Original,2026-05-26 13:54:39,EMP-0024,REG-03,PH-002,
RCT-0001456,TXN-0002261,RCP-00002261,Original,2026-05-26 13:56:05,EMP-0108,REG-04,PH-005,
RCT-0001457,TXN-0000315,RCP-00000315,Original,2026-05-26 14:00:04,EMP-0039,REG-05,PH-002,
RCT-0001458,TXN-0001030,RCP-00001030,Original,2026-05-26 14:31:23,EMP-0067,REG-06,PH-004,
RCT-0001459,TXN-0000974,RCP-00000974,Original,2026-05-26 14:36:25,EMP-0025,REG-01,PH-002,
RCT-0001460,TXN-0000620,RCP-00000620,Original,2026-05-26 14:42:13,EMP-0041,REG-05,PH-002,
RCT-0001461,TXN-0000329,RCP-00000329,Original,2026-05-26 14:53:28,EMP-0056,REG-06,PH-003,
RCT-0001462,TXN-0004944,RCP-00004944,Original,2026-05-26 14:55:31,EMP-0014,REG-01,PH-001,
RCT-0001463,TXN-0003427,RCP-00003427,Original,2026-05-26 15:20:34,EMP-0084,REG-04,PH-004,
RCT-0001464,TXN-0000610,RCP-00000610,Original,2026-05-26 15:28:21,EMP-0064,REG-06,PH-003,
RCT-0001465,TXN-0004535,RCP-00004535,Original,2026-05-26 15:40:23,EMP-0015,REG-01,PH-001,
RCT-0001466,TXN-0001641,RCP-00001641,Original,2026-05-26 15:53:01,EMP-0012,REG-05,PH-001,
RCT-0001467,TXN-0001735,RCP-00001735,Original,2026-05-26 16:16:48,EMP-0039,REG-01,PH-002,
RCT-0001468,TXN-0001426,RCP-00001426,Original,2026-05-26 16:19:02,EMP-0057,REG-03,PH-003,
RCT-0001469,TXN-0002401,RCP-00002401,Original,2026-05-26 16:27:39,EMP-0100,REG-06,PH-005,
RCT-0001470,TXN-0002831,RCP-00002831,Original,2026-05-26 16:28:34,EMP-0062,REG-06,PH-003,
RCT-0001471,TXN-0002923,RCP-00002923,Original,2026-05-26 16:47:44,EMP-0082,REG-03,PH-004,
RCT-0001472,TXN-0002503,RCP-00002503,Original,2026-05-26 17:29:13,EMP-0105,REG-02,PH-005,
RCT-0001473,TXN-0002819,RCP-00002819,Original,2026-05-26 17:39:56,EMP-0013,REG-04,PH-001,
RCT-0001474,TXN-0002653,RCP-00002653,Original,2026-05-26 17:41:39,EMP-0084,REG-05,PH-004,
RCT-0001475,TXN-0003442,RCP-00003442,Original,2026-05-26 17:44:51,EMP-0079,REG-01,PH-004,
RCT-0001476,TXN-0000952,RCP-00000952,Original,2026-05-26 17:46:57,EMP-0090,REG-06,PH-005,
RCT-0001477,TXN-0003124,RCP-00003124,Original,2026-05-26 17:49:56,EMP-0082,REG-06,PH-004,
RCT-0001478,TXN-0002264,RCP-00002264,Original,2026-05-26 17:56:47,EMP-0018,REG-04,PH-001,
RCT-0001479,TXN-0000837,RCP-00000837,Original,2026-05-26 18:10:51,EMP-0080,REG-05,PH-004,
RCT-0001480,TXN-0001044,RCP-00001044,Original,2026-05-26 18:26:40,EMP-0084,REG-06,PH-004,
RCT-0001481,TXN-0002999,RCP-00002999,Original,2026-05-26 18:30:44,EMP-0045,REG-02,PH-003,
RCT-0001482,TXN-0001530,RCP-00001530,Original,2026-05-26 18:44:36,EMP-0017,REG-05,PH-001,
RCT-0001483,TXN-0000337,RCP-00000337,Original,2026-05-26 19:24:06,EMP-0086,REG-02,PH-004,
RCT-0001484,TXN-0003758,RCP-00003758,Original,2026-05-26 19:34:43,EMP-0103,REG-06,PH-005,
RCT-0001485,TXN-0004884,RCP-00004884,Original,2026-05-26 19:55:40,EMP-0003,REG-06,PH-001,
RCT-0001486,TXN-0003007,RCP-00003007,Original,2026-05-26 20:27:46,EMP-0068,REG-06,PH-004,
RCT-0001487,TXN-0000397,RCP-00000397,Original,2026-05-26 20:47:38,EMP-0059,REG-04,PH-003,
RCT-0001488,TXN-0001791,RCP-00001791,Original,2026-05-26 20:49:57,EMP-0081,REG-06,PH-004,
RCT-0001489,TXN-0002886,RCP-00002886,Original,2026-05-26 20:52:44,EMP-0036,REG-01,PH-002,
RCT-0001490,TXN-0001244,RCP-00001244,Original,2026-05-26 21:01:11,EMP-0003,REG-03,PH-001,
RCT-0001491,TXN-0003325,RCP-00003325,Original,2026-05-26 21:17:57,EMP-0037,REG-02,PH-002,
RCT-0001492,TXN-0004370,RCP-00004370,Reprint,2026-05-26 21:49:52,EMP-0056,REG-04,PH-003,Lost receipt
RCT-0001493,TXN-0004018,RCP-00004018,Original,2026-05-26 21:59:04,EMP-0057,REG-02,PH-003,
RCT-0001494,TXN-0000370,RCP-00000370,Original,2026-05-27 08:13:13,EMP-0012,REG-05,PH-001,
RCT-0001495,TXN-0004643,RCP-00004643,Original,2026-05-27 08:26:54,EMP-0024,REG-03,PH-002,
RCT-0001496,TXN-0003931,RCP-00003931,Original,2026-05-27 09:08:08,EMP-0034,REG-02,PH-002,
RCT-0001497,TXN-0003625,RCP-00003625,Original,2026-05-27 09:47:32,EMP-0057,REG-02,PH-003,
RCT-0001498,TXN-0001517,RCP-00001517,Original,2026-05-27 10:30:22,EMP-0039,REG-03,PH-002,
RCT-0001499,TXN-0003966,RCP-00003966,Original,2026-05-27 10:38:50,EMP-0062,REG-03,PH-003,
RCT-0001500,TXN-0001529,RCP-00001529,Original,2026-05-27 10:56:54,EMP-0103,REG-04,PH-005,
RCT-0001501,TXN-0003374,RCP-00003374,Original,2026-05-27 11:05:58,EMP-0056,REG-01,PH-003,
RCT-0001502,TXN-0003374,RCP-00003374,Gift Receipt,2026-05-27 11:06:58,EMP-0056,REG-01,PH-003,
RCT-0001503,TXN-0002352,RCP-00002352,Original,2026-05-27 11:15:53,EMP-0041,REG-06,PH-002,
RCT-0001504,TXN-0004478,RCP-00004478,Original,2026-05-27 11:16:33,EMP-0040,REG-04,PH-002,
RCT-0001505,TXN-0003314,RCP-00003314,Original,2026-05-27 11:29:00,EMP-0035,REG-03,PH-002,
RCT-0001506,TXN-0002800,RCP-00002800,Original,2026-05-27 11:56:49,EMP-0079,REG-04,PH-004,
RCT-0001507,TXN-0004579,RCP-00004579,Original,2026-05-27 12:10:10,EMP-0086,REG-05,PH-004,
RCT-0001508,TXN-0004842,RCP-00004842,Original,2026-05-27 12:58:45,EMP-0017,REG-06,PH-001,
RCT-0001509,TXN-0000855,RCP-00000855,Original,2026-05-27 13:08:53,EMP-0017,REG-03,PH-001,
RCT-0001510,TXN-0002219,RCP-00002219,Original,2026-05-27 13:10:25,EMP-0057,REG-01,PH-003,
RCT-0001511,TXN-0002373,RCP-00002373,Original,2026-05-27 14:04:00,EMP-0080,REG-06,PH-004,
RCT-0001512,TXN-0003893,RCP-00003893,Original,2026-05-27 14:19:20,EMP-0059,REG-05,PH-003,
RCT-0001513,TXN-0000078,RCP-00000078,Original,2026-05-27 14:38:59,EMP-0108,REG-06,PH-005,
RCT-0001514,TXN-0003323,RCP-00003323,Original,2026-05-27 14:40:16,EMP-0014,REG-05,PH-001,
RCT-0001515,TXN-0002092,RCP-00002092,Original,2026-05-27 14:40:31,EMP-0061,REG-02,PH-003,
RCT-0001516,TXN-0001153,RCP-00001153,Original,2026-05-27 15:07:24,EMP-0018,REG-04,PH-001,
RCT-0001517,TXN-0004742,RCP-00004742,Reprint,2026-05-27 15:41:01,EMP-0019,REG-01,PH-001,Customer request
RCT-0001518,TXN-0001548,RCP-00001548,Original,2026-05-27 16:57:54,EMP-0086,REG-06,PH-004,
RCT-0001519,TXN-0004222,RCP-00004222,Original,2026-05-27 17:01:44,EMP-0040,REG-03,PH-002,
RCT-0001520,TXN-0000293,RCP-00000293,Original,2026-05-27 17:17:18,EMP-0062,REG-06,PH-003,
RCT-0001521,TXN-0004714,RCP-00004714,Original,2026-05-27 17:56:24,EMP-0083,REG-04,PH-004,
RCT-0001522,TXN-0003044,RCP-00003044,Original,2026-05-27 18:11:43,EMP-0035,REG-05,PH-002,
RCT-0001523,TXN-0002096,RCP-00002096,Original,2026-05-27 18:14:59,EMP-0083,REG-01,PH-004,
RCT-0001524,TXN-0002267,RCP-00002267,Original,2026-05-27 18:16:19,EMP-0012,REG-05,PH-001,
RCT-0001525,TXN-0004207,RCP-00004207,Original,2026-05-27 18:17:58,EMP-0104,REG-01,PH-005,
RCT-0001526,TXN-0004992,RCP-00004992,Original,2026-05-27 18:39:17,EMP-0025,REG-05,PH-002,
RCT-0001527,TXN-0001367,RCP-00001367,Original,2026-05-27 19:28:08,EMP-0085,REG-02,PH-004,
RCT-0001528,TXN-0003857,RCP-00003857,Original,2026-05-27 19:34:03,EMP-0086,REG-06,PH-004,
RCT-0001529,TXN-0000967,RCP-00000967,Original,2026-05-27 19:46:21,EMP-0063,REG-04,PH-003,
RCT-0001530,TXN-0002200,RCP-00002200,Original,2026-05-27 20:00:09,EMP-0107,REG-06,PH-005,
RCT-0001531,TXN-0004924,RCP-00004924,Original,2026-05-27 20:03:14,EMP-0058,REG-04,PH-003,
RCT-0001532,TXN-0000881,RCP-00000881,Original,2026-05-27 20:19:19,EMP-0014,REG-03,PH-001,
RCT-0001533,TXN-0000269,RCP-00000269,Original,2026-05-27 20:27:40,EMP-0056,REG-05,PH-003,
RCT-0001534,TXN-0004775,RCP-00004775,Original,2026-05-27 20:31:58,EMP-0067,REG-02,PH-004,
RCT-0001535,TXN-0002076,RCP-00002076,Original,2026-05-27 20:52:58,EMP-0063,REG-03,PH-003,
RCT-0001536,TXN-0003604,RCP-00003604,Reprint,2026-05-27 20:56:51,EMP-0046,REG-03,PH-003,Customer request
RCT-0001537,TXN-0001181,RCP-00001181,Original,2026-05-27 20:59:28,EMP-0003,REG-06,PH-001,
RCT-0001538,TXN-0003601,RCP-00003601,Original,2026-05-27 21:12:20,EMP-0037,REG-05,PH-002,
RCT-0001539,TXN-0001224,RCP-00001224,Original,2026-05-27 21:28:55,EMP-0082,REG-04,PH-004,
RCT-0001540,TXN-0003424,RCP-00003424,Original,2026-05-27 21:50:25,EMP-0014,REG-01,PH-001,
RCT-0001541,TXN-0000937,RCP-00000937,Original,2026-05-28 08:57:24,EMP-0100,REG-04,PH-005,
RCT-0001542,TXN-0002121,RCP-00002121,Original,2026-05-28 08:59:32,EMP-0069,REG-01,PH-004,
RCT-0001543,TXN-0002859,RCP-00002859,Original,2026-05-28 09:02:59,EMP-0042,REG-01,PH-002,
RCT-0001544,TXN-0003132,RCP-00003132,Original,2026-05-28 09:15:26,EMP-0082,REG-06,PH-004,
RCT-0001545,TXN-0003484,RCP-00003484,Original,2026-05-28 09:20:02,EMP-0041,REG-04,PH-002,
RCT-0001546,TXN-0003484,RCP-00003484,Gift Receipt,2026-05-28 09:21:02,EMP-0041,REG-04,PH-002,
RCT-0001547,TXN-0000172,RCP-00000172,Original,2026-05-28 09:32:58,EMP-0041,REG-03,PH-002,
RCT-0001548,TXN-0003922,RCP-00003922,Original,2026-05-28 10:09:38,EMP-0056,REG-01,PH-003,
RCT-0001549,TXN-0004008,RCP-00004008,Original,2026-05-28 10:16:22,EMP-0025,REG-04,PH-002,
RCT-0001550,TXN-0001855,RCP-00001855,Original,2026-05-28 11:39:58,EMP-0083,REG-06,PH-004,
RCT-0001551,TXN-0000665,RCP-00000665,Original,2026-05-28 11:39:59,EMP-0069,REG-03,PH-004,
RCT-0001552,TXN-0003151,RCP-00003151,Original,2026-05-28 12:40:52,EMP-0015,REG-05,PH-001,
RCT-0001553,TXN-0002617,RCP-00002617,Original,2026-05-28 12:43:49,EMP-0039,REG-06,PH-002,
RCT-0001554,TXN-0002641,RCP-00002641,Original,2026-05-28 12:53:02,EMP-0038,REG-02,PH-002,
RCT-0001555,TXN-0004223,RCP-00004223,Original,2026-05-28 13:12:33,EMP-0018,REG-05,PH-001,
RCT-0001556,TXN-0004223,RCP-00004223,Gift Receipt,2026-05-28 13:13:33,EMP-0018,REG-05,PH-001,
RCT-0001557,TXN-0003748,RCP-00003748,Original,2026-05-28 13:19:05,EMP-0059,REG-04,PH-003,
RCT-0001558,TXN-0001441,RCP-00001441,Original,2026-05-28 13:22:32,EMP-0069,REG-02,PH-004,
RCT-0001559,TXN-0002197,RCP-00002197,Original,2026-05-28 13:29:51,EMP-0016,REG-06,PH-001,
RCT-0001560,TXN-0004415,RCP-00004415,Original,2026-05-28 13:39:50,EMP-0041,REG-01,PH-002,
RCT-0001561,TXN-0001203,RCP-00001203,Original,2026-05-28 13:51:16,EMP-0080,REG-06,PH-004,
RCT-0001562,TXN-0000482,RCP-00000482,Original,2026-05-28 14:04:14,EMP-0019,REG-01,PH-001,
RCT-0001563,TXN-0002629,RCP-00002629,Original,2026-05-28 14:44:48,EMP-0102,REG-03,PH-005,
RCT-0001564,TXN-0001058,RCP-00001058,Original,2026-05-28 14:51:07,EMP-0086,REG-05,PH-004,
RCT-0001565,TXN-0003190,RCP-00003190,Original,2026-05-28 14:56:19,EMP-0040,REG-04,PH-002,
RCT-0001566,TXN-0001414,RCP-00001414,Original,2026-05-28 15:24:03,EMP-0081,REG-06,PH-004,
RCT-0001567,TXN-0002197,RCP-00002197,Reprint,2026-05-28 15:28:51,EMP-0006,REG-06,PH-001,Customer request
RCT-0001568,TXN-0004108,RCP-00004108,Original,2026-05-28 15:30:35,EMP-0057,REG-01,PH-003,
RCT-0001569,TXN-0004698,RCP-00004698,Original,2026-05-28 15:40:56,EMP-0038,REG-03,PH-002,
RCT-0001570,TXN-0000483,RCP-00000483,Original,2026-05-28 15:57:39,EMP-0045,REG-01,PH-003,
RCT-0001571,TXN-0001014,RCP-00001014,Original,2026-05-28 16:20:04,EMP-0107,REG-01,PH-005,
RCT-0001572,TXN-0002784,RCP-00002784,Original,2026-05-28 17:08:14,EMP-0078,REG-06,PH-004,
RCT-0001573,TXN-0002217,RCP-00002217,Original,2026-05-28 17:12:23,EMP-0023,REG-03,PH-002,
RCT-0001574,TXN-0002781,RCP-00002781,Original,2026-05-28 18:05:57,EMP-0083,REG-01,PH-004,
RCT-0001575,TXN-0000393,RCP-00000393,Original,2026-05-28 18:24:20,EMP-0067,REG-03,PH-004,
RCT-0001576,TXN-0004590,RCP-00004590,Original,2026-05-28 18:32:41,EMP-0047,REG-05,PH-003,
RCT-0001577,TXN-0004878,RCP-00004878,Original,2026-05-28 19:13:35,EMP-0018,REG-03,PH-001,
RCT-0001578,TXN-0002964,RCP-00002964,Original,2026-05-28 19:54:23,EMP-0080,REG-04,PH-004,
RCT-0001579,TXN-0000893,RCP-00000893,Original,2026-05-28 20:58:15,EMP-0091,REG-06,PH-005,
RCT-0001580,TXN-0001260,RCP-00001260,Original,2026-05-28 20:59:13,EMP-0064,REG-02,PH-003,
RCT-0001581,TXN-0003507,RCP-00003507,Original,2026-05-28 21:22:46,EMP-0107,REG-03,PH-005,
RCT-0001582,TXN-0003880,RCP-00003880,Original,2026-05-28 21:31:40,EMP-0083,REG-01,PH-004,
RCT-0001583,TXN-0000558,RCP-00000558,Reprint,2026-05-29 00:18:29,EMP-0020,REG-03,PH-001,Lost receipt
RCT-0001584,TXN-0000779,RCP-00000779,Original,2026-05-29 08:01:38,EMP-0086,REG-01,PH-004,
RCT-0001585,TXN-0001201,RCP-00001201,Original,2026-05-29 08:12:35,EMP-0018,REG-02,PH-001,
RCT-0001586,TXN-0004786,RCP-00004786,Original,2026-05-29 08:14:33,EMP-0017,REG-02,PH-001,
RCT-0001587,TXN-0003078,RCP-00003078,Original,2026-05-29 08:22:40,EMP-0057,REG-01,PH-003,
RCT-0001588,TXN-0000862,RCP-00000862,Original,2026-05-29 08:23:50,EMP-0001,REG-06,PH-001,
RCT-0001589,TXN-0002706,RCP-00002706,Original,2026-05-29 08:26:41,EMP-0068,REG-05,PH-004,
RCT-0001590,TXN-0003915,RCP-00003915,Original,2026-05-29 08:50:39,EMP-0103,REG-03,PH-005,
RCT-0001591,TXN-0000023,RCP-00000023,Original,2026-05-29 09:12:52,EMP-0107,REG-05,PH-005,
RCT-0001592,TXN-0003439,RCP-00003439,Original,2026-05-29 09:27:10,EMP-0089,REG-06,PH-005,
RCT-0001593,TXN-0000714,RCP-00000714,Original,2026-05-29 09:38:47,EMP-0045,REG-03,PH-003,
RCT-0001594,TXN-0001187,RCP-00001187,Original,2026-05-29 10:37:51,EMP-0081,REG-06,PH-004,
RCT-0001595,TXN-0003639,RCP-00003639,Original,2026-05-29 11:00:25,EMP-0061,REG-06,PH-003,
RCT-0001596,TXN-0003687,RCP-00003687,Original,2026-05-29 11:48:15,EMP-0045,REG-03,PH-003,
RCT-0001597,TXN-0002347,RCP-00002347,Original,2026-05-29 11:49:47,EMP-0108,REG-04,PH-005,
RCT-0001598,TXN-0000073,RCP-00000073,Original,2026-05-29 12:22:32,EMP-0057,REG-02,PH-003,
RCT-0001599,TXN-0000628,RCP-00000628,Original,2026-05-29 12:30:00,EMP-0101,REG-01,PH-005,
RCT-0001600,TXN-0003300,RCP-00003300,Original,2026-05-29 13:02:02,EMP-0080,REG-03,PH-004,
RCT-0001601,TXN-0003596,RCP-00003596,Original,2026-05-29 13:02:29,EMP-0045,REG-03,PH-003,
RCT-0001602,TXN-0002075,RCP-00002075,Original,2026-05-29 13:14:14,EMP-0083,REG-06,PH-004,
RCT-0001603,TXN-0001158,RCP-00001158,Original,2026-05-29 13:18:22,EMP-0089,REG-05,PH-005,
RCT-0001604,TXN-0002127,RCP-00002127,Original,2026-05-29 13:38:11,EMP-0023,REG-03,PH-002,
RCT-0001605,TXN-0003413,RCP-00003413,Original,2026-05-29 13:57:33,EMP-0108,REG-01,PH-005,
RCT-0001606,TXN-0000433,RCP-00000433,Original,2026-05-29 14:17:20,EMP-0078,REG-04,PH-004,
RCT-0001607,TXN-0002162,RCP-00002162,Original,2026-05-29 14:28:46,EMP-0090,REG-02,PH-005,
RCT-0001608,TXN-0001027,RCP-00001027,Original,2026-05-29 14:35:31,EMP-0017,REG-04,PH-001,
RCT-0001609,TXN-0004318,RCP-00004318,Original,2026-05-29 14:46:02,EMP-0047,REG-04,PH-003,
RCT-0001610,TXN-0004757,RCP-00004757,Original,2026-05-29 15:28:29,EMP-0019,REG-02,PH-001,
RCT-0001611,TXN-0000913,RCP-00000913,Original,2026-05-29 15:56:34,EMP-0003,REG-02,PH-001,
RCT-0001612,TXN-0002402,RCP-00002402,Original,2026-05-29 16:06:09,EMP-0023,REG-06,PH-002,
RCT-0001613,TXN-0000119,RCP-00000119,Original,2026-05-29 16:29:17,EMP-0040,REG-05,PH-002,
RCT-0001614,TXN-0002882,RCP-00002882,Original,2026-05-29 16:32:54,EMP-0090,REG-02,PH-005,
RCT-0001615,TXN-0002455,RCP-00002455,Original,2026-05-29 16:34:29,EMP-0002,REG-01,PH-001,
RCT-0001616,TXN-0004646,RCP-00004646,Original,2026-05-29 16:50:41,EMP-0063,REG-01,PH-003,
RCT-0001617,TXN-0003892,RCP-00003892,Original,2026-05-29 16:58:36,EMP-0100,REG-03,PH-005,
RCT-0001618,TXN-0002545,RCP-00002545,Original,2026-05-29 17:23:36,EMP-0058,REG-05,PH-003,
RCT-0001619,TXN-0003723,RCP-00003723,Original,2026-05-29 17:35:21,EMP-0067,REG-05,PH-004,
RCT-0001620,TXN-0003361,RCP-00003361,Original,2026-05-29 17:40:32,EMP-0036,REG-05,PH-002,
RCT-0001621,TXN-0001913,RCP-00001913,Original,2026-05-29 18:16:09,EMP-0082,REG-04,PH-004,
RCT-0001622,TXN-0000244,RCP-00000244,Original,2026-05-29 18:26:08,EMP-0104,REG-01,PH-005,
RCT-0001623,TXN-0003691,RCP-00003691,Original,2026-05-29 18:30:58,EMP-0084,REG-03,PH-004,
RCT-0001624,TXN-0003962,RCP-00003962,Original,2026-05-29 18:40:00,EMP-0101,REG-03,PH-005,
RCT-0001625,TXN-0003745,RCP-00003745,Original,2026-05-29 18:55:29,EMP-0057,REG-01,PH-003,
RCT-0001626,TXN-0002212,RCP-00002212,Original,2026-05-29 19:02:54,EMP-0034,REG-02,PH-002,
RCT-0001627,TXN-0001737,RCP-00001737,Original,2026-05-29 19:03:01,EMP-0047,REG-02,PH-003,
RCT-0001628,TXN-0002391,RCP-00002391,Original,2026-05-29 19:12:16,EMP-0013,REG-02,PH-001,
RCT-0001629,TXN-0003894,RCP-00003894,Reprint,2026-05-29 19:18:04,EMP-0079,REG-05,PH-004,Printer jam
RCT-0001630,TXN-0003157,RCP-00003157,Original,2026-05-29 19:54:56,EMP-0069,REG-01,PH-004,
RCT-0001631,TXN-0000683,RCP-00000683,Original,2026-05-29 20:05:14,EMP-0038,REG-01,PH-002,
RCT-0001632,TXN-0001135,RCP-00001135,Original,2026-05-29 20:08:42,EMP-0060,REG-06,PH-003,
RCT-0001633,TXN-0003823,RCP-00003823,Original,2026-05-29 20:25:03,EMP-0106,REG-06,PH-005,
RCT-0001634,TXN-0000100,RCP-00000100,Original,2026-05-29 20:44:17,EMP-0041,REG-02,PH-002,
RCT-0001635,TXN-0003878,RCP-00003878,Original,2026-05-29 20:48:06,EMP-0003,REG-04,PH-001,
RCT-0001636,TXN-0003679,RCP-00003679,Original,2026-05-29 20:49:38,EMP-0018,REG-06,PH-001,
RCT-0001637,TXN-0004329,RCP-00004329,Original,2026-05-29 21:19:30,EMP-0015,REG-06,PH-001,
RCT-0001638,TXN-0004329,RCP-00004329,Gift Receipt,2026-05-29 21:20:30,EMP-0015,REG-06,PH-001,
RCT-0001639,TXN-0001668,RCP-00001668,Original,2026-05-29 21:20:45,EMP-0059,REG-06,PH-003,
RCT-0001640,TXN-0001237,RCP-00001237,Original,2026-05-29 21:40:45,EMP-0057,REG-04,PH-003,
RCT-0001641,TXN-0002884,RCP-00002884,Original,2026-05-29 21:44:17,EMP-0106,REG-06,PH-005,
RCT-0001642,TXN-0001510,RCP-00001510,Original,2026-05-29 21:46:37,EMP-0101,REG-04,PH-005,
RCT-0001643,TXN-0001159,RCP-00001159,Original,2026-05-30 08:10:56,EMP-0024,REG-04,PH-002,
RCT-0001644,TXN-0003540,RCP-00003540,Original,2026-05-30 08:20:31,EMP-0091,REG-02,PH-005,
RCT-0001645,TXN-0003541,RCP-00003541,Original,2026-05-30 08:25:04,EMP-0080,REG-01,PH-004,
RCT-0001646,TXN-0000228,RCP-00000228,Original,2026-05-30 08:53:50,EMP-0086,REG-01,PH-004,
RCT-0001647,TXN-0003683,RCP-00003683,Original,2026-05-30 08:57:40,EMP-0057,REG-04,PH-003,
RCT-0001648,TXN-0004068,RCP-00004068,Original,2026-05-30 09:00:10,EMP-0108,REG-06,PH-005,
RCT-0001649,TXN-0003182,RCP-00003182,Original,2026-05-30 09:12:02,EMP-0041,REG-02,PH-002,
RCT-0001650,TXN-0003584,RCP-00003584,Original,2026-05-30 09:29:10,EMP-0081,REG-05,PH-004,
RCT-0001651,TXN-0002890,RCP-00002890,Original,2026-05-30 09:50:33,EMP-0014,REG-04,PH-001,
RCT-0001652,TXN-0003338,RCP-00003338,Original,2026-05-30 09:59:32,EMP-0102,REG-03,PH-005,
RCT-0001653,TXN-0003287,RCP-00003287,Original,2026-05-30 10:07:06,EMP-0006,REG-02,PH-001,
RCT-0001654,TXN-0003529,RCP-00003529,Original,2026-05-30 10:11:52,EMP-0023,REG-06,PH-002,
RCT-0001655,TXN-0004044,RCP-00004044,Original,2026-05-30 10:22:36,EMP-0106,REG-01,PH-005,
RCT-0001656,TXN-0001697,RCP-00001697,Original,2026-05-30 10:23:44,EMP-0100,REG-06,PH-005,
RCT-0001657,TXN-0000002,RCP-00000002,Original,2026-05-30 10:29:32,EMP-0060,REG-06,PH-003,
RCT-0001658,TXN-0001583,RCP-00001583,Original,2026-05-30 10:51:50,EMP-0107,REG-05,PH-005,
RCT-0001659,TXN-0000489,RCP-00000489,Original,2026-05-30 11:28:22,EMP-0085,REG-01,PH-004,
RCT-0001660,TXN-0001616,RCP-00001616,Original,2026-05-30 11:29:35,EMP-0002,REG-01,PH-001,
RCT-0001661,TXN-0002685,RCP-00002685,Original,2026-05-30 12:18:01,EMP-0061,REG-02,PH-003,
RCT-0001662,TXN-0000056,RCP-00000056,Original,2026-05-30 12:27:35,EMP-0086,REG-03,PH-004,
RCT-0001663,TXN-0004086,RCP-00004086,Original,2026-05-30 12:35:47,EMP-0013,REG-06,PH-001,
RCT-0001664,TXN-0001437,RCP-00001437,Original,2026-05-30 13:24:09,EMP-0084,REG-05,PH-004,
RCT-0001665,TXN-0000114,RCP-00000114,Original,2026-05-30 13:55:45,EMP-0080,REG-02,PH-004,
RCT-0001666,TXN-0002880,RCP-00002880,Reprint,2026-05-30 14:17:56,EMP-0013,REG-01,PH-001,Customer request
RCT-0001667,TXN-0002719,RCP-00002719,Original,2026-05-30 14:43:55,EMP-0040,REG-04,PH-002,
RCT-0001668,TXN-0001921,RCP-00001921,Original,2026-05-30 15:11:19,EMP-0025,REG-01,PH-002,
RCT-0001669,TXN-0003447,RCP-00003447,Original,2026-05-30 16:51:41,EMP-0002,REG-06,PH-001,
RCT-0001670,TXN-0001356,RCP-00001356,Original,2026-05-30 17:31:43,EMP-0089,REG-03,PH-005,
RCT-0001671,TXN-0003603,RCP-00003603,Original,2026-05-30 17:32:21,EMP-0081,REG-02,PH-004,
RCT-0001672,TXN-0000068,RCP-00000068,Original,2026-05-30 17:47:25,EMP-0105,REG-05,PH-005,
RCT-0001673,TXN-0002138,RCP-00002138,Original,2026-05-30 18:36:33,EMP-0001,REG-01,PH-001,
RCT-0001674,TXN-0003021,RCP-00003021,Original,2026-05-30 19:00:15,EMP-0069,REG-01,PH-004,
RCT-0001675,TXN-0001141,RCP-00001141,Original,2026-05-30 19:15:40,EMP-0002,REG-06,PH-001,
RCT-0001676,TXN-0003618,RCP-00003618,Original,2026-05-30 19:27:49,EMP-0039,REG-05,PH-002,
RCT-0001677,TXN-0000742,RCP-00000742,Original,2026-05-30 20:20:35,EMP-0057,REG-02,PH-003,
RCT-0001678,TXN-0001034,RCP-00001034,Original,2026-05-30 20:41:50,EMP-0059,REG-01,PH-003,
RCT-0001679,TXN-0001034,RCP-00001034,Gift Receipt,2026-05-30 20:42:50,EMP-0059,REG-01,PH-003,
RCT-0001680,TXN-0004692,RCP-00004692,Original,2026-05-30 20:48:28,EMP-0084,REG-06,PH-004,
RCT-0001681,TXN-0000173,RCP-00000173,Original,2026-05-30 20:48:37,EMP-0002,REG-05,PH-001,
RCT-0001682,TXN-0002886,RCP-00002886,Reprint,2026-05-30 20:51:44,EMP-0042,REG-01,PH-002,Customer request
RCT-0001683,TXN-0004213,RCP-00004213,Original,2026-05-30 20:54:30,EMP-0102,REG-06,PH-005,
RCT-0001684,TXN-0004566,RCP-00004566,Original,2026-05-30 21:09:29,EMP-0042,REG-05,PH-002,
RCT-0001685,TXN-0003936,RCP-00003936,Original,2026-05-30 21:30:39,EMP-0089,REG-04,PH-005,
RCT-0001686,TXN-0003816,RCP-00003816,Original,2026-05-30 21:37:29,EMP-0105,REG-03,PH-005,
RCT-0001687,TXN-0002108,RCP-00002108,Reprint,2026-05-30 21:57:50,EMP-0038,REG-02,PH-002,Lost receipt
RCT-0001688,TXN-0004814,RCP-00004814,Reprint,2026-05-31 01:15:17,EMP-0042,REG-06,PH-002,Lost receipt
RCT-0001689,TXN-0000931,RCP-00000931,Reprint,2026-05-31 03:52:34,EMP-0078,REG-05,PH-004,Customer request
RCT-0001690,TXN-0003607,RCP-00003607,Original,2026-05-31 08:09:14,EMP-0046,REG-05,PH-003,
RCT-0001691,TXN-0003558,RCP-00003558,Original,2026-05-31 08:43:19,EMP-0069,REG-04,PH-004,
RCT-0001692,TXN-0001579,RCP-00001579,Original,2026-05-31 08:55:19,EMP-0104,REG-02,PH-005,
RCT-0001693,TXN-0002762,RCP-00002762,Original,2026-05-31 09:05:06,EMP-0101,REG-06,PH-005,
RCT-0001694,TXN-0003143,RCP-00003143,Original,2026-05-31 09:05:57,EMP-0100,REG-03,PH-005,
RCT-0001695,TXN-0000851,RCP-00000851,Original,2026-05-31 09:11:32,EMP-0061,REG-06,PH-003,
RCT-0001696,TXN-0003531,RCP-00003531,Original,2026-05-31 10:28:51,EMP-0001,REG-06,PH-001,
RCT-0001697,TXN-0004831,RCP-00004831,Original,2026-05-31 10:55:53,EMP-0002,REG-05,PH-001,
RCT-0001698,TXN-0000035,RCP-00000035,Original,2026-05-31 10:59:39,EMP-0037,REG-06,PH-002,
RCT-0001699,TXN-0000054,RCP-00000054,Original,2026-05-31 11:11:29,EMP-0078,REG-06,PH-004,
RCT-0001700,TXN-0002760,RCP-00002760,Original,2026-05-31 11:24:01,EMP-0083,REG-05,PH-004,
RCT-0001701,TXN-0000705,RCP-00000705,Original,2026-05-31 11:29:38,EMP-0056,REG-05,PH-003,
RCT-0001702,TXN-0001222,RCP-00001222,Original,2026-05-31 11:30:57,EMP-0015,REG-06,PH-001,
RCT-0001703,TXN-0000295,RCP-00000295,Original,2026-05-31 11:48:03,EMP-0041,REG-06,PH-002,
RCT-0001704,TXN-0004693,RCP-00004693,Original,2026-05-31 11:50:17,EMP-0083,REG-02,PH-004,
RCT-0001705,TXN-0004532,RCP-00004532,Original,2026-05-31 12:49:05,EMP-0082,REG-03,PH-004,
RCT-0001706,TXN-0004269,RCP-00004269,Original,2026-05-31 12:50:14,EMP-0064,REG-05,PH-003,
RCT-0001707,TXN-0005000,RCP-00005000,Original,2026-05-31 13:18:08,EMP-0039,REG-05,PH-002,
RCT-0001708,TXN-0002885,RCP-00002885,Original,2026-05-31 13:20:33,EMP-0035,REG-06,PH-002,
RCT-0001709,TXN-0000309,RCP-00000309,Original,2026-05-31 13:48:50,EMP-0089,REG-03,PH-005,
RCT-0001710,TXN-0002320,RCP-00002320,Original,2026-05-31 13:55:03,EMP-0040,REG-04,PH-002,
RCT-0001711,TXN-0003978,RCP-00003978,Original,2026-05-31 14:21:48,EMP-0108,REG-02,PH-005,
RCT-0001712,TXN-0000581,RCP-00000581,Original,2026-05-31 14:34:38,EMP-0040,REG-05,PH-002,
RCT-0001713,TXN-0004080,RCP-00004080,Original,2026-05-31 14:41:33,EMP-0068,REG-02,PH-004,
RCT-0001714,TXN-0001994,RCP-00001994,Original,2026-05-31 14:49:44,EMP-0002,REG-01,PH-001,
RCT-0001715,TXN-0002045,RCP-00002045,Original,2026-05-31 14:56:48,EMP-0019,REG-03,PH-001,
RCT-0001716,TXN-0004768,RCP-00004768,Original,2026-05-31 15:27:50,EMP-0020,REG-06,PH-001,
RCT-0001717,TXN-0003663,RCP-00003663,Original,2026-05-31 16:33:27,EMP-0034,REG-04,PH-002,
RCT-0001718,TXN-0002533,RCP-00002533,Original,2026-05-31 16:57:47,EMP-0014,REG-01,PH-001,
RCT-0001719,TXN-0001160,RCP-00001160,Original,2026-05-31 17:08:26,EMP-0037,REG-01,PH-002,
RCT-0001720,TXN-0003550,RCP-00003550,Original,2026-05-31 17:11:25,EMP-0001,REG-03,PH-001,
RCT-0001721,TXN-0004257,RCP-00004257,Original,2026-05-31 17:19:17,EMP-0046,REG-02,PH-003,
RCT-0001722,TXN-0000524,RCP-00000524,Original,2026-05-31 17:42:53,EMP-0068,REG-05,PH-004,
RCT-0001723,TXN-0002227,RCP-00002227,Original,2026-05-31 18:18:33,EMP-0080,REG-01,PH-004,
RCT-0001724,TXN-0002322,RCP-00002322,Original,2026-05-31 18:23:47,EMP-0013,REG-06,PH-001,
RCT-0001725,TXN-0004259,RCP-00004259,Original,2026-05-31 18:27:49,EMP-0036,REG-04,PH-002,
RCT-0001726,TXN-0004648,RCP-00004648,Original,2026-05-31 18:59:42,EMP-0058,REG-01,PH-003,
RCT-0001727,TXN-0003767,RCP-00003767,Original,2026-05-31 19:13:34,EMP-0047,REG-04,PH-003,
RCT-0001728,TXN-0001315,RCP-00001315,Original,2026-05-31 20:39:55,EMP-0085,REG-03,PH-004,
RCT-0001729,TXN-0002657,RCP-00002657,Original,2026-05-31 20:40:51,EMP-0025,REG-04,PH-002,
RCT-0001730,TXN-0004356,RCP-00004356,Original,2026-05-31 20:57:25,EMP-0089,REG-05,PH-005,
RCT-0001731,TXN-0002275,RCP-00002275,Original,2026-05-31 21:13:01,EMP-0013,REG-02,PH-001,
RCT-0001732,TXN-0003647,RCP-00003647,Original,2026-05-31 21:26:08,EMP-0046,REG-05,PH-003,
RCT-0001733,TXN-0003494,RCP-00003494,Original,2026-05-31 21:33:24,EMP-0086,REG-03,PH-004,
RCT-0001734,TXN-0001334,RCP-00001334,Original,2026-05-31 21:35:31,EMP-0038,REG-04,PH-002,
RCT-0001735,TXN-0000505,RCP-00000505,Original,2026-05-31 21:37:41,EMP-0035,REG-05,PH-002,
RCT-0001736,TXN-0002034,RCP-00002034,Original,2026-05-31 21:55:30,EMP-0079,REG-06,PH-004,
RCT-0001737,TXN-0000538,RCP-00000538,Reprint,2026-06-01 02:35:50,EMP-0087,REG-03,PH-004,Printer jam
RCT-0001738,TXN-0001064,RCP-00001064,Reprint,2026-06-01 05:02:43,EMP-0003,REG-05,PH-001,Duplicate for insurance
RCT-0001739,TXN-0003994,RCP-00003994,Original,2026-06-01 08:04:38,EMP-0079,REG-05,PH-004,
RCT-0001740,TXN-0000421,RCP-00000421,Reprint,2026-06-01 09:14:10,EMP-0103,REG-01,PH-005,Printer jam
RCT-0001741,TXN-0001013,RCP-00001013,Original,2026-06-01 09:27:12,EMP-0083,REG-03,PH-004,
RCT-0001742,TXN-0002439,RCP-00002439,Original,2026-06-01 10:14:57,EMP-0019,REG-01,PH-001,
RCT-0001743,TXN-0001146,RCP-00001146,Original,2026-06-01 10:18:54,EMP-0037,REG-05,PH-002,
RCT-0001744,TXN-0000890,RCP-00000890,Original,2026-06-01 10:39:26,EMP-0086,REG-03,PH-004,
RCT-0001745,TXN-0000890,RCP-00000890,Gift Receipt,2026-06-01 10:40:26,EMP-0086,REG-03,PH-004,
RCT-0001746,TXN-0002287,RCP-00002287,Original,2026-06-01 10:54:18,EMP-0035,REG-02,PH-002,
RCT-0001747,TXN-0001216,RCP-00001216,Original,2026-06-01 11:07:29,EMP-0034,REG-06,PH-002,
RCT-0001748,TXN-0004279,RCP-00004279,Original,2026-06-01 11:49:17,EMP-0062,REG-02,PH-003,
RCT-0001749,TXN-0000511,RCP-00000511,Original,2026-06-01 12:17:49,EMP-0015,REG-04,PH-001,
RCT-0001750,TXN-0002501,RCP-00002501,Original,2026-06-01 12:19:38,EMP-0084,REG-03,PH-004,
RCT-0001751,TXN-0001492,RCP-00001492,Original,2026-06-01 12:28:37,EMP-0025,REG-02,PH-002,
RCT-0001752,TXN-0002242,RCP-00002242,Reprint,2026-06-01 12:50:32,EMP-0054,REG-02,PH-003,Lost receipt
RCT-0001753,TXN-0001193,RCP-00001193,Original,2026-06-01 12:58:23,EMP-0024,REG-03,PH-002,
RCT-0001754,TXN-0003367,RCP-00003367,Original,2026-06-01 13:25:51,EMP-0090,REG-05,PH-005,
RCT-0001755,TXN-0000198,RCP-00000198,Original,2026-06-01 13:31:44,EMP-0018,REG-02,PH-001,
RCT-0001756,TXN-0001953,RCP-00001953,Original,2026-06-01 13:36:21,EMP-0038,REG-06,PH-002,
RCT-0001757,TXN-0003212,RCP-00003212,Original,2026-06-01 13:46:29,EMP-0106,REG-06,PH-005,
RCT-0001758,TXN-0001324,RCP-00001324,Original,2026-06-01 13:58:11,EMP-0017,REG-06,PH-001,
RCT-0001759,TXN-0004461,RCP-00004461,Original,2026-06-01 13:58:29,EMP-0034,REG-05,PH-002,
RCT-0001760,TXN-0004463,RCP-00004463,Original,2026-06-01 14:05:31,EMP-0089,REG-04,PH-005,
RCT-0001761,TXN-0004463,RCP-00004463,Gift Receipt,2026-06-01 14:06:31,EMP-0089,REG-04,PH-005,
RCT-0001762,TXN-0002191,RCP-00002191,Original,2026-06-01 14:06:33,EMP-0062,REG-04,PH-003,
RCT-0001763,TXN-0004717,RCP-00004717,Original,2026-06-01 14:13:58,EMP-0086,REG-04,PH-004,
RCT-0001764,TXN-0000582,RCP-00000582,Original,2026-06-01 14:29:53,EMP-0040,REG-06,PH-002,
RCT-0001765,TXN-0000706,RCP-00000706,Original,2026-06-01 14:32:20,EMP-0012,REG-02,PH-001,
RCT-0001766,TXN-0002362,RCP-00002362,Original,2026-06-01 14:39:50,EMP-0036,REG-02,PH-002,
RCT-0001767,TXN-0001038,RCP-00001038,Original,2026-06-01 14:46:16,EMP-0020,REG-03,PH-001,
RCT-0001768,TXN-0000460,RCP-00000460,Reprint,2026-06-01 14:59:27,EMP-0006,REG-01,PH-001,Lost receipt
RCT-0001769,TXN-0001795,RCP-00001795,Original,2026-06-01 15:05:34,EMP-0090,REG-03,PH-005,
RCT-0001770,TXN-0002822,RCP-00002822,Original,2026-06-01 15:52:18,EMP-0025,REG-06,PH-002,
RCT-0001771,TXN-0001792,RCP-00001792,Original,2026-06-01 16:04:21,EMP-0035,REG-06,PH-002,
RCT-0001772,TXN-0002165,RCP-00002165,Original,2026-06-01 16:22:08,EMP-0024,REG-02,PH-002,
RCT-0001773,TXN-0003606,RCP-00003606,Original,2026-06-01 16:51:51,EMP-0101,REG-01,PH-005,
RCT-0001774,TXN-0000043,RCP-00000043,Original,2026-06-01 16:54:35,EMP-0006,REG-01,PH-001,
RCT-0001775,TXN-0002804,RCP-00002804,Original,2026-06-01 17:07:37,EMP-0061,REG-04,PH-003,
RCT-0001776,TXN-0000934,RCP-00000934,Reprint,2026-06-01 17:29:07,EMP-0092,REG-01,PH-005,Duplicate for insurance
RCT-0001777,TXN-0002386,RCP-00002386,Original,2026-06-01 17:34:40,EMP-0068,REG-04,PH-004,
RCT-0001778,TXN-0003592,RCP-00003592,Original,2026-06-01 17:35:35,EMP-0040,REG-01,PH-002,
RCT-0001779,TXN-0004002,RCP-00004002,Original,2026-06-01 17:51:18,EMP-0084,REG-05,PH-004,
RCT-0001780,TXN-0003543,RCP-00003543,Original,2026-06-01 17:57:32,EMP-0106,REG-02,PH-005,
RCT-0001781,TXN-0003017,RCP-00003017,Original,2026-06-01 17:58:28,EMP-0108,REG-04,PH-005,
RCT-0001782,TXN-0002175,RCP-00002175,Original,2026-06-01 18:03:42,EMP-0056,REG-01,PH-003,
RCT-0001783,TXN-0002366,RCP-00002366,Original,2026-06-01 18:20:44,EMP-0063,REG-04,PH-003,
RCT-0001784,TXN-0003562,RCP-00003562,Original,2026-06-01 18:30:09,EMP-0039,REG-06,PH-002,
RCT-0001785,TXN-0001887,RCP-00001887,Original,2026-06-01 18:46:51,EMP-0085,REG-04,PH-004,
RCT-0001786,TXN-0004397,RCP-00004397,Original,2026-06-01 18:54:51,EMP-0081,REG-02,PH-004,
RCT-0001787,TXN-0001624,RCP-00001624,Original,2026-06-01 19:22:27,EMP-0079,REG-02,PH-004,
RCT-0001788,TXN-0000983,RCP-00000983,Original,2026-06-01 19:26:39,EMP-0017,REG-05,PH-001,
RCT-0001789,TXN-0001462,RCP-00001462,Original,2026-06-01 19:37:37,EMP-0040,REG-01,PH-002,
RCT-0001790,TXN-0004199,RCP-00004199,Original,2026-06-01 20:00:02,EMP-0091,REG-04,PH-005,
RCT-0001791,TXN-0002786,RCP-00002786,Original,2026-06-01 20:23:16,EMP-0025,REG-02,PH-002,
RCT-0001792,TXN-0001218,RCP-00001218,Original,2026-06-01 20:26:32,EMP-0063,REG-06,PH-003,
RCT-0001793,TXN-0004822,RCP-00004822,Original,2026-06-01 20:38:11,EMP-0058,REG-06,PH-003,
RCT-0001794,TXN-0001163,RCP-00001163,Original,2026-06-01 21:14:54,EMP-0104,REG-04,PH-005,
RCT-0001795,TXN-0003569,RCP-00003569,Original,2026-06-01 21:16:50,EMP-0013,REG-03,PH-001,
RCT-0001796,TXN-0004137,RCP-00004137,Original,2026-06-01 21:39:02,EMP-0079,REG-01,PH-004,
RCT-0001797,TXN-0001668,RCP-00001668,Reprint,2026-06-02 02:19:45,EMP-0056,REG-03,PH-003,Customer request
RCT-0001798,TXN-0004970,RCP-00004970,Original,2026-06-02 08:15:25,EMP-0046,REG-06,PH-003,
RCT-0001799,TXN-0001811,RCP-00001811,Original,2026-06-02 08:23:15,EMP-0039,REG-05,PH-002,
RCT-0001800,TXN-0002970,RCP-00002970,Original,2026-06-02 08:24:35,EMP-0045,REG-05,PH-003,
RCT-0001801,TXN-0003572,RCP-00003572,Original,2026-06-02 08:47:20,EMP-0083,REG-06,PH-004,
RCT-0001802,TXN-0000158,RCP-00000158,Original,2026-06-02 09:26:19,EMP-0105,REG-06,PH-005,
RCT-0001803,TXN-0001652,RCP-00001652,Original,2026-06-02 10:09:38,EMP-0034,REG-04,PH-002,
RCT-0001804,TXN-0004753,RCP-00004753,Original,2026-06-02 10:55:17,EMP-0078,REG-03,PH-004,
RCT-0001805,TXN-0002787,RCP-00002787,Original,2026-06-02 11:03:27,EMP-0002,REG-03,PH-001,
RCT-0001806,TXN-0000978,RCP-00000978,Original,2026-06-02 11:04:07,EMP-0047,REG-06,PH-003,
RCT-0001807,TXN-0002600,RCP-00002600,Original,2026-06-02 11:14:56,EMP-0069,REG-01,PH-004,
RCT-0001808,TXN-0002977,RCP-00002977,Original,2026-06-02 11:31:20,EMP-0060,REG-03,PH-003,
RCT-0001809,TXN-0004662,RCP-00004662,Original,2026-06-02 11:37:10,EMP-0042,REG-05,PH-002,
RCT-0001810,TXN-0004638,RCP-00004638,Original,2026-06-02 11:48:20,EMP-0047,REG-02,PH-003,
RCT-0001811,TXN-0001718,RCP-00001718,Original,2026-06-02 11:51:25,EMP-0078,REG-06,PH-004,
RCT-0001812,TXN-0000320,RCP-00000320,Original,2026-06-02 11:59:41,EMP-0107,REG-05,PH-005,
RCT-0001813,TXN-0002252,RCP-00002252,Original,2026-06-02 12:08:01,EMP-0038,REG-02,PH-002,
RCT-0001814,TXN-0003943,RCP-00003943,Original,2026-06-02 12:26:51,EMP-0018,REG-03,PH-001,
RCT-0001815,TXN-0001867,RCP-00001867,Original,2026-06-02 12:44:30,EMP-0002,REG-06,PH-001,
RCT-0001816,TXN-0003141,RCP-00003141,Original,2026-06-02 12:50:06,EMP-0100,REG-03,PH-005,
RCT-0001817,TXN-0002991,RCP-00002991,Original,2026-06-02 13:02:43,EMP-0045,REG-02,PH-003,
RCT-0001818,TXN-0000843,RCP-00000843,Original,2026-06-02 13:05:37,EMP-0063,REG-06,PH-003,
RCT-0001819,TXN-0000213,RCP-00000213,Original,2026-06-02 13:07:12,EMP-0100,REG-04,PH-005,
RCT-0001820,TXN-0000139,RCP-00000139,Original,2026-06-02 13:15:35,EMP-0064,REG-02,PH-003,
RCT-0001821,TXN-0004190,RCP-00004190,Original,2026-06-02 13:31:40,EMP-0085,REG-03,PH-004,
RCT-0001822,TXN-0004636,RCP-00004636,Original,2026-06-02 13:43:30,EMP-0020,REG-04,PH-001,
RCT-0001823,TXN-0004595,RCP-00004595,Original,2026-06-02 13:45:30,EMP-0079,REG-02,PH-004,
RCT-0001824,TXN-0002240,RCP-00002240,Original,2026-06-02 13:59:42,EMP-0084,REG-04,PH-004,
RCT-0001825,TXN-0000364,RCP-00000364,Original,2026-06-02 14:04:52,EMP-0035,REG-01,PH-002,
RCT-0001826,TXN-0002381,RCP-00002381,Original,2026-06-02 14:19:15,EMP-0081,REG-03,PH-004,
RCT-0001827,TXN-0004898,RCP-00004898,Reprint,2026-06-02 14:33:59,EMP-0049,REG-03,PH-003,Printer jam
RCT-0001828,TXN-0003899,RCP-00003899,Original,2026-06-02 14:36:31,EMP-0041,REG-06,PH-002,
RCT-0001829,TXN-0000203,RCP-00000203,Original,2026-06-02 14:45:48,EMP-0013,REG-03,PH-001,
RCT-0001830,TXN-0000004,RCP-00000004,Original,2026-06-02 15:13:15,EMP-0039,REG-03,PH-002,
RCT-0001831,TXN-0003934,RCP-00003934,Original,2026-06-02 15:21:05,EMP-0102,REG-06,PH-005,
RCT-0001832,TXN-0000574,RCP-00000574,Original,2026-06-02 15:22:54,EMP-0080,REG-01,PH-004,
RCT-0001833,TXN-0004964,RCP-00004964,Original,2026-06-02 15:23:04,EMP-0063,REG-05,PH-003,
RCT-0001834,TXN-0003449,RCP-00003449,Original,2026-06-02 15:23:53,EMP-0045,REG-01,PH-003,
RCT-0001835,TXN-0003163,RCP-00003163,Original,2026-06-02 15:24:22,EMP-0023,REG-03,PH-002,
RCT-0001836,TXN-0002352,RCP-00002352,Reprint,2026-06-02 16:14:53,EMP-0040,REG-03,PH-002,Customer request
RCT-0001837,TXN-0000586,RCP-00000586,Original,2026-06-02 16:45:17,EMP-0086,REG-02,PH-004,
RCT-0001838,TXN-0002226,RCP-00002226,Original,2026-06-02 16:57:26,EMP-0101,REG-05,PH-005,
RCT-0001839,TXN-0002031,RCP-00002031,Original,2026-06-02 17:23:38,EMP-0100,REG-04,PH-005,
RCT-0001840,TXN-0003010,RCP-00003010,Original,2026-06-02 17:26:25,EMP-0107,REG-01,PH-005,
RCT-0001841,TXN-0002196,RCP-00002196,Original,2026-06-02 17:31:14,EMP-0104,REG-05,PH-005,
RCT-0001842,TXN-0004246,RCP-00004246,Original,2026-06-02 17:44:34,EMP-0086,REG-03,PH-004,
RCT-0001843,TXN-0002288,RCP-00002288,Original,2026-06-02 17:46:30,EMP-0020,REG-06,PH-001,
RCT-0001844,TXN-0001022,RCP-00001022,Original,2026-06-02 17:58:10,EMP-0082,REG-01,PH-004,
RCT-0001845,TXN-0004965,RCP-00004965,Reprint,2026-06-02 18:01:21,EMP-0093,REG-04,PH-005,Lost receipt
RCT-0001846,TXN-0000229,RCP-00000229,Reprint,2026-06-02 18:40:04,EMP-0045,REG-05,PH-003,Customer request
RCT-0001847,TXN-0004218,RCP-00004218,Original,2026-06-02 19:23:43,EMP-0042,REG-01,PH-002,
RCT-0001848,TXN-0000449,RCP-00000449,Original,2026-06-02 19:29:47,EMP-0086,REG-06,PH-004,
RCT-0001849,TXN-0000236,RCP-00000236,Original,2026-06-02 20:20:38,EMP-0064,REG-06,PH-003,
RCT-0001850,TXN-0000270,RCP-00000270,Original,2026-06-02 20:27:00,EMP-0067,REG-02,PH-004,
RCT-0001851,TXN-0004217,RCP-00004217,Original,2026-06-02 21:26:56,EMP-0089,REG-06,PH-005,
RCT-0001852,TXN-0001696,RCP-00001696,Original,2026-06-02 21:30:00,EMP-0045,REG-03,PH-003,
RCT-0001853,TXN-0000792,RCP-00000792,Original,2026-06-02 21:39:29,EMP-0062,REG-01,PH-003,
RCT-0001854,TXN-0001848,RCP-00001848,Reprint,2026-06-03 00:17:36,EMP-0104,REG-02,PH-005,Printer jam
RCT-0001855,TXN-0003465,RCP-00003465,Original,2026-06-03 08:13:40,EMP-0104,REG-06,PH-005,
RCT-0001856,TXN-0002950,RCP-00002950,Original,2026-06-03 08:17:59,EMP-0067,REG-04,PH-004,
RCT-0001857,TXN-0001649,RCP-00001649,Original,2026-06-03 08:43:19,EMP-0019,REG-03,PH-001,
RCT-0001858,TXN-0002420,RCP-00002420,Original,2026-06-03 08:46:53,EMP-0063,REG-01,PH-003,
RCT-0001859,TXN-0003953,RCP-00003953,Original,2026-06-03 09:24:55,EMP-0058,REG-05,PH-003,
RCT-0001860,TXN-0000017,RCP-00000017,Original,2026-06-03 09:27:25,EMP-0014,REG-03,PH-001,
RCT-0001861,TXN-0004513,RCP-00004513,Original,2026-06-03 09:43:26,EMP-0083,REG-03,PH-004,
RCT-0001862,TXN-0004826,RCP-00004826,Original,2026-06-03 09:46:39,EMP-0017,REG-05,PH-001,
RCT-0001863,TXN-0000130,RCP-00000130,Original,2026-06-03 10:06:04,EMP-0003,REG-03,PH-001,
RCT-0001864,TXN-0004195,RCP-00004195,Original,2026-06-03 10:40:39,EMP-0038,REG-03,PH-002,
RCT-0001865,TXN-0000168,RCP-00000168,Original,2026-06-03 10:56:23,EMP-0102,REG-01,PH-005,
RCT-0001866,TXN-0003848,RCP-00003848,Original,2026-06-03 11:26:49,EMP-0078,REG-03,PH-004,
RCT-0001867,TXN-0002425,RCP-00002425,Original,2026-06-03 11:44:37,EMP-0078,REG-04,PH-004,
RCT-0001868,TXN-0001675,RCP-00001675,Original,2026-06-03 11:53:54,EMP-0104,REG-03,PH-005,
RCT-0001869,TXN-0001747,RCP-00001747,Original,2026-06-03 12:31:05,EMP-0001,REG-06,PH-001,
RCT-0001870,TXN-0001001,RCP-00001001,Original,2026-06-03 12:43:10,EMP-0015,REG-02,PH-001,
RCT-0001871,TXN-0003292,RCP-00003292,Original,2026-06-03 12:53:45,EMP-0034,REG-01,PH-002,
RCT-0001872,TXN-0002213,RCP-00002213,Original,2026-06-03 13:00:31,EMP-0082,REG-06,PH-004,
RCT-0001873,TXN-0002144,RCP-00002144,Original,2026-06-03 13:07:12,EMP-0090,REG-01,PH-005,
RCT-0001874,TXN-0000696,RCP-00000696,Original,2026-06-03 13:41:24,EMP-0085,REG-04,PH-004,
RCT-0001875,TXN-0001078,RCP-00001078,Original,2026-06-03 13:54:05,EMP-0020,REG-05,PH-001,
RCT-0001876,TXN-0003296,RCP-00003296,Original,2026-06-03 13:58:29,EMP-0106,REG-02,PH-005,
RCT-0001877,TXN-0002146,RCP-00002146,Original,2026-06-03 14:16:17,EMP-0060,REG-01,PH-003,
RCT-0001878,TXN-0000709,RCP-00000709,Original,2026-06-03 14:47:53,EMP-0106,REG-04,PH-005,
RCT-0001879,TXN-0002940,RCP-00002940,Original,2026-06-03 14:52:33,EMP-0091,REG-05,PH-005,
RCT-0001880,TXN-0004105,RCP-00004105,Original,2026-06-03 15:10:14,EMP-0006,REG-01,PH-001,
RCT-0001881,TXN-0003825,RCP-00003825,Original,2026-06-03 15:58:04,EMP-0081,REG-01,PH-004,
RCT-0001882,TXN-0004355,RCP-00004355,Original,2026-06-03 16:10:29,EMP-0016,REG-01,PH-001,
RCT-0001883,TXN-0000569,RCP-00000569,Original,2026-06-03 16:15:26,EMP-0046,REG-06,PH-003,
RCT-0001884,TXN-0004237,RCP-00004237,Original,2026-06-03 16:20:12,EMP-0091,REG-02,PH-005,
RCT-0001885,TXN-0000444,RCP-00000444,Original,2026-06-03 16:32:47,EMP-0036,REG-02,PH-002,
RCT-0001886,TXN-0002956,RCP-00002956,Original,2026-06-03 16:36:09,EMP-0020,REG-05,PH-001,
RCT-0001887,TXN-0004408,RCP-00004408,Original,2026-06-03 16:57:02,EMP-0090,REG-02,PH-005,
RCT-0001888,TXN-0002305,RCP-00002305,Original,2026-06-03 17:21:44,EMP-0059,REG-05,PH-003,
RCT-0001889,TXN-0004227,RCP-00004227,Original,2026-06-03 17:36:52,EMP-0018,REG-06,PH-001,
RCT-0001890,TXN-0002640,RCP-00002640,Reprint,2026-06-03 17:56:31,EMP-0109,REG-01,PH-005,Lost receipt
RCT-0001891,TXN-0003445,RCP-00003445,Original,2026-06-03 17:59:55,EMP-0106,REG-05,PH-005,
RCT-0001892,TXN-0001576,RCP-00001576,Original,2026-06-03 18:12:30,EMP-0015,REG-04,PH-001,
RCT-0001893,TXN-0000249,RCP-00000249,Original,2026-06-03 18:13:08,EMP-0084,REG-03,PH-004,
RCT-0001894,TXN-0002107,RCP-00002107,Original,2026-06-03 18:16:58,EMP-0036,REG-06,PH-002,
RCT-0001895,TXN-0002456,RCP-00002456,Original,2026-06-03 18:33:31,EMP-0020,REG-05,PH-001,
RCT-0001896,TXN-0002889,RCP-00002889,Original,2026-06-03 19:01:43,EMP-0082,REG-02,PH-004,
RCT-0001897,TXN-0002371,RCP-00002371,Original,2026-06-03 19:06:05,EMP-0036,REG-02,PH-002,
RCT-0001898,TXN-0001265,RCP-00001265,Original,2026-06-03 19:10:02,EMP-0107,REG-05,PH-005,
RCT-0001899,TXN-0003030,RCP-00003030,Original,2026-06-03 19:17:15,EMP-0081,REG-01,PH-004,
RCT-0001900,TXN-0001091,RCP-00001091,Original,2026-06-03 20:01:02,EMP-0106,REG-06,PH-005,
RCT-0001901,TXN-0004773,RCP-00004773,Original,2026-06-03 20:09:50,EMP-0019,REG-02,PH-001,
RCT-0001902,TXN-0002758,RCP-00002758,Original,2026-06-03 20:11:05,EMP-0013,REG-02,PH-001,
RCT-0001903,TXN-0003534,RCP-00003534,Original,2026-06-03 20:22:33,EMP-0067,REG-01,PH-004,
RCT-0001904,TXN-0004540,RCP-00004540,Original,2026-06-03 20:26:33,EMP-0084,REG-02,PH-004,
RCT-0001905,TXN-0004065,RCP-00004065,Original,2026-06-03 20:26:53,EMP-0045,REG-04,PH-003,
RCT-0001906,TXN-0000171,RCP-00000171,Original,2026-06-03 20:27:42,EMP-0104,REG-06,PH-005,
RCT-0001907,TXN-0003149,RCP-00003149,Original,2026-06-03 20:49:46,EMP-0091,REG-03,PH-005,
RCT-0001908,TXN-0001365,RCP-00001365,Original,2026-06-03 20:55:52,EMP-0015,REG-05,PH-001,
RCT-0001909,TXN-0001622,RCP-00001622,Original,2026-06-03 21:02:38,EMP-0017,REG-06,PH-001,
RCT-0001910,TXN-0004079,RCP-00004079,Original,2026-06-03 21:23:08,EMP-0089,REG-01,PH-005,
RCT-0001911,TXN-0003375,RCP-00003375,Original,2026-06-03 21:39:17,EMP-0039,REG-03,PH-002,
RCT-0001912,TXN-0003024,RCP-00003024,Reprint,2026-06-03 22:22:58,EMP-0043,REG-05,PH-002,Lost receipt
RCT-0001913,TXN-0002682,RCP-00002682,Original,2026-06-04 08:08:24,EMP-0078,REG-06,PH-004,
RCT-0001914,TXN-0002071,RCP-00002071,Original,2026-06-04 08:32:30,EMP-0061,REG-05,PH-003,
RCT-0001915,TXN-0003900,RCP-00003900,Original,2026-06-04 08:34:42,EMP-0057,REG-01,PH-003,
RCT-0001916,TXN-0004649,RCP-00004649,Original,2026-06-04 08:40:58,EMP-0061,REG-05,PH-003,
RCT-0001917,TXN-0002239,RCP-00002239,Original,2026-06-04 09:01:27,EMP-0013,REG-02,PH-001,
RCT-0001918,TXN-0001532,RCP-00001532,Original,2026-06-04 09:06:40,EMP-0016,REG-01,PH-001,
RCT-0001919,TXN-0001916,RCP-00001916,Original,2026-06-04 09:22:50,EMP-0057,REG-01,PH-003,
RCT-0001920,TXN-0003794,RCP-00003794,Original,2026-06-04 09:43:56,EMP-0023,REG-04,PH-002,
RCT-0001921,TXN-0002471,RCP-00002471,Original,2026-06-04 09:47:28,EMP-0014,REG-03,PH-001,
RCT-0001922,TXN-0004015,RCP-00004015,Original,2026-06-04 09:51:40,EMP-0108,REG-06,PH-005,
RCT-0001923,TXN-0000255,RCP-00000255,Original,2026-06-04 10:01:32,EMP-0107,REG-06,PH-005,
RCT-0001924,TXN-0002487,RCP-00002487,Original,2026-06-04 10:17:15,EMP-0057,REG-06,PH-003,
RCT-0001925,TXN-0003518,RCP-00003518,Original,2026-06-04 10:26:04,EMP-0100,REG-03,PH-005,
RCT-0001926,TXN-0000362,RCP-00000362,Original,2026-06-04 10:31:49,EMP-0067,REG-03,PH-004,
RCT-0001927,TXN-0002001,RCP-00002001,Original,2026-06-04 10:46:09,EMP-0091,REG-04,PH-005,
RCT-0001928,TXN-0002755,RCP-00002755,Original,2026-06-04 11:17:42,EMP-0078,REG-03,PH-004,
RCT-0001929,TXN-0000413,RCP-00000413,Original,2026-06-04 11:19:09,EMP-0036,REG-04,PH-002,
RCT-0001930,TXN-0002839,RCP-00002839,Original,2026-06-04 11:20:51,EMP-0086,REG-01,PH-004,
RCT-0001931,TXN-0001072,RCP-00001072,Original,2026-06-04 11:22:00,EMP-0103,REG-05,PH-005,
RCT-0001932,TXN-0004163,RCP-00004163,Original,2026-06-04 11:40:11,EMP-0060,REG-02,PH-003,
RCT-0001933,TXN-0000341,RCP-00000341,Original,2026-06-04 11:44:37,EMP-0035,REG-04,PH-002,
RCT-0001934,TXN-0001011,RCP-00001011,Original,2026-06-04 11:51:32,EMP-0080,REG-04,PH-004,
RCT-0001935,TXN-0002055,RCP-00002055,Original,2026-06-04 12:15:04,EMP-0014,REG-04,PH-001,
RCT-0001936,TXN-0001581,RCP-00001581,Original,2026-06-04 12:21:37,EMP-0079,REG-03,PH-004,
RCT-0001937,TXN-0003888,RCP-00003888,Original,2026-06-04 12:34:24,EMP-0035,REG-05,PH-002,
RCT-0001938,TXN-0003472,RCP-00003472,Original,2026-06-04 12:41:49,EMP-0063,REG-02,PH-003,
RCT-0001939,TXN-0003974,RCP-00003974,Original,2026-06-04 12:50:43,EMP-0015,REG-01,PH-001,
RCT-0001940,TXN-0000200,RCP-00000200,Original,2026-06-04 12:54:37,EMP-0025,REG-03,PH-002,
RCT-0001941,TXN-0004512,RCP-00004512,Original,2026-06-04 12:58:41,EMP-0059,REG-01,PH-003,
RCT-0001942,TXN-0004906,RCP-00004906,Original,2026-06-04 13:29:20,EMP-0069,REG-05,PH-004,
RCT-0001943,TXN-0001464,RCP-00001464,Original,2026-06-04 14:00:02,EMP-0081,REG-02,PH-004,
RCT-0001944,TXN-0001694,RCP-00001694,Original,2026-06-04 14:20:21,EMP-0045,REG-01,PH-003,
RCT-0001945,TXN-0000829,RCP-00000829,Original,2026-06-04 14:22:11,EMP-0056,REG-02,PH-003,
RCT-0001946,TXN-0004671,RCP-00004671,Original,2026-06-04 14:26:08,EMP-0025,REG-03,PH-002,
RCT-0001947,TXN-0001544,RCP-00001544,Original,2026-06-04 14:30:54,EMP-0083,REG-06,PH-004,
RCT-0001948,TXN-0002017,RCP-00002017,Original,2026-06-04 14:30:55,EMP-0079,REG-06,PH-004,
RCT-0001949,TXN-0001221,RCP-00001221,Original,2026-06-04 14:31:08,EMP-0024,REG-03,PH-002,
RCT-0001950,TXN-0003764,RCP-00003764,Original,2026-06-04 14:42:34,EMP-0024,REG-02,PH-002,
RCT-0001951,TXN-0003247,RCP-00003247,Original,2026-06-04 14:43:40,EMP-0100,REG-03,PH-005,
RCT-0001952,TXN-0001269,RCP-00001269,Original,2026-06-04 14:53:18,EMP-0001,REG-04,PH-001,
RCT-0001953,TXN-0003083,RCP-00003083,Original,2026-06-04 14:53:55,EMP-0063,REG-02,PH-003,
RCT-0001954,TXN-0000186,RCP-00000186,Original,2026-06-04 14:55:02,EMP-0069,REG-01,PH-004,
RCT-0001955,TXN-0001151,RCP-00001151,Original,2026-06-04 14:55:59,EMP-0056,REG-06,PH-003,
RCT-0001956,TXN-0001349,RCP-00001349,Original,2026-06-04 15:07:52,EMP-0015,REG-02,PH-001,
RCT-0001957,TXN-0002899,RCP-00002899,Original,2026-06-04 15:13:03,EMP-0080,REG-04,PH-004,
RCT-0001958,TXN-0004250,RCP-00004250,Original,2026-06-04 15:21:46,EMP-0018,REG-05,PH-001,
RCT-0001959,TXN-0000410,RCP-00000410,Original,2026-06-04 15:51:47,EMP-0107,REG-03,PH-005,
RCT-0001960,TXN-0002942,RCP-00002942,Original,2026-06-04 15:53:02,EMP-0101,REG-01,PH-005,
RCT-0001961,TXN-0002141,RCP-00002141,Original,2026-06-04 15:55:13,EMP-0045,REG-04,PH-003,
RCT-0001962,TXN-0000882,RCP-00000882,Reprint,2026-06-04 16:06:39,EMP-0011,REG-03,PH-001,Duplicate for insurance
RCT-0001963,TXN-0002767,RCP-00002767,Original,2026-06-04 16:07:51,EMP-0060,REG-02,PH-003,
RCT-0001964,TXN-0000480,RCP-00000480,Original,2026-06-04 17:07:20,EMP-0090,REG-02,PH-005,
RCT-0001965,TXN-0004438,RCP-00004438,Original,2026-06-04 17:17:53,EMP-0090,REG-03,PH-005,
RCT-0001966,TXN-0000523,RCP-00000523,Original,2026-06-04 17:26:33,EMP-0086,REG-03,PH-004,
RCT-0001967,TXN-0000523,RCP-00000523,Gift Receipt,2026-06-04 17:27:33,EMP-0086,REG-03,PH-004,
RCT-0001968,TXN-0002120,RCP-00002120,Original,2026-06-04 17:54:37,EMP-0062,REG-05,PH-003,
RCT-0001969,TXN-0000633,RCP-00000633,Original,2026-06-04 17:59:19,EMP-0024,REG-04,PH-002,
RCT-0001970,TXN-0004441,RCP-00004441,Original,2026-06-04 17:59:35,EMP-0024,REG-04,PH-002,
RCT-0001971,TXN-0001997,RCP-00001997,Original,2026-06-04 18:00:11,EMP-0081,REG-01,PH-004,
RCT-0001972,TXN-0003402,RCP-00003402,Reprint,2026-06-04 18:35:57,EMP-0084,REG-06,PH-004,Printer jam
RCT-0001973,TXN-0004988,RCP-00004988,Original,2026-06-04 18:45:51,EMP-0062,REG-01,PH-003,
RCT-0001974,TXN-0000361,RCP-00000361,Original,2026-06-04 18:46:37,EMP-0023,REG-04,PH-002,
RCT-0001975,TXN-0002259,RCP-00002259,Original,2026-06-04 18:56:31,EMP-0069,REG-06,PH-004,
RCT-0001976,TXN-0003071,RCP-00003071,Original,2026-06-04 18:58:55,EMP-0057,REG-04,PH-003,
RCT-0001977,TXN-0001169,RCP-00001169,Original,2026-06-04 18:59:50,EMP-0058,REG-02,PH-003,
RCT-0001978,TXN-0003580,RCP-00003580,Original,2026-06-04 19:30:02,EMP-0019,REG-06,PH-001,
RCT-0001979,TXN-0000259,RCP-00000259,Original,2026-06-04 19:57:47,EMP-0105,REG-06,PH-005,
RCT-0001980,TXN-0001289,RCP-00001289,Original,2026-06-04 20:19:43,EMP-0020,REG-03,PH-001,
RCT-0001981,TXN-0001036,RCP-00001036,Original,2026-06-04 20:26:10,EMP-0018,REG-06,PH-001,
RCT-0001982,TXN-0001179,RCP-00001179,Original,2026-06-04 20:37:50,EMP-0042,REG-06,PH-002,
RCT-0001983,TXN-0003326,RCP-00003326,Original,2026-06-04 21:00:15,EMP-0037,REG-02,PH-002,
RCT-0001984,TXN-0003326,RCP-00003326,Gift Receipt,2026-06-04 21:01:15,EMP-0037,REG-02,PH-002,
RCT-0001985,TXN-0002952,RCP-00002952,Original,2026-06-04 21:44:58,EMP-0060,REG-06,PH-003,
RCT-0001986,TXN-0004552,RCP-00004552,Original,2026-06-04 21:52:13,EMP-0001,REG-04,PH-001,
RCT-0001987,TXN-0003745,RCP-00003745,Reprint,2026-06-04 21:54:29,EMP-0054,REG-02,PH-003,Customer request
RCT-0001988,TXN-0003223,RCP-00003223,Original,2026-06-05 08:27:13,EMP-0103,REG-02,PH-005,
RCT-0001989,TXN-0004854,RCP-00004854,Original,2026-06-05 08:27:20,EMP-0045,REG-06,PH-003,
RCT-0001990,TXN-0004769,RCP-00004769,Original,2026-06-05 08:31:36,EMP-0063,REG-01,PH-003,
RCT-0001991,TXN-0002170,RCP-00002170,Original,2026-06-05 08:52:34,EMP-0063,REG-04,PH-003,
RCT-0001992,TXN-0001495,RCP-00001495,Original,2026-06-05 08:53:39,EMP-0067,REG-04,PH-004,
RCT-0001993,TXN-0003200,RCP-00003200,Original,2026-06-05 09:22:35,EMP-0079,REG-02,PH-004,
RCT-0001994,TXN-0000525,RCP-00000525,Original,2026-06-05 09:33:46,EMP-0002,REG-01,PH-001,
RCT-0001995,TXN-0000493,RCP-00000493,Original,2026-06-05 09:34:44,EMP-0081,REG-05,PH-004,
RCT-0001996,TXN-0002949,RCP-00002949,Original,2026-06-05 09:49:47,EMP-0080,REG-01,PH-004,
RCT-0001997,TXN-0004460,RCP-00004460,Original,2026-06-05 09:59:02,EMP-0002,REG-02,PH-001,
RCT-0001998,TXN-0004205,RCP-00004205,Original,2026-06-05 10:38:29,EMP-0082,REG-02,PH-004,
RCT-0001999,TXN-0001714,RCP-00001714,Original,2026-06-05 10:53:31,EMP-0003,REG-02,PH-001,
RCT-0002000,TXN-0001611,RCP-00001611,Original,2026-06-05 11:05:45,EMP-0086,REG-02,PH-004,
RCT-0002001,TXN-0002655,RCP-00002655,Reprint,2026-06-05 11:39:28,EMP-0035,REG-02,PH-002,Lost receipt
RCT-0002002,TXN-0003558,RCP-00003558,Reprint,2026-06-05 11:42:19,EMP-0088,REG-02,PH-004,Customer request
RCT-0002003,TXN-0001743,RCP-00001743,Original,2026-06-05 12:18:46,EMP-0108,REG-04,PH-005,
RCT-0002004,TXN-0002274,RCP-00002274,Original,2026-06-05 12:45:10,EMP-0038,REG-02,PH-002,
RCT-0002005,TXN-0003405,RCP-00003405,Original,2026-06-05 13:14:28,EMP-0018,REG-04,PH-001,
RCT-0002006,TXN-0004001,RCP-00004001,Original,2026-06-05 13:31:35,EMP-0063,REG-03,PH-003,
RCT-0002007,TXN-0002450,RCP-00002450,Original,2026-06-05 14:06:52,EMP-0040,REG-05,PH-002,
RCT-0002008,TXN-0002450,RCP-00002450,Gift Receipt,2026-06-05 14:07:52,EMP-0040,REG-05,PH-002,
RCT-0002009,TXN-0004733,RCP-00004733,Original,2026-06-05 14:23:20,EMP-0018,REG-04,PH-001,
RCT-0002010,TXN-0003997,RCP-00003997,Original,2026-06-05 14:30:10,EMP-0037,REG-06,PH-002,
RCT-0002011,TXN-0003225,RCP-00003225,Original,2026-06-05 15:03:39,EMP-0046,REG-02,PH-003,
RCT-0002012,TXN-0003489,RCP-00003489,Original,2026-06-05 15:15:56,EMP-0046,REG-06,PH-003,
RCT-0002013,TXN-0001689,RCP-00001689,Original,2026-06-05 15:28:50,EMP-0036,REG-06,PH-002,
RCT-0002014,TXN-0002716,RCP-00002716,Original,2026-06-05 16:25:28,EMP-0091,REG-06,PH-005,
RCT-0002015,TXN-0002338,RCP-00002338,Original,2026-06-05 16:32:05,EMP-0024,REG-02,PH-002,
RCT-0002016,TXN-0001757,RCP-00001757,Original,2026-06-05 17:01:55,EMP-0061,REG-01,PH-003,
RCT-0002017,TXN-0001761,RCP-00001761,Original,2026-06-05 17:04:30,EMP-0089,REG-03,PH-005,
RCT-0002018,TXN-0003189,RCP-00003189,Reprint,2026-06-05 18:05:56,EMP-0033,REG-03,PH-002,Printer jam
RCT-0002019,TXN-0002681,RCP-00002681,Original,2026-06-05 18:09:07,EMP-0046,REG-03,PH-003,
RCT-0002020,TXN-0004979,RCP-00004979,Original,2026-06-05 18:11:02,EMP-0100,REG-01,PH-005,
RCT-0002021,TXN-0004746,RCP-00004746,Original,2026-06-05 18:20:38,EMP-0038,REG-05,PH-002,
RCT-0002022,TXN-0000117,RCP-00000117,Original,2026-06-05 19:40:05,EMP-0108,REG-02,PH-005,
RCT-0002023,TXN-0004825,RCP-00004825,Original,2026-06-05 20:05:50,EMP-0089,REG-03,PH-005,
RCT-0002024,TXN-0004978,RCP-00004978,Original,2026-06-05 20:10:16,EMP-0045,REG-02,PH-003,
RCT-0002025,TXN-0001242,RCP-00001242,Original,2026-06-05 20:33:24,EMP-0081,REG-02,PH-004,
RCT-0002026,TXN-0003455,RCP-00003455,Original,2026-06-05 20:41:32,EMP-0001,REG-06,PH-001,
RCT-0002027,TXN-0003599,RCP-00003599,Original,2026-06-05 20:47:21,EMP-0018,REG-01,PH-001,
RCT-0002028,TXN-0000135,RCP-00000135,Original,2026-06-05 21:04:21,EMP-0020,REG-02,PH-001,
RCT-0002029,TXN-0003137,RCP-00003137,Reprint,2026-06-05 21:42:48,EMP-0010,REG-02,PH-001,Lost receipt
RCT-0002030,TXN-0000261,RCP-00000261,Reprint,2026-06-06 08:06:25,EMP-0036,REG-01,PH-002,Lost receipt
RCT-0002031,TXN-0004474,RCP-00004474,Original,2026-06-06 08:21:45,EMP-0101,REG-03,PH-005,
RCT-0002032,TXN-0001774,RCP-00001774,Original,2026-06-06 08:42:03,EMP-0084,REG-01,PH-004,
RCT-0002033,TXN-0004361,RCP-00004361,Original,2026-06-06 08:57:45,EMP-0063,REG-04,PH-003,
RCT-0002034,TXN-0002962,RCP-00002962,Original,2026-06-06 09:05:39,EMP-0064,REG-05,PH-003,
RCT-0002035,TXN-0003340,RCP-00003340,Original,2026-06-06 09:12:43,EMP-0101,REG-06,PH-005,
RCT-0002036,TXN-0002941,RCP-00002941,Original,2026-06-06 09:17:14,EMP-0079,REG-05,PH-004,
RCT-0002037,TXN-0001725,RCP-00001725,Original,2026-06-06 09:24:04,EMP-0082,REG-03,PH-004,
RCT-0002038,TXN-0000015,RCP-00000015,Original,2026-06-06 09:26:13,EMP-0045,REG-05,PH-003,
RCT-0002039,TXN-0002922,RCP-00002922,Original,2026-06-06 09:32:34,EMP-0064,REG-04,PH-003,
RCT-0002040,TXN-0000012,RCP-00000012,Original,2026-06-06 09:42:16,EMP-0102,REG-05,PH-005,
RCT-0002041,TXN-0003244,RCP-00003244,Original,2026-06-06 10:13:58,EMP-0081,REG-02,PH-004,
RCT-0002042,TXN-0002224,RCP-00002224,Original,2026-06-06 10:19:46,EMP-0041,REG-01,PH-002,
RCT-0002043,TXN-0001707,RCP-00001707,Original,2026-06-06 10:23:49,EMP-0038,REG-05,PH-002,
RCT-0002044,TXN-0002263,RCP-00002263,Original,2026-06-06 10:41:14,EMP-0105,REG-04,PH-005,
RCT-0002045,TXN-0003267,RCP-00003267,Original,2026-06-06 10:46:48,EMP-0080,REG-02,PH-004,
RCT-0002046,TXN-0002997,RCP-00002997,Original,2026-06-06 10:52:01,EMP-0058,REG-06,PH-003,
RCT-0002047,TXN-0001967,RCP-00001967,Original,2026-06-06 11:10:54,EMP-0064,REG-02,PH-003,
RCT-0002048,TXN-0000197,RCP-00000197,Original,2026-06-06 11:16:21,EMP-0080,REG-06,PH-004,
RCT-0002049,TXN-0003793,RCP-00003793,Original,2026-06-06 11:46:22,EMP-0085,REG-06,PH-004,
RCT-0002050,TXN-0000768,RCP-00000768,Original,2026-06-06 12:19:01,EMP-0020,REG-01,PH-001,
RCT-0002051,TXN-0002847,RCP-00002847,Original,2026-06-06 12:21:54,EMP-0037,REG-03,PH-002,
RCT-0002052,TXN-0000477,RCP-00000477,Original,2026-06-06 13:30:27,EMP-0046,REG-05,PH-003,
RCT-0002053,TXN-0003139,RCP-00003139,Original,2026-06-06 14:47:46,EMP-0037,REG-05,PH-002,
RCT-0002054,TXN-0004930,RCP-00004930,Original,2026-06-06 14:53:56,EMP-0047,REG-06,PH-003,
RCT-0002055,TXN-0004041,RCP-00004041,Original,2026-06-06 14:57:46,EMP-0108,REG-05,PH-005,
RCT-0002056,TXN-0001155,RCP-00001155,Original,2026-06-06 14:59:56,EMP-0046,REG-04,PH-003,
RCT-0002057,TXN-0002810,RCP-00002810,Original,2026-06-06 15:07:52,EMP-0068,REG-02,PH-004,
RCT-0002058,TXN-0004963,RCP-00004963,Original,2026-06-06 15:17:51,EMP-0023,REG-01,PH-002,
RCT-0002059,TXN-0004938,RCP-00004938,Original,2026-06-06 15:20:52,EMP-0006,REG-04,PH-001,
RCT-0002060,TXN-0002837,RCP-00002837,Original,2026-06-06 15:30:00,EMP-0101,REG-06,PH-005,
RCT-0002061,TXN-0001834,RCP-00001834,Original,2026-06-06 15:43:51,EMP-0001,REG-03,PH-001,
RCT-0002062,TXN-0004744,RCP-00004744,Original,2026-06-06 16:08:43,EMP-0018,REG-05,PH-001,
RCT-0002063,TXN-0004063,RCP-00004063,Original,2026-06-06 16:34:56,EMP-0015,REG-06,PH-001,
RCT-0002064,TXN-0001930,RCP-00001930,Original,2026-06-06 16:47:56,EMP-0012,REG-02,PH-001,
RCT-0002065,TXN-0003729,RCP-00003729,Original,2026-06-06 17:01:11,EMP-0100,REG-02,PH-005,
RCT-0002066,TXN-0000982,RCP-00000982,Original,2026-06-06 17:07:22,EMP-0106,REG-03,PH-005,
RCT-0002067,TXN-0004072,RCP-00004072,Original,2026-06-06 17:08:24,EMP-0080,REG-06,PH-004,
RCT-0002068,TXN-0004090,RCP-00004090,Original,2026-06-06 17:29:11,EMP-0101,REG-02,PH-005,
RCT-0002069,TXN-0004431,RCP-00004431,Original,2026-06-06 17:45:04,EMP-0081,REG-03,PH-004,
RCT-0002070,TXN-0001639,RCP-00001639,Original,2026-06-06 17:47:39,EMP-0078,REG-04,PH-004,
RCT-0002071,TXN-0002996,RCP-00002996,Original,2026-06-06 17:52:13,EMP-0101,REG-01,PH-005,
RCT-0002072,TXN-0002090,RCP-00002090,Original,2026-06-06 17:53:50,EMP-0105,REG-06,PH-005,
RCT-0002073,TXN-0003336,RCP-00003336,Original,2026-06-06 18:00:19,EMP-0068,REG-02,PH-004,
RCT-0002074,TXN-0001630,RCP-00001630,Original,2026-06-06 18:04:38,EMP-0042,REG-02,PH-002,
RCT-0002075,TXN-0001298,RCP-00001298,Original,2026-06-06 18:20:03,EMP-0039,REG-01,PH-002,
RCT-0002076,TXN-0003856,RCP-00003856,Original,2026-06-06 18:24:35,EMP-0020,REG-06,PH-001,
RCT-0002077,TXN-0000064,RCP-00000064,Original,2026-06-06 18:44:17,EMP-0024,REG-01,PH-002,
RCT-0002078,TXN-0003177,RCP-00003177,Original,2026-06-06 18:50:37,EMP-0006,REG-06,PH-001,
RCT-0002079,TXN-0004121,RCP-00004121,Original,2026-06-06 19:01:48,EMP-0061,REG-01,PH-003,
RCT-0002080,TXN-0002422,RCP-00002422,Original,2026-06-06 19:02:23,EMP-0107,REG-05,PH-005,
RCT-0002081,TXN-0002664,RCP-00002664,Original,2026-06-06 19:07:17,EMP-0036,REG-06,PH-002,
RCT-0002082,TXN-0004740,RCP-00004740,Original,2026-06-06 19:07:38,EMP-0045,REG-02,PH-003,
RCT-0002083,TXN-0002335,RCP-00002335,Original,2026-06-06 19:22:05,EMP-0069,REG-06,PH-004,
RCT-0002084,TXN-0004543,RCP-00004543,Original,2026-06-06 19:37:15,EMP-0067,REG-03,PH-004,
RCT-0002085,TXN-0004862,RCP-00004862,Original,2026-06-06 19:54:38,EMP-0045,REG-05,PH-003,
RCT-0002086,TXN-0004103,RCP-00004103,Original,2026-06-06 19:56:54,EMP-0006,REG-01,PH-001,
RCT-0002087,TXN-0003328,RCP-00003328,Original,2026-06-06 20:00:04,EMP-0063,REG-01,PH-003,
RCT-0002088,TXN-0004437,RCP-00004437,Original,2026-06-06 20:02:37,EMP-0038,REG-01,PH-002,
RCT-0002089,TXN-0000962,RCP-00000962,Original,2026-06-06 20:04:50,EMP-0060,REG-02,PH-003,
RCT-0002090,TXN-0002892,RCP-00002892,Original,2026-06-06 20:31:20,EMP-0079,REG-02,PH-004,
RCT-0002091,TXN-0001786,RCP-00001786,Original,2026-06-06 20:33:38,EMP-0060,REG-03,PH-003,
RCT-0002092,TXN-0001880,RCP-00001880,Original,2026-06-06 20:44:45,EMP-0105,REG-05,PH-005,
RCT-0002093,TXN-0000998,RCP-00000998,Original,2026-06-06 20:45:01,EMP-0101,REG-06,PH-005,
RCT-0002094,TXN-0004688,RCP-00004688,Original,2026-06-06 21:39:07,EMP-0036,REG-05,PH-002,
RCT-0002095,TXN-0000043,RCP-00000043,Reprint,2026-06-07 01:53:35,EMP-0021,REG-05,PH-001,Customer request
RCT-0002096,TXN-0001530,RCP-00001530,Reprint,2026-06-07 03:43:36,EMP-0001,REG-05,PH-001,Printer jam
RCT-0002097,TXN-0000494,RCP-00000494,Original,2026-06-07 08:01:24,EMP-0103,REG-01,PH-005,
RCT-0002098,TXN-0003736,RCP-00003736,Original,2026-06-07 08:26:51,EMP-0014,REG-04,PH-001,
RCT-0002099,TXN-0000542,RCP-00000542,Original,2026-06-07 09:32:15,EMP-0045,REG-05,PH-003,
RCT-0002100,TXN-0000326,RCP-00000326,Original,2026-06-07 09:36:49,EMP-0080,REG-02,PH-004,
RCT-0002101,TXN-0004363,RCP-00004363,Original,2026-06-07 09:39:18,EMP-0045,REG-01,PH-003,
RCT-0002102,TXN-0003588,RCP-00003588,Original,2026-06-07 09:54:04,EMP-0068,REG-03,PH-004,
RCT-0002103,TXN-0002615,RCP-00002615,Original,2026-06-07 10:07:30,EMP-0006,REG-03,PH-001,
RCT-0002104,TXN-0002615,RCP-00002615,Gift Receipt,2026-06-07 10:08:30,EMP-0006,REG-03,PH-001,
RCT-0002105,TXN-0000499,RCP-00000499,Original,2026-06-07 10:18:30,EMP-0062,REG-01,PH-003,
RCT-0002106,TXN-0000201,RCP-00000201,Original,2026-06-07 10:20:53,EMP-0036,REG-02,PH-002,
RCT-0002107,TXN-0004882,RCP-00004882,Original,2026-06-07 10:23:59,EMP-0037,REG-03,PH-002,
RCT-0002108,TXN-0001420,RCP-00001420,Original,2026-06-07 10:39:52,EMP-0107,REG-04,PH-005,
RCT-0002109,TXN-0003696,RCP-00003696,Original,2026-06-07 10:55:04,EMP-0102,REG-01,PH-005,
RCT-0002110,TXN-0003016,RCP-00003016,Original,2026-06-07 12:06:36,EMP-0086,REG-03,PH-004,
RCT-0002111,TXN-0001170,RCP-00001170,Original,2026-06-07 12:31:16,EMP-0062,REG-03,PH-003,
RCT-0002112,TXN-0000924,RCP-00000924,Original,2026-06-07 12:43:43,EMP-0091,REG-05,PH-005,
RCT-0002113,TXN-0003098,RCP-00003098,Original,2026-06-07 12:50:15,EMP-0063,REG-04,PH-003,
RCT-0002114,TXN-0000296,RCP-00000296,Original,2026-06-07 13:01:27,EMP-0002,REG-05,PH-001,
RCT-0002115,TXN-0003113,RCP-00003113,Original,2026-06-07 13:18:09,EMP-0047,REG-05,PH-003,
RCT-0002116,TXN-0003732,RCP-00003732,Original,2026-06-07 14:11:21,EMP-0084,REG-05,PH-004,
RCT-0002117,TXN-0003400,RCP-00003400,Original,2026-06-07 14:42:34,EMP-0046,REG-04,PH-003,
RCT-0002118,TXN-0001287,RCP-00001287,Original,2026-06-07 15:00:59,EMP-0060,REG-03,PH-003,
RCT-0002119,TXN-0000566,RCP-00000566,Original,2026-06-07 15:03:05,EMP-0057,REG-04,PH-003,
RCT-0002120,TXN-0000598,RCP-00000598,Reprint,2026-06-07 15:10:36,EMP-0023,REG-02,PH-002,Duplicate for insurance
RCT-0002121,TXN-0004058,RCP-00004058,Original,2026-06-07 15:19:44,EMP-0061,REG-05,PH-003,
RCT-0002122,TXN-0003126,RCP-00003126,Original,2026-06-07 16:02:06,EMP-0107,REG-05,PH-005,
RCT-0002123,TXN-0000902,RCP-00000902,Original,2026-06-07 16:16:08,EMP-0001,REG-06,PH-001,
RCT-0002124,TXN-0000906,RCP-00000906,Original,2026-06-07 16:18:02,EMP-0036,REG-02,PH-002,
RCT-0002125,TXN-0002164,RCP-00002164,Original,2026-06-07 16:50:23,EMP-0090,REG-04,PH-005,
RCT-0002126,TXN-0000275,RCP-00000275,Original,2026-06-07 17:49:54,EMP-0069,REG-04,PH-004,
RCT-0002127,TXN-0002576,RCP-00002576,Original,2026-06-07 17:52:42,EMP-0006,REG-06,PH-001,
RCT-0002128,TXN-0000866,RCP-00000866,Original,2026-06-07 17:59:51,EMP-0059,REG-06,PH-003,
RCT-0002129,TXN-0002128,RCP-00002128,Original,2026-06-07 18:12:54,EMP-0105,REG-03,PH-005,
RCT-0002130,TXN-0003491,RCP-00003491,Original,2026-06-07 18:20:11,EMP-0016,REG-04,PH-001,
RCT-0002131,TXN-0000311,RCP-00000311,Original,2026-06-07 18:47:21,EMP-0017,REG-03,PH-001,
RCT-0002132,TXN-0000972,RCP-00000972,Original,2026-06-07 19:04:30,EMP-0024,REG-04,PH-002,
RCT-0002133,TXN-0000490,RCP-00000490,Original,2026-06-07 19:15:50,EMP-0063,REG-02,PH-003,
RCT-0002134,TXN-0003678,RCP-00003678,Original,2026-06-07 19:16:27,EMP-0037,REG-02,PH-002,
RCT-0002135,TXN-0001275,RCP-00001275,Original,2026-06-07 19:22:27,EMP-0081,REG-03,PH-004,
RCT-0002136,TXN-0002095,RCP-00002095,Original,2026-06-07 19:28:27,EMP-0037,REG-01,PH-002,
RCT-0002137,TXN-0001488,RCP-00001488,Original,2026-06-07 19:30:44,EMP-0100,REG-06,PH-005,
RCT-0002138,TXN-0003312,RCP-00003312,Original,2026-06-07 19:31:24,EMP-0003,REG-03,PH-001,
RCT-0002139,TXN-0000048,RCP-00000048,Original,2026-06-07 19:34:38,EMP-0037,REG-05,PH-002,
RCT-0002140,TXN-0002976,RCP-00002976,Original,2026-06-07 19:36:02,EMP-0082,REG-04,PH-004,
RCT-0002141,TXN-0000345,RCP-00000345,Original,2026-06-07 19:50:26,EMP-0019,REG-03,PH-001,
RCT-0002142,TXN-0001980,RCP-00001980,Original,2026-06-07 20:04:38,EMP-0081,REG-02,PH-004,
RCT-0002143,TXN-0001817,RCP-00001817,Original,2026-06-07 20:10:40,EMP-0083,REG-01,PH-004,
RCT-0002144,TXN-0002173,RCP-00002173,Original,2026-06-07 20:11:11,EMP-0059,REG-01,PH-003,
RCT-0002145,TXN-0002019,RCP-00002019,Original,2026-06-07 20:12:02,EMP-0024,REG-01,PH-002,
RCT-0002146,TXN-0003602,RCP-00003602,Original,2026-06-07 20:16:10,EMP-0067,REG-03,PH-004,
RCT-0002147,TXN-0004446,RCP-00004446,Original,2026-06-07 20:43:49,EMP-0081,REG-02,PH-004,
RCT-0002148,TXN-0000381,RCP-00000381,Original,2026-06-07 21:23:18,EMP-0106,REG-04,PH-005,
RCT-0002149,TXN-0001803,RCP-00001803,Original,2026-06-07 21:44:29,EMP-0041,REG-04,PH-002,
RCT-0002150,TXN-0001988,RCP-00001988,Original,2026-06-07 21:56:45,EMP-0078,REG-06,PH-004,
RCT-0002151,TXN-0002659,RCP-00002659,Original,2026-06-07 21:59:48,EMP-0089,REG-04,PH-005,
RCT-0002152,TXN-0002432,RCP-00002432,Reprint,2026-06-08 05:56:11,EMP-0105,REG-05,PH-005,Lost receipt
RCT-0002153,TXN-0004436,RCP-00004436,Original,2026-06-08 08:01:01,EMP-0020,REG-01,PH-001,
RCT-0002154,TXN-0003451,RCP-00003451,Original,2026-06-08 08:12:32,EMP-0080,REG-03,PH-004,
RCT-0002155,TXN-0002924,RCP-00002924,Original,2026-06-08 08:13:34,EMP-0035,REG-06,PH-002,
RCT-0002156,TXN-0001017,RCP-00001017,Original,2026-06-08 08:34:49,EMP-0018,REG-04,PH-001,
RCT-0002157,TXN-0000093,RCP-00000093,Original,2026-06-08 08:54:12,EMP-0018,REG-05,PH-001,
RCT-0002158,TXN-0000572,RCP-00000572,Original,2026-06-08 08:56:56,EMP-0058,REG-01,PH-003,
RCT-0002159,TXN-0002588,RCP-00002588,Original,2026-06-08 09:17:10,EMP-0063,REG-06,PH-003,
RCT-0002160,TXN-0002765,RCP-00002765,Original,2026-06-08 09:47:38,EMP-0015,REG-02,PH-001,
RCT-0002161,TXN-0003513,RCP-00003513,Original,2026-06-08 10:13:14,EMP-0085,REG-05,PH-004,
RCT-0002162,TXN-0002970,RCP-00002970,Reprint,2026-06-08 10:23:35,EMP-0058,REG-02,PH-003,Customer request
RCT-0002163,TXN-0002201,RCP-00002201,Original,2026-06-08 10:38:22,EMP-0047,REG-02,PH-003,
RCT-0002164,TXN-0004505,RCP-00004505,Original,2026-06-08 10:40:29,EMP-0002,REG-02,PH-001,
RCT-0002165,TXN-0002957,RCP-00002957,Original,2026-06-08 10:57:08,EMP-0079,REG-05,PH-004,
RCT-0002166,TXN-0001542,RCP-00001542,Original,2026-06-08 11:31:45,EMP-0036,REG-03,PH-002,
RCT-0002167,TXN-0004954,RCP-00004954,Original,2026-06-08 11:37:38,EMP-0106,REG-03,PH-005,
RCT-0002168,TXN-0003127,RCP-00003127,Original,2026-06-08 11:50:08,EMP-0062,REG-06,PH-003,
RCT-0002169,TXN-0003145,RCP-00003145,Original,2026-06-08 12:06:43,EMP-0006,REG-05,PH-001,
RCT-0002170,TXN-0001810,RCP-00001810,Original,2026-06-08 12:58:13,EMP-0047,REG-02,PH-003,
RCT-0002171,TXN-0001206,RCP-00001206,Original,2026-06-08 13:08:54,EMP-0039,REG-06,PH-002,
RCT-0002172,TXN-0003009,RCP-00003009,Original,2026-06-08 13:41:51,EMP-0100,REG-03,PH-005,
RCT-0002173,TXN-0002290,RCP-00002290,Original,2026-06-08 13:52:28,EMP-0107,REG-03,PH-005,
RCT-0002174,TXN-0003446,RCP-00003446,Original,2026-06-08 14:18:24,EMP-0063,REG-01,PH-003,
RCT-0002175,TXN-0000811,RCP-00000811,Original,2026-06-08 14:19:57,EMP-0081,REG-02,PH-004,
RCT-0002176,TXN-0002555,RCP-00002555,Original,2026-06-08 14:32:38,EMP-0083,REG-03,PH-004,
RCT-0002177,TXN-0000274,RCP-00000274,Original,2026-06-08 14:39:19,EMP-0086,REG-02,PH-004,
RCT-0002178,TXN-0004916,RCP-00004916,Original,2026-06-08 15:11:14,EMP-0038,REG-05,PH-002,
RCT-0002179,TXN-0002035,RCP-00002035,Original,2026-06-08 15:19:52,EMP-0012,REG-02,PH-001,
RCT-0002180,TXN-0001191,RCP-00001191,Original,2026-06-08 15:52:16,EMP-0084,REG-03,PH-004,
RCT-0002181,TXN-0003743,RCP-00003743,Original,2026-06-08 15:54:42,EMP-0060,REG-02,PH-003,
RCT-0002182,TXN-0000343,RCP-00000343,Original,2026-06-08 16:00:56,EMP-0063,REG-06,PH-003,
RCT-0002183,TXN-0000178,RCP-00000178,Original,2026-06-08 16:29:42,EMP-0046,REG-05,PH-003,
RCT-0002184,TXN-0002539,RCP-00002539,Original,2026-06-08 16:53:50,EMP-0056,REG-04,PH-003,
RCT-0002185,TXN-0003422,RCP-00003422,Reprint,2026-06-08 17:07:11,EMP-0097,REG-01,PH-005,Lost receipt
RCT-0002186,TXN-0003026,RCP-00003026,Original,2026-06-08 17:32:16,EMP-0006,REG-05,PH-001,
RCT-0002187,TXN-0001304,RCP-00001304,Original,2026-06-08 18:02:47,EMP-0036,REG-04,PH-002,
RCT-0002188,TXN-0004125,RCP-00004125,Original,2026-06-08 18:05:06,EMP-0102,REG-01,PH-005,
RCT-0002189,TXN-0000629,RCP-00000629,Original,2026-06-08 18:08:12,EMP-0105,REG-04,PH-005,
RCT-0002190,TXN-0000094,RCP-00000094,Original,2026-06-08 18:39:15,EMP-0086,REG-04,PH-004,
RCT-0002191,TXN-0003377,RCP-00003377,Original,2026-06-08 19:03:24,EMP-0038,REG-05,PH-002,
RCT-0002192,TXN-0002860,RCP-00002860,Original,2026-06-08 19:06:26,EMP-0038,REG-02,PH-002,
RCT-0002193,TXN-0002390,RCP-00002390,Original,2026-06-08 19:18:44,EMP-0016,REG-06,PH-001,
RCT-0002194,TXN-0003799,RCP-00003799,Original,2026-06-08 19:26:12,EMP-0067,REG-05,PH-004,
RCT-0002195,TXN-0000371,RCP-00000371,Original,2026-06-08 20:11:03,EMP-0038,REG-05,PH-002,
RCT-0002196,TXN-0002625,RCP-00002625,Original,2026-06-08 20:23:34,EMP-0036,REG-06,PH-002,
RCT-0002197,TXN-0002277,RCP-00002277,Original,2026-06-08 20:27:02,EMP-0036,REG-06,PH-002,
RCT-0002198,TXN-0001052,RCP-00001052,Original,2026-06-08 20:39:31,EMP-0041,REG-04,PH-002,
RCT-0002199,TXN-0003757,RCP-00003757,Original,2026-06-08 20:42:42,EMP-0103,REG-04,PH-005,
RCT-0002200,TXN-0002805,RCP-00002805,Original,2026-06-08 20:55:18,EMP-0002,REG-03,PH-001,
RCT-0002201,TXN-0004502,RCP-00004502,Original,2026-06-08 21:17:08,EMP-0014,REG-01,PH-001,
RCT-0002202,TXN-0001310,RCP-00001310,Original,2026-06-08 21:32:35,EMP-0091,REG-01,PH-005,
RCT-0002203,TXN-0000544,RCP-00000544,Original,2026-06-08 21:48:18,EMP-0063,REG-03,PH-003,
RCT-0002204,TXN-0002251,RCP-00002251,Reprint,2026-06-09 02:12:05,EMP-0100,REG-06,PH-005,Lost receipt
RCT-0002205,TXN-0001036,RCP-00001036,Reprint,2026-06-09 03:25:10,EMP-0003,REG-04,PH-001,Customer request
RCT-0002206,TXN-0000144,RCP-00000144,Original,2026-06-09 08:01:43,EMP-0060,REG-04,PH-003,
RCT-0002207,TXN-0001049,RCP-00001049,Original,2026-06-09 08:22:36,EMP-0081,REG-05,PH-004,
RCT-0002208,TXN-0003471,RCP-00003471,Original,2026-06-09 08:31:12,EMP-0035,REG-01,PH-002,
RCT-0002209,TXN-0000567,RCP-00000567,Original,2026-06-09 08:46:26,EMP-0078,REG-06,PH-004,
RCT-0002210,TXN-0001504,RCP-00001504,Original,2026-06-09 09:06:29,EMP-0062,REG-02,PH-003,
RCT-0002211,TXN-0000814,RCP-00000814,Original,2026-06-09 09:10:44,EMP-0084,REG-05,PH-004,
RCT-0002212,TXN-0001991,RCP-00001991,Original,2026-06-09 09:18:13,EMP-0025,REG-05,PH-002,
RCT-0002213,TXN-0002307,RCP-00002307,Original,2026-06-09 09:18:31,EMP-0067,REG-02,PH-004,
RCT-0002214,TXN-0001692,RCP-00001692,Original,2026-06-09 09:21:46,EMP-0103,REG-04,PH-005,
RCT-0002215,TXN-0004277,RCP-00004277,Original,2026-06-09 09:23:17,EMP-0001,REG-01,PH-001,
RCT-0002216,TXN-0002518,RCP-00002518,Original,2026-06-09 09:28:27,EMP-0040,REG-03,PH-002,
RCT-0002217,TXN-0002684,RCP-00002684,Original,2026-06-09 09:50:17,EMP-0106,REG-02,PH-005,
RCT-0002218,TXN-0000379,RCP-00000379,Original,2026-06-09 09:55:26,EMP-0064,REG-05,PH-003,
RCT-0002219,TXN-0000075,RCP-00000075,Original,2026-06-09 09:59:56,EMP-0046,REG-04,PH-003,
RCT-0002220,TXN-0002904,RCP-00002904,Original,2026-06-09 10:23:27,EMP-0086,REG-01,PH-004,
RCT-0002221,TXN-0002411,RCP-00002411,Original,2026-06-09 10:48:02,EMP-0041,REG-01,PH-002,
RCT-0002222,TXN-0001487,RCP-00001487,Original,2026-06-09 11:51:35,EMP-0107,REG-04,PH-005,
RCT-0002223,TXN-0000042,RCP-00000042,Original,2026-06-09 12:10:37,EMP-0081,REG-05,PH-004,
RCT-0002224,TXN-0003896,RCP-00003896,Original,2026-06-09 12:57:21,EMP-0012,REG-04,PH-001,
RCT-0002225,TXN-0001375,RCP-00001375,Original,2026-06-09 13:26:04,EMP-0003,REG-03,PH-001,
RCT-0002226,TXN-0003068,RCP-00003068,Reprint,2026-06-09 14:36:32,EMP-0090,REG-03,PH-005,Duplicate for insurance
RCT-0002227,TXN-0002000,RCP-00002000,Original,2026-06-09 14:58:26,EMP-0006,REG-03,PH-001,
RCT-0002228,TXN-0002740,RCP-00002740,Original,2026-06-09 15:20:36,EMP-0085,REG-02,PH-004,
RCT-0002229,TXN-0004578,RCP-00004578,Original,2026-06-09 15:20:38,EMP-0067,REG-05,PH-004,
RCT-0002230,TXN-0003881,RCP-00003881,Original,2026-06-09 15:34:09,EMP-0104,REG-01,PH-005,
RCT-0002231,TXN-0002126,RCP-00002126,Original,2026-06-09 16:40:15,EMP-0106,REG-03,PH-005,
RCT-0002232,TXN-0003501,RCP-00003501,Original,2026-06-09 16:49:02,EMP-0069,REG-03,PH-004,
RCT-0002233,TXN-0000409,RCP-00000409,Original,2026-06-09 16:59:35,EMP-0068,REG-02,PH-004,
RCT-0002234,TXN-0004339,RCP-00004339,Reprint,2026-06-09 17:00:07,EMP-0029,REG-05,PH-002,Lost receipt
RCT-0002235,TXN-0003435,RCP-00003435,Original,2026-06-09 17:50:53,EMP-0047,REG-04,PH-003,
RCT-0002236,TXN-0001841,RCP-00001841,Original,2026-06-09 17:53:00,EMP-0038,REG-06,PH-002,
RCT-0002237,TXN-0000050,RCP-00000050,Original,2026-06-09 17:58:53,EMP-0069,REG-05,PH-004,
RCT-0002238,TXN-0000700,RCP-00000700,Original,2026-06-09 18:00:41,EMP-0082,REG-01,PH-004,
RCT-0002239,TXN-0004932,RCP-00004932,Original,2026-06-09 18:04:21,EMP-0038,REG-03,PH-002,
RCT-0002240,TXN-0001479,RCP-00001479,Original,2026-06-09 18:16:28,EMP-0083,REG-06,PH-004,
RCT-0002241,TXN-0002900,RCP-00002900,Original,2026-06-09 18:16:53,EMP-0101,REG-01,PH-005,
RCT-0002242,TXN-0000677,RCP-00000677,Original,2026-06-09 18:20:40,EMP-0025,REG-06,PH-002,
RCT-0002243,TXN-0001910,RCP-00001910,Original,2026-06-09 19:14:12,EMP-0045,REG-02,PH-003,
RCT-0002244,TXN-0004165,RCP-00004165,Original,2026-06-09 19:37:49,EMP-0013,REG-03,PH-001,
RCT-0002245,TXN-0004253,RCP-00004253,Original,2026-06-09 19:45:46,EMP-0035,REG-04,PH-002,
RCT-0002246,TXN-0003398,RCP-00003398,Original,2026-06-09 19:55:30,EMP-0045,REG-04,PH-003,
RCT-0002247,TXN-0004940,RCP-00004940,Original,2026-06-09 19:56:16,EMP-0003,REG-04,PH-001,
RCT-0002248,TXN-0003904,RCP-00003904,Original,2026-06-09 20:09:57,EMP-0020,REG-01,PH-001,
RCT-0002249,TXN-0000214,RCP-00000214,Original,2026-06-09 20:23:46,EMP-0040,REG-06,PH-002,
RCT-0002250,TXN-0002385,RCP-00002385,Original,2026-06-09 20:29:20,EMP-0086,REG-05,PH-004,
RCT-0002251,TXN-0004060,RCP-00004060,Original,2026-06-09 20:44:34,EMP-0012,REG-05,PH-001,
RCT-0002252,TXN-0002724,RCP-00002724,Original,2026-06-09 21:03:51,EMP-0068,REG-01,PH-004,
RCT-0002253,TXN-0003519,RCP-00003519,Original,2026-06-09 21:05:21,EMP-0106,REG-02,PH-005,
RCT-0002254,TXN-0003136,RCP-00003136,Original,2026-06-09 21:08:20,EMP-0107,REG-03,PH-005,
RCT-0002255,TXN-0002523,RCP-00002523,Original,2026-06-09 21:37:06,EMP-0079,REG-02,PH-004,
RCT-0002256,TXN-0002059,RCP-00002059,Original,2026-06-09 21:43:11,EMP-0013,REG-06,PH-001,
RCT-0002257,TXN-0001011,RCP-00001011,Reprint,2026-06-09 21:50:32,EMP-0073,REG-06,PH-004,Customer request
RCT-0002258,TXN-0003975,RCP-00003975,Original,2026-06-09 21:57:13,EMP-0108,REG-01,PH-005,
RCT-0002259,TXN-0004849,RCP-00004849,Original,2026-06-09 22:00:39,EMP-0012,REG-04,PH-001,
RCT-0002260,TXN-0001584,RCP-00001584,Reprint,2026-06-10 03:36:46,EMP-0059,REG-05,PH-003,Duplicate for insurance
RCT-0002261,TXN-0002781,RCP-00002781,Reprint,2026-06-10 04:04:57,EMP-0080,REG-06,PH-004,Printer jam
RCT-0002262,TXN-0002447,RCP-00002447,Reprint,2026-06-10 05:43:45,EMP-0051,REG-06,PH-003,Duplicate for insurance
RCT-0002263,TXN-0004694,RCP-00004694,Original,2026-06-10 08:15:34,EMP-0102,REG-03,PH-005,
RCT-0002264,TXN-0000470,RCP-00000470,Original,2026-06-10 08:52:31,EMP-0056,REG-06,PH-003,
RCT-0002265,TXN-0003942,RCP-00003942,Original,2026-06-10 09:07:20,EMP-0084,REG-05,PH-004,
RCT-0002266,TXN-0003796,RCP-00003796,Original,2026-06-10 09:15:56,EMP-0108,REG-06,PH-005,
RCT-0002267,TXN-0004473,RCP-00004473,Original,2026-06-10 09:22:25,EMP-0067,REG-02,PH-004,
RCT-0002268,TXN-0000583,RCP-00000583,Original,2026-06-10 09:26:57,EMP-0100,REG-02,PH-005,
RCT-0002269,TXN-0003996,RCP-00003996,Original,2026-06-10 09:31:20,EMP-0067,REG-04,PH-004,
RCT-0002270,TXN-0001724,RCP-00001724,Original,2026-06-10 10:09:01,EMP-0103,REG-04,PH-005,
RCT-0002271,TXN-0003418,RCP-00003418,Original,2026-06-10 10:35:48,EMP-0085,REG-03,PH-004,
RCT-0002272,TXN-0002357,RCP-00002357,Original,2026-06-10 10:48:23,EMP-0042,REG-04,PH-002,
RCT-0002273,TXN-0001556,RCP-00001556,Original,2026-06-10 10:48:54,EMP-0101,REG-02,PH-005,
RCT-0002274,TXN-0000182,RCP-00000182,Original,2026-06-10 11:11:29,EMP-0023,REG-06,PH-002,
RCT-0002275,TXN-0000619,RCP-00000619,Original,2026-06-10 11:22:34,EMP-0100,REG-05,PH-005,
RCT-0002276,TXN-0001043,RCP-00001043,Original,2026-06-10 11:47:17,EMP-0012,REG-04,PH-001,
RCT-0002277,TXN-0004381,RCP-00004381,Original,2026-06-10 11:49:31,EMP-0085,REG-04,PH-004,
RCT-0002278,TXN-0004403,RCP-00004403,Original,2026-06-10 11:57:22,EMP-0016,REG-05,PH-001,
RCT-0002279,TXN-0003883,RCP-00003883,Original,2026-06-10 12:07:43,EMP-0104,REG-03,PH-005,
RCT-0002280,TXN-0004774,RCP-00004774,Original,2026-06-10 12:12:17,EMP-0084,REG-02,PH-004,
RCT-0002281,TXN-0001301,RCP-00001301,Original,2026-06-10 13:17:23,EMP-0081,REG-05,PH-004,
RCT-0002282,TXN-0003826,RCP-00003826,Original,2026-06-10 13:29:23,EMP-0057,REG-03,PH-003,
RCT-0002283,TXN-0004224,RCP-00004224,Original,2026-06-10 13:50:44,EMP-0085,REG-04,PH-004,
RCT-0002284,TXN-0004255,RCP-00004255,Original,2026-06-10 13:55:48,EMP-0079,REG-01,PH-004,
RCT-0002285,TXN-0000492,RCP-00000492,Original,2026-06-10 14:13:26,EMP-0105,REG-06,PH-005,
RCT-0002286,TXN-0000121,RCP-00000121,Original,2026-06-10 14:37:53,EMP-0057,REG-05,PH-003,
RCT-0002287,TXN-0001537,RCP-00001537,Original,2026-06-10 14:42:01,EMP-0013,REG-03,PH-001,
RCT-0002288,TXN-0003721,RCP-00003721,Original,2026-06-10 15:01:36,EMP-0015,REG-03,PH-001,
RCT-0002289,TXN-0003984,RCP-00003984,Original,2026-06-10 15:11:31,EMP-0091,REG-04,PH-005,
RCT-0002290,TXN-0003661,RCP-00003661,Original,2026-06-10 15:28:20,EMP-0013,REG-03,PH-001,
RCT-0002291,TXN-0004249,RCP-00004249,Original,2026-06-10 15:28:24,EMP-0102,REG-04,PH-005,
RCT-0002292,TXN-0002008,RCP-00002008,Original,2026-06-10 15:42:05,EMP-0062,REG-01,PH-003,
RCT-0002293,TXN-0001450,RCP-00001450,Original,2026-06-10 15:45:05,EMP-0069,REG-05,PH-004,
RCT-0002294,TXN-0003969,RCP-00003969,Original,2026-06-10 16:13:29,EMP-0016,REG-01,PH-001,
RCT-0002295,TXN-0003473,RCP-00003473,Original,2026-06-10 16:14:16,EMP-0102,REG-06,PH-005,
RCT-0002296,TXN-0000416,RCP-00000416,Original,2026-06-10 16:17:45,EMP-0084,REG-02,PH-004,
RCT-0002297,TXN-0004812,RCP-00004812,Original,2026-06-10 16:47:27,EMP-0013,REG-03,PH-001,
RCT-0002298,TXN-0002683,RCP-00002683,Original,2026-06-10 17:06:23,EMP-0036,REG-06,PH-002,
RCT-0002299,TXN-0000256,RCP-00000256,Original,2026-06-10 17:11:38,EMP-0016,REG-02,PH-001,
RCT-0002300,TXN-0001364,RCP-00001364,Original,2026-06-10 17:49:17,EMP-0064,REG-04,PH-003,
RCT-0002301,TXN-0000069,RCP-00000069,Original,2026-06-10 18:28:57,EMP-0061,REG-02,PH-003,
RCT-0002302,TXN-0003122,RCP-00003122,Original,2026-06-10 18:54:38,EMP-0064,REG-01,PH-003,
RCT-0002303,TXN-0004763,RCP-00004763,Original,2026-06-10 18:55:13,EMP-0002,REG-01,PH-001,
RCT-0002304,TXN-0001970,RCP-00001970,Original,2026-06-10 18:59:15,EMP-0103,REG-04,PH-005,
RCT-0002305,TXN-0000987,RCP-00000987,Original,2026-06-10 19:19:10,EMP-0036,REG-02,PH-002,
RCT-0002306,TXN-0001995,RCP-00001995,Original,2026-06-10 19:21:49,EMP-0041,REG-05,PH-002,
RCT-0002307,TXN-0001995,RCP-00001995,Gift Receipt,2026-06-10 19:22:49,EMP-0041,REG-05,PH-002,
RCT-0002308,TXN-0004669,RCP-00004669,Original,2026-06-10 19:22:49,EMP-0068,REG-02,PH-004,
RCT-0002309,TXN-0000212,RCP-00000212,Original,2026-06-10 19:27:08,EMP-0090,REG-03,PH-005,
RCT-0002310,TXN-0003829,RCP-00003829,Original,2026-06-10 19:28:40,EMP-0078,REG-02,PH-004,
RCT-0002311,TXN-0004575,RCP-00004575,Original,2026-06-10 19:34:29,EMP-0059,REG-02,PH-003,
RCT-0002312,TXN-0002742,RCP-00002742,Original,2026-06-10 20:01:15,EMP-0108,REG-05,PH-005,
RCT-0002313,TXN-0001383,RCP-00001383,Original,2026-06-10 20:21:04,EMP-0104,REG-01,PH-005,
RCT-0002314,TXN-0002047,RCP-00002047,Original,2026-06-10 20:26:22,EMP-0034,REG-01,PH-002,
RCT-0002315,TXN-0003466,RCP-00003466,Reprint,2026-06-10 20:26:34,EMP-0023,REG-06,PH-002,Lost receipt
RCT-0002316,TXN-0002330,RCP-00002330,Original,2026-06-10 20:32:24,EMP-0080,REG-04,PH-004,
RCT-0002317,TXN-0002965,RCP-00002965,Original,2026-06-10 20:52:10,EMP-0102,REG-05,PH-005,
RCT-0002318,TXN-0000297,RCP-00000297,Original,2026-06-10 20:56:32,EMP-0100,REG-01,PH-005,
RCT-0002319,TXN-0004349,RCP-00004349,Original,2026-06-10 21:23:56,EMP-0006,REG-03,PH-001,
RCT-0002320,TXN-0004323,RCP-00004323,Original,2026-06-10 21:26:53,EMP-0081,REG-01,PH-004,
RCT-0002321,TXN-0001796,RCP-00001796,Original,2026-06-10 21:43:44,EMP-0016,REG-03,PH-001,
RCT-0002322,TXN-0001316,RCP-00001316,Original,2026-06-11 08:03:04,EMP-0041,REG-01,PH-002,
RCT-0002323,TXN-0004311,RCP-00004311,Original,2026-06-11 08:22:01,EMP-0019,REG-02,PH-001,
RCT-0002324,TXN-0002713,RCP-00002713,Original,2026-06-11 08:28:05,EMP-0069,REG-01,PH-004,
RCT-0002325,TXN-0001220,RCP-00001220,Original,2026-06-11 08:54:04,EMP-0090,REG-06,PH-005,
RCT-0002326,TXN-0004684,RCP-00004684,Original,2026-06-11 09:15:44,EMP-0062,REG-02,PH-003,
RCT-0002327,TXN-0003913,RCP-00003913,Original,2026-06-11 09:40:02,EMP-0108,REG-04,PH-005,
RCT-0002328,TXN-0002451,RCP-00002451,Original,2026-06-11 09:42:46,EMP-0025,REG-06,PH-002,
RCT-0002329,TXN-0002451,RCP-00002451,Gift Receipt,2026-06-11 09:43:46,EMP-0025,REG-06,PH-002,
RCT-0002330,TXN-0003392,RCP-00003392,Original,2026-06-11 10:25:46,EMP-0085,REG-06,PH-004,
RCT-0002331,TXN-0003106,RCP-00003106,Original,2026-06-11 10:30:59,EMP-0080,REG-02,PH-004,
RCT-0002332,TXN-0003289,RCP-00003289,Original,2026-06-11 10:33:58,EMP-0014,REG-04,PH-001,
RCT-0002333,TXN-0001240,RCP-00001240,Original,2026-06-11 10:35:15,EMP-0102,REG-03,PH-005,
RCT-0002334,TXN-0003193,RCP-00003193,Original,2026-06-11 10:41:11,EMP-0078,REG-04,PH-004,
RCT-0002335,TXN-0001493,RCP-00001493,Original,2026-06-11 11:14:32,EMP-0085,REG-03,PH-004,
RCT-0002336,TXN-0003246,RCP-00003246,Original,2026-06-11 11:27:20,EMP-0025,REG-02,PH-002,
RCT-0002337,TXN-0004352,RCP-00004352,Original,2026-06-11 11:49:34,EMP-0090,REG-06,PH-005,
RCT-0002338,TXN-0002044,RCP-00002044,Original,2026-06-11 12:01:05,EMP-0082,REG-06,PH-004,
RCT-0002339,TXN-0002133,RCP-00002133,Original,2026-06-11 12:02:20,EMP-0024,REG-05,PH-002,
RCT-0002340,TXN-0004804,RCP-00004804,Original,2026-06-11 12:56:08,EMP-0014,REG-06,PH-001,
RCT-0002341,TXN-0002125,RCP-00002125,Original,2026-06-11 13:19:43,EMP-0083,REG-06,PH-004,
RCT-0002342,TXN-0004559,RCP-00004559,Original,2026-06-11 13:38:52,EMP-0062,REG-03,PH-003,
RCT-0002343,TXN-0001843,RCP-00001843,Original,2026-06-11 13:43:13,EMP-0038,REG-02,PH-002,
RCT-0002344,TXN-0000404,RCP-00000404,Original,2026-06-11 13:43:26,EMP-0067,REG-06,PH-004,
RCT-0002345,TXN-0004047,RCP-00004047,Original,2026-06-11 13:50:15,EMP-0105,REG-02,PH-005,
RCT-0002346,TXN-0004604,RCP-00004604,Original,2026-06-11 14:02:19,EMP-0068,REG-03,PH-004,
RCT-0002347,TXN-0002484,RCP-00002484,Original,2026-06-11 14:24:09,EMP-0039,REG-04,PH-002,
RCT-0002348,TXN-0004489,RCP-00004489,Original,2026-06-11 14:48:36,EMP-0006,REG-05,PH-001,
RCT-0002349,TXN-0000328,RCP-00000328,Original,2026-06-11 15:01:29,EMP-0063,REG-01,PH-003,
RCT-0002350,TXN-0004268,RCP-00004268,Original,2026-06-11 15:08:01,EMP-0001,REG-03,PH-001,
RCT-0002351,TXN-0000907,RCP-00000907,Original,2026-06-11 15:17:56,EMP-0039,REG-06,PH-002,
RCT-0002352,TXN-0003029,RCP-00003029,Original,2026-06-11 15:23:56,EMP-0067,REG-02,PH-004,
RCT-0002353,TXN-0001051,RCP-00001051,Original,2026-06-11 15:45:16,EMP-0101,REG-05,PH-005,
RCT-0002354,TXN-0001119,RCP-00001119,Original,2026-06-11 15:54:12,EMP-0091,REG-05,PH-005,
RCT-0002355,TXN-0001348,RCP-00001348,Original,2026-06-11 16:13:10,EMP-0034,REG-04,PH-002,
RCT-0002356,TXN-0002896,RCP-00002896,Original,2026-06-11 16:35:33,EMP-0013,REG-03,PH-001,
RCT-0002357,TXN-0001779,RCP-00001779,Original,2026-06-11 16:42:53,EMP-0017,REG-01,PH-001,
RCT-0002358,TXN-0002431,RCP-00002431,Original,2026-06-11 16:56:27,EMP-0025,REG-06,PH-002,
RCT-0002359,TXN-0002115,RCP-00002115,Original,2026-06-11 17:18:07,EMP-0024,REG-02,PH-002,
RCT-0002360,TXN-0003331,RCP-00003331,Original,2026-06-11 17:25:55,EMP-0018,REG-02,PH-001,
RCT-0002361,TXN-0002077,RCP-00002077,Original,2026-06-11 18:06:40,EMP-0090,REG-03,PH-005,
RCT-0002362,TXN-0002160,RCP-00002160,Original,2026-06-11 18:35:09,EMP-0084,REG-05,PH-004,
RCT-0002363,TXN-0000440,RCP-00000440,Original,2026-06-11 18:51:57,EMP-0002,REG-05,PH-001,
RCT-0002364,TXN-0000846,RCP-00000846,Original,2026-06-11 19:05:54,EMP-0083,REG-04,PH-004,
RCT-0002365,TXN-0001061,RCP-00001061,Original,2026-06-11 19:20:39,EMP-0100,REG-03,PH-005,
RCT-0002366,TXN-0003353,RCP-00003353,Original,2026-06-11 19:22:26,EMP-0059,REG-01,PH-003,
RCT-0002367,TXN-0004939,RCP-00004939,Original,2026-06-11 19:24:11,EMP-0107,REG-01,PH-005,
RCT-0002368,TXN-0001484,RCP-00001484,Original,2026-06-11 19:27:30,EMP-0083,REG-05,PH-004,
RCT-0002369,TXN-0003964,RCP-00003964,Original,2026-06-11 19:41:53,EMP-0001,REG-06,PH-001,
RCT-0002370,TXN-0003065,RCP-00003065,Original,2026-06-11 19:51:28,EMP-0039,REG-03,PH-002,
RCT-0002371,TXN-0000152,RCP-00000152,Original,2026-06-11 20:05:02,EMP-0105,REG-03,PH-005,
RCT-0002372,TXN-0000819,RCP-00000819,Original,2026-06-11 20:19:27,EMP-0013,REG-06,PH-001,
RCT-0002373,TXN-0002870,RCP-00002870,Original,2026-06-11 20:20:31,EMP-0020,REG-01,PH-001,
RCT-0002374,TXN-0001231,RCP-00001231,Original,2026-06-11 20:59:25,EMP-0104,REG-06,PH-005,
RCT-0002375,TXN-0001643,RCP-00001643,Original,2026-06-11 21:02:55,EMP-0078,REG-06,PH-004,
RCT-0002376,TXN-0003217,RCP-00003217,Original,2026-06-11 21:07:24,EMP-0040,REG-06,PH-002,
RCT-0002377,TXN-0001157,RCP-00001157,Original,2026-06-11 21:17:41,EMP-0002,REG-03,PH-001,
RCT-0002378,TXN-0002327,RCP-00002327,Reprint,2026-06-12 07:18:33,EMP-0082,REG-06,PH-004,Lost receipt
RCT-0002379,TXN-0000234,RCP-00000234,Original,2026-06-12 08:06:48,EMP-0103,REG-06,PH-005,
RCT-0002380,TXN-0000233,RCP-00000233,Original,2026-06-12 08:25:36,EMP-0016,REG-02,PH-001,
RCT-0002381,TXN-0003990,RCP-00003990,Original,2026-06-12 08:32:29,EMP-0025,REG-04,PH-002,
RCT-0002382,TXN-0000717,RCP-00000717,Original,2026-06-12 08:32:37,EMP-0083,REG-01,PH-004,
RCT-0002383,TXN-0004313,RCP-00004313,Original,2026-06-12 09:07:58,EMP-0020,REG-01,PH-001,
RCT-0002384,TXN-0000498,RCP-00000498,Original,2026-06-12 09:09:26,EMP-0042,REG-04,PH-002,
RCT-0002385,TXN-0004913,RCP-00004913,Original,2026-06-12 09:21:42,EMP-0036,REG-01,PH-002,
RCT-0002386,TXN-0000394,RCP-00000394,Original,2026-06-12 09:38:13,EMP-0082,REG-02,PH-004,
RCT-0002387,TXN-0004784,RCP-00004784,Original,2026-06-12 10:04:07,EMP-0003,REG-01,PH-001,
RCT-0002388,TXN-0001609,RCP-00001609,Original,2026-06-12 10:37:24,EMP-0064,REG-01,PH-003,
RCT-0002389,TXN-0002222,RCP-00002222,Original,2026-06-12 10:40:32,EMP-0068,REG-02,PH-004,
RCT-0002390,TXN-0000652,RCP-00000652,Original,2026-06-12 10:45:12,EMP-0019,REG-03,PH-001,
RCT-0002391,TXN-0003150,RCP-00003150,Original,2026-06-12 10:49:18,EMP-0038,REG-01,PH-002,
RCT-0002392,TXN-0000251,RCP-00000251,Original,2026-06-12 10:56:05,EMP-0080,REG-06,PH-004,
RCT-0002393,TXN-0001525,RCP-00001525,Original,2026-06-12 11:00:09,EMP-0106,REG-01,PH-005,
RCT-0002394,TXN-0001075,RCP-00001075,Original,2026-06-12 11:12:06,EMP-0102,REG-06,PH-005,
RCT-0002395,TXN-0003197,RCP-00003197,Original,2026-06-12 11:19:55,EMP-0084,REG-06,PH-004,
RCT-0002396,TXN-0001250,RCP-00001250,Original,2026-06-12 11:24:28,EMP-0064,REG-02,PH-003,
RCT-0002397,TXN-0001830,RCP-00001830,Original,2026-06-12 11:43:45,EMP-0086,REG-02,PH-004,
RCT-0002398,TXN-0004601,RCP-00004601,Original,2026-06-12 11:48:11,EMP-0012,REG-05,PH-001,
RCT-0002399,TXN-0001282,RCP-00001282,Original,2026-06-12 11:57:05,EMP-0104,REG-06,PH-005,
RCT-0002400,TXN-0001282,RCP-00001282,Gift Receipt,2026-06-12 11:58:05,EMP-0104,REG-06,PH-005,
RCT-0002401,TXN-0001656,RCP-00001656,Original,2026-06-12 12:10:39,EMP-0059,REG-03,PH-003,
RCT-0002402,TXN-0002496,RCP-00002496,Original,2026-06-12 12:49:25,EMP-0106,REG-01,PH-005,
RCT-0002403,TXN-0000850,RCP-00000850,Original,2026-06-12 13:27:19,EMP-0042,REG-04,PH-002,
RCT-0002404,TXN-0003161,RCP-00003161,Original,2026-06-12 13:47:34,EMP-0039,REG-06,PH-002,
RCT-0002405,TXN-0000176,RCP-00000176,Original,2026-06-12 14:16:47,EMP-0079,REG-02,PH-004,
RCT-0002406,TXN-0002921,RCP-00002921,Original,2026-06-12 14:28:49,EMP-0084,REG-05,PH-004,
RCT-0002407,TXN-0000911,RCP-00000911,Original,2026-06-12 15:00:47,EMP-0042,REG-05,PH-002,
RCT-0002408,TXN-0000867,RCP-00000867,Original,2026-06-12 15:06:13,EMP-0081,REG-05,PH-004,
RCT-0002409,TXN-0003089,RCP-00003089,Original,2026-06-12 15:31:09,EMP-0038,REG-01,PH-002,
RCT-0002410,TXN-0002153,RCP-00002153,Original,2026-06-12 15:45:37,EMP-0101,REG-05,PH-005,
RCT-0002411,TXN-0001394,RCP-00001394,Original,2026-06-12 16:05:24,EMP-0091,REG-02,PH-005,
RCT-0002412,TXN-0001232,RCP-00001232,Original,2026-06-12 16:16:54,EMP-0108,REG-06,PH-005,
RCT-0002413,TXN-0003959,RCP-00003959,Original,2026-06-12 16:26:52,EMP-0046,REG-03,PH-003,
RCT-0002414,TXN-0004111,RCP-00004111,Original,2026-06-12 16:54:25,EMP-0079,REG-04,PH-004,
RCT-0002415,TXN-0000438,RCP-00000438,Original,2026-06-12 17:16:57,EMP-0015,REG-03,PH-001,
RCT-0002416,TXN-0004704,RCP-00004704,Original,2026-06-12 17:26:50,EMP-0063,REG-06,PH-003,
RCT-0002417,TXN-0002069,RCP-00002069,Original,2026-06-12 17:27:30,EMP-0102,REG-05,PH-005,
RCT-0002418,TXN-0001679,RCP-00001679,Original,2026-06-12 17:30:28,EMP-0059,REG-03,PH-003,
RCT-0002419,TXN-0004196,RCP-00004196,Original,2026-06-12 17:33:47,EMP-0080,REG-01,PH-004,
RCT-0002420,TXN-0003072,RCP-00003072,Original,2026-06-12 17:36:09,EMP-0040,REG-02,PH-002,
RCT-0002421,TXN-0000132,RCP-00000132,Original,2026-06-12 17:36:14,EMP-0085,REG-06,PH-004,
RCT-0002422,TXN-0002852,RCP-00002852,Original,2026-06-12 17:43:55,EMP-0023,REG-04,PH-002,
RCT-0002423,TXN-0001267,RCP-00001267,Original,2026-06-12 17:53:58,EMP-0037,REG-04,PH-002,
RCT-0002424,TXN-0001473,RCP-00001473,Original,2026-06-12 17:57:05,EMP-0106,REG-01,PH-005,
RCT-0002425,TXN-0001974,RCP-00001974,Original,2026-06-12 18:24:49,EMP-0006,REG-01,PH-001,
RCT-0002426,TXN-0003817,RCP-00003817,Original,2026-06-12 18:42:25,EMP-0001,REG-02,PH-001,
RCT-0002427,TXN-0002782,RCP-00002782,Original,2026-06-12 18:53:19,EMP-0107,REG-05,PH-005,
RCT-0002428,TXN-0004537,RCP-00004537,Original,2026-06-12 18:53:54,EMP-0100,REG-06,PH-005,
RCT-0002429,TXN-0003176,RCP-00003176,Original,2026-06-12 19:29:08,EMP-0067,REG-02,PH-004,
RCT-0002430,TXN-0001962,RCP-00001962,Original,2026-06-12 19:30:58,EMP-0036,REG-03,PH-002,
RCT-0002431,TXN-0004977,RCP-00004977,Original,2026-06-12 19:45:27,EMP-0046,REG-06,PH-003,
RCT-0002432,TXN-0000248,RCP-00000248,Original,2026-06-12 19:58:37,EMP-0025,REG-02,PH-002,
RCT-0002433,TXN-0003781,RCP-00003781,Original,2026-06-12 20:04:11,EMP-0064,REG-05,PH-003,
RCT-0002434,TXN-0000041,RCP-00000041,Original,2026-06-12 20:37:09,EMP-0016,REG-01,PH-001,
RCT-0002435,TXN-0002698,RCP-00002698,Original,2026-06-12 20:57:38,EMP-0016,REG-04,PH-001,
RCT-0002436,TXN-0001591,RCP-00001591,Original,2026-06-12 21:26:27,EMP-0090,REG-04,PH-005,
RCT-0002437,TXN-0003379,RCP-00003379,Original,2026-06-12 21:34:53,EMP-0025,REG-06,PH-002,
RCT-0002438,TXN-0000587,RCP-00000587,Original,2026-06-12 21:40:19,EMP-0047,REG-06,PH-003,
RCT-0002439,TXN-0004333,RCP-00004333,Reprint,2026-06-13 03:23:58,EMP-0107,REG-06,PH-005,Duplicate for insurance
RCT-0002440,TXN-0002731,RCP-00002731,Original,2026-06-13 08:15:36,EMP-0103,REG-06,PH-005,
RCT-0002441,TXN-0000475,RCP-00000475,Original,2026-06-13 08:19:09,EMP-0101,REG-06,PH-005,
RCT-0002442,TXN-0001283,RCP-00001283,Original,2026-06-13 08:47:46,EMP-0063,REG-01,PH-003,
RCT-0002443,TXN-0004721,RCP-00004721,Original,2026-06-13 09:00:09,EMP-0045,REG-05,PH-003,
RCT-0002444,TXN-0003461,RCP-00003461,Original,2026-06-13 09:02:30,EMP-0045,REG-01,PH-003,
RCT-0002445,TXN-0004870,RCP-00004870,Original,2026-06-13 09:07:08,EMP-0067,REG-01,PH-004,
RCT-0002446,TXN-0004622,RCP-00004622,Original,2026-06-13 09:10:33,EMP-0080,REG-01,PH-004,
RCT-0002447,TXN-0003889,RCP-00003889,Original,2026-06-13 09:12:42,EMP-0001,REG-02,PH-001,
RCT-0002448,TXN-0001933,RCP-00001933,Original,2026-06-13 09:26:13,EMP-0057,REG-05,PH-003,
RCT-0002449,TXN-0000342,RCP-00000342,Original,2026-06-13 09:28:53,EMP-0061,REG-06,PH-003,
RCT-0002450,TXN-0003605,RCP-00003605,Original,2026-06-13 09:45:13,EMP-0003,REG-04,PH-001,
RCT-0002451,TXN-0003415,RCP-00003415,Original,2026-06-13 10:03:18,EMP-0061,REG-04,PH-003,
RCT-0002452,TXN-0002746,RCP-00002746,Original,2026-06-13 10:15:54,EMP-0047,REG-02,PH-003,
RCT-0002453,TXN-0003205,RCP-00003205,Original,2026-06-13 10:24:32,EMP-0017,REG-01,PH-001,
RCT-0002454,TXN-0004139,RCP-00004139,Original,2026-06-13 10:25:41,EMP-0020,REG-03,PH-001,
RCT-0002455,TXN-0004754,RCP-00004754,Original,2026-06-13 10:28:14,EMP-0023,REG-04,PH-002,
RCT-0002456,TXN-0002703,RCP-00002703,Original,2026-06-13 10:53:38,EMP-0042,REG-01,PH-002,
RCT-0002457,TXN-0002006,RCP-00002006,Original,2026-06-13 10:58:25,EMP-0036,REG-01,PH-002,
RCT-0002458,TXN-0002211,RCP-00002211,Original,2026-06-13 10:59:33,EMP-0107,REG-02,PH-005,
RCT-0002459,TXN-0001600,RCP-00001600,Original,2026-06-13 11:07:21,EMP-0080,REG-05,PH-004,
RCT-0002460,TXN-0003144,RCP-00003144,Original,2026-06-13 11:23:39,EMP-0003,REG-03,PH-001,
RCT-0002461,TXN-0000549,RCP-00000549,Original,2026-06-13 11:40:13,EMP-0006,REG-05,PH-001,
RCT-0002462,TXN-0004549,RCP-00004549,Original,2026-06-13 11:50:05,EMP-0042,REG-04,PH-002,
RCT-0002463,TXN-0000284,RCP-00000284,Original,2026-06-13 12:00:46,EMP-0091,REG-06,PH-005,
RCT-0002464,TXN-0004662,RCP-00004662,Reprint,2026-06-13 12:36:10,EMP-0026,REG-01,PH-002,Printer jam
RCT-0002465,TXN-0004012,RCP-00004012,Original,2026-06-13 12:52:21,EMP-0108,REG-02,PH-005,
RCT-0002466,TXN-0004501,RCP-00004501,Original,2026-06-13 13:04:14,EMP-0083,REG-02,PH-004,
RCT-0002467,TXN-0003423,RCP-00003423,Original,2026-06-13 13:19:23,EMP-0107,REG-01,PH-005,
RCT-0002468,TXN-0003589,RCP-00003589,Original,2026-06-13 13:35:32,EMP-0102,REG-04,PH-005,
RCT-0002469,TXN-0001386,RCP-00001386,Original,2026-06-13 13:58:14,EMP-0046,REG-05,PH-003,
RCT-0002470,TXN-0003347,RCP-00003347,Original,2026-06-13 14:49:39,EMP-0020,REG-03,PH-001,
RCT-0002471,TXN-0004877,RCP-00004877,Original,2026-06-13 15:09:34,EMP-0037,REG-01,PH-002,
RCT-0002472,TXN-0003115,RCP-00003115,Original,2026-06-13 15:40:46,EMP-0040,REG-04,PH-002,
RCT-0002473,TXN-0002367,RCP-00002367,Original,2026-06-13 15:57:25,EMP-0059,REG-06,PH-003,
RCT-0002474,TXN-0004864,RCP-00004864,Original,2026-06-13 15:59:05,EMP-0025,REG-04,PH-002,
RCT-0002475,TXN-0000080,RCP-00000080,Original,2026-06-13 16:15:53,EMP-0079,REG-06,PH-004,
RCT-0002476,TXN-0004428,RCP-00004428,Original,2026-06-13 16:16:05,EMP-0041,REG-02,PH-002,
RCT-0002477,TXN-0003539,RCP-00003539,Original,2026-06-13 16:19:14,EMP-0036,REG-05,PH-002,
RCT-0002478,TXN-0004866,RCP-00004866,Original,2026-06-13 17:32:07,EMP-0002,REG-02,PH-001,
RCT-0002479,TXN-0003849,RCP-00003849,Original,2026-06-13 17:34:04,EMP-0001,REG-02,PH-001,
RCT-0002480,TXN-0002443,RCP-00002443,Original,2026-06-13 17:39:14,EMP-0057,REG-06,PH-003,
RCT-0002481,TXN-0003981,RCP-00003981,Original,2026-06-13 18:19:11,EMP-0101,REG-03,PH-005,
RCT-0002482,TXN-0000406,RCP-00000406,Original,2026-06-13 18:42:22,EMP-0045,REG-05,PH-003,
RCT-0002483,TXN-0000824,RCP-00000824,Original,2026-06-13 18:46:14,EMP-0086,REG-02,PH-004,
RCT-0002484,TXN-0000153,RCP-00000153,Original,2026-06-13 18:48:24,EMP-0103,REG-04,PH-005,
RCT-0002485,TXN-0001863,RCP-00001863,Original,2026-06-13 18:49:18,EMP-0023,REG-01,PH-002,
RCT-0002486,TXN-0002491,RCP-00002491,Original,2026-06-13 19:07:49,EMP-0060,REG-06,PH-003,
RCT-0002487,TXN-0003930,RCP-00003930,Original,2026-06-13 19:48:52,EMP-0014,REG-02,PH-001,
RCT-0002488,TXN-0002049,RCP-00002049,Original,2026-06-13 20:16:07,EMP-0012,REG-01,PH-001,
RCT-0002489,TXN-0000001,RCP-00000001,Original,2026-06-13 20:20:10,EMP-0047,REG-06,PH-003,
RCT-0002490,TXN-0001831,RCP-00001831,Original,2026-06-13 20:21:18,EMP-0064,REG-03,PH-003,
RCT-0002491,TXN-0004575,RCP-00004575,Reprint,2026-06-13 20:33:29,EMP-0045,REG-01,PH-003,Customer request
RCT-0002492,TXN-0001317,RCP-00001317,Original,2026-06-13 20:41:17,EMP-0013,REG-06,PH-001,
RCT-0002493,TXN-0003927,RCP-00003927,Original,2026-06-13 20:42:50,EMP-0046,REG-06,PH-003,
RCT-0002494,TXN-0001205,RCP-00001205,Original,2026-06-13 20:45:00,EMP-0061,REG-04,PH-003,
RCT-0002495,TXN-0002695,RCP-00002695,Original,2026-06-13 21:01:44,EMP-0067,REG-04,PH-004,
RCT-0002496,TXN-0001595,RCP-00001595,Original,2026-06-13 21:08:46,EMP-0105,REG-03,PH-005,
RCT-0002497,TXN-0004429,RCP-00004429,Reprint,2026-06-14 01:17:00,EMP-0075,REG-05,PH-004,Lost receipt
RCT-0002498,TXN-0002844,RCP-00002844,Original,2026-06-14 08:07:16,EMP-0019,REG-01,PH-001,
RCT-0002499,TXN-0004783,RCP-00004783,Original,2026-06-14 08:15:59,EMP-0025,REG-05,PH-002,
RCT-0002500,TXN-0003035,RCP-00003035,Original,2026-06-14 08:24:57,EMP-0018,REG-04,PH-001,
RCT-0002501,TXN-0003014,RCP-00003014,Original,2026-06-14 08:49:25,EMP-0023,REG-05,PH-002,
RCT-0002502,TXN-0003309,RCP-00003309,Original,2026-06-14 08:56:37,EMP-0002,REG-01,PH-001,
RCT-0002503,TXN-0003188,RCP-00003188,Original,2026-06-14 08:59:46,EMP-0059,REG-01,PH-003,
RCT-0002504,TXN-0004967,RCP-00004967,Original,2026-06-14 09:04:22,EMP-0042,REG-04,PH-002,
RCT-0002505,TXN-0002945,RCP-00002945,Original,2026-06-14 09:04:54,EMP-0042,REG-03,PH-002,
RCT-0002506,TXN-0001673,RCP-00001673,Original,2026-06-14 09:17:18,EMP-0019,REG-05,PH-001,
RCT-0002507,TXN-0002874,RCP-00002874,Original,2026-06-14 09:24:10,EMP-0060,REG-04,PH-003,
RCT-0002508,TXN-0004369,RCP-00004369,Original,2026-06-14 09:51:56,EMP-0042,REG-01,PH-002,
RCT-0002509,TXN-0004872,RCP-00004872,Original,2026-06-14 09:54:27,EMP-0108,REG-05,PH-005,
RCT-0002510,TXN-0000519,RCP-00000519,Original,2026-06-14 10:02:30,EMP-0080,REG-04,PH-004,
RCT-0002511,TXN-0002309,RCP-00002309,Original,2026-06-14 10:06:04,EMP-0060,REG-06,PH-003,
RCT-0002512,TXN-0003008,RCP-00003008,Original,2026-06-14 10:19:32,EMP-0078,REG-03,PH-004,
RCT-0002513,TXN-0001416,RCP-00001416,Original,2026-06-14 10:22:26,EMP-0034,REG-04,PH-002,
RCT-0002514,TXN-0001515,RCP-00001515,Original,2026-06-14 10:24:19,EMP-0089,REG-04,PH-005,
RCT-0002515,TXN-0004603,RCP-00004603,Original,2026-06-14 10:33:09,EMP-0020,REG-05,PH-001,
RCT-0002516,TXN-0000289,RCP-00000289,Original,2026-06-14 10:40:38,EMP-0034,REG-04,PH-002,
RCT-0002517,TXN-0002155,RCP-00002155,Original,2026-06-14 10:41:43,EMP-0047,REG-01,PH-003,
RCT-0002518,TXN-0001809,RCP-00001809,Original,2026-06-14 10:42:37,EMP-0012,REG-01,PH-001,
RCT-0002519,TXN-0004055,RCP-00004055,Original,2026-06-14 10:50:45,EMP-0034,REG-02,PH-002,
RCT-0002520,TXN-0004997,RCP-00004997,Original,2026-06-14 10:56:08,EMP-0041,REG-06,PH-002,
RCT-0002521,TXN-0004124,RCP-00004124,Reprint,2026-06-14 11:46:33,EMP-0053,REG-02,PH-003,Duplicate for insurance
RCT-0002522,TXN-0002789,RCP-00002789,Original,2026-06-14 12:28:32,EMP-0079,REG-01,PH-004,
RCT-0002523,TXN-0000971,RCP-00000971,Original,2026-06-14 12:38:45,EMP-0063,REG-03,PH-003,
RCT-0002524,TXN-0002827,RCP-00002827,Original,2026-06-14 12:43:35,EMP-0014,REG-05,PH-001,
RCT-0002525,TXN-0002030,RCP-00002030,Original,2026-06-14 12:55:19,EMP-0015,REG-03,PH-001,
RCT-0002526,TXN-0001024,RCP-00001024,Original,2026-06-14 13:07:19,EMP-0024,REG-06,PH-002,
RCT-0002527,TXN-0000098,RCP-00000098,Original,2026-06-14 13:23:56,EMP-0003,REG-01,PH-001,
RCT-0002528,TXN-0003947,RCP-00003947,Original,2026-06-14 13:42:15,EMP-0061,REG-06,PH-003,
RCT-0002529,TXN-0001528,RCP-00001528,Original,2026-06-14 13:50:55,EMP-0091,REG-04,PH-005,
RCT-0002530,TXN-0001093,RCP-00001093,Original,2026-06-14 13:59:09,EMP-0020,REG-02,PH-001,
RCT-0002531,TXN-0003530,RCP-00003530,Original,2026-06-14 14:14:16,EMP-0082,REG-02,PH-004,
RCT-0002532,TXN-0002067,RCP-00002067,Original,2026-06-14 14:20:10,EMP-0012,REG-05,PH-001,
RCT-0002533,TXN-0000124,RCP-00000124,Original,2026-06-14 14:48:58,EMP-0062,REG-05,PH-003,
RCT-0002534,TXN-0003833,RCP-00003833,Original,2026-06-14 15:30:32,EMP-0078,REG-01,PH-004,
RCT-0002535,TXN-0003718,RCP-00003718,Original,2026-06-14 15:37:40,EMP-0101,REG-06,PH-005,
RCT-0002536,TXN-0001435,RCP-00001435,Original,2026-06-14 15:55:38,EMP-0035,REG-01,PH-002,
RCT-0002537,TXN-0000888,RCP-00000888,Original,2026-06-14 16:32:02,EMP-0063,REG-01,PH-003,
RCT-0002538,TXN-0004480,RCP-00004480,Original,2026-06-14 16:32:21,EMP-0037,REG-01,PH-002,
RCT-0002539,TXN-0004117,RCP-00004117,Original,2026-06-14 16:38:32,EMP-0090,REG-01,PH-005,
RCT-0002540,TXN-0004375,RCP-00004375,Original,2026-06-14 17:04:54,EMP-0101,REG-05,PH-005,
RCT-0002541,TXN-0003019,RCP-00003019,Original,2026-06-14 17:07:55,EMP-0012,REG-01,PH-001,
RCT-0002542,TXN-0002078,RCP-00002078,Original,2026-06-14 17:36:28,EMP-0078,REG-06,PH-004,
RCT-0002543,TXN-0003675,RCP-00003675,Original,2026-06-14 17:39:03,EMP-0102,REG-06,PH-005,
RCT-0002544,TXN-0000206,RCP-00000206,Original,2026-06-14 18:21:38,EMP-0068,REG-05,PH-004,
RCT-0002545,TXN-0002350,RCP-00002350,Original,2026-06-14 18:32:12,EMP-0001,REG-04,PH-001,
RCT-0002546,TXN-0004406,RCP-00004406,Original,2026-06-14 18:57:11,EMP-0061,REG-02,PH-003,
RCT-0002547,TXN-0004182,RCP-00004182,Original,2026-06-14 19:46:42,EMP-0013,REG-01,PH-001,
RCT-0002548,TXN-0002266,RCP-00002266,Original,2026-06-14 19:51:29,EMP-0036,REG-03,PH-002,
RCT-0002549,TXN-0000310,RCP-00000310,Original,2026-06-14 19:57:53,EMP-0040,REG-03,PH-002,
RCT-0002550,TXN-0004147,RCP-00004147,Original,2026-06-14 20:02:50,EMP-0079,REG-01,PH-004,
RCT-0002551,TXN-0000377,RCP-00000377,Original,2026-06-14 20:12:29,EMP-0082,REG-01,PH-004,
RCT-0002552,TXN-0001446,RCP-00001446,Original,2026-06-14 20:14:34,EMP-0002,REG-05,PH-001,
RCT-0002553,TXN-0002399,RCP-00002399,Original,2026-06-14 20:20:11,EMP-0085,REG-02,PH-004,
RCT-0002554,TXN-0004863,RCP-00004863,Original,2026-06-14 20:43:04,EMP-0090,REG-06,PH-005,
RCT-0002555,TXN-0001290,RCP-00001290,Original,2026-06-14 20:49:27,EMP-0067,REG-02,PH-004,
RCT-0002556,TXN-0000864,RCP-00000864,Original,2026-06-14 20:53:27,EMP-0039,REG-03,PH-002,
RCT-0002557,TXN-0000062,RCP-00000062,Original,2026-06-14 20:56:03,EMP-0081,REG-02,PH-004,
RCT-0002558,TXN-0003152,RCP-00003152,Original,2026-06-14 21:38:29,EMP-0083,REG-03,PH-004,
RCT-0002559,TXN-0002136,RCP-00002136,Original,2026-06-14 21:39:28,EMP-0082,REG-06,PH-004,
RCT-0002560,TXN-0002881,RCP-00002881,Original,2026-06-14 21:41:53,EMP-0083,REG-04,PH-004,
RCT-0002561,TXN-0001550,RCP-00001550,Original,2026-06-15 08:57:22,EMP-0040,REG-02,PH-002,
RCT-0002562,TXN-0000552,RCP-00000552,Original,2026-06-15 08:57:37,EMP-0062,REG-01,PH-003,
RCT-0002563,TXN-0000537,RCP-00000537,Original,2026-06-15 09:19:38,EMP-0019,REG-04,PH-001,
RCT-0002564,TXN-0000537,RCP-00000537,Gift Receipt,2026-06-15 09:20:38,EMP-0019,REG-04,PH-001,
RCT-0002565,TXN-0001924,RCP-00001924,Original,2026-06-15 09:42:38,EMP-0067,REG-02,PH-004,
RCT-0002566,TXN-0002452,RCP-00002452,Original,2026-06-15 09:50:10,EMP-0104,REG-03,PH-005,
RCT-0002567,TXN-0001359,RCP-00001359,Original,2026-06-15 10:10:53,EMP-0041,REG-01,PH-002,
RCT-0002568,TXN-0001923,RCP-00001923,Original,2026-06-15 10:21:51,EMP-0039,REG-04,PH-002,
RCT-0002569,TXN-0004019,RCP-00004019,Original,2026-06-15 10:24:49,EMP-0046,REG-06,PH-003,
RCT-0002570,TXN-0004737,RCP-00004737,Original,2026-06-15 10:27:57,EMP-0012,REG-04,PH-001,
RCT-0002571,TXN-0003972,RCP-00003972,Original,2026-06-15 10:47:50,EMP-0019,REG-05,PH-001,
RCT-0002572,TXN-0004946,RCP-00004946,Original,2026-06-15 11:00:58,EMP-0084,REG-05,PH-004,
RCT-0002573,TXN-0000081,RCP-00000081,Original,2026-06-15 11:04:08,EMP-0104,REG-05,PH-005,
RCT-0002574,TXN-0002951,RCP-00002951,Original,2026-06-15 11:04:09,EMP-0034,REG-03,PH-002,
RCT-0002575,TXN-0003918,RCP-00003918,Original,2026-06-15 11:24:12,EMP-0067,REG-04,PH-004,
RCT-0002576,TXN-0003478,RCP-00003478,Original,2026-06-15 12:30:13,EMP-0082,REG-02,PH-004,
RCT-0002577,TXN-0001117,RCP-00001117,Original,2026-06-15 12:31:24,EMP-0037,REG-01,PH-002,
RCT-0002578,TXN-0002273,RCP-00002273,Original,2026-06-15 12:38:14,EMP-0064,REG-06,PH-003,
RCT-0002579,TXN-0004292,RCP-00004292,Original,2026-06-15 12:38:42,EMP-0036,REG-02,PH-002,
RCT-0002580,TXN-0000986,RCP-00000986,Original,2026-06-15 12:45:35,EMP-0046,REG-06,PH-003,
RCT-0002581,TXN-0002508,RCP-00002508,Original,2026-06-15 13:02:46,EMP-0018,REG-01,PH-001,
RCT-0002582,TXN-0003750,RCP-00003750,Original,2026-06-15 13:15:13,EMP-0069,REG-06,PH-004,
RCT-0002583,TXN-0002929,RCP-00002929,Original,2026-06-15 13:17:17,EMP-0086,REG-01,PH-004,
RCT-0002584,TXN-0000861,RCP-00000861,Original,2026-06-15 13:37:26,EMP-0023,REG-03,PH-002,
RCT-0002585,TXN-0003774,RCP-00003774,Original,2026-06-15 13:45:47,EMP-0104,REG-06,PH-005,
RCT-0002586,TXN-0000378,RCP-00000378,Original,2026-06-15 13:58:44,EMP-0063,REG-03,PH-003,
RCT-0002587,TXN-0000608,RCP-00000608,Original,2026-06-15 14:10:06,EMP-0083,REG-04,PH-004,
RCT-0002588,TXN-0002734,RCP-00002734,Original,2026-06-15 14:14:50,EMP-0006,REG-03,PH-001,
RCT-0002589,TXN-0002917,RCP-00002917,Original,2026-06-15 15:30:56,EMP-0100,REG-06,PH-005,
RCT-0002590,TXN-0001444,RCP-00001444,Original,2026-06-15 15:33:01,EMP-0100,REG-03,PH-005,
RCT-0002591,TXN-0003836,RCP-00003836,Original,2026-06-15 15:33:42,EMP-0108,REG-04,PH-005,
RCT-0002592,TXN-0000193,RCP-00000193,Original,2026-06-15 15:53:31,EMP-0104,REG-02,PH-005,
RCT-0002593,TXN-0004295,RCP-00004295,Original,2026-06-15 15:56:12,EMP-0025,REG-06,PH-002,
RCT-0002594,TXN-0004249,RCP-00004249,Reprint,2026-06-15 17:27:24,EMP-0096,REG-02,PH-005,Customer request
RCT-0002595,TXN-0002041,RCP-00002041,Original,2026-06-15 17:34:38,EMP-0082,REG-02,PH-004,
RCT-0002596,TXN-0000065,RCP-00000065,Original,2026-06-15 18:07:46,EMP-0067,REG-06,PH-004,
RCT-0002597,TXN-0004035,RCP-00004035,Original,2026-06-15 18:17:02,EMP-0069,REG-03,PH-004,
RCT-0002598,TXN-0002254,RCP-00002254,Original,2026-06-15 18:34:09,EMP-0012,REG-03,PH-001,
RCT-0002599,TXN-0001813,RCP-00001813,Original,2026-06-15 18:47:35,EMP-0086,REG-01,PH-004,
RCT-0002600,TXN-0000651,RCP-00000651,Original,2026-06-15 18:48:01,EMP-0015,REG-06,PH-001,
RCT-0002601,TXN-0001987,RCP-00001987,Original,2026-06-15 19:14:30,EMP-0003,REG-03,PH-001,
RCT-0002602,TXN-0001850,RCP-00001850,Original,2026-06-15 19:22:47,EMP-0059,REG-02,PH-003,
RCT-0002603,TXN-0004102,RCP-00004102,Reprint,2026-06-15 19:35:20,EMP-0038,REG-06,PH-002,Lost receipt
RCT-0002604,TXN-0002376,RCP-00002376,Original,2026-06-15 19:40:03,EMP-0090,REG-03,PH-005,
RCT-0002605,TXN-0002933,RCP-00002933,Original,2026-06-15 19:54:56,EMP-0105,REG-03,PH-005,
RCT-0002606,TXN-0003865,RCP-00003865,Original,2026-06-15 20:11:50,EMP-0084,REG-05,PH-004,
RCT-0002607,TXN-0001685,RCP-00001685,Original,2026-06-15 20:18:25,EMP-0102,REG-01,PH-005,
RCT-0002608,TXN-0002562,RCP-00002562,Original,2026-06-15 20:19:51,EMP-0058,REG-02,PH-003,
RCT-0002609,TXN-0002562,RCP-00002562,Gift Receipt,2026-06-15 20:20:51,EMP-0058,REG-02,PH-003,
RCT-0002610,TXN-0003697,RCP-00003697,Original,2026-06-15 20:52:09,EMP-0041,REG-01,PH-002,
RCT-0002611,TXN-0000718,RCP-00000718,Original,2026-06-15 21:01:39,EMP-0047,REG-02,PH-003,
RCT-0002612,TXN-0002418,RCP-00002418,Original,2026-06-15 21:31:55,EMP-0069,REG-02,PH-004,
RCT-0002613,TXN-0002897,RCP-00002897,Original,2026-06-15 21:35:32,EMP-0019,REG-03,PH-001,
RCT-0002614,TXN-0002321,RCP-00002321,Original,2026-06-15 21:45:32,EMP-0086,REG-04,PH-004,
RCT-0002615,TXN-0000693,RCP-00000693,Original,2026-06-16 08:14:28,EMP-0038,REG-04,PH-002,
RCT-0002616,TXN-0002875,RCP-00002875,Original,2026-06-16 08:15:50,EMP-0103,REG-02,PH-005,
RCT-0002617,TXN-0002651,RCP-00002651,Original,2026-06-16 08:24:15,EMP-0081,REG-02,PH-004,
RCT-0002618,TXN-0001056,RCP-00001056,Original,2026-06-16 08:46:20,EMP-0104,REG-02,PH-005,
RCT-0002619,TXN-0002157,RCP-00002157,Original,2026-06-16 08:51:30,EMP-0016,REG-03,PH-001,
RCT-0002620,TXN-0003470,RCP-00003470,Original,2026-06-16 09:08:49,EMP-0040,REG-01,PH-002,
RCT-0002621,TXN-0000414,RCP-00000414,Original,2026-06-16 09:10:25,EMP-0034,REG-01,PH-002,
RCT-0002622,TXN-0000059,RCP-00000059,Original,2026-06-16 09:11:11,EMP-0014,REG-06,PH-001,
RCT-0002623,TXN-0000351,RCP-00000351,Original,2026-06-16 09:32:16,EMP-0019,REG-01,PH-001,
RCT-0002624,TXN-0000825,RCP-00000825,Original,2026-06-16 10:17:29,EMP-0059,REG-01,PH-003,
RCT-0002625,TXN-0003302,RCP-00003302,Original,2026-06-16 10:25:09,EMP-0067,REG-06,PH-004,
RCT-0002626,TXN-0004161,RCP-00004161,Original,2026-06-16 10:32:36,EMP-0057,REG-01,PH-003,
RCT-0002627,TXN-0000321,RCP-00000321,Original,2026-06-16 10:33:04,EMP-0063,REG-04,PH-003,
RCT-0002628,TXN-0002778,RCP-00002778,Original,2026-06-16 10:54:36,EMP-0068,REG-04,PH-004,
RCT-0002629,TXN-0003238,RCP-00003238,Original,2026-06-16 12:10:09,EMP-0101,REG-06,PH-005,
RCT-0002630,TXN-0000543,RCP-00000543,Original,2026-06-16 12:13:14,EMP-0062,REG-06,PH-003,
RCT-0002631,TXN-0003928,RCP-00003928,Original,2026-06-16 12:26:04,EMP-0101,REG-05,PH-005,
RCT-0002632,TXN-0003003,RCP-00003003,Original,2026-06-16 12:36:33,EMP-0085,REG-02,PH-004,
RCT-0002633,TXN-0000820,RCP-00000820,Original,2026-06-16 13:24:47,EMP-0038,REG-01,PH-002,
RCT-0002634,TXN-0002969,RCP-00002969,Original,2026-06-16 14:05:12,EMP-0105,REG-03,PH-005,
RCT-0002635,TXN-0003717,RCP-00003717,Original,2026-06-16 14:27:57,EMP-0103,REG-01,PH-005,
RCT-0002636,TXN-0001405,RCP-00001405,Original,2026-06-16 14:32:00,EMP-0107,REG-06,PH-005,
RCT-0002637,TXN-0001285,RCP-00001285,Original,2026-06-16 14:41:37,EMP-0019,REG-06,PH-001,
RCT-0002638,TXN-0003565,RCP-00003565,Original,2026-06-16 15:06:14,EMP-0101,REG-02,PH-005,
RCT-0002639,TXN-0004980,RCP-00004980,Original,2026-06-16 15:10:56,EMP-0089,REG-04,PH-005,
RCT-0002640,TXN-0004980,RCP-00004980,Gift Receipt,2026-06-16 15:11:56,EMP-0089,REG-04,PH-005,
RCT-0002641,TXN-0003693,RCP-00003693,Original,2026-06-16 15:17:26,EMP-0006,REG-05,PH-001,
RCT-0002642,TXN-0004664,RCP-00004664,Original,2026-06-16 15:42:38,EMP-0037,REG-04,PH-002,
RCT-0002643,TXN-0000458,RCP-00000458,Original,2026-06-16 15:59:52,EMP-0068,REG-06,PH-004,
RCT-0002644,TXN-0001126,RCP-00001126,Original,2026-06-16 16:11:43,EMP-0017,REG-05,PH-001,
RCT-0002645,TXN-0001868,RCP-00001868,Original,2026-06-16 16:21:10,EMP-0104,REG-02,PH-005,
RCT-0002646,TXN-0002194,RCP-00002194,Original,2026-06-16 16:39:48,EMP-0082,REG-04,PH-004,
RCT-0002647,TXN-0002717,RCP-00002717,Original,2026-06-16 16:58:46,EMP-0103,REG-04,PH-005,
RCT-0002648,TXN-0002646,RCP-00002646,Original,2026-06-16 17:19:26,EMP-0082,REG-06,PH-004,
RCT-0002649,TXN-0002646,RCP-00002646,Gift Receipt,2026-06-16 17:20:26,EMP-0082,REG-06,PH-004,
RCT-0002650,TXN-0001565,RCP-00001565,Original,2026-06-16 17:39:32,EMP-0084,REG-05,PH-004,
RCT-0002651,TXN-0001392,RCP-00001392,Original,2026-06-16 17:40:38,EMP-0104,REG-04,PH-005,
RCT-0002652,TXN-0004718,RCP-00004718,Original,2026-06-16 17:56:57,EMP-0061,REG-04,PH-003,
RCT-0002653,TXN-0002317,RCP-00002317,Original,2026-06-16 18:07:39,EMP-0018,REG-02,PH-001,
RCT-0002654,TXN-0001045,RCP-00001045,Original,2026-06-16 18:14:35,EMP-0101,REG-05,PH-005,
RCT-0002655,TXN-0002343,RCP-00002343,Original,2026-06-16 18:14:47,EMP-0036,REG-02,PH-002,
RCT-0002656,TXN-0002580,RCP-00002580,Original,2026-06-16 18:19:15,EMP-0061,REG-06,PH-003,
RCT-0002657,TXN-0000740,RCP-00000740,Original,2026-06-16 18:23:39,EMP-0002,REG-03,PH-001,
RCT-0002658,TXN-0000740,RCP-00000740,Gift Receipt,2026-06-16 18:24:39,EMP-0002,REG-03,PH-001,
RCT-0002659,TXN-0004284,RCP-00004284,Original,2026-06-16 18:28:48,EMP-0037,REG-06,PH-002,
RCT-0002660,TXN-0001723,RCP-00001723,Original,2026-06-16 18:56:43,EMP-0002,REG-05,PH-001,
RCT-0002661,TXN-0001552,RCP-00001552,Original,2026-06-16 19:11:47,EMP-0020,REG-04,PH-001,
RCT-0002662,TXN-0002955,RCP-00002955,Original,2026-06-16 19:14:33,EMP-0101,REG-04,PH-005,
RCT-0002663,TXN-0002542,RCP-00002542,Original,2026-06-16 19:23:15,EMP-0061,REG-05,PH-003,
RCT-0002664,TXN-0003689,RCP-00003689,Original,2026-06-16 19:48:43,EMP-0069,REG-01,PH-004,
RCT-0002665,TXN-0002680,RCP-00002680,Original,2026-06-16 19:52:53,EMP-0101,REG-05,PH-005,
RCT-0002666,TXN-0001193,RCP-00001193,Reprint,2026-06-16 19:57:23,EMP-0025,REG-04,PH-002,Lost receipt
RCT-0002667,TXN-0004324,RCP-00004324,Original,2026-06-16 20:10:43,EMP-0001,REG-04,PH-001,
RCT-0002668,TXN-0003585,RCP-00003585,Original,2026-06-16 20:28:54,EMP-0105,REG-01,PH-005,
RCT-0002669,TXN-0000302,RCP-00000302,Original,2026-06-16 20:30:48,EMP-0042,REG-02,PH-002,
RCT-0002670,TXN-0004844,RCP-00004844,Original,2026-06-16 20:42:03,EMP-0089,REG-02,PH-005,
RCT-0002671,TXN-0004091,RCP-00004091,Original,2026-06-16 20:49:07,EMP-0068,REG-04,PH-004,
RCT-0002672,TXN-0002527,RCP-00002527,Original,2026-06-16 20:59:42,EMP-0038,REG-02,PH-002,
RCT-0002673,TXN-0000028,RCP-00000028,Original,2026-06-16 21:15:52,EMP-0013,REG-01,PH-001,
RCT-0002674,TXN-0001553,RCP-00001553,Original,2026-06-16 21:42:42,EMP-0105,REG-04,PH-005,
RCT-0002675,TXN-0001553,RCP-00001553,Gift Receipt,2026-06-16 21:43:42,EMP-0105,REG-04,PH-005,
RCT-0002676,TXN-0001853,RCP-00001853,Original,2026-06-17 09:23:48,EMP-0012,REG-04,PH-001,
RCT-0002677,TXN-0003985,RCP-00003985,Original,2026-06-17 09:32:34,EMP-0013,REG-04,PH-001,
RCT-0002678,TXN-0000948,RCP-00000948,Original,2026-06-17 09:51:22,EMP-0001,REG-05,PH-001,
RCT-0002679,TXN-0002374,RCP-00002374,Original,2026-06-17 09:52:09,EMP-0107,REG-04,PH-005,
RCT-0002680,TXN-0004971,RCP-00004971,Original,2026-06-17 09:59:11,EMP-0068,REG-04,PH-004,
RCT-0002681,TXN-0003784,RCP-00003784,Original,2026-06-17 09:59:30,EMP-0067,REG-05,PH-004,
RCT-0002682,TXN-0000576,RCP-00000576,Original,2026-06-17 10:16:03,EMP-0103,REG-02,PH-005,
RCT-0002683,TXN-0001465,RCP-00001465,Original,2026-06-17 10:19:21,EMP-0067,REG-05,PH-004,
RCT-0002684,TXN-0001866,RCP-00001866,Original,2026-06-17 10:20:27,EMP-0056,REG-06,PH-003,
RCT-0002685,TXN-0004801,RCP-00004801,Original,2026-06-17 10:38:10,EMP-0006,REG-01,PH-001,
RCT-0002686,TXN-0004122,RCP-00004122,Original,2026-06-17 10:45:46,EMP-0101,REG-01,PH-005,
RCT-0002687,TXN-0003156,RCP-00003156,Original,2026-06-17 10:59:31,EMP-0002,REG-01,PH-001,
RCT-0002688,TXN-0000789,RCP-00000789,Original,2026-06-17 11:09:48,EMP-0067,REG-06,PH-004,
RCT-0002689,TXN-0001712,RCP-00001712,Original,2026-06-17 11:22:44,EMP-0013,REG-02,PH-001,
RCT-0002690,TXN-0001531,RCP-00001531,Original,2026-06-17 11:35:46,EMP-0081,REG-04,PH-004,
RCT-0002691,TXN-0003867,RCP-00003867,Original,2026-06-17 11:47:26,EMP-0086,REG-06,PH-004,
RCT-0002692,TXN-0004719,RCP-00004719,Original,2026-06-17 11:56:25,EMP-0083,REG-04,PH-004,
RCT-0002693,TXN-0000711,RCP-00000711,Original,2026-06-17 12:11:34,EMP-0086,REG-02,PH-004,
RCT-0002694,TXN-0003074,RCP-00003074,Original,2026-06-17 12:15:01,EMP-0090,REG-06,PH-005,
RCT-0002695,TXN-0000834,RCP-00000834,Original,2026-06-17 12:15:29,EMP-0047,REG-02,PH-003,
RCT-0002696,TXN-0004435,RCP-00004435,Original,2026-06-17 12:31:20,EMP-0083,REG-01,PH-004,
RCT-0002697,TXN-0004435,RCP-00004435,Gift Receipt,2026-06-17 12:32:20,EMP-0083,REG-01,PH-004,
RCT-0002698,TXN-0000759,RCP-00000759,Original,2026-06-17 12:51:53,EMP-0057,REG-02,PH-003,
RCT-0002699,TXN-0001254,RCP-00001254,Original,2026-06-17 12:56:16,EMP-0080,REG-01,PH-004,
RCT-0002700,TXN-0004341,RCP-00004341,Original,2026-06-17 13:14:52,EMP-0069,REG-02,PH-004,
RCT-0002701,TXN-0004897,RCP-00004897,Original,2026-06-17 13:16:41,EMP-0039,REG-05,PH-002,
RCT-0002702,TXN-0000827,RCP-00000827,Original,2026-06-17 13:18:14,EMP-0101,REG-02,PH-005,
RCT-0002703,TXN-0001307,RCP-00001307,Original,2026-06-17 13:23:12,EMP-0047,REG-02,PH-003,
RCT-0002704,TXN-0001794,RCP-00001794,Original,2026-06-17 13:50:41,EMP-0041,REG-03,PH-002,
RCT-0002705,TXN-0004908,RCP-00004908,Original,2026-06-17 13:55:18,EMP-0063,REG-04,PH-003,
RCT-0002706,TXN-0001849,RCP-00001849,Original,2026-06-17 14:13:43,EMP-0024,REG-04,PH-002,
RCT-0002707,TXN-0000264,RCP-00000264,Original,2026-06-17 14:23:21,EMP-0035,REG-05,PH-002,
RCT-0002708,TXN-0001398,RCP-00001398,Original,2026-06-17 14:46:40,EMP-0041,REG-04,PH-002,
RCT-0002709,TXN-0001546,RCP-00001546,Original,2026-06-17 14:49:14,EMP-0107,REG-05,PH-005,
RCT-0002710,TXN-0003902,RCP-00003902,Original,2026-06-17 14:53:44,EMP-0102,REG-04,PH-005,
RCT-0002711,TXN-0003982,RCP-00003982,Original,2026-06-17 15:11:32,EMP-0062,REG-04,PH-003,
RCT-0002712,TXN-0003483,RCP-00003483,Original,2026-06-17 15:27:10,EMP-0038,REG-02,PH-002,
RCT-0002713,TXN-0000417,RCP-00000417,Original,2026-06-17 15:39:00,EMP-0013,REG-02,PH-001,
RCT-0002714,TXN-0004062,RCP-00004062,Original,2026-06-17 15:40:34,EMP-0078,REG-02,PH-004,
RCT-0002715,TXN-0002738,RCP-00002738,Original,2026-06-17 15:51:12,EMP-0013,REG-02,PH-001,
RCT-0002716,TXN-0000418,RCP-00000418,Original,2026-06-17 16:59:06,EMP-0102,REG-02,PH-005,
RCT-0002717,TXN-0000392,RCP-00000392,Original,2026-06-17 18:02:55,EMP-0103,REG-03,PH-005,
RCT-0002718,TXN-0004701,RCP-00004701,Original,2026-06-17 18:31:22,EMP-0067,REG-01,PH-004,
RCT-0002719,TXN-0003385,RCP-00003385,Original,2026-06-17 18:33:00,EMP-0056,REG-05,PH-003,
RCT-0002720,TXN-0001518,RCP-00001518,Original,2026-06-17 18:41:40,EMP-0006,REG-05,PH-001,
RCT-0002721,TXN-0002645,RCP-00002645,Original,2026-06-17 18:53:51,EMP-0069,REG-01,PH-004,
RCT-0002722,TXN-0001519,RCP-00001519,Original,2026-06-17 18:56:33,EMP-0068,REG-02,PH-004,
RCT-0002723,TXN-0000614,RCP-00000614,Original,2026-06-17 19:07:58,EMP-0080,REG-02,PH-004,
RCT-0002724,TXN-0003067,RCP-00003067,Original,2026-06-17 19:45:53,EMP-0036,REG-05,PH-002,
RCT-0002725,TXN-0001705,RCP-00001705,Original,2026-06-17 19:59:16,EMP-0108,REG-05,PH-005,
RCT-0002726,TXN-0004791,RCP-00004791,Original,2026-06-17 20:03:04,EMP-0108,REG-02,PH-005,
RCT-0002727,TXN-0002864,RCP-00002864,Original,2026-06-17 20:08:52,EMP-0084,REG-05,PH-004,
RCT-0002728,TXN-0003133,RCP-00003133,Original,2026-06-17 20:09:49,EMP-0035,REG-02,PH-002,
RCT-0002729,TXN-0001566,RCP-00001566,Original,2026-06-17 20:16:54,EMP-0006,REG-05,PH-001,
RCT-0002730,TXN-0001136,RCP-00001136,Original,2026-06-17 20:25:05,EMP-0089,REG-05,PH-005,
RCT-0002731,TXN-0002081,RCP-00002081,Original,2026-06-17 20:45:04,EMP-0062,REG-06,PH-003,
RCT-0002732,TXN-0002676,RCP-00002676,Original,2026-06-17 20:58:17,EMP-0025,REG-06,PH-002,
RCT-0002733,TXN-0002131,RCP-00002131,Original,2026-06-17 21:26:38,EMP-0104,REG-05,PH-005,
RCT-0002734,TXN-0002843,RCP-00002843,Original,2026-06-17 21:27:35,EMP-0079,REG-01,PH-004,
RCT-0002735,TXN-0003329,RCP-00003329,Original,2026-06-17 21:32:20,EMP-0106,REG-03,PH-005,
RCT-0002736,TXN-0000052,RCP-00000052,Original,2026-06-17 21:45:13,EMP-0001,REG-03,PH-001,
RCT-0002737,TXN-0003155,RCP-00003155,Original,2026-06-17 21:49:11,EMP-0089,REG-03,PH-005,
RCT-0002738,TXN-0002942,RCP-00002942,Reprint,2026-06-17 23:52:02,EMP-0106,REG-05,PH-005,Printer jam
RCT-0002739,TXN-0002790,RCP-00002790,Original,2026-06-18 08:09:34,EMP-0016,REG-05,PH-001,
RCT-0002740,TXN-0002174,RCP-00002174,Original,2026-06-18 08:24:19,EMP-0067,REG-01,PH-004,
RCT-0002741,TXN-0002140,RCP-00002140,Original,2026-06-18 09:11:04,EMP-0089,REG-02,PH-005,
RCT-0002742,TXN-0001336,RCP-00001336,Original,2026-06-18 09:11:52,EMP-0068,REG-04,PH-004,
RCT-0002743,TXN-0003273,RCP-00003273,Original,2026-06-18 09:23:32,EMP-0107,REG-04,PH-005,
RCT-0002744,TXN-0001083,RCP-00001083,Original,2026-06-18 09:35:55,EMP-0063,REG-06,PH-003,
RCT-0002745,TXN-0004914,RCP-00004914,Original,2026-06-18 09:36:19,EMP-0086,REG-04,PH-004,
RCT-0002746,TXN-0000481,RCP-00000481,Original,2026-06-18 09:53:53,EMP-0105,REG-01,PH-005,
RCT-0002747,TXN-0003641,RCP-00003641,Original,2026-06-18 10:14:06,EMP-0017,REG-04,PH-001,
RCT-0002748,TXN-0000085,RCP-00000085,Original,2026-06-18 10:33:49,EMP-0082,REG-03,PH-004,
RCT-0002749,TXN-0003147,RCP-00003147,Original,2026-06-18 10:42:06,EMP-0045,REG-01,PH-003,
RCT-0002750,TXN-0001460,RCP-00001460,Original,2026-06-18 10:50:16,EMP-0046,REG-03,PH-003,
RCT-0002751,TXN-0003203,RCP-00003203,Original,2026-06-18 10:54:15,EMP-0069,REG-03,PH-004,
RCT-0002752,TXN-0002505,RCP-00002505,Original,2026-06-18 11:24:34,EMP-0037,REG-06,PH-002,
RCT-0002753,TXN-0000656,RCP-00000656,Original,2026-06-18 11:32:57,EMP-0002,REG-05,PH-001,
RCT-0002754,TXN-0000596,RCP-00000596,Original,2026-06-18 11:40:10,EMP-0067,REG-01,PH-004,
RCT-0002755,TXN-0004613,RCP-00004613,Original,2026-06-18 11:51:25,EMP-0006,REG-04,PH-001,
RCT-0002756,TXN-0002958,RCP-00002958,Original,2026-06-18 11:56:55,EMP-0040,REG-04,PH-002,
RCT-0002757,TXN-0003158,RCP-00003158,Original,2026-06-18 12:41:40,EMP-0057,REG-04,PH-003,
RCT-0002758,TXN-0000761,RCP-00000761,Original,2026-06-18 13:17:33,EMP-0100,REG-03,PH-005,
RCT-0002759,TXN-0002535,RCP-00002535,Original,2026-06-18 13:19:43,EMP-0089,REG-01,PH-005,
RCT-0002760,TXN-0002480,RCP-00002480,Original,2026-06-18 13:19:51,EMP-0105,REG-04,PH-005,
RCT-0002761,TXN-0001852,RCP-00001852,Original,2026-06-18 13:35:23,EMP-0062,REG-06,PH-003,
RCT-0002762,TXN-0004966,RCP-00004966,Original,2026-06-18 13:41:37,EMP-0040,REG-01,PH-002,
RCT-0002763,TXN-0004170,RCP-00004170,Original,2026-06-18 14:30:25,EMP-0089,REG-05,PH-005,
RCT-0002764,TXN-0001819,RCP-00001819,Original,2026-06-18 14:42:09,EMP-0012,REG-05,PH-001,
RCT-0002765,TXN-0000308,RCP-00000308,Original,2026-06-18 15:51:29,EMP-0082,REG-06,PH-004,
RCT-0002766,TXN-0003256,RCP-00003256,Original,2026-06-18 15:55:52,EMP-0036,REG-01,PH-002,
RCT-0002767,TXN-0000899,RCP-00000899,Original,2026-06-18 15:56:36,EMP-0037,REG-05,PH-002,
RCT-0002768,TXN-0001838,RCP-00001838,Original,2026-06-18 15:58:31,EMP-0025,REG-04,PH-002,
RCT-0002769,TXN-0003253,RCP-00003253,Original,2026-06-18 16:19:39,EMP-0056,REG-04,PH-003,
RCT-0002770,TXN-0001752,RCP-00001752,Original,2026-06-18 16:38:19,EMP-0003,REG-01,PH-001,
RCT-0002771,TXN-0004101,RCP-00004101,Original,2026-06-18 17:40:14,EMP-0041,REG-06,PH-002,
RCT-0002772,TXN-0002833,RCP-00002833,Original,2026-06-18 17:50:03,EMP-0061,REG-03,PH-003,
RCT-0002773,TXN-0001272,RCP-00001272,Original,2026-06-18 17:50:18,EMP-0038,REG-01,PH-002,
RCT-0002774,TXN-0002011,RCP-00002011,Original,2026-06-18 18:35:10,EMP-0024,REG-04,PH-002,
RCT-0002775,TXN-0002314,RCP-00002314,Original,2026-06-18 18:39:11,EMP-0056,REG-05,PH-003,
RCT-0002776,TXN-0001722,RCP-00001722,Original,2026-06-18 18:44:44,EMP-0056,REG-02,PH-003,
RCT-0002777,TXN-0001948,RCP-00001948,Original,2026-06-18 19:00:01,EMP-0024,REG-03,PH-002,
RCT-0002778,TXN-0003952,RCP-00003952,Original,2026-06-18 19:07:56,EMP-0003,REG-03,PH-001,
RCT-0002779,TXN-0000016,RCP-00000016,Original,2026-06-18 19:13:22,EMP-0090,REG-05,PH-005,
RCT-0002780,TXN-0001234,RCP-00001234,Original,2026-06-18 19:25:10,EMP-0101,REG-01,PH-005,
RCT-0002781,TXN-0004154,RCP-00004154,Original,2026-06-18 19:42:45,EMP-0020,REG-02,PH-001,
RCT-0002782,TXN-0002938,RCP-00002938,Original,2026-06-18 20:10:45,EMP-0064,REG-01,PH-003,
RCT-0002783,TXN-0000008,RCP-00000008,Original,2026-06-18 20:23:42,EMP-0085,REG-04,PH-004,
RCT-0002784,TXN-0002037,RCP-00002037,Original,2026-06-18 20:29:37,EMP-0090,REG-03,PH-005,
RCT-0002785,TXN-0000474,RCP-00000474,Original,2026-06-18 20:41:01,EMP-0083,REG-03,PH-004,
RCT-0002786,TXN-0000474,RCP-00000474,Gift Receipt,2026-06-18 20:42:01,EMP-0083,REG-03,PH-004,
RCT-0002787,TXN-0000287,RCP-00000287,Original,2026-06-18 20:45:25,EMP-0082,REG-01,PH-004,
RCT-0002788,TXN-0001794,RCP-00001794,Reprint,2026-06-18 20:49:41,EMP-0040,REG-04,PH-002,Customer request
RCT-0002789,TXN-0001175,RCP-00001175,Original,2026-06-18 20:54:34,EMP-0083,REG-05,PH-004,
RCT-0002790,TXN-0004937,RCP-00004937,Original,2026-06-18 20:56:50,EMP-0069,REG-05,PH-004,
RCT-0002791,TXN-0003227,RCP-00003227,Original,2026-06-18 21:03:26,EMP-0104,REG-05,PH-005,
RCT-0002792,TXN-0004735,RCP-00004735,Original,2026-06-18 21:16:58,EMP-0006,REG-01,PH-001,
RCT-0002793,TXN-0000540,RCP-00000540,Original,2026-06-18 21:21:33,EMP-0039,REG-02,PH-002,
RCT-0002794,TXN-0000526,RCP-00000526,Original,2026-06-18 21:28:43,EMP-0089,REG-04,PH-005,
RCT-0002795,TXN-0002625,RCP-00002625,Reprint,2026-06-19 03:22:34,EMP-0038,REG-04,PH-002,Printer jam
RCT-0002796,TXN-0001409,RCP-00001409,Original,2026-06-19 08:12:38,EMP-0080,REG-04,PH-004,
RCT-0002797,TXN-0001292,RCP-00001292,Original,2026-06-19 08:17:49,EMP-0082,REG-01,PH-004,
RCT-0002798,TXN-0001597,RCP-00001597,Original,2026-06-19 08:24:08,EMP-0046,REG-04,PH-003,
RCT-0002799,TXN-0001142,RCP-00001142,Original,2026-06-19 08:48:37,EMP-0067,REG-03,PH-004,
RCT-0002800,TXN-0001463,RCP-00001463,Original,2026-06-19 09:02:49,EMP-0080,REG-03,PH-004,
RCT-0002801,TXN-0001840,RCP-00001840,Original,2026-06-19 09:04:46,EMP-0039,REG-01,PH-002,
RCT-0002802,TXN-0000946,RCP-00000946,Original,2026-06-19 10:02:46,EMP-0015,REG-05,PH-001,
RCT-0002803,TXN-0003492,RCP-00003492,Original,2026-06-19 10:09:09,EMP-0067,REG-02,PH-004,
RCT-0002804,TXN-0002021,RCP-00002021,Original,2026-06-19 10:16:04,EMP-0037,REG-06,PH-002,
RCT-0002805,TXN-0002650,RCP-00002650,Original,2026-06-19 10:22:12,EMP-0023,REG-02,PH-002,
RCT-0002806,TXN-0003809,RCP-00003809,Original,2026-06-19 10:24:21,EMP-0084,REG-02,PH-004,
RCT-0002807,TXN-0000485,RCP-00000485,Original,2026-06-19 10:33:20,EMP-0023,REG-03,PH-002,
RCT-0002808,TXN-0000673,RCP-00000673,Original,2026-06-19 11:13:49,EMP-0015,REG-03,PH-001,
RCT-0002809,TXN-0002571,RCP-00002571,Original,2026-06-19 11:16:23,EMP-0023,REG-03,PH-002,
RCT-0002810,TXN-0003001,RCP-00003001,Original,2026-06-19 11:19:51,EMP-0058,REG-02,PH-003,
RCT-0002811,TXN-0000323,RCP-00000323,Original,2026-06-19 11:33:32,EMP-0091,REG-05,PH-005,
RCT-0002812,TXN-0004760,RCP-00004760,Original,2026-06-19 11:53:44,EMP-0040,REG-01,PH-002,
RCT-0002813,TXN-0004081,RCP-00004081,Original,2026-06-19 11:55:09,EMP-0091,REG-05,PH-005,
RCT-0002814,TXN-0000349,RCP-00000349,Original,2026-06-19 12:19:03,EMP-0041,REG-01,PH-002,
RCT-0002815,TXN-0002785,RCP-00002785,Original,2026-06-19 12:33:23,EMP-0081,REG-04,PH-004,
RCT-0002816,TXN-0003838,RCP-00003838,Original,2026-06-19 13:06:31,EMP-0102,REG-02,PH-005,
RCT-0002817,TXN-0002504,RCP-00002504,Original,2026-06-19 13:13:54,EMP-0105,REG-04,PH-005,
RCT-0002818,TXN-0002839,RCP-00002839,Reprint,2026-06-19 13:19:51,EMP-0088,REG-02,PH-004,Printer jam
RCT-0002819,TXN-0001164,RCP-00001164,Original,2026-06-19 13:21:44,EMP-0036,REG-03,PH-002,
RCT-0002820,TXN-0000222,RCP-00000222,Original,2026-06-19 13:40:12,EMP-0062,REG-02,PH-003,
RCT-0002821,TXN-0003820,RCP-00003820,Original,2026-06-19 13:50:05,EMP-0107,REG-05,PH-005,
RCT-0002822,TXN-0002581,RCP-00002581,Original,2026-06-19 13:53:15,EMP-0016,REG-02,PH-001,
RCT-0002823,TXN-0002866,RCP-00002866,Original,2026-06-19 14:14:36,EMP-0100,REG-06,PH-005,
RCT-0002824,TXN-0002436,RCP-00002436,Original,2026-06-19 14:15:10,EMP-0017,REG-02,PH-001,
RCT-0002825,TXN-0002436,RCP-00002436,Gift Receipt,2026-06-19 14:16:10,EMP-0017,REG-02,PH-001,
RCT-0002826,TXN-0002759,RCP-00002759,Original,2026-06-19 14:17:16,EMP-0042,REG-02,PH-002,
RCT-0002827,TXN-0001599,RCP-00001599,Original,2026-06-19 14:19:54,EMP-0102,REG-04,PH-005,
RCT-0002828,TXN-0002299,RCP-00002299,Original,2026-06-19 15:00:39,EMP-0100,REG-02,PH-005,
RCT-0002829,TXN-0001325,RCP-00001325,Original,2026-06-19 15:05:51,EMP-0083,REG-04,PH-004,
RCT-0002830,TXN-0003549,RCP-00003549,Original,2026-06-19 15:45:26,EMP-0046,REG-03,PH-003,
RCT-0002831,TXN-0000252,RCP-00000252,Original,2026-06-19 16:31:11,EMP-0103,REG-05,PH-005,
RCT-0002832,TXN-0003058,RCP-00003058,Original,2026-06-19 16:34:17,EMP-0013,REG-03,PH-001,
RCT-0002833,TXN-0003058,RCP-00003058,Gift Receipt,2026-06-19 16:35:17,EMP-0013,REG-03,PH-001,
RCT-0002834,TXN-0002326,RCP-00002326,Original,2026-06-19 16:36:58,EMP-0015,REG-04,PH-001,
RCT-0002835,TXN-0001227,RCP-00001227,Original,2026-06-19 16:37:21,EMP-0083,REG-03,PH-004,
RCT-0002836,TXN-0004351,RCP-00004351,Original,2026-06-19 16:54:26,EMP-0002,REG-06,PH-001,
RCT-0002837,TXN-0001968,RCP-00001968,Original,2026-06-19 17:16:26,EMP-0058,REG-05,PH-003,
RCT-0002838,TXN-0002016,RCP-00002016,Original,2026-06-19 17:27:00,EMP-0024,REG-05,PH-002,
RCT-0002839,TXN-0000336,RCP-00000336,Original,2026-06-19 17:49:58,EMP-0047,REG-04,PH-003,
RCT-0002840,TXN-0000336,RCP-00000336,Gift Receipt,2026-06-19 17:50:58,EMP-0047,REG-04,PH-003,
RCT-0002841,TXN-0002230,RCP-00002230,Original,2026-06-19 17:54:01,EMP-0037,REG-06,PH-002,
RCT-0002842,TXN-0003516,RCP-00003516,Original,2026-06-19 18:00:47,EMP-0058,REG-02,PH-003,
RCT-0002843,TXN-0001835,RCP-00001835,Original,2026-06-19 18:10:53,EMP-0040,REG-03,PH-002,
RCT-0002844,TXN-0001979,RCP-00001979,Original,2026-06-19 18:15:49,EMP-0069,REG-05,PH-004,
RCT-0002845,TXN-0001288,RCP-00001288,Original,2026-06-19 18:22:01,EMP-0039,REG-05,PH-002,
RCT-0002846,TXN-0002238,RCP-00002238,Original,2026-06-19 18:28:04,EMP-0001,REG-01,PH-001,
RCT-0002847,TXN-0004457,RCP-00004457,Original,2026-06-19 18:32:41,EMP-0023,REG-02,PH-002,
RCT-0002848,TXN-0002801,RCP-00002801,Original,2026-06-19 18:37:59,EMP-0016,REG-02,PH-001,
RCT-0002849,TXN-0000560,RCP-00000560,Original,2026-06-19 18:40:02,EMP-0020,REG-03,PH-001,
RCT-0002850,TXN-0004521,RCP-00004521,Original,2026-06-19 18:52:42,EMP-0024,REG-02,PH-002,
RCT-0002851,TXN-0000400,RCP-00000400,Original,2026-06-19 18:56:35,EMP-0069,REG-04,PH-004,
RCT-0002852,TXN-0003612,RCP-00003612,Original,2026-06-19 18:57:30,EMP-0069,REG-01,PH-004,
RCT-0002853,TXN-0002292,RCP-00002292,Original,2026-06-19 19:49:34,EMP-0035,REG-04,PH-002,
RCT-0002854,TXN-0002681,RCP-00002681,Reprint,2026-06-19 20:08:07,EMP-0054,REG-02,PH-003,Printer jam
RCT-0002855,TXN-0004057,RCP-00004057,Original,2026-06-19 20:29:39,EMP-0063,REG-06,PH-003,
RCT-0002856,TXN-0002783,RCP-00002783,Original,2026-06-19 20:46:15,EMP-0012,REG-02,PH-001,
RCT-0002857,TXN-0001180,RCP-00001180,Original,2026-06-19 20:46:33,EMP-0006,REG-01,PH-001,
RCT-0002858,TXN-0004929,RCP-00004929,Original,2026-06-19 21:27:07,EMP-0085,REG-03,PH-004,
RCT-0002859,TXN-0001744,RCP-00001744,Original,2026-06-19 21:38:33,EMP-0106,REG-02,PH-005,
RCT-0002860,TXN-0001980,RCP-00001980,Reprint,2026-06-20 01:03:38,EMP-0083,REG-03,PH-004,Printer jam
RCT-0002861,TXN-0003752,RCP-00003752,Original,2026-06-20 08:01:46,EMP-0013,REG-05,PH-001,
RCT-0002862,TXN-0002406,RCP-00002406,Original,2026-06-20 08:07:45,EMP-0042,REG-06,PH-002,
RCT-0002863,TXN-0003117,RCP-00003117,Original,2026-06-20 08:18:25,EMP-0020,REG-03,PH-001,
RCT-0002864,TXN-0003230,RCP-00003230,Original,2026-06-20 08:18:56,EMP-0025,REG-01,PH-002,
RCT-0002865,TXN-0000366,RCP-00000366,Original,2026-06-20 08:22:28,EMP-0034,REG-06,PH-002,
RCT-0002866,TXN-0002712,RCP-00002712,Original,2026-06-20 08:32:14,EMP-0003,REG-03,PH-001,
RCT-0002867,TXN-0003131,RCP-00003131,Original,2026-06-20 08:34:58,EMP-0101,REG-04,PH-005,
RCT-0002868,TXN-0004730,RCP-00004730,Original,2026-06-20 08:52:44,EMP-0067,REG-05,PH-004,
RCT-0002869,TXN-0004687,RCP-00004687,Original,2026-06-20 08:53:57,EMP-0089,REG-01,PH-005,
RCT-0002870,TXN-0002328,RCP-00002328,Original,2026-06-20 09:01:35,EMP-0016,REG-01,PH-001,
RCT-0002871,TXN-0002368,RCP-00002368,Original,2026-06-20 09:11:35,EMP-0042,REG-03,PH-002,
RCT-0002872,TXN-0000757,RCP-00000757,Original,2026-06-20 09:15:26,EMP-0061,REG-06,PH-003,
RCT-0002873,TXN-0000024,RCP-00000024,Original,2026-06-20 09:30:00,EMP-0063,REG-01,PH-003,
RCT-0002874,TXN-0002943,RCP-00002943,Original,2026-06-20 09:36:52,EMP-0046,REG-02,PH-003,
RCT-0002875,TXN-0001614,RCP-00001614,Original,2026-06-20 09:41:33,EMP-0089,REG-05,PH-005,
RCT-0002876,TXN-0001381,RCP-00001381,Original,2026-06-20 09:57:17,EMP-0108,REG-01,PH-005,
RCT-0002877,TXN-0001096,RCP-00001096,Original,2026-06-20 10:09:15,EMP-0036,REG-03,PH-002,
RCT-0002878,TXN-0004221,RCP-00004221,Original,2026-06-20 10:22:57,EMP-0041,REG-04,PH-002,
RCT-0002879,TXN-0002091,RCP-00002091,Original,2026-06-20 10:45:33,EMP-0025,REG-05,PH-002,
RCT-0002880,TXN-0000443,RCP-00000443,Original,2026-06-20 10:55:13,EMP-0101,REG-05,PH-005,
RCT-0002881,TXN-0004900,RCP-00004900,Original,2026-06-20 11:03:00,EMP-0057,REG-02,PH-003,
RCT-0002882,TXN-0002247,RCP-00002247,Original,2026-06-20 11:11:14,EMP-0057,REG-04,PH-003,
RCT-0002883,TXN-0000992,RCP-00000992,Original,2026-06-20 11:36:33,EMP-0018,REG-05,PH-001,
RCT-0002884,TXN-0003768,RCP-00003768,Original,2026-06-20 11:41:01,EMP-0046,REG-02,PH-003,
RCT-0002885,TXN-0000676,RCP-00000676,Original,2026-06-20 11:41:51,EMP-0083,REG-03,PH-004,
RCT-0002886,TXN-0003272,RCP-00003272,Original,2026-06-20 12:03:30,EMP-0058,REG-03,PH-003,
RCT-0002887,TXN-0004025,RCP-00004025,Original,2026-06-20 12:11:18,EMP-0034,REG-06,PH-002,
RCT-0002888,TXN-0001571,RCP-00001571,Original,2026-06-20 12:14:56,EMP-0082,REG-02,PH-004,
RCT-0002889,TXN-0004145,RCP-00004145,Original,2026-06-20 12:29:30,EMP-0069,REG-06,PH-004,
RCT-0002890,TXN-0001601,RCP-00001601,Original,2026-06-20 13:02:54,EMP-0081,REG-02,PH-004,
RCT-0002891,TXN-0003441,RCP-00003441,Original,2026-06-20 14:05:44,EMP-0039,REG-06,PH-002,
RCT-0002892,TXN-0001691,RCP-00001691,Original,2026-06-20 14:07:50,EMP-0056,REG-03,PH-003,
RCT-0002893,TXN-0004132,RCP-00004132,Original,2026-06-20 14:27:08,EMP-0001,REG-01,PH-001,
RCT-0002894,TXN-0002143,RCP-00002143,Original,2026-06-20 14:30:45,EMP-0013,REG-06,PH-001,
RCT-0002895,TXN-0000804,RCP-00000804,Original,2026-06-20 14:46:28,EMP-0018,REG-02,PH-001,
RCT-0002896,TXN-0004463,RCP-00004463,Reprint,2026-06-20 15:04:31,EMP-0099,REG-01,PH-005,Lost receipt
RCT-0002897,TXN-0001678,RCP-00001678,Original,2026-06-20 15:07:45,EMP-0013,REG-01,PH-001,
RCT-0002898,TXN-0002207,RCP-00002207,Original,2026-06-20 15:21:10,EMP-0016,REG-04,PH-001,
RCT-0002899,TXN-0001306,RCP-00001306,Original,2026-06-20 15:35:07,EMP-0108,REG-03,PH-005,
RCT-0002900,TXN-0000781,RCP-00000781,Original,2026-06-20 15:54:04,EMP-0089,REG-02,PH-005,
RCT-0002901,TXN-0000314,RCP-00000314,Original,2026-06-20 16:05:22,EMP-0080,REG-02,PH-004,
RCT-0002902,TXN-0002967,RCP-00002967,Original,2026-06-20 16:14:13,EMP-0100,REG-02,PH-005,
RCT-0002903,TXN-0001313,RCP-00001313,Original,2026-06-20 16:16:24,EMP-0038,REG-06,PH-002,
RCT-0002904,TXN-0000099,RCP-00000099,Original,2026-06-20 17:11:25,EMP-0019,REG-01,PH-001,
RCT-0002905,TXN-0001149,RCP-00001149,Original,2026-06-20 17:38:46,EMP-0079,REG-05,PH-004,
RCT-0002906,TXN-0003333,RCP-00003333,Original,2026-06-20 17:49:02,EMP-0061,REG-06,PH-003,
RCT-0002907,TXN-0004220,RCP-00004220,Original,2026-06-20 17:58:30,EMP-0089,REG-01,PH-005,
RCT-0002908,TXN-0003951,RCP-00003951,Original,2026-06-20 18:21:26,EMP-0040,REG-05,PH-002,
RCT-0002909,TXN-0002324,RCP-00002324,Original,2026-06-20 19:34:48,EMP-0047,REG-04,PH-003,
RCT-0002910,TXN-0000764,RCP-00000764,Original,2026-06-20 19:43:05,EMP-0105,REG-03,PH-005,
RCT-0002911,TXN-0003636,RCP-00003636,Original,2026-06-20 20:04:11,EMP-0062,REG-04,PH-003,
RCT-0002912,TXN-0003582,RCP-00003582,Original,2026-06-20 20:47:22,EMP-0107,REG-05,PH-005,
RCT-0002913,TXN-0004298,RCP-00004298,Original,2026-06-20 20:59:17,EMP-0059,REG-06,PH-003,
RCT-0002914,TXN-0003245,RCP-00003245,Original,2026-06-20 21:20:15,EMP-0069,REG-04,PH-004,
RCT-0002915,TXN-0000437,RCP-00000437,Original,2026-06-20 21:23:48,EMP-0037,REG-02,PH-002,
RCT-0002916,TXN-0001928,RCP-00001928,Original,2026-06-20 21:45:21,EMP-0040,REG-01,PH-002,
RCT-0002917,TXN-0000997,RCP-00000997,Original,2026-06-20 21:48:45,EMP-0083,REG-02,PH-004,
RCT-0002918,TXN-0001200,RCP-00001200,Original,2026-06-20 21:48:49,EMP-0025,REG-04,PH-002,
RCT-0002919,TXN-0004156,RCP-00004156,Original,2026-06-21 08:01:11,EMP-0016,REG-03,PH-001,
RCT-0002920,TXN-0003354,RCP-00003354,Original,2026-06-21 08:10:13,EMP-0091,REG-02,PH-005,
RCT-0002921,TXN-0000533,RCP-00000533,Original,2026-06-21 08:56:51,EMP-0019,REG-03,PH-001,
RCT-0002922,TXN-0002648,RCP-00002648,Original,2026-06-21 09:16:09,EMP-0064,REG-02,PH-003,
RCT-0002923,TXN-0002648,RCP-00002648,Gift Receipt,2026-06-21 09:17:09,EMP-0064,REG-02,PH-003,
RCT-0002924,TXN-0003332,RCP-00003332,Original,2026-06-21 09:18:02,EMP-0079,REG-01,PH-004,
RCT-0002925,TXN-0002291,RCP-00002291,Original,2026-06-21 09:19:59,EMP-0014,REG-04,PH-001,
RCT-0002926,TXN-0004468,RCP-00004468,Original,2026-06-21 09:26:43,EMP-0061,REG-02,PH-003,
RCT-0002927,TXN-0003926,RCP-00003926,Original,2026-06-21 09:28:19,EMP-0039,REG-01,PH-002,
RCT-0002928,TXN-0004705,RCP-00004705,Original,2026-06-21 10:00:42,EMP-0041,REG-06,PH-002,
RCT-0002929,TXN-0004565,RCP-00004565,Original,2026-06-21 10:39:05,EMP-0013,REG-06,PH-001,
RCT-0002930,TXN-0000039,RCP-00000039,Original,2026-06-21 11:06:10,EMP-0107,REG-03,PH-005,
RCT-0002931,TXN-0004285,RCP-00004285,Original,2026-06-21 11:16:01,EMP-0003,REG-06,PH-001,
RCT-0002932,TXN-0000712,RCP-00000712,Original,2026-06-21 11:24:59,EMP-0025,REG-03,PH-002,
RCT-0002933,TXN-0004695,RCP-00004695,Original,2026-06-21 11:40:05,EMP-0086,REG-01,PH-004,
RCT-0002934,TXN-0003548,RCP-00003548,Original,2026-06-21 11:59:27,EMP-0089,REG-05,PH-005,
RCT-0002935,TXN-0004550,RCP-00004550,Original,2026-06-21 12:26:21,EMP-0104,REG-02,PH-005,
RCT-0002936,TXN-0004610,RCP-00004610,Original,2026-06-21 12:42:05,EMP-0017,REG-03,PH-001,
RCT-0002937,TXN-0001859,RCP-00001859,Original,2026-06-21 12:46:38,EMP-0086,REG-03,PH-004,
RCT-0002938,TXN-0002752,RCP-00002752,Original,2026-06-21 12:47:35,EMP-0040,REG-06,PH-002,
RCT-0002939,TXN-0003619,RCP-00003619,Original,2026-06-21 12:58:31,EMP-0106,REG-04,PH-005,
RCT-0002940,TXN-0003882,RCP-00003882,Original,2026-06-21 13:11:02,EMP-0067,REG-02,PH-004,
RCT-0002941,TXN-0003574,RCP-00003574,Original,2026-06-21 13:25:17,EMP-0069,REG-04,PH-004,
RCT-0002942,TXN-0003533,RCP-00003533,Original,2026-06-21 13:48:05,EMP-0018,REG-01,PH-001,
RCT-0002943,TXN-0000672,RCP-00000672,Original,2026-06-21 14:03:08,EMP-0106,REG-03,PH-005,
RCT-0002944,TXN-0004993,RCP-00004993,Original,2026-06-21 14:48:59,EMP-0069,REG-04,PH-004,
RCT-0002945,TXN-0003957,RCP-00003957,Original,2026-06-21 15:08:54,EMP-0002,REG-02,PH-001,
RCT-0002946,TXN-0002100,RCP-00002100,Original,2026-06-21 15:14:17,EMP-0045,REG-02,PH-003,
RCT-0002947,TXN-0004226,RCP-00004226,Original,2026-06-21 15:26:34,EMP-0024,REG-05,PH-002,
RCT-0002948,TXN-0003784,RCP-00003784,Reprint,2026-06-21 15:58:30,EMP-0068,REG-04,PH-004,Customer request
RCT-0002949,TXN-0004744,RCP-00004744,Reprint,2026-06-21 16:07:43,EMP-0006,REG-05,PH-001,Lost receipt
RCT-0002950,TXN-0000803,RCP-00000803,Original,2026-06-21 16:08:37,EMP-0034,REG-05,PH-002,
RCT-0002951,TXN-0002794,RCP-00002794,Original,2026-06-21 16:20:59,EMP-0081,REG-03,PH-004,
RCT-0002952,TXN-0001427,RCP-00001427,Original,2026-06-21 16:34:23,EMP-0045,REG-05,PH-003,
RCT-0002953,TXN-0002688,RCP-00002688,Original,2026-06-21 17:02:25,EMP-0020,REG-05,PH-001,
RCT-0002954,TXN-0004511,RCP-00004511,Original,2026-06-21 17:12:54,EMP-0013,REG-06,PH-001,
RCT-0002955,TXN-0000159,RCP-00000159,Original,2026-06-21 17:14:54,EMP-0080,REG-05,PH-004,
RCT-0002956,TXN-0003510,RCP-00003510,Original,2026-06-21 17:32:32,EMP-0042,REG-03,PH-002,
RCT-0002957,TXN-0000306,RCP-00000306,Original,2026-06-21 17:32:33,EMP-0015,REG-01,PH-001,
RCT-0002958,TXN-0001716,RCP-00001716,Original,2026-06-21 17:56:03,EMP-0045,REG-02,PH-003,
RCT-0002959,TXN-0004659,RCP-00004659,Original,2026-06-21 18:43:26,EMP-0103,REG-02,PH-005,
RCT-0002960,TXN-0001648,RCP-00001648,Original,2026-06-21 19:14:26,EMP-0001,REG-05,PH-001,
RCT-0002961,TXN-0003339,RCP-00003339,Original,2026-06-21 19:22:55,EMP-0023,REG-05,PH-002,
RCT-0002962,TXN-0002130,RCP-00002130,Original,2026-06-21 19:29:35,EMP-0014,REG-05,PH-001,
RCT-0002963,TXN-0002079,RCP-00002079,Original,2026-06-21 20:11:57,EMP-0041,REG-01,PH-002,
RCT-0002964,TXN-0004096,RCP-00004096,Original,2026-06-21 20:16:09,EMP-0107,REG-06,PH-005,
RCT-0002965,TXN-0004961,RCP-00004961,Original,2026-06-21 20:22:18,EMP-0091,REG-02,PH-005,
RCT-0002966,TXN-0000774,RCP-00000774,Original,2026-06-21 20:33:15,EMP-0013,REG-05,PH-001,
RCT-0002967,TXN-0003037,RCP-00003037,Original,2026-06-21 20:46:19,EMP-0039,REG-03,PH-002,
RCT-0002968,TXN-0003698,RCP-00003698,Original,2026-06-21 20:59:20,EMP-0081,REG-02,PH-004,
RCT-0002969,TXN-0003800,RCP-00003800,Original,2026-06-21 21:04:16,EMP-0100,REG-03,PH-005,
RCT-0002970,TXN-0003840,RCP-00003840,Original,2026-06-21 21:25:55,EMP-0101,REG-06,PH-005,
RCT-0002971,TXN-0003495,RCP-00003495,Original,2026-06-21 21:31:42,EMP-0086,REG-02,PH-004,
RCT-0002972,TXN-0001843,RCP-00001843,Reprint,2026-06-21 22:42:13,EMP-0033,REG-05,PH-002,Printer jam
RCT-0002973,TXN-0003050,RCP-00003050,Original,2026-06-22 08:42:42,EMP-0046,REG-02,PH-003,
RCT-0002974,TXN-0004291,RCP-00004291,Original,2026-06-22 08:44:21,EMP-0105,REG-05,PH-005,
RCT-0002975,TXN-0002613,RCP-00002613,Original,2026-06-22 08:45:56,EMP-0106,REG-05,PH-005,
RCT-0002976,TXN-0001538,RCP-00001538,Original,2026-06-22 08:59:01,EMP-0042,REG-01,PH-002,
RCT-0002977,TXN-0002072,RCP-00002072,Original,2026-06-22 09:19:39,EMP-0019,REG-01,PH-001,
RCT-0002978,TXN-0003790,RCP-00003790,Original,2026-06-22 09:32:26,EMP-0036,REG-06,PH-002,
RCT-0002979,TXN-0002408,RCP-00002408,Original,2026-06-22 09:34:04,EMP-0101,REG-02,PH-005,
RCT-0002980,TXN-0002145,RCP-00002145,Original,2026-06-22 09:37:21,EMP-0001,REG-04,PH-001,
RCT-0002981,TXN-0004969,RCP-00004969,Original,2026-06-22 09:51:57,EMP-0037,REG-05,PH-002,
RCT-0002982,TXN-0002973,RCP-00002973,Original,2026-06-22 09:57:40,EMP-0034,REG-05,PH-002,
RCT-0002983,TXN-0004219,RCP-00004219,Original,2026-06-22 10:00:14,EMP-0041,REG-05,PH-002,
RCT-0002984,TXN-0000686,RCP-00000686,Original,2026-06-22 10:04:36,EMP-0084,REG-01,PH-004,
RCT-0002985,TXN-0000751,RCP-00000751,Original,2026-06-22 10:32:29,EMP-0064,REG-05,PH-003,
RCT-0002986,TXN-0004390,RCP-00004390,Original,2026-06-22 10:36:41,EMP-0104,REG-04,PH-005,
RCT-0002987,TXN-0003048,RCP-00003048,Original,2026-06-22 10:48:43,EMP-0104,REG-06,PH-005,
RCT-0002988,TXN-0003298,RCP-00003298,Original,2026-06-22 10:59:37,EMP-0060,REG-03,PH-003,
RCT-0002989,TXN-0000563,RCP-00000563,Original,2026-06-22 11:03:59,EMP-0091,REG-04,PH-005,
RCT-0002990,TXN-0003877,RCP-00003877,Original,2026-06-22 11:05:23,EMP-0102,REG-01,PH-005,
RCT-0002991,TXN-0000420,RCP-00000420,Original,2026-06-22 11:27:35,EMP-0002,REG-05,PH-001,
RCT-0002992,TXN-0001277,RCP-00001277,Original,2026-06-22 11:35:43,EMP-0103,REG-02,PH-005,
RCT-0002993,TXN-0002820,RCP-00002820,Original,2026-06-22 11:44:11,EMP-0040,REG-02,PH-002,
RCT-0002994,TXN-0000290,RCP-00000290,Original,2026-06-22 12:18:08,EMP-0063,REG-02,PH-003,
RCT-0002995,TXN-0001382,RCP-00001382,Original,2026-06-22 13:30:02,EMP-0019,REG-02,PH-001,
RCT-0002996,TXN-0003261,RCP-00003261,Original,2026-06-22 13:52:07,EMP-0019,REG-03,PH-001,
RCT-0002997,TXN-0003960,RCP-00003960,Original,2026-06-22 14:02:51,EMP-0015,REG-02,PH-001,
RCT-0002998,TXN-0004148,RCP-00004148,Original,2026-06-22 14:35:59,EMP-0038,REG-05,PH-002,
RCT-0002999,TXN-0004087,RCP-00004087,Original,2026-06-22 14:41:43,EMP-0001,REG-03,PH-001,
RCT-0003000,TXN-0002048,RCP-00002048,Original,2026-06-22 15:14:19,EMP-0047,REG-05,PH-003,
RCT-0003001,TXN-0004425,RCP-00004425,Original,2026-06-22 15:19:53,EMP-0023,REG-04,PH-002,
RCT-0003002,TXN-0000626,RCP-00000626,Original,2026-06-22 15:32:18,EMP-0060,REG-05,PH-003,
RCT-0003003,TXN-0003487,RCP-00003487,Original,2026-06-22 15:58:27,EMP-0013,REG-05,PH-001,
RCT-0003004,TXN-0003487,RCP-00003487,Gift Receipt,2026-06-22 15:59:27,EMP-0013,REG-05,PH-001,
RCT-0003005,TXN-0001828,RCP-00001828,Original,2026-06-22 16:21:21,EMP-0091,REG-02,PH-005,
RCT-0003006,TXN-0003179,RCP-00003179,Original,2026-06-22 16:27:45,EMP-0025,REG-05,PH-002,
RCT-0003007,TXN-0003905,RCP-00003905,Original,2026-06-22 16:38:12,EMP-0037,REG-02,PH-002,
RCT-0003008,TXN-0004830,RCP-00004830,Original,2026-06-22 16:40:22,EMP-0035,REG-01,PH-002,
RCT-0003009,TXN-0001824,RCP-00001824,Original,2026-06-22 16:50:40,EMP-0018,REG-05,PH-001,
RCT-0003010,TXN-0002497,RCP-00002497,Original,2026-06-22 17:01:28,EMP-0063,REG-02,PH-003,
RCT-0003011,TXN-0002919,RCP-00002919,Original,2026-06-22 17:13:22,EMP-0041,REG-01,PH-002,
RCT-0003012,TXN-0002832,RCP-00002832,Original,2026-06-22 17:13:26,EMP-0038,REG-01,PH-002,
RCT-0003013,TXN-0001686,RCP-00001686,Original,2026-06-22 17:38:14,EMP-0037,REG-06,PH-002,
RCT-0003014,TXN-0001431,RCP-00001431,Original,2026-06-22 17:53:33,EMP-0016,REG-03,PH-001,
RCT-0003015,TXN-0002283,RCP-00002283,Original,2026-06-22 18:08:00,EMP-0024,REG-04,PH-002,
RCT-0003016,TXN-0004230,RCP-00004230,Original,2026-06-22 18:09:44,EMP-0068,REG-02,PH-004,
RCT-0003017,TXN-0000950,RCP-00000950,Original,2026-06-22 18:28:40,EMP-0082,REG-06,PH-004,
RCT-0003018,TXN-0003979,RCP-00003979,Original,2026-06-22 18:43:43,EMP-0108,REG-05,PH-005,
RCT-0003019,TXN-0001015,RCP-00001015,Original,2026-06-22 18:53:16,EMP-0013,REG-01,PH-001,
RCT-0003020,TXN-0002795,RCP-00002795,Original,2026-06-22 18:54:10,EMP-0003,REG-06,PH-001,
RCT-0003021,TXN-0004487,RCP-00004487,Original,2026-06-22 18:58:21,EMP-0041,REG-03,PH-002,
RCT-0003022,TXN-0001937,RCP-00001937,Original,2026-06-22 19:12:15,EMP-0024,REG-02,PH-002,
RCT-0003023,TXN-0004010,RCP-00004010,Original,2026-06-22 19:22:43,EMP-0012,REG-06,PH-001,
RCT-0003024,TXN-0001885,RCP-00001885,Original,2026-06-22 19:26:03,EMP-0001,REG-04,PH-001,
RCT-0003025,TXN-0001296,RCP-00001296,Original,2026-06-22 19:46:45,EMP-0046,REG-06,PH-003,
RCT-0003026,TXN-0004186,RCP-00004186,Original,2026-06-22 19:48:06,EMP-0062,REG-01,PH-003,
RCT-0003027,TXN-0001046,RCP-00001046,Original,2026-06-22 19:57:20,EMP-0086,REG-02,PH-004,
RCT-0003028,TXN-0000995,RCP-00000995,Original,2026-06-22 20:00:47,EMP-0040,REG-02,PH-002,
RCT-0003029,TXN-0002557,RCP-00002557,Original,2026-06-22 20:01:39,EMP-0040,REG-05,PH-002,
RCT-0003030,TXN-0001113,RCP-00001113,Original,2026-06-22 20:15:05,EMP-0079,REG-06,PH-004,
RCT-0003031,TXN-0001174,RCP-00001174,Original,2026-06-22 20:38:27,EMP-0102,REG-04,PH-005,
RCT-0003032,TXN-0000224,RCP-00000224,Original,2026-06-22 20:38:59,EMP-0091,REG-01,PH-005,
RCT-0003033,TXN-0004570,RCP-00004570,Original,2026-06-22 20:43:49,EMP-0006,REG-03,PH-001,
RCT-0003034,TXN-0000796,RCP-00000796,Original,2026-06-22 20:50:11,EMP-0058,REG-04,PH-003,
RCT-0003035,TXN-0004036,RCP-00004036,Original,2026-06-22 21:00:39,EMP-0057,REG-06,PH-003,
RCT-0003036,TXN-0000357,RCP-00000357,Original,2026-06-22 21:22:28,EMP-0061,REG-01,PH-003,
RCT-0003037,TXN-0001602,RCP-00001602,Original,2026-06-22 21:26:07,EMP-0061,REG-04,PH-003,
RCT-0003038,TXN-0001874,RCP-00001874,Original,2026-06-22 21:35:38,EMP-0084,REG-01,PH-004,
RCT-0003039,TXN-0000730,RCP-00000730,Original,2026-06-22 21:47:57,EMP-0035,REG-03,PH-002,
RCT-0003040,TXN-0001132,RCP-00001132,Original,2026-06-22 21:52:21,EMP-0084,REG-06,PH-004,
RCT-0003041,TXN-0004553,RCP-00004553,Original,2026-06-22 21:53:01,EMP-0039,REG-05,PH-002,
RCT-0003042,TXN-0001158,RCP-00001158,Reprint,2026-06-23 00:17:22,EMP-0104,REG-06,PH-005,Duplicate for insurance
RCT-0003043,TXN-0001539,RCP-00001539,Original,2026-06-23 08:02:17,EMP-0082,REG-03,PH-004,
RCT-0003044,TXN-0004383,RCP-00004383,Original,2026-06-23 08:11:11,EMP-0047,REG-04,PH-003,
RCT-0003045,TXN-0001485,RCP-00001485,Original,2026-06-23 08:12:29,EMP-0091,REG-02,PH-005,
RCT-0003046,TXN-0000959,RCP-00000959,Original,2026-06-23 08:29:32,EMP-0012,REG-05,PH-001,
RCT-0003047,TXN-0002906,RCP-00002906,Original,2026-06-23 08:40:54,EMP-0018,REG-03,PH-001,
RCT-0003048,TXN-0004032,RCP-00004032,Original,2026-06-23 09:01:02,EMP-0036,REG-01,PH-002,
RCT-0003049,TXN-0002389,RCP-00002389,Original,2026-06-23 09:31:31,EMP-0091,REG-06,PH-005,
RCT-0003050,TXN-0002586,RCP-00002586,Original,2026-06-23 09:36:31,EMP-0103,REG-01,PH-005,
RCT-0003051,TXN-0002960,RCP-00002960,Original,2026-06-23 09:55:00,EMP-0062,REG-04,PH-003,
RCT-0003052,TXN-0003239,RCP-00003239,Original,2026-06-23 09:59:06,EMP-0083,REG-03,PH-004,
RCT-0003053,TXN-0004013,RCP-00004013,Original,2026-06-23 10:45:35,EMP-0039,REG-05,PH-002,
RCT-0003054,TXN-0004516,RCP-00004516,Original,2026-06-23 11:05:37,EMP-0017,REG-01,PH-001,
RCT-0003055,TXN-0003027,RCP-00003027,Original,2026-06-23 11:10:19,EMP-0067,REG-04,PH-004,
RCT-0003056,TXN-0001839,RCP-00001839,Original,2026-06-23 11:10:49,EMP-0006,REG-02,PH-001,
RCT-0003057,TXN-0001455,RCP-00001455,Original,2026-06-23 11:16:12,EMP-0100,REG-05,PH-005,
RCT-0003058,TXN-0000084,RCP-00000084,Original,2026-06-23 11:16:22,EMP-0037,REG-06,PH-002,
RCT-0003059,TXN-0002561,RCP-00002561,Original,2026-06-23 11:22:00,EMP-0068,REG-04,PH-004,
RCT-0003060,TXN-0003428,RCP-00003428,Original,2026-06-23 11:36:03,EMP-0107,REG-02,PH-005,
RCT-0003061,TXN-0000646,RCP-00000646,Original,2026-06-23 11:48:23,EMP-0063,REG-01,PH-003,
RCT-0003062,TXN-0003988,RCP-00003988,Original,2026-06-23 11:49:51,EMP-0006,REG-06,PH-001,
RCT-0003063,TXN-0002148,RCP-00002148,Original,2026-06-23 11:50:14,EMP-0034,REG-06,PH-002,
RCT-0003064,TXN-0000831,RCP-00000831,Original,2026-06-23 12:04:23,EMP-0025,REG-02,PH-002,
RCT-0003065,TXN-0004020,RCP-00004020,Original,2026-06-23 12:12:03,EMP-0103,REG-01,PH-005,
RCT-0003066,TXN-0001805,RCP-00001805,Original,2026-06-23 12:12:51,EMP-0068,REG-03,PH-004,
RCT-0003067,TXN-0001596,RCP-00001596,Original,2026-06-23 13:08:37,EMP-0069,REG-04,PH-004,
RCT-0003068,TXN-0003368,RCP-00003368,Original,2026-06-23 13:21:45,EMP-0082,REG-04,PH-004,
RCT-0003069,TXN-0000174,RCP-00000174,Original,2026-06-23 13:42:43,EMP-0089,REG-04,PH-005,
RCT-0003070,TXN-0000798,RCP-00000798,Original,2026-06-23 13:56:10,EMP-0003,REG-02,PH-001,
RCT-0003071,TXN-0000484,RCP-00000484,Original,2026-06-23 13:59:31,EMP-0102,REG-04,PH-005,
RCT-0003072,TXN-0000373,RCP-00000373,Original,2026-06-23 14:08:32,EMP-0064,REG-04,PH-003,
RCT-0003073,TXN-0002791,RCP-00002791,Original,2026-06-23 14:17:21,EMP-0018,REG-01,PH-001,
RCT-0003074,TXN-0001105,RCP-00001105,Original,2026-06-23 14:32:39,EMP-0064,REG-01,PH-003,
RCT-0003075,TXN-0004129,RCP-00004129,Original,2026-06-23 15:15:08,EMP-0107,REG-01,PH-005,
RCT-0003076,TXN-0004129,RCP-00004129,Gift Receipt,2026-06-23 15:16:08,EMP-0107,REG-01,PH-005,
RCT-0003077,TXN-0001007,RCP-00001007,Original,2026-06-23 15:34:55,EMP-0020,REG-03,PH-001,
RCT-0003078,TXN-0004479,RCP-00004479,Original,2026-06-23 15:44:10,EMP-0063,REG-02,PH-003,
RCT-0003079,TXN-0003093,RCP-00003093,Original,2026-06-23 16:10:43,EMP-0091,REG-06,PH-005,
RCT-0003080,TXN-0004990,RCP-00004990,Original,2026-06-23 16:10:44,EMP-0024,REG-03,PH-002,
RCT-0003081,TXN-0001990,RCP-00001990,Original,2026-06-23 16:27:12,EMP-0058,REG-06,PH-003,
RCT-0003082,TXN-0002928,RCP-00002928,Original,2026-06-23 16:33:29,EMP-0046,REG-02,PH-003,
RCT-0003083,TXN-0002980,RCP-00002980,Original,2026-06-23 17:03:54,EMP-0107,REG-01,PH-005,
RCT-0003084,TXN-0001844,RCP-00001844,Original,2026-06-23 17:16:41,EMP-0089,REG-02,PH-005,
RCT-0003085,TXN-0001844,RCP-00001844,Gift Receipt,2026-06-23 17:17:41,EMP-0089,REG-02,PH-005,
RCT-0003086,TXN-0004346,RCP-00004346,Original,2026-06-23 17:17:42,EMP-0084,REG-04,PH-004,
RCT-0003087,TXN-0003846,RCP-00003846,Original,2026-06-23 17:20:18,EMP-0041,REG-04,PH-002,
RCT-0003088,TXN-0000749,RCP-00000749,Original,2026-06-23 17:46:06,EMP-0089,REG-03,PH-005,
RCT-0003089,TXN-0001148,RCP-00001148,Original,2026-06-23 18:18:09,EMP-0104,REG-04,PH-005,
RCT-0003090,TXN-0001777,RCP-00001777,Original,2026-06-23 18:19:02,EMP-0024,REG-06,PH-002,
RCT-0003091,TXN-0001226,RCP-00001226,Original,2026-06-23 18:31:13,EMP-0038,REG-01,PH-002,
RCT-0003092,TXN-0000148,RCP-00000148,Original,2026-06-23 18:35:51,EMP-0012,REG-04,PH-001,
RCT-0003093,TXN-0000892,RCP-00000892,Original,2026-06-23 18:49:59,EMP-0024,REG-04,PH-002,
RCT-0003094,TXN-0003713,RCP-00003713,Original,2026-06-23 18:56:29,EMP-0069,REG-05,PH-004,
RCT-0003095,TXN-0000897,RCP-00000897,Original,2026-06-23 19:03:56,EMP-0104,REG-05,PH-005,
RCT-0003096,TXN-0004632,RCP-00004632,Original,2026-06-23 19:05:23,EMP-0060,REG-03,PH-003,
RCT-0003097,TXN-0001681,RCP-00001681,Original,2026-06-23 19:07:19,EMP-0018,REG-06,PH-001,
RCT-0003098,TXN-0002282,RCP-00002282,Original,2026-06-23 19:28:12,EMP-0100,REG-03,PH-005,
RCT-0003099,TXN-0000495,RCP-00000495,Original,2026-06-23 20:05:43,EMP-0082,REG-05,PH-004,
RCT-0003100,TXN-0004832,RCP-00004832,Original,2026-06-23 20:12:14,EMP-0038,REG-03,PH-002,
RCT-0003101,TXN-0002673,RCP-00002673,Original,2026-06-23 20:24:06,EMP-0047,REG-05,PH-003,
RCT-0003102,TXN-0004664,RCP-00004664,Reprint,2026-06-23 20:41:38,EMP-0025,REG-03,PH-002,Customer request
RCT-0003103,TXN-0002750,RCP-00002750,Original,2026-06-23 21:10:50,EMP-0108,REG-02,PH-005,
RCT-0003104,TXN-0004029,RCP-00004029,Original,2026-06-23 21:22:09,EMP-0062,REG-03,PH-003,
RCT-0003105,TXN-0000338,RCP-00000338,Original,2026-06-23 21:23:04,EMP-0036,REG-05,PH-002,
RCT-0003106,TXN-0000018,RCP-00000018,Original,2026-06-23 21:26:12,EMP-0108,REG-01,PH-005,
RCT-0003107,TXN-0004410,RCP-00004410,Original,2026-06-23 21:27:54,EMP-0035,REG-02,PH-002,
RCT-0003108,TXN-0004609,RCP-00004609,Original,2026-06-23 21:40:07,EMP-0085,REG-04,PH-004,
RCT-0003109,TXN-0002776,RCP-00002776,Original,2026-06-23 21:40:49,EMP-0082,REG-02,PH-004,
RCT-0003110,TXN-0000275,RCP-00000275,Reprint,2026-06-23 22:48:54,EMP-0082,REG-03,PH-004,Lost receipt
RCT-0003111,TXN-0000444,RCP-00000444,Reprint,2026-06-24 00:31:47,EMP-0030,REG-05,PH-002,Lost receipt
RCT-0003112,TXN-0002335,RCP-00002335,Reprint,2026-06-24 02:21:05,EMP-0082,REG-04,PH-004,Lost receipt
RCT-0003113,TXN-0004405,RCP-00004405,Original,2026-06-24 08:06:41,EMP-0068,REG-05,PH-004,
RCT-0003114,TXN-0004567,RCP-00004567,Original,2026-06-24 08:12:26,EMP-0024,REG-03,PH-002,
RCT-0003115,TXN-0003914,RCP-00003914,Original,2026-06-24 08:22:47,EMP-0035,REG-06,PH-002,
RCT-0003116,TXN-0001690,RCP-00001690,Original,2026-06-24 08:28:31,EMP-0090,REG-04,PH-005,
RCT-0003117,TXN-0004548,RCP-00004548,Original,2026-06-24 08:51:00,EMP-0082,REG-01,PH-004,
RCT-0003118,TXN-0003496,RCP-00003496,Original,2026-06-24 09:13:41,EMP-0062,REG-01,PH-003,
RCT-0003119,TXN-0004503,RCP-00004503,Original,2026-06-24 09:44:50,EMP-0061,REG-06,PH-003,
RCT-0003120,TXN-0001453,RCP-00001453,Original,2026-06-24 10:16:44,EMP-0047,REG-05,PH-003,
RCT-0003121,TXN-0004209,RCP-00004209,Original,2026-06-24 10:17:37,EMP-0020,REG-05,PH-001,
RCT-0003122,TXN-0004053,RCP-00004053,Original,2026-06-24 10:20:27,EMP-0062,REG-03,PH-003,
RCT-0003123,TXN-0004520,RCP-00004520,Original,2026-06-24 10:37:10,EMP-0091,REG-04,PH-005,
RCT-0003124,TXN-0002701,RCP-00002701,Original,2026-06-24 10:45:50,EMP-0108,REG-05,PH-005,
RCT-0003125,TXN-0002470,RCP-00002470,Original,2026-06-24 11:01:39,EMP-0047,REG-02,PH-003,
RCT-0003126,TXN-0004314,RCP-00004314,Original,2026-06-24 11:04:15,EMP-0041,REG-02,PH-002,
RCT-0003127,TXN-0000351,RCP-00000351,Reprint,2026-06-24 11:31:16,EMP-0001,REG-02,PH-001,Printer jam
RCT-0003128,TXN-0003467,RCP-00003467,Original,2026-06-24 11:35:38,EMP-0061,REG-02,PH-003,
RCT-0003129,TXN-0000086,RCP-00000086,Original,2026-06-24 11:40:22,EMP-0003,REG-03,PH-001,
RCT-0003130,TXN-0000115,RCP-00000115,Original,2026-06-24 11:41:51,EMP-0106,REG-01,PH-005,
RCT-0003131,TXN-0000115,RCP-00000115,Gift Receipt,2026-06-24 11:42:51,EMP-0106,REG-01,PH-005,
RCT-0003132,TXN-0000104,RCP-00000104,Original,2026-06-24 12:06:44,EMP-0057,REG-04,PH-003,
RCT-0003133,TXN-0000104,RCP-00000104,Gift Receipt,2026-06-24 12:07:44,EMP-0057,REG-04,PH-003,
RCT-0003134,TXN-0001949,RCP-00001949,Original,2026-06-24 13:15:02,EMP-0100,REG-05,PH-005,
RCT-0003135,TXN-0000118,RCP-00000118,Original,2026-06-24 13:21:50,EMP-0108,REG-06,PH-005,
RCT-0003136,TXN-0003168,RCP-00003168,Original,2026-06-24 13:30:40,EMP-0107,REG-04,PH-005,
RCT-0003137,TXN-0004093,RCP-00004093,Original,2026-06-24 14:41:56,EMP-0107,REG-05,PH-005,
RCT-0003138,TXN-0000350,RCP-00000350,Original,2026-06-24 14:42:15,EMP-0047,REG-06,PH-003,
RCT-0003139,TXN-0002936,RCP-00002936,Original,2026-06-24 15:03:10,EMP-0083,REG-04,PH-004,
RCT-0003140,TXN-0000592,RCP-00000592,Original,2026-06-24 15:16:00,EMP-0080,REG-05,PH-004,
RCT-0003141,TXN-0003187,RCP-00003187,Original,2026-06-24 16:12:31,EMP-0037,REG-03,PH-002,
RCT-0003142,TXN-0000369,RCP-00000369,Original,2026-06-24 16:18:02,EMP-0105,REG-05,PH-005,
RCT-0003143,TXN-0004272,RCP-00004272,Original,2026-06-24 16:18:19,EMP-0023,REG-03,PH-002,
RCT-0003144,TXN-0000980,RCP-00000980,Original,2026-06-24 16:19:50,EMP-0040,REG-03,PH-002,
RCT-0003145,TXN-0004336,RCP-00004336,Original,2026-06-24 16:49:26,EMP-0105,REG-03,PH-005,
RCT-0003146,TXN-0001998,RCP-00001998,Original,2026-06-24 17:26:24,EMP-0104,REG-01,PH-005,
RCT-0003147,TXN-0002184,RCP-00002184,Original,2026-06-24 17:29:33,EMP-0089,REG-01,PH-005,
RCT-0003148,TXN-0000487,RCP-00000487,Original,2026-06-24 17:58:58,EMP-0084,REG-02,PH-004,
RCT-0003149,TXN-0004699,RCP-00004699,Original,2026-06-24 18:05:00,EMP-0035,REG-02,PH-002,
RCT-0003150,TXN-0003644,RCP-00003644,Original,2026-06-24 19:19:33,EMP-0046,REG-05,PH-003,
RCT-0003151,TXN-0003509,RCP-00003509,Original,2026-06-24 19:36:13,EMP-0086,REG-04,PH-004,
RCT-0003152,TXN-0000609,RCP-00000609,Original,2026-06-24 19:38:02,EMP-0039,REG-06,PH-002,
RCT-0003153,TXN-0000539,RCP-00000539,Original,2026-06-24 20:03:04,EMP-0020,REG-02,PH-001,
RCT-0003154,TXN-0001896,RCP-00001896,Original,2026-06-24 20:13:10,EMP-0068,REG-03,PH-004,
RCT-0003155,TXN-0001429,RCP-00001429,Original,2026-06-24 21:03:12,EMP-0037,REG-05,PH-002,
RCT-0003156,TXN-0003802,RCP-00003802,Original,2026-06-24 21:19:03,EMP-0037,REG-01,PH-002,
RCT-0003157,TXN-0002046,RCP-00002046,Original,2026-06-24 21:34:28,EMP-0040,REG-03,PH-002,
RCT-0003158,TXN-0004334,RCP-00004334,Original,2026-06-24 21:49:00,EMP-0045,REG-04,PH-003,
RCT-0003159,TXN-0000792,RCP-00000792,Reprint,2026-06-25 06:38:29,EMP-0055,REG-05,PH-003,Duplicate for insurance
RCT-0003160,TXN-0000869,RCP-00000869,Original,2026-06-25 09:17:06,EMP-0045,REG-04,PH-003,
RCT-0003161,TXN-0001700,RCP-00001700,Original,2026-06-25 09:29:02,EMP-0020,REG-05,PH-001,
RCT-0003162,TXN-0001742,RCP-00001742,Original,2026-06-25 09:46:22,EMP-0107,REG-02,PH-005,
RCT-0003163,TXN-0003921,RCP-00003921,Original,2026-06-25 10:38:47,EMP-0023,REG-01,PH-002,
RCT-0003164,TXN-0001217,RCP-00001217,Original,2026-06-25 10:56:52,EMP-0103,REG-05,PH-005,
RCT-0003165,TXN-0001372,RCP-00001372,Original,2026-06-25 11:08:15,EMP-0078,REG-03,PH-004,
RCT-0003166,TXN-0000391,RCP-00000391,Original,2026-06-25 11:31:52,EMP-0101,REG-03,PH-005,
RCT-0003167,TXN-0003034,RCP-00003034,Original,2026-06-25 11:36:59,EMP-0067,REG-02,PH-004,
RCT-0003168,TXN-0002339,RCP-00002339,Original,2026-06-25 11:37:11,EMP-0108,REG-05,PH-005,
RCT-0003169,TXN-0003288,RCP-00003288,Original,2026-06-25 11:44:09,EMP-0089,REG-06,PH-005,
RCT-0003170,TXN-0004758,RCP-00004758,Original,2026-06-25 11:46:21,EMP-0078,REG-05,PH-004,
RCT-0003171,TXN-0001253,RCP-00001253,Original,2026-06-25 11:53:37,EMP-0084,REG-03,PH-004,
RCT-0003172,TXN-0002051,RCP-00002051,Original,2026-06-25 11:57:59,EMP-0057,REG-06,PH-003,
RCT-0003173,TXN-0000191,RCP-00000191,Original,2026-06-25 12:00:53,EMP-0058,REG-01,PH-003,
RCT-0003174,TXN-0003251,RCP-00003251,Original,2026-06-25 12:31:59,EMP-0039,REG-04,PH-002,
RCT-0003175,TXN-0002723,RCP-00002723,Original,2026-06-25 13:09:29,EMP-0067,REG-03,PH-004,
RCT-0003176,TXN-0001713,RCP-00001713,Original,2026-06-25 13:13:16,EMP-0058,REG-06,PH-003,
RCT-0003177,TXN-0004680,RCP-00004680,Original,2026-06-25 13:24:23,EMP-0038,REG-06,PH-002,
RCT-0003178,TXN-0004919,RCP-00004919,Original,2026-06-25 13:47:29,EMP-0090,REG-05,PH-005,
RCT-0003179,TXN-0000794,RCP-00000794,Original,2026-06-25 13:52:15,EMP-0042,REG-04,PH-002,
RCT-0003180,TXN-0001360,RCP-00001360,Original,2026-06-25 13:53:28,EMP-0039,REG-03,PH-002,
RCT-0003181,TXN-0002112,RCP-00002112,Original,2026-06-25 13:55:59,EMP-0024,REG-02,PH-002,
RCT-0003182,TXN-0002465,RCP-00002465,Original,2026-06-25 14:01:06,EMP-0064,REG-05,PH-003,
RCT-0003183,TXN-0000802,RCP-00000802,Original,2026-06-25 14:34:18,EMP-0039,REG-06,PH-002,
RCT-0003184,TXN-0000623,RCP-00000623,Original,2026-06-25 15:19:55,EMP-0006,REG-06,PH-001,
RCT-0003185,TXN-0001249,RCP-00001249,Original,2026-06-25 15:52:45,EMP-0060,REG-05,PH-003,
RCT-0003186,TXN-0004000,RCP-00004000,Original,2026-06-25 16:09:32,EMP-0085,REG-06,PH-004,
RCT-0003187,TXN-0002132,RCP-00002132,Original,2026-06-25 16:31:32,EMP-0080,REG-06,PH-004,
RCT-0003188,TXN-0002626,RCP-00002626,Original,2026-06-25 16:51:21,EMP-0057,REG-05,PH-003,
RCT-0003189,TXN-0001572,RCP-00001572,Original,2026-06-25 17:02:16,EMP-0064,REG-06,PH-003,
RCT-0003190,TXN-0003550,RCP-00003550,Reprint,2026-06-25 17:10:25,EMP-0001,REG-01,PH-001,Duplicate for insurance
RCT-0003191,TXN-0001348,RCP-00001348,Reprint,2026-06-25 17:12:10,EMP-0031,REG-01,PH-002,Printer jam
RCT-0003192,TXN-0003667,RCP-00003667,Original,2026-06-25 17:19:14,EMP-0101,REG-06,PH-005,
RCT-0003193,TXN-0000584,RCP-00000584,Original,2026-06-25 18:22:18,EMP-0046,REG-05,PH-003,
RCT-0003194,TXN-0000682,RCP-00000682,Original,2026-06-25 18:41:11,EMP-0069,REG-05,PH-004,
RCT-0003195,TXN-0004394,RCP-00004394,Original,2026-06-25 19:08:01,EMP-0012,REG-04,PH-001,
RCT-0003196,TXN-0001280,RCP-00001280,Original,2026-06-25 19:15:21,EMP-0085,REG-01,PH-004,
RCT-0003197,TXN-0002249,RCP-00002249,Original,2026-06-25 19:35:04,EMP-0064,REG-04,PH-003,
RCT-0003198,TXN-0001770,RCP-00001770,Original,2026-06-25 19:40:17,EMP-0063,REG-04,PH-003,
RCT-0003199,TXN-0002351,RCP-00002351,Original,2026-06-25 20:15:19,EMP-0108,REG-01,PH-005,
RCT-0003200,TXN-0003269,RCP-00003269,Original,2026-06-25 20:25:08,EMP-0083,REG-03,PH-004,
RCT-0003201,TXN-0001006,RCP-00001006,Original,2026-06-25 20:37:47,EMP-0079,REG-02,PH-004,
RCT-0003202,TXN-0003554,RCP-00003554,Original,2026-06-25 20:39:50,EMP-0016,REG-03,PH-001,
RCT-0003203,TXN-0000467,RCP-00000467,Original,2026-06-25 21:18:55,EMP-0106,REG-03,PH-005,
RCT-0003204,TXN-0002232,RCP-00002232,Original,2026-06-25 21:31:04,EMP-0101,REG-04,PH-005,
RCT-0003205,TXN-0000999,RCP-00000999,Original,2026-06-25 21:37:29,EMP-0056,REG-05,PH-003,
RCT-0003206,TXN-0000982,RCP-00000982,Reprint,2026-06-26 01:06:22,EMP-0099,REG-05,PH-005,Lost receipt
RCT-0003207,TXN-0003916,RCP-00003916,Original,2026-06-26 08:08:43,EMP-0036,REG-05,PH-002,
RCT-0003208,TXN-0003916,RCP-00003916,Gift Receipt,2026-06-26 08:09:43,EMP-0036,REG-05,PH-002,
RCT-0003209,TXN-0003363,RCP-00003363,Original,2026-06-26 08:19:20,EMP-0003,REG-01,PH-001,
RCT-0003210,TXN-0001942,RCP-00001942,Original,2026-06-26 08:28:57,EMP-0018,REG-03,PH-001,
RCT-0003211,TXN-0004528,RCP-00004528,Original,2026-06-26 08:34:04,EMP-0001,REG-05,PH-001,
RCT-0003212,TXN-0001475,RCP-00001475,Original,2026-06-26 08:52:15,EMP-0059,REG-03,PH-003,
RCT-0003213,TXN-0004918,RCP-00004918,Original,2026-06-26 09:09:42,EMP-0080,REG-01,PH-004,
RCT-0003214,TXN-0000929,RCP-00000929,Original,2026-06-26 09:25:46,EMP-0106,REG-06,PH-005,
RCT-0003215,TXN-0001972,RCP-00001972,Original,2026-06-26 09:27:20,EMP-0001,REG-04,PH-001,
RCT-0003216,TXN-0001089,RCP-00001089,Original,2026-06-26 09:27:24,EMP-0015,REG-01,PH-001,
RCT-0003217,TXN-0003416,RCP-00003416,Original,2026-06-26 09:37:56,EMP-0084,REG-02,PH-004,
RCT-0003218,TXN-0004885,RCP-00004885,Original,2026-06-26 10:12:26,EMP-0061,REG-02,PH-003,
RCT-0003219,TXN-0003747,RCP-00003747,Original,2026-06-26 10:34:22,EMP-0046,REG-05,PH-003,
RCT-0003220,TXN-0003587,RCP-00003587,Original,2026-06-26 10:43:31,EMP-0038,REG-06,PH-002,
RCT-0003221,TXN-0002171,RCP-00002171,Original,2026-06-26 10:48:25,EMP-0016,REG-02,PH-001,
RCT-0003222,TXN-0004894,RCP-00004894,Original,2026-06-26 10:49:18,EMP-0083,REG-05,PH-004,
RCT-0003223,TXN-0001550,RCP-00001550,Reprint,2026-06-26 10:56:22,EMP-0033,REG-02,PH-002,Printer jam
RCT-0003224,TXN-0004451,RCP-00004451,Original,2026-06-26 11:11:35,EMP-0106,REG-04,PH-005,
RCT-0003225,TXN-0002532,RCP-00002532,Original,2026-06-26 11:24:34,EMP-0078,REG-01,PH-004,
RCT-0003226,TXN-0000353,RCP-00000353,Original,2026-06-26 11:50:23,EMP-0024,REG-01,PH-002,
RCT-0003227,TXN-0000247,RCP-00000247,Original,2026-06-26 11:57:53,EMP-0046,REG-05,PH-003,
RCT-0003228,TXN-0002941,RCP-00002941,Reprint,2026-06-26 12:16:14,EMP-0088,REG-02,PH-004,Lost receipt
RCT-0003229,TXN-0001535,RCP-00001535,Original,2026-06-26 12:22:15,EMP-0086,REG-05,PH-004,
RCT-0003230,TXN-0002236,RCP-00002236,Original,2026-06-26 12:25:59,EMP-0016,REG-06,PH-001,
RCT-0003231,TXN-0004756,RCP-00004756,Original,2026-06-26 12:37:50,EMP-0078,REG-03,PH-004,
RCT-0003232,TXN-0002966,RCP-00002966,Original,2026-06-26 12:58:05,EMP-0079,REG-02,PH-004,
RCT-0003233,TXN-0003869,RCP-00003869,Original,2026-06-26 12:58:09,EMP-0062,REG-06,PH-003,
RCT-0003234,TXN-0001255,RCP-00001255,Original,2026-06-26 13:17:30,EMP-0057,REG-05,PH-003,
RCT-0003235,TXN-0000547,RCP-00000547,Original,2026-06-26 13:23:00,EMP-0061,REG-01,PH-003,
RCT-0003236,TXN-0004495,RCP-00004495,Original,2026-06-26 13:33:05,EMP-0063,REG-05,PH-003,
RCT-0003237,TXN-0003646,RCP-00003646,Original,2026-06-26 13:39:27,EMP-0013,REG-04,PH-001,
RCT-0003238,TXN-0004037,RCP-00004037,Original,2026-06-26 13:50:04,EMP-0085,REG-05,PH-004,
RCT-0003239,TXN-0001545,RCP-00001545,Original,2026-06-26 13:56:32,EMP-0015,REG-06,PH-001,
RCT-0003240,TXN-0000332,RCP-00000332,Original,2026-06-26 14:32:04,EMP-0061,REG-05,PH-003,
RCT-0003241,TXN-0000332,RCP-00000332,Gift Receipt,2026-06-26 14:33:04,EMP-0061,REG-05,PH-003,
RCT-0003242,TXN-0002396,RCP-00002396,Original,2026-06-26 15:07:45,EMP-0082,REG-04,PH-004,
RCT-0003243,TXN-0001262,RCP-00001262,Original,2026-06-26 15:09:20,EMP-0056,REG-01,PH-003,
RCT-0003244,TXN-0004445,RCP-00004445,Original,2026-06-26 15:17:44,EMP-0002,REG-06,PH-001,
RCT-0003245,TXN-0002662,RCP-00002662,Original,2026-06-26 16:06:31,EMP-0024,REG-06,PH-002,
RCT-0003246,TXN-0001573,RCP-00001573,Original,2026-06-26 16:06:45,EMP-0108,REG-05,PH-005,
RCT-0003247,TXN-0000210,RCP-00000210,Original,2026-06-26 16:21:44,EMP-0025,REG-06,PH-002,
RCT-0003248,TXN-0003218,RCP-00003218,Original,2026-06-26 16:29:34,EMP-0103,REG-06,PH-005,
RCT-0003249,TXN-0004244,RCP-00004244,Original,2026-06-26 16:34:37,EMP-0106,REG-06,PH-005,
RCT-0003250,TXN-0001016,RCP-00001016,Original,2026-06-26 16:49:57,EMP-0016,REG-04,PH-001,
RCT-0003251,TXN-0004241,RCP-00004241,Original,2026-06-26 17:08:52,EMP-0035,REG-06,PH-002,
RCT-0003252,TXN-0001098,RCP-00001098,Original,2026-06-26 17:19:28,EMP-0089,REG-04,PH-005,
RCT-0003253,TXN-0003555,RCP-00003555,Original,2026-06-26 17:51:03,EMP-0104,REG-01,PH-005,
RCT-0003254,TXN-0000826,RCP-00000826,Original,2026-06-26 17:52:37,EMP-0016,REG-03,PH-001,
RCT-0003255,TXN-0002118,RCP-00002118,Original,2026-06-26 18:08:25,EMP-0014,REG-05,PH-001,
RCT-0003256,TXN-0000322,RCP-00000322,Original,2026-06-26 18:22:03,EMP-0020,REG-06,PH-001,
RCT-0003257,TXN-0000842,RCP-00000842,Original,2026-06-26 18:27:06,EMP-0042,REG-03,PH-002,
RCT-0003258,TXN-0004140,RCP-00004140,Original,2026-06-26 18:37:20,EMP-0108,REG-05,PH-005,
RCT-0003259,TXN-0003832,RCP-00003832,Original,2026-06-26 19:01:44,EMP-0024,REG-01,PH-002,
RCT-0003260,TXN-0001445,RCP-00001445,Original,2026-06-26 19:25:16,EMP-0100,REG-02,PH-005,
RCT-0003261,TXN-0004382,RCP-00004382,Original,2026-06-26 19:37:27,EMP-0079,REG-06,PH-004,
RCT-0003262,TXN-0001865,RCP-00001865,Original,2026-06-26 19:43:14,EMP-0069,REG-03,PH-004,
RCT-0003263,TXN-0004310,RCP-00004310,Original,2026-06-26 20:45:08,EMP-0083,REG-06,PH-004,
RCT-0003264,TXN-0004484,RCP-00004484,Original,2026-06-26 21:27:33,EMP-0069,REG-06,PH-004,
RCT-0003265,TXN-0002658,RCP-00002658,Original,2026-06-26 21:33:42,EMP-0006,REG-06,PH-001,
RCT-0003266,TXN-0004820,RCP-00004820,Original,2026-06-26 21:36:09,EMP-0080,REG-05,PH-004,
RCT-0003267,TXN-0001046,RCP-00001046,Reprint,2026-06-26 21:56:20,EMP-0081,REG-02,PH-004,Customer request
RCT-0003268,TXN-0003862,RCP-00003862,Original,2026-06-27 08:09:33,EMP-0057,REG-04,PH-003,
RCT-0003269,TXN-0001121,RCP-00001121,Original,2026-06-27 08:20:23,EMP-0039,REG-06,PH-002,
RCT-0003270,TXN-0004411,RCP-00004411,Original,2026-06-27 08:24:42,EMP-0067,REG-01,PH-004,
RCT-0003271,TXN-0003348,RCP-00003348,Original,2026-06-27 08:37:59,EMP-0060,REG-02,PH-003,
RCT-0003272,TXN-0001687,RCP-00001687,Original,2026-06-27 08:44:38,EMP-0082,REG-06,PH-004,
RCT-0003273,TXN-0001137,RCP-00001137,Original,2026-06-27 08:50:22,EMP-0047,REG-03,PH-003,
RCT-0003274,TXN-0001458,RCP-00001458,Original,2026-06-27 09:38:57,EMP-0046,REG-02,PH-003,
RCT-0003275,TXN-0003345,RCP-00003345,Original,2026-06-27 10:03:55,EMP-0024,REG-02,PH-002,
RCT-0003276,TXN-0003382,RCP-00003382,Original,2026-06-27 10:05:31,EMP-0042,REG-04,PH-002,
RCT-0003277,TXN-0004925,RCP-00004925,Original,2026-06-27 11:11:44,EMP-0068,REG-04,PH-004,
RCT-0003278,TXN-0001125,RCP-00001125,Original,2026-06-27 11:19:29,EMP-0064,REG-01,PH-003,
RCT-0003279,TXN-0002799,RCP-00002799,Original,2026-06-27 12:27:34,EMP-0078,REG-01,PH-004,
RCT-0003280,TXN-0000102,RCP-00000102,Original,2026-06-27 13:17:18,EMP-0040,REG-05,PH-002,
RCT-0003281,TXN-0000712,RCP-00000712,Reprint,2026-06-27 13:23:59,EMP-0033,REG-02,PH-002,Customer request
RCT-0003282,TXN-0002604,RCP-00002604,Original,2026-06-27 13:42:29,EMP-0105,REG-02,PH-005,
RCT-0003283,TXN-0000698,RCP-00000698,Original,2026-06-27 13:46:50,EMP-0058,REG-02,PH-003,
RCT-0003284,TXN-0002170,RCP-00002170,Reprint,2026-06-27 13:51:34,EMP-0057,REG-03,PH-003,Lost receipt
RCT-0003285,TXN-0002510,RCP-00002510,Original,2026-06-27 13:56:45,EMP-0040,REG-03,PH-002,
RCT-0003286,TXN-0003020,RCP-00003020,Original,2026-06-27 14:10:01,EMP-0018,REG-02,PH-001,
RCT-0003287,TXN-0001893,RCP-00001893,Original,2026-06-27 14:16:33,EMP-0047,REG-06,PH-003,
RCT-0003288,TXN-0001095,RCP-00001095,Original,2026-06-27 14:30:45,EMP-0040,REG-02,PH-002,
RCT-0003289,TXN-0002177,RCP-00002177,Original,2026-06-27 14:39:58,EMP-0016,REG-05,PH-001,
RCT-0003290,TXN-0000367,RCP-00000367,Original,2026-06-27 14:42:11,EMP-0102,REG-03,PH-005,
RCT-0003291,TXN-0004500,RCP-00004500,Original,2026-06-27 15:11:37,EMP-0040,REG-01,PH-002,
RCT-0003292,TXN-0003134,RCP-00003134,Original,2026-06-27 15:34:47,EMP-0080,REG-05,PH-004,
RCT-0003293,TXN-0001090,RCP-00001090,Original,2026-06-27 16:12:13,EMP-0086,REG-04,PH-004,
RCT-0003294,TXN-0003439,RCP-00003439,Reprint,2026-06-27 16:26:10,EMP-0102,REG-04,PH-005,Duplicate for insurance
RCT-0003295,TXN-0004821,RCP-00004821,Original,2026-06-27 16:26:14,EMP-0083,REG-04,PH-004,
RCT-0003296,TXN-0002589,RCP-00002589,Original,2026-06-27 16:45:46,EMP-0041,REG-03,PH-002,
RCT-0003297,TXN-0001769,RCP-00001769,Original,2026-06-27 16:49:12,EMP-0014,REG-05,PH-001,
RCT-0003298,TXN-0001785,RCP-00001785,Original,2026-06-27 17:11:25,EMP-0090,REG-02,PH-005,
RCT-0003299,TXN-0000513,RCP-00000513,Original,2026-06-27 17:28:53,EMP-0100,REG-03,PH-005,
RCT-0003300,TXN-0004612,RCP-00004612,Original,2026-06-27 18:12:06,EMP-0035,REG-04,PH-002,
RCT-0003301,TXN-0003634,RCP-00003634,Original,2026-06-27 18:13:11,EMP-0101,REG-01,PH-005,
RCT-0003302,TXN-0004867,RCP-00004867,Original,2026-06-27 18:21:45,EMP-0046,REG-02,PH-003,
RCT-0003303,TXN-0002546,RCP-00002546,Original,2026-06-27 18:24:29,EMP-0078,REG-02,PH-004,
RCT-0003304,TXN-0004600,RCP-00004600,Original,2026-06-27 18:36:37,EMP-0079,REG-06,PH-004,
RCT-0003305,TXN-0001223,RCP-00001223,Original,2026-06-27 18:39:46,EMP-0001,REG-01,PH-001,
RCT-0003306,TXN-0004028,RCP-00004028,Original,2026-06-27 18:40:07,EMP-0105,REG-03,PH-005,
RCT-0003307,TXN-0004941,RCP-00004941,Original,2026-06-27 19:27:46,EMP-0016,REG-06,PH-001,
RCT-0003308,TXN-0001281,RCP-00001281,Original,2026-06-27 19:39:20,EMP-0003,REG-05,PH-001,
RCT-0003309,TXN-0004345,RCP-00004345,Original,2026-06-27 19:48:44,EMP-0047,REG-04,PH-003,
RCT-0003310,TXN-0000199,RCP-00000199,Original,2026-06-27 19:55:23,EMP-0082,REG-05,PH-004,
RCT-0003311,TXN-0000985,RCP-00000985,Original,2026-06-27 20:24:56,EMP-0047,REG-04,PH-003,
RCT-0003312,TXN-0003252,RCP-00003252,Original,2026-06-27 20:32:27,EMP-0105,REG-03,PH-005,
RCT-0003313,TXN-0000304,RCP-00000304,Original,2026-06-27 20:41:58,EMP-0069,REG-03,PH-004,
RCT-0003314,TXN-0002311,RCP-00002311,Original,2026-06-27 20:42:13,EMP-0017,REG-02,PH-001,
RCT-0003315,TXN-0003844,RCP-00003844,Original,2026-06-27 21:06:06,EMP-0015,REG-03,PH-001,
RCT-0003316,TXN-0000254,RCP-00000254,Original,2026-06-27 21:15:36,EMP-0090,REG-01,PH-005,
RCT-0003317,TXN-0001772,RCP-00001772,Original,2026-06-27 21:34:19,EMP-0014,REG-04,PH-001,
RCT-0003318,TXN-0000348,RCP-00000348,Original,2026-06-27 21:44:22,EMP-0091,REG-05,PH-005,
RCT-0003319,TXN-0003707,RCP-00003707,Original,2026-06-27 21:58:19,EMP-0062,REG-01,PH-003,
RCT-0003320,TXN-0004734,RCP-00004734,Original,2026-06-27 21:58:47,EMP-0063,REG-05,PH-003,
RCT-0003321,TXN-0000074,RCP-00000074,Original,2026-06-28 08:08:09,EMP-0101,REG-06,PH-005,
RCT-0003322,TXN-0000904,RCP-00000904,Original,2026-06-28 08:25:25,EMP-0001,REG-02,PH-001,
RCT-0003323,TXN-0000752,RCP-00000752,Original,2026-06-28 08:28:56,EMP-0045,REG-04,PH-003,
RCT-0003324,TXN-0000564,RCP-00000564,Original,2026-06-28 08:31:10,EMP-0059,REG-05,PH-003,
RCT-0003325,TXN-0003868,RCP-00003868,Original,2026-06-28 09:00:47,EMP-0106,REG-02,PH-005,
RCT-0003326,TXN-0000954,RCP-00000954,Original,2026-06-28 09:23:18,EMP-0078,REG-05,PH-004,
RCT-0003327,TXN-0000291,RCP-00000291,Original,2026-06-28 09:36:46,EMP-0039,REG-06,PH-002,
RCT-0003328,TXN-0003025,RCP-00003025,Original,2026-06-28 09:46:25,EMP-0085,REG-01,PH-004,
RCT-0003329,TXN-0003715,RCP-00003715,Original,2026-06-28 09:49:52,EMP-0058,REG-05,PH-003,
RCT-0003330,TXN-0004379,RCP-00004379,Original,2026-06-28 09:59:11,EMP-0084,REG-04,PH-004,
RCT-0003331,TXN-0004379,RCP-00004379,Gift Receipt,2026-06-28 10:00:11,EMP-0084,REG-04,PH-004,
RCT-0003332,TXN-0004449,RCP-00004449,Original,2026-06-28 10:33:42,EMP-0036,REG-05,PH-002,
RCT-0003333,TXN-0000928,RCP-00000928,Original,2026-06-28 10:45:43,EMP-0017,REG-04,PH-001,
RCT-0003334,TXN-0004211,RCP-00004211,Original,2026-06-28 11:11:43,EMP-0037,REG-01,PH-002,
RCT-0003335,TXN-0002812,RCP-00002812,Original,2026-06-28 11:17:19,EMP-0080,REG-04,PH-004,
RCT-0003336,TXN-0001534,RCP-00001534,Original,2026-06-28 11:21:07,EMP-0015,REG-01,PH-001,
RCT-0003337,TXN-0002105,RCP-00002105,Original,2026-06-28 11:28:48,EMP-0102,REG-02,PH-005,
RCT-0003338,TXN-0000822,RCP-00000822,Original,2026-06-28 11:43:55,EMP-0085,REG-01,PH-004,
RCT-0003339,TXN-0000457,RCP-00000457,Original,2026-06-28 11:58:23,EMP-0003,REG-03,PH-001,
RCT-0003340,TXN-0001955,RCP-00001955,Original,2026-06-28 11:59:35,EMP-0086,REG-06,PH-004,
RCT-0003341,TXN-0002735,RCP-00002735,Original,2026-06-28 12:24:22,EMP-0090,REG-04,PH-005,
RCT-0003342,TXN-0004910,RCP-00004910,Original,2026-06-28 12:34:57,EMP-0042,REG-01,PH-002,
RCT-0003343,TXN-0000391,RCP-00000391,Reprint,2026-06-28 13:30:52,EMP-0107,REG-02,PH-005,Customer request
RCT-0003344,TXN-0002388,RCP-00002388,Original,2026-06-28 13:40:14,EMP-0006,REG-02,PH-001,
RCT-0003345,TXN-0001661,RCP-00001661,Original,2026-06-28 13:46:19,EMP-0014,REG-06,PH-001,
RCT-0003346,TXN-0003373,RCP-00003373,Original,2026-06-28 13:54:34,EMP-0056,REG-03,PH-003,
RCT-0003347,TXN-0003393,RCP-00003393,Original,2026-06-28 14:53:18,EMP-0091,REG-05,PH-005,
RCT-0003348,TXN-0000412,RCP-00000412,Original,2026-06-28 15:00:20,EMP-0042,REG-01,PH-002,
RCT-0003349,TXN-0001213,RCP-00001213,Original,2026-06-28 15:04:27,EMP-0012,REG-01,PH-001,
RCT-0003350,TXN-0004761,RCP-00004761,Original,2026-06-28 15:07:47,EMP-0019,REG-05,PH-001,
RCT-0003351,TXN-0004635,RCP-00004635,Original,2026-06-28 15:22:07,EMP-0083,REG-01,PH-004,
RCT-0003352,TXN-0004038,RCP-00004038,Original,2026-06-28 15:52:24,EMP-0081,REG-05,PH-004,
RCT-0003353,TXN-0001606,RCP-00001606,Original,2026-06-28 16:07:30,EMP-0078,REG-05,PH-004,
RCT-0003354,TXN-0004523,RCP-00004523,Original,2026-06-28 16:46:06,EMP-0062,REG-02,PH-003,
RCT-0003355,TXN-0002583,RCP-00002583,Original,2026-06-28 16:52:37,EMP-0012,REG-04,PH-001,
RCT-0003356,TXN-0002407,RCP-00002407,Original,2026-06-28 16:54:10,EMP-0040,REG-01,PH-002,
RCT-0003357,TXN-0000522,RCP-00000522,Original,2026-06-28 17:19:26,EMP-0015,REG-02,PH-001,
RCT-0003358,TXN-0001235,RCP-00001235,Original,2026-06-28 18:06:08,EMP-0101,REG-06,PH-005,
RCT-0003359,TXN-0004527,RCP-00004527,Original,2026-06-28 18:36:19,EMP-0019,REG-04,PH-001,
RCT-0003360,TXN-0003605,RCP-00003605,Reprint,2026-06-28 18:44:13,EMP-0012,REG-05,PH-001,Printer jam
RCT-0003361,TXN-0000750,RCP-00000750,Original,2026-06-28 19:18:10,EMP-0046,REG-05,PH-003,
RCT-0003362,TXN-0004320,RCP-00004320,Original,2026-06-28 19:31:26,EMP-0090,REG-01,PH-005,
RCT-0003363,TXN-0000910,RCP-00000910,Original,2026-06-28 19:52:27,EMP-0056,REG-04,PH-003,
RCT-0003364,TXN-0002372,RCP-00002372,Original,2026-06-28 20:23:21,EMP-0104,REG-03,PH-005,
RCT-0003365,TXN-0000141,RCP-00000141,Original,2026-06-28 20:40:54,EMP-0015,REG-03,PH-001,
RCT-0003366,TXN-0000688,RCP-00000688,Original,2026-06-28 21:05:15,EMP-0014,REG-01,PH-001,
RCT-0003367,TXN-0000127,RCP-00000127,Original,2026-06-28 21:14:45,EMP-0025,REG-01,PH-002,
RCT-0003368,TXN-0001575,RCP-00001575,Original,2026-06-28 21:15:38,EMP-0038,REG-01,PH-002,
RCT-0003369,TXN-0001575,RCP-00001575,Gift Receipt,2026-06-28 21:16:38,EMP-0038,REG-01,PH-002,
RCT-0003370,TXN-0000461,RCP-00000461,Original,2026-06-28 21:26:51,EMP-0068,REG-03,PH-004,
RCT-0003371,TXN-0000177,RCP-00000177,Original,2026-06-28 21:28:26,EMP-0078,REG-02,PH-004,
RCT-0003372,TXN-0000422,RCP-00000422,Original,2026-06-28 21:34:15,EMP-0082,REG-03,PH-004,
RCT-0003373,TXN-0003516,RCP-00003516,Reprint,2026-06-28 23:59:47,EMP-0055,REG-04,PH-003,Printer jam
RCT-0003374,TXN-0000943,RCP-00000943,Original,2026-06-29 08:18:16,EMP-0060,REG-03,PH-003,
RCT-0003375,TXN-0002014,RCP-00002014,Original,2026-06-29 08:22:56,EMP-0034,REG-06,PH-002,
RCT-0003376,TXN-0001733,RCP-00001733,Original,2026-06-29 08:41:55,EMP-0069,REG-06,PH-004,
RCT-0003377,TXN-0003359,RCP-00003359,Original,2026-06-29 08:56:02,EMP-0081,REG-03,PH-004,
RCT-0003378,TXN-0002244,RCP-00002244,Original,2026-06-29 08:58:35,EMP-0108,REG-03,PH-005,
RCT-0003379,TXN-0002679,RCP-00002679,Original,2026-06-29 09:11:55,EMP-0062,REG-04,PH-003,
RCT-0003380,TXN-0002318,RCP-00002318,Original,2026-06-29 09:21:37,EMP-0012,REG-04,PH-001,
RCT-0003381,TXN-0001590,RCP-00001590,Original,2026-06-29 09:52:58,EMP-0017,REG-03,PH-001,
RCT-0003382,TXN-0002573,RCP-00002573,Original,2026-06-29 10:05:43,EMP-0057,REG-01,PH-003,
RCT-0003383,TXN-0003482,RCP-00003482,Original,2026-06-29 10:09:58,EMP-0035,REG-03,PH-002,
RCT-0003384,TXN-0000991,RCP-00000991,Original,2026-06-29 10:10:11,EMP-0003,REG-04,PH-001,
RCT-0003385,TXN-0003468,RCP-00003468,Original,2026-06-29 10:17:18,EMP-0108,REG-03,PH-005,
RCT-0003386,TXN-0001114,RCP-00001114,Original,2026-06-29 10:42:05,EMP-0034,REG-06,PH-002,
RCT-0003387,TXN-0003814,RCP-00003814,Original,2026-06-29 10:44:05,EMP-0046,REG-03,PH-003,
RCT-0003388,TXN-0004202,RCP-00004202,Original,2026-06-29 10:45:17,EMP-0058,REG-03,PH-003,
RCT-0003389,TXN-0001008,RCP-00001008,Original,2026-06-29 11:13:20,EMP-0014,REG-02,PH-001,
RCT-0003390,TXN-0002438,RCP-00002438,Original,2026-06-29 11:18:54,EMP-0018,REG-01,PH-001,
RCT-0003391,TXN-0003945,RCP-00003945,Original,2026-06-29 12:01:53,EMP-0059,REG-03,PH-003,
RCT-0003392,TXN-0000089,RCP-00000089,Original,2026-06-29 12:06:08,EMP-0085,REG-05,PH-004,
RCT-0003393,TXN-0003567,RCP-00003567,Original,2026-06-29 12:07:07,EMP-0036,REG-03,PH-002,
RCT-0003394,TXN-0003018,RCP-00003018,Original,2026-06-29 12:42:05,EMP-0042,REG-01,PH-002,
RCT-0003395,TXN-0000896,RCP-00000896,Original,2026-06-29 13:00:24,EMP-0081,REG-05,PH-004,
RCT-0003396,TXN-0002185,RCP-00002185,Original,2026-06-29 13:33:30,EMP-0091,REG-03,PH-005,
RCT-0003397,TXN-0003175,RCP-00003175,Original,2026-06-29 13:34:01,EMP-0081,REG-01,PH-004,
RCT-0003398,TXN-0004626,RCP-00004626,Original,2026-06-29 13:39:25,EMP-0084,REG-06,PH-004,
RCT-0003399,TXN-0004865,RCP-00004865,Original,2026-06-29 13:57:23,EMP-0061,REG-01,PH-003,
RCT-0003400,TXN-0003699,RCP-00003699,Original,2026-06-29 14:04:30,EMP-0006,REG-01,PH-001,
RCT-0003401,TXN-0003390,RCP-00003390,Original,2026-06-29 14:21:06,EMP-0039,REG-02,PH-002,
RCT-0003402,TXN-0004400,RCP-00004400,Original,2026-06-29 14:22:21,EMP-0108,REG-05,PH-005,
RCT-0003403,TXN-0004266,RCP-00004266,Original,2026-06-29 14:37:59,EMP-0019,REG-05,PH-001,
RCT-0003404,TXN-0004159,RCP-00004159,Original,2026-06-29 14:47:16,EMP-0039,REG-03,PH-002,
RCT-0003405,TXN-0000606,RCP-00000606,Original,2026-06-29 14:47:42,EMP-0107,REG-02,PH-005,
RCT-0003406,TXN-0004926,RCP-00004926,Original,2026-06-29 15:04:58,EMP-0025,REG-03,PH-002,
RCT-0003407,TXN-0002073,RCP-00002073,Original,2026-06-29 15:15:00,EMP-0064,REG-02,PH-003,
RCT-0003408,TXN-0000773,RCP-00000773,Original,2026-06-29 15:35:03,EMP-0059,REG-05,PH-003,
RCT-0003409,TXN-0002652,RCP-00002652,Original,2026-06-29 15:41:07,EMP-0040,REG-05,PH-002,
RCT-0003410,TXN-0004136,RCP-00004136,Original,2026-06-29 15:50:33,EMP-0006,REG-06,PH-001,
RCT-0003411,TXN-0004661,RCP-00004661,Original,2026-06-29 15:56:19,EMP-0003,REG-03,PH-001,
RCT-0003412,TXN-0004126,RCP-00004126,Original,2026-06-29 16:20:04,EMP-0085,REG-02,PH-004,
RCT-0003413,TXN-0004827,RCP-00004827,Original,2026-06-29 16:28:39,EMP-0017,REG-06,PH-001,
RCT-0003414,TXN-0000933,RCP-00000933,Original,2026-06-29 16:41:20,EMP-0062,REG-01,PH-003,
RCT-0003415,TXN-0001340,RCP-00001340,Original,2026-06-29 17:04:23,EMP-0061,REG-03,PH-003,
RCT-0003416,TXN-0000218,RCP-00000218,Original,2026-06-29 17:31:55,EMP-0089,REG-04,PH-005,
RCT-0003417,TXN-0004985,RCP-00004985,Original,2026-06-29 18:25:04,EMP-0003,REG-01,PH-001,
RCT-0003418,TXN-0001726,RCP-00001726,Original,2026-06-29 18:51:12,EMP-0086,REG-04,PH-004,
RCT-0003419,TXN-0000242,RCP-00000242,Original,2026-06-29 18:54:57,EMP-0064,REG-03,PH-003,
RCT-0003420,TXN-0000265,RCP-00000265,Original,2026-06-29 18:57:21,EMP-0105,REG-01,PH-005,
RCT-0003421,TXN-0002565,RCP-00002565,Original,2026-06-29 19:03:55,EMP-0068,REG-03,PH-004,
RCT-0003422,TXN-0003433,RCP-00003433,Original,2026-06-29 19:09:50,EMP-0045,REG-03,PH-003,
RCT-0003423,TXN-0002355,RCP-00002355,Original,2026-06-29 19:10:13,EMP-0038,REG-02,PH-002,
RCT-0003424,TXN-0002237,RCP-00002237,Original,2026-06-29 19:16:10,EMP-0019,REG-05,PH-001,
RCT-0003425,TXN-0001194,RCP-00001194,Original,2026-06-29 19:29:07,EMP-0014,REG-06,PH-001,
RCT-0003426,TXN-0000500,RCP-00000500,Original,2026-06-29 19:32:32,EMP-0107,REG-04,PH-005,
RCT-0003427,TXN-0000922,RCP-00000922,Original,2026-06-29 19:40:47,EMP-0089,REG-02,PH-005,
RCT-0003428,TXN-0003459,RCP-00003459,Original,2026-06-29 19:59:10,EMP-0104,REG-01,PH-005,
RCT-0003429,TXN-0003224,RCP-00003224,Original,2026-06-29 20:20:04,EMP-0106,REG-06,PH-005,
RCT-0003430,TXN-0002245,RCP-00002245,Original,2026-06-29 20:25:35,EMP-0080,REG-01,PH-004,
RCT-0003431,TXN-0000263,RCP-00000263,Original,2026-06-29 20:30:01,EMP-0091,REG-06,PH-005,
RCT-0003432,TXN-0000857,RCP-00000857,Original,2026-06-29 20:40:34,EMP-0103,REG-03,PH-005,
RCT-0003433,TXN-0002856,RCP-00002856,Original,2026-06-29 20:40:49,EMP-0025,REG-05,PH-002,
RCT-0003434,TXN-0004200,RCP-00004200,Original,2026-06-29 20:42:00,EMP-0089,REG-04,PH-005,
RCT-0003435,TXN-0001287,RCP-00001287,Reprint,2026-06-29 20:59:59,EMP-0057,REG-04,PH-003,Lost receipt
RCT-0003436,TXN-0002103,RCP-00002103,Original,2026-06-29 21:01:21,EMP-0100,REG-01,PH-005,
RCT-0003437,TXN-0004915,RCP-00004915,Original,2026-06-29 21:06:51,EMP-0089,REG-01,PH-005,
RCT-0003438,TXN-0001037,RCP-00001037,Original,2026-06-29 21:57:19,EMP-0019,REG-05,PH-001,
RCT-0003439,TXN-0000735,RCP-00000735,Original,2026-06-30 08:01:11,EMP-0040,REG-04,PH-002,
RCT-0003440,TXN-0002150,RCP-00002150,Original,2026-06-30 08:09:59,EMP-0057,REG-04,PH-003,
RCT-0003441,TXN-0001646,RCP-00001646,Original,2026-06-30 08:11:20,EMP-0101,REG-06,PH-005,
RCT-0003442,TXN-0001502,RCP-00001502,Original,2026-06-30 08:19:10,EMP-0107,REG-01,PH-005,
RCT-0003443,TXN-0002842,RCP-00002842,Original,2026-06-30 08:34:36,EMP-0042,REG-04,PH-002,
RCT-0003444,TXN-0003638,RCP-00003638,Original,2026-06-30 09:04:09,EMP-0082,REG-01,PH-004,
RCT-0003445,TXN-0003391,RCP-00003391,Original,2026-06-30 09:11:15,EMP-0068,REG-03,PH-004,
RCT-0003446,TXN-0001783,RCP-00001783,Original,2026-06-30 09:12:28,EMP-0024,REG-05,PH-002,
RCT-0003447,TXN-0001984,RCP-00001984,Original,2026-06-30 09:29:36,EMP-0091,REG-03,PH-005,
RCT-0003448,TXN-0000622,RCP-00000622,Original,2026-06-30 09:31:40,EMP-0091,REG-01,PH-005,
RCT-0003449,TXN-0002280,RCP-00002280,Original,2026-06-30 09:33:53,EMP-0108,REG-06,PH-005,
RCT-0003450,TXN-0004951,RCP-00004951,Original,2026-06-30 09:42:52,EMP-0057,REG-02,PH-003,
RCT-0003451,TXN-0002895,RCP-00002895,Original,2026-06-30 09:47:42,EMP-0090,REG-02,PH-005,
RCT-0003452,TXN-0000246,RCP-00000246,Original,2026-06-30 09:49:05,EMP-0045,REG-02,PH-003,
RCT-0003453,TXN-0000535,RCP-00000535,Original,2026-06-30 10:05:24,EMP-0025,REG-01,PH-002,
RCT-0003454,TXN-0002061,RCP-00002061,Original,2026-06-30 10:16:17,EMP-0105,REG-01,PH-005,
RCT-0003455,TXN-0002925,RCP-00002925,Original,2026-06-30 11:13:28,EMP-0015,REG-02,PH-001,
RCT-0003456,TXN-0000407,RCP-00000407,Original,2026-06-30 11:22:27,EMP-0063,REG-06,PH-003,
RCT-0003457,TXN-0004107,RCP-00004107,Original,2026-06-30 11:25:58,EMP-0015,REG-02,PH-001,
RCT-0003458,TXN-0000918,RCP-00000918,Original,2026-06-30 11:41:13,EMP-0035,REG-03,PH-002,
RCT-0003459,TXN-0002022,RCP-00002022,Original,2026-06-30 11:45:25,EMP-0064,REG-03,PH-003,
RCT-0003460,TXN-0004034,RCP-00004034,Original,2026-06-30 11:47:29,EMP-0085,REG-03,PH-004,
RCT-0003461,TXN-0001820,RCP-00001820,Original,2026-06-30 12:05:49,EMP-0061,REG-03,PH-003,
RCT-0003462,TXN-0002424,RCP-00002424,Original,2026-06-30 12:13:49,EMP-0040,REG-06,PH-002,
RCT-0003463,TXN-0004075,RCP-00004075,Original,2026-06-30 12:24:26,EMP-0025,REG-06,PH-002,
RCT-0003464,TXN-0002488,RCP-00002488,Original,2026-06-30 13:18:24,EMP-0067,REG-05,PH-004,
RCT-0003465,TXN-0004667,RCP-00004667,Original,2026-06-30 13:35:09,EMP-0039,REG-03,PH-002,
RCT-0003466,TXN-0001115,RCP-00001115,Original,2026-06-30 13:43:33,EMP-0069,REG-01,PH-004,
RCT-0003467,TXN-0004722,RCP-00004722,Original,2026-06-30 14:43:52,EMP-0105,REG-06,PH-005,
RCT-0003468,TXN-0001971,RCP-00001971,Original,2026-06-30 14:46:12,EMP-0086,REG-01,PH-004,
RCT-0003469,TXN-0002102,RCP-00002102,Original,2026-06-30 14:51:25,EMP-0079,REG-06,PH-004,
RCT-0003470,TXN-0002152,RCP-00002152,Original,2026-06-30 14:56:42,EMP-0034,REG-03,PH-002,
RCT-0003471,TXN-0002064,RCP-00002064,Original,2026-06-30 14:56:52,EMP-0104,REG-05,PH-005,
RCT-0003472,TXN-0002188,RCP-00002188,Original,2026-06-30 15:00:15,EMP-0015,REG-04,PH-001,
RCT-0003473,TXN-0002188,RCP-00002188,Gift Receipt,2026-06-30 15:01:15,EMP-0015,REG-04,PH-001,
RCT-0003474,TXN-0003777,RCP-00003777,Original,2026-06-30 15:06:20,EMP-0058,REG-05,PH-003,
RCT-0003475,TXN-0000778,RCP-00000778,Original,2026-06-30 15:07:33,EMP-0012,REG-04,PH-001,
RCT-0003476,TXN-0003906,RCP-00003906,Original,2026-06-30 15:10:50,EMP-0002,REG-02,PH-001,
RCT-0003477,TXN-0004030,RCP-00004030,Original,2026-06-30 15:13:42,EMP-0061,REG-03,PH-003,
RCT-0003478,TXN-0002862,RCP-00002862,Original,2026-06-30 15:20:53,EMP-0017,REG-05,PH-001,
RCT-0003479,TXN-0004779,RCP-00004779,Original,2026-06-30 15:51:20,EMP-0078,REG-05,PH-004,
RCT-0003480,TXN-0003502,RCP-00003502,Original,2026-06-30 15:56:06,EMP-0037,REG-04,PH-002,
RCT-0003481,TXN-0003440,RCP-00003440,Original,2026-06-30 16:26:07,EMP-0068,REG-01,PH-004,
RCT-0003482,TXN-0000294,RCP-00000294,Original,2026-06-30 16:57:31,EMP-0102,REG-04,PH-005,
RCT-0003483,TXN-0002894,RCP-00002894,Original,2026-06-30 17:09:46,EMP-0036,REG-02,PH-002,
RCT-0003484,TXN-0001422,RCP-00001422,Original,2026-06-30 17:21:11,EMP-0064,REG-03,PH-003,
RCT-0003485,TXN-0001447,RCP-00001447,Original,2026-06-30 17:45:45,EMP-0103,REG-03,PH-005,
RCT-0003486,TXN-0004670,RCP-00004670,Original,2026-06-30 18:00:47,EMP-0042,REG-03,PH-002,
RCT-0003487,TXN-0002763,RCP-00002763,Original,2026-06-30 18:16:27,EMP-0106,REG-03,PH-005,
RCT-0003488,TXN-0004110,RCP-00004110,Original,2026-06-30 18:20:23,EMP-0063,REG-05,PH-003,
RCT-0003489,TXN-0002878,RCP-00002878,Original,2026-06-30 18:32:55,EMP-0102,REG-02,PH-005,
RCT-0003490,TXN-0001108,RCP-00001108,Original,2026-06-30 18:54:34,EMP-0057,REG-04,PH-003,
RCT-0003491,TXN-0000380,RCP-00000380,Original,2026-06-30 19:19:49,EMP-0063,REG-05,PH-003,
RCT-0003492,TXN-0003240,RCP-00003240,Original,2026-06-30 19:21:12,EMP-0034,REG-02,PH-002,
RCT-0003493,TXN-0004083,RCP-00004083,Original,2026-06-30 19:21:54,EMP-0078,REG-03,PH-004,
RCT-0003494,TXN-0000096,RCP-00000096,Original,2026-06-30 20:08:57,EMP-0040,REG-05,PH-002,
RCT-0003495,TXN-0002931,RCP-00002931,Original,2026-06-30 20:22:14,EMP-0086,REG-05,PH-004,
RCT-0003496,TXN-0004568,RCP-00004568,Original,2026-06-30 20:31:24,EMP-0019,REG-03,PH-001,
RCT-0003497,TXN-0001619,RCP-00001619,Original,2026-06-30 20:58:13,EMP-0037,REG-05,PH-002,
RCT-0003498,TXN-0001448,RCP-00001448,Original,2026-06-30 21:00:56,EMP-0083,REG-06,PH-004,
RCT-0003499,TXN-0003669,RCP-00003669,Original,2026-06-30 21:00:56,EMP-0003,REG-03,PH-001,
RCT-0003500,TXN-0000669,RCP-00000669,Original,2026-06-30 21:04:32,EMP-0013,REG-02,PH-001,
RCT-0003501,TXN-0001778,RCP-00001778,Original,2026-06-30 21:27:35,EMP-0069,REG-01,PH-004,
RCT-0003502,TXN-0000272,RCP-00000272,Original,2026-06-30 21:31:02,EMP-0039,REG-01,PH-002,
RCT-0003503,TXN-0000740,RCP-00000740,Reprint,2026-07-01 04:22:39,EMP-0004,REG-06,PH-001,Printer jam
RCT-0003504,TXN-0000524,RCP-00000524,Reprint,2026-07-01 04:53:00,EMP-0006,REG-06,PH-001,Customer request
RCT-0003505,TXN-0001256,RCP-00001256,Original,2026-07-01 08:22:24,EMP-0089,REG-01,PH-005,
RCT-0003506,TXN-0001295,RCP-00001295,Original,2026-07-01 08:33:09,EMP-0100,REG-04,PH-005,
RCT-0003507,TXN-0003864,RCP-00003864,Original,2026-07-01 08:33:56,EMP-0019,REG-05,PH-001,
RCT-0003508,TXN-0004088,RCP-00004088,Original,2026-07-01 08:36:01,EMP-0019,REG-04,PH-001,
RCT-0003509,TXN-0001926,RCP-00001926,Original,2026-07-01 08:40:42,EMP-0064,REG-04,PH-003,
RCT-0003510,TXN-0000077,RCP-00000077,Original,2026-07-01 09:14:34,EMP-0042,REG-03,PH-002,
RCT-0003511,TXN-0004887,RCP-00004887,Original,2026-07-01 09:25:35,EMP-0078,REG-02,PH-004,
RCT-0003512,TXN-0003998,RCP-00003998,Original,2026-07-01 09:26:20,EMP-0105,REG-06,PH-005,
RCT-0003513,TXN-0001210,RCP-00001210,Original,2026-07-01 09:29:05,EMP-0017,REG-04,PH-001,
RCT-0003514,TXN-0002223,RCP-00002223,Original,2026-07-01 09:31:27,EMP-0058,REG-01,PH-003,
RCT-0003515,TXN-0002995,RCP-00002995,Original,2026-07-01 09:41:31,EMP-0002,REG-02,PH-001,
RCT-0003516,TXN-0002397,RCP-00002397,Original,2026-07-01 09:43:12,EMP-0084,REG-06,PH-004,
RCT-0003517,TXN-0004434,RCP-00004434,Original,2026-07-01 09:53:22,EMP-0003,REG-03,PH-001,
RCT-0003518,TXN-0002387,RCP-00002387,Original,2026-07-01 10:06:12,EMP-0036,REG-03,PH-002,
RCT-0003519,TXN-0001107,RCP-00001107,Original,2026-07-01 10:17:28,EMP-0062,REG-05,PH-003,
RCT-0003520,TXN-0004204,RCP-00004204,Original,2026-07-01 10:28:00,EMP-0108,REG-06,PH-005,
RCT-0003521,TXN-0001138,RCP-00001138,Original,2026-07-01 10:45:08,EMP-0091,REG-04,PH-005,
RCT-0003522,TXN-0001207,RCP-00001207,Original,2026-07-01 10:45:16,EMP-0079,REG-03,PH-004,
RCT-0003523,TXN-0002739,RCP-00002739,Original,2026-07-01 11:06:38,EMP-0023,REG-04,PH-002,
RCT-0003524,TXN-0002612,RCP-00002612,Original,2026-07-01 11:27:36,EMP-0080,REG-01,PH-004,
RCT-0003525,TXN-0002193,RCP-00002193,Original,2026-07-01 12:01:54,EMP-0060,REG-03,PH-003,
RCT-0003526,TXN-0003722,RCP-00003722,Original,2026-07-01 12:19:03,EMP-0038,REG-06,PH-002,
RCT-0003527,TXN-0000286,RCP-00000286,Original,2026-07-01 12:35:43,EMP-0046,REG-03,PH-003,
RCT-0003528,TXN-0002485,RCP-00002485,Original,2026-07-01 12:43:45,EMP-0046,REG-06,PH-003,
RCT-0003529,TXN-0001569,RCP-00001569,Original,2026-07-01 12:53:32,EMP-0100,REG-02,PH-005,
RCT-0003530,TXN-0004813,RCP-00004813,Original,2026-07-01 13:11:59,EMP-0059,REG-03,PH-003,
RCT-0003531,TXN-0001466,RCP-00001466,Original,2026-07-01 13:32:07,EMP-0041,REG-01,PH-002,
RCT-0003532,TXN-0002811,RCP-00002811,Original,2026-07-01 13:41:03,EMP-0037,REG-06,PH-002,
RCT-0003533,TXN-0000919,RCP-00000919,Original,2026-07-01 13:44:33,EMP-0045,REG-02,PH-003,
RCT-0003534,TXN-0003666,RCP-00003666,Original,2026-07-01 14:20:48,EMP-0006,REG-06,PH-001,
RCT-0003535,TXN-0004026,RCP-00004026,Original,2026-07-01 15:15:52,EMP-0105,REG-05,PH-005,
RCT-0003536,TXN-0000185,RCP-00000185,Original,2026-07-01 15:31:46,EMP-0019,REG-04,PH-001,
RCT-0003537,TXN-0001373,RCP-00001373,Original,2026-07-01 15:45:52,EMP-0017,REG-06,PH-001,
RCT-0003538,TXN-0003808,RCP-00003808,Original,2026-07-01 16:19:03,EMP-0057,REG-03,PH-003,
RCT-0003539,TXN-0001715,RCP-00001715,Original,2026-07-01 16:42:56,EMP-0064,REG-01,PH-003,
RCT-0003540,TXN-0000874,RCP-00000874,Original,2026-07-01 16:46:18,EMP-0003,REG-03,PH-001,
RCT-0003541,TXN-0001526,RCP-00001526,Original,2026-07-01 16:47:59,EMP-0019,REG-01,PH-001,
RCT-0003542,TXN-0003070,RCP-00003070,Original,2026-07-01 16:52:05,EMP-0059,REG-05,PH-003,
RCT-0003543,TXN-0003076,RCP-00003076,Original,2026-07-01 16:52:10,EMP-0012,REG-04,PH-001,
RCT-0003544,TXN-0003076,RCP-00003076,Gift Receipt,2026-07-01 16:53:10,EMP-0012,REG-04,PH-001,
RCT-0003545,TXN-0004975,RCP-00004975,Original,2026-07-01 17:23:40,EMP-0002,REG-04,PH-001,
RCT-0003546,TXN-0004262,RCP-00004262,Original,2026-07-01 17:28:40,EMP-0062,REG-03,PH-003,
RCT-0003547,TXN-0000900,RCP-00000900,Original,2026-07-01 17:33:41,EMP-0038,REG-01,PH-002,
RCT-0003548,TXN-0004660,RCP-00004660,Original,2026-07-01 17:53:44,EMP-0041,REG-02,PH-002,
RCT-0003549,TXN-0003983,RCP-00003983,Original,2026-07-01 18:12:38,EMP-0061,REG-06,PH-003,
RCT-0003550,TXN-0000188,RCP-00000188,Original,2026-07-01 18:22:47,EMP-0046,REG-04,PH-003,
RCT-0003551,TXN-0001274,RCP-00001274,Original,2026-07-01 18:26:06,EMP-0016,REG-02,PH-001,
RCT-0003552,TXN-0004430,RCP-00004430,Original,2026-07-01 18:34:51,EMP-0102,REG-01,PH-005,
RCT-0003553,TXN-0002540,RCP-00002540,Original,2026-07-01 18:49:19,EMP-0015,REG-04,PH-001,
RCT-0003554,TXN-0000120,RCP-00000120,Original,2026-07-01 19:13:42,EMP-0104,REG-06,PH-005,
RCT-0003555,TXN-0000382,RCP-00000382,Original,2026-07-01 19:51:42,EMP-0020,REG-04,PH-001,
RCT-0003556,TXN-0004510,RCP-00004510,Original,2026-07-01 19:53:53,EMP-0006,REG-02,PH-001,
RCT-0003557,TXN-0004736,RCP-00004736,Original,2026-07-01 19:56:48,EMP-0023,REG-03,PH-002,
RCT-0003558,TXN-0001773,RCP-00001773,Original,2026-07-01 20:14:19,EMP-0041,REG-01,PH-002,
RCT-0003559,TXN-0003202,RCP-00003202,Original,2026-07-01 20:19:44,EMP-0001,REG-06,PH-001,
RCT-0003560,TXN-0004602,RCP-00004602,Original,2026-07-01 20:48:21,EMP-0001,REG-06,PH-001,
RCT-0003561,TXN-0003013,RCP-00003013,Original,2026-07-01 21:01:33,EMP-0107,REG-05,PH-005,
RCT-0003562,TXN-0003827,RCP-00003827,Original,2026-07-01 21:03:07,EMP-0037,REG-01,PH-002,
RCT-0003563,TXN-0000415,RCP-00000415,Original,2026-07-01 21:19:48,EMP-0103,REG-06,PH-005,
RCT-0003564,TXN-0002464,RCP-00002464,Original,2026-07-01 21:51:50,EMP-0003,REG-03,PH-001,
RCT-0003565,TXN-0002746,RCP-00002746,Reprint,2026-07-01 22:39:00,EMP-0006,REG-04,PH-001,Customer request
RCT-0003566,TXN-0000857,RCP-00000857,Reprint,2026-07-02 04:43:00,EMP-0006,REG-06,PH-001,Customer request
RCT-0003567,TXN-0001817,RCP-00001817,Reprint,2026-07-02 06:09:40,EMP-0068,REG-06,PH-004,Duplicate for insurance
RCT-0003568,TXN-0001645,RCP-00001645,Original,2026-07-02 08:37:51,EMP-0058,REG-02,PH-003,
RCT-0003569,TXN-0003573,RCP-00003573,Original,2026-07-02 08:44:01,EMP-0001,REG-06,PH-001,
RCT-0003570,TXN-0001608,RCP-00001608,Original,2026-07-02 08:45:51,EMP-0102,REG-04,PH-005,
RCT-0003571,TXN-0002161,RCP-00002161,Original,2026-07-02 08:46:42,EMP-0017,REG-03,PH-001,
RCT-0003572,TXN-0000615,RCP-00000615,Original,2026-07-02 08:56:25,EMP-0101,REG-02,PH-005,
RCT-0003573,TXN-0001246,RCP-00001246,Original,2026-07-02 08:59:32,EMP-0017,REG-03,PH-001,
RCT-0003574,TXN-0001236,RCP-00001236,Original,2026-07-02 09:02:35,EMP-0062,REG-03,PH-003,
RCT-0003575,TXN-0001176,RCP-00001176,Original,2026-07-02 09:06:24,EMP-0107,REG-02,PH-005,
RCT-0003576,TXN-0001467,RCP-00001467,Original,2026-07-02 09:27:56,EMP-0041,REG-01,PH-002,
RCT-0003577,TXN-0001758,RCP-00001758,Original,2026-07-02 10:10:25,EMP-0017,REG-06,PH-001,
RCT-0003578,TXN-0003694,RCP-00003694,Original,2026-07-02 10:10:32,EMP-0067,REG-01,PH-004,
RCT-0003579,TXN-0004322,RCP-00004322,Original,2026-07-02 10:15:09,EMP-0040,REG-02,PH-002,
RCT-0003580,TXN-0003231,RCP-00003231,Original,2026-07-02 10:30:59,EMP-0101,REG-06,PH-005,
RCT-0003581,TXN-0001513,RCP-00001513,Reprint,2026-07-02 11:04:00,EMP-0006,REG-03,PH-001,Customer request
RCT-0003582,TXN-0002971,RCP-00002971,Original,2026-07-02 11:17:31,EMP-0017,REG-02,PH-001,
RCT-0003583,TXN-0001658,RCP-00001658,Original,2026-07-02 11:18:05,EMP-0082,REG-03,PH-004,
RCT-0003584,TXN-0003355,RCP-00003355,Original,2026-07-02 11:18:23,EMP-0060,REG-01,PH-003,
RCT-0003585,TXN-0003656,RCP-00003656,Reprint,2026-07-02 11:21:00,EMP-0006,REG-04,PH-001,Customer request
RCT-0003586,TXN-0004650,RCP-00004650,Original,2026-07-02 11:37:18,EMP-0108,REG-01,PH-005,
RCT-0003587,TXN-0004689,RCP-00004689,Original,2026-07-02 13:00:53,EMP-0002,REG-01,PH-001,
RCT-0003588,TXN-0004398,RCP-00004398,Original,2026-07-02 13:09:38,EMP-0101,REG-04,PH-005,
RCT-0003589,TXN-0002627,RCP-00002627,Original,2026-07-02 13:52:37,EMP-0062,REG-06,PH-003,
RCT-0003590,TXN-0002168,RCP-00002168,Original,2026-07-02 13:59:09,EMP-0102,REG-05,PH-005,
RCT-0003591,TXN-0001989,RCP-00001989,Original,2026-07-02 13:59:39,EMP-0035,REG-02,PH-002,
RCT-0003592,TXN-0000776,RCP-00000776,Original,2026-07-02 14:13:20,EMP-0090,REG-01,PH-005,
RCT-0003593,TXN-0002154,RCP-00002154,Original,2026-07-02 14:20:41,EMP-0061,REG-05,PH-003,
RCT-0003594,TXN-0002793,RCP-00002793,Original,2026-07-02 14:30:11,EMP-0086,REG-01,PH-004,
RCT-0003595,TXN-0004247,RCP-00004247,Original,2026-07-02 14:31:59,EMP-0061,REG-06,PH-003,
RCT-0003596,TXN-0002363,RCP-00002363,Original,2026-07-02 14:38:50,EMP-0057,REG-02,PH-003,
RCT-0003597,TXN-0004767,RCP-00004767,Original,2026-07-02 15:26:36,EMP-0035,REG-02,PH-002,
RCT-0003598,TXN-0003665,RCP-00003665,Original,2026-07-02 15:27:52,EMP-0020,REG-05,PH-001,
RCT-0003599,TXN-0002099,RCP-00002099,Original,2026-07-02 15:33:32,EMP-0024,REG-01,PH-002,
RCT-0003600,TXN-0001284,RCP-00001284,Original,2026-07-02 16:28:00,EMP-0037,REG-06,PH-002,
RCT-0003601,TXN-0004395,RCP-00004395,Original,2026-07-02 16:44:24,EMP-0057,REG-01,PH-003,
RCT-0003602,TXN-0004731,RCP-00004731,Original,2026-07-02 17:20:53,EMP-0035,REG-04,PH-002,
RCT-0003603,TXN-0003522,RCP-00003522,Original,2026-07-02 17:31:26,EMP-0080,REG-03,PH-004,
RCT-0003604,TXN-0000793,RCP-00000793,Original,2026-07-02 17:40:25,EMP-0046,REG-02,PH-003,
RCT-0003605,TXN-0003700,RCP-00003700,Original,2026-07-02 17:57:48,EMP-0083,REG-05,PH-004,
RCT-0003606,TXN-0000053,RCP-00000053,Original,2026-07-02 18:01:31,EMP-0016,REG-06,PH-001,
RCT-0003607,TXN-0000801,RCP-00000801,Original,2026-07-02 18:23:01,EMP-0105,REG-03,PH-005,
RCT-0003608,TXN-0001982,RCP-00001982,Original,2026-07-02 18:53:25,EMP-0047,REG-01,PH-003,
RCT-0003609,TXN-0002841,RCP-00002841,Original,2026-07-02 19:12:16,EMP-0107,REG-02,PH-005,
RCT-0003610,TXN-0004447,RCP-00004447,Original,2026-07-02 19:28:33,EMP-0102,REG-01,PH-005,
RCT-0003611,TXN-0000605,RCP-00000605,Original,2026-07-02 19:32:45,EMP-0104,REG-01,PH-005,
RCT-0003612,TXN-0000812,RCP-00000812,Original,2026-07-02 19:37:51,EMP-0036,REG-01,PH-002,
RCT-0003613,TXN-0000285,RCP-00000285,Original,2026-07-02 19:54:17,EMP-0082,REG-01,PH-004,
RCT-0003614,TXN-0001765,RCP-00001765,Original,2026-07-02 20:00:23,EMP-0081,REG-05,PH-004,
RCT-0003615,TXN-0004823,RCP-00004823,Original,2026-07-02 20:17:17,EMP-0102,REG-02,PH-005,
RCT-0003616,TXN-0003148,RCP-00003148,Original,2026-07-02 20:25:06,EMP-0023,REG-05,PH-002,
RCT-0003617,TXN-0001872,RCP-00001872,Original,2026-07-02 20:28:56,EMP-0100,REG-01,PH-005,
RCT-0003618,TXN-0001141,RCP-00001141,Reprint,2026-07-02 20:29:00,EMP-0006,REG-03,PH-001,Customer request
RCT-0003619,TXN-0003263,RCP-00003263,Original,2026-07-02 20:29:32,EMP-0012,REG-06,PH-001,
RCT-0003620,TXN-0000832,RCP-00000832,Original,2026-07-02 21:04:43,EMP-0079,REG-06,PH-004,
RCT-0003621,TXN-0002513,RCP-00002513,Original,2026-07-02 21:11:45,EMP-0106,REG-03,PH-005,
RCT-0003622,TXN-0002216,RCP-00002216,Original,2026-07-02 21:13:55,EMP-0068,REG-02,PH-004,
RCT-0003623,TXN-0002744,RCP-00002744,Original,2026-07-02 21:15:31,EMP-0013,REG-02,PH-001,
RCT-0003624,TXN-0002670,RCP-00002670,Original,2026-07-02 21:17:11,EMP-0103,REG-01,PH-005,
RCT-0003625,TXN-0002596,RCP-00002596,Original,2026-07-02 21:21:07,EMP-0047,REG-02,PH-003,
RCT-0003626,TXN-0004420,RCP-00004420,Original,2026-07-02 21:29:37,EMP-0035,REG-05,PH-002,
RCT-0003627,TXN-0004312,RCP-00004312,Original,2026-07-02 21:30:03,EMP-0101,REG-06,PH-005,
RCT-0003628,TXN-0004276,RCP-00004276,Original,2026-07-02 21:48:32,EMP-0059,REG-02,PH-003,
RCT-0003629,TXN-0000612,RCP-00000612,Original,2026-07-02 21:51:08,EMP-0035,REG-02,PH-002,
RCT-0003630,TXN-0004440,RCP-00004440,Original,2026-07-02 21:58:21,EMP-0017,REG-06,PH-001,
RCT-0003631,TXN-0002139,RCP-00002139,Original,2026-07-03 08:27:12,EMP-0061,REG-04,PH-003,
RCT-0003632,TXN-0004569,RCP-00004569,Original,2026-07-03 08:42:50,EMP-0103,REG-04,PH-005,
RCT-0003633,TXN-0000368,RCP-00000368,Original,2026-07-03 08:43:04,EMP-0106,REG-01,PH-005,
RCT-0003634,TXN-0001977,RCP-00001977,Original,2026-07-03 08:58:43,EMP-0107,REG-04,PH-005,
RCT-0003635,TXN-0000878,RCP-00000878,Original,2026-07-03 09:22:33,EMP-0107,REG-01,PH-005,
RCT-0003636,TXN-0000600,RCP-00000600,Original,2026-07-03 09:30:03,EMP-0019,REG-01,PH-001,
RCT-0003637,TXN-0004362,RCP-00004362,Original,2026-07-03 09:34:48,EMP-0014,REG-02,PH-001,
RCT-0003638,TXN-0003303,RCP-00003303,Original,2026-07-03 10:06:28,EMP-0090,REG-06,PH-005,
RCT-0003639,TXN-0003308,RCP-00003308,Original,2026-07-03 10:24:01,EMP-0104,REG-02,PH-005,
RCT-0003640,TXN-0002346,RCP-00002346,Original,2026-07-03 10:37:17,EMP-0083,REG-05,PH-004,
RCT-0003641,TXN-0002642,RCP-00002642,Original,2026-07-03 11:03:12,EMP-0063,REG-03,PH-003,
RCT-0003642,TXN-0003342,RCP-00003342,Original,2026-07-03 11:08:45,EMP-0108,REG-01,PH-005,
RCT-0003643,TXN-0001154,RCP-00001154,Original,2026-07-03 11:29:02,EMP-0085,REG-04,PH-004,
RCT-0003644,TXN-0001708,RCP-00001708,Original,2026-07-03 11:46:09,EMP-0014,REG-04,PH-001,
RCT-0003645,TXN-0002636,RCP-00002636,Original,2026-07-03 11:54:39,EMP-0023,REG-05,PH-002,
RCT-0003646,TXN-0004676,RCP-00004676,Original,2026-07-03 12:09:04,EMP-0063,REG-04,PH-003,
RCT-0003647,TXN-0002953,RCP-00002953,Original,2026-07-03 12:28:40,EMP-0063,REG-04,PH-003,
RCT-0003648,TXN-0001259,RCP-00001259,Original,2026-07-03 12:45:45,EMP-0090,REG-01,PH-005,
RCT-0003649,TXN-0004571,RCP-00004571,Original,2026-07-03 12:48:00,EMP-0046,REG-01,PH-003,
RCT-0003650,TXN-0002291,RCP-00002291,Reprint,2026-07-03 13:18:59,EMP-0021,REG-03,PH-001,Printer jam
RCT-0003651,TXN-0004130,RCP-00004130,Original,2026-07-03 13:28:38,EMP-0104,REG-04,PH-005,
RCT-0003652,TXN-0004358,RCP-00004358,Original,2026-07-03 14:10:53,EMP-0108,REG-04,PH-005,
RCT-0003653,TXN-0000157,RCP-00000157,Original,2026-07-03 14:18:44,EMP-0059,REG-06,PH-003,
RCT-0003654,TXN-0002337,RCP-00002337,Original,2026-07-03 14:55:39,EMP-0068,REG-03,PH-004,
RCT-0003655,TXN-0004541,RCP-00004541,Original,2026-07-03 14:57:00,EMP-0040,REG-01,PH-002,
RCT-0003656,TXN-0002395,RCP-00002395,Original,2026-07-03 15:03:09,EMP-0036,REG-03,PH-002,
RCT-0003657,TXN-0004828,RCP-00004828,Original,2026-07-03 15:12:00,EMP-0040,REG-01,PH-002,
RCT-0003658,TXN-0004868,RCP-00004868,Original,2026-07-03 15:26:00,EMP-0107,REG-01,PH-005,
RCT-0003659,TXN-0002687,RCP-00002687,Original,2026-07-03 15:32:34,EMP-0014,REG-04,PH-001,
RCT-0003660,TXN-0003517,RCP-00003517,Original,2026-07-03 15:51:55,EMP-0108,REG-01,PH-005,
RCT-0003661,TXN-0004476,RCP-00004476,Original,2026-07-03 15:55:48,EMP-0036,REG-02,PH-002,
RCT-0003662,TXN-0002514,RCP-00002514,Original,2026-07-03 16:13:31,EMP-0035,REG-04,PH-002,
RCT-0003663,TXN-0000195,RCP-00000195,Original,2026-07-03 16:20:13,EMP-0061,REG-05,PH-003,
RCT-0003664,TXN-0003096,RCP-00003096,Original,2026-07-03 16:30:29,EMP-0061,REG-03,PH-003,
RCT-0003665,TXN-0001682,RCP-00001682,Original,2026-07-03 16:38:28,EMP-0103,REG-03,PH-005,
RCT-0003666,TXN-0004880,RCP-00004880,Original,2026-07-03 16:39:22,EMP-0102,REG-03,PH-005,
RCT-0003667,TXN-0001041,RCP-00001041,Original,2026-07-03 16:54:43,EMP-0014,REG-06,PH-001,
RCT-0003668,TXN-0000405,RCP-00000405,Original,2026-07-03 17:48:32,EMP-0105,REG-01,PH-005,
RCT-0003669,TXN-0000550,RCP-00000550,Original,2026-07-03 18:23:27,EMP-0069,REG-02,PH-004,
RCT-0003670,TXN-0004999,RCP-00004999,Original,2026-07-03 18:34:31,EMP-0018,REG-06,PH-001,
RCT-0003671,TXN-0004360,RCP-00004360,Original,2026-07-03 18:53:22,EMP-0091,REG-06,PH-005,
RCT-0003672,TXN-0004364,RCP-00004364,Original,2026-07-03 19:18:46,EMP-0105,REG-05,PH-005,
RCT-0003673,TXN-0002632,RCP-00002632,Original,2026-07-03 19:52:55,EMP-0100,REG-04,PH-005,
RCT-0003674,TXN-0002632,RCP-00002632,Gift Receipt,2026-07-03 19:53:55,EMP-0100,REG-04,PH-005,
RCT-0003675,TXN-0003386,RCP-00003386,Original,2026-07-03 19:55:25,EMP-0100,REG-02,PH-005,
RCT-0003676,TXN-0002159,RCP-00002159,Original,2026-07-03 20:12:50,EMP-0039,REG-05,PH-002,
RCT-0003677,TXN-0000870,RCP-00000870,Original,2026-07-03 20:31:39,EMP-0103,REG-04,PH-005,
RCT-0003678,TXN-0002509,RCP-00002509,Original,2026-07-03 20:38:56,EMP-0091,REG-01,PH-005,
RCT-0003679,TXN-0001086,RCP-00001086,Original,2026-07-03 20:39:09,EMP-0102,REG-04,PH-005,
RCT-0003680,TXN-0002203,RCP-00002203,Reprint,2026-07-03 20:46:00,EMP-0006,REG-03,PH-001,Customer request
RCT-0003681,TXN-0001087,RCP-00001087,Original,2026-07-03 21:04:38,EMP-0013,REG-01,PH-001,
RCT-0003682,TXN-0000899,RCP-00000899,Reprint,2026-07-04 01:55:36,EMP-0029,REG-06,PH-002,Printer jam
RCT-0003683,TXN-0002449,RCP-00002449,Original,2026-07-04 08:46:35,EMP-0036,REG-04,PH-002,
RCT-0003684,TXN-0000385,RCP-00000385,Original,2026-07-04 09:01:19,EMP-0042,REG-04,PH-002,
RCT-0003685,TXN-0002845,RCP-00002845,Original,2026-07-04 09:11:36,EMP-0015,REG-01,PH-001,
RCT-0003686,TXN-0002348,RCP-00002348,Original,2026-07-04 09:34:47,EMP-0035,REG-01,PH-002,
RCT-0003687,TXN-0003206,RCP-00003206,Original,2026-07-04 09:36:17,EMP-0108,REG-02,PH-005,
RCT-0003688,TXN-0004168,RCP-00004168,Original,2026-07-04 09:46:00,EMP-0024,REG-05,PH-002,
RCT-0003689,TXN-0000996,RCP-00000996,Original,2026-07-04 10:49:29,EMP-0058,REG-04,PH-003,
RCT-0003690,TXN-0002566,RCP-00002566,Original,2026-07-04 10:52:09,EMP-0015,REG-01,PH-001,
RCT-0003691,TXN-0000840,RCP-00000840,Original,2026-07-04 11:18:18,EMP-0025,REG-06,PH-002,
RCT-0003692,TXN-0003258,RCP-00003258,Original,2026-07-04 11:19:34,EMP-0061,REG-06,PH-003,
RCT-0003693,TXN-0001610,RCP-00001610,Original,2026-07-04 11:52:47,EMP-0089,REG-03,PH-005,
RCT-0003694,TXN-0000027,RCP-00000027,Original,2026-07-04 11:54:39,EMP-0047,REG-05,PH-003,
RCT-0003695,TXN-0002633,RCP-00002633,Original,2026-07-04 12:10:37,EMP-0035,REG-03,PH-002,
RCT-0003696,TXN-0002582,RCP-00002582,Original,2026-07-04 12:34:10,EMP-0015,REG-02,PH-001,
RCT-0003697,TXN-0000238,RCP-00000238,Original,2026-07-04 13:07:05,EMP-0047,REG-03,PH-003,
RCT-0003698,TXN-0004824,RCP-00004824,Original,2026-07-04 13:08:25,EMP-0037,REG-02,PH-002,
RCT-0003699,TXN-0001380,RCP-00001380,Original,2026-07-04 13:28:23,EMP-0013,REG-04,PH-001,
RCT-0003700,TXN-0001033,RCP-00001033,Original,2026-07-04 13:30:56,EMP-0038,REG-04,PH-002,
RCT-0003701,TXN-0000076,RCP-00000076,Original,2026-07-04 14:22:39,EMP-0012,REG-01,PH-001,
RCT-0003702,TXN-0000432,RCP-00000432,Original,2026-07-04 14:28:09,EMP-0057,REG-01,PH-003,
RCT-0003703,TXN-0002711,RCP-00002711,Original,2026-07-04 15:05:41,EMP-0023,REG-05,PH-002,
RCT-0003704,TXN-0001891,RCP-00001891,Original,2026-07-04 15:06:53,EMP-0018,REG-02,PH-001,
RCT-0003705,TXN-0000898,RCP-00000898,Original,2026-07-04 15:29:19,EMP-0081,REG-04,PH-004,
RCT-0003706,TXN-0004851,RCP-00004851,Original,2026-07-04 15:55:24,EMP-0056,REG-01,PH-003,
RCT-0003707,TXN-0003766,RCP-00003766,Original,2026-07-04 16:04:59,EMP-0084,REG-02,PH-004,
RCT-0003708,TXN-0003804,RCP-00003804,Original,2026-07-04 16:15:42,EMP-0103,REG-01,PH-005,
RCT-0003709,TXN-0000340,RCP-00000340,Original,2026-07-04 16:48:42,EMP-0014,REG-04,PH-001,
RCT-0003710,TXN-0002774,RCP-00002774,Original,2026-07-04 16:50:21,EMP-0062,REG-01,PH-003,
RCT-0003711,TXN-0001060,RCP-00001060,Original,2026-07-04 16:57:20,EMP-0001,REG-04,PH-001,
RCT-0003712,TXN-0003627,RCP-00003627,Original,2026-07-04 17:16:00,EMP-0062,REG-04,PH-003,
RCT-0003713,TXN-0000732,RCP-00000732,Original,2026-07-04 17:34:39,EMP-0040,REG-04,PH-002,
RCT-0003714,TXN-0002398,RCP-00002398,Original,2026-07-04 18:24:32,EMP-0037,REG-02,PH-002,
RCT-0003715,TXN-0001657,RCP-00001657,Original,2026-07-04 18:28:00,EMP-0001,REG-06,PH-001,
RCT-0003716,TXN-0000727,RCP-00000727,Original,2026-07-04 18:33:05,EMP-0103,REG-04,PH-005,
RCT-0003717,TXN-0004738,RCP-00004738,Original,2026-07-04 18:42:12,EMP-0006,REG-04,PH-001,
RCT-0003718,TXN-0000029,RCP-00000029,Original,2026-07-04 18:42:20,EMP-0058,REG-01,PH-003,
RCT-0003719,TXN-0004023,RCP-00004023,Original,2026-07-04 18:46:09,EMP-0038,REG-03,PH-002,
RCT-0003720,TXN-0003871,RCP-00003871,Original,2026-07-04 18:58:57,EMP-0041,REG-04,PH-002,
RCT-0003721,TXN-0003162,RCP-00003162,Original,2026-07-04 19:12:18,EMP-0017,REG-04,PH-001,
RCT-0003722,TXN-0004388,RCP-00004388,Original,2026-07-04 19:26:10,EMP-0058,REG-06,PH-003,
RCT-0003723,TXN-0004787,RCP-00004787,Original,2026-07-04 19:39:30,EMP-0057,REG-02,PH-003,
RCT-0003724,TXN-0003508,RCP-00003508,Original,2026-07-04 19:43:59,EMP-0057,REG-03,PH-003,
RCT-0003725,TXN-0001245,RCP-00001245,Original,2026-07-04 19:46:43,EMP-0103,REG-06,PH-005,
RCT-0003726,TXN-0004716,RCP-00004716,Original,2026-07-04 19:53:42,EMP-0106,REG-01,PH-005,
RCT-0003727,TXN-0003486,RCP-00003486,Original,2026-07-04 20:28:59,EMP-0016,REG-06,PH-001,
RCT-0003728,TXN-0004583,RCP-00004583,Original,2026-07-04 20:31:29,EMP-0019,REG-06,PH-001,
RCT-0003729,TXN-0002313,RCP-00002313,Original,2026-07-04 20:45:12,EMP-0014,REG-06,PH-001,
RCT-0003730,TXN-0000376,RCP-00000376,Original,2026-07-04 21:04:18,EMP-0001,REG-04,PH-001,
RCT-0003731,TXN-0004875,RCP-00004875,Original,2026-07-04 21:43:59,EMP-0106,REG-02,PH-005,
RCT-0003732,TXN-0002303,RCP-00002303,Original,2026-07-04 21:46:24,EMP-0059,REG-01,PH-003,
RCT-0003733,TXN-0004056,RCP-00004056,Reprint,2026-07-05 03:02:00,EMP-0006,REG-04,PH-001,Customer request
RCT-0003734,TXN-0002842,RCP-00002842,Reprint,2026-07-05 08:33:36,EMP-0042,REG-01,PH-002,Customer request
RCT-0003735,TXN-0004658,RCP-00004658,Original,2026-07-05 08:46:05,EMP-0015,REG-06,PH-001,
RCT-0003736,TXN-0003789,RCP-00003789,Original,2026-07-05 08:50:32,EMP-0058,REG-01,PH-003,
RCT-0003737,TXN-0001055,RCP-00001055,Original,2026-07-05 08:54:53,EMP-0059,REG-05,PH-003,
RCT-0003738,TXN-0004514,RCP-00004514,Original,2026-07-05 09:12:21,EMP-0045,REG-01,PH-003,
RCT-0003739,TXN-0004739,RCP-00004739,Original,2026-07-05 09:14:02,EMP-0023,REG-05,PH-002,
RCT-0003740,TXN-0001618,RCP-00001618,Original,2026-07-05 09:21:25,EMP-0023,REG-05,PH-002,
RCT-0003741,TXN-0001150,RCP-00001150,Original,2026-07-05 09:27:46,EMP-0090,REG-05,PH-005,
RCT-0003742,TXN-0000327,RCP-00000327,Original,2026-07-05 10:02:57,EMP-0006,REG-04,PH-001,
RCT-0003743,TXN-0003474,RCP-00003474,Original,2026-07-05 10:52:08,EMP-0086,REG-04,PH-004,
RCT-0003744,TXN-0004668,RCP-00004668,Original,2026-07-05 11:19:35,EMP-0057,REG-01,PH-003,
RCT-0003745,TXN-0001430,RCP-00001430,Original,2026-07-05 11:26:19,EMP-0057,REG-05,PH-003,
RCT-0003746,TXN-0002637,RCP-00002637,Original,2026-07-05 11:30:04,EMP-0015,REG-02,PH-001,
RCT-0003747,TXN-0000568,RCP-00000568,Original,2026-07-05 11:31:47,EMP-0036,REG-05,PH-002,
RCT-0003748,TXN-0000839,RCP-00000839,Original,2026-07-05 13:16:49,EMP-0063,REG-01,PH-003,
RCT-0003749,TXN-0002674,RCP-00002674,Original,2026-07-05 13:26:26,EMP-0103,REG-02,PH-005,
RCT-0003750,TXN-0003214,RCP-00003214,Original,2026-07-05 13:32:32,EMP-0020,REG-03,PH-001,
RCT-0003751,TXN-0003552,RCP-00003552,Original,2026-07-05 13:41:36,EMP-0103,REG-05,PH-005,
RCT-0003752,TXN-0004525,RCP-00004525,Original,2026-07-05 13:55:14,EMP-0024,REG-05,PH-002,
RCT-0003753,TXN-0001951,RCP-00001951,Original,2026-07-05 14:00:14,EMP-0102,REG-06,PH-005,
RCT-0003754,TXN-0001895,RCP-00001895,Original,2026-07-05 14:08:53,EMP-0062,REG-04,PH-003,
RCT-0003755,TXN-0003004,RCP-00003004,Original,2026-07-05 14:17:29,EMP-0063,REG-02,PH-003,
RCT-0003756,TXN-0001567,RCP-00001567,Original,2026-07-05 14:59:16,EMP-0037,REG-05,PH-002,
RCT-0003757,TXN-0001821,RCP-00001821,Original,2026-07-05 15:00:49,EMP-0106,REG-05,PH-005,
RCT-0003758,TXN-0002502,RCP-00002502,Original,2026-07-05 15:10:03,EMP-0013,REG-02,PH-001,
RCT-0003759,TXN-0001736,RCP-00001736,Original,2026-07-05 15:14:43,EMP-0108,REG-05,PH-005,
RCT-0003760,TXN-0001755,RCP-00001755,Original,2026-07-05 15:21:41,EMP-0102,REG-03,PH-005,
RCT-0003761,TXN-0004481,RCP-00004481,Original,2026-07-05 15:31:52,EMP-0016,REG-06,PH-001,
RCT-0003762,TXN-0001042,RCP-00001042,Original,2026-07-05 16:18:21,EMP-0061,REG-02,PH-003,
RCT-0003763,TXN-0001300,RCP-00001300,Original,2026-07-05 16:29:01,EMP-0023,REG-01,PH-002,
RCT-0003764,TXN-0003617,RCP-00003617,Reprint,2026-07-05 16:41:00,EMP-0006,REG-04,PH-001,Customer request
RCT-0003765,TXN-0003485,RCP-00003485,Original,2026-07-05 16:53:16,EMP-0001,REG-05,PH-001,
RCT-0003766,TXN-0002989,RCP-00002989,Original,2026-07-05 17:03:55,EMP-0068,REG-01,PH-004,
RCT-0003767,TXN-0001230,RCP-00001230,Original,2026-07-05 17:07:40,EMP-0104,REG-04,PH-005,
RCT-0003768,TXN-0004046,RCP-00004046,Original,2026-07-05 17:26:41,EMP-0035,REG-04,PH-002,
RCT-0003769,TXN-0001965,RCP-00001965,Original,2026-07-05 17:27:59,EMP-0069,REG-06,PH-004,
RCT-0003770,TXN-0000668,RCP-00000668,Original,2026-07-05 17:29:17,EMP-0036,REG-06,PH-002,
RCT-0003771,TXN-0001763,RCP-00001763,Original,2026-07-05 17:34:43,EMP-0036,REG-06,PH-002,
RCT-0003772,TXN-0000184,RCP-00000184,Original,2026-07-05 17:45:45,EMP-0047,REG-03,PH-003,
RCT-0003773,TXN-0003645,RCP-00003645,Original,2026-07-05 17:47:06,EMP-0023,REG-01,PH-002,
RCT-0003774,TXN-0004973,RCP-00004973,Original,2026-07-05 17:55:37,EMP-0104,REG-05,PH-005,
RCT-0003775,TXN-0001944,RCP-00001944,Original,2026-07-05 17:55:58,EMP-0040,REG-01,PH-002,
RCT-0003776,TXN-0003315,RCP-00003315,Original,2026-07-05 17:57:10,EMP-0038,REG-03,PH-002,
RCT-0003777,TXN-0000067,RCP-00000067,Original,2026-07-05 18:11:03,EMP-0057,REG-03,PH-003,
RCT-0003778,TXN-0000011,RCP-00000011,Original,2026-07-05 18:56:18,EMP-0015,REG-05,PH-001,
RCT-0003779,TXN-0002458,RCP-00002458,Original,2026-07-05 19:11:18,EMP-0085,REG-05,PH-004,
RCT-0003780,TXN-0001123,RCP-00001123,Original,2026-07-05 19:12:33,EMP-0090,REG-05,PH-005,
RCT-0003781,TXN-0003965,RCP-00003965,Original,2026-07-05 19:26:25,EMP-0107,REG-02,PH-005,
RCT-0003782,TXN-0001094,RCP-00001094,Original,2026-07-05 19:34:16,EMP-0023,REG-03,PH-002,
RCT-0003783,TXN-0001373,RCP-00001373,Reprint,2026-07-05 19:44:52,EMP-0010,REG-03,PH-001,Customer request
RCT-0003784,TXN-0002700,RCP-00002700,Original,2026-07-05 20:01:13,EMP-0025,REG-03,PH-002,
RCT-0003785,TXN-0000491,RCP-00000491,Original,2026-07-05 20:03:08,EMP-0034,REG-05,PH-002,
RCT-0003786,TXN-0003883,RCP-00003883,Reprint,2026-07-05 20:06:43,EMP-0096,REG-05,PH-005,Duplicate for insurance
RCT-0003787,TXN-0003060,RCP-00003060,Original,2026-07-05 20:18:16,EMP-0089,REG-06,PH-005,
RCT-0003788,TXN-0003626,RCP-00003626,Original,2026-07-05 20:21:23,EMP-0057,REG-04,PH-003,
RCT-0003789,TXN-0001025,RCP-00001025,Original,2026-07-05 20:37:51,EMP-0090,REG-03,PH-005,
RCT-0003790,TXN-0001110,RCP-00001110,Original,2026-07-05 21:08:05,EMP-0042,REG-06,PH-002,
RCT-0003791,TXN-0003130,RCP-00003130,Original,2026-07-05 21:13:07,EMP-0006,REG-06,PH-001,
RCT-0003792,TXN-0001721,RCP-00001721,Original,2026-07-05 21:27:57,EMP-0037,REG-01,PH-002,
RCT-0003793,TXN-0000633,RCP-00000633,Reprint,2026-07-05 22:53:00,EMP-0006,REG-03,PH-001,Customer request
RCT-0003794,TXN-0002912,RCP-00002912,Original,2026-07-06 08:12:12,EMP-0037,REG-01,PH-002,
RCT-0003795,TXN-0000476,RCP-00000476,Original,2026-07-06 08:21:16,EMP-0002,REG-05,PH-001,
RCT-0003796,TXN-0004426,RCP-00004426,Original,2026-07-06 08:44:30,EMP-0020,REG-05,PH-001,
RCT-0003797,TXN-0004173,RCP-00004173,Original,2026-07-06 09:00:13,EMP-0042,REG-05,PH-002,
RCT-0003798,TXN-0004031,RCP-00004031,Original,2026-07-06 09:12:19,EMP-0015,REG-06,PH-001,
RCT-0003799,TXN-0003438,RCP-00003438,Original,2026-07-06 09:29:49,EMP-0036,REG-04,PH-002,
RCT-0003800,TXN-0003660,RCP-00003660,Original,2026-07-06 09:33:18,EMP-0060,REG-03,PH-003,
RCT-0003801,TXN-0002481,RCP-00002481,Original,2026-07-06 09:36:54,EMP-0040,REG-01,PH-002,
RCT-0003802,TXN-0004216,RCP-00004216,Original,2026-07-06 09:40:42,EMP-0058,REG-01,PH-003,
RCT-0003803,TXN-0001915,RCP-00001915,Original,2026-07-06 09:43:29,EMP-0060,REG-06,PH-003,
RCT-0003804,TXN-0001856,RCP-00001856,Original,2026-07-06 10:09:44,EMP-0059,REG-05,PH-003,
RCT-0003805,TXN-0003608,RCP-00003608,Original,2026-07-06 10:28:50,EMP-0006,REG-03,PH-001,
RCT-0003806,TXN-0000450,RCP-00000450,Original,2026-07-06 11:03:59,EMP-0089,REG-01,PH-005,
RCT-0003807,TXN-0001497,RCP-00001497,Original,2026-07-06 11:07:25,EMP-0106,REG-05,PH-005,
RCT-0003808,TXN-0002171,RCP-00002171,Reprint,2026-07-06 11:47:25,EMP-0010,REG-01,PH-001,Printer jam
RCT-0003809,TXN-0002117,RCP-00002117,Original,2026-07-06 11:50:53,EMP-0080,REG-05,PH-004,
RCT-0003810,TXN-0004542,RCP-00004542,Original,2026-07-06 11:58:44,EMP-0057,REG-03,PH-003,
RCT-0003811,TXN-0001580,RCP-00001580,Original,2026-07-06 12:18:22,EMP-0046,REG-01,PH-003,
RCT-0003812,TXN-0001424,RCP-00001424,Original,2026-07-06 12:18:47,EMP-0080,REG-01,PH-004,
RCT-0003813,TXN-0003785,RCP-00003785,Original,2026-07-06 12:26:48,EMP-0037,REG-03,PH-002,
RCT-0003814,TXN-0004633,RCP-00004633,Original,2026-07-06 12:55:32,EMP-0104,REG-02,PH-005,
RCT-0003815,TXN-0004303,RCP-00004303,Original,2026-07-06 13:31:48,EMP-0046,REG-02,PH-003,
RCT-0003816,TXN-0003684,RCP-00003684,Original,2026-07-06 13:44:51,EMP-0012,REG-06,PH-001,
RCT-0003817,TXN-0000675,RCP-00000675,Original,2026-07-06 13:48:31,EMP-0067,REG-02,PH-004,
RCT-0003818,TXN-0001881,RCP-00001881,Original,2026-07-06 13:58:05,EMP-0061,REG-03,PH-003,
RCT-0003819,TXN-0000631,RCP-00000631,Original,2026-07-06 14:37:49,EMP-0035,REG-06,PH-002,
RCT-0003820,TXN-0003664,RCP-00003664,Original,2026-07-06 14:42:56,EMP-0100,REG-01,PH-005,
RCT-0003821,TXN-0003583,RCP-00003583,Original,2026-07-06 14:43:53,EMP-0037,REG-05,PH-002,
RCT-0003822,TXN-0001588,RCP-00001588,Original,2026-07-06 15:13:05,EMP-0002,REG-02,PH-001,
RCT-0003823,TXN-0003671,RCP-00003671,Original,2026-07-06 15:22:16,EMP-0035,REG-04,PH-002,
RCT-0003824,TXN-0001212,RCP-00001212,Original,2026-07-06 15:22:59,EMP-0016,REG-01,PH-001,
RCT-0003825,TXN-0003924,RCP-00003924,Original,2026-07-06 15:32:19,EMP-0040,REG-05,PH-002,
RCT-0003826,TXN-0003404,RCP-00003404,Original,2026-07-06 15:39:55,EMP-0037,REG-03,PH-002,
RCT-0003827,TXN-0001543,RCP-00001543,Original,2026-07-06 15:41:15,EMP-0059,REG-05,PH-003,
RCT-0003828,TXN-0001897,RCP-00001897,Original,2026-07-06 16:13:28,EMP-0001,REG-05,PH-001,
RCT-0003829,TXN-0001741,RCP-00001741,Original,2026-07-06 16:41:32,EMP-0024,REG-06,PH-002,
RCT-0003830,TXN-0003787,RCP-00003787,Original,2026-07-06 17:00:31,EMP-0064,REG-01,PH-003,
RCT-0003831,TXN-0004304,RCP-00004304,Original,2026-07-06 17:04:10,EMP-0102,REG-03,PH-005,
RCT-0003832,TXN-0001397,RCP-00001397,Original,2026-07-06 17:05:37,EMP-0104,REG-05,PH-005,
RCT-0003833,TXN-0000425,RCP-00000425,Original,2026-07-06 17:14:04,EMP-0014,REG-06,PH-001,
RCT-0003834,TXN-0004342,RCP-00004342,Original,2026-07-06 17:20:43,EMP-0080,REG-04,PH-004,
RCT-0003835,TXN-0001927,RCP-00001927,Original,2026-07-06 17:34:25,EMP-0045,REG-01,PH-003,
RCT-0003836,TXN-0002043,RCP-00002043,Original,2026-07-06 18:31:45,EMP-0100,REG-01,PH-005,
RCT-0003837,TXN-0000411,RCP-00000411,Original,2026-07-06 18:33:47,EMP-0063,REG-04,PH-003,
RCT-0003838,TXN-0002594,RCP-00002594,Original,2026-07-06 18:40:00,EMP-0062,REG-05,PH-003,
RCT-0003839,TXN-0003577,RCP-00003577,Original,2026-07-06 18:42:43,EMP-0041,REG-05,PH-002,
RCT-0003840,TXN-0001048,RCP-00001048,Original,2026-07-06 18:52:41,EMP-0084,REG-03,PH-004,
RCT-0003841,TXN-0003073,RCP-00003073,Original,2026-07-06 18:55:58,EMP-0018,REG-04,PH-001,
RCT-0003842,TXN-0004986,RCP-00004986,Original,2026-07-06 19:08:38,EMP-0068,REG-03,PH-004,
RCT-0003843,TXN-0004700,RCP-00004700,Original,2026-07-06 19:11:16,EMP-0041,REG-03,PH-002,
RCT-0003844,TXN-0004665,RCP-00004665,Original,2026-07-06 19:19:19,EMP-0041,REG-02,PH-002,
RCT-0003845,TXN-0001470,RCP-00001470,Original,2026-07-06 19:29:57,EMP-0041,REG-06,PH-002,
RCT-0003846,TXN-0004365,RCP-00004365,Original,2026-07-06 19:32:41,EMP-0034,REG-05,PH-002,
RCT-0003847,TXN-0003873,RCP-00003873,Original,2026-07-06 19:37:22,EMP-0015,REG-05,PH-001,
RCT-0003848,TXN-0001184,RCP-00001184,Original,2026-07-06 19:51:19,EMP-0103,REG-05,PH-005,
RCT-0003849,TXN-0004439,RCP-00004439,Original,2026-07-06 20:08:06,EMP-0006,REG-03,PH-001,
RCT-0003850,TXN-0004499,RCP-00004499,Original,2026-07-06 20:17:58,EMP-0078,REG-02,PH-004,
RCT-0003851,TXN-0001879,RCP-00001879,Original,2026-07-06 20:28:00,EMP-0012,REG-03,PH-001,
RCT-0003852,TXN-0001659,RCP-00001659,Original,2026-07-06 20:33:24,EMP-0046,REG-01,PH-003,
RCT-0003853,TXN-0000174,RCP-00000174,Reprint,2026-07-06 20:41:43,EMP-0103,REG-04,PH-005,Printer jam
RCT-0003854,TXN-0002697,RCP-00002697,Original,2026-07-06 21:15:09,EMP-0101,REG-01,PH-005,
RCT-0003855,TXN-0000994,RCP-00000994,Original,2026-07-06 21:29:12,EMP-0089,REG-02,PH-005,
RCT-0003856,TXN-0002013,RCP-00002013,Original,2026-07-06 21:36:02,EMP-0101,REG-03,PH-005,
RCT-0003857,TXN-0004584,RCP-00004584,Original,2026-07-06 21:43:56,EMP-0103,REG-04,PH-005,
RCT-0003858,TXN-0004819,RCP-00004819,Original,2026-07-06 21:48:21,EMP-0046,REG-01,PH-003,
RCT-0003859,TXN-0003724,RCP-00003724,Reprint,2026-07-06 22:16:00,EMP-0006,REG-06,PH-001,Customer request
RCT-0003860,TXN-0000608,RCP-00000608,Reprint,2026-07-07 00:09:06,EMP-0073,REG-06,PH-004,Lost receipt
RCT-0003861,TXN-0001335,RCP-00001335,Original,2026-07-07 08:26:33,EMP-0012,REG-03,PH-001,
RCT-0003862,TXN-0004423,RCP-00004423,Original,2026-07-07 08:27:00,EMP-0101,REG-05,PH-005,
RCT-0003863,TXN-0002412,RCP-00002412,Original,2026-07-07 08:30:40,EMP-0056,REG-03,PH-003,
RCT-0003864,TXN-0003171,RCP-00003171,Original,2026-07-07 08:31:19,EMP-0019,REG-02,PH-001,
RCT-0003865,TXN-0000510,RCP-00000510,Original,2026-07-07 08:33:49,EMP-0024,REG-05,PH-002,
RCT-0003866,TXN-0001640,RCP-00001640,Original,2026-07-07 08:36:25,EMP-0103,REG-03,PH-005,
RCT-0003867,TXN-0003704,RCP-00003704,Original,2026-07-07 08:57:38,EMP-0014,REG-04,PH-001,
RCT-0003868,TXN-0002661,RCP-00002661,Original,2026-07-07 09:13:15,EMP-0025,REG-01,PH-002,
RCT-0003869,TXN-0003551,RCP-00003551,Original,2026-07-07 09:19:42,EMP-0059,REG-01,PH-003,
RCT-0003870,TXN-0001960,RCP-00001960,Original,2026-07-07 09:44:24,EMP-0056,REG-01,PH-003,
RCT-0003871,TXN-0004792,RCP-00004792,Original,2026-07-07 09:57:41,EMP-0035,REG-05,PH-002,
RCT-0003872,TXN-0002315,RCP-00002315,Original,2026-07-07 09:59:47,EMP-0080,REG-04,PH-004,
RCT-0003873,TXN-0004077,RCP-00004077,Original,2026-07-07 10:07:09,EMP-0078,REG-05,PH-004,
RCT-0003874,TXN-0000989,RCP-00000989,Original,2026-07-07 10:43:24,EMP-0086,REG-04,PH-004,
RCT-0003875,TXN-0000644,RCP-00000644,Original,2026-07-07 11:13:41,EMP-0104,REG-06,PH-005,
RCT-0003876,TXN-0003119,RCP-00003119,Original,2026-07-07 11:13:46,EMP-0057,REG-06,PH-003,
RCT-0003877,TXN-0000916,RCP-00000916,Original,2026-07-07 11:15:30,EMP-0103,REG-04,PH-005,
RCT-0003878,TXN-0004486,RCP-00004486,Original,2026-07-07 11:39:41,EMP-0056,REG-02,PH-003,
RCT-0003879,TXN-0004706,RCP-00004706,Original,2026-07-07 11:41:34,EMP-0086,REG-05,PH-004,
RCT-0003880,TXN-0000863,RCP-00000863,Original,2026-07-07 11:45:36,EMP-0064,REG-06,PH-003,
RCT-0003881,TXN-0003932,RCP-00003932,Original,2026-07-07 11:56:46,EMP-0003,REG-01,PH-001,
RCT-0003882,TXN-0004308,RCP-00004308,Original,2026-07-07 12:16:52,EMP-0013,REG-03,PH-001,
RCT-0003883,TXN-0004859,RCP-00004859,Original,2026-07-07 12:20:26,EMP-0105,REG-02,PH-005,
RCT-0003884,TXN-0000520,RCP-00000520,Original,2026-07-07 12:30:23,EMP-0085,REG-01,PH-004,
RCT-0003885,TXN-0004588,RCP-00004588,Original,2026-07-07 12:32:42,EMP-0018,REG-04,PH-001,
RCT-0003886,TXN-0001354,RCP-00001354,Original,2026-07-07 12:40:29,EMP-0034,REG-06,PH-002,
RCT-0003887,TXN-0004455,RCP-00004455,Original,2026-07-07 13:27:47,EMP-0025,REG-03,PH-002,
RCT-0003888,TXN-0003042,RCP-00003042,Original,2026-07-07 13:31:13,EMP-0085,REG-01,PH-004,
RCT-0003889,TXN-0003346,RCP-00003346,Original,2026-07-07 13:41:15,EMP-0101,REG-03,PH-005,
RCT-0003890,TXN-0002806,RCP-00002806,Original,2026-07-07 14:05:23,EMP-0058,REG-02,PH-003,
RCT-0003891,TXN-0004817,RCP-00004817,Original,2026-07-07 14:07:06,EMP-0047,REG-06,PH-003,
RCT-0003892,TXN-0002992,RCP-00002992,Original,2026-07-07 14:21:43,EMP-0058,REG-01,PH-003,
RCT-0003893,TXN-0004531,RCP-00004531,Original,2026-07-07 14:31:49,EMP-0012,REG-02,PH-001,
RCT-0003894,TXN-0002741,RCP-00002741,Original,2026-07-07 14:35:35,EMP-0037,REG-05,PH-002,
RCT-0003895,TXN-0000808,RCP-00000808,Original,2026-07-07 14:40:36,EMP-0059,REG-04,PH-003,
RCT-0003896,TXN-0004758,RCP-00004758,Reprint,2026-07-07 14:45:21,EMP-0067,REG-02,PH-004,Printer jam
RCT-0003897,TXN-0002440,RCP-00002440,Original,2026-07-07 14:45:37,EMP-0089,REG-03,PH-005,
RCT-0003898,TXN-0000363,RCP-00000363,Original,2026-07-07 15:11:36,EMP-0042,REG-04,PH-002,
RCT-0003899,TXN-0003270,RCP-00003270,Original,2026-07-07 15:45:59,EMP-0012,REG-04,PH-001,
RCT-0003900,TXN-0002705,RCP-00002705,Original,2026-07-07 15:47:55,EMP-0047,REG-01,PH-003,
RCT-0003901,TXN-0001996,RCP-00001996,Original,2026-07-07 18:38:09,EMP-0024,REG-01,PH-002,
RCT-0003902,TXN-0001278,RCP-00001278,Original,2026-07-07 18:49:01,EMP-0101,REG-01,PH-005,
RCT-0003903,TXN-0002158,RCP-00002158,Original,2026-07-07 19:24:01,EMP-0085,REG-02,PH-004,
RCT-0003904,TXN-0002671,RCP-00002671,Original,2026-07-07 19:41:03,EMP-0040,REG-06,PH-002,
RCT-0003905,TXN-0001494,RCP-00001494,Original,2026-07-07 20:44:56,EMP-0013,REG-06,PH-001,
RCT-0003906,TXN-0004928,RCP-00004928,Original,2026-07-07 21:04:15,EMP-0105,REG-02,PH-005,
RCT-0003907,TXN-0000681,RCP-00000681,Original,2026-07-07 21:08:25,EMP-0103,REG-03,PH-005,
RCT-0003908,TXN-0001637,RCP-00001637,Original,2026-07-07 21:22:36,EMP-0042,REG-03,PH-002,
RCT-0003909,TXN-0004191,RCP-00004191,Original,2026-07-07 21:23:28,EMP-0001,REG-06,PH-001,
RCT-0003910,TXN-0001002,RCP-00001002,Original,2026-07-07 21:24:10,EMP-0047,REG-05,PH-003,
RCT-0003911,TXN-0002365,RCP-00002365,Original,2026-07-07 21:24:12,EMP-0037,REG-03,PH-002,
RCT-0003912,TXN-0001020,RCP-00001020,Original,2026-07-07 21:35:13,EMP-0061,REG-01,PH-003,
RCT-0003913,TXN-0004672,RCP-00004672,Original,2026-07-07 21:36:55,EMP-0103,REG-01,PH-005,
RCT-0003914,TXN-0002528,RCP-00002528,Original,2026-07-07 21:50:54,EMP-0019,REG-06,PH-001,
RCT-0003915,TXN-0002614,RCP-00002614,Original,2026-07-07 21:54:08,EMP-0089,REG-05,PH-005,
RCT-0003916,TXN-0003012,RCP-00003012,Original,2026-07-07 21:59:06,EMP-0103,REG-02,PH-005,
RCT-0003917,TXN-0001310,RCP-00001310,Reprint,2026-07-08 04:38:00,EMP-0006,REG-06,PH-001,Customer request
RCT-0003918,TXN-0000254,RCP-00000254,Reprint,2026-07-08 05:14:36,EMP-0092,REG-05,PH-005,Printer jam
RCT-0003919,TXN-0004945,RCP-00004945,Original,2026-07-08 08:23:07,EMP-0090,REG-03,PH-005,
RCT-0003920,TXN-0002644,RCP-00002644,Original,2026-07-08 09:11:12,EMP-0038,REG-04,PH-002,
RCT-0003921,TXN-0000756,RCP-00000756,Original,2026-07-08 09:35:51,EMP-0020,REG-02,PH-001,
RCT-0003922,TXN-0000953,RCP-00000953,Original,2026-07-08 09:37:34,EMP-0001,REG-01,PH-001,
RCT-0003923,TXN-0002018,RCP-00002018,Original,2026-07-08 10:09:52,EMP-0037,REG-03,PH-002,
RCT-0003924,TXN-0003855,RCP-00003855,Original,2026-07-08 10:25:46,EMP-0068,REG-04,PH-004,
RCT-0003925,TXN-0000955,RCP-00000955,Original,2026-07-08 11:13:59,EMP-0100,REG-05,PH-005,
RCT-0003926,TXN-0002978,RCP-00002978,Original,2026-07-08 11:26:47,EMP-0037,REG-05,PH-002,
RCT-0003927,TXN-0003971,RCP-00003971,Original,2026-07-08 11:47:38,EMP-0060,REG-04,PH-003,
RCT-0003928,TXN-0004539,RCP-00004539,Original,2026-07-08 12:25:52,EMP-0038,REG-01,PH-002,
RCT-0003929,TXN-0003345,RCP-00003345,Reprint,2026-07-08 13:02:55,EMP-0037,REG-02,PH-002,Printer jam
RCT-0003930,TXN-0002905,RCP-00002905,Original,2026-07-08 13:08:42,EMP-0038,REG-01,PH-002,
RCT-0003931,TXN-0002276,RCP-00002276,Original,2026-07-08 14:03:18,EMP-0107,REG-02,PH-005,
RCT-0003932,TXN-0003146,RCP-00003146,Original,2026-07-08 14:10:17,EMP-0012,REG-03,PH-001,
RCT-0003933,TXN-0002734,RCP-00002734,Reprint,2026-07-08 14:13:50,EMP-0012,REG-01,PH-001,Duplicate for insurance
RCT-0003934,TXN-0004085,RCP-00004085,Original,2026-07-08 14:54:21,EMP-0060,REG-03,PH-003,
RCT-0003935,TXN-0002851,RCP-00002851,Original,2026-07-08 15:05:18,EMP-0014,REG-04,PH-001,
RCT-0003936,TXN-0004811,RCP-00004811,Original,2026-07-08 16:17:17,EMP-0058,REG-04,PH-003,
RCT-0003937,TXN-0001073,RCP-00001073,Original,2026-07-08 16:25:47,EMP-0036,REG-01,PH-002,
RCT-0003938,TXN-0002360,RCP-00002360,Original,2026-07-08 16:52:56,EMP-0062,REG-06,PH-003,
RCT-0003939,TXN-0003595,RCP-00003595,Original,2026-07-08 16:55:15,EMP-0014,REG-05,PH-001,
RCT-0003940,TXN-0003632,RCP-00003632,Original,2026-07-08 17:04:07,EMP-0041,REG-03,PH-002,
RCT-0003941,TXN-0003299,RCP-00003299,Original,2026-07-08 17:25:46,EMP-0068,REG-01,PH-004,
RCT-0003942,TXN-0003352,RCP-00003352,Original,2026-07-08 17:38:15,EMP-0046,REG-06,PH-003,
RCT-0003943,TXN-0004869,RCP-00004869,Original,2026-07-08 17:41:27,EMP-0061,REG-06,PH-003,
RCT-0003944,TXN-0003756,RCP-00003756,Original,2026-07-08 17:52:58,EMP-0104,REG-02,PH-005,
RCT-0003945,TXN-0000325,RCP-00000325,Original,2026-07-08 17:55:05,EMP-0019,REG-01,PH-001,
RCT-0003946,TXN-0000506,RCP-00000506,Original,2026-07-08 17:57:22,EMP-0056,REG-02,PH-003,
RCT-0003947,TXN-0000578,RCP-00000578,Original,2026-07-08 17:57:44,EMP-0101,REG-01,PH-005,
RCT-0003948,TXN-0000578,RCP-00000578,Gift Receipt,2026-07-08 17:58:44,EMP-0101,REG-01,PH-005,
RCT-0003949,TXN-0003437,RCP-00003437,Original,2026-07-08 18:04:17,EMP-0063,REG-05,PH-003,
RCT-0003950,TXN-0001390,RCP-00001390,Original,2026-07-08 18:09:30,EMP-0106,REG-03,PH-005,
RCT-0003951,TXN-0001870,RCP-00001870,Original,2026-07-08 18:26:05,EMP-0064,REG-04,PH-003,
RCT-0003952,TXN-0003255,RCP-00003255,Original,2026-07-08 18:30:15,EMP-0041,REG-03,PH-002,
RCT-0003953,TXN-0000066,RCP-00000066,Original,2026-07-08 18:40:11,EMP-0023,REG-05,PH-002,
RCT-0003954,TXN-0001663,RCP-00001663,Original,2026-07-08 18:59:18,EMP-0039,REG-04,PH-002,
RCT-0003955,TXN-0000161,RCP-00000161,Original,2026-07-08 19:14:58,EMP-0006,REG-05,PH-001,
RCT-0003956,TXN-0002643,RCP-00002643,Original,2026-07-08 19:52:21,EMP-0003,REG-04,PH-001,
RCT-0003957,TXN-0001399,RCP-00001399,Original,2026-07-08 19:58:47,EMP-0014,REG-05,PH-001,
RCT-0003958,TXN-0001399,RCP-00001399,Gift Receipt,2026-07-08 19:59:47,EMP-0014,REG-05,PH-001,
RCT-0003959,TXN-0002526,RCP-00002526,Original,2026-07-08 20:14:40,EMP-0063,REG-05,PH-003,
RCT-0003960,TXN-0000103,RCP-00000103,Original,2026-07-08 20:21:37,EMP-0047,REG-05,PH-003,
RCT-0003961,TXN-0003378,RCP-00003378,Original,2026-07-08 20:28:27,EMP-0023,REG-06,PH-002,
RCT-0003962,TXN-0001807,RCP-00001807,Original,2026-07-08 20:31:27,EMP-0062,REG-03,PH-003,
RCT-0003963,TXN-0002289,RCP-00002289,Original,2026-07-08 20:39:13,EMP-0047,REG-01,PH-003,
RCT-0003964,TXN-0002098,RCP-00002098,Original,2026-07-08 20:52:22,EMP-0083,REG-03,PH-004,
RCT-0003965,TXN-0002121,RCP-00002121,Reprint,2026-07-08 21:19:00,EMP-0006,REG-03,PH-001,Customer request
RCT-0003966,TXN-0004681,RCP-00004681,Original,2026-07-08 21:20:56,EMP-0056,REG-04,PH-003,
RCT-0003967,TXN-0002993,RCP-00002993,Original,2026-07-08 21:26:54,EMP-0035,REG-03,PH-002,
RCT-0003968,TXN-0001563,RCP-00001563,Original,2026-07-09 08:11:39,EMP-0060,REG-03,PH-003,
RCT-0003969,TXN-0003458,RCP-00003458,Original,2026-07-09 08:13:44,EMP-0107,REG-06,PH-005,
RCT-0003970,TXN-0000301,RCP-00000301,Original,2026-07-09 08:55:39,EMP-0080,REG-03,PH-004,
RCT-0003971,TXN-0004070,RCP-00004070,Original,2026-07-09 09:04:09,EMP-0106,REG-02,PH-005,
RCT-0003972,TXN-0002974,RCP-00002974,Original,2026-07-09 09:21:55,EMP-0018,REG-04,PH-001,
RCT-0003973,TXN-0003920,RCP-00003920,Original,2026-07-09 09:27:05,EMP-0107,REG-06,PH-005,
RCT-0003974,TXN-0000389,RCP-00000389,Original,2026-07-09 09:51:03,EMP-0036,REG-04,PH-002,
RCT-0003975,TXN-0004803,RCP-00004803,Original,2026-07-09 10:07:06,EMP-0036,REG-04,PH-002,
RCT-0003976,TXN-0004803,RCP-00004803,Gift Receipt,2026-07-09 10:08:06,EMP-0036,REG-04,PH-002,
RCT-0003977,TXN-0001436,RCP-00001436,Original,2026-07-09 10:31:02,EMP-0012,REG-01,PH-001,
RCT-0003978,TXN-0001028,RCP-00001028,Original,2026-07-09 11:22:48,EMP-0039,REG-02,PH-002,
RCT-0003979,TXN-0000448,RCP-00000448,Original,2026-07-09 11:25:51,EMP-0060,REG-03,PH-003,
RCT-0003980,TXN-0003940,RCP-00003940,Original,2026-07-09 11:38:44,EMP-0025,REG-05,PH-002,
RCT-0003981,TXN-0002538,RCP-00002538,Original,2026-07-09 12:09:17,EMP-0046,REG-04,PH-003,
RCT-0003982,TXN-0003776,RCP-00003776,Original,2026-07-09 13:37:39,EMP-0062,REG-02,PH-003,
RCT-0003983,TXN-0002445,RCP-00002445,Original,2026-07-09 13:59:18,EMP-0090,REG-06,PH-005,
RCT-0003984,TXN-0004407,RCP-00004407,Original,2026-07-09 14:23:36,EMP-0078,REG-04,PH-004,
RCT-0003985,TXN-0004118,RCP-00004118,Original,2026-07-09 14:26:25,EMP-0091,REG-05,PH-005,
RCT-0003986,TXN-0001442,RCP-00001442,Original,2026-07-09 14:29:28,EMP-0023,REG-05,PH-002,
RCT-0003987,TXN-0002167,RCP-00002167,Original,2026-07-09 14:39:30,EMP-0018,REG-06,PH-001,
RCT-0003988,TXN-0000142,RCP-00000142,Original,2026-07-09 14:41:04,EMP-0108,REG-02,PH-005,
RCT-0003989,TXN-0004641,RCP-00004641,Original,2026-07-09 14:59:41,EMP-0061,REG-01,PH-003,
RCT-0003990,TXN-0001323,RCP-00001323,Original,2026-07-09 15:21:20,EMP-0045,REG-03,PH-003,
RCT-0003991,TXN-0001793,RCP-00001793,Original,2026-07-09 15:46:45,EMP-0083,REG-05,PH-004,
RCT-0003992,TXN-0001882,RCP-00001882,Original,2026-07-09 15:48:36,EMP-0108,REG-04,PH-005,
RCT-0003993,TXN-0001999,RCP-00001999,Original,2026-07-09 16:04:45,EMP-0018,REG-01,PH-001,
RCT-0003994,TXN-0002930,RCP-00002930,Original,2026-07-09 16:05:40,EMP-0041,REG-03,PH-002,
RCT-0003995,TXN-0004981,RCP-00004981,Original,2026-07-09 16:09:11,EMP-0039,REG-02,PH-002,
RCT-0003996,TXN-0000112,RCP-00000112,Original,2026-07-09 16:13:30,EMP-0063,REG-06,PH-003,
RCT-0003997,TXN-0000957,RCP-00000957,Original,2026-07-09 16:13:38,EMP-0056,REG-06,PH-003,
RCT-0003998,TXN-0002876,RCP-00002876,Original,2026-07-09 16:19:41,EMP-0106,REG-02,PH-005,
RCT-0003999,TXN-0000010,RCP-00000010,Original,2026-07-09 16:47:22,EMP-0059,REG-05,PH-003,
RCT-0004000,TXN-0004923,RCP-00004923,Original,2026-07-09 16:53:22,EMP-0001,REG-05,PH-001,
RCT-0004001,TXN-0001815,RCP-00001815,Original,2026-07-09 16:56:10,EMP-0015,REG-02,PH-001,
RCT-0004002,TXN-0004373,RCP-00004373,Original,2026-07-09 17:06:43,EMP-0019,REG-01,PH-001,
RCT-0004003,TXN-0004526,RCP-00004526,Original,2026-07-09 17:18:30,EMP-0042,REG-05,PH-002,
RCT-0004004,TXN-0003260,RCP-00003260,Original,2026-07-09 17:25:17,EMP-0089,REG-04,PH-005,
RCT-0004005,TXN-0003282,RCP-00003282,Original,2026-07-09 18:10:44,EMP-0020,REG-01,PH-001,
RCT-0004006,TXN-0001408,RCP-00001408,Original,2026-07-09 18:17:59,EMP-0017,REG-04,PH-001,
RCT-0004007,TXN-0000459,RCP-00000459,Original,2026-07-09 18:42:30,EMP-0059,REG-04,PH-003,
RCT-0004008,TXN-0000273,RCP-00000273,Original,2026-07-09 18:43:59,EMP-0012,REG-04,PH-001,
RCT-0004009,TXN-0001128,RCP-00001128,Original,2026-07-09 18:50:39,EMP-0100,REG-04,PH-005,
RCT-0004010,TXN-0004470,RCP-00004470,Original,2026-07-09 19:02:53,EMP-0068,REG-03,PH-004,
RCT-0004011,TXN-0004470,RCP-00004470,Gift Receipt,2026-07-09 19:03:53,EMP-0068,REG-03,PH-004,
RCT-0004012,TXN-0003851,RCP-00003851,Original,2026-07-09 19:19:45,EMP-0016,REG-01,PH-001,
RCT-0004013,TXN-0003851,RCP-00003851,Gift Receipt,2026-07-09 19:20:45,EMP-0016,REG-01,PH-001,
RCT-0004014,TXN-0002413,RCP-00002413,Original,2026-07-09 19:32:30,EMP-0103,REG-05,PH-005,
RCT-0004015,TXN-0004299,RCP-00004299,Original,2026-07-09 19:34:38,EMP-0025,REG-02,PH-002,
RCT-0004016,TXN-0001238,RCP-00001238,Original,2026-07-09 19:40:03,EMP-0086,REG-01,PH-004,
RCT-0004017,TXN-0003708,RCP-00003708,Original,2026-07-09 19:48:08,EMP-0090,REG-06,PH-005,
RCT-0004018,TXN-0000441,RCP-00000441,Original,2026-07-09 19:57:06,EMP-0047,REG-01,PH-003,
RCT-0004019,TXN-0001559,RCP-00001559,Original,2026-07-09 20:10:48,EMP-0108,REG-03,PH-005,
RCT-0004020,TXN-0000145,RCP-00000145,Original,2026-07-09 20:14:38,EMP-0056,REG-01,PH-003,
RCT-0004021,TXN-0004184,RCP-00004184,Original,2026-07-09 20:14:38,EMP-0001,REG-02,PH-001,
RCT-0004022,TXN-0004982,RCP-00004982,Original,2026-07-09 20:53:44,EMP-0006,REG-04,PH-001,
RCT-0004023,TXN-0004294,RCP-00004294,Original,2026-07-09 21:18:00,EMP-0037,REG-01,PH-002,
RCT-0004024,TXN-0003537,RCP-00003537,Original,2026-07-09 21:28:27,EMP-0006,REG-02,PH-001,
RCT-0004025,TXN-0004675,RCP-00004675,Original,2026-07-09 21:30:22,EMP-0082,REG-06,PH-004,
RCT-0004026,TXN-0003982,RCP-00003982,Reprint,2026-07-10 02:10:32,EMP-0059,REG-06,PH-003,Duplicate for insurance
RCT-0004027,TXN-0000786,RCP-00000786,Original,2026-07-10 08:10:41,EMP-0002,REG-01,PH-001,
RCT-0004028,TXN-0004806,RCP-00004806,Original,2026-07-10 08:26:42,EMP-0106,REG-05,PH-005,
RCT-0004029,TXN-0001068,RCP-00001068,Original,2026-07-10 08:34:46,EMP-0003,REG-05,PH-001,
RCT-0004030,TXN-0001366,RCP-00001366,Original,2026-07-10 08:41:05,EMP-0003,REG-06,PH-001,
RCT-0004031,TXN-0003159,RCP-00003159,Original,2026-07-10 09:28:32,EMP-0103,REG-06,PH-005,
RCT-0004032,TXN-0001984,RCP-00001984,Reprint,2026-07-10 09:28:36,EMP-0097,REG-01,PH-005,Printer jam
RCT-0004033,TXN-0001702,RCP-00001702,Reprint,2026-07-10 09:50:00,EMP-0006,REG-01,PH-001,Customer request
RCT-0004034,TXN-0004605,RCP-00004605,Original,2026-07-10 09:51:08,EMP-0084,REG-04,PH-004,
RCT-0004035,TXN-0000446,RCP-00000446,Original,2026-07-10 09:54:12,EMP-0035,REG-05,PH-002,
RCT-0004036,TXN-0000932,RCP-00000932,Original,2026-07-10 09:54:44,EMP-0107,REG-02,PH-005,
RCT-0004037,TXN-0003788,RCP-00003788,Original,2026-07-10 10:07:23,EMP-0036,REG-05,PH-002,
RCT-0004038,TXN-0000577,RCP-00000577,Original,2026-07-10 10:18:55,EMP-0040,REG-02,PH-002,
RCT-0004039,TXN-0001276,RCP-00001276,Original,2026-07-10 10:28:06,EMP-0101,REG-01,PH-005,
RCT-0004040,TXN-0002568,RCP-00002568,Original,2026-07-10 11:08:43,EMP-0037,REG-04,PH-002,
RCT-0004041,TXN-0001620,RCP-00001620,Original,2026-07-10 11:16:04,EMP-0100,REG-02,PH-005,
RCT-0004042,TXN-0002622,RCP-00002622,Original,2026-07-10 11:16:31,EMP-0106,REG-02,PH-005,
RCT-0004043,TXN-0001320,RCP-00001320,Original,2026-07-10 11:22:59,EMP-0106,REG-05,PH-005,
RCT-0004044,TXN-0000777,RCP-00000777,Original,2026-07-10 11:25:04,EMP-0100,REG-04,PH-005,
RCT-0004045,TXN-0002631,RCP-00002631,Original,2026-07-10 12:03:39,EMP-0003,REG-02,PH-001,
RCT-0004046,TXN-0004747,RCP-00004747,Original,2026-07-10 12:30:53,EMP-0060,REG-02,PH-003,
RCT-0004047,TXN-0000155,RCP-00000155,Original,2026-07-10 12:44:53,EMP-0108,REG-02,PH-005,
RCT-0004048,TXN-0004458,RCP-00004458,Original,2026-07-10 12:53:55,EMP-0102,REG-03,PH-005,
RCT-0004049,TXN-0001076,RCP-00001076,Original,2026-07-10 12:56:08,EMP-0100,REG-05,PH-005,
RCT-0004050,TXN-0001634,RCP-00001634,Original,2026-07-10 13:13:38,EMP-0104,REG-05,PH-005,
RCT-0004051,TXN-0002278,RCP-00002278,Original,2026-07-10 13:45:40,EMP-0019,REG-01,PH-001,
RCT-0004052,TXN-0002690,RCP-00002690,Original,2026-07-10 14:20:44,EMP-0100,REG-02,PH-005,
RCT-0004053,TXN-0004743,RCP-00004743,Original,2026-07-10 14:37:10,EMP-0042,REG-02,PH-002,
RCT-0004054,TXN-0001137,RCP-00001137,Reprint,2026-07-10 14:49:22,EMP-0046,REG-04,PH-003,Printer jam
RCT-0004055,TXN-0002779,RCP-00002779,Original,2026-07-10 15:23:47,EMP-0037,REG-02,PH-002,
RCT-0004056,TXN-0002181,RCP-00002181,Original,2026-07-10 15:56:35,EMP-0023,REG-05,PH-002,
RCT-0004057,TXN-0002959,RCP-00002959,Original,2026-07-10 15:59:32,EMP-0040,REG-01,PH-002,
RCT-0004058,TXN-0001558,RCP-00001558,Original,2026-07-10 16:13:18,EMP-0040,REG-04,PH-002,
RCT-0004059,TXN-0003614,RCP-00003614,Original,2026-07-10 16:14:26,EMP-0006,REG-01,PH-001,
RCT-0004060,TXN-0001950,RCP-00001950,Original,2026-07-10 16:33:31,EMP-0015,REG-02,PH-001,
RCT-0004061,TXN-0002648,RCP-00002648,Reprint,2026-07-10 16:41:00,EMP-0006,REG-06,PH-001,Customer request
RCT-0004062,TXN-0002708,RCP-00002708,Original,2026-07-10 16:47:34,EMP-0040,REG-01,PH-002,
RCT-0004063,TXN-0002708,RCP-00002708,Gift Receipt,2026-07-10 16:48:34,EMP-0040,REG-01,PH-002,
RCT-0004064,TXN-0002198,RCP-00002198,Original,2026-07-10 16:49:24,EMP-0062,REG-05,PH-003,
RCT-0004065,TXN-0000106,RCP-00000106,Original,2026-07-10 17:08:07,EMP-0068,REG-06,PH-004,
RCT-0004066,TXN-0004151,RCP-00004151,Original,2026-07-10 17:18:42,EMP-0062,REG-01,PH-003,
RCT-0004067,TXN-0003972,RCP-00003972,Reprint,2026-07-10 17:46:50,EMP-0003,REG-04,PH-001,Duplicate for insurance
RCT-0004068,TXN-0004367,RCP-00004367,Original,2026-07-10 17:49:47,EMP-0105,REG-01,PH-005,
RCT-0004069,TXN-0001936,RCP-00001936,Reprint,2026-07-10 17:50:00,EMP-0006,REG-06,PH-001,Customer request
RCT-0004070,TXN-0004949,RCP-00004949,Original,2026-07-10 18:07:55,EMP-0040,REG-06,PH-002,
RCT-0004071,TXN-0004751,RCP-00004751,Original,2026-07-10 18:25:05,EMP-0057,REG-01,PH-003,
RCT-0004072,TXN-0004153,RCP-00004153,Original,2026-07-10 18:41:37,EMP-0002,REG-05,PH-001,
RCT-0004073,TXN-0003818,RCP-00003818,Original,2026-07-10 19:03:14,EMP-0057,REG-05,PH-003,
RCT-0004074,TXN-0002316,RCP-00002316,Original,2026-07-10 19:20:02,EMP-0046,REG-05,PH-003,
RCT-0004075,TXN-0001131,RCP-00001131,Original,2026-07-10 19:30:51,EMP-0045,REG-05,PH-003,
RCT-0004076,TXN-0002462,RCP-00002462,Original,2026-07-10 19:38:13,EMP-0012,REG-04,PH-001,
RCT-0004077,TXN-0001507,RCP-00001507,Original,2026-07-10 20:09:32,EMP-0003,REG-02,PH-001,
RCT-0004078,TXN-0000687,RCP-00000687,Original,2026-07-10 21:02:00,EMP-0058,REG-06,PH-003,
RCT-0004079,TXN-0000455,RCP-00000455,Original,2026-07-10 21:18:58,EMP-0012,REG-02,PH-001,
RCT-0004080,TXN-0004082,RCP-00004082,Original,2026-07-10 21:30:39,EMP-0037,REG-01,PH-002,
RCT-0004081,TXN-0004424,RCP-00004424,Original,2026-07-10 21:57:32,EMP-0057,REG-05,PH-003,
RCT-0004082,TXN-0003358,RCP-00003358,Original,2026-07-11 08:12:18,EMP-0091,REG-05,PH-005,
RCT-0004083,TXN-0003056,RCP-00003056,Original,2026-07-11 08:12:56,EMP-0104,REG-01,PH-005,
RCT-0004084,TXN-0002405,RCP-00002405,Original,2026-07-11 08:48:52,EMP-0059,REG-04,PH-003,
RCT-0004085,TXN-0004998,RCP-00004998,Original,2026-07-11 08:54:10,EMP-0013,REG-05,PH-001,
RCT-0004086,TXN-0002686,RCP-00002686,Original,2026-07-11 09:13:42,EMP-0023,REG-03,PH-002,
RCT-0004087,TXN-0004624,RCP-00004624,Original,2026-07-11 09:33:19,EMP-0106,REG-05,PH-005,
RCT-0004088,TXN-0003456,RCP-00003456,Original,2026-07-11 09:36:43,EMP-0091,REG-04,PH-005,
RCT-0004089,TXN-0004936,RCP-00004936,Original,2026-07-11 09:41:54,EMP-0067,REG-02,PH-004,
RCT-0004090,TXN-0003334,RCP-00003334,Original,2026-07-11 09:52:45,EMP-0042,REG-02,PH-002,
RCT-0004091,TXN-0001522,RCP-00001522,Original,2026-07-11 09:54:40,EMP-0063,REG-02,PH-003,
RCT-0004092,TXN-0004762,RCP-00004762,Original,2026-07-11 10:22:07,EMP-0035,REG-05,PH-002,
RCT-0004093,TXN-0002467,RCP-00002467,Original,2026-07-11 10:46:50,EMP-0042,REG-04,PH-002,
RCT-0004094,TXN-0003095,RCP-00003095,Original,2026-07-11 11:01:41,EMP-0105,REG-01,PH-005,
RCT-0004095,TXN-0004187,RCP-00004187,Original,2026-07-11 11:06:26,EMP-0103,REG-04,PH-005,
RCT-0004096,TXN-0000691,RCP-00000691,Original,2026-07-11 11:11:45,EMP-0101,REG-02,PH-005,
RCT-0004097,TXN-0004158,RCP-00004158,Original,2026-07-11 13:03:05,EMP-0067,REG-02,PH-004,
RCT-0004098,TXN-0004709,RCP-00004709,Original,2026-07-11 13:15:55,EMP-0056,REG-06,PH-003,
RCT-0004099,TXN-0000800,RCP-00000800,Original,2026-07-11 13:30:44,EMP-0081,REG-04,PH-004,
RCT-0004100,TXN-0003637,RCP-00003637,Original,2026-07-11 13:32:01,EMP-0061,REG-06,PH-003,
RCT-0004101,TXN-0000671,RCP-00000671,Original,2026-07-11 13:55:26,EMP-0036,REG-03,PH-002,
RCT-0004102,TXN-0002578,RCP-00002578,Original,2026-07-11 13:56:50,EMP-0100,REG-02,PH-005,
RCT-0004103,TXN-0001699,RCP-00001699,Original,2026-07-11 14:19:37,EMP-0100,REG-03,PH-005,
RCT-0004104,TXN-0001918,RCP-00001918,Original,2026-07-11 14:50:48,EMP-0035,REG-06,PH-002,
RCT-0004105,TXN-0003842,RCP-00003842,Original,2026-07-11 15:12:15,EMP-0017,REG-02,PH-001,
RCT-0004106,TXN-0003995,RCP-00003995,Original,2026-07-11 15:15:36,EMP-0069,REG-06,PH-004,
RCT-0004107,TXN-0004625,RCP-00004625,Original,2026-07-11 15:59:13,EMP-0045,REG-01,PH-003,
RCT-0004108,TXN-0002295,RCP-00002295,Original,2026-07-11 16:03:25,EMP-0006,REG-01,PH-001,
RCT-0004109,TXN-0003082,RCP-00003082,Original,2026-07-11 16:10:28,EMP-0081,REG-06,PH-004,
RCT-0004110,TXN-0004290,RCP-00004290,Original,2026-07-11 16:11:29,EMP-0017,REG-05,PH-001,
RCT-0004111,TXN-0000748,RCP-00000748,Original,2026-07-11 16:21:14,EMP-0041,REG-01,PH-002,
RCT-0004112,TXN-0002404,RCP-00002404,Original,2026-07-11 16:32:43,EMP-0037,REG-01,PH-002,
RCT-0004113,TXN-0000938,RCP-00000938,Original,2026-07-11 17:36:06,EMP-0017,REG-02,PH-001,
RCT-0004114,TXN-0003278,RCP-00003278,Original,2026-07-11 17:46:08,EMP-0060,REG-01,PH-003,
RCT-0004115,TXN-0002840,RCP-00002840,Original,2026-07-11 17:47:40,EMP-0100,REG-03,PH-005,
RCT-0004116,TXN-0003090,RCP-00003090,Original,2026-07-11 18:07:00,EMP-0039,REG-03,PH-002,
RCT-0004117,TXN-0001929,RCP-00001929,Original,2026-07-11 19:23:58,EMP-0107,REG-03,PH-005,
RCT-0004118,TXN-0003183,RCP-00003183,Original,2026-07-11 19:30:04,EMP-0060,REG-06,PH-003,
RCT-0004119,TXN-0002926,RCP-00002926,Original,2026-07-11 19:31:10,EMP-0040,REG-05,PH-002,
RCT-0004120,TXN-0002823,RCP-00002823,Original,2026-07-11 19:51:06,EMP-0062,REG-04,PH-003,
RCT-0004121,TXN-0004131,RCP-00004131,Original,2026-07-11 20:13:38,EMP-0040,REG-01,PH-002,
RCT-0004122,TXN-0004599,RCP-00004599,Original,2026-07-11 20:14:33,EMP-0107,REG-05,PH-005,
RCT-0004123,TXN-0002623,RCP-00002623,Original,2026-07-11 20:54:54,EMP-0037,REG-06,PH-002,
RCT-0004124,TXN-0002554,RCP-00002554,Original,2026-07-11 21:29:12,EMP-0034,REG-01,PH-002,
RCT-0004125,TXN-0004677,RCP-00004677,Original,2026-07-12 08:03:32,EMP-0102,REG-03,PH-005,
RCT-0004126,TXN-0002123,RCP-00002123,Original,2026-07-12 08:17:06,EMP-0019,REG-03,PH-001,
RCT-0004127,TXN-0001502,RCP-00001502,Reprint,2026-07-12 08:18:10,EMP-0102,REG-01,PH-005,Printer jam
RCT-0004128,TXN-0000445,RCP-00000445,Original,2026-07-12 08:29:49,EMP-0023,REG-04,PH-002,
RCT-0004129,TXN-0004231,RCP-00004231,Original,2026-07-12 08:30:02,EMP-0015,REG-04,PH-001,
RCT-0004130,TXN-0001894,RCP-00001894,Original,2026-07-12 09:07:54,EMP-0101,REG-04,PH-005,
RCT-0004131,TXN-0001789,RCP-00001789,Original,2026-07-12 09:51:04,EMP-0006,REG-04,PH-001,
RCT-0004132,TXN-0003081,RCP-00003081,Original,2026-07-12 10:01:34,EMP-0107,REG-06,PH-005,
RCT-0004133,TXN-0002302,RCP-00002302,Original,2026-07-12 10:07:37,EMP-0038,REG-05,PH-002,
RCT-0004134,TXN-0003142,RCP-00003142,Original,2026-07-12 10:43:22,EMP-0068,REG-03,PH-004,
RCT-0004135,TXN-0001900,RCP-00001900,Original,2026-07-12 10:56:21,EMP-0084,REG-02,PH-004,
RCT-0004136,TXN-0000690,RCP-00000690,Original,2026-07-12 11:00:19,EMP-0083,REG-04,PH-004,
RCT-0004137,TXN-0000316,RCP-00000316,Original,2026-07-12 11:06:36,EMP-0078,REG-06,PH-004,
RCT-0004138,TXN-0002815,RCP-00002815,Original,2026-07-12 11:09:42,EMP-0057,REG-05,PH-003,
RCT-0004139,TXN-0004983,RCP-00004983,Original,2026-07-12 11:09:49,EMP-0061,REG-06,PH-003,
RCT-0004140,TXN-0004707,RCP-00004707,Original,2026-07-12 11:11:36,EMP-0102,REG-06,PH-005,
RCT-0004141,TXN-0004707,RCP-00004707,Gift Receipt,2026-07-12 11:12:36,EMP-0102,REG-06,PH-005,
RCT-0004142,TXN-0004317,RCP-00004317,Original,2026-07-12 11:14:01,EMP-0046,REG-02,PH-003,
RCT-0004143,TXN-0003712,RCP-00003712,Original,2026-07-12 11:17:27,EMP-0081,REG-05,PH-004,
RCT-0004144,TXN-0004627,RCP-00004627,Original,2026-07-12 11:23:54,EMP-0062,REG-04,PH-003,
RCT-0004145,TXN-0001299,RCP-00001299,Original,2026-07-12 11:32:13,EMP-0034,REG-03,PH-002,
RCT-0004146,TXN-0002727,RCP-00002727,Original,2026-07-12 12:07:21,EMP-0090,REG-04,PH-005,
RCT-0004147,TXN-0002218,RCP-00002218,Original,2026-07-12 12:12:40,EMP-0024,REG-04,PH-002,
RCT-0004148,TXN-0004547,RCP-00004547,Original,2026-07-12 12:25:12,EMP-0106,REG-04,PH-005,
RCT-0004149,TXN-0003344,RCP-00003344,Original,2026-07-12 13:12:54,EMP-0102,REG-03,PH-005,
RCT-0004150,TXN-0003811,RCP-00003811,Original,2026-07-12 13:51:46,EMP-0079,REG-03,PH-004,
RCT-0004151,TXN-0001745,RCP-00001745,Original,2026-07-12 13:52:13,EMP-0090,REG-03,PH-005,
RCT-0004152,TXN-0000402,RCP-00000402,Original,2026-07-12 14:22:39,EMP-0041,REG-02,PH-002,
RCT-0004153,TXN-0004416,RCP-00004416,Original,2026-07-12 14:30:25,EMP-0059,REG-02,PH-003,
RCT-0004154,TXN-0001822,RCP-00001822,Original,2026-07-12 15:09:37,EMP-0040,REG-06,PH-002,
RCT-0004155,TXN-0003366,RCP-00003366,Original,2026-07-12 15:11:24,EMP-0080,REG-04,PH-004,
RCT-0004156,TXN-0004166,RCP-00004166,Original,2026-07-12 15:26:43,EMP-0091,REG-01,PH-005,
RCT-0004157,TXN-0001065,RCP-00001065,Original,2026-07-12 15:34:15,EMP-0045,REG-05,PH-003,
RCT-0004158,TXN-0002169,RCP-00002169,Original,2026-07-12 15:45:27,EMP-0108,REG-03,PH-005,
RCT-0004159,TXN-0001161,RCP-00001161,Original,2026-07-12 15:51:35,EMP-0083,REG-05,PH-004,
RCT-0004160,TXN-0000914,RCP-00000914,Original,2026-07-12 15:51:53,EMP-0023,REG-04,PH-002,
RCT-0004161,TXN-0004544,RCP-00004544,Original,2026-07-12 15:56:44,EMP-0017,REG-06,PH-001,
RCT-0004162,TXN-0001085,RCP-00001085,Original,2026-07-12 15:59:16,EMP-0017,REG-03,PH-001,
RCT-0004163,TXN-0002070,RCP-00002070,Original,2026-07-12 16:49:42,EMP-0106,REG-06,PH-005,
RCT-0004164,TXN-0000049,RCP-00000049,Original,2026-07-12 16:57:33,EMP-0069,REG-01,PH-004,
RCT-0004165,TXN-0003395,RCP-00003395,Original,2026-07-12 17:16:24,EMP-0001,REG-06,PH-001,
RCT-0004166,TXN-0003956,RCP-00003956,Original,2026-07-12 17:39:24,EMP-0039,REG-02,PH-002,
RCT-0004167,TXN-0000704,RCP-00000704,Original,2026-07-12 17:55:13,EMP-0079,REG-02,PH-004,
RCT-0004168,TXN-0001379,RCP-00001379,Original,2026-07-12 18:35:12,EMP-0091,REG-03,PH-005,
RCT-0004169,TXN-0000216,RCP-00000216,Original,2026-07-12 18:55:47,EMP-0024,REG-05,PH-002,
RCT-0004170,TXN-0003514,RCP-00003514,Original,2026-07-12 19:25:27,EMP-0047,REG-06,PH-003,
RCT-0004171,TXN-0002416,RCP-00002416,Original,2026-07-12 19:31:06,EMP-0020,REG-01,PH-001,
RCT-0004172,TXN-0001258,RCP-00001258,Original,2026-07-12 19:37:23,EMP-0023,REG-01,PH-002,
RCT-0004173,TXN-0003935,RCP-00003935,Original,2026-07-12 19:42:04,EMP-0102,REG-06,PH-005,
RCT-0004174,TXN-0002310,RCP-00002310,Original,2026-07-12 20:01:36,EMP-0016,REG-06,PH-001,
RCT-0004175,TXN-0002394,RCP-00002394,Original,2026-07-12 20:19:35,EMP-0082,REG-05,PH-004,
RCT-0004176,TXN-0002192,RCP-00002192,Original,2026-07-12 20:26:48,EMP-0038,REG-03,PH-002,
RCT-0004177,TXN-0003615,RCP-00003615,Original,2026-07-12 21:10:01,EMP-0059,REG-06,PH-003,
RCT-0004178,TXN-0004859,RCP-00004859,Reprint,2026-07-12 23:19:26,EMP-0097,REG-06,PH-005,Customer request
RCT-0004179,TXN-0000605,RCP-00000605,Reprint,2026-07-13 05:31:45,EMP-0108,REG-06,PH-005,Printer jam
RCT-0004180,TXN-0002541,RCP-00002541,Original,2026-07-13 08:02:11,EMP-0025,REG-05,PH-002,
RCT-0004181,TXN-0003097,RCP-00003097,Original,2026-07-13 08:06:29,EMP-0059,REG-04,PH-003,
RCT-0004182,TXN-0002459,RCP-00002459,Original,2026-07-13 08:13:20,EMP-0020,REG-02,PH-001,
RCT-0004183,TXN-0001252,RCP-00001252,Original,2026-07-13 08:26:15,EMP-0091,REG-04,PH-005,
RCT-0004184,TXN-0001402,RCP-00001402,Original,2026-07-13 08:31:40,EMP-0024,REG-04,PH-002,
RCT-0004185,TXN-0001454,RCP-00001454,Original,2026-07-13 08:56:23,EMP-0061,REG-05,PH-003,
RCT-0004186,TXN-0000926,RCP-00000926,Original,2026-07-13 08:57:52,EMP-0002,REG-05,PH-001,
RCT-0004187,TXN-0001907,RCP-00001907,Original,2026-07-13 09:49:16,EMP-0047,REG-05,PH-003,
RCT-0004188,TXN-0004907,RCP-00004907,Original,2026-07-13 09:49:38,EMP-0040,REG-03,PH-002,
RCT-0004189,TXN-0004328,RCP-00004328,Original,2026-07-13 09:54:45,EMP-0014,REG-06,PH-001,
RCT-0004190,TXN-0000780,RCP-00000780,Original,2026-07-13 10:09:46,EMP-0024,REG-04,PH-002,
RCT-0004191,TXN-0004343,RCP-00004343,Original,2026-07-13 10:27:35,EMP-0037,REG-03,PH-002,
RCT-0004192,TXN-0002696,RCP-00002696,Original,2026-07-13 10:30:29,EMP-0101,REG-05,PH-005,
RCT-0004193,TXN-0004164,RCP-00004164,Original,2026-07-13 10:31:42,EMP-0035,REG-02,PH-002,
RCT-0004194,TXN-0004325,RCP-00004325,Original,2026-07-13 10:50:45,EMP-0102,REG-04,PH-005,
RCT-0004195,TXN-0002927,RCP-00002927,Original,2026-07-13 10:54:57,EMP-0102,REG-04,PH-005,
RCT-0004196,TXN-0003528,RCP-00003528,Original,2026-07-13 10:58:33,EMP-0104,REG-05,PH-005,
RCT-0004197,TXN-0002857,RCP-00002857,Original,2026-07-13 11:11:12,EMP-0057,REG-05,PH-003,
RCT-0004198,TXN-0000976,RCP-00000976,Original,2026-07-13 11:16:34,EMP-0057,REG-04,PH-003,
RCT-0004199,TXN-0003731,RCP-00003731,Original,2026-07-13 11:32:21,EMP-0013,REG-01,PH-001,
RCT-0004200,TXN-0004508,RCP-00004508,Original,2026-07-13 13:04:23,EMP-0062,REG-05,PH-003,
RCT-0004201,TXN-0002257,RCP-00002257,Original,2026-07-13 13:29:37,EMP-0006,REG-05,PH-001,
RCT-0004202,TXN-0000674,RCP-00000674,Original,2026-07-13 13:31:50,EMP-0041,REG-06,PH-002,
RCT-0004203,TXN-0000330,RCP-00000330,Original,2026-07-13 13:34:32,EMP-0014,REG-01,PH-001,
RCT-0004204,TXN-0004598,RCP-00004598,Original,2026-07-13 14:07:58,EMP-0069,REG-04,PH-004,
RCT-0004205,TXN-0002066,RCP-00002066,Original,2026-07-13 14:21:56,EMP-0101,REG-06,PH-005,
RCT-0004206,TXN-0003780,RCP-00003780,Original,2026-07-13 14:50:29,EMP-0025,REG-05,PH-002,
RCT-0004207,TXN-0003987,RCP-00003987,Original,2026-07-13 14:54:10,EMP-0019,REG-04,PH-001,
RCT-0004208,TXN-0003821,RCP-00003821,Original,2026-07-13 15:12:50,EMP-0107,REG-05,PH-005,
RCT-0004209,TXN-0003194,RCP-00003194,Original,2026-07-13 15:14:41,EMP-0036,REG-05,PH-002,
RCT-0004210,TXN-0004551,RCP-00004551,Original,2026-07-13 15:16:29,EMP-0034,REG-02,PH-002,
RCT-0004211,TXN-0002619,RCP-00002619,Original,2026-07-13 15:29:00,EMP-0035,REG-04,PH-002,
RCT-0004212,TXN-0001660,RCP-00001660,Original,2026-07-13 16:10:22,EMP-0034,REG-04,PH-002,
RCT-0004213,TXN-0000760,RCP-00000760,Original,2026-07-13 16:35:42,EMP-0103,REG-05,PH-005,
RCT-0004214,TXN-0001769,RCP-00001769,Reprint,2026-07-13 16:48:12,EMP-0007,REG-01,PH-001,Lost receipt
RCT-0004215,TXN-0003672,RCP-00003672,Original,2026-07-13 17:18:32,EMP-0084,REG-02,PH-004,
RCT-0004216,TXN-0002593,RCP-00002593,Original,2026-07-13 17:26:00,EMP-0046,REG-02,PH-003,
RCT-0004217,TXN-0003668,RCP-00003668,Original,2026-07-13 17:40:27,EMP-0086,REG-05,PH-004,
RCT-0004218,TXN-0001509,RCP-00001509,Original,2026-07-13 17:41:52,EMP-0025,REG-02,PH-002,
RCT-0004219,TXN-0003937,RCP-00003937,Original,2026-07-13 17:45:32,EMP-0024,REG-06,PH-002,
RCT-0004220,TXN-0004366,RCP-00004366,Original,2026-07-13 17:49:27,EMP-0038,REG-05,PH-002,
RCT-0004221,TXN-0002312,RCP-00002312,Original,2026-07-13 18:17:57,EMP-0091,REG-01,PH-005,
RCT-0004222,TXN-0001568,RCP-00001568,Original,2026-07-13 18:21:01,EMP-0041,REG-01,PH-002,
RCT-0004223,TXN-0003178,RCP-00003178,Original,2026-07-13 18:36:59,EMP-0090,REG-04,PH-005,
RCT-0004224,TXN-0000235,RCP-00000235,Original,2026-07-13 18:45:49,EMP-0040,REG-04,PH-002,
RCT-0004225,TXN-0004524,RCP-00004524,Original,2026-07-13 18:57:41,EMP-0006,REG-01,PH-001,
RCT-0004226,TXN-0001836,RCP-00001836,Original,2026-07-13 19:28:11,EMP-0013,REG-06,PH-001,
RCT-0004227,TXN-0002994,RCP-00002994,Original,2026-07-13 19:32:55,EMP-0059,REG-01,PH-003,
RCT-0004228,TXN-0001118,RCP-00001118,Original,2026-07-13 19:33:09,EMP-0037,REG-01,PH-002,
RCT-0004229,TXN-0003297,RCP-00003297,Original,2026-07-13 19:39:31,EMP-0061,REG-04,PH-003,
RCT-0004230,TXN-0002797,RCP-00002797,Original,2026-07-13 19:55:37,EMP-0015,REG-04,PH-001,
RCT-0004231,TXN-0000852,RCP-00000852,Original,2026-07-13 20:30:18,EMP-0062,REG-04,PH-003,
RCT-0004232,TXN-0002124,RCP-00002124,Original,2026-07-13 20:38:12,EMP-0006,REG-03,PH-001,
RCT-0004233,TXN-0003480,RCP-00003480,Original,2026-07-13 20:41:30,EMP-0078,REG-05,PH-004,
RCT-0004234,TXN-0004703,RCP-00004703,Original,2026-07-13 21:11:25,EMP-0059,REG-06,PH-003,
RCT-0004235,TXN-0000728,RCP-00000728,Original,2026-07-13 21:24:15,EMP-0090,REG-06,PH-005,
RCT-0004236,TXN-0000670,RCP-00000670,Original,2026-07-13 21:28:31,EMP-0014,REG-03,PH-001,
RCT-0004237,TXN-0004608,RCP-00004608,Original,2026-07-13 21:45:34,EMP-0019,REG-06,PH-001,
RCT-0004238,TXN-0002605,RCP-00002605,Original,2026-07-13 21:50:34,EMP-0024,REG-01,PH-002,
RCT-0004239,TXN-0003185,RCP-00003185,Original,2026-07-14 08:25:23,EMP-0107,REG-02,PH-005,
RCT-0004240,TXN-0001701,RCP-00001701,Original,2026-07-14 09:03:53,EMP-0102,REG-06,PH-005,
RCT-0004241,TXN-0003511,RCP-00003511,Original,2026-07-14 09:08:13,EMP-0104,REG-04,PH-005,
RCT-0004242,TXN-0001862,RCP-00001862,Original,2026-07-14 09:38:59,EMP-0039,REG-06,PH-002,
RCT-0004243,TXN-0002448,RCP-00002448,Original,2026-07-14 09:53:45,EMP-0040,REG-05,PH-002,
RCT-0004244,TXN-0004402,RCP-00004402,Original,2026-07-14 09:54:25,EMP-0016,REG-05,PH-001,
RCT-0004245,TXN-0004134,RCP-00004134,Original,2026-07-14 10:34:31,EMP-0015,REG-01,PH-001,
RCT-0004246,TXN-0001362,RCP-00001362,Original,2026-07-14 10:53:53,EMP-0014,REG-06,PH-001,
RCT-0004247,TXN-0000384,RCP-00000384,Original,2026-07-14 11:21:14,EMP-0037,REG-01,PH-002,
RCT-0004248,TXN-0004656,RCP-00004656,Original,2026-07-14 11:22:09,EMP-0062,REG-06,PH-003,
RCT-0004249,TXN-0001798,RCP-00001798,Original,2026-07-14 11:32:37,EMP-0019,REG-02,PH-001,
RCT-0004250,TXN-0000649,RCP-00000649,Original,2026-07-14 11:46:09,EMP-0045,REG-02,PH-003,
RCT-0004251,TXN-0003630,RCP-00003630,Original,2026-07-14 11:52:47,EMP-0016,REG-03,PH-001,
RCT-0004252,TXN-0004297,RCP-00004297,Original,2026-07-14 11:52:58,EMP-0057,REG-04,PH-003,
RCT-0004253,TXN-0001797,RCP-00001797,Original,2026-07-14 12:09:27,EMP-0040,REG-03,PH-002,
RCT-0004254,TXN-0002665,RCP-00002665,Original,2026-07-14 12:09:28,EMP-0012,REG-02,PH-001,
RCT-0004255,TXN-0004374,RCP-00004374,Original,2026-07-14 12:29:38,EMP-0012,REG-05,PH-001,
RCT-0004256,TXN-0000741,RCP-00000741,Original,2026-07-14 12:35:42,EMP-0023,REG-06,PH-002,
RCT-0004257,TXN-0004471,RCP-00004471,Original,2026-07-14 12:41:03,EMP-0016,REG-03,PH-001,
RCT-0004258,TXN-0004282,RCP-00004282,Original,2026-07-14 12:57:45,EMP-0104,REG-04,PH-005,
RCT-0004259,TXN-0001780,RCP-00001780,Original,2026-07-14 13:02:08,EMP-0020,REG-05,PH-001,
RCT-0004260,TXN-0001959,RCP-00001959,Original,2026-07-14 13:05:55,EMP-0056,REG-01,PH-003,
RCT-0004261,TXN-0001106,RCP-00001106,Original,2026-07-14 13:14:05,EMP-0103,REG-06,PH-005,
RCT-0004262,TXN-0001124,RCP-00001124,Original,2026-07-14 13:17:43,EMP-0020,REG-03,PH-001,
RCT-0004263,TXN-0001890,RCP-00001890,Original,2026-07-14 13:52:21,EMP-0045,REG-02,PH-003,
RCT-0004264,TXN-0004642,RCP-00004642,Original,2026-07-14 13:58:43,EMP-0090,REG-03,PH-005,
RCT-0004265,TXN-0003087,RCP-00003087,Original,2026-07-14 14:13:16,EMP-0090,REG-03,PH-005,
RCT-0004266,TXN-0004254,RCP-00004254,Original,2026-07-14 14:23:54,EMP-0013,REG-04,PH-001,
RCT-0004267,TXN-0001451,RCP-00001451,Original,2026-07-14 14:31:16,EMP-0102,REG-01,PH-005,
RCT-0004268,TXN-0004815,RCP-00004815,Original,2026-07-14 14:34:56,EMP-0086,REG-03,PH-004,
RCT-0004269,TXN-0003858,RCP-00003858,Original,2026-07-14 15:08:09,EMP-0107,REG-02,PH-005,
RCT-0004270,TXN-0003903,RCP-00003903,Original,2026-07-14 15:37:05,EMP-0090,REG-05,PH-005,
RCT-0004271,TXN-0002466,RCP-00002466,Original,2026-07-14 15:54:05,EMP-0047,REG-06,PH-003,
RCT-0004272,TXN-0004644,RCP-00004644,Original,2026-07-14 16:04:26,EMP-0090,REG-01,PH-005,
RCT-0004273,TXN-0000162,RCP-00000162,Original,2026-07-14 16:44:41,EMP-0035,REG-05,PH-002,
RCT-0004274,TXN-0003775,RCP-00003775,Original,2026-07-14 16:44:41,EMP-0106,REG-04,PH-005,
RCT-0004275,TXN-0000662,RCP-00000662,Original,2026-07-14 16:54:02,EMP-0102,REG-05,PH-005,
RCT-0004276,TXN-0003165,RCP-00003165,Original,2026-07-14 17:17:39,EMP-0058,REG-03,PH-003,
RCT-0004277,TXN-0000868,RCP-00000868,Original,2026-07-14 17:37:13,EMP-0084,REG-02,PH-004,
RCT-0004278,TXN-0000889,RCP-00000889,Original,2026-07-14 17:59:07,EMP-0105,REG-06,PH-005,
RCT-0004279,TXN-0001009,RCP-00001009,Original,2026-07-14 18:08:09,EMP-0101,REG-04,PH-005,
RCT-0004280,TXN-0004127,RCP-00004127,Original,2026-07-14 18:12:13,EMP-0059,REG-04,PH-003,
RCT-0004281,TXN-0004127,RCP-00004127,Gift Receipt,2026-07-14 18:13:13,EMP-0059,REG-04,PH-003,
RCT-0004282,TXN-0002863,RCP-00002863,Original,2026-07-14 18:23:47,EMP-0016,REG-05,PH-001,
RCT-0004283,TXN-0000534,RCP-00000534,Original,2026-07-14 18:32:50,EMP-0037,REG-05,PH-002,
RCT-0004284,TXN-0004384,RCP-00004384,Original,2026-07-14 19:00:32,EMP-0100,REG-05,PH-005,
RCT-0004285,TXN-0003504,RCP-00003504,Original,2026-07-14 19:11:29,EMP-0017,REG-04,PH-001,
RCT-0004286,TXN-0002954,RCP-00002954,Original,2026-07-14 19:22:18,EMP-0041,REG-05,PH-002,
RCT-0004287,TXN-0004833,RCP-00004833,Original,2026-07-14 19:23:01,EMP-0078,REG-06,PH-004,
RCT-0004288,TXN-0003993,RCP-00003993,Original,2026-07-14 19:29:41,EMP-0001,REG-01,PH-001,
RCT-0004289,TXN-0004903,RCP-00004903,Original,2026-07-14 19:56:03,EMP-0103,REG-01,PH-005,
RCT-0004290,TXN-0004450,RCP-00004450,Original,2026-07-14 19:58:32,EMP-0062,REG-03,PH-003,
RCT-0004291,TXN-0002369,RCP-00002369,Original,2026-07-14 19:59:26,EMP-0107,REG-05,PH-005,
RCT-0004292,TXN-0003276,RCP-00003276,Original,2026-07-14 20:03:01,EMP-0036,REG-04,PH-002,
RCT-0004293,TXN-0002691,RCP-00002691,Original,2026-07-14 20:20:29,EMP-0045,REG-04,PH-003,
RCT-0004294,TXN-0001633,RCP-00001633,Original,2026-07-14 20:24:55,EMP-0018,REG-05,PH-001,
RCT-0004295,TXN-0002407,RCP-00002407,Reprint,2026-07-14 21:01:00,EMP-0006,REG-01,PH-001,Customer request
RCT-0004296,TXN-0003023,RCP-00003023,Original,2026-07-14 21:08:44,EMP-0103,REG-03,PH-005,
RCT-0004297,TXN-0002598,RCP-00002598,Original,2026-07-14 21:59:41,EMP-0024,REG-03,PH-002,
RCT-0004298,TXN-0002581,RCP-00002581,Reprint,2026-07-14 23:52:15,EMP-0001,REG-06,PH-001,Duplicate for insurance
RCT-0004299,TXN-0004342,RCP-00004342,Reprint,2026-07-15 01:54:00,EMP-0006,REG-01,PH-001,Customer request
RCT-0004300,TXN-0003148,RCP-00003148,Reprint,2026-07-15 02:24:06,EMP-0042,REG-04,PH-002,Printer jam
RCT-0004301,TXN-0003989,RCP-00003989,Original,2026-07-15 08:04:50,EMP-0068,REG-06,PH-004,
RCT-0004302,TXN-0001759,RCP-00001759,Original,2026-07-15 08:05:12,EMP-0103,REG-03,PH-005,
RCT-0004303,TXN-0002137,RCP-00002137,Original,2026-07-15 08:15:03,EMP-0100,REG-01,PH-005,
RCT-0004304,TXN-0004027,RCP-00004027,Original,2026-07-15 08:17:45,EMP-0006,REG-02,PH-001,
RCT-0004305,TXN-0002156,RCP-00002156,Original,2026-07-15 08:23:13,EMP-0103,REG-06,PH-005,
RCT-0004306,TXN-0003085,RCP-00003085,Original,2026-07-15 08:30:00,EMP-0037,REG-04,PH-002,
RCT-0004307,TXN-0001762,RCP-00001762,Original,2026-07-15 08:50:37,EMP-0001,REG-05,PH-001,
RCT-0004308,TXN-0002403,RCP-00002403,Original,2026-07-15 09:08:47,EMP-0015,REG-06,PH-001,
RCT-0004309,TXN-0002053,RCP-00002053,Original,2026-07-15 09:17:30,EMP-0035,REG-06,PH-002,
RCT-0004310,TXN-0002730,RCP-00002730,Original,2026-07-15 09:19:31,EMP-0101,REG-02,PH-005,
RCT-0004311,TXN-0004401,RCP-00004401,Original,2026-07-15 09:54:14,EMP-0006,REG-02,PH-001,
RCT-0004312,TXN-0002027,RCP-00002027,Original,2026-07-15 10:03:03,EMP-0062,REG-06,PH-003,
RCT-0004313,TXN-0003527,RCP-00003527,Original,2026-07-15 10:18:28,EMP-0012,REG-06,PH-001,
RCT-0004314,TXN-0002543,RCP-00002543,Original,2026-07-15 10:29:36,EMP-0107,REG-06,PH-005,
RCT-0004315,TXN-0004359,RCP-00004359,Original,2026-07-15 10:29:45,EMP-0037,REG-06,PH-002,
RCT-0004316,TXN-0001861,RCP-00001861,Original,2026-07-15 10:49:50,EMP-0018,REG-04,PH-001,
RCT-0004317,TXN-0003847,RCP-00003847,Original,2026-07-15 11:00:14,EMP-0023,REG-05,PH-002,
RCT-0004318,TXN-0000700,RCP-00000700,Reprint,2026-07-15 11:12:00,EMP-0006,REG-06,PH-001,Customer request
RCT-0004319,TXN-0000532,RCP-00000532,Original,2026-07-15 11:54:19,EMP-0020,REG-04,PH-001,
RCT-0004320,TXN-0004960,RCP-00004960,Original,2026-07-15 13:04:45,EMP-0069,REG-05,PH-004,
RCT-0004321,TXN-0001981,RCP-00001981,Original,2026-07-15 13:24:30,EMP-0061,REG-03,PH-003,
RCT-0004322,TXN-0002182,RCP-00002182,Original,2026-07-15 13:37:32,EMP-0038,REG-06,PH-002,
RCT-0004323,TXN-0001670,RCP-00001670,Original,2026-07-15 13:40:51,EMP-0107,REG-02,PH-005,
RCT-0004324,TXN-0003279,RCP-00003279,Original,2026-07-15 13:53:17,EMP-0063,REG-02,PH-003,
RCT-0004325,TXN-0002243,RCP-00002243,Original,2026-07-15 14:02:26,EMP-0060,REG-06,PH-003,
RCT-0004326,TXN-0002873,RCP-00002873,Original,2026-07-15 14:43:57,EMP-0081,REG-02,PH-004,
RCT-0004327,TXN-0003204,RCP-00003204,Original,2026-07-15 14:55:48,EMP-0089,REG-03,PH-005,
RCT-0004328,TXN-0002142,RCP-00002142,Original,2026-07-15 15:07:13,EMP-0024,REG-02,PH-002,
RCT-0004329,TXN-0000602,RCP-00000602,Original,2026-07-15 15:23:21,EMP-0056,REG-02,PH-003,
RCT-0004330,TXN-0000809,RCP-00000809,Original,2026-07-15 15:53:57,EMP-0047,REG-06,PH-003,
RCT-0004331,TXN-0004983,RCP-00004983,Reprint,2026-07-15 16:08:49,EMP-0045,REG-03,PH-003,Customer request
RCT-0004332,TXN-0000226,RCP-00000226,Original,2026-07-15 16:37:39,EMP-0085,REG-04,PH-004,
RCT-0004333,TXN-0000726,RCP-00000726,Original,2026-07-15 16:45:02,EMP-0047,REG-01,PH-003,
RCT-0004334,TXN-0000821,RCP-00000821,Original,2026-07-15 17:10:42,EMP-0059,REG-05,PH-003,
RCT-0004335,TXN-0002414,RCP-00002414,Original,2026-07-15 17:13:27,EMP-0041,REG-03,PH-002,
RCT-0004336,TXN-0002597,RCP-00002597,Original,2026-07-15 17:18:18,EMP-0058,REG-05,PH-003,
RCT-0004337,TXN-0003099,RCP-00003099,Original,2026-07-15 17:27:05,EMP-0013,REG-06,PH-001,
RCT-0004338,TXN-0002427,RCP-00002427,Original,2026-07-15 17:29:33,EMP-0025,REG-05,PH-002,
RCT-0004339,TXN-0003783,RCP-00003783,Original,2026-07-15 17:31:12,EMP-0038,REG-02,PH-002,
RCT-0004340,TXN-0004021,RCP-00004021,Original,2026-07-15 17:32:01,EMP-0045,REG-05,PH-003,
RCT-0004341,TXN-0003311,RCP-00003311,Original,2026-07-15 18:01:51,EMP-0025,REG-02,PH-002,
RCT-0004342,TXN-0001168,RCP-00001168,Original,2026-07-15 18:10:04,EMP-0064,REG-01,PH-003,
RCT-0004343,TXN-0001112,RCP-00001112,Original,2026-07-15 18:13:24,EMP-0100,REG-04,PH-005,
RCT-0004344,TXN-0003110,RCP-00003110,Original,2026-07-15 18:13:24,EMP-0056,REG-02,PH-003,
RCT-0004345,TXN-0001877,RCP-00001877,Original,2026-07-15 18:35:02,EMP-0067,REG-04,PH-004,
RCT-0004346,TXN-0002354,RCP-00002354,Original,2026-07-15 18:39:52,EMP-0014,REG-02,PH-001,
RCT-0004347,TXN-0000036,RCP-00000036,Original,2026-07-15 18:59:24,EMP-0019,REG-06,PH-001,
RCT-0004348,TXN-0000507,RCP-00000507,Original,2026-07-15 19:10:37,EMP-0042,REG-04,PH-002,
RCT-0004349,TXN-0002677,RCP-00002677,Original,2026-07-15 19:13:09,EMP-0002,REG-01,PH-001,
RCT-0004350,TXN-0002914,RCP-00002914,Original,2026-07-15 19:18:57,EMP-0025,REG-02,PH-002,
RCT-0004351,TXN-0001438,RCP-00001438,Original,2026-07-15 19:26:06,EMP-0047,REG-03,PH-003,
RCT-0004352,TXN-0000657,RCP-00000657,Original,2026-07-15 19:54:17,EMP-0020,REG-03,PH-001,
RCT-0004353,TXN-0004847,RCP-00004847,Original,2026-07-15 20:01:27,EMP-0063,REG-01,PH-003,
RCT-0004354,TXN-0002262,RCP-00002262,Original,2026-07-15 20:02:27,EMP-0079,REG-05,PH-004,
RCT-0004355,TXN-0004354,RCP-00004354,Original,2026-07-15 20:22:46,EMP-0039,REG-01,PH-002,
RCT-0004356,TXN-0001734,RCP-00001734,Original,2026-07-15 20:28:46,EMP-0040,REG-01,PH-002,
RCT-0004357,TXN-0001297,RCP-00001297,Original,2026-07-15 20:46:43,EMP-0057,REG-06,PH-003,
RCT-0004358,TXN-0002225,RCP-00002225,Original,2026-07-15 20:53:23,EMP-0041,REG-05,PH-002,
RCT-0004359,TXN-0003692,RCP-00003692,Original,2026-07-15 21:07:01,EMP-0023,REG-03,PH-002,
RCT-0004360,TXN-0004098,RCP-00004098,Original,2026-07-15 21:31:09,EMP-0035,REG-04,PH-002,
RCT-0004361,TXN-0004889,RCP-00004889,Original,2026-07-15 21:38:27,EMP-0068,REG-05,PH-004,
RCT-0004362,TXN-0000201,RCP-00000201,Reprint,2026-07-16 03:08:00,EMP-0006,REG-03,PH-001,Customer request
RCT-0004363,TXN-0001099,RCP-00001099,Original,2026-07-16 08:22:12,EMP-0107,REG-04,PH-005,
RCT-0004364,TXN-0003448,RCP-00003448,Original,2026-07-16 08:54:19,EMP-0038,REG-02,PH-002,
RCT-0004365,TXN-0004652,RCP-00004652,Original,2026-07-16 09:48:03,EMP-0063,REG-02,PH-003,
RCT-0004366,TXN-0002909,RCP-00002909,Original,2026-07-16 10:03:34,EMP-0023,REG-06,PH-002,
RCT-0004367,TXN-0004459,RCP-00004459,Original,2026-07-16 10:21:51,EMP-0061,REG-01,PH-003,
RCT-0004368,TXN-0001582,RCP-00001582,Original,2026-07-16 10:36:07,EMP-0056,REG-02,PH-003,
RCT-0004369,TXN-0003226,RCP-00003226,Original,2026-07-16 11:10:18,EMP-0045,REG-05,PH-003,
RCT-0004370,TXN-0000873,RCP-00000873,Original,2026-07-16 11:16:23,EMP-0019,REG-04,PH-001,
RCT-0004371,TXN-0002430,RCP-00002430,Original,2026-07-16 12:33:51,EMP-0001,REG-05,PH-001,
RCT-0004372,TXN-0000847,RCP-00000847,Original,2026-07-16 12:47:59,EMP-0014,REG-04,PH-001,
RCT-0004373,TXN-0004634,RCP-00004634,Original,2026-07-16 13:47:11,EMP-0103,REG-05,PH-005,
RCT-0004374,TXN-0002190,RCP-00002190,Original,2026-07-16 14:03:50,EMP-0101,REG-05,PH-005,
RCT-0004375,TXN-0002867,RCP-00002867,Original,2026-07-16 14:19:30,EMP-0034,REG-01,PH-002,
RCT-0004376,TXN-0004119,RCP-00004119,Original,2026-07-16 14:58:02,EMP-0091,REG-01,PH-005,
RCT-0004377,TXN-0002602,RCP-00002602,Original,2026-07-16 15:11:38,EMP-0091,REG-01,PH-005,
RCT-0004378,TXN-0000930,RCP-00000930,Original,2026-07-16 15:16:53,EMP-0034,REG-01,PH-002,
RCT-0004379,TXN-0001521,RCP-00001521,Original,2026-07-16 16:21:58,EMP-0089,REG-05,PH-005,
RCT-0004380,TXN-0002054,RCP-00002054,Original,2026-07-16 16:25:15,EMP-0042,REG-01,PH-002,
RCT-0004381,TXN-0000243,RCP-00000243,Original,2026-07-16 17:02:12,EMP-0016,REG-04,PH-001,
RCT-0004382,TXN-0000034,RCP-00000034,Original,2026-07-16 17:43:04,EMP-0042,REG-02,PH-002,
RCT-0004383,TXN-0002934,RCP-00002934,Original,2026-07-16 17:50:26,EMP-0040,REG-05,PH-002,
RCT-0004384,TXN-0001003,RCP-00001003,Original,2026-07-16 18:39:32,EMP-0081,REG-06,PH-004,
RCT-0004385,TXN-0004197,RCP-00004197,Original,2026-07-16 18:48:33,EMP-0025,REG-05,PH-002,
RCT-0004386,TXN-0004950,RCP-00004950,Original,2026-07-16 18:50:52,EMP-0035,REG-01,PH-002,
RCT-0004387,TXN-0000621,RCP-00000621,Original,2026-07-16 18:55:52,EMP-0017,REG-01,PH-001,
RCT-0004388,TXN-0001104,RCP-00001104,Original,2026-07-16 19:03:13,EMP-0063,REG-03,PH-003,
RCT-0004389,TXN-0004066,RCP-00004066,Original,2026-07-16 19:15:04,EMP-0100,REG-01,PH-005,
RCT-0004390,TXN-0000468,RCP-00000468,Original,2026-07-16 19:16:29,EMP-0023,REG-03,PH-002,
RCT-0004391,TXN-0004765,RCP-00004765,Original,2026-07-16 19:19:50,EMP-0063,REG-02,PH-003,
RCT-0004392,TXN-0000473,RCP-00000473,Original,2026-07-16 19:49:31,EMP-0013,REG-02,PH-001,
RCT-0004393,TXN-0004462,RCP-00004462,Original,2026-07-16 20:01:59,EMP-0024,REG-01,PH-002,
RCT-0004394,TXN-0001291,RCP-00001291,Original,2026-07-16 20:33:41,EMP-0023,REG-04,PH-002,
RCT-0004395,TXN-0002828,RCP-00002828,Original,2026-07-16 21:17:48,EMP-0039,REG-01,PH-002,
RCT-0004396,TXN-0000334,RCP-00000334,Original,2026-07-16 21:20:01,EMP-0041,REG-03,PH-002,
RCT-0004397,TXN-0004185,RCP-00004185,Original,2026-07-16 21:28:22,EMP-0016,REG-05,PH-001,
RCT-0004398,TXN-0003655,RCP-00003655,Reprint,2026-07-16 21:32:00,EMP-0006,REG-01,PH-001,Customer request
RCT-0004399,TXN-0001787,RCP-00001787,Original,2026-07-16 21:40:36,EMP-0003,REG-01,PH-001,
RCT-0004400,TXN-0001695,RCP-00001695,Original,2026-07-16 21:53:12,EMP-0108,REG-06,PH-005,
RCT-0004401,TXN-0001998,RCP-00001998,Reprint,2026-07-17 02:05:00,EMP-0006,REG-01,PH-001,Customer request
RCT-0004402,TXN-0001942,RCP-00001942,Reprint,2026-07-17 08:27:57,EMP-0006,REG-03,PH-001,Lost receipt
RCT-0004403,TXN-0001471,RCP-00001471,Original,2026-07-17 08:44:11,EMP-0086,REG-04,PH-004,
RCT-0004404,TXN-0004770,RCP-00004770,Original,2026-07-17 08:46:49,EMP-0085,REG-06,PH-004,
RCT-0004405,TXN-0001369,RCP-00001369,Original,2026-07-17 08:50:01,EMP-0057,REG-01,PH-003,
RCT-0004406,TXN-0004991,RCP-00004991,Original,2026-07-17 08:55:17,EMP-0015,REG-04,PH-001,
RCT-0004407,TXN-0001829,RCP-00001829,Original,2026-07-17 09:01:03,EMP-0016,REG-02,PH-001,
RCT-0004408,TXN-0001756,RCP-00001756,Original,2026-07-17 09:19:36,EMP-0046,REG-03,PH-003,
RCT-0004409,TXN-0004162,RCP-00004162,Original,2026-07-17 10:04:13,EMP-0107,REG-04,PH-005,
RCT-0004410,TXN-0001826,RCP-00001826,Original,2026-07-17 10:15:20,EMP-0042,REG-01,PH-002,
RCT-0004411,TXN-0001826,RCP-00001826,Gift Receipt,2026-07-17 10:16:20,EMP-0042,REG-01,PH-002,
RCT-0004412,TXN-0002511,RCP-00002511,Original,2026-07-17 10:20:48,EMP-0079,REG-04,PH-004,
RCT-0004413,TXN-0001605,RCP-00001605,Original,2026-07-17 10:21:35,EMP-0057,REG-05,PH-003,
RCT-0004414,TXN-0003505,RCP-00003505,Original,2026-07-17 10:36:00,EMP-0041,REG-03,PH-002,
RCT-0004415,TXN-0000565,RCP-00000565,Original,2026-07-17 10:51:28,EMP-0041,REG-05,PH-002,
RCT-0004416,TXN-0004561,RCP-00004561,Original,2026-07-17 11:30:58,EMP-0014,REG-02,PH-001,
RCT-0004417,TXN-0004275,RCP-00004275,Original,2026-07-17 11:34:16,EMP-0023,REG-04,PH-002,
RCT-0004418,TXN-0000871,RCP-00000871,Original,2026-07-17 11:35:18,EMP-0017,REG-01,PH-001,
RCT-0004419,TXN-0000245,RCP-00000245,Original,2026-07-17 11:42:35,EMP-0057,REG-04,PH-003,
RCT-0004420,TXN-0001147,RCP-00001147,Original,2026-07-17 11:43:59,EMP-0104,REG-05,PH-005,
RCT-0004421,TXN-0000597,RCP-00000597,Reprint,2026-07-17 12:30:00,EMP-0006,REG-06,PH-001,Customer request
RCT-0004422,TXN-0002998,RCP-00002998,Original,2026-07-17 12:30:56,EMP-0082,REG-05,PH-004,
RCT-0004423,TXN-0002702,RCP-00002702,Original,2026-07-17 12:34:54,EMP-0039,REG-06,PH-002,
RCT-0004424,TXN-0002461,RCP-00002461,Original,2026-07-17 12:42:15,EMP-0001,REG-04,PH-001,
RCT-0004425,TXN-0001842,RCP-00001842,Original,2026-07-17 12:55:36,EMP-0020,REG-02,PH-001,
RCT-0004426,TXN-0004238,RCP-00004238,Original,2026-07-17 13:46:45,EMP-0090,REG-05,PH-005,
RCT-0004427,TXN-0003499,RCP-00003499,Original,2026-07-17 13:55:16,EMP-0089,REG-03,PH-005,
RCT-0004428,TXN-0004554,RCP-00004554,Original,2026-07-17 14:50:36,EMP-0106,REG-06,PH-005,
RCT-0004429,TXN-0003274,RCP-00003274,Original,2026-07-17 14:54:07,EMP-0041,REG-01,PH-002,
RCT-0004430,TXN-0000559,RCP-00000559,Original,2026-07-17 14:56:19,EMP-0060,REG-03,PH-003,
RCT-0004431,TXN-0003186,RCP-00003186,Original,2026-07-17 15:22:45,EMP-0104,REG-03,PH-005,
RCT-0004432,TXN-0002515,RCP-00002515,Original,2026-07-17 15:33:34,EMP-0037,REG-02,PH-002,
RCT-0004433,TXN-0002515,RCP-00002515,Gift Receipt,2026-07-17 15:34:34,EMP-0037,REG-02,PH-002,
RCT-0004434,TXN-0000960,RCP-00000960,Original,2026-07-17 15:37:42,EMP-0058,REG-02,PH-003,
RCT-0004435,TXN-0000754,RCP-00000754,Original,2026-07-17 15:40:20,EMP-0041,REG-05,PH-002,
RCT-0004436,TXN-0003453,RCP-00003453,Original,2026-07-17 15:43:57,EMP-0106,REG-06,PH-005,
RCT-0004437,TXN-0002325,RCP-00002325,Original,2026-07-17 16:22:22,EMP-0104,REG-04,PH-005,
RCT-0004438,TXN-0004256,RCP-00004256,Original,2026-07-17 16:31:52,EMP-0037,REG-02,PH-002,
RCT-0004439,TXN-0000891,RCP-00000891,Original,2026-07-17 16:52:30,EMP-0013,REG-06,PH-001,
RCT-0004440,TXN-0003254,RCP-00003254,Original,2026-07-17 17:03:13,EMP-0064,REG-06,PH-003,
RCT-0004441,TXN-0001911,RCP-00001911,Original,2026-07-17 17:11:49,EMP-0024,REG-06,PH-002,
RCT-0004442,TXN-0004236,RCP-00004236,Original,2026-07-17 17:34:31,EMP-0037,REG-03,PH-002,
RCT-0004443,TXN-0001589,RCP-00001589,Original,2026-07-17 18:14:33,EMP-0015,REG-06,PH-001,
RCT-0004444,TXN-0001864,RCP-00001864,Original,2026-07-17 18:18:42,EMP-0100,REG-06,PH-005,
RCT-0004445,TXN-0001752,RCP-00001752,Reprint,2026-07-17 18:37:19,EMP-0003,REG-02,PH-001,Duplicate for insurance
RCT-0004446,TXN-0003174,RCP-00003174,Original,2026-07-17 18:38:30,EMP-0015,REG-03,PH-001,
RCT-0004447,TXN-0000163,RCP-00000163,Original,2026-07-17 18:51:24,EMP-0035,REG-01,PH-002,
RCT-0004448,TXN-0001059,RCP-00001059,Original,2026-07-17 18:52:08,EMP-0025,REG-03,PH-002,
RCT-0004449,TXN-0000883,RCP-00000883,Original,2026-07-17 19:35:43,EMP-0047,REG-05,PH-003,
RCT-0004450,TXN-0003479,RCP-00003479,Original,2026-07-17 19:35:59,EMP-0006,REG-05,PH-001,
RCT-0004451,TXN-0004073,RCP-00004073,Original,2026-07-17 19:43:58,EMP-0056,REG-02,PH-003,
RCT-0004452,TXN-0002564,RCP-00002564,Original,2026-07-17 19:55:45,EMP-0080,REG-03,PH-004,
RCT-0004453,TXN-0003727,RCP-00003727,Original,2026-07-17 21:03:23,EMP-0086,REG-04,PH-004,
RCT-0004454,TXN-0004167,RCP-00004167,Original,2026-07-17 21:12:30,EMP-0039,REG-06,PH-002,
RCT-0004455,TXN-0002825,RCP-00002825,Original,2026-07-17 21:19:16,EMP-0103,REG-02,PH-005,
RCT-0004456,TXN-0003376,RCP-00003376,Original,2026-07-17 21:28:08,EMP-0102,REG-02,PH-005,
RCT-0004457,TXN-0004619,RCP-00004619,Original,2026-07-17 21:34:06,EMP-0106,REG-03,PH-005,
RCT-0004458,TXN-0004582,RCP-00004582,Original,2026-07-17 21:45:08,EMP-0068,REG-04,PH-004,
RCT-0004459,TXN-0002811,RCP-00002811,Reprint,2026-07-18 00:40:03,EMP-0041,REG-06,PH-002,Lost receipt
RCT-0004460,TXN-0001319,RCP-00001319,Original,2026-07-18 08:13:36,EMP-0100,REG-03,PH-005,
RCT-0004461,TXN-0004067,RCP-00004067,Original,2026-07-18 08:20:07,EMP-0058,REG-03,PH-003,
RCT-0004462,TXN-0000166,RCP-00000166,Original,2026-07-18 08:20:33,EMP-0024,REG-02,PH-002,
RCT-0004463,TXN-0004267,RCP-00004267,Original,2026-07-18 08:58:46,EMP-0025,REG-01,PH-002,
RCT-0004464,TXN-0003657,RCP-00003657,Original,2026-07-18 09:03:42,EMP-0035,REG-03,PH-002,
RCT-0004465,TXN-0002531,RCP-00002531,Original,2026-07-18 09:08:40,EMP-0108,REG-03,PH-005,
RCT-0004466,TXN-0000277,RCP-00000277,Original,2026-07-18 09:15:42,EMP-0016,REG-02,PH-001,
RCT-0004467,TXN-0003523,RCP-00003523,Original,2026-07-18 09:33:46,EMP-0023,REG-01,PH-002,
RCT-0004468,TXN-0004972,RCP-00004972,Original,2026-07-18 09:36:47,EMP-0085,REG-05,PH-004,
RCT-0004469,TXN-0000935,RCP-00000935,Original,2026-07-18 10:16:55,EMP-0006,REG-01,PH-001,
RCT-0004470,TXN-0002474,RCP-00002474,Original,2026-07-18 10:23:14,EMP-0064,REG-01,PH-003,
RCT-0004471,TXN-0001388,RCP-00001388,Original,2026-07-18 10:24:16,EMP-0039,REG-01,PH-002,
RCT-0004472,TXN-0004752,RCP-00004752,Original,2026-07-18 11:02:07,EMP-0090,REG-05,PH-005,
RCT-0004473,TXN-0003733,RCP-00003733,Original,2026-07-18 11:06:59,EMP-0057,REG-03,PH-003,
RCT-0004474,TXN-0003236,RCP-00003236,Original,2026-07-18 11:23:03,EMP-0091,REG-06,PH-005,
RCT-0004475,TXN-0002907,RCP-00002907,Original,2026-07-18 11:34:28,EMP-0063,REG-05,PH-003,
RCT-0004476,TXN-0001635,RCP-00001635,Original,2026-07-18 11:40:52,EMP-0067,REG-02,PH-004,
RCT-0004477,TXN-0003652,RCP-00003652,Original,2026-07-18 12:04:43,EMP-0014,REG-05,PH-001,
RCT-0004478,TXN-0003420,RCP-00003420,Original,2026-07-18 13:18:51,EMP-0037,REG-03,PH-002,
RCT-0004479,TXN-0000183,RCP-00000183,Original,2026-07-18 13:27:23,EMP-0018,REG-02,PH-001,
RCT-0004480,TXN-0004802,RCP-00004802,Original,2026-07-18 13:47:04,EMP-0019,REG-06,PH-001,
RCT-0004481,TXN-0004100,RCP-00004100,Original,2026-07-18 13:56:27,EMP-0091,REG-06,PH-005,
RCT-0004482,TXN-0004623,RCP-00004623,Original,2026-07-18 14:08:33,EMP-0045,REG-02,PH-003,
RCT-0004483,TXN-0000179,RCP-00000179,Original,2026-07-18 14:18:49,EMP-0106,REG-04,PH-005,
RCT-0004484,TXN-0000142,RCP-00000142,Reprint,2026-07-18 14:40:04,EMP-0103,REG-01,PH-005,Printer jam
RCT-0004485,TXN-0003742,RCP-00003742,Original,2026-07-18 14:41:13,EMP-0036,REG-04,PH-002,
RCT-0004486,TXN-0004214,RCP-00004214,Original,2026-07-18 14:48:46,EMP-0039,REG-05,PH-002,
RCT-0004487,TXN-0001468,RCP-00001468,Original,2026-07-18 15:11:04,EMP-0040,REG-03,PH-002,
RCT-0004488,TXN-0002294,RCP-00002294,Original,2026-07-18 15:18:24,EMP-0062,REG-03,PH-003,
RCT-0004489,TXN-0003414,RCP-00003414,Original,2026-07-18 15:19:28,EMP-0047,REG-04,PH-003,
RCT-0004490,TXN-0004094,RCP-00004094,Original,2026-07-18 15:30:14,EMP-0062,REG-02,PH-003,
RCT-0004491,TXN-0004890,RCP-00004890,Original,2026-07-18 15:45:16,EMP-0017,REG-01,PH-001,
RCT-0004492,TXN-0004509,RCP-00004509,Original,2026-07-18 15:56:19,EMP-0047,REG-05,PH-003,
RCT-0004493,TXN-0003860,RCP-00003860,Original,2026-07-18 15:57:12,EMP-0090,REG-05,PH-005,
RCT-0004494,TXN-0003319,RCP-00003319,Original,2026-07-18 16:30:09,EMP-0045,REG-01,PH-003,
RCT-0004495,TXN-0000442,RCP-00000442,Original,2026-07-18 17:14:28,EMP-0090,REG-06,PH-005,
RCT-0004496,TXN-0004009,RCP-00004009,Original,2026-07-18 17:21:31,EMP-0001,REG-05,PH-001,
RCT-0004497,TXN-0002229,RCP-00002229,Original,2026-07-18 17:44:18,EMP-0069,REG-03,PH-004,
RCT-0004498,TXN-0000147,RCP-00000147,Original,2026-07-18 18:46:23,EMP-0106,REG-05,PH-005,
RCT-0004499,TXN-0000147,RCP-00000147,Gift Receipt,2026-07-18 18:47:23,EMP-0106,REG-05,PH-005,
RCT-0004500,TXN-0000313,RCP-00000313,Original,2026-07-18 18:48:05,EMP-0037,REG-04,PH-002,
RCT-0004501,TXN-0004192,RCP-00004192,Original,2026-07-18 18:52:28,EMP-0015,REG-02,PH-001,
RCT-0004502,TXN-0003365,RCP-00003365,Original,2026-07-18 19:07:38,EMP-0060,REG-06,PH-003,
RCT-0004503,TXN-0001964,RCP-00001964,Original,2026-07-18 19:09:12,EMP-0018,REG-06,PH-001,
RCT-0004504,TXN-0002186,RCP-00002186,Original,2026-07-18 19:10:25,EMP-0034,REG-03,PH-002,
RCT-0004505,TXN-0002603,RCP-00002603,Original,2026-07-18 19:19:14,EMP-0090,REG-02,PH-005,
RCT-0004506,TXN-0002603,RCP-00002603,Gift Receipt,2026-07-18 19:20:14,EMP-0090,REG-02,PH-005,
RCT-0004507,TXN-0004160,RCP-00004160,Original,2026-07-18 19:21:03,EMP-0039,REG-02,PH-002,
RCT-0004508,TXN-0001917,RCP-00001917,Original,2026-07-18 19:32:49,EMP-0013,REG-03,PH-001,
RCT-0004509,TXN-0001219,RCP-00001219,Original,2026-07-18 20:15:03,EMP-0038,REG-02,PH-002,
RCT-0004510,TXN-0000022,RCP-00000022,Original,2026-07-18 20:23:48,EMP-0059,REG-04,PH-003,
RCT-0004511,TXN-0000220,RCP-00000220,Original,2026-07-18 20:39:57,EMP-0105,REG-04,PH-005,
RCT-0004512,TXN-0001103,RCP-00001103,Original,2026-07-18 20:54:20,EMP-0001,REG-03,PH-001,
RCT-0004513,TXN-0002628,RCP-00002628,Original,2026-07-18 21:06:59,EMP-0089,REG-04,PH-005,
RCT-0004514,TXN-0004175,RCP-00004175,Original,2026-07-18 21:14:34,EMP-0085,REG-05,PH-004,
RCT-0004515,TXN-0004350,RCP-00004350,Original,2026-07-18 21:44:28,EMP-0012,REG-03,PH-001,
RCT-0004516,TXN-0004350,RCP-00004350,Gift Receipt,2026-07-18 21:45:28,EMP-0012,REG-03,PH-001,
RCT-0004517,TXN-0000919,RCP-00000919,Reprint,2026-07-18 22:43:33,EMP-0058,REG-05,PH-003,Lost receipt
RCT-0004518,TXN-0000112,RCP-00000112,Reprint,2026-07-19 00:12:30,EMP-0048,REG-05,PH-003,Printer jam
RCT-0004519,TXN-0004773,RCP-00004773,Reprint,2026-07-19 02:19:00,EMP-0006,REG-06,PH-001,Customer request
RCT-0004520,TXN-0003954,RCP-00003954,Original,2026-07-19 08:10:29,EMP-0089,REG-02,PH-005,
RCT-0004521,TXN-0001047,RCP-00001047,Original,2026-07-19 08:39:05,EMP-0090,REG-04,PH-005,
RCT-0004522,TXN-0004330,RCP-00004330,Original,2026-07-19 08:46:24,EMP-0013,REG-02,PH-001,
RCT-0004523,TXN-0001347,RCP-00001347,Original,2026-07-19 08:53:50,EMP-0017,REG-04,PH-001,
RCT-0004524,TXN-0004059,RCP-00004059,Original,2026-07-19 08:57:13,EMP-0057,REG-06,PH-003,
RCT-0004525,TXN-0004293,RCP-00004293,Original,2026-07-19 09:08:22,EMP-0006,REG-03,PH-001,
RCT-0004526,TXN-0004069,RCP-00004069,Original,2026-07-19 09:33:55,EMP-0079,REG-04,PH-004,
RCT-0004527,TXN-0003795,RCP-00003795,Original,2026-07-19 10:05:08,EMP-0018,REG-01,PH-001,
RCT-0004528,TXN-0003335,RCP-00003335,Reprint,2026-07-19 10:14:00,EMP-0006,REG-04,PH-001,Customer request
RCT-0004529,TXN-0002210,RCP-00002210,Original,2026-07-19 10:32:47,EMP-0103,REG-01,PH-005,
RCT-0004530,TXN-0004682,RCP-00004682,Original,2026-07-19 10:54:21,EMP-0046,REG-01,PH-003,
RCT-0004531,TXN-0001425,RCP-00001425,Original,2026-07-19 11:10:47,EMP-0090,REG-01,PH-005,
RCT-0004532,TXN-0000230,RCP-00000230,Original,2026-07-19 11:36:16,EMP-0063,REG-03,PH-003,
RCT-0004533,TXN-0000026,RCP-00000026,Original,2026-07-19 11:47:14,EMP-0013,REG-04,PH-001,
RCT-0004534,TXN-0003751,RCP-00003751,Original,2026-07-19 11:53:13,EMP-0001,REG-04,PH-001,
RCT-0004535,TXN-0002206,RCP-00002206,Original,2026-07-19 12:11:20,EMP-0035,REG-06,PH-002,
RCT-0004536,TXN-0002463,RCP-00002463,Original,2026-07-19 12:11:28,EMP-0016,REG-06,PH-001,
RCT-0004537,TXN-0000887,RCP-00000887,Original,2026-07-19 12:14:17,EMP-0003,REG-02,PH-001,
RCT-0004538,TXN-0001784,RCP-00001784,Original,2026-07-19 12:33:55,EMP-0083,REG-05,PH-004,
RCT-0004539,TXN-0000915,RCP-00000915,Original,2026-07-19 12:50:49,EMP-0107,REG-06,PH-005,
RCT-0004540,TXN-0004475,RCP-00004475,Original,2026-07-19 12:54:39,EMP-0063,REG-05,PH-003,
RCT-0004541,TXN-0004417,RCP-00004417,Original,2026-07-19 13:02:37,EMP-0060,REG-02,PH-003,
RCT-0004542,TXN-0004927,RCP-00004927,Original,2026-07-19 13:14:05,EMP-0012,REG-05,PH-001,
RCT-0004543,TXN-0003864,RCP-00003864,Reprint,2026-07-19 13:32:56,EMP-0017,REG-03,PH-001,Lost receipt
RCT-0004544,TXN-0001514,RCP-00001514,Original,2026-07-19 13:48:26,EMP-0018,REG-04,PH-001,
RCT-0004545,TXN-0004519,RCP-00004519,Original,2026-07-19 14:07:23,EMP-0058,REG-01,PH-003,
RCT-0004546,TXN-0003812,RCP-00003812,Original,2026-07-19 14:38:45,EMP-0108,REG-05,PH-005,
RCT-0004547,TXN-0004879,RCP-00004879,Original,2026-07-19 14:53:24,EMP-0012,REG-02,PH-001,
RCT-0004548,TXN-0001211,RCP-00001211,Original,2026-07-19 15:04:15,EMP-0063,REG-04,PH-003,
RCT-0004549,TXN-0000504,RCP-00000504,Original,2026-07-19 15:06:13,EMP-0018,REG-03,PH-001,
RCT-0004550,TXN-0001345,RCP-00001345,Original,2026-07-19 15:12:54,EMP-0047,REG-03,PH-003,
RCT-0004551,TXN-0003066,RCP-00003066,Original,2026-07-19 15:27:03,EMP-0038,REG-06,PH-002,
RCT-0004552,TXN-0001647,RCP-00001647,Original,2026-07-19 15:51:35,EMP-0081,REG-01,PH-004,
RCT-0004553,TXN-0002846,RCP-00002846,Original,2026-07-19 16:15:03,EMP-0016,REG-03,PH-001,
RCT-0004554,TXN-0002855,RCP-00002855,Original,2026-07-19 16:31:52,EMP-0039,REG-03,PH-002,
RCT-0004555,TXN-0002757,RCP-00002757,Original,2026-07-19 16:41:37,EMP-0068,REG-05,PH-004,
RCT-0004556,TXN-0000167,RCP-00000167,Original,2026-07-19 16:48:09,EMP-0101,REG-01,PH-005,
RCT-0004557,TXN-0004491,RCP-00004491,Original,2026-07-19 17:06:01,EMP-0042,REG-04,PH-002,
RCT-0004558,TXN-0004491,RCP-00004491,Gift Receipt,2026-07-19 17:07:01,EMP-0042,REG-04,PH-002,
RCT-0004559,TXN-0001665,RCP-00001665,Original,2026-07-19 17:32:03,EMP-0034,REG-03,PH-002,
RCT-0004560,TXN-0000734,RCP-00000734,Original,2026-07-19 17:32:20,EMP-0090,REG-06,PH-005,
RCT-0004561,TXN-0000079,RCP-00000079,Original,2026-07-19 17:35:35,EMP-0038,REG-05,PH-002,
RCT-0004562,TXN-0001626,RCP-00001626,Original,2026-07-19 17:44:32,EMP-0025,REG-02,PH-002,
RCT-0004563,TXN-0000601,RCP-00000601,Original,2026-07-19 17:49:39,EMP-0019,REG-02,PH-001,
RCT-0004564,TXN-0001023,RCP-00001023,Original,2026-07-19 18:04:48,EMP-0020,REG-06,PH-001,
RCT-0004565,TXN-0000858,RCP-00000858,Original,2026-07-19 18:30:17,EMP-0103,REG-03,PH-005,
RCT-0004566,TXN-0000070,RCP-00000070,Original,2026-07-19 18:30:46,EMP-0019,REG-04,PH-001,
RCT-0004567,TXN-0002544,RCP-00002544,Original,2026-07-19 18:33:51,EMP-0013,REG-03,PH-001,
RCT-0004568,TXN-0003830,RCP-00003830,Original,2026-07-19 18:48:41,EMP-0058,REG-03,PH-003,
RCT-0004569,TXN-0003801,RCP-00003801,Original,2026-07-19 18:53:53,EMP-0105,REG-02,PH-005,
RCT-0004570,TXN-0001263,RCP-00001263,Original,2026-07-19 19:10:34,EMP-0042,REG-04,PH-002,
RCT-0004571,TXN-0002947,RCP-00002947,Original,2026-07-19 19:11:14,EMP-0067,REG-04,PH-004,
RCT-0004572,TXN-0004597,RCP-00004597,Original,2026-07-19 19:20:58,EMP-0060,REG-06,PH-003,
RCT-0004573,TXN-0000429,RCP-00000429,Original,2026-07-19 19:36:55,EMP-0090,REG-02,PH-005,
RCT-0004574,TXN-0001562,RCP-00001562,Original,2026-07-19 20:05:52,EMP-0019,REG-05,PH-001,
RCT-0004575,TXN-0000496,RCP-00000496,Original,2026-07-19 20:18:57,EMP-0016,REG-06,PH-001,
RCT-0004576,TXN-0000939,RCP-00000939,Original,2026-07-19 20:26:08,EMP-0036,REG-02,PH-002,
RCT-0004577,TXN-0003046,RCP-00003046,Original,2026-07-19 20:34:46,EMP-0059,REG-05,PH-003,
RCT-0004578,TXN-0002085,RCP-00002085,Original,2026-07-19 20:35:50,EMP-0017,REG-01,PH-001,
RCT-0004579,TXN-0000977,RCP-00000977,Original,2026-07-19 20:59:52,EMP-0018,REG-02,PH-001,
RCT-0004580,TXN-0003872,RCP-00003872,Original,2026-07-19 21:02:09,EMP-0024,REG-05,PH-002,
RCT-0004581,TXN-0004833,RCP-00004833,Reprint,2026-07-19 21:20:00,EMP-0006,REG-06,PH-001,Customer request
RCT-0004582,TXN-0003798,RCP-00003798,Original,2026-07-19 21:37:46,EMP-0014,REG-05,PH-001,
RCT-0004583,TXN-0003708,RCP-00003708,Reprint,2026-07-20 06:47:08,EMP-0098,REG-06,PH-005,Printer jam
RCT-0004584,TXN-0002520,RCP-00002520,Original,2026-07-20 08:19:02,EMP-0089,REG-06,PH-005,
RCT-0004585,TXN-0002520,RCP-00002520,Gift Receipt,2026-07-20 08:20:02,EMP-0089,REG-06,PH-005,
RCT-0004586,TXN-0000585,RCP-00000585,Original,2026-07-20 08:23:15,EMP-0037,REG-03,PH-002,
RCT-0004587,TXN-0001490,RCP-00001490,Original,2026-07-20 08:28:45,EMP-0067,REG-04,PH-004,
RCT-0004588,TXN-0002284,RCP-00002284,Original,2026-07-20 08:33:06,EMP-0002,REG-03,PH-001,
RCT-0004589,TXN-0002429,RCP-00002429,Original,2026-07-20 08:46:23,EMP-0014,REG-05,PH-001,
RCT-0004590,TXN-0000257,RCP-00000257,Original,2026-07-20 08:58:05,EMP-0024,REG-04,PH-002,
RCT-0004591,TXN-0000770,RCP-00000770,Original,2026-07-20 09:06:08,EMP-0062,REG-02,PH-003,
RCT-0004592,TXN-0000886,RCP-00000886,Original,2026-07-20 09:09:02,EMP-0015,REG-02,PH-001,
RCT-0004593,TXN-0000359,RCP-00000359,Original,2026-07-20 09:28:48,EMP-0079,REG-05,PH-004,
RCT-0004594,TXN-0004152,RCP-00004152,Original,2026-07-20 09:35:03,EMP-0062,REG-01,PH-003,
RCT-0004595,TXN-0002667,RCP-00002667,Original,2026-07-20 09:40:12,EMP-0083,REG-05,PH-004,
RCT-0004596,TXN-0002769,RCP-00002769,Original,2026-07-20 09:59:46,EMP-0062,REG-06,PH-003,
RCT-0004597,TXN-0000046,RCP-00000046,Original,2026-07-20 10:12:38,EMP-0056,REG-05,PH-003,
RCT-0004598,TXN-0004984,RCP-00004984,Original,2026-07-20 10:13:55,EMP-0061,REG-06,PH-003,
RCT-0004599,TXN-0001190,RCP-00001190,Original,2026-07-20 10:17:07,EMP-0057,REG-04,PH-003,
RCT-0004600,TXN-0000267,RCP-00000267,Original,2026-07-20 10:48:49,EMP-0040,REG-03,PH-002,
RCT-0004601,TXN-0002065,RCP-00002065,Original,2026-07-20 10:54:59,EMP-0080,REG-01,PH-004,
RCT-0004602,TXN-0002519,RCP-00002519,Original,2026-07-20 11:04:37,EMP-0105,REG-02,PH-005,
RCT-0004603,TXN-0002400,RCP-00002400,Original,2026-07-20 11:07:59,EMP-0042,REG-02,PH-002,
RCT-0004604,TXN-0001343,RCP-00001343,Original,2026-07-20 11:33:43,EMP-0024,REG-03,PH-002,
RCT-0004605,TXN-0002506,RCP-00002506,Original,2026-07-20 11:51:29,EMP-0078,REG-03,PH-004,
RCT-0004606,TXN-0004577,RCP-00004577,Original,2026-07-20 12:00:39,EMP-0102,REG-02,PH-005,
RCT-0004607,TXN-0000648,RCP-00000648,Original,2026-07-20 12:04:47,EMP-0102,REG-03,PH-005,
RCT-0004608,TXN-0003885,RCP-00003885,Original,2026-07-20 12:09:27,EMP-0082,REG-02,PH-004,
RCT-0004609,TXN-0003598,RCP-00003598,Original,2026-07-20 12:14:39,EMP-0040,REG-03,PH-002,
RCT-0004610,TXN-0002838,RCP-00002838,Original,2026-07-20 12:43:18,EMP-0063,REG-03,PH-003,
RCT-0004611,TXN-0000988,RCP-00000988,Original,2026-07-20 12:49:46,EMP-0035,REG-02,PH-002,
RCT-0004612,TXN-0001127,RCP-00001127,Original,2026-07-20 12:54:14,EMP-0064,REG-01,PH-003,
RCT-0004613,TXN-0000240,RCP-00000240,Original,2026-07-20 13:08:02,EMP-0001,REG-03,PH-001,
RCT-0004614,TXN-0003086,RCP-00003086,Original,2026-07-20 13:34:11,EMP-0059,REG-03,PH-003,
RCT-0004615,TXN-0004022,RCP-00004022,Original,2026-07-20 13:58:53,EMP-0064,REG-03,PH-003,
RCT-0004616,TXN-0002858,RCP-00002858,Original,2026-07-20 14:02:38,EMP-0057,REG-02,PH-003,
RCT-0004617,TXN-0000013,RCP-00000013,Original,2026-07-20 14:14:19,EMP-0056,REG-05,PH-003,
RCT-0004618,TXN-0002901,RCP-00002901,Original,2026-07-20 14:33:28,EMP-0091,REG-05,PH-005,
RCT-0004619,TXN-0001654,RCP-00001654,Original,2026-07-20 14:45:11,EMP-0063,REG-06,PH-003,
RCT-0004620,TXN-0004003,RCP-00004003,Original,2026-07-20 14:48:55,EMP-0067,REG-02,PH-004,
RCT-0004621,TXN-0004423,RCP-00004423,Reprint,2026-07-20 15:26:00,EMP-0090,REG-04,PH-005,Printer jam
RCT-0004622,TXN-0002773,RCP-00002773,Original,2026-07-20 15:33:50,EMP-0006,REG-05,PH-001,
RCT-0004623,TXN-0000149,RCP-00000149,Original,2026-07-20 15:46:38,EMP-0045,REG-02,PH-003,
RCT-0004624,TXN-0003198,RCP-00003198,Original,2026-07-20 15:59:27,EMP-0104,REG-06,PH-005,
RCT-0004625,TXN-0000689,RCP-00000689,Original,2026-07-20 16:01:06,EMP-0080,REG-03,PH-004,
RCT-0004626,TXN-0004258,RCP-00004258,Original,2026-07-20 16:05:27,EMP-0045,REG-04,PH-003,
RCT-0004627,TXN-0004886,RCP-00004886,Original,2026-07-20 16:14:37,EMP-0090,REG-02,PH-005,
RCT-0004628,TXN-0001802,RCP-00001802,Original,2026-07-20 16:15:57,EMP-0002,REG-03,PH-001,
RCT-0004629,TXN-0002821,RCP-00002821,Original,2026-07-20 16:34:53,EMP-0063,REG-02,PH-003,
RCT-0004630,TXN-0002166,RCP-00002166,Original,2026-07-20 16:45:51,EMP-0101,REG-05,PH-005,
RCT-0004631,TXN-0002946,RCP-00002946,Original,2026-07-20 16:55:05,EMP-0046,REG-04,PH-003,
RCT-0004632,TXN-0000088,RCP-00000088,Original,2026-07-20 16:58:02,EMP-0013,REG-03,PH-001,
RCT-0004633,TXN-0000571,RCP-00000571,Original,2026-07-20 17:30:58,EMP-0089,REG-01,PH-005,
RCT-0004634,TXN-0000571,RCP-00000571,Gift Receipt,2026-07-20 17:31:58,EMP-0089,REG-01,PH-005,
RCT-0004635,TXN-0002693,RCP-00002693,Original,2026-07-20 17:37:32,EMP-0084,REG-03,PH-004,
RCT-0004636,TXN-0002736,RCP-00002736,Original,2026-07-20 17:56:58,EMP-0015,REG-03,PH-001,
RCT-0004637,TXN-0003477,RCP-00003477,Original,2026-07-20 18:03:51,EMP-0047,REG-05,PH-003,
RCT-0004638,TXN-0000138,RCP-00000138,Original,2026-07-20 18:10:20,EMP-0025,REG-02,PH-002,
RCT-0004639,TXN-0003590,RCP-00003590,Original,2026-07-20 18:10:38,EMP-0046,REG-04,PH-003,
RCT-0004640,TXN-0000123,RCP-00000123,Original,2026-07-20 18:25:17,EMP-0103,REG-04,PH-005,
RCT-0004641,TXN-0004674,RCP-00004674,Original,2026-07-20 18:41:20,EMP-0103,REG-01,PH-005,
RCT-0004642,TXN-0004530,RCP-00004530,Original,2026-07-20 18:48:49,EMP-0079,REG-03,PH-004,
RCT-0004643,TXN-0001812,RCP-00001812,Original,2026-07-20 19:06:06,EMP-0041,REG-02,PH-002,
RCT-0004644,TXN-0003265,RCP-00003265,Original,2026-07-20 19:09:48,EMP-0105,REG-04,PH-005,
RCT-0004645,TXN-0002293,RCP-00002293,Original,2026-07-20 19:20:48,EMP-0089,REG-05,PH-005,
RCT-0004646,TXN-0004987,RCP-00004987,Original,2026-07-20 19:25:48,EMP-0047,REG-03,PH-003,
RCT-0004647,TXN-0000463,RCP-00000463,Original,2026-07-20 19:38:01,EMP-0047,REG-01,PH-003,
RCT-0004648,TXN-0004556,RCP-00004556,Original,2026-07-20 19:59:07,EMP-0107,REG-05,PH-005,
RCT-0004649,TXN-0003963,RCP-00003963,Original,2026-07-20 19:59:25,EMP-0006,REG-06,PH-001,
RCT-0004650,TXN-0000356,RCP-00000356,Original,2026-07-20 20:25:55,EMP-0058,REG-01,PH-003,
RCT-0004651,TXN-0004327,RCP-00004327,Original,2026-07-20 20:28:42,EMP-0085,REG-03,PH-004,
RCT-0004652,TXN-0001410,RCP-00001410,Original,2026-07-20 21:00:11,EMP-0059,REG-04,PH-003,
RCT-0004653,TXN-0000161,RCP-00000161,Reprint,2026-07-20 21:13:58,EMP-0017,REG-02,PH-001,Printer jam
RCT-0004654,TXN-0003164,RCP-00003164,Original,2026-07-20 21:19:52,EMP-0058,REG-02,PH-003,
RCT-0004655,TXN-0003192,RCP-00003192,Original,2026-07-20 21:25:39,EMP-0039,REG-06,PH-002,
RCT-0004656,TXN-0002046,RCP-00002046,Reprint,2026-07-21 01:33:28,EMP-0038,REG-03,PH-002,Duplicate for insurance
RCT-0004657,TXN-0000131,RCP-00000131,Original,2026-07-21 08:57:34,EMP-0086,REG-03,PH-004,
RCT-0004658,TXN-0001938,RCP-00001938,Original,2026-07-21 09:15:14,EMP-0042,REG-03,PH-002,
RCT-0004659,TXN-0003327,RCP-00003327,Original,2026-07-21 09:21:30,EMP-0059,REG-02,PH-003,
RCT-0004660,TXN-0002887,RCP-00002887,Original,2026-07-21 09:52:39,EMP-0019,REG-01,PH-001,
RCT-0004661,TXN-0001627,RCP-00001627,Original,2026-07-21 09:53:25,EMP-0040,REG-06,PH-002,
RCT-0004662,TXN-0001627,RCP-00001627,Gift Receipt,2026-07-21 09:54:25,EMP-0040,REG-06,PH-002,
RCT-0004663,TXN-0002808,RCP-00002808,Original,2026-07-21 09:57:31,EMP-0014,REG-01,PH-001,
RCT-0004664,TXN-0003419,RCP-00003419,Original,2026-07-21 10:15:13,EMP-0056,REG-04,PH-003,
RCT-0004665,TXN-0004340,RCP-00004340,Original,2026-07-21 11:31:51,EMP-0103,REG-04,PH-005,
RCT-0004666,TXN-0001975,RCP-00001975,Original,2026-07-21 12:02:17,EMP-0034,REG-02,PH-002,
RCT-0004667,TXN-0000944,RCP-00000944,Original,2026-07-21 12:43:34,EMP-0056,REG-04,PH-003,
RCT-0004668,TXN-0002253,RCP-00002253,Original,2026-07-21 12:48:25,EMP-0061,REG-04,PH-003,
RCT-0004669,TXN-0004715,RCP-00004715,Original,2026-07-21 13:39:15,EMP-0086,REG-06,PH-004,
RCT-0004670,TXN-0001353,RCP-00001353,Original,2026-07-21 13:50:12,EMP-0040,REG-01,PH-002,
RCT-0004671,TXN-0000979,RCP-00000979,Original,2026-07-21 13:57:52,EMP-0102,REG-02,PH-005,
RCT-0004672,TXN-0000979,RCP-00000979,Gift Receipt,2026-07-21 13:58:52,EMP-0102,REG-02,PH-005,
RCT-0004673,TXN-0002383,RCP-00002383,Original,2026-07-21 14:00:41,EMP-0108,REG-04,PH-005,
RCT-0004674,TXN-0000014,RCP-00000014,Original,2026-07-21 14:07:23,EMP-0035,REG-02,PH-002,
RCT-0004675,TXN-0004274,RCP-00004274,Original,2026-07-21 15:00:54,EMP-0013,REG-02,PH-001,
RCT-0004676,TXN-0003033,RCP-00003033,Original,2026-07-21 15:38:17,EMP-0013,REG-05,PH-001,
RCT-0004677,TXN-0004017,RCP-00004017,Original,2026-07-21 15:43:46,EMP-0064,REG-02,PH-003,
RCT-0004678,TXN-0002015,RCP-00002015,Original,2026-07-21 15:58:05,EMP-0017,REG-02,PH-001,
RCT-0004679,TXN-0004507,RCP-00004507,Original,2026-07-21 16:16:30,EMP-0046,REG-02,PH-003,
RCT-0004680,TXN-0002285,RCP-00002285,Original,2026-07-21 16:18:39,EMP-0024,REG-01,PH-002,
RCT-0004681,TXN-0001067,RCP-00001067,Original,2026-07-21 16:19:18,EMP-0083,REG-01,PH-004,
RCT-0004682,TXN-0002728,RCP-00002728,Original,2026-07-21 16:19:39,EMP-0020,REG-01,PH-001,
RCT-0004683,TXN-0002606,RCP-00002606,Original,2026-07-21 16:22:37,EMP-0085,REG-05,PH-004,
RCT-0004684,TXN-0003824,RCP-00003824,Original,2026-07-21 16:43:43,EMP-0046,REG-04,PH-003,
RCT-0004685,TXN-0003538,RCP-00003538,Original,2026-07-21 17:16:05,EMP-0064,REG-04,PH-003,
RCT-0004686,TXN-0001966,RCP-00001966,Original,2026-07-21 18:23:42,EMP-0057,REG-03,PH-003,
RCT-0004687,TXN-0000434,RCP-00000434,Original,2026-07-21 18:48:20,EMP-0104,REG-03,PH-005,
RCT-0004688,TXN-0003778,RCP-00003778,Original,2026-07-21 19:20:36,EMP-0102,REG-02,PH-005,
RCT-0004689,TXN-0000305,RCP-00000305,Original,2026-07-21 19:35:21,EMP-0024,REG-01,PH-002,
RCT-0004690,TXN-0003755,RCP-00003755,Original,2026-07-21 19:46:00,EMP-0060,REG-05,PH-003,
RCT-0004691,TXN-0003673,RCP-00003673,Original,2026-07-21 20:18:57,EMP-0013,REG-06,PH-001,
RCT-0004692,TXN-0000253,RCP-00000253,Original,2026-07-21 20:34:57,EMP-0091,REG-04,PH-005,
RCT-0004693,TXN-0000546,RCP-00000546,Original,2026-07-21 20:41:31,EMP-0091,REG-03,PH-005,
RCT-0004694,TXN-0003786,RCP-00003786,Original,2026-07-21 21:32:11,EMP-0006,REG-05,PH-001,
RCT-0004695,TXN-0001711,RCP-00001711,Original,2026-07-21 21:34:06,EMP-0025,REG-06,PH-002,
RCT-0004696,TXN-0004629,RCP-00004629,Reprint,2026-07-21 22:08:00,EMP-0006,REG-06,PH-001,Customer request
RCT-0004697,TXN-0003494,RCP-00003494,Reprint,2026-07-22 04:05:00,EMP-0006,REG-02,PH-001,Customer request
RCT-0004698,TXN-0003578,RCP-00003578,Original,2026-07-22 08:01:17,EMP-0102,REG-05,PH-005,
RCT-0004699,TXN-0004114,RCP-00004114,Original,2026-07-22 08:36:18,EMP-0018,REG-02,PH-001,
RCT-0004700,TXN-0000009,RCP-00000009,Original,2026-07-22 08:47:13,EMP-0017,REG-05,PH-001,
RCT-0004701,TXN-0000853,RCP-00000853,Original,2026-07-22 08:51:27,EMP-0086,REG-01,PH-004,
RCT-0004702,TXN-0004902,RCP-00004902,Original,2026-07-22 09:11:40,EMP-0104,REG-04,PH-005,
RCT-0004703,TXN-0001604,RCP-00001604,Original,2026-07-22 09:21:20,EMP-0102,REG-02,PH-005,
RCT-0004704,TXN-0000816,RCP-00000816,Original,2026-07-22 09:49:30,EMP-0038,REG-05,PH-002,
RCT-0004705,TXN-0000844,RCP-00000844,Original,2026-07-22 10:02:06,EMP-0058,REG-01,PH-003,
RCT-0004706,TXN-0000005,RCP-00000005,Original,2026-07-22 10:10:18,EMP-0020,REG-03,PH-001,
RCT-0004707,TXN-0001208,RCP-00001208,Original,2026-07-22 10:39:09,EMP-0040,REG-05,PH-002,
RCT-0004708,TXN-0004288,RCP-00004288,Original,2026-07-22 10:45:19,EMP-0037,REG-03,PH-002,
RCT-0004709,TXN-0002516,RCP-00002516,Original,2026-07-22 10:55:36,EMP-0041,REG-05,PH-002,
RCT-0004710,TXN-0001904,RCP-00001904,Original,2026-07-22 11:43:33,EMP-0002,REG-06,PH-001,
RCT-0004711,TXN-0002482,RCP-00002482,Original,2026-07-22 11:51:06,EMP-0080,REG-03,PH-004,
RCT-0004712,TXN-0001333,RCP-00001333,Original,2026-07-22 11:54:47,EMP-0016,REG-06,PH-001,
RCT-0004713,TXN-0001461,RCP-00001461,Original,2026-07-22 12:37:11,EMP-0085,REG-04,PH-004,
RCT-0004714,TXN-0002209,RCP-00002209,Original,2026-07-22 13:22:24,EMP-0018,REG-03,PH-001,
RCT-0004715,TXN-0003118,RCP-00003118,Original,2026-07-22 13:40:32,EMP-0034,REG-05,PH-002,
RCT-0004716,TXN-0004861,RCP-00004861,Original,2026-07-22 13:46:21,EMP-0101,REG-04,PH-005,
RCT-0004717,TXN-0004958,RCP-00004958,Original,2026-07-22 13:58:23,EMP-0084,REG-03,PH-004,
RCT-0004718,TXN-0002937,RCP-00002937,Original,2026-07-22 14:14:52,EMP-0025,REG-02,PH-002,
RCT-0004719,TXN-0004485,RCP-00004485,Original,2026-07-22 14:32:11,EMP-0016,REG-06,PH-001,
RCT-0004720,TXN-0003054,RCP-00003054,Original,2026-07-22 14:59:15,EMP-0038,REG-01,PH-002,
RCT-0004721,TXN-0004696,RCP-00004696,Original,2026-07-22 15:28:35,EMP-0107,REG-01,PH-005,
RCT-0004722,TXN-0003271,RCP-00003271,Original,2026-07-22 16:09:22,EMP-0003,REG-01,PH-001,
RCT-0004723,TXN-0003271,RCP-00003271,Gift Receipt,2026-07-22 16:10:22,EMP-0003,REG-01,PH-001,
RCT-0004724,TXN-0000782,RCP-00000782,Original,2026-07-22 16:43:50,EMP-0003,REG-02,PH-001,
RCT-0004725,TXN-0001900,RCP-00001900,Reprint,2026-07-22 16:55:21,EMP-0072,REG-04,PH-004,Printer jam
RCT-0004726,TXN-0003545,RCP-00003545,Original,2026-07-22 16:57:47,EMP-0106,REG-05,PH-005,
RCT-0004727,TXN-0001021,RCP-00001021,Original,2026-07-22 17:00:05,EMP-0023,REG-02,PH-002,
RCT-0004728,TXN-0004628,RCP-00004628,Original,2026-07-22 17:36:21,EMP-0016,REG-01,PH-001,
RCT-0004729,TXN-0002981,RCP-00002981,Original,2026-07-22 17:39:59,EMP-0047,REG-03,PH-003,
RCT-0004730,TXN-0000541,RCP-00000541,Original,2026-07-22 17:42:56,EMP-0016,REG-05,PH-001,
RCT-0004731,TXN-0003586,RCP-00003586,Original,2026-07-22 17:50:17,EMP-0100,REG-01,PH-005,
RCT-0004732,TXN-0001202,RCP-00001202,Original,2026-07-22 17:51:09,EMP-0101,REG-06,PH-005,
RCT-0004733,TXN-0003651,RCP-00003651,Original,2026-07-22 17:52:34,EMP-0060,REG-06,PH-003,
RCT-0004734,TXN-0002711,RCP-00002711,Reprint,2026-07-22 18:04:41,EMP-0029,REG-02,PH-002,Lost receipt
RCT-0004735,TXN-0001411,RCP-00001411,Original,2026-07-22 18:21:28,EMP-0080,REG-06,PH-004,
RCT-0004736,TXN-0003281,RCP-00003281,Original,2026-07-22 18:28:50,EMP-0023,REG-04,PH-002,
RCT-0004737,TXN-0004050,RCP-00004050,Original,2026-07-22 18:31:13,EMP-0105,REG-04,PH-005,
RCT-0004738,TXN-0001279,RCP-00001279,Original,2026-07-22 18:31:57,EMP-0057,REG-02,PH-003,
RCT-0004739,TXN-0003594,RCP-00003594,Original,2026-07-22 18:32:10,EMP-0016,REG-01,PH-001,
RCT-0004740,TXN-0004444,RCP-00004444,Original,2026-07-22 18:45:27,EMP-0034,REG-03,PH-002,
RCT-0004741,TXN-0003861,RCP-00003861,Original,2026-07-22 18:57:46,EMP-0082,REG-06,PH-004,
RCT-0004742,TXN-0001593,RCP-00001593,Original,2026-07-22 19:00:36,EMP-0046,REG-03,PH-003,
RCT-0004743,TXN-0001961,RCP-00001961,Original,2026-07-22 19:21:38,EMP-0018,REG-06,PH-001,
RCT-0004744,TXN-0004853,RCP-00004853,Original,2026-07-22 20:03:34,EMP-0101,REG-02,PH-005,
RCT-0004745,TXN-0000425,RCP-00000425,Reprint,2026-07-22 20:13:04,EMP-0004,REG-02,PH-001,Lost receipt
RCT-0004746,TXN-0000352,RCP-00000352,Original,2026-07-22 20:31:16,EMP-0046,REG-03,PH-003,
RCT-0004747,TXN-0003064,RCP-00003064,Original,2026-07-22 21:00:37,EMP-0047,REG-03,PH-003,
RCT-0004748,TXN-0001393,RCP-00001393,Original,2026-07-22 21:16:11,EMP-0001,REG-04,PH-001,
RCT-0004749,TXN-0001557,RCP-00001557,Original,2026-07-22 21:17:49,EMP-0058,REG-06,PH-003,
RCT-0004750,TXN-0000909,RCP-00000909,Original,2026-07-22 21:20:16,EMP-0042,REG-03,PH-002,
RCT-0004751,TXN-0001069,RCP-00001069,Original,2026-07-22 21:21:57,EMP-0024,REG-02,PH-002,
RCT-0004752,TXN-0003622,RCP-00003622,Original,2026-07-22 21:28:47,EMP-0086,REG-02,PH-004,
RCT-0004753,TXN-0001730,RCP-00001730,Original,2026-07-22 21:50:07,EMP-0001,REG-05,PH-001,
RCT-0004754,TXN-0003686,RCP-00003686,Original,2026-07-22 21:59:23,EMP-0018,REG-02,PH-001,
RCT-0004755,TXN-0002477,RCP-00002477,Original,2026-07-23 08:03:50,EMP-0036,REG-04,PH-002,
RCT-0004756,TXN-0004338,RCP-00004338,Original,2026-07-23 08:09:54,EMP-0060,REG-01,PH-003,
RCT-0004757,TXN-0003160,RCP-00003160,Original,2026-07-23 08:44:50,EMP-0020,REG-02,PH-001,
RCT-0004758,TXN-0003222,RCP-00003222,Original,2026-07-23 09:14:17,EMP-0003,REG-02,PH-001,
RCT-0004759,TXN-0002489,RCP-00002489,Original,2026-07-23 09:15:54,EMP-0064,REG-04,PH-003,
RCT-0004760,TXN-0002489,RCP-00002489,Gift Receipt,2026-07-23 09:16:54,EMP-0064,REG-04,PH-003,
RCT-0004761,TXN-0000082,RCP-00000082,Original,2026-07-23 09:24:50,EMP-0106,REG-04,PH-005,
RCT-0004762,TXN-0002080,RCP-00002080,Original,2026-07-23 09:32:19,EMP-0058,REG-05,PH-003,
RCT-0004763,TXN-0003946,RCP-00003946,Original,2026-07-23 09:53:16,EMP-0012,REG-01,PH-001,
RCT-0004764,TXN-0001549,RCP-00001549,Original,2026-07-23 10:10:17,EMP-0081,REG-06,PH-004,
RCT-0004765,TXN-0000456,RCP-00000456,Original,2026-07-23 10:23:07,EMP-0062,REG-05,PH-003,
RCT-0004766,TXN-0001074,RCP-00001074,Original,2026-07-23 10:50:47,EMP-0035,REG-05,PH-002,
RCT-0004767,TXN-0000050,RCP-00000050,Reprint,2026-07-23 11:08:00,EMP-0006,REG-01,PH-001,Customer request
RCT-0004768,TXN-0002709,RCP-00002709,Original,2026-07-23 11:31:41,EMP-0085,REG-01,PH-004,
RCT-0004769,TXN-0003409,RCP-00003409,Original,2026-07-23 11:37:04,EMP-0079,REG-03,PH-004,
RCT-0004770,TXN-0003237,RCP-00003237,Original,2026-07-23 12:01:52,EMP-0083,REG-06,PH-004,
RCT-0004771,TXN-0004947,RCP-00004947,Original,2026-07-23 12:09:47,EMP-0062,REG-06,PH-003,
RCT-0004772,TXN-0004069,RCP-00004069,Reprint,2026-07-23 12:32:55,EMP-0073,REG-02,PH-004,Customer request
RCT-0004773,TXN-0004492,RCP-00004492,Original,2026-07-23 13:00:33,EMP-0006,REG-02,PH-001,
RCT-0004774,TXN-0000848,RCP-00000848,Original,2026-07-23 13:04:16,EMP-0100,REG-03,PH-005,
RCT-0004775,TXN-0002446,RCP-00002446,Original,2026-07-23 13:27:49,EMP-0102,REG-04,PH-005,
RCT-0004776,TXN-0000446,RCP-00000446,Reprint,2026-07-23 13:53:12,EMP-0037,REG-03,PH-002,Printer jam
RCT-0004777,TXN-0004421,RCP-00004421,Original,2026-07-23 14:16:19,EMP-0014,REG-05,PH-001,
RCT-0004778,TXN-0003773,RCP-00003773,Original,2026-07-23 14:24:51,EMP-0006,REG-02,PH-001,
RCT-0004779,TXN-0000032,RCP-00000032,Original,2026-07-23 14:31:08,EMP-0100,REG-02,PH-005,
RCT-0004780,TXN-0000105,RCP-00000105,Original,2026-07-23 14:43:31,EMP-0062,REG-01,PH-003,
RCT-0004781,TXN-0001303,RCP-00001303,Original,2026-07-23 14:54:56,EMP-0047,REG-01,PH-003,
RCT-0004782,TXN-0003986,RCP-00003986,Original,2026-07-23 15:14:42,EMP-0105,REG-05,PH-005,
RCT-0004783,TXN-0002549,RCP-00002549,Original,2026-07-23 15:39:22,EMP-0105,REG-05,PH-005,
RCT-0004784,TXN-0001776,RCP-00001776,Original,2026-07-23 15:54:01,EMP-0006,REG-03,PH-001,
RCT-0004785,TXN-0003553,RCP-00003553,Original,2026-07-23 16:06:15,EMP-0064,REG-01,PH-003,
RCT-0004786,TXN-0003939,RCP-00003939,Original,2026-07-23 16:06:23,EMP-0063,REG-01,PH-003,
RCT-0004787,TXN-0003650,RCP-00003650,Original,2026-07-23 16:23:43,EMP-0061,REG-03,PH-003,
RCT-0004788,TXN-0000294,RCP-00000294,Reprint,2026-07-23 16:56:31,EMP-0098,REG-01,PH-005,Duplicate for insurance
RCT-0004789,TXN-0002798,RCP-00002798,Original,2026-07-23 16:58:28,EMP-0059,REG-03,PH-003,
RCT-0004790,TXN-0004309,RCP-00004309,Original,2026-07-23 17:46:14,EMP-0016,REG-03,PH-001,
RCT-0004791,TXN-0000344,RCP-00000344,Original,2026-07-23 18:03:14,EMP-0024,REG-01,PH-002,
RCT-0004792,TXN-0001188,RCP-00001188,Original,2026-07-23 18:05:16,EMP-0025,REG-03,PH-002,
RCT-0004793,TXN-0004240,RCP-00004240,Original,2026-07-23 18:13:25,EMP-0059,REG-05,PH-003,
RCT-0004794,TXN-0003221,RCP-00003221,Original,2026-07-23 18:19:48,EMP-0042,REG-03,PH-002,
RCT-0004795,TXN-0002963,RCP-00002963,Original,2026-07-23 18:45:00,EMP-0105,REG-01,PH-005,
RCT-0004796,TXN-0001836,RCP-00001836,Reprint,2026-07-23 19:27:11,EMP-0006,REG-06,PH-001,Lost receipt
RCT-0004797,TXN-0003714,RCP-00003714,Original,2026-07-23 19:32:00,EMP-0060,REG-02,PH-003,
RCT-0004798,TXN-0002522,RCP-00002522,Original,2026-07-23 19:33:40,EMP-0105,REG-06,PH-005,
RCT-0004799,TXN-0001302,RCP-00001302,Original,2026-07-23 19:42:25,EMP-0062,REG-01,PH-003,
RCT-0004800,TXN-0002666,RCP-00002666,Original,2026-07-23 19:44:50,EMP-0035,REG-03,PH-002,
RCT-0004801,TXN-0002040,RCP-00002040,Original,2026-07-23 19:59:12,EMP-0036,REG-04,PH-002,
RCT-0004802,TXN-0001623,RCP-00001623,Original,2026-07-23 20:00:12,EMP-0108,REG-02,PH-005,
RCT-0004803,TXN-0003235,RCP-00003235,Original,2026-07-23 20:15:12,EMP-0019,REG-04,PH-001,
RCT-0004804,TXN-0004618,RCP-00004618,Original,2026-07-23 20:24:58,EMP-0012,REG-01,PH-001,
RCT-0004805,TXN-0001781,RCP-00001781,Original,2026-07-23 20:33:21,EMP-0015,REG-05,PH-001,
RCT-0004806,TXN-0000514,RCP-00000514,Original,2026-07-23 20:35:53,EMP-0082,REG-03,PH-004,
RCT-0004807,TXN-0001438,RCP-00001438,Reprint,2026-07-23 23:25:06,EMP-0064,REG-03,PH-003,Printer jam
RCT-0004808,TXN-0004475,RCP-00004475,Reprint,2026-07-23 23:53:39,EMP-0055,REG-06,PH-003,Customer request
RCT-0004809,TXN-0002166,RCP-00002166,Reprint,2026-07-24 00:44:51,EMP-0096,REG-05,PH-005,Customer request
RCT-0004810,TXN-0001653,RCP-00001653,Original,2026-07-24 08:31:04,EMP-0034,REG-04,PH-002,
RCT-0004811,TXN-0000766,RCP-00000766,Original,2026-07-24 08:40:41,EMP-0002,REG-05,PH-001,
RCT-0004812,TXN-0002109,RCP-00002109,Original,2026-07-24 10:06:18,EMP-0062,REG-01,PH-003,
RCT-0004813,TXN-0003128,RCP-00003128,Original,2026-07-24 10:17:47,EMP-0101,REG-03,PH-005,
RCT-0004814,TXN-0004138,RCP-00004138,Original,2026-07-24 10:35:52,EMP-0039,REG-05,PH-002,
RCT-0004815,TXN-0002754,RCP-00002754,Original,2026-07-24 10:39:43,EMP-0018,REG-03,PH-001,
RCT-0004816,TXN-0003080,RCP-00003080,Original,2026-07-24 10:51:32,EMP-0020,REG-01,PH-001,
RCT-0004817,TXN-0004432,RCP-00004432,Original,2026-07-24 10:53:47,EMP-0107,REG-01,PH-005,
RCT-0004818,TXN-0001671,RCP-00001671,Original,2026-07-24 11:17:31,EMP-0105,REG-01,PH-005,
RCT-0004819,TXN-0003032,RCP-00003032,Original,2026-07-24 12:07:43,EMP-0038,REG-03,PH-002,
RCT-0004820,TXN-0001586,RCP-00001586,Original,2026-07-24 12:09:20,EMP-0019,REG-04,PH-001,
RCT-0004821,TXN-0004995,RCP-00004995,Original,2026-07-24 12:24:54,EMP-0012,REG-05,PH-001,
RCT-0004822,TXN-0002591,RCP-00002591,Original,2026-07-24 12:36:51,EMP-0016,REG-03,PH-001,
RCT-0004823,TXN-0000658,RCP-00000658,Original,2026-07-24 12:40:09,EMP-0102,REG-03,PH-005,
RCT-0004824,TXN-0003488,RCP-00003488,Original,2026-07-24 13:07:51,EMP-0102,REG-06,PH-005,
RCT-0004825,TXN-0001452,RCP-00001452,Original,2026-07-24 13:27:53,EMP-0013,REG-03,PH-001,
RCT-0004826,TXN-0000154,RCP-00000154,Original,2026-07-24 13:42:02,EMP-0064,REG-01,PH-003,
RCT-0004827,TXN-0003047,RCP-00003047,Original,2026-07-24 14:01:46,EMP-0045,REG-05,PH-003,
RCT-0004828,TXN-0002550,RCP-00002550,Original,2026-07-24 14:18:07,EMP-0006,REG-01,PH-001,
RCT-0004829,TXN-0002469,RCP-00002469,Original,2026-07-24 14:28:45,EMP-0015,REG-04,PH-001,
RCT-0004830,TXN-0004116,RCP-00004116,Original,2026-07-24 15:04:18,EMP-0089,REG-01,PH-005,
RCT-0004831,TXN-0002428,RCP-00002428,Original,2026-07-24 15:31:20,EMP-0018,REG-05,PH-001,
RCT-0004832,TXN-0001144,RCP-00001144,Original,2026-07-24 15:32:21,EMP-0019,REG-06,PH-001,
RCT-0004833,TXN-0001582,RCP-00001582,Reprint,2026-07-24 15:35:07,EMP-0063,REG-03,PH-003,Customer request
RCT-0004834,TXN-0002004,RCP-00002004,Original,2026-07-24 15:42:43,EMP-0025,REG-01,PH-002,
RCT-0004835,TXN-0002457,RCP-00002457,Original,2026-07-24 15:50:15,EMP-0106,REG-06,PH-005,
RCT-0004836,TXN-0001731,RCP-00001731,Original,2026-07-24 16:00:11,EMP-0103,REG-05,PH-005,
RCT-0004837,TXN-0004679,RCP-00004679,Original,2026-07-24 16:11:03,EMP-0089,REG-03,PH-005,
RCT-0004838,TXN-0004912,RCP-00004912,Original,2026-07-24 16:52:39,EMP-0020,REG-05,PH-001,
RCT-0004839,TXN-0000403,RCP-00000403,Original,2026-07-24 17:00:21,EMP-0024,REG-05,PH-002,
RCT-0004840,TXN-0001664,RCP-00001664,Original,2026-07-24 17:44:02,EMP-0023,REG-04,PH-002,
RCT-0004841,TXN-0004796,RCP-00004796,Original,2026-07-24 17:44:35,EMP-0034,REG-06,PH-002,
RCT-0004842,TXN-0000815,RCP-00000815,Original,2026-07-24 17:46:55,EMP-0102,REG-04,PH-005,
RCT-0004843,TXN-0004895,RCP-00004895,Original,2026-07-24 17:48:21,EMP-0083,REG-06,PH-004,
RCT-0004844,TXN-0004620,RCP-00004620,Original,2026-07-24 17:55:17,EMP-0016,REG-03,PH-001,
RCT-0004845,TXN-0002122,RCP-00002122,Original,2026-07-24 18:02:21,EMP-0058,REG-05,PH-003,
RCT-0004846,TXN-0004031,RCP-00004031,Reprint,2026-07-24 18:11:19,EMP-0007,REG-05,PH-001,Lost receipt
RCT-0004847,TXN-0000398,RCP-00000398,Original,2026-07-24 18:35:54,EMP-0100,REG-02,PH-005,
RCT-0004848,TXN-0000439,RCP-00000439,Original,2026-07-24 18:52:58,EMP-0023,REG-05,PH-002,
RCT-0004849,TXN-0002473,RCP-00002473,Original,2026-07-24 19:06:29,EMP-0102,REG-03,PH-005,
RCT-0004850,TXN-0004529,RCP-00004529,Original,2026-07-24 19:32:12,EMP-0080,REG-01,PH-004,
RCT-0004851,TXN-0000838,RCP-00000838,Original,2026-07-24 20:08:22,EMP-0107,REG-03,PH-005,
RCT-0004852,TXN-0003941,RCP-00003941,Original,2026-07-24 20:11:47,EMP-0056,REG-01,PH-003,
RCT-0004853,TXN-0003941,RCP-00003941,Gift Receipt,2026-07-24 20:12:47,EMP-0056,REG-01,PH-003,
RCT-0004854,TXN-0000408,RCP-00000408,Original,2026-07-24 20:35:51,EMP-0108,REG-01,PH-005,
RCT-0004855,TXN-0000639,RCP-00000639,Original,2026-07-24 20:48:45,EMP-0069,REG-04,PH-004,
RCT-0004856,TXN-0004741,RCP-00004741,Original,2026-07-24 20:53:14,EMP-0108,REG-05,PH-005,
RCT-0004857,TXN-0003670,RCP-00003670,Original,2026-07-24 20:53:15,EMP-0102,REG-06,PH-005,
RCT-0004858,TXN-0001901,RCP-00001901,Original,2026-07-24 21:12:49,EMP-0100,REG-06,PH-005,
RCT-0004859,TXN-0000678,RCP-00000678,Original,2026-07-24 21:34:28,EMP-0024,REG-03,PH-002,
RCT-0004860,TXN-0000860,RCP-00000860,Original,2026-07-24 21:49:05,EMP-0057,REG-06,PH-003,
RCT-0004861,TXN-0001897,RCP-00001897,Reprint,2026-07-24 22:12:28,EMP-0011,REG-04,PH-001,Lost receipt
RCT-0004862,TXN-0002066,RCP-00002066,Reprint,2026-07-25 02:01:00,EMP-0006,REG-01,PH-001,Customer request
RCT-0004863,TXN-0004618,RCP-00004618,Reprint,2026-07-25 05:23:58,EMP-0006,REG-01,PH-001,Customer request
RCT-0004864,TXN-0002982,RCP-00002982,Original,2026-07-25 08:43:22,EMP-0084,REG-01,PH-004,
RCT-0004865,TXN-0000685,RCP-00000685,Original,2026-07-25 09:02:42,EMP-0103,REG-05,PH-005,
RCT-0004866,TXN-0001799,RCP-00001799,Original,2026-07-25 09:05:23,EMP-0013,REG-03,PH-001,
RCT-0004867,TXN-0000721,RCP-00000721,Original,2026-07-25 09:15:12,EMP-0062,REG-05,PH-003,
RCT-0004868,TXN-0000515,RCP-00000515,Original,2026-07-25 09:40:53,EMP-0068,REG-05,PH-004,
RCT-0004869,TXN-0004683,RCP-00004683,Original,2026-07-25 09:47:34,EMP-0001,REG-03,PH-001,
RCT-0004870,TXN-0004683,RCP-00004683,Gift Receipt,2026-07-25 09:48:34,EMP-0001,REG-03,PH-001,
RCT-0004871,TXN-0004271,RCP-00004271,Original,2026-07-25 09:50:03,EMP-0106,REG-04,PH-005,
RCT-0004872,TXN-0002082,RCP-00002082,Original,2026-07-25 10:03:32,EMP-0064,REG-04,PH-003,
RCT-0004873,TXN-0004793,RCP-00004793,Original,2026-07-25 10:08:26,EMP-0018,REG-03,PH-001,
RCT-0004874,TXN-0004795,RCP-00004795,Original,2026-07-25 10:14:49,EMP-0018,REG-06,PH-001,
RCT-0004875,TXN-0001371,RCP-00001371,Original,2026-07-25 10:27:41,EMP-0091,REG-01,PH-005,
RCT-0004876,TXN-0004829,RCP-00004829,Original,2026-07-25 10:55:13,EMP-0015,REG-05,PH-001,
RCT-0004877,TXN-0002913,RCP-00002913,Original,2026-07-25 11:32:59,EMP-0025,REG-01,PH-002,
RCT-0004878,TXN-0003600,RCP-00003600,Original,2026-07-25 11:33:24,EMP-0047,REG-03,PH-003,
RCT-0004879,TXN-0002818,RCP-00002818,Original,2026-07-25 11:53:09,EMP-0060,REG-02,PH-003,
RCT-0004880,TXN-0000453,RCP-00000453,Original,2026-07-25 11:53:49,EMP-0068,REG-05,PH-004,
RCT-0004881,TXN-0000346,RCP-00000346,Original,2026-07-25 11:55:52,EMP-0014,REG-05,PH-001,
RCT-0004882,TXN-0004260,RCP-00004260,Original,2026-07-25 11:58:50,EMP-0023,REG-01,PH-002,
RCT-0004883,TXN-0000562,RCP-00000562,Original,2026-07-25 12:00:46,EMP-0038,REG-03,PH-002,
RCT-0004884,TXN-0003524,RCP-00003524,Original,2026-07-25 12:24:02,EMP-0025,REG-06,PH-002,
RCT-0004885,TXN-0004788,RCP-00004788,Original,2026-07-25 12:36:01,EMP-0019,REG-05,PH-001,
RCT-0004886,TXN-0001005,RCP-00001005,Original,2026-07-25 12:42:18,EMP-0079,REG-04,PH-004,
RCT-0004887,TXN-0002032,RCP-00002032,Original,2026-07-25 13:17:50,EMP-0086,REG-06,PH-004,
RCT-0004888,TXN-0000627,RCP-00000627,Original,2026-07-25 13:30:15,EMP-0105,REG-06,PH-005,
RCT-0004889,TXN-0002296,RCP-00002296,Original,2026-07-25 14:32:46,EMP-0041,REG-05,PH-002,
RCT-0004890,TXN-0003412,RCP-00003412,Original,2026-07-25 14:47:48,EMP-0020,REG-06,PH-001,
RCT-0004891,TXN-0000146,RCP-00000146,Original,2026-07-25 14:48:15,EMP-0015,REG-03,PH-001,
RCT-0004892,TXN-0002877,RCP-00002877,Original,2026-07-25 14:51:35,EMP-0001,REG-03,PH-001,
RCT-0004893,TXN-0001729,RCP-00001729,Original,2026-07-25 14:52:19,EMP-0061,REG-03,PH-003,
RCT-0004894,TXN-0000964,RCP-00000964,Original,2026-07-25 15:22:12,EMP-0107,REG-05,PH-005,
RCT-0004895,TXN-0004639,RCP-00004639,Original,2026-07-25 15:35:23,EMP-0078,REG-02,PH-004,
RCT-0004896,TXN-0002920,RCP-00002920,Original,2026-07-25 15:39:27,EMP-0057,REG-02,PH-003,
RCT-0004897,TXN-0004952,RCP-00004952,Original,2026-07-25 15:48:38,EMP-0020,REG-04,PH-001,
RCT-0004898,TXN-0001903,RCP-00001903,Original,2026-07-25 16:07:01,EMP-0013,REG-06,PH-001,
RCT-0004899,TXN-0003591,RCP-00003591,Original,2026-07-25 16:11:48,EMP-0024,REG-02,PH-002,
RCT-0004900,TXN-0000258,RCP-00000258,Original,2026-07-25 16:13:41,EMP-0105,REG-05,PH-005,
RCT-0004901,TXN-0003628,RCP-00003628,Original,2026-07-25 16:28:23,EMP-0058,REG-06,PH-003,
RCT-0004902,TXN-0003908,RCP-00003908,Original,2026-07-25 17:15:20,EMP-0067,REG-05,PH-004,
RCT-0004903,TXN-0002084,RCP-00002084,Original,2026-07-25 17:31:40,EMP-0039,REG-04,PH-002,
RCT-0004904,TXN-0002747,RCP-00002747,Original,2026-07-25 17:34:03,EMP-0103,REG-05,PH-005,
RCT-0004905,TXN-0001404,RCP-00001404,Original,2026-07-25 17:40:10,EMP-0069,REG-02,PH-004,
RCT-0004906,TXN-0001134,RCP-00001134,Original,2026-07-25 18:00:24,EMP-0006,REG-03,PH-001,
RCT-0004907,TXN-0000624,RCP-00000624,Original,2026-07-25 18:27:32,EMP-0045,REG-06,PH-003,
RCT-0004908,TXN-0000791,RCP-00000791,Original,2026-07-25 19:05:26,EMP-0104,REG-02,PH-005,
RCT-0004909,TXN-0003851,RCP-00003851,Reprint,2026-07-25 19:18:45,EMP-0006,REG-01,PH-001,Lost receipt
RCT-0004910,TXN-0002751,RCP-00002751,Original,2026-07-25 19:19:51,EMP-0003,REG-02,PH-001,
RCT-0004911,TXN-0004454,RCP-00004454,Original,2026-07-25 19:29:36,EMP-0085,REG-02,PH-004,
RCT-0004912,TXN-0002549,RCP-00002549,Reprint,2026-07-25 19:38:22,EMP-0093,REG-03,PH-005,Customer request
RCT-0004913,TXN-0001251,RCP-00001251,Original,2026-07-25 19:42:52,EMP-0017,REG-03,PH-001,
RCT-0004914,TXN-0000383,RCP-00000383,Original,2026-07-25 19:45:37,EMP-0059,REG-03,PH-003,
RCT-0004915,TXN-0003207,RCP-00003207,Original,2026-07-25 19:54:25,EMP-0046,REG-06,PH-003,
RCT-0004916,TXN-0000531,RCP-00000531,Original,2026-07-25 20:11:40,EMP-0083,REG-04,PH-004,
RCT-0004917,TXN-0000399,RCP-00000399,Original,2026-07-25 20:13:56,EMP-0064,REG-03,PH-003,
RCT-0004918,TXN-0004039,RCP-00004039,Original,2026-07-25 20:33:26,EMP-0061,REG-06,PH-003,
RCT-0004919,TXN-0003371,RCP-00003371,Original,2026-07-25 20:38:57,EMP-0091,REG-04,PH-005,
RCT-0004920,TXN-0002476,RCP-00002476,Original,2026-07-25 20:42:50,EMP-0036,REG-01,PH-002,
RCT-0004921,TXN-0000573,RCP-00000573,Original,2026-07-25 20:44:55,EMP-0056,REG-05,PH-003,
RCT-0004922,TXN-0001173,RCP-00001173,Original,2026-07-25 21:07:35,EMP-0063,REG-04,PH-003,
RCT-0004923,TXN-0000136,RCP-00000136,Original,2026-07-25 21:31:37,EMP-0069,REG-06,PH-004,
RCT-0004924,TXN-0004113,RCP-00004113,Original,2026-07-25 21:35:53,EMP-0058,REG-05,PH-003,
RCT-0004925,TXN-0000716,RCP-00000716,Original,2026-07-25 21:39:09,EMP-0036,REG-02,PH-002,
RCT-0004926,TXN-0001730,RCP-00001730,Reprint,2026-07-25 21:49:07,EMP-0006,REG-05,PH-001,Lost receipt
RCT-0004927,TXN-0003040,RCP-00003040,Original,2026-07-25 21:50:59,EMP-0016,REG-05,PH-001,
RCT-0004928,TXN-0003761,RCP-00003761,Original,2026-07-25 21:51:57,EMP-0103,REG-02,PH-005,
RCT-0004929,TXN-0004673,RCP-00004673,Original,2026-07-25 22:00:30,EMP-0059,REG-06,PH-003,
RCT-0004930,TXN-0000232,RCP-00000232,Reprint,2026-07-26 04:46:00,EMP-0006,REG-02,PH-001,Customer request
RCT-0004931,TXN-0004506,RCP-00004506,Original,2026-07-26 08:05:59,EMP-0089,REG-05,PH-005,
RCT-0004932,TXN-0000260,RCP-00000260,Original,2026-07-26 08:06:52,EMP-0089,REG-04,PH-005,
RCT-0004933,TXN-0001952,RCP-00001952,Original,2026-07-26 08:41:47,EMP-0038,REG-01,PH-002,
RCT-0004934,TXN-0000312,RCP-00000312,Original,2026-07-26 08:51:04,EMP-0082,REG-05,PH-004,
RCT-0004935,TXN-0002340,RCP-00002340,Original,2026-07-26 08:53:41,EMP-0056,REG-06,PH-003,
RCT-0004936,TXN-0002255,RCP-00002255,Original,2026-07-26 09:22:41,EMP-0006,REG-03,PH-001,
RCT-0004937,TXN-0000385,RCP-00000385,Reprint,2026-07-26 10:00:19,EMP-0034,REG-01,PH-002,Lost receipt
RCT-0004938,TXN-0001738,RCP-00001738,Original,2026-07-26 10:08:49,EMP-0089,REG-04,PH-005,
RCT-0004939,TXN-0003257,RCP-00003257,Original,2026-07-26 10:09:23,EMP-0016,REG-05,PH-001,
RCT-0004940,TXN-0002423,RCP-00002423,Original,2026-07-26 10:11:12,EMP-0035,REG-04,PH-002,
RCT-0004941,TXN-0000465,RCP-00000465,Original,2026-07-26 10:34:32,EMP-0057,REG-03,PH-003,
RCT-0004942,TXN-0000288,RCP-00000288,Original,2026-07-26 10:43:13,EMP-0039,REG-04,PH-002,
RCT-0004943,TXN-0004931,RCP-00004931,Original,2026-07-26 11:05:16,EMP-0023,REG-03,PH-002,
RCT-0004944,TXN-0004834,RCP-00004834,Original,2026-07-26 11:09:55,EMP-0067,REG-05,PH-004,
RCT-0004945,TXN-0000207,RCP-00000207,Original,2026-07-26 11:19:11,EMP-0039,REG-02,PH-002,
RCT-0004946,TXN-0004155,RCP-00004155,Original,2026-07-26 11:30:38,EMP-0063,REG-03,PH-003,
RCT-0004947,TXN-0004396,RCP-00004396,Original,2026-07-26 11:31:54,EMP-0108,REG-01,PH-005,
RCT-0004948,TXN-0000588,RCP-00000588,Original,2026-07-26 11:43:11,EMP-0080,REG-06,PH-004,
RCT-0004949,TXN-0002579,RCP-00002579,Original,2026-07-26 11:46:44,EMP-0002,REG-05,PH-001,
RCT-0004950,TXN-0004785,RCP-00004785,Original,2026-07-26 11:58:57,EMP-0002,REG-04,PH-001,
RCT-0004951,TXN-0000653,RCP-00000653,Original,2026-07-26 12:06:08,EMP-0002,REG-02,PH-001,
RCT-0004952,TXN-0004546,RCP-00004546,Original,2026-07-26 12:28:23,EMP-0001,REG-06,PH-001,
RCT-0004953,TXN-0003621,RCP-00003621,Original,2026-07-26 12:32:26,EMP-0039,REG-01,PH-002,
RCT-0004954,TXN-0001080,RCP-00001080,Original,2026-07-26 13:02:50,EMP-0061,REG-01,PH-003,
RCT-0004955,TXN-0001902,RCP-00001902,Original,2026-07-26 13:15:24,EMP-0063,REG-03,PH-003,
RCT-0004956,TXN-0002199,RCP-00002199,Original,2026-07-26 13:20:04,EMP-0034,REG-06,PH-002,
RCT-0004957,TXN-0000387,RCP-00000387,Original,2026-07-26 13:21:34,EMP-0038,REG-04,PH-002,
RCT-0004958,TXN-0003313,RCP-00003313,Original,2026-07-26 13:39:05,EMP-0101,REG-02,PH-005,
RCT-0004959,TXN-0001062,RCP-00001062,Original,2026-07-26 14:06:57,EMP-0063,REG-05,PH-003,
RCT-0004960,TXN-0004876,RCP-00004876,Original,2026-07-26 14:24:55,EMP-0018,REG-05,PH-001,
RCT-0004961,TXN-0000666,RCP-00000666,Original,2026-07-26 14:26:05,EMP-0017,REG-06,PH-001,
RCT-0004962,TXN-0004412,RCP-00004412,Original,2026-07-26 14:56:43,EMP-0024,REG-03,PH-002,
RCT-0004963,TXN-0000356,RCP-00000356,Reprint,2026-07-26 15:22:00,EMP-0006,REG-05,PH-001,Customer request
RCT-0004964,TXN-0003262,RCP-00003262,Original,2026-07-26 15:23:58,EMP-0002,REG-05,PH-001,
RCT-0004965,TXN-0000729,RCP-00000729,Original,2026-07-26 15:36:59,EMP-0082,REG-06,PH-004,
RCT-0004966,TXN-0003313,RCP-00003313,Reprint,2026-07-26 15:38:05,EMP-0006,REG-01,PH-001,Customer request
RCT-0004967,TXN-0001500,RCP-00001500,Original,2026-07-26 15:49:19,EMP-0103,REG-06,PH-005,
RCT-0004968,TXN-0000133,RCP-00000133,Original,2026-07-26 16:21:37,EMP-0069,REG-06,PH-004,
RCT-0004969,TXN-0004389,RCP-00004389,Original,2026-07-26 16:23:37,EMP-0035,REG-06,PH-002,
RCT-0004970,TXN-0001919,RCP-00001919,Original,2026-07-26 16:38:19,EMP-0039,REG-01,PH-002,
RCT-0004971,TXN-0000095,RCP-00000095,Original,2026-07-26 16:50:31,EMP-0057,REG-01,PH-003,
RCT-0004972,TXN-0000497,RCP-00000497,Original,2026-07-26 17:31:40,EMP-0107,REG-03,PH-005,
RCT-0004973,TXN-0002500,RCP-00002500,Original,2026-07-26 17:47:12,EMP-0015,REG-06,PH-001,
RCT-0004974,TXN-0004427,RCP-00004427,Original,2026-07-26 17:57:09,EMP-0046,REG-03,PH-003,
RCT-0004975,TXN-0004764,RCP-00004764,Original,2026-07-26 18:00:29,EMP-0002,REG-05,PH-001,
RCT-0004976,TXN-0000723,RCP-00000723,Original,2026-07-26 18:17:09,EMP-0035,REG-03,PH-002,
RCT-0004977,TXN-0002086,RCP-00002086,Original,2026-07-26 18:17:51,EMP-0035,REG-03,PH-002,
RCT-0004978,TXN-0001198,RCP-00001198,Original,2026-07-26 18:22:49,EMP-0039,REG-04,PH-002,
RCT-0004979,TXN-0000775,RCP-00000775,Original,2026-07-26 18:34:20,EMP-0105,REG-03,PH-005,
RCT-0004980,TXN-0003052,RCP-00003052,Original,2026-07-26 18:35:44,EMP-0025,REG-03,PH-002,
RCT-0004981,TXN-0001010,RCP-00001010,Original,2026-07-26 18:35:51,EMP-0012,REG-06,PH-001,
RCT-0004982,TXN-0004141,RCP-00004141,Original,2026-07-26 18:36:23,EMP-0019,REG-01,PH-001,
RCT-0004983,TXN-0000758,RCP-00000758,Original,2026-07-26 19:22:02,EMP-0041,REG-01,PH-002,
RCT-0004984,TXN-0003875,RCP-00003875,Original,2026-07-26 19:23:29,EMP-0103,REG-01,PH-005,
RCT-0004985,TXN-0000386,RCP-00000386,Original,2026-07-26 19:27:38,EMP-0085,REG-06,PH-004,
RCT-0004986,TXN-0002984,RCP-00002984,Original,2026-07-26 19:29:54,EMP-0014,REG-01,PH-001,
RCT-0004987,TXN-0003237,RCP-00003237,Reprint,2026-07-26 20:00:52,EMP-0086,REG-05,PH-004,Customer request
RCT-0004988,TXN-0002453,RCP-00002453,Original,2026-07-26 20:03:54,EMP-0019,REG-02,PH-001,
RCT-0004989,TXN-0002002,RCP-00002002,Original,2026-07-26 20:53:07,EMP-0056,REG-04,PH-003,
RCT-0004990,TXN-0000647,RCP-00000647,Original,2026-07-26 20:56:23,EMP-0013,REG-01,PH-001,
RCT-0004991,TXN-0000961,RCP-00000961,Original,2026-07-26 20:59:43,EMP-0089,REG-02,PH-005,
RCT-0004992,TXN-0004042,RCP-00004042,Original,2026-07-26 21:04:46,EMP-0057,REG-02,PH-003,
RCT-0004993,TXN-0000324,RCP-00000324,Original,2026-07-26 21:09:36,EMP-0012,REG-06,PH-001,
RCT-0004994,TXN-0003356,RCP-00003356,Original,2026-07-26 21:12:01,EMP-0107,REG-02,PH-005,
RCT-0004995,TXN-0002537,RCP-00002537,Original,2026-07-26 21:20:58,EMP-0082,REG-01,PH-004,
RCT-0004996,TXN-0001869,RCP-00001869,Original,2026-07-26 21:42:49,EMP-0039,REG-05,PH-002,
RCT-0004997,TXN-0003611,RCP-00003611,Original,2026-07-26 21:51:27,EMP-0019,REG-06,PH-001,
RCT-0004998,TXN-0000516,RCP-00000516,Original,2026-07-26 21:53:33,EMP-0063,REG-04,PH-003,
RCT-0004999,TXN-0004589,RCP-00004589,Original,2026-07-26 21:58:12,EMP-0056,REG-05,PH-003,
RCT-0005000,TXN-0002372,RCP-00002372,Reprint,2026-07-27 00:22:21,EMP-0090,REG-03,PH-005,Duplicate for insurance
RCT-0005001,TXN-0001654,RCP-00001654,Reprint,2026-07-27 01:44:11,EMP-0066,REG-06,PH-003,Customer request
RCT-0005002,TXN-0000981,RCP-00000981,Original,2026-07-27 08:03:55,EMP-0041,REG-03,PH-002,
RCT-0005003,TXN-0004843,RCP-00004843,Original,2026-07-27 08:05:01,EMP-0025,REG-04,PH-002,
RCT-0005004,TXN-0002668,RCP-00002668,Original,2026-07-27 08:10:11,EMP-0036,REG-02,PH-002,
RCT-0005005,TXN-0000237,RCP-00000237,Original,2026-07-27 08:11:13,EMP-0062,REG-04,PH-003,
RCT-0005006,TXN-0000551,RCP-00000551,Original,2026-07-27 08:36:16,EMP-0058,REG-02,PH-003,
RCT-0005007,TXN-0002710,RCP-00002710,Original,2026-07-27 08:51:13,EMP-0068,REG-02,PH-004,
RCT-0005008,TXN-0001071,RCP-00001071,Original,2026-07-27 08:58:32,EMP-0083,REG-06,PH-004,
RCT-0005009,TXN-0002074,RCP-00002074,Original,2026-07-27 09:26:23,EMP-0090,REG-01,PH-005,
RCT-0005010,TXN-0001229,RCP-00001229,Original,2026-07-27 09:26:59,EMP-0056,REG-02,PH-003,
RCT-0005011,TXN-0001876,RCP-00001876,Original,2026-07-27 09:54:18,EMP-0083,REG-06,PH-004,
RCT-0005012,TXN-0001693,RCP-00001693,Original,2026-07-27 10:01:22,EMP-0045,REG-02,PH-003,
RCT-0005013,TXN-0002610,RCP-00002610,Original,2026-07-27 10:20:44,EMP-0103,REG-01,PH-005,
RCT-0005014,TXN-0003654,RCP-00003654,Original,2026-07-27 10:48:14,EMP-0060,REG-04,PH-003,
RCT-0005015,TXN-0004663,RCP-00004663,Original,2026-07-27 11:01:26,EMP-0086,REG-03,PH-004,
RCT-0005016,TXN-0001294,RCP-00001294,Original,2026-07-27 11:28:53,EMP-0078,REG-05,PH-004,
RCT-0005017,TXN-0001703,RCP-00001703,Original,2026-07-27 11:28:58,EMP-0089,REG-05,PH-005,
RCT-0005018,TXN-0000595,RCP-00000595,Original,2026-07-27 11:59:10,EMP-0015,REG-03,PH-001,
RCT-0005019,TXN-0001837,RCP-00001837,Original,2026-07-27 12:07:43,EMP-0089,REG-01,PH-005,
RCT-0005020,TXN-0004581,RCP-00004581,Original,2026-07-27 12:24:54,EMP-0034,REG-02,PH-002,
RCT-0005021,TXN-0004306,RCP-00004306,Original,2026-07-27 13:09:23,EMP-0106,REG-03,PH-005,
RCT-0005022,TXN-0003049,RCP-00003049,Original,2026-07-27 13:38:04,EMP-0019,REG-03,PH-001,
RCT-0005023,TXN-0002817,RCP-00002817,Original,2026-07-27 14:09:22,EMP-0090,REG-02,PH-005,
RCT-0005024,TXN-0004614,RCP-00004614,Original,2026-07-27 14:10:22,EMP-0067,REG-01,PH-004,
RCT-0005025,TXN-0003123,RCP-00003123,Original,2026-07-27 14:30:41,EMP-0063,REG-06,PH-003,
RCT-0005026,TXN-0002361,RCP-00002361,Original,2026-07-27 14:45:12,EMP-0058,REG-03,PH-003,
RCT-0005027,TXN-0004265,RCP-00004265,Original,2026-07-27 14:46:51,EMP-0034,REG-01,PH-002,
RCT-0005028,TXN-0002495,RCP-00002495,Original,2026-07-27 14:57:32,EMP-0040,REG-03,PH-002,
RCT-0005029,TXN-0001989,RCP-00001989,Reprint,2026-07-27 14:58:39,EMP-0043,REG-01,PH-002,Duplicate for insurance
RCT-0005030,TXN-0002110,RCP-00002110,Original,2026-07-27 15:11:06,EMP-0038,REG-03,PH-002,
RCT-0005031,TXN-0000661,RCP-00000661,Original,2026-07-27 15:14:48,EMP-0083,REG-06,PH-004,
RCT-0005032,TXN-0001270,RCP-00001270,Original,2026-07-27 15:26:19,EMP-0045,REG-04,PH-003,
RCT-0005033,TXN-0002524,RCP-00002524,Original,2026-07-27 15:26:20,EMP-0107,REG-06,PH-005,
RCT-0005034,TXN-0001585,RCP-00001585,Original,2026-07-27 15:30:55,EMP-0069,REG-06,PH-004,
RCT-0005035,TXN-0001321,RCP-00001321,Original,2026-07-27 15:36:12,EMP-0013,REG-01,PH-001,
RCT-0005036,TXN-0002478,RCP-00002478,Original,2026-07-27 15:37:28,EMP-0015,REG-02,PH-001,
RCT-0005037,TXN-0003005,RCP-00003005,Original,2026-07-27 16:24:46,EMP-0089,REG-05,PH-005,
RCT-0005038,TXN-0003469,RCP-00003469,Original,2026-07-27 16:38:26,EMP-0085,REG-06,PH-004,
RCT-0005039,TXN-0003250,RCP-00003250,Original,2026-07-27 16:42:08,EMP-0081,REG-03,PH-004,
RCT-0005040,TXN-0000205,RCP-00000205,Original,2026-07-27 16:42:19,EMP-0108,REG-06,PH-005,
RCT-0005041,TXN-0004841,RCP-00004841,Original,2026-07-27 16:44:15,EMP-0045,REG-05,PH-003,
RCT-0005042,TXN-0001293,RCP-00001293,Original,2026-07-27 16:44:28,EMP-0085,REG-04,PH-004,
RCT-0005043,TXN-0000990,RCP-00000990,Original,2026-07-27 16:50:51,EMP-0003,REG-02,PH-001,
RCT-0005044,TXN-0002228,RCP-00002228,Original,2026-07-27 17:06:12,EMP-0056,REG-01,PH-003,
RCT-0005045,TXN-0001457,RCP-00001457,Original,2026-07-27 17:07:38,EMP-0091,REG-01,PH-005,
RCT-0005046,TXN-0001536,RCP-00001536,Original,2026-07-27 17:11:12,EMP-0038,REG-06,PH-002,
RCT-0005047,TXN-0002748,RCP-00002748,Original,2026-07-27 17:13:35,EMP-0085,REG-04,PH-004,
RCT-0005048,TXN-0002918,RCP-00002918,Original,2026-07-27 18:24:41,EMP-0064,REG-04,PH-003,
RCT-0005049,TXN-0002270,RCP-00002270,Original,2026-07-27 19:31:53,EMP-0086,REG-02,PH-004,
RCT-0005050,TXN-0002393,RCP-00002393,Original,2026-07-27 19:49:47,EMP-0062,REG-01,PH-003,
RCT-0005051,TXN-0002393,RCP-00002393,Gift Receipt,2026-07-27 19:50:47,EMP-0062,REG-01,PH-003,
RCT-0005052,TXN-0000721,RCP-00000721,Reprint,2026-07-27 20:14:12,EMP-0054,REG-06,PH-003,Customer request
RCT-0005053,TXN-0001185,RCP-00001185,Original,2026-07-27 20:20:58,EMP-0089,REG-05,PH-005,
RCT-0005054,TXN-0002134,RCP-00002134,Original,2026-07-27 20:29:53,EMP-0015,REG-04,PH-001,
RCT-0005055,TXN-0003720,RCP-00003720,Original,2026-07-27 20:42:22,EMP-0017,REG-02,PH-001,
RCT-0005056,TXN-0004097,RCP-00004097,Original,2026-07-27 20:45:29,EMP-0079,REG-02,PH-004,
RCT-0005057,TXN-0000977,RCP-00000977,Reprint,2026-07-27 20:58:52,EMP-0002,REG-01,PH-001,Printer jam
RCT-0005058,TXN-0003357,RCP-00003357,Original,2026-07-27 21:11:31,EMP-0064,REG-05,PH-003,
RCT-0005059,TXN-0003444,RCP-00003444,Original,2026-07-27 21:22:31,EMP-0104,REG-02,PH-005,
RCT-0005060,TXN-0003401,RCP-00003401,Original,2026-07-27 21:27:12,EMP-0041,REG-04,PH-002,
RCT-0005061,TXN-0002754,RCP-00002754,Reprint,2026-07-27 21:38:43,EMP-0011,REG-06,PH-001,Customer request
RCT-0005062,TXN-0003955,RCP-00003955,Original,2026-07-27 22:00:02,EMP-0034,REG-06,PH-002,
RCT-0005063,TXN-0001311,RCP-00001311,Original,2026-07-28 08:19:42,EMP-0101,REG-01,PH-005,
RCT-0005064,TXN-0000739,RCP-00000739,Original,2026-07-28 08:50:43,EMP-0060,REG-02,PH-003,
RCT-0005065,TXN-0002865,RCP-00002865,Original,2026-07-28 09:38:19,EMP-0062,REG-06,PH-003,
RCT-0005066,TXN-0002780,RCP-00002780,Original,2026-07-28 09:46:30,EMP-0036,REG-02,PH-002,
RCT-0005067,TXN-0001395,RCP-00001395,Original,2026-07-28 09:52:08,EMP-0038,REG-04,PH-002,
RCT-0005068,TXN-0001642,RCP-00001642,Original,2026-07-28 10:05:48,EMP-0037,REG-02,PH-002,
RCT-0005069,TXN-0004321,RCP-00004321,Original,2026-07-28 10:07:35,EMP-0020,REG-04,PH-001,
RCT-0005070,TXN-0004974,RCP-00004974,Original,2026-07-28 10:12:22,EMP-0020,REG-02,PH-001,
RCT-0005071,TXN-0002507,RCP-00002507,Original,2026-07-28 10:31:59,EMP-0012,REG-02,PH-001,
RCT-0005072,TXN-0003575,RCP-00003575,Original,2026-07-28 10:33:46,EMP-0085,REG-03,PH-004,
RCT-0005073,TXN-0004848,RCP-00004848,Original,2026-07-28 10:41:10,EMP-0056,REG-03,PH-003,
RCT-0005074,TXN-0003568,RCP-00003568,Original,2026-07-28 10:43:23,EMP-0079,REG-04,PH-004,
RCT-0005075,TXN-0004433,RCP-00004433,Original,2026-07-28 10:43:29,EMP-0057,REG-02,PH-003,
RCT-0005076,TXN-0003241,RCP-00003241,Original,2026-07-28 11:26:32,EMP-0036,REG-01,PH-002,
RCT-0005077,TXN-0004573,RCP-00004573,Original,2026-07-28 11:31:31,EMP-0016,REG-06,PH-001,
RCT-0005078,TXN-0003077,RCP-00003077,Original,2026-07-28 11:35:11,EMP-0104,REG-05,PH-005,
RCT-0005079,TXN-0001000,RCP-00001000,Original,2026-07-28 11:59:02,EMP-0083,REG-01,PH-004,
RCT-0005080,TXN-0004414,RCP-00004414,Original,2026-07-28 12:04:23,EMP-0089,REG-02,PH-005,
RCT-0005081,TXN-0003933,RCP-00003933,Original,2026-07-28 12:22:24,EMP-0104,REG-02,PH-005,
RCT-0005082,TXN-0003490,RCP-00003490,Original,2026-07-28 12:23:15,EMP-0083,REG-01,PH-004,
RCT-0005083,TXN-0003181,RCP-00003181,Original,2026-07-28 12:55:05,EMP-0068,REG-06,PH-004,
RCT-0005084,TXN-0000845,RCP-00000845,Original,2026-07-28 13:07:19,EMP-0062,REG-05,PH-003,
RCT-0005085,TXN-0001790,RCP-00001790,Original,2026-07-28 13:27:36,EMP-0001,REG-03,PH-001,
RCT-0005086,TXN-0001861,RCP-00001861,Reprint,2026-07-28 13:28:00,EMP-0006,REG-05,PH-001,Customer request
RCT-0005087,TXN-0001823,RCP-00001823,Original,2026-07-28 13:33:51,EMP-0102,REG-05,PH-005,
RCT-0005088,TXN-0002699,RCP-00002699,Original,2026-07-28 13:59:46,EMP-0045,REG-01,PH-003,
RCT-0005089,TXN-0002986,RCP-00002986,Reprint,2026-07-28 14:08:00,EMP-0006,REG-04,PH-001,Customer request
RCT-0005090,TXN-0004645,RCP-00004645,Original,2026-07-28 14:24:37,EMP-0059,REG-05,PH-003,
RCT-0005091,TXN-0001102,RCP-00001102,Original,2026-07-28 14:34:17,EMP-0046,REG-06,PH-003,
RCT-0005092,TXN-0003620,RCP-00003620,Original,2026-07-28 14:56:57,EMP-0089,REG-04,PH-005,
RCT-0005093,TXN-0004691,RCP-00004691,Original,2026-07-28 15:03:06,EMP-0006,REG-01,PH-001,
RCT-0005094,TXN-0001898,RCP-00001898,Original,2026-07-28 15:08:11,EMP-0003,REG-01,PH-001,
RCT-0005095,TXN-0001947,RCP-00001947,Original,2026-07-28 15:13:44,EMP-0063,REG-03,PH-003,
RCT-0005096,TXN-0002329,RCP-00002329,Original,2026-07-28 15:13:48,EMP-0086,REG-05,PH-004,
RCT-0005097,TXN-0003100,RCP-00003100,Original,2026-07-28 15:33:30,EMP-0101,REG-01,PH-005,
RCT-0005098,TXN-0002714,RCP-00002714,Original,2026-07-28 15:37:21,EMP-0091,REG-06,PH-005,
RCT-0005099,TXN-0000836,RCP-00000836,Original,2026-07-28 16:16:06,EMP-0101,REG-05,PH-005,
RCT-0005100,TXN-0002660,RCP-00002660,Original,2026-07-28 16:25:21,EMP-0036,REG-03,PH-002,
RCT-0005101,TXN-0004873,RCP-00004873,Original,2026-07-28 16:58:47,EMP-0081,REG-01,PH-004,
RCT-0005102,TXN-0004780,RCP-00004780,Original,2026-07-28 16:59:07,EMP-0047,REG-03,PH-003,
RCT-0005103,TXN-0002444,RCP-00002444,Original,2026-07-28 17:17:43,EMP-0019,REG-02,PH-001,
RCT-0005104,TXN-0001197,RCP-00001197,Original,2026-07-28 17:18:04,EMP-0080,REG-02,PH-004,
RCT-0005105,TXN-0002704,RCP-00002704,Original,2026-07-28 17:32:01,EMP-0061,REG-03,PH-003,
RCT-0005106,TXN-0001636,RCP-00001636,Original,2026-07-28 17:41:31,EMP-0025,REG-03,PH-002,
RCT-0005107,TXN-0002877,RCP-00002877,Reprint,2026-07-28 17:47:00,EMP-0006,REG-03,PH-001,Customer request
RCT-0005108,TXN-0001688,RCP-00001688,Original,2026-07-28 17:50:27,EMP-0104,REG-05,PH-005,
RCT-0005109,TXN-0004106,RCP-00004106,Original,2026-07-28 18:07:46,EMP-0068,REG-04,PH-004,
RCT-0005110,TXN-0000419,RCP-00000419,Original,2026-07-28 18:12:51,EMP-0105,REG-03,PH-005,
RCT-0005111,TXN-0002100,RCP-00002100,Reprint,2026-07-28 18:21:00,EMP-0006,REG-03,PH-001,Customer request
RCT-0005112,TXN-0004970,RCP-00004970,Reprint,2026-07-28 18:49:00,EMP-0006,REG-04,PH-001,Customer request
RCT-0005113,TXN-0003120,RCP-00003120,Original,2026-07-28 19:21:43,EMP-0106,REG-02,PH-005,
RCT-0005114,TXN-0003746,RCP-00003746,Original,2026-07-28 19:49:52,EMP-0089,REG-02,PH-005,
RCT-0005115,TXN-0003746,RCP-00003746,Gift Receipt,2026-07-28 19:50:52,EMP-0089,REG-02,PH-005,
RCT-0005116,TXN-0000745,RCP-00000745,Original,2026-07-28 19:53:11,EMP-0102,REG-06,PH-005,
RCT-0005117,TXN-0001215,RCP-00001215,Original,2026-07-28 19:55:13,EMP-0015,REG-05,PH-001,
RCT-0005118,TXN-0002033,RCP-00002033,Original,2026-07-28 20:01:37,EMP-0023,REG-02,PH-002,
RCT-0005119,TXN-0002639,RCP-00002639,Original,2026-07-28 20:06:46,EMP-0020,REG-01,PH-001,
RCT-0005120,TXN-0000239,RCP-00000239,Original,2026-07-28 20:15:52,EMP-0041,REG-02,PH-002,
RCT-0005121,TXN-0000375,RCP-00000375,Original,2026-07-28 21:00:52,EMP-0025,REG-01,PH-002,
RCT-0005122,TXN-0003032,RCP-00003032,Reprint,2026-07-28 21:06:43,EMP-0040,REG-05,PH-002,Customer request
RCT-0005123,TXN-0002094,RCP-00002094,Original,2026-07-28 21:25:00,EMP-0024,REG-03,PH-002,
RCT-0005124,TXN-0004580,RCP-00004580,Original,2026-07-28 21:39:27,EMP-0036,REG-05,PH-002,
RCT-0005125,TXN-0003433,RCP-00003433,Reprint,2026-07-29 00:08:50,EMP-0066,REG-03,PH-003,Duplicate for insurance
RCT-0005126,TXN-0004110,RCP-00004110,Reprint,2026-07-29 04:19:23,EMP-0053,REG-06,PH-003,Duplicate for insurance
RCT-0005127,TXN-0002548,RCP-00002548,Original,2026-07-29 08:03:07,EMP-0060,REG-03,PH-003,
RCT-0005128,TXN-0003429,RCP-00003429,Original,2026-07-29 08:30:56,EMP-0068,REG-03,PH-004,
RCT-0005129,TXN-0003105,RCP-00003105,Original,2026-07-29 08:37:42,EMP-0047,REG-05,PH-003,
RCT-0005130,TXN-0004014,RCP-00004014,Original,2026-07-29 08:53:11,EMP-0108,REG-01,PH-005,
RCT-0005131,TXN-0000025,RCP-00000025,Original,2026-07-29 09:18:18,EMP-0035,REG-04,PH-002,
RCT-0005132,TXN-0001419,RCP-00001419,Original,2026-07-29 09:20:21,EMP-0101,REG-06,PH-005,
RCT-0005133,TXN-0003500,RCP-00003500,Original,2026-07-29 09:21:58,EMP-0036,REG-01,PH-002,
RCT-0005134,TXN-0002454,RCP-00002454,Original,2026-07-29 09:42:22,EMP-0035,REG-05,PH-002,
RCT-0005135,TXN-0001018,RCP-00001018,Original,2026-07-29 10:00:41,EMP-0013,REG-05,PH-001,
RCT-0005136,TXN-0003560,RCP-00003560,Original,2026-07-29 10:29:15,EMP-0006,REG-02,PH-001,
RCT-0005137,TXN-0000395,RCP-00000395,Original,2026-07-29 10:33:07,EMP-0068,REG-04,PH-004,
RCT-0005138,TXN-0004300,RCP-00004300,Original,2026-07-29 11:32:48,EMP-0090,REG-06,PH-005,
RCT-0005139,TXN-0004782,RCP-00004782,Original,2026-07-29 12:06:51,EMP-0100,REG-04,PH-005,
RCT-0005140,TXN-0001489,RCP-00001489,Original,2026-07-29 12:08:47,EMP-0023,REG-04,PH-002,
RCT-0005141,TXN-0002720,RCP-00002720,Original,2026-07-29 12:23:08,EMP-0015,REG-03,PH-001,
RCT-0005142,TXN-0000181,RCP-00000181,Original,2026-07-29 12:46:56,EMP-0080,REG-03,PH-004,
RCT-0005143,TXN-0004404,RCP-00004404,Original,2026-07-29 13:00:36,EMP-0100,REG-04,PH-005,
RCT-0005144,TXN-0000169,RCP-00000169,Original,2026-07-29 13:02:28,EMP-0037,REG-04,PH-002,
RCT-0005145,TXN-0000833,RCP-00000833,Original,2026-07-29 13:04:26,EMP-0037,REG-05,PH-002,
RCT-0005146,TXN-0001717,RCP-00001717,Reprint,2026-07-29 13:16:00,EMP-0006,REG-05,PH-001,Customer request
RCT-0005147,TXN-0000949,RCP-00000949,Original,2026-07-29 14:03:01,EMP-0084,REG-05,PH-004,
RCT-0005148,TXN-0003430,RCP-00003430,Original,2026-07-29 14:03:17,EMP-0017,REG-05,PH-001,
RCT-0005149,TXN-0001638,RCP-00001638,Original,2026-07-29 14:08:40,EMP-0102,REG-02,PH-005,
RCT-0005150,TXN-0004376,RCP-00004376,Original,2026-07-29 14:57:18,EMP-0024,REG-04,PH-002,
RCT-0005151,TXN-0001508,RCP-00001508,Original,2026-07-29 15:23:37,EMP-0040,REG-05,PH-002,
RCT-0005152,TXN-0003765,RCP-00003765,Original,2026-07-29 15:27:03,EMP-0041,REG-01,PH-002,
RCT-0005153,TXN-0002567,RCP-00002567,Original,2026-07-29 15:36:47,EMP-0108,REG-03,PH-005,
RCT-0005154,TXN-0004112,RCP-00004112,Original,2026-07-29 15:39:48,EMP-0062,REG-06,PH-003,
RCT-0005155,TXN-0004120,RCP-00004120,Original,2026-07-29 15:57:18,EMP-0047,REG-01,PH-003,
RCT-0005156,TXN-0002959,RCP-00002959,Reprint,2026-07-29 15:58:32,EMP-0025,REG-01,PH-002,Lost receipt
RCT-0005157,TXN-0004697,RCP-00004697,Original,2026-07-29 16:18:51,EMP-0057,REG-03,PH-003,
RCT-0005158,TXN-0001512,RCP-00001512,Original,2026-07-29 16:19:06,EMP-0003,REG-03,PH-001,
RCT-0005159,TXN-0002286,RCP-00002286,Original,2026-07-29 16:19:19,EMP-0102,REG-06,PH-005,
RCT-0005160,TXN-0004697,RCP-00004697,Gift Receipt,2026-07-29 16:19:51,EMP-0057,REG-03,PH-003,
RCT-0005161,TXN-0003610,RCP-00003610,Original,2026-07-29 16:31:04,EMP-0040,REG-06,PH-002,
RCT-0005162,TXN-0003213,RCP-00003213,Original,2026-07-29 16:34:04,EMP-0102,REG-02,PH-005,
RCT-0005163,TXN-0003085,RCP-00003085,Reprint,2026-07-29 17:29:00,EMP-0039,REG-05,PH-002,Printer jam
RCT-0005164,TXN-0000763,RCP-00000763,Original,2026-07-29 17:36:42,EMP-0107,REG-06,PH-005,
RCT-0005165,TXN-0000875,RCP-00000875,Original,2026-07-29 18:14:37,EMP-0024,REG-01,PH-002,
RCT-0005166,TXN-0001674,RCP-00001674,Original,2026-07-29 18:24:25,EMP-0106,REG-05,PH-005,
RCT-0005167,TXN-0001719,RCP-00001719,Original,2026-07-29 18:44:12,EMP-0024,REG-02,PH-002,
RCT-0005168,TXN-0002202,RCP-00002202,Original,2026-07-29 19:01:48,EMP-0056,REG-03,PH-003,
RCT-0005169,TXN-0002202,RCP-00002202,Gift Receipt,2026-07-29 19:02:48,EMP-0056,REG-03,PH-003,
RCT-0005170,TXN-0000058,RCP-00000058,Original,2026-07-29 19:05:21,EMP-0018,REG-02,PH-001,
RCT-0005171,TXN-0000208,RCP-00000208,Original,2026-07-29 19:13:41,EMP-0107,REG-02,PH-005,
RCT-0005172,TXN-0003268,RCP-00003268,Original,2026-07-29 19:14:11,EMP-0083,REG-02,PH-004,
RCT-0005173,TXN-0002903,RCP-00002903,Original,2026-07-29 19:18:39,EMP-0068,REG-01,PH-004,
RCT-0005174,TXN-0002370,RCP-00002370,Original,2026-07-29 19:29:34,EMP-0078,REG-06,PH-004,
RCT-0005175,TXN-0002256,RCP-00002256,Original,2026-07-29 19:32:04,EMP-0079,REG-03,PH-004,
RCT-0005176,TXN-0000545,RCP-00000545,Original,2026-07-29 19:38:59,EMP-0003,REG-05,PH-001,
RCT-0005177,TXN-0000110,RCP-00000110,Original,2026-07-29 19:46:48,EMP-0084,REG-01,PH-004,
RCT-0005178,TXN-0002036,RCP-00002036,Original,2026-07-29 20:09:51,EMP-0057,REG-06,PH-003,
RCT-0005179,TXN-0004189,RCP-00004189,Original,2026-07-29 20:13:05,EMP-0019,REG-06,PH-001,
RCT-0005180,TXN-0002725,RCP-00002725,Original,2026-07-29 20:18:28,EMP-0015,REG-06,PH-001,
RCT-0005181,TXN-0004959,RCP-00004959,Original,2026-07-29 20:26:25,EMP-0001,REG-06,PH-001,
RCT-0005182,TXN-0000037,RCP-00000037,Original,2026-07-29 20:37:12,EMP-0080,REG-01,PH-004,
RCT-0005183,TXN-0001808,RCP-00001808,Original,2026-07-29 20:52:28,EMP-0103,REG-03,PH-005,
RCT-0005184,TXN-0000940,RCP-00000940,Original,2026-07-29 21:10:15,EMP-0100,REG-04,PH-005,
RCT-0005185,TXN-0003711,RCP-00003711,Original,2026-07-29 21:12:38,EMP-0091,REG-01,PH-005,
RCT-0005186,TXN-0001505,RCP-00001505,Original,2026-07-29 21:15:09,EMP-0002,REG-04,PH-001,
RCT-0005187,TXN-0000061,RCP-00000061,Original,2026-07-29 21:22:11,EMP-0058,REG-04,PH-003,
RCT-0005188,TXN-0002932,RCP-00002932,Original,2026-07-29 21:31:33,EMP-0006,REG-04,PH-001,
RCT-0005189,TXN-0000643,RCP-00000643,Original,2026-07-29 21:55:02,EMP-0064,REG-06,PH-003,
RCT-0005190,TXN-0001309,RCP-00001309,Original,2026-07-30 08:04:37,EMP-0024,REG-05,PH-002,
RCT-0005191,TXN-0004538,RCP-00004538,Original,2026-07-30 08:07:52,EMP-0040,REG-02,PH-002,
RCT-0005192,TXN-0001498,RCP-00001498,Original,2026-07-30 08:24:15,EMP-0107,REG-03,PH-005,
RCT-0005193,TXN-0003828,RCP-00003828,Original,2026-07-30 08:24:52,EMP-0042,REG-04,PH-002,
RCT-0005194,TXN-0002441,RCP-00002441,Original,2026-07-30 08:37:27,EMP-0108,REG-06,PH-005,
RCT-0005195,TXN-0002802,RCP-00002802,Original,2026-07-30 08:40:00,EMP-0056,REG-02,PH-003,
RCT-0005196,TXN-0003006,RCP-00003006,Original,2026-07-30 08:51:39,EMP-0012,REG-05,PH-001,
RCT-0005197,TXN-0001214,RCP-00001214,Original,2026-07-30 08:58:32,EMP-0041,REG-04,PH-002,
RCT-0005198,TXN-0001214,RCP-00001214,Gift Receipt,2026-07-30 08:59:32,EMP-0041,REG-04,PH-002,
RCT-0005199,TXN-0000108,RCP-00000108,Original,2026-07-30 09:11:05,EMP-0063,REG-02,PH-003,
RCT-0005200,TXN-0003728,RCP-00003728,Original,2026-07-30 09:13:39,EMP-0101,REG-05,PH-005,
RCT-0005201,TXN-0004807,RCP-00004807,Original,2026-07-30 09:36:31,EMP-0079,REG-04,PH-004,
RCT-0005202,TXN-0003845,RCP-00003845,Original,2026-07-30 09:51:01,EMP-0078,REG-05,PH-004,
RCT-0005203,TXN-0000390,RCP-00000390,Original,2026-07-30 10:31:59,EMP-0063,REG-04,PH-003,
RCT-0005204,TXN-0004838,RCP-00004838,Original,2026-07-30 10:39:40,EMP-0101,REG-01,PH-005,
RCT-0005205,TXN-0001378,RCP-00001378,Original,2026-07-30 10:54:38,EMP-0018,REG-04,PH-001,
RCT-0005206,TXN-0002621,RCP-00002621,Original,2026-07-30 11:10:22,EMP-0063,REG-01,PH-003,
RCT-0005207,TXN-0002721,RCP-00002721,Original,2026-07-30 11:16:38,EMP-0023,REG-03,PH-002,
RCT-0005208,TXN-0004576,RCP-00004576,Original,2026-07-30 11:30:38,EMP-0040,REG-01,PH-002,
RCT-0005209,TXN-0002189,RCP-00002189,Original,2026-07-30 11:30:53,EMP-0067,REG-01,PH-004,
RCT-0005210,TXN-0002269,RCP-00002269,Original,2026-07-30 11:34:23,EMP-0038,REG-05,PH-002,
RCT-0005211,TXN-0003039,RCP-00003039,Original,2026-07-30 11:59:50,EMP-0025,REG-03,PH-002,
RCT-0005212,TXN-0003324,RCP-00003324,Original,2026-07-30 12:13:18,EMP-0034,REG-04,PH-002,
RCT-0005213,TXN-0002869,RCP-00002869,Original,2026-07-30 12:26:38,EMP-0067,REG-05,PH-004,
RCT-0005214,TXN-0004943,RCP-00004943,Original,2026-07-30 12:35:22,EMP-0089,REG-03,PH-005,
RCT-0005215,TXN-0002770,RCP-00002770,Original,2026-07-30 13:12:42,EMP-0039,REG-03,PH-002,
RCT-0005216,TXN-0002003,RCP-00002003,Original,2026-07-30 13:22:49,EMP-0023,REG-02,PH-002,
RCT-0005217,TXN-0000731,RCP-00000731,Original,2026-07-30 13:35:44,EMP-0041,REG-01,PH-002,
RCT-0005218,TXN-0004413,RCP-00004413,Original,2026-07-30 14:19:06,EMP-0046,REG-02,PH-003,
RCT-0005219,TXN-0004115,RCP-00004115,Original,2026-07-30 14:36:17,EMP-0006,REG-04,PH-001,
RCT-0005220,TXN-0001472,RCP-00001472,Original,2026-07-30 14:47:18,EMP-0025,REG-06,PH-002,
RCT-0005221,TXN-0004726,RCP-00004726,Original,2026-07-30 14:54:50,EMP-0084,REG-02,PH-004,
RCT-0005222,TXN-0003169,RCP-00003169,Original,2026-07-30 15:07:24,EMP-0057,REG-04,PH-003,
RCT-0005223,TXN-0000170,RCP-00000170,Original,2026-07-30 15:18:23,EMP-0069,REG-02,PH-004,
RCT-0005224,TXN-0001352,RCP-00001352,Original,2026-07-30 15:24:12,EMP-0025,REG-01,PH-002,
RCT-0005225,TXN-0002097,RCP-00002097,Original,2026-07-30 15:25:16,EMP-0089,REG-03,PH-005,
RCT-0005226,TXN-0001210,RCP-00001210,Reprint,2026-07-30 15:28:05,EMP-0011,REG-04,PH-001,Duplicate for insurance
RCT-0005227,TXN-0003503,RCP-00003503,Original,2026-07-30 15:34:20,EMP-0107,REG-01,PH-005,
RCT-0005228,TXN-0001183,RCP-00001183,Original,2026-07-30 15:41:22,EMP-0041,REG-05,PH-002,
RCT-0005229,TXN-0004198,RCP-00004198,Original,2026-07-30 16:02:17,EMP-0078,REG-04,PH-004,
RCT-0005230,TXN-0004871,RCP-00004871,Original,2026-07-30 16:04:15,EMP-0104,REG-01,PH-005,
RCT-0005231,TXN-0002260,RCP-00002260,Original,2026-07-30 16:21:12,EMP-0047,REG-02,PH-003,
RCT-0005232,TXN-0001503,RCP-00001503,Original,2026-07-30 16:35:42,EMP-0083,REG-03,PH-004,
RCT-0005233,TXN-0002678,RCP-00002678,Original,2026-07-30 16:38:56,EMP-0059,REG-06,PH-003,
RCT-0005234,TXN-0003275,RCP-00003275,Original,2026-07-30 16:53:47,EMP-0078,REG-02,PH-004,
RCT-0005235,TXN-0001959,RCP-00001959,Reprint,2026-07-30 17:04:55,EMP-0048,REG-03,PH-003,Lost receipt
RCT-0005236,TXN-0000607,RCP-00000607,Original,2026-07-30 17:35:03,EMP-0013,REG-01,PH-001,
RCT-0005237,TXN-0002178,RCP-00002178,Original,2026-07-30 17:47:29,EMP-0015,REG-05,PH-001,
RCT-0005238,TXN-0003088,RCP-00003088,Original,2026-07-30 19:11:19,EMP-0015,REG-04,PH-001,
RCT-0005239,TXN-0004630,RCP-00004630,Original,2026-07-30 19:19:00,EMP-0040,REG-06,PH-002,
RCT-0005240,TXN-0000607,RCP-00000607,Reprint,2026-07-30 19:34:03,EMP-0006,REG-02,PH-001,Customer request
RCT-0005241,TXN-0000194,RCP-00000194,Original,2026-07-30 19:43:29,EMP-0101,REG-05,PH-005,
RCT-0005242,TXN-0000278,RCP-00000278,Original,2026-07-30 20:02:04,EMP-0037,REG-06,PH-002,
RCT-0005243,TXN-0000725,RCP-00000725,Original,2026-07-30 20:13:48,EMP-0036,REG-03,PH-002,
RCT-0005244,TXN-0004657,RCP-00004657,Original,2026-07-30 20:26:39,EMP-0089,REG-05,PH-005,
RCT-0005245,TXN-0003123,RCP-00003123,Reprint,2026-07-30 20:29:41,EMP-0055,REG-04,PH-003,Customer request
RCT-0005246,TXN-0001483,RCP-00001483,Original,2026-07-30 20:42:19,EMP-0082,REG-06,PH-004,
RCT-0005247,TXN-0004934,RCP-00004934,Original,2026-07-30 20:47:40,EMP-0024,REG-04,PH-002,
RCT-0005248,TXN-0003202,RCP-00003202,Reprint,2026-07-31 01:18:44,EMP-0021,REG-03,PH-001,Duplicate for insurance
RCT-0005249,TXN-0001818,RCP-00001818,Original,2026-07-31 08:01:32,EMP-0041,REG-06,PH-002,
RCT-0005250,TXN-0001266,RCP-00001266,Original,2026-07-31 08:17:56,EMP-0057,REG-03,PH-003,
RCT-0005251,TXN-0003216,RCP-00003216,Original,2026-07-31 08:21:02,EMP-0017,REG-03,PH-001,
RCT-0005252,TXN-0000654,RCP-00000654,Original,2026-07-31 09:22:25,EMP-0045,REG-01,PH-003,
RCT-0005253,TXN-0003167,RCP-00003167,Original,2026-07-31 09:24:03,EMP-0108,REG-02,PH-005,
RCT-0005254,TXN-0004564,RCP-00004564,Original,2026-07-31 09:38:01,EMP-0037,REG-06,PH-002,
RCT-0005255,TXN-0000618,RCP-00000618,Original,2026-07-31 10:14:55,EMP-0042,REG-02,PH-002,
RCT-0005256,TXN-0000160,RCP-00000160,Original,2026-07-31 10:39:11,EMP-0006,REG-06,PH-001,
RCT-0005257,TXN-0003350,RCP-00003350,Original,2026-07-31 10:44:48,EMP-0103,REG-04,PH-005,
RCT-0005258,TXN-0003938,RCP-00003938,Original,2026-07-31 11:27:47,EMP-0014,REG-05,PH-001,
RCT-0005259,TXN-0003716,RCP-00003716,Original,2026-07-31 11:32:32,EMP-0017,REG-01,PH-001,
RCT-0005260,TXN-0002106,RCP-00002106,Original,2026-07-31 11:44:47,EMP-0090,REG-01,PH-005,
RCT-0005261,TXN-0000936,RCP-00000936,Original,2026-07-31 12:17:13,EMP-0063,REG-01,PH-003,
RCT-0005262,TXN-0002272,RCP-00002272,Original,2026-07-31 12:39:43,EMP-0083,REG-01,PH-004,
RCT-0005263,TXN-0001259,RCP-00001259,Reprint,2026-07-31 12:44:45,EMP-0110,REG-01,PH-005,Duplicate for insurance
RCT-0005264,TXN-0003384,RCP-00003384,Original,2026-07-31 13:46:52,EMP-0060,REG-02,PH-003,
RCT-0005265,TXN-0004493,RCP-00004493,Original,2026-07-31 14:10:54,EMP-0058,REG-01,PH-003,
RCT-0005266,TXN-0001644,RCP-00001644,Original,2026-07-31 14:13:53,EMP-0058,REG-05,PH-003,
RCT-0005267,TXN-0001973,RCP-00001973,Original,2026-07-31 14:18:08,EMP-0057,REG-04,PH-003,
RCT-0005268,TXN-0000402,RCP-00000402,Reprint,2026-07-31 14:21:39,EMP-0044,REG-01,PH-002,Lost receipt
RCT-0005269,TXN-0003792,RCP-00003792,Original,2026-07-31 14:23:59,EMP-0083,REG-04,PH-004,
RCT-0005270,TXN-0004712,RCP-00004712,Original,2026-07-31 14:24:19,EMP-0018,REG-04,PH-001,
RCT-0005271,TXN-0002630,RCP-00002630,Original,2026-07-31 14:26:09,EMP-0047,REG-06,PH-003,
RCT-0005272,TXN-0003876,RCP-00003876,Original,2026-07-31 14:28:27,EMP-0062,REG-06,PH-003,
RCT-0005273,TXN-0000719,RCP-00000719,Original,2026-07-31 14:47:36,EMP-0039,REG-04,PH-002,
RCT-0005274,TXN-0002726,RCP-00002726,Original,2026-07-31 14:55:11,EMP-0013,REG-04,PH-001,
RCT-0005275,TXN-0003609,RCP-00003609,Original,2026-07-31 15:12:54,EMP-0081,REG-03,PH-004,
RCT-0005276,TXN-0001886,RCP-00001886,Original,2026-07-31 15:20:31,EMP-0006,REG-06,PH-001,
RCT-0005277,TXN-0002430,RCP-00002430,Reprint,2026-07-31 15:32:51,EMP-0009,REG-02,PH-001,Lost receipt
RCT-0005278,TXN-0004778,RCP-00004778,Original,2026-07-31 15:46:45,EMP-0103,REG-06,PH-005,
RCT-0005279,TXN-0004653,RCP-00004653,Original,2026-07-31 15:54:47,EMP-0063,REG-03,PH-003,
RCT-0005280,TXN-0003753,RCP-00003753,Original,2026-07-31 16:10:57,EMP-0040,REG-02,PH-002,
RCT-0005281,TXN-0003094,RCP-00003094,Original,2026-07-31 16:15:50,EMP-0034,REG-06,PH-002,
RCT-0005282,TXN-0004319,RCP-00004319,Original,2026-07-31 16:43:26,EMP-0058,REG-05,PH-003,
RCT-0005283,TXN-0004319,RCP-00004319,Gift Receipt,2026-07-31 16:44:26,EMP-0058,REG-05,PH-003,
RCT-0005284,TXN-0004071,RCP-00004071,Original,2026-07-31 17:01:53,EMP-0081,REG-06,PH-004,
RCT-0005285,TXN-0002297,RCP-00002297,Original,2026-07-31 17:33:00,EMP-0063,REG-02,PH-003,
RCT-0005286,TXN-0002233,RCP-00002233,Original,2026-07-31 17:33:52,EMP-0040,REG-03,PH-002,
RCT-0005287,TXN-0002985,RCP-00002985,Original,2026-07-31 17:48:48,EMP-0012,REG-04,PH-001,
RCT-0005288,TXN-0003843,RCP-00003843,Original,2026-07-31 17:56:09,EMP-0016,REG-03,PH-001,
RCT-0005289,TXN-0001871,RCP-00001871,Original,2026-07-31 18:02:16,EMP-0039,REG-04,PH-002,
RCT-0005290,TXN-0001760,RCP-00001760,Original,2026-07-31 18:02:30,EMP-0068,REG-02,PH-004,
RCT-0005291,TXN-0001728,RCP-00001728,Original,2026-07-31 18:06:35,EMP-0015,REG-04,PH-001,
RCT-0005292,TXN-0000266,RCP-00000266,Original,2026-07-31 18:12:11,EMP-0107,REG-03,PH-005,
RCT-0005293,TXN-0002718,RCP-00002718,Original,2026-07-31 18:21:59,EMP-0017,REG-06,PH-001,
RCT-0005294,TXN-0004157,RCP-00004157,Original,2026-07-31 18:28:36,EMP-0019,REG-04,PH-001,
RCT-0005295,TXN-0003129,RCP-00003129,Original,2026-07-31 18:38:18,EMP-0038,REG-04,PH-002,
RCT-0005296,TXN-0001111,RCP-00001111,Original,2026-07-31 18:51:19,EMP-0023,REG-05,PH-002,
RCT-0005297,TXN-0003108,RCP-00003108,Original,2026-07-31 18:55:27,EMP-0085,REG-01,PH-004,
RCT-0005298,TXN-0003521,RCP-00003521,Original,2026-07-31 19:15:46,EMP-0081,REG-04,PH-004,
RCT-0005299,TXN-0000503,RCP-00000503,Original,2026-07-31 19:16:02,EMP-0045,REG-01,PH-003,
RCT-0005300,TXN-0004048,RCP-00004048,Original,2026-07-31 19:19:42,EMP-0035,REG-02,PH-002,
RCT-0005301,TXN-0000975,RCP-00000975,Original,2026-07-31 19:49:25,EMP-0085,REG-03,PH-004,
RCT-0005302,TXN-0001782,RCP-00001782,Original,2026-07-31 19:52:40,EMP-0014,REG-05,PH-001,
RCT-0005303,TXN-0004606,RCP-00004606,Original,2026-07-31 20:03:18,EMP-0057,REG-04,PH-003,
RCT-0005304,TXN-0000973,RCP-00000973,Original,2026-07-31 20:09:13,EMP-0019,REG-05,PH-001,
RCT-0005305,TXN-0001978,RCP-00001978,Original,2026-07-31 20:15:02,EMP-0047,REG-05,PH-003,
RCT-0005306,TXN-0003497,RCP-00003497,Original,2026-07-31 20:32:49,EMP-0106,REG-06,PH-005,
RCT-0005307,TXN-0004270,RCP-00004270,Original,2026-07-31 20:39:24,EMP-0042,REG-02,PH-002,
RCT-0005308,TXN-0003874,RCP-00003874,Original,2026-07-31 20:45:22,EMP-0045,REG-01,PH-003,
RCT-0005309,TXN-0000737,RCP-00000737,Original,2026-07-31 20:46:40,EMP-0023,REG-04,PH-002,
RCT-0005310,TXN-0003476,RCP-00003476,Original,2026-07-31 20:46:57,EMP-0078,REG-01,PH-004,
RCT-0005311,TXN-0004022,RCP-00004022,Reprint,2026-07-31 20:57:53,EMP-0047,REG-04,PH-003,Printer jam
RCT-0005312,TXN-0004615,RCP-00004615,Original,2026-07-31 21:06:22,EMP-0108,REG-02,PH-005,
RCT-0005313,TXN-0004066,RCP-00004066,Reprint,2026-08-01 05:14:04,EMP-0093,REG-06,PH-005,Printer jam
RCT-0005314,TXN-0004509,RCP-00004509,Reprint,2026-08-02 16:55:19,EMP-0051,REG-01,PH-003,Printer jam
RCT-0005315,TXN-0003299,RCP-00003299,Reprint,2026-08-02 19:24:46,EMP-0081,REG-02,PH-004,Duplicate for insurance
RCT-0005316,TXN-0004780,RCP-00004780,Reprint,2026-08-03 00:58:07,EMP-0061,REG-05,PH-003,Customer request
RCT-0005317,88dcc884-99ca-497a-9f1d-9611ce7207f6,,Original,2026-08-03 10:44:43,EMP-0001,,PH-001,
RCT-0005318,TXN-0002905,RCP-00002905,Reprint,2026-08-03 22:07:42,EMP-0039,REG-05,PH-002,Duplicate for insurance
RCT-0005319,4007cc95-c09a-4135-9629-6053fc32e92b,,Original,2026-08-04 02:38:08,EMP-0001,,PH-001,
RCT-0005320,TXN-0003615,RCP-00003615,Reprint,2026-08-04 05:09:01,EMP-0061,REG-05,PH-003,Lost receipt
RCT-0005321,TXN-0002412,RCP-00002412,Reprint,2026-08-04 08:29:40,EMP-0048,REG-01,PH-003,Duplicate for insurance
RCT-0005322,TXN-0002210,RCP-00002210,Reprint,2026-08-04 16:31:47,EMP-0096,REG-04,PH-005,Lost receipt
RCT-0005323,TXN-0001665,RCP-00001665,Reprint,2026-08-04 20:31:03,EMP-0026,REG-02,PH-002,Lost receipt
RCT-0005324,TXN-0003956,RCP-00003956,Reprint,2026-08-05 17:38:24,EMP-0040,REG-01,PH-002,Duplicate for insurance
RCT-0005325,TXN-0001404,RCP-00001404,Reprint,2026-08-05 22:39:10,EMP-0077,REG-03,PH-004,Printer jam
RCT-0005326,TXN-0002097,RCP-00002097,Reprint,2026-08-05 23:24:16,EMP-0095,REG-05,PH-005,Customer request
RCT-0005327,TXN-0003545,RCP-00003545,Reprint,2026-08-06 22:56:47,EMP-0089,REG-04,PH-005,Lost receipt
RCT-0005328,TXN-0000058,RCP-00000058,Reprint,2026-08-07 04:04:21,EMP-9999,REG-05,PH-001,Customer request
RCT-0005329,TXN-0004414,RCP-00004414,Reprint,2026-08-07 17:03:23,EMP-0107,REG-03,PH-005,Printer jam
RCT-0005330,TXN-0001549,RCP-00001549,Reprint,2026-08-07 20:09:17,EMP-0086,REG-06,PH-004,Lost receipt
RCT-0005331,TXN-0000595,RCP-00000595,Reprint,2026-08-08 14:58:10,EMP-0004,REG-02,PH-001,Printer jam
RCT-0005332,TXN-0004677,RCP-00004677,Reprint,2026-08-10 08:02:32,EMP-0107,REG-01,PH-005,Duplicate for insurance
RCT-0005333,TXN-0001670,RCP-00001670,Reprint,2026-08-11 15:39:51,EMP-0108,REG-02,PH-005,Duplicate for insurance
RCT-0005334,TXN-0003120,RCP-00003120,Reprint,2026-08-12 02:20:43,EMP-0093,REG-04,PH-005,Printer jam
RCT-0005335,TXN-0003268,RCP-00003268,Reprint,2026-08-12 05:13:11,EMP-0074,REG-06,PH-004,Printer jam
RCT-0005336,TXN-0003185,RCP-00003185,Reprint,2026-08-12 15:24:23,EMP-0107,REG-04,PH-005,Duplicate for insurance
RCT-0005337,TXN-0000990,RCP-00000990,Reprint,2026-08-13 21:49:51,EMP-0001,REG-03,PH-001,Lost receipt
RCT-0005338,TXN-0001508,RCP-00001508,Reprint,2026-08-13 22:22:37,EMP-0039,REG-04,PH-002,Lost receipt
RCT-0005339,TXN-0003401,RCP-00003401,Reprint,2026-08-14 21:26:12,EMP-0040,REG-01,PH-002,Lost receipt
RCT-0005340,TXN-0001018,RCP-00001018,Reprint,2026-08-16 18:30:00,EMP-0006,REG-05,PH-001,Lost receipt
RCT-0005341,TXN-0001229,RCP-00001229,Reprint,2026-08-16 19:45:00,EMP-0059,REG-04,PH-003,Duplicate for insurance
RCT-0005342,TXN-0002260,RCP-00002260,Reprint,2026-08-16 19:45:00,EMP-0049,REG-02,PH-003,Duplicate for insurance
RCT-0005343,TXN-0003257,RCP-00003257,Reprint,2026-08-16 19:45:00,EMP-0010,REG-05,PH-001,Duplicate for insurance
RCT-0005344,TXN-0004017,RCP-00004017,Reprint,2026-08-16 19:45:00,EMP-0045,REG-02,PH-003,Duplicate for insurance
RCT-0005345,TXN-0004934,RCP-00004934,Reprint,2026-08-16 19:45:00,EMP-0037,REG-06,PH-002,Duplicate for insurance
