transaction_id,receipt_number,store_id,register_id,employee_id,customer_id,transaction_datetime,transaction_type,subtotal,discount_amount,tax_amount,total_amount,payment_method,item_count,prescription_included,loyalty_used,manager_override,status
TXN-0000001,RCP-00000001,PH-003,REG-06,EMP-0047,CUS-01986,2026-06-13 20:19:10,Sale,288.56,1.27,23.7,310.99,Credit Card,7,False,True,False,Completed
TXN-0000002,RCP-00000002,PH-003,REG-06,EMP-0060,CUS-02662,2026-05-30 10:28:32,Sale,45.52,0,3.76,49.28,Credit Card,1,False,True,False,Completed
TXN-0000003,RCP-00000003,PH-002,REG-05,EMP-0040,CUS-00502,2026-05-13 14:39:31,Sale,309.35,0,25.52,334.87,Debit Card,4,False,True,False,Completed
TXN-0000004,RCP-00000004,PH-002,REG-03,EMP-0039,CUS-01814,2026-06-02 15:12:15,Sale,242.32,0,19.99,262.31,Credit Card,2,False,True,False,Completed
TXN-0000005,RCP-00000005,PH-001,REG-03,EMP-0020,CUS-02077,2026-07-22 10:09:18,Sale,282.81,1.28,23.24,304.77,Credit Card,7,False,True,False,Completed
TXN-0000006,RCP-00000006,PH-001,REG-05,EMP-0013,,2026-05-08 17:39:10,Sale,130.45,2.05,10.59,138.99,Split Payment,5,False,False,False,Completed
TXN-0000007,RCP-00000007,PH-004,REG-06,EMP-0080,CUS-00994,2026-05-12 13:44:31,Sale,160.73,2.5,13.05,171.28,Debit Card,6,False,True,False,Completed
TXN-0000008,RCP-00000008,PH-004,REG-04,EMP-0085,CUS-03649,2026-06-18 20:22:42,Sale,47.8,1.82,3.8,49.78,Credit Card,3,False,True,False,Completed
TXN-0000009,RCP-00000009,PH-001,REG-05,EMP-0017,CUS-04207,2026-07-22 08:46:13,Sale,86.81,4.61,6.78,88.98,Credit Card,2,False,True,False,Completed
TXN-0000010,RCP-00000010,PH-003,REG-05,EMP-0059,,2026-07-09 16:46:22,Sale,138.71,0,11.45,150.16,Cash,4,False,False,False,Completed
TXN-0000011,RCP-00000011,PH-001,REG-05,EMP-0015,CUS-01583,2026-07-05 18:55:18,Sale,74.64,0,6.16,80.8,Cash,3,False,True,False,Completed
TXN-0000012,RCP-00000012,PH-005,REG-05,EMP-0102,,2026-06-06 09:41:16,Sale,213.07,0,17.58,230.65,Credit Card,5,False,False,False,Completed
TXN-0000013,RCP-00000013,PH-003,REG-05,EMP-0056,,2026-07-20 14:13:19,Sale,190.33,4.35,15.35,201.33,Debit Card,5,False,False,False,Completed
TXN-0000014,RCP-00000014,PH-002,REG-02,EMP-0035,CUS-01260,2026-07-21 14:06:23,Sale,343.65,15.41,27.08,355.32,Debit Card,5,False,True,False,Completed
TXN-0000015,RCP-00000015,PH-003,REG-05,EMP-0045,CUS-02311,2026-06-06 09:25:13,Sale,198.74,0,16.4,215.14,Credit Card,5,False,True,False,Completed
TXN-0000016,RCP-00000016,PH-005,REG-05,EMP-0090,CUS-03094,2026-06-18 19:12:22,Sale,211.39,3.01,17.19,225.57,Credit Card,6,False,True,False,Completed
TXN-0000017,RCP-00000017,PH-001,REG-03,EMP-0014,CUS-04443,2026-06-03 09:26:25,Sale,170.14,0,14.04,184.18,Debit Card,6,False,True,False,Completed
TXN-0000018,RCP-00000018,PH-005,REG-01,EMP-0108,CUS-03781,2026-06-23 21:25:12,Sale,28.83,0,2.38,31.21,Gift Card,1,False,True,False,Completed
TXN-0000019,RCP-00000019,PH-005,REG-03,EMP-0107,CUS-04811,2026-05-04 19:09:24,Sale,172.7,4.05,13.91,182.56,Cash,6,False,True,False,Completed
TXN-0000020,RCP-00000020,PH-001,REG-01,EMP-0012,CUS-00572,2026-05-05 11:16:05,Sale,49.5,0,4.08,53.58,Debit Card,1,False,True,False,Completed
TXN-0000021,RCP-00000021,PH-003,REG-01,EMP-0064,CUS-01283,2026-05-02 13:58:05,Sale,224.49,4.7,18.13,237.92,Credit Card,4,False,True,False,Completed
TXN-0000022,RCP-00000022,PH-003,REG-04,EMP-0059,CUS-03882,2026-07-18 20:22:48,Sale,146.37,1.62,11.95,156.7,Debit Card,5,False,True,False,Completed
TXN-0000023,RCP-00000023,PH-005,REG-05,EMP-0107,CUS-02462,2026-05-29 09:11:52,Sale,209.13,5.42,16.8,220.51,Debit Card,8,False,True,False,Completed
TXN-0000024,RCP-00000024,PH-003,REG-01,EMP-0063,CUS-00873,2026-06-20 09:29:00,Sale,248.11,0,20.47,268.58,Credit Card,6,False,True,False,Completed
TXN-0000025,RCP-00000025,PH-002,REG-04,EMP-0035,CUS-02922,2026-07-29 09:17:18,Sale,208.59,0,17.21,225.8,Split Payment,3,False,True,False,Completed
TXN-0000026,RCP-00000026,PH-001,REG-04,EMP-0013,CUS-00011,2026-07-19 11:46:14,Sale,254.22,0,20.97,275.19,Cash,7,False,True,False,Completed
TXN-0000027,RCP-00000027,PH-003,REG-05,EMP-0047,,2026-07-04 11:53:39,Sale,102.78,9.86,7.67,100.59,Credit Card,3,False,False,False,Completed
TXN-0000028,RCP-00000028,PH-001,REG-01,EMP-0013,CUS-01027,2026-06-16 21:14:52,Sale,76.4,5.35,5.86,76.91,Credit Card,3,False,True,False,Completed
TXN-0000029,RCP-00000029,PH-003,REG-01,EMP-0058,CUS-01891,2026-07-04 18:41:20,Sale,172.42,0,14.23,186.65,Cash,3,False,True,False,Completed
TXN-0000030,RCP-00000030,PH-003,REG-06,EMP-0059,,2026-05-03 17:59:11,Sale,150.38,5.68,11.94,156.64,Cash,4,False,False,False,Completed
TXN-0000031,RCP-00000031,PH-005,REG-06,EMP-0100,CUS-04556,2026-05-09 10:05:54,Sale,132.33,0,10.92,143.25,Cash,2,False,True,False,Completed
TXN-0000032,RCP-00000032,PH-005,REG-02,EMP-0100,CUS-01787,2026-07-23 14:30:08,Sale,219.41,9.66,17.3,227.05,Debit Card,4,False,True,False,Completed
TXN-0000033,RCP-00000033,PH-002,REG-02,EMP-0024,CUS-03258,2026-05-03 14:13:48,Sale,161.59,0,13.33,174.92,Cash,5,False,True,False,Completed
TXN-0000034,RCP-00000034,PH-002,REG-02,EMP-0042,CUS-01869,2026-07-16 17:42:04,Sale,111.48,0,9.2,120.68,Debit Card,4,False,True,False,Completed
TXN-0000035,RCP-00000035,PH-002,REG-06,EMP-0037,CUS-02115,2026-05-31 10:58:39,Sale,191.56,19.03,14.24,186.77,Credit Card,4,False,True,False,Completed
TXN-0000036,RCP-00000036,PH-001,REG-06,EMP-0019,,2026-07-15 18:58:24,Sale,204.12,10.76,15.96,209.32,Cash,7,False,False,False,Completed
TXN-0000037,RCP-00000037,PH-004,REG-01,EMP-0080,,2026-07-29 20:36:12,Sale,233.34,22.95,17.36,227.75,Credit Card,6,False,False,False,Completed
TXN-0000038,RCP-00000038,PH-005,REG-06,EMP-0089,CUS-04163,2026-05-05 13:25:15,Sale,301.72,1.7,24.76,324.78,Debit Card,3,False,True,False,Completed
TXN-0000039,RCP-00000039,PH-005,REG-03,EMP-0107,CUS-03497,2026-06-21 11:05:10,Sale,277.27,8.26,22.19,291.2,Debit Card,8,False,True,False,Completed
TXN-0000040,RCP-00000040,PH-002,REG-05,EMP-0034,CUS-00106,2026-05-13 14:56:11,Sale,125.02,22.55,8.46,110.93,Cash,4,False,True,True,Completed
TXN-0000041,RCP-00000041,PH-001,REG-01,EMP-0016,CUS-04966,2026-06-12 20:36:09,Sale,230.49,27.35,16.77,219.91,Cash,6,False,True,False,Completed
TXN-0000042,RCP-00000042,PH-004,REG-05,EMP-0081,,2026-06-09 12:09:37,Sale,209.89,0,17.31,227.2,Cash,6,False,False,False,Completed
TXN-0000043,RCP-00000043,PH-001,REG-01,EMP-0006,,2026-06-01 16:53:35,Sale,62.95,0,5.2,68.15,Credit Card,3,False,False,False,Completed
TXN-0000044,RCP-00000044,PH-001,REG-05,EMP-0013,CUS-03567,2026-05-12 13:49:10,Sale,38.33,0,3.16,41.49,Credit Card,2,False,True,False,Completed
TXN-0000045,RCP-00000045,PH-001,REG-01,EMP-0013,,2026-05-24 08:16:58,Sale,35.63,0,2.94,38.57,Debit Card,1,False,False,False,Completed
TXN-0000046,RCP-00000046,PH-003,REG-05,EMP-0056,CUS-02691,2026-07-20 10:11:38,Sale,121.82,0,10.05,131.87,Split Payment,4,False,True,False,Completed
TXN-0000047,RCP-00000047,PH-002,REG-02,EMP-0036,CUS-01170,2026-05-03 19:19:48,Sale,191.45,0,15.8,207.25,Credit Card,3,False,True,False,Completed
TXN-0000048,RCP-00000048,PH-002,REG-05,EMP-0037,CUS-04211,2026-06-07 19:33:38,Sale,80.02,3.07,6.36,83.31,Credit Card,5,False,True,True,Completed
TXN-0000049,RCP-00000049,PH-004,REG-01,EMP-0069,CUS-04595,2026-07-12 16:56:33,Sale,447.21,10.44,36.04,472.81,Credit Card,6,False,True,True,Completed
TXN-0000050,RCP-00000050,PH-004,REG-05,EMP-0069,CUS-01110,2026-06-09 17:57:53,Sale,114.46,0,9.44,123.9,Credit Card,3,False,True,False,Completed
TXN-0000051,RCP-00000051,PH-005,REG-03,EMP-0107,CUS-04651,2026-05-21 17:33:21,Sale,102.33,0,8.44,110.77,Credit Card,4,False,True,False,Completed
TXN-0000052,RCP-00000052,PH-001,REG-03,EMP-0001,,2026-06-17 21:44:13,Sale,129.87,0,10.71,140.58,Cash,2,False,False,False,Completed
TXN-0000053,RCP-00000053,PH-001,REG-06,EMP-0016,CUS-03178,2026-07-02 18:00:31,Sale,178.57,0,14.73,193.3,Gift Card,4,False,True,False,Completed
TXN-0000054,RCP-00000054,PH-004,REG-06,EMP-0078,CUS-02712,2026-05-31 11:10:29,Sale,255.07,6.45,20.52,269.14,Credit Card,4,False,True,False,Completed
TXN-0000055,RCP-00000055,PH-004,REG-03,EMP-0081,CUS-02061,2026-05-05 10:02:02,Sale,234.27,3.15,19.06,250.18,Debit Card,6,False,True,False,Completed
TXN-0000056,RCP-00000056,PH-004,REG-03,EMP-0086,CUS-00036,2026-05-30 12:26:35,Sale,141.92,11.22,10.78,141.48,Debit Card,5,False,True,False,Completed
TXN-0000057,RCP-00000057,PH-004,REG-04,EMP-0086,CUS-02001,2026-05-04 08:33:11,Sale,140.7,8.91,10.87,142.66,Gift Card,3,False,True,False,Completed
TXN-0000058,RCP-00000058,PH-001,REG-02,EMP-0018,CUS-00317,2026-07-29 19:04:21,Sale,242.44,0,20.01,262.45,Cash,6,False,True,False,Completed
TXN-0000059,RCP-00000059,PH-001,REG-06,EMP-0014,CUS-00456,2026-06-16 09:10:11,Sale,93.65,0,7.73,101.38,Debit Card,5,False,True,False,Completed
TXN-0000060,RCP-00000060,PH-001,REG-06,EMP-0016,CUS-02385,2026-05-09 10:26:36,Sale,128.06,0,10.57,138.63,Credit Card,4,False,True,False,Completed
TXN-0000061,RCP-00000061,PH-003,REG-04,EMP-0058,CUS-03712,2026-07-29 21:21:11,Sale,83.89,0,6.92,90.81,Credit Card,2,False,True,False,Completed
TXN-0000062,RCP-00000062,PH-004,REG-02,EMP-0081,CUS-04211,2026-06-14 20:55:03,Sale,88.48,2.02,7.13,93.59,Credit Card,4,False,True,False,Completed
TXN-0000063,RCP-00000063,PH-004,REG-03,EMP-0067,CUS-03259,2026-05-08 18:33:27,Sale,153.37,0,12.65,166.02,Debit Card,4,False,True,False,Completed
TXN-0000064,RCP-00000064,PH-002,REG-01,EMP-0024,,2026-06-06 18:43:17,Sale,184.21,18.28,13.7,179.63,Credit Card,4,False,False,True,Completed
TXN-0000065,RCP-00000065,PH-004,REG-06,EMP-0067,CUS-02337,2026-06-15 18:06:46,Sale,216.66,9.17,17.12,224.61,Debit Card,6,False,True,False,Completed
TXN-0000066,RCP-00000066,PH-002,REG-05,EMP-0023,CUS-01411,2026-07-08 18:39:11,Sale,127.5,0,10.52,138.02,Debit Card,5,False,True,False,Completed
TXN-0000067,RCP-00000067,PH-003,REG-03,EMP-0057,CUS-02329,2026-07-05 18:10:03,Sale,285.21,0,23.53,308.74,Debit Card,7,False,True,False,Completed
TXN-0000068,RCP-00000068,PH-005,REG-05,EMP-0105,CUS-02254,2026-05-30 17:46:25,Sale,285.9,1.62,23.44,307.72,Credit Card,7,False,True,False,Completed
TXN-0000069,RCP-00000069,PH-003,REG-02,EMP-0061,CUS-02634,2026-06-10 18:27:57,Sale,21.44,0,1.77,23.21,Debit Card,1,False,True,False,Completed
TXN-0000070,RCP-00000070,PH-001,REG-04,EMP-0019,CUS-02253,2026-07-19 18:29:46,Sale,58.63,0,4.84,63.47,Credit Card,2,False,True,False,Completed
TXN-0000071,RCP-00000071,PH-002,REG-03,EMP-0035,CUS-01344,2026-05-02 13:54:21,Sale,327.06,0,26.99,354.05,Credit Card,6,False,True,False,Completed
TXN-0000072,RCP-00000072,PH-005,REG-04,EMP-0091,CUS-01483,2026-05-05 20:17:22,Sale,50.11,0,4.13,54.24,Debit Card,2,False,True,False,Completed
TXN-0000073,RCP-00000073,PH-003,REG-02,EMP-0057,,2026-05-29 12:21:32,Sale,340.49,0,28.1,368.59,Credit Card,5,False,False,False,Completed
TXN-0000074,RCP-00000074,PH-005,REG-06,EMP-0101,,2026-06-28 08:07:09,Sale,50.45,0,4.16,54.61,Credit Card,1,False,False,False,Completed
TXN-0000075,RCP-00000075,PH-003,REG-04,EMP-0046,,2026-06-09 09:58:56,Sale,45.58,0,3.76,49.34,Cash,1,False,False,False,Completed
TXN-0000076,RCP-00000076,PH-001,REG-01,EMP-0012,CUS-02590,2026-07-04 14:21:39,Sale,129.34,0,10.67,140.01,Cash,6,False,True,False,Completed
TXN-0000077,RCP-00000077,PH-002,REG-03,EMP-0042,CUS-04461,2026-07-01 09:13:34,Sale,257.83,1.49,21.16,277.5,Credit Card,6,False,True,False,Completed
TXN-0000078,RCP-00000078,PH-005,REG-06,EMP-0108,CUS-02541,2026-05-27 14:37:59,Sale,86.93,10.11,6.34,83.16,Credit Card,2,False,True,False,Completed
TXN-0000079,RCP-00000079,PH-002,REG-05,EMP-0038,CUS-01373,2026-07-19 17:34:35,Sale,123.73,0,10.21,133.94,Credit Card,5,False,True,False,Completed
TXN-0000080,RCP-00000080,PH-004,REG-06,EMP-0079,CUS-00656,2026-06-13 16:14:53,Sale,337.39,0,27.83,365.22,Debit Card,6,False,True,False,Completed
TXN-0000081,RCP-00000081,PH-005,REG-05,EMP-0104,CUS-01037,2026-06-15 11:03:08,Sale,259.9,0,21.43,281.33,Debit Card,5,False,True,False,Completed
TXN-0000082,RCP-00000082,PH-005,REG-04,EMP-0106,CUS-02339,2026-07-23 09:23:50,Sale,511.66,30.27,39.72,521.11,Debit Card,6,False,True,False,Completed
TXN-0000083,RCP-00000083,PH-002,REG-04,EMP-0036,CUS-04857,2026-05-24 18:39:16,Sale,108.64,2.2,8.78,115.22,Credit Card,4,False,True,False,Completed
TXN-0000084,RCP-00000084,PH-002,REG-06,EMP-0037,CUS-00437,2026-06-23 11:15:22,Sale,128.95,0,10.64,139.59,Credit Card,3,False,True,False,Completed
TXN-0000085,RCP-00000085,PH-004,REG-03,EMP-0082,CUS-02612,2026-06-18 10:32:49,Sale,290.4,0,23.97,314.37,Cash,6,False,True,False,Completed
TXN-0000086,RCP-00000086,PH-001,REG-03,EMP-0003,CUS-01074,2026-06-24 11:39:22,Sale,225.73,5.63,18.16,238.26,Debit Card,4,False,True,False,Completed
TXN-0000087,RCP-00000087,PH-002,REG-06,EMP-0041,CUS-03160,2026-05-07 20:13:02,Sale,153.85,5.42,12.24,160.67,Credit Card,5,False,True,False,Completed
TXN-0000088,RCP-00000088,PH-001,REG-03,EMP-0013,CUS-01350,2026-07-20 16:57:02,Sale,11.4,0,0.94,12.34,Debit Card,1,False,True,False,Completed
TXN-0000089,RCP-00000089,PH-004,REG-05,EMP-0085,CUS-01261,2026-06-29 12:05:08,Sale,96.37,4.61,7.57,99.33,Debit Card,4,False,True,False,Completed
TXN-0000090,RCP-00000090,PH-004,REG-01,EMP-0079,,2026-05-09 10:31:15,Sale,251.26,0,20.72,271.98,Credit Card,6,False,False,False,Completed
TXN-0000091,RCP-00000091,PH-005,REG-01,EMP-0106,CUS-01263,2026-05-11 18:36:55,Sale,283.35,10.36,22.51,295.5,Cash,6,False,True,False,Completed
TXN-0000092,RCP-00000092,PH-001,REG-02,EMP-0003,CUS-02040,2026-05-24 19:13:50,Sale,152.61,0,12.59,165.2,Cash,5,False,True,False,Completed
TXN-0000093,RCP-00000093,PH-001,REG-05,EMP-0018,CUS-04128,2026-06-08 08:53:12,Sale,238.81,0,19.71,258.52,Credit Card,4,False,True,False,Completed
TXN-0000094,RCP-00000094,PH-004,REG-04,EMP-0086,CUS-02031,2026-06-08 18:38:15,Sale,101.94,6.93,7.84,102.85,Cash,4,False,True,False,Completed
TXN-0000095,RCP-00000095,PH-003,REG-01,EMP-0057,CUS-04438,2026-07-26 16:49:31,Sale,182.38,26.59,12.85,168.64,Credit Card,4,False,True,True,Completed
TXN-0000096,RCP-00000096,PH-002,REG-05,EMP-0040,,2026-06-30 20:07:57,Sale,220.52,0,18.19,238.71,Credit Card,2,False,False,False,Completed
TXN-0000097,RCP-00000097,PH-002,REG-02,EMP-0023,CUS-01929,2026-05-15 11:34:01,Sale,116.8,0,9.63,126.43,Credit Card,3,False,True,False,Completed
TXN-0000098,RCP-00000098,PH-001,REG-01,EMP-0003,CUS-03939,2026-06-14 13:22:56,Sale,175.07,0,14.44,189.51,Cash,6,False,True,False,Completed
TXN-0000099,RCP-00000099,PH-001,REG-01,EMP-0019,CUS-02727,2026-06-20 17:10:25,Sale,161.75,0,13.35,175.1,Credit Card,3,False,True,False,Completed
TXN-0000100,RCP-00000100,PH-002,REG-02,EMP-0041,CUS-02301,2026-05-29 20:43:17,Sale,385.46,0,31.78,417.24,Cash,7,False,True,False,Completed
TXN-0000101,RCP-00000101,PH-003,REG-03,EMP-0062,CUS-02955,2026-05-04 20:45:38,Sale,127.14,0,10.49,137.63,Debit Card,5,False,True,False,Completed
TXN-0000102,RCP-00000102,PH-002,REG-05,EMP-0040,CUS-03505,2026-06-27 13:16:18,Sale,439.37,9.02,35.5,465.85,Credit Card,5,False,True,False,Completed
TXN-0000103,RCP-00000103,PH-003,REG-05,EMP-0047,CUS-00963,2026-07-08 20:20:37,Sale,153.75,3.37,12.41,162.79,Cash,6,False,True,False,Completed
TXN-0000104,RCP-00000104,PH-003,REG-04,EMP-0057,CUS-02009,2026-06-24 12:05:44,Sale,22.95,0,1.9,24.85,Debit Card,2,False,True,False,Completed
TXN-0000105,RCP-00000105,PH-003,REG-01,EMP-0062,,2026-07-23 14:42:31,Sale,275.12,0,22.69,297.81,Cash,5,False,False,False,Completed
TXN-0000106,RCP-00000106,PH-004,REG-06,EMP-0068,CUS-03288,2026-07-10 17:07:07,Sale,141.28,0,11.66,152.94,Cash,5,False,True,False,Completed
TXN-0000107,RCP-00000107,PH-002,REG-02,EMP-0038,,2026-05-24 15:46:42,Sale,22.69,1.13,1.78,23.34,Credit Card,1,False,False,False,Completed
TXN-0000108,RCP-00000108,PH-003,REG-02,EMP-0063,CUS-04546,2026-07-30 09:10:05,Sale,116.47,8.8,8.88,116.55,Debit Card,3,False,True,False,Completed
TXN-0000109,RCP-00000109,PH-005,REG-05,EMP-0102,CUS-03358,2026-05-22 21:36:41,Sale,287.42,13.32,22.61,296.71,Debit Card,3,False,True,False,Completed
TXN-0000110,RCP-00000110,PH-004,REG-01,EMP-0084,CUS-00300,2026-07-29 19:45:48,Sale,317.57,8.48,25.51,334.6,Debit Card,8,False,True,False,Completed
TXN-0000111,RCP-00000111,PH-001,REG-02,EMP-0003,CUS-00500,2026-05-20 12:21:48,Sale,317.18,4.62,25.78,338.34,Credit Card,7,False,True,False,Completed
TXN-0000112,RCP-00000112,PH-003,REG-06,EMP-0063,CUS-00203,2026-07-09 16:12:30,Sale,321.23,1.34,26.38,346.27,Credit Card,9,False,True,False,Completed
TXN-0000113,RCP-00000113,PH-004,REG-01,EMP-0078,,2026-05-02 12:12:12,Sale,188.23,18.16,14.03,184.1,Credit Card,5,False,False,False,Completed
TXN-0000114,RCP-00000114,PH-004,REG-02,EMP-0080,CUS-01181,2026-05-30 13:54:45,Sale,94.89,0,7.83,102.72,Cash,5,False,True,False,Completed
TXN-0000115,RCP-00000115,PH-005,REG-01,EMP-0106,CUS-04942,2026-06-24 11:40:51,Sale,240.0,0,19.8,259.8,Debit Card,1,False,True,False,Completed
TXN-0000116,RCP-00000116,PH-003,REG-05,EMP-0062,CUS-04765,2026-05-03 11:10:06,Sale,169.28,0.2,13.95,183.03,Credit Card,6,False,True,False,Completed
TXN-0000117,RCP-00000117,PH-005,REG-02,EMP-0108,CUS-04324,2026-06-05 19:39:05,Sale,118.93,0,9.81,128.74,Credit Card,4,False,True,False,Completed
TXN-0000118,RCP-00000118,PH-005,REG-06,EMP-0108,CUS-02968,2026-06-24 13:20:50,Sale,242.96,6.6,19.5,255.86,Credit Card,6,False,True,False,Completed
TXN-0000119,RCP-00000119,PH-002,REG-05,EMP-0040,CUS-00536,2026-05-29 16:28:17,Sale,196.79,2.69,16.02,210.12,Cash,3,False,True,False,Completed
TXN-0000120,RCP-00000120,PH-005,REG-06,EMP-0104,CUS-02975,2026-07-01 19:12:42,Sale,175.85,0,14.52,190.37,Cash,5,False,True,False,Completed
TXN-0000121,RCP-00000121,PH-003,REG-05,EMP-0057,CUS-04045,2026-06-10 14:36:53,Sale,381.02,0,31.43,412.45,Debit Card,5,False,True,False,Completed
TXN-0000122,RCP-00000122,PH-005,REG-05,EMP-0101,CUS-04967,2026-05-24 15:17:15,Sale,73.17,0,6.03,79.2,Credit Card,2,False,True,False,Completed
TXN-0000123,RCP-00000123,PH-005,REG-04,EMP-0103,,2026-07-20 18:24:17,Sale,441.64,11.69,35.47,465.42,Credit Card,6,False,False,False,Completed
TXN-0000124,RCP-00000124,PH-003,REG-05,EMP-0062,CUS-00672,2026-06-14 14:47:58,Sale,139.41,0,11.5,150.91,Credit Card,4,False,True,False,Completed
TXN-0000125,RCP-00000125,PH-001,REG-03,EMP-0002,CUS-04934,2026-05-05 20:53:19,Sale,119.74,1.58,9.73,127.89,Debit Card,5,False,True,False,Completed
TXN-0000126,RCP-00000126,PH-005,REG-05,EMP-0107,,2026-05-06 14:47:58,Sale,196.33,5.42,15.75,206.66,Debit Card,6,False,False,False,Completed
TXN-0000127,RCP-00000127,PH-002,REG-01,EMP-0025,CUS-04576,2026-06-28 21:13:45,Sale,392.37,15.95,31.05,407.47,Debit Card,9,False,True,False,Completed
TXN-0000128,RCP-00000128,PH-002,REG-05,EMP-0023,,2026-05-12 09:35:27,Sale,71.46,0.95,5.82,76.33,Debit Card,2,False,False,False,Completed
TXN-0000129,RCP-00000129,PH-002,REG-03,EMP-0036,CUS-04162,2026-05-20 08:11:20,Sale,363.33,0,29.98,393.31,Gift Card,5,False,True,False,Completed
TXN-0000130,RCP-00000130,PH-001,REG-03,EMP-0003,CUS-01779,2026-06-03 10:05:04,Sale,101.67,0,8.39,110.06,Credit Card,2,False,True,False,Completed
TXN-0000131,RCP-00000131,PH-004,REG-03,EMP-0086,CUS-00838,2026-07-21 08:56:34,Sale,322.02,18.56,25.04,328.5,Debit Card,4,False,True,False,Completed
TXN-0000132,RCP-00000132,PH-004,REG-06,EMP-0085,CUS-04476,2026-06-12 17:35:14,Sale,412.55,6.23,33.5,439.82,Split Payment,8,False,True,False,Completed
TXN-0000133,RCP-00000133,PH-004,REG-06,EMP-0069,,2026-07-26 16:20:37,Sale,457.1,0,37.71,494.81,Cash,6,False,False,False,Completed
TXN-0000134,RCP-00000134,PH-003,REG-02,EMP-0058,,2026-05-05 10:04:57,Sale,207.44,27.05,14.88,195.27,Credit Card,4,False,False,False,Completed
TXN-0000135,RCP-00000135,PH-001,REG-02,EMP-0020,CUS-02949,2026-06-05 21:03:21,Sale,281.3,3.9,22.88,300.28,Credit Card,8,False,True,False,Completed
TXN-0000136,RCP-00000136,PH-004,REG-06,EMP-0069,CUS-02489,2026-07-25 21:30:37,Sale,91.23,3.48,7.23,94.98,Debit Card,2,False,True,False,Completed
TXN-0000137,RCP-00000137,PH-005,REG-02,EMP-0089,,2026-05-09 16:06:41,Sale,510.78,0,42.14,552.92,Debit Card,5,False,False,False,Completed
TXN-0000138,RCP-00000138,PH-002,REG-02,EMP-0025,CUS-01660,2026-07-20 18:09:20,Sale,79.32,0,6.55,85.87,Credit Card,2,False,True,False,Completed
TXN-0000139,RCP-00000139,PH-003,REG-02,EMP-0064,CUS-04185,2026-06-02 13:14:35,Sale,514.56,20.8,40.74,534.5,Cash,6,False,True,False,Completed
TXN-0000140,RCP-00000140,PH-004,REG-02,EMP-0067,CUS-02422,2026-05-13 09:42:41,Sale,126.05,0,10.39,136.44,Gift Card,4,False,True,False,Completed
TXN-0000141,RCP-00000141,PH-001,REG-03,EMP-0015,CUS-01004,2026-06-28 20:39:54,Sale,207.67,2.58,16.92,222.01,Debit Card,4,False,True,False,Completed
TXN-0000142,RCP-00000142,PH-005,REG-02,EMP-0108,CUS-04150,2026-07-09 14:40:04,Sale,120.52,4.59,9.57,125.5,Credit Card,3,False,True,False,Completed
TXN-0000143,RCP-00000143,PH-005,REG-04,EMP-0106,,2026-05-13 15:57:18,Sale,162.74,4.6,13.05,171.19,Credit Card,6,False,False,True,Completed
TXN-0000144,RCP-00000144,PH-003,REG-04,EMP-0060,CUS-01141,2026-06-09 08:00:43,Sale,437.66,0,36.11,473.77,Credit Card,4,False,True,False,Completed
TXN-0000145,RCP-00000145,PH-003,REG-01,EMP-0056,CUS-00091,2026-07-09 20:13:38,Sale,452.84,0,37.36,490.2,Credit Card,7,False,True,False,Completed
TXN-0000146,RCP-00000146,PH-001,REG-03,EMP-0015,CUS-00724,2026-07-25 14:47:15,Sale,71.72,0,5.92,77.64,Debit Card,3,False,True,False,Completed
TXN-0000147,RCP-00000147,PH-005,REG-05,EMP-0106,,2026-07-18 18:45:23,Sale,184.13,0,15.19,199.32,Credit Card,6,False,False,False,Completed
TXN-0000148,RCP-00000148,PH-001,REG-04,EMP-0012,CUS-04026,2026-06-23 18:34:51,Sale,230.41,4.62,18.62,244.41,Credit Card,7,False,True,False,Completed
TXN-0000149,RCP-00000149,PH-003,REG-02,EMP-0045,CUS-04939,2026-07-20 15:45:38,Sale,76.97,1.57,6.23,81.63,Credit Card,4,False,True,False,Completed
TXN-0000150,RCP-00000150,PH-002,REG-04,EMP-0037,CUS-03595,2026-05-06 13:32:51,Sale,110.06,6.52,8.55,112.09,Debit Card,4,False,True,False,Completed
TXN-0000151,RCP-00000151,PH-004,REG-06,EMP-0086,,2026-05-21 18:51:11,Sale,28.54,0,2.35,30.89,Debit Card,1,False,False,False,Completed
TXN-0000152,RCP-00000152,PH-005,REG-03,EMP-0105,CUS-04956,2026-06-11 20:04:02,Sale,290.61,8.08,23.31,305.84,Credit Card,6,False,True,False,Completed
TXN-0000153,RCP-00000153,PH-005,REG-04,EMP-0103,CUS-04779,2026-06-13 18:47:24,Sale,37.77,0,3.12,40.89,Credit Card,1,False,True,False,Completed
TXN-0000154,RCP-00000154,PH-003,REG-01,EMP-0064,CUS-02075,2026-07-24 13:41:02,Sale,41.12,0,3.39,44.51,Debit Card,1,False,True,False,Completed
TXN-0000155,RCP-00000155,PH-005,REG-02,EMP-0108,CUS-03264,2026-07-10 12:43:53,Sale,193.77,6.43,15.46,202.8,Debit Card,4,False,True,False,Completed
TXN-0000156,RCP-00000156,PH-005,REG-04,EMP-0103,CUS-04300,2026-05-13 11:26:38,Sale,164.1,10.07,12.71,166.74,Gift Card,6,False,True,False,Completed
TXN-0000157,RCP-00000157,PH-003,REG-06,EMP-0059,,2026-07-03 14:17:44,Sale,202.98,8.66,16.03,210.35,Debit Card,4,False,False,False,Completed
TXN-0000158,RCP-00000158,PH-005,REG-06,EMP-0105,CUS-03781,2026-06-02 09:25:19,Sale,125.31,0,10.34,135.65,Credit Card,3,False,True,False,Completed
TXN-0000159,RCP-00000159,PH-004,REG-05,EMP-0080,CUS-02818,2026-06-21 17:13:54,Sale,98.56,0.18,8.12,106.5,Cash,3,False,True,False,Completed
TXN-0000160,RCP-00000160,PH-001,REG-06,EMP-0006,,2026-07-31 10:38:11,Sale,193.89,15.14,14.75,193.5,Gift Card,2,False,False,False,Completed
TXN-0000161,RCP-00000161,PH-001,REG-05,EMP-0006,CUS-04101,2026-07-08 19:13:58,Sale,80.92,1.13,6.59,86.38,Gift Card,3,False,True,False,Completed
TXN-0000162,RCP-00000162,PH-002,REG-05,EMP-0035,CUS-02203,2026-07-14 16:43:41,Sale,131.8,4.85,10.47,137.42,Debit Card,5,False,True,False,Completed
TXN-0000163,RCP-00000163,PH-002,REG-01,EMP-0035,CUS-00678,2026-07-17 18:50:24,Sale,43.14,3.09,3.31,43.36,Debit Card,2,False,True,False,Completed
TXN-0000164,RCP-00000164,PH-002,REG-05,EMP-0041,,2026-05-19 18:02:29,Sale,258.7,13.36,20.25,265.59,Credit Card,6,False,False,True,Completed
TXN-0000165,RCP-00000165,PH-005,REG-05,EMP-0089,,2026-05-12 20:22:17,Sale,282.52,15.07,22.06,289.51,Credit Card,4,False,False,True,Completed
TXN-0000166,RCP-00000166,PH-002,REG-02,EMP-0024,,2026-07-18 08:19:33,Sale,77.69,0,6.41,84.1,Debit Card,3,False,False,False,Completed
TXN-0000167,RCP-00000167,PH-005,REG-01,EMP-0101,,2026-07-19 16:47:09,Sale,140.21,5.42,11.13,145.92,Credit Card,3,False,False,False,Completed
TXN-0000168,RCP-00000168,PH-005,REG-01,EMP-0102,CUS-03431,2026-06-03 10:55:23,Sale,256.66,14.07,20.01,262.6,Debit Card,7,False,True,False,Completed
TXN-0000169,RCP-00000169,PH-002,REG-04,EMP-0037,CUS-02959,2026-07-29 13:01:28,Sale,123.63,0,10.2,133.83,Cash,3,False,True,False,Completed
TXN-0000170,RCP-00000170,PH-004,REG-02,EMP-0069,CUS-00963,2026-07-30 15:17:23,Sale,375.96,0,31.01,406.97,Credit Card,6,False,True,False,Completed
TXN-0000171,RCP-00000171,PH-005,REG-06,EMP-0104,CUS-02703,2026-06-03 20:26:42,Sale,199.61,23.39,14.54,190.76,Gift Card,4,False,True,False,Completed
TXN-0000172,RCP-00000172,PH-002,REG-03,EMP-0041,,2026-05-28 09:31:58,Sale,445.53,0,36.75,482.28,Cash,6,False,False,False,Completed
TXN-0000173,RCP-00000173,PH-001,REG-05,EMP-0002,CUS-03420,2026-05-30 20:47:37,Sale,443.18,0,36.56,479.74,Debit Card,5,False,True,False,Completed
TXN-0000174,RCP-00000174,PH-005,REG-04,EMP-0089,,2026-06-23 13:41:43,Sale,171.2,5.2,13.7,179.7,Credit Card,4,False,False,False,Completed
TXN-0000175,RCP-00000175,PH-005,REG-04,EMP-0107,CUS-01935,2026-05-05 10:58:00,Sale,73.34,0,6.05,79.39,Debit Card,2,False,True,False,Completed
TXN-0000176,RCP-00000176,PH-004,REG-02,EMP-0079,,2026-06-12 14:15:47,Sale,218.29,4.73,17.61,231.17,Cash,4,False,False,False,Completed
TXN-0000177,RCP-00000177,PH-004,REG-02,EMP-0078,CUS-02681,2026-06-28 21:27:26,Sale,39.48,0,3.26,42.74,Debit Card,1,False,True,False,Completed
TXN-0000178,RCP-00000178,PH-003,REG-05,EMP-0046,CUS-02108,2026-06-08 16:28:42,Sale,207.47,0,17.12,224.59,Cash,4,False,True,False,Completed
TXN-0000179,RCP-00000179,PH-005,REG-04,EMP-0106,CUS-03427,2026-07-18 14:17:49,Sale,35.93,0,2.97,38.9,Credit Card,3,False,True,False,Completed
TXN-0000180,RCP-00000180,PH-002,REG-04,EMP-0034,CUS-04572,2026-05-19 08:14:29,Sale,51.53,0,4.25,55.78,Credit Card,1,False,True,False,Completed
TXN-0000181,RCP-00000181,PH-004,REG-03,EMP-0080,CUS-02004,2026-07-29 12:45:56,Sale,201.1,5.79,16.12,211.43,Gift Card,6,False,True,False,Completed
TXN-0000182,RCP-00000182,PH-002,REG-06,EMP-0023,CUS-00880,2026-06-10 11:10:29,Sale,188.94,1.27,15.48,203.15,Debit Card,5,False,True,False,Completed
TXN-0000183,RCP-00000183,PH-001,REG-02,EMP-0018,CUS-01834,2026-07-18 13:26:23,Sale,148.36,0,12.24,160.6,Split Payment,3,False,True,False,Completed
TXN-0000184,RCP-00000184,PH-003,REG-03,EMP-0047,CUS-04489,2026-07-05 17:44:45,Sale,232.97,0,19.22,252.19,Credit Card,8,False,True,False,Completed
TXN-0000185,RCP-00000185,PH-001,REG-04,EMP-0019,CUS-01012,2026-07-01 15:30:46,Sale,126.7,0,10.46,137.16,Credit Card,5,False,True,False,Completed
TXN-0000186,RCP-00000186,PH-004,REG-01,EMP-0069,CUS-03291,2026-06-04 14:54:02,Sale,373.48,19.06,29.25,383.67,Gift Card,7,False,True,False,Completed
TXN-0000187,RCP-00000187,PH-002,REG-05,EMP-0037,CUS-04906,2026-05-09 19:33:05,Sale,282.73,32.54,20.64,270.83,Credit Card,5,False,True,True,Completed
TXN-0000188,RCP-00000188,PH-003,REG-04,EMP-0046,CUS-01169,2026-07-01 18:21:47,Sale,109.13,9.79,8.2,107.54,Credit Card,6,False,True,True,Completed
TXN-0000189,RCP-00000189,PH-003,REG-02,EMP-0045,CUS-01202,2026-05-23 15:59:28,Sale,325.76,11.16,25.95,340.55,Gift Card,6,False,True,False,Completed
TXN-0000190,RCP-00000190,PH-005,REG-06,EMP-0090,,2026-05-24 08:48:44,Sale,189.32,0,15.61,204.93,Cash,6,False,False,False,Completed
TXN-0000191,RCP-00000191,PH-003,REG-01,EMP-0058,CUS-04076,2026-06-25 11:59:53,Sale,560.38,28.35,43.89,575.92,Cash,8,False,True,False,Completed
TXN-0000192,RCP-00000192,PH-005,REG-06,EMP-0089,,2026-05-07 18:29:03,Sale,45.58,0,3.76,49.34,Credit Card,1,False,False,False,Completed
TXN-0000193,RCP-00000193,PH-005,REG-02,EMP-0104,,2026-06-15 15:52:31,Sale,179.61,1.4,14.71,192.92,Credit Card,7,False,False,False,Completed
TXN-0000194,RCP-00000194,PH-005,REG-05,EMP-0101,CUS-04996,2026-07-30 19:42:29,Sale,158.36,0,13.06,171.42,Debit Card,6,False,True,False,Completed
TXN-0000195,RCP-00000195,PH-003,REG-05,EMP-0061,CUS-03168,2026-07-03 16:19:13,Sale,53.91,5.91,3.96,51.96,Credit Card,2,False,True,False,Completed
TXN-0000196,RCP-00000196,PH-001,REG-06,EMP-0002,CUS-04658,2026-05-15 14:51:31,Sale,116.57,7.35,9.0,118.22,Debit Card,3,False,True,False,Completed
TXN-0000197,RCP-00000197,PH-004,REG-06,EMP-0080,CUS-01407,2026-06-06 11:15:21,Sale,333.58,2.57,27.31,358.32,Cash,7,False,True,False,Completed
TXN-0000198,RCP-00000198,PH-001,REG-02,EMP-0018,CUS-03953,2026-06-01 13:30:44,Sale,114.53,11.24,8.53,111.82,Cash,5,False,True,False,Completed
TXN-0000199,RCP-00000199,PH-004,REG-05,EMP-0082,CUS-03422,2026-06-27 19:54:23,Sale,168.77,2.23,13.74,180.28,Debit Card,6,False,True,False,Completed
TXN-0000200,RCP-00000200,PH-002,REG-03,EMP-0025,CUS-00012,2026-06-04 12:53:37,Sale,356.79,13.67,28.3,371.42,Cash,7,False,True,False,Completed
TXN-0000201,RCP-00000201,PH-002,REG-02,EMP-0036,,2026-06-07 10:19:53,Sale,93.66,9.36,6.96,91.26,Cash,3,False,False,True,Completed
TXN-0000202,RCP-00000202,PH-003,REG-05,EMP-0045,,2026-05-23 12:24:24,Sale,421.02,10.66,33.87,444.23,Credit Card,10,False,False,False,Completed
TXN-0000203,RCP-00000203,PH-001,REG-03,EMP-0013,CUS-03599,2026-06-02 14:44:48,Sale,180.71,0,14.92,195.63,Cash,4,False,True,False,Completed
TXN-0000204,RCP-00000204,PH-005,REG-01,EMP-0089,CUS-01773,2026-05-12 12:07:18,Sale,128.28,7.38,9.98,130.88,Credit Card,4,False,True,False,Completed
TXN-0000205,RCP-00000205,PH-005,REG-06,EMP-0108,CUS-04123,2026-07-27 16:41:19,Sale,51.09,0,4.21,55.3,Credit Card,2,False,True,False,Completed
TXN-0000206,RCP-00000206,PH-004,REG-05,EMP-0068,,2026-06-14 18:20:38,Sale,130.49,6.36,10.24,134.37,Cash,4,False,False,False,Completed
TXN-0000207,RCP-00000207,PH-002,REG-02,EMP-0039,CUS-00102,2026-07-26 11:18:11,Sale,215.55,21.88,15.99,209.66,Credit Card,4,False,True,False,Completed
TXN-0000208,RCP-00000208,PH-005,REG-02,EMP-0107,,2026-07-29 19:12:41,Sale,61.99,0,5.12,67.11,Debit Card,3,False,False,False,Completed
TXN-0000209,RCP-00000209,PH-001,REG-04,EMP-0003,,2026-05-05 15:41:21,Sale,294.94,4.43,23.96,314.47,Debit Card,5,False,False,False,Completed
TXN-0000210,RCP-00000210,PH-002,REG-06,EMP-0025,CUS-00848,2026-06-26 16:20:44,Sale,123.84,7.02,9.64,126.46,Debit Card,4,False,True,False,Completed
TXN-0000211,RCP-00000211,PH-002,REG-04,EMP-0036,CUS-00580,2026-05-09 16:39:38,Sale,260.03,31.42,18.86,247.47,Credit Card,6,False,True,False,Completed
TXN-0000212,RCP-00000212,PH-005,REG-03,EMP-0090,CUS-00095,2026-06-10 19:26:08,Sale,49.64,0,4.1,53.74,Credit Card,2,False,True,False,Completed
TXN-0000213,RCP-00000213,PH-005,REG-04,EMP-0100,CUS-02683,2026-06-02 13:06:12,Sale,93.57,0,7.72,101.29,Debit Card,3,False,True,False,Completed
TXN-0000214,RCP-00000214,PH-002,REG-06,EMP-0040,CUS-02746,2026-06-09 20:22:46,Sale,118.43,13.54,8.66,113.55,Cash,3,False,True,True,Completed
TXN-0000215,RCP-00000215,PH-002,REG-03,EMP-0024,CUS-00657,2026-05-22 18:52:34,Sale,24.1,0,1.99,26.09,Credit Card,1,False,True,False,Completed
TXN-0000216,RCP-00000216,PH-002,REG-05,EMP-0024,CUS-01321,2026-07-12 18:54:47,Sale,338.6,24.14,25.95,340.41,Debit Card,6,False,True,False,Completed
TXN-0000217,RCP-00000217,PH-001,REG-03,EMP-0016,,2026-05-24 19:26:19,Sale,133.67,5.27,10.59,138.99,Cash,4,False,False,False,Completed
TXN-0000218,RCP-00000218,PH-005,REG-04,EMP-0089,CUS-01052,2026-06-29 17:30:55,Sale,62.51,0,5.16,67.67,Credit Card,2,False,True,False,Completed
TXN-0000219,RCP-00000219,PH-003,REG-01,EMP-0045,CUS-03237,2026-05-07 21:02:51,Sale,278.49,9.14,22.22,291.57,Cash,5,False,True,False,Completed
TXN-0000220,RCP-00000220,PH-005,REG-04,EMP-0105,,2026-07-18 20:38:57,Sale,139.19,0,11.48,150.67,Credit Card,5,False,False,False,Completed
TXN-0000221,RCP-00000221,PH-002,REG-04,EMP-0040,CUS-02799,2026-05-05 12:23:07,Sale,434.11,0,35.81,469.92,Credit Card,4,False,True,False,Completed
TXN-0000222,RCP-00000222,PH-003,REG-02,EMP-0062,CUS-04419,2026-06-19 13:39:12,Sale,61.06,0,5.04,66.1,Credit Card,2,False,True,False,Completed
TXN-0000223,RCP-00000223,PH-005,REG-05,EMP-0106,CUS-00255,2026-05-19 15:05:43,Sale,220.01,1.85,18.0,236.16,Debit Card,6,False,True,False,Completed
TXN-0000224,RCP-00000224,PH-005,REG-01,EMP-0091,CUS-01110,2026-06-22 20:37:59,Sale,139.45,10.12,10.66,139.99,Debit Card,4,False,True,True,Completed
TXN-0000225,RCP-00000225,PH-003,REG-04,EMP-0061,CUS-03961,2026-05-10 08:44:19,Sale,242.18,15.41,18.7,245.47,Credit Card,6,False,True,False,Completed
TXN-0000226,RCP-00000226,PH-004,REG-04,EMP-0085,,2026-07-15 16:36:39,Sale,247.23,0,20.39,267.62,Credit Card,6,False,False,False,Completed
TXN-0000227,RCP-00000227,PH-003,REG-04,EMP-0057,,2026-05-25 10:15:05,Sale,157.1,5.6,12.5,164.0,Credit Card,3,False,False,False,Completed
TXN-0000228,RCP-00000228,PH-004,REG-01,EMP-0086,CUS-03113,2026-05-30 08:52:50,Sale,26.69,0,2.2,28.89,Credit Card,1,False,True,False,Completed
TXN-0000229,RCP-00000229,PH-003,REG-02,EMP-0046,CUS-00222,2026-05-26 09:40:04,Sale,79.62,0,6.57,86.19,Debit Card,4,False,True,False,Completed
TXN-0000230,RCP-00000230,PH-003,REG-03,EMP-0063,CUS-03477,2026-07-19 11:35:16,Sale,231.34,0,19.09,250.43,Cash,4,False,True,False,Completed
TXN-0000231,RCP-00000231,PH-005,REG-04,EMP-0108,CUS-03021,2026-05-16 14:33:08,Sale,127.13,0,10.48,137.61,Gift Card,5,False,True,False,Completed
TXN-0000232,RCP-00000232,PH-003,REG-01,EMP-0063,CUS-04800,2026-05-05 21:31:45,Sale,168.94,0,13.93,182.87,Credit Card,5,False,True,False,Completed
TXN-0000233,RCP-00000233,PH-001,REG-02,EMP-0016,,2026-06-12 08:24:36,Sale,134.68,3.52,10.82,141.98,Credit Card,6,False,False,False,Completed
TXN-0000234,RCP-00000234,PH-005,REG-06,EMP-0103,CUS-01824,2026-06-12 08:05:48,Sale,113.14,0,9.34,122.48,Credit Card,4,False,True,False,Completed
TXN-0000235,RCP-00000235,PH-002,REG-04,EMP-0040,CUS-04895,2026-07-13 18:44:49,Sale,258.35,47.1,17.43,228.68,Credit Card,2,False,True,False,Completed
TXN-0000236,RCP-00000236,PH-003,REG-06,EMP-0064,CUS-02903,2026-06-02 20:19:38,Sale,181.5,0,14.97,196.47,Credit Card,4,False,True,False,Completed
TXN-0000237,RCP-00000237,PH-003,REG-04,EMP-0062,,2026-07-27 08:10:13,Sale,58.55,4.59,4.45,58.41,Credit Card,2,False,False,False,Completed
TXN-0000238,RCP-00000238,PH-003,REG-03,EMP-0047,CUS-01896,2026-07-04 13:06:05,Sale,231.67,20.34,17.43,228.76,Credit Card,6,False,True,False,Completed
TXN-0000239,RCP-00000239,PH-002,REG-02,EMP-0041,,2026-07-28 20:14:52,Sale,20.9,0,1.72,22.62,Cash,1,False,False,False,Completed
TXN-0000240,RCP-00000240,PH-001,REG-03,EMP-0001,CUS-00012,2026-07-20 13:07:02,Sale,422.08,0,34.81,456.89,Gift Card,5,False,True,False,Completed
TXN-0000241,RCP-00000241,PH-002,REG-06,EMP-0034,CUS-03713,2026-05-01 16:36:35,Sale,79.85,4.59,6.21,81.47,Debit Card,5,False,True,False,Completed
TXN-0000242,RCP-00000242,PH-003,REG-03,EMP-0064,CUS-01224,2026-06-29 18:53:57,Sale,389.84,0.44,32.14,421.54,Credit Card,7,False,True,False,Completed
TXN-0000243,RCP-00000243,PH-001,REG-04,EMP-0016,CUS-00465,2026-07-16 17:01:12,Sale,319.66,34.35,23.55,308.86,Credit Card,6,False,True,False,Completed
TXN-0000244,RCP-00000244,PH-005,REG-01,EMP-0104,CUS-03517,2026-05-29 18:25:08,Sale,53.29,0,4.4,57.69,Debit Card,1,False,True,False,Completed
TXN-0000245,RCP-00000245,PH-003,REG-04,EMP-0057,CUS-02654,2026-07-17 11:41:35,Sale,579.78,0,47.84,627.62,Debit Card,7,False,True,False,Completed
TXN-0000246,RCP-00000246,PH-003,REG-02,EMP-0045,CUS-03578,2026-06-30 09:48:05,Sale,164.91,0,13.6,178.51,Credit Card,3,False,True,False,Completed
TXN-0000247,RCP-00000247,PH-003,REG-05,EMP-0046,CUS-02179,2026-06-26 11:56:53,Sale,155.55,2.3,12.64,165.89,Credit Card,3,False,True,False,Completed
TXN-0000248,RCP-00000248,PH-002,REG-02,EMP-0025,CUS-01807,2026-06-12 19:57:37,Sale,255.44,36.3,18.07,237.21,Credit Card,7,False,True,True,Completed
TXN-0000249,RCP-00000249,PH-004,REG-03,EMP-0084,CUS-03553,2026-06-03 18:12:08,Sale,169.24,1.43,13.85,181.66,Split Payment,4,False,True,False,Completed
TXN-0000250,RCP-00000250,PH-005,REG-06,EMP-0104,,2026-05-09 19:55:42,Sale,60.86,0,5.02,65.88,Debit Card,2,False,False,False,Completed
TXN-0000251,RCP-00000251,PH-004,REG-06,EMP-0080,,2026-06-12 10:55:05,Sale,140.51,0,11.59,152.1,Credit Card,4,False,False,False,Completed
TXN-0000252,RCP-00000252,PH-005,REG-05,EMP-0103,CUS-02116,2026-06-19 16:30:11,Sale,33.35,3.34,2.48,32.49,Debit Card,1,False,True,False,Completed
TXN-0000253,RCP-00000253,PH-005,REG-04,EMP-0091,CUS-04614,2026-07-21 20:33:57,Sale,109.9,0,9.05,118.95,Credit Card,5,False,True,False,Completed
TXN-0000254,RCP-00000254,PH-005,REG-01,EMP-0090,,2026-06-27 21:14:36,Sale,192.54,0,15.88,208.42,Split Payment,4,False,False,False,Completed
TXN-0000255,RCP-00000255,PH-005,REG-06,EMP-0107,CUS-02802,2026-06-04 10:00:32,Sale,160.42,0,13.23,173.65,Debit Card,5,False,True,False,Completed
TXN-0000256,RCP-00000256,PH-001,REG-02,EMP-0016,CUS-01902,2026-06-10 17:10:38,Sale,146.79,18.15,10.62,139.26,Cash,4,False,True,False,Completed
TXN-0000257,RCP-00000257,PH-002,REG-04,EMP-0024,,2026-07-20 08:57:05,Sale,161.99,7.85,12.71,166.85,Credit Card,5,False,False,False,Completed
TXN-0000258,RCP-00000258,PH-005,REG-05,EMP-0105,CUS-00730,2026-07-25 16:12:41,Sale,169.52,0,13.99,183.51,Split Payment,2,False,True,False,Completed
TXN-0000259,RCP-00000259,PH-005,REG-06,EMP-0105,CUS-02051,2026-06-04 19:56:47,Sale,335.48,15.49,26.4,346.39,Debit Card,7,False,True,False,Completed
TXN-0000260,RCP-00000260,PH-005,REG-04,EMP-0089,CUS-04051,2026-07-26 08:05:52,Sale,272.97,0,22.53,295.5,Cash,6,False,True,False,Completed
TXN-0000261,RCP-00000261,PH-002,REG-05,EMP-0036,CUS-01779,2026-05-15 08:06:25,Sale,136.13,0,11.23,147.36,Debit Card,4,False,True,False,Completed
TXN-0000262,RCP-00000262,PH-003,REG-05,EMP-0047,CUS-02320,2026-05-07 18:17:57,Sale,119.58,0,9.87,129.45,Debit Card,3,False,True,False,Completed
TXN-0000263,RCP-00000263,PH-005,REG-06,EMP-0091,CUS-00033,2026-06-29 20:29:01,Sale,50.05,0,4.13,54.18,Debit Card,3,False,True,False,Completed
TXN-0000264,RCP-00000264,PH-002,REG-05,EMP-0035,CUS-00532,2026-06-17 14:22:21,Sale,326.31,0.38,26.88,352.81,Credit Card,8,False,True,False,Completed
TXN-0000265,RCP-00000265,PH-005,REG-01,EMP-0105,CUS-02360,2026-06-29 18:56:21,Sale,183.68,1.23,15.05,197.5,Cash,5,False,True,False,Completed
TXN-0000266,RCP-00000266,PH-005,REG-03,EMP-0107,CUS-02665,2026-07-31 18:11:11,Sale,66.64,0,5.5,72.14,Credit Card,2,False,True,False,Completed
TXN-0000267,RCP-00000267,PH-002,REG-03,EMP-0040,,2026-07-20 10:47:49,Sale,151.75,2.3,12.33,161.78,Gift Card,4,False,False,False,Completed
TXN-0000268,RCP-00000268,PH-004,REG-02,EMP-0078,CUS-03049,2026-05-11 08:38:58,Sale,129.1,4.01,10.33,135.42,Debit Card,5,False,True,False,Completed
TXN-0000269,RCP-00000269,PH-003,REG-05,EMP-0056,CUS-02352,2026-05-27 20:26:40,Sale,290.97,25.8,21.87,287.04,Credit Card,5,False,True,False,Completed
TXN-0000270,RCP-00000270,PH-004,REG-02,EMP-0067,,2026-06-02 20:26:00,Sale,147.91,3.1,11.95,156.76,Credit Card,3,False,False,False,Completed
TXN-0000271,RCP-00000271,PH-003,REG-01,EMP-0058,CUS-04816,2026-05-10 19:16:21,Sale,64.41,2.32,5.12,67.21,Credit Card,2,False,True,False,Completed
TXN-0000272,RCP-00000272,PH-002,REG-01,EMP-0039,CUS-03987,2026-06-30 21:30:02,Sale,110.06,7.09,8.49,111.46,Debit Card,2,False,True,False,Completed
TXN-0000273,RCP-00000273,PH-001,REG-04,EMP-0012,CUS-01091,2026-07-09 18:42:59,Sale,181.53,3.43,14.7,192.8,Credit Card,4,False,True,False,Completed
TXN-0000274,RCP-00000274,PH-004,REG-02,EMP-0086,CUS-03535,2026-06-08 14:38:19,Sale,134.22,0,11.08,145.3,Debit Card,4,False,True,False,Completed
TXN-0000275,RCP-00000275,PH-004,REG-04,EMP-0069,CUS-01170,2026-06-07 17:48:54,Sale,113.75,0,9.39,123.14,Debit Card,3,False,True,False,Completed
TXN-0000276,RCP-00000276,PH-002,REG-03,EMP-0034,CUS-02060,2026-05-20 20:43:43,Sale,231.28,0,19.08,250.36,Debit Card,7,False,True,False,Completed
TXN-0000277,RCP-00000277,PH-001,REG-02,EMP-0016,,2026-07-18 09:14:42,Sale,137.26,3.61,11.02,144.67,Debit Card,5,False,False,False,Completed
TXN-0000278,RCP-00000278,PH-002,REG-06,EMP-0037,CUS-04106,2026-07-30 20:01:04,Sale,254.65,25.53,18.9,248.02,Cash,7,False,True,True,Completed
TXN-0000279,RCP-00000279,PH-001,REG-01,EMP-0002,CUS-00649,2026-05-02 19:00:44,Sale,320.18,8.63,25.71,337.26,Credit Card,6,False,True,False,Completed
TXN-0000280,RCP-00000280,PH-003,REG-06,EMP-0063,,2026-05-06 08:39:15,Sale,153.26,10.28,11.8,154.78,Credit Card,4,False,False,False,Completed
TXN-0000281,RCP-00000281,PH-003,REG-05,EMP-0047,CUS-00352,2026-05-19 19:28:24,Sale,250.24,32.11,18.0,236.13,Cash,5,False,True,False,Completed
TXN-0000282,RCP-00000282,PH-001,REG-03,EMP-0006,CUS-02102,2026-05-18 13:06:21,Sale,156.03,1.48,12.75,167.3,Debit Card,4,False,True,False,Completed
TXN-0000283,RCP-00000283,PH-001,REG-04,EMP-0015,CUS-02620,2026-05-07 18:21:01,Sale,348.78,2.82,28.53,374.49,Credit Card,6,False,True,False,Completed
TXN-0000284,RCP-00000284,PH-005,REG-06,EMP-0091,CUS-04627,2026-06-13 11:59:46,Sale,150.61,1.54,12.29,161.36,Credit Card,5,False,True,False,Completed
TXN-0000285,RCP-00000285,PH-004,REG-01,EMP-0082,,2026-07-02 19:53:17,Sale,259.25,0,21.39,280.64,Debit Card,4,False,False,False,Completed
TXN-0000286,RCP-00000286,PH-003,REG-03,EMP-0046,,2026-07-01 12:34:43,Sale,63.91,0,5.27,69.18,Cash,2,False,False,False,Completed
TXN-0000287,RCP-00000287,PH-004,REG-01,EMP-0082,CUS-00584,2026-06-18 20:44:25,Sale,178.08,3.22,14.42,189.28,Debit Card,3,False,True,False,Completed
TXN-0000288,RCP-00000288,PH-002,REG-04,EMP-0039,CUS-02868,2026-07-26 10:42:13,Sale,339.71,31.03,25.47,334.15,Debit Card,4,False,True,False,Completed
TXN-0000289,RCP-00000289,PH-002,REG-04,EMP-0034,CUS-02781,2026-06-14 10:39:38,Sale,109.19,0,9.01,118.2,Credit Card,3,False,True,False,Completed
TXN-0000290,RCP-00000290,PH-003,REG-02,EMP-0063,CUS-04797,2026-06-22 12:17:08,Sale,28.09,0,2.32,30.41,Debit Card,1,False,True,False,Completed
TXN-0000291,RCP-00000291,PH-002,REG-06,EMP-0039,CUS-03719,2026-06-28 09:35:46,Sale,98.19,0,8.11,106.3,Gift Card,2,False,True,False,Completed
TXN-0000292,RCP-00000292,PH-002,REG-04,EMP-0037,CUS-02214,2026-05-06 21:06:26,Sale,292.96,0,24.17,317.13,Credit Card,6,False,True,False,Completed
TXN-0000293,RCP-00000293,PH-003,REG-06,EMP-0062,CUS-02367,2026-05-27 17:16:18,Sale,295.2,5.96,23.86,313.1,Credit Card,6,False,True,False,Completed
TXN-0000294,RCP-00000294,PH-005,REG-04,EMP-0102,CUS-04669,2026-06-30 16:56:31,Sale,261.41,0,21.56,282.97,Cash,8,False,True,False,Completed
TXN-0000295,RCP-00000295,PH-002,REG-06,EMP-0041,CUS-02201,2026-05-31 11:47:03,Sale,91.89,1.54,7.46,97.81,Gift Card,4,False,True,False,Completed
TXN-0000296,RCP-00000296,PH-001,REG-05,EMP-0002,,2026-06-07 13:00:27,Sale,119.46,4.78,9.46,124.14,Gift Card,4,False,False,False,Completed
TXN-0000297,RCP-00000297,PH-005,REG-01,EMP-0100,CUS-00925,2026-06-10 20:55:32,Sale,270.64,5.69,21.86,286.81,Credit Card,5,False,True,False,Completed
TXN-0000298,RCP-00000298,PH-004,REG-05,EMP-0078,CUS-04369,2026-05-22 21:31:10,Sale,105.84,0,8.74,114.58,Debit Card,4,False,True,False,Completed
TXN-0000299,RCP-00000299,PH-005,REG-03,EMP-0102,CUS-03915,2026-05-17 17:14:01,Sale,62.32,0,5.14,67.46,Credit Card,2,False,True,False,Completed
TXN-0000300,RCP-00000300,PH-005,REG-04,EMP-0107,CUS-02593,2026-05-22 17:17:46,Sale,99.17,0,8.19,107.36,Debit Card,3,False,True,False,Completed
TXN-0000301,RCP-00000301,PH-004,REG-03,EMP-0080,CUS-03834,2026-07-09 08:54:39,Sale,208.4,1.97,17.03,223.46,Credit Card,6,False,True,False,Completed
TXN-0000302,RCP-00000302,PH-002,REG-02,EMP-0042,,2026-06-16 20:29:48,Sale,47.53,0,3.92,51.45,Gift Card,3,False,False,False,Completed
TXN-0000303,RCP-00000303,PH-003,REG-02,EMP-0064,CUS-02380,2026-05-08 10:10:21,Sale,44.17,0,3.64,47.81,Cash,1,False,True,False,Completed
TXN-0000304,RCP-00000304,PH-004,REG-03,EMP-0069,CUS-04609,2026-06-27 20:40:58,Sale,252.93,2.98,20.62,270.57,Debit Card,6,False,True,False,Completed
TXN-0000305,RCP-00000305,PH-002,REG-01,EMP-0024,CUS-01653,2026-07-21 19:34:21,Sale,131.24,24.66,8.79,115.37,Cash,3,False,True,True,Completed
TXN-0000306,RCP-00000306,PH-001,REG-01,EMP-0015,CUS-01180,2026-06-21 17:31:33,Sale,80.19,0,6.62,86.81,Credit Card,2,False,True,False,Completed
TXN-0000307,RCP-00000307,PH-005,REG-06,EMP-0103,CUS-02009,2026-05-07 15:05:51,Sale,150.08,0,12.38,162.46,Debit Card,6,False,True,False,Completed
TXN-0000308,RCP-00000308,PH-004,REG-06,EMP-0082,CUS-03409,2026-06-18 15:50:29,Sale,318.43,18.52,24.73,324.64,Credit Card,8,False,True,False,Completed
TXN-0000309,RCP-00000309,PH-005,REG-03,EMP-0089,CUS-01174,2026-05-31 13:47:50,Sale,302.18,0,24.93,327.11,Credit Card,4,False,True,False,Completed
TXN-0000310,RCP-00000310,PH-002,REG-03,EMP-0040,CUS-00447,2026-06-14 19:56:53,Sale,114.6,8.42,8.77,114.95,Cash,5,False,True,False,Completed
TXN-0000311,RCP-00000311,PH-001,REG-03,EMP-0017,CUS-04784,2026-06-07 18:46:21,Sale,125.77,0.26,10.36,135.87,Credit Card,4,False,True,False,Completed
TXN-0000312,RCP-00000312,PH-004,REG-05,EMP-0082,CUS-04908,2026-07-26 08:50:04,Sale,520.95,3.65,42.68,559.98,Debit Card,8,False,True,False,Completed
TXN-0000313,RCP-00000313,PH-002,REG-04,EMP-0037,,2026-07-18 18:47:05,Sale,162.71,2.96,13.19,172.94,Debit Card,3,False,False,False,Completed
TXN-0000314,RCP-00000314,PH-004,REG-02,EMP-0080,CUS-00900,2026-06-20 16:04:22,Sale,196.38,11.65,15.23,199.96,Split Payment,6,False,True,False,Completed
TXN-0000315,RCP-00000315,PH-002,REG-05,EMP-0039,CUS-03236,2026-05-26 13:59:04,Sale,88.6,0,7.31,95.91,Debit Card,4,False,True,False,Completed
TXN-0000316,RCP-00000316,PH-004,REG-06,EMP-0078,CUS-01328,2026-07-12 11:05:36,Sale,160.03,8.56,12.49,163.96,Debit Card,4,False,True,False,Completed
TXN-0000317,RCP-00000317,PH-001,REG-04,EMP-0002,CUS-00742,2026-05-12 15:24:13,Sale,89.31,0,7.37,96.68,Credit Card,2,False,True,False,Completed
TXN-0000318,RCP-00000318,PH-002,REG-06,EMP-0034,CUS-03854,2026-05-18 11:00:26,Sale,104.17,1.46,8.47,111.18,Cash,3,False,True,False,Completed
TXN-0000319,RCP-00000319,PH-001,REG-01,EMP-0015,CUS-01786,2026-05-22 21:47:10,Sale,151.32,2.51,12.28,161.09,Credit Card,5,False,True,True,Completed
TXN-0000320,RCP-00000320,PH-005,REG-05,EMP-0107,,2026-06-02 11:58:41,Sale,151.25,1.28,12.37,162.34,Cash,3,False,False,False,Completed
TXN-0000321,RCP-00000321,PH-003,REG-04,EMP-0063,CUS-03393,2026-06-16 10:32:04,Sale,124.17,6.95,9.68,126.9,Credit Card,6,False,True,False,Completed
TXN-0000322,RCP-00000322,PH-001,REG-06,EMP-0020,,2026-06-26 18:21:03,Sale,85.47,0,7.05,92.52,Credit Card,4,False,False,False,Completed
TXN-0000323,RCP-00000323,PH-005,REG-05,EMP-0091,,2026-06-19 11:32:32,Sale,152.26,4.92,12.17,159.51,Debit Card,5,False,False,False,Completed
TXN-0000324,RCP-00000324,PH-001,REG-06,EMP-0012,CUS-02159,2026-07-26 21:08:36,Sale,250.23,0,20.65,270.88,Credit Card,4,False,True,False,Completed
TXN-0000325,RCP-00000325,PH-001,REG-01,EMP-0019,CUS-02840,2026-07-08 17:54:05,Sale,90.3,0,7.45,97.75,Debit Card,4,False,True,False,Completed
TXN-0000326,RCP-00000326,PH-004,REG-02,EMP-0080,CUS-03357,2026-06-07 09:35:49,Sale,5.8,0,0.48,6.28,Gift Card,1,False,True,False,Completed
TXN-0000327,RCP-00000327,PH-001,REG-04,EMP-0006,,2026-07-05 10:01:57,Sale,119.67,0,9.88,129.55,Credit Card,4,False,False,False,Completed
TXN-0000328,RCP-00000328,PH-003,REG-01,EMP-0063,CUS-00021,2026-06-11 15:00:29,Sale,38.64,0,3.18,41.82,Debit Card,2,False,True,False,Completed
TXN-0000329,RCP-00000329,PH-003,REG-06,EMP-0056,CUS-00622,2026-05-26 14:52:28,Sale,127.65,0,10.53,138.18,Credit Card,2,False,True,False,Completed
TXN-0000330,RCP-00000330,PH-001,REG-01,EMP-0014,CUS-00477,2026-07-13 13:33:32,Sale,241.99,8.17,19.28,253.1,Cash,7,False,True,False,Completed
TXN-0000331,RCP-00000331,PH-004,REG-05,EMP-0079,CUS-01899,2026-05-21 16:32:20,Sale,373.44,0,30.81,404.25,Credit Card,2,False,True,False,Completed
TXN-0000332,RCP-00000332,PH-003,REG-05,EMP-0061,CUS-00895,2026-06-26 14:31:04,Sale,51.73,5.21,3.84,50.36,Credit Card,2,False,True,False,Completed
TXN-0000333,RCP-00000333,PH-001,REG-01,EMP-0012,,2026-05-20 20:22:38,Sale,198.14,0,16.36,214.5,Credit Card,6,False,False,False,Completed
TXN-0000334,RCP-00000334,PH-002,REG-03,EMP-0041,CUS-03854,2026-07-16 21:19:01,Sale,135.25,1.67,11.03,144.61,Credit Card,5,False,True,False,Completed
TXN-0000335,RCP-00000335,PH-001,REG-01,EMP-0002,CUS-03850,2026-05-22 11:52:55,Sale,93.31,1.22,7.59,99.68,Credit Card,4,False,True,False,Completed
TXN-0000336,RCP-00000336,PH-003,REG-04,EMP-0047,CUS-00106,2026-06-19 17:48:58,Sale,218.8,2.55,17.84,234.09,Debit Card,4,False,True,False,Completed
TXN-0000337,RCP-00000337,PH-004,REG-02,EMP-0086,CUS-02592,2026-05-26 19:23:06,Sale,128.54,1.95,10.45,137.04,Credit Card,5,False,True,False,Completed
TXN-0000338,RCP-00000338,PH-002,REG-05,EMP-0036,CUS-02350,2026-06-23 21:22:04,Sale,342.07,0,28.22,370.29,Credit Card,6,False,True,False,Completed
TXN-0000339,RCP-00000339,PH-003,REG-04,EMP-0060,CUS-00632,2026-05-14 12:49:20,Sale,235.84,18.84,17.91,234.91,Debit Card,3,False,True,False,Completed
TXN-0000340,RCP-00000340,PH-001,REG-04,EMP-0014,CUS-04189,2026-07-04 16:47:42,Sale,230.74,0,19.04,249.78,Debit Card,8,False,True,False,Completed
TXN-0000341,RCP-00000341,PH-002,REG-04,EMP-0035,,2026-06-04 11:43:37,Sale,287.18,3.02,23.44,307.6,Cash,6,False,False,False,Completed
TXN-0000342,RCP-00000342,PH-003,REG-06,EMP-0061,CUS-03578,2026-06-13 09:27:53,Sale,314.69,0,25.96,340.65,Cash,6,False,True,False,Completed
TXN-0000343,RCP-00000343,PH-003,REG-06,EMP-0063,CUS-01715,2026-06-08 15:59:56,Sale,286.01,0,23.6,309.61,Cash,6,False,True,False,Completed
TXN-0000344,RCP-00000344,PH-002,REG-01,EMP-0024,CUS-00803,2026-07-23 18:02:14,Sale,129.14,12.7,9.61,126.05,Debit Card,5,False,True,False,Completed
TXN-0000345,RCP-00000345,PH-001,REG-03,EMP-0019,CUS-00493,2026-06-07 19:49:26,Sale,224.58,0,18.54,243.12,Debit Card,5,False,True,False,Completed
TXN-0000346,RCP-00000346,PH-001,REG-05,EMP-0014,CUS-01456,2026-07-25 11:54:52,Sale,89.83,5.36,6.97,91.44,Credit Card,6,False,True,False,Completed
TXN-0000347,RCP-00000347,PH-003,REG-01,EMP-0046,CUS-00661,2026-05-24 11:42:12,Sale,89.67,2.54,7.19,94.32,Debit Card,4,False,True,False,Completed
TXN-0000348,RCP-00000348,PH-005,REG-05,EMP-0091,CUS-03609,2026-06-27 21:43:22,Sale,205.94,2.9,16.75,219.79,Split Payment,7,False,True,False,Completed
TXN-0000349,RCP-00000349,PH-002,REG-01,EMP-0041,,2026-06-19 12:18:03,Sale,84.84,0,7.0,91.84,Debit Card,3,False,False,False,Completed
TXN-0000350,RCP-00000350,PH-003,REG-06,EMP-0047,CUS-00384,2026-06-24 14:41:15,Sale,154.75,8.22,12.09,158.62,Debit Card,5,False,True,False,Completed
TXN-0000351,RCP-00000351,PH-001,REG-01,EMP-0019,CUS-01642,2026-06-16 09:31:16,Sale,116.5,2.95,9.36,122.91,Credit Card,4,False,True,False,Completed
TXN-0000352,RCP-00000352,PH-003,REG-03,EMP-0046,CUS-04574,2026-07-22 20:30:16,Sale,81.68,0,6.74,88.42,Credit Card,3,False,True,False,Completed
TXN-0000353,RCP-00000353,PH-002,REG-01,EMP-0024,CUS-01121,2026-06-26 11:49:23,Sale,132.41,23.33,9.0,118.08,Debit Card,2,False,True,False,Completed
TXN-0000354,RCP-00000354,PH-004,REG-01,EMP-0068,CUS-01225,2026-05-20 14:30:33,Sale,243.4,2.95,19.83,260.28,Cash,7,False,True,False,Completed
TXN-0000355,RCP-00000355,PH-001,REG-03,EMP-0015,,2026-05-25 17:51:38,Sale,80.05,0,6.6,86.65,Credit Card,3,False,False,False,Completed
TXN-0000356,RCP-00000356,PH-003,REG-01,EMP-0058,CUS-03693,2026-07-20 20:24:55,Sale,478.49,11.23,38.55,505.81,Credit Card,10,False,True,False,Completed
TXN-0000357,RCP-00000357,PH-003,REG-01,EMP-0061,,2026-06-22 21:21:28,Sale,72.24,0,5.96,78.2,Credit Card,1,False,False,False,Completed
TXN-0000358,RCP-00000358,PH-005,REG-01,EMP-0090,CUS-04019,2026-05-15 21:49:37,Sale,201.78,5.53,16.2,212.45,Split Payment,7,False,True,False,Completed
TXN-0000359,RCP-00000359,PH-004,REG-05,EMP-0079,CUS-00783,2026-07-20 09:27:48,Sale,154.17,0,12.73,166.9,Debit Card,4,False,True,False,Completed
TXN-0000360,RCP-00000360,PH-002,REG-05,EMP-0041,,2026-05-18 19:35:32,Sale,431.69,15.89,34.3,450.1,Credit Card,6,False,False,False,Completed
TXN-0000361,RCP-00000361,PH-002,REG-04,EMP-0023,,2026-06-04 18:45:37,Sale,385.08,19.14,30.19,396.13,Credit Card,4,False,False,False,Completed
TXN-0000362,RCP-00000362,PH-004,REG-03,EMP-0067,CUS-01276,2026-06-04 10:30:49,Sale,240.3,0,19.82,260.12,Credit Card,2,False,True,False,Completed
TXN-0000363,RCP-00000363,PH-002,REG-04,EMP-0042,CUS-00193,2026-07-07 15:10:36,Sale,401.53,26.23,30.96,406.26,Credit Card,4,False,True,False,Completed
TXN-0000364,RCP-00000364,PH-002,REG-01,EMP-0035,CUS-03829,2026-06-02 14:03:52,Sale,101.72,0,8.4,110.12,Credit Card,3,False,True,False,Completed
TXN-0000365,RCP-00000365,PH-002,REG-01,EMP-0038,CUS-01107,2026-05-26 08:44:39,Sale,294.93,2.04,24.17,317.06,Debit Card,6,False,True,False,Completed
TXN-0000366,RCP-00000366,PH-002,REG-06,EMP-0034,CUS-01832,2026-06-20 08:21:28,Sale,352.36,6.56,28.54,374.34,Cash,7,False,True,False,Completed
TXN-0000367,RCP-00000367,PH-005,REG-03,EMP-0102,CUS-04889,2026-06-27 14:41:11,Sale,254.74,0,21.03,275.77,Cash,6,False,True,False,Completed
TXN-0000368,RCP-00000368,PH-005,REG-01,EMP-0106,,2026-07-03 08:42:04,Sale,238.82,12.47,18.67,245.02,Cash,6,False,False,False,Completed
TXN-0000369,RCP-00000369,PH-005,REG-05,EMP-0105,CUS-02057,2026-06-24 16:17:02,Sale,181.31,0,14.95,196.26,Debit Card,5,False,True,False,Completed
TXN-0000370,RCP-00000370,PH-001,REG-05,EMP-0012,CUS-00207,2026-05-27 08:12:13,Sale,702.15,22.74,56.05,735.46,Credit Card,8,False,True,False,Completed
TXN-0000371,RCP-00000371,PH-002,REG-05,EMP-0038,,2026-06-08 20:10:03,Sale,94.65,5.49,7.36,96.52,Debit Card,4,False,False,True,Completed
TXN-0000372,RCP-00000372,PH-001,REG-03,EMP-0017,CUS-00470,2026-05-21 08:18:36,Sale,481.68,14.33,38.55,505.9,Credit Card,7,False,True,False,Completed
TXN-0000373,RCP-00000373,PH-003,REG-04,EMP-0064,CUS-02646,2026-06-23 14:07:32,Sale,259.35,16.74,20.02,262.63,Gift Card,5,False,True,False,Completed
TXN-0000374,RCP-00000374,PH-002,REG-01,EMP-0034,CUS-01426,2026-05-14 11:26:34,Sale,115.54,0,9.53,125.07,Cash,3,False,True,False,Completed
TXN-0000375,RCP-00000375,PH-002,REG-01,EMP-0025,,2026-07-28 20:59:52,Sale,324.75,27.11,24.56,322.2,Credit Card,8,False,False,True,Completed
TXN-0000376,RCP-00000376,PH-001,REG-04,EMP-0001,CUS-04173,2026-07-04 21:03:18,Sale,377.95,30.03,28.71,376.63,Credit Card,5,False,True,False,Completed
TXN-0000377,RCP-00000377,PH-004,REG-01,EMP-0082,CUS-03653,2026-06-14 20:11:29,Sale,210.14,26.69,15.13,198.58,Credit Card,4,False,True,False,Completed
TXN-0000378,RCP-00000378,PH-003,REG-03,EMP-0063,CUS-04816,2026-06-15 13:57:44,Sale,113.35,1.88,9.2,120.67,Split Payment,4,False,True,False,Completed
TXN-0000379,RCP-00000379,PH-003,REG-05,EMP-0064,CUS-03885,2026-06-09 09:54:26,Sale,81.25,0,6.7,87.95,Credit Card,3,False,True,False,Completed
TXN-0000380,RCP-00000380,PH-003,REG-05,EMP-0063,CUS-04799,2026-06-30 19:18:49,Sale,133.07,0,10.97,144.04,Debit Card,4,False,True,False,Completed
TXN-0000381,RCP-00000381,PH-005,REG-04,EMP-0106,,2026-06-07 21:22:18,Sale,236.08,0.99,19.4,254.49,Debit Card,7,False,False,False,Completed
TXN-0000382,RCP-00000382,PH-001,REG-04,EMP-0020,CUS-04189,2026-07-01 19:50:42,Sale,73.01,0,6.02,79.03,Debit Card,2,False,True,False,Completed
TXN-0000383,RCP-00000383,PH-003,REG-03,EMP-0059,CUS-01053,2026-07-25 19:44:37,Sale,106.12,4.95,8.34,109.51,Credit Card,2,False,True,False,Completed
TXN-0000384,RCP-00000384,PH-002,REG-01,EMP-0037,CUS-03666,2026-07-14 11:20:14,Sale,73.16,9.76,5.23,68.63,Debit Card,2,False,True,False,Completed
TXN-0000385,RCP-00000385,PH-002,REG-04,EMP-0042,CUS-03585,2026-07-04 09:00:19,Sale,86.43,0,7.13,93.56,Credit Card,3,False,True,False,Completed
TXN-0000386,RCP-00000386,PH-004,REG-06,EMP-0085,CUS-01242,2026-07-26 19:26:38,Sale,172.95,0,14.27,187.22,Debit Card,4,False,True,False,Completed
TXN-0000387,RCP-00000387,PH-002,REG-04,EMP-0038,CUS-03111,2026-07-26 13:20:34,Sale,68.94,0,5.69,74.63,Gift Card,3,False,True,False,Completed
TXN-0000388,RCP-00000388,PH-001,REG-04,EMP-0012,CUS-04977,2026-05-19 18:24:05,Sale,257.29,6.61,20.68,271.36,Credit Card,5,False,True,False,Completed
TXN-0000389,RCP-00000389,PH-002,REG-04,EMP-0036,CUS-03186,2026-07-09 09:50:03,Sale,118.82,0,9.81,128.63,Credit Card,4,False,True,False,Completed
TXN-0000390,RCP-00000390,PH-003,REG-04,EMP-0063,,2026-07-30 10:30:59,Sale,450.83,29.95,34.72,455.6,Split Payment,7,False,False,False,Completed
TXN-0000391,RCP-00000391,PH-005,REG-03,EMP-0101,CUS-01283,2026-06-25 11:30:52,Sale,245.38,5.47,19.8,259.71,Debit Card,6,False,True,False,Completed
TXN-0000392,RCP-00000392,PH-005,REG-03,EMP-0103,CUS-01240,2026-06-17 18:01:55,Sale,275.77,0,22.75,298.52,Cash,5,False,True,False,Completed
TXN-0000393,RCP-00000393,PH-004,REG-03,EMP-0067,CUS-01237,2026-05-28 18:23:20,Sale,103.83,6.96,7.99,104.86,Gift Card,6,False,True,False,Completed
TXN-0000394,RCP-00000394,PH-004,REG-02,EMP-0082,CUS-04490,2026-06-12 09:37:13,Sale,136.1,0,11.23,147.33,Cash,4,False,True,False,Completed
TXN-0000395,RCP-00000395,PH-004,REG-04,EMP-0068,CUS-01486,2026-07-29 10:32:07,Sale,399.85,0.94,32.92,431.83,Debit Card,5,False,True,False,Completed
TXN-0000396,RCP-00000396,PH-004,REG-03,EMP-0086,,2026-05-02 17:34:48,Sale,190.49,0,15.71,206.2,Debit Card,6,False,False,False,Completed
TXN-0000397,RCP-00000397,PH-003,REG-04,EMP-0059,CUS-03565,2026-05-26 20:46:38,Sale,117.6,7.99,9.05,118.66,Credit Card,5,False,True,False,Completed
TXN-0000398,RCP-00000398,PH-005,REG-02,EMP-0100,CUS-01536,2026-07-24 18:34:54,Sale,265.76,6.13,21.4,281.03,Credit Card,7,False,True,False,Completed
TXN-0000399,RCP-00000399,PH-003,REG-03,EMP-0064,CUS-03870,2026-07-25 20:12:56,Sale,82.66,0.37,6.78,89.07,Cash,3,False,True,False,Completed
TXN-0000400,RCP-00000400,PH-004,REG-04,EMP-0069,CUS-03901,2026-06-19 18:55:35,Sale,524.17,10.69,42.37,555.85,Gift Card,9,False,True,False,Completed
TXN-0000401,RCP-00000401,PH-003,REG-03,EMP-0058,CUS-01947,2026-05-15 15:33:10,Sale,403.57,0,33.29,436.86,Cash,7,False,True,False,Completed
TXN-0000402,RCP-00000402,PH-002,REG-02,EMP-0041,CUS-03584,2026-07-12 14:21:39,Sale,158.74,0,13.09,171.83,Cash,5,False,True,False,Completed
TXN-0000403,RCP-00000403,PH-002,REG-05,EMP-0024,CUS-04699,2026-07-24 16:59:21,Sale,397.71,0,32.83,430.54,Credit Card,5,False,True,False,Completed
TXN-0000404,RCP-00000404,PH-004,REG-06,EMP-0067,,2026-06-11 13:42:26,Sale,162.59,0,13.41,176.0,Credit Card,5,False,False,False,Completed
TXN-0000405,RCP-00000405,PH-005,REG-01,EMP-0105,CUS-04429,2026-07-03 17:47:32,Sale,377.23,14.77,29.9,392.36,Debit Card,8,False,True,False,Completed
TXN-0000406,RCP-00000406,PH-003,REG-05,EMP-0045,CUS-02555,2026-06-13 18:41:22,Sale,217.71,0,17.97,235.68,Credit Card,3,False,True,False,Completed
TXN-0000407,RCP-00000407,PH-003,REG-06,EMP-0063,CUS-04147,2026-06-30 11:21:27,Sale,301.89,1.15,24.81,325.55,Credit Card,9,False,True,False,Completed
TXN-0000408,RCP-00000408,PH-005,REG-01,EMP-0108,CUS-01358,2026-07-24 20:34:51,Sale,101.62,1.91,8.23,107.94,Debit Card,3,False,True,False,Completed
TXN-0000409,RCP-00000409,PH-004,REG-02,EMP-0068,CUS-00146,2026-06-09 16:58:35,Sale,179.79,2.16,14.66,192.29,Cash,5,False,True,False,Completed
TXN-0000410,RCP-00000410,PH-005,REG-03,EMP-0107,CUS-02532,2026-06-04 15:50:47,Sale,180.29,6.13,14.37,188.53,Credit Card,7,False,True,False,Completed
TXN-0000411,RCP-00000411,PH-003,REG-04,EMP-0063,CUS-03393,2026-07-06 18:32:47,Sale,73.27,4.1,5.7,74.87,Cash,4,False,True,False,Completed
TXN-0000412,RCP-00000412,PH-002,REG-01,EMP-0042,CUS-01423,2026-06-28 14:59:20,Sale,89.95,0,7.42,97.37,Credit Card,3,False,True,False,Completed
TXN-0000413,RCP-00000413,PH-002,REG-04,EMP-0036,CUS-03158,2026-06-04 11:18:09,Sale,438.02,4.82,35.74,468.94,Debit Card,6,False,True,True,Completed
TXN-0000414,RCP-00000414,PH-002,REG-01,EMP-0034,CUS-00268,2026-06-16 09:09:25,Sale,133.57,18.7,9.47,124.34,Cash,5,False,True,False,Completed
TXN-0000415,RCP-00000415,PH-005,REG-06,EMP-0103,CUS-03657,2026-07-01 21:18:48,Sale,80.37,0,6.63,87.0,Split Payment,3,False,True,False,Completed
TXN-0000416,RCP-00000416,PH-004,REG-02,EMP-0084,,2026-06-10 16:16:45,Sale,143.23,0,11.82,155.05,Debit Card,3,False,False,False,Completed
TXN-0000417,RCP-00000417,PH-001,REG-02,EMP-0013,CUS-00338,2026-06-17 15:38:00,Sale,260.6,1.84,21.36,280.12,Debit Card,7,False,True,False,Completed
TXN-0000418,RCP-00000418,PH-005,REG-02,EMP-0102,CUS-02131,2026-06-17 16:58:06,Sale,71.1,0.43,5.83,76.5,Credit Card,3,False,True,False,Completed
TXN-0000419,RCP-00000419,PH-005,REG-03,EMP-0105,CUS-01080,2026-07-28 18:11:51,Sale,273.31,19.05,20.98,275.24,Credit Card,7,False,True,False,Completed
TXN-0000420,RCP-00000420,PH-001,REG-05,EMP-0002,CUS-04565,2026-06-22 11:26:35,Sale,343.54,0,28.35,371.89,Debit Card,8,False,True,False,Completed
TXN-0000421,RCP-00000421,PH-005,REG-04,EMP-0104,CUS-00961,2026-05-18 09:14:10,Sale,398.61,8.0,32.22,422.83,Credit Card,8,False,True,False,Completed
TXN-0000422,RCP-00000422,PH-004,REG-03,EMP-0082,,2026-06-28 21:33:15,Sale,41.76,0,3.45,45.21,Cash,1,False,False,False,Completed
TXN-0000423,RCP-00000423,PH-005,REG-03,EMP-0089,CUS-04095,2026-05-25 16:31:23,Sale,117.9,0.92,9.66,126.64,Debit Card,4,False,True,False,Completed
TXN-0000424,RCP-00000424,PH-001,REG-04,EMP-0014,CUS-01638,2026-05-12 08:05:19,Sale,30.22,6.04,1.99,26.17,Credit Card,1,False,True,False,Completed
TXN-0000425,RCP-00000425,PH-001,REG-06,EMP-0014,CUS-01069,2026-07-06 17:13:04,Sale,160.5,4.99,12.83,168.34,Credit Card,5,False,True,False,Completed
TXN-0000426,RCP-00000426,PH-001,REG-03,EMP-0013,CUS-03613,2026-05-01 21:53:48,Sale,77.58,0,6.4,83.98,Credit Card,2,False,True,False,Completed
TXN-0000427,RCP-00000427,PH-002,REG-06,EMP-0023,CUS-01522,2026-05-26 09:15:41,Sale,186.16,12.64,14.31,187.83,Debit Card,6,False,True,False,Completed
TXN-0000428,RCP-00000428,PH-003,REG-01,EMP-0061,CUS-04282,2026-05-17 14:07:20,Sale,20.61,0,1.7,22.31,Cash,1,False,True,False,Completed
TXN-0000429,RCP-00000429,PH-005,REG-02,EMP-0090,CUS-00929,2026-07-19 19:35:55,Sale,441.3,34.3,33.57,440.57,Cash,6,False,True,False,Completed
TXN-0000430,RCP-00000430,PH-003,REG-04,EMP-0046,,2026-05-02 09:41:50,Sale,224.47,1.9,18.36,240.93,Credit Card,5,False,False,False,Completed
TXN-0000431,RCP-00000431,PH-003,REG-03,EMP-0046,CUS-02599,2026-05-02 08:04:36,Sale,146.88,5.68,11.64,152.84,Split Payment,4,False,True,False,Completed
TXN-0000432,RCP-00000432,PH-003,REG-01,EMP-0057,,2026-07-04 14:27:09,Sale,271.17,0,22.37,293.54,Credit Card,6,False,False,False,Completed
TXN-0000433,RCP-00000433,PH-004,REG-04,EMP-0078,CUS-01914,2026-05-29 14:16:20,Sale,375.87,20.32,29.33,384.88,Debit Card,6,False,True,False,Completed
TXN-0000434,RCP-00000434,PH-005,REG-03,EMP-0104,CUS-00439,2026-07-21 18:47:20,Sale,247.42,1.52,20.29,266.19,Credit Card,6,False,True,False,Completed
TXN-0000435,RCP-00000435,PH-002,REG-06,EMP-0042,CUS-02620,2026-05-08 18:51:53,Sale,352.76,10.81,28.2,370.15,Cash,10,False,True,False,Completed
TXN-0000436,RCP-00000436,PH-004,REG-06,EMP-0085,,2026-05-18 19:31:32,Sale,232.56,0,19.18,251.74,Cash,6,False,False,False,Completed
TXN-0000437,RCP-00000437,PH-002,REG-02,EMP-0037,CUS-01433,2026-06-20 21:22:48,Sale,171.83,9.41,13.41,175.83,Debit Card,3,False,True,False,Completed
TXN-0000438,RCP-00000438,PH-001,REG-03,EMP-0015,CUS-03028,2026-06-12 17:15:57,Sale,46.43,5.95,3.34,43.82,Credit Card,2,False,True,False,Completed
TXN-0000439,RCP-00000439,PH-002,REG-05,EMP-0023,,2026-07-24 18:51:58,Sale,70.33,0,5.8,76.13,Credit Card,3,False,False,False,Completed
TXN-0000440,RCP-00000440,PH-001,REG-05,EMP-0002,CUS-01218,2026-06-11 18:50:57,Sale,115.97,1.21,9.47,124.23,Credit Card,4,False,True,False,Completed
TXN-0000441,RCP-00000441,PH-003,REG-01,EMP-0047,CUS-01034,2026-07-09 19:56:06,Sale,462.99,38.44,35.02,459.57,Credit Card,6,False,True,False,Completed
TXN-0000442,RCP-00000442,PH-005,REG-06,EMP-0090,CUS-01900,2026-07-18 17:13:28,Sale,211.49,0,17.45,228.94,Credit Card,8,False,True,False,Completed
TXN-0000443,RCP-00000443,PH-005,REG-05,EMP-0101,CUS-00829,2026-06-20 10:54:13,Sale,77.93,0,6.43,84.36,Debit Card,3,False,True,False,Completed
TXN-0000444,RCP-00000444,PH-002,REG-02,EMP-0036,CUS-00575,2026-06-03 16:31:47,Sale,60.87,0,5.02,65.89,Cash,1,False,True,False,Completed
TXN-0000445,RCP-00000445,PH-002,REG-04,EMP-0023,CUS-03409,2026-07-12 08:28:49,Sale,200.56,0,16.55,217.11,Debit Card,4,False,True,False,Completed
TXN-0000446,RCP-00000446,PH-002,REG-05,EMP-0035,CUS-01888,2026-07-10 09:53:12,Sale,76.42,16.61,4.94,64.75,Credit Card,2,False,True,True,Completed
TXN-0000447,RCP-00000447,PH-005,REG-01,EMP-0101,,2026-05-14 08:57:00,Sale,78.35,4.04,6.13,80.44,Debit Card,4,False,False,False,Completed
TXN-0000448,RCP-00000448,PH-003,REG-03,EMP-0060,CUS-00981,2026-07-09 11:24:51,Sale,208.07,3.95,16.84,220.96,Credit Card,5,False,True,False,Completed
TXN-0000449,RCP-00000449,PH-004,REG-06,EMP-0086,CUS-00651,2026-06-02 19:28:47,Sale,279.46,0,23.05,302.51,Credit Card,5,False,True,False,Completed
TXN-0000450,RCP-00000450,PH-005,REG-01,EMP-0089,CUS-02110,2026-07-06 11:02:59,Sale,298.32,0,24.62,322.94,Debit Card,3,False,True,False,Completed
TXN-0000451,RCP-00000451,PH-001,REG-04,EMP-0001,CUS-03378,2026-05-02 08:56:18,Sale,190.76,0,15.75,206.51,Credit Card,4,False,True,False,Completed
TXN-0000452,RCP-00000452,PH-004,REG-04,EMP-0067,CUS-04936,2026-05-07 09:12:33,Sale,229.44,2.32,18.74,245.86,Debit Card,6,False,True,False,Completed
TXN-0000453,RCP-00000453,PH-004,REG-05,EMP-0068,CUS-01874,2026-07-25 11:52:49,Sale,139.21,4.86,11.09,145.44,Gift Card,5,False,True,False,Completed
TXN-0000454,RCP-00000454,PH-002,REG-05,EMP-0024,,2026-05-19 16:57:49,Sale,96.59,1.57,7.85,102.87,Credit Card,3,False,False,False,Completed
TXN-0000455,RCP-00000455,PH-001,REG-02,EMP-0012,,2026-07-10 21:17:58,Sale,421.42,0,34.78,456.2,Credit Card,7,False,False,False,Completed
TXN-0000456,RCP-00000456,PH-003,REG-05,EMP-0062,CUS-04408,2026-07-23 10:22:07,Sale,52.53,0,4.33,56.86,Debit Card,3,False,True,False,Completed
TXN-0000457,RCP-00000457,PH-001,REG-03,EMP-0003,CUS-02074,2026-06-28 11:57:23,Sale,167.63,0,13.84,181.47,Debit Card,6,False,True,False,Completed
TXN-0000458,RCP-00000458,PH-004,REG-06,EMP-0068,CUS-02912,2026-06-16 15:58:52,Sale,220.74,0,18.21,238.95,Credit Card,6,False,True,False,Completed
TXN-0000459,RCP-00000459,PH-003,REG-04,EMP-0059,,2026-07-09 18:41:30,Sale,264.78,3.18,21.58,283.18,Credit Card,7,False,False,False,Completed
TXN-0000460,RCP-00000460,PH-001,REG-01,EMP-0020,CUS-00255,2026-05-24 14:59:27,Sale,49.11,0,4.05,53.16,Credit Card,3,False,True,False,Completed
TXN-0000461,RCP-00000461,PH-004,REG-03,EMP-0068,CUS-01835,2026-06-28 21:25:51,Sale,62.85,0,5.19,68.04,Credit Card,1,False,True,False,Completed
TXN-0000462,RCP-00000462,PH-005,REG-06,EMP-0100,,2026-05-07 17:07:24,Sale,219.25,3.97,17.76,233.04,Cash,5,False,False,False,Completed
TXN-0000463,RCP-00000463,PH-003,REG-01,EMP-0047,CUS-03935,2026-07-20 19:37:01,Sale,90.45,3.84,7.16,93.77,Credit Card,4,False,True,False,Completed
TXN-0000464,RCP-00000464,PH-005,REG-06,EMP-0090,CUS-02927,2026-05-16 16:29:38,Sale,76.46,0,6.32,82.78,Credit Card,6,False,True,False,Completed
TXN-0000465,RCP-00000465,PH-003,REG-03,EMP-0057,CUS-03884,2026-07-26 10:33:32,Sale,135.95,0,11.21,147.16,Credit Card,4,False,True,False,Completed
TXN-0000466,RCP-00000466,PH-003,REG-05,EMP-0062,CUS-02277,2026-05-20 10:27:28,Sale,91.91,0,7.59,99.5,Credit Card,3,False,True,False,Completed
TXN-0000467,RCP-00000467,PH-005,REG-03,EMP-0106,CUS-01405,2026-06-25 21:17:55,Sale,420.62,0,34.71,455.33,Credit Card,8,False,True,False,Completed
TXN-0000468,RCP-00000468,PH-002,REG-03,EMP-0023,,2026-07-16 19:15:29,Sale,8.5,0,0.7,9.2,Credit Card,1,False,False,False,Completed
TXN-0000469,RCP-00000469,PH-003,REG-04,EMP-0058,CUS-00517,2026-05-04 09:37:13,Sale,48.49,0,4.0,52.49,Cash,4,False,True,False,Completed
TXN-0000470,RCP-00000470,PH-003,REG-06,EMP-0056,CUS-00850,2026-06-10 08:51:31,Sale,145.84,4.45,11.67,153.06,Credit Card,4,False,True,False,Completed
TXN-0000471,RCP-00000471,PH-003,REG-03,EMP-0056,CUS-02742,2026-05-02 08:26:04,Sale,223.94,0,18.48,242.42,Cash,4,False,True,False,Completed
TXN-0000472,RCP-00000472,PH-003,REG-04,EMP-0064,CUS-00574,2026-05-06 09:57:20,Sale,188.55,22.88,13.67,179.34,Debit Card,8,False,True,False,Completed
TXN-0000473,RCP-00000473,PH-001,REG-02,EMP-0013,,2026-07-16 19:48:31,Sale,350.15,0.73,28.84,378.26,Gift Card,7,False,False,False,Completed
TXN-0000474,RCP-00000474,PH-004,REG-03,EMP-0083,CUS-02839,2026-06-18 20:40:01,Sale,27.41,3.88,1.94,25.47,Credit Card,2,False,True,False,Completed
TXN-0000475,RCP-00000475,PH-005,REG-06,EMP-0101,CUS-04616,2026-06-13 08:18:09,Sale,109.92,2.06,8.9,116.76,Credit Card,4,False,True,False,Completed
TXN-0000476,RCP-00000476,PH-001,REG-05,EMP-0002,,2026-07-06 08:20:16,Sale,103.12,0,8.5,111.62,Credit Card,4,False,False,False,Completed
TXN-0000477,RCP-00000477,PH-003,REG-05,EMP-0046,CUS-03506,2026-06-06 13:29:27,Sale,285.76,3.48,23.28,305.56,Debit Card,7,False,True,False,Completed
TXN-0000478,RCP-00000478,PH-001,REG-02,EMP-0013,CUS-02193,2026-05-17 18:49:02,Sale,203.12,11.82,15.78,207.08,Credit Card,3,False,True,False,Completed
TXN-0000479,RCP-00000479,PH-004,REG-03,EMP-0083,CUS-01219,2026-05-10 19:00:55,Sale,214.15,8.99,16.93,222.09,Cash,2,False,True,False,Completed
TXN-0000480,RCP-00000480,PH-005,REG-02,EMP-0090,CUS-03104,2026-06-04 17:06:20,Sale,326.07,1.75,26.76,351.08,Gift Card,7,False,True,False,Completed
TXN-0000481,RCP-00000481,PH-005,REG-01,EMP-0105,,2026-06-18 09:52:53,Sale,114.08,0,9.41,123.49,Credit Card,3,False,False,False,Completed
TXN-0000482,RCP-00000482,PH-001,REG-01,EMP-0019,,2026-05-28 14:03:14,Sale,45.61,0,3.76,49.37,Credit Card,3,False,False,False,Completed
TXN-0000483,RCP-00000483,PH-003,REG-01,EMP-0045,CUS-02580,2026-05-28 15:56:39,Sale,85.01,0,7.02,92.03,Credit Card,4,False,True,False,Completed
TXN-0000484,RCP-00000484,PH-005,REG-04,EMP-0102,CUS-01719,2026-06-23 13:58:31,Sale,61.93,9.29,4.34,56.98,Credit Card,1,False,True,False,Completed
TXN-0000485,RCP-00000485,PH-002,REG-03,EMP-0023,CUS-02822,2026-06-19 10:32:20,Sale,147.17,4.31,11.78,154.64,Credit Card,4,False,True,False,Completed
TXN-0000486,RCP-00000486,PH-001,REG-02,EMP-0019,CUS-04347,2026-05-21 21:39:47,Sale,148.19,0,12.23,160.42,Debit Card,6,False,True,False,Completed
TXN-0000487,RCP-00000487,PH-004,REG-02,EMP-0084,CUS-01853,2026-06-24 17:57:58,Sale,17.6,0,1.45,19.05,Credit Card,1,False,True,False,Completed
TXN-0000488,RCP-00000488,PH-005,REG-02,EMP-0103,CUS-00372,2026-05-06 14:03:23,Sale,163.12,0,13.45,176.57,Debit Card,4,False,True,False,Completed
TXN-0000489,RCP-00000489,PH-004,REG-01,EMP-0085,CUS-00689,2026-05-30 11:27:22,Sale,179.77,0,14.83,194.6,Debit Card,2,False,True,False,Completed
TXN-0000490,RCP-00000490,PH-003,REG-02,EMP-0063,,2026-06-07 19:14:50,Sale,20.28,0,1.67,21.95,Cash,1,False,False,False,Completed
TXN-0000491,RCP-00000491,PH-002,REG-05,EMP-0034,CUS-01276,2026-07-05 20:02:08,Sale,147.62,15.68,10.87,142.81,Debit Card,5,False,True,True,Completed
TXN-0000492,RCP-00000492,PH-005,REG-06,EMP-0105,CUS-01681,2026-06-10 14:12:26,Sale,164.41,4.86,13.16,172.71,Debit Card,3,False,True,False,Completed
TXN-0000493,RCP-00000493,PH-004,REG-05,EMP-0081,CUS-00027,2026-06-05 09:33:44,Sale,149.24,0,12.31,161.55,Cash,2,False,True,False,Completed
TXN-0000494,RCP-00000494,PH-005,REG-01,EMP-0103,,2026-06-07 08:00:24,Sale,62.87,0,5.19,68.06,Debit Card,3,False,False,False,Completed
TXN-0000495,RCP-00000495,PH-004,REG-05,EMP-0082,CUS-01285,2026-06-23 20:04:43,Sale,187.67,0,15.49,203.16,Debit Card,4,False,True,False,Completed
TXN-0000496,RCP-00000496,PH-001,REG-06,EMP-0016,CUS-02089,2026-07-19 20:17:57,Sale,150.47,0,12.41,162.88,Credit Card,4,False,True,False,Completed
TXN-0000497,RCP-00000497,PH-005,REG-03,EMP-0107,CUS-00200,2026-07-26 17:30:40,Sale,74.94,0,6.18,81.12,Split Payment,1,False,True,False,Completed
TXN-0000498,RCP-00000498,PH-002,REG-04,EMP-0042,,2026-06-12 09:08:26,Sale,220.43,0,18.19,238.62,Credit Card,4,False,False,False,Completed
TXN-0000499,RCP-00000499,PH-003,REG-01,EMP-0062,CUS-02065,2026-06-07 10:17:30,Sale,178.85,1.96,14.6,191.49,Credit Card,5,False,True,False,Completed
TXN-0000500,RCP-00000500,PH-005,REG-04,EMP-0107,CUS-03502,2026-06-29 19:31:32,Sale,252.23,13.63,19.67,258.27,Debit Card,8,False,True,False,Completed
TXN-0000501,RCP-00000501,PH-002,REG-01,EMP-0035,CUS-04105,2026-05-16 13:41:56,Sale,72.06,3.98,5.61,73.69,Debit Card,4,False,True,False,Completed
TXN-0000502,RCP-00000502,PH-004,REG-03,EMP-0069,,2026-05-04 08:46:04,Sale,125.88,17.05,8.98,117.81,Credit Card,3,False,False,True,Completed
TXN-0000503,RCP-00000503,PH-003,REG-01,EMP-0045,CUS-04252,2026-07-31 19:15:02,Sale,349.02,4.49,28.42,372.95,Credit Card,7,False,True,False,Completed
TXN-0000504,RCP-00000504,PH-001,REG-03,EMP-0018,,2026-07-19 15:05:13,Sale,70.78,2.6,5.62,73.8,Cash,2,False,False,False,Completed
TXN-0000505,RCP-00000505,PH-002,REG-05,EMP-0035,CUS-03391,2026-05-31 21:36:41,Sale,139.3,66.7,5.99,78.59,Credit Card,2,False,True,True,Completed
TXN-0000506,RCP-00000506,PH-003,REG-02,EMP-0056,CUS-04501,2026-07-08 17:56:22,Sale,528.85,6.36,43.11,565.6,Cash,8,False,True,False,Completed
TXN-0000507,RCP-00000507,PH-002,REG-04,EMP-0042,CUS-03741,2026-07-15 19:09:37,Sale,42.38,0,3.5,45.88,Split Payment,1,False,True,False,Completed
TXN-0000508,RCP-00000508,PH-004,REG-05,EMP-0081,CUS-03939,2026-05-13 12:40:40,Sale,112.24,2.06,9.09,119.27,Credit Card,4,False,True,False,Completed
TXN-0000509,RCP-00000509,PH-002,REG-06,EMP-0025,CUS-04119,2026-05-07 14:40:16,Sale,202.67,0.98,16.66,218.35,Credit Card,6,False,True,False,Completed
TXN-0000510,RCP-00000510,PH-002,REG-05,EMP-0024,,2026-07-07 08:32:49,Sale,195.32,0,16.12,211.44,Split Payment,6,False,False,False,Completed
TXN-0000511,RCP-00000511,PH-001,REG-04,EMP-0015,,2026-06-01 12:16:49,Sale,21.2,0.34,1.72,22.58,Credit Card,3,False,False,False,Completed
TXN-0000512,RCP-00000512,PH-004,REG-02,EMP-0078,CUS-02742,2026-05-18 12:45:42,Sale,47.96,1.22,3.85,50.59,Split Payment,4,False,True,False,Completed
TXN-0000513,RCP-00000513,PH-005,REG-03,EMP-0100,CUS-00892,2026-06-27 17:27:53,Sale,153.83,2.03,12.52,164.32,Credit Card,5,False,True,False,Completed
TXN-0000514,RCP-00000514,PH-004,REG-03,EMP-0082,,2026-07-23 20:34:53,Sale,133.89,0,11.05,144.94,Cash,3,False,False,False,Completed
TXN-0000515,RCP-00000515,PH-004,REG-05,EMP-0068,,2026-07-25 09:39:53,Sale,43.11,0,3.56,46.67,Debit Card,2,False,False,False,Completed
TXN-0000516,RCP-00000516,PH-003,REG-04,EMP-0063,,2026-07-26 21:52:33,Sale,320.07,44.24,22.75,298.58,Cash,6,False,False,True,Completed
TXN-0000517,RCP-00000517,PH-002,REG-06,EMP-0041,CUS-02599,2026-05-18 14:58:32,Sale,283.15,2.41,23.16,303.9,Debit Card,5,False,True,False,Completed
TXN-0000518,RCP-00000518,PH-004,REG-05,EMP-0078,CUS-00052,2026-05-18 18:16:42,Sale,120.73,0.6,9.91,130.04,Credit Card,5,False,True,False,Completed
TXN-0000519,RCP-00000519,PH-004,REG-04,EMP-0080,CUS-02244,2026-06-14 10:01:30,Sale,54.2,2.51,4.26,55.95,Credit Card,4,False,True,False,Completed
TXN-0000520,RCP-00000520,PH-004,REG-01,EMP-0085,,2026-07-07 12:29:23,Sale,201.06,4.67,16.2,212.59,Credit Card,8,False,False,False,Completed
TXN-0000521,RCP-00000521,PH-003,REG-02,EMP-0057,CUS-04886,2026-05-21 20:56:55,Sale,242.29,0,19.99,262.28,Credit Card,7,False,True,False,Completed
TXN-0000522,RCP-00000522,PH-001,REG-02,EMP-0015,CUS-03173,2026-06-28 17:18:26,Sale,104.76,0,8.65,113.41,Credit Card,5,False,True,False,Completed
TXN-0000523,RCP-00000523,PH-004,REG-03,EMP-0086,CUS-03530,2026-06-04 17:25:33,Sale,174.02,3.47,14.07,184.62,Credit Card,7,False,True,False,Completed
TXN-0000524,RCP-00000524,PH-004,REG-05,EMP-0068,CUS-03682,2026-05-31 17:41:53,Sale,276.62,0,22.82,299.44,Debit Card,4,False,True,False,Completed
TXN-0000525,RCP-00000525,PH-001,REG-01,EMP-0002,CUS-03123,2026-06-05 09:32:46,Sale,366.47,2.7,30.0,393.77,Debit Card,6,False,True,False,Completed
TXN-0000526,RCP-00000526,PH-005,REG-04,EMP-0089,CUS-04282,2026-06-18 21:27:43,Sale,124.62,0,10.28,134.9,Cash,1,False,True,False,Completed
TXN-0000527,RCP-00000527,PH-004,REG-01,EMP-0082,CUS-04992,2026-05-10 09:30:48,Sale,166.32,2.56,13.51,177.27,Split Payment,4,False,True,False,Completed
TXN-0000528,RCP-00000528,PH-002,REG-03,EMP-0024,CUS-04260,2026-05-07 11:05:23,Sale,506.51,4.61,41.42,543.32,Debit Card,10,False,True,False,Completed
TXN-0000529,RCP-00000529,PH-003,REG-03,EMP-0057,CUS-01490,2026-05-26 11:44:17,Sale,319.72,0,26.37,346.09,Credit Card,7,False,True,False,Completed
TXN-0000530,RCP-00000530,PH-002,REG-01,EMP-0036,,2026-05-10 19:13:36,Sale,147.4,4.52,11.78,154.66,Cash,6,False,False,False,Completed
TXN-0000531,RCP-00000531,PH-004,REG-04,EMP-0083,,2026-07-25 20:10:40,Sale,221.04,9.48,17.46,229.02,Debit Card,4,False,False,False,Completed
TXN-0000532,RCP-00000532,PH-001,REG-04,EMP-0020,CUS-02340,2026-07-15 11:53:19,Sale,83.18,0,6.86,90.04,Debit Card,3,False,True,False,Completed
TXN-0000533,RCP-00000533,PH-001,REG-03,EMP-0019,,2026-06-21 08:55:51,Sale,95.4,4.43,7.51,98.48,Debit Card,3,False,False,False,Completed
TXN-0000534,RCP-00000534,PH-002,REG-05,EMP-0037,CUS-02361,2026-07-14 18:31:50,Sale,344.81,38.23,25.3,331.88,Debit Card,7,False,True,False,Completed
TXN-0000535,RCP-00000535,PH-002,REG-01,EMP-0025,,2026-06-30 10:04:24,Sale,16.32,0,1.35,17.67,Debit Card,1,False,False,False,Completed
TXN-0000536,RCP-00000536,PH-001,REG-01,EMP-0018,CUS-03086,2026-05-25 14:41:12,Sale,205.07,8.09,16.25,213.23,Debit Card,4,False,True,True,Completed
TXN-0000537,RCP-00000537,PH-001,REG-04,EMP-0019,CUS-01674,2026-06-15 09:18:38,Sale,197.25,0,16.27,213.52,Debit Card,4,False,True,False,Completed
TXN-0000538,RCP-00000538,PH-004,REG-05,EMP-0078,CUS-00596,2026-05-21 21:35:50,Sale,140.74,0,11.61,152.35,Credit Card,4,False,True,False,Completed
TXN-0000539,RCP-00000539,PH-001,REG-02,EMP-0020,CUS-03871,2026-06-24 20:02:04,Sale,141.44,10.38,10.82,141.88,Credit Card,4,False,True,True,Completed
TXN-0000540,RCP-00000540,PH-002,REG-02,EMP-0039,CUS-00651,2026-06-18 21:20:33,Sale,263.24,33.23,18.98,248.99,Gift Card,6,False,True,True,Completed
TXN-0000541,RCP-00000541,PH-001,REG-05,EMP-0016,,2026-07-22 17:41:56,Sale,215.8,9.58,17.01,223.23,Cash,7,False,False,True,Completed
TXN-0000542,RCP-00000542,PH-003,REG-05,EMP-0045,,2026-06-07 09:31:15,Sale,168.06,18.62,12.32,161.76,Debit Card,6,False,False,True,Completed
TXN-0000543,RCP-00000543,PH-003,REG-06,EMP-0062,CUS-02623,2026-06-16 12:12:14,Sale,151.48,8.5,11.8,154.78,Credit Card,5,False,True,False,Completed
TXN-0000544,RCP-00000544,PH-003,REG-03,EMP-0063,CUS-00801,2026-06-08 21:47:18,Sale,89.34,4.67,7.0,91.67,Debit Card,4,False,True,True,Completed
TXN-0000545,RCP-00000545,PH-001,REG-05,EMP-0003,CUS-03781,2026-07-29 19:37:59,Sale,114.62,0,9.46,124.08,Credit Card,3,False,True,False,Completed
TXN-0000546,RCP-00000546,PH-005,REG-03,EMP-0091,CUS-00029,2026-07-21 20:40:31,Sale,371.64,0,30.65,402.29,Credit Card,5,False,True,False,Completed
TXN-0000547,RCP-00000547,PH-003,REG-01,EMP-0061,,2026-06-26 13:22:00,Sale,187.16,2.36,15.25,200.05,Credit Card,7,False,False,False,Completed
TXN-0000548,RCP-00000548,PH-004,REG-05,EMP-0069,CUS-01657,2026-05-02 10:11:23,Sale,126.74,4.01,10.12,132.85,Debit Card,5,False,True,False,Completed
TXN-0000549,RCP-00000549,PH-001,REG-05,EMP-0006,CUS-03327,2026-06-13 11:39:13,Sale,33.49,0,2.76,36.25,Debit Card,1,False,True,False,Completed
TXN-0000550,RCP-00000550,PH-004,REG-02,EMP-0069,,2026-07-03 18:22:27,Sale,152.39,0,12.57,164.96,Credit Card,2,False,False,False,Completed
TXN-0000551,RCP-00000551,PH-003,REG-02,EMP-0058,CUS-00637,2026-07-27 08:35:16,Sale,36.36,0,3.0,39.36,Debit Card,1,False,True,False,Completed
TXN-0000552,RCP-00000552,PH-003,REG-01,EMP-0062,,2026-06-15 08:56:37,Sale,10.7,1.6,0.75,9.85,Cash,1,False,False,False,Completed
TXN-0000553,RCP-00000553,PH-003,REG-01,EMP-0047,CUS-02733,2026-05-24 16:43:54,Sale,146.14,0,12.05,158.19,Debit Card,5,False,True,False,Completed
TXN-0000554,RCP-00000554,PH-005,REG-01,EMP-0105,,2026-05-23 20:03:14,Sale,274.32,30.31,20.13,264.14,Split Payment,6,False,False,False,Completed
TXN-0000555,RCP-00000555,PH-003,REG-06,EMP-0059,CUS-04525,2026-05-25 16:29:51,Sale,237.31,36.62,16.55,217.24,Debit Card,4,False,True,False,Completed
TXN-0000556,RCP-00000556,PH-005,REG-06,EMP-0102,CUS-02631,2026-05-08 17:42:02,Sale,127.21,0,10.5,137.71,Credit Card,3,False,True,False,Completed
TXN-0000557,RCP-00000557,PH-005,REG-01,EMP-0103,CUS-02902,2026-05-09 18:40:47,Sale,207.3,0,17.11,224.41,Credit Card,6,False,True,False,Completed
TXN-0000558,RCP-00000558,PH-001,REG-03,EMP-0014,,2026-05-11 19:18:29,Sale,104.45,0,8.62,113.07,Credit Card,2,False,False,False,Completed
TXN-0000559,RCP-00000559,PH-003,REG-03,EMP-0060,,2026-07-17 14:55:19,Sale,267.86,12.2,21.09,276.75,Cash,5,False,False,False,Completed
TXN-0000560,RCP-00000560,PH-001,REG-03,EMP-0020,,2026-06-19 18:39:02,Sale,195.39,5.23,15.69,205.85,Credit Card,4,False,False,False,Completed
TXN-0000561,RCP-00000561,PH-005,REG-01,EMP-0090,CUS-01096,2026-05-20 19:05:33,Sale,212.22,0,17.51,229.73,Debit Card,5,False,True,False,Completed
TXN-0000562,RCP-00000562,PH-002,REG-03,EMP-0038,CUS-01322,2026-07-25 11:59:46,Sale,51.86,0,4.28,56.14,Debit Card,2,False,True,False,Completed
TXN-0000563,RCP-00000563,PH-005,REG-04,EMP-0091,CUS-03257,2026-06-22 11:02:59,Sale,89.24,0,7.36,96.6,Credit Card,2,False,True,False,Completed
TXN-0000564,RCP-00000564,PH-003,REG-05,EMP-0059,,2026-06-28 08:30:10,Sale,121.09,0,9.99,131.08,Credit Card,5,False,False,False,Completed
TXN-0000565,RCP-00000565,PH-002,REG-05,EMP-0041,,2026-07-17 10:50:28,Sale,327.63,5.48,26.58,348.73,Credit Card,6,False,False,False,Completed
TXN-0000566,RCP-00000566,PH-003,REG-04,EMP-0057,CUS-00635,2026-06-07 15:02:05,Sale,254.85,0,21.02,275.87,Credit Card,6,False,True,False,Completed
TXN-0000567,RCP-00000567,PH-004,REG-06,EMP-0078,CUS-02719,2026-06-09 08:45:26,Sale,134.13,0,11.07,145.2,Credit Card,3,False,True,False,Completed
TXN-0000568,RCP-00000568,PH-002,REG-05,EMP-0036,CUS-00702,2026-07-05 11:30:47,Sale,73.62,0,6.08,79.7,Credit Card,2,False,True,False,Completed
TXN-0000569,RCP-00000569,PH-003,REG-06,EMP-0046,CUS-04203,2026-06-03 16:14:26,Sale,219.2,6.39,17.55,230.36,Cash,6,False,True,False,Completed
TXN-0000570,RCP-00000570,PH-001,REG-01,EMP-0006,CUS-04826,2026-05-24 15:46:26,Sale,455.93,4.01,37.28,489.2,Debit Card,4,False,True,False,Completed
TXN-0000571,RCP-00000571,PH-005,REG-01,EMP-0089,,2026-07-20 17:29:58,Sale,262.32,11.52,20.69,271.49,Cash,6,False,False,False,Completed
TXN-0000572,RCP-00000572,PH-003,REG-01,EMP-0058,,2026-06-08 08:55:56,Sale,64.89,7.45,4.74,62.18,Gift Card,2,False,False,True,Completed
TXN-0000573,RCP-00000573,PH-003,REG-05,EMP-0056,,2026-07-25 20:43:55,Sale,73.04,1.54,5.9,77.4,Credit Card,3,False,False,False,Completed
TXN-0000574,RCP-00000574,PH-004,REG-01,EMP-0080,CUS-00137,2026-06-02 15:21:54,Sale,193.13,10.67,15.05,197.51,Debit Card,5,False,True,False,Completed
TXN-0000575,RCP-00000575,PH-003,REG-04,EMP-0056,CUS-01828,2026-05-11 12:40:01,Sale,495.99,1.32,40.79,535.46,Credit Card,7,False,True,False,Completed
TXN-0000576,RCP-00000576,PH-005,REG-02,EMP-0103,CUS-03434,2026-06-17 10:15:03,Sale,119.32,7.22,9.25,121.35,Debit Card,4,False,True,False,Completed
TXN-0000577,RCP-00000577,PH-002,REG-02,EMP-0040,CUS-01787,2026-07-10 10:17:55,Sale,78.67,8.77,5.76,75.66,Debit Card,2,False,True,False,Completed
TXN-0000578,RCP-00000578,PH-005,REG-01,EMP-0101,,2026-07-08 17:56:44,Sale,296.19,0,24.43,320.62,Credit Card,5,False,False,False,Completed
TXN-0000579,RCP-00000579,PH-003,REG-05,EMP-0058,CUS-02338,2026-05-13 16:44:15,Sale,93.95,0,7.75,101.7,Credit Card,2,False,True,False,Completed
TXN-0000580,RCP-00000580,PH-004,REG-01,EMP-0079,CUS-01337,2026-05-07 08:38:21,Sale,171.92,2.38,13.99,183.53,Split Payment,3,False,True,False,Completed
TXN-0000581,RCP-00000581,PH-002,REG-05,EMP-0040,CUS-00153,2026-05-31 14:33:38,Sale,37.76,1.01,3.03,39.78,Credit Card,2,False,True,False,Completed
TXN-0000582,RCP-00000582,PH-002,REG-06,EMP-0040,,2026-06-01 14:28:53,Sale,49.21,0,4.05,53.26,Cash,3,False,False,False,Completed
TXN-0000583,RCP-00000583,PH-005,REG-02,EMP-0100,,2026-06-10 09:25:57,Sale,240.79,0,19.87,260.66,Credit Card,5,False,False,False,Completed
TXN-0000584,RCP-00000584,PH-003,REG-05,EMP-0046,CUS-03810,2026-06-25 18:21:18,Sale,458.7,10.23,37.0,485.47,Cash,3,False,True,False,Completed
TXN-0000585,RCP-00000585,PH-002,REG-03,EMP-0037,CUS-02367,2026-07-20 08:22:15,Sale,142.32,7.22,11.15,146.25,Credit Card,3,False,True,False,Completed
TXN-0000586,RCP-00000586,PH-004,REG-02,EMP-0086,,2026-06-02 16:44:17,Sale,170.6,0,14.08,184.68,Credit Card,3,False,False,False,Completed
TXN-0000587,RCP-00000587,PH-003,REG-06,EMP-0047,CUS-04518,2026-06-12 21:39:19,Sale,142.42,0.21,11.73,153.94,Credit Card,4,False,True,False,Completed
TXN-0000588,RCP-00000588,PH-004,REG-06,EMP-0080,,2026-07-26 11:42:11,Sale,277.91,7.34,22.32,292.89,Credit Card,8,False,False,False,Completed
TXN-0000589,RCP-00000589,PH-004,REG-03,EMP-0081,,2026-05-13 21:34:42,Sale,96.62,0,7.97,104.59,Debit Card,3,False,False,False,Completed
TXN-0000590,RCP-00000590,PH-005,REG-04,EMP-0102,CUS-04389,2026-05-09 16:55:47,Sale,76.43,0,6.3,82.73,Debit Card,3,False,True,False,Completed
TXN-0000591,RCP-00000591,PH-001,REG-01,EMP-0013,CUS-03722,2026-05-10 17:50:46,Sale,361.5,6.14,29.32,384.68,Gift Card,5,False,True,False,Completed
TXN-0000592,RCP-00000592,PH-004,REG-05,EMP-0080,CUS-04767,2026-06-24 15:15:00,Sale,440.46,0,36.35,476.81,Credit Card,7,False,True,False,Completed
TXN-0000593,RCP-00000593,PH-003,REG-04,EMP-0063,CUS-04420,2026-05-21 09:01:37,Sale,91.19,0,7.53,98.72,Credit Card,3,False,True,False,Completed
TXN-0000594,RCP-00000594,PH-005,REG-04,EMP-0090,CUS-04608,2026-05-20 08:43:54,Sale,91.31,0,7.54,98.85,Credit Card,4,False,True,False,Completed
TXN-0000595,RCP-00000595,PH-001,REG-03,EMP-0015,CUS-04377,2026-07-27 11:58:10,Sale,158.67,4.62,12.71,166.76,Cash,5,False,True,False,Completed
TXN-0000596,RCP-00000596,PH-004,REG-01,EMP-0067,CUS-02093,2026-06-18 11:39:10,Sale,68.75,0,5.67,74.42,Cash,2,False,True,False,Completed
TXN-0000597,RCP-00000597,PH-001,REG-02,EMP-0006,CUS-04001,2026-05-07 10:03:48,Sale,176.53,9.06,13.81,181.28,Cash,7,False,True,False,Completed
TXN-0000598,RCP-00000598,PH-002,REG-02,EMP-0023,CUS-04033,2026-05-10 13:10:36,Sale,271.12,0,22.37,293.49,Credit Card,3,False,True,False,Completed
TXN-0000599,RCP-00000599,PH-002,REG-01,EMP-0042,CUS-02301,2026-05-14 21:19:24,Sale,120.32,14.92,8.7,114.1,Debit Card,4,False,True,True,Completed
TXN-0000600,RCP-00000600,PH-001,REG-01,EMP-0019,CUS-03201,2026-07-03 09:29:03,Sale,150.41,0,12.41,162.82,Gift Card,5,False,True,False,Completed
TXN-0000601,RCP-00000601,PH-001,REG-02,EMP-0019,CUS-01782,2026-07-19 17:48:39,Sale,227.85,14.44,17.6,231.01,Credit Card,4,False,True,False,Completed
TXN-0000602,RCP-00000602,PH-003,REG-02,EMP-0056,,2026-07-15 15:22:21,Sale,7.14,0,0.59,7.73,Gift Card,1,False,False,False,Completed
TXN-0000603,RCP-00000603,PH-005,REG-04,EMP-0104,,2026-05-14 13:05:06,Sale,438.01,10.12,35.31,463.2,Debit Card,8,False,False,False,Completed
TXN-0000604,RCP-00000604,PH-002,REG-05,EMP-0024,CUS-04232,2026-05-10 09:08:28,Sale,362.62,21.24,28.17,369.55,Credit Card,9,False,True,False,Completed
TXN-0000605,RCP-00000605,PH-005,REG-01,EMP-0104,,2026-07-02 19:31:45,Sale,233.49,0,19.27,252.76,Credit Card,5,False,False,False,Completed
TXN-0000606,RCP-00000606,PH-005,REG-02,EMP-0107,CUS-01154,2026-06-29 14:46:42,Sale,412.61,0.56,33.99,446.04,Debit Card,8,False,True,False,Completed
TXN-0000607,RCP-00000607,PH-001,REG-01,EMP-0013,,2026-07-30 17:34:03,Sale,92.45,0,7.63,100.08,Debit Card,4,False,False,False,Completed
TXN-0000608,RCP-00000608,PH-004,REG-04,EMP-0083,CUS-02378,2026-06-15 14:09:06,Sale,105.47,4.95,8.3,108.82,Credit Card,3,False,True,False,Completed
TXN-0000609,RCP-00000609,PH-002,REG-06,EMP-0039,CUS-02170,2026-06-24 19:37:02,Sale,93.41,4.31,7.35,96.45,Credit Card,3,False,True,False,Completed
TXN-0000610,RCP-00000610,PH-003,REG-06,EMP-0064,CUS-01058,2026-05-26 15:27:21,Sale,142.23,3.23,11.47,150.47,Debit Card,4,False,True,False,Completed
TXN-0000611,RCP-00000611,PH-003,REG-05,EMP-0060,CUS-02725,2026-05-02 18:01:22,Sale,70.83,2.87,5.6,73.56,Debit Card,3,False,True,False,Completed
TXN-0000612,RCP-00000612,PH-002,REG-02,EMP-0035,CUS-02351,2026-07-02 21:50:08,Sale,1.86,0.65,0.1,1.31,Cash,1,False,True,True,Completed
TXN-0000613,RCP-00000613,PH-003,REG-02,EMP-0058,CUS-00874,2026-05-11 15:27:44,Sale,270.28,5.13,21.88,287.03,Debit Card,5,False,True,False,Completed
TXN-0000614,RCP-00000614,PH-004,REG-02,EMP-0080,CUS-04112,2026-06-17 19:06:58,Sale,192.27,9.32,15.1,198.05,Cash,4,False,True,False,Completed
TXN-0000615,RCP-00000615,PH-005,REG-02,EMP-0101,,2026-07-02 08:55:25,Sale,48.35,7.41,3.37,44.31,Debit Card,2,False,False,False,Completed
TXN-0000616,RCP-00000616,PH-005,REG-06,EMP-0103,CUS-01462,2026-05-02 10:15:35,Sale,215.29,9.79,16.95,222.45,Credit Card,2,False,True,False,Completed
TXN-0000617,RCP-00000617,PH-002,REG-06,EMP-0034,CUS-01260,2026-05-01 08:21:59,Sale,144.07,2.91,11.65,152.81,Credit Card,3,False,True,False,Completed
TXN-0000618,RCP-00000618,PH-002,REG-02,EMP-0042,CUS-03101,2026-07-31 10:13:55,Sale,84.35,2.52,6.75,88.58,Cash,4,False,True,False,Completed
TXN-0000619,RCP-00000619,PH-005,REG-05,EMP-0100,CUS-01373,2026-06-10 11:21:34,Sale,265.38,2.78,21.66,284.26,Credit Card,4,False,True,False,Completed
TXN-0000620,RCP-00000620,PH-002,REG-05,EMP-0041,CUS-04989,2026-05-26 14:41:13,Sale,77.47,4.21,6.04,79.3,Debit Card,3,False,True,False,Completed
TXN-0000621,RCP-00000621,PH-001,REG-01,EMP-0017,CUS-03512,2026-07-16 18:54:52,Sale,98.59,0,8.13,106.72,Credit Card,3,False,True,False,Completed
TXN-0000622,RCP-00000622,PH-005,REG-01,EMP-0091,CUS-02763,2026-06-30 09:30:40,Sale,342.28,2.48,28.03,367.83,Credit Card,5,False,True,False,Completed
TXN-0000623,RCP-00000623,PH-001,REG-06,EMP-0006,,2026-06-25 15:18:55,Sale,10.1,1.01,0.75,9.84,Split Payment,1,False,False,False,Completed
TXN-0000624,RCP-00000624,PH-003,REG-06,EMP-0045,CUS-04483,2026-07-25 18:26:32,Sale,64.47,0,5.32,69.79,Credit Card,1,False,True,False,Completed
TXN-0000625,RCP-00000625,PH-005,REG-02,EMP-0103,,2026-05-12 10:49:13,Sale,159.19,25.28,11.05,144.96,Debit Card,4,False,False,True,Completed
TXN-0000626,RCP-00000626,PH-003,REG-05,EMP-0060,CUS-00446,2026-06-22 15:31:18,Sale,244.13,4.05,19.8,259.88,Credit Card,6,False,True,False,Completed
TXN-0000627,RCP-00000627,PH-005,REG-06,EMP-0105,CUS-01534,2026-07-25 13:29:15,Sale,214.12,8.45,16.96,222.63,Credit Card,8,False,True,False,Completed
TXN-0000628,RCP-00000628,PH-005,REG-01,EMP-0101,,2026-05-29 12:29:00,Sale,111.1,0,9.16,120.26,Credit Card,3,False,False,False,Completed
TXN-0000629,RCP-00000629,PH-005,REG-04,EMP-0105,CUS-02982,2026-06-08 18:07:12,Sale,87.76,0,7.24,95.0,Cash,3,False,True,False,Completed
TXN-0000630,RCP-00000630,PH-001,REG-03,EMP-0002,CUS-03092,2026-05-09 16:00:55,Sale,42.89,0,3.54,46.43,Credit Card,3,False,True,False,Completed
TXN-0000631,RCP-00000631,PH-002,REG-06,EMP-0035,CUS-04952,2026-07-06 14:36:49,Sale,226.7,0,18.71,245.41,Debit Card,5,False,True,False,Completed
TXN-0000632,RCP-00000632,PH-003,REG-05,EMP-0064,CUS-04624,2026-05-17 19:04:57,Sale,396.14,0.8,32.61,427.95,Credit Card,7,False,True,False,Completed
TXN-0000633,RCP-00000633,PH-002,REG-04,EMP-0024,CUS-01933,2026-06-04 17:58:19,Sale,199.84,0,16.48,216.32,Credit Card,5,False,True,False,Completed
TXN-0000634,RCP-00000634,PH-002,REG-01,EMP-0025,CUS-03807,2026-05-14 15:44:03,Sale,11.81,0,0.97,12.78,Cash,1,False,True,False,Completed
TXN-0000635,RCP-00000635,PH-004,REG-02,EMP-0082,CUS-02431,2026-05-01 20:40:54,Sale,99.35,0,8.2,107.55,Credit Card,4,False,True,False,Completed
TXN-0000636,RCP-00000636,PH-003,REG-02,EMP-0064,,2026-05-15 09:23:46,Sale,458.15,47.05,33.92,445.02,Gift Card,6,False,False,False,Completed
TXN-0000637,RCP-00000637,PH-005,REG-05,EMP-0107,CUS-04951,2026-05-02 08:17:23,Sale,242.98,0.82,19.98,262.14,Cash,6,False,True,False,Completed
TXN-0000638,RCP-00000638,PH-005,REG-05,EMP-0108,CUS-01709,2026-05-05 08:55:22,Sale,114.62,0.88,9.39,123.13,Gift Card,6,False,True,False,Completed
TXN-0000639,RCP-00000639,PH-004,REG-04,EMP-0069,CUS-02372,2026-07-24 20:47:45,Sale,353.73,6.67,28.63,375.69,Credit Card,5,False,True,False,Completed
TXN-0000640,RCP-00000640,PH-001,REG-02,EMP-0003,CUS-00989,2026-05-14 21:09:13,Sale,190.01,9.88,14.87,195.0,Credit Card,6,False,True,False,Completed
TXN-0000641,RCP-00000641,PH-003,REG-02,EMP-0058,,2026-05-23 20:10:38,Sale,520.85,7.36,42.36,555.85,Cash,8,False,False,False,Completed
TXN-0000642,RCP-00000642,PH-004,REG-05,EMP-0078,CUS-04815,2026-05-08 15:47:59,Sale,276.96,10.25,22.0,288.71,Credit Card,8,False,True,False,Completed
TXN-0000643,RCP-00000643,PH-003,REG-06,EMP-0064,CUS-02277,2026-07-29 21:54:02,Sale,265.85,0,21.93,287.78,Cash,4,False,True,False,Completed
TXN-0000644,RCP-00000644,PH-005,REG-06,EMP-0104,CUS-02887,2026-07-07 11:12:41,Sale,192.94,3.8,15.59,204.73,Cash,6,False,True,False,Completed
TXN-0000645,RCP-00000645,PH-002,REG-01,EMP-0039,CUS-00574,2026-05-02 08:30:00,Sale,89.68,0,7.4,97.08,Cash,2,False,True,False,Completed
TXN-0000646,RCP-00000646,PH-003,REG-01,EMP-0063,CUS-02975,2026-06-23 11:47:23,Sale,150.07,10.33,11.53,151.27,Credit Card,4,False,True,False,Completed
TXN-0000647,RCP-00000647,PH-001,REG-01,EMP-0013,CUS-01458,2026-07-26 20:55:23,Sale,39.87,0,3.29,43.16,Debit Card,1,False,True,False,Completed
TXN-0000648,RCP-00000648,PH-005,REG-03,EMP-0102,CUS-02476,2026-07-20 12:03:47,Sale,65.05,0,5.37,70.42,Credit Card,1,False,True,False,Completed
TXN-0000649,RCP-00000649,PH-003,REG-02,EMP-0045,CUS-02218,2026-07-14 11:45:09,Sale,311.85,3.69,25.42,333.58,Split Payment,6,False,True,False,Completed
TXN-0000650,RCP-00000650,PH-003,REG-02,EMP-0059,CUS-03640,2026-05-17 19:55:49,Sale,96.08,10.45,7.06,92.69,Credit Card,2,False,True,False,Completed
TXN-0000651,RCP-00000651,PH-001,REG-06,EMP-0015,CUS-00326,2026-06-15 18:47:01,Sale,118.45,6.12,9.27,121.6,Credit Card,4,False,True,False,Completed
TXN-0000652,RCP-00000652,PH-001,REG-03,EMP-0019,CUS-02404,2026-06-12 10:44:12,Sale,42.02,4.2,3.12,40.94,Gift Card,1,False,True,False,Completed
TXN-0000653,RCP-00000653,PH-001,REG-02,EMP-0002,CUS-00329,2026-07-26 12:05:08,Sale,165.81,11.54,12.72,166.99,Credit Card,4,False,True,False,Completed
TXN-0000654,RCP-00000654,PH-003,REG-01,EMP-0045,CUS-00987,2026-07-31 09:21:25,Sale,101.9,9.39,7.63,100.14,Cash,3,False,True,False,Completed
TXN-0000655,RCP-00000655,PH-003,REG-06,EMP-0056,CUS-00293,2026-05-21 20:23:39,Sale,47.68,0,3.93,51.61,Credit Card,2,False,True,False,Completed
TXN-0000656,RCP-00000656,PH-001,REG-05,EMP-0002,CUS-00057,2026-06-18 11:31:57,Sale,162.72,3.0,13.18,172.9,Cash,6,False,True,False,Completed
TXN-0000657,RCP-00000657,PH-001,REG-03,EMP-0020,CUS-04875,2026-07-15 19:53:17,Sale,101.75,0,8.39,110.14,Cash,3,False,True,False,Completed
TXN-0000658,RCP-00000658,PH-005,REG-03,EMP-0102,CUS-01571,2026-07-24 12:39:09,Sale,62.37,4.17,4.81,63.01,Credit Card,3,False,True,False,Completed
TXN-0000659,RCP-00000659,PH-005,REG-05,EMP-0090,,2026-05-07 09:02:21,Sale,390.45,21.0,30.48,399.93,Credit Card,6,False,False,True,Completed
TXN-0000660,RCP-00000660,PH-002,REG-04,EMP-0034,,2026-05-06 16:11:42,Sale,243.48,17.97,18.6,244.11,Debit Card,7,False,False,True,Completed
TXN-0000661,RCP-00000661,PH-004,REG-06,EMP-0083,CUS-01694,2026-07-27 15:13:48,Sale,183.64,0,15.15,198.79,Credit Card,5,False,True,False,Completed
TXN-0000662,RCP-00000662,PH-005,REG-05,EMP-0102,,2026-07-14 16:53:02,Sale,214.91,0.37,17.7,232.24,Debit Card,7,False,False,False,Completed
TXN-0000663,RCP-00000663,PH-001,REG-02,EMP-0015,CUS-04617,2026-05-24 10:53:05,Sale,227.73,6.43,18.25,239.55,Credit Card,6,False,True,False,Completed
TXN-0000664,RCP-00000664,PH-005,REG-06,EMP-0101,CUS-03622,2026-05-07 11:27:31,Sale,43.8,0,3.61,47.41,Credit Card,2,False,True,False,Completed
TXN-0000665,RCP-00000665,PH-004,REG-03,EMP-0069,CUS-04245,2026-05-28 11:38:59,Sale,191.81,0.36,15.79,207.24,Debit Card,5,False,True,False,Completed
TXN-0000666,RCP-00000666,PH-001,REG-06,EMP-0017,CUS-03247,2026-07-26 14:25:05,Sale,247.09,0,20.38,267.47,Credit Card,5,False,True,False,Completed
TXN-0000667,RCP-00000667,PH-001,REG-02,EMP-0019,,2026-05-17 19:24:01,Sale,41.36,0,3.41,44.77,Debit Card,3,False,False,False,Completed
TXN-0000668,RCP-00000668,PH-002,REG-06,EMP-0036,CUS-04969,2026-07-05 17:28:17,Sale,93.09,0,7.68,100.77,Cash,4,False,True,False,Completed
TXN-0000669,RCP-00000669,PH-001,REG-02,EMP-0013,CUS-01825,2026-06-30 21:03:32,Sale,198.47,7.29,15.78,206.96,Cash,5,False,True,False,Completed
TXN-0000670,RCP-00000670,PH-001,REG-03,EMP-0014,CUS-04285,2026-07-13 21:27:31,Sale,89.68,5.01,6.98,91.65,Credit Card,2,False,True,False,Completed
TXN-0000671,RCP-00000671,PH-002,REG-03,EMP-0036,CUS-04724,2026-07-11 13:54:26,Sale,152.06,0,12.55,164.61,Split Payment,5,False,True,False,Completed
TXN-0000672,RCP-00000672,PH-005,REG-03,EMP-0106,CUS-02710,2026-06-21 14:02:08,Sale,289.43,0,23.88,313.31,Credit Card,8,False,True,False,Completed
TXN-0000673,RCP-00000673,PH-001,REG-03,EMP-0015,CUS-00886,2026-06-19 11:12:49,Sale,149.73,6.47,11.82,155.08,Credit Card,4,False,True,False,Completed
TXN-0000674,RCP-00000674,PH-002,REG-06,EMP-0041,CUS-03144,2026-07-13 13:30:50,Sale,233.46,10.79,18.37,241.04,Debit Card,7,False,True,False,Completed
TXN-0000675,RCP-00000675,PH-004,REG-02,EMP-0067,CUS-00560,2026-07-06 13:47:31,Sale,249.07,27.01,18.32,240.38,Credit Card,4,False,True,False,Completed
TXN-0000676,RCP-00000676,PH-004,REG-03,EMP-0083,CUS-03921,2026-06-20 11:40:51,Sale,275.92,6.23,22.26,291.95,Debit Card,9,False,True,False,Completed
TXN-0000677,RCP-00000677,PH-002,REG-06,EMP-0025,CUS-00403,2026-06-09 18:19:40,Sale,281.99,7.24,22.67,297.42,Credit Card,5,False,True,False,Completed
TXN-0000678,RCP-00000678,PH-002,REG-03,EMP-0024,,2026-07-24 21:33:28,Sale,135.73,0,11.2,146.93,Credit Card,3,False,False,False,Completed
TXN-0000679,RCP-00000679,PH-001,REG-04,EMP-0012,,2026-05-16 17:57:49,Sale,102.82,0,8.47,111.29,Credit Card,4,False,False,False,Completed
TXN-0000680,RCP-00000680,PH-004,REG-01,EMP-0083,CUS-03936,2026-05-11 09:22:28,Sale,203.04,0,16.75,219.79,Split Payment,4,False,True,False,Completed
TXN-0000681,RCP-00000681,PH-005,REG-03,EMP-0103,CUS-00986,2026-07-07 21:07:25,Sale,75.02,0,6.19,81.21,Credit Card,3,False,True,False,Completed
TXN-0000682,RCP-00000682,PH-004,REG-05,EMP-0069,CUS-03317,2026-06-25 18:40:11,Sale,242.22,25.05,17.93,235.1,Credit Card,5,False,True,False,Completed
TXN-0000683,RCP-00000683,PH-002,REG-01,EMP-0038,CUS-02795,2026-05-29 20:04:14,Sale,140.3,0,11.57,151.87,Cash,4,False,True,False,Completed
TXN-0000684,RCP-00000684,PH-002,REG-05,EMP-0035,CUS-04535,2026-05-10 20:54:25,Sale,537.2,1.56,44.19,579.83,Debit Card,11,False,True,False,Completed
TXN-0000685,RCP-00000685,PH-005,REG-05,EMP-0103,,2026-07-25 09:01:42,Sale,181.08,3.41,14.65,192.32,Credit Card,5,False,False,False,Completed
TXN-0000686,RCP-00000686,PH-004,REG-01,EMP-0084,CUS-04118,2026-06-22 10:03:36,Sale,176.83,28.81,12.22,160.24,Gift Card,6,False,True,True,Completed
TXN-0000687,RCP-00000687,PH-003,REG-06,EMP-0058,CUS-02213,2026-07-10 21:01:00,Sale,472.85,37.41,35.92,471.36,Cash,6,False,True,False,Completed
TXN-0000688,RCP-00000688,PH-001,REG-01,EMP-0014,CUS-04015,2026-06-28 21:04:15,Sale,122.72,12.76,9.08,119.04,Cash,3,False,True,False,Completed
TXN-0000689,RCP-00000689,PH-004,REG-03,EMP-0080,,2026-07-20 16:00:06,Sale,138.45,4.12,11.09,145.42,Credit Card,5,False,False,False,Completed
TXN-0000690,RCP-00000690,PH-004,REG-04,EMP-0083,CUS-04601,2026-07-12 10:59:19,Sale,216.15,0,17.84,233.99,Credit Card,3,False,True,False,Completed
TXN-0000691,RCP-00000691,PH-005,REG-02,EMP-0101,CUS-02728,2026-07-11 11:10:45,Sale,257.06,0,21.2,278.26,Credit Card,7,False,True,False,Completed
TXN-0000692,RCP-00000692,PH-005,REG-01,EMP-0089,,2026-05-26 10:37:00,Sale,99.34,0,8.2,107.54,Gift Card,3,False,False,False,Completed
TXN-0000693,RCP-00000693,PH-002,REG-04,EMP-0038,CUS-00677,2026-06-16 08:13:28,Sale,147.53,0,12.18,159.71,Credit Card,6,False,True,False,Completed
TXN-0000694,RCP-00000694,PH-001,REG-01,EMP-0013,CUS-00895,2026-05-01 08:17:32,Sale,208.84,4.26,16.87,221.45,Credit Card,6,False,True,False,Completed
TXN-0000695,RCP-00000695,PH-005,REG-05,EMP-0102,CUS-02096,2026-05-19 18:08:07,Sale,88.43,0.32,7.27,95.38,Credit Card,7,False,True,False,Completed
TXN-0000696,RCP-00000696,PH-004,REG-04,EMP-0085,CUS-02014,2026-06-03 13:40:24,Sale,362.79,2.86,29.69,389.62,Credit Card,7,False,True,False,Completed
TXN-0000697,RCP-00000697,PH-004,REG-05,EMP-0083,CUS-03825,2026-05-18 09:01:44,Sale,63.94,0,5.28,69.22,Credit Card,3,False,True,False,Completed
TXN-0000698,RCP-00000698,PH-003,REG-02,EMP-0058,CUS-03475,2026-06-27 13:45:50,Sale,301.48,12.95,23.8,312.33,Cash,9,False,True,False,Completed
TXN-0000699,RCP-00000699,PH-001,REG-05,EMP-0012,,2026-05-22 08:56:08,Sale,174.7,6.05,13.92,182.57,Cash,5,False,False,False,Completed
TXN-0000700,RCP-00000700,PH-004,REG-01,EMP-0082,CUS-04245,2026-06-09 17:59:41,Sale,172.5,0,14.22,186.72,Debit Card,5,False,True,False,Completed
TXN-0000701,RCP-00000701,PH-004,REG-06,EMP-0079,CUS-00391,2026-05-12 09:39:55,Sale,236.41,0.88,19.43,254.96,Credit Card,3,False,True,False,Completed
TXN-0000702,RCP-00000702,PH-002,REG-04,EMP-0035,CUS-00916,2026-05-21 20:35:05,Sale,61.31,0,5.05,66.36,Debit Card,2,False,True,False,Completed
TXN-0000703,RCP-00000703,PH-001,REG-06,EMP-0019,CUS-00557,2026-05-12 17:33:51,Sale,133.38,0,11.01,144.39,Split Payment,5,False,True,False,Completed
TXN-0000704,RCP-00000704,PH-004,REG-02,EMP-0079,CUS-04518,2026-07-12 17:54:13,Sale,81.96,3.37,6.48,85.07,Debit Card,4,False,True,False,Completed
TXN-0000705,RCP-00000705,PH-003,REG-05,EMP-0056,CUS-03505,2026-05-31 11:28:38,Sale,408.86,4.05,33.4,438.21,Cash,6,False,True,False,Completed
TXN-0000706,RCP-00000706,PH-001,REG-02,EMP-0012,CUS-01750,2026-06-01 14:31:20,Sale,108.58,2.38,8.77,114.97,Credit Card,4,False,True,False,Completed
TXN-0000707,RCP-00000707,PH-001,REG-06,EMP-0002,CUS-02148,2026-05-03 09:31:12,Sale,153.56,0,12.66,166.22,Credit Card,6,False,True,False,Completed
TXN-0000708,RCP-00000708,PH-003,REG-06,EMP-0061,CUS-01261,2026-05-22 15:19:09,Sale,162.45,10.28,12.55,164.72,Split Payment,6,False,True,False,Completed
TXN-0000709,RCP-00000709,PH-005,REG-04,EMP-0106,CUS-01470,2026-06-03 14:46:53,Sale,224.05,2.7,18.27,239.62,Credit Card,8,False,True,False,Completed
TXN-0000710,RCP-00000710,PH-003,REG-06,EMP-0062,,2026-05-13 17:24:30,Sale,262.0,20.41,19.93,261.52,Debit Card,6,False,False,False,Completed
TXN-0000711,RCP-00000711,PH-004,REG-02,EMP-0086,CUS-00673,2026-06-17 12:10:34,Sale,216.14,7.37,17.22,225.99,Gift Card,3,False,True,False,Completed
TXN-0000712,RCP-00000712,PH-002,REG-03,EMP-0025,CUS-03814,2026-06-21 11:23:59,Sale,146.43,0,12.08,158.51,Cash,5,False,True,False,Completed
TXN-0000713,RCP-00000713,PH-003,REG-03,EMP-0056,CUS-04677,2026-05-13 15:37:15,Sale,73.62,2.47,5.87,77.02,Debit Card,3,False,True,False,Completed
TXN-0000714,RCP-00000714,PH-003,REG-03,EMP-0045,CUS-02173,2026-05-29 09:37:47,Sale,189.43,11.33,14.69,192.79,Credit Card,5,False,True,False,Completed
TXN-0000715,RCP-00000715,PH-001,REG-02,EMP-0014,CUS-03219,2026-05-09 17:37:02,Sale,111.52,6.15,8.69,114.06,Credit Card,4,False,True,False,Completed
TXN-0000716,RCP-00000716,PH-002,REG-02,EMP-0036,CUS-02108,2026-07-25 21:38:09,Sale,110.03,0,9.08,119.11,Cash,3,False,True,False,Completed
TXN-0000717,RCP-00000717,PH-004,REG-01,EMP-0083,CUS-02316,2026-06-12 08:31:37,Sale,287.3,0,23.71,311.01,Debit Card,6,False,True,False,Completed
TXN-0000718,RCP-00000718,PH-003,REG-02,EMP-0047,CUS-01924,2026-06-15 21:00:39,Sale,111.6,8.92,8.47,111.15,Credit Card,5,False,True,False,Completed
TXN-0000719,RCP-00000719,PH-002,REG-04,EMP-0039,CUS-02535,2026-07-31 14:46:36,Sale,171.07,3.46,13.83,181.44,Debit Card,7,False,True,False,Completed
TXN-0000720,RCP-00000720,PH-002,REG-05,EMP-0036,,2026-05-19 10:06:51,Sale,306.48,9.92,24.47,321.03,Credit Card,5,False,False,False,Completed
TXN-0000721,RCP-00000721,PH-003,REG-05,EMP-0062,CUS-00039,2026-07-25 09:14:12,Sale,290.2,5.53,23.49,308.16,Credit Card,9,False,True,False,Completed
TXN-0000722,RCP-00000722,PH-005,REG-03,EMP-0103,CUS-03326,2026-05-08 17:24:52,Sale,102.29,0,8.43,110.72,Credit Card,3,False,True,False,Completed
TXN-0000723,RCP-00000723,PH-002,REG-03,EMP-0035,CUS-03426,2026-07-26 18:16:09,Sale,259.61,0,21.42,281.03,Cash,5,False,True,False,Completed
TXN-0000724,RCP-00000724,PH-004,REG-04,EMP-0068,CUS-01448,2026-05-21 09:29:20,Sale,324.96,2.51,26.6,349.05,Credit Card,6,False,True,False,Completed
TXN-0000725,RCP-00000725,PH-002,REG-03,EMP-0036,CUS-00698,2026-07-30 20:12:48,Sale,77.14,1.87,6.21,81.48,Cash,3,False,True,False,Completed
TXN-0000726,RCP-00000726,PH-003,REG-01,EMP-0047,,2026-07-15 16:44:02,Sale,47.34,9.47,3.12,40.99,Debit Card,1,False,False,False,Completed
TXN-0000727,RCP-00000727,PH-005,REG-04,EMP-0103,CUS-03025,2026-07-04 18:32:05,Sale,223.34,9.32,17.66,231.68,Debit Card,7,False,True,False,Completed
TXN-0000728,RCP-00000728,PH-005,REG-06,EMP-0090,CUS-03715,2026-07-13 21:23:15,Sale,187.91,0.98,15.43,202.36,Split Payment,4,False,True,False,Completed
TXN-0000729,RCP-00000729,PH-004,REG-06,EMP-0082,CUS-04573,2026-07-26 15:35:59,Sale,128.36,2.09,10.43,136.7,Credit Card,3,False,True,False,Completed
TXN-0000730,RCP-00000730,PH-002,REG-03,EMP-0035,CUS-04940,2026-06-22 21:46:57,Sale,135.71,0,11.19,146.9,Cash,6,False,True,False,Completed
TXN-0000731,RCP-00000731,PH-002,REG-01,EMP-0041,CUS-04743,2026-07-30 13:34:44,Sale,359.28,0,29.65,388.93,Credit Card,7,False,True,False,Completed
TXN-0000732,RCP-00000732,PH-002,REG-04,EMP-0040,CUS-03384,2026-07-04 17:33:39,Sale,139.07,0,11.48,150.55,Debit Card,6,False,True,False,Completed
TXN-0000733,RCP-00000733,PH-004,REG-04,EMP-0083,,2026-05-15 12:58:09,Sale,92.02,5.22,7.16,93.96,Debit Card,4,False,False,False,Completed
TXN-0000734,RCP-00000734,PH-005,REG-06,EMP-0090,CUS-00004,2026-07-19 17:31:20,Sale,301.21,6.98,24.27,318.5,Credit Card,6,False,True,False,Completed
TXN-0000735,RCP-00000735,PH-002,REG-04,EMP-0040,CUS-00367,2026-06-30 08:00:11,Sale,163.71,0,13.49,177.2,Cash,8,False,True,False,Completed
TXN-0000736,RCP-00000736,PH-003,REG-03,EMP-0056,CUS-04600,2026-05-07 17:58:02,Sale,125.04,1.19,10.22,134.07,Credit Card,6,False,True,False,Completed
TXN-0000737,RCP-00000737,PH-002,REG-04,EMP-0023,,2026-07-31 20:45:40,Sale,76.3,13.2,5.2,68.3,Gift Card,3,False,False,True,Completed
TXN-0000738,RCP-00000738,PH-005,REG-05,EMP-0089,CUS-00498,2026-05-12 18:05:42,Sale,52.96,0,4.37,57.33,Cash,1,False,True,False,Completed
TXN-0000739,RCP-00000739,PH-003,REG-02,EMP-0060,CUS-02593,2026-07-28 08:49:43,Sale,284.06,0,23.43,307.49,Credit Card,5,False,True,False,Completed
TXN-0000740,RCP-00000740,PH-001,REG-03,EMP-0002,CUS-00083,2026-06-16 18:22:39,Sale,109.43,0,9.02,118.45,Split Payment,6,False,True,False,Completed
TXN-0000741,RCP-00000741,PH-002,REG-06,EMP-0023,,2026-07-14 12:34:42,Sale,78.31,0.36,6.44,84.39,Debit Card,4,False,False,False,Completed
TXN-0000742,RCP-00000742,PH-003,REG-02,EMP-0057,CUS-01157,2026-05-30 20:19:35,Sale,47.76,0,3.94,51.7,Credit Card,2,False,True,False,Completed
TXN-0000743,RCP-00000743,PH-002,REG-06,EMP-0038,CUS-00448,2026-05-17 09:46:41,Sale,435.41,43.99,32.3,423.72,Cash,7,False,True,False,Completed
TXN-0000744,RCP-00000744,PH-002,REG-04,EMP-0025,CUS-00848,2026-05-21 19:01:50,Sale,379.94,23.75,29.39,385.58,Credit Card,7,False,True,True,Completed
TXN-0000745,RCP-00000745,PH-005,REG-06,EMP-0102,,2026-07-28 19:52:11,Sale,239.4,7.18,19.16,251.38,Credit Card,8,False,False,False,Completed
TXN-0000746,RCP-00000746,PH-005,REG-06,EMP-0108,CUS-00056,2026-05-05 20:49:19,Sale,155.13,10.94,11.9,156.09,Cash,3,False,True,False,Completed
TXN-0000747,RCP-00000747,PH-002,REG-05,EMP-0025,CUS-00901,2026-05-04 18:39:10,Sale,263.07,2.71,21.49,281.85,Cash,6,False,True,False,Completed
TXN-0000748,RCP-00000748,PH-002,REG-01,EMP-0041,,2026-07-11 16:20:14,Sale,235.47,12.24,18.42,241.65,Credit Card,8,False,False,False,Completed
TXN-0000749,RCP-00000749,PH-005,REG-03,EMP-0089,CUS-00024,2026-06-23 17:45:06,Sale,117.2,15.99,8.35,109.56,Debit Card,3,False,True,False,Completed
TXN-0000750,RCP-00000750,PH-003,REG-05,EMP-0046,CUS-02456,2026-06-28 19:17:10,Sale,375.95,5.56,30.55,400.94,Cash,11,False,True,False,Completed
TXN-0000751,RCP-00000751,PH-003,REG-05,EMP-0064,CUS-03353,2026-06-22 10:31:29,Sale,45.58,0,3.76,49.34,Credit Card,1,False,True,False,Completed
TXN-0000752,RCP-00000752,PH-003,REG-04,EMP-0045,,2026-06-28 08:27:56,Sale,147.19,12.23,11.14,146.1,Debit Card,3,False,False,False,Completed
TXN-0000753,RCP-00000753,PH-005,REG-02,EMP-0100,CUS-04923,2026-05-11 13:49:30,Sale,77.73,9.19,5.65,74.19,Credit Card,4,False,True,True,Completed
TXN-0000754,RCP-00000754,PH-002,REG-05,EMP-0041,,2026-07-17 15:39:20,Sale,220.69,6.67,17.65,231.67,Credit Card,6,False,False,False,Completed
TXN-0000755,RCP-00000755,PH-002,REG-04,EMP-0039,CUS-01960,2026-05-18 08:19:18,Sale,230.44,0,19.0,249.44,Cash,5,False,True,False,Completed
TXN-0000756,RCP-00000756,PH-001,REG-02,EMP-0020,CUS-01829,2026-07-08 09:34:51,Sale,161.26,0,13.31,174.57,Credit Card,4,False,True,False,Completed
TXN-0000757,RCP-00000757,PH-003,REG-06,EMP-0061,CUS-01330,2026-06-20 09:14:26,Sale,281.54,2.67,23.02,301.89,Credit Card,7,False,True,False,Completed
TXN-0000758,RCP-00000758,PH-002,REG-01,EMP-0041,,2026-07-26 19:21:02,Sale,101.45,2.42,8.17,107.2,Credit Card,5,False,False,False,Completed
TXN-0000759,RCP-00000759,PH-003,REG-02,EMP-0057,,2026-06-17 12:50:53,Sale,125.89,16.25,9.05,118.69,Credit Card,4,False,False,False,Completed
TXN-0000760,RCP-00000760,PH-005,REG-05,EMP-0103,CUS-02606,2026-07-13 16:34:42,Sale,47.88,1.84,3.8,49.84,Credit Card,3,False,True,False,Completed
TXN-0000761,RCP-00000761,PH-005,REG-03,EMP-0100,CUS-03996,2026-06-18 13:16:33,Sale,40.93,0,3.38,44.31,Split Payment,1,False,True,False,Completed
TXN-0000762,RCP-00000762,PH-002,REG-02,EMP-0036,,2026-05-17 12:07:10,Sale,128.55,5.33,10.16,133.38,Credit Card,5,False,False,False,Completed
TXN-0000763,RCP-00000763,PH-005,REG-06,EMP-0107,CUS-04011,2026-07-29 17:35:42,Sale,165.33,7.81,13.0,170.52,Debit Card,6,False,True,False,Completed
TXN-0000764,RCP-00000764,PH-005,REG-03,EMP-0105,CUS-00817,2026-06-20 19:42:05,Sale,188.6,0,15.56,204.16,Credit Card,4,False,True,False,Completed
TXN-0000765,RCP-00000765,PH-002,REG-06,EMP-0038,CUS-04881,2026-05-19 12:36:43,Sale,71.47,0,5.9,77.37,Credit Card,2,False,True,False,Completed
TXN-0000766,RCP-00000766,PH-001,REG-05,EMP-0002,CUS-03765,2026-07-24 08:39:41,Sale,110.74,9.34,8.38,109.78,Credit Card,5,False,True,True,Completed
TXN-0000767,RCP-00000767,PH-001,REG-01,EMP-0002,CUS-04122,2026-05-06 10:19:54,Sale,187.25,0,15.44,202.69,Cash,6,False,True,False,Completed
TXN-0000768,RCP-00000768,PH-001,REG-01,EMP-0020,CUS-03585,2026-06-06 12:18:01,Sale,107.15,0,8.84,115.99,Credit Card,2,False,True,False,Completed
TXN-0000769,RCP-00000769,PH-001,REG-02,EMP-0020,CUS-03863,2026-05-22 14:55:26,Sale,470.92,59.34,33.95,445.53,Cash,5,False,True,False,Completed
TXN-0000770,RCP-00000770,PH-003,REG-02,EMP-0062,CUS-00257,2026-07-20 09:05:08,Sale,67.48,7.71,4.93,64.7,Credit Card,3,False,True,False,Completed
TXN-0000771,RCP-00000771,PH-005,REG-02,EMP-0103,CUS-02283,2026-05-16 13:18:54,Sale,80.58,0,6.65,87.23,Credit Card,3,False,True,False,Completed
TXN-0000772,RCP-00000772,PH-004,REG-03,EMP-0082,,2026-05-16 12:27:27,Sale,91.94,0,7.59,99.53,Split Payment,5,False,False,False,Completed
TXN-0000773,RCP-00000773,PH-003,REG-05,EMP-0059,CUS-03951,2026-06-29 15:34:03,Sale,195.04,12.6,15.05,197.49,Debit Card,8,False,True,True,Completed
TXN-0000774,RCP-00000774,PH-001,REG-05,EMP-0013,CUS-03025,2026-06-21 20:32:15,Sale,230.13,4.05,18.65,244.73,Debit Card,6,False,True,False,Completed
TXN-0000775,RCP-00000775,PH-005,REG-03,EMP-0105,,2026-07-26 18:33:20,Sale,465.68,20.64,36.72,481.76,Debit Card,8,False,False,False,Completed
TXN-0000776,RCP-00000776,PH-005,REG-01,EMP-0090,,2026-07-02 14:12:20,Sale,12.33,0,1.02,13.35,Cash,1,False,False,False,Completed
TXN-0000777,RCP-00000777,PH-005,REG-04,EMP-0100,CUS-00165,2026-07-10 11:24:04,Sale,191.5,6.08,15.3,200.72,Gift Card,6,False,True,False,Completed
TXN-0000778,RCP-00000778,PH-001,REG-04,EMP-0012,CUS-03760,2026-06-30 15:06:33,Sale,180.99,0,14.94,195.93,Cash,5,False,True,False,Completed
TXN-0000779,RCP-00000779,PH-004,REG-01,EMP-0086,CUS-00517,2026-05-29 08:00:38,Sale,101.6,12.83,7.33,96.1,Credit Card,3,False,True,True,Completed
TXN-0000780,RCP-00000780,PH-002,REG-04,EMP-0024,CUS-03243,2026-07-13 10:08:46,Sale,108.76,16.34,7.63,100.05,Cash,4,False,True,True,Completed
TXN-0000781,RCP-00000781,PH-005,REG-02,EMP-0089,,2026-06-20 15:53:04,Sale,282.38,5.9,22.81,299.29,Gift Card,7,False,False,False,Completed
TXN-0000782,RCP-00000782,PH-001,REG-02,EMP-0003,,2026-07-22 16:42:50,Sale,111.48,0,9.2,120.68,Cash,6,False,False,False,Completed
TXN-0000783,RCP-00000783,PH-002,REG-05,EMP-0024,CUS-01068,2026-05-01 10:01:25,Sale,322.93,25.75,24.52,321.7,Credit Card,5,False,True,False,Completed
TXN-0000784,RCP-00000784,PH-004,REG-06,EMP-0086,CUS-03557,2026-05-04 18:10:50,Sale,253.18,30.36,18.39,241.21,Cash,5,False,True,False,Completed
TXN-0000785,RCP-00000785,PH-004,REG-06,EMP-0069,CUS-04768,2026-05-12 13:12:16,Sale,178.05,0,14.69,192.74,Credit Card,5,False,True,False,Completed
TXN-0000786,RCP-00000786,PH-001,REG-01,EMP-0002,,2026-07-10 08:09:41,Sale,221.44,3.44,18.0,236.0,Debit Card,8,False,False,False,Completed
TXN-0000787,RCP-00000787,PH-001,REG-04,EMP-0015,CUS-00600,2026-05-20 11:51:40,Sale,177.29,0,14.63,191.92,Cash,5,False,True,False,Completed
TXN-0000788,RCP-00000788,PH-003,REG-02,EMP-0059,CUS-04917,2026-05-05 17:49:04,Sale,119.4,1.67,9.71,127.44,Credit Card,4,False,True,False,Completed
TXN-0000789,RCP-00000789,PH-004,REG-06,EMP-0067,CUS-02752,2026-06-17 11:08:48,Sale,46.19,0,3.8,49.99,Cash,3,False,True,False,Completed
TXN-0000790,RCP-00000790,PH-001,REG-06,EMP-0019,CUS-02783,2026-05-09 12:15:05,Sale,199.14,8.47,15.74,206.41,Cash,5,False,True,False,Completed
TXN-0000791,RCP-00000791,PH-005,REG-02,EMP-0104,CUS-01101,2026-07-25 19:04:26,Sale,59.7,0,4.93,64.63,Debit Card,3,False,True,False,Completed
TXN-0000792,RCP-00000792,PH-003,REG-01,EMP-0062,CUS-04831,2026-06-02 21:38:29,Sale,76.96,8.0,5.69,74.65,Credit Card,2,False,True,False,Completed
TXN-0000793,RCP-00000793,PH-003,REG-02,EMP-0046,CUS-03877,2026-07-02 17:39:25,Sale,108.49,6.04,8.45,110.9,Cash,3,False,True,False,Completed
TXN-0000794,RCP-00000794,PH-002,REG-04,EMP-0042,,2026-06-25 13:51:15,Sale,91.27,0,7.55,98.82,Debit Card,5,False,False,False,Completed
TXN-0000795,RCP-00000795,PH-001,REG-03,EMP-0002,CUS-02876,2026-05-13 11:06:47,Sale,347.77,0,28.69,376.46,Credit Card,6,False,True,False,Completed
TXN-0000796,RCP-00000796,PH-003,REG-04,EMP-0058,CUS-03965,2026-06-22 20:49:11,Sale,132.32,2.38,10.71,140.65,Debit Card,6,False,True,False,Completed
TXN-0000797,RCP-00000797,PH-003,REG-06,EMP-0062,CUS-01053,2026-05-04 21:24:24,Sale,287.55,15.15,22.47,294.87,Debit Card,7,False,True,False,Completed
TXN-0000798,RCP-00000798,PH-001,REG-02,EMP-0003,CUS-00729,2026-06-23 13:55:10,Sale,137.78,0,11.37,149.15,Gift Card,4,False,True,False,Completed
TXN-0000799,RCP-00000799,PH-001,REG-03,EMP-0020,CUS-03693,2026-05-01 15:41:18,Sale,121.21,5.37,9.56,125.4,Credit Card,4,False,True,False,Completed
TXN-0000800,RCP-00000800,PH-004,REG-04,EMP-0081,CUS-00457,2026-07-11 13:29:44,Sale,69.71,0,5.75,75.46,Credit Card,2,False,True,False,Completed
TXN-0000801,RCP-00000801,PH-005,REG-03,EMP-0105,,2026-07-02 18:22:01,Sale,165.46,0,13.65,179.11,Debit Card,4,False,False,False,Completed
TXN-0000802,RCP-00000802,PH-002,REG-06,EMP-0039,,2026-06-25 14:33:18,Sale,49.39,13.32,2.98,39.05,Credit Card,2,False,False,True,Completed
TXN-0000803,RCP-00000803,PH-002,REG-05,EMP-0034,CUS-04766,2026-06-21 16:07:37,Sale,256.67,10.62,20.3,266.35,Credit Card,4,False,True,True,Completed
TXN-0000804,RCP-00000804,PH-001,REG-02,EMP-0018,,2026-06-20 14:45:28,Sale,85.48,0,7.05,92.53,Gift Card,4,False,False,False,Completed
TXN-0000805,RCP-00000805,PH-001,REG-02,EMP-0020,,2026-05-21 09:54:39,Sale,264.34,10.69,20.93,274.58,Cash,7,False,False,False,Completed
TXN-0000806,RCP-00000806,PH-003,REG-05,EMP-0045,CUS-02321,2026-05-13 11:50:21,Sale,326.32,0,26.93,353.25,Debit Card,3,False,True,False,Completed
TXN-0000807,RCP-00000807,PH-002,REG-04,EMP-0038,CUS-04569,2026-05-12 16:54:56,Sale,102.65,1.13,8.39,109.91,Debit Card,4,False,True,False,Completed
TXN-0000808,RCP-00000808,PH-003,REG-04,EMP-0059,CUS-01796,2026-07-07 14:39:36,Sale,138.67,0,11.44,150.11,Credit Card,4,False,True,False,Completed
TXN-0000809,RCP-00000809,PH-003,REG-06,EMP-0047,CUS-03650,2026-07-15 15:52:57,Sale,250.51,0,20.66,271.17,Credit Card,3,False,True,False,Completed
TXN-0000810,RCP-00000810,PH-005,REG-01,EMP-0090,CUS-00918,2026-05-25 11:37:30,Sale,288.21,0,23.78,311.99,Credit Card,5,False,True,False,Completed
TXN-0000811,RCP-00000811,PH-004,REG-02,EMP-0081,CUS-00791,2026-06-08 14:18:57,Sale,226.32,2.94,18.43,241.81,Debit Card,6,False,True,False,Completed
TXN-0000812,RCP-00000812,PH-002,REG-01,EMP-0036,CUS-04415,2026-07-02 19:36:51,Sale,256.85,2.09,21.02,275.78,Cash,3,False,True,False,Completed
TXN-0000813,RCP-00000813,PH-002,REG-05,EMP-0035,CUS-02233,2026-05-06 13:58:08,Sale,335.74,27.09,25.46,334.11,Gift Card,5,False,True,False,Completed
TXN-0000814,RCP-00000814,PH-004,REG-05,EMP-0084,CUS-04022,2026-06-09 09:09:44,Sale,110.97,2.05,8.98,117.9,Cash,4,False,True,False,Completed
TXN-0000815,RCP-00000815,PH-005,REG-04,EMP-0102,CUS-00544,2026-07-24 17:45:55,Sale,181.15,0,14.95,196.1,Cash,7,False,True,False,Completed
TXN-0000816,RCP-00000816,PH-002,REG-05,EMP-0038,CUS-02412,2026-07-22 09:48:30,Sale,392.17,5.06,31.93,419.04,Debit Card,10,False,True,False,Completed
TXN-0000817,RCP-00000817,PH-004,REG-01,EMP-0078,CUS-03048,2026-05-17 21:49:59,Sale,94.79,0,7.81,102.6,Debit Card,4,False,True,False,Completed
TXN-0000818,RCP-00000818,PH-001,REG-05,EMP-0017,,2026-05-13 10:41:28,Sale,67.9,1.19,5.5,72.21,Debit Card,2,False,False,False,Completed
TXN-0000819,RCP-00000819,PH-001,REG-06,EMP-0013,,2026-06-11 20:18:27,Sale,140.73,1.17,11.52,151.08,Debit Card,4,False,False,True,Completed
TXN-0000820,RCP-00000820,PH-002,REG-01,EMP-0038,CUS-02351,2026-06-16 13:23:47,Sale,296.87,11.45,23.55,308.97,Credit Card,7,False,True,False,Completed
TXN-0000821,RCP-00000821,PH-003,REG-05,EMP-0059,CUS-01192,2026-07-15 17:09:42,Sale,185.03,1.98,15.1,198.15,Cash,5,False,True,False,Completed
TXN-0000822,RCP-00000822,PH-004,REG-01,EMP-0085,CUS-01664,2026-06-28 11:42:55,Sale,71.11,0,5.86,76.97,Credit Card,3,False,True,False,Completed
TXN-0000823,RCP-00000823,PH-004,REG-05,EMP-0081,,2026-05-21 16:55:46,Sale,285.43,0,23.54,308.97,Split Payment,10,False,False,False,Completed
TXN-0000824,RCP-00000824,PH-004,REG-02,EMP-0086,CUS-00617,2026-06-13 18:45:14,Sale,586.76,3.47,48.12,631.41,Credit Card,9,False,True,False,Completed
TXN-0000825,RCP-00000825,PH-003,REG-01,EMP-0059,,2026-06-16 10:16:29,Sale,155.85,0,12.85,168.7,Debit Card,3,False,False,False,Completed
TXN-0000826,RCP-00000826,PH-001,REG-03,EMP-0016,CUS-04657,2026-06-26 17:51:37,Sale,128.98,0,10.64,139.62,Cash,3,False,True,False,Completed
TXN-0000827,RCP-00000827,PH-005,REG-02,EMP-0101,,2026-06-17 13:17:14,Sale,24.51,0.39,1.99,26.11,Debit Card,2,False,False,False,Completed
TXN-0000828,RCP-00000828,PH-002,REG-03,EMP-0037,CUS-00693,2026-05-15 19:27:19,Sale,439.05,19.29,34.63,454.39,Cash,10,False,True,True,Completed
TXN-0000829,RCP-00000829,PH-003,REG-02,EMP-0056,CUS-00786,2026-06-04 14:21:11,Sale,59.62,0,4.93,64.55,Gift Card,3,False,True,False,Completed
TXN-0000830,RCP-00000830,PH-005,REG-06,EMP-0102,CUS-00341,2026-05-09 13:27:37,Sale,239.91,0.85,19.73,258.79,Credit Card,10,False,True,False,Completed
TXN-0000831,RCP-00000831,PH-002,REG-02,EMP-0025,CUS-02943,2026-06-23 12:03:23,Sale,405.05,0,33.42,438.47,Credit Card,6,False,True,False,Completed
TXN-0000832,RCP-00000832,PH-004,REG-06,EMP-0079,CUS-02508,2026-07-02 21:03:43,Sale,238.85,0,19.71,258.56,Debit Card,5,False,True,False,Completed
TXN-0000833,RCP-00000833,PH-002,REG-05,EMP-0037,CUS-03082,2026-07-29 13:03:26,Sale,64.69,0,5.33,70.02,Credit Card,4,False,True,False,Completed
TXN-0000834,RCP-00000834,PH-003,REG-02,EMP-0047,,2026-06-17 12:14:29,Sale,356.22,9.81,28.59,375.0,Debit Card,5,False,False,False,Completed
TXN-0000835,RCP-00000835,PH-001,REG-01,EMP-0017,CUS-03579,2026-05-11 09:52:40,Sale,49.73,0,4.1,53.83,Cash,2,False,True,False,Completed
TXN-0000836,RCP-00000836,PH-005,REG-05,EMP-0101,CUS-01332,2026-07-28 16:15:06,Sale,64.85,0,5.35,70.2,Cash,2,False,True,False,Completed
TXN-0000837,RCP-00000837,PH-004,REG-05,EMP-0080,CUS-03305,2026-05-26 18:09:51,Sale,436.55,4.84,35.61,467.32,Cash,9,False,True,False,Completed
TXN-0000838,RCP-00000838,PH-005,REG-03,EMP-0107,CUS-00936,2026-07-24 20:07:22,Sale,183.01,0,15.1,198.11,Debit Card,4,False,True,False,Completed
TXN-0000839,RCP-00000839,PH-003,REG-01,EMP-0063,CUS-01801,2026-07-05 13:15:49,Sale,46.39,0,3.83,50.22,Debit Card,1,False,True,False,Completed
TXN-0000840,RCP-00000840,PH-002,REG-06,EMP-0025,CUS-04597,2026-07-04 11:17:18,Sale,147.24,9.82,11.34,148.76,Credit Card,5,False,True,False,Completed
TXN-0000841,RCP-00000841,PH-002,REG-04,EMP-0037,CUS-00896,2026-05-08 18:12:22,Sale,547.4,9.4,44.38,582.38,Credit Card,9,False,True,False,Completed
TXN-0000842,RCP-00000842,PH-002,REG-03,EMP-0042,CUS-03337,2026-06-26 18:26:06,Sale,71.53,0,5.9,77.43,Credit Card,3,False,True,False,Completed
TXN-0000843,RCP-00000843,PH-003,REG-06,EMP-0063,CUS-00856,2026-06-02 13:04:37,Sale,149.57,4.07,11.99,157.49,Credit Card,4,False,True,False,Completed
TXN-0000844,RCP-00000844,PH-003,REG-01,EMP-0058,CUS-00784,2026-07-22 10:01:06,Sale,96.65,0.44,7.94,104.15,Debit Card,5,False,True,False,Completed
TXN-0000845,RCP-00000845,PH-003,REG-05,EMP-0062,CUS-02292,2026-07-28 13:06:19,Sale,65.4,0,5.4,70.8,Debit Card,2,False,True,False,Completed
TXN-0000846,RCP-00000846,PH-004,REG-04,EMP-0083,CUS-02108,2026-06-11 19:04:54,Sale,226.91,0,18.72,245.63,Debit Card,3,False,True,False,Completed
TXN-0000847,RCP-00000847,PH-001,REG-04,EMP-0014,CUS-02789,2026-07-16 12:46:59,Sale,265.94,0,21.94,287.88,Debit Card,5,False,True,False,Completed
TXN-0000848,RCP-00000848,PH-005,REG-03,EMP-0100,CUS-03161,2026-07-23 13:03:16,Sale,329.43,0,27.18,356.61,Credit Card,5,False,True,False,Completed
TXN-0000849,RCP-00000849,PH-001,REG-01,EMP-0020,CUS-03559,2026-05-20 18:42:22,Sale,197.6,0,16.31,213.91,Debit Card,4,False,True,False,Completed
TXN-0000850,RCP-00000850,PH-002,REG-04,EMP-0042,CUS-01282,2026-06-12 13:26:19,Sale,458.1,23.89,35.82,470.03,Debit Card,7,False,True,False,Completed
TXN-0000851,RCP-00000851,PH-003,REG-06,EMP-0061,CUS-02729,2026-05-31 09:10:32,Sale,142.91,2.81,11.55,151.65,Credit Card,6,False,True,False,Completed
TXN-0000852,RCP-00000852,PH-003,REG-04,EMP-0062,CUS-01893,2026-07-13 20:29:18,Sale,204.51,16.73,15.49,203.27,Credit Card,4,False,True,False,Completed
TXN-0000853,RCP-00000853,PH-004,REG-01,EMP-0086,CUS-04630,2026-07-22 08:50:27,Sale,225.2,23.76,16.63,218.07,Cash,6,False,True,False,Completed
TXN-0000854,RCP-00000854,PH-003,REG-03,EMP-0056,CUS-03379,2026-05-13 10:26:52,Sale,7.58,0,0.63,8.21,Debit Card,1,False,True,False,Completed
TXN-0000855,RCP-00000855,PH-001,REG-03,EMP-0017,CUS-04453,2026-05-27 13:07:53,Sale,160.34,0,13.23,173.57,Cash,6,False,True,False,Completed
TXN-0000856,RCP-00000856,PH-004,REG-01,EMP-0069,CUS-04491,2026-05-09 17:29:15,Sale,27.5,5.64,1.8,23.66,Debit Card,3,False,True,True,Completed
TXN-0000857,RCP-00000857,PH-005,REG-03,EMP-0103,CUS-00642,2026-06-29 20:39:34,Sale,113.52,1.64,9.23,121.11,Debit Card,3,False,True,False,Completed
TXN-0000858,RCP-00000858,PH-005,REG-03,EMP-0103,CUS-01921,2026-07-19 18:29:17,Sale,74.17,4.74,5.73,75.16,Debit Card,3,False,True,False,Completed
TXN-0000859,RCP-00000859,PH-002,REG-04,EMP-0023,CUS-04859,2026-05-21 10:56:30,Sale,110.67,0.07,9.12,119.72,Debit Card,3,False,True,False,Completed
TXN-0000860,RCP-00000860,PH-003,REG-06,EMP-0057,CUS-02074,2026-07-24 21:48:05,Sale,128.91,8.64,9.93,130.2,Debit Card,3,False,True,False,Completed
TXN-0000861,RCP-00000861,PH-002,REG-03,EMP-0023,CUS-04472,2026-06-15 13:36:26,Sale,259.58,0.6,21.37,280.35,Credit Card,8,False,True,False,Completed
TXN-0000862,RCP-00000862,PH-001,REG-06,EMP-0001,CUS-00117,2026-05-29 08:22:50,Sale,175.43,0,14.48,189.91,Credit Card,4,False,True,False,Completed
TXN-0000863,RCP-00000863,PH-003,REG-06,EMP-0064,,2026-07-07 11:44:36,Sale,134.45,0,11.09,145.54,Debit Card,4,False,False,False,Completed
TXN-0000864,RCP-00000864,PH-002,REG-03,EMP-0039,,2026-06-14 20:52:27,Sale,387.94,65.95,26.57,348.56,Debit Card,6,False,False,True,Completed
TXN-0000865,RCP-00000865,PH-002,REG-02,EMP-0023,CUS-00422,2026-05-24 15:38:30,Sale,126.52,0,10.45,136.97,Credit Card,3,False,True,False,Completed
TXN-0000866,RCP-00000866,PH-003,REG-06,EMP-0059,CUS-02060,2026-06-07 17:58:51,Sale,424.8,0,35.05,459.85,Cash,7,False,True,False,Completed
TXN-0000867,RCP-00000867,PH-004,REG-05,EMP-0081,CUS-01604,2026-06-12 15:05:13,Sale,122.78,0,10.12,132.9,Cash,3,False,True,False,Completed
TXN-0000868,RCP-00000868,PH-004,REG-02,EMP-0084,,2026-07-14 17:36:13,Sale,263.64,20.86,20.03,262.81,Debit Card,7,False,False,True,Completed
TXN-0000869,RCP-00000869,PH-003,REG-04,EMP-0045,CUS-01028,2026-06-25 09:16:06,Sale,338.49,0,27.93,366.42,Credit Card,3,False,True,False,Completed
TXN-0000870,RCP-00000870,PH-005,REG-04,EMP-0103,CUS-02505,2026-07-03 20:30:39,Sale,318.64,51.02,22.09,289.71,Gift Card,6,False,True,True,Completed
TXN-0000871,RCP-00000871,PH-001,REG-01,EMP-0017,,2026-07-17 11:34:18,Sale,303.81,3.51,24.76,325.06,Credit Card,6,False,False,False,Completed
TXN-0000872,RCP-00000872,PH-002,REG-02,EMP-0034,CUS-03954,2026-05-06 21:45:56,Sale,252.42,0,20.82,273.24,Credit Card,4,False,True,False,Completed
TXN-0000873,RCP-00000873,PH-001,REG-04,EMP-0019,CUS-01824,2026-07-16 11:15:23,Sale,228.8,0,18.87,247.67,Credit Card,5,False,True,False,Completed
TXN-0000874,RCP-00000874,PH-001,REG-03,EMP-0003,CUS-03140,2026-07-01 16:45:18,Sale,335.8,17.12,26.28,344.96,Credit Card,7,False,True,False,Completed
TXN-0000875,RCP-00000875,PH-002,REG-01,EMP-0024,,2026-07-29 18:13:37,Sale,298.39,10.81,23.73,311.31,Debit Card,7,False,False,False,Completed
TXN-0000876,RCP-00000876,PH-004,REG-02,EMP-0078,,2026-05-09 18:24:37,Sale,159.23,0,13.13,172.36,Debit Card,3,False,False,False,Completed
TXN-0000877,RCP-00000877,PH-004,REG-02,EMP-0086,CUS-00627,2026-05-02 19:20:30,Sale,152.28,1.31,12.45,163.42,Credit Card,7,False,True,False,Completed
TXN-0000878,RCP-00000878,PH-005,REG-01,EMP-0107,,2026-07-03 09:21:33,Sale,230.23,0,18.99,249.22,Cash,5,False,False,False,Completed
TXN-0000879,RCP-00000879,PH-005,REG-01,EMP-0100,CUS-01867,2026-05-12 21:08:44,Sale,335.77,15.95,26.38,346.2,Credit Card,5,False,True,False,Completed
TXN-0000880,RCP-00000880,PH-003,REG-02,EMP-0064,CUS-03886,2026-05-09 08:41:52,Sale,149.64,5.53,11.89,156.0,Credit Card,3,False,True,False,Completed
TXN-0000881,RCP-00000881,PH-001,REG-03,EMP-0014,CUS-04363,2026-05-27 20:18:19,Sale,46.21,0.98,3.73,48.96,Credit Card,3,False,True,False,Completed
TXN-0000882,RCP-00000882,PH-001,REG-04,EMP-0013,CUS-00710,2026-05-07 12:06:39,Sale,157.73,0,13.01,170.74,Cash,3,False,True,False,Completed
TXN-0000883,RCP-00000883,PH-003,REG-05,EMP-0047,,2026-07-17 19:34:43,Sale,407.17,0,33.6,440.77,Credit Card,9,False,False,False,Completed
TXN-0000884,RCP-00000884,PH-001,REG-03,EMP-0020,CUS-04318,2026-05-07 15:03:44,Sale,275.89,0,22.77,298.66,Cash,4,False,True,False,Completed
TXN-0000885,RCP-00000885,PH-004,REG-01,EMP-0069,,2026-05-09 21:57:51,Sale,60.68,0,5.01,65.69,Cash,2,False,False,False,Completed
TXN-0000886,RCP-00000886,PH-001,REG-02,EMP-0015,CUS-04279,2026-07-20 09:08:02,Sale,282.74,0,23.32,306.06,Debit Card,9,False,True,False,Completed
TXN-0000887,RCP-00000887,PH-001,REG-02,EMP-0003,CUS-04940,2026-07-19 12:13:17,Sale,241.35,0,19.91,261.26,Cash,7,False,True,False,Completed
TXN-0000888,RCP-00000888,PH-003,REG-01,EMP-0063,CUS-04898,2026-06-14 16:31:02,Sale,87.64,12.76,6.18,81.06,Debit Card,2,False,True,False,Completed
TXN-0000889,RCP-00000889,PH-005,REG-06,EMP-0105,CUS-04274,2026-07-14 17:58:07,Sale,116.51,0,9.61,126.12,Debit Card,3,False,True,False,Completed
TXN-0000890,RCP-00000890,PH-004,REG-03,EMP-0086,,2026-06-01 10:38:26,Sale,114.6,0,9.45,124.05,Debit Card,5,False,False,False,Completed
TXN-0000891,RCP-00000891,PH-001,REG-06,EMP-0013,,2026-07-17 16:51:30,Sale,400.39,8.8,32.3,423.89,Credit Card,7,False,False,False,Completed
TXN-0000892,RCP-00000892,PH-002,REG-04,EMP-0024,,2026-06-23 18:48:59,Sale,216.39,4.44,17.47,229.42,Credit Card,5,False,False,False,Completed
TXN-0000893,RCP-00000893,PH-005,REG-06,EMP-0091,,2026-05-28 20:57:15,Sale,520.01,9.67,42.11,552.45,Credit Card,9,False,False,False,Completed
TXN-0000894,RCP-00000894,PH-005,REG-02,EMP-0102,CUS-04837,2026-05-04 10:33:01,Sale,245.51,6.67,19.71,258.55,Credit Card,4,False,True,False,Completed
TXN-0000895,RCP-00000895,PH-002,REG-04,EMP-0036,CUS-01466,2026-05-03 10:07:28,Sale,221.39,0,18.25,239.64,Credit Card,6,False,True,False,Completed
TXN-0000896,RCP-00000896,PH-004,REG-05,EMP-0081,,2026-06-29 12:59:24,Sale,96.98,0,8.0,104.98,Split Payment,2,False,False,False,Completed
TXN-0000897,RCP-00000897,PH-005,REG-05,EMP-0104,CUS-03902,2026-06-23 19:02:56,Sale,442.29,1.28,36.39,477.4,Credit Card,8,False,True,False,Completed
TXN-0000898,RCP-00000898,PH-004,REG-04,EMP-0081,CUS-04786,2026-07-04 15:28:19,Sale,22.54,1.13,1.77,23.18,Debit Card,1,False,True,False,Completed
TXN-0000899,RCP-00000899,PH-002,REG-05,EMP-0037,,2026-06-18 15:55:36,Sale,200.57,12.06,15.54,204.05,Credit Card,7,False,False,False,Completed
TXN-0000900,RCP-00000900,PH-002,REG-01,EMP-0038,CUS-04356,2026-07-01 17:32:41,Sale,38.53,0,3.18,41.71,Credit Card,2,False,True,False,Completed
TXN-0000901,RCP-00000901,PH-004,REG-03,EMP-0080,CUS-03398,2026-05-02 20:49:47,Sale,108.42,2.3,8.75,114.87,Credit Card,4,False,True,False,Completed
TXN-0000902,RCP-00000902,PH-001,REG-06,EMP-0001,,2026-06-07 16:15:08,Sale,76.3,0.43,6.27,82.14,Credit Card,5,False,False,False,Completed
TXN-0000903,RCP-00000903,PH-002,REG-06,EMP-0040,CUS-01044,2026-05-15 16:11:14,Sale,309.79,8.13,24.88,326.54,Split Payment,8,False,True,False,Completed
TXN-0000904,RCP-00000904,PH-001,REG-02,EMP-0001,CUS-03829,2026-06-28 08:24:25,Sale,88.35,0,7.29,95.64,Gift Card,4,False,True,False,Completed
TXN-0000905,RCP-00000905,PH-001,REG-01,EMP-0012,,2026-05-15 19:33:43,Sale,113.57,0,9.37,122.94,Debit Card,4,False,False,False,Completed
TXN-0000906,RCP-00000906,PH-002,REG-02,EMP-0036,CUS-00887,2026-06-07 16:17:02,Sale,113.77,11.26,8.45,110.96,Cash,4,False,True,False,Completed
TXN-0000907,RCP-00000907,PH-002,REG-06,EMP-0039,CUS-02230,2026-06-11 15:16:56,Sale,207.93,5.41,16.71,219.23,Cash,6,False,True,False,Completed
TXN-0000908,RCP-00000908,PH-001,REG-06,EMP-0016,CUS-01602,2026-05-15 13:23:32,Sale,134.16,0,11.07,145.23,Cash,4,False,True,False,Completed
TXN-0000909,RCP-00000909,PH-002,REG-03,EMP-0042,,2026-07-22 21:19:16,Sale,105.4,0,8.7,114.1,Credit Card,3,False,False,False,Completed
TXN-0000910,RCP-00000910,PH-003,REG-04,EMP-0056,CUS-02292,2026-06-28 19:51:27,Sale,553.67,0,45.67,599.34,Debit Card,8,False,True,False,Completed
TXN-0000911,RCP-00000911,PH-002,REG-05,EMP-0042,CUS-04663,2026-06-12 14:59:47,Sale,123.97,2.17,10.06,131.86,Cash,5,False,True,False,Completed
TXN-0000912,RCP-00000912,PH-004,REG-01,EMP-0067,CUS-01147,2026-05-01 18:02:00,Sale,160.47,0,13.24,173.71,Credit Card,4,False,True,False,Completed
TXN-0000913,RCP-00000913,PH-001,REG-02,EMP-0003,CUS-03816,2026-05-29 15:55:34,Sale,134.65,6.93,10.53,138.25,Credit Card,6,False,True,False,Completed
TXN-0000914,RCP-00000914,PH-002,REG-04,EMP-0023,,2026-07-12 15:50:53,Sale,12.52,1.88,0.88,11.52,Debit Card,1,False,False,False,Completed
TXN-0000915,RCP-00000915,PH-005,REG-06,EMP-0107,CUS-03533,2026-07-19 12:49:49,Sale,325.71,49.42,22.79,299.08,Cash,6,False,True,True,Completed
TXN-0000916,RCP-00000916,PH-005,REG-04,EMP-0103,,2026-07-07 11:14:30,Sale,107.38,0,8.86,116.24,Credit Card,3,False,False,False,Completed
TXN-0000917,RCP-00000917,PH-001,REG-05,EMP-0001,CUS-02880,2026-05-05 19:41:03,Sale,5.51,0,0.45,5.96,Credit Card,1,False,True,False,Completed
TXN-0000918,RCP-00000918,PH-002,REG-03,EMP-0035,CUS-04735,2026-06-30 11:40:13,Sale,95.71,0,7.9,103.61,Credit Card,2,False,True,False,Completed
TXN-0000919,RCP-00000919,PH-003,REG-02,EMP-0045,CUS-04124,2026-07-01 13:43:33,Sale,50.57,0,4.17,54.74,Debit Card,2,False,True,False,Completed
TXN-0000920,RCP-00000920,PH-004,REG-04,EMP-0079,CUS-03180,2026-05-06 18:47:34,Sale,198.38,30.12,13.88,182.14,Gift Card,5,False,True,False,Completed
TXN-0000921,RCP-00000921,PH-002,REG-06,EMP-0041,CUS-00387,2026-05-23 21:55:31,Sale,67.16,0.84,5.47,71.79,Cash,3,False,True,False,Completed
TXN-0000922,RCP-00000922,PH-005,REG-02,EMP-0089,CUS-00181,2026-06-29 19:39:47,Sale,196.04,12.04,15.18,199.18,Credit Card,5,False,True,False,Completed
TXN-0000923,RCP-00000923,PH-004,REG-03,EMP-0069,CUS-04848,2026-05-20 09:16:37,Sale,82.85,0,6.83,89.68,Credit Card,2,False,True,False,Completed
TXN-0000924,RCP-00000924,PH-005,REG-05,EMP-0091,CUS-03409,2026-06-07 12:42:43,Sale,240.05,0,19.8,259.85,Credit Card,6,False,True,False,Completed
TXN-0000925,RCP-00000925,PH-005,REG-01,EMP-0091,CUS-01341,2026-05-24 09:57:38,Sale,240.46,8.75,19.13,250.84,Credit Card,8,False,True,False,Completed
TXN-0000926,RCP-00000926,PH-001,REG-05,EMP-0002,CUS-00484,2026-07-13 08:56:52,Sale,111.57,0,9.2,120.77,Cash,3,False,True,False,Completed
TXN-0000927,RCP-00000927,PH-002,REG-06,EMP-0039,,2026-05-11 13:42:40,Sale,191.86,6.59,15.29,200.56,Debit Card,6,False,False,False,Completed
TXN-0000928,RCP-00000928,PH-001,REG-04,EMP-0017,CUS-04186,2026-06-28 10:44:43,Sale,204.0,0,16.83,220.83,Credit Card,3,False,True,False,Completed
TXN-0000929,RCP-00000929,PH-005,REG-06,EMP-0106,,2026-06-26 09:24:46,Sale,349.48,6.15,28.32,371.65,Credit Card,7,False,False,False,Completed
TXN-0000930,RCP-00000930,PH-002,REG-01,EMP-0034,CUS-02286,2026-07-16 15:15:53,Sale,113.29,0,9.35,122.64,Credit Card,2,False,True,False,Completed
TXN-0000931,RCP-00000931,PH-004,REG-06,EMP-0080,CUS-03299,2026-05-25 18:52:34,Sale,256.73,0,21.18,277.91,Credit Card,8,False,True,False,Completed
TXN-0000932,RCP-00000932,PH-005,REG-02,EMP-0107,CUS-00084,2026-07-10 09:53:44,Sale,161.75,0,13.35,175.1,Debit Card,5,False,True,False,Completed
TXN-0000933,RCP-00000933,PH-003,REG-01,EMP-0062,CUS-02098,2026-06-29 16:40:20,Sale,184.35,3.08,14.96,196.23,Credit Card,5,False,True,False,Completed
TXN-0000934,RCP-00000934,PH-005,REG-03,EMP-0104,CUS-02194,2026-05-08 16:29:07,Sale,269.48,15.58,20.94,274.84,Credit Card,6,False,True,False,Completed
TXN-0000935,RCP-00000935,PH-001,REG-01,EMP-0006,,2026-07-18 10:15:55,Sale,48.22,0,3.97,52.19,Credit Card,3,False,False,False,Completed
TXN-0000936,RCP-00000936,PH-003,REG-01,EMP-0063,CUS-04643,2026-07-31 12:16:13,Sale,372.46,22.05,28.91,379.32,Credit Card,7,False,True,False,Completed
TXN-0000937,RCP-00000937,PH-005,REG-04,EMP-0100,CUS-04924,2026-05-28 08:56:24,Sale,156.83,0,12.94,169.77,Debit Card,4,False,True,False,Completed
TXN-0000938,RCP-00000938,PH-001,REG-02,EMP-0017,,2026-07-11 17:35:06,Sale,72.12,0,5.95,78.07,Cash,2,False,False,False,Completed
TXN-0000939,RCP-00000939,PH-002,REG-02,EMP-0036,CUS-01803,2026-07-19 20:25:08,Sale,182.88,9.09,14.33,188.12,Credit Card,6,False,True,True,Completed
TXN-0000940,RCP-00000940,PH-005,REG-04,EMP-0100,,2026-07-29 21:09:15,Sale,158.73,18.62,11.56,151.67,Credit Card,6,False,False,False,Completed
TXN-0000941,RCP-00000941,PH-005,REG-06,EMP-0105,CUS-04393,2026-05-17 16:42:39,Sale,219.21,0,18.08,237.29,Credit Card,4,False,True,False,Completed
TXN-0000942,RCP-00000942,PH-002,REG-04,EMP-0025,,2026-05-22 10:08:16,Sale,133.14,0,10.98,144.12,Debit Card,3,False,False,False,Completed
TXN-0000943,RCP-00000943,PH-003,REG-03,EMP-0060,CUS-00740,2026-06-29 08:17:16,Sale,122.27,0,10.09,132.36,Debit Card,3,False,True,False,Completed
TXN-0000944,RCP-00000944,PH-003,REG-04,EMP-0056,CUS-03066,2026-07-21 12:42:34,Sale,303.11,0,25.0,328.11,Credit Card,5,False,True,False,Completed
TXN-0000945,RCP-00000945,PH-002,REG-05,EMP-0041,,2026-05-19 08:19:12,Sale,355.41,5.64,28.86,378.63,Credit Card,4,False,False,False,Completed
TXN-0000946,RCP-00000946,PH-001,REG-05,EMP-0015,CUS-00036,2026-06-19 10:01:46,Sale,352.42,10.84,28.18,369.76,Cash,5,False,True,False,Completed
TXN-0000947,RCP-00000947,PH-001,REG-05,EMP-0001,,2026-05-17 13:05:01,Sale,294.9,6.71,23.77,311.96,Debit Card,6,False,False,False,Completed
TXN-0000948,RCP-00000948,PH-001,REG-05,EMP-0001,,2026-06-17 09:50:22,Sale,139.18,0,11.48,150.66,Credit Card,4,False,False,False,Completed
TXN-0000949,RCP-00000949,PH-004,REG-05,EMP-0084,CUS-03742,2026-07-29 14:02:01,Sale,143.84,0,11.88,155.72,Credit Card,6,False,True,False,Completed
TXN-0000950,RCP-00000950,PH-004,REG-06,EMP-0082,CUS-02558,2026-06-22 18:27:40,Sale,224.68,1.59,18.41,241.5,Credit Card,4,False,True,False,Completed
TXN-0000951,RCP-00000951,PH-001,REG-03,EMP-0014,,2026-05-23 13:12:14,Sale,431.5,36.31,32.6,427.79,Debit Card,7,False,False,False,Completed
TXN-0000952,RCP-00000952,PH-005,REG-06,EMP-0090,CUS-03166,2026-05-26 17:45:57,Sale,78.16,10.85,5.56,72.87,Credit Card,3,False,True,False,Completed
TXN-0000953,RCP-00000953,PH-001,REG-01,EMP-0001,,2026-07-08 09:36:34,Sale,112.69,0,9.3,121.99,Cash,5,False,False,False,Completed
TXN-0000954,RCP-00000954,PH-004,REG-05,EMP-0078,CUS-04572,2026-06-28 09:22:18,Sale,154.78,6.83,12.2,160.15,Debit Card,4,False,True,False,Completed
TXN-0000955,RCP-00000955,PH-005,REG-05,EMP-0100,CUS-03856,2026-07-08 11:12:59,Sale,54.05,9.66,3.66,48.05,Credit Card,2,False,True,True,Completed
TXN-0000956,RCP-00000956,PH-001,REG-03,EMP-0001,CUS-03618,2026-05-07 14:28:07,Sale,87.17,0,7.2,94.37,Debit Card,3,False,True,False,Completed
TXN-0000957,RCP-00000957,PH-003,REG-06,EMP-0056,CUS-02985,2026-07-09 16:12:38,Sale,338.74,0,27.93,366.67,Credit Card,7,False,True,False,Completed
TXN-0000958,RCP-00000958,PH-004,REG-03,EMP-0080,CUS-04351,2026-05-13 11:45:11,Sale,38.1,0.4,3.11,40.81,Credit Card,2,False,True,False,Completed
TXN-0000959,RCP-00000959,PH-001,REG-05,EMP-0012,CUS-02157,2026-06-23 08:28:32,Sale,211.58,0,17.45,229.03,Cash,3,False,True,False,Completed
TXN-0000960,RCP-00000960,PH-003,REG-02,EMP-0058,CUS-03203,2026-07-17 15:36:42,Sale,158.27,0,13.06,171.33,Cash,6,False,True,False,Completed
TXN-0000961,RCP-00000961,PH-005,REG-02,EMP-0089,CUS-03308,2026-07-26 20:58:43,Sale,170.4,6.16,13.55,177.79,Credit Card,3,False,True,True,Completed
TXN-0000962,RCP-00000962,PH-003,REG-02,EMP-0060,CUS-01916,2026-06-06 20:03:50,Sale,317.23,6.66,25.62,336.19,Cash,6,False,True,False,Completed
TXN-0000963,RCP-00000963,PH-004,REG-06,EMP-0079,,2026-05-10 11:21:41,Sale,173.73,13.9,13.19,173.02,Gift Card,7,False,False,False,Completed
TXN-0000964,RCP-00000964,PH-005,REG-05,EMP-0107,CUS-04171,2026-07-25 15:21:12,Sale,13.91,0,1.15,15.06,Credit Card,1,False,True,False,Completed
TXN-0000965,RCP-00000965,PH-002,REG-01,EMP-0042,,2026-05-12 13:09:52,Sale,89.45,0,7.39,96.84,Cash,3,False,False,False,Completed
TXN-0000966,RCP-00000966,PH-004,REG-05,EMP-0068,,2026-05-01 09:32:09,Sale,64.53,5.03,4.9,64.4,Debit Card,4,False,False,False,Completed
TXN-0000967,RCP-00000967,PH-003,REG-04,EMP-0063,CUS-03879,2026-05-27 19:45:21,Sale,494.8,1.56,40.69,533.93,Credit Card,7,False,True,False,Completed
TXN-0000968,RCP-00000968,PH-003,REG-05,EMP-0056,CUS-02914,2026-05-23 11:42:46,Sale,147.39,5.46,11.71,153.64,Cash,3,False,True,False,Completed
TXN-0000969,RCP-00000969,PH-005,REG-04,EMP-0104,CUS-02103,2026-05-21 19:03:26,Sale,222.24,1.92,18.18,238.5,Credit Card,6,False,True,False,Completed
TXN-0000970,RCP-00000970,PH-002,REG-02,EMP-0039,CUS-04700,2026-05-14 15:49:45,Sale,463.53,11.21,37.31,489.63,Credit Card,7,False,True,False,Completed
TXN-0000971,RCP-00000971,PH-003,REG-03,EMP-0063,,2026-06-14 12:37:45,Sale,337.27,12.43,26.81,351.65,Debit Card,8,False,False,False,Completed
TXN-0000972,RCP-00000972,PH-002,REG-04,EMP-0024,CUS-04746,2026-06-07 19:03:30,Sale,39.35,0,3.25,42.6,Credit Card,1,False,True,False,Completed
TXN-0000973,RCP-00000973,PH-001,REG-05,EMP-0019,CUS-02643,2026-07-31 20:08:13,Sale,303.84,4.59,24.7,323.95,Cash,4,False,True,False,Completed
TXN-0000974,RCP-00000974,PH-002,REG-01,EMP-0025,CUS-03923,2026-05-26 14:35:25,Sale,394.57,5.74,32.07,420.9,Credit Card,8,False,True,False,Completed
TXN-0000975,RCP-00000975,PH-004,REG-03,EMP-0085,CUS-01452,2026-07-31 19:48:25,Sale,215.78,0,17.8,233.58,Credit Card,3,False,True,False,Completed
TXN-0000976,RCP-00000976,PH-003,REG-04,EMP-0057,CUS-00028,2026-07-13 11:15:34,Sale,292.15,0,24.11,316.26,Cash,8,False,True,False,Completed
TXN-0000977,RCP-00000977,PH-001,REG-02,EMP-0018,CUS-04346,2026-07-19 20:58:52,Sale,193.65,2.13,15.8,207.32,Credit Card,5,False,True,False,Completed
TXN-0000978,RCP-00000978,PH-003,REG-06,EMP-0047,CUS-02069,2026-06-02 11:03:07,Sale,267.54,10.23,21.23,278.54,Cash,7,False,True,False,Completed
TXN-0000979,RCP-00000979,PH-005,REG-02,EMP-0102,CUS-01263,2026-07-21 13:56:52,Sale,43.0,4.3,3.19,41.89,Credit Card,1,False,True,False,Completed
TXN-0000980,RCP-00000980,PH-002,REG-03,EMP-0040,CUS-04752,2026-06-24 16:18:50,Sale,257.61,2.06,21.09,276.64,Credit Card,7,False,True,False,Completed
TXN-0000981,RCP-00000981,PH-002,REG-03,EMP-0041,,2026-07-27 08:02:55,Sale,198.71,0,16.4,215.11,Credit Card,3,False,False,False,Completed
TXN-0000982,RCP-00000982,PH-005,REG-03,EMP-0106,CUS-02940,2026-06-06 17:06:22,Sale,133.4,17.04,9.6,125.96,Debit Card,3,False,True,False,Completed
TXN-0000983,RCP-00000983,PH-001,REG-05,EMP-0017,,2026-06-01 19:25:39,Sale,117.06,9.05,8.9,116.91,Gift Card,5,False,False,False,Completed
TXN-0000984,RCP-00000984,PH-003,REG-05,EMP-0060,,2026-05-14 15:56:24,Sale,104.01,0,8.58,112.59,Credit Card,5,False,False,False,Completed
TXN-0000985,RCP-00000985,PH-003,REG-04,EMP-0047,CUS-04049,2026-06-27 20:23:56,Sale,241.59,6.32,19.41,254.68,Credit Card,6,False,True,False,Completed
TXN-0000986,RCP-00000986,PH-003,REG-06,EMP-0046,,2026-06-15 12:44:35,Sale,365.43,2.69,29.92,392.66,Credit Card,6,False,False,False,Completed
TXN-0000987,RCP-00000987,PH-002,REG-02,EMP-0036,CUS-02537,2026-06-10 19:18:10,Sale,89.49,24.02,5.4,70.87,Gift Card,4,False,True,True,Completed
TXN-0000988,RCP-00000988,PH-002,REG-02,EMP-0035,CUS-04770,2026-07-20 12:48:46,Sale,259.14,55.27,16.82,220.69,Debit Card,4,False,True,True,Completed
TXN-0000989,RCP-00000989,PH-004,REG-04,EMP-0086,,2026-07-07 10:42:24,Sale,129.49,0,10.69,140.18,Debit Card,3,False,False,False,Completed
TXN-0000990,RCP-00000990,PH-001,REG-02,EMP-0003,CUS-04240,2026-07-27 16:49:51,Sale,66.72,2.6,5.29,69.41,Debit Card,3,False,True,False,Completed
TXN-0000991,RCP-00000991,PH-001,REG-04,EMP-0003,CUS-04211,2026-06-29 10:09:11,Sale,300.61,0,24.8,325.41,Credit Card,3,False,True,False,Completed
TXN-0000992,RCP-00000992,PH-001,REG-05,EMP-0018,CUS-02084,2026-06-20 11:35:33,Sale,159.7,0,13.18,172.88,Debit Card,4,False,True,False,Completed
TXN-0000993,RCP-00000993,PH-004,REG-03,EMP-0068,CUS-03277,2026-05-09 08:32:45,Sale,307.99,0,25.41,333.4,Credit Card,6,False,True,False,Completed
TXN-0000994,RCP-00000994,PH-005,REG-02,EMP-0089,CUS-02074,2026-07-06 21:28:12,Sale,364.99,0.1,30.09,394.98,Gift Card,9,False,True,False,Completed
TXN-0000995,RCP-00000995,PH-002,REG-02,EMP-0040,,2026-06-22 19:59:47,Sale,113.9,0,9.4,123.3,Credit Card,4,False,False,False,Completed
TXN-0000996,RCP-00000996,PH-003,REG-04,EMP-0058,CUS-03686,2026-07-04 10:48:29,Sale,226.0,2.31,18.45,242.14,Debit Card,7,False,True,False,Completed
TXN-0000997,RCP-00000997,PH-004,REG-02,EMP-0083,CUS-00149,2026-06-20 21:47:45,Sale,224.11,0,18.48,242.59,Credit Card,7,False,True,False,Completed
TXN-0000998,RCP-00000998,PH-005,REG-06,EMP-0101,CUS-04218,2026-06-06 20:44:01,Sale,154.2,0,12.72,166.92,Debit Card,1,False,True,False,Completed
TXN-0000999,RCP-00000999,PH-003,REG-05,EMP-0056,CUS-01454,2026-06-25 21:36:29,Sale,127.91,8.8,9.83,128.94,Cash,4,False,True,False,Completed
TXN-0001000,RCP-00001000,PH-004,REG-01,EMP-0083,CUS-03175,2026-07-28 11:58:02,Sale,117.57,0,9.7,127.27,Credit Card,4,False,True,False,Completed
TXN-0001001,RCP-00001001,PH-001,REG-02,EMP-0015,CUS-01436,2026-06-03 12:42:10,Sale,203.55,34.96,13.91,182.5,Gift Card,3,False,True,False,Completed
TXN-0001002,RCP-00001002,PH-003,REG-05,EMP-0047,CUS-01206,2026-07-07 21:23:10,Sale,311.73,6.82,25.17,330.08,Debit Card,8,False,True,False,Completed
TXN-0001003,RCP-00001003,PH-004,REG-06,EMP-0081,CUS-03282,2026-07-16 18:38:32,Sale,258.88,7.58,20.72,272.02,Split Payment,5,False,True,False,Completed
TXN-0001004,RCP-00001004,PH-004,REG-02,EMP-0068,CUS-03971,2026-05-21 15:40:16,Sale,45.9,1.73,3.64,47.81,Debit Card,2,False,True,False,Completed
TXN-0001005,RCP-00001005,PH-004,REG-04,EMP-0079,CUS-02868,2026-07-25 12:41:18,Sale,177.85,0,14.67,192.52,Credit Card,4,False,True,False,Completed
TXN-0001006,RCP-00001006,PH-004,REG-02,EMP-0079,CUS-00048,2026-06-25 20:36:47,Sale,86.07,0,7.1,93.17,Cash,3,False,True,False,Completed
TXN-0001007,RCP-00001007,PH-001,REG-03,EMP-0020,CUS-00239,2026-06-23 15:33:55,Sale,107.44,6.45,8.34,109.33,Credit Card,3,False,True,False,Completed
TXN-0001008,RCP-00001008,PH-001,REG-02,EMP-0014,CUS-04158,2026-06-29 11:12:20,Sale,186.0,2.72,15.13,198.41,Credit Card,4,False,True,False,Completed
TXN-0001009,RCP-00001009,PH-005,REG-04,EMP-0101,CUS-03255,2026-07-14 18:07:09,Sale,92.22,0,7.61,99.83,Credit Card,3,False,True,False,Completed
TXN-0001010,RCP-00001010,PH-001,REG-06,EMP-0012,CUS-00834,2026-07-26 18:34:51,Sale,139.25,0,11.49,150.74,Split Payment,3,False,True,False,Completed
TXN-0001011,RCP-00001011,PH-004,REG-04,EMP-0080,CUS-04670,2026-06-04 11:50:32,Sale,123.22,0,10.16,133.38,Debit Card,4,False,True,False,Completed
TXN-0001012,RCP-00001012,PH-002,REG-01,EMP-0038,,2026-05-14 21:56:21,Sale,156.77,3.46,12.66,165.97,Credit Card,6,False,False,False,Completed
TXN-0001013,RCP-00001013,PH-004,REG-03,EMP-0083,CUS-03492,2026-06-01 09:26:12,Sale,232.98,3.97,18.9,247.91,Debit Card,6,False,True,False,Completed
TXN-0001014,RCP-00001014,PH-005,REG-01,EMP-0107,CUS-01472,2026-05-28 16:19:04,Sale,414.67,0,34.21,448.88,Credit Card,8,False,True,False,Completed
TXN-0001015,RCP-00001015,PH-001,REG-01,EMP-0013,CUS-00626,2026-06-22 18:52:16,Sale,170.67,4.79,13.68,179.56,Credit Card,5,False,True,False,Completed
TXN-0001016,RCP-00001016,PH-001,REG-04,EMP-0016,CUS-02342,2026-06-26 16:48:57,Sale,164.87,0,13.6,178.47,Gift Card,3,False,True,False,Completed
TXN-0001017,RCP-00001017,PH-001,REG-04,EMP-0018,,2026-06-08 08:33:49,Sale,316.26,0,26.09,342.35,Credit Card,4,False,False,False,Completed
TXN-0001018,RCP-00001018,PH-001,REG-05,EMP-0013,,2026-07-29 09:59:41,Sale,68.65,0,5.67,74.32,Credit Card,2,False,False,False,Completed
TXN-0001019,RCP-00001019,PH-002,REG-03,EMP-0035,CUS-00836,2026-05-03 08:35:20,Sale,114.77,0,9.47,124.24,Credit Card,2,False,True,False,Completed
TXN-0001020,RCP-00001020,PH-003,REG-01,EMP-0061,CUS-01843,2026-07-07 21:34:13,Sale,134.39,0,11.09,145.48,Debit Card,6,False,True,False,Completed
TXN-0001021,RCP-00001021,PH-002,REG-02,EMP-0023,CUS-01682,2026-07-22 16:59:05,Sale,290.14,1.98,23.78,311.94,Credit Card,7,False,True,False,Completed
TXN-0001022,RCP-00001022,PH-004,REG-01,EMP-0082,CUS-04853,2026-06-02 17:57:10,Sale,42.3,0,3.49,45.79,Credit Card,2,False,True,False,Completed
TXN-0001023,RCP-00001023,PH-001,REG-06,EMP-0020,CUS-00365,2026-07-19 18:03:48,Sale,268.97,4.5,21.82,286.29,Debit Card,6,False,True,False,Completed
TXN-0001024,RCP-00001024,PH-002,REG-06,EMP-0024,CUS-04597,2026-06-14 13:06:19,Sale,469.58,0,38.73,508.31,Credit Card,6,False,True,False,Completed
TXN-0001025,RCP-00001025,PH-005,REG-03,EMP-0090,CUS-04851,2026-07-05 20:36:51,Sale,178.53,0,14.73,193.26,Debit Card,4,False,True,False,Completed
TXN-0001026,RCP-00001026,PH-003,REG-01,EMP-0045,CUS-01678,2026-05-15 20:59:04,Sale,77.06,2.36,6.16,80.86,Credit Card,3,False,True,False,Completed
TXN-0001027,RCP-00001027,PH-001,REG-04,EMP-0017,CUS-01182,2026-05-29 14:34:31,Sale,346.76,7.63,27.98,367.11,Debit Card,8,False,True,False,Completed
TXN-0001028,RCP-00001028,PH-002,REG-02,EMP-0039,,2026-07-09 11:21:48,Sale,174.32,3.92,14.05,184.45,Cash,7,False,False,True,Completed
TXN-0001029,RCP-00001029,PH-003,REG-03,EMP-0056,CUS-01728,2026-05-07 14:55:50,Sale,8.11,0,0.67,8.78,Credit Card,1,False,True,False,Completed
TXN-0001030,RCP-00001030,PH-004,REG-06,EMP-0067,CUS-00461,2026-05-26 14:30:23,Sale,185.54,3.68,15.01,196.87,Cash,6,False,True,False,Completed
TXN-0001031,RCP-00001031,PH-001,REG-03,EMP-0015,,2026-05-06 19:33:59,Sale,99.83,0,8.24,108.07,Credit Card,3,False,False,False,Completed
TXN-0001032,RCP-00001032,PH-003,REG-01,EMP-0060,CUS-00709,2026-05-15 17:11:31,Sale,120.29,1.57,9.79,128.51,Credit Card,5,False,True,False,Completed
TXN-0001033,RCP-00001033,PH-002,REG-04,EMP-0038,CUS-01806,2026-07-04 13:29:56,Sale,292.74,0,24.15,316.89,Debit Card,6,False,True,False,Completed
TXN-0001034,RCP-00001034,PH-003,REG-01,EMP-0059,,2026-05-30 20:40:50,Sale,619.19,0,51.08,670.27,Debit Card,6,False,False,False,Completed
TXN-0001035,RCP-00001035,PH-005,REG-06,EMP-0102,CUS-00813,2026-05-03 15:20:01,Sale,117.72,11.5,8.75,114.97,Debit Card,6,False,True,False,Completed
TXN-0001036,RCP-00001036,PH-001,REG-06,EMP-0018,,2026-06-04 20:25:10,Sale,149.18,8.21,11.64,152.61,Cash,4,False,False,False,Completed
TXN-0001037,RCP-00001037,PH-001,REG-05,EMP-0019,CUS-04768,2026-06-29 21:56:19,Sale,130.52,11.2,9.85,129.17,Debit Card,4,False,True,False,Completed
TXN-0001038,RCP-00001038,PH-001,REG-03,EMP-0020,CUS-00669,2026-06-01 14:45:16,Sale,49.8,0,4.11,53.91,Debit Card,1,False,True,False,Completed
TXN-0001039,RCP-00001039,PH-004,REG-03,EMP-0068,CUS-03165,2026-05-21 20:52:04,Sale,190.06,4.79,15.28,200.55,Debit Card,5,False,True,False,Completed
TXN-0001040,RCP-00001040,PH-001,REG-04,EMP-0020,CUS-02802,2026-05-24 13:41:54,Sale,50.14,0,4.14,54.28,Credit Card,1,False,True,False,Completed
TXN-0001041,RCP-00001041,PH-001,REG-06,EMP-0014,CUS-04812,2026-07-03 16:53:43,Sale,135.08,0,11.15,146.23,Cash,4,False,True,False,Completed
TXN-0001042,RCP-00001042,PH-003,REG-02,EMP-0061,CUS-01449,2026-07-05 16:17:21,Sale,280.24,1.96,22.97,301.25,Gift Card,7,False,True,False,Completed
TXN-0001043,RCP-00001043,PH-001,REG-04,EMP-0012,CUS-04014,2026-06-10 11:46:17,Sale,188.55,0,15.56,204.11,Split Payment,7,False,True,False,Completed
TXN-0001044,RCP-00001044,PH-004,REG-06,EMP-0084,CUS-01885,2026-05-26 18:25:40,Sale,319.78,4.82,25.98,340.94,Credit Card,6,False,True,False,Completed
TXN-0001045,RCP-00001045,PH-005,REG-05,EMP-0101,CUS-01722,2026-06-16 18:13:35,Sale,105.79,0,8.73,114.52,Credit Card,4,False,True,False,Completed
TXN-0001046,RCP-00001046,PH-004,REG-02,EMP-0086,CUS-01802,2026-06-22 19:56:20,Sale,149.76,4.25,12.0,157.51,Cash,5,False,True,False,Completed
TXN-0001047,RCP-00001047,PH-005,REG-04,EMP-0090,CUS-00921,2026-07-19 08:38:05,Sale,150.38,1.02,12.32,161.68,Gift Card,4,False,True,False,Completed
TXN-0001048,RCP-00001048,PH-004,REG-03,EMP-0084,,2026-07-06 18:51:41,Sale,170.33,0,14.05,184.38,Credit Card,5,False,False,False,Completed
TXN-0001049,RCP-00001049,PH-004,REG-05,EMP-0081,CUS-02983,2026-06-09 08:21:36,Sale,168.16,12.61,12.83,168.38,Cash,3,False,True,False,Completed
TXN-0001050,RCP-00001050,PH-005,REG-06,EMP-0106,CUS-02346,2026-05-15 13:43:10,Sale,128.28,0,10.59,138.87,Credit Card,3,False,True,False,Completed
TXN-0001051,RCP-00001051,PH-005,REG-05,EMP-0101,CUS-03671,2026-06-11 15:44:16,Sale,103.15,1.21,8.41,110.35,Credit Card,2,False,True,False,Completed
TXN-0001052,RCP-00001052,PH-002,REG-04,EMP-0041,CUS-03826,2026-06-08 20:38:31,Sale,187.86,0,15.5,203.36,Cash,4,False,True,False,Completed
TXN-0001053,RCP-00001053,PH-003,REG-05,EMP-0047,CUS-03637,2026-05-17 14:05:19,Sale,164.02,3.33,13.26,173.95,Cash,4,False,True,False,Completed
TXN-0001054,RCP-00001054,PH-005,REG-03,EMP-0107,,2026-05-12 08:01:19,Sale,256.34,24.21,19.13,251.26,Split Payment,6,False,False,True,Completed
TXN-0001055,RCP-00001055,PH-003,REG-05,EMP-0059,CUS-04328,2026-07-05 08:53:53,Sale,346.26,42.33,25.06,328.99,Cash,7,False,True,False,Completed
TXN-0001056,RCP-00001056,PH-005,REG-02,EMP-0104,CUS-03543,2026-06-16 08:45:20,Sale,230.69,14.66,17.83,233.86,Credit Card,8,False,True,False,Completed
TXN-0001057,RCP-00001057,PH-005,REG-01,EMP-0103,,2026-05-21 08:14:41,Sale,268.59,11.71,21.18,278.06,Cash,6,False,False,True,Completed
TXN-0001058,RCP-00001058,PH-004,REG-05,EMP-0086,CUS-02059,2026-05-28 14:50:07,Sale,115.6,0,9.53,125.13,Credit Card,3,False,True,False,Completed
TXN-0001059,RCP-00001059,PH-002,REG-03,EMP-0025,CUS-00477,2026-07-17 18:51:08,Sale,559.12,27.16,43.89,575.85,Debit Card,9,False,True,True,Completed
TXN-0001060,RCP-00001060,PH-001,REG-04,EMP-0001,,2026-07-04 16:56:20,Sale,105.44,0,8.7,114.14,Credit Card,2,False,False,False,Completed
TXN-0001061,RCP-00001061,PH-005,REG-03,EMP-0100,CUS-01211,2026-06-11 19:19:39,Sale,162.14,5.91,12.9,169.13,Credit Card,5,False,True,False,Completed
TXN-0001062,RCP-00001062,PH-003,REG-05,EMP-0063,CUS-04391,2026-07-26 14:05:57,Sale,39.57,4.06,2.93,38.44,Cash,2,False,True,False,Completed
TXN-0001063,RCP-00001063,PH-002,REG-02,EMP-0040,CUS-04134,2026-05-17 11:04:47,Sale,31.66,0,2.61,34.27,Debit Card,1,False,True,False,Completed
TXN-0001064,RCP-00001064,PH-001,REG-04,EMP-0016,CUS-04243,2026-05-07 20:02:43,Sale,105.39,8.86,7.96,104.49,Cash,2,False,True,False,Completed
TXN-0001065,RCP-00001065,PH-003,REG-05,EMP-0045,CUS-02532,2026-07-12 15:33:15,Sale,126.71,0,10.45,137.16,Debit Card,4,False,True,False,Completed
TXN-0001066,RCP-00001066,PH-002,REG-02,EMP-0036,CUS-00562,2026-05-09 08:38:04,Sale,375.39,12.54,29.94,392.79,Credit Card,5,False,True,False,Completed
TXN-0001067,RCP-00001067,PH-004,REG-01,EMP-0083,CUS-03835,2026-07-21 16:18:18,Sale,109.92,0.33,9.05,118.64,Cash,5,False,True,False,Completed
TXN-0001068,RCP-00001068,PH-001,REG-05,EMP-0003,CUS-04853,2026-07-10 08:33:46,Sale,4.4,0.66,0.31,4.05,Debit Card,1,False,True,False,Completed
TXN-0001069,RCP-00001069,PH-002,REG-02,EMP-0024,CUS-01246,2026-07-22 21:20:57,Sale,238.85,9.47,18.92,248.3,Debit Card,7,False,True,False,Completed
TXN-0001070,RCP-00001070,PH-001,REG-03,EMP-0015,CUS-01163,2026-05-07 11:30:47,Sale,215.61,32.34,15.12,198.39,Cash,2,False,True,False,Completed
TXN-0001071,RCP-00001071,PH-004,REG-06,EMP-0083,CUS-04158,2026-07-27 08:57:32,Sale,241.1,0,19.9,261.0,Credit Card,8,False,True,False,Completed
TXN-0001072,RCP-00001072,PH-005,REG-05,EMP-0103,CUS-01246,2026-06-04 11:21:00,Sale,168.54,0,13.91,182.45,Split Payment,4,False,True,False,Completed
TXN-0001073,RCP-00001073,PH-002,REG-01,EMP-0036,CUS-04518,2026-07-08 16:24:47,Sale,80.87,3.01,6.43,84.29,Debit Card,3,False,True,False,Completed
TXN-0001074,RCP-00001074,PH-002,REG-05,EMP-0035,CUS-00623,2026-07-23 10:49:47,Sale,222.67,7.28,17.77,233.16,Credit Card,7,False,True,False,Completed
TXN-0001075,RCP-00001075,PH-005,REG-06,EMP-0102,CUS-01975,2026-06-12 11:11:06,Sale,263.91,29.2,19.36,254.07,Debit Card,7,False,True,False,Completed
TXN-0001076,RCP-00001076,PH-005,REG-05,EMP-0100,CUS-04598,2026-07-10 12:55:08,Sale,5.47,0.59,0.4,5.28,Debit Card,2,False,True,False,Completed
TXN-0001077,RCP-00001077,PH-003,REG-02,EMP-0064,CUS-02339,2026-05-08 14:46:14,Sale,30.05,0,2.48,32.53,Cash,2,False,True,False,Completed
TXN-0001078,RCP-00001078,PH-001,REG-05,EMP-0020,CUS-03812,2026-06-03 13:53:05,Sale,217.96,4.61,17.6,230.95,Credit Card,5,False,True,False,Completed
TXN-0001079,RCP-00001079,PH-001,REG-04,EMP-0002,,2026-05-23 08:03:34,Sale,222.12,0,18.32,240.44,Cash,5,False,False,False,Completed
TXN-0001080,RCP-00001080,PH-003,REG-01,EMP-0061,CUS-01878,2026-07-26 13:01:50,Sale,113.61,0,9.37,122.98,Cash,3,False,True,False,Completed
TXN-0001081,RCP-00001081,PH-004,REG-03,EMP-0069,,2026-05-23 20:53:52,Sale,284.63,3.42,23.21,304.42,Gift Card,6,False,False,False,Completed
TXN-0001082,RCP-00001082,PH-001,REG-03,EMP-0016,CUS-01480,2026-05-16 14:22:21,Sale,151.35,5.9,12.01,157.46,Debit Card,6,False,True,False,Completed
TXN-0001083,RCP-00001083,PH-003,REG-06,EMP-0063,CUS-00541,2026-06-18 09:34:55,Sale,162.47,4.25,13.05,171.27,Cash,4,False,True,False,Completed
TXN-0001084,RCP-00001084,PH-004,REG-05,EMP-0068,,2026-05-19 12:40:35,Sale,242.08,0,19.97,262.05,Debit Card,1,False,False,False,Completed
TXN-0001085,RCP-00001085,PH-001,REG-03,EMP-0017,CUS-01545,2026-07-12 15:58:16,Sale,149.91,4.56,11.99,157.34,Credit Card,3,False,True,False,Completed
TXN-0001086,RCP-00001086,PH-005,REG-04,EMP-0102,CUS-03518,2026-07-03 20:38:09,Sale,173.02,0,14.28,187.3,Credit Card,3,False,True,False,Completed
TXN-0001087,RCP-00001087,PH-001,REG-01,EMP-0013,CUS-00170,2026-07-03 21:03:38,Sale,164.44,8.86,12.83,168.41,Credit Card,4,False,True,False,Completed
TXN-0001088,RCP-00001088,PH-005,REG-04,EMP-0105,CUS-02289,2026-05-25 12:02:10,Sale,211.57,0,17.44,229.01,Credit Card,8,False,True,False,Completed
TXN-0001089,RCP-00001089,PH-001,REG-01,EMP-0015,CUS-01167,2026-06-26 09:26:24,Sale,220.11,0,18.16,238.27,Credit Card,7,False,True,False,Completed
TXN-0001090,RCP-00001090,PH-004,REG-04,EMP-0086,CUS-04552,2026-06-27 16:11:13,Sale,327.82,4.29,26.68,350.21,Cash,7,False,True,False,Completed
TXN-0001091,RCP-00001091,PH-005,REG-06,EMP-0106,CUS-02139,2026-06-03 20:00:02,Sale,219.84,35.21,15.23,199.86,Cash,2,False,True,False,Completed
TXN-0001092,RCP-00001092,PH-005,REG-01,EMP-0091,CUS-04422,2026-05-05 16:28:36,Sale,179.9,14.8,13.62,178.72,Debit Card,5,False,True,False,Completed
TXN-0001093,RCP-00001093,PH-001,REG-02,EMP-0020,CUS-01074,2026-06-14 13:58:09,Sale,426.15,6.69,34.6,454.06,Cash,10,False,True,False,Completed
TXN-0001094,RCP-00001094,PH-002,REG-03,EMP-0023,CUS-00970,2026-07-05 19:33:16,Sale,237.21,10.64,18.7,245.27,Credit Card,5,False,True,False,Completed
TXN-0001095,RCP-00001095,PH-002,REG-02,EMP-0040,,2026-06-27 14:29:45,Sale,160.36,0.36,13.21,173.21,Credit Card,5,False,False,False,Completed
TXN-0001096,RCP-00001096,PH-002,REG-03,EMP-0036,CUS-01156,2026-06-20 10:08:15,Sale,151.29,0,12.48,163.77,Credit Card,4,False,True,False,Completed
TXN-0001097,RCP-00001097,PH-001,REG-03,EMP-0014,CUS-02852,2026-05-09 11:36:50,Sale,186.91,13.0,14.35,188.26,Debit Card,6,False,True,False,Completed
TXN-0001098,RCP-00001098,PH-005,REG-04,EMP-0089,CUS-04776,2026-06-26 17:18:28,Sale,170.59,0,14.07,184.66,Cash,7,False,True,False,Completed
TXN-0001099,RCP-00001099,PH-005,REG-04,EMP-0107,CUS-04093,2026-07-16 08:21:12,Sale,153.51,0,12.66,166.17,Cash,3,False,True,False,Completed
TXN-0001100,RCP-00001100,PH-002,REG-02,EMP-0023,CUS-00741,2026-05-23 16:00:55,Sale,196.52,2.27,16.03,210.28,Credit Card,7,False,True,False,Completed
TXN-0001101,RCP-00001101,PH-001,REG-01,EMP-0012,CUS-02580,2026-05-07 12:28:41,Sale,308.69,6.66,24.92,326.95,Debit Card,6,False,True,False,Completed
TXN-0001102,RCP-00001102,PH-003,REG-06,EMP-0046,,2026-07-28 14:33:17,Sale,122.94,0,10.14,133.08,Credit Card,3,False,False,False,Completed
TXN-0001103,RCP-00001103,PH-001,REG-03,EMP-0001,,2026-07-18 20:53:20,Sale,34.3,0.72,2.77,36.35,Debit Card,2,False,False,False,Completed
TXN-0001104,RCP-00001104,PH-003,REG-03,EMP-0063,,2026-07-16 19:02:13,Sale,69.85,0,5.77,75.62,Debit Card,4,False,False,False,Completed
TXN-0001105,RCP-00001105,PH-003,REG-01,EMP-0064,CUS-03109,2026-06-23 14:31:39,Sale,472.92,9.28,38.26,501.9,Credit Card,5,False,True,False,Completed
TXN-0001106,RCP-00001106,PH-005,REG-06,EMP-0103,,2026-07-14 13:13:05,Sale,118.66,15.18,8.53,112.01,Debit Card,4,False,False,True,Completed
TXN-0001107,RCP-00001107,PH-003,REG-05,EMP-0062,CUS-02931,2026-07-01 10:16:28,Sale,182.1,5.3,14.58,191.38,Debit Card,4,False,True,False,Completed
TXN-0001108,RCP-00001108,PH-003,REG-04,EMP-0057,CUS-00010,2026-06-30 18:53:34,Sale,208.52,0.58,17.15,225.09,Gift Card,6,False,True,False,Completed
TXN-0001109,RCP-00001109,PH-004,REG-01,EMP-0082,CUS-02896,2026-05-07 13:09:36,Sale,154.64,2.18,12.57,165.03,Credit Card,5,False,True,False,Completed
TXN-0001110,RCP-00001110,PH-002,REG-06,EMP-0042,,2026-07-05 21:07:05,Sale,366.42,41.6,26.8,351.62,Credit Card,6,False,False,False,Completed
TXN-0001111,RCP-00001111,PH-002,REG-05,EMP-0023,CUS-00168,2026-07-31 18:50:19,Sale,198.71,13.74,15.26,200.23,Credit Card,5,False,True,False,Completed
TXN-0001112,RCP-00001112,PH-005,REG-04,EMP-0100,CUS-01235,2026-07-15 18:12:24,Sale,268.08,83.72,15.21,199.57,Credit Card,5,False,True,True,Completed
TXN-0001113,RCP-00001113,PH-004,REG-06,EMP-0079,,2026-06-22 20:14:05,Sale,206.28,0,17.01,223.29,Cash,5,False,False,False,Completed
TXN-0001114,RCP-00001114,PH-002,REG-06,EMP-0034,CUS-02505,2026-06-29 10:41:05,Sale,110.79,0,9.15,119.94,Gift Card,3,False,True,False,Completed
TXN-0001115,RCP-00001115,PH-004,REG-01,EMP-0069,CUS-03519,2026-06-30 13:42:33,Sale,140.12,1.79,11.42,149.75,Credit Card,4,False,True,False,Completed
TXN-0001116,RCP-00001116,PH-003,REG-05,EMP-0058,CUS-03461,2026-05-15 19:43:26,Sale,237.87,33.02,16.89,221.74,Debit Card,4,False,True,False,Completed
TXN-0001117,RCP-00001117,PH-002,REG-01,EMP-0037,,2026-06-15 12:30:24,Sale,134.75,0,11.12,145.87,Debit Card,3,False,False,False,Completed
TXN-0001118,RCP-00001118,PH-002,REG-01,EMP-0037,,2026-07-13 19:32:09,Sale,121.86,0,10.06,131.92,Credit Card,4,False,False,False,Completed
TXN-0001119,RCP-00001119,PH-005,REG-05,EMP-0091,CUS-04270,2026-06-11 15:53:12,Sale,311.62,0,25.71,337.33,Credit Card,7,False,True,False,Completed
TXN-0001120,RCP-00001120,PH-004,REG-01,EMP-0069,CUS-01582,2026-05-14 08:56:47,Sale,146.47,0,12.08,158.55,Debit Card,4,False,True,False,Completed
TXN-0001121,RCP-00001121,PH-002,REG-06,EMP-0039,,2026-06-27 08:19:23,Sale,97.8,0,8.06,105.86,Debit Card,5,False,False,False,Completed
TXN-0001122,RCP-00001122,PH-003,REG-05,EMP-0061,CUS-04314,2026-05-21 17:40:41,Sale,106.49,4.41,8.43,110.51,Credit Card,3,False,True,False,Completed
TXN-0001123,RCP-00001123,PH-005,REG-05,EMP-0090,CUS-04145,2026-07-05 19:11:33,Sale,148.0,0,12.21,160.21,Debit Card,1,False,True,False,Completed
TXN-0001124,RCP-00001124,PH-001,REG-03,EMP-0020,CUS-01541,2026-07-14 13:16:43,Sale,28.41,2.63,2.13,27.91,Cash,2,False,True,False,Completed
TXN-0001125,RCP-00001125,PH-003,REG-01,EMP-0064,CUS-00430,2026-06-27 11:18:29,Sale,387.5,0,31.97,419.47,Credit Card,5,False,True,False,Completed
TXN-0001126,RCP-00001126,PH-001,REG-05,EMP-0017,CUS-00786,2026-06-16 16:10:43,Sale,709.06,46.14,54.68,717.6,Debit Card,7,False,True,False,Completed
TXN-0001127,RCP-00001127,PH-003,REG-01,EMP-0064,CUS-03210,2026-07-20 12:53:14,Sale,270.81,9.98,21.52,282.35,Debit Card,6,False,True,False,Completed
TXN-0001128,RCP-00001128,PH-005,REG-04,EMP-0100,,2026-07-09 18:49:39,Sale,104.19,0,8.6,112.79,Debit Card,3,False,False,False,Completed
TXN-0001129,RCP-00001129,PH-003,REG-04,EMP-0059,CUS-04705,2026-05-23 12:02:37,Sale,246.12,0.64,20.26,265.74,Gift Card,7,False,True,False,Completed
TXN-0001130,RCP-00001130,PH-002,REG-06,EMP-0039,CUS-01585,2026-05-07 17:26:50,Sale,199.89,6.06,15.99,209.82,Debit Card,3,False,True,False,Completed
TXN-0001131,RCP-00001131,PH-003,REG-05,EMP-0045,CUS-04449,2026-07-10 19:29:51,Sale,173.56,2.35,14.11,185.32,Debit Card,5,False,True,False,Completed
TXN-0001132,RCP-00001132,PH-004,REG-06,EMP-0084,CUS-01242,2026-06-22 21:51:21,Sale,405.56,2.23,33.28,436.61,Credit Card,7,False,True,False,Completed
TXN-0001133,RCP-00001133,PH-005,REG-03,EMP-0103,CUS-00661,2026-05-13 20:31:39,Sale,224.58,11.92,17.54,230.2,Debit Card,7,False,True,True,Completed
TXN-0001134,RCP-00001134,PH-001,REG-03,EMP-0006,CUS-02132,2026-07-25 17:59:24,Sale,113.91,3.89,9.08,119.1,Gift Card,4,False,True,False,Completed
TXN-0001135,RCP-00001135,PH-003,REG-06,EMP-0060,,2026-05-29 20:07:42,Sale,70.66,1.9,5.67,74.43,Credit Card,2,False,False,False,Completed
TXN-0001136,RCP-00001136,PH-005,REG-05,EMP-0089,CUS-01103,2026-06-17 20:24:05,Sale,201.1,9.04,15.85,207.91,Credit Card,7,False,True,True,Completed
TXN-0001137,RCP-00001137,PH-003,REG-03,EMP-0047,CUS-00910,2026-06-27 08:49:22,Sale,242.16,7.02,19.39,254.53,Cash,7,False,True,False,Completed
TXN-0001138,RCP-00001138,PH-005,REG-04,EMP-0091,CUS-04841,2026-07-01 10:44:08,Sale,237.09,10.32,18.72,245.49,Credit Card,6,False,True,False,Completed
TXN-0001139,RCP-00001139,PH-005,REG-02,EMP-0090,CUS-01835,2026-05-01 16:31:58,Sale,472.16,0,38.96,511.12,Debit Card,8,False,True,False,Completed
TXN-0001140,RCP-00001140,PH-004,REG-05,EMP-0086,CUS-04008,2026-05-06 10:44:27,Sale,149.07,3.38,12.03,157.72,Gift Card,4,False,True,False,Completed
TXN-0001141,RCP-00001141,PH-001,REG-06,EMP-0002,,2026-05-30 19:14:40,Sale,312.16,27.1,23.51,308.57,Debit Card,5,False,False,False,Completed
TXN-0001142,RCP-00001142,PH-004,REG-03,EMP-0067,CUS-03967,2026-06-19 08:47:37,Sale,245.13,2.56,20.01,262.58,Credit Card,8,False,True,False,Completed
TXN-0001143,RCP-00001143,PH-003,REG-03,EMP-0061,CUS-02971,2026-05-05 10:23:45,Sale,177.42,0,14.64,192.06,Cash,6,False,True,False,Completed
TXN-0001144,RCP-00001144,PH-001,REG-06,EMP-0019,CUS-03563,2026-07-24 15:31:21,Sale,58.69,0,4.84,63.53,Debit Card,1,False,True,False,Completed
TXN-0001145,RCP-00001145,PH-001,REG-03,EMP-0002,,2026-05-02 21:58:42,Sale,534.65,31.29,41.52,544.88,Cash,8,False,False,False,Completed
TXN-0001146,RCP-00001146,PH-002,REG-05,EMP-0037,,2026-06-01 10:17:54,Sale,413.07,4.47,33.71,442.31,Debit Card,9,False,False,False,Completed
TXN-0001147,RCP-00001147,PH-005,REG-05,EMP-0104,,2026-07-17 11:42:59,Sale,8.33,0,0.69,9.02,Cash,1,False,False,False,Completed
TXN-0001148,RCP-00001148,PH-005,REG-04,EMP-0104,,2026-06-23 18:17:09,Sale,122.65,0,10.13,132.78,Credit Card,5,False,False,False,Completed
TXN-0001149,RCP-00001149,PH-004,REG-05,EMP-0079,CUS-01776,2026-06-20 17:37:46,Sale,180.22,6.23,14.35,188.34,Debit Card,5,False,True,False,Completed
TXN-0001150,RCP-00001150,PH-005,REG-05,EMP-0090,CUS-01999,2026-07-05 09:26:46,Sale,245.9,0,20.3,266.2,Credit Card,6,False,True,False,Completed
TXN-0001151,RCP-00001151,PH-003,REG-06,EMP-0056,,2026-06-04 14:54:59,Sale,254.03,6.69,20.41,267.75,Credit Card,5,False,False,False,Completed
TXN-0001152,RCP-00001152,PH-005,REG-06,EMP-0107,CUS-00421,2026-05-09 12:29:55,Sale,268.81,0,22.17,290.98,Credit Card,7,False,True,False,Completed
TXN-0001153,RCP-00001153,PH-001,REG-04,EMP-0018,CUS-01242,2026-05-27 15:06:24,Sale,197.99,4.86,15.93,209.06,Credit Card,5,False,True,False,Completed
TXN-0001154,RCP-00001154,PH-004,REG-04,EMP-0085,CUS-01931,2026-07-03 11:28:02,Sale,990.93,58.6,76.91,1009.24,Cash,11,False,True,True,Completed
TXN-0001155,RCP-00001155,PH-003,REG-04,EMP-0046,CUS-02390,2026-06-06 14:58:56,Sale,304.07,16.27,23.75,311.55,Credit Card,10,False,True,False,Completed
TXN-0001156,RCP-00001156,PH-004,REG-04,EMP-0084,CUS-02978,2026-05-25 17:31:32,Sale,169.82,3.24,13.75,180.33,Debit Card,5,False,True,False,Completed
TXN-0001157,RCP-00001157,PH-001,REG-03,EMP-0002,,2026-06-11 21:16:41,Sale,114.33,0,9.44,123.77,Credit Card,4,False,False,False,Completed
TXN-0001158,RCP-00001158,PH-005,REG-05,EMP-0089,CUS-01482,2026-05-29 13:17:22,Sale,206.01,0,16.99,223.0,Credit Card,8,False,True,False,Completed
TXN-0001159,RCP-00001159,PH-002,REG-04,EMP-0024,CUS-02203,2026-05-30 08:09:56,Sale,135.93,0,11.22,147.15,Credit Card,3,False,True,False,Completed
TXN-0001160,RCP-00001160,PH-002,REG-01,EMP-0037,,2026-05-31 17:07:26,Sale,284.16,0,23.44,307.6,Debit Card,7,False,False,False,Completed
TXN-0001161,RCP-00001161,PH-004,REG-05,EMP-0083,CUS-04681,2026-07-12 15:50:35,Sale,71.3,0,5.88,77.18,Cash,4,False,True,False,Completed
TXN-0001162,RCP-00001162,PH-001,REG-02,EMP-0001,CUS-01633,2026-05-11 21:58:17,Sale,72.05,0,5.95,78.0,Cash,2,False,True,False,Completed
TXN-0001163,RCP-00001163,PH-005,REG-04,EMP-0104,CUS-03011,2026-06-01 21:13:54,Sale,82.07,2.36,6.57,86.28,Cash,4,False,True,False,Completed
TXN-0001164,RCP-00001164,PH-002,REG-03,EMP-0036,CUS-00405,2026-06-19 13:20:44,Sale,226.35,0,18.68,245.03,Debit Card,4,False,True,False,Completed
TXN-0001165,RCP-00001165,PH-001,REG-03,EMP-0001,CUS-01464,2026-05-09 08:32:02,Sale,34.8,0,2.87,37.67,Credit Card,3,False,True,False,Completed
TXN-0001166,RCP-00001166,PH-002,REG-05,EMP-0040,,2026-05-10 15:31:48,Sale,115.6,0,9.54,125.14,Debit Card,3,False,False,False,Completed
TXN-0001167,RCP-00001167,PH-001,REG-04,EMP-0020,CUS-00201,2026-05-03 20:53:52,Sale,231.63,5.7,18.65,244.58,Split Payment,5,False,True,False,Completed
TXN-0001168,RCP-00001168,PH-003,REG-01,EMP-0064,CUS-00451,2026-07-15 18:09:04,Sale,168.06,0,13.88,181.94,Debit Card,6,False,True,False,Completed
TXN-0001169,RCP-00001169,PH-003,REG-02,EMP-0058,CUS-03815,2026-06-04 18:58:50,Sale,99.19,0,8.18,107.37,Credit Card,5,False,True,False,Completed
TXN-0001170,RCP-00001170,PH-003,REG-03,EMP-0062,CUS-02771,2026-06-07 12:30:16,Sale,159.25,6.73,12.58,165.1,Cash,8,False,True,False,Completed
TXN-0001171,RCP-00001171,PH-004,REG-03,EMP-0081,CUS-00842,2026-05-03 11:05:30,Sale,236.87,0,19.55,256.42,Gift Card,8,False,True,False,Completed
TXN-0001172,RCP-00001172,PH-005,REG-03,EMP-0102,CUS-00762,2026-05-08 14:25:59,Sale,293.17,0,24.2,317.37,Credit Card,6,False,True,False,Completed
TXN-0001173,RCP-00001173,PH-003,REG-04,EMP-0063,CUS-02732,2026-07-25 21:06:35,Sale,137.46,0,11.33,148.79,Debit Card,4,False,True,False,Completed
TXN-0001174,RCP-00001174,PH-005,REG-04,EMP-0102,CUS-00654,2026-06-22 20:37:27,Sale,307.19,0,25.34,332.53,Debit Card,5,False,True,False,Completed
TXN-0001175,RCP-00001175,PH-004,REG-05,EMP-0083,CUS-03486,2026-06-18 20:53:34,Sale,269.33,28.58,19.87,260.62,Credit Card,4,False,True,False,Completed
TXN-0001176,RCP-00001176,PH-005,REG-02,EMP-0107,,2026-07-02 09:05:24,Sale,191.45,1.01,15.71,206.15,Credit Card,4,False,False,False,Completed
TXN-0001177,RCP-00001177,PH-003,REG-06,EMP-0056,CUS-03135,2026-05-19 18:24:35,Sale,77.21,0,6.37,83.58,Credit Card,3,False,True,False,Completed
TXN-0001178,RCP-00001178,PH-001,REG-02,EMP-0015,,2026-05-18 11:33:48,Sale,87.05,0,7.18,94.23,Debit Card,4,False,False,False,Completed
TXN-0001179,RCP-00001179,PH-002,REG-06,EMP-0042,CUS-03623,2026-06-04 20:36:50,Sale,283.24,46.73,19.51,256.02,Split Payment,4,False,True,False,Completed
TXN-0001180,RCP-00001180,PH-001,REG-01,EMP-0006,CUS-03283,2026-06-19 20:45:33,Sale,248.0,2.14,20.28,266.14,Cash,5,False,True,False,Completed
TXN-0001181,RCP-00001181,PH-001,REG-06,EMP-0003,CUS-04348,2026-05-27 20:58:28,Sale,344.12,10.68,27.52,360.96,Credit Card,7,False,True,False,Completed
TXN-0001182,RCP-00001182,PH-003,REG-05,EMP-0062,CUS-00884,2026-05-15 15:01:50,Sale,93.84,0,7.74,101.58,Cash,4,False,True,False,Completed
TXN-0001183,RCP-00001183,PH-002,REG-05,EMP-0041,,2026-07-30 15:40:22,Sale,47.09,0,3.88,50.97,Debit Card,1,False,False,False,Completed
TXN-0001184,RCP-00001184,PH-005,REG-05,EMP-0103,CUS-02116,2026-07-06 19:50:19,Sale,251.4,28.34,18.4,241.46,Credit Card,4,False,True,True,Completed
TXN-0001185,RCP-00001185,PH-005,REG-05,EMP-0089,,2026-07-27 20:19:58,Sale,92.77,15.98,6.33,83.12,Split Payment,2,False,False,False,Completed
TXN-0001186,RCP-00001186,PH-001,REG-06,EMP-0015,CUS-00830,2026-05-11 19:26:03,Sale,202.59,2.38,16.52,216.73,Cash,6,False,True,False,Completed
TXN-0001187,RCP-00001187,PH-004,REG-06,EMP-0081,CUS-04027,2026-05-29 10:36:51,Sale,147.97,5.72,11.73,153.98,Credit Card,5,False,True,False,Completed
TXN-0001188,RCP-00001188,PH-002,REG-03,EMP-0025,,2026-07-23 18:04:16,Sale,224.54,1.26,18.43,241.71,Debit Card,6,False,False,False,Completed
TXN-0001189,RCP-00001189,PH-005,REG-05,EMP-0102,CUS-00797,2026-05-14 10:53:08,Sale,27.83,0,2.3,30.13,Gift Card,1,False,True,False,Completed
TXN-0001190,RCP-00001190,PH-003,REG-04,EMP-0057,CUS-02301,2026-07-20 10:16:07,Sale,462.38,0,38.15,500.53,Debit Card,6,False,True,False,Completed
TXN-0001191,RCP-00001191,PH-004,REG-03,EMP-0084,CUS-01801,2026-06-08 15:51:16,Sale,172.53,0,14.25,186.78,Credit Card,4,False,True,False,Completed
TXN-0001192,RCP-00001192,PH-004,REG-01,EMP-0084,CUS-02584,2026-05-10 08:01:18,Sale,167.77,1.87,13.69,179.59,Debit Card,7,False,True,False,Completed
TXN-0001193,RCP-00001193,PH-002,REG-03,EMP-0024,CUS-03521,2026-06-01 12:57:23,Sale,173.61,5.77,13.84,181.68,Cash,5,False,True,False,Completed
TXN-0001194,RCP-00001194,PH-001,REG-06,EMP-0014,CUS-02644,2026-06-29 19:28:07,Sale,150.77,4.62,12.06,158.21,Cash,4,False,True,False,Completed
TXN-0001195,RCP-00001195,PH-005,REG-05,EMP-0090,CUS-02769,2026-05-13 15:37:09,Sale,409.44,40.22,30.46,399.68,Credit Card,8,False,True,False,Completed
TXN-0001196,RCP-00001196,PH-001,REG-02,EMP-0003,CUS-01860,2026-05-20 19:51:24,Sale,344.79,1.29,28.34,371.84,Gift Card,6,False,True,False,Completed
TXN-0001197,RCP-00001197,PH-004,REG-02,EMP-0080,CUS-00241,2026-07-28 17:17:04,Sale,102.29,0,8.45,110.74,Credit Card,3,False,True,False,Completed
TXN-0001198,RCP-00001198,PH-002,REG-04,EMP-0039,CUS-00018,2026-07-26 18:21:49,Sale,119.36,2.33,9.66,126.69,Credit Card,3,False,True,False,Completed
TXN-0001199,RCP-00001199,PH-004,REG-04,EMP-0078,CUS-03313,2026-05-20 09:58:59,Sale,290.34,2.29,23.77,311.82,Credit Card,4,False,True,False,Completed
TXN-0001200,RCP-00001200,PH-002,REG-04,EMP-0025,,2026-06-20 21:47:49,Sale,74.44,0,6.14,80.58,Debit Card,1,False,False,False,Completed
TXN-0001201,RCP-00001201,PH-001,REG-02,EMP-0018,CUS-02499,2026-05-29 08:11:35,Sale,26.26,2.63,1.95,25.58,Debit Card,1,False,True,False,Completed
TXN-0001202,RCP-00001202,PH-005,REG-06,EMP-0101,,2026-07-22 17:50:09,Sale,145.6,9.1,11.25,147.75,Cash,6,False,False,False,Completed
TXN-0001203,RCP-00001203,PH-004,REG-06,EMP-0080,CUS-00122,2026-05-28 13:50:16,Sale,149.48,12.39,11.31,148.4,Credit Card,6,False,True,False,Completed
TXN-0001204,RCP-00001204,PH-005,REG-01,EMP-0100,CUS-02542,2026-05-26 09:53:46,Sale,51.16,0,4.22,55.38,Cash,2,False,True,False,Completed
TXN-0001205,RCP-00001205,PH-003,REG-04,EMP-0061,CUS-01631,2026-06-13 20:44:00,Sale,541.18,2.17,44.48,583.49,Gift Card,7,False,True,False,Completed
TXN-0001206,RCP-00001206,PH-002,REG-06,EMP-0039,CUS-03845,2026-06-08 13:07:54,Sale,515.5,17.87,41.05,538.68,Cash,6,False,True,False,Completed
TXN-0001207,RCP-00001207,PH-004,REG-03,EMP-0079,CUS-02967,2026-07-01 10:44:16,Sale,56.69,0,4.68,61.37,Credit Card,2,False,True,False,Completed
TXN-0001208,RCP-00001208,PH-002,REG-05,EMP-0040,CUS-00273,2026-07-22 10:38:09,Sale,142.06,5.28,11.28,148.06,Cash,4,False,True,False,Completed
TXN-0001209,RCP-00001209,PH-001,REG-01,EMP-0019,,2026-05-19 17:32:42,Sale,43.18,0,3.56,46.74,Credit Card,2,False,False,False,Completed
TXN-0001210,RCP-00001210,PH-001,REG-04,EMP-0017,,2026-07-01 09:28:05,Sale,94.61,0,7.8,102.41,Credit Card,4,False,False,False,Completed
TXN-0001211,RCP-00001211,PH-003,REG-04,EMP-0063,CUS-03391,2026-07-19 15:03:15,Sale,49.5,0,4.08,53.58,Debit Card,1,False,True,False,Completed
TXN-0001212,RCP-00001212,PH-001,REG-01,EMP-0016,CUS-00163,2026-07-06 15:21:59,Sale,397.04,6.68,32.2,422.56,Credit Card,8,False,True,False,Completed
TXN-0001213,RCP-00001213,PH-001,REG-01,EMP-0012,,2026-06-28 15:03:27,Sale,199.2,12.46,15.4,202.14,Debit Card,5,False,False,False,Completed
TXN-0001214,RCP-00001214,PH-002,REG-04,EMP-0041,,2026-07-30 08:57:32,Sale,122.84,9.08,9.38,123.14,Cash,4,False,False,False,Completed
TXN-0001215,RCP-00001215,PH-001,REG-05,EMP-0015,,2026-07-28 19:54:13,Sale,192.73,20.36,14.23,186.6,Cash,5,False,False,False,Completed
TXN-0001216,RCP-00001216,PH-002,REG-06,EMP-0034,CUS-02383,2026-06-01 11:06:29,Sale,34.8,0.62,2.82,37.0,Credit Card,3,False,True,False,Completed
TXN-0001217,RCP-00001217,PH-005,REG-05,EMP-0103,CUS-01796,2026-06-25 10:55:52,Sale,126.26,0,10.42,136.68,Cash,3,False,True,False,Completed
TXN-0001218,RCP-00001218,PH-003,REG-06,EMP-0063,,2026-06-01 20:25:32,Sale,133.63,0,11.03,144.66,Debit Card,7,False,False,False,Completed
TXN-0001219,RCP-00001219,PH-002,REG-02,EMP-0038,,2026-07-18 20:14:03,Sale,42.71,0,3.52,46.23,Split Payment,1,False,False,False,Completed
TXN-0001220,RCP-00001220,PH-005,REG-06,EMP-0090,CUS-03642,2026-06-11 08:53:04,Sale,194.84,8.2,15.39,202.03,Credit Card,5,False,True,False,Completed
TXN-0001221,RCP-00001221,PH-002,REG-03,EMP-0024,,2026-06-04 14:30:08,Sale,135.25,36.06,8.19,107.38,Debit Card,5,False,False,True,Completed
TXN-0001222,RCP-00001222,PH-001,REG-06,EMP-0015,CUS-01465,2026-05-31 11:29:57,Sale,105.84,0,8.73,114.57,Debit Card,4,False,True,False,Completed
TXN-0001223,RCP-00001223,PH-001,REG-01,EMP-0001,CUS-03864,2026-06-27 18:38:46,Sale,189.41,19.1,14.06,184.37,Credit Card,4,False,True,False,Completed
TXN-0001224,RCP-00001224,PH-004,REG-04,EMP-0082,CUS-04814,2026-05-27 21:27:55,Sale,182.83,0,15.08,197.91,Debit Card,5,False,True,False,Completed
TXN-0001225,RCP-00001225,PH-001,REG-01,EMP-0019,CUS-03838,2026-05-25 10:23:14,Sale,68.22,6.68,5.07,66.61,Gift Card,2,False,True,False,Completed
TXN-0001226,RCP-00001226,PH-002,REG-01,EMP-0038,,2026-06-23 18:30:13,Sale,263.57,9.45,20.97,275.09,Credit Card,6,False,False,False,Completed
TXN-0001227,RCP-00001227,PH-004,REG-03,EMP-0083,,2026-06-19 16:36:21,Sale,47.63,4.76,3.54,46.41,Credit Card,1,False,False,False,Completed
TXN-0001228,RCP-00001228,PH-003,REG-03,EMP-0058,,2026-05-13 09:30:38,Sale,59.79,7.27,4.33,56.85,Credit Card,2,False,False,False,Completed
TXN-0001229,RCP-00001229,PH-003,REG-02,EMP-0056,CUS-03167,2026-07-27 09:25:59,Sale,284.1,1.25,23.35,306.2,Credit Card,5,False,True,False,Completed
TXN-0001230,RCP-00001230,PH-005,REG-04,EMP-0104,CUS-04153,2026-07-05 17:06:40,Sale,37.67,0,3.11,40.78,Credit Card,3,False,True,False,Completed
TXN-0001231,RCP-00001231,PH-005,REG-06,EMP-0104,CUS-02582,2026-06-11 20:58:25,Sale,187.08,4.0,15.1,198.18,Debit Card,6,False,True,False,Completed
TXN-0001232,RCP-00001232,PH-005,REG-06,EMP-0108,CUS-03888,2026-06-12 16:15:54,Sale,142.06,0,11.73,153.79,Debit Card,3,False,True,False,Completed
TXN-0001233,RCP-00001233,PH-004,REG-01,EMP-0068,CUS-00291,2026-05-21 12:35:56,Sale,278.32,0,22.96,301.28,Credit Card,3,False,True,False,Completed
TXN-0001234,RCP-00001234,PH-005,REG-01,EMP-0101,CUS-03511,2026-06-18 19:24:10,Sale,260.54,11.15,20.56,269.95,Credit Card,9,False,True,False,Completed
TXN-0001235,RCP-00001235,PH-005,REG-06,EMP-0101,CUS-01311,2026-06-28 18:05:08,Sale,155.38,0,12.82,168.2,Credit Card,5,False,True,False,Completed
TXN-0001236,RCP-00001236,PH-003,REG-03,EMP-0062,,2026-07-02 09:01:35,Sale,282.08,1.71,23.13,303.5,Credit Card,5,False,False,False,Completed
TXN-0001237,RCP-00001237,PH-003,REG-04,EMP-0057,,2026-05-29 21:39:45,Sale,239.67,23.59,17.83,233.91,Debit Card,5,False,False,False,Completed
TXN-0001238,RCP-00001238,PH-004,REG-01,EMP-0086,,2026-07-09 19:39:03,Sale,102.24,0.35,8.4,110.29,Cash,6,False,False,False,Completed
TXN-0001239,RCP-00001239,PH-002,REG-06,EMP-0039,CUS-04619,2026-05-03 21:48:52,Sale,47.02,0,3.88,50.9,Credit Card,1,False,True,False,Completed
TXN-0001240,RCP-00001240,PH-005,REG-03,EMP-0102,CUS-04597,2026-06-11 10:34:15,Sale,389.89,5.78,31.71,415.82,Cash,7,False,True,False,Completed
TXN-0001241,RCP-00001241,PH-003,REG-05,EMP-0047,,2026-05-15 20:53:59,Sale,114.56,0,9.46,124.02,Credit Card,3,False,False,False,Completed
TXN-0001242,RCP-00001242,PH-004,REG-02,EMP-0081,CUS-00874,2026-06-05 20:32:24,Sale,118.16,0,9.75,127.91,Debit Card,3,False,True,False,Completed
TXN-0001243,RCP-00001243,PH-004,REG-01,EMP-0085,CUS-04152,2026-05-19 11:16:22,Sale,283.98,4.64,23.05,302.39,Credit Card,4,False,True,False,Completed
TXN-0001244,RCP-00001244,PH-001,REG-03,EMP-0003,CUS-02781,2026-05-26 21:00:11,Sale,289.42,7.15,23.28,305.55,Cash,4,False,True,False,Completed
TXN-0001245,RCP-00001245,PH-005,REG-06,EMP-0103,CUS-00544,2026-07-04 19:45:43,Sale,79.97,0,6.6,86.57,Debit Card,2,False,True,False,Completed
TXN-0001246,RCP-00001246,PH-001,REG-03,EMP-0017,CUS-01918,2026-07-02 08:58:32,Sale,137.49,0,11.35,148.84,Credit Card,4,False,True,False,Completed
TXN-0001247,RCP-00001247,PH-001,REG-01,EMP-0006,CUS-02384,2026-05-12 19:43:52,Sale,338.96,2.85,27.74,363.85,Credit Card,9,False,True,False,Completed
TXN-0001248,RCP-00001248,PH-001,REG-01,EMP-0016,CUS-01350,2026-05-10 16:26:25,Sale,37.85,0,3.12,40.97,Debit Card,1,False,True,False,Completed
TXN-0001249,RCP-00001249,PH-003,REG-05,EMP-0060,CUS-00886,2026-06-25 15:51:45,Sale,140.26,6.58,11.03,144.71,Credit Card,4,False,True,False,Completed
TXN-0001250,RCP-00001250,PH-003,REG-02,EMP-0064,CUS-04331,2026-06-12 11:23:28,Sale,196.2,0,16.19,212.39,Debit Card,4,False,True,False,Completed
TXN-0001251,RCP-00001251,PH-001,REG-03,EMP-0017,CUS-03623,2026-07-25 19:41:52,Sale,165.86,6.07,13.18,172.97,Credit Card,6,False,True,False,Completed
TXN-0001252,RCP-00001252,PH-005,REG-04,EMP-0091,,2026-07-13 08:25:15,Sale,160.78,9.54,12.48,163.72,Cash,5,False,False,False,Completed
TXN-0001253,RCP-00001253,PH-004,REG-03,EMP-0084,CUS-04043,2026-06-25 11:52:37,Sale,375.46,23.72,29.02,380.76,Debit Card,7,False,True,False,Completed
TXN-0001254,RCP-00001254,PH-004,REG-01,EMP-0080,CUS-01584,2026-06-17 12:55:16,Sale,218.98,23.99,16.09,211.08,Cash,3,False,True,False,Completed
TXN-0001255,RCP-00001255,PH-003,REG-05,EMP-0057,CUS-00234,2026-06-26 13:16:30,Sale,307.09,0.56,25.29,331.82,Cash,9,False,True,False,Completed
TXN-0001256,RCP-00001256,PH-005,REG-01,EMP-0089,CUS-01507,2026-07-01 08:21:24,Sale,290.89,1.96,23.83,312.76,Debit Card,9,False,True,False,Completed
TXN-0001257,RCP-00001257,PH-002,REG-06,EMP-0024,CUS-03040,2026-05-05 18:24:53,Sale,65.74,22.99,3.52,46.27,Credit Card,3,False,True,True,Completed
TXN-0001258,RCP-00001258,PH-002,REG-01,EMP-0023,CUS-01042,2026-07-12 19:36:23,Sale,426.8,24.17,33.21,435.84,Credit Card,8,False,True,True,Completed
TXN-0001259,RCP-00001259,PH-005,REG-01,EMP-0090,CUS-04678,2026-07-03 12:44:45,Sale,42.88,0,3.54,46.42,Cash,2,False,True,False,Completed
TXN-0001260,RCP-00001260,PH-003,REG-02,EMP-0064,CUS-03564,2026-05-28 20:58:13,Sale,152.71,25.25,10.52,137.98,Cash,5,False,True,True,Completed
TXN-0001261,RCP-00001261,PH-005,REG-01,EMP-0102,,2026-05-21 17:29:08,Sale,215.54,0,17.79,233.33,Credit Card,4,False,False,False,Completed
TXN-0001262,RCP-00001262,PH-003,REG-01,EMP-0056,CUS-01353,2026-06-26 15:08:20,Sale,62.16,1.54,5.0,65.62,Gift Card,3,False,True,False,Completed
TXN-0001263,RCP-00001263,PH-002,REG-04,EMP-0042,CUS-00370,2026-07-19 19:09:34,Sale,173.52,18.86,12.75,167.41,Credit Card,4,False,True,True,Completed
TXN-0001264,RCP-00001264,PH-005,REG-01,EMP-0089,CUS-03560,2026-05-07 12:57:30,Sale,219.78,9.56,17.35,227.57,Cash,6,False,True,False,Completed
TXN-0001265,RCP-00001265,PH-005,REG-05,EMP-0107,CUS-02120,2026-06-03 19:09:02,Sale,50.28,0,4.15,54.43,Credit Card,3,False,True,False,Completed
TXN-0001266,RCP-00001266,PH-003,REG-03,EMP-0057,CUS-02465,2026-07-31 08:16:56,Sale,209.97,3.92,17.0,223.05,Split Payment,7,False,True,False,Completed
TXN-0001267,RCP-00001267,PH-002,REG-04,EMP-0037,CUS-00029,2026-06-12 17:52:58,Sale,218.97,1.51,17.93,235.39,Cash,6,False,True,False,Completed
TXN-0001268,RCP-00001268,PH-002,REG-01,EMP-0037,CUS-03022,2026-05-25 09:05:27,Sale,206.98,73.85,10.99,144.12,Debit Card,2,False,True,True,Completed
TXN-0001269,RCP-00001269,PH-001,REG-04,EMP-0001,CUS-02992,2026-06-04 14:52:18,Sale,333.45,0,27.52,360.97,Credit Card,6,False,True,False,Completed
TXN-0001270,RCP-00001270,PH-003,REG-04,EMP-0045,CUS-01996,2026-07-27 15:25:19,Sale,105.88,0,8.74,114.62,Debit Card,2,False,True,False,Completed
TXN-0001271,RCP-00001271,PH-005,REG-05,EMP-0101,,2026-05-23 17:56:11,Sale,90.98,0,7.5,98.48,Credit Card,2,False,False,False,Completed
TXN-0001272,RCP-00001272,PH-002,REG-01,EMP-0038,CUS-02374,2026-06-18 17:49:18,Sale,19.74,0,1.63,21.37,Credit Card,1,False,True,False,Completed
TXN-0001273,RCP-00001273,PH-001,REG-06,EMP-0015,CUS-00370,2026-05-06 15:34:27,Sale,138.92,0,11.46,150.38,Cash,3,False,True,False,Completed
TXN-0001274,RCP-00001274,PH-001,REG-02,EMP-0016,,2026-07-01 18:25:06,Sale,393.82,0,32.49,426.31,Credit Card,6,False,False,False,Completed
TXN-0001275,RCP-00001275,PH-004,REG-03,EMP-0081,CUS-04976,2026-06-07 19:21:27,Sale,265.76,0,21.94,287.7,Debit Card,9,False,True,False,Completed
TXN-0001276,RCP-00001276,PH-005,REG-01,EMP-0101,,2026-07-10 10:27:06,Sale,395.43,5.42,32.17,422.18,Cash,6,False,False,False,Completed
TXN-0001277,RCP-00001277,PH-005,REG-02,EMP-0103,CUS-04659,2026-06-22 11:34:43,Sale,77.02,0,6.35,83.37,Debit Card,3,False,True,False,Completed
TXN-0001278,RCP-00001278,PH-005,REG-01,EMP-0101,CUS-02430,2026-07-07 18:48:01,Sale,253.75,5.7,20.46,268.51,Debit Card,5,False,True,False,Completed
TXN-0001279,RCP-00001279,PH-003,REG-02,EMP-0057,,2026-07-22 18:30:57,Sale,84.96,4.86,6.61,86.71,Debit Card,3,False,False,False,Completed
TXN-0001280,RCP-00001280,PH-004,REG-01,EMP-0085,CUS-02156,2026-06-25 19:14:21,Sale,240.43,41.42,16.42,215.43,Credit Card,2,False,True,False,Completed
TXN-0001281,RCP-00001281,PH-001,REG-05,EMP-0003,CUS-02272,2026-06-27 19:38:20,Sale,97.43,2.35,7.84,102.92,Cash,3,False,True,False,Completed
TXN-0001282,RCP-00001282,PH-005,REG-06,EMP-0104,CUS-01628,2026-06-12 11:56:05,Sale,5.69,0,0.47,6.16,Credit Card,1,False,True,False,Completed
TXN-0001283,RCP-00001283,PH-003,REG-01,EMP-0063,,2026-06-13 08:46:46,Sale,272.35,7.72,21.83,286.46,Debit Card,5,False,False,False,Completed
TXN-0001284,RCP-00001284,PH-002,REG-06,EMP-0037,CUS-04348,2026-07-02 16:27:00,Sale,55.35,0,4.56,59.91,Cash,3,False,True,False,Completed
TXN-0001285,RCP-00001285,PH-001,REG-06,EMP-0019,CUS-00244,2026-06-16 14:40:37,Sale,614.94,8.86,50.02,656.1,Credit Card,10,False,True,False,Completed
TXN-0001286,RCP-00001286,PH-003,REG-02,EMP-0061,CUS-02814,2026-05-13 08:25:09,Sale,203.88,0.35,16.79,220.32,Debit Card,5,False,True,False,Completed
TXN-0001287,RCP-00001287,PH-003,REG-03,EMP-0060,CUS-03271,2026-06-07 14:59:59,Sale,109.71,0,9.05,118.76,Credit Card,2,False,True,False,Completed
TXN-0001288,RCP-00001288,PH-002,REG-05,EMP-0039,CUS-01369,2026-06-19 18:21:01,Sale,158.42,2.84,12.83,168.41,Credit Card,4,False,True,False,Completed
TXN-0001289,RCP-00001289,PH-001,REG-03,EMP-0020,CUS-04838,2026-06-04 20:18:43,Sale,276.63,0,22.82,299.45,Debit Card,4,False,True,False,Completed
TXN-0001290,RCP-00001290,PH-004,REG-02,EMP-0067,,2026-06-14 20:48:27,Sale,73.09,0,6.03,79.12,Credit Card,3,False,False,False,Completed
TXN-0001291,RCP-00001291,PH-002,REG-04,EMP-0023,,2026-07-16 20:32:41,Sale,46.82,0,3.86,50.68,Split Payment,1,False,False,False,Completed
TXN-0001292,RCP-00001292,PH-004,REG-01,EMP-0082,CUS-04540,2026-06-19 08:16:49,Sale,313.94,5.11,25.47,334.3,Credit Card,8,False,True,False,Completed
TXN-0001293,RCP-00001293,PH-004,REG-04,EMP-0085,CUS-00246,2026-07-27 16:43:28,Sale,99.76,0,8.22,107.98,Credit Card,4,False,True,False,Completed
TXN-0001294,RCP-00001294,PH-004,REG-05,EMP-0078,,2026-07-27 11:27:53,Sale,177.66,0,14.65,192.31,Cash,6,False,False,False,Completed
TXN-0001295,RCP-00001295,PH-005,REG-04,EMP-0100,CUS-00227,2026-07-01 08:32:09,Sale,122.87,0,10.14,133.01,Debit Card,3,False,True,False,Completed
TXN-0001296,RCP-00001296,PH-003,REG-06,EMP-0046,CUS-01098,2026-06-22 19:45:45,Sale,219.67,8.09,17.45,229.03,Debit Card,6,False,True,False,Completed
TXN-0001297,RCP-00001297,PH-003,REG-06,EMP-0057,CUS-01070,2026-07-15 20:45:43,Sale,65.02,0,5.36,70.38,Debit Card,2,False,True,False,Completed
TXN-0001298,RCP-00001298,PH-002,REG-01,EMP-0039,,2026-06-06 18:19:03,Sale,158.45,0,13.07,171.52,Credit Card,6,False,False,False,Completed
TXN-0001299,RCP-00001299,PH-002,REG-03,EMP-0034,,2026-07-12 11:31:13,Sale,198.59,3.82,16.05,210.82,Credit Card,7,False,False,False,Completed
TXN-0001300,RCP-00001300,PH-002,REG-01,EMP-0023,CUS-00391,2026-07-05 16:28:01,Sale,205.59,4.13,16.63,218.09,Cash,4,False,True,False,Completed
TXN-0001301,RCP-00001301,PH-004,REG-05,EMP-0081,,2026-06-10 13:16:23,Sale,298.33,3.4,24.35,319.28,Debit Card,6,False,False,False,Completed
TXN-0001302,RCP-00001302,PH-003,REG-01,EMP-0062,CUS-00513,2026-07-23 19:41:25,Sale,267.39,16.72,20.69,271.36,Credit Card,4,False,True,False,Completed
TXN-0001303,RCP-00001303,PH-003,REG-01,EMP-0047,CUS-00079,2026-07-23 14:53:56,Sale,357.17,14.07,28.31,371.41,Debit Card,8,False,True,False,Completed
TXN-0001304,RCP-00001304,PH-002,REG-04,EMP-0036,,2026-06-08 18:01:47,Sale,295.21,8.56,23.65,310.3,Debit Card,3,False,False,False,Completed
TXN-0001305,RCP-00001305,PH-004,REG-01,EMP-0084,CUS-01074,2026-05-23 08:09:45,Sale,288.42,0.89,23.72,311.25,Debit Card,5,False,True,False,Completed
TXN-0001306,RCP-00001306,PH-005,REG-03,EMP-0108,CUS-04654,2026-06-20 15:34:07,Sale,366.01,18.54,28.66,376.13,Credit Card,4,False,True,False,Completed
TXN-0001307,RCP-00001307,PH-003,REG-02,EMP-0047,CUS-00924,2026-06-17 13:22:12,Sale,115.15,17.98,8.02,105.19,Cash,6,False,True,True,Completed
TXN-0001308,RCP-00001308,PH-004,REG-05,EMP-0081,,2026-05-22 15:13:10,Sale,155.49,0,12.84,168.33,Credit Card,4,False,False,False,Completed
TXN-0001309,RCP-00001309,PH-002,REG-05,EMP-0024,CUS-02834,2026-07-30 08:03:37,Sale,93.0,3.05,7.42,97.37,Debit Card,4,False,True,False,Completed
TXN-0001310,RCP-00001310,PH-005,REG-01,EMP-0091,CUS-01824,2026-06-08 21:31:35,Sale,88.63,0,7.31,95.94,Debit Card,2,False,True,False,Completed
TXN-0001311,RCP-00001311,PH-005,REG-01,EMP-0101,CUS-04990,2026-07-28 08:18:42,Sale,62.72,0,5.18,67.9,Credit Card,4,False,True,False,Completed
TXN-0001312,RCP-00001312,PH-005,REG-05,EMP-0106,CUS-02005,2026-05-10 15:51:06,Sale,208.71,32.47,14.53,190.77,Debit Card,5,False,True,True,Completed
TXN-0001313,RCP-00001313,PH-002,REG-06,EMP-0038,,2026-06-20 16:15:24,Sale,446.31,0,36.82,483.13,Credit Card,7,False,False,False,Completed
TXN-0001314,RCP-00001314,PH-005,REG-02,EMP-0103,CUS-01458,2026-05-21 10:10:01,Sale,202.86,0,16.73,219.59,Debit Card,5,False,True,False,Completed
TXN-0001315,RCP-00001315,PH-004,REG-03,EMP-0085,CUS-04581,2026-05-31 20:38:55,Sale,211.02,0,17.42,228.44,Credit Card,5,False,True,False,Completed
TXN-0001316,RCP-00001316,PH-002,REG-01,EMP-0041,CUS-00877,2026-06-11 08:02:04,Sale,221.62,3.85,17.96,235.73,Credit Card,5,False,True,False,Completed
TXN-0001317,RCP-00001317,PH-001,REG-06,EMP-0013,CUS-00386,2026-06-13 20:40:17,Sale,321.68,41.45,23.12,303.35,Cash,4,False,True,False,Completed
TXN-0001318,RCP-00001318,PH-003,REG-04,EMP-0047,,2026-05-07 21:04:07,Sale,9.97,0,0.82,10.79,Debit Card,1,False,False,False,Completed
TXN-0001319,RCP-00001319,PH-005,REG-03,EMP-0100,CUS-03595,2026-07-18 08:12:36,Sale,153.45,15.37,11.39,149.47,Cash,4,False,True,False,Completed
TXN-0001320,RCP-00001320,PH-005,REG-05,EMP-0106,CUS-01305,2026-07-10 11:21:59,Sale,168.52,0,13.91,182.43,Credit Card,4,False,True,False,Completed
TXN-0001321,RCP-00001321,PH-001,REG-01,EMP-0013,CUS-01569,2026-07-27 15:35:12,Sale,161.58,1.39,13.22,173.41,Credit Card,6,False,True,False,Completed
TXN-0001322,RCP-00001322,PH-002,REG-02,EMP-0042,CUS-01918,2026-05-03 15:13:58,Sale,211.52,10.94,16.55,217.13,Debit Card,4,False,True,False,Completed
TXN-0001323,RCP-00001323,PH-003,REG-03,EMP-0045,CUS-02438,2026-07-09 15:20:20,Sale,243.42,0,20.08,263.5,Debit Card,5,False,True,False,Completed
TXN-0001324,RCP-00001324,PH-001,REG-06,EMP-0017,CUS-01305,2026-06-01 13:57:11,Sale,159.32,3.03,12.9,169.19,Cash,4,False,True,False,Completed
TXN-0001325,RCP-00001325,PH-004,REG-04,EMP-0083,CUS-04962,2026-06-19 15:04:51,Sale,156.83,1.36,12.81,168.28,Credit Card,5,False,True,False,Completed
TXN-0001326,RCP-00001326,PH-004,REG-06,EMP-0067,CUS-04646,2026-05-01 13:56:58,Sale,180.57,0,14.89,195.46,Credit Card,2,False,True,False,Completed
TXN-0001327,RCP-00001327,PH-005,REG-02,EMP-0089,CUS-00943,2026-05-26 08:28:42,Sale,220.26,2.34,17.98,235.9,Credit Card,3,False,True,False,Completed
TXN-0001328,RCP-00001328,PH-001,REG-04,EMP-0013,CUS-04317,2026-05-12 18:37:10,Sale,173.06,0,14.28,187.34,Cash,4,False,True,False,Completed
TXN-0001329,RCP-00001329,PH-003,REG-05,EMP-0046,CUS-00255,2026-05-06 11:52:30,Sale,194.22,5.79,15.54,203.97,Debit Card,6,False,True,False,Completed
TXN-0001330,RCP-00001330,PH-004,REG-03,EMP-0067,CUS-04877,2026-05-14 13:01:51,Sale,158.72,1.38,12.98,170.32,Split Payment,5,False,True,False,Completed
TXN-0001331,RCP-00001331,PH-004,REG-03,EMP-0086,CUS-03358,2026-05-08 17:03:37,Sale,223.44,6.93,17.87,234.38,Credit Card,4,False,True,False,Completed
TXN-0001332,RCP-00001332,PH-005,REG-05,EMP-0107,CUS-04388,2026-05-20 17:07:51,Sale,339.22,4.3,27.62,362.54,Credit Card,5,False,True,False,Completed
TXN-0001333,RCP-00001333,PH-001,REG-06,EMP-0016,CUS-03475,2026-07-22 11:53:47,Sale,108.14,0.09,8.91,116.96,Debit Card,5,False,True,False,Completed
TXN-0001334,RCP-00001334,PH-002,REG-04,EMP-0038,CUS-03126,2026-05-31 21:34:31,Sale,55.51,2.26,4.39,57.64,Credit Card,3,False,True,False,Completed
TXN-0001335,RCP-00001335,PH-001,REG-03,EMP-0012,CUS-03574,2026-07-07 08:25:33,Sale,19.48,0,1.61,21.09,Credit Card,3,False,True,False,Completed
TXN-0001336,RCP-00001336,PH-004,REG-04,EMP-0068,CUS-02453,2026-06-18 09:10:52,Sale,392.52,17.01,30.97,406.48,Debit Card,6,False,True,False,Completed
TXN-0001337,RCP-00001337,PH-002,REG-04,EMP-0024,CUS-00629,2026-05-18 20:01:31,Sale,155.48,0,12.83,168.31,Debit Card,5,False,True,False,Completed
TXN-0001338,RCP-00001338,PH-004,REG-01,EMP-0086,CUS-04452,2026-05-05 12:04:58,Sale,433.89,8.66,35.08,460.31,Debit Card,6,False,True,False,Completed
TXN-0001339,RCP-00001339,PH-002,REG-06,EMP-0024,CUS-00350,2026-05-06 08:28:14,Sale,103.12,5.15,8.09,106.06,Debit Card,3,False,True,False,Completed
TXN-0001340,RCP-00001340,PH-003,REG-03,EMP-0061,CUS-00960,2026-06-29 17:03:23,Sale,172.35,14.42,13.03,170.96,Debit Card,4,False,True,False,Completed
TXN-0001341,RCP-00001341,PH-004,REG-04,EMP-0086,CUS-04082,2026-05-24 16:04:01,Sale,184.23,4.94,14.79,194.08,Debit Card,7,False,True,False,Completed
TXN-0001342,RCP-00001342,PH-001,REG-01,EMP-0013,CUS-04267,2026-05-08 21:50:46,Sale,32.73,3.27,2.43,31.89,Credit Card,1,False,True,False,Completed
TXN-0001343,RCP-00001343,PH-002,REG-03,EMP-0024,CUS-00659,2026-07-20 11:32:43,Sale,59.55,10.03,4.09,53.61,Cash,2,False,True,False,Completed
TXN-0001344,RCP-00001344,PH-002,REG-02,EMP-0037,CUS-01745,2026-05-17 11:42:31,Sale,49.58,0,4.09,53.67,Credit Card,1,False,True,False,Completed
TXN-0001345,RCP-00001345,PH-003,REG-03,EMP-0047,CUS-03472,2026-07-19 15:11:54,Sale,168.42,0,13.89,182.31,Cash,4,False,True,False,Completed
TXN-0001346,RCP-00001346,PH-005,REG-05,EMP-0107,,2026-05-22 12:43:17,Sale,213.23,3.02,17.34,227.55,Credit Card,7,False,False,False,Completed
TXN-0001347,RCP-00001347,PH-001,REG-04,EMP-0017,CUS-01889,2026-07-19 08:52:50,Sale,154.27,0,12.73,167.0,Gift Card,3,False,True,False,Completed
TXN-0001348,RCP-00001348,PH-002,REG-04,EMP-0034,CUS-02079,2026-06-11 16:12:10,Sale,174.49,0.59,14.33,188.23,Cash,6,False,True,False,Completed
TXN-0001349,RCP-00001349,PH-001,REG-02,EMP-0015,CUS-00712,2026-06-04 15:06:52,Sale,146.34,7.27,11.48,150.55,Credit Card,4,False,True,False,Completed
TXN-0001350,RCP-00001350,PH-002,REG-04,EMP-0025,CUS-00681,2026-05-03 18:40:41,Sale,104.12,0,8.59,112.71,Cash,3,False,True,False,Completed
TXN-0001351,RCP-00001351,PH-004,REG-02,EMP-0067,CUS-03385,2026-05-23 08:48:30,Sale,191.32,11.54,14.83,194.61,Cash,5,False,True,False,Completed
TXN-0001352,RCP-00001352,PH-002,REG-01,EMP-0025,CUS-03184,2026-07-30 15:23:12,Sale,49.17,0.73,3.99,52.43,Cash,2,False,True,False,Completed
TXN-0001353,RCP-00001353,PH-002,REG-01,EMP-0040,CUS-03212,2026-07-21 13:49:12,Sale,490.7,36.22,37.51,491.99,Cash,9,False,True,True,Completed
TXN-0001354,RCP-00001354,PH-002,REG-06,EMP-0034,CUS-00176,2026-07-07 12:39:29,Sale,87.84,0,7.24,95.08,Credit Card,2,False,True,False,Completed
TXN-0001355,RCP-00001355,PH-003,REG-04,EMP-0047,CUS-03449,2026-05-16 16:56:53,Sale,209.44,8.8,16.56,217.2,Cash,5,False,True,False,Completed
TXN-0001356,RCP-00001356,PH-005,REG-03,EMP-0089,CUS-01266,2026-05-30 17:30:43,Sale,474.84,0,39.17,514.01,Credit Card,5,False,True,False,Completed
TXN-0001357,RCP-00001357,PH-002,REG-05,EMP-0038,CUS-01464,2026-05-17 15:05:16,Sale,115.9,0,9.56,125.46,Gift Card,3,False,True,False,Completed
TXN-0001358,RCP-00001358,PH-002,REG-04,EMP-0041,,2026-05-09 15:59:59,Sale,103.35,0,8.52,111.87,Credit Card,3,False,False,False,Completed
TXN-0001359,RCP-00001359,PH-002,REG-01,EMP-0041,CUS-03049,2026-06-15 10:09:53,Sale,63.7,0,5.25,68.95,Debit Card,2,False,True,False,Completed
TXN-0001360,RCP-00001360,PH-002,REG-03,EMP-0039,CUS-01420,2026-06-25 13:52:28,Sale,136.73,0,11.28,148.01,Credit Card,4,False,True,False,Completed
TXN-0001361,RCP-00001361,PH-002,REG-05,EMP-0037,,2026-05-20 08:23:24,Sale,139.28,1.89,11.33,148.72,Credit Card,5,False,False,False,Completed
TXN-0001362,RCP-00001362,PH-001,REG-06,EMP-0014,CUS-04545,2026-07-14 10:52:53,Sale,92.72,0,7.65,100.37,Gift Card,2,False,True,False,Completed
TXN-0001363,RCP-00001363,PH-004,REG-04,EMP-0085,CUS-04520,2026-05-12 10:17:31,Sale,171.02,0,14.1,185.12,Cash,3,False,True,False,Completed
TXN-0001364,RCP-00001364,PH-003,REG-04,EMP-0064,CUS-02721,2026-06-10 17:48:17,Sale,327.0,0,26.97,353.97,Credit Card,7,False,True,False,Completed
TXN-0001365,RCP-00001365,PH-001,REG-05,EMP-0015,CUS-04055,2026-06-03 20:54:52,Sale,36.69,0,3.03,39.72,Debit Card,2,False,True,False,Completed
TXN-0001366,RCP-00001366,PH-001,REG-06,EMP-0003,,2026-07-10 08:40:05,Sale,202.05,10.07,15.85,207.83,Credit Card,5,False,False,False,Completed
TXN-0001367,RCP-00001367,PH-004,REG-02,EMP-0085,CUS-00270,2026-05-27 19:27:08,Sale,78.14,0,6.44,84.58,Debit Card,2,False,True,False,Completed
TXN-0001368,RCP-00001368,PH-004,REG-05,EMP-0085,CUS-02486,2026-05-04 12:10:50,Sale,42.83,0,3.53,46.36,Gift Card,1,False,True,False,Completed
TXN-0001369,RCP-00001369,PH-003,REG-01,EMP-0057,,2026-07-17 08:49:01,Sale,287.06,13.15,22.59,296.5,Cash,7,False,False,False,Completed
TXN-0001370,RCP-00001370,PH-002,REG-05,EMP-0041,CUS-00134,2026-05-10 14:53:38,Sale,129.32,3.16,10.41,136.57,Debit Card,5,False,True,False,Completed
TXN-0001371,RCP-00001371,PH-005,REG-01,EMP-0091,CUS-02658,2026-07-25 10:26:41,Sale,128.73,1.36,10.51,137.88,Credit Card,4,False,True,False,Completed
TXN-0001372,RCP-00001372,PH-004,REG-03,EMP-0078,CUS-01645,2026-06-25 11:07:15,Sale,466.06,2.22,38.26,502.1,Credit Card,6,False,True,False,Completed
TXN-0001373,RCP-00001373,PH-001,REG-06,EMP-0017,CUS-00783,2026-07-01 15:44:52,Sale,72.32,3.61,5.67,74.38,Debit Card,2,False,True,False,Completed
TXN-0001374,RCP-00001374,PH-002,REG-01,EMP-0040,,2026-05-15 12:58:35,Sale,159.61,1.3,13.06,171.37,Credit Card,6,False,False,False,Completed
TXN-0001375,RCP-00001375,PH-001,REG-03,EMP-0003,CUS-03373,2026-06-09 13:25:04,Sale,302.44,11.5,24.01,314.95,Credit Card,6,False,True,False,Completed
TXN-0001376,RCP-00001376,PH-005,REG-06,EMP-0108,CUS-02758,2026-05-03 18:17:17,Sale,240.64,5.45,19.4,254.59,Debit Card,6,False,True,False,Completed
TXN-0001377,RCP-00001377,PH-002,REG-06,EMP-0035,CUS-03474,2026-05-10 20:14:44,Sale,223.08,25.92,16.28,213.44,Credit Card,7,False,True,True,Completed
TXN-0001378,RCP-00001378,PH-001,REG-04,EMP-0018,CUS-01713,2026-07-30 10:53:38,Sale,210.66,5.56,16.93,222.03,Credit Card,5,False,True,False,Completed
TXN-0001379,RCP-00001379,PH-005,REG-03,EMP-0091,CUS-01211,2026-07-12 18:34:12,Sale,312.02,1.88,25.58,335.72,Cash,5,False,True,False,Completed
TXN-0001380,RCP-00001380,PH-001,REG-04,EMP-0013,CUS-00189,2026-07-04 13:27:23,Sale,214.26,24.62,15.64,205.28,Credit Card,4,False,True,False,Completed
TXN-0001381,RCP-00001381,PH-005,REG-01,EMP-0108,,2026-06-20 09:56:17,Sale,119.47,0,9.85,129.32,Cash,4,False,False,False,Completed
TXN-0001382,RCP-00001382,PH-001,REG-02,EMP-0019,CUS-00167,2026-06-22 13:29:02,Sale,131.26,6.68,10.28,134.86,Credit Card,4,False,True,False,Completed
TXN-0001383,RCP-00001383,PH-005,REG-01,EMP-0104,CUS-04068,2026-06-10 20:20:04,Sale,368.93,12.66,29.39,385.66,Cash,9,False,True,False,Completed
TXN-0001384,RCP-00001384,PH-002,REG-06,EMP-0036,,2026-05-06 18:16:45,Sale,233.87,0,19.29,253.16,Credit Card,4,False,False,False,Completed
TXN-0001385,RCP-00001385,PH-001,REG-03,EMP-0006,CUS-03814,2026-05-02 11:55:28,Sale,128.18,0,10.56,138.74,Credit Card,5,False,True,False,Completed
TXN-0001386,RCP-00001386,PH-003,REG-05,EMP-0046,CUS-00360,2026-06-13 13:57:14,Sale,275.96,0,22.77,298.73,Credit Card,2,False,True,False,Completed
TXN-0001387,RCP-00001387,PH-005,REG-02,EMP-0091,CUS-03322,2026-05-07 10:23:22,Sale,80.1,0,6.6,86.7,Debit Card,3,False,True,False,Completed
TXN-0001388,RCP-00001388,PH-002,REG-01,EMP-0039,CUS-01221,2026-07-18 10:23:16,Sale,148.4,7.26,11.64,152.78,Debit Card,7,False,True,False,Completed
TXN-0001389,RCP-00001389,PH-005,REG-06,EMP-0101,CUS-00794,2026-05-18 16:12:08,Sale,342.55,8.92,27.53,361.16,Credit Card,7,False,True,False,Completed
TXN-0001390,RCP-00001390,PH-005,REG-03,EMP-0106,,2026-07-08 18:08:30,Sale,304.54,0,25.13,329.67,Credit Card,6,False,False,False,Completed
TXN-0001391,RCP-00001391,PH-003,REG-01,EMP-0061,CUS-03061,2026-05-23 09:13:10,Sale,430.95,12.83,34.5,452.62,Cash,5,False,True,False,Completed
TXN-0001392,RCP-00001392,PH-005,REG-04,EMP-0104,CUS-03999,2026-06-16 17:39:38,Sale,116.33,0,9.6,125.93,Credit Card,4,False,True,False,Completed
TXN-0001393,RCP-00001393,PH-001,REG-04,EMP-0001,CUS-03259,2026-07-22 21:15:11,Sale,474.41,0,39.13,513.54,Credit Card,6,False,True,False,Completed
TXN-0001394,RCP-00001394,PH-005,REG-02,EMP-0091,CUS-04012,2026-06-12 16:04:24,Sale,23.36,0,1.93,25.29,Credit Card,2,False,True,False,Completed
TXN-0001395,RCP-00001395,PH-002,REG-04,EMP-0038,CUS-01152,2026-07-28 09:51:08,Sale,190.53,9.57,14.93,195.89,Credit Card,6,False,True,True,Completed
TXN-0001396,RCP-00001396,PH-001,REG-06,EMP-0015,,2026-05-13 19:24:32,Sale,379.27,10.63,30.41,399.05,Credit Card,5,False,False,False,Completed
TXN-0001397,RCP-00001397,PH-005,REG-05,EMP-0104,,2026-07-06 17:04:37,Sale,197.29,12.01,15.29,200.57,Debit Card,4,False,False,False,Completed
TXN-0001398,RCP-00001398,PH-002,REG-04,EMP-0041,CUS-01285,2026-06-17 14:45:40,Sale,107.89,9.27,8.13,106.75,Credit Card,3,False,True,False,Completed
TXN-0001399,RCP-00001399,PH-001,REG-05,EMP-0014,CUS-03976,2026-07-08 19:57:47,Sale,174.46,9.14,13.64,178.96,Cash,3,False,True,False,Completed
TXN-0001400,RCP-00001400,PH-004,REG-06,EMP-0068,CUS-02906,2026-05-15 17:19:21,Sale,286.45,49.08,19.58,256.95,Credit Card,5,False,True,True,Completed
TXN-0001401,RCP-00001401,PH-003,REG-02,EMP-0059,CUS-01298,2026-05-21 10:11:46,Sale,99.17,1.54,8.06,105.69,Credit Card,3,False,True,False,Completed
TXN-0001402,RCP-00001402,PH-002,REG-04,EMP-0024,CUS-02690,2026-07-13 08:30:40,Sale,169.46,6.54,13.44,176.36,Debit Card,5,False,True,False,Completed
TXN-0001403,RCP-00001403,PH-004,REG-04,EMP-0085,CUS-04689,2026-05-26 12:36:24,Sale,450.78,13.79,36.05,473.04,Cash,5,False,True,False,Completed
TXN-0001404,RCP-00001404,PH-004,REG-02,EMP-0069,CUS-02278,2026-07-25 17:39:10,Sale,108.79,0.1,8.97,117.66,Credit Card,6,False,True,False,Completed
TXN-0001405,RCP-00001405,PH-005,REG-06,EMP-0107,CUS-02526,2026-06-16 14:31:00,Sale,340.86,2.03,27.96,366.79,Debit Card,8,False,True,False,Completed
TXN-0001406,RCP-00001406,PH-003,REG-03,EMP-0059,CUS-01457,2026-05-12 10:55:27,Sale,82.9,4.64,6.45,84.71,Credit Card,3,False,True,False,Completed
TXN-0001407,RCP-00001407,PH-001,REG-05,EMP-0002,CUS-00237,2026-05-08 21:04:45,Sale,114.13,3.41,9.15,119.87,Gift Card,5,False,True,False,Completed
TXN-0001408,RCP-00001408,PH-001,REG-04,EMP-0017,CUS-01280,2026-07-09 18:16:59,Sale,318.64,3.69,25.99,340.94,Gift Card,5,False,True,False,Completed
TXN-0001409,RCP-00001409,PH-004,REG-04,EMP-0080,CUS-04462,2026-06-19 08:11:38,Sale,26.35,0,2.17,28.52,Gift Card,1,False,True,False,Completed
TXN-0001410,RCP-00001410,PH-003,REG-04,EMP-0059,CUS-04007,2026-07-20 20:59:11,Sale,480.17,33.49,36.85,483.53,Debit Card,10,False,True,True,Completed
TXN-0001411,RCP-00001411,PH-004,REG-06,EMP-0080,CUS-02708,2026-07-22 18:20:28,Sale,16.6,0,1.37,17.97,Cash,1,False,True,False,Completed
TXN-0001412,RCP-00001412,PH-005,REG-01,EMP-0102,CUS-03065,2026-05-07 19:18:53,Sale,260.06,18.56,19.93,261.43,Credit Card,9,False,True,True,Completed
TXN-0001413,RCP-00001413,PH-005,REG-06,EMP-0089,CUS-01279,2026-05-06 17:42:04,Sale,274.94,3.22,22.41,294.13,Credit Card,7,False,True,False,Completed
TXN-0001414,RCP-00001414,PH-004,REG-06,EMP-0081,CUS-04576,2026-05-28 15:23:03,Sale,103.66,0,8.54,112.2,Credit Card,3,False,True,False,Completed
TXN-0001415,RCP-00001415,PH-001,REG-05,EMP-0013,CUS-00831,2026-05-07 20:23:08,Sale,96.96,4.89,7.6,99.67,Cash,3,False,True,False,Completed
TXN-0001416,RCP-00001416,PH-002,REG-04,EMP-0034,,2026-06-14 10:21:26,Sale,81.7,3.64,6.44,84.5,Credit Card,3,False,False,False,Completed
TXN-0001417,RCP-00001417,PH-002,REG-02,EMP-0035,,2026-05-12 19:30:50,Sale,204.38,7.21,16.26,213.43,Credit Card,5,False,False,True,Completed
TXN-0001418,RCP-00001418,PH-002,REG-02,EMP-0036,CUS-03681,2026-05-02 18:50:30,Sale,196.05,26.82,13.97,183.2,Credit Card,4,False,True,False,Completed
TXN-0001419,RCP-00001419,PH-005,REG-06,EMP-0101,CUS-01131,2026-07-29 09:19:21,Sale,108.73,14.54,7.77,101.96,Credit Card,3,False,True,False,Completed
TXN-0001420,RCP-00001420,PH-005,REG-04,EMP-0107,CUS-04164,2026-06-07 10:38:52,Sale,120.95,5.64,9.51,124.82,Debit Card,5,False,True,False,Completed
TXN-0001421,RCP-00001421,PH-001,REG-04,EMP-0013,CUS-04368,2026-05-07 15:09:04,Sale,265.0,6.54,21.32,279.78,Credit Card,6,False,True,False,Completed
TXN-0001422,RCP-00001422,PH-003,REG-03,EMP-0064,,2026-06-30 17:20:11,Sale,63.89,1.25,5.16,67.8,Credit Card,2,False,False,False,Completed
TXN-0001423,RCP-00001423,PH-005,REG-04,EMP-0090,CUS-02348,2026-05-26 11:48:22,Sale,160.12,0,13.2,173.32,Gift Card,4,False,True,False,Completed
TXN-0001424,RCP-00001424,PH-004,REG-01,EMP-0080,,2026-07-06 12:17:47,Sale,39.33,0,3.25,42.58,Credit Card,2,False,False,False,Completed
TXN-0001425,RCP-00001425,PH-005,REG-01,EMP-0090,,2026-07-19 11:09:47,Sale,224.07,0,18.48,242.55,Credit Card,8,False,False,False,Completed
TXN-0001426,RCP-00001426,PH-003,REG-03,EMP-0057,,2026-05-26 16:18:02,Sale,249.48,0,20.57,270.05,Credit Card,7,False,False,False,Completed
TXN-0001427,RCP-00001427,PH-003,REG-05,EMP-0045,CUS-01740,2026-06-21 16:33:23,Sale,148.24,9.19,11.48,150.53,Credit Card,6,False,True,False,Completed
TXN-0001428,RCP-00001428,PH-005,REG-04,EMP-0091,CUS-04200,2026-05-16 10:09:30,Sale,259.01,0,21.37,280.38,Credit Card,6,False,True,False,Completed
TXN-0001429,RCP-00001429,PH-002,REG-05,EMP-0037,CUS-01004,2026-06-24 21:02:12,Sale,90.06,0,7.44,97.5,Credit Card,4,False,True,False,Completed
TXN-0001430,RCP-00001430,PH-003,REG-05,EMP-0057,CUS-04414,2026-07-05 11:25:19,Sale,37.62,0,3.1,40.72,Credit Card,2,False,True,False,Completed
TXN-0001431,RCP-00001431,PH-001,REG-03,EMP-0016,,2026-06-22 17:52:33,Sale,150.79,15.65,11.16,146.3,Cash,4,False,False,False,Completed
TXN-0001432,RCP-00001432,PH-003,REG-05,EMP-0045,CUS-01577,2026-05-14 13:01:57,Sale,113.76,0,9.38,123.14,Credit Card,2,False,True,False,Completed
TXN-0001433,RCP-00001433,PH-004,REG-03,EMP-0069,,2026-05-06 11:55:15,Sale,292.07,4.15,23.75,311.67,Debit Card,7,False,False,False,Completed
TXN-0001434,RCP-00001434,PH-004,REG-01,EMP-0083,CUS-03194,2026-05-07 16:51:32,Sale,101.49,1.87,8.23,107.85,Debit Card,6,False,True,False,Completed
TXN-0001435,RCP-00001435,PH-002,REG-01,EMP-0035,CUS-03860,2026-06-14 15:54:38,Sale,198.32,0,16.36,214.68,Cash,1,False,True,False,Completed
TXN-0001436,RCP-00001436,PH-001,REG-01,EMP-0012,,2026-07-09 10:30:02,Sale,155.57,7.91,12.19,159.85,Credit Card,6,False,False,False,Completed
TXN-0001437,RCP-00001437,PH-004,REG-05,EMP-0084,CUS-00066,2026-05-30 13:23:09,Sale,146.75,1.16,12.0,157.59,Credit Card,5,False,True,False,Completed
TXN-0001438,RCP-00001438,PH-003,REG-03,EMP-0047,CUS-02892,2026-07-15 19:25:06,Sale,145.73,1.97,11.87,155.63,Cash,7,False,True,False,Completed
TXN-0001439,RCP-00001439,PH-001,REG-01,EMP-0002,CUS-04005,2026-05-16 15:53:26,Sale,172.15,0,14.2,186.35,Credit Card,4,False,True,False,Completed
TXN-0001440,RCP-00001440,PH-003,REG-06,EMP-0063,CUS-03588,2026-05-16 15:26:23,Sale,115.08,8.64,8.77,115.21,Split Payment,4,False,True,False,Completed
TXN-0001441,RCP-00001441,PH-004,REG-02,EMP-0069,CUS-04692,2026-05-28 13:21:32,Sale,119.7,19.18,8.29,108.81,Debit Card,4,False,True,True,Completed
TXN-0001442,RCP-00001442,PH-002,REG-05,EMP-0023,CUS-04656,2026-07-09 14:28:28,Sale,103.54,5.34,8.09,106.29,Cash,5,False,True,False,Completed
TXN-0001443,RCP-00001443,PH-004,REG-06,EMP-0068,CUS-04553,2026-05-13 11:00:48,Sale,133.59,4.45,10.65,139.79,Credit Card,4,False,True,False,Completed
TXN-0001444,RCP-00001444,PH-005,REG-03,EMP-0100,CUS-01593,2026-06-15 15:32:01,Sale,271.78,0,22.41,294.19,Credit Card,4,False,True,False,Completed
TXN-0001445,RCP-00001445,PH-005,REG-02,EMP-0100,CUS-02145,2026-06-26 19:24:16,Sale,239.37,11.43,18.8,246.74,Cash,5,False,True,False,Completed
TXN-0001446,RCP-00001446,PH-001,REG-05,EMP-0002,CUS-04275,2026-06-14 20:13:34,Sale,33.03,0,2.73,35.76,Credit Card,2,False,True,False,Completed
TXN-0001447,RCP-00001447,PH-005,REG-03,EMP-0103,CUS-01917,2026-06-30 17:44:45,Sale,89.61,7.92,6.74,88.43,Debit Card,4,False,True,False,Completed
TXN-0001448,RCP-00001448,PH-004,REG-06,EMP-0083,,2026-06-30 20:59:56,Sale,83.87,9.38,6.15,80.64,Debit Card,4,False,False,False,Completed
TXN-0001449,RCP-00001449,PH-002,REG-04,EMP-0042,CUS-01920,2026-05-04 21:56:03,Sale,51.03,0,4.21,55.24,Credit Card,2,False,True,False,Completed
TXN-0001450,RCP-00001450,PH-004,REG-05,EMP-0069,,2026-06-10 15:44:05,Sale,173.52,0,14.31,187.83,Credit Card,6,False,False,False,Completed
TXN-0001451,RCP-00001451,PH-005,REG-01,EMP-0102,CUS-00531,2026-07-14 14:30:16,Sale,156.89,0,12.94,169.83,Credit Card,3,False,True,False,Completed
TXN-0001452,RCP-00001452,PH-001,REG-03,EMP-0013,CUS-02834,2026-07-24 13:26:53,Sale,208.06,0,17.16,225.22,Credit Card,5,False,True,False,Completed
TXN-0001453,RCP-00001453,PH-003,REG-05,EMP-0047,CUS-00104,2026-06-24 10:15:44,Sale,227.91,7.61,18.17,238.47,Credit Card,6,False,True,False,Completed
TXN-0001454,RCP-00001454,PH-003,REG-05,EMP-0061,,2026-07-13 08:55:23,Sale,248.76,1.37,20.41,267.8,Credit Card,6,False,False,False,Completed
TXN-0001455,RCP-00001455,PH-005,REG-05,EMP-0100,CUS-04271,2026-06-23 11:15:12,Sale,65.61,3.51,5.13,67.23,Debit Card,2,False,True,False,Completed
TXN-0001456,RCP-00001456,PH-005,REG-06,EMP-0089,CUS-02739,2026-05-07 12:33:34,Sale,291.1,0,24.02,315.12,Credit Card,5,False,True,False,Completed
TXN-0001457,RCP-00001457,PH-005,REG-01,EMP-0091,CUS-02213,2026-07-27 17:06:38,Sale,41.1,0.5,3.35,43.95,Debit Card,3,False,True,False,Completed
TXN-0001458,RCP-00001458,PH-003,REG-02,EMP-0046,CUS-04873,2026-06-27 09:37:57,Sale,193.81,4.51,15.62,204.92,Debit Card,5,False,True,False,Completed
TXN-0001459,RCP-00001459,PH-002,REG-05,EMP-0034,,2026-05-13 10:04:07,Sale,95.01,0,7.84,102.85,Debit Card,2,False,False,False,Completed
TXN-0001460,RCP-00001460,PH-003,REG-03,EMP-0046,,2026-06-18 10:49:16,Sale,150.48,0,12.42,162.9,Credit Card,4,False,False,False,Completed
TXN-0001461,RCP-00001461,PH-004,REG-04,EMP-0085,,2026-07-22 12:36:11,Sale,119.3,3.99,9.51,124.82,Credit Card,5,False,False,False,Completed
TXN-0001462,RCP-00001462,PH-002,REG-01,EMP-0040,CUS-04508,2026-06-01 19:36:37,Sale,230.79,16.26,17.7,232.23,Credit Card,4,False,True,True,Completed
TXN-0001463,RCP-00001463,PH-004,REG-03,EMP-0080,CUS-02628,2026-06-19 09:01:49,Sale,141.3,5.84,11.18,146.64,Debit Card,6,False,True,False,Completed
TXN-0001464,RCP-00001464,PH-004,REG-02,EMP-0081,CUS-01939,2026-06-04 13:59:02,Sale,367.22,75.36,24.08,315.94,Split Payment,5,False,True,True,Completed
TXN-0001465,RCP-00001465,PH-004,REG-05,EMP-0067,CUS-01942,2026-06-17 10:18:21,Sale,155.5,1.33,12.72,166.89,Credit Card,5,False,True,False,Completed
TXN-0001466,RCP-00001466,PH-002,REG-01,EMP-0041,CUS-03852,2026-07-01 13:31:07,Sale,144.17,10.24,11.06,144.99,Cash,5,False,True,False,Completed
TXN-0001467,RCP-00001467,PH-002,REG-01,EMP-0041,,2026-07-02 09:26:56,Sale,281.74,8.53,22.54,295.75,Credit Card,6,False,False,False,Completed
TXN-0001468,RCP-00001468,PH-002,REG-03,EMP-0040,CUS-02516,2026-07-18 15:10:04,Sale,87.35,4.07,6.87,90.15,Cash,3,False,True,False,Completed
TXN-0001469,RCP-00001469,PH-002,REG-02,EMP-0037,CUS-02430,2026-05-14 10:06:23,Sale,612.47,41.96,47.07,617.58,Credit Card,9,False,True,False,Completed
TXN-0001470,RCP-00001470,PH-002,REG-06,EMP-0041,CUS-01882,2026-07-06 19:28:57,Sale,56.67,0,4.68,61.35,Debit Card,1,False,True,False,Completed
TXN-0001471,RCP-00001471,PH-004,REG-04,EMP-0086,CUS-00475,2026-07-17 08:43:11,Sale,177.09,10.13,13.77,180.73,Debit Card,4,False,True,False,Completed
TXN-0001472,RCP-00001472,PH-002,REG-06,EMP-0025,CUS-04477,2026-07-30 14:46:18,Sale,132.9,3.03,10.71,140.58,Cash,4,False,True,False,Completed
TXN-0001473,RCP-00001473,PH-005,REG-01,EMP-0106,,2026-06-12 17:56:05,Sale,152.47,0,12.58,165.05,Debit Card,2,False,False,False,Completed
TXN-0001474,RCP-00001474,PH-001,REG-06,EMP-0003,CUS-01796,2026-05-25 09:58:02,Sale,228.7,6.75,18.31,240.26,Gift Card,4,False,True,False,Completed
TXN-0001475,RCP-00001475,PH-003,REG-03,EMP-0059,CUS-03691,2026-06-26 08:51:15,Sale,185.72,6.37,14.8,194.15,Credit Card,7,False,True,False,Completed
TXN-0001476,RCP-00001476,PH-002,REG-03,EMP-0025,CUS-02710,2026-05-24 15:15:25,Sale,226.98,9.34,17.96,235.6,Credit Card,6,False,True,False,Completed
TXN-0001477,RCP-00001477,PH-005,REG-04,EMP-0100,,2026-05-06 17:53:55,Sale,260.81,2.25,21.33,279.89,Debit Card,7,False,False,False,Completed
TXN-0001478,RCP-00001478,PH-001,REG-05,EMP-0016,CUS-02881,2026-05-03 15:06:29,Sale,209.24,0.62,17.22,225.84,Debit Card,7,False,True,False,Completed
TXN-0001479,RCP-00001479,PH-004,REG-06,EMP-0083,,2026-06-09 18:15:28,Sale,315.27,0,26.01,341.28,Credit Card,3,False,False,False,Completed
TXN-0001480,RCP-00001480,PH-005,REG-02,EMP-0108,,2026-05-17 13:53:05,Sale,150.41,0,12.41,162.82,Credit Card,5,False,False,False,Completed
TXN-0001481,RCP-00001481,PH-005,REG-03,EMP-0108,CUS-03800,2026-05-24 17:21:50,Sale,30.11,0,2.48,32.59,Cash,1,False,True,False,Completed
TXN-0001482,RCP-00001482,PH-001,REG-02,EMP-0006,CUS-04962,2026-05-23 13:47:02,Sale,133.19,5.07,10.56,138.68,Credit Card,3,False,True,False,Completed
TXN-0001483,RCP-00001483,PH-004,REG-06,EMP-0082,CUS-00947,2026-07-30 20:41:19,Sale,112.49,2.25,9.09,119.33,Credit Card,3,False,True,False,Completed
TXN-0001484,RCP-00001484,PH-004,REG-05,EMP-0083,CUS-00831,2026-06-11 19:26:30,Sale,126.46,2.47,10.23,134.22,Cash,7,False,True,False,Completed
TXN-0001485,RCP-00001485,PH-005,REG-02,EMP-0091,CUS-04992,2026-06-23 08:11:29,Sale,358.54,7.64,28.95,379.85,Debit Card,5,False,True,False,Completed
TXN-0001486,RCP-00001486,PH-003,REG-05,EMP-0061,CUS-00289,2026-05-11 09:25:12,Sale,89.38,4.79,6.98,91.57,Cash,3,False,True,False,Completed
TXN-0001487,RCP-00001487,PH-005,REG-04,EMP-0107,,2026-06-09 11:50:35,Sale,299.9,12.09,23.75,311.56,Credit Card,9,False,False,False,Completed
TXN-0001488,RCP-00001488,PH-005,REG-06,EMP-0100,CUS-04888,2026-06-07 19:29:44,Sale,253.77,9.16,20.18,264.79,Credit Card,7,False,True,False,Completed
TXN-0001489,RCP-00001489,PH-002,REG-04,EMP-0023,CUS-01961,2026-07-29 12:07:47,Sale,121.8,3.82,9.74,127.72,Debit Card,3,False,True,False,Completed
TXN-0001490,RCP-00001490,PH-004,REG-04,EMP-0067,CUS-03000,2026-07-20 08:27:45,Sale,255.64,8.91,20.35,267.08,Cash,8,False,True,False,Completed
TXN-0001491,RCP-00001491,PH-002,REG-04,EMP-0024,CUS-00783,2026-05-18 09:25:15,Sale,70.24,0,5.79,76.03,Credit Card,2,False,True,False,Completed
TXN-0001492,RCP-00001492,PH-002,REG-02,EMP-0025,CUS-01142,2026-06-01 12:27:37,Sale,122.07,9.76,9.26,121.57,Credit Card,2,False,True,False,Completed
TXN-0001493,RCP-00001493,PH-004,REG-03,EMP-0085,CUS-01429,2026-06-11 11:13:32,Sale,349.05,1.05,28.72,376.72,Gift Card,7,False,True,False,Completed
TXN-0001494,RCP-00001494,PH-001,REG-06,EMP-0013,CUS-04342,2026-07-07 20:43:56,Sale,324.55,6.31,26.26,344.5,Credit Card,8,False,True,False,Completed
TXN-0001495,RCP-00001495,PH-004,REG-04,EMP-0067,CUS-04324,2026-06-05 08:52:39,Sale,526.05,10.67,42.53,557.91,Debit Card,6,False,True,False,Completed
TXN-0001496,RCP-00001496,PH-004,REG-05,EMP-0067,,2026-05-18 11:19:54,Sale,239.11,0,19.73,258.84,Cash,5,False,False,False,Completed
TXN-0001497,RCP-00001497,PH-005,REG-05,EMP-0106,CUS-01634,2026-07-06 11:06:25,Sale,196.02,0,16.16,212.18,Cash,4,False,True,False,Completed
TXN-0001498,RCP-00001498,PH-005,REG-03,EMP-0107,,2026-07-30 08:23:15,Sale,116.15,2.25,9.4,123.3,Cash,2,False,False,False,Completed
TXN-0001499,RCP-00001499,PH-001,REG-03,EMP-0017,CUS-02799,2026-05-01 08:06:57,Sale,368.76,21.28,28.67,376.15,Debit Card,7,False,True,False,Completed
TXN-0001500,RCP-00001500,PH-005,REG-06,EMP-0103,,2026-07-26 15:48:19,Sale,162.76,0,13.43,176.19,Credit Card,5,False,False,False,Completed
TXN-0001501,RCP-00001501,PH-004,REG-05,EMP-0086,CUS-01095,2026-05-13 14:48:14,Sale,70.3,3.79,5.49,72.0,Debit Card,3,False,True,False,Completed
TXN-0001502,RCP-00001502,PH-005,REG-01,EMP-0107,CUS-04484,2026-06-30 08:18:10,Sale,144.07,12.39,10.86,142.54,Debit Card,4,False,True,False,Completed
TXN-0001503,RCP-00001503,PH-004,REG-03,EMP-0083,CUS-00708,2026-07-30 16:34:42,Sale,76.01,0,6.27,82.28,Split Payment,3,False,True,False,Completed
TXN-0001504,RCP-00001504,PH-003,REG-02,EMP-0062,CUS-02597,2026-06-09 09:05:29,Sale,387.27,0,31.95,419.22,Cash,5,False,True,False,Completed
TXN-0001505,RCP-00001505,PH-001,REG-04,EMP-0002,,2026-07-29 21:14:09,Sale,41.52,0,3.43,44.95,Cash,1,False,False,False,Completed
TXN-0001506,RCP-00001506,PH-001,REG-03,EMP-0003,CUS-03821,2026-05-02 08:59:31,Sale,170.51,1.2,13.97,183.28,Gift Card,4,False,True,False,Completed
TXN-0001507,RCP-00001507,PH-001,REG-02,EMP-0003,,2026-07-10 20:08:32,Sale,149.24,7.72,11.68,153.2,Gift Card,5,False,False,False,Completed
TXN-0001508,RCP-00001508,PH-002,REG-05,EMP-0040,CUS-01832,2026-07-29 15:22:37,Sale,73.73,0,6.08,79.81,Credit Card,3,False,True,False,Completed
TXN-0001509,RCP-00001509,PH-002,REG-02,EMP-0025,CUS-03738,2026-07-13 17:40:52,Sale,152.24,0,12.56,164.8,Credit Card,4,False,True,False,Completed
TXN-0001510,RCP-00001510,PH-005,REG-04,EMP-0101,,2026-05-29 21:45:37,Sale,362.19,9.23,29.13,382.09,Cash,5,False,False,False,Completed
TXN-0001511,RCP-00001511,PH-001,REG-03,EMP-0002,CUS-04734,2026-05-07 12:17:31,Sale,93.15,0,7.69,100.84,Debit Card,3,False,True,False,Completed
TXN-0001512,RCP-00001512,PH-001,REG-03,EMP-0003,,2026-07-29 16:18:06,Sale,131.57,0,10.86,142.43,Credit Card,4,False,False,False,Completed
TXN-0001513,RCP-00001513,PH-002,REG-02,EMP-0037,CUS-03840,2026-05-13 18:27:05,Sale,230.85,21.29,17.28,226.84,Credit Card,6,False,True,False,Completed
TXN-0001514,RCP-00001514,PH-001,REG-04,EMP-0018,CUS-03204,2026-07-19 13:47:26,Sale,116.47,0,9.61,126.08,Cash,4,False,True,False,Completed
TXN-0001515,RCP-00001515,PH-005,REG-04,EMP-0089,CUS-02068,2026-06-14 10:23:19,Sale,48.56,0,4.01,52.57,Cash,1,False,True,False,Completed
TXN-0001516,RCP-00001516,PH-005,REG-04,EMP-0091,,2026-05-16 08:17:13,Sale,113.66,0,9.38,123.04,Debit Card,4,False,False,False,Completed
TXN-0001517,RCP-00001517,PH-002,REG-03,EMP-0039,,2026-05-27 10:29:22,Sale,85.83,3.88,6.76,88.71,Credit Card,4,False,False,False,Completed
TXN-0001518,RCP-00001518,PH-001,REG-05,EMP-0006,CUS-02427,2026-06-17 18:40:40,Sale,216.76,1.18,17.78,233.36,Credit Card,8,False,True,False,Completed
TXN-0001519,RCP-00001519,PH-004,REG-02,EMP-0068,CUS-01154,2026-06-17 18:55:33,Sale,151.7,0,12.51,164.21,Debit Card,5,False,True,False,Completed
TXN-0001520,RCP-00001520,PH-004,REG-02,EMP-0085,CUS-03868,2026-05-02 14:59:43,Sale,49.3,0,4.07,53.37,Credit Card,1,False,True,False,Completed
TXN-0001521,RCP-00001521,PH-005,REG-05,EMP-0089,CUS-03587,2026-07-16 16:20:58,Sale,156.52,3.04,12.66,166.14,Credit Card,6,False,True,False,Completed
TXN-0001522,RCP-00001522,PH-003,REG-02,EMP-0063,CUS-02097,2026-07-11 09:53:40,Sale,229.87,43.83,15.34,201.38,Gift Card,5,False,True,True,Completed
TXN-0001523,RCP-00001523,PH-001,REG-06,EMP-0012,CUS-02659,2026-05-12 16:46:52,Sale,374.41,56.7,26.22,343.93,Cash,4,False,True,False,Completed
TXN-0001524,RCP-00001524,PH-003,REG-02,EMP-0058,CUS-00822,2026-05-23 14:00:25,Sale,68.64,0,5.66,74.3,Debit Card,2,False,True,False,Completed
TXN-0001525,RCP-00001525,PH-005,REG-01,EMP-0106,CUS-02320,2026-06-12 10:59:09,Sale,192.5,0,15.88,208.38,Credit Card,4,False,True,False,Completed
TXN-0001526,RCP-00001526,PH-001,REG-01,EMP-0019,CUS-03495,2026-07-01 16:46:59,Sale,75.37,1.84,6.07,79.6,Cash,2,False,True,False,Completed
TXN-0001527,RCP-00001527,PH-005,REG-04,EMP-0102,CUS-00238,2026-05-25 18:30:24,Sale,324.46,2.54,26.56,348.48,Credit Card,5,False,True,False,Completed
TXN-0001528,RCP-00001528,PH-005,REG-04,EMP-0091,CUS-00607,2026-06-14 13:49:55,Sale,105.77,0,8.73,114.5,Debit Card,3,False,True,False,Completed
TXN-0001529,RCP-00001529,PH-005,REG-04,EMP-0103,,2026-05-27 10:55:54,Sale,438.06,10.87,35.23,462.42,Credit Card,9,False,False,False,Completed
TXN-0001530,RCP-00001530,PH-001,REG-05,EMP-0017,CUS-04801,2026-05-26 18:43:36,Sale,102.75,0.99,8.4,110.16,Cash,4,False,True,False,Completed
TXN-0001531,RCP-00001531,PH-004,REG-04,EMP-0081,CUS-02826,2026-06-17 11:34:46,Sale,279.69,2.35,22.89,300.23,Split Payment,6,False,True,False,Completed
TXN-0001532,RCP-00001532,PH-001,REG-01,EMP-0016,CUS-04229,2026-06-04 09:05:40,Sale,215.51,0,17.78,233.29,Cash,5,False,True,False,Completed
TXN-0001533,RCP-00001533,PH-005,REG-06,EMP-0102,,2026-05-09 17:08:31,Sale,145.04,1.51,11.84,155.37,Split Payment,5,False,False,False,Completed
TXN-0001534,RCP-00001534,PH-001,REG-01,EMP-0015,CUS-04525,2026-06-28 11:20:07,Sale,38.38,0.65,3.11,40.84,Credit Card,3,False,True,False,Completed
TXN-0001535,RCP-00001535,PH-004,REG-05,EMP-0086,CUS-02121,2026-06-26 12:21:15,Sale,114.6,0.34,9.43,123.69,Cash,4,False,True,False,Completed
TXN-0001536,RCP-00001536,PH-002,REG-06,EMP-0038,CUS-01475,2026-07-27 17:10:12,Sale,102.28,0.97,8.35,109.66,Gift Card,6,False,True,False,Completed
TXN-0001537,RCP-00001537,PH-001,REG-03,EMP-0013,CUS-03962,2026-06-10 14:41:01,Sale,18.7,0,1.54,20.24,Debit Card,1,False,True,False,Completed
TXN-0001538,RCP-00001538,PH-002,REG-01,EMP-0042,CUS-02013,2026-06-22 08:58:01,Sale,117.87,13.72,8.6,112.75,Credit Card,5,False,True,True,Completed
TXN-0001539,RCP-00001539,PH-004,REG-03,EMP-0082,CUS-02676,2026-06-23 08:01:17,Sale,232.2,10.79,18.27,239.68,Debit Card,5,False,True,False,Completed
TXN-0001540,RCP-00001540,PH-002,REG-06,EMP-0041,CUS-01655,2026-05-23 10:22:22,Sale,227.96,34.81,15.94,209.09,Credit Card,7,False,True,True,Completed
TXN-0001541,RCP-00001541,PH-002,REG-01,EMP-0039,CUS-00252,2026-05-02 17:40:46,Sale,258.54,2.37,21.13,277.3,Credit Card,6,False,True,False,Completed
TXN-0001542,RCP-00001542,PH-002,REG-03,EMP-0036,CUS-00180,2026-06-08 11:30:45,Sale,94.39,0,7.79,102.18,Cash,3,False,True,False,Completed
TXN-0001543,RCP-00001543,PH-003,REG-05,EMP-0059,,2026-07-06 15:40:15,Sale,216.1,33.37,15.07,197.8,Credit Card,7,False,False,True,Completed
TXN-0001544,RCP-00001544,PH-004,REG-06,EMP-0083,CUS-02936,2026-06-04 14:29:54,Sale,268.54,8.04,21.49,281.99,Debit Card,8,False,True,False,Completed
TXN-0001545,RCP-00001545,PH-001,REG-06,EMP-0015,CUS-00217,2026-06-26 13:55:32,Sale,124.74,7.35,9.69,127.08,Credit Card,6,False,True,True,Completed
TXN-0001546,RCP-00001546,PH-005,REG-05,EMP-0107,CUS-01124,2026-06-17 14:48:14,Sale,221.14,7.53,17.62,231.23,Cash,8,False,True,False,Completed
TXN-0001547,RCP-00001547,PH-003,REG-01,EMP-0063,CUS-04149,2026-05-02 20:34:44,Sale,109.77,0,9.05,118.82,Credit Card,2,False,True,False,Completed
TXN-0001548,RCP-00001548,PH-004,REG-06,EMP-0086,CUS-00762,2026-05-27 16:56:54,Sale,374.26,1.44,30.76,403.58,Credit Card,7,False,True,False,Completed
TXN-0001549,RCP-00001549,PH-004,REG-06,EMP-0081,CUS-03513,2026-07-23 10:09:17,Sale,75.29,4.23,5.87,76.93,Gift Card,3,False,True,False,Completed
TXN-0001550,RCP-00001550,PH-002,REG-02,EMP-0040,CUS-02280,2026-06-15 08:56:22,Sale,391.38,101.78,23.89,313.49,Debit Card,6,False,True,True,Completed
TXN-0001551,RCP-00001551,PH-002,REG-02,EMP-0039,CUS-04178,2026-05-15 13:43:48,Sale,175.86,8.6,13.8,181.06,Cash,5,False,True,False,Completed
TXN-0001552,RCP-00001552,PH-001,REG-04,EMP-0020,CUS-01182,2026-06-16 19:10:47,Sale,105.93,0,8.75,114.68,Credit Card,4,False,True,False,Completed
TXN-0001553,RCP-00001553,PH-005,REG-04,EMP-0105,CUS-04832,2026-06-16 21:41:42,Sale,146.5,0,12.08,158.58,Debit Card,4,False,True,False,Completed
TXN-0001554,RCP-00001554,PH-002,REG-06,EMP-0039,CUS-03416,2026-05-17 21:24:47,Sale,15.28,0,1.26,16.54,Credit Card,1,False,True,False,Completed
TXN-0001555,RCP-00001555,PH-004,REG-06,EMP-0069,,2026-05-14 08:44:40,Sale,43.32,0,3.57,46.89,Cash,1,False,False,False,Completed
TXN-0001556,RCP-00001556,PH-005,REG-02,EMP-0101,CUS-02015,2026-06-10 10:47:54,Sale,88.93,0,7.34,96.27,Credit Card,3,False,True,False,Completed
TXN-0001557,RCP-00001557,PH-003,REG-06,EMP-0058,CUS-00961,2026-07-22 21:16:49,Sale,164.95,8.57,12.89,169.27,Split Payment,4,False,True,False,Completed
TXN-0001558,RCP-00001558,PH-002,REG-04,EMP-0040,CUS-04237,2026-07-10 16:12:18,Sale,193.9,0,16.0,209.9,Gift Card,6,False,True,False,Completed
TXN-0001559,RCP-00001559,PH-005,REG-03,EMP-0108,CUS-00863,2026-07-09 20:09:48,Sale,356.73,0,29.43,386.16,Cash,4,False,True,False,Completed
TXN-0001560,RCP-00001560,PH-002,REG-05,EMP-0024,CUS-04980,2026-05-10 13:10:07,Sale,180.85,0,14.91,195.76,Credit Card,5,False,True,False,Completed
TXN-0001561,RCP-00001561,PH-004,REG-04,EMP-0069,CUS-01867,2026-05-01 20:47:26,Sale,54.87,0,4.53,59.4,Gift Card,2,False,True,False,Completed
TXN-0001562,RCP-00001562,PH-001,REG-05,EMP-0019,CUS-03366,2026-07-19 20:04:52,Sale,213.3,6.58,17.05,223.77,Credit Card,7,False,True,False,Completed
TXN-0001563,RCP-00001563,PH-003,REG-03,EMP-0060,CUS-00429,2026-07-09 08:10:39,Sale,320.49,23.48,24.5,321.51,Credit Card,5,False,True,False,Completed
TXN-0001564,RCP-00001564,PH-003,REG-01,EMP-0061,,2026-05-08 11:48:33,Sale,111.46,0,9.2,120.66,Credit Card,3,False,False,False,Completed
TXN-0001565,RCP-00001565,PH-004,REG-05,EMP-0084,CUS-01711,2026-06-16 17:38:32,Sale,136.37,2.7,11.04,144.71,Debit Card,4,False,True,False,Completed
TXN-0001566,RCP-00001566,PH-001,REG-05,EMP-0006,CUS-00875,2026-06-17 20:15:54,Sale,232.92,14.21,18.04,236.75,Credit Card,4,False,True,False,Completed
TXN-0001567,RCP-00001567,PH-002,REG-05,EMP-0037,CUS-03453,2026-07-05 14:58:16,Sale,44.12,2.7,3.42,44.84,Credit Card,4,False,True,False,Completed
TXN-0001568,RCP-00001568,PH-002,REG-01,EMP-0041,CUS-04454,2026-07-13 18:20:01,Sale,112.78,0,9.31,122.09,Credit Card,4,False,True,False,Completed
TXN-0001569,RCP-00001569,PH-005,REG-02,EMP-0100,CUS-01074,2026-07-01 12:52:32,Sale,144.32,0.88,11.83,155.27,Credit Card,5,False,True,False,Completed
TXN-0001570,RCP-00001570,PH-005,REG-01,EMP-0101,CUS-02109,2026-05-08 20:46:56,Sale,311.48,0,25.7,337.18,Credit Card,5,False,True,False,Completed
TXN-0001571,RCP-00001571,PH-004,REG-02,EMP-0082,CUS-00804,2026-06-20 12:13:56,Sale,132.49,0,10.93,143.42,Cash,5,False,True,False,Completed
TXN-0001572,RCP-00001572,PH-003,REG-06,EMP-0064,,2026-06-25 17:01:16,Sale,16.66,1.67,1.24,16.23,Cash,1,False,False,False,Completed
TXN-0001573,RCP-00001573,PH-005,REG-05,EMP-0108,CUS-02384,2026-06-26 16:05:45,Sale,146.02,2.09,11.88,155.81,Debit Card,5,False,True,False,Completed
TXN-0001574,RCP-00001574,PH-003,REG-04,EMP-0045,CUS-01836,2026-05-14 09:43:02,Sale,150.84,1.57,12.32,161.59,Cash,6,False,True,False,Completed
TXN-0001575,RCP-00001575,PH-002,REG-01,EMP-0038,CUS-03266,2026-06-28 21:14:38,Sale,280.78,0,23.17,303.95,Cash,6,False,True,False,Completed
TXN-0001576,RCP-00001576,PH-001,REG-04,EMP-0015,,2026-06-03 18:11:30,Sale,201.57,5.04,16.21,212.74,Credit Card,5,False,False,False,Completed
TXN-0001577,RCP-00001577,PH-002,REG-03,EMP-0025,,2026-05-11 11:01:11,Sale,264.93,2.91,21.61,283.63,Debit Card,6,False,False,False,Completed
TXN-0001578,RCP-00001578,PH-001,REG-04,EMP-0019,,2026-05-03 10:45:56,Sale,198.61,12.0,15.4,202.01,Debit Card,5,False,False,False,Completed
TXN-0001579,RCP-00001579,PH-005,REG-02,EMP-0104,CUS-00260,2026-05-31 08:54:19,Sale,605.04,44.19,46.27,607.12,Credit Card,11,False,True,False,Completed
TXN-0001580,RCP-00001580,PH-003,REG-01,EMP-0046,CUS-03371,2026-07-06 12:17:22,Sale,131.1,1.37,10.71,140.44,Cash,5,False,True,False,Completed
TXN-0001581,RCP-00001581,PH-004,REG-03,EMP-0079,,2026-06-04 12:20:37,Sale,156.43,1.64,12.77,167.56,Split Payment,6,False,False,False,Completed
TXN-0001582,RCP-00001582,PH-003,REG-02,EMP-0056,CUS-03838,2026-07-16 10:35:07,Sale,112.31,6.73,8.71,114.29,Debit Card,5,False,True,False,Completed
TXN-0001583,RCP-00001583,PH-005,REG-05,EMP-0107,,2026-05-30 10:50:50,Sale,133.49,5.65,10.55,138.39,Credit Card,4,False,False,False,Completed
TXN-0001584,RCP-00001584,PH-003,REG-03,EMP-0045,CUS-02165,2026-05-12 18:36:46,Sale,188.0,5.89,15.03,197.14,Credit Card,7,False,True,False,Completed
TXN-0001585,RCP-00001585,PH-004,REG-06,EMP-0069,CUS-03366,2026-07-27 15:29:55,Sale,215.45,0,17.78,233.23,Gift Card,5,False,True,False,Completed
TXN-0001586,RCP-00001586,PH-001,REG-04,EMP-0019,CUS-04074,2026-07-24 12:08:20,Sale,261.18,9.79,20.75,272.14,Debit Card,7,False,True,False,Completed
TXN-0001587,RCP-00001587,PH-004,REG-06,EMP-0086,CUS-02207,2026-05-02 17:01:15,Sale,46.55,0,3.84,50.39,Debit Card,2,False,True,False,Completed
TXN-0001588,RCP-00001588,PH-001,REG-02,EMP-0002,CUS-03382,2026-07-06 15:12:05,Sale,34.22,1.48,2.7,35.44,Debit Card,3,False,True,False,Completed
TXN-0001589,RCP-00001589,PH-001,REG-06,EMP-0015,,2026-07-17 18:13:33,Sale,145.4,0,11.99,157.39,Debit Card,5,False,False,False,Completed
TXN-0001590,RCP-00001590,PH-001,REG-03,EMP-0017,,2026-06-29 09:51:58,Sale,96.53,0,7.97,104.5,Debit Card,3,False,False,False,Completed
TXN-0001591,RCP-00001591,PH-005,REG-04,EMP-0090,CUS-03691,2026-06-12 21:25:27,Sale,151.32,0,12.48,163.8,Credit Card,1,False,True,False,Completed
TXN-0001592,RCP-00001592,PH-003,REG-06,EMP-0060,,2026-05-22 21:51:56,Sale,362.62,3.76,29.6,388.46,Credit Card,5,False,False,False,Completed
TXN-0001593,RCP-00001593,PH-003,REG-03,EMP-0046,CUS-00341,2026-07-22 18:59:36,Sale,189.09,0,15.6,204.69,Cash,4,False,True,False,Completed
TXN-0001594,RCP-00001594,PH-004,REG-01,EMP-0081,CUS-01599,2026-05-19 17:37:08,Sale,335.72,0.77,27.64,362.59,Gift Card,9,False,True,False,Completed
TXN-0001595,RCP-00001595,PH-005,REG-03,EMP-0105,CUS-04382,2026-06-13 21:07:46,Sale,248.89,0,20.54,269.43,Gift Card,4,False,True,False,Completed
TXN-0001596,RCP-00001596,PH-004,REG-04,EMP-0069,CUS-03994,2026-06-23 13:07:37,Sale,312.73,8.82,25.06,328.97,Debit Card,6,False,True,False,Completed
TXN-0001597,RCP-00001597,PH-003,REG-04,EMP-0046,CUS-03793,2026-06-19 08:23:08,Sale,196.74,14.99,14.99,196.74,Debit Card,4,False,True,False,Completed
TXN-0001598,RCP-00001598,PH-003,REG-05,EMP-0045,CUS-04491,2026-05-07 18:25:24,Sale,94.18,0,7.77,101.95,Credit Card,3,False,True,False,Completed
TXN-0001599,RCP-00001599,PH-005,REG-04,EMP-0102,CUS-03465,2026-06-19 14:18:54,Sale,67.8,10.17,4.75,62.38,Debit Card,1,False,True,False,Completed
TXN-0001600,RCP-00001600,PH-004,REG-05,EMP-0080,CUS-02211,2026-06-13 11:06:21,Sale,54.42,2.5,4.29,56.21,Gift Card,2,False,True,False,Completed
TXN-0001601,RCP-00001601,PH-004,REG-02,EMP-0081,CUS-02670,2026-06-20 13:01:54,Sale,138.5,0,11.43,149.93,Debit Card,7,False,True,False,Completed
TXN-0001602,RCP-00001602,PH-003,REG-04,EMP-0061,CUS-00534,2026-06-22 21:25:07,Sale,146.56,0,12.09,158.65,Debit Card,4,False,True,False,Completed
TXN-0001603,RCP-00001603,PH-002,REG-05,EMP-0023,CUS-00926,2026-05-24 19:11:02,Sale,161.83,0,13.36,175.19,Cash,6,False,True,False,Completed
TXN-0001604,RCP-00001604,PH-005,REG-02,EMP-0102,CUS-01586,2026-07-22 09:20:20,Sale,64.74,3.76,5.03,66.01,Credit Card,2,False,True,False,Completed
TXN-0001605,RCP-00001605,PH-003,REG-05,EMP-0057,CUS-04243,2026-07-17 10:20:35,Sale,230.39,7.64,18.38,241.13,Credit Card,7,False,True,False,Completed
TXN-0001606,RCP-00001606,PH-004,REG-05,EMP-0078,CUS-04170,2026-06-28 16:06:30,Sale,135.75,3.17,10.93,143.51,Cash,4,False,True,False,Completed
TXN-0001607,RCP-00001607,PH-003,REG-04,EMP-0058,CUS-00670,2026-05-25 18:35:41,Sale,279.41,0,23.05,302.46,Debit Card,4,False,True,False,Completed
TXN-0001608,RCP-00001608,PH-005,REG-04,EMP-0102,,2026-07-02 08:44:51,Sale,178.54,0,14.73,193.27,Gift Card,4,False,False,False,Completed
TXN-0001609,RCP-00001609,PH-003,REG-01,EMP-0064,CUS-00456,2026-06-12 10:36:24,Sale,67.34,0,5.55,72.89,Debit Card,3,False,True,False,Completed
TXN-0001610,RCP-00001610,PH-005,REG-03,EMP-0089,CUS-02702,2026-07-04 11:51:47,Sale,213.87,2.78,17.42,228.51,Credit Card,7,False,True,False,Completed
TXN-0001611,RCP-00001611,PH-004,REG-02,EMP-0086,CUS-03063,2026-06-05 11:04:45,Sale,117.3,0,9.68,126.98,Credit Card,3,False,True,False,Completed
TXN-0001612,RCP-00001612,PH-004,REG-05,EMP-0069,CUS-03415,2026-05-03 11:29:21,Sale,50.38,0,4.16,54.54,Credit Card,2,False,True,False,Completed
TXN-0001613,RCP-00001613,PH-005,REG-02,EMP-0103,CUS-00723,2026-05-23 11:08:30,Sale,180.2,3.96,14.53,190.77,Credit Card,4,False,True,False,Completed
TXN-0001614,RCP-00001614,PH-005,REG-05,EMP-0089,CUS-02875,2026-06-20 09:40:33,Sale,199.7,24.05,14.5,190.15,Gift Card,5,False,True,False,Completed
TXN-0001615,RCP-00001615,PH-002,REG-03,EMP-0024,CUS-04584,2026-05-04 15:22:04,Sale,152.3,22.77,10.69,140.22,Cash,5,False,True,True,Completed
TXN-0001616,RCP-00001616,PH-001,REG-01,EMP-0002,,2026-05-30 11:28:35,Sale,87.11,0,7.19,94.3,Credit Card,3,False,False,False,Completed
TXN-0001617,RCP-00001617,PH-002,REG-03,EMP-0025,CUS-03061,2026-05-04 08:22:29,Sale,321.36,15.15,25.26,331.47,Credit Card,5,False,True,False,Completed
TXN-0001618,RCP-00001618,PH-002,REG-05,EMP-0023,CUS-01377,2026-07-05 09:20:25,Sale,207.4,4.54,16.73,219.59,Cash,7,False,True,False,Completed
TXN-0001619,RCP-00001619,PH-002,REG-05,EMP-0037,CUS-04679,2026-06-30 20:57:13,Sale,159.25,25.14,11.05,145.16,Credit Card,3,False,True,True,Completed
TXN-0001620,RCP-00001620,PH-005,REG-02,EMP-0100,CUS-01630,2026-07-10 11:15:04,Sale,314.17,2.5,25.72,337.39,Debit Card,8,False,True,False,Completed
TXN-0001621,RCP-00001621,PH-001,REG-06,EMP-0001,CUS-00304,2026-05-12 16:58:35,Sale,340.42,43.84,24.46,321.04,Cash,4,False,True,False,Completed
TXN-0001622,RCP-00001622,PH-001,REG-06,EMP-0017,CUS-04051,2026-06-03 21:01:38,Sale,351.92,26.19,26.89,352.62,Credit Card,8,False,True,False,Completed
TXN-0001623,RCP-00001623,PH-005,REG-02,EMP-0108,CUS-02065,2026-07-23 19:59:12,Sale,501.77,0,41.39,543.16,Split Payment,6,False,True,False,Completed
TXN-0001624,RCP-00001624,PH-004,REG-02,EMP-0079,CUS-02134,2026-06-01 19:21:27,Sale,109.46,7.53,8.4,110.33,Debit Card,3,False,True,False,Completed
TXN-0001625,RCP-00001625,PH-003,REG-03,EMP-0058,CUS-01642,2026-05-20 14:17:19,Sale,240.95,5.49,19.44,254.9,Credit Card,8,False,True,False,Completed
TXN-0001626,RCP-00001626,PH-002,REG-02,EMP-0025,,2026-07-19 17:43:32,Sale,300.0,1.88,24.59,322.71,Credit Card,5,False,False,False,Completed
TXN-0001627,RCP-00001627,PH-002,REG-06,EMP-0040,CUS-04288,2026-07-21 09:52:25,Sale,236.3,14.92,18.25,239.63,Credit Card,4,False,True,False,Completed
TXN-0001628,RCP-00001628,PH-004,REG-06,EMP-0084,CUS-00564,2026-05-04 13:44:29,Sale,81.04,0.14,6.69,87.59,Cash,4,False,True,False,Completed
TXN-0001629,RCP-00001629,PH-001,REG-06,EMP-0018,CUS-04248,2026-05-15 20:00:51,Sale,23.62,0,1.95,25.57,Cash,2,False,True,False,Completed
TXN-0001630,RCP-00001630,PH-002,REG-02,EMP-0042,CUS-03018,2026-06-06 18:03:38,Sale,254.46,0,21.0,275.46,Debit Card,5,False,True,False,Completed
TXN-0001631,RCP-00001631,PH-003,REG-04,EMP-0056,CUS-00309,2026-05-15 11:19:35,Sale,78.4,0,6.47,84.87,Credit Card,4,False,True,False,Completed
TXN-0001632,RCP-00001632,PH-004,REG-05,EMP-0086,CUS-01261,2026-05-24 11:41:37,Sale,227.18,0,18.74,245.92,Credit Card,4,False,True,False,Completed
TXN-0001633,RCP-00001633,PH-001,REG-05,EMP-0018,CUS-03513,2026-07-14 20:23:55,Sale,183.17,5.79,14.64,192.02,Credit Card,6,False,True,False,Completed
TXN-0001634,RCP-00001634,PH-005,REG-05,EMP-0104,CUS-02659,2026-07-10 13:12:38,Sale,74.64,2.57,5.95,78.02,Cash,2,False,True,False,Completed
TXN-0001635,RCP-00001635,PH-004,REG-02,EMP-0067,CUS-00709,2026-07-18 11:39:52,Sale,219.1,0,18.09,237.19,Cash,8,False,True,False,Completed
TXN-0001636,RCP-00001636,PH-002,REG-03,EMP-0025,CUS-04403,2026-07-28 17:40:31,Sale,265.31,7.53,21.27,279.05,Cash,5,False,True,False,Completed
TXN-0001637,RCP-00001637,PH-002,REG-03,EMP-0042,CUS-02967,2026-07-07 21:21:36,Sale,169.41,0,13.97,183.38,Cash,4,False,True,False,Completed
TXN-0001638,RCP-00001638,PH-005,REG-02,EMP-0102,CUS-03742,2026-07-29 14:07:40,Sale,157.24,0,12.97,170.21,Credit Card,4,False,True,False,Completed
TXN-0001639,RCP-00001639,PH-004,REG-04,EMP-0078,,2026-06-06 17:46:39,Sale,208.92,0,17.23,226.15,Credit Card,6,False,False,False,Completed
TXN-0001640,RCP-00001640,PH-005,REG-03,EMP-0103,CUS-01058,2026-07-07 08:35:25,Sale,372.83,28.12,28.44,373.15,Debit Card,5,False,True,True,Completed
TXN-0001641,RCP-00001641,PH-001,REG-05,EMP-0012,,2026-05-26 15:52:01,Sale,161.0,0,13.3,174.3,Credit Card,6,False,False,False,Completed
TXN-0001642,RCP-00001642,PH-002,REG-02,EMP-0037,,2026-07-28 10:04:48,Sale,234.16,0,19.32,253.48,Credit Card,7,False,False,False,Completed
TXN-0001643,RCP-00001643,PH-004,REG-06,EMP-0078,CUS-01477,2026-06-11 21:01:55,Sale,155.85,0.13,12.85,168.57,Credit Card,5,False,True,False,Completed
TXN-0001644,RCP-00001644,PH-003,REG-05,EMP-0058,CUS-03882,2026-07-31 14:12:53,Sale,59.64,0,4.92,64.56,Credit Card,2,False,True,False,Completed
TXN-0001645,RCP-00001645,PH-003,REG-02,EMP-0058,,2026-07-02 08:36:51,Sale,218.57,0,18.03,236.6,Credit Card,3,False,False,False,Completed
TXN-0001646,RCP-00001646,PH-005,REG-06,EMP-0101,CUS-00733,2026-06-30 08:10:20,Sale,45.74,0,3.77,49.51,Credit Card,2,False,True,False,Completed
TXN-0001647,RCP-00001647,PH-004,REG-01,EMP-0081,CUS-01399,2026-07-19 15:50:35,Sale,15.69,3.14,1.04,13.59,Credit Card,1,False,True,False,Completed
TXN-0001648,RCP-00001648,PH-001,REG-05,EMP-0001,CUS-01855,2026-06-21 19:13:26,Sale,170.16,13.24,12.94,169.86,Debit Card,7,False,True,False,Completed
TXN-0001649,RCP-00001649,PH-001,REG-03,EMP-0019,CUS-01399,2026-06-03 08:42:19,Sale,122.46,2.59,9.89,129.76,Credit Card,4,False,True,False,Completed
TXN-0001650,RCP-00001650,PH-005,REG-05,EMP-0105,CUS-02591,2026-05-16 12:31:26,Sale,88.49,0.75,7.23,94.97,Cash,4,False,True,False,Completed
TXN-0001651,RCP-00001651,PH-002,REG-03,EMP-0038,CUS-03601,2026-05-05 10:37:52,Sale,254.19,0,20.98,275.17,Credit Card,3,False,True,False,Completed
TXN-0001652,RCP-00001652,PH-002,REG-04,EMP-0034,,2026-06-02 10:08:38,Sale,315.96,5.14,25.64,336.46,Debit Card,5,False,False,False,Completed
TXN-0001653,RCP-00001653,PH-002,REG-04,EMP-0034,,2026-07-24 08:30:04,Sale,48.82,0,4.03,52.85,Gift Card,3,False,False,False,Completed
TXN-0001654,RCP-00001654,PH-003,REG-06,EMP-0063,,2026-07-20 14:44:11,Sale,77.83,2.79,6.2,81.24,Cash,4,False,False,False,Completed
TXN-0001655,RCP-00001655,PH-004,REG-05,EMP-0086,CUS-03936,2026-05-01 13:23:31,Sale,50.46,0,4.17,54.63,Cash,2,False,True,False,Completed
TXN-0001656,RCP-00001656,PH-003,REG-03,EMP-0059,CUS-04749,2026-06-12 12:09:39,Sale,62.78,0,5.18,67.96,Debit Card,4,False,True,False,Completed
TXN-0001657,RCP-00001657,PH-001,REG-06,EMP-0001,CUS-02087,2026-07-04 18:27:00,Sale,97.58,0,8.05,105.63,Credit Card,4,False,True,False,Completed
TXN-0001658,RCP-00001658,PH-004,REG-03,EMP-0082,CUS-01261,2026-07-02 11:17:05,Sale,355.0,3.54,29.0,380.46,Cash,6,False,True,False,Completed
TXN-0001659,RCP-00001659,PH-003,REG-01,EMP-0046,,2026-07-06 20:32:24,Sale,20.22,0,1.66,21.88,Cash,2,False,False,False,Completed
TXN-0001660,RCP-00001660,PH-002,REG-04,EMP-0034,CUS-03519,2026-07-13 16:09:22,Sale,150.07,0,12.38,162.45,Cash,3,False,True,False,Completed
TXN-0001661,RCP-00001661,PH-001,REG-06,EMP-0014,CUS-01554,2026-06-28 13:45:19,Sale,50.63,0,4.18,54.81,Split Payment,2,False,True,False,Completed
TXN-0001662,RCP-00001662,PH-003,REG-05,EMP-0058,CUS-03777,2026-05-07 12:27:15,Sale,66.28,0,5.47,71.75,Credit Card,3,False,True,False,Completed
TXN-0001663,RCP-00001663,PH-002,REG-04,EMP-0039,,2026-07-08 18:58:18,Sale,239.9,29.97,17.31,227.24,Credit Card,6,False,False,True,Completed
TXN-0001664,RCP-00001664,PH-002,REG-04,EMP-0023,CUS-00837,2026-07-24 17:43:02,Sale,159.3,38.2,9.99,131.09,Gift Card,4,False,True,True,Completed
TXN-0001665,RCP-00001665,PH-002,REG-03,EMP-0034,CUS-00451,2026-07-19 17:31:03,Sale,130.25,8.74,10.02,131.53,Cash,3,False,True,False,Completed
TXN-0001666,RCP-00001666,PH-002,REG-02,EMP-0040,,2026-05-15 13:31:31,Sale,59.7,0,4.93,64.63,Cash,2,False,False,False,Completed
TXN-0001667,RCP-00001667,PH-002,REG-05,EMP-0023,CUS-04864,2026-05-10 11:45:56,Sale,176.02,5.73,14.05,184.34,Gift Card,5,False,True,False,Completed
TXN-0001668,RCP-00001668,PH-003,REG-06,EMP-0059,CUS-02449,2026-05-29 21:19:45,Sale,224.09,10.64,17.62,231.07,Credit Card,8,False,True,False,Completed
TXN-0001669,RCP-00001669,PH-001,REG-06,EMP-0006,CUS-04843,2026-05-19 15:06:32,Sale,124.52,0,10.27,134.79,Credit Card,2,False,True,False,Completed
TXN-0001670,RCP-00001670,PH-005,REG-02,EMP-0107,CUS-01428,2026-07-15 13:39:51,Sale,52.77,2.14,4.18,54.81,Credit Card,2,False,True,False,Completed
TXN-0001671,RCP-00001671,PH-005,REG-01,EMP-0105,CUS-03355,2026-07-24 11:16:31,Sale,215.07,6.67,17.19,225.59,Gift Card,4,False,True,False,Completed
TXN-0001672,RCP-00001672,PH-003,REG-01,EMP-0060,CUS-02468,2026-05-03 18:29:27,Sale,382.72,1.02,31.49,413.19,Debit Card,8,False,True,False,Completed
TXN-0001673,RCP-00001673,PH-001,REG-05,EMP-0019,CUS-01576,2026-06-14 09:16:18,Sale,91.43,10.9,6.64,87.17,Credit Card,4,False,True,False,Completed
TXN-0001674,RCP-00001674,PH-005,REG-05,EMP-0106,,2026-07-29 18:23:25,Sale,155.49,0,12.83,168.32,Credit Card,7,False,False,False,Completed
TXN-0001675,RCP-00001675,PH-005,REG-03,EMP-0104,CUS-04432,2026-06-03 11:52:54,Sale,204.61,13.53,15.75,206.83,Debit Card,8,False,True,False,Completed
TXN-0001676,RCP-00001676,PH-002,REG-04,EMP-0036,CUS-02937,2026-05-21 10:05:09,Sale,266.17,2.31,21.77,285.63,Debit Card,6,False,True,False,Completed
TXN-0001677,RCP-00001677,PH-002,REG-01,EMP-0040,CUS-00819,2026-05-25 20:13:25,Sale,104.65,0,8.64,113.29,Debit Card,4,False,True,False,Completed
TXN-0001678,RCP-00001678,PH-001,REG-01,EMP-0013,CUS-00072,2026-06-20 15:06:45,Sale,172.86,0,14.27,187.13,Debit Card,4,False,True,False,Completed
TXN-0001679,RCP-00001679,PH-003,REG-03,EMP-0059,,2026-06-12 17:29:28,Sale,163.64,0,13.5,177.14,Debit Card,6,False,False,False,Completed
TXN-0001680,RCP-00001680,PH-005,REG-01,EMP-0102,CUS-01238,2026-05-24 12:06:40,Sale,250.92,2.35,20.5,269.07,Credit Card,4,False,True,False,Completed
TXN-0001681,RCP-00001681,PH-001,REG-06,EMP-0018,CUS-04517,2026-06-23 19:06:19,Sale,107.1,0.99,8.76,114.87,Debit Card,3,False,True,False,Completed
TXN-0001682,RCP-00001682,PH-005,REG-03,EMP-0103,,2026-07-03 16:37:28,Sale,319.66,22.11,24.56,322.11,Split Payment,6,False,False,False,Completed
TXN-0001683,RCP-00001683,PH-002,REG-01,EMP-0037,CUS-02825,2026-05-03 12:19:20,Sale,49.56,0,4.1,53.66,Split Payment,3,False,True,False,Completed
TXN-0001684,RCP-00001684,PH-001,REG-01,EMP-0016,,2026-05-13 15:16:57,Sale,96.91,3.99,7.67,100.59,Split Payment,3,False,False,False,Completed
TXN-0001685,RCP-00001685,PH-005,REG-01,EMP-0102,,2026-06-15 20:17:25,Sale,301.55,3.19,24.61,322.97,Debit Card,5,False,False,False,Completed
TXN-0001686,RCP-00001686,PH-002,REG-06,EMP-0037,CUS-00147,2026-06-22 17:37:14,Sale,167.47,0,13.82,181.29,Cash,7,False,True,False,Completed
TXN-0001687,RCP-00001687,PH-004,REG-06,EMP-0082,CUS-03619,2026-06-27 08:43:38,Sale,282.68,6.31,22.8,299.17,Debit Card,5,False,True,False,Completed
TXN-0001688,RCP-00001688,PH-005,REG-05,EMP-0104,CUS-01460,2026-07-28 17:49:27,Sale,279.47,20.75,21.34,280.06,Debit Card,7,False,True,False,Completed
TXN-0001689,RCP-00001689,PH-002,REG-06,EMP-0036,CUS-02754,2026-06-05 15:27:50,Sale,214.59,0,17.7,232.29,Cash,6,False,True,False,Completed
TXN-0001690,RCP-00001690,PH-005,REG-04,EMP-0090,CUS-04038,2026-06-24 08:27:31,Sale,182.34,10.57,14.18,185.95,Credit Card,4,False,True,False,Completed
TXN-0001691,RCP-00001691,PH-003,REG-03,EMP-0056,CUS-04618,2026-06-20 14:06:50,Sale,144.53,2.14,11.74,154.13,Credit Card,5,False,True,False,Completed
TXN-0001692,RCP-00001692,PH-005,REG-04,EMP-0103,CUS-04184,2026-06-09 09:20:46,Sale,464.56,6.26,37.83,496.13,Credit Card,9,False,True,False,Completed
TXN-0001693,RCP-00001693,PH-003,REG-02,EMP-0045,CUS-04367,2026-07-27 10:00:22,Sale,150.46,17.28,10.99,144.17,Cash,5,False,True,True,Completed
TXN-0001694,RCP-00001694,PH-003,REG-01,EMP-0045,CUS-02173,2026-06-04 14:19:21,Sale,187.81,10.21,14.65,192.25,Credit Card,5,False,True,False,Completed
TXN-0001695,RCP-00001695,PH-005,REG-06,EMP-0108,,2026-07-16 21:52:12,Sale,245.29,8.34,19.54,256.49,Cash,8,False,False,False,Completed
TXN-0001696,RCP-00001696,PH-003,REG-03,EMP-0045,CUS-00134,2026-06-02 21:29:00,Sale,162.11,11.51,12.42,163.02,Debit Card,5,False,True,False,Completed
TXN-0001697,RCP-00001697,PH-005,REG-06,EMP-0100,CUS-01125,2026-05-30 10:22:44,Sale,298.42,2.17,24.45,320.7,Split Payment,6,False,True,False,Completed
TXN-0001698,RCP-00001698,PH-004,REG-05,EMP-0084,CUS-03922,2026-05-19 08:32:15,Sale,221.38,2.46,18.06,236.98,Credit Card,3,False,True,False,Completed
TXN-0001699,RCP-00001699,PH-005,REG-03,EMP-0100,CUS-02114,2026-07-11 14:18:37,Sale,127.03,0,10.48,137.51,Debit Card,2,False,True,False,Completed
TXN-0001700,RCP-00001700,PH-001,REG-05,EMP-0020,CUS-04640,2026-06-25 09:28:02,Sale,164.04,17.27,12.11,158.88,Credit Card,3,False,True,False,Completed
TXN-0001701,RCP-00001701,PH-005,REG-06,EMP-0102,CUS-01893,2026-07-14 09:02:53,Sale,153.92,0,12.7,166.62,Credit Card,6,False,True,False,Completed
TXN-0001702,RCP-00001702,PH-004,REG-04,EMP-0083,CUS-03007,2026-05-23 16:56:26,Sale,332.47,40.84,24.07,315.7,Cash,6,False,True,True,Completed
TXN-0001703,RCP-00001703,PH-005,REG-05,EMP-0089,CUS-00342,2026-07-27 11:27:58,Sale,381.99,15.2,30.26,397.05,Debit Card,7,False,True,False,Completed
TXN-0001704,RCP-00001704,PH-002,REG-02,EMP-0025,CUS-03342,2026-05-09 15:12:12,Sale,47.77,0,3.95,51.72,Cash,3,False,True,False,Completed
TXN-0001705,RCP-00001705,PH-005,REG-05,EMP-0108,CUS-02373,2026-06-17 19:58:16,Sale,489.89,34.49,37.57,492.97,Debit Card,9,False,True,False,Completed
TXN-0001706,RCP-00001706,PH-002,REG-01,EMP-0040,CUS-03640,2026-05-21 10:59:13,Sale,471.22,16.98,37.48,491.72,Split Payment,10,False,True,False,Completed
TXN-0001707,RCP-00001707,PH-002,REG-05,EMP-0038,CUS-04202,2026-06-06 10:22:49,Sale,615.99,10.83,49.93,655.09,Cash,9,False,True,False,Completed
TXN-0001708,RCP-00001708,PH-001,REG-04,EMP-0014,CUS-04667,2026-07-03 11:45:09,Sale,162.81,7.84,12.79,167.76,Debit Card,4,False,True,False,Completed
TXN-0001709,RCP-00001709,PH-001,REG-03,EMP-0017,CUS-03547,2026-05-09 08:43:56,Sale,368.18,11.12,29.44,386.5,Debit Card,11,False,True,True,Completed
TXN-0001710,RCP-00001710,PH-004,REG-05,EMP-0068,CUS-03565,2026-05-02 08:05:48,Sale,60.99,0,5.03,66.02,Cash,3,False,True,False,Completed
TXN-0001711,RCP-00001711,PH-002,REG-06,EMP-0025,CUS-00853,2026-07-21 21:33:06,Sale,234.39,14.93,18.1,237.56,Cash,5,False,True,True,Completed
TXN-0001712,RCP-00001712,PH-001,REG-02,EMP-0013,CUS-04009,2026-06-17 11:21:44,Sale,52.87,0.28,4.34,56.93,Credit Card,2,False,True,False,Completed
TXN-0001713,RCP-00001713,PH-003,REG-06,EMP-0058,CUS-03876,2026-06-25 13:12:16,Sale,414.49,2.34,34.0,446.15,Credit Card,7,False,True,False,Completed
TXN-0001714,RCP-00001714,PH-001,REG-02,EMP-0003,CUS-04088,2026-06-05 10:52:31,Sale,523.01,8.42,42.45,557.04,Credit Card,8,False,True,False,Completed
TXN-0001715,RCP-00001715,PH-003,REG-01,EMP-0064,CUS-00924,2026-07-01 16:41:56,Sale,118.4,3.54,9.48,124.34,Credit Card,5,False,True,False,Completed
TXN-0001716,RCP-00001716,PH-003,REG-02,EMP-0045,CUS-03233,2026-06-21 17:55:03,Sale,28.96,0,2.39,31.35,Credit Card,1,False,True,False,Completed
TXN-0001717,RCP-00001717,PH-003,REG-01,EMP-0056,,2026-05-04 16:08:35,Sale,260.5,6.16,20.99,275.33,Credit Card,5,False,False,False,Completed
TXN-0001718,RCP-00001718,PH-004,REG-06,EMP-0078,CUS-04416,2026-06-02 11:50:25,Sale,420.46,3.03,34.44,451.87,Debit Card,9,False,True,False,Completed
TXN-0001719,RCP-00001719,PH-002,REG-02,EMP-0024,,2026-07-29 18:43:12,Sale,104.21,1.3,8.5,111.41,Credit Card,7,False,False,False,Completed
TXN-0001720,RCP-00001720,PH-004,REG-01,EMP-0086,,2026-05-18 16:35:43,Sale,79.39,0,6.55,85.94,Cash,3,False,False,False,Completed
TXN-0001721,RCP-00001721,PH-002,REG-01,EMP-0037,CUS-00380,2026-07-05 21:26:57,Sale,170.44,0,14.06,184.5,Debit Card,5,False,True,False,Completed
TXN-0001722,RCP-00001722,PH-003,REG-02,EMP-0056,CUS-04857,2026-06-18 18:43:44,Sale,39.53,0,3.25,42.78,Credit Card,3,False,True,False,Completed
TXN-0001723,RCP-00001723,PH-001,REG-05,EMP-0002,,2026-06-16 18:55:43,Sale,184.44,0.6,15.17,199.01,Gift Card,4,False,False,False,Completed
TXN-0001724,RCP-00001724,PH-005,REG-04,EMP-0103,CUS-03439,2026-06-10 10:08:01,Sale,118.83,7.99,9.14,119.98,Credit Card,4,False,True,False,Completed
TXN-0001725,RCP-00001725,PH-004,REG-03,EMP-0082,CUS-03613,2026-06-06 09:23:04,Sale,378.56,17.62,29.79,390.73,Debit Card,8,False,True,False,Completed
TXN-0001726,RCP-00001726,PH-004,REG-04,EMP-0086,CUS-03395,2026-06-29 18:50:12,Sale,166.48,5.86,13.25,173.87,Credit Card,4,False,True,False,Completed
TXN-0001727,RCP-00001727,PH-002,REG-05,EMP-0034,,2026-05-04 14:07:38,Sale,62.85,3.14,4.93,64.64,Cash,1,False,False,False,Completed
TXN-0001728,RCP-00001728,PH-001,REG-04,EMP-0015,,2026-07-31 18:05:35,Sale,273.47,5.25,22.12,290.34,Credit Card,6,False,False,False,Completed
TXN-0001729,RCP-00001729,PH-003,REG-03,EMP-0061,,2026-07-25 14:51:19,Sale,185.8,20.33,13.65,179.12,Credit Card,6,False,False,False,Completed
TXN-0001730,RCP-00001730,PH-001,REG-05,EMP-0001,CUS-00274,2026-07-22 21:49:07,Sale,78.71,5.46,6.05,79.3,Cash,2,False,True,False,Completed
TXN-0001731,RCP-00001731,PH-005,REG-05,EMP-0103,CUS-01217,2026-07-24 15:59:11,Sale,22.63,1.13,1.77,23.27,Credit Card,1,False,True,False,Completed
TXN-0001732,RCP-00001732,PH-003,REG-06,EMP-0045,CUS-01131,2026-05-17 09:09:17,Sale,25.47,0,2.1,27.57,Credit Card,3,False,True,False,Completed
TXN-0001733,RCP-00001733,PH-004,REG-06,EMP-0069,CUS-01433,2026-06-29 08:40:55,Sale,39.75,0,3.28,43.03,Credit Card,2,False,True,False,Completed
TXN-0001734,RCP-00001734,PH-002,REG-01,EMP-0040,CUS-04515,2026-07-15 20:27:46,Sale,345.87,0,28.53,374.4,Gift Card,5,False,True,False,Completed
TXN-0001735,RCP-00001735,PH-002,REG-01,EMP-0039,,2026-05-26 16:15:48,Sale,189.38,0,15.63,205.01,Debit Card,5,False,False,False,Completed
TXN-0001736,RCP-00001736,PH-005,REG-05,EMP-0108,CUS-02145,2026-07-05 15:13:43,Sale,175.99,4.95,14.11,185.15,Debit Card,6,False,True,False,Completed
TXN-0001737,RCP-00001737,PH-003,REG-02,EMP-0047,,2026-05-29 19:02:01,Sale,289.58,16.55,22.53,295.56,Credit Card,6,False,False,False,Completed
TXN-0001738,RCP-00001738,PH-005,REG-04,EMP-0089,CUS-04456,2026-07-26 10:07:49,Sale,155.33,11.61,11.87,155.59,Credit Card,5,False,True,False,Completed
TXN-0001739,RCP-00001739,PH-005,REG-01,EMP-0091,,2026-05-09 13:42:19,Sale,161.42,0,13.32,174.74,Credit Card,6,False,False,False,Completed
TXN-0001740,RCP-00001740,PH-005,REG-03,EMP-0101,CUS-00803,2026-05-03 08:06:47,Sale,183.69,3.05,14.9,195.54,Gift Card,7,False,True,False,Completed
TXN-0001741,RCP-00001741,PH-002,REG-06,EMP-0024,CUS-02289,2026-07-06 16:40:32,Sale,23.74,0,1.96,25.7,Debit Card,1,False,True,False,Completed
TXN-0001742,RCP-00001742,PH-005,REG-02,EMP-0107,,2026-06-25 09:45:22,Sale,221.04,4.12,17.9,234.82,Debit Card,6,False,False,False,Completed
TXN-0001743,RCP-00001743,PH-005,REG-04,EMP-0108,CUS-02621,2026-06-05 12:17:46,Sale,111.24,27.11,6.95,91.08,Debit Card,4,False,True,True,Completed
TXN-0001744,RCP-00001744,PH-005,REG-02,EMP-0106,CUS-01289,2026-06-19 21:37:33,Sale,248.16,0,20.48,268.64,Cash,7,False,True,False,Completed
TXN-0001745,RCP-00001745,PH-005,REG-03,EMP-0090,,2026-07-12 13:51:13,Sale,272.8,9.4,21.72,285.12,Credit Card,5,False,False,False,Completed
TXN-0001746,RCP-00001746,PH-003,REG-04,EMP-0063,CUS-03218,2026-05-19 13:58:32,Sale,349.61,15.3,27.58,361.89,Credit Card,6,False,True,False,Completed
TXN-0001747,RCP-00001747,PH-001,REG-06,EMP-0001,,2026-06-03 12:30:05,Sale,52.19,0.99,4.22,55.42,Split Payment,2,False,False,False,Completed
TXN-0001748,RCP-00001748,PH-004,REG-01,EMP-0081,,2026-05-08 08:03:12,Sale,94.07,0,7.77,101.84,Debit Card,5,False,False,False,Completed
TXN-0001749,RCP-00001749,PH-003,REG-02,EMP-0047,CUS-02570,2026-05-18 20:56:17,Sale,104.95,0,8.66,113.61,Split Payment,3,False,True,False,Completed
TXN-0001750,RCP-00001750,PH-001,REG-02,EMP-0020,CUS-00354,2026-05-04 12:43:22,Sale,72.08,3.98,5.62,73.72,Cash,2,False,True,False,Completed
TXN-0001751,RCP-00001751,PH-001,REG-02,EMP-0006,CUS-03373,2026-05-09 12:37:25,Sale,49.85,0,4.11,53.96,Credit Card,2,False,True,False,Completed
TXN-0001752,RCP-00001752,PH-001,REG-01,EMP-0003,,2026-06-18 16:37:19,Sale,142.0,1.24,11.61,152.37,Debit Card,5,False,False,False,Completed
TXN-0001753,RCP-00001753,PH-001,REG-01,EMP-0012,,2026-05-19 18:16:43,Sale,140.71,0,11.61,152.32,Cash,4,False,False,False,Completed
TXN-0001754,RCP-00001754,PH-005,REG-02,EMP-0103,CUS-04426,2026-05-20 12:14:57,Sale,38.5,1.34,3.06,40.22,Debit Card,3,False,True,False,Completed
TXN-0001755,RCP-00001755,PH-005,REG-03,EMP-0102,CUS-03681,2026-07-05 15:20:41,Sale,112.47,0.11,9.27,121.63,Credit Card,4,False,True,False,Completed
TXN-0001756,RCP-00001756,PH-003,REG-03,EMP-0046,CUS-00962,2026-07-17 09:18:36,Sale,322.35,13.89,25.44,333.9,Debit Card,5,False,True,False,Completed
TXN-0001757,RCP-00001757,PH-003,REG-01,EMP-0061,CUS-04239,2026-06-05 17:00:55,Sale,172.33,0.73,14.16,185.76,Cash,5,False,True,False,Completed
TXN-0001758,RCP-00001758,PH-001,REG-06,EMP-0017,CUS-00724,2026-07-02 10:09:25,Sale,110.53,6.47,8.59,112.65,Debit Card,5,False,True,False,Completed
TXN-0001759,RCP-00001759,PH-005,REG-03,EMP-0103,,2026-07-15 08:04:12,Sale,127.3,2.94,10.26,134.62,Debit Card,5,False,False,False,Completed
TXN-0001760,RCP-00001760,PH-004,REG-02,EMP-0068,CUS-03502,2026-07-31 18:01:30,Sale,239.51,9.11,19.01,249.41,Credit Card,3,False,True,False,Completed
TXN-0001761,RCP-00001761,PH-005,REG-03,EMP-0089,,2026-06-05 17:03:30,Sale,24.24,0,2.0,26.24,Debit Card,1,False,False,False,Completed
TXN-0001762,RCP-00001762,PH-001,REG-05,EMP-0001,,2026-07-15 08:49:37,Sale,54.23,0,4.47,58.7,Credit Card,1,False,False,False,Completed
TXN-0001763,RCP-00001763,PH-002,REG-06,EMP-0036,CUS-02091,2026-07-05 17:33:43,Sale,86.79,2.96,6.92,90.75,Gift Card,3,False,True,False,Completed
TXN-0001764,RCP-00001764,PH-003,REG-01,EMP-0046,CUS-01679,2026-05-13 12:41:58,Sale,74.24,0,6.13,80.37,Credit Card,2,False,True,False,Completed
TXN-0001765,RCP-00001765,PH-004,REG-05,EMP-0081,CUS-03500,2026-07-02 19:59:23,Sale,66.85,1.34,5.4,70.91,Gift Card,3,False,True,False,Completed
TXN-0001766,RCP-00001766,PH-001,REG-02,EMP-0002,,2026-05-25 17:11:04,Sale,127.85,1.18,10.45,137.12,Credit Card,4,False,False,False,Completed
TXN-0001767,RCP-00001767,PH-003,REG-05,EMP-0064,,2026-05-13 17:42:22,Sale,89.65,0.81,7.33,96.17,Debit Card,4,False,False,False,Completed
TXN-0001768,RCP-00001768,PH-003,REG-02,EMP-0064,CUS-01143,2026-05-03 11:25:42,Sale,171.21,0,14.13,185.34,Credit Card,5,False,True,False,Completed
TXN-0001769,RCP-00001769,PH-001,REG-05,EMP-0014,CUS-01752,2026-06-27 16:48:12,Sale,318.26,1.72,26.12,342.66,Debit Card,5,False,True,False,Completed
TXN-0001770,RCP-00001770,PH-003,REG-04,EMP-0063,CUS-00987,2026-06-25 19:39:17,Sale,204.0,0,16.83,220.83,Credit Card,4,False,True,False,Completed
TXN-0001771,RCP-00001771,PH-001,REG-02,EMP-0019,CUS-02802,2026-05-04 20:10:55,Sale,174.14,0,14.37,188.51,Debit Card,5,False,True,False,Completed
TXN-0001772,RCP-00001772,PH-001,REG-04,EMP-0014,CUS-02005,2026-06-27 21:33:19,Sale,43.0,0,3.55,46.55,Cash,1,False,True,False,Completed
TXN-0001773,RCP-00001773,PH-002,REG-01,EMP-0041,CUS-01008,2026-07-01 20:13:19,Sale,130.12,7.91,10.08,132.29,Debit Card,4,False,True,False,Completed
TXN-0001774,RCP-00001774,PH-004,REG-01,EMP-0084,,2026-06-06 08:41:03,Sale,270.86,0,22.35,293.21,Debit Card,4,False,False,False,Completed
TXN-0001775,RCP-00001775,PH-004,REG-05,EMP-0083,CUS-00869,2026-05-15 11:21:11,Sale,42.81,0,3.53,46.34,Credit Card,2,False,True,False,Completed
TXN-0001776,RCP-00001776,PH-001,REG-03,EMP-0006,CUS-03040,2026-07-23 15:53:01,Sale,474.12,7.53,38.5,505.09,Debit Card,8,False,True,False,Completed
TXN-0001777,RCP-00001777,PH-002,REG-06,EMP-0024,,2026-06-23 18:18:02,Sale,302.11,20.83,23.19,304.47,Credit Card,8,False,False,False,Completed
TXN-0001778,RCP-00001778,PH-004,REG-01,EMP-0069,CUS-00478,2026-06-30 21:26:35,Sale,310.64,0,25.63,336.27,Debit Card,6,False,True,False,Completed
TXN-0001779,RCP-00001779,PH-001,REG-01,EMP-0017,,2026-06-11 16:41:53,Sale,229.4,19.87,17.29,226.82,Debit Card,5,False,False,False,Completed
TXN-0001780,RCP-00001780,PH-001,REG-05,EMP-0020,CUS-01370,2026-07-14 13:01:08,Sale,176.43,8.76,13.83,181.5,Credit Card,5,False,True,False,Completed
TXN-0001781,RCP-00001781,PH-001,REG-05,EMP-0015,CUS-01381,2026-07-23 20:32:21,Sale,156.54,13.53,11.79,154.8,Split Payment,4,False,True,False,Completed
TXN-0001782,RCP-00001782,PH-001,REG-05,EMP-0014,CUS-01693,2026-07-31 19:51:40,Sale,112.52,7.11,8.7,114.11,Credit Card,3,False,True,False,Completed
TXN-0001783,RCP-00001783,PH-002,REG-05,EMP-0024,CUS-02324,2026-06-30 09:11:28,Sale,242.62,3.51,19.74,258.85,Credit Card,5,False,True,False,Completed
TXN-0001784,RCP-00001784,PH-004,REG-05,EMP-0083,CUS-01862,2026-07-19 12:32:55,Sale,298.75,0,24.65,323.4,Credit Card,7,False,True,False,Completed
TXN-0001785,RCP-00001785,PH-005,REG-02,EMP-0090,CUS-02443,2026-06-27 17:10:25,Sale,189.63,2.2,15.45,202.88,Credit Card,6,False,True,False,Completed
TXN-0001786,RCP-00001786,PH-003,REG-03,EMP-0060,CUS-02587,2026-06-06 20:32:38,Sale,36.28,0.58,2.94,38.64,Credit Card,2,False,True,False,Completed
TXN-0001787,RCP-00001787,PH-001,REG-01,EMP-0003,CUS-01599,2026-07-16 21:39:36,Sale,93.56,0,7.72,101.28,Credit Card,4,False,True,False,Completed
TXN-0001788,RCP-00001788,PH-001,REG-02,EMP-0001,CUS-03782,2026-05-16 11:43:50,Sale,239.03,7.82,19.09,250.3,Cash,6,False,True,False,Completed
TXN-0001789,RCP-00001789,PH-001,REG-04,EMP-0006,CUS-01983,2026-07-12 09:50:04,Sale,106.46,7.62,8.16,107.0,Cash,5,False,True,False,Completed
TXN-0001790,RCP-00001790,PH-001,REG-03,EMP-0001,CUS-01947,2026-07-28 13:26:36,Sale,222.7,3.56,18.08,237.22,Cash,7,False,True,False,Completed
TXN-0001791,RCP-00001791,PH-004,REG-06,EMP-0081,CUS-04727,2026-05-26 20:48:57,Sale,152.84,0,12.62,165.46,Debit Card,3,False,True,False,Completed
TXN-0001792,RCP-00001792,PH-002,REG-06,EMP-0035,CUS-01993,2026-06-01 16:03:21,Sale,186.9,3.68,15.12,198.34,Cash,4,False,True,False,Completed
TXN-0001793,RCP-00001793,PH-004,REG-05,EMP-0083,,2026-07-09 15:45:45,Sale,38.26,0,3.16,41.42,Cash,2,False,False,False,Completed
TXN-0001794,RCP-00001794,PH-002,REG-03,EMP-0041,,2026-06-17 13:49:41,Sale,59.86,1.89,4.78,62.75,Debit Card,2,False,False,False,Completed
TXN-0001795,RCP-00001795,PH-005,REG-03,EMP-0090,CUS-00935,2026-06-01 15:04:34,Sale,380.63,11.41,30.45,399.67,Debit Card,8,False,True,True,Completed
TXN-0001796,RCP-00001796,PH-001,REG-03,EMP-0016,,2026-06-10 21:42:44,Sale,251.71,0,20.77,272.48,Split Payment,6,False,False,False,Completed
TXN-0001797,RCP-00001797,PH-002,REG-03,EMP-0040,CUS-03372,2026-07-14 12:08:27,Sale,88.99,8.4,6.65,87.24,Split Payment,3,False,True,False,Completed
TXN-0001798,RCP-00001798,PH-001,REG-02,EMP-0019,CUS-02219,2026-07-14 11:31:37,Sale,76.75,0,6.33,83.08,Credit Card,2,False,True,False,Completed
TXN-0001799,RCP-00001799,PH-001,REG-03,EMP-0013,CUS-03942,2026-07-25 09:04:23,Sale,563.98,21.4,44.77,587.35,Gift Card,7,False,True,False,Completed
TXN-0001800,RCP-00001800,PH-004,REG-06,EMP-0068,CUS-00912,2026-05-16 18:29:35,Sale,145.31,12.63,10.96,143.64,Cash,5,False,True,False,Completed
TXN-0001801,RCP-00001801,PH-005,REG-06,EMP-0101,CUS-02793,2026-05-22 12:33:20,Sale,235.02,14.41,18.21,238.82,Debit Card,6,False,True,False,Completed
TXN-0001802,RCP-00001802,PH-001,REG-03,EMP-0002,CUS-00633,2026-07-20 16:14:57,Sale,451.81,4.32,36.92,484.41,Credit Card,6,False,True,False,Completed
TXN-0001803,RCP-00001803,PH-002,REG-04,EMP-0041,CUS-01580,2026-06-07 21:43:29,Sale,221.99,59.92,13.37,175.44,Split Payment,5,False,True,True,Completed
TXN-0001804,RCP-00001804,PH-003,REG-03,EMP-0046,CUS-02958,2026-05-07 10:11:00,Sale,55.38,0,4.57,59.95,Debit Card,2,False,True,False,Completed
TXN-0001805,RCP-00001805,PH-004,REG-03,EMP-0068,CUS-01064,2026-06-23 12:11:51,Sale,48.56,0,4.01,52.57,Cash,1,False,True,False,Completed
TXN-0001806,RCP-00001806,PH-002,REG-03,EMP-0040,CUS-03244,2026-05-04 09:40:58,Sale,125.23,12.53,9.3,122.0,Credit Card,4,False,True,False,Completed
TXN-0001807,RCP-00001807,PH-003,REG-03,EMP-0062,CUS-00894,2026-07-08 20:30:27,Sale,150.1,0,12.4,162.5,Credit Card,6,False,True,False,Completed
TXN-0001808,RCP-00001808,PH-005,REG-03,EMP-0103,CUS-02915,2026-07-29 20:51:28,Sale,103.31,2.35,8.33,109.29,Cash,4,False,True,False,Completed
TXN-0001809,RCP-00001809,PH-001,REG-01,EMP-0012,CUS-04887,2026-06-14 10:41:37,Sale,132.62,6.05,10.44,137.01,Cash,3,False,True,False,Completed
TXN-0001810,RCP-00001810,PH-003,REG-02,EMP-0047,,2026-06-08 12:57:13,Sale,124.42,0,10.27,134.69,Debit Card,4,False,False,False,Completed
TXN-0001811,RCP-00001811,PH-002,REG-05,EMP-0039,CUS-01562,2026-06-02 08:22:15,Sale,168.97,0,13.93,182.9,Cash,6,False,True,False,Completed
TXN-0001812,RCP-00001812,PH-002,REG-02,EMP-0041,CUS-04178,2026-07-20 19:05:06,Sale,362.32,33.87,27.1,355.55,Debit Card,5,False,True,False,Completed
TXN-0001813,RCP-00001813,PH-004,REG-01,EMP-0086,CUS-03423,2026-06-15 18:46:35,Sale,34.2,6.84,2.26,29.62,Debit Card,1,False,True,False,Completed
TXN-0001814,RCP-00001814,PH-003,REG-02,EMP-0046,CUS-02712,2026-05-03 10:44:05,Sale,32.34,0,2.67,35.01,Debit Card,1,False,True,False,Completed
TXN-0001815,RCP-00001815,PH-001,REG-02,EMP-0015,CUS-01215,2026-07-09 16:55:10,Sale,314.0,1.94,25.74,337.8,Cash,4,False,True,False,Completed
TXN-0001816,RCP-00001816,PH-001,REG-02,EMP-0003,CUS-00251,2026-05-19 18:31:13,Sale,198.78,2.34,16.21,212.65,Credit Card,7,False,True,False,Completed
TXN-0001817,RCP-00001817,PH-004,REG-01,EMP-0083,,2026-06-07 20:09:40,Sale,203.48,0,16.8,220.28,Debit Card,4,False,False,False,Completed
TXN-0001818,RCP-00001818,PH-002,REG-06,EMP-0041,,2026-07-31 08:00:32,Sale,249.85,0,20.61,270.46,Credit Card,6,False,False,False,Completed
TXN-0001819,RCP-00001819,PH-001,REG-05,EMP-0012,,2026-06-18 14:41:09,Sale,63.63,3.3,4.98,65.31,Cash,2,False,False,False,Completed
TXN-0001820,RCP-00001820,PH-003,REG-03,EMP-0061,CUS-02444,2026-06-30 12:04:49,Sale,405.24,7.09,32.84,430.99,Credit Card,11,False,True,False,Completed
TXN-0001821,RCP-00001821,PH-005,REG-05,EMP-0106,CUS-00109,2026-07-05 14:59:49,Sale,154.76,8.62,12.05,158.19,Credit Card,5,False,True,False,Completed
TXN-0001822,RCP-00001822,PH-002,REG-06,EMP-0040,CUS-01112,2026-07-12 15:08:37,Sale,371.31,0.58,30.58,401.31,Credit Card,4,False,True,False,Completed
TXN-0001823,RCP-00001823,PH-005,REG-05,EMP-0102,CUS-00248,2026-07-28 13:32:51,Sale,30.7,0,2.54,33.24,Credit Card,2,False,True,False,Completed
TXN-0001824,RCP-00001824,PH-001,REG-05,EMP-0018,CUS-02081,2026-06-22 16:49:40,Sale,401.05,13.06,32.0,419.99,Debit Card,7,False,True,False,Completed
TXN-0001825,RCP-00001825,PH-004,REG-03,EMP-0078,CUS-03369,2026-05-16 19:28:16,Sale,9.27,0.46,0.73,9.54,Gift Card,1,False,True,False,Completed
TXN-0001826,RCP-00001826,PH-002,REG-01,EMP-0042,CUS-00193,2026-07-17 10:14:20,Sale,73.59,7.27,5.47,71.79,Credit Card,3,False,True,False,Completed
TXN-0001827,RCP-00001827,PH-001,REG-01,EMP-0016,,2026-05-26 09:09:23,Sale,58.34,5.12,4.39,57.61,Credit Card,2,False,False,False,Completed
TXN-0001828,RCP-00001828,PH-005,REG-02,EMP-0091,CUS-04013,2026-06-22 16:20:21,Sale,129.13,4.31,10.29,135.11,Cash,4,False,True,False,Completed
TXN-0001829,RCP-00001829,PH-001,REG-02,EMP-0016,CUS-02225,2026-07-17 09:00:03,Sale,321.98,1.67,26.42,346.73,Debit Card,8,False,True,False,Completed
TXN-0001830,RCP-00001830,PH-004,REG-02,EMP-0086,CUS-04448,2026-06-12 11:42:45,Sale,146.29,0,12.07,158.36,Split Payment,4,False,True,False,Completed
TXN-0001831,RCP-00001831,PH-003,REG-03,EMP-0064,CUS-02403,2026-06-13 20:20:18,Sale,97.8,7.17,7.48,98.11,Credit Card,4,False,True,False,Completed
TXN-0001832,RCP-00001832,PH-001,REG-03,EMP-0002,,2026-05-17 15:18:58,Sale,363.63,6.08,29.51,387.06,Credit Card,6,False,False,False,Completed
TXN-0001833,RCP-00001833,PH-005,REG-06,EMP-0090,,2026-05-02 11:44:43,Sale,244.12,0.79,20.07,263.4,Credit Card,6,False,False,False,Completed
TXN-0001834,RCP-00001834,PH-001,REG-03,EMP-0001,CUS-00677,2026-06-06 15:42:51,Sale,178.01,15.08,13.44,176.37,Cash,5,False,True,False,Completed
TXN-0001835,RCP-00001835,PH-002,REG-03,EMP-0040,CUS-03064,2026-06-19 18:09:53,Sale,661.11,55.38,49.98,655.71,Credit Card,7,False,True,False,Completed
TXN-0001836,RCP-00001836,PH-001,REG-06,EMP-0013,CUS-03499,2026-07-13 19:27:11,Sale,91.09,0,7.51,98.6,Credit Card,2,False,True,False,Completed
TXN-0001837,RCP-00001837,PH-005,REG-01,EMP-0089,CUS-02040,2026-07-27 12:06:43,Sale,101.1,10.11,7.51,98.5,Debit Card,1,False,True,False,Completed
TXN-0001838,RCP-00001838,PH-002,REG-04,EMP-0025,CUS-03751,2026-06-18 15:57:31,Sale,152.84,0.55,12.57,164.86,Debit Card,5,False,True,False,Completed
TXN-0001839,RCP-00001839,PH-001,REG-02,EMP-0006,CUS-01618,2026-06-23 11:09:49,Sale,284.05,0,23.44,307.49,Debit Card,5,False,True,False,Completed
TXN-0001840,RCP-00001840,PH-002,REG-01,EMP-0039,CUS-04572,2026-06-19 09:03:46,Sale,131.69,3.28,10.6,139.01,Gift Card,5,False,True,False,Completed
TXN-0001841,RCP-00001841,PH-002,REG-06,EMP-0038,CUS-04116,2026-06-09 17:52:00,Sale,330.43,19.94,25.61,336.1,Credit Card,7,False,True,False,Completed
TXN-0001842,RCP-00001842,PH-001,REG-02,EMP-0020,CUS-04339,2026-07-17 12:54:36,Sale,353.68,20.71,27.47,360.44,Credit Card,5,False,True,False,Completed
TXN-0001843,RCP-00001843,PH-002,REG-02,EMP-0038,CUS-04362,2026-06-11 13:42:13,Sale,101.7,4.73,8.0,104.97,Cash,4,False,True,False,Completed
TXN-0001844,RCP-00001844,PH-005,REG-02,EMP-0089,CUS-03490,2026-06-23 17:15:41,Sale,261.45,5.12,21.15,277.48,Split Payment,5,False,True,False,Completed
TXN-0001845,RCP-00001845,PH-001,REG-02,EMP-0001,CUS-03672,2026-05-10 13:49:31,Sale,133.01,0,10.97,143.98,Cash,4,False,True,False,Completed
TXN-0001846,RCP-00001846,PH-002,REG-04,EMP-0040,CUS-00669,2026-05-25 10:01:02,Sale,134.79,26.96,8.9,116.73,Credit Card,1,False,True,False,Completed
TXN-0001847,RCP-00001847,PH-003,REG-04,EMP-0056,CUS-01006,2026-05-14 14:15:46,Sale,182.31,0,15.05,197.36,Gift Card,5,False,True,False,Completed
TXN-0001848,RCP-00001848,PH-005,REG-01,EMP-0103,CUS-02529,2026-05-22 21:17:36,Sale,210.71,0,17.37,228.08,Credit Card,6,False,True,False,Completed
TXN-0001849,RCP-00001849,PH-002,REG-04,EMP-0024,CUS-02277,2026-06-17 14:12:43,Sale,192.72,0,15.91,208.63,Cash,5,False,True,False,Completed
TXN-0001850,RCP-00001850,PH-003,REG-02,EMP-0059,CUS-04972,2026-06-15 19:21:47,Sale,141.84,10.57,10.83,142.1,Credit Card,4,False,True,False,Completed
TXN-0001851,RCP-00001851,PH-002,REG-05,EMP-0034,,2026-05-25 18:20:54,Sale,183.09,0,15.11,198.2,Split Payment,4,False,False,False,Completed
TXN-0001852,RCP-00001852,PH-003,REG-06,EMP-0062,CUS-04968,2026-06-18 13:34:23,Sale,135.11,0,11.14,146.25,Debit Card,3,False,True,False,Completed
TXN-0001853,RCP-00001853,PH-001,REG-04,EMP-0012,,2026-06-17 09:22:48,Sale,58.82,0,4.85,63.67,Credit Card,2,False,False,False,Completed
TXN-0001854,RCP-00001854,PH-005,REG-03,EMP-0104,CUS-00154,2026-05-17 21:27:14,Sale,44.23,3.38,3.37,44.22,Credit Card,3,False,True,False,Completed
TXN-0001855,RCP-00001855,PH-004,REG-06,EMP-0083,,2026-05-28 11:38:58,Sale,66.99,13.66,4.4,57.73,Cash,2,False,False,True,Completed
TXN-0001856,RCP-00001856,PH-003,REG-05,EMP-0059,CUS-01120,2026-07-06 10:08:44,Sale,159.36,1.63,13.01,170.74,Credit Card,4,False,True,True,Completed
TXN-0001857,RCP-00001857,PH-005,REG-05,EMP-0091,,2026-05-11 19:41:01,Sale,153.68,8.66,11.96,156.98,Credit Card,5,False,False,False,Completed
TXN-0001858,RCP-00001858,PH-002,REG-01,EMP-0041,CUS-02798,2026-05-15 16:32:51,Sale,205.39,7.22,16.35,214.52,Cash,5,False,True,False,Completed
TXN-0001859,RCP-00001859,PH-004,REG-03,EMP-0086,CUS-04562,2026-06-21 12:45:38,Sale,194.96,0.53,16.05,210.48,Debit Card,8,False,True,False,Completed
TXN-0001860,RCP-00001860,PH-004,REG-06,EMP-0084,CUS-03081,2026-05-10 11:31:12,Sale,135.03,20.88,9.41,123.56,Cash,3,False,True,True,Completed
TXN-0001861,RCP-00001861,PH-001,REG-04,EMP-0018,CUS-02292,2026-07-15 10:48:50,Sale,75.28,1.01,6.13,80.4,Credit Card,3,False,True,False,Completed
TXN-0001862,RCP-00001862,PH-002,REG-06,EMP-0039,CUS-02209,2026-07-14 09:37:59,Sale,153.2,9.84,11.83,155.19,Debit Card,3,False,True,False,Completed
TXN-0001863,RCP-00001863,PH-002,REG-01,EMP-0023,CUS-04088,2026-06-13 18:48:18,Sale,164.01,0,13.53,177.54,Credit Card,5,False,True,False,Completed
TXN-0001864,RCP-00001864,PH-005,REG-06,EMP-0100,CUS-04895,2026-07-17 18:17:42,Sale,149.62,0,12.33,161.95,Credit Card,4,False,True,False,Completed
TXN-0001865,RCP-00001865,PH-004,REG-03,EMP-0069,,2026-06-26 19:42:14,Sale,282.33,6.71,22.74,298.36,Debit Card,5,False,False,False,Completed
TXN-0001866,RCP-00001866,PH-003,REG-06,EMP-0056,CUS-01616,2026-06-17 10:19:27,Sale,147.8,0,12.2,160.0,Debit Card,4,False,True,False,Completed
TXN-0001867,RCP-00001867,PH-001,REG-06,EMP-0002,,2026-06-02 12:43:30,Sale,64.26,0,5.3,69.56,Credit Card,3,False,False,False,Completed
TXN-0001868,RCP-00001868,PH-005,REG-02,EMP-0104,CUS-02187,2026-06-16 16:20:10,Sale,159.71,3.06,12.92,169.57,Cash,4,False,True,False,Completed
TXN-0001869,RCP-00001869,PH-002,REG-05,EMP-0039,,2026-07-26 21:41:49,Sale,256.02,0,21.11,277.13,Debit Card,5,False,False,False,Completed
TXN-0001870,RCP-00001870,PH-003,REG-04,EMP-0064,CUS-01217,2026-07-08 18:25:05,Sale,193.18,2.8,15.71,206.09,Debit Card,5,False,True,False,Completed
TXN-0001871,RCP-00001871,PH-002,REG-04,EMP-0039,CUS-03320,2026-07-31 18:01:16,Sale,431.04,0,35.57,466.61,Debit Card,5,False,True,False,Completed
TXN-0001872,RCP-00001872,PH-005,REG-01,EMP-0100,CUS-03355,2026-07-02 20:27:56,Sale,54.2,0,4.47,58.67,Credit Card,1,False,True,False,Completed
TXN-0001873,RCP-00001873,PH-003,REG-01,EMP-0062,CUS-01632,2026-05-13 14:45:26,Sale,64.84,0,5.35,70.19,Debit Card,2,False,True,False,Completed
TXN-0001874,RCP-00001874,PH-004,REG-01,EMP-0084,CUS-00439,2026-06-22 21:34:38,Sale,35.79,0,2.95,38.74,Debit Card,2,False,True,False,Completed
TXN-0001875,RCP-00001875,PH-001,REG-01,EMP-0003,CUS-04310,2026-05-14 09:55:22,Sale,254.25,0,20.99,275.24,Credit Card,4,False,True,False,Completed
TXN-0001876,RCP-00001876,PH-004,REG-06,EMP-0083,CUS-01667,2026-07-27 09:53:18,Sale,182.31,12.35,14.02,183.98,Debit Card,5,False,True,False,Completed
TXN-0001877,RCP-00001877,PH-004,REG-04,EMP-0067,CUS-00248,2026-07-15 18:34:02,Sale,251.0,3.36,20.44,268.08,Credit Card,6,False,True,False,Completed
TXN-0001878,RCP-00001878,PH-004,REG-02,EMP-0069,CUS-04861,2026-05-20 08:22:26,Sale,185.14,0,15.27,200.41,Cash,3,False,True,False,Completed
TXN-0001879,RCP-00001879,PH-001,REG-03,EMP-0012,CUS-00327,2026-07-06 20:27:00,Sale,268.95,14.99,20.96,274.92,Cash,4,False,True,False,Completed
TXN-0001880,RCP-00001880,PH-005,REG-05,EMP-0105,,2026-06-06 20:43:45,Sale,154.93,0,12.78,167.71,Debit Card,4,False,False,False,Completed
TXN-0001881,RCP-00001881,PH-003,REG-03,EMP-0061,,2026-07-06 13:57:05,Sale,151.39,0.84,12.43,162.98,Cash,3,False,False,False,Completed
TXN-0001882,RCP-00001882,PH-005,REG-04,EMP-0108,CUS-01514,2026-07-09 15:47:36,Sale,227.48,9.53,17.98,235.93,Cash,6,False,True,False,Completed
TXN-0001883,RCP-00001883,PH-003,REG-04,EMP-0059,CUS-02776,2026-05-07 15:59:54,Sale,262.43,8.16,20.98,275.25,Debit Card,4,False,True,False,Completed
TXN-0001884,RCP-00001884,PH-004,REG-02,EMP-0069,CUS-03860,2026-05-11 15:13:35,Sale,197.12,1.35,16.15,211.92,Cash,5,False,True,False,Completed
TXN-0001885,RCP-00001885,PH-001,REG-04,EMP-0001,CUS-00908,2026-06-22 19:25:03,Sale,215.64,12.61,16.76,219.79,Credit Card,7,False,True,False,Completed
TXN-0001886,RCP-00001886,PH-001,REG-06,EMP-0006,CUS-03234,2026-07-31 15:19:31,Sale,83.79,0,6.91,90.7,Credit Card,3,False,True,False,Completed
TXN-0001887,RCP-00001887,PH-004,REG-04,EMP-0085,CUS-03202,2026-06-01 18:45:51,Sale,238.01,14.16,18.46,242.31,Cash,6,False,True,False,Completed
TXN-0001888,RCP-00001888,PH-004,REG-03,EMP-0069,,2026-05-09 13:05:20,Sale,177.9,16.08,13.35,175.17,Credit Card,5,False,False,False,Completed
TXN-0001889,RCP-00001889,PH-005,REG-02,EMP-0102,CUS-04288,2026-05-14 15:14:17,Sale,234.14,0,19.32,253.46,Debit Card,2,False,True,False,Completed
TXN-0001890,RCP-00001890,PH-003,REG-02,EMP-0045,,2026-07-14 13:51:21,Sale,211.88,0,17.48,229.36,Debit Card,7,False,False,False,Completed
TXN-0001891,RCP-00001891,PH-001,REG-02,EMP-0018,CUS-02839,2026-07-04 15:05:53,Sale,115.68,0,9.55,125.23,Debit Card,3,False,True,False,Completed
TXN-0001892,RCP-00001892,PH-002,REG-02,EMP-0035,CUS-01565,2026-05-04 18:59:31,Sale,211.73,6.77,16.91,221.87,Debit Card,5,False,True,False,Completed
TXN-0001893,RCP-00001893,PH-003,REG-06,EMP-0047,CUS-03092,2026-06-27 14:15:33,Sale,154.42,0.86,12.67,166.23,Debit Card,4,False,True,False,Completed
TXN-0001894,RCP-00001894,PH-005,REG-04,EMP-0101,,2026-07-12 09:06:54,Sale,134.8,4.9,10.71,140.61,Debit Card,4,False,False,False,Completed
TXN-0001895,RCP-00001895,PH-003,REG-04,EMP-0062,CUS-00764,2026-07-05 14:07:53,Sale,323.51,37.25,23.63,309.89,Credit Card,6,False,True,False,Completed
TXN-0001896,RCP-00001896,PH-004,REG-03,EMP-0068,CUS-04319,2026-06-24 20:12:10,Sale,33.77,0,2.79,36.56,Credit Card,1,False,True,False,Completed
TXN-0001897,RCP-00001897,PH-001,REG-05,EMP-0001,CUS-00533,2026-07-06 16:12:28,Sale,176.27,4.14,14.2,186.33,Cash,6,False,True,False,Completed
TXN-0001898,RCP-00001898,PH-001,REG-01,EMP-0003,,2026-07-28 15:07:11,Sale,47.49,0,3.92,51.41,Credit Card,1,False,False,False,Completed
TXN-0001899,RCP-00001899,PH-004,REG-03,EMP-0079,,2026-05-16 11:51:09,Sale,267.44,0,22.07,289.51,Credit Card,3,False,False,False,Completed
TXN-0001900,RCP-00001900,PH-004,REG-02,EMP-0084,CUS-02079,2026-07-12 10:55:21,Sale,183.9,7.02,14.59,191.47,Cash,3,False,True,False,Completed
TXN-0001901,RCP-00001901,PH-005,REG-06,EMP-0100,CUS-00400,2026-07-24 21:11:49,Sale,258.1,19.13,19.71,258.68,Cash,6,False,True,False,Completed
TXN-0001902,RCP-00001902,PH-003,REG-03,EMP-0063,CUS-02846,2026-07-26 13:14:24,Sale,154.04,7.55,12.08,158.57,Debit Card,6,False,True,True,Completed
TXN-0001903,RCP-00001903,PH-001,REG-06,EMP-0013,CUS-01109,2026-07-25 16:06:01,Sale,278.35,1.62,22.83,299.56,Split Payment,6,False,True,False,Completed
TXN-0001904,RCP-00001904,PH-001,REG-06,EMP-0002,,2026-07-22 11:42:33,Sale,94.79,0,7.82,102.61,Credit Card,3,False,False,False,Completed
TXN-0001905,RCP-00001905,PH-002,REG-02,EMP-0025,CUS-03945,2026-05-02 15:40:25,Sale,213.68,0,17.62,231.3,Debit Card,5,False,True,False,Completed
TXN-0001906,RCP-00001906,PH-004,REG-02,EMP-0084,CUS-03690,2026-05-23 11:31:29,Sale,231.22,0,19.08,250.3,Cash,6,False,True,False,Completed
TXN-0001907,RCP-00001907,PH-003,REG-05,EMP-0047,CUS-04728,2026-07-13 09:48:16,Sale,20.59,0,1.7,22.29,Cash,1,False,True,False,Completed
TXN-0001908,RCP-00001908,PH-004,REG-05,EMP-0078,CUS-04948,2026-05-19 09:06:55,Sale,91.96,0,7.58,99.54,Credit Card,2,False,True,False,Completed
TXN-0001909,RCP-00001909,PH-003,REG-06,EMP-0061,CUS-04830,2026-05-16 16:49:05,Sale,108.22,0,8.92,117.14,Cash,3,False,True,False,Completed
TXN-0001910,RCP-00001910,PH-003,REG-02,EMP-0045,CUS-03653,2026-06-09 19:13:12,Sale,49.65,0,4.09,53.74,Credit Card,2,False,True,False,Completed
TXN-0001911,RCP-00001911,PH-002,REG-06,EMP-0024,CUS-04320,2026-07-17 17:10:49,Sale,149.14,1.28,12.2,160.06,Cash,5,False,True,False,Completed
TXN-0001912,RCP-00001912,PH-001,REG-03,EMP-0003,CUS-04711,2026-05-21 20:19:09,Sale,285.87,7.05,23.0,301.82,Debit Card,7,False,True,False,Completed
TXN-0001913,RCP-00001913,PH-004,REG-04,EMP-0082,CUS-01264,2026-05-29 18:15:09,Sale,416.39,1.92,34.2,448.67,Credit Card,6,False,True,False,Completed
TXN-0001914,RCP-00001914,PH-005,REG-04,EMP-0105,CUS-03939,2026-05-17 15:26:38,Sale,111.36,0,9.19,120.55,Credit Card,2,False,True,False,Completed
TXN-0001915,RCP-00001915,PH-003,REG-06,EMP-0060,CUS-02510,2026-07-06 09:42:29,Sale,138.98,1.71,11.32,148.59,Debit Card,6,False,True,False,Completed
TXN-0001916,RCP-00001916,PH-003,REG-01,EMP-0057,CUS-01239,2026-06-04 09:21:50,Sale,105.91,8.46,8.04,105.49,Credit Card,4,False,True,False,Completed
TXN-0001917,RCP-00001917,PH-001,REG-03,EMP-0013,CUS-04768,2026-07-18 19:31:49,Sale,93.69,6.16,7.22,94.75,Credit Card,4,False,True,True,Completed
TXN-0001918,RCP-00001918,PH-002,REG-06,EMP-0035,,2026-07-11 14:49:48,Sale,186.57,0,15.4,201.97,Cash,6,False,False,False,Completed
TXN-0001919,RCP-00001919,PH-002,REG-01,EMP-0039,CUS-02046,2026-07-26 16:37:19,Sale,277.66,0,22.9,300.56,Debit Card,4,False,True,False,Completed
TXN-0001920,RCP-00001920,PH-001,REG-02,EMP-0002,CUS-04950,2026-05-17 11:44:54,Sale,162.36,9.39,12.61,165.58,Credit Card,3,False,True,False,Completed
TXN-0001921,RCP-00001921,PH-002,REG-01,EMP-0025,,2026-05-30 15:10:19,Sale,249.02,0,20.55,269.57,Credit Card,5,False,False,False,Completed
TXN-0001922,RCP-00001922,PH-005,REG-06,EMP-0102,,2026-05-12 21:28:51,Sale,444.93,0,36.7,481.63,Credit Card,6,False,False,False,Completed
TXN-0001923,RCP-00001923,PH-002,REG-04,EMP-0039,,2026-06-15 10:20:51,Sale,129.47,0,10.68,140.15,Debit Card,4,False,False,False,Completed
TXN-0001924,RCP-00001924,PH-004,REG-02,EMP-0067,CUS-01542,2026-06-15 09:41:38,Sale,116.9,9.83,8.83,115.9,Credit Card,3,False,True,False,Completed
TXN-0001925,RCP-00001925,PH-005,REG-02,EMP-0102,CUS-04418,2026-05-10 19:31:29,Sale,53.21,0,4.39,57.6,Credit Card,2,False,True,False,Completed
TXN-0001926,RCP-00001926,PH-003,REG-04,EMP-0064,,2026-07-01 08:39:42,Sale,294.27,2.31,24.09,316.05,Debit Card,7,False,False,False,Completed
TXN-0001927,RCP-00001927,PH-003,REG-01,EMP-0045,CUS-03413,2026-07-06 17:33:25,Sale,558.53,11.3,45.15,592.38,Credit Card,12,False,True,False,Completed
TXN-0001928,RCP-00001928,PH-002,REG-01,EMP-0040,,2026-06-20 21:44:21,Sale,12.33,0,1.02,13.35,Cash,1,False,False,False,Completed
TXN-0001929,RCP-00001929,PH-005,REG-03,EMP-0107,CUS-01264,2026-07-11 19:22:58,Sale,28.79,1.02,2.29,30.06,Gift Card,3,False,True,False,Completed
TXN-0001930,RCP-00001930,PH-001,REG-02,EMP-0012,CUS-00431,2026-06-06 16:46:56,Sale,180.52,10.94,13.99,183.57,Cash,4,False,True,False,Completed
TXN-0001931,RCP-00001931,PH-005,REG-02,EMP-0108,CUS-03205,2026-05-19 21:44:03,Sale,100.91,0,8.33,109.24,Credit Card,4,False,True,False,Completed
TXN-0001932,RCP-00001932,PH-002,REG-05,EMP-0036,CUS-01320,2026-05-10 08:54:55,Sale,173.25,8.17,13.62,178.7,Credit Card,8,False,True,True,Completed
TXN-0001933,RCP-00001933,PH-003,REG-05,EMP-0057,CUS-02609,2026-06-13 09:25:13,Sale,486.29,39.25,36.89,483.93,Credit Card,6,False,True,True,Completed
TXN-0001934,RCP-00001934,PH-005,REG-02,EMP-0103,CUS-04896,2026-05-10 08:03:52,Sale,289.65,0,23.89,313.54,Credit Card,5,False,True,False,Completed
TXN-0001935,RCP-00001935,PH-005,REG-03,EMP-0089,CUS-03356,2026-05-10 14:03:24,Sale,483.59,0,39.89,523.48,Cash,6,False,True,False,Completed
TXN-0001936,RCP-00001936,PH-003,REG-05,EMP-0061,CUS-03184,2026-05-04 14:30:08,Sale,393.01,0,32.42,425.43,Debit Card,5,False,True,False,Completed
TXN-0001937,RCP-00001937,PH-002,REG-02,EMP-0024,,2026-06-22 19:11:15,Sale,370.54,25.49,28.47,373.52,Debit Card,7,False,False,False,Completed
TXN-0001938,RCP-00001938,PH-002,REG-03,EMP-0042,CUS-03076,2026-07-21 09:14:14,Sale,190.84,3.09,15.49,203.24,Credit Card,6,False,True,False,Completed
TXN-0001939,RCP-00001939,PH-001,REG-03,EMP-0015,CUS-01394,2026-05-08 20:17:08,Sale,98.44,0.92,8.05,105.57,Gift Card,3,False,True,False,Completed
TXN-0001940,RCP-00001940,PH-004,REG-02,EMP-0081,CUS-04929,2026-05-09 13:37:27,Sale,309.37,11.04,24.6,322.93,Debit Card,6,False,True,False,Completed
TXN-0001941,RCP-00001941,PH-001,REG-02,EMP-0017,CUS-04242,2026-05-18 09:51:08,Sale,265.38,26.55,19.71,258.54,Credit Card,3,False,True,False,Completed
TXN-0001942,RCP-00001942,PH-001,REG-03,EMP-0018,CUS-04264,2026-06-26 08:27:57,Sale,258.42,16.13,20.0,262.29,Debit Card,5,False,True,False,Completed
TXN-0001943,RCP-00001943,PH-005,REG-04,EMP-0106,CUS-01037,2026-05-05 19:35:35,Sale,487.93,0,40.25,528.18,Credit Card,8,False,True,False,Completed
TXN-0001944,RCP-00001944,PH-002,REG-01,EMP-0040,,2026-07-05 17:54:58,Sale,153.55,0,12.66,166.21,Credit Card,6,False,False,False,Completed
TXN-0001945,RCP-00001945,PH-005,REG-06,EMP-0101,CUS-04758,2026-05-21 16:39:09,Sale,446.77,0,36.86,483.63,Credit Card,4,False,True,False,Completed
TXN-0001946,RCP-00001946,PH-003,REG-06,EMP-0063,CUS-00453,2026-05-19 12:50:42,Sale,120.84,0,9.97,130.81,Credit Card,1,False,True,False,Completed
TXN-0001947,RCP-00001947,PH-003,REG-03,EMP-0063,CUS-03748,2026-07-28 15:12:44,Sale,104.83,0,8.65,113.48,Debit Card,3,False,True,False,Completed
TXN-0001948,RCP-00001948,PH-002,REG-03,EMP-0024,CUS-03809,2026-06-18 18:59:01,Sale,69.12,0,5.7,74.82,Credit Card,3,False,True,False,Completed
TXN-0001949,RCP-00001949,PH-005,REG-05,EMP-0100,CUS-04515,2026-06-24 13:14:02,Sale,236.34,1.25,19.39,254.48,Cash,7,False,True,False,Completed
TXN-0001950,RCP-00001950,PH-001,REG-02,EMP-0015,CUS-04055,2026-07-10 16:32:31,Sale,71.67,0,5.92,77.59,Split Payment,2,False,True,False,Completed
TXN-0001951,RCP-00001951,PH-005,REG-06,EMP-0102,CUS-03489,2026-07-05 13:59:14,Sale,200.89,1.62,16.43,215.7,Credit Card,5,False,True,False,Completed
TXN-0001952,RCP-00001952,PH-002,REG-01,EMP-0038,,2026-07-26 08:40:47,Sale,271.77,0,22.42,294.19,Cash,5,False,False,False,Completed
TXN-0001953,RCP-00001953,PH-002,REG-06,EMP-0038,CUS-01140,2026-06-01 13:35:21,Sale,338.66,0,27.95,366.61,Cash,8,False,True,False,Completed
TXN-0001954,RCP-00001954,PH-002,REG-03,EMP-0042,CUS-03927,2026-05-11 17:47:06,Sale,19.53,3.91,1.29,16.91,Debit Card,1,False,True,False,Completed
TXN-0001955,RCP-00001955,PH-004,REG-06,EMP-0086,CUS-01046,2026-06-28 11:58:35,Sale,43.18,4.73,3.17,41.62,Debit Card,2,False,True,False,Completed
TXN-0001956,RCP-00001956,PH-002,REG-04,EMP-0036,CUS-04804,2026-05-04 18:01:19,Sale,95.34,1.67,7.73,101.4,Cash,4,False,True,False,Completed
TXN-0001957,RCP-00001957,PH-005,REG-04,EMP-0091,CUS-00519,2026-05-26 13:45:07,Sale,201.34,0,16.6,217.94,Credit Card,9,False,True,False,Completed
TXN-0001958,RCP-00001958,PH-004,REG-05,EMP-0085,CUS-01689,2026-05-09 08:54:43,Sale,298.18,0.5,24.56,322.24,Debit Card,5,False,True,False,Completed
TXN-0001959,RCP-00001959,PH-003,REG-01,EMP-0056,CUS-03972,2026-07-14 13:04:55,Sale,102.23,1.66,8.3,108.87,Cash,3,False,True,False,Completed
TXN-0001960,RCP-00001960,PH-003,REG-01,EMP-0056,CUS-02350,2026-07-07 09:43:24,Sale,221.85,1.97,18.13,238.01,Debit Card,3,False,True,False,Completed
TXN-0001961,RCP-00001961,PH-001,REG-06,EMP-0018,CUS-01175,2026-07-22 19:20:38,Sale,151.29,0.73,12.43,162.99,Credit Card,6,False,True,False,Completed
TXN-0001962,RCP-00001962,PH-002,REG-03,EMP-0036,CUS-03008,2026-06-12 19:29:58,Sale,16.18,8.09,0.67,8.76,Credit Card,1,False,True,True,Completed
TXN-0001963,RCP-00001963,PH-004,REG-02,EMP-0085,CUS-02736,2026-05-08 20:12:40,Sale,158.71,0,13.11,171.82,Credit Card,6,False,True,False,Completed
TXN-0001964,RCP-00001964,PH-001,REG-06,EMP-0018,,2026-07-18 19:08:12,Sale,225.01,8.0,17.91,234.92,Credit Card,6,False,False,False,Completed
TXN-0001965,RCP-00001965,PH-004,REG-06,EMP-0069,CUS-02489,2026-07-05 17:26:59,Sale,182.52,0,15.06,197.58,Debit Card,5,False,True,False,Completed
TXN-0001966,RCP-00001966,PH-003,REG-03,EMP-0057,CUS-04453,2026-07-21 18:22:42,Sale,310.81,15.25,24.37,319.93,Credit Card,6,False,True,False,Completed
TXN-0001967,RCP-00001967,PH-003,REG-02,EMP-0064,CUS-03063,2026-06-06 11:09:54,Sale,294.34,0.54,24.24,318.04,Debit Card,7,False,True,False,Completed
TXN-0001968,RCP-00001968,PH-003,REG-05,EMP-0058,CUS-02395,2026-06-19 17:15:26,Sale,55.73,0,4.6,60.33,Credit Card,2,False,True,False,Completed
TXN-0001969,RCP-00001969,PH-003,REG-04,EMP-0061,CUS-03813,2026-05-21 20:36:46,Sale,205.39,10.9,16.05,210.54,Credit Card,4,False,True,False,Completed
TXN-0001970,RCP-00001970,PH-005,REG-04,EMP-0103,CUS-00010,2026-06-10 18:58:15,Sale,175.22,0,14.46,189.68,Debit Card,8,False,True,False,Completed
TXN-0001971,RCP-00001971,PH-004,REG-01,EMP-0086,CUS-01888,2026-06-30 14:45:12,Sale,333.08,3.28,27.21,357.01,Credit Card,5,False,True,False,Completed
TXN-0001972,RCP-00001972,PH-001,REG-04,EMP-0001,CUS-04906,2026-06-26 09:26:20,Sale,59.66,3.98,4.59,60.27,Gift Card,3,False,True,True,Completed
TXN-0001973,RCP-00001973,PH-003,REG-04,EMP-0057,,2026-07-31 14:17:08,Sale,141.14,0,11.63,152.77,Credit Card,4,False,False,False,Completed
TXN-0001974,RCP-00001974,PH-001,REG-01,EMP-0006,CUS-03245,2026-06-12 18:23:49,Sale,249.47,10.09,19.75,259.13,Cash,5,False,True,False,Completed
TXN-0001975,RCP-00001975,PH-002,REG-02,EMP-0034,CUS-01532,2026-07-21 12:01:17,Sale,61.47,3.63,4.78,62.62,Credit Card,4,False,True,False,Completed
TXN-0001976,RCP-00001976,PH-002,REG-06,EMP-0040,CUS-03944,2026-05-17 09:04:04,Sale,253.54,0,20.92,274.46,Split Payment,2,False,True,False,Completed
TXN-0001977,RCP-00001977,PH-005,REG-04,EMP-0107,CUS-00346,2026-07-03 08:57:43,Sale,115.11,0,9.5,124.61,Credit Card,2,False,True,False,Completed
TXN-0001978,RCP-00001978,PH-003,REG-05,EMP-0047,,2026-07-31 20:14:02,Sale,145.91,5.77,11.56,151.7,Credit Card,5,False,False,False,Completed
TXN-0001979,RCP-00001979,PH-004,REG-05,EMP-0069,CUS-01918,2026-06-19 18:14:49,Sale,115.68,0,9.55,125.23,Credit Card,5,False,True,False,Completed
TXN-0001980,RCP-00001980,PH-004,REG-02,EMP-0081,CUS-04543,2026-06-07 20:03:38,Sale,432.93,0,35.72,468.65,Debit Card,7,False,True,False,Completed
TXN-0001981,RCP-00001981,PH-003,REG-03,EMP-0061,CUS-04847,2026-07-15 13:23:30,Sale,193.48,0,15.96,209.44,Credit Card,4,False,True,False,Completed
TXN-0001982,RCP-00001982,PH-003,REG-01,EMP-0047,CUS-02491,2026-07-02 18:52:25,Sale,368.93,0,30.45,399.38,Cash,6,False,True,False,Completed
TXN-0001983,RCP-00001983,PH-004,REG-06,EMP-0084,CUS-02037,2026-05-11 21:35:28,Sale,342.34,3.24,27.98,367.08,Debit Card,4,False,True,False,Completed
TXN-0001984,RCP-00001984,PH-005,REG-03,EMP-0091,CUS-01656,2026-06-30 09:28:36,Sale,385.03,21.65,29.97,393.35,Credit Card,9,False,True,True,Completed
TXN-0001985,RCP-00001985,PH-003,REG-04,EMP-0059,CUS-01435,2026-05-25 13:59:53,Sale,186.06,3.85,15.02,197.23,Debit Card,6,False,True,False,Completed
TXN-0001986,RCP-00001986,PH-001,REG-03,EMP-0016,CUS-02092,2026-05-26 10:17:19,Sale,40.18,0,3.31,43.49,Credit Card,3,False,True,False,Completed
TXN-0001987,RCP-00001987,PH-001,REG-03,EMP-0003,CUS-01099,2026-06-15 19:13:30,Sale,22.96,0,1.89,24.85,Credit Card,1,False,True,False,Completed
TXN-0001988,RCP-00001988,PH-004,REG-06,EMP-0078,CUS-03336,2026-06-07 21:55:45,Sale,45.46,9.09,3.0,39.37,Gift Card,1,False,True,False,Completed
TXN-0001989,RCP-00001989,PH-002,REG-02,EMP-0035,CUS-02012,2026-07-02 13:58:39,Sale,254.41,0,21.0,275.41,Debit Card,4,False,True,False,Completed
TXN-0001990,RCP-00001990,PH-003,REG-06,EMP-0058,CUS-04825,2026-06-23 16:26:12,Sale,76.41,0,6.3,82.71,Credit Card,2,False,True,False,Completed
TXN-0001991,RCP-00001991,PH-002,REG-05,EMP-0025,,2026-06-09 09:17:13,Sale,303.53,5.12,24.61,323.02,Credit Card,8,False,False,False,Completed
TXN-0001992,RCP-00001992,PH-005,REG-05,EMP-0101,CUS-02934,2026-05-16 09:29:16,Sale,118.16,7.59,9.12,119.69,Debit Card,4,False,True,False,Completed
TXN-0001993,RCP-00001993,PH-002,REG-04,EMP-0040,,2026-05-14 19:39:00,Sale,81.91,1.36,6.64,87.19,Credit Card,4,False,False,False,Completed
TXN-0001994,RCP-00001994,PH-001,REG-01,EMP-0002,,2026-05-31 14:48:44,Sale,284.31,19.6,21.85,286.56,Gift Card,8,False,False,False,Completed
TXN-0001995,RCP-00001995,PH-002,REG-05,EMP-0041,CUS-00463,2026-06-10 19:20:49,Sale,375.97,26.33,28.85,378.49,Debit Card,5,False,True,True,Completed
TXN-0001996,RCP-00001996,PH-002,REG-01,EMP-0024,CUS-03117,2026-07-07 18:37:09,Sale,146.75,0.65,12.04,158.14,Credit Card,4,False,True,False,Completed
TXN-0001997,RCP-00001997,PH-004,REG-01,EMP-0081,,2026-06-04 17:59:11,Sale,63.16,0,5.21,68.37,Credit Card,3,False,False,False,Completed
TXN-0001998,RCP-00001998,PH-005,REG-01,EMP-0104,,2026-06-24 17:25:24,Sale,322.71,5.4,26.19,343.5,Debit Card,7,False,False,False,Completed
TXN-0001999,RCP-00001999,PH-001,REG-01,EMP-0018,CUS-04324,2026-07-09 16:03:45,Sale,36.44,0,3.0,39.44,Credit Card,4,False,True,False,Completed
TXN-0002000,RCP-00002000,PH-001,REG-03,EMP-0006,,2026-06-09 14:57:26,Sale,34.62,9.34,2.08,27.36,Gift Card,3,False,False,True,Completed
TXN-0002001,RCP-00002001,PH-005,REG-04,EMP-0091,CUS-04697,2026-06-04 10:45:09,Sale,42.43,1.9,3.34,43.87,Cash,2,False,True,False,Completed
TXN-0002002,RCP-00002002,PH-003,REG-04,EMP-0056,CUS-04852,2026-07-26 20:52:07,Sale,111.98,3.03,8.98,117.93,Credit Card,4,False,True,False,Completed
TXN-0002003,RCP-00002003,PH-002,REG-02,EMP-0023,,2026-07-30 13:21:49,Sale,208.65,9.28,16.45,215.82,Cash,3,False,False,False,Completed
TXN-0002004,RCP-00002004,PH-002,REG-01,EMP-0025,,2026-07-24 15:41:43,Sale,28.64,4.04,2.03,26.63,Credit Card,3,False,False,False,Completed
TXN-0002005,RCP-00002005,PH-001,REG-05,EMP-0013,CUS-01667,2026-05-20 11:10:00,Sale,200.56,4.91,16.13,211.78,Credit Card,5,False,True,False,Completed
TXN-0002006,RCP-00002006,PH-002,REG-01,EMP-0036,CUS-03775,2026-06-13 10:57:25,Sale,109.09,0,9.0,118.09,Cash,4,False,True,False,Completed
TXN-0002007,RCP-00002007,PH-001,REG-03,EMP-0019,CUS-01057,2026-05-09 14:01:33,Sale,162.75,0,13.42,176.17,Cash,5,False,True,False,Completed
TXN-0002008,RCP-00002008,PH-003,REG-01,EMP-0062,,2026-06-10 15:41:05,Sale,230.27,6.42,18.47,242.32,Debit Card,4,False,False,False,Completed
TXN-0002009,RCP-00002009,PH-003,REG-06,EMP-0062,,2026-05-16 11:16:36,Sale,117.41,0.34,9.65,126.72,Debit Card,5,False,False,False,Completed
TXN-0002010,RCP-00002010,PH-003,REG-04,EMP-0059,CUS-04610,2026-05-15 11:42:12,Sale,63.11,0,5.21,68.32,Credit Card,2,False,True,False,Completed
TXN-0002011,RCP-00002011,PH-002,REG-04,EMP-0024,CUS-03322,2026-06-18 18:34:10,Sale,22.66,0,1.87,24.53,Credit Card,1,False,True,False,Completed
TXN-0002012,RCP-00002012,PH-003,REG-04,EMP-0060,CUS-03051,2026-05-13 13:26:47,Sale,208.85,3.52,16.95,222.28,Credit Card,6,False,True,False,Completed
TXN-0002013,RCP-00002013,PH-005,REG-03,EMP-0101,,2026-07-06 21:35:02,Sale,178.07,0,14.69,192.76,Debit Card,3,False,False,False,Completed
TXN-0002014,RCP-00002014,PH-002,REG-06,EMP-0034,CUS-00902,2026-06-29 08:21:56,Sale,70.32,4.67,5.41,71.06,Gift Card,2,False,True,False,Completed
TXN-0002015,RCP-00002015,PH-001,REG-02,EMP-0017,,2026-07-21 15:57:05,Sale,45.52,0,3.76,49.28,Credit Card,1,False,False,False,Completed
TXN-0002016,RCP-00002016,PH-002,REG-05,EMP-0024,,2026-06-19 17:26:00,Sale,12.87,2.1,0.89,11.66,Credit Card,2,False,False,False,Completed
TXN-0002017,RCP-00002017,PH-004,REG-06,EMP-0079,CUS-02528,2026-06-04 14:29:55,Sale,68.83,0,5.67,74.5,Debit Card,3,False,True,False,Completed
TXN-0002018,RCP-00002018,PH-002,REG-03,EMP-0037,CUS-00665,2026-07-08 10:08:52,Sale,256.78,0,21.19,277.97,Debit Card,3,False,True,False,Completed
TXN-0002019,RCP-00002019,PH-002,REG-01,EMP-0024,CUS-00802,2026-06-07 20:11:02,Sale,95.98,3.24,7.64,100.38,Debit Card,4,False,True,False,Completed
TXN-0002020,RCP-00002020,PH-002,REG-01,EMP-0034,CUS-03477,2026-05-25 14:53:31,Sale,83.11,2.01,6.69,87.79,Cash,4,False,True,False,Completed
TXN-0002021,RCP-00002021,PH-002,REG-06,EMP-0037,,2026-06-19 10:15:04,Sale,99.86,2.33,8.05,105.58,Credit Card,5,False,False,False,Completed
TXN-0002022,RCP-00002022,PH-003,REG-03,EMP-0064,CUS-02753,2026-06-30 11:44:25,Sale,306.8,2.43,25.11,329.48,Debit Card,6,False,True,False,Completed
TXN-0002023,RCP-00002023,PH-003,REG-05,EMP-0059,CUS-04435,2026-05-18 21:44:30,Sale,267.51,11.78,21.1,276.83,Debit Card,4,False,True,False,Completed
TXN-0002024,RCP-00002024,PH-002,REG-01,EMP-0025,,2026-05-09 16:23:37,Sale,42.61,0,3.51,46.12,Credit Card,2,False,False,False,Completed
TXN-0002025,RCP-00002025,PH-004,REG-04,EMP-0085,CUS-00558,2026-05-23 16:23:23,Sale,143.2,14.61,10.6,139.19,Credit Card,3,False,True,False,Completed
TXN-0002026,RCP-00002026,PH-005,REG-02,EMP-0090,CUS-02460,2026-05-17 12:32:38,Sale,158.97,0,13.12,172.09,Cash,1,False,True,False,Completed
TXN-0002027,RCP-00002027,PH-003,REG-06,EMP-0062,CUS-04903,2026-07-15 10:02:03,Sale,90.8,0,7.49,98.29,Credit Card,3,False,True,False,Completed
TXN-0002028,RCP-00002028,PH-002,REG-02,EMP-0034,CUS-01173,2026-05-15 15:37:44,Sale,120.98,0,9.99,130.97,Debit Card,3,False,True,False,Completed
TXN-0002029,RCP-00002029,PH-005,REG-02,EMP-0091,,2026-05-10 18:05:48,Sale,31.14,0.15,2.56,33.55,Cash,5,False,False,False,Completed
TXN-0002030,RCP-00002030,PH-001,REG-03,EMP-0015,CUS-01147,2026-06-14 12:54:19,Sale,235.74,3.09,19.2,251.85,Debit Card,5,False,True,False,Completed
TXN-0002031,RCP-00002031,PH-005,REG-04,EMP-0100,CUS-04080,2026-06-02 17:22:38,Sale,169.83,0,14.01,183.84,Debit Card,2,False,True,False,Completed
TXN-0002032,RCP-00002032,PH-004,REG-06,EMP-0086,CUS-04225,2026-07-25 13:16:50,Sale,126.23,1.67,10.28,134.84,Gift Card,4,False,True,False,Completed
TXN-0002033,RCP-00002033,PH-002,REG-02,EMP-0023,CUS-02940,2026-07-28 20:00:37,Sale,43.15,0,3.56,46.71,Credit Card,1,False,True,False,Completed
TXN-0002034,RCP-00002034,PH-004,REG-06,EMP-0079,CUS-04016,2026-05-31 21:54:30,Sale,112.82,3.28,9.04,118.58,Credit Card,5,False,True,False,Completed
TXN-0002035,RCP-00002035,PH-001,REG-02,EMP-0012,CUS-00734,2026-06-08 15:18:52,Sale,140.55,0,11.59,152.14,Credit Card,3,False,True,False,Completed
TXN-0002036,RCP-00002036,PH-003,REG-06,EMP-0057,CUS-02232,2026-07-29 20:08:51,Sale,93.32,0,7.7,101.02,Credit Card,3,False,True,False,Completed
TXN-0002037,RCP-00002037,PH-005,REG-03,EMP-0090,,2026-06-18 20:28:37,Sale,162.95,12.96,12.39,162.38,Credit Card,7,False,False,False,Completed
TXN-0002038,RCP-00002038,PH-002,REG-03,EMP-0024,CUS-02925,2026-05-26 13:53:39,Sale,288.97,5.77,23.36,306.56,Credit Card,5,False,True,False,Completed
TXN-0002039,RCP-00002039,PH-003,REG-06,EMP-0046,CUS-04161,2026-05-01 14:15:20,Sale,277.16,18.04,21.37,280.49,Credit Card,7,False,True,False,Completed
TXN-0002040,RCP-00002040,PH-002,REG-04,EMP-0036,CUS-01951,2026-07-23 19:58:12,Sale,137.93,24.29,9.38,123.02,Credit Card,3,False,True,True,Completed
TXN-0002041,RCP-00002041,PH-004,REG-02,EMP-0082,CUS-02481,2026-06-15 17:33:38,Sale,131.13,0.41,10.78,141.5,Cash,4,False,True,False,Completed
TXN-0002042,RCP-00002042,PH-003,REG-06,EMP-0058,CUS-01760,2026-05-02 15:50:34,Sale,529.92,18.02,42.24,554.14,Debit Card,6,False,True,False,Completed
TXN-0002043,RCP-00002043,PH-005,REG-01,EMP-0100,CUS-01278,2026-07-06 18:30:45,Sale,81.27,0.65,6.65,87.27,Cash,3,False,True,False,Completed
TXN-0002044,RCP-00002044,PH-004,REG-06,EMP-0082,CUS-04806,2026-06-11 12:00:05,Sale,226.28,0,18.67,244.95,Debit Card,4,False,True,False,Completed
TXN-0002045,RCP-00002045,PH-001,REG-03,EMP-0019,CUS-00505,2026-05-31 14:55:48,Sale,530.78,16.78,42.42,556.42,Cash,8,False,True,True,Completed
TXN-0002046,RCP-00002046,PH-002,REG-03,EMP-0040,CUS-03010,2026-06-24 21:33:28,Sale,145.64,2.14,11.84,155.34,Cash,4,False,True,False,Completed
TXN-0002047,RCP-00002047,PH-002,REG-01,EMP-0034,CUS-03215,2026-06-10 20:25:22,Sale,344.35,96.45,20.45,268.35,Credit Card,6,False,True,True,Completed
TXN-0002048,RCP-00002048,PH-003,REG-05,EMP-0047,CUS-01477,2026-06-22 15:13:19,Sale,139.56,0,11.51,151.07,Split Payment,1,False,True,False,Completed
TXN-0002049,RCP-00002049,PH-001,REG-01,EMP-0012,,2026-06-13 20:15:07,Sale,232.27,1.95,19.01,249.33,Cash,8,False,False,False,Completed
TXN-0002050,RCP-00002050,PH-005,REG-04,EMP-0104,CUS-01227,2026-05-09 11:30:36,Sale,347.94,5.7,28.24,370.48,Credit Card,6,False,True,False,Completed
TXN-0002051,RCP-00002051,PH-003,REG-06,EMP-0057,CUS-02625,2026-06-25 11:56:59,Sale,258.86,0,21.35,280.21,Cash,4,False,True,False,Completed
TXN-0002052,RCP-00002052,PH-002,REG-01,EMP-0042,CUS-02869,2026-05-16 12:19:05,Sale,205.79,18.7,15.42,202.51,Debit Card,6,False,True,False,Completed
TXN-0002053,RCP-00002053,PH-002,REG-06,EMP-0035,CUS-02588,2026-07-15 09:16:30,Sale,267.99,0,22.11,290.1,Debit Card,7,False,True,False,Completed
TXN-0002054,RCP-00002054,PH-002,REG-01,EMP-0042,CUS-01402,2026-07-16 16:24:15,Sale,14.62,0,1.21,15.83,Debit Card,1,False,True,False,Completed
TXN-0002055,RCP-00002055,PH-001,REG-04,EMP-0014,,2026-06-04 12:14:04,Sale,107.34,10.35,8.01,105.0,Cash,3,False,False,False,Completed
TXN-0002056,RCP-00002056,PH-003,REG-04,EMP-0047,CUS-04543,2026-05-05 14:16:24,Sale,90.93,4.64,7.11,93.4,Debit Card,2,False,True,False,Completed
TXN-0002057,RCP-00002057,PH-005,REG-03,EMP-0104,CUS-02884,2026-05-05 15:28:24,Sale,51.48,0,4.25,55.73,Debit Card,1,False,True,False,Completed
TXN-0002058,RCP-00002058,PH-003,REG-06,EMP-0061,CUS-01781,2026-05-16 17:27:16,Sale,219.28,15.79,16.79,220.28,Credit Card,3,False,True,False,Completed
TXN-0002059,RCP-00002059,PH-001,REG-06,EMP-0013,,2026-06-09 21:42:11,Sale,289.34,4.77,23.48,308.05,Debit Card,8,False,False,False,Completed
TXN-0002060,RCP-00002060,PH-004,REG-01,EMP-0081,CUS-02841,2026-05-24 11:46:04,Sale,47.32,6.52,3.36,44.16,Debit Card,4,False,True,False,Completed
TXN-0002061,RCP-00002061,PH-005,REG-01,EMP-0105,CUS-01417,2026-06-30 10:15:17,Sale,206.27,0,17.01,223.28,Cash,7,False,True,False,Completed
TXN-0002062,RCP-00002062,PH-005,REG-06,EMP-0106,CUS-02626,2026-05-24 17:19:46,Sale,105.57,1.87,8.56,112.26,Credit Card,4,False,True,False,Completed
TXN-0002063,RCP-00002063,PH-004,REG-01,EMP-0067,CUS-03275,2026-05-20 08:38:03,Sale,298.28,0,24.61,322.89,Credit Card,6,False,True,False,Completed
TXN-0002064,RCP-00002064,PH-005,REG-05,EMP-0104,CUS-01993,2026-06-30 14:55:52,Sale,297.8,0,24.57,322.37,Credit Card,7,False,True,False,Completed
TXN-0002065,RCP-00002065,PH-004,REG-01,EMP-0080,,2026-07-20 10:53:59,Sale,83.89,0,6.91,90.8,Cash,3,False,False,False,Completed
TXN-0002066,RCP-00002066,PH-005,REG-06,EMP-0101,CUS-04696,2026-07-13 14:20:56,Sale,50.48,0,4.16,54.64,Debit Card,1,False,True,False,Completed
TXN-0002067,RCP-00002067,PH-001,REG-05,EMP-0012,CUS-01971,2026-06-14 14:19:10,Sale,204.87,0,16.9,221.77,Credit Card,5,False,True,False,Completed
TXN-0002068,RCP-00002068,PH-004,REG-06,EMP-0067,CUS-00008,2026-05-16 16:22:32,Sale,160.07,1.31,13.1,171.86,Cash,6,False,True,False,Completed
TXN-0002069,RCP-00002069,PH-005,REG-05,EMP-0102,,2026-06-12 17:26:30,Sale,127.04,0,10.48,137.52,Debit Card,4,False,False,False,Completed
TXN-0002070,RCP-00002070,PH-005,REG-06,EMP-0106,CUS-03928,2026-07-12 16:48:42,Sale,133.87,4.23,10.7,140.34,Debit Card,6,False,True,False,Completed
TXN-0002071,RCP-00002071,PH-003,REG-05,EMP-0061,CUS-01862,2026-06-04 08:31:30,Sale,15.36,0,1.27,16.63,Cash,1,False,True,False,Completed
TXN-0002072,RCP-00002072,PH-001,REG-01,EMP-0019,CUS-04329,2026-06-22 09:18:39,Sale,82.77,2.67,6.6,86.7,Debit Card,2,False,True,False,Completed
TXN-0002073,RCP-00002073,PH-003,REG-02,EMP-0064,CUS-03668,2026-06-29 15:14:00,Sale,77.46,7.79,5.75,75.42,Debit Card,4,False,True,False,Completed
TXN-0002074,RCP-00002074,PH-005,REG-01,EMP-0090,CUS-01083,2026-07-27 09:25:23,Sale,228.79,0,18.88,247.67,Cash,2,False,True,False,Completed
TXN-0002075,RCP-00002075,PH-004,REG-06,EMP-0083,CUS-02951,2026-05-29 13:13:14,Sale,170.53,0,14.07,184.6,Credit Card,5,False,True,False,Completed
TXN-0002076,RCP-00002076,PH-003,REG-03,EMP-0063,CUS-03609,2026-05-27 20:51:58,Sale,247.45,19.12,18.83,247.16,Split Payment,6,False,True,True,Completed
TXN-0002077,RCP-00002077,PH-005,REG-03,EMP-0090,CUS-03356,2026-06-11 18:05:40,Sale,328.9,0,27.13,356.03,Credit Card,5,False,True,False,Completed
TXN-0002078,RCP-00002078,PH-004,REG-06,EMP-0078,CUS-00677,2026-06-14 17:35:28,Sale,160.84,0,13.28,174.12,Credit Card,6,False,True,False,Completed
TXN-0002079,RCP-00002079,PH-002,REG-01,EMP-0041,CUS-03815,2026-06-21 20:10:57,Sale,46.14,0,3.81,49.95,Cash,2,False,True,False,Completed
TXN-0002080,RCP-00002080,PH-003,REG-05,EMP-0058,CUS-00807,2026-07-23 09:31:19,Sale,282.64,0,23.32,305.96,Credit Card,1,False,True,False,Completed
TXN-0002081,RCP-00002081,PH-003,REG-06,EMP-0062,CUS-02620,2026-06-17 20:44:04,Sale,176.39,0,14.55,190.94,Cash,5,False,True,False,Completed
TXN-0002082,RCP-00002082,PH-003,REG-04,EMP-0064,,2026-07-25 10:02:32,Sale,182.77,0,15.08,197.85,Credit Card,3,False,False,False,Completed
TXN-0002083,RCP-00002083,PH-002,REG-04,EMP-0041,CUS-03101,2026-05-01 16:22:47,Sale,393.99,16.97,31.11,408.13,Debit Card,6,False,True,False,Completed
TXN-0002084,RCP-00002084,PH-002,REG-04,EMP-0039,,2026-07-25 17:30:40,Sale,337.76,14.92,26.64,349.48,Credit Card,7,False,False,False,Completed
TXN-0002085,RCP-00002085,PH-001,REG-01,EMP-0017,CUS-00671,2026-07-19 20:34:50,Sale,206.32,0,17.02,223.34,Credit Card,4,False,True,False,Completed
TXN-0002086,RCP-00002086,PH-002,REG-03,EMP-0035,,2026-07-26 18:16:51,Sale,112.01,3.03,8.99,117.97,Debit Card,4,False,False,False,Completed
TXN-0002087,RCP-00002087,PH-002,REG-05,EMP-0035,CUS-02107,2026-05-15 16:37:30,Sale,30.41,6.08,2.01,26.34,Cash,1,False,True,False,Completed
TXN-0002088,RCP-00002088,PH-004,REG-03,EMP-0083,CUS-00561,2026-05-05 16:12:55,Sale,294.32,13.53,23.16,303.95,Debit Card,5,False,True,False,Completed
TXN-0002089,RCP-00002089,PH-004,REG-06,EMP-0078,CUS-04577,2026-05-19 14:38:09,Sale,219.99,0,18.15,238.14,Credit Card,5,False,True,False,Completed
TXN-0002090,RCP-00002090,PH-005,REG-06,EMP-0105,,2026-06-06 17:52:50,Sale,388.74,21.58,30.29,397.45,Cash,8,False,False,False,Completed
TXN-0002091,RCP-00002091,PH-002,REG-05,EMP-0025,CUS-03383,2026-06-20 10:44:33,Sale,159.42,9.83,12.34,161.93,Credit Card,4,False,True,False,Completed
TXN-0002092,RCP-00002092,PH-003,REG-02,EMP-0061,CUS-02851,2026-05-27 14:39:31,Sale,123.4,2.78,9.96,130.58,Debit Card,5,False,True,False,Completed
TXN-0002093,RCP-00002093,PH-005,REG-04,EMP-0090,CUS-03252,2026-05-07 08:32:28,Sale,182.25,0,15.04,197.29,Debit Card,4,False,True,False,Completed
TXN-0002094,RCP-00002094,PH-002,REG-03,EMP-0024,,2026-07-28 21:24:00,Sale,170.19,68.7,8.38,109.87,Split Payment,4,False,False,True,Completed
TXN-0002095,RCP-00002095,PH-002,REG-01,EMP-0037,CUS-00559,2026-06-07 19:27:27,Sale,58.36,0,4.82,63.18,Credit Card,2,False,True,False,Completed
TXN-0002096,RCP-00002096,PH-004,REG-01,EMP-0083,CUS-00624,2026-05-27 18:13:59,Sale,657.72,5.67,53.79,705.84,Debit Card,9,False,True,False,Completed
TXN-0002097,RCP-00002097,PH-005,REG-03,EMP-0089,CUS-01889,2026-07-30 15:24:16,Sale,135.64,17.52,9.75,127.87,Cash,6,False,True,False,Completed
TXN-0002098,RCP-00002098,PH-004,REG-03,EMP-0083,CUS-00517,2026-07-08 20:51:22,Sale,451.65,36.56,34.24,449.33,Credit Card,7,False,True,False,Completed
TXN-0002099,RCP-00002099,PH-002,REG-01,EMP-0024,,2026-07-02 15:32:32,Sale,142.23,0,11.74,153.97,Debit Card,5,False,False,False,Completed
TXN-0002100,RCP-00002100,PH-003,REG-02,EMP-0045,CUS-03733,2026-06-21 15:13:17,Sale,101.53,0,8.38,109.91,Credit Card,2,False,True,False,Completed
TXN-0002101,RCP-00002101,PH-003,REG-02,EMP-0045,,2026-05-20 09:23:11,Sale,38.11,2.1,2.97,38.98,Debit Card,3,False,False,False,Completed
TXN-0002102,RCP-00002102,PH-004,REG-06,EMP-0079,CUS-00045,2026-06-30 14:50:25,Sale,98.15,1.86,7.95,104.24,Cash,3,False,True,False,Completed
TXN-0002103,RCP-00002103,PH-005,REG-01,EMP-0100,CUS-04722,2026-06-29 21:00:21,Sale,90.3,0,7.46,97.76,Debit Card,4,False,True,False,Completed
TXN-0002104,RCP-00002104,PH-002,REG-05,EMP-0042,CUS-04581,2026-05-15 19:14:59,Sale,193.65,18.16,14.48,189.97,Cash,3,False,True,False,Completed
TXN-0002105,RCP-00002105,PH-005,REG-02,EMP-0102,CUS-02588,2026-06-28 11:27:48,Sale,182.75,0,15.07,197.82,Debit Card,5,False,True,False,Completed
TXN-0002106,RCP-00002106,PH-005,REG-01,EMP-0090,,2026-07-31 11:43:47,Sale,146.96,4.29,11.77,154.44,Debit Card,6,False,False,False,Completed
TXN-0002107,RCP-00002107,PH-002,REG-06,EMP-0036,CUS-02525,2026-06-03 18:15:58,Sale,465.93,20.8,36.72,481.85,Credit Card,8,False,True,False,Completed
TXN-0002108,RCP-00002108,PH-002,REG-06,EMP-0039,CUS-01989,2026-05-11 18:57:50,Sale,86.31,0,7.12,93.43,Cash,3,False,True,False,Completed
TXN-0002109,RCP-00002109,PH-003,REG-01,EMP-0062,CUS-02736,2026-07-24 10:05:18,Sale,184.84,12.34,14.23,186.73,Debit Card,3,False,True,False,Completed
TXN-0002110,RCP-00002110,PH-002,REG-03,EMP-0038,,2026-07-27 15:10:06,Sale,220.1,0,18.16,238.26,Credit Card,5,False,False,False,Completed
TXN-0002111,RCP-00002111,PH-002,REG-01,EMP-0040,CUS-03999,2026-05-16 19:34:15,Sale,125.34,0.95,10.26,134.65,Cash,4,False,True,False,Completed
TXN-0002112,RCP-00002112,PH-002,REG-02,EMP-0024,CUS-03883,2026-06-25 13:54:59,Sale,34.35,0,2.83,37.18,Debit Card,1,False,True,False,Completed
TXN-0002113,RCP-00002113,PH-002,REG-02,EMP-0035,CUS-02504,2026-05-05 10:06:21,Sale,129.78,0.64,10.66,139.8,Cash,6,False,True,False,Completed
TXN-0002114,RCP-00002114,PH-002,REG-03,EMP-0041,,2026-05-06 12:22:43,Sale,183.89,10.47,14.31,187.73,Cash,6,False,False,False,Completed
TXN-0002115,RCP-00002115,PH-002,REG-02,EMP-0024,CUS-00727,2026-06-11 17:17:07,Sale,40.68,6.42,2.83,37.09,Credit Card,3,False,True,True,Completed
TXN-0002116,RCP-00002116,PH-001,REG-01,EMP-0017,CUS-04688,2026-05-23 19:16:28,Sale,123.36,3.09,9.92,130.19,Debit Card,5,False,True,False,Completed
TXN-0002117,RCP-00002117,PH-004,REG-05,EMP-0080,CUS-00632,2026-07-06 11:49:53,Sale,413.79,6.19,33.62,441.22,Credit Card,5,False,True,False,Completed
TXN-0002118,RCP-00002118,PH-001,REG-05,EMP-0014,,2026-06-26 18:07:25,Sale,151.3,0,12.48,163.78,Credit Card,4,False,False,False,Completed
TXN-0002119,RCP-00002119,PH-003,REG-06,EMP-0062,CUS-01317,2026-05-10 11:56:30,Sale,41.71,14.6,2.24,29.35,Cash,1,False,True,True,Completed
TXN-0002120,RCP-00002120,PH-003,REG-05,EMP-0062,,2026-06-04 17:53:37,Sale,335.67,8.5,26.99,354.16,Credit Card,5,False,False,False,Completed
TXN-0002121,RCP-00002121,PH-004,REG-01,EMP-0069,CUS-02292,2026-05-28 08:58:32,Sale,165.57,10.26,12.82,168.13,Credit Card,6,False,True,False,Completed
TXN-0002122,RCP-00002122,PH-003,REG-05,EMP-0058,CUS-02452,2026-07-24 18:01:21,Sale,130.95,5.84,10.32,135.43,Credit Card,4,False,True,False,Completed
TXN-0002123,RCP-00002123,PH-001,REG-03,EMP-0019,CUS-00380,2026-07-12 08:16:06,Sale,77.63,0,6.41,84.04,Credit Card,2,False,True,False,Completed
TXN-0002124,RCP-00002124,PH-001,REG-03,EMP-0006,,2026-07-13 20:37:12,Sale,114.86,0,9.48,124.34,Debit Card,3,False,False,False,Completed
TXN-0002125,RCP-00002125,PH-004,REG-06,EMP-0083,CUS-01132,2026-06-11 13:18:43,Sale,258.64,0,21.34,279.98,Credit Card,7,False,True,False,Completed
TXN-0002126,RCP-00002126,PH-005,REG-03,EMP-0106,CUS-03622,2026-06-09 16:39:15,Sale,171.88,0.82,14.12,185.18,Credit Card,6,False,True,False,Completed
TXN-0002127,RCP-00002127,PH-002,REG-03,EMP-0023,CUS-00869,2026-05-29 13:37:11,Sale,173.21,2.64,14.07,184.64,Debit Card,5,False,True,False,Completed
TXN-0002128,RCP-00002128,PH-005,REG-03,EMP-0105,CUS-02222,2026-06-07 18:11:54,Sale,252.4,16.64,19.46,255.22,Debit Card,9,False,True,False,Completed
TXN-0002129,RCP-00002129,PH-005,REG-03,EMP-0103,CUS-01795,2026-05-25 11:49:55,Sale,260.49,9.79,20.68,271.38,Cash,7,False,True,False,Completed
TXN-0002130,RCP-00002130,PH-001,REG-05,EMP-0014,CUS-02774,2026-06-21 19:28:35,Sale,165.2,8.45,12.93,169.68,Credit Card,5,False,True,False,Completed
TXN-0002131,RCP-00002131,PH-005,REG-05,EMP-0104,,2026-06-17 21:25:38,Sale,164.99,7.92,12.95,170.02,Split Payment,4,False,False,False,Completed
TXN-0002132,RCP-00002132,PH-004,REG-06,EMP-0080,CUS-01248,2026-06-25 16:30:32,Sale,280.93,3.34,22.89,300.48,Credit Card,6,False,True,False,Completed
TXN-0002133,RCP-00002133,PH-002,REG-05,EMP-0024,CUS-02726,2026-06-11 12:01:20,Sale,47.85,0,3.95,51.8,Debit Card,3,False,True,False,Completed
TXN-0002134,RCP-00002134,PH-001,REG-04,EMP-0015,CUS-03442,2026-07-27 20:28:53,Sale,187.34,4.6,15.07,197.81,Debit Card,4,False,True,False,Completed
TXN-0002135,RCP-00002135,PH-001,REG-04,EMP-0016,CUS-00417,2026-05-15 09:21:30,Sale,84.38,4.02,6.63,86.99,Credit Card,3,False,True,False,Completed
TXN-0002136,RCP-00002136,PH-004,REG-06,EMP-0082,CUS-03962,2026-06-14 21:38:28,Sale,111.5,0,9.2,120.7,Cash,3,False,True,False,Completed
TXN-0002137,RCP-00002137,PH-005,REG-01,EMP-0100,,2026-07-15 08:14:03,Sale,386.1,7.11,31.27,410.26,Credit Card,5,False,False,False,Completed
TXN-0002138,RCP-00002138,PH-001,REG-01,EMP-0001,CUS-02202,2026-05-30 18:35:33,Sale,396.6,10.15,31.89,418.34,Credit Card,7,False,True,False,Completed
TXN-0002139,RCP-00002139,PH-003,REG-04,EMP-0061,CUS-03412,2026-07-03 08:26:12,Sale,243.61,0,20.09,263.7,Split Payment,7,False,True,False,Completed
TXN-0002140,RCP-00002140,PH-005,REG-02,EMP-0089,CUS-04333,2026-06-18 09:10:04,Sale,93.41,0,7.71,101.12,Debit Card,3,False,True,False,Completed
TXN-0002141,RCP-00002141,PH-003,REG-04,EMP-0045,CUS-00856,2026-06-04 15:54:13,Sale,199.19,0,16.44,215.63,Cash,6,False,True,False,Completed
TXN-0002142,RCP-00002142,PH-002,REG-02,EMP-0024,CUS-02307,2026-07-15 15:06:13,Sale,194.71,0,16.07,210.78,Debit Card,5,False,True,False,Completed
TXN-0002143,RCP-00002143,PH-001,REG-06,EMP-0013,CUS-04971,2026-06-20 14:29:45,Sale,126.17,0.76,10.36,135.77,Credit Card,5,False,True,False,Completed
TXN-0002144,RCP-00002144,PH-005,REG-01,EMP-0090,,2026-06-03 13:06:12,Sale,285.66,0,23.56,309.22,Credit Card,7,False,False,False,Completed
TXN-0002145,RCP-00002145,PH-001,REG-04,EMP-0001,CUS-04435,2026-06-22 09:36:21,Sale,150.63,6.27,11.92,156.28,Debit Card,3,False,True,False,Completed
TXN-0002146,RCP-00002146,PH-003,REG-01,EMP-0060,CUS-01953,2026-06-03 14:15:17,Sale,126.92,8.93,9.74,127.73,Debit Card,7,False,True,False,Completed
TXN-0002147,RCP-00002147,PH-002,REG-04,EMP-0039,CUS-00391,2026-05-09 11:45:43,Sale,141.45,9.98,10.85,142.32,Credit Card,3,False,True,False,Completed
TXN-0002148,RCP-00002148,PH-002,REG-06,EMP-0034,CUS-00329,2026-06-23 11:49:14,Sale,125.61,4.63,9.98,130.96,Cash,4,False,True,False,Completed
TXN-0002149,RCP-00002149,PH-001,REG-04,EMP-0013,CUS-04571,2026-05-03 08:09:28,Sale,48.74,0,4.02,52.76,Gift Card,1,False,True,False,Completed
TXN-0002150,RCP-00002150,PH-003,REG-04,EMP-0057,,2026-06-30 08:08:59,Sale,32.98,0,2.72,35.7,Debit Card,2,False,False,False,Completed
TXN-0002151,RCP-00002151,PH-002,REG-04,EMP-0039,CUS-03814,2026-05-06 15:10:45,Sale,306.14,8.37,24.57,322.34,Credit Card,5,False,True,False,Completed
TXN-0002152,RCP-00002152,PH-002,REG-03,EMP-0034,CUS-01114,2026-06-30 14:55:42,Sale,267.97,0.99,22.03,289.01,Credit Card,3,False,True,True,Completed
TXN-0002153,RCP-00002153,PH-005,REG-05,EMP-0101,CUS-02551,2026-06-12 15:44:37,Sale,72.19,0,5.96,78.15,Credit Card,1,False,True,False,Completed
TXN-0002154,RCP-00002154,PH-003,REG-05,EMP-0061,CUS-00160,2026-07-02 14:19:41,Sale,212.08,6.09,16.99,222.98,Credit Card,6,False,True,False,Completed
TXN-0002155,RCP-00002155,PH-003,REG-01,EMP-0047,CUS-03102,2026-06-14 10:40:43,Sale,637.77,26.23,50.46,662.0,Debit Card,8,False,True,False,Completed
TXN-0002156,RCP-00002156,PH-005,REG-06,EMP-0103,CUS-01664,2026-07-15 08:22:13,Sale,121.15,0,10.0,131.15,Credit Card,4,False,True,False,Completed
TXN-0002157,RCP-00002157,PH-001,REG-03,EMP-0016,,2026-06-16 08:50:30,Sale,67.44,0,5.56,73.0,Credit Card,2,False,False,False,Completed
TXN-0002158,RCP-00002158,PH-004,REG-02,EMP-0085,CUS-03654,2026-07-07 19:23:01,Sale,1.98,0,0.16,2.14,Debit Card,1,False,True,False,Completed
TXN-0002159,RCP-00002159,PH-002,REG-05,EMP-0039,CUS-02050,2026-07-03 20:11:50,Sale,338.92,3.12,27.7,363.5,Debit Card,7,False,True,False,Completed
TXN-0002160,RCP-00002160,PH-004,REG-05,EMP-0084,CUS-03962,2026-06-11 18:34:09,Sale,68.85,0,5.68,74.53,Debit Card,4,False,True,False,Completed
TXN-0002161,RCP-00002161,PH-001,REG-03,EMP-0017,CUS-04842,2026-07-02 08:45:42,Sale,188.59,8.42,14.87,195.04,Credit Card,3,False,True,False,Completed
TXN-0002162,RCP-00002162,PH-005,REG-02,EMP-0090,CUS-03646,2026-05-29 14:27:46,Sale,65.32,2.08,5.22,68.46,Debit Card,3,False,True,False,Completed
TXN-0002163,RCP-00002163,PH-001,REG-04,EMP-0019,,2026-05-13 19:31:09,Sale,113.0,0,9.32,122.32,Credit Card,3,False,False,False,Completed
TXN-0002164,RCP-00002164,PH-005,REG-04,EMP-0090,,2026-06-07 16:49:23,Sale,184.0,0.98,15.1,198.12,Cash,6,False,False,False,Completed
TXN-0002165,RCP-00002165,PH-002,REG-02,EMP-0024,,2026-06-01 16:21:08,Sale,145.75,5.88,11.54,151.41,Credit Card,5,False,False,False,Completed
TXN-0002166,RCP-00002166,PH-005,REG-05,EMP-0101,CUS-04836,2026-07-20 16:44:51,Sale,177.42,0,14.64,192.06,Debit Card,5,False,True,False,Completed
TXN-0002167,RCP-00002167,PH-001,REG-06,EMP-0018,CUS-03670,2026-07-09 14:38:30,Sale,124.08,6.44,9.71,127.35,Credit Card,2,False,True,False,Completed
TXN-0002168,RCP-00002168,PH-005,REG-05,EMP-0102,,2026-07-02 13:58:09,Sale,52.51,0,4.33,56.84,Debit Card,3,False,False,False,Completed
TXN-0002169,RCP-00002169,PH-005,REG-03,EMP-0108,,2026-07-12 15:44:27,Sale,120.45,0,9.94,130.39,Credit Card,3,False,False,False,Completed
TXN-0002170,RCP-00002170,PH-003,REG-04,EMP-0063,CUS-02146,2026-06-05 08:51:34,Sale,88.16,0,7.28,95.44,Cash,3,False,True,False,Completed
TXN-0002171,RCP-00002171,PH-001,REG-02,EMP-0016,CUS-04334,2026-06-26 10:47:25,Sale,156.77,0.5,12.9,169.17,Credit Card,6,False,True,False,Completed
TXN-0002172,RCP-00002172,PH-005,REG-04,EMP-0104,CUS-00901,2026-05-11 08:49:57,Sale,108.53,0,8.95,117.48,Credit Card,4,False,True,False,Completed
TXN-0002173,RCP-00002173,PH-003,REG-01,EMP-0059,,2026-06-07 20:10:11,Sale,217.27,0,17.93,235.2,Credit Card,3,False,False,False,Completed
TXN-0002174,RCP-00002174,PH-004,REG-01,EMP-0067,CUS-01381,2026-06-18 08:23:19,Sale,81.18,0,6.7,87.88,Debit Card,3,False,True,False,Completed
TXN-0002175,RCP-00002175,PH-003,REG-01,EMP-0056,CUS-00896,2026-06-01 18:02:42,Sale,73.53,5.92,5.58,73.19,Credit Card,4,False,True,False,Completed
TXN-0002176,RCP-00002176,PH-001,REG-05,EMP-0001,CUS-04060,2026-05-14 16:17:48,Sale,334.66,0,27.62,362.28,Debit Card,6,False,True,False,Completed
TXN-0002177,RCP-00002177,PH-001,REG-05,EMP-0016,CUS-02293,2026-06-27 14:38:58,Sale,54.66,0,4.51,59.17,Gift Card,2,False,True,False,Completed
TXN-0002178,RCP-00002178,PH-001,REG-05,EMP-0015,CUS-03691,2026-07-30 17:46:29,Sale,124.28,0,10.26,134.54,Cash,3,False,True,False,Completed
TXN-0002179,RCP-00002179,PH-005,REG-06,EMP-0089,CUS-02540,2026-05-12 12:23:23,Sale,86.98,0,7.18,94.16,Credit Card,3,False,True,False,Completed
TXN-0002180,RCP-00002180,PH-005,REG-01,EMP-0108,CUS-04635,2026-05-19 20:18:08,Sale,27.68,0,2.28,29.96,Debit Card,2,False,True,False,Completed
TXN-0002181,RCP-00002181,PH-002,REG-05,EMP-0023,CUS-01104,2026-07-10 15:55:35,Sale,189.32,9.23,14.86,194.95,Credit Card,5,False,True,False,Completed
TXN-0002182,RCP-00002182,PH-002,REG-06,EMP-0038,CUS-00161,2026-07-15 13:36:32,Sale,195.1,20.23,14.43,189.3,Credit Card,6,False,True,False,Completed
TXN-0002183,RCP-00002183,PH-002,REG-04,EMP-0041,CUS-03705,2026-05-24 21:23:53,Sale,146.24,0,12.08,158.32,Debit Card,4,False,True,False,Completed
TXN-0002184,RCP-00002184,PH-005,REG-01,EMP-0089,,2026-06-24 17:28:33,Sale,135.12,0.77,11.08,145.43,Credit Card,5,False,False,False,Completed
TXN-0002185,RCP-00002185,PH-005,REG-03,EMP-0091,CUS-00517,2026-06-29 13:32:30,Sale,187.03,2.6,15.22,199.65,Cash,5,False,True,False,Completed
TXN-0002186,RCP-00002186,PH-002,REG-03,EMP-0034,CUS-01522,2026-07-18 19:09:25,Sale,124.42,0,10.26,134.68,Credit Card,2,False,True,False,Completed
TXN-0002187,RCP-00002187,PH-001,REG-06,EMP-0012,CUS-03941,2026-05-05 20:52:11,Sale,68.96,0,5.69,74.65,Credit Card,2,False,True,False,Completed
TXN-0002188,RCP-00002188,PH-001,REG-04,EMP-0015,CUS-00512,2026-06-30 14:59:15,Sale,313.58,1.63,25.72,337.67,Debit Card,10,False,True,False,Completed
TXN-0002189,RCP-00002189,PH-004,REG-01,EMP-0067,CUS-03023,2026-07-30 11:29:53,Sale,72.54,0,5.98,78.52,Credit Card,2,False,True,False,Completed
TXN-0002190,RCP-00002190,PH-005,REG-05,EMP-0101,CUS-04715,2026-07-16 14:02:50,Sale,205.43,0,16.95,222.38,Cash,3,False,True,False,Completed
TXN-0002191,RCP-00002191,PH-003,REG-04,EMP-0062,CUS-00528,2026-06-01 14:05:33,Sale,252.54,0,20.84,273.38,Debit Card,4,False,True,False,Completed
TXN-0002192,RCP-00002192,PH-002,REG-03,EMP-0038,CUS-04257,2026-07-12 20:25:48,Sale,131.31,0,10.84,142.15,Credit Card,3,False,True,False,Completed
TXN-0002193,RCP-00002193,PH-003,REG-03,EMP-0060,,2026-07-01 12:00:54,Sale,401.63,0,33.13,434.76,Debit Card,5,False,False,False,Completed
TXN-0002194,RCP-00002194,PH-004,REG-04,EMP-0082,,2026-06-16 16:38:48,Sale,28.96,0,2.39,31.35,Cash,1,False,False,False,Completed
TXN-0002195,RCP-00002195,PH-003,REG-01,EMP-0062,CUS-00886,2026-05-12 20:16:44,Sale,331.94,0,27.39,359.33,Credit Card,8,False,True,False,Completed
TXN-0002196,RCP-00002196,PH-005,REG-05,EMP-0104,CUS-00943,2026-06-02 17:30:14,Sale,169.83,6.93,13.44,176.34,Cash,5,False,True,False,Completed
TXN-0002197,RCP-00002197,PH-001,REG-06,EMP-0016,CUS-02250,2026-05-28 13:28:51,Sale,82.72,4.47,6.46,84.71,Gift Card,3,False,True,False,Completed
TXN-0002198,RCP-00002198,PH-003,REG-05,EMP-0062,CUS-02104,2026-07-10 16:48:24,Sale,194.17,0,16.02,210.19,Debit Card,5,False,True,False,Completed
TXN-0002199,RCP-00002199,PH-002,REG-06,EMP-0034,CUS-01385,2026-07-26 13:19:04,Sale,361.64,8.6,29.13,382.17,Debit Card,7,False,True,False,Completed
TXN-0002200,RCP-00002200,PH-005,REG-06,EMP-0107,CUS-03898,2026-05-27 19:59:09,Sale,158.45,23.76,11.11,145.8,Credit Card,6,False,True,True,Completed
TXN-0002201,RCP-00002201,PH-003,REG-02,EMP-0047,CUS-02412,2026-06-08 10:37:22,Sale,139.1,1.75,11.33,148.68,Debit Card,5,False,True,False,Completed
TXN-0002202,RCP-00002202,PH-003,REG-03,EMP-0056,CUS-01609,2026-07-29 19:00:48,Sale,192.76,1.77,15.76,206.75,Credit Card,6,False,True,False,Completed
TXN-0002203,RCP-00002203,PH-003,REG-04,EMP-0056,,2026-05-19 11:05:14,Sale,218.77,1.21,17.96,235.52,Credit Card,3,False,False,False,Completed
TXN-0002204,RCP-00002204,PH-002,REG-02,EMP-0023,CUS-01350,2026-05-15 17:03:00,Sale,237.22,7.03,18.99,249.18,Credit Card,7,False,True,False,Completed
TXN-0002205,RCP-00002205,PH-002,REG-02,EMP-0035,CUS-02995,2026-05-13 10:34:41,Sale,90.68,0,7.48,98.16,Split Payment,2,False,True,False,Completed
TXN-0002206,RCP-00002206,PH-002,REG-06,EMP-0035,CUS-03642,2026-07-19 12:10:20,Sale,70.59,0,5.82,76.41,Debit Card,2,False,True,False,Completed
TXN-0002207,RCP-00002207,PH-001,REG-04,EMP-0016,CUS-01474,2026-06-20 15:20:10,Sale,54.61,0,4.51,59.12,Credit Card,2,False,True,False,Completed
TXN-0002208,RCP-00002208,PH-002,REG-03,EMP-0039,CUS-04244,2026-05-06 16:14:46,Sale,76.29,2.26,6.11,80.14,Credit Card,4,False,True,False,Completed
TXN-0002209,RCP-00002209,PH-001,REG-03,EMP-0018,CUS-03674,2026-07-22 13:21:24,Sale,200.52,5.32,16.09,211.29,Credit Card,6,False,True,False,Completed
TXN-0002210,RCP-00002210,PH-005,REG-01,EMP-0103,CUS-00522,2026-07-19 10:31:47,Sale,108.93,0,8.98,117.91,Cash,4,False,True,False,Completed
TXN-0002211,RCP-00002211,PH-005,REG-02,EMP-0107,CUS-00997,2026-06-13 10:58:33,Sale,325.16,3.43,26.55,348.28,Gift Card,7,False,True,False,Completed
TXN-0002212,RCP-00002212,PH-002,REG-02,EMP-0034,CUS-00084,2026-05-29 19:01:54,Sale,214.79,0,17.71,232.5,Debit Card,5,False,True,False,Completed
TXN-0002213,RCP-00002213,PH-004,REG-06,EMP-0082,CUS-00488,2026-06-03 12:59:31,Sale,100.51,7.77,7.66,100.4,Debit Card,5,False,True,False,Completed
TXN-0002214,RCP-00002214,PH-003,REG-06,EMP-0057,CUS-04730,2026-05-05 11:41:46,Sale,208.88,9.92,16.42,215.38,Credit Card,5,False,True,False,Completed
TXN-0002215,RCP-00002215,PH-003,REG-05,EMP-0064,CUS-03652,2026-05-02 08:35:38,Sale,175.09,0,14.45,189.54,Debit Card,3,False,True,False,Completed
TXN-0002216,RCP-00002216,PH-004,REG-02,EMP-0068,CUS-04177,2026-07-02 21:12:55,Sale,380.45,10.03,30.55,400.97,Credit Card,7,False,True,False,Completed
TXN-0002217,RCP-00002217,PH-002,REG-03,EMP-0023,CUS-03299,2026-05-28 17:11:23,Sale,423.26,10.34,34.07,446.99,Gift Card,9,False,True,False,Completed
TXN-0002218,RCP-00002218,PH-002,REG-04,EMP-0024,CUS-03025,2026-07-12 12:11:40,Sale,212.85,8.88,16.83,220.8,Credit Card,7,False,True,False,Completed
TXN-0002219,RCP-00002219,PH-003,REG-01,EMP-0057,CUS-00199,2026-05-27 13:09:25,Sale,57.59,0,4.75,62.34,Credit Card,1,False,True,False,Completed
TXN-0002220,RCP-00002220,PH-004,REG-04,EMP-0079,CUS-03042,2026-05-16 16:32:19,Sale,128.31,0.28,10.56,138.59,Credit Card,5,False,True,False,Completed
TXN-0002221,RCP-00002221,PH-005,REG-04,EMP-0104,CUS-04950,2026-05-02 14:54:18,Sale,204.57,3.61,16.57,217.53,Debit Card,4,False,True,False,Completed
TXN-0002222,RCP-00002222,PH-004,REG-02,EMP-0068,CUS-04866,2026-06-12 10:39:32,Sale,13.9,0,1.15,15.05,Cash,1,False,True,False,Completed
TXN-0002223,RCP-00002223,PH-003,REG-01,EMP-0058,CUS-03523,2026-07-01 09:30:27,Sale,394.12,16.59,31.13,408.66,Cash,7,False,True,False,Completed
TXN-0002224,RCP-00002224,PH-002,REG-01,EMP-0041,,2026-06-06 10:18:46,Sale,214.01,4.32,17.3,226.99,Credit Card,5,False,False,False,Completed
TXN-0002225,RCP-00002225,PH-002,REG-05,EMP-0041,CUS-04218,2026-07-15 20:52:23,Sale,157.76,32.37,10.35,135.74,Credit Card,4,False,True,True,Completed
TXN-0002226,RCP-00002226,PH-005,REG-05,EMP-0101,,2026-06-02 16:56:26,Sale,277.49,8.02,22.23,291.7,Credit Card,7,False,False,False,Completed
TXN-0002227,RCP-00002227,PH-004,REG-01,EMP-0080,CUS-01137,2026-05-31 18:17:33,Sale,246.47,0,20.34,266.81,Cash,4,False,True,False,Completed
TXN-0002228,RCP-00002228,PH-003,REG-01,EMP-0056,CUS-04655,2026-07-27 17:05:12,Sale,271.49,0,22.4,293.89,Debit Card,5,False,True,False,Completed
TXN-0002229,RCP-00002229,PH-004,REG-03,EMP-0069,CUS-03522,2026-07-18 17:43:18,Sale,99.67,5.65,7.76,101.78,Cash,3,False,True,False,Completed
TXN-0002230,RCP-00002230,PH-002,REG-06,EMP-0037,CUS-04654,2026-06-19 17:53:01,Sale,166.04,0,13.7,179.74,Debit Card,5,False,True,False,Completed
TXN-0002231,RCP-00002231,PH-001,REG-04,EMP-0002,CUS-04504,2026-05-03 20:47:59,Sale,109.71,0,9.06,118.77,Credit Card,6,False,True,False,Completed
TXN-0002232,RCP-00002232,PH-005,REG-04,EMP-0101,CUS-03568,2026-06-25 21:30:04,Sale,702.65,14.4,56.78,745.03,Debit Card,5,False,True,False,Completed
TXN-0002233,RCP-00002233,PH-002,REG-03,EMP-0040,CUS-01234,2026-07-31 17:32:52,Sale,62.42,6.67,4.6,60.35,Credit Card,3,False,True,False,Completed
TXN-0002234,RCP-00002234,PH-005,REG-01,EMP-0090,,2026-05-22 17:15:42,Sale,287.23,9.74,22.89,300.38,Cash,7,False,False,False,Completed
TXN-0002235,RCP-00002235,PH-004,REG-03,EMP-0080,CUS-01623,2026-05-12 10:14:26,Sale,121.45,0,10.03,131.48,Debit Card,5,False,True,False,Completed
TXN-0002236,RCP-00002236,PH-001,REG-06,EMP-0016,CUS-03794,2026-06-26 12:24:59,Sale,96.37,0,7.95,104.32,Debit Card,3,False,True,False,Completed
TXN-0002237,RCP-00002237,PH-001,REG-05,EMP-0019,,2026-06-29 19:15:10,Sale,111.13,0,9.17,120.3,Credit Card,3,False,False,False,Completed
TXN-0002238,RCP-00002238,PH-001,REG-01,EMP-0001,CUS-03824,2026-06-19 18:27:04,Sale,61.57,6.34,4.55,59.78,Credit Card,3,False,True,False,Completed
TXN-0002239,RCP-00002239,PH-001,REG-02,EMP-0013,CUS-04232,2026-06-04 09:00:27,Sale,15.34,0,1.27,16.61,Debit Card,1,False,True,False,Completed
TXN-0002240,RCP-00002240,PH-004,REG-04,EMP-0084,CUS-04989,2026-06-02 13:58:42,Sale,140.64,1.04,11.52,151.12,Credit Card,3,False,True,False,Completed
TXN-0002241,RCP-00002241,PH-003,REG-03,EMP-0057,,2026-05-15 21:13:59,Sale,309.15,0,25.51,334.66,Debit Card,6,False,False,False,Completed
TXN-0002242,RCP-00002242,PH-003,REG-04,EMP-0045,CUS-04938,2026-05-11 10:50:32,Sale,152.21,7.92,11.91,156.2,Credit Card,5,False,True,False,Completed
TXN-0002243,RCP-00002243,PH-003,REG-06,EMP-0060,,2026-07-15 14:01:26,Sale,254.43,29.17,18.58,243.84,Cash,7,False,False,False,Completed
TXN-0002244,RCP-00002244,PH-005,REG-03,EMP-0108,CUS-02569,2026-06-29 08:57:35,Sale,351.03,0,28.97,380.0,Debit Card,5,False,True,False,Completed
TXN-0002245,RCP-00002245,PH-004,REG-01,EMP-0080,CUS-04882,2026-06-29 20:24:35,Sale,381.21,12.73,30.41,398.89,Cash,7,False,True,False,Completed
TXN-0002246,RCP-00002246,PH-005,REG-02,EMP-0101,CUS-03602,2026-05-16 17:03:09,Sale,186.62,0,15.4,202.02,Credit Card,5,False,True,False,Completed
TXN-0002247,RCP-00002247,PH-003,REG-04,EMP-0057,,2026-06-20 11:10:14,Sale,46.48,3.34,3.56,46.7,Credit Card,3,False,False,False,Completed
TXN-0002248,RCP-00002248,PH-001,REG-03,EMP-0020,CUS-02304,2026-05-25 16:16:21,Sale,332.64,0,27.44,360.08,Debit Card,4,False,True,False,Completed
TXN-0002249,RCP-00002249,PH-003,REG-04,EMP-0064,CUS-02610,2026-06-25 19:34:04,Sale,260.83,0,21.53,282.36,Debit Card,5,False,True,False,Completed
TXN-0002250,RCP-00002250,PH-002,REG-02,EMP-0041,CUS-00846,2026-05-11 10:50:56,Sale,298.76,6.0,24.16,316.92,Credit Card,4,False,True,False,Completed
TXN-0002251,RCP-00002251,PH-005,REG-05,EMP-0102,CUS-00717,2026-05-18 15:12:05,Sale,242.71,1.47,19.91,261.15,Cash,6,False,True,False,Completed
TXN-0002252,RCP-00002252,PH-002,REG-02,EMP-0038,,2026-06-02 12:07:01,Sale,94.22,0,7.77,101.99,Credit Card,3,False,False,False,Completed
TXN-0002253,RCP-00002253,PH-003,REG-04,EMP-0061,CUS-01952,2026-07-21 12:47:25,Sale,161.4,0,13.31,174.71,Debit Card,4,False,True,False,Completed
TXN-0002254,RCP-00002254,PH-001,REG-03,EMP-0012,CUS-04517,2026-06-15 18:33:09,Sale,330.23,0,27.23,357.46,Debit Card,7,False,True,False,Completed
TXN-0002255,RCP-00002255,PH-001,REG-03,EMP-0006,CUS-02327,2026-07-26 09:21:41,Sale,196.52,8.54,15.52,203.5,Cash,7,False,True,False,Completed
TXN-0002256,RCP-00002256,PH-004,REG-03,EMP-0079,CUS-02781,2026-07-29 19:31:04,Sale,325.05,9.23,26.05,341.87,Credit Card,7,False,True,False,Completed
TXN-0002257,RCP-00002257,PH-001,REG-05,EMP-0006,,2026-07-13 13:28:37,Sale,39.12,0,3.23,42.35,Debit Card,1,False,False,False,Completed
TXN-0002258,RCP-00002258,PH-005,REG-02,EMP-0101,,2026-05-03 08:08:56,Sale,221.69,1.78,18.15,238.06,Credit Card,8,False,False,False,Completed
TXN-0002259,RCP-00002259,PH-004,REG-06,EMP-0069,CUS-02069,2026-06-04 18:55:31,Sale,249.46,0,20.59,270.05,Debit Card,6,False,True,False,Completed
TXN-0002260,RCP-00002260,PH-003,REG-02,EMP-0047,CUS-03165,2026-07-30 16:20:12,Sale,75.09,4.19,5.85,76.75,Credit Card,4,False,True,False,Completed
TXN-0002261,RCP-00002261,PH-005,REG-04,EMP-0108,,2026-05-26 13:55:05,Sale,277.71,3.13,22.66,297.24,Cash,8,False,False,False,Completed
TXN-0002262,RCP-00002262,PH-004,REG-05,EMP-0079,CUS-01091,2026-07-15 20:01:27,Sale,13.68,0,1.13,14.81,Credit Card,1,False,True,False,Completed
TXN-0002263,RCP-00002263,PH-005,REG-04,EMP-0105,CUS-03083,2026-06-06 10:40:14,Sale,90.65,0,7.48,98.13,Credit Card,4,False,True,False,Completed
TXN-0002264,RCP-00002264,PH-001,REG-04,EMP-0018,CUS-02075,2026-05-26 17:55:47,Sale,25.74,0,2.13,27.87,Credit Card,2,False,True,False,Completed
TXN-0002265,RCP-00002265,PH-002,REG-05,EMP-0035,CUS-00769,2026-05-08 11:40:13,Sale,406.1,0,33.5,439.6,Cash,7,False,True,False,Completed
TXN-0002266,RCP-00002266,PH-002,REG-03,EMP-0036,,2026-06-14 19:50:29,Sale,230.74,0.78,18.96,248.92,Credit Card,7,False,False,False,Completed
TXN-0002267,RCP-00002267,PH-001,REG-05,EMP-0012,CUS-01025,2026-05-27 18:15:19,Sale,326.21,1.77,26.77,351.21,Credit Card,7,False,True,False,Completed
TXN-0002268,RCP-00002268,PH-001,REG-03,EMP-0012,CUS-04500,2026-05-15 16:49:39,Sale,197.08,2.45,16.07,210.7,Cash,5,False,True,False,Completed
TXN-0002269,RCP-00002269,PH-002,REG-05,EMP-0038,CUS-01335,2026-07-30 11:33:23,Sale,290.28,22.69,22.08,289.67,Credit Card,5,False,True,False,Completed
TXN-0002270,RCP-00002270,PH-004,REG-02,EMP-0086,,2026-07-27 19:30:53,Sale,398.84,6.8,32.34,424.38,Debit Card,5,False,False,False,Completed
TXN-0002271,RCP-00002271,PH-002,REG-02,EMP-0025,CUS-03557,2026-05-09 13:47:40,Sale,117.68,0,9.7,127.38,Debit Card,4,False,True,False,Completed
TXN-0002272,RCP-00002272,PH-004,REG-01,EMP-0083,CUS-03253,2026-07-31 12:38:43,Sale,189.77,14.51,14.46,189.72,Credit Card,6,False,True,False,Completed
TXN-0002273,RCP-00002273,PH-003,REG-06,EMP-0064,CUS-04700,2026-06-15 12:37:14,Sale,184.22,0,15.19,199.41,Debit Card,4,False,True,False,Completed
TXN-0002274,RCP-00002274,PH-002,REG-02,EMP-0038,,2026-06-05 12:44:10,Sale,261.82,0.43,21.56,282.95,Cash,5,False,False,False,Completed
TXN-0002275,RCP-00002275,PH-001,REG-02,EMP-0013,CUS-00938,2026-05-31 21:12:01,Sale,62.39,9.36,4.37,57.4,Debit Card,1,False,True,False,Completed
TXN-0002276,RCP-00002276,PH-005,REG-02,EMP-0107,CUS-00155,2026-07-08 14:02:18,Sale,282.28,8.21,22.61,296.68,Credit Card,7,False,True,False,Completed
TXN-0002277,RCP-00002277,PH-002,REG-06,EMP-0036,CUS-04793,2026-06-08 20:26:02,Sale,172.35,0,14.22,186.57,Credit Card,4,False,True,False,Completed
TXN-0002278,RCP-00002278,PH-001,REG-01,EMP-0019,,2026-07-10 13:44:40,Sale,284.37,8.8,22.74,298.31,Cash,6,False,False,False,Completed
TXN-0002279,RCP-00002279,PH-001,REG-06,EMP-0018,CUS-03967,2026-05-11 08:07:18,Sale,62.39,2.26,4.96,65.09,Credit Card,3,False,True,False,Completed
TXN-0002280,RCP-00002280,PH-005,REG-06,EMP-0108,,2026-06-30 09:32:53,Sale,173.09,7.51,13.66,179.24,Cash,4,False,False,False,Completed
TXN-0002281,RCP-00002281,PH-002,REG-03,EMP-0038,CUS-00649,2026-05-10 12:05:54,Sale,49.26,0,4.07,53.33,Credit Card,2,False,True,False,Completed
TXN-0002282,RCP-00002282,PH-005,REG-03,EMP-0100,CUS-00166,2026-06-23 19:27:12,Sale,43.66,4.85,3.2,42.01,Credit Card,2,False,True,False,Completed
TXN-0002283,RCP-00002283,PH-002,REG-04,EMP-0024,,2026-06-22 18:07:00,Sale,251.35,5.02,20.33,266.66,Cash,8,False,False,False,Completed
TXN-0002284,RCP-00002284,PH-001,REG-03,EMP-0002,CUS-03288,2026-07-20 08:32:06,Sale,140.2,1.67,11.43,149.96,Cash,2,False,True,False,Completed
TXN-0002285,RCP-00002285,PH-002,REG-01,EMP-0024,CUS-03630,2026-07-21 16:17:39,Sale,257.95,0,21.28,279.23,Debit Card,2,False,True,False,Completed
TXN-0002286,RCP-00002286,PH-005,REG-06,EMP-0102,,2026-07-29 16:18:19,Sale,196.62,1.67,16.09,211.04,Credit Card,6,False,False,False,Completed
TXN-0002287,RCP-00002287,PH-002,REG-02,EMP-0035,CUS-01690,2026-06-01 10:53:18,Sale,56.39,0,4.66,61.05,Credit Card,5,False,True,False,Completed
TXN-0002288,RCP-00002288,PH-001,REG-06,EMP-0020,CUS-04358,2026-06-02 17:45:30,Sale,330.01,8.05,26.56,348.52,Debit Card,10,False,True,False,Completed
TXN-0002289,RCP-00002289,PH-003,REG-01,EMP-0047,CUS-04558,2026-07-08 20:38:13,Sale,126.57,0,10.44,137.01,Credit Card,4,False,True,False,Completed
TXN-0002290,RCP-00002290,PH-005,REG-03,EMP-0107,CUS-00629,2026-06-08 13:51:28,Sale,323.15,9.26,25.9,339.79,Debit Card,6,False,True,False,Completed
TXN-0002291,RCP-00002291,PH-001,REG-04,EMP-0014,,2026-06-21 09:18:59,Sale,105.78,4.87,8.32,109.23,Credit Card,3,False,False,False,Completed
TXN-0002292,RCP-00002292,PH-002,REG-04,EMP-0035,CUS-02717,2026-06-19 19:48:34,Sale,82.47,31.43,4.21,55.25,Credit Card,2,False,True,True,Completed
TXN-0002293,RCP-00002293,PH-005,REG-05,EMP-0089,CUS-00249,2026-07-20 19:19:48,Sale,145.15,15.92,10.66,139.89,Credit Card,3,False,True,False,Completed
TXN-0002294,RCP-00002294,PH-003,REG-03,EMP-0062,CUS-03586,2026-07-18 15:17:24,Sale,65.57,2.37,5.22,68.42,Cash,6,False,True,False,Completed
TXN-0002295,RCP-00002295,PH-001,REG-01,EMP-0006,,2026-07-11 16:02:25,Sale,100.19,5.61,7.81,102.39,Debit Card,4,False,False,False,Completed
TXN-0002296,RCP-00002296,PH-002,REG-05,EMP-0041,CUS-03610,2026-07-25 14:31:46,Sale,140.34,0,11.58,151.92,Debit Card,5,False,True,False,Completed
TXN-0002297,RCP-00002297,PH-003,REG-02,EMP-0063,,2026-07-31 17:32:00,Sale,42.69,0,3.53,46.22,Credit Card,3,False,False,False,Completed
TXN-0002298,RCP-00002298,PH-001,REG-03,EMP-0019,,2026-05-04 15:40:00,Sale,120.39,7.57,9.31,122.13,Credit Card,3,False,False,False,Completed
TXN-0002299,RCP-00002299,PH-005,REG-02,EMP-0100,CUS-01193,2026-06-19 14:59:39,Sale,5.82,0,0.48,6.3,Debit Card,1,False,True,False,Completed
TXN-0002300,RCP-00002300,PH-003,REG-05,EMP-0064,,2026-05-21 18:26:55,Sale,104.7,0,8.63,113.33,Credit Card,3,False,False,False,Completed
TXN-0002301,RCP-00002301,PH-001,REG-03,EMP-0003,CUS-02103,2026-05-09 08:28:44,Sale,171.63,0,14.16,185.79,Debit Card,5,False,True,False,Completed
TXN-0002302,RCP-00002302,PH-002,REG-05,EMP-0038,CUS-02256,2026-07-12 10:06:37,Sale,74.95,0.83,6.11,80.23,Credit Card,3,False,True,False,Completed
TXN-0002303,RCP-00002303,PH-003,REG-01,EMP-0059,CUS-00204,2026-07-04 21:45:24,Sale,139.55,4.73,11.13,145.95,Debit Card,4,False,True,False,Completed
TXN-0002304,RCP-00002304,PH-001,REG-06,EMP-0015,,2026-05-04 10:14:51,Sale,175.2,8.66,13.73,180.27,Gift Card,5,False,False,False,Completed
TXN-0002305,RCP-00002305,PH-003,REG-05,EMP-0059,,2026-06-03 17:20:44,Sale,330.76,32.91,24.58,322.43,Cash,6,False,False,False,Completed
TXN-0002306,RCP-00002306,PH-001,REG-01,EMP-0001,CUS-04954,2026-05-04 19:10:47,Sale,438.94,24.95,34.15,448.14,Credit Card,8,False,True,False,Completed
TXN-0002307,RCP-00002307,PH-004,REG-02,EMP-0067,,2026-06-09 09:17:31,Sale,213.54,13.42,16.51,216.63,Credit Card,6,False,False,False,Completed
TXN-0002308,RCP-00002308,PH-001,REG-01,EMP-0018,CUS-02525,2026-05-16 17:32:37,Sale,24.32,3.84,1.69,22.17,Credit Card,2,False,True,False,Completed
TXN-0002309,RCP-00002309,PH-003,REG-06,EMP-0060,CUS-03478,2026-06-14 10:05:04,Sale,145.15,0.67,11.92,156.4,Debit Card,5,False,True,False,Completed
TXN-0002310,RCP-00002310,PH-001,REG-06,EMP-0016,CUS-04397,2026-07-12 20:00:36,Sale,92.67,5.21,7.22,94.68,Debit Card,3,False,True,False,Completed
TXN-0002311,RCP-00002311,PH-001,REG-02,EMP-0017,,2026-06-27 20:41:13,Sale,471.26,15.84,37.57,492.99,Cash,9,False,False,True,Completed
TXN-0002312,RCP-00002312,PH-005,REG-01,EMP-0091,CUS-04250,2026-07-13 18:16:57,Sale,60.98,0,5.03,66.01,Gift Card,2,False,True,False,Completed
TXN-0002313,RCP-00002313,PH-001,REG-06,EMP-0014,CUS-01345,2026-07-04 20:44:12,Sale,89.54,4.84,6.99,91.69,Debit Card,3,False,True,False,Completed
TXN-0002314,RCP-00002314,PH-003,REG-05,EMP-0056,CUS-03152,2026-06-18 18:38:11,Sale,294.73,7.99,23.65,310.39,Debit Card,6,False,True,False,Completed
TXN-0002315,RCP-00002315,PH-004,REG-04,EMP-0080,,2026-07-07 09:58:47,Sale,130.64,2.47,10.58,138.75,Credit Card,4,False,False,False,Completed
TXN-0002316,RCP-00002316,PH-003,REG-05,EMP-0046,CUS-01558,2026-07-10 19:19:02,Sale,150.5,4.31,12.05,158.24,Credit Card,6,False,True,False,Completed
TXN-0002317,RCP-00002317,PH-001,REG-02,EMP-0018,CUS-03297,2026-06-16 18:06:39,Sale,96.72,0,7.98,104.7,Debit Card,5,False,True,False,Completed
TXN-0002318,RCP-00002318,PH-001,REG-04,EMP-0012,,2026-06-29 09:20:37,Sale,211.14,13.96,16.27,213.45,Cash,6,False,False,False,Completed
TXN-0002319,RCP-00002319,PH-001,REG-01,EMP-0006,CUS-02294,2026-05-24 15:47:40,Sale,246.03,0,20.3,266.33,Debit Card,3,False,True,False,Completed
TXN-0002320,RCP-00002320,PH-002,REG-04,EMP-0040,CUS-04583,2026-05-31 13:54:03,Sale,108.29,0,8.93,117.22,Debit Card,3,False,True,False,Completed
TXN-0002321,RCP-00002321,PH-004,REG-04,EMP-0086,CUS-02009,2026-06-15 21:44:32,Sale,188.19,0,15.53,203.72,Cash,4,False,True,False,Completed
TXN-0002322,RCP-00002322,PH-001,REG-06,EMP-0013,,2026-05-31 18:22:47,Sale,159.15,0,13.13,172.28,Credit Card,6,False,False,False,Completed
TXN-0002323,RCP-00002323,PH-001,REG-05,EMP-0017,,2026-05-03 19:11:56,Sale,206.98,9.32,16.29,213.95,Cash,8,False,False,False,Completed
TXN-0002324,RCP-00002324,PH-003,REG-04,EMP-0047,CUS-03611,2026-06-20 19:33:48,Sale,254.24,0,20.98,275.22,Cash,6,False,True,False,Completed
TXN-0002325,RCP-00002325,PH-005,REG-04,EMP-0104,CUS-04808,2026-07-17 16:21:22,Sale,231.37,0,19.08,250.45,Gift Card,6,False,True,False,Completed
TXN-0002326,RCP-00002326,PH-001,REG-04,EMP-0015,CUS-02096,2026-06-19 16:35:58,Sale,212.52,18.97,15.97,209.52,Debit Card,6,False,True,False,Completed
TXN-0002327,RCP-00002327,PH-004,REG-05,EMP-0081,CUS-03792,2026-05-21 21:18:33,Sale,176.22,0,14.53,190.75,Credit Card,6,False,True,False,Completed
TXN-0002328,RCP-00002328,PH-001,REG-01,EMP-0016,CUS-03777,2026-06-20 09:00:35,Sale,59.64,0,4.92,64.56,Debit Card,1,False,True,False,Completed
TXN-0002329,RCP-00002329,PH-004,REG-05,EMP-0086,CUS-02377,2026-07-28 15:12:48,Sale,99.12,0,8.18,107.3,Cash,3,False,True,False,Completed
TXN-0002330,RCP-00002330,PH-004,REG-04,EMP-0080,CUS-00194,2026-06-10 20:31:24,Sale,207.39,0,17.11,224.5,Debit Card,6,False,True,False,Completed
TXN-0002331,RCP-00002331,PH-003,REG-05,EMP-0047,,2026-05-17 16:57:17,Sale,168.46,3.89,13.58,178.15,Debit Card,5,False,False,False,Completed
TXN-0002332,RCP-00002332,PH-003,REG-04,EMP-0063,CUS-02969,2026-05-10 15:02:24,Sale,154.49,0,12.74,167.23,Debit Card,4,False,True,False,Completed
TXN-0002333,RCP-00002333,PH-004,REG-02,EMP-0086,CUS-03223,2026-05-14 09:54:59,Sale,143.61,14.62,10.64,139.63,Credit Card,3,False,True,True,Completed
TXN-0002334,RCP-00002334,PH-005,REG-02,EMP-0104,CUS-01731,2026-05-24 13:27:10,Sale,202.43,1.87,16.54,217.1,Debit Card,5,False,True,False,Completed
TXN-0002335,RCP-00002335,PH-004,REG-06,EMP-0069,CUS-03609,2026-06-06 19:21:05,Sale,50.14,7.52,3.52,46.14,Credit Card,1,False,True,False,Completed
TXN-0002336,RCP-00002336,PH-004,REG-06,EMP-0084,CUS-02714,2026-05-24 17:30:01,Sale,56.82,9.63,3.9,51.09,Credit Card,3,False,True,False,Completed
TXN-0002337,RCP-00002337,PH-004,REG-03,EMP-0068,,2026-07-03 14:54:39,Sale,169.05,9.69,13.15,172.51,Credit Card,5,False,False,False,Completed
TXN-0002338,RCP-00002338,PH-002,REG-02,EMP-0024,CUS-04069,2026-06-05 16:31:05,Sale,228.85,1.58,18.75,246.02,Debit Card,7,False,True,False,Completed
TXN-0002339,RCP-00002339,PH-005,REG-05,EMP-0108,CUS-04222,2026-06-25 11:36:11,Sale,95.88,0,7.92,103.8,Credit Card,5,False,True,False,Completed
TXN-0002340,RCP-00002340,PH-003,REG-06,EMP-0056,,2026-07-26 08:52:41,Sale,220.17,12.19,17.15,225.13,Debit Card,4,False,False,False,Completed
TXN-0002341,RCP-00002341,PH-001,REG-02,EMP-0012,CUS-00339,2026-05-25 12:55:37,Sale,201.68,1.62,16.51,216.57,Credit Card,8,False,True,False,Completed
TXN-0002342,RCP-00002342,PH-001,REG-05,EMP-0020,CUS-04171,2026-05-02 09:54:57,Sale,124.2,0,10.26,134.46,Credit Card,4,False,True,False,Completed
TXN-0002343,RCP-00002343,PH-002,REG-02,EMP-0036,CUS-04160,2026-06-16 18:13:47,Sale,54.21,0,4.47,58.68,Debit Card,1,False,True,False,Completed
TXN-0002344,RCP-00002344,PH-005,REG-02,EMP-0102,,2026-05-10 16:49:54,Sale,114.58,7.94,8.79,115.43,Split Payment,5,False,False,False,Completed
TXN-0002345,RCP-00002345,PH-001,REG-01,EMP-0013,CUS-04212,2026-05-13 20:17:47,Sale,230.09,0.39,18.96,248.66,Split Payment,4,False,True,False,Completed
TXN-0002346,RCP-00002346,PH-004,REG-05,EMP-0083,,2026-07-03 10:36:17,Sale,193.65,1.88,15.82,207.59,Credit Card,5,False,False,False,Completed
TXN-0002347,RCP-00002347,PH-005,REG-04,EMP-0108,CUS-00236,2026-05-29 11:48:47,Sale,246.39,14.12,19.17,251.44,Credit Card,6,False,True,False,Completed
TXN-0002348,RCP-00002348,PH-002,REG-01,EMP-0035,CUS-00907,2026-07-04 09:33:47,Sale,372.51,1.9,30.58,401.19,Credit Card,9,False,True,False,Completed
TXN-0002349,RCP-00002349,PH-004,REG-03,EMP-0067,CUS-00656,2026-05-22 18:04:57,Sale,139.46,0,11.5,150.96,Cash,4,False,True,False,Completed
TXN-0002350,RCP-00002350,PH-001,REG-04,EMP-0001,CUS-02793,2026-06-14 18:31:12,Sale,241.43,12.1,18.92,248.25,Credit Card,6,False,True,False,Completed
TXN-0002351,RCP-00002351,PH-005,REG-01,EMP-0108,CUS-02461,2026-06-25 20:14:19,Sale,43.44,2.95,3.34,43.83,Debit Card,2,False,True,False,Completed
TXN-0002352,RCP-00002352,PH-002,REG-06,EMP-0041,CUS-01546,2026-05-27 11:14:53,Sale,29.23,0,2.41,31.64,Cash,2,False,True,False,Completed
TXN-0002353,RCP-00002353,PH-001,REG-04,EMP-0001,CUS-04832,2026-05-22 14:34:19,Sale,88.97,2.34,7.15,93.78,Credit Card,3,False,True,False,Completed
TXN-0002354,RCP-00002354,PH-001,REG-02,EMP-0014,CUS-04002,2026-07-15 18:38:52,Sale,235.95,0,19.46,255.41,Debit Card,5,False,True,False,Completed
TXN-0002355,RCP-00002355,PH-002,REG-02,EMP-0038,CUS-01683,2026-06-29 19:09:13,Sale,98.33,0,8.12,106.45,Credit Card,2,False,True,False,Completed
TXN-0002356,RCP-00002356,PH-005,REG-03,EMP-0091,,2026-05-20 09:27:35,Sale,471.41,24.16,36.91,484.16,Cash,8,False,False,False,Completed
TXN-0002357,RCP-00002357,PH-002,REG-04,EMP-0042,CUS-00630,2026-06-10 10:47:23,Sale,288.45,6.81,23.23,304.87,Credit Card,8,False,True,False,Completed
TXN-0002358,RCP-00002358,PH-005,REG-01,EMP-0089,CUS-02595,2026-05-05 11:40:24,Sale,483.43,68.35,34.25,449.33,Credit Card,8,False,True,True,Completed
TXN-0002359,RCP-00002359,PH-003,REG-01,EMP-0058,,2026-05-18 10:45:22,Sale,287.45,0,23.71,311.16,Debit Card,7,False,False,False,Completed
TXN-0002360,RCP-00002360,PH-003,REG-06,EMP-0062,CUS-02288,2026-07-08 16:51:56,Sale,475.53,0,39.22,514.75,Credit Card,6,False,True,False,Completed
TXN-0002361,RCP-00002361,PH-003,REG-03,EMP-0058,CUS-04343,2026-07-27 14:44:12,Sale,76.81,0,6.33,83.14,Cash,4,False,True,False,Completed
TXN-0002362,RCP-00002362,PH-002,REG-02,EMP-0036,,2026-06-01 14:38:50,Sale,310.12,1.84,25.44,333.72,Credit Card,7,False,False,False,Completed
TXN-0002363,RCP-00002363,PH-003,REG-02,EMP-0057,,2026-07-02 14:37:50,Sale,39.17,0,3.23,42.4,Debit Card,1,False,False,False,Completed
TXN-0002364,RCP-00002364,PH-002,REG-02,EMP-0023,CUS-04960,2026-05-12 18:16:56,Sale,195.99,6.72,15.61,204.88,Credit Card,5,False,True,False,Completed
TXN-0002365,RCP-00002365,PH-002,REG-03,EMP-0037,CUS-02996,2026-07-07 21:23:12,Sale,212.75,9.02,16.81,220.54,Debit Card,4,False,True,True,Completed
TXN-0002366,RCP-00002366,PH-003,REG-04,EMP-0063,CUS-00122,2026-06-01 18:19:44,Sale,183.47,0,15.13,198.6,Split Payment,4,False,True,False,Completed
TXN-0002367,RCP-00002367,PH-003,REG-06,EMP-0059,CUS-00014,2026-06-13 15:56:25,Sale,238.2,0,19.65,257.85,Credit Card,5,False,True,False,Completed
TXN-0002368,RCP-00002368,PH-002,REG-03,EMP-0042,CUS-04441,2026-06-20 09:10:35,Sale,529.45,6.82,43.12,565.75,Debit Card,8,False,True,False,Completed
TXN-0002369,RCP-00002369,PH-005,REG-05,EMP-0107,CUS-01735,2026-07-14 19:58:26,Sale,186.35,5.5,14.92,195.77,Credit Card,5,False,True,False,Completed
TXN-0002370,RCP-00002370,PH-004,REG-06,EMP-0078,,2026-07-29 19:28:34,Sale,261.07,0,21.53,282.6,Credit Card,4,False,False,False,Completed
TXN-0002371,RCP-00002371,PH-002,REG-02,EMP-0036,,2026-06-03 19:05:05,Sale,324.63,28.01,24.48,321.1,Debit Card,5,False,False,False,Completed
TXN-0002372,RCP-00002372,PH-005,REG-03,EMP-0104,CUS-04228,2026-06-28 20:22:21,Sale,101.21,4.96,7.94,104.19,Credit Card,3,False,True,False,Completed
TXN-0002373,RCP-00002373,PH-004,REG-06,EMP-0080,CUS-00929,2026-05-27 14:03:00,Sale,149.82,10.62,11.49,150.69,Gift Card,5,False,True,False,Completed
TXN-0002374,RCP-00002374,PH-005,REG-04,EMP-0107,CUS-03935,2026-06-17 09:51:09,Sale,135.17,0,11.15,146.32,Debit Card,4,False,True,False,Completed
TXN-0002375,RCP-00002375,PH-001,REG-02,EMP-0015,CUS-04585,2026-05-04 10:31:40,Sale,215.4,5.73,17.3,226.97,Debit Card,7,False,True,False,Completed
TXN-0002376,RCP-00002376,PH-005,REG-03,EMP-0090,CUS-02326,2026-06-15 19:39:03,Sale,120.07,0,9.9,129.97,Debit Card,2,False,True,False,Completed
TXN-0002377,RCP-00002377,PH-003,REG-06,EMP-0060,CUS-04661,2026-05-22 16:02:01,Sale,131.44,3.08,10.59,138.95,Cash,6,False,True,False,Completed
TXN-0002378,RCP-00002378,PH-005,REG-03,EMP-0091,CUS-03589,2026-05-03 13:12:26,Sale,368.07,0,30.37,398.44,Gift Card,6,False,True,False,Completed
TXN-0002379,RCP-00002379,PH-004,REG-04,EMP-0082,CUS-02118,2026-05-09 09:32:41,Sale,215.46,2.08,17.61,230.99,Debit Card,7,False,True,False,Completed
TXN-0002380,RCP-00002380,PH-001,REG-02,EMP-0019,CUS-00311,2026-05-02 17:06:46,Sale,124.3,0,10.25,134.55,Gift Card,5,False,True,False,Completed
TXN-0002381,RCP-00002381,PH-004,REG-03,EMP-0081,CUS-01461,2026-06-02 14:18:15,Sale,246.35,10.1,19.48,255.73,Gift Card,7,False,True,False,Completed
TXN-0002382,RCP-00002382,PH-001,REG-02,EMP-0002,CUS-00655,2026-05-02 20:49:23,Sale,181.7,6.78,14.43,189.35,Credit Card,5,False,True,False,Completed
TXN-0002383,RCP-00002383,PH-005,REG-04,EMP-0108,,2026-07-21 13:59:41,Sale,159.52,5.15,12.74,167.11,Credit Card,6,False,False,False,Completed
TXN-0002384,RCP-00002384,PH-002,REG-05,EMP-0035,CUS-02199,2026-05-11 18:17:42,Sale,119.08,3.55,9.53,125.06,Credit Card,4,False,True,False,Completed
TXN-0002385,RCP-00002385,PH-004,REG-05,EMP-0086,,2026-06-09 20:28:20,Sale,158.33,1.35,12.95,169.93,Gift Card,3,False,False,False,Completed
TXN-0002386,RCP-00002386,PH-004,REG-04,EMP-0068,CUS-03531,2026-06-01 17:33:40,Sale,70.82,0,5.84,76.66,Cash,3,False,True,False,Completed
TXN-0002387,RCP-00002387,PH-002,REG-03,EMP-0036,CUS-03275,2026-07-01 10:05:12,Sale,84.13,0,6.94,91.07,Credit Card,4,False,True,False,Completed
TXN-0002388,RCP-00002388,PH-001,REG-02,EMP-0006,CUS-01151,2026-06-28 13:39:14,Sale,379.86,0,31.33,411.19,Credit Card,9,False,True,False,Completed
TXN-0002389,RCP-00002389,PH-005,REG-06,EMP-0091,CUS-01247,2026-06-23 09:30:31,Sale,303.67,1.97,24.89,326.59,Debit Card,9,False,True,False,Completed
TXN-0002390,RCP-00002390,PH-001,REG-06,EMP-0016,CUS-01525,2026-06-08 19:17:44,Sale,323.66,24.92,24.64,323.38,Debit Card,5,False,True,False,Completed
TXN-0002391,RCP-00002391,PH-001,REG-02,EMP-0013,CUS-02232,2026-05-29 19:11:16,Sale,213.65,3.8,17.31,227.16,Debit Card,6,False,True,False,Completed
TXN-0002392,RCP-00002392,PH-001,REG-06,EMP-0006,CUS-04892,2026-05-16 12:09:33,Sale,211.67,6.58,16.92,222.01,Cash,5,False,True,False,Completed
TXN-0002393,RCP-00002393,PH-003,REG-01,EMP-0062,CUS-01458,2026-07-27 19:48:47,Sale,590.18,12.86,47.63,624.95,Credit Card,10,False,True,False,Completed
TXN-0002394,RCP-00002394,PH-004,REG-05,EMP-0082,CUS-01172,2026-07-12 20:18:35,Sale,255.42,23.86,19.09,250.65,Gift Card,6,False,True,False,Completed
TXN-0002395,RCP-00002395,PH-002,REG-03,EMP-0036,CUS-01434,2026-07-03 15:02:09,Sale,227.35,3.29,18.48,242.54,Cash,9,False,True,False,Completed
TXN-0002396,RCP-00002396,PH-004,REG-04,EMP-0082,CUS-03404,2026-06-26 15:06:45,Sale,221.48,10.07,17.45,228.86,Credit Card,5,False,True,False,Completed
TXN-0002397,RCP-00002397,PH-004,REG-06,EMP-0084,CUS-04441,2026-07-01 09:42:12,Sale,216.86,10.74,17.01,223.13,Credit Card,5,False,True,False,Completed
TXN-0002398,RCP-00002398,PH-002,REG-02,EMP-0037,CUS-01731,2026-07-04 18:23:32,Sale,67.53,2.17,5.39,70.75,Debit Card,2,False,True,False,Completed
TXN-0002399,RCP-00002399,PH-004,REG-02,EMP-0085,CUS-02004,2026-06-14 20:19:11,Sale,157.78,4.46,12.65,165.97,Debit Card,6,False,True,False,Completed
TXN-0002400,RCP-00002400,PH-002,REG-02,EMP-0042,,2026-07-20 11:06:59,Sale,49.8,22.41,2.26,29.65,Gift Card,1,False,False,True,Completed
TXN-0002401,RCP-00002401,PH-005,REG-06,EMP-0100,CUS-00166,2026-05-26 16:26:39,Sale,124.28,15.02,9.02,118.28,Credit Card,4,False,True,True,Completed
TXN-0002402,RCP-00002402,PH-002,REG-06,EMP-0023,CUS-04959,2026-05-29 16:05:09,Sale,277.21,7.73,22.23,291.71,Debit Card,6,False,True,False,Completed
TXN-0002403,RCP-00002403,PH-001,REG-06,EMP-0015,CUS-04389,2026-07-15 09:07:47,Sale,263.61,1.82,21.59,283.38,Credit Card,9,False,True,False,Completed
TXN-0002404,RCP-00002404,PH-002,REG-01,EMP-0037,CUS-04380,2026-07-11 16:31:43,Sale,158.38,4.9,12.66,166.14,Cash,3,False,True,False,Completed
TXN-0002405,RCP-00002405,PH-003,REG-04,EMP-0059,,2026-07-11 08:47:52,Sale,217.96,0,17.98,235.94,Credit Card,5,False,False,False,Completed
TXN-0002406,RCP-00002406,PH-002,REG-06,EMP-0042,CUS-04048,2026-06-20 08:06:45,Sale,103.32,2.22,8.34,109.44,Credit Card,3,False,True,False,Completed
TXN-0002407,RCP-00002407,PH-002,REG-01,EMP-0040,CUS-00612,2026-06-28 16:53:10,Sale,34.76,0,2.87,37.63,Debit Card,2,False,True,False,Completed
TXN-0002408,RCP-00002408,PH-005,REG-02,EMP-0101,CUS-04645,2026-06-22 09:33:04,Sale,26.71,0,2.2,28.91,Cash,2,False,True,False,Completed
TXN-0002409,RCP-00002409,PH-002,REG-04,EMP-0035,CUS-04139,2026-05-19 12:13:50,Sale,194.1,2.61,15.8,207.29,Credit Card,6,False,True,False,Completed
TXN-0002410,RCP-00002410,PH-002,REG-03,EMP-0039,CUS-00654,2026-05-12 11:40:07,Sale,217.03,0,17.9,234.93,Debit Card,7,False,True,False,Completed
TXN-0002411,RCP-00002411,PH-002,REG-01,EMP-0041,CUS-03465,2026-06-09 10:47:02,Sale,93.76,0,7.73,101.49,Credit Card,5,False,True,False,Completed
TXN-0002412,RCP-00002412,PH-003,REG-03,EMP-0056,CUS-02687,2026-07-07 08:29:40,Sale,362.7,44.86,26.21,344.05,Credit Card,4,False,True,True,Completed
TXN-0002413,RCP-00002413,PH-005,REG-05,EMP-0103,CUS-03340,2026-07-09 19:31:30,Sale,159.18,0,13.13,172.31,Credit Card,5,False,True,False,Completed
TXN-0002414,RCP-00002414,PH-002,REG-03,EMP-0041,CUS-03333,2026-07-15 17:12:27,Sale,307.56,6.23,24.86,326.19,Debit Card,6,False,True,False,Completed
TXN-0002415,RCP-00002415,PH-005,REG-03,EMP-0108,CUS-02839,2026-05-14 17:07:08,Sale,235.86,6.59,18.92,248.19,Debit Card,5,False,True,False,Completed
TXN-0002416,RCP-00002416,PH-001,REG-01,EMP-0020,CUS-02686,2026-07-12 19:30:06,Sale,93.79,0,7.74,101.53,Credit Card,2,False,True,False,Completed
TXN-0002417,RCP-00002417,PH-003,REG-01,EMP-0057,CUS-01313,2026-05-19 17:21:25,Sale,120.7,8.38,9.26,121.58,Debit Card,4,False,True,False,Completed
TXN-0002418,RCP-00002418,PH-004,REG-02,EMP-0069,CUS-01653,2026-06-15 21:30:55,Sale,293.91,8.49,23.56,308.98,Debit Card,7,False,True,False,Completed
TXN-0002419,RCP-00002419,PH-003,REG-02,EMP-0046,,2026-05-09 16:01:32,Sale,185.24,15.12,14.04,184.16,Debit Card,8,False,False,False,Completed
TXN-0002420,RCP-00002420,PH-003,REG-01,EMP-0063,,2026-06-03 08:45:53,Sale,53.37,0,4.4,57.77,Credit Card,2,False,False,False,Completed
TXN-0002421,RCP-00002421,PH-001,REG-05,EMP-0012,CUS-04734,2026-05-17 08:20:07,Sale,53.97,1.64,4.31,56.64,Debit Card,3,False,True,False,Completed
TXN-0002422,RCP-00002422,PH-005,REG-05,EMP-0107,CUS-00002,2026-06-06 19:01:23,Sale,178.31,0.79,14.65,192.17,Cash,4,False,True,False,Completed
TXN-0002423,RCP-00002423,PH-002,REG-04,EMP-0035,,2026-07-26 10:10:12,Sale,172.97,0.4,14.24,186.81,Credit Card,6,False,False,False,Completed
TXN-0002424,RCP-00002424,PH-002,REG-06,EMP-0040,CUS-01381,2026-06-30 12:12:49,Sale,203.17,12.31,15.74,206.6,Credit Card,4,False,True,False,Completed
TXN-0002425,RCP-00002425,PH-004,REG-04,EMP-0078,CUS-04931,2026-06-03 11:43:37,Sale,215.55,0,17.78,233.33,Cash,3,False,True,False,Completed
TXN-0002426,RCP-00002426,PH-005,REG-02,EMP-0106,CUS-02942,2026-05-14 21:03:34,Sale,153.13,6.37,12.12,158.88,Credit Card,5,False,True,True,Completed
TXN-0002427,RCP-00002427,PH-002,REG-05,EMP-0025,CUS-03781,2026-07-15 17:28:33,Sale,216.58,0,17.87,234.45,Cash,6,False,True,False,Completed
TXN-0002428,RCP-00002428,PH-001,REG-05,EMP-0018,CUS-02388,2026-07-24 15:30:20,Sale,205.39,0,16.95,222.34,Debit Card,4,False,True,False,Completed
TXN-0002429,RCP-00002429,PH-001,REG-05,EMP-0014,CUS-03707,2026-07-20 08:45:23,Sale,119.23,0,9.84,129.07,Debit Card,4,False,True,False,Completed
TXN-0002430,RCP-00002430,PH-001,REG-05,EMP-0001,,2026-07-16 12:32:51,Sale,413.86,8.3,33.45,439.01,Debit Card,8,False,False,False,Completed
TXN-0002431,RCP-00002431,PH-002,REG-06,EMP-0025,CUS-04252,2026-06-11 16:55:27,Sale,390.79,0,32.24,423.03,Debit Card,6,False,True,False,Completed
TXN-0002432,RCP-00002432,PH-005,REG-02,EMP-0108,,2026-05-22 20:56:11,Sale,205.21,1.22,16.82,220.81,Cash,7,False,False,False,Completed
TXN-0002433,RCP-00002433,PH-003,REG-03,EMP-0062,,2026-05-15 18:58:48,Sale,206.13,21.8,15.21,199.54,Credit Card,6,False,False,True,Completed
TXN-0002434,RCP-00002434,PH-003,REG-04,EMP-0046,CUS-04420,2026-05-06 16:40:16,Sale,347.27,2.79,28.42,372.9,Debit Card,5,False,True,False,Completed
TXN-0002435,RCP-00002435,PH-002,REG-04,EMP-0024,CUS-04937,2026-05-19 15:13:04,Sale,37.61,2.36,2.9,38.15,Cash,2,False,True,False,Completed
TXN-0002436,RCP-00002436,PH-001,REG-02,EMP-0017,CUS-04067,2026-06-19 14:14:10,Sale,139.19,4.67,11.09,145.61,Credit Card,3,False,True,False,Completed
TXN-0002437,RCP-00002437,PH-005,REG-04,EMP-0103,,2026-05-24 08:19:32,Sale,223.53,10.24,17.6,230.89,Gift Card,5,False,False,False,Completed
TXN-0002438,RCP-00002438,PH-001,REG-01,EMP-0018,,2026-06-29 11:17:54,Sale,179.51,0,14.81,194.32,Cash,3,False,False,False,Completed
TXN-0002439,RCP-00002439,PH-001,REG-01,EMP-0019,CUS-04018,2026-06-01 10:13:57,Sale,102.22,0,8.44,110.66,Credit Card,3,False,True,False,Completed
TXN-0002440,RCP-00002440,PH-005,REG-03,EMP-0089,CUS-01957,2026-07-07 14:44:37,Sale,288.78,3.85,23.5,308.43,Credit Card,4,False,True,False,Completed
TXN-0002441,RCP-00002441,PH-005,REG-06,EMP-0108,CUS-01969,2026-07-30 08:36:27,Sale,285.48,17.27,22.13,290.34,Credit Card,6,False,True,False,Completed
TXN-0002442,RCP-00002442,PH-005,REG-01,EMP-0104,CUS-03243,2026-05-22 13:32:44,Sale,137.01,0.26,11.29,148.04,Credit Card,5,False,True,False,Completed
TXN-0002443,RCP-00002443,PH-003,REG-06,EMP-0057,,2026-06-13 17:38:14,Sale,204.06,5.5,16.39,214.95,Credit Card,7,False,False,False,Completed
TXN-0002444,RCP-00002444,PH-001,REG-02,EMP-0019,CUS-01901,2026-07-28 17:16:43,Sale,344.38,1.54,28.28,371.12,Debit Card,7,False,True,False,Completed
TXN-0002445,RCP-00002445,PH-005,REG-06,EMP-0090,CUS-01356,2026-07-09 13:58:18,Sale,573.52,51.12,43.11,565.51,Credit Card,8,False,True,False,Completed
TXN-0002446,RCP-00002446,PH-005,REG-04,EMP-0102,,2026-07-23 13:26:49,Sale,68.67,7.22,5.07,66.52,Debit Card,3,False,False,False,Completed
TXN-0002447,RCP-00002447,PH-003,REG-02,EMP-0057,CUS-02150,2026-05-13 19:43:45,Sale,143.89,8.17,11.21,146.93,Credit Card,5,False,True,False,Completed
TXN-0002448,RCP-00002448,PH-002,REG-05,EMP-0040,CUS-04647,2026-07-14 09:52:45,Sale,217.58,0,17.95,235.53,Cash,4,False,True,False,Completed
TXN-0002449,RCP-00002449,PH-002,REG-04,EMP-0036,,2026-07-04 08:45:35,Sale,128.5,8.08,9.94,130.36,Credit Card,4,False,False,False,Completed
TXN-0002450,RCP-00002450,PH-002,REG-05,EMP-0040,CUS-00339,2026-06-05 14:05:52,Sale,198.65,7.97,15.73,206.41,Cash,4,False,True,False,Completed
TXN-0002451,RCP-00002451,PH-002,REG-06,EMP-0025,CUS-00493,2026-06-11 09:41:46,Sale,63.55,2.73,5.01,65.83,Gift Card,4,False,True,False,Completed
TXN-0002452,RCP-00002452,PH-005,REG-03,EMP-0104,CUS-01914,2026-06-15 09:49:10,Sale,378.77,0,31.24,410.01,Cash,7,False,True,False,Completed
TXN-0002453,RCP-00002453,PH-001,REG-02,EMP-0019,CUS-02277,2026-07-26 20:02:54,Sale,125.38,0,10.34,135.72,Debit Card,3,False,True,False,Completed
TXN-0002454,RCP-00002454,PH-002,REG-05,EMP-0035,,2026-07-29 09:41:22,Sale,90.2,0,7.45,97.65,Credit Card,3,False,False,False,Completed
TXN-0002455,RCP-00002455,PH-001,REG-01,EMP-0002,,2026-05-29 16:33:29,Sale,246.9,5.24,19.93,261.59,Cash,7,False,False,False,Completed
TXN-0002456,RCP-00002456,PH-001,REG-05,EMP-0020,CUS-04795,2026-06-03 18:32:31,Sale,324.82,13.39,25.69,337.12,Debit Card,4,False,True,False,Completed
TXN-0002457,RCP-00002457,PH-005,REG-06,EMP-0106,CUS-04405,2026-07-24 15:49:15,Sale,100.98,1.53,8.2,107.65,Cash,5,False,True,False,Completed
TXN-0002458,RCP-00002458,PH-004,REG-05,EMP-0085,CUS-04080,2026-07-05 19:10:18,Sale,133.27,3.23,10.73,140.77,Credit Card,4,False,True,False,Completed
TXN-0002459,RCP-00002459,PH-001,REG-02,EMP-0020,CUS-04067,2026-07-13 08:12:20,Sale,80.02,3.15,6.34,83.21,Debit Card,2,False,True,False,Completed
TXN-0002460,RCP-00002460,PH-002,REG-02,EMP-0036,CUS-01491,2026-05-01 14:25:23,Sale,242.03,6.24,19.45,255.24,Cash,10,False,True,False,Completed
TXN-0002461,RCP-00002461,PH-001,REG-04,EMP-0001,CUS-00648,2026-07-17 12:41:15,Sale,272.52,8.24,21.79,286.07,Debit Card,6,False,True,False,Completed
TXN-0002462,RCP-00002462,PH-001,REG-04,EMP-0012,CUS-03708,2026-07-10 19:37:13,Sale,225.39,0,18.59,243.98,Credit Card,3,False,True,False,Completed
TXN-0002463,RCP-00002463,PH-001,REG-06,EMP-0016,CUS-03638,2026-07-19 12:10:28,Sale,183.69,0,15.16,198.85,Credit Card,5,False,True,False,Completed
TXN-0002464,RCP-00002464,PH-001,REG-03,EMP-0003,CUS-04125,2026-07-01 21:50:50,Sale,34.43,0,2.84,37.27,Cash,1,False,True,False,Completed
TXN-0002465,RCP-00002465,PH-003,REG-05,EMP-0064,CUS-02525,2026-06-25 14:00:06,Sale,77.94,0,6.43,84.37,Credit Card,3,False,True,False,Completed
TXN-0002466,RCP-00002466,PH-003,REG-06,EMP-0047,CUS-00342,2026-07-14 15:53:05,Sale,271.04,1.72,22.22,291.54,Credit Card,4,False,True,False,Completed
TXN-0002467,RCP-00002467,PH-002,REG-04,EMP-0042,CUS-01691,2026-07-11 10:45:50,Sale,84.45,1.67,6.83,89.61,Debit Card,3,False,True,False,Completed
TXN-0002468,RCP-00002468,PH-002,REG-02,EMP-0040,,2026-05-10 13:57:09,Sale,79.52,0,6.55,86.07,Credit Card,4,False,False,False,Completed
TXN-0002469,RCP-00002469,PH-001,REG-04,EMP-0015,CUS-02630,2026-07-24 14:27:45,Sale,268.73,0,22.17,290.9,Debit Card,3,False,True,False,Completed
TXN-0002470,RCP-00002470,PH-003,REG-02,EMP-0047,CUS-03937,2026-06-24 11:00:39,Sale,448.77,15.49,35.74,469.02,Cash,6,False,True,False,Completed
TXN-0002471,RCP-00002471,PH-001,REG-03,EMP-0014,CUS-04481,2026-06-04 09:46:28,Sale,159.98,1.57,13.07,171.48,Cash,7,False,True,False,Completed
TXN-0002472,RCP-00002472,PH-004,REG-04,EMP-0081,CUS-03780,2026-05-03 18:37:32,Sale,228.98,5.88,18.41,241.51,Debit Card,7,False,True,False,Completed
TXN-0002473,RCP-00002473,PH-005,REG-03,EMP-0102,CUS-04133,2026-07-24 19:05:29,Sale,145.84,0,12.03,157.87,Cash,4,False,True,False,Completed
TXN-0002474,RCP-00002474,PH-003,REG-01,EMP-0064,CUS-04089,2026-07-18 10:22:14,Sale,215.97,0,17.82,233.79,Debit Card,5,False,True,False,Completed
TXN-0002475,RCP-00002475,PH-003,REG-03,EMP-0045,CUS-04373,2026-05-10 18:08:11,Sale,65.32,0,5.39,70.71,Cash,2,False,True,False,Completed
TXN-0002476,RCP-00002476,PH-002,REG-01,EMP-0036,CUS-02305,2026-07-25 20:41:50,Sale,222.8,16.37,17.03,223.46,Debit Card,5,False,True,False,Completed
TXN-0002477,RCP-00002477,PH-002,REG-04,EMP-0036,CUS-00960,2026-07-23 08:02:50,Sale,238.4,0,19.67,258.07,Debit Card,6,False,True,False,Completed
TXN-0002478,RCP-00002478,PH-001,REG-02,EMP-0015,CUS-00471,2026-07-27 15:36:28,Sale,120.9,0,9.98,130.88,Credit Card,4,False,True,False,Completed
TXN-0002479,RCP-00002479,PH-002,REG-05,EMP-0035,CUS-00695,2026-05-03 16:07:46,Sale,217.5,0,17.94,235.44,Credit Card,4,False,True,False,Completed
TXN-0002480,RCP-00002480,PH-005,REG-04,EMP-0105,CUS-02370,2026-06-18 13:18:51,Sale,91.86,0,7.58,99.44,Debit Card,4,False,True,False,Completed
TXN-0002481,RCP-00002481,PH-002,REG-01,EMP-0040,,2026-07-06 09:35:54,Sale,143.22,3.92,11.49,150.79,Credit Card,4,False,False,False,Completed
TXN-0002482,RCP-00002482,PH-004,REG-03,EMP-0080,CUS-04900,2026-07-22 11:50:06,Sale,92.07,0.15,7.59,99.51,Debit Card,4,False,True,False,Completed
TXN-0002483,RCP-00002483,PH-005,REG-02,EMP-0107,CUS-02889,2026-05-07 14:16:49,Sale,334.59,0,27.6,362.19,Debit Card,8,False,True,False,Completed
TXN-0002484,RCP-00002484,PH-002,REG-04,EMP-0039,CUS-01393,2026-06-11 14:23:09,Sale,135.07,0,11.14,146.21,Debit Card,3,False,True,False,Completed
TXN-0002485,RCP-00002485,PH-003,REG-06,EMP-0046,CUS-01072,2026-07-01 12:42:45,Sale,214.93,8.85,16.99,223.07,Debit Card,6,False,True,False,Completed
TXN-0002486,RCP-00002486,PH-004,REG-05,EMP-0078,CUS-02222,2026-05-26 09:29:55,Sale,58.75,0,4.85,63.6,Credit Card,2,False,True,False,Completed
TXN-0002487,RCP-00002487,PH-003,REG-06,EMP-0057,CUS-02584,2026-06-04 10:16:15,Sale,205.35,8.4,16.25,213.2,Credit Card,5,False,True,False,Completed
TXN-0002488,RCP-00002488,PH-004,REG-05,EMP-0067,CUS-04361,2026-06-30 13:17:24,Sale,121.07,0,9.99,131.06,Credit Card,3,False,True,False,Completed
TXN-0002489,RCP-00002489,PH-003,REG-04,EMP-0064,,2026-07-23 09:14:54,Sale,206.66,0,17.05,223.71,Cash,3,False,False,False,Completed
TXN-0002490,RCP-00002490,PH-001,REG-03,EMP-0017,,2026-05-12 14:41:15,Sale,216.86,14.91,16.66,218.61,Debit Card,5,False,False,False,Completed
TXN-0002491,RCP-00002491,PH-003,REG-06,EMP-0060,CUS-03267,2026-06-13 19:06:49,Sale,295.25,6.8,23.8,312.25,Gift Card,6,False,True,False,Completed
TXN-0002492,RCP-00002492,PH-001,REG-06,EMP-0020,,2026-05-17 09:48:02,Sale,106.47,0.38,8.75,114.84,Credit Card,5,False,False,False,Completed
TXN-0002493,RCP-00002493,PH-001,REG-04,EMP-0019,CUS-01036,2026-05-18 08:46:37,Sale,185.7,10.99,14.41,189.12,Credit Card,5,False,True,False,Completed
TXN-0002494,RCP-00002494,PH-005,REG-06,EMP-0091,CUS-03968,2026-05-09 12:07:13,Sale,355.11,0,29.3,384.41,Cash,7,False,True,False,Completed
TXN-0002495,RCP-00002495,PH-002,REG-03,EMP-0040,,2026-07-27 14:56:32,Sale,36.66,0,3.03,39.69,Debit Card,2,False,False,False,Completed
TXN-0002496,RCP-00002496,PH-005,REG-01,EMP-0106,CUS-02042,2026-06-12 12:48:25,Sale,154.8,7.04,12.19,159.95,Cash,2,False,True,False,Completed
TXN-0002497,RCP-00002497,PH-003,REG-02,EMP-0063,,2026-06-22 17:00:28,Sale,8.6,0.86,0.64,8.38,Credit Card,1,False,False,False,Completed
TXN-0002498,RCP-00002498,PH-003,REG-01,EMP-0045,CUS-01304,2026-05-10 20:09:52,Sale,40.51,0,3.34,43.85,Debit Card,2,False,True,False,Completed
TXN-0002499,RCP-00002499,PH-005,REG-04,EMP-0106,CUS-03197,2026-05-07 15:37:12,Sale,527.6,10.71,42.64,559.53,Credit Card,10,False,True,False,Completed
TXN-0002500,RCP-00002500,PH-001,REG-06,EMP-0015,,2026-07-26 17:46:12,Sale,180.73,13.75,13.78,180.76,Credit Card,4,False,False,False,Completed
TXN-0002501,RCP-00002501,PH-004,REG-03,EMP-0084,,2026-06-01 12:18:38,Sale,157.51,5.95,12.5,164.06,Cash,4,False,False,False,Completed
TXN-0002502,RCP-00002502,PH-001,REG-02,EMP-0013,CUS-04223,2026-07-05 15:09:03,Sale,73.54,0,6.06,79.6,Credit Card,3,False,True,False,Completed
TXN-0002503,RCP-00002503,PH-005,REG-02,EMP-0105,CUS-03255,2026-05-26 17:28:13,Sale,360.94,22.89,27.89,365.94,Credit Card,8,False,True,False,Completed
TXN-0002504,RCP-00002504,PH-005,REG-04,EMP-0105,CUS-01647,2026-06-19 13:12:54,Sale,174.28,3.89,14.05,184.44,Credit Card,6,False,True,False,Completed
TXN-0002505,RCP-00002505,PH-002,REG-06,EMP-0037,CUS-01160,2026-06-18 11:23:34,Sale,122.79,2.49,9.93,130.23,Gift Card,4,False,True,False,Completed
TXN-0002506,RCP-00002506,PH-004,REG-03,EMP-0078,CUS-04477,2026-07-20 11:50:29,Sale,102.18,0,8.43,110.61,Debit Card,4,False,True,False,Completed
TXN-0002507,RCP-00002507,PH-001,REG-02,EMP-0012,CUS-04880,2026-07-28 10:30:59,Sale,176.5,0,14.57,191.07,Credit Card,5,False,True,False,Completed
TXN-0002508,RCP-00002508,PH-001,REG-01,EMP-0018,CUS-03903,2026-06-15 13:01:46,Sale,251.82,6.69,20.23,265.36,Debit Card,4,False,True,False,Completed
TXN-0002509,RCP-00002509,PH-005,REG-01,EMP-0091,,2026-07-03 20:37:56,Sale,80.78,5.01,6.25,82.02,Credit Card,3,False,False,False,Completed
TXN-0002510,RCP-00002510,PH-002,REG-03,EMP-0040,CUS-04034,2026-06-27 13:55:45,Sale,267.32,4.28,21.71,284.75,Credit Card,5,False,True,False,Completed
TXN-0002511,RCP-00002511,PH-004,REG-04,EMP-0079,CUS-01578,2026-07-17 10:19:48,Sale,398.05,45.54,29.09,381.6,Gift Card,7,False,True,False,Completed
TXN-0002512,RCP-00002512,PH-003,REG-06,EMP-0057,,2026-05-20 14:37:41,Sale,74.23,3.07,5.88,77.04,Credit Card,4,False,False,False,Completed
TXN-0002513,RCP-00002513,PH-005,REG-03,EMP-0106,CUS-02496,2026-07-02 21:10:45,Sale,31.66,1.51,2.49,32.64,Debit Card,2,False,True,False,Completed
TXN-0002514,RCP-00002514,PH-002,REG-04,EMP-0035,CUS-01283,2026-07-03 16:12:31,Sale,227.55,0,18.76,246.31,Credit Card,6,False,True,False,Completed
TXN-0002515,RCP-00002515,PH-002,REG-02,EMP-0037,CUS-04461,2026-07-17 15:32:34,Sale,223.98,15.12,17.24,226.1,Credit Card,4,False,True,False,Completed
TXN-0002516,RCP-00002516,PH-002,REG-05,EMP-0041,,2026-07-22 10:54:36,Sale,62.34,7.06,4.56,59.84,Credit Card,3,False,False,False,Completed
TXN-0002517,RCP-00002517,PH-004,REG-06,EMP-0068,CUS-01425,2026-05-11 19:39:02,Sale,574.64,18.7,45.87,601.81,Credit Card,5,False,True,False,Completed
TXN-0002518,RCP-00002518,PH-002,REG-03,EMP-0040,CUS-02434,2026-06-09 09:27:27,Sale,85.12,6.87,6.46,84.71,Debit Card,4,False,True,True,Completed
TXN-0002519,RCP-00002519,PH-005,REG-02,EMP-0105,,2026-07-20 11:03:37,Sale,184.29,0.36,15.18,199.11,Debit Card,6,False,False,False,Completed
TXN-0002520,RCP-00002520,PH-005,REG-06,EMP-0089,,2026-07-20 08:18:02,Sale,158.26,0,13.05,171.31,Debit Card,4,False,False,False,Completed
TXN-0002521,RCP-00002521,PH-005,REG-05,EMP-0100,,2026-05-18 11:56:46,Sale,161.67,6.7,12.78,167.75,Cash,6,False,False,False,Completed
TXN-0002522,RCP-00002522,PH-005,REG-06,EMP-0105,CUS-02609,2026-07-23 19:32:40,Sale,64.61,0,5.33,69.94,Split Payment,2,False,True,False,Completed
TXN-0002523,RCP-00002523,PH-004,REG-02,EMP-0079,,2026-06-09 21:36:06,Sale,96.33,0,7.94,104.27,Debit Card,3,False,False,False,Completed
TXN-0002524,RCP-00002524,PH-005,REG-06,EMP-0107,,2026-07-27 15:25:20,Sale,717.03,33.61,56.37,739.79,Cash,9,False,False,False,Completed
TXN-0002525,RCP-00002525,PH-003,REG-05,EMP-0058,,2026-05-16 20:39:54,Sale,135.42,0,11.18,146.6,Credit Card,4,False,False,False,Completed
TXN-0002526,RCP-00002526,PH-003,REG-05,EMP-0063,CUS-03247,2026-07-08 20:13:40,Sale,526.77,0,43.46,570.23,Cash,7,False,True,False,Completed
TXN-0002527,RCP-00002527,PH-002,REG-02,EMP-0038,CUS-01627,2026-06-16 20:58:42,Sale,397.07,9.75,31.95,419.27,Debit Card,6,False,True,True,Completed
TXN-0002528,RCP-00002528,PH-001,REG-06,EMP-0019,,2026-07-07 21:49:54,Sale,197.99,41.67,12.9,169.22,Split Payment,4,False,False,True,Completed
TXN-0002529,RCP-00002529,PH-003,REG-05,EMP-0064,CUS-02915,2026-05-03 12:28:45,Sale,129.2,11.39,9.71,127.52,Debit Card,6,False,True,False,Completed
TXN-0002530,RCP-00002530,PH-001,REG-06,EMP-0012,CUS-01535,2026-05-10 08:12:40,Sale,232.49,21.37,17.42,228.54,Credit Card,5,False,True,False,Completed
TXN-0002531,RCP-00002531,PH-005,REG-03,EMP-0108,CUS-02516,2026-07-18 09:07:40,Sale,29.43,0,2.43,31.86,Credit Card,2,False,True,False,Completed
TXN-0002532,RCP-00002532,PH-004,REG-01,EMP-0078,CUS-00637,2026-06-26 11:23:34,Sale,223.31,68.15,12.8,167.96,Credit Card,3,False,True,True,Completed
TXN-0002533,RCP-00002533,PH-001,REG-01,EMP-0014,CUS-00169,2026-05-31 16:56:47,Sale,121.72,0,10.04,131.76,Credit Card,3,False,True,False,Completed
TXN-0002534,RCP-00002534,PH-001,REG-01,EMP-0018,CUS-02735,2026-05-21 20:43:58,Sale,135.07,0,11.14,146.21,Cash,5,False,True,False,Completed
TXN-0002535,RCP-00002535,PH-005,REG-01,EMP-0089,CUS-02593,2026-06-18 13:18:43,Sale,26.48,0,2.18,28.66,Debit Card,1,False,True,False,Completed
TXN-0002536,RCP-00002536,PH-002,REG-03,EMP-0040,CUS-03500,2026-05-02 18:22:58,Sale,136.79,0,11.28,148.07,Cash,5,False,True,False,Completed
TXN-0002537,RCP-00002537,PH-004,REG-01,EMP-0082,,2026-07-26 21:19:58,Sale,191.7,16.14,14.49,190.05,Cash,4,False,False,False,Completed
TXN-0002538,RCP-00002538,PH-003,REG-04,EMP-0046,CUS-00358,2026-07-09 12:08:17,Sale,98.05,0,8.09,106.14,Credit Card,2,False,True,False,Completed
TXN-0002539,RCP-00002539,PH-003,REG-04,EMP-0056,CUS-04323,2026-06-08 16:52:50,Sale,296.91,1.74,24.35,319.52,Cash,5,False,True,False,Completed
TXN-0002540,RCP-00002540,PH-001,REG-04,EMP-0015,CUS-01710,2026-07-01 18:48:19,Sale,153.16,0,12.62,165.78,Debit Card,6,False,True,False,Completed
TXN-0002541,RCP-00002541,PH-002,REG-05,EMP-0025,,2026-07-13 08:01:11,Sale,306.73,0,25.3,332.03,Debit Card,4,False,False,False,Completed
TXN-0002542,RCP-00002542,PH-003,REG-05,EMP-0061,CUS-01466,2026-06-16 19:22:15,Sale,142.94,7.51,11.17,146.6,Credit Card,4,False,True,False,Completed
TXN-0002543,RCP-00002543,PH-005,REG-06,EMP-0107,CUS-00512,2026-07-15 10:28:36,Sale,316.92,5.83,25.67,336.76,Cash,7,False,True,False,Completed
TXN-0002544,RCP-00002544,PH-001,REG-03,EMP-0013,,2026-07-19 18:32:51,Sale,398.03,0,32.83,430.86,Credit Card,4,False,False,False,Completed
TXN-0002545,RCP-00002545,PH-003,REG-05,EMP-0058,,2026-05-29 17:22:36,Sale,90.45,0,7.47,97.92,Cash,2,False,False,False,Completed
TXN-0002546,RCP-00002546,PH-004,REG-02,EMP-0078,CUS-01959,2026-06-27 18:23:29,Sale,50.56,0,4.17,54.73,Credit Card,3,False,True,False,Completed
TXN-0002547,RCP-00002547,PH-004,REG-03,EMP-0084,CUS-02762,2026-05-09 15:14:26,Sale,93.48,0.54,7.67,100.61,Cash,4,False,True,False,Completed
TXN-0002548,RCP-00002548,PH-003,REG-03,EMP-0060,CUS-04674,2026-07-29 08:02:07,Sale,278.86,26.37,20.83,273.32,Debit Card,7,False,True,True,Completed
TXN-0002549,RCP-00002549,PH-005,REG-05,EMP-0105,CUS-01971,2026-07-23 15:38:22,Sale,133.22,2.1,10.82,141.94,Credit Card,5,False,True,False,Completed
TXN-0002550,RCP-00002550,PH-001,REG-01,EMP-0006,CUS-00223,2026-07-24 14:17:07,Sale,232.99,0.65,19.17,251.51,Debit Card,6,False,True,False,Completed
TXN-0002551,RCP-00002551,PH-003,REG-04,EMP-0060,,2026-05-14 13:46:56,Sale,178.87,0,14.75,193.62,Credit Card,4,False,False,False,Completed
TXN-0002552,RCP-00002552,PH-002,REG-05,EMP-0023,CUS-03841,2026-05-21 10:24:07,Sale,440.43,0.26,36.32,476.49,Cash,7,False,True,False,Completed
TXN-0002553,RCP-00002553,PH-002,REG-04,EMP-0039,CUS-04003,2026-05-14 10:41:37,Sale,92.97,5.92,7.19,94.24,Debit Card,4,False,True,False,Completed
TXN-0002554,RCP-00002554,PH-002,REG-01,EMP-0034,,2026-07-11 21:28:12,Sale,292.55,3.06,23.89,313.38,Credit Card,5,False,False,True,Completed
TXN-0002555,RCP-00002555,PH-004,REG-03,EMP-0083,CUS-04848,2026-06-08 14:31:38,Sale,482.79,136.85,28.53,374.47,Credit Card,6,False,True,True,Completed
TXN-0002556,RCP-00002556,PH-002,REG-04,EMP-0041,CUS-00921,2026-05-10 10:07:32,Sale,40.19,0.68,3.26,42.77,Cash,3,False,True,False,Completed
TXN-0002557,RCP-00002557,PH-002,REG-05,EMP-0040,CUS-04327,2026-06-22 20:00:39,Sale,129.51,0,10.68,140.19,Credit Card,3,False,True,False,Completed
TXN-0002558,RCP-00002558,PH-005,REG-06,EMP-0091,CUS-01154,2026-05-02 17:31:18,Sale,106.48,5.32,8.35,109.51,Debit Card,1,False,True,False,Completed
TXN-0002559,RCP-00002559,PH-001,REG-01,EMP-0017,CUS-04664,2026-05-19 20:49:13,Sale,223.48,0,18.43,241.91,Credit Card,7,False,True,False,Completed
TXN-0002560,RCP-00002560,PH-004,REG-03,EMP-0083,CUS-04735,2026-05-04 12:53:54,Sale,250.71,0,20.69,271.4,Debit Card,6,False,True,False,Completed
TXN-0002561,RCP-00002561,PH-004,REG-04,EMP-0068,CUS-04801,2026-06-23 11:21:00,Sale,306.39,11.19,24.36,319.56,Cash,5,False,True,False,Completed
TXN-0002562,RCP-00002562,PH-003,REG-02,EMP-0058,,2026-06-15 20:18:51,Sale,169.46,11.36,13.03,171.13,Split Payment,7,False,False,False,Completed
TXN-0002563,RCP-00002563,PH-003,REG-02,EMP-0056,,2026-05-21 17:56:19,Sale,280.91,0,23.18,304.09,Credit Card,6,False,False,False,Completed
TXN-0002564,RCP-00002564,PH-004,REG-03,EMP-0080,CUS-04548,2026-07-17 19:54:45,Sale,40.63,2.13,3.17,41.67,Credit Card,3,False,True,False,Completed
TXN-0002565,RCP-00002565,PH-004,REG-03,EMP-0068,CUS-00859,2026-06-29 19:02:55,Sale,110.59,5.85,8.63,113.37,Debit Card,3,False,True,False,Completed
TXN-0002566,RCP-00002566,PH-001,REG-01,EMP-0015,,2026-07-04 10:51:09,Sale,93.77,6.1,7.23,94.9,Credit Card,5,False,False,False,Completed
TXN-0002567,RCP-00002567,PH-005,REG-03,EMP-0108,,2026-07-29 15:35:47,Sale,87.46,0,7.21,94.67,Cash,3,False,False,False,Completed
TXN-0002568,RCP-00002568,PH-002,REG-04,EMP-0037,CUS-00230,2026-07-10 11:07:43,Sale,387.31,36.26,28.95,380.0,Debit Card,7,False,True,False,Completed
TXN-0002569,RCP-00002569,PH-003,REG-03,EMP-0047,,2026-05-20 17:06:13,Sale,305.78,0,25.23,331.01,Credit Card,6,False,False,False,Completed
TXN-0002570,RCP-00002570,PH-001,REG-03,EMP-0006,CUS-02775,2026-05-16 17:36:33,Sale,222.74,5.28,17.95,235.41,Credit Card,5,False,True,False,Completed
TXN-0002571,RCP-00002571,PH-002,REG-03,EMP-0023,CUS-04656,2026-06-19 11:15:23,Sale,49.92,0,4.12,54.04,Debit Card,2,False,True,False,Completed
TXN-0002572,RCP-00002572,PH-003,REG-06,EMP-0045,CUS-04001,2026-05-16 17:49:34,Sale,168.4,10.87,13.0,170.53,Debit Card,5,False,True,True,Completed
TXN-0002573,RCP-00002573,PH-003,REG-01,EMP-0057,CUS-04414,2026-06-29 10:04:43,Sale,168.05,2.35,13.67,179.37,Credit Card,4,False,True,False,Completed
TXN-0002574,RCP-00002574,PH-004,REG-02,EMP-0080,,2026-05-12 10:52:37,Sale,163.49,9.7,12.68,166.47,Cash,5,False,False,False,Completed
TXN-0002575,RCP-00002575,PH-004,REG-06,EMP-0082,,2026-05-26 09:31:11,Sale,194.32,3.15,15.77,206.94,Debit Card,8,False,False,False,Completed
TXN-0002576,RCP-00002576,PH-001,REG-06,EMP-0006,CUS-01385,2026-06-07 17:51:42,Sale,174.91,2.18,14.25,186.98,Credit Card,6,False,True,False,Completed
TXN-0002577,RCP-00002577,PH-002,REG-05,EMP-0023,CUS-02792,2026-05-12 20:52:00,Sale,85.43,6.28,6.53,85.68,Credit Card,2,False,True,False,Completed
TXN-0002578,RCP-00002578,PH-005,REG-02,EMP-0100,CUS-00581,2026-07-11 13:55:50,Sale,61.43,0.31,5.04,66.16,Debit Card,4,False,True,False,Completed
TXN-0002579,RCP-00002579,PH-001,REG-05,EMP-0002,CUS-00644,2026-07-26 11:45:44,Sale,124.85,7.64,9.67,126.88,Credit Card,5,False,True,False,Completed
TXN-0002580,RCP-00002580,PH-003,REG-06,EMP-0061,,2026-06-16 18:18:15,Sale,10.95,1.64,0.77,10.08,Credit Card,1,False,False,False,Completed
TXN-0002581,RCP-00002581,PH-001,REG-02,EMP-0016,CUS-01462,2026-06-19 13:52:15,Sale,278.32,5.21,22.53,295.64,Credit Card,4,False,True,False,Completed
TXN-0002582,RCP-00002582,PH-001,REG-02,EMP-0015,CUS-00735,2026-07-04 12:33:10,Sale,319.35,5.44,25.89,339.8,Gift Card,7,False,True,False,Completed
TXN-0002583,RCP-00002583,PH-001,REG-04,EMP-0012,CUS-04308,2026-06-28 16:51:37,Sale,131.23,5.87,10.34,135.7,Credit Card,5,False,True,False,Completed
TXN-0002584,RCP-00002584,PH-002,REG-04,EMP-0041,CUS-00252,2026-05-07 19:40:02,Sale,1.37,0,0.11,1.48,Debit Card,1,False,True,False,Completed
TXN-0002585,RCP-00002585,PH-001,REG-05,EMP-0020,CUS-02350,2026-05-20 16:52:28,Sale,116.43,2.37,9.41,123.47,Credit Card,5,False,True,False,Completed
TXN-0002586,RCP-00002586,PH-005,REG-01,EMP-0103,CUS-01221,2026-06-23 09:35:31,Sale,138.63,5.78,10.97,143.82,Credit Card,8,False,True,False,Completed
TXN-0002587,RCP-00002587,PH-004,REG-05,EMP-0068,CUS-02803,2026-05-13 15:41:13,Sale,54.7,0,4.51,59.21,Cash,1,False,True,False,Completed
TXN-0002588,RCP-00002588,PH-003,REG-06,EMP-0063,CUS-03397,2026-06-08 09:16:10,Sale,249.03,15.23,19.29,253.09,Cash,6,False,True,True,Completed
TXN-0002589,RCP-00002589,PH-002,REG-03,EMP-0041,CUS-00912,2026-06-27 16:44:46,Sale,491.33,0,40.53,531.86,Cash,7,False,True,False,Completed
TXN-0002590,RCP-00002590,PH-004,REG-04,EMP-0081,CUS-04263,2026-05-05 15:17:04,Sale,700.66,0,57.79,758.45,Debit Card,5,False,True,False,Completed
TXN-0002591,RCP-00002591,PH-001,REG-03,EMP-0016,CUS-00612,2026-07-24 12:35:51,Sale,46.98,0,3.87,50.85,Debit Card,2,False,True,False,Completed
TXN-0002592,RCP-00002592,PH-005,REG-06,EMP-0104,CUS-02897,2026-05-21 18:53:26,Sale,67.92,1.93,5.45,71.44,Cash,3,False,True,False,Completed
TXN-0002593,RCP-00002593,PH-003,REG-02,EMP-0046,CUS-04295,2026-07-13 17:25:00,Sale,123.11,1.27,10.04,131.88,Gift Card,5,False,True,False,Completed
TXN-0002594,RCP-00002594,PH-003,REG-05,EMP-0062,CUS-00557,2026-07-06 18:39:00,Sale,163.83,9.15,12.76,167.44,Gift Card,5,False,True,False,Completed
TXN-0002595,RCP-00002595,PH-003,REG-01,EMP-0058,CUS-00214,2026-05-08 11:55:10,Sale,134.47,4.55,10.73,140.65,Cash,5,False,True,False,Completed
TXN-0002596,RCP-00002596,PH-003,REG-02,EMP-0047,,2026-07-02 21:20:07,Sale,105.52,0,8.71,114.23,Debit Card,3,False,False,False,Completed
TXN-0002597,RCP-00002597,PH-003,REG-05,EMP-0058,CUS-03632,2026-07-15 17:17:18,Sale,238.72,0,19.71,258.43,Credit Card,6,False,True,False,Completed
TXN-0002598,RCP-00002598,PH-002,REG-03,EMP-0024,CUS-02202,2026-07-14 21:58:41,Sale,101.72,0,8.39,110.11,Cash,2,False,True,False,Completed
TXN-0002599,RCP-00002599,PH-002,REG-05,EMP-0036,CUS-03412,2026-05-23 08:12:46,Sale,185.1,6.84,14.72,192.98,Cash,4,False,True,False,Completed
TXN-0002600,RCP-00002600,PH-004,REG-01,EMP-0069,CUS-02287,2026-06-02 11:13:56,Sale,82.41,3.67,6.5,85.24,Debit Card,3,False,True,False,Completed
TXN-0002601,RCP-00002601,PH-004,REG-01,EMP-0084,CUS-00335,2026-05-16 11:00:59,Sale,56.28,0,4.64,60.92,Cash,1,False,True,False,Completed
TXN-0002602,RCP-00002602,PH-005,REG-01,EMP-0091,CUS-01094,2026-07-16 15:10:38,Sale,144.92,0,11.97,156.89,Credit Card,5,False,True,False,Completed
TXN-0002603,RCP-00002603,PH-005,REG-02,EMP-0090,,2026-07-18 19:18:14,Sale,276.23,3.63,22.48,295.08,Credit Card,6,False,False,False,Completed
TXN-0002604,RCP-00002604,PH-005,REG-02,EMP-0105,CUS-00047,2026-06-27 13:41:29,Sale,40.97,0,3.38,44.35,Credit Card,2,False,True,False,Completed
TXN-0002605,RCP-00002605,PH-002,REG-01,EMP-0024,CUS-03846,2026-07-13 21:49:34,Sale,221.38,14.65,17.06,223.79,Gift Card,5,False,True,False,Completed
TXN-0002606,RCP-00002606,PH-004,REG-05,EMP-0085,CUS-01095,2026-07-21 16:21:37,Sale,48.23,4.82,3.58,46.99,Credit Card,1,False,True,False,Completed
TXN-0002607,RCP-00002607,PH-003,REG-05,EMP-0062,,2026-05-02 13:37:48,Sale,206.72,0,17.06,223.78,Credit Card,4,False,False,False,Completed
TXN-0002608,RCP-00002608,PH-002,REG-06,EMP-0024,CUS-03369,2026-05-16 17:18:05,Sale,415.04,40.94,30.87,404.97,Credit Card,9,False,True,True,Completed
TXN-0002609,RCP-00002609,PH-003,REG-01,EMP-0058,CUS-02445,2026-05-26 11:14:53,Sale,208.73,0,17.22,225.95,Cash,5,False,True,False,Completed
TXN-0002610,RCP-00002610,PH-005,REG-01,EMP-0103,,2026-07-27 10:19:44,Sale,312.17,4.69,25.37,332.85,Cash,6,False,False,False,Completed
TXN-0002611,RCP-00002611,PH-002,REG-02,EMP-0036,CUS-02374,2026-05-05 09:14:55,Sale,264.74,4.68,21.45,281.51,Cash,8,False,True,False,Completed
TXN-0002612,RCP-00002612,PH-004,REG-01,EMP-0080,CUS-01798,2026-07-01 11:26:36,Sale,343.58,12.39,27.33,358.52,Credit Card,9,False,True,True,Completed
TXN-0002613,RCP-00002613,PH-005,REG-05,EMP-0106,CUS-00287,2026-06-22 08:44:56,Sale,130.86,2.22,10.61,139.25,Cash,5,False,True,False,Completed
TXN-0002614,RCP-00002614,PH-005,REG-05,EMP-0089,CUS-02933,2026-07-07 21:53:08,Sale,230.04,32.08,16.33,214.29,Gift Card,4,False,True,False,Completed
TXN-0002615,RCP-00002615,PH-001,REG-03,EMP-0006,CUS-00032,2026-06-07 10:06:30,Sale,107.94,2.26,8.72,114.4,Debit Card,5,False,True,False,Completed
TXN-0002616,RCP-00002616,PH-001,REG-04,EMP-0019,CUS-04639,2026-05-03 16:29:10,Sale,151.94,0.81,12.47,163.6,Debit Card,5,False,True,False,Completed
TXN-0002617,RCP-00002617,PH-002,REG-06,EMP-0039,CUS-04916,2026-05-28 12:42:49,Sale,59.51,0,4.92,64.43,Credit Card,3,False,True,False,Completed
TXN-0002618,RCP-00002618,PH-002,REG-04,EMP-0023,CUS-01853,2026-05-09 13:11:17,Sale,49.94,1.51,4.0,52.43,Debit Card,3,False,True,False,Completed
TXN-0002619,RCP-00002619,PH-002,REG-04,EMP-0035,CUS-01500,2026-07-13 15:28:00,Sale,446.73,5.6,36.39,477.52,Credit Card,8,False,True,False,Completed
TXN-0002620,RCP-00002620,PH-002,REG-04,EMP-0036,,2026-05-21 12:11:40,Sale,41.24,0,3.4,44.64,Credit Card,1,False,False,False,Completed
TXN-0002621,RCP-00002621,PH-003,REG-01,EMP-0063,CUS-03773,2026-07-30 11:09:22,Sale,176.69,0,14.58,191.27,Debit Card,5,False,True,False,Completed
TXN-0002622,RCP-00002622,PH-005,REG-02,EMP-0106,,2026-07-10 11:15:31,Sale,230.93,0.28,19.03,249.68,Credit Card,6,False,False,False,Completed
TXN-0002623,RCP-00002623,PH-002,REG-06,EMP-0037,CUS-03260,2026-07-11 20:53:54,Sale,88.36,0,7.29,95.65,Credit Card,3,False,True,False,Completed
TXN-0002624,RCP-00002624,PH-003,REG-04,EMP-0045,CUS-02095,2026-05-12 13:38:31,Sale,166.93,0,13.77,180.7,Credit Card,5,False,True,False,Completed
TXN-0002625,RCP-00002625,PH-002,REG-06,EMP-0036,CUS-03182,2026-06-08 20:22:34,Sale,251.48,6.95,20.19,264.72,Cash,6,False,True,False,Completed
TXN-0002626,RCP-00002626,PH-003,REG-05,EMP-0057,CUS-02885,2026-06-25 16:50:21,Sale,141.29,0,11.65,152.94,Cash,2,False,True,False,Completed
TXN-0002627,RCP-00002627,PH-003,REG-06,EMP-0062,CUS-04485,2026-07-02 13:51:37,Sale,21.34,0.63,1.7,22.41,Debit Card,3,False,True,False,Completed
TXN-0002628,RCP-00002628,PH-005,REG-04,EMP-0089,CUS-03597,2026-07-18 21:05:59,Sale,53.22,0,4.39,57.61,Credit Card,2,False,True,False,Completed
TXN-0002629,RCP-00002629,PH-005,REG-03,EMP-0102,CUS-01482,2026-05-28 14:43:48,Sale,89.51,0,7.38,96.89,Cash,3,False,True,False,Completed
TXN-0002630,RCP-00002630,PH-003,REG-06,EMP-0047,CUS-04439,2026-07-31 14:25:09,Sale,208.36,0.54,17.15,224.97,Debit Card,6,False,True,False,Completed
TXN-0002631,RCP-00002631,PH-001,REG-02,EMP-0003,CUS-00269,2026-07-10 12:02:39,Sale,213.44,18.22,16.11,211.33,Credit Card,7,False,True,False,Completed
TXN-0002632,RCP-00002632,PH-005,REG-04,EMP-0100,CUS-02933,2026-07-03 19:51:55,Sale,284.31,0,23.46,307.77,Cash,6,False,True,False,Completed
TXN-0002633,RCP-00002633,PH-002,REG-03,EMP-0035,,2026-07-04 12:09:37,Sale,44.8,0.75,3.63,47.68,Credit Card,3,False,False,False,Completed
TXN-0002634,RCP-00002634,PH-005,REG-01,EMP-0105,CUS-01154,2026-05-15 17:33:09,Sale,373.83,0,30.85,404.68,Credit Card,6,False,True,False,Completed
TXN-0002635,RCP-00002635,PH-005,REG-05,EMP-0105,CUS-01406,2026-05-02 13:00:31,Sale,144.91,0,11.95,156.86,Debit Card,4,False,True,False,Completed
TXN-0002636,RCP-00002636,PH-002,REG-05,EMP-0023,CUS-02897,2026-07-03 11:53:39,Sale,166.25,11.94,12.73,167.04,Credit Card,5,False,True,False,Completed
TXN-0002637,RCP-00002637,PH-001,REG-02,EMP-0015,CUS-01998,2026-07-05 11:29:04,Sale,213.53,0,17.62,231.15,Credit Card,3,False,True,False,Completed
TXN-0002638,RCP-00002638,PH-005,REG-06,EMP-0101,CUS-00043,2026-05-24 12:31:21,Sale,215.92,17.55,16.38,214.75,Credit Card,7,False,True,False,Completed
TXN-0002639,RCP-00002639,PH-001,REG-01,EMP-0020,CUS-00728,2026-07-28 20:05:46,Sale,485.2,72.87,34.03,446.36,Gift Card,7,False,True,True,Completed
TXN-0002640,RCP-00002640,PH-005,REG-05,EMP-0107,CUS-00578,2026-05-19 16:56:31,Sale,144.35,0,11.9,156.25,Credit Card,5,False,True,False,Completed
TXN-0002641,RCP-00002641,PH-002,REG-02,EMP-0038,CUS-02667,2026-05-28 12:52:02,Sale,98.67,0,8.14,106.81,Debit Card,2,False,True,False,Completed
TXN-0002642,RCP-00002642,PH-003,REG-03,EMP-0063,CUS-00888,2026-07-03 11:02:12,Sale,216.03,0,17.83,233.86,Cash,4,False,True,False,Completed
TXN-0002643,RCP-00002643,PH-001,REG-04,EMP-0003,CUS-00628,2026-07-08 19:51:21,Sale,161.23,13.45,12.2,159.98,Cash,3,False,True,False,Completed
TXN-0002644,RCP-00002644,PH-002,REG-04,EMP-0038,CUS-00314,2026-07-08 09:10:12,Sale,278.31,0,22.97,301.28,Debit Card,6,False,True,False,Completed
TXN-0002645,RCP-00002645,PH-004,REG-01,EMP-0069,,2026-06-17 18:52:51,Sale,141.26,16.0,10.34,135.6,Credit Card,4,False,False,False,Completed
TXN-0002646,RCP-00002646,PH-004,REG-06,EMP-0082,CUS-00527,2026-06-16 17:18:26,Sale,123.74,0,10.2,133.94,Debit Card,4,False,True,False,Completed
TXN-0002647,RCP-00002647,PH-005,REG-05,EMP-0105,CUS-02754,2026-05-20 19:30:54,Sale,174.93,0,14.43,189.36,Debit Card,5,False,True,False,Completed
TXN-0002648,RCP-00002648,PH-003,REG-02,EMP-0064,CUS-03546,2026-06-21 09:15:09,Sale,187.67,0,15.48,203.15,Credit Card,6,False,True,False,Completed
TXN-0002649,RCP-00002649,PH-001,REG-04,EMP-0006,CUS-01903,2026-05-01 11:13:28,Sale,78.53,0.22,6.47,84.78,Cash,5,False,True,False,Completed
TXN-0002650,RCP-00002650,PH-002,REG-02,EMP-0023,CUS-03824,2026-06-19 10:21:12,Sale,283.59,6.96,22.82,299.45,Gift Card,4,False,True,False,Completed
TXN-0002651,RCP-00002651,PH-004,REG-02,EMP-0081,CUS-00887,2026-06-16 08:23:15,Sale,341.51,4.25,27.82,365.08,Credit Card,7,False,True,False,Completed
TXN-0002652,RCP-00002652,PH-002,REG-05,EMP-0040,,2026-06-29 15:40:07,Sale,149.39,23.54,10.38,136.23,Split Payment,4,False,False,True,Completed
TXN-0002653,RCP-00002653,PH-004,REG-05,EMP-0084,CUS-04074,2026-05-26 17:40:39,Sale,117.02,0,9.66,126.68,Debit Card,3,False,True,False,Completed
TXN-0002654,RCP-00002654,PH-003,REG-03,EMP-0062,CUS-02964,2026-05-26 10:01:25,Sale,68.43,19.8,4.01,52.64,Credit Card,3,False,True,True,Completed
TXN-0002655,RCP-00002655,PH-002,REG-03,EMP-0037,CUS-02062,2026-05-16 08:39:28,Sale,271.33,0,22.39,293.72,Credit Card,4,False,True,False,Completed
TXN-0002656,RCP-00002656,PH-002,REG-01,EMP-0041,CUS-03253,2026-05-23 17:43:41,Sale,111.94,0,9.23,121.17,Cash,4,False,True,False,Completed
TXN-0002657,RCP-00002657,PH-002,REG-04,EMP-0025,CUS-04219,2026-05-31 20:39:51,Sale,83.75,1.82,6.76,88.69,Debit Card,2,False,True,False,Completed
TXN-0002658,RCP-00002658,PH-001,REG-06,EMP-0006,,2026-06-26 21:32:42,Sale,458.8,1.24,37.75,495.31,Split Payment,10,False,False,False,Completed
TXN-0002659,RCP-00002659,PH-005,REG-04,EMP-0089,CUS-01230,2026-06-07 21:58:48,Sale,96.36,5.01,7.53,98.88,Debit Card,3,False,True,False,Completed
TXN-0002660,RCP-00002660,PH-002,REG-03,EMP-0036,CUS-01395,2026-07-28 16:24:21,Sale,382.24,10.53,30.66,402.37,Gift Card,5,False,True,False,Completed
TXN-0002661,RCP-00002661,PH-002,REG-01,EMP-0025,CUS-01277,2026-07-07 09:12:15,Sale,46.01,7.71,3.16,41.46,Credit Card,2,False,True,False,Completed
TXN-0002662,RCP-00002662,PH-002,REG-06,EMP-0024,CUS-03487,2026-06-26 16:05:31,Sale,58.87,0,4.86,63.73,Cash,2,False,True,False,Completed
TXN-0002663,RCP-00002663,PH-005,REG-01,EMP-0108,CUS-04034,2026-05-15 10:54:28,Sale,199.97,5.09,16.08,210.96,Credit Card,5,False,True,False,Completed
TXN-0002664,RCP-00002664,PH-002,REG-06,EMP-0036,,2026-06-06 19:06:17,Sale,197.97,0,16.33,214.3,Credit Card,6,False,False,False,Completed
TXN-0002665,RCP-00002665,PH-001,REG-02,EMP-0012,CUS-04557,2026-07-14 12:08:28,Sale,170.46,0,14.06,184.52,Gift Card,3,False,True,False,Completed
TXN-0002666,RCP-00002666,PH-002,REG-03,EMP-0035,CUS-01509,2026-07-23 19:43:50,Sale,123.91,10.94,9.31,122.28,Credit Card,5,False,True,True,Completed
TXN-0002667,RCP-00002667,PH-004,REG-05,EMP-0083,CUS-02050,2026-07-20 09:39:12,Sale,94.1,0,7.76,101.86,Credit Card,4,False,True,False,Completed
TXN-0002668,RCP-00002668,PH-002,REG-02,EMP-0036,CUS-03622,2026-07-27 08:09:11,Sale,268.75,17.5,20.72,271.97,Credit Card,7,False,True,True,Completed
TXN-0002669,RCP-00002669,PH-001,REG-02,EMP-0006,CUS-01224,2026-05-15 12:40:41,Sale,375.45,0,30.98,406.43,Credit Card,9,False,True,False,Completed
TXN-0002670,RCP-00002670,PH-005,REG-01,EMP-0103,,2026-07-02 21:16:11,Sale,286.87,30.04,21.2,278.03,Credit Card,5,False,False,True,Completed
TXN-0002671,RCP-00002671,PH-002,REG-06,EMP-0040,CUS-03398,2026-07-07 19:40:03,Sale,127.87,0,10.55,138.42,Debit Card,4,False,True,False,Completed
TXN-0002672,RCP-00002672,PH-004,REG-05,EMP-0086,,2026-05-07 11:08:38,Sale,173.09,7.02,13.7,179.77,Credit Card,5,False,False,False,Completed
TXN-0002673,RCP-00002673,PH-003,REG-05,EMP-0047,CUS-00182,2026-06-23 20:23:06,Sale,86.87,0,7.17,94.04,Credit Card,4,False,True,False,Completed
TXN-0002674,RCP-00002674,PH-005,REG-02,EMP-0103,CUS-01420,2026-07-05 13:25:26,Sale,402.78,0,33.23,436.01,Debit Card,5,False,True,False,Completed
TXN-0002675,RCP-00002675,PH-001,REG-01,EMP-0013,,2026-05-23 15:06:10,Sale,34.42,0,2.84,37.26,Credit Card,1,False,False,False,Completed
TXN-0002676,RCP-00002676,PH-002,REG-06,EMP-0025,,2026-06-17 20:57:17,Sale,197.98,0,16.34,214.32,Credit Card,3,False,False,False,Completed
TXN-0002677,RCP-00002677,PH-001,REG-01,EMP-0002,,2026-07-15 19:12:09,Sale,128.82,0,10.63,139.45,Debit Card,3,False,False,False,Completed
TXN-0002678,RCP-00002678,PH-003,REG-06,EMP-0059,CUS-04968,2026-07-30 16:37:56,Sale,217.83,0,17.98,235.81,Credit Card,2,False,True,False,Completed
TXN-0002679,RCP-00002679,PH-003,REG-04,EMP-0062,,2026-06-29 09:10:55,Sale,196.69,3.75,15.91,208.85,Credit Card,4,False,False,False,Completed
TXN-0002680,RCP-00002680,PH-005,REG-05,EMP-0101,CUS-04631,2026-06-16 19:51:53,Sale,94.77,8.35,7.14,93.56,Debit Card,3,False,True,False,Completed
TXN-0002681,RCP-00002681,PH-003,REG-03,EMP-0046,CUS-02557,2026-06-05 18:08:07,Sale,131.41,4.57,10.47,137.31,Cash,4,False,True,False,Completed
TXN-0002682,RCP-00002682,PH-004,REG-06,EMP-0078,CUS-02842,2026-06-04 08:07:24,Sale,412.94,14.05,32.91,431.8,Credit Card,10,False,True,False,Completed
TXN-0002683,RCP-00002683,PH-002,REG-06,EMP-0036,CUS-01208,2026-06-10 17:05:23,Sale,166.3,4.35,13.36,175.31,Cash,5,False,True,False,Completed
TXN-0002684,RCP-00002684,PH-005,REG-02,EMP-0106,CUS-04786,2026-06-09 09:49:17,Sale,196.4,0,16.2,212.6,Debit Card,4,False,True,False,Completed
TXN-0002685,RCP-00002685,PH-003,REG-02,EMP-0061,CUS-04885,2026-05-30 12:17:01,Sale,191.14,0,15.78,206.92,Cash,7,False,True,False,Completed
TXN-0002686,RCP-00002686,PH-002,REG-03,EMP-0023,CUS-04365,2026-07-11 09:12:42,Sale,464.67,5.0,37.93,497.6,Debit Card,6,False,True,False,Completed
TXN-0002687,RCP-00002687,PH-001,REG-04,EMP-0014,,2026-07-03 15:31:34,Sale,205.49,0,16.96,222.45,Credit Card,3,False,False,False,Completed
TXN-0002688,RCP-00002688,PH-001,REG-05,EMP-0020,CUS-01218,2026-06-21 17:01:25,Sale,95.96,2.96,7.67,100.67,Cash,2,False,True,False,Completed
TXN-0002689,RCP-00002689,PH-001,REG-05,EMP-0015,,2026-05-17 11:48:00,Sale,58.12,0,4.8,62.92,Credit Card,4,False,False,False,Completed
TXN-0002690,RCP-00002690,PH-005,REG-02,EMP-0100,CUS-02444,2026-07-10 14:19:44,Sale,75.76,15.15,5.0,65.61,Credit Card,1,False,True,False,Completed
TXN-0002691,RCP-00002691,PH-003,REG-04,EMP-0045,CUS-04284,2026-07-14 20:19:29,Sale,434.73,23.41,33.93,445.25,Debit Card,6,False,True,True,Completed
TXN-0002692,RCP-00002692,PH-004,REG-02,EMP-0079,CUS-00043,2026-05-09 20:08:06,Sale,170.94,3.48,13.81,181.27,Cash,5,False,True,False,Completed
TXN-0002693,RCP-00002693,PH-004,REG-03,EMP-0084,CUS-02111,2026-07-20 17:36:32,Sale,125.33,8.29,9.65,126.69,Credit Card,3,False,True,False,Completed
TXN-0002694,RCP-00002694,PH-003,REG-05,EMP-0064,CUS-02385,2026-05-09 12:50:24,Sale,352.21,5.32,28.62,375.51,Debit Card,6,False,True,False,Completed
TXN-0002695,RCP-00002695,PH-004,REG-04,EMP-0067,CUS-00598,2026-06-13 21:00:44,Sale,130.63,0,10.78,141.41,Cash,4,False,True,False,Completed
TXN-0002696,RCP-00002696,PH-005,REG-05,EMP-0101,,2026-07-13 10:29:29,Sale,133.73,12.64,9.99,131.08,Credit Card,3,False,False,False,Completed
TXN-0002697,RCP-00002697,PH-005,REG-01,EMP-0101,CUS-01157,2026-07-06 21:14:09,Sale,130.82,0,10.79,141.61,Cash,3,False,True,False,Completed
TXN-0002698,RCP-00002698,PH-001,REG-04,EMP-0016,,2026-06-12 20:56:38,Sale,52.3,0,4.31,56.61,Credit Card,3,False,False,False,Completed
TXN-0002699,RCP-00002699,PH-003,REG-01,EMP-0045,CUS-03034,2026-07-28 13:58:46,Sale,139.19,1.72,11.34,148.81,Debit Card,5,False,True,False,Completed
TXN-0002700,RCP-00002700,PH-002,REG-03,EMP-0025,CUS-02178,2026-07-05 20:00:13,Sale,392.3,12.91,31.31,410.7,Cash,11,False,True,False,Completed
TXN-0002701,RCP-00002701,PH-005,REG-05,EMP-0108,,2026-06-24 10:44:50,Sale,203.94,18.72,15.29,200.51,Split Payment,6,False,False,True,Completed
TXN-0002702,RCP-00002702,PH-002,REG-06,EMP-0039,CUS-00932,2026-07-17 12:33:54,Sale,47.02,0,3.88,50.9,Debit Card,1,False,True,False,Completed
TXN-0002703,RCP-00002703,PH-002,REG-01,EMP-0042,CUS-02377,2026-06-13 10:52:38,Sale,70.83,0.09,5.84,76.58,Credit Card,5,False,True,False,Completed
TXN-0002704,RCP-00002704,PH-003,REG-03,EMP-0061,CUS-01403,2026-07-28 17:31:01,Sale,280.35,1.63,22.99,301.71,Credit Card,5,False,True,False,Completed
TXN-0002705,RCP-00002705,PH-003,REG-01,EMP-0047,CUS-04725,2026-07-07 15:46:55,Sale,151.62,0,12.52,164.14,Debit Card,4,False,True,False,Completed
TXN-0002706,RCP-00002706,PH-004,REG-05,EMP-0068,CUS-02075,2026-05-29 08:25:41,Sale,249.86,11.72,19.65,257.79,Split Payment,4,False,True,False,Completed
TXN-0002707,RCP-00002707,PH-001,REG-01,EMP-0014,CUS-01871,2026-05-02 15:14:12,Sale,117.44,3.95,9.36,122.85,Cash,5,False,True,False,Completed
TXN-0002708,RCP-00002708,PH-002,REG-01,EMP-0040,CUS-03963,2026-07-10 16:46:34,Sale,300.69,10.11,23.97,314.55,Debit Card,5,False,True,False,Completed
TXN-0002709,RCP-00002709,PH-004,REG-01,EMP-0085,,2026-07-23 11:30:41,Sale,641.99,33.68,50.19,658.5,Debit Card,7,False,False,True,Completed
TXN-0002710,RCP-00002710,PH-004,REG-02,EMP-0068,CUS-02967,2026-07-27 08:50:13,Sale,146.59,6.63,11.55,151.51,Debit Card,4,False,True,False,Completed
TXN-0002711,RCP-00002711,PH-002,REG-05,EMP-0023,CUS-01796,2026-07-04 15:04:41,Sale,18.11,0,1.49,19.6,Credit Card,1,False,True,False,Completed
TXN-0002712,RCP-00002712,PH-001,REG-03,EMP-0003,CUS-04927,2026-06-20 08:31:14,Sale,43.29,0,3.57,46.86,Cash,2,False,True,False,Completed
TXN-0002713,RCP-00002713,PH-004,REG-01,EMP-0069,CUS-00248,2026-06-11 08:27:05,Sale,144.05,0,11.88,155.93,Debit Card,3,False,True,False,Completed
TXN-0002714,RCP-00002714,PH-005,REG-06,EMP-0091,CUS-02964,2026-07-28 15:36:21,Sale,306.73,15.01,24.05,315.77,Debit Card,7,False,True,False,Completed
TXN-0002715,RCP-00002715,PH-004,REG-03,EMP-0083,CUS-03664,2026-05-11 17:25:45,Sale,248.13,0,20.48,268.61,Credit Card,9,False,True,False,Completed
TXN-0002716,RCP-00002716,PH-005,REG-06,EMP-0091,CUS-03913,2026-06-05 16:24:28,Sale,96.25,0,7.94,104.19,Debit Card,3,False,True,False,Completed
TXN-0002717,RCP-00002717,PH-005,REG-04,EMP-0103,CUS-03587,2026-06-16 16:57:46,Sale,66.18,0,5.46,71.64,Credit Card,1,False,True,False,Completed
TXN-0002718,RCP-00002718,PH-001,REG-06,EMP-0017,,2026-07-31 18:20:59,Sale,145.38,0,12.0,157.38,Debit Card,4,False,False,False,Completed
TXN-0002719,RCP-00002719,PH-002,REG-04,EMP-0040,CUS-01137,2026-05-30 14:42:55,Sale,54.03,0,4.45,58.48,Credit Card,2,False,True,False,Completed
TXN-0002720,RCP-00002720,PH-001,REG-03,EMP-0015,,2026-07-29 12:22:08,Sale,353.86,0.42,29.15,382.59,Credit Card,5,False,False,False,Completed
TXN-0002721,RCP-00002721,PH-002,REG-03,EMP-0023,CUS-01292,2026-07-30 11:15:38,Sale,95.37,0,7.87,103.24,Debit Card,3,False,True,False,Completed
TXN-0002722,RCP-00002722,PH-004,REG-02,EMP-0086,CUS-01690,2026-05-23 17:48:00,Sale,85.01,0,7.01,92.02,Credit Card,3,False,True,False,Completed
TXN-0002723,RCP-00002723,PH-004,REG-03,EMP-0067,,2026-06-25 13:08:29,Sale,210.52,0,17.37,227.89,Cash,4,False,False,False,Completed
TXN-0002724,RCP-00002724,PH-004,REG-01,EMP-0068,CUS-03336,2026-06-09 21:02:51,Sale,106.9,0,8.81,115.71,Debit Card,4,False,True,False,Completed
TXN-0002725,RCP-00002725,PH-001,REG-06,EMP-0015,CUS-03516,2026-07-29 20:17:28,Sale,177.75,6.61,14.12,185.26,Debit Card,3,False,True,False,Completed
TXN-0002726,RCP-00002726,PH-001,REG-04,EMP-0013,CUS-00847,2026-07-31 14:54:11,Sale,131.11,3.92,10.49,137.68,Credit Card,4,False,True,False,Completed
TXN-0002727,RCP-00002727,PH-005,REG-04,EMP-0090,CUS-00248,2026-07-12 12:06:21,Sale,224.08,2.5,18.29,239.87,Credit Card,7,False,True,False,Completed
TXN-0002728,RCP-00002728,PH-001,REG-01,EMP-0020,CUS-03150,2026-07-21 16:18:39,Sale,198.04,7.74,15.71,206.01,Cash,5,False,True,False,Completed
TXN-0002729,RCP-00002729,PH-003,REG-03,EMP-0059,CUS-01836,2026-05-21 08:32:47,Sale,95.61,0,7.88,103.49,Credit Card,4,False,True,False,Completed
TXN-0002730,RCP-00002730,PH-005,REG-02,EMP-0101,CUS-03772,2026-07-15 09:18:31,Sale,241.88,2.88,19.73,258.73,Credit Card,7,False,True,False,Completed
TXN-0002731,RCP-00002731,PH-005,REG-06,EMP-0103,,2026-06-13 08:14:36,Sale,237.64,2.34,19.42,254.72,Cash,7,False,False,False,Completed
TXN-0002732,RCP-00002732,PH-001,REG-01,EMP-0014,CUS-04127,2026-05-16 17:18:02,Sale,29.63,0,2.44,32.07,Cash,1,False,True,False,Completed
TXN-0002733,RCP-00002733,PH-003,REG-01,EMP-0046,CUS-03994,2026-05-15 13:45:56,Sale,146.21,0,12.06,158.27,Debit Card,4,False,True,False,Completed
TXN-0002734,RCP-00002734,PH-001,REG-03,EMP-0006,CUS-03103,2026-06-15 14:13:50,Sale,235.88,0.8,19.38,254.46,Cash,6,False,True,False,Completed
TXN-0002735,RCP-00002735,PH-005,REG-04,EMP-0090,CUS-04700,2026-06-28 12:23:22,Sale,166.06,2.53,13.5,177.03,Debit Card,7,False,True,False,Completed
TXN-0002736,RCP-00002736,PH-001,REG-03,EMP-0015,CUS-01512,2026-07-20 17:55:58,Sale,197.14,0,16.26,213.4,Debit Card,5,False,True,False,Completed
TXN-0002737,RCP-00002737,PH-004,REG-01,EMP-0068,CUS-01163,2026-05-11 20:33:29,Sale,233.77,1.29,19.18,251.66,Debit Card,7,False,True,False,Completed
TXN-0002738,RCP-00002738,PH-001,REG-02,EMP-0013,,2026-06-17 15:50:12,Sale,253.56,2.56,20.7,271.7,Credit Card,5,False,False,False,Completed
TXN-0002739,RCP-00002739,PH-002,REG-04,EMP-0023,CUS-01414,2026-07-01 11:05:38,Sale,140.31,1.12,11.48,150.67,Credit Card,6,False,True,False,Completed
TXN-0002740,RCP-00002740,PH-004,REG-02,EMP-0085,CUS-01761,2026-06-09 15:19:36,Sale,24.84,0,2.05,26.89,Debit Card,3,False,True,False,Completed
TXN-0002741,RCP-00002741,PH-002,REG-05,EMP-0037,CUS-04715,2026-07-07 14:34:35,Sale,120.47,13.52,8.82,115.77,Split Payment,4,False,True,True,Completed
TXN-0002742,RCP-00002742,PH-005,REG-05,EMP-0108,CUS-02844,2026-06-10 20:00:15,Sale,10.06,0,0.83,10.89,Credit Card,1,False,True,False,Completed
TXN-0002743,RCP-00002743,PH-003,REG-05,EMP-0062,CUS-03708,2026-05-17 11:12:27,Sale,305.22,1.76,25.04,328.5,Debit Card,5,False,True,False,Completed
TXN-0002744,RCP-00002744,PH-001,REG-02,EMP-0013,CUS-01814,2026-07-02 21:14:31,Sale,172.46,5.86,13.74,180.34,Credit Card,4,False,True,False,Completed
TXN-0002745,RCP-00002745,PH-002,REG-06,EMP-0024,,2026-05-16 20:38:36,Sale,191.39,9.75,14.97,196.61,Cash,8,False,False,True,Completed
TXN-0002746,RCP-00002746,PH-003,REG-02,EMP-0047,,2026-06-13 10:14:54,Sale,47.09,0,3.88,50.97,Gift Card,1,False,False,False,Completed
TXN-0002747,RCP-00002747,PH-005,REG-05,EMP-0103,CUS-00544,2026-07-25 17:33:03,Sale,151.89,6.3,12.01,157.6,Credit Card,6,False,True,False,Completed
TXN-0002748,RCP-00002748,PH-004,REG-04,EMP-0085,CUS-01379,2026-07-27 17:12:35,Sale,645.11,18.37,51.71,678.45,Credit Card,10,False,True,False,Completed
TXN-0002749,RCP-00002749,PH-003,REG-06,EMP-0058,,2026-05-16 19:03:45,Sale,392.95,0,32.42,425.37,Credit Card,5,False,False,False,Completed
TXN-0002750,RCP-00002750,PH-005,REG-02,EMP-0108,CUS-01390,2026-06-23 21:09:50,Sale,234.64,0,19.36,254.0,Credit Card,5,False,True,False,Completed
TXN-0002751,RCP-00002751,PH-001,REG-02,EMP-0003,CUS-04468,2026-07-25 19:18:51,Sale,347.04,2.34,28.43,373.13,Debit Card,7,False,True,False,Completed
TXN-0002752,RCP-00002752,PH-002,REG-06,EMP-0040,,2026-06-21 12:46:35,Sale,267.24,23.04,20.14,264.34,Debit Card,6,False,False,True,Completed
TXN-0002753,RCP-00002753,PH-005,REG-05,EMP-0103,CUS-03328,2026-05-23 21:24:18,Sale,453.86,15.0,36.19,475.05,Credit Card,10,False,True,False,Completed
TXN-0002754,RCP-00002754,PH-001,REG-03,EMP-0018,,2026-07-24 10:38:43,Sale,386.03,2.85,31.61,414.79,Split Payment,6,False,False,False,Completed
TXN-0002755,RCP-00002755,PH-004,REG-03,EMP-0078,CUS-03367,2026-06-04 11:16:42,Sale,307.15,20.3,23.68,310.53,Credit Card,6,False,True,False,Completed
TXN-0002756,RCP-00002756,PH-004,REG-02,EMP-0084,CUS-02972,2026-05-23 21:05:29,Sale,178.13,3.95,14.36,188.54,Credit Card,5,False,True,False,Completed
TXN-0002757,RCP-00002757,PH-004,REG-05,EMP-0068,CUS-01370,2026-07-19 16:40:37,Sale,80.55,0,6.64,87.19,Credit Card,2,False,True,False,Completed
TXN-0002758,RCP-00002758,PH-001,REG-02,EMP-0013,CUS-02788,2026-06-03 20:10:05,Sale,76.48,2.75,6.09,79.82,Debit Card,2,False,True,False,Completed
TXN-0002759,RCP-00002759,PH-002,REG-02,EMP-0042,CUS-00907,2026-06-19 14:16:16,Sale,109.65,1.44,8.93,117.14,Credit Card,4,False,True,False,Completed
TXN-0002760,RCP-00002760,PH-004,REG-05,EMP-0083,CUS-00163,2026-05-31 11:23:01,Sale,171.05,9.4,13.34,174.99,Debit Card,5,False,True,False,Completed
TXN-0002761,RCP-00002761,PH-005,REG-01,EMP-0100,,2026-05-09 16:32:22,Sale,105.31,0,8.68,113.99,Debit Card,3,False,False,False,Completed
TXN-0002762,RCP-00002762,PH-005,REG-06,EMP-0101,CUS-00446,2026-05-31 09:04:06,Sale,309.34,12.34,24.5,321.5,Gift Card,8,False,True,False,Completed
TXN-0002763,RCP-00002763,PH-005,REG-03,EMP-0106,CUS-02349,2026-06-30 18:15:27,Sale,299.18,4.53,24.3,318.95,Cash,7,False,True,False,Completed
TXN-0002764,RCP-00002764,PH-004,REG-05,EMP-0080,CUS-04387,2026-05-10 15:14:57,Sale,170.52,0,14.06,184.58,Cash,4,False,True,False,Completed
TXN-0002765,RCP-00002765,PH-001,REG-02,EMP-0015,CUS-04087,2026-06-08 09:46:38,Sale,317.31,0,26.18,343.49,Debit Card,6,False,True,False,Completed
TXN-0002766,RCP-00002766,PH-001,REG-04,EMP-0002,CUS-00704,2026-05-06 09:42:24,Sale,156.46,6.01,12.41,162.86,Credit Card,3,False,True,False,Completed
TXN-0002767,RCP-00002767,PH-003,REG-02,EMP-0060,CUS-03699,2026-06-04 16:06:51,Sale,162.48,7.55,12.76,167.69,Credit Card,6,False,True,False,Completed
TXN-0002768,RCP-00002768,PH-001,REG-03,EMP-0013,CUS-00792,2026-05-13 20:09:20,Sale,39.77,0,3.28,43.05,Credit Card,2,False,True,False,Completed
TXN-0002769,RCP-00002769,PH-003,REG-06,EMP-0062,,2026-07-20 09:58:46,Sale,83.92,0.96,6.84,89.8,Debit Card,2,False,False,False,Completed
TXN-0002770,RCP-00002770,PH-002,REG-03,EMP-0039,,2026-07-30 13:11:42,Sale,133.08,0,10.98,144.06,Cash,3,False,False,False,Completed
TXN-0002771,RCP-00002771,PH-001,REG-04,EMP-0014,CUS-02469,2026-05-23 20:16:30,Sale,371.68,0,30.67,402.35,Credit Card,3,False,True,False,Completed
TXN-0002772,RCP-00002772,PH-001,REG-02,EMP-0014,CUS-02529,2026-05-02 18:02:34,Sale,232.15,0.43,19.11,250.83,Gift Card,5,False,True,False,Completed
TXN-0002773,RCP-00002773,PH-001,REG-05,EMP-0006,CUS-00890,2026-07-20 15:32:50,Sale,33.63,2.35,2.58,33.86,Cash,2,False,True,False,Completed
TXN-0002774,RCP-00002774,PH-003,REG-01,EMP-0062,,2026-07-04 16:49:21,Sale,289.28,1.19,23.77,311.86,Credit Card,6,False,False,False,Completed
TXN-0002775,RCP-00002775,PH-005,REG-04,EMP-0102,CUS-00753,2026-05-14 21:01:19,Sale,43.7,6.21,3.1,40.59,Credit Card,2,False,True,False,Completed
TXN-0002776,RCP-00002776,PH-004,REG-02,EMP-0082,CUS-03241,2026-06-23 21:39:49,Sale,354.86,5.28,28.84,378.42,Debit Card,8,False,True,False,Completed
TXN-0002777,RCP-00002777,PH-001,REG-04,EMP-0012,CUS-03321,2026-05-01 17:59:07,Sale,152.27,2.19,12.39,162.47,Split Payment,4,False,True,False,Completed
TXN-0002778,RCP-00002778,PH-004,REG-04,EMP-0068,CUS-02970,2026-06-16 10:53:36,Sale,17.4,1.74,1.29,16.95,Debit Card,1,False,True,False,Completed
TXN-0002779,RCP-00002779,PH-002,REG-02,EMP-0037,CUS-04596,2026-07-10 15:22:47,Sale,141.7,0,11.69,153.39,Debit Card,4,False,True,False,Completed
TXN-0002780,RCP-00002780,PH-002,REG-02,EMP-0036,CUS-00923,2026-07-28 09:45:30,Sale,413.56,16.89,32.72,429.39,Cash,8,False,True,False,Completed
TXN-0002781,RCP-00002781,PH-004,REG-01,EMP-0083,CUS-01535,2026-05-28 18:04:57,Sale,221.81,6.73,17.74,232.82,Debit Card,5,False,True,False,Completed
TXN-0002782,RCP-00002782,PH-005,REG-05,EMP-0107,CUS-00088,2026-06-12 18:52:19,Sale,85.74,5.59,6.61,86.76,Cash,2,False,True,False,Completed
TXN-0002783,RCP-00002783,PH-001,REG-02,EMP-0012,CUS-03988,2026-06-19 20:45:15,Sale,525.16,4.77,42.92,563.31,Credit Card,7,False,True,False,Completed
TXN-0002784,RCP-00002784,PH-004,REG-06,EMP-0078,CUS-02494,2026-05-28 17:07:14,Sale,164.93,2.95,13.36,175.34,Credit Card,5,False,True,False,Completed
TXN-0002785,RCP-00002785,PH-004,REG-04,EMP-0081,CUS-01304,2026-06-19 12:32:23,Sale,3.87,0,0.32,4.19,Credit Card,1,False,True,False,Completed
TXN-0002786,RCP-00002786,PH-002,REG-02,EMP-0025,CUS-00825,2026-06-01 20:22:16,Sale,97.07,0,8.01,105.08,Cash,3,False,True,False,Completed
TXN-0002787,RCP-00002787,PH-001,REG-03,EMP-0002,CUS-02196,2026-06-02 11:02:27,Sale,110.11,0,9.09,119.2,Split Payment,4,False,True,False,Completed
TXN-0002788,RCP-00002788,PH-001,REG-04,EMP-0015,CUS-02427,2026-05-13 19:20:06,Sale,170.61,9.17,13.32,174.76,Debit Card,4,False,True,False,Completed
TXN-0002789,RCP-00002789,PH-004,REG-01,EMP-0079,CUS-04907,2026-06-14 12:27:32,Sale,130.71,17.14,9.37,122.94,Credit Card,3,False,True,False,Completed
TXN-0002790,RCP-00002790,PH-001,REG-05,EMP-0016,CUS-01005,2026-06-18 08:08:34,Sale,269.98,7.12,21.69,284.55,Cash,3,False,True,False,Completed
TXN-0002791,RCP-00002791,PH-001,REG-01,EMP-0018,CUS-00706,2026-06-23 14:16:21,Sale,108.49,18.23,7.44,97.7,Credit Card,4,False,True,True,Completed
TXN-0002792,RCP-00002792,PH-001,REG-04,EMP-0019,CUS-02837,2026-05-02 17:58:07,Sale,117.61,0,9.7,127.31,Split Payment,3,False,True,False,Completed
TXN-0002793,RCP-00002793,PH-004,REG-01,EMP-0086,CUS-03486,2026-07-02 14:29:11,Sale,30.23,0,2.49,32.72,Credit Card,1,False,True,False,Completed
TXN-0002794,RCP-00002794,PH-004,REG-03,EMP-0081,,2026-06-21 16:19:59,Sale,465.04,0,38.37,503.41,Credit Card,6,False,False,False,Completed
TXN-0002795,RCP-00002795,PH-001,REG-06,EMP-0003,CUS-00216,2026-06-22 18:53:10,Sale,100.67,8.12,7.63,100.18,Credit Card,4,False,True,False,Completed
TXN-0002796,RCP-00002796,PH-003,REG-02,EMP-0045,CUS-03178,2026-05-02 16:31:09,Sale,164.23,0,13.55,177.78,Debit Card,4,False,True,False,Completed
TXN-0002797,RCP-00002797,PH-001,REG-04,EMP-0015,,2026-07-13 19:54:37,Sale,160.94,2.67,13.05,171.32,Debit Card,4,False,False,False,Completed
TXN-0002798,RCP-00002798,PH-003,REG-03,EMP-0059,CUS-01204,2026-07-23 16:57:28,Sale,135.7,0,11.19,146.89,Debit Card,6,False,True,False,Completed
TXN-0002799,RCP-00002799,PH-004,REG-01,EMP-0078,CUS-04773,2026-06-27 12:26:34,Sale,113.9,2.59,9.19,120.5,Cash,4,False,True,False,Completed
TXN-0002800,RCP-00002800,PH-004,REG-04,EMP-0079,CUS-03769,2026-05-27 11:55:49,Sale,224.39,6.89,17.94,235.44,Credit Card,5,False,True,False,Completed
TXN-0002801,RCP-00002801,PH-001,REG-02,EMP-0016,CUS-00754,2026-06-19 18:36:59,Sale,407.3,5.62,33.13,434.81,Credit Card,7,False,True,False,Completed
TXN-0002802,RCP-00002802,PH-003,REG-02,EMP-0056,CUS-00747,2026-07-30 08:39:00,Sale,238.42,14.57,18.46,242.31,Debit Card,6,False,True,False,Completed
TXN-0002803,RCP-00002803,PH-002,REG-05,EMP-0034,,2026-05-21 11:30:02,Sale,64.33,0.15,5.3,69.48,Split Payment,2,False,False,False,Completed
TXN-0002804,RCP-00002804,PH-003,REG-04,EMP-0061,CUS-02674,2026-06-01 17:06:37,Sale,121.83,6.98,9.48,124.33,Gift Card,3,False,True,False,Completed
TXN-0002805,RCP-00002805,PH-001,REG-03,EMP-0002,CUS-01972,2026-06-08 20:54:18,Sale,426.14,1.43,35.04,459.75,Credit Card,8,False,True,False,Completed
TXN-0002806,RCP-00002806,PH-003,REG-02,EMP-0058,,2026-07-07 14:04:23,Sale,47.68,0,3.93,51.61,Debit Card,1,False,False,False,Completed
TXN-0002807,RCP-00002807,PH-003,REG-02,EMP-0058,CUS-04658,2026-05-25 16:58:06,Sale,159.84,0,13.18,173.02,Credit Card,4,False,True,False,Completed
TXN-0002808,RCP-00002808,PH-001,REG-01,EMP-0014,CUS-01014,2026-07-21 09:56:31,Sale,179.49,6.09,14.31,187.71,Gift Card,5,False,True,False,Completed
TXN-0002809,RCP-00002809,PH-002,REG-03,EMP-0024,CUS-03305,2026-05-14 19:17:25,Sale,161.46,4.59,12.94,169.81,Debit Card,4,False,True,False,Completed
TXN-0002810,RCP-00002810,PH-004,REG-02,EMP-0068,CUS-04972,2026-06-06 15:06:52,Sale,47.39,0,3.91,51.3,Credit Card,1,False,True,False,Completed
TXN-0002811,RCP-00002811,PH-002,REG-06,EMP-0037,CUS-03255,2026-07-01 13:40:03,Sale,117.14,6.06,9.17,120.25,Credit Card,4,False,True,False,Completed
TXN-0002812,RCP-00002812,PH-004,REG-04,EMP-0080,,2026-06-28 11:16:19,Sale,477.18,10.96,38.46,504.68,Credit Card,7,False,False,False,Completed
TXN-0002813,RCP-00002813,PH-003,REG-01,EMP-0060,,2026-05-09 19:23:00,Sale,190.23,0,15.69,205.92,Credit Card,5,False,False,False,Completed
TXN-0002814,RCP-00002814,PH-003,REG-06,EMP-0059,CUS-00267,2026-05-16 09:58:02,Sale,234.83,4.87,18.97,248.93,Debit Card,7,False,True,False,Completed
TXN-0002815,RCP-00002815,PH-003,REG-05,EMP-0057,CUS-02027,2026-07-12 11:08:42,Sale,240.41,14.46,18.63,244.58,Credit Card,7,False,True,False,Completed
TXN-0002816,RCP-00002816,PH-005,REG-04,EMP-0102,CUS-00342,2026-05-23 21:04:43,Sale,348.0,0,28.7,376.7,Debit Card,4,False,True,False,Completed
TXN-0002817,RCP-00002817,PH-005,REG-02,EMP-0090,CUS-00518,2026-07-27 14:08:22,Sale,47.63,0,3.93,51.56,Credit Card,1,False,True,False,Completed
TXN-0002818,RCP-00002818,PH-003,REG-02,EMP-0060,CUS-04875,2026-07-25 11:52:09,Sale,76.96,0.56,6.3,82.7,Credit Card,4,False,True,False,Completed
TXN-0002819,RCP-00002819,PH-001,REG-04,EMP-0013,CUS-03779,2026-05-26 17:38:56,Sale,219.18,0,18.08,237.26,Credit Card,1,False,True,False,Completed
TXN-0002820,RCP-00002820,PH-002,REG-02,EMP-0040,CUS-01869,2026-06-22 11:43:11,Sale,230.42,1.92,18.85,247.35,Split Payment,5,False,True,False,Completed
TXN-0002821,RCP-00002821,PH-003,REG-02,EMP-0063,CUS-02275,2026-07-20 16:33:53,Sale,86.1,0,7.11,93.21,Gift Card,3,False,True,False,Completed
TXN-0002822,RCP-00002822,PH-002,REG-06,EMP-0025,CUS-03641,2026-06-01 15:51:18,Sale,81.84,0,6.75,88.59,Credit Card,2,False,True,False,Completed
TXN-0002823,RCP-00002823,PH-003,REG-04,EMP-0062,,2026-07-11 19:50:06,Sale,415.25,22.55,32.41,425.11,Debit Card,8,False,False,True,Completed
TXN-0002824,RCP-00002824,PH-004,REG-04,EMP-0079,,2026-05-12 20:25:31,Sale,144.44,0,11.91,156.35,Credit Card,4,False,False,False,Completed
TXN-0002825,RCP-00002825,PH-005,REG-02,EMP-0103,CUS-02982,2026-07-17 21:18:16,Sale,85.63,12.88,6.0,78.75,Debit Card,4,False,True,True,Completed
TXN-0002826,RCP-00002826,PH-002,REG-01,EMP-0038,,2026-05-14 08:29:40,Sale,44.08,3.34,3.36,44.1,Credit Card,2,False,False,False,Completed
TXN-0002827,RCP-00002827,PH-001,REG-05,EMP-0014,CUS-03610,2026-06-14 12:42:35,Sale,101.8,20.36,6.72,88.16,Cash,1,False,True,False,Completed
TXN-0002828,RCP-00002828,PH-002,REG-01,EMP-0039,CUS-03438,2026-07-16 21:16:48,Sale,172.05,38.65,11.01,144.41,Credit Card,4,False,True,True,Completed
TXN-0002829,RCP-00002829,PH-004,REG-06,EMP-0084,CUS-04673,2026-05-23 11:54:58,Sale,15.34,0,1.27,16.61,Debit Card,1,False,True,False,Completed
TXN-0002830,RCP-00002830,PH-002,REG-04,EMP-0039,,2026-05-22 14:48:35,Sale,139.98,0,11.54,151.52,Credit Card,4,False,False,False,Completed
TXN-0002831,RCP-00002831,PH-003,REG-06,EMP-0062,CUS-04534,2026-05-26 16:27:34,Sale,326.19,0,26.92,353.11,Credit Card,5,False,True,False,Completed
TXN-0002832,RCP-00002832,PH-002,REG-01,EMP-0038,CUS-00032,2026-06-22 17:12:26,Sale,476.33,0,39.3,515.63,Debit Card,8,False,True,False,Completed
TXN-0002833,RCP-00002833,PH-003,REG-03,EMP-0061,CUS-04167,2026-06-18 17:49:03,Sale,139.87,0,11.53,151.4,Credit Card,5,False,True,False,Completed
TXN-0002834,RCP-00002834,PH-002,REG-05,EMP-0036,CUS-03272,2026-05-19 08:47:01,Sale,12.07,0,1.0,13.07,Credit Card,2,False,True,False,Completed
TXN-0002835,RCP-00002835,PH-001,REG-04,EMP-0013,CUS-03568,2026-05-08 08:44:50,Sale,42.79,4.94,3.12,40.97,Credit Card,3,False,True,False,Completed
TXN-0002836,RCP-00002836,PH-001,REG-03,EMP-0002,CUS-00087,2026-05-25 10:36:22,Sale,30.91,0,2.55,33.46,Gift Card,1,False,True,False,Completed
TXN-0002837,RCP-00002837,PH-005,REG-06,EMP-0101,CUS-01976,2026-06-06 15:29:00,Sale,247.02,5.48,19.92,261.46,Debit Card,5,False,True,False,Completed
TXN-0002838,RCP-00002838,PH-003,REG-03,EMP-0063,CUS-02177,2026-07-20 12:42:18,Sale,294.37,5.98,23.8,312.19,Credit Card,4,False,True,False,Completed
TXN-0002839,RCP-00002839,PH-004,REG-01,EMP-0086,CUS-00364,2026-06-04 11:19:51,Sale,25.98,0,2.14,28.12,Debit Card,1,False,True,False,Completed
TXN-0002840,RCP-00002840,PH-005,REG-03,EMP-0100,CUS-00375,2026-07-11 17:46:40,Sale,110.2,0,9.09,119.29,Gift Card,3,False,True,False,Completed
TXN-0002841,RCP-00002841,PH-005,REG-02,EMP-0107,CUS-03165,2026-07-02 19:11:16,Sale,193.72,10.31,15.13,198.54,Debit Card,6,False,True,False,Completed
TXN-0002842,RCP-00002842,PH-002,REG-04,EMP-0042,CUS-02129,2026-06-30 08:33:36,Sale,128.66,2.14,10.44,136.96,Cash,5,False,True,False,Completed
TXN-0002843,RCP-00002843,PH-004,REG-01,EMP-0079,CUS-04662,2026-06-17 21:26:35,Sale,129.27,0.41,10.63,139.49,Credit Card,5,False,True,False,Completed
TXN-0002844,RCP-00002844,PH-001,REG-01,EMP-0019,CUS-03680,2026-06-14 08:06:16,Sale,148.79,6.67,11.73,153.85,Credit Card,5,False,True,False,Completed
TXN-0002845,RCP-00002845,PH-001,REG-01,EMP-0015,,2026-07-04 09:10:36,Sale,275.45,2.91,22.47,295.01,Credit Card,4,False,False,False,Completed
TXN-0002846,RCP-00002846,PH-001,REG-03,EMP-0016,,2026-07-19 16:14:03,Sale,384.89,1.71,31.61,414.79,Credit Card,8,False,False,False,Completed
TXN-0002847,RCP-00002847,PH-002,REG-03,EMP-0037,,2026-06-06 12:20:54,Sale,142.63,14.25,10.59,138.97,Cash,4,False,False,False,Completed
TXN-0002848,RCP-00002848,PH-002,REG-03,EMP-0037,CUS-02332,2026-05-09 12:09:55,Sale,249.78,0,20.61,270.39,Credit Card,7,False,True,False,Completed
TXN-0002849,RCP-00002849,PH-004,REG-04,EMP-0069,CUS-04584,2026-05-14 14:39:10,Sale,166.79,9.22,13.0,170.57,Credit Card,5,False,True,False,Completed
TXN-0002850,RCP-00002850,PH-004,REG-06,EMP-0080,CUS-04578,2026-05-22 17:17:17,Sale,67.48,3.07,5.32,69.73,Credit Card,4,False,True,False,Completed
TXN-0002851,RCP-00002851,PH-001,REG-04,EMP-0014,CUS-00987,2026-07-08 15:04:18,Sale,336.69,0,27.78,364.47,Credit Card,4,False,True,False,Completed
TXN-0002852,RCP-00002852,PH-002,REG-04,EMP-0023,CUS-03353,2026-06-12 17:42:55,Sale,75.31,0,6.22,81.53,Gift Card,4,False,True,False,Completed
TXN-0002853,RCP-00002853,PH-002,REG-02,EMP-0035,CUS-02336,2026-05-16 20:20:04,Sale,77.11,0,6.37,83.48,Debit Card,4,False,True,False,Completed
TXN-0002854,RCP-00002854,PH-001,REG-06,EMP-0012,CUS-04757,2026-05-24 13:59:42,Sale,217.64,0.99,17.87,234.52,Debit Card,5,False,True,False,Completed
TXN-0002855,RCP-00002855,PH-002,REG-03,EMP-0039,CUS-01011,2026-07-19 16:30:52,Sale,112.03,0,9.24,121.27,Credit Card,6,False,True,False,Completed
TXN-0002856,RCP-00002856,PH-002,REG-05,EMP-0025,CUS-03501,2026-06-29 20:39:49,Sale,322.48,50.07,22.47,294.88,Debit Card,4,False,True,True,Completed
TXN-0002857,RCP-00002857,PH-003,REG-05,EMP-0057,CUS-04744,2026-07-13 11:10:12,Sale,110.48,0,9.11,119.59,Gift Card,3,False,True,False,Completed
TXN-0002858,RCP-00002858,PH-003,REG-02,EMP-0057,,2026-07-20 14:01:38,Sale,272.89,0,22.5,295.39,Debit Card,5,False,False,False,Completed
TXN-0002859,RCP-00002859,PH-002,REG-01,EMP-0042,CUS-02237,2026-05-28 09:01:59,Sale,174.25,0,14.38,188.63,Cash,4,False,True,False,Completed
TXN-0002860,RCP-00002860,PH-002,REG-02,EMP-0038,CUS-03536,2026-06-08 19:05:26,Sale,290.51,3.17,23.7,311.04,Debit Card,5,False,True,False,Completed
TXN-0002861,RCP-00002861,PH-002,REG-03,EMP-0042,,2026-05-17 14:32:30,Sale,167.94,20.93,12.13,159.14,Credit Card,5,False,False,True,Completed
TXN-0002862,RCP-00002862,PH-001,REG-05,EMP-0017,,2026-06-30 15:19:53,Sale,62.97,5.06,4.78,62.69,Credit Card,2,False,False,False,Completed
TXN-0002863,RCP-00002863,PH-001,REG-05,EMP-0016,CUS-02081,2026-07-14 18:22:47,Sale,98.66,0,8.14,106.8,Gift Card,4,False,True,False,Completed
TXN-0002864,RCP-00002864,PH-004,REG-05,EMP-0084,CUS-04844,2026-06-17 20:07:52,Sale,187.11,2.78,15.21,199.54,Credit Card,6,False,True,False,Completed
TXN-0002865,RCP-00002865,PH-003,REG-06,EMP-0062,,2026-07-28 09:37:19,Sale,233.11,0.09,19.22,252.24,Credit Card,8,False,False,False,Completed
TXN-0002866,RCP-00002866,PH-005,REG-06,EMP-0100,CUS-02504,2026-06-19 14:13:36,Sale,521.72,0,43.04,564.76,Cash,4,False,True,False,Completed
TXN-0002867,RCP-00002867,PH-002,REG-01,EMP-0034,CUS-03574,2026-07-16 14:18:30,Sale,584.64,8.53,47.53,623.64,Credit Card,8,False,True,True,Completed
TXN-0002868,RCP-00002868,PH-003,REG-06,EMP-0056,CUS-01224,2026-05-09 13:10:00,Sale,118.12,0,9.75,127.87,Debit Card,3,False,True,False,Completed
TXN-0002869,RCP-00002869,PH-004,REG-05,EMP-0067,CUS-04833,2026-07-30 12:25:38,Sale,132.38,23.02,9.02,118.38,Credit Card,4,False,True,True,Completed
TXN-0002870,RCP-00002870,PH-001,REG-01,EMP-0020,CUS-00494,2026-06-11 20:19:31,Sale,99.84,8.16,7.56,99.24,Credit Card,4,False,True,False,Completed
TXN-0002871,RCP-00002871,PH-004,REG-03,EMP-0079,CUS-02325,2026-05-14 10:00:12,Sale,185.84,9.78,14.52,190.58,Debit Card,5,False,True,False,Completed
TXN-0002872,RCP-00002872,PH-004,REG-03,EMP-0082,CUS-00058,2026-05-05 17:34:08,Sale,251.5,5.7,20.27,266.07,Debit Card,8,False,True,False,Completed
TXN-0002873,RCP-00002873,PH-004,REG-02,EMP-0081,CUS-02430,2026-07-15 14:42:57,Sale,233.71,4.37,18.93,248.27,Cash,6,False,True,False,Completed
TXN-0002874,RCP-00002874,PH-003,REG-04,EMP-0060,,2026-06-14 09:23:10,Sale,301.13,1.41,24.73,324.45,Credit Card,7,False,False,False,Completed
TXN-0002875,RCP-00002875,PH-005,REG-02,EMP-0103,CUS-04108,2026-06-16 08:14:50,Sale,150.88,0,12.44,163.32,Debit Card,3,False,True,False,Completed
TXN-0002876,RCP-00002876,PH-005,REG-02,EMP-0106,,2026-07-09 16:18:41,Sale,233.24,15.46,17.97,235.75,Cash,4,False,False,True,Completed
TXN-0002877,RCP-00002877,PH-001,REG-03,EMP-0001,CUS-03322,2026-07-25 14:50:35,Sale,98.07,2.12,7.92,103.87,Credit Card,5,False,True,False,Completed
TXN-0002878,RCP-00002878,PH-005,REG-02,EMP-0102,CUS-02273,2026-06-30 18:31:55,Sale,53.42,0,4.4,57.82,Credit Card,3,False,True,False,Completed
TXN-0002879,RCP-00002879,PH-002,REG-04,EMP-0040,,2026-05-23 13:25:39,Sale,130.28,2.72,10.53,138.09,Credit Card,4,False,False,False,Completed
TXN-0002880,RCP-00002880,PH-001,REG-04,EMP-0016,CUS-01147,2026-05-25 14:17:56,Sale,153.45,0,12.66,166.11,Credit Card,4,False,True,False,Completed
TXN-0002881,RCP-00002881,PH-004,REG-04,EMP-0083,CUS-04491,2026-06-14 21:40:53,Sale,340.3,15.93,26.77,351.14,Credit Card,5,False,True,False,Completed
TXN-0002882,RCP-00002882,PH-005,REG-02,EMP-0090,CUS-02656,2026-05-29 16:31:54,Sale,329.97,0.93,27.15,356.19,Debit Card,7,False,True,False,Completed
TXN-0002883,RCP-00002883,PH-005,REG-05,EMP-0103,CUS-04782,2026-05-18 12:22:29,Sale,211.72,9.96,16.65,218.41,Credit Card,6,False,True,False,Completed
TXN-0002884,RCP-00002884,PH-005,REG-06,EMP-0106,,2026-05-29 21:43:17,Sale,355.51,17.57,27.87,365.81,Debit Card,7,False,False,False,Completed
TXN-0002885,RCP-00002885,PH-002,REG-06,EMP-0035,CUS-01572,2026-05-31 13:19:33,Sale,193.65,0,15.99,209.64,Credit Card,6,False,True,False,Completed
TXN-0002886,RCP-00002886,PH-002,REG-01,EMP-0036,CUS-04554,2026-05-26 20:51:44,Sale,259.29,4.38,21.03,275.94,Cash,5,False,True,False,Completed
TXN-0002887,RCP-00002887,PH-001,REG-01,EMP-0019,CUS-02488,2026-07-21 09:51:39,Sale,202.92,0,16.73,219.65,Credit Card,6,False,True,False,Completed
TXN-0002888,RCP-00002888,PH-005,REG-02,EMP-0106,CUS-01959,2026-05-18 14:13:25,Sale,97.47,2.9,7.8,102.37,Cash,3,False,True,False,Completed
TXN-0002889,RCP-00002889,PH-004,REG-02,EMP-0082,CUS-04503,2026-06-03 19:00:43,Sale,154.11,0,12.72,166.83,Debit Card,5,False,True,False,Completed
TXN-0002890,RCP-00002890,PH-001,REG-04,EMP-0014,CUS-00225,2026-05-30 09:49:33,Sale,264.19,23.08,19.89,261.0,Debit Card,4,False,True,False,Completed
TXN-0002891,RCP-00002891,PH-002,REG-04,EMP-0040,CUS-01887,2026-05-13 12:41:29,Sale,121.58,1.47,9.92,130.03,Split Payment,4,False,True,False,Completed
TXN-0002892,RCP-00002892,PH-004,REG-02,EMP-0079,CUS-03807,2026-06-06 20:30:20,Sale,93.87,0.43,7.71,101.15,Credit Card,4,False,True,False,Completed
TXN-0002893,RCP-00002893,PH-002,REG-06,EMP-0041,CUS-00132,2026-05-14 08:14:07,Sale,137.63,1.56,11.23,147.3,Debit Card,4,False,True,False,Completed
TXN-0002894,RCP-00002894,PH-002,REG-02,EMP-0036,CUS-04499,2026-06-30 17:08:46,Sale,109.72,0,9.06,118.78,Debit Card,3,False,True,False,Completed
TXN-0002895,RCP-00002895,PH-005,REG-02,EMP-0090,CUS-01206,2026-06-30 09:46:42,Sale,50.53,0,4.17,54.7,Debit Card,1,False,True,False,Completed
TXN-0002896,RCP-00002896,PH-001,REG-03,EMP-0013,CUS-00992,2026-06-11 16:34:33,Sale,283.1,30.94,20.8,272.96,Credit Card,7,False,True,False,Completed
TXN-0002897,RCP-00002897,PH-001,REG-03,EMP-0019,,2026-06-15 21:34:32,Sale,237.7,0.68,19.56,256.58,Credit Card,8,False,False,False,Completed
TXN-0002898,RCP-00002898,PH-005,REG-04,EMP-0106,CUS-03750,2026-05-12 21:32:32,Sale,59.97,4.74,4.56,59.79,Cash,5,False,True,False,Completed
TXN-0002899,RCP-00002899,PH-004,REG-04,EMP-0080,CUS-01156,2026-06-04 15:12:03,Sale,580.53,18.14,46.39,608.78,Debit Card,9,False,True,False,Completed
TXN-0002900,RCP-00002900,PH-005,REG-01,EMP-0101,CUS-03630,2026-06-09 18:15:53,Sale,111.98,0,9.24,121.22,Cash,2,False,True,False,Completed
TXN-0002901,RCP-00002901,PH-005,REG-05,EMP-0091,CUS-01012,2026-07-20 14:32:28,Sale,156.89,0.4,12.92,169.41,Credit Card,3,False,True,False,Completed
TXN-0002902,RCP-00002902,PH-002,REG-06,EMP-0039,CUS-02335,2026-05-15 10:29:37,Sale,199.15,5.02,16.01,210.14,Split Payment,4,False,True,False,Completed
TXN-0002903,RCP-00002903,PH-004,REG-01,EMP-0068,,2026-07-29 19:17:39,Sale,206.35,13.83,15.89,208.41,Gift Card,6,False,False,False,Completed
TXN-0002904,RCP-00002904,PH-004,REG-01,EMP-0086,,2026-06-09 10:22:27,Sale,317.47,6.76,25.63,336.34,Credit Card,6,False,False,False,Completed
TXN-0002905,RCP-00002905,PH-002,REG-01,EMP-0038,CUS-03956,2026-07-08 13:07:42,Sale,86.49,1.53,7.01,91.97,Credit Card,3,False,True,False,Completed
TXN-0002906,RCP-00002906,PH-001,REG-03,EMP-0018,CUS-02651,2026-06-23 08:39:54,Sale,132.16,0,10.91,143.07,Cash,2,False,True,False,Completed
TXN-0002907,RCP-00002907,PH-003,REG-05,EMP-0063,CUS-02334,2026-07-18 11:33:28,Sale,18.35,0,1.51,19.86,Debit Card,1,False,True,False,Completed
TXN-0002908,RCP-00002908,PH-004,REG-02,EMP-0067,,2026-05-22 17:00:01,Sale,286.92,0.36,23.63,310.19,Credit Card,6,False,False,False,Completed
TXN-0002909,RCP-00002909,PH-002,REG-06,EMP-0023,CUS-02850,2026-07-16 10:02:34,Sale,122.99,4.95,9.74,127.78,Credit Card,3,False,True,False,Completed
TXN-0002910,RCP-00002910,PH-002,REG-05,EMP-0037,CUS-03656,2026-05-20 12:04:32,Sale,137.62,3.51,11.06,145.17,Credit Card,5,False,True,False,Completed
TXN-0002911,RCP-00002911,PH-001,REG-03,EMP-0014,CUS-03982,2026-05-01 14:39:19,Sale,116.03,0,9.57,125.6,Cash,4,False,True,False,Completed
TXN-0002912,RCP-00002912,PH-002,REG-01,EMP-0037,CUS-04838,2026-07-06 08:11:12,Sale,130.77,0,10.78,141.55,Cash,3,False,True,False,Completed
TXN-0002913,RCP-00002913,PH-002,REG-01,EMP-0025,CUS-00710,2026-07-25 11:31:59,Sale,123.48,6.6,9.64,126.52,Debit Card,5,False,True,False,Completed
TXN-0002914,RCP-00002914,PH-002,REG-02,EMP-0025,CUS-01677,2026-07-15 19:17:57,Sale,299.84,0,24.74,324.58,Debit Card,6,False,True,False,Completed
TXN-0002915,RCP-00002915,PH-004,REG-05,EMP-0080,CUS-00855,2026-05-03 12:41:33,Sale,194.02,0,16.01,210.03,Gift Card,3,False,True,False,Completed
TXN-0002916,RCP-00002916,PH-001,REG-05,EMP-0020,CUS-03398,2026-05-05 14:58:11,Sale,33.38,0,2.75,36.13,Cash,1,False,True,False,Completed
TXN-0002917,RCP-00002917,PH-005,REG-06,EMP-0100,CUS-02923,2026-06-15 15:29:56,Sale,66.96,9.79,4.72,61.89,Credit Card,3,False,True,False,Completed
TXN-0002918,RCP-00002918,PH-003,REG-04,EMP-0064,CUS-03313,2026-07-27 18:23:41,Sale,295.69,0,24.4,320.09,Cash,5,False,True,False,Completed
TXN-0002919,RCP-00002919,PH-002,REG-01,EMP-0041,,2026-06-22 17:12:22,Sale,146.15,0,12.06,158.21,Credit Card,3,False,False,False,Completed
TXN-0002920,RCP-00002920,PH-003,REG-02,EMP-0057,CUS-02129,2026-07-25 15:38:27,Sale,15.36,0,1.27,16.63,Cash,1,False,True,False,Completed
TXN-0002921,RCP-00002921,PH-004,REG-05,EMP-0084,CUS-04799,2026-06-12 14:27:49,Sale,409.66,16.32,32.45,425.79,Credit Card,10,False,True,False,Completed
TXN-0002922,RCP-00002922,PH-003,REG-04,EMP-0064,CUS-00226,2026-06-06 09:31:34,Sale,230.28,1.99,18.84,247.13,Credit Card,8,False,True,False,Completed
TXN-0002923,RCP-00002923,PH-004,REG-03,EMP-0082,CUS-00314,2026-05-26 16:46:44,Sale,329.33,0,27.17,356.5,Credit Card,5,False,True,False,Completed
TXN-0002924,RCP-00002924,PH-002,REG-06,EMP-0035,CUS-03877,2026-06-08 08:12:34,Sale,82.5,8.05,6.15,80.6,Cash,6,False,True,False,Completed
TXN-0002925,RCP-00002925,PH-001,REG-02,EMP-0015,CUS-01425,2026-06-30 11:12:28,Sale,60.59,0,5.01,65.6,Gift Card,3,False,True,False,Completed
TXN-0002926,RCP-00002926,PH-002,REG-05,EMP-0040,CUS-01505,2026-07-11 19:30:10,Sale,150.02,0,12.38,162.4,Credit Card,4,False,True,False,Completed
TXN-0002927,RCP-00002927,PH-005,REG-04,EMP-0102,CUS-00420,2026-07-13 10:53:57,Sale,172.48,16.44,12.87,168.91,Debit Card,5,False,True,True,Completed
TXN-0002928,RCP-00002928,PH-003,REG-02,EMP-0046,CUS-00836,2026-06-23 16:32:29,Sale,295.49,1.12,24.29,318.66,Credit Card,6,False,True,False,Completed
TXN-0002929,RCP-00002929,PH-004,REG-01,EMP-0086,CUS-00260,2026-06-15 13:16:17,Sale,95.39,0,7.87,103.26,Debit Card,3,False,True,False,Completed
TXN-0002930,RCP-00002930,PH-002,REG-03,EMP-0041,CUS-02726,2026-07-09 16:04:40,Sale,340.03,0,28.05,368.08,Cash,4,False,True,False,Completed
TXN-0002931,RCP-00002931,PH-004,REG-05,EMP-0086,,2026-06-30 20:21:14,Sale,356.8,38.55,26.25,344.5,Debit Card,4,False,False,False,Completed
TXN-0002932,RCP-00002932,PH-001,REG-04,EMP-0006,CUS-03241,2026-07-29 21:30:33,Sale,183.09,8.19,14.42,189.32,Credit Card,6,False,True,False,Completed
TXN-0002933,RCP-00002933,PH-005,REG-03,EMP-0105,CUS-04108,2026-06-15 19:53:56,Sale,115.49,0,9.53,125.02,Credit Card,4,False,True,False,Completed
TXN-0002934,RCP-00002934,PH-002,REG-05,EMP-0040,CUS-04462,2026-07-16 17:49:26,Sale,275.0,33.86,19.9,261.04,Cash,8,False,True,False,Completed
TXN-0002935,RCP-00002935,PH-003,REG-01,EMP-0046,CUS-04515,2026-05-10 10:42:18,Sale,141.61,0.2,11.68,153.09,Debit Card,5,False,True,False,Completed
TXN-0002936,RCP-00002936,PH-004,REG-04,EMP-0083,CUS-03210,2026-06-24 15:02:10,Sale,94.88,0,7.83,102.71,Debit Card,3,False,True,False,Completed
TXN-0002937,RCP-00002937,PH-002,REG-02,EMP-0025,CUS-04646,2026-07-22 14:13:52,Sale,297.86,14.02,23.42,307.26,Debit Card,7,False,True,False,Completed
TXN-0002938,RCP-00002938,PH-003,REG-01,EMP-0064,CUS-02699,2026-06-18 20:09:45,Sale,292.01,0,24.09,316.1,Debit Card,3,False,True,False,Completed
TXN-0002939,RCP-00002939,PH-002,REG-02,EMP-0038,CUS-02008,2026-05-08 08:35:10,Sale,118.52,0,9.79,128.31,Credit Card,6,False,True,False,Completed
TXN-0002940,RCP-00002940,PH-005,REG-05,EMP-0091,CUS-00615,2026-06-03 14:51:33,Sale,183.78,0.86,15.09,198.01,Credit Card,6,False,True,False,Completed
TXN-0002941,RCP-00002941,PH-004,REG-05,EMP-0079,CUS-03544,2026-06-06 09:16:14,Sale,291.81,3.58,23.78,312.01,Cash,4,False,True,False,Completed
TXN-0002942,RCP-00002942,PH-005,REG-01,EMP-0101,CUS-01106,2026-06-04 15:52:02,Sale,18.7,0,1.54,20.24,Credit Card,1,False,True,False,Completed
TXN-0002943,RCP-00002943,PH-003,REG-02,EMP-0046,CUS-04659,2026-06-20 09:35:52,Sale,454.32,0,37.49,491.81,Credit Card,8,False,True,False,Completed
TXN-0002944,RCP-00002944,PH-003,REG-06,EMP-0056,CUS-01241,2026-05-24 14:16:35,Sale,216.55,1.25,17.77,233.07,Credit Card,8,False,True,False,Completed
TXN-0002945,RCP-00002945,PH-002,REG-03,EMP-0042,CUS-04075,2026-06-14 09:03:54,Sale,103.84,0,8.57,112.41,Credit Card,2,False,True,False,Completed
TXN-0002946,RCP-00002946,PH-003,REG-04,EMP-0046,,2026-07-20 16:54:05,Sale,105.45,0.17,8.68,113.96,Debit Card,3,False,False,False,Completed
TXN-0002947,RCP-00002947,PH-004,REG-04,EMP-0067,CUS-03292,2026-07-19 19:10:14,Sale,136.83,0,11.29,148.12,Credit Card,3,False,True,False,Completed
TXN-0002948,RCP-00002948,PH-005,REG-04,EMP-0101,CUS-01469,2026-05-21 13:06:29,Sale,189.97,0,15.67,205.64,Credit Card,4,False,True,False,Completed
TXN-0002949,RCP-00002949,PH-004,REG-01,EMP-0080,CUS-01682,2026-06-05 09:48:47,Sale,28.08,1.81,2.16,28.43,Cash,2,False,True,False,Completed
TXN-0002950,RCP-00002950,PH-004,REG-04,EMP-0067,,2026-06-03 08:16:59,Sale,88.64,1.79,7.16,94.01,Cash,4,False,False,False,Completed
TXN-0002951,RCP-00002951,PH-002,REG-03,EMP-0034,CUS-01570,2026-06-15 11:03:09,Sale,182.2,4.3,14.67,192.57,Credit Card,5,False,True,False,Completed
TXN-0002952,RCP-00002952,PH-003,REG-06,EMP-0060,CUS-01104,2026-06-04 21:43:58,Sale,121.82,0,10.05,131.87,Cash,5,False,True,False,Completed
TXN-0002953,RCP-00002953,PH-003,REG-04,EMP-0063,CUS-03629,2026-07-03 12:27:40,Sale,151.1,0,12.47,163.57,Credit Card,4,False,True,False,Completed
TXN-0002954,RCP-00002954,PH-002,REG-05,EMP-0041,,2026-07-14 19:21:18,Sale,147.4,6.71,11.6,152.29,Credit Card,5,False,False,False,Completed
TXN-0002955,RCP-00002955,PH-005,REG-04,EMP-0101,CUS-00652,2026-06-16 19:13:33,Sale,277.89,19.43,21.32,279.78,Credit Card,4,False,True,False,Completed
TXN-0002956,RCP-00002956,PH-001,REG-05,EMP-0020,CUS-03329,2026-06-03 16:35:09,Sale,335.34,2.59,27.46,360.21,Credit Card,8,False,True,False,Completed
TXN-0002957,RCP-00002957,PH-004,REG-05,EMP-0079,CUS-03132,2026-06-08 10:56:08,Sale,193.69,0,15.98,209.67,Debit Card,2,False,True,False,Completed
TXN-0002958,RCP-00002958,PH-002,REG-04,EMP-0040,CUS-02696,2026-06-18 11:55:55,Sale,227.45,2.82,18.53,243.16,Credit Card,4,False,True,False,Completed
TXN-0002959,RCP-00002959,PH-002,REG-01,EMP-0040,CUS-00079,2026-07-10 15:58:32,Sale,264.45,2.71,21.59,283.33,Cash,7,False,True,False,Completed
TXN-0002960,RCP-00002960,PH-003,REG-04,EMP-0062,,2026-06-23 09:54:00,Sale,106.85,9.83,7.99,105.01,Credit Card,5,False,False,False,Completed
TXN-0002961,RCP-00002961,PH-001,REG-01,EMP-0003,CUS-02471,2026-05-09 16:06:46,Sale,148.31,0,12.24,160.55,Cash,4,False,True,False,Completed
TXN-0002962,RCP-00002962,PH-003,REG-05,EMP-0064,CUS-02292,2026-06-06 09:04:39,Sale,79.24,0,6.53,85.77,Credit Card,3,False,True,False,Completed
TXN-0002963,RCP-00002963,PH-005,REG-01,EMP-0105,,2026-07-23 18:44:00,Sale,322.95,7.28,26.04,341.71,Cash,8,False,False,False,Completed
TXN-0002964,RCP-00002964,PH-004,REG-04,EMP-0080,CUS-04216,2026-05-28 19:53:23,Sale,78.1,0,6.44,84.54,Credit Card,1,False,True,False,Completed
TXN-0002965,RCP-00002965,PH-005,REG-05,EMP-0102,CUS-03445,2026-06-10 20:51:10,Sale,184.08,5.77,14.71,193.02,Debit Card,4,False,True,False,Completed
TXN-0002966,RCP-00002966,PH-004,REG-02,EMP-0079,CUS-00241,2026-06-26 12:57:05,Sale,261.4,0,21.57,282.97,Credit Card,3,False,True,False,Completed
TXN-0002967,RCP-00002967,PH-005,REG-02,EMP-0100,,2026-06-20 16:13:13,Sale,118.48,5.25,9.34,122.57,Credit Card,4,False,False,False,Completed
TXN-0002968,RCP-00002968,PH-005,REG-01,EMP-0089,CUS-03014,2026-05-04 21:13:34,Sale,217.3,12.09,16.94,222.15,Debit Card,5,False,True,False,Completed
TXN-0002969,RCP-00002969,PH-005,REG-03,EMP-0105,CUS-04674,2026-06-16 14:04:12,Sale,442.1,14.9,35.25,462.45,Credit Card,8,False,True,False,Completed
TXN-0002970,RCP-00002970,PH-003,REG-05,EMP-0045,CUS-00472,2026-06-02 08:23:35,Sale,71.12,0,5.87,76.99,Credit Card,1,False,True,False,Completed
TXN-0002971,RCP-00002971,PH-001,REG-02,EMP-0017,,2026-07-02 11:16:31,Sale,244.23,0,20.16,264.39,Cash,4,False,False,False,Completed
TXN-0002972,RCP-00002972,PH-001,REG-06,EMP-0018,CUS-01921,2026-05-09 12:06:08,Sale,199.74,0,16.48,216.22,Credit Card,7,False,True,False,Completed
TXN-0002973,RCP-00002973,PH-002,REG-05,EMP-0034,CUS-02485,2026-06-22 09:56:40,Sale,351.26,4.14,28.63,375.75,Credit Card,8,False,True,False,Completed
TXN-0002974,RCP-00002974,PH-001,REG-04,EMP-0018,CUS-01155,2026-07-09 09:20:55,Sale,147.2,0,12.15,159.35,Cash,4,False,True,False,Completed
TXN-0002975,RCP-00002975,PH-001,REG-03,EMP-0015,CUS-00058,2026-05-18 18:25:31,Sale,54.03,0,4.46,58.49,Credit Card,1,False,True,False,Completed
TXN-0002976,RCP-00002976,PH-004,REG-04,EMP-0082,CUS-03715,2026-06-07 19:35:02,Sale,244.44,0,20.17,264.61,Credit Card,6,False,True,False,Completed
TXN-0002977,RCP-00002977,PH-003,REG-03,EMP-0060,CUS-02096,2026-06-02 11:30:20,Sale,361.71,20.35,28.17,369.53,Credit Card,6,False,True,True,Completed
TXN-0002978,RCP-00002978,PH-002,REG-05,EMP-0037,,2026-07-08 11:25:47,Sale,138.71,13.07,10.37,136.01,Credit Card,6,False,False,False,Completed
TXN-0002979,RCP-00002979,PH-003,REG-05,EMP-0047,CUS-03112,2026-05-05 17:14:48,Sale,129.51,0.49,10.65,139.67,Split Payment,3,False,True,False,Completed
TXN-0002980,RCP-00002980,PH-005,REG-01,EMP-0107,CUS-01983,2026-06-23 17:02:54,Sale,122.94,4.3,9.79,128.43,Credit Card,6,False,True,False,Completed
TXN-0002981,RCP-00002981,PH-003,REG-03,EMP-0047,CUS-04400,2026-07-22 17:38:59,Sale,89.3,0,7.37,96.67,Debit Card,2,False,True,False,Completed
TXN-0002982,RCP-00002982,PH-004,REG-01,EMP-0084,CUS-00191,2026-07-25 08:42:22,Sale,217.17,24.39,15.9,208.68,Credit Card,3,False,True,False,Completed
TXN-0002983,RCP-00002983,PH-002,REG-04,EMP-0041,CUS-00469,2026-05-11 20:58:11,Sale,209.73,44.5,13.62,178.85,Credit Card,5,False,True,True,Completed
TXN-0002984,RCP-00002984,PH-001,REG-01,EMP-0014,,2026-07-26 19:28:54,Sale,87.8,7.33,6.64,87.11,Credit Card,2,False,False,False,Completed
TXN-0002985,RCP-00002985,PH-001,REG-04,EMP-0012,CUS-02224,2026-07-31 17:47:48,Sale,122.69,0,10.13,132.82,Debit Card,4,False,True,False,Completed
TXN-0002986,RCP-00002986,PH-004,REG-02,EMP-0083,CUS-01082,2026-05-21 19:56:38,Sale,162.16,2.86,13.13,172.43,Split Payment,4,False,True,False,Completed
TXN-0002987,RCP-00002987,PH-003,REG-05,EMP-0059,CUS-03672,2026-05-06 16:50:30,Sale,184.23,12.1,14.21,186.34,Cash,5,False,True,False,Completed
TXN-0002988,RCP-00002988,PH-005,REG-04,EMP-0106,CUS-03412,2026-05-11 15:14:59,Sale,183.68,0,15.16,198.84,Gift Card,2,False,True,False,Completed
TXN-0002989,RCP-00002989,PH-004,REG-01,EMP-0068,CUS-01384,2026-07-05 17:02:55,Sale,270.97,1.22,22.26,292.01,Cash,8,False,True,False,Completed
TXN-0002990,RCP-00002990,PH-003,REG-03,EMP-0061,,2026-05-14 19:07:15,Sale,108.8,0,8.98,117.78,Cash,3,False,False,False,Completed
TXN-0002991,RCP-00002991,PH-003,REG-02,EMP-0045,CUS-03093,2026-06-02 13:01:43,Sale,389.91,6.74,31.61,414.78,Credit Card,7,False,True,False,Completed
TXN-0002992,RCP-00002992,PH-003,REG-01,EMP-0058,CUS-04201,2026-07-07 14:20:43,Sale,234.78,1.94,19.22,252.06,Debit Card,7,False,True,False,Completed
TXN-0002993,RCP-00002993,PH-002,REG-03,EMP-0035,CUS-03385,2026-07-08 21:25:54,Sale,512.26,59.24,37.37,490.39,Debit Card,8,False,True,True,Completed
TXN-0002994,RCP-00002994,PH-003,REG-01,EMP-0059,CUS-00666,2026-07-13 19:31:55,Sale,58.49,0,4.83,63.32,Cash,1,False,True,False,Completed
TXN-0002995,RCP-00002995,PH-001,REG-02,EMP-0002,CUS-00647,2026-07-01 09:40:31,Sale,205.81,0,16.98,222.79,Debit Card,6,False,True,False,Completed
TXN-0002996,RCP-00002996,PH-005,REG-01,EMP-0101,CUS-00765,2026-06-06 17:51:13,Sale,340.68,12.59,27.07,355.16,Cash,7,False,True,False,Completed
TXN-0002997,RCP-00002997,PH-003,REG-06,EMP-0058,CUS-03372,2026-06-06 10:51:01,Sale,189.1,0,15.59,204.69,Credit Card,6,False,True,False,Completed
TXN-0002998,RCP-00002998,PH-004,REG-05,EMP-0082,,2026-07-17 12:29:56,Sale,307.62,0,25.38,333.0,Cash,6,False,False,False,Completed
TXN-0002999,RCP-00002999,PH-003,REG-02,EMP-0045,CUS-03048,2026-05-26 18:29:44,Sale,324.44,5.61,26.3,345.13,Cash,5,False,True,False,Completed
TXN-0003000,RCP-00003000,PH-005,REG-03,EMP-0100,CUS-00531,2026-05-17 15:35:24,Sale,204.07,0,16.84,220.91,Debit Card,5,False,True,False,Completed
TXN-0003001,RCP-00003001,PH-003,REG-02,EMP-0058,,2026-06-19 11:18:51,Sale,17.89,0,1.47,19.36,Debit Card,2,False,False,False,Completed
TXN-0003002,RCP-00003002,PH-001,REG-03,EMP-0020,CUS-04969,2026-05-06 10:27:39,Sale,376.51,35.94,28.1,368.67,Credit Card,3,False,True,False,Completed
TXN-0003003,RCP-00003003,PH-004,REG-02,EMP-0085,CUS-01529,2026-06-16 12:35:33,Sale,204.35,5.55,16.41,215.21,Cash,7,False,True,False,Completed
TXN-0003004,RCP-00003004,PH-003,REG-02,EMP-0063,CUS-00489,2026-07-05 14:16:29,Sale,318.06,6.22,25.73,337.57,Credit Card,7,False,True,False,Completed
TXN-0003005,RCP-00003005,PH-005,REG-05,EMP-0089,CUS-00334,2026-07-27 16:23:46,Sale,107.61,0,8.88,116.49,Cash,3,False,True,False,Completed
TXN-0003006,RCP-00003006,PH-001,REG-05,EMP-0012,CUS-02660,2026-07-30 08:50:39,Sale,89.43,0,7.38,96.81,Debit Card,4,False,True,False,Completed
TXN-0003007,RCP-00003007,PH-004,REG-06,EMP-0068,CUS-04344,2026-05-26 20:26:46,Sale,250.04,0,20.63,270.67,Debit Card,7,False,True,False,Completed
TXN-0003008,RCP-00003008,PH-004,REG-03,EMP-0078,CUS-03950,2026-06-14 10:18:32,Sale,247.86,2.06,20.28,266.08,Credit Card,4,False,True,False,Completed
TXN-0003009,RCP-00003009,PH-005,REG-03,EMP-0100,CUS-04890,2026-06-08 13:40:51,Sale,112.88,1.99,9.15,120.04,Credit Card,7,False,True,True,Completed
TXN-0003010,RCP-00003010,PH-005,REG-01,EMP-0107,CUS-02369,2026-06-02 17:25:25,Sale,214.91,0,17.73,232.64,Cash,3,False,True,False,Completed
TXN-0003011,RCP-00003011,PH-003,REG-01,EMP-0063,,2026-05-06 11:50:07,Sale,166.17,1.43,13.59,178.33,Credit Card,4,False,False,False,Completed
TXN-0003012,RCP-00003012,PH-005,REG-02,EMP-0103,CUS-02265,2026-07-07 21:58:06,Sale,26.09,0,2.15,28.24,Credit Card,1,False,True,False,Completed
TXN-0003013,RCP-00003013,PH-005,REG-05,EMP-0107,,2026-07-01 21:00:33,Sale,177.73,5.28,14.23,186.68,Credit Card,7,False,False,False,Completed
TXN-0003014,RCP-00003014,PH-002,REG-05,EMP-0023,,2026-06-14 08:48:25,Sale,128.22,0,10.57,138.79,Credit Card,5,False,False,False,Completed
TXN-0003015,RCP-00003015,PH-004,REG-02,EMP-0083,CUS-04419,2026-05-16 21:50:44,Sale,286.34,9.91,22.8,299.23,Debit Card,7,False,True,False,Completed
TXN-0003016,RCP-00003016,PH-004,REG-03,EMP-0086,CUS-00884,2026-06-07 12:05:36,Sale,325.07,0,26.82,351.89,Cash,5,False,True,False,Completed
TXN-0003017,RCP-00003017,PH-005,REG-04,EMP-0108,,2026-06-01 17:57:28,Sale,341.65,0,28.18,369.83,Split Payment,5,False,False,False,Completed
TXN-0003018,RCP-00003018,PH-002,REG-01,EMP-0042,CUS-04040,2026-06-29 12:41:05,Sale,101.01,0,8.34,109.35,Credit Card,4,False,True,False,Completed
TXN-0003019,RCP-00003019,PH-001,REG-01,EMP-0012,,2026-06-14 17:06:55,Sale,104.04,5.95,8.09,106.18,Credit Card,3,False,False,False,Completed
TXN-0003020,RCP-00003020,PH-001,REG-02,EMP-0018,,2026-06-27 14:09:01,Sale,155.51,9.7,12.02,157.83,Gift Card,6,False,False,False,Completed
TXN-0003021,RCP-00003021,PH-004,REG-01,EMP-0069,,2026-05-30 18:59:15,Sale,205.24,14.7,15.72,206.26,Credit Card,5,False,False,False,Completed
TXN-0003022,RCP-00003022,PH-002,REG-02,EMP-0037,,2026-05-02 17:42:08,Sale,221.78,27.5,16.04,210.32,Credit Card,5,False,False,False,Completed
TXN-0003023,RCP-00003023,PH-005,REG-03,EMP-0103,CUS-00478,2026-07-14 21:07:44,Sale,356.68,5.35,28.99,380.32,Cash,7,False,True,False,Completed
TXN-0003024,RCP-00003024,PH-002,REG-02,EMP-0042,,2026-05-16 14:22:58,Sale,146.02,0,12.05,158.07,Cash,5,False,False,False,Completed
TXN-0003025,RCP-00003025,PH-004,REG-01,EMP-0085,CUS-04494,2026-06-28 09:45:25,Sale,210.6,0,17.38,227.98,Debit Card,5,False,True,False,Completed
TXN-0003026,RCP-00003026,PH-001,REG-05,EMP-0006,CUS-02389,2026-06-08 17:31:16,Sale,34.01,0,2.81,36.82,Credit Card,1,False,True,False,Completed
TXN-0003027,RCP-00003027,PH-004,REG-04,EMP-0067,,2026-06-23 11:09:19,Sale,239.1,9.76,18.92,248.26,Debit Card,6,False,False,False,Completed
TXN-0003028,RCP-00003028,PH-001,REG-06,EMP-0020,CUS-00735,2026-05-15 11:16:58,Sale,174.38,4.99,13.97,183.36,Debit Card,7,False,True,True,Completed
TXN-0003029,RCP-00003029,PH-004,REG-02,EMP-0067,CUS-00681,2026-06-11 15:22:56,Sale,104.36,1.9,8.45,110.91,Credit Card,5,False,True,False,Completed
TXN-0003030,RCP-00003030,PH-004,REG-01,EMP-0081,CUS-02260,2026-06-03 19:16:15,Sale,141.29,12.49,10.63,139.43,Credit Card,4,False,True,True,Completed
TXN-0003031,RCP-00003031,PH-001,REG-06,EMP-0003,CUS-00979,2026-05-03 08:17:11,Sale,133.72,1.76,10.88,142.84,Credit Card,3,False,True,False,Completed
TXN-0003032,RCP-00003032,PH-002,REG-03,EMP-0038,CUS-01571,2026-07-24 12:06:43,Sale,139.51,0,11.52,151.03,Credit Card,6,False,True,False,Completed
TXN-0003033,RCP-00003033,PH-001,REG-05,EMP-0013,CUS-03350,2026-07-21 15:37:17,Sale,100.34,13.13,7.19,94.4,Credit Card,3,False,True,True,Completed
TXN-0003034,RCP-00003034,PH-004,REG-02,EMP-0067,,2026-06-25 11:35:59,Sale,295.02,0,24.34,319.36,Cash,4,False,False,False,Completed
TXN-0003035,RCP-00003035,PH-001,REG-04,EMP-0018,CUS-02883,2026-06-14 08:23:57,Sale,265.82,10.68,21.05,276.19,Credit Card,5,False,True,False,Completed
TXN-0003036,RCP-00003036,PH-004,REG-06,EMP-0085,CUS-01005,2026-05-22 11:05:03,Sale,334.12,5.27,27.12,355.97,Credit Card,7,False,True,False,Completed
TXN-0003037,RCP-00003037,PH-002,REG-03,EMP-0039,CUS-04195,2026-06-21 20:45:19,Sale,268.74,6.93,21.6,283.41,Debit Card,6,False,True,False,Completed
TXN-0003038,RCP-00003038,PH-003,REG-06,EMP-0046,CUS-04900,2026-05-06 13:36:40,Sale,269.06,10.65,21.32,279.73,Credit Card,3,False,True,False,Completed
TXN-0003039,RCP-00003039,PH-002,REG-03,EMP-0025,CUS-04827,2026-07-30 11:58:50,Sale,293.25,10.66,23.32,305.91,Debit Card,7,False,True,False,Completed
TXN-0003040,RCP-00003040,PH-001,REG-05,EMP-0016,CUS-01546,2026-07-25 21:49:59,Sale,176.17,11.05,13.62,178.74,Debit Card,5,False,True,False,Completed
TXN-0003041,RCP-00003041,PH-004,REG-04,EMP-0083,CUS-02200,2026-05-23 19:13:16,Sale,330.85,14.45,26.1,342.5,Debit Card,7,False,True,False,Completed
TXN-0003042,RCP-00003042,PH-004,REG-01,EMP-0085,CUS-02338,2026-07-07 13:30:13,Sale,43.22,0,3.57,46.79,Debit Card,1,False,True,False,Completed
TXN-0003043,RCP-00003043,PH-003,REG-01,EMP-0064,CUS-00629,2026-05-12 12:52:06,Sale,96.35,0,7.95,104.3,Credit Card,2,False,True,False,Completed
TXN-0003044,RCP-00003044,PH-002,REG-05,EMP-0035,CUS-04097,2026-05-27 18:10:43,Sale,189.55,0,15.64,205.19,Debit Card,6,False,True,False,Completed
TXN-0003045,RCP-00003045,PH-005,REG-03,EMP-0089,CUS-02354,2026-05-18 17:09:16,Sale,496.46,0,40.96,537.42,Cash,7,False,True,False,Completed
TXN-0003046,RCP-00003046,PH-003,REG-05,EMP-0059,,2026-07-19 20:33:46,Sale,228.23,0,18.83,247.06,Credit Card,8,False,False,False,Completed
TXN-0003047,RCP-00003047,PH-003,REG-05,EMP-0045,,2026-07-24 14:00:46,Sale,123.35,9.14,9.42,123.63,Debit Card,3,False,False,False,Completed
TXN-0003048,RCP-00003048,PH-005,REG-06,EMP-0104,CUS-03806,2026-06-22 10:47:43,Sale,202.36,0,16.69,219.05,Debit Card,6,False,True,False,Completed
TXN-0003049,RCP-00003049,PH-001,REG-03,EMP-0019,CUS-03430,2026-07-27 13:37:04,Sale,176.01,0,14.52,190.53,Credit Card,6,False,True,False,Completed
TXN-0003050,RCP-00003050,PH-003,REG-02,EMP-0046,CUS-03303,2026-06-22 08:41:42,Sale,177.81,7.45,14.06,184.42,Debit Card,6,False,True,False,Completed
TXN-0003051,RCP-00003051,PH-001,REG-04,EMP-0014,CUS-02099,2026-05-13 16:56:23,Sale,61.03,4.64,4.65,61.04,Credit Card,2,False,True,False,Completed
TXN-0003052,RCP-00003052,PH-002,REG-03,EMP-0025,,2026-07-26 18:34:44,Sale,371.68,4.97,30.25,396.96,Credit Card,8,False,False,False,Completed
TXN-0003053,RCP-00003053,PH-005,REG-04,EMP-0091,CUS-04358,2026-05-24 09:02:01,Sale,340.64,0,28.1,368.74,Debit Card,5,False,True,False,Completed
TXN-0003054,RCP-00003054,PH-002,REG-01,EMP-0038,CUS-03366,2026-07-22 14:58:15,Sale,450.88,22.1,35.37,464.15,Credit Card,8,False,True,False,Completed
TXN-0003055,RCP-00003055,PH-001,REG-05,EMP-0016,CUS-04560,2026-05-22 20:28:27,Sale,160.07,5.31,12.78,167.54,Credit Card,6,False,True,False,Completed
TXN-0003056,RCP-00003056,PH-005,REG-01,EMP-0104,,2026-07-11 08:11:56,Sale,119.13,6.48,9.29,121.94,Debit Card,4,False,False,False,Completed
TXN-0003057,RCP-00003057,PH-003,REG-02,EMP-0046,CUS-02034,2026-05-24 08:13:46,Sale,142.85,0,11.78,154.63,Credit Card,2,False,True,False,Completed
TXN-0003058,RCP-00003058,PH-001,REG-03,EMP-0013,CUS-02342,2026-06-19 16:33:17,Sale,40.83,15.79,2.06,27.1,Credit Card,2,False,True,True,Completed
TXN-0003059,RCP-00003059,PH-002,REG-01,EMP-0040,CUS-02115,2026-05-01 19:57:53,Sale,351.72,17.92,27.54,361.34,Debit Card,7,False,True,True,Completed
TXN-0003060,RCP-00003060,PH-005,REG-06,EMP-0089,CUS-01688,2026-07-05 20:17:16,Sale,253.77,8.72,20.22,265.27,Credit Card,6,False,True,False,Completed
TXN-0003061,RCP-00003061,PH-004,REG-01,EMP-0083,,2026-05-15 10:18:13,Sale,27.11,0,2.24,29.35,Credit Card,1,False,False,False,Completed
TXN-0003062,RCP-00003062,PH-004,REG-04,EMP-0079,CUS-01704,2026-05-02 17:06:56,Sale,283.48,0,23.39,306.87,Credit Card,1,False,True,False,Completed
TXN-0003063,RCP-00003063,PH-003,REG-04,EMP-0063,CUS-03136,2026-05-24 19:02:21,Sale,86.03,8.58,6.39,83.84,Credit Card,3,False,True,False,Completed
TXN-0003064,RCP-00003064,PH-003,REG-03,EMP-0047,CUS-04317,2026-07-22 20:59:37,Sale,157.26,0,12.97,170.23,Debit Card,3,False,True,False,Completed
TXN-0003065,RCP-00003065,PH-002,REG-03,EMP-0039,CUS-00467,2026-06-11 19:50:28,Sale,173.72,0,14.33,188.05,Credit Card,3,False,True,False,Completed
TXN-0003066,RCP-00003066,PH-002,REG-06,EMP-0038,CUS-02624,2026-07-19 15:26:03,Sale,204.4,0,16.85,221.25,Cash,6,False,True,False,Completed
TXN-0003067,RCP-00003067,PH-002,REG-05,EMP-0036,CUS-04299,2026-06-17 19:44:53,Sale,23.47,4.69,1.55,20.33,Cash,1,False,True,False,Completed
TXN-0003068,RCP-00003068,PH-005,REG-04,EMP-0100,,2026-05-16 09:36:32,Sale,307.08,0,25.34,332.42,Debit Card,6,False,False,False,Completed
TXN-0003069,RCP-00003069,PH-005,REG-04,EMP-0100,,2026-05-07 13:52:52,Sale,113.04,1.77,9.18,120.45,Debit Card,4,False,False,False,Completed
TXN-0003070,RCP-00003070,PH-003,REG-05,EMP-0059,,2026-07-01 16:51:05,Sale,33.36,6.67,2.2,28.89,Credit Card,1,False,False,False,Completed
TXN-0003071,RCP-00003071,PH-003,REG-04,EMP-0057,CUS-02484,2026-06-04 18:57:55,Sale,83.72,0,6.9,90.62,Credit Card,4,False,True,False,Completed
TXN-0003072,RCP-00003072,PH-002,REG-02,EMP-0040,CUS-04704,2026-06-12 17:35:09,Sale,453.29,2.94,37.17,487.52,Credit Card,8,False,True,False,Completed
TXN-0003073,RCP-00003073,PH-001,REG-04,EMP-0018,CUS-01419,2026-07-06 18:54:58,Sale,101.13,0,8.35,109.48,Gift Card,4,False,True,False,Completed
TXN-0003074,RCP-00003074,PH-005,REG-06,EMP-0090,,2026-06-17 12:14:01,Sale,127.78,2.18,10.37,135.97,Credit Card,4,False,False,False,Completed
TXN-0003075,RCP-00003075,PH-004,REG-03,EMP-0082,CUS-03771,2026-05-20 13:41:13,Sale,139.69,12.29,10.51,137.91,Credit Card,4,False,True,True,Completed
TXN-0003076,RCP-00003076,PH-001,REG-04,EMP-0012,CUS-04628,2026-07-01 16:51:10,Sale,191.53,2.3,15.61,204.84,Debit Card,5,False,True,False,Completed
TXN-0003077,RCP-00003077,PH-005,REG-05,EMP-0104,,2026-07-28 11:34:11,Sale,70.71,0.82,5.78,75.67,Credit Card,5,False,False,False,Completed
TXN-0003078,RCP-00003078,PH-003,REG-01,EMP-0057,,2026-05-29 08:21:40,Sale,363.76,0,30.01,393.77,Debit Card,6,False,False,False,Completed
TXN-0003079,RCP-00003079,PH-005,REG-03,EMP-0104,CUS-01039,2026-05-14 09:43:41,Sale,191.11,8.91,15.03,197.23,Gift Card,3,False,True,False,Completed
TXN-0003080,RCP-00003080,PH-001,REG-01,EMP-0020,CUS-03675,2026-07-24 10:50:32,Sale,19.42,0,1.6,21.02,Cash,1,False,True,False,Completed
TXN-0003081,RCP-00003081,PH-005,REG-06,EMP-0107,CUS-00527,2026-07-12 10:00:34,Sale,394.22,26.7,30.31,397.83,Debit Card,7,False,True,False,Completed
TXN-0003082,RCP-00003082,PH-004,REG-06,EMP-0081,,2026-07-11 16:09:28,Sale,194.77,0,16.07,210.84,Credit Card,5,False,False,False,Completed
TXN-0003083,RCP-00003083,PH-003,REG-02,EMP-0063,CUS-03558,2026-06-04 14:52:55,Sale,227.54,2.52,18.56,243.58,Debit Card,3,False,True,False,Completed
TXN-0003084,RCP-00003084,PH-001,REG-05,EMP-0014,,2026-05-11 09:21:23,Sale,206.41,0.61,16.97,222.77,Credit Card,7,False,False,False,Completed
TXN-0003085,RCP-00003085,PH-002,REG-04,EMP-0037,CUS-01515,2026-07-15 08:29:00,Sale,224.67,15.46,17.26,226.47,Credit Card,5,False,True,False,Completed
TXN-0003086,RCP-00003086,PH-003,REG-03,EMP-0059,CUS-04900,2026-07-20 13:33:11,Sale,113.68,7.95,8.73,114.46,Credit Card,5,False,True,False,Completed
TXN-0003087,RCP-00003087,PH-005,REG-03,EMP-0090,CUS-03297,2026-07-14 14:12:16,Sale,81.71,0,6.74,88.45,Credit Card,2,False,True,False,Completed
TXN-0003088,RCP-00003088,PH-001,REG-04,EMP-0015,CUS-04041,2026-07-30 19:10:19,Sale,178.59,0,14.74,193.33,Debit Card,3,False,True,False,Completed
TXN-0003089,RCP-00003089,PH-002,REG-01,EMP-0038,,2026-06-12 15:30:09,Sale,142.89,1.65,11.65,152.89,Cash,5,False,False,False,Completed
TXN-0003090,RCP-00003090,PH-002,REG-03,EMP-0039,CUS-03602,2026-07-11 18:06:00,Sale,113.82,0.8,9.32,122.34,Cash,5,False,True,False,Completed
TXN-0003091,RCP-00003091,PH-004,REG-05,EMP-0069,CUS-01812,2026-05-07 21:55:16,Sale,135.0,2.08,10.97,143.89,Gift Card,4,False,True,False,Completed
TXN-0003092,RCP-00003092,PH-003,REG-05,EMP-0060,CUS-01142,2026-05-08 08:55:38,Sale,196.88,0,16.25,213.13,Credit Card,4,False,True,False,Completed
TXN-0003093,RCP-00003093,PH-005,REG-06,EMP-0091,CUS-00654,2026-06-23 16:09:43,Sale,315.57,1.39,25.93,340.11,Debit Card,9,False,True,False,Completed
TXN-0003094,RCP-00003094,PH-002,REG-06,EMP-0034,CUS-01413,2026-07-31 16:14:50,Sale,120.8,0,9.97,130.77,Debit Card,4,False,True,False,Completed
TXN-0003095,RCP-00003095,PH-005,REG-01,EMP-0105,CUS-03427,2026-07-11 11:00:41,Sale,176.63,10.74,13.69,179.58,Debit Card,6,False,True,True,Completed
TXN-0003096,RCP-00003096,PH-003,REG-03,EMP-0061,CUS-03497,2026-07-03 16:29:29,Sale,85.73,0,7.07,92.8,Credit Card,2,False,True,False,Completed
TXN-0003097,RCP-00003097,PH-003,REG-04,EMP-0059,CUS-04175,2026-07-13 08:05:29,Sale,158.6,0,13.09,171.69,Debit Card,3,False,True,False,Completed
TXN-0003098,RCP-00003098,PH-003,REG-04,EMP-0063,CUS-04071,2026-06-07 12:49:15,Sale,126.84,15.62,9.17,120.39,Debit Card,2,False,True,False,Completed
TXN-0003099,RCP-00003099,PH-001,REG-06,EMP-0013,CUS-01762,2026-07-15 17:26:05,Sale,70.67,0,5.83,76.5,Credit Card,2,False,True,False,Completed
TXN-0003100,RCP-00003100,PH-005,REG-01,EMP-0101,,2026-07-28 15:32:30,Sale,301.33,7.15,24.26,318.44,Cash,7,False,False,False,Completed
TXN-0003101,RCP-00003101,PH-001,REG-05,EMP-0002,CUS-00628,2026-05-11 11:13:32,Sale,306.96,6.82,24.77,324.91,Debit Card,5,False,True,False,Completed
TXN-0003102,RCP-00003102,PH-003,REG-02,EMP-0061,,2026-05-19 08:28:46,Sale,158.73,3.22,12.84,168.35,Cash,4,False,False,False,Completed
TXN-0003103,RCP-00003103,PH-005,REG-04,EMP-0105,CUS-00230,2026-05-03 15:02:23,Sale,129.18,4.85,10.26,134.59,Debit Card,3,False,True,False,Completed
TXN-0003104,RCP-00003104,PH-002,REG-04,EMP-0042,CUS-00774,2026-05-01 09:18:11,Sale,331.78,5.12,26.94,353.6,Credit Card,5,False,True,False,Completed
TXN-0003105,RCP-00003105,PH-003,REG-05,EMP-0047,CUS-04181,2026-07-29 08:36:42,Sale,321.41,0,26.52,347.93,Cash,5,False,True,False,Completed
TXN-0003106,RCP-00003106,PH-004,REG-02,EMP-0080,CUS-03525,2026-06-11 10:29:59,Sale,20.7,0,1.7,22.4,Cash,3,False,True,False,Completed
TXN-0003107,RCP-00003107,PH-005,REG-05,EMP-0101,,2026-05-12 09:11:07,Sale,70.28,7.63,5.16,67.81,Credit Card,3,False,False,False,Completed
TXN-0003108,RCP-00003108,PH-004,REG-01,EMP-0085,,2026-07-31 18:54:27,Sale,50.69,0,4.18,54.87,Cash,2,False,False,False,Completed
TXN-0003109,RCP-00003109,PH-003,REG-06,EMP-0060,CUS-02794,2026-05-07 10:16:27,Sale,261.98,0,21.61,283.59,Credit Card,6,False,True,False,Completed
TXN-0003110,RCP-00003110,PH-003,REG-02,EMP-0056,CUS-04135,2026-07-15 18:12:24,Sale,181.13,0,14.94,196.07,Credit Card,4,False,True,False,Completed
TXN-0003111,RCP-00003111,PH-005,REG-01,EMP-0103,CUS-03902,2026-05-04 14:01:57,Sale,70.53,12.58,4.78,62.73,Cash,2,False,True,False,Completed
TXN-0003112,RCP-00003112,PH-005,REG-03,EMP-0090,,2026-05-11 11:54:48,Sale,8.81,0.88,0.65,8.58,Debit Card,1,False,False,False,Completed
TXN-0003113,RCP-00003113,PH-003,REG-05,EMP-0047,CUS-02873,2026-06-07 13:17:09,Sale,94.45,7.11,7.2,94.54,Credit Card,2,False,True,False,Completed
TXN-0003114,RCP-00003114,PH-004,REG-04,EMP-0078,CUS-04054,2026-05-21 15:57:24,Sale,99.85,0,8.24,108.09,Credit Card,5,False,True,False,Completed
TXN-0003115,RCP-00003115,PH-002,REG-04,EMP-0040,,2026-06-13 15:39:46,Sale,57.37,8.39,4.04,53.02,Debit Card,2,False,False,False,Completed
TXN-0003116,RCP-00003116,PH-005,REG-05,EMP-0101,CUS-02029,2026-05-10 20:49:49,Sale,170.41,1.91,13.89,182.39,Debit Card,7,False,True,False,Completed
TXN-0003117,RCP-00003117,PH-001,REG-03,EMP-0020,CUS-04792,2026-06-20 08:17:25,Sale,269.44,4.37,21.87,286.94,Debit Card,8,False,True,False,Completed
TXN-0003118,RCP-00003118,PH-002,REG-05,EMP-0034,,2026-07-22 13:39:32,Sale,284.67,15.52,22.21,291.36,Credit Card,5,False,False,False,Completed
TXN-0003119,RCP-00003119,PH-003,REG-06,EMP-0057,CUS-00778,2026-07-07 11:12:46,Sale,136.99,0,11.29,148.28,Gift Card,5,False,True,False,Completed
TXN-0003120,RCP-00003120,PH-005,REG-02,EMP-0106,CUS-04597,2026-07-28 19:20:43,Sale,278.2,8.44,22.27,292.03,Debit Card,7,False,True,False,Completed
TXN-0003121,RCP-00003121,PH-003,REG-04,EMP-0057,CUS-00751,2026-05-20 18:07:10,Sale,129.91,0.18,10.7,140.43,Cash,5,False,True,False,Completed
TXN-0003122,RCP-00003122,PH-003,REG-01,EMP-0064,CUS-01645,2026-06-10 18:53:38,Sale,78.63,3.56,6.19,81.26,Cash,2,False,True,False,Completed
TXN-0003123,RCP-00003123,PH-003,REG-06,EMP-0063,CUS-03004,2026-07-27 14:29:41,Sale,49.08,0,4.05,53.13,Credit Card,3,False,True,False,Completed
TXN-0003124,RCP-00003124,PH-004,REG-06,EMP-0082,CUS-02164,2026-05-26 17:48:56,Sale,196.02,3.55,15.88,208.35,Credit Card,5,False,True,False,Completed
TXN-0003125,RCP-00003125,PH-003,REG-05,EMP-0063,CUS-01405,2026-05-24 09:12:32,Sale,320.43,2.08,26.26,344.61,Credit Card,8,False,True,False,Completed
TXN-0003126,RCP-00003126,PH-005,REG-05,EMP-0107,CUS-00180,2026-06-07 16:01:06,Sale,195.84,0,16.16,212.0,Debit Card,4,False,True,False,Completed
TXN-0003127,RCP-00003127,PH-003,REG-06,EMP-0062,CUS-04695,2026-06-08 11:49:08,Sale,330.91,10.44,26.44,346.91,Credit Card,7,False,True,False,Completed
TXN-0003128,RCP-00003128,PH-005,REG-03,EMP-0101,CUS-03332,2026-07-24 10:16:47,Sale,133.05,0,10.98,144.03,Debit Card,5,False,True,False,Completed
TXN-0003129,RCP-00003129,PH-002,REG-04,EMP-0038,CUS-04404,2026-07-31 18:37:18,Sale,212.56,20.03,15.88,208.41,Gift Card,6,False,True,False,Completed
TXN-0003130,RCP-00003130,PH-001,REG-06,EMP-0006,CUS-04106,2026-07-05 21:12:07,Sale,179.9,2.0,14.68,192.58,Credit Card,7,False,True,False,Completed
TXN-0003131,RCP-00003131,PH-005,REG-04,EMP-0101,CUS-00009,2026-06-20 08:33:58,Sale,283.83,3.34,23.14,303.63,Debit Card,7,False,True,False,Completed
TXN-0003132,RCP-00003132,PH-004,REG-06,EMP-0082,CUS-01144,2026-05-28 09:14:26,Sale,4.33,0,0.36,4.69,Debit Card,1,False,True,False,Completed
TXN-0003133,RCP-00003133,PH-002,REG-02,EMP-0035,CUS-03127,2026-06-17 20:08:49,Sale,98.68,2.69,7.92,103.91,Gift Card,3,False,True,False,Completed
TXN-0003134,RCP-00003134,PH-004,REG-05,EMP-0080,CUS-02997,2026-06-27 15:33:47,Sale,259.2,10.56,20.52,269.16,Credit Card,7,False,True,False,Completed
TXN-0003135,RCP-00003135,PH-004,REG-04,EMP-0083,CUS-02178,2026-05-19 16:34:20,Sale,153.54,17.01,11.26,147.79,Cash,3,False,True,False,Completed
TXN-0003136,RCP-00003136,PH-005,REG-03,EMP-0107,CUS-02059,2026-06-09 21:07:20,Sale,103.31,0,8.53,111.84,Credit Card,3,False,True,False,Completed
TXN-0003137,RCP-00003137,PH-001,REG-05,EMP-0015,CUS-00677,2026-05-21 19:42:48,Sale,270.42,6.77,21.76,285.41,Credit Card,4,False,True,False,Completed
TXN-0003138,RCP-00003138,PH-005,REG-04,EMP-0104,CUS-03543,2026-05-18 21:04:31,Sale,57.44,0,4.74,62.18,Credit Card,2,False,True,False,Completed
TXN-0003139,RCP-00003139,PH-002,REG-05,EMP-0037,CUS-02108,2026-06-06 14:46:46,Sale,347.7,1.26,28.59,375.03,Split Payment,10,False,True,False,Completed
TXN-0003140,RCP-00003140,PH-004,REG-04,EMP-0080,CUS-01074,2026-05-04 10:00:32,Sale,30.86,2.54,2.34,30.66,Debit Card,3,False,True,False,Completed
TXN-0003141,RCP-00003141,PH-005,REG-03,EMP-0100,CUS-03858,2026-06-02 12:49:06,Sale,272.67,1.87,22.34,293.14,Credit Card,5,False,True,False,Completed
TXN-0003142,RCP-00003142,PH-004,REG-03,EMP-0068,CUS-03847,2026-07-12 10:42:22,Sale,229.19,0,18.9,248.09,Cash,5,False,True,False,Completed
TXN-0003143,RCP-00003143,PH-005,REG-03,EMP-0100,CUS-00097,2026-05-31 09:04:57,Sale,268.53,0,22.16,290.69,Credit Card,5,False,True,False,Completed
TXN-0003144,RCP-00003144,PH-001,REG-03,EMP-0003,CUS-03021,2026-06-13 11:22:39,Sale,295.09,7.92,23.7,310.87,Debit Card,6,False,True,False,Completed
TXN-0003145,RCP-00003145,PH-001,REG-05,EMP-0006,CUS-03857,2026-06-08 12:05:43,Sale,62.96,0,5.2,68.16,Debit Card,2,False,True,False,Completed
TXN-0003146,RCP-00003146,PH-001,REG-03,EMP-0012,CUS-02264,2026-07-08 14:09:17,Sale,75.48,0,6.22,81.7,Debit Card,2,False,True,False,Completed
TXN-0003147,RCP-00003147,PH-003,REG-01,EMP-0045,CUS-02214,2026-06-18 10:41:06,Sale,105.3,5.42,8.24,108.12,Cash,3,False,True,False,Completed
TXN-0003148,RCP-00003148,PH-002,REG-05,EMP-0023,CUS-00239,2026-07-02 20:24:06,Sale,125.52,0,10.35,135.87,Debit Card,3,False,True,False,Completed
TXN-0003149,RCP-00003149,PH-005,REG-03,EMP-0091,CUS-03953,2026-06-03 20:48:46,Sale,30.11,0,2.48,32.59,Cash,1,False,True,False,Completed
TXN-0003150,RCP-00003150,PH-002,REG-01,EMP-0038,CUS-02732,2026-06-12 10:48:18,Sale,319.24,12.89,25.27,331.62,Credit Card,7,False,True,False,Completed
TXN-0003151,RCP-00003151,PH-001,REG-05,EMP-0015,CUS-02744,2026-05-28 12:39:52,Sale,191.52,0,15.81,207.33,Cash,7,False,True,False,Completed
TXN-0003152,RCP-00003152,PH-004,REG-03,EMP-0083,CUS-02926,2026-06-14 21:37:29,Sale,150.49,0,12.42,162.91,Debit Card,3,False,True,False,Completed
TXN-0003153,RCP-00003153,PH-001,REG-05,EMP-0001,CUS-02136,2026-05-18 10:57:34,Sale,315.27,27.84,23.72,311.15,Debit Card,6,False,True,False,Completed
TXN-0003154,RCP-00003154,PH-002,REG-04,EMP-0038,CUS-03571,2026-05-17 11:00:49,Sale,369.37,37.23,27.39,359.53,Debit Card,6,False,True,True,Completed
TXN-0003155,RCP-00003155,PH-005,REG-03,EMP-0089,CUS-00781,2026-06-17 21:48:11,Sale,221.24,0,18.25,239.49,Credit Card,4,False,True,False,Completed
TXN-0003156,RCP-00003156,PH-001,REG-01,EMP-0002,CUS-04827,2026-06-17 10:58:31,Sale,356.89,0,29.45,386.34,Credit Card,6,False,True,False,Completed
TXN-0003157,RCP-00003157,PH-004,REG-01,EMP-0069,,2026-05-29 19:53:56,Sale,259.7,2.89,21.19,278.0,Cash,6,False,False,False,Completed
TXN-0003158,RCP-00003158,PH-003,REG-04,EMP-0057,CUS-01462,2026-06-18 12:40:40,Sale,219.41,30.59,15.57,204.39,Credit Card,4,False,True,True,Completed
TXN-0003159,RCP-00003159,PH-005,REG-06,EMP-0103,CUS-01090,2026-07-10 09:27:32,Sale,325.23,18.85,25.29,331.67,Debit Card,7,False,True,False,Completed
TXN-0003160,RCP-00003160,PH-001,REG-02,EMP-0020,,2026-07-23 08:43:50,Sale,269.5,10.27,21.38,280.61,Debit Card,5,False,False,False,Completed
TXN-0003161,RCP-00003161,PH-002,REG-06,EMP-0039,,2026-06-12 13:46:34,Sale,58.7,0.74,4.78,62.74,Debit Card,3,False,False,False,Completed
TXN-0003162,RCP-00003162,PH-001,REG-04,EMP-0017,CUS-01079,2026-07-04 19:11:18,Sale,123.75,6.64,9.66,126.77,Credit Card,3,False,True,False,Completed
TXN-0003163,RCP-00003163,PH-002,REG-03,EMP-0023,CUS-00684,2026-06-02 15:23:22,Sale,177.51,0,14.65,192.16,Debit Card,2,False,True,False,Completed
TXN-0003164,RCP-00003164,PH-003,REG-02,EMP-0058,CUS-02120,2026-07-20 21:18:52,Sale,167.68,4.85,13.43,176.26,Credit Card,2,False,True,False,Completed
TXN-0003165,RCP-00003165,PH-003,REG-03,EMP-0058,CUS-01325,2026-07-14 17:16:39,Sale,193.14,5.71,15.48,202.91,Cash,5,False,True,False,Completed
TXN-0003166,RCP-00003166,PH-002,REG-01,EMP-0041,CUS-00720,2026-05-25 21:05:13,Sale,312.4,9.52,24.99,327.87,Debit Card,9,False,True,False,Completed
TXN-0003167,RCP-00003167,PH-005,REG-02,EMP-0108,CUS-04854,2026-07-31 09:23:03,Sale,110.69,9.67,8.33,109.35,Credit Card,2,False,True,False,Completed
TXN-0003168,RCP-00003168,PH-005,REG-04,EMP-0107,CUS-01382,2026-06-24 13:29:40,Sale,295.09,11.19,23.42,307.32,Credit Card,5,False,True,False,Completed
TXN-0003169,RCP-00003169,PH-003,REG-04,EMP-0057,CUS-00109,2026-07-30 15:06:24,Sale,196.12,2.64,15.97,209.45,Debit Card,6,False,True,False,Completed
TXN-0003170,RCP-00003170,PH-003,REG-02,EMP-0047,CUS-03585,2026-05-20 13:30:00,Sale,421.76,33.41,32.04,420.39,Debit Card,8,False,True,False,Completed
TXN-0003171,RCP-00003171,PH-001,REG-02,EMP-0019,CUS-01031,2026-07-07 08:30:19,Sale,87.53,10.17,6.38,83.74,Cash,3,False,True,False,Completed
TXN-0003172,RCP-00003172,PH-004,REG-02,EMP-0082,CUS-03313,2026-05-08 13:40:45,Sale,287.33,18.72,22.16,290.77,Debit Card,3,False,True,False,Completed
TXN-0003173,RCP-00003173,PH-002,REG-04,EMP-0025,,2026-05-25 19:30:20,Sale,73.06,0,6.03,79.09,Debit Card,3,False,False,False,Completed
TXN-0003174,RCP-00003174,PH-001,REG-03,EMP-0015,CUS-00348,2026-07-17 18:37:30,Sale,93.67,0,7.73,101.4,Debit Card,2,False,True,False,Completed
TXN-0003175,RCP-00003175,PH-004,REG-01,EMP-0081,CUS-03395,2026-06-29 13:33:01,Sale,57.24,0,4.72,61.96,Split Payment,1,False,True,False,Completed
TXN-0003176,RCP-00003176,PH-004,REG-02,EMP-0067,CUS-00177,2026-06-12 19:28:08,Sale,173.11,6.25,13.76,180.62,Cash,7,False,True,False,Completed
TXN-0003177,RCP-00003177,PH-001,REG-06,EMP-0006,,2026-06-06 18:49:37,Sale,142.81,1.23,11.69,153.27,Debit Card,5,False,False,False,Completed
TXN-0003178,RCP-00003178,PH-005,REG-04,EMP-0090,,2026-07-13 18:35:59,Sale,182.27,0,15.05,197.32,Credit Card,5,False,False,False,Completed
TXN-0003179,RCP-00003179,PH-002,REG-05,EMP-0025,CUS-03252,2026-06-22 16:26:45,Sale,128.04,0,10.57,138.61,Split Payment,3,False,True,False,Completed
TXN-0003180,RCP-00003180,PH-004,REG-05,EMP-0084,CUS-03704,2026-05-06 09:05:33,Sale,194.96,0,16.08,211.04,Cash,5,False,True,False,Completed
TXN-0003181,RCP-00003181,PH-004,REG-06,EMP-0068,CUS-02433,2026-07-28 12:54:05,Sale,212.29,3.78,17.2,225.71,Credit Card,5,False,True,False,Completed
TXN-0003182,RCP-00003182,PH-002,REG-02,EMP-0041,CUS-02072,2026-05-30 09:11:02,Sale,230.11,7.84,18.34,240.61,Credit Card,8,False,True,False,Completed
TXN-0003183,RCP-00003183,PH-003,REG-06,EMP-0060,CUS-00210,2026-07-11 19:29:04,Sale,353.35,10.07,28.32,371.6,Debit Card,9,False,True,False,Completed
TXN-0003184,RCP-00003184,PH-001,REG-04,EMP-0017,CUS-00499,2026-05-18 16:06:24,Sale,230.57,8.36,18.34,240.55,Split Payment,8,False,True,True,Completed
TXN-0003185,RCP-00003185,PH-005,REG-02,EMP-0107,CUS-02749,2026-07-14 08:24:23,Sale,359.01,56.44,24.98,327.55,Credit Card,5,False,True,False,Completed
TXN-0003186,RCP-00003186,PH-005,REG-03,EMP-0104,CUS-02355,2026-07-17 15:21:45,Sale,196.11,8.24,15.49,203.36,Cash,6,False,True,False,Completed
TXN-0003187,RCP-00003187,PH-002,REG-03,EMP-0037,CUS-00590,2026-06-24 16:11:31,Sale,144.32,0.58,11.85,155.59,Credit Card,5,False,True,False,Completed
TXN-0003188,RCP-00003188,PH-003,REG-01,EMP-0059,,2026-06-14 08:58:46,Sale,156.78,0,12.93,169.71,Cash,4,False,False,False,Completed
TXN-0003189,RCP-00003189,PH-002,REG-05,EMP-0041,CUS-04909,2026-05-22 14:05:56,Sale,314.36,8.55,25.23,331.04,Cash,5,False,True,False,Completed
TXN-0003190,RCP-00003190,PH-002,REG-04,EMP-0040,CUS-02002,2026-05-28 14:55:19,Sale,153.93,2.43,12.5,164.0,Cash,5,False,True,False,Completed
TXN-0003191,RCP-00003191,PH-001,REG-02,EMP-0015,,2026-05-24 19:52:07,Sale,56.36,0,4.64,61.0,Credit Card,2,False,False,False,Completed
TXN-0003192,RCP-00003192,PH-002,REG-06,EMP-0039,CUS-03284,2026-07-20 21:24:39,Sale,296.79,45.35,20.74,272.18,Credit Card,5,False,True,True,Completed
TXN-0003193,RCP-00003193,PH-004,REG-04,EMP-0078,CUS-04730,2026-06-11 10:40:11,Sale,186.25,9.7,14.57,191.12,Credit Card,5,False,True,False,Completed
TXN-0003194,RCP-00003194,PH-002,REG-05,EMP-0036,,2026-07-13 15:13:41,Sale,385.04,0,31.77,416.81,Debit Card,7,False,False,False,Completed
TXN-0003195,RCP-00003195,PH-003,REG-04,EMP-0059,CUS-04312,2026-05-04 12:50:03,Sale,116.39,0,9.6,125.99,Cash,3,False,True,False,Completed
TXN-0003196,RCP-00003196,PH-001,REG-04,EMP-0015,CUS-01304,2026-05-26 11:46:49,Sale,154.92,1.12,12.68,166.48,Debit Card,4,False,True,False,Completed
TXN-0003197,RCP-00003197,PH-004,REG-06,EMP-0084,CUS-04932,2026-06-12 11:18:55,Sale,166.86,0,13.77,180.63,Credit Card,4,False,True,False,Completed
TXN-0003198,RCP-00003198,PH-005,REG-06,EMP-0104,CUS-03878,2026-07-20 15:58:27,Sale,20.37,3.06,1.43,18.74,Credit Card,1,False,True,False,Completed
TXN-0003199,RCP-00003199,PH-004,REG-05,EMP-0078,CUS-02347,2026-05-24 14:15:12,Sale,321.24,20.26,24.83,325.81,Split Payment,7,False,True,False,Completed
TXN-0003200,RCP-00003200,PH-004,REG-02,EMP-0079,,2026-06-05 09:21:35,Sale,136.31,2.45,11.05,144.91,Credit Card,6,False,False,False,Completed
TXN-0003201,RCP-00003201,PH-001,REG-06,EMP-0013,CUS-02780,2026-05-14 16:52:09,Sale,151.95,38.19,9.38,123.14,Credit Card,4,False,True,True,Completed
TXN-0003202,RCP-00003202,PH-001,REG-06,EMP-0001,CUS-03360,2026-07-01 20:18:44,Sale,121.29,0,10.01,131.3,Debit Card,4,False,True,False,Completed
TXN-0003203,RCP-00003203,PH-004,REG-03,EMP-0069,,2026-06-18 10:53:15,Sale,116.12,0.37,9.54,125.29,Debit Card,4,False,False,False,Completed
TXN-0003204,RCP-00003204,PH-005,REG-03,EMP-0089,,2026-07-15 14:54:48,Sale,155.67,0,12.85,168.52,Credit Card,5,False,False,False,Completed
TXN-0003205,RCP-00003205,PH-001,REG-01,EMP-0017,,2026-06-13 10:23:32,Sale,64.68,0,5.34,70.02,Credit Card,3,False,False,False,Completed
TXN-0003206,RCP-00003206,PH-005,REG-02,EMP-0108,CUS-00577,2026-07-04 09:35:17,Sale,195.97,3.04,15.92,208.85,Credit Card,5,False,True,False,Completed
TXN-0003207,RCP-00003207,PH-003,REG-06,EMP-0046,CUS-04545,2026-07-25 19:53:25,Sale,138.68,0,11.45,150.13,Credit Card,4,False,True,False,Completed
TXN-0003208,RCP-00003208,PH-002,REG-03,EMP-0038,CUS-00928,2026-05-14 15:09:25,Sale,98.35,0,8.11,106.46,Debit Card,3,False,True,False,Completed
TXN-0003209,RCP-00003209,PH-005,REG-03,EMP-0107,CUS-02004,2026-05-07 18:21:36,Sale,252.8,8.79,20.13,264.14,Credit Card,7,False,True,False,Completed
TXN-0003210,RCP-00003210,PH-002,REG-04,EMP-0024,CUS-00851,2026-05-19 20:25:31,Sale,325.26,0,26.84,352.1,Credit Card,5,False,True,False,Completed
TXN-0003211,RCP-00003211,PH-004,REG-05,EMP-0086,CUS-04558,2026-05-11 10:39:35,Sale,75.97,0,6.27,82.24,Debit Card,2,False,True,False,Completed
TXN-0003212,RCP-00003212,PH-005,REG-06,EMP-0106,CUS-00577,2026-06-01 13:45:29,Sale,238.04,11.31,18.69,245.42,Cash,6,False,True,False,Completed
TXN-0003213,RCP-00003213,PH-005,REG-02,EMP-0102,CUS-03720,2026-07-29 16:33:04,Sale,274.54,3.24,22.39,293.69,Split Payment,5,False,True,False,Completed
TXN-0003214,RCP-00003214,PH-001,REG-03,EMP-0020,CUS-01170,2026-07-05 13:31:32,Sale,223.4,22.89,16.54,217.05,Credit Card,3,False,True,False,Completed
TXN-0003215,RCP-00003215,PH-001,REG-06,EMP-0018,,2026-05-24 21:48:49,Sale,23.43,1.17,1.84,24.1,Cash,1,False,False,False,Completed
TXN-0003216,RCP-00003216,PH-001,REG-03,EMP-0017,CUS-04627,2026-07-31 08:20:02,Sale,320.1,6.45,25.88,339.53,Credit Card,5,False,True,False,Completed
TXN-0003217,RCP-00003217,PH-002,REG-06,EMP-0040,CUS-01040,2026-06-11 21:06:24,Sale,33.49,0,2.76,36.25,Cash,1,False,True,False,Completed
TXN-0003218,RCP-00003218,PH-005,REG-06,EMP-0103,,2026-06-26 16:28:34,Sale,236.96,0,19.55,256.51,Credit Card,4,False,False,False,Completed
TXN-0003219,RCP-00003219,PH-002,REG-01,EMP-0041,CUS-02877,2026-05-07 14:57:10,Sale,275.11,0,22.7,297.81,Credit Card,6,False,True,False,Completed
TXN-0003220,RCP-00003220,PH-002,REG-01,EMP-0037,,2026-05-22 12:39:37,Sale,231.66,1.18,19.0,249.48,Credit Card,7,False,False,False,Completed
TXN-0003221,RCP-00003221,PH-002,REG-03,EMP-0042,CUS-03977,2026-07-23 18:18:48,Sale,106.76,0,8.8,115.56,Credit Card,4,False,True,False,Completed
TXN-0003222,RCP-00003222,PH-001,REG-02,EMP-0003,CUS-04072,2026-07-23 09:13:17,Sale,673.63,4.09,55.23,724.77,Debit Card,8,False,True,False,Completed
TXN-0003223,RCP-00003223,PH-005,REG-02,EMP-0103,CUS-03128,2026-06-05 08:26:13,Sale,253.53,0,20.91,274.44,Credit Card,6,False,True,False,Completed
TXN-0003224,RCP-00003224,PH-005,REG-06,EMP-0106,CUS-01255,2026-06-29 20:19:04,Sale,66.73,13.35,4.4,57.78,Cash,1,False,True,False,Completed
TXN-0003225,RCP-00003225,PH-003,REG-02,EMP-0046,CUS-00521,2026-06-05 15:02:39,Sale,105.99,4.41,8.38,109.96,Credit Card,3,False,True,False,Completed
TXN-0003226,RCP-00003226,PH-003,REG-05,EMP-0045,CUS-01687,2026-07-16 11:09:18,Sale,294.74,0,24.31,319.05,Split Payment,3,False,True,False,Completed
TXN-0003227,RCP-00003227,PH-005,REG-05,EMP-0104,,2026-06-18 21:02:26,Sale,213.6,11.33,16.69,218.96,Cash,5,False,False,False,Completed
TXN-0003228,RCP-00003228,PH-002,REG-01,EMP-0038,CUS-01433,2026-05-21 11:36:20,Sale,361.4,38.38,26.65,349.67,Credit Card,4,False,True,True,Completed
TXN-0003229,RCP-00003229,PH-005,REG-02,EMP-0106,CUS-04250,2026-05-05 15:57:50,Sale,340.52,2.72,27.87,365.67,Credit Card,7,False,True,False,Completed
TXN-0003230,RCP-00003230,PH-002,REG-01,EMP-0025,CUS-01371,2026-06-20 08:17:56,Sale,113.25,0.3,9.33,122.28,Cash,6,False,True,False,Completed
TXN-0003231,RCP-00003231,PH-005,REG-06,EMP-0101,,2026-07-02 10:29:59,Sale,12.91,5.81,0.59,7.69,Debit Card,1,False,False,True,Completed
TXN-0003232,RCP-00003232,PH-003,REG-04,EMP-0057,CUS-02714,2026-05-08 20:37:32,Sale,146.0,1.15,11.95,156.8,Cash,4,False,True,False,Completed
TXN-0003233,RCP-00003233,PH-004,REG-05,EMP-0085,CUS-01695,2026-05-24 14:56:56,Sale,111.13,7.66,8.54,112.01,Cash,3,False,True,False,Completed
TXN-0003234,RCP-00003234,PH-002,REG-01,EMP-0034,CUS-00806,2026-05-09 15:18:22,Sale,143.93,13.38,10.76,141.31,Credit Card,4,False,True,False,Completed
TXN-0003235,RCP-00003235,PH-001,REG-04,EMP-0019,,2026-07-23 20:14:12,Sale,259.65,17.26,20.0,262.39,Cash,7,False,False,False,Completed
TXN-0003236,RCP-00003236,PH-005,REG-06,EMP-0091,CUS-04773,2026-07-18 11:22:03,Sale,139.67,4.98,11.11,145.8,Debit Card,4,False,True,False,Completed
TXN-0003237,RCP-00003237,PH-004,REG-06,EMP-0083,CUS-04132,2026-07-23 12:00:52,Sale,320.33,12.97,25.36,332.72,Debit Card,3,False,True,False,Completed
TXN-0003238,RCP-00003238,PH-005,REG-06,EMP-0101,CUS-01469,2026-06-16 12:09:09,Sale,70.77,0,5.84,76.61,Cash,1,False,True,False,Completed
TXN-0003239,RCP-00003239,PH-004,REG-03,EMP-0083,CUS-00448,2026-06-23 09:58:06,Sale,72.48,0,5.98,78.46,Gift Card,2,False,True,False,Completed
TXN-0003240,RCP-00003240,PH-002,REG-02,EMP-0034,CUS-01339,2026-06-30 19:20:12,Sale,146.07,0,12.06,158.13,Credit Card,4,False,True,False,Completed
TXN-0003241,RCP-00003241,PH-002,REG-01,EMP-0036,CUS-02732,2026-07-28 11:25:32,Sale,296.8,17.34,23.06,302.52,Credit Card,6,False,True,False,Completed
TXN-0003242,RCP-00003242,PH-005,REG-01,EMP-0104,CUS-00554,2026-05-05 21:34:38,Sale,128.55,9.08,9.86,129.33,Credit Card,5,False,True,False,Completed
TXN-0003243,RCP-00003243,PH-002,REG-05,EMP-0037,CUS-00519,2026-05-25 11:18:02,Sale,70.88,3.55,5.56,72.89,Cash,3,False,True,False,Completed
TXN-0003244,RCP-00003244,PH-004,REG-02,EMP-0081,CUS-03078,2026-06-06 10:12:58,Sale,100.26,0,8.27,108.53,Credit Card,4,False,True,False,Completed
TXN-0003245,RCP-00003245,PH-004,REG-04,EMP-0069,,2026-06-20 21:19:15,Sale,554.22,2.35,45.52,597.39,Cash,6,False,False,False,Completed
TXN-0003246,RCP-00003246,PH-002,REG-02,EMP-0025,CUS-02897,2026-06-11 11:26:20,Sale,195.7,0,16.15,211.85,Credit Card,5,False,True,False,Completed
TXN-0003247,RCP-00003247,PH-005,REG-03,EMP-0100,,2026-06-04 14:42:40,Sale,168.09,0,13.87,181.96,Split Payment,4,False,False,False,Completed
TXN-0003248,RCP-00003248,PH-003,REG-06,EMP-0063,CUS-01140,2026-05-19 18:56:27,Sale,180.67,9.32,14.12,185.47,Cash,4,False,True,False,Completed
TXN-0003249,RCP-00003249,PH-002,REG-05,EMP-0038,CUS-00316,2026-05-08 16:22:13,Sale,137.95,2.22,11.2,146.93,Gift Card,5,False,True,False,Completed
TXN-0003250,RCP-00003250,PH-004,REG-03,EMP-0081,CUS-02000,2026-07-27 16:41:08,Sale,412.59,11.72,33.06,433.93,Debit Card,7,False,True,False,Completed
TXN-0003251,RCP-00003251,PH-002,REG-04,EMP-0039,,2026-06-25 12:30:59,Sale,450.82,29.04,34.8,456.58,Credit Card,9,False,False,True,Completed
TXN-0003252,RCP-00003252,PH-005,REG-03,EMP-0105,CUS-00368,2026-06-27 20:31:27,Sale,139.98,0.61,11.49,150.86,Credit Card,3,False,True,False,Completed
TXN-0003253,RCP-00003253,PH-003,REG-04,EMP-0056,CUS-02254,2026-06-18 16:18:39,Sale,293.66,4.36,23.87,313.17,Credit Card,7,False,True,False,Completed
TXN-0003254,RCP-00003254,PH-003,REG-06,EMP-0064,CUS-00345,2026-07-17 17:02:13,Sale,124.64,0,10.28,134.92,Cash,2,False,True,False,Completed
TXN-0003255,RCP-00003255,PH-002,REG-03,EMP-0041,CUS-01658,2026-07-08 18:29:15,Sale,30.32,3.03,2.25,29.54,Credit Card,1,False,True,False,Completed
TXN-0003256,RCP-00003256,PH-002,REG-01,EMP-0036,CUS-02955,2026-06-18 15:54:52,Sale,197.8,0,16.32,214.12,Credit Card,5,False,True,False,Completed
TXN-0003257,RCP-00003257,PH-001,REG-05,EMP-0016,CUS-03461,2026-07-26 10:08:23,Sale,339.62,0,28.02,367.64,Gift Card,4,False,True,False,Completed
TXN-0003258,RCP-00003258,PH-003,REG-06,EMP-0061,CUS-03247,2026-07-04 11:18:34,Sale,352.64,7.76,28.46,373.34,Credit Card,7,False,True,False,Completed
TXN-0003259,RCP-00003259,PH-002,REG-06,EMP-0023,CUS-01259,2026-05-07 20:03:20,Sale,91.91,9.18,6.83,89.56,Credit Card,4,False,True,False,Completed
TXN-0003260,RCP-00003260,PH-005,REG-04,EMP-0089,,2026-07-09 17:24:17,Sale,136.28,17.46,9.8,128.62,Cash,5,False,False,True,Completed
TXN-0003261,RCP-00003261,PH-001,REG-03,EMP-0019,CUS-03178,2026-06-22 13:51:07,Sale,88.99,0,7.35,96.34,Credit Card,4,False,True,False,Completed
TXN-0003262,RCP-00003262,PH-001,REG-05,EMP-0002,CUS-04774,2026-07-26 15:22:58,Sale,148.32,0,12.24,160.56,Credit Card,2,False,True,False,Completed
TXN-0003263,RCP-00003263,PH-001,REG-06,EMP-0012,CUS-02050,2026-07-02 20:28:32,Sale,85.68,0,7.07,92.75,Gift Card,2,False,True,False,Completed
TXN-0003264,RCP-00003264,PH-001,REG-04,EMP-0014,CUS-03144,2026-05-07 13:23:30,Sale,50.57,0,4.17,54.74,Credit Card,4,False,True,False,Completed
TXN-0003265,RCP-00003265,PH-005,REG-04,EMP-0105,CUS-01175,2026-07-20 19:08:48,Sale,652.06,18.16,52.29,686.19,Cash,6,False,True,False,Completed
TXN-0003266,RCP-00003266,PH-003,REG-04,EMP-0056,CUS-01556,2026-05-26 09:49:04,Sale,204.54,0,16.87,221.41,Cash,7,False,True,False,Completed
TXN-0003267,RCP-00003267,PH-004,REG-02,EMP-0080,CUS-04147,2026-06-06 10:45:48,Sale,153.28,6.11,12.14,159.31,Debit Card,6,False,True,False,Completed
TXN-0003268,RCP-00003268,PH-004,REG-02,EMP-0083,CUS-01242,2026-07-29 19:13:11,Sale,37.19,2.52,2.86,37.53,Cash,3,False,True,False,Completed
TXN-0003269,RCP-00003269,PH-004,REG-03,EMP-0083,CUS-00913,2026-06-25 20:24:08,Sale,219.44,6.18,17.6,230.86,Cash,6,False,True,False,Completed
TXN-0003270,RCP-00003270,PH-001,REG-04,EMP-0012,CUS-03937,2026-07-07 15:44:59,Sale,244.46,2.05,20.0,262.41,Debit Card,7,False,True,False,Completed
TXN-0003271,RCP-00003271,PH-001,REG-01,EMP-0003,CUS-01283,2026-07-22 16:08:22,Sale,136.67,2.44,11.08,145.31,Gift Card,4,False,True,False,Completed
TXN-0003272,RCP-00003272,PH-003,REG-03,EMP-0058,,2026-06-20 12:02:30,Sale,211.64,12.79,16.41,215.26,Credit Card,4,False,False,False,Completed
TXN-0003273,RCP-00003273,PH-005,REG-04,EMP-0107,CUS-04373,2026-06-18 09:22:32,Sale,333.27,3.2,27.23,357.3,Cash,4,False,True,False,Completed
TXN-0003274,RCP-00003274,PH-002,REG-01,EMP-0041,,2026-07-17 14:53:07,Sale,214.56,14.71,16.49,216.34,Cash,7,False,False,False,Completed
TXN-0003275,RCP-00003275,PH-004,REG-02,EMP-0078,CUS-01052,2026-07-30 16:52:47,Sale,300.52,26.83,22.57,296.26,Gift Card,9,False,True,True,Completed
TXN-0003276,RCP-00003276,PH-002,REG-04,EMP-0036,CUS-02650,2026-07-14 20:02:01,Sale,641.3,10.44,52.04,682.9,Debit Card,7,False,True,True,Completed
TXN-0003277,RCP-00003277,PH-005,REG-03,EMP-0101,CUS-04024,2026-05-12 11:52:11,Sale,118.44,0,9.77,128.21,Debit Card,4,False,True,False,Completed
TXN-0003278,RCP-00003278,PH-003,REG-01,EMP-0060,,2026-07-11 17:45:08,Sale,30.67,0.21,2.52,32.98,Cash,2,False,False,False,Completed
TXN-0003279,RCP-00003279,PH-003,REG-02,EMP-0063,,2026-07-15 13:52:17,Sale,150.97,0,12.46,163.43,Debit Card,5,False,False,False,Completed
TXN-0003280,RCP-00003280,PH-004,REG-02,EMP-0067,CUS-04078,2026-05-08 19:23:23,Sale,187.36,15.99,14.13,185.5,Debit Card,4,False,True,False,Completed
TXN-0003281,RCP-00003281,PH-002,REG-04,EMP-0023,CUS-02125,2026-07-22 18:27:50,Sale,103.37,4.16,8.18,107.39,Credit Card,3,False,True,False,Completed
TXN-0003282,RCP-00003282,PH-001,REG-01,EMP-0020,,2026-07-09 18:09:44,Sale,34.48,0,2.84,37.32,Credit Card,1,False,False,False,Completed
TXN-0003283,RCP-00003283,PH-002,REG-04,EMP-0024,,2026-05-16 18:49:37,Sale,72.75,0,6.01,78.76,Debit Card,3,False,False,False,Completed
TXN-0003284,RCP-00003284,PH-003,REG-03,EMP-0057,CUS-04390,2026-05-04 18:31:45,Sale,466.56,0,38.49,505.05,Debit Card,4,False,True,False,Completed
TXN-0003285,RCP-00003285,PH-003,REG-04,EMP-0046,CUS-00432,2026-05-05 15:22:55,Sale,264.55,0,21.83,286.38,Debit Card,7,False,True,False,Completed
TXN-0003286,RCP-00003286,PH-002,REG-05,EMP-0024,CUS-04311,2026-05-13 09:04:14,Sale,36.92,0,3.05,39.97,Credit Card,1,False,True,False,Completed
TXN-0003287,RCP-00003287,PH-001,REG-02,EMP-0006,CUS-01846,2026-05-30 10:06:06,Sale,287.64,0,23.74,311.38,Cash,5,False,True,False,Completed
TXN-0003288,RCP-00003288,PH-005,REG-06,EMP-0089,CUS-04338,2026-06-25 11:43:09,Sale,263.68,8.29,21.07,276.46,Credit Card,6,False,True,False,Completed
TXN-0003289,RCP-00003289,PH-001,REG-04,EMP-0014,CUS-02702,2026-06-11 10:32:58,Sale,351.49,0.51,28.96,379.94,Debit Card,8,False,True,False,Completed
TXN-0003290,RCP-00003290,PH-001,REG-05,EMP-0020,,2026-05-12 16:05:58,Sale,173.72,4.71,13.94,182.95,Credit Card,3,False,False,False,Completed
TXN-0003291,RCP-00003291,PH-003,REG-04,EMP-0057,CUS-01755,2026-05-04 19:29:09,Sale,207.06,6.21,16.57,217.42,Cash,5,False,True,False,Completed
TXN-0003292,RCP-00003292,PH-002,REG-01,EMP-0034,CUS-00269,2026-06-03 12:52:45,Sale,579.91,6.96,47.27,620.22,Credit Card,8,False,True,False,Completed
TXN-0003293,RCP-00003293,PH-003,REG-06,EMP-0046,CUS-04812,2026-05-20 12:10:52,Sale,102.56,0,8.46,111.02,Credit Card,3,False,True,False,Completed
TXN-0003294,RCP-00003294,PH-005,REG-04,EMP-0090,CUS-00719,2026-05-12 10:49:27,Sale,76.17,5.23,5.85,76.79,Credit Card,3,False,True,False,Completed
TXN-0003295,RCP-00003295,PH-001,REG-05,EMP-0006,,2026-05-22 14:18:35,Sale,96.13,0,7.93,104.06,Cash,2,False,False,False,Completed
TXN-0003296,RCP-00003296,PH-005,REG-02,EMP-0106,CUS-03510,2026-06-03 13:57:29,Sale,22.1,3.55,1.53,20.08,Debit Card,2,False,True,True,Completed
TXN-0003297,RCP-00003297,PH-003,REG-04,EMP-0061,CUS-02936,2026-07-13 19:38:31,Sale,323.8,10.35,25.87,339.32,Debit Card,6,False,True,False,Completed
TXN-0003298,RCP-00003298,PH-003,REG-03,EMP-0060,CUS-03414,2026-06-22 10:58:37,Sale,105.87,0,8.73,114.6,Gift Card,4,False,True,False,Completed
TXN-0003299,RCP-00003299,PH-004,REG-01,EMP-0068,,2026-07-08 17:24:46,Sale,238.12,0,19.65,257.77,Credit Card,5,False,False,False,Completed
TXN-0003300,RCP-00003300,PH-004,REG-03,EMP-0080,CUS-00653,2026-05-29 13:01:02,Sale,102.95,1.57,8.36,109.74,Credit Card,4,False,True,False,Completed
TXN-0003301,RCP-00003301,PH-002,REG-01,EMP-0042,CUS-00274,2026-05-02 20:03:03,Sale,379.11,22.02,29.46,386.55,Debit Card,7,False,True,True,Completed
TXN-0003302,RCP-00003302,PH-004,REG-06,EMP-0067,CUS-02326,2026-06-16 10:24:09,Sale,210.01,4.13,16.99,222.87,Debit Card,6,False,True,False,Completed
TXN-0003303,RCP-00003303,PH-005,REG-06,EMP-0090,CUS-03923,2026-07-03 10:05:28,Sale,62.81,10.33,4.33,56.81,Cash,2,False,True,False,Completed
TXN-0003304,RCP-00003304,PH-005,REG-06,EMP-0106,,2026-05-12 09:24:24,Sale,76.8,2.66,6.11,80.25,Debit Card,2,False,False,False,Completed
TXN-0003305,RCP-00003305,PH-003,REG-03,EMP-0056,,2026-05-14 18:55:07,Sale,36.23,0,2.99,39.22,Cash,2,False,False,False,Completed
TXN-0003306,RCP-00003306,PH-002,REG-06,EMP-0039,CUS-03426,2026-05-25 20:08:34,Sale,98.55,0,8.13,106.68,Credit Card,2,False,True,False,Completed
TXN-0003307,RCP-00003307,PH-003,REG-03,EMP-0046,CUS-01421,2026-05-06 21:20:45,Sale,614.48,15.09,49.45,648.84,Credit Card,9,False,True,False,Completed
TXN-0003308,RCP-00003308,PH-005,REG-02,EMP-0104,CUS-03057,2026-07-03 10:23:01,Sale,111.59,13.35,8.11,106.35,Credit Card,4,False,True,False,Completed
TXN-0003309,RCP-00003309,PH-001,REG-01,EMP-0002,CUS-00491,2026-06-14 08:55:37,Sale,216.16,11.28,16.89,221.77,Credit Card,5,False,True,False,Completed
TXN-0003310,RCP-00003310,PH-005,REG-06,EMP-0100,,2026-05-20 17:28:13,Sale,112.61,2.88,9.05,118.78,Debit Card,4,False,False,False,Completed
TXN-0003311,RCP-00003311,PH-002,REG-02,EMP-0025,CUS-00197,2026-07-15 18:00:51,Sale,185.64,0,15.31,200.95,Debit Card,4,False,True,False,Completed
TXN-0003312,RCP-00003312,PH-001,REG-03,EMP-0003,CUS-02869,2026-06-07 19:30:24,Sale,178.55,4.46,14.37,188.46,Credit Card,4,False,True,False,Completed
TXN-0003313,RCP-00003313,PH-005,REG-02,EMP-0101,CUS-01894,2026-07-26 13:38:05,Sale,50.91,0,4.2,55.11,Credit Card,1,False,True,False,Completed
TXN-0003314,RCP-00003314,PH-002,REG-03,EMP-0035,CUS-04482,2026-05-27 11:28:00,Sale,300.12,2.61,24.56,322.07,Credit Card,7,False,True,False,Completed
TXN-0003315,RCP-00003315,PH-002,REG-03,EMP-0038,CUS-01074,2026-07-05 17:56:10,Sale,216.92,4.52,17.51,229.91,Credit Card,6,False,True,False,Completed
TXN-0003316,RCP-00003316,PH-004,REG-02,EMP-0079,CUS-04532,2026-05-05 21:57:18,Sale,197.5,2.77,16.07,210.8,Credit Card,5,False,True,False,Completed
TXN-0003317,RCP-00003317,PH-004,REG-01,EMP-0085,CUS-02164,2026-05-03 08:52:40,Sale,157.67,9.76,12.2,160.11,Cash,6,False,True,False,Completed
TXN-0003318,RCP-00003318,PH-003,REG-05,EMP-0047,,2026-05-21 16:58:46,Sale,297.63,8.35,23.86,313.14,Gift Card,8,False,False,False,Completed
TXN-0003319,RCP-00003319,PH-003,REG-01,EMP-0045,CUS-01415,2026-07-18 16:29:09,Sale,117.91,0,9.73,127.64,Debit Card,3,False,True,False,Completed
TXN-0003320,RCP-00003320,PH-005,REG-06,EMP-0100,CUS-03013,2026-05-08 18:30:27,Sale,474.97,38.76,35.98,472.19,Credit Card,9,False,True,True,Completed
TXN-0003321,RCP-00003321,PH-003,REG-05,EMP-0061,CUS-04476,2026-05-06 21:04:53,Sale,153.46,8.98,11.92,156.4,Credit Card,4,False,True,False,Completed
TXN-0003322,RCP-00003322,PH-003,REG-03,EMP-0060,CUS-04875,2026-05-10 16:14:49,Sale,134.68,0.43,11.08,145.33,Debit Card,8,False,True,False,Completed
TXN-0003323,RCP-00003323,PH-001,REG-05,EMP-0014,CUS-03104,2026-05-27 14:39:16,Sale,104.61,0,8.63,113.24,Credit Card,3,False,True,False,Completed
TXN-0003324,RCP-00003324,PH-002,REG-04,EMP-0034,CUS-00803,2026-07-30 12:12:18,Sale,75.11,0,6.2,81.31,Debit Card,2,False,True,False,Completed
TXN-0003325,RCP-00003325,PH-002,REG-02,EMP-0037,CUS-02364,2026-05-26 21:16:57,Sale,280.34,30.85,20.58,270.07,Credit Card,6,False,True,True,Completed
TXN-0003326,RCP-00003326,PH-002,REG-02,EMP-0037,CUS-00242,2026-06-04 20:59:15,Sale,254.43,0,20.99,275.42,Credit Card,5,False,True,False,Completed
TXN-0003327,RCP-00003327,PH-003,REG-02,EMP-0059,CUS-02634,2026-07-21 09:20:30,Sale,55.64,2.19,4.41,57.86,Split Payment,2,False,True,False,Completed
TXN-0003328,RCP-00003328,PH-003,REG-01,EMP-0063,CUS-02550,2026-06-06 19:59:04,Sale,410.36,4.2,33.5,439.66,Credit Card,8,False,True,True,Completed
TXN-0003329,RCP-00003329,PH-005,REG-03,EMP-0106,CUS-01522,2026-06-17 21:31:20,Sale,243.92,0,20.13,264.05,Credit Card,4,False,True,False,Completed
TXN-0003330,RCP-00003330,PH-005,REG-06,EMP-0101,CUS-00480,2026-05-23 09:53:52,Sale,35.68,1.42,2.83,37.09,Credit Card,3,False,True,False,Completed
TXN-0003331,RCP-00003331,PH-001,REG-02,EMP-0018,CUS-02716,2026-06-11 17:24:55,Sale,261.81,13.42,20.49,268.88,Debit Card,5,False,True,False,Completed
TXN-0003332,RCP-00003332,PH-004,REG-01,EMP-0079,CUS-04099,2026-06-21 09:17:02,Sale,361.9,0,29.85,391.75,Debit Card,10,False,True,False,Completed
TXN-0003333,RCP-00003333,PH-003,REG-06,EMP-0061,CUS-00924,2026-06-20 17:48:02,Sale,374.56,5.72,30.42,399.26,Credit Card,7,False,True,False,Completed
TXN-0003334,RCP-00003334,PH-002,REG-02,EMP-0042,CUS-02909,2026-07-11 09:51:45,Sale,132.48,0,10.93,143.41,Credit Card,4,False,True,False,Completed
TXN-0003335,RCP-00003335,PH-002,REG-06,EMP-0035,CUS-01647,2026-05-01 15:55:23,Sale,65.49,0,5.41,70.9,Cash,2,False,True,False,Completed
TXN-0003336,RCP-00003336,PH-004,REG-02,EMP-0068,CUS-04964,2026-06-06 17:59:19,Sale,259.25,5.2,20.96,275.01,Credit Card,5,False,True,False,Completed
TXN-0003337,RCP-00003337,PH-003,REG-06,EMP-0059,CUS-00568,2026-05-04 18:41:17,Sale,84.6,1.99,6.82,89.43,Debit Card,4,False,True,False,Completed
TXN-0003338,RCP-00003338,PH-005,REG-03,EMP-0102,CUS-03880,2026-05-30 09:58:32,Sale,288.49,15.58,22.53,295.44,Cash,6,False,True,False,Completed
TXN-0003339,RCP-00003339,PH-002,REG-05,EMP-0023,CUS-03143,2026-06-21 19:21:55,Sale,168.51,18.91,12.34,161.94,Cash,3,False,True,True,Completed
TXN-0003340,RCP-00003340,PH-005,REG-06,EMP-0101,CUS-02346,2026-06-06 09:11:43,Sale,179.96,2.44,14.65,192.17,Credit Card,6,False,True,False,Completed
TXN-0003341,RCP-00003341,PH-005,REG-06,EMP-0105,CUS-00337,2026-05-12 10:04:39,Sale,149.36,11.7,11.35,149.01,Credit Card,6,False,True,False,Completed
TXN-0003342,RCP-00003342,PH-005,REG-01,EMP-0108,CUS-02056,2026-07-03 11:07:45,Sale,152.18,0,12.57,164.75,Debit Card,5,False,True,False,Completed
TXN-0003343,RCP-00003343,PH-005,REG-03,EMP-0107,,2026-05-22 11:38:13,Sale,198.11,6.04,15.84,207.91,Cash,4,False,False,False,Completed
TXN-0003344,RCP-00003344,PH-005,REG-03,EMP-0102,CUS-01539,2026-07-12 13:11:54,Sale,132.36,0,10.92,143.28,Debit Card,4,False,True,False,Completed
TXN-0003345,RCP-00003345,PH-002,REG-02,EMP-0024,,2026-06-27 10:02:55,Sale,162.25,11.1,12.47,163.62,Cash,5,False,False,False,Completed
TXN-0003346,RCP-00003346,PH-005,REG-03,EMP-0101,,2026-07-07 13:40:15,Sale,493.8,13.94,39.58,519.44,Cash,8,False,False,False,Completed
TXN-0003347,RCP-00003347,PH-001,REG-03,EMP-0020,CUS-02170,2026-06-13 14:48:39,Sale,196.93,0,16.24,213.17,Credit Card,2,False,True,False,Completed
TXN-0003348,RCP-00003348,PH-003,REG-02,EMP-0060,CUS-00080,2026-06-27 08:36:59,Sale,99.43,0,8.2,107.63,Cash,4,False,True,False,Completed
TXN-0003349,RCP-00003349,PH-005,REG-02,EMP-0108,CUS-01598,2026-05-22 13:19:57,Sale,258.33,0,21.31,279.64,Debit Card,3,False,True,False,Completed
TXN-0003350,RCP-00003350,PH-005,REG-04,EMP-0103,,2026-07-31 10:43:48,Sale,262.63,16.65,20.3,266.28,Credit Card,6,False,False,False,Completed
TXN-0003351,RCP-00003351,PH-005,REG-03,EMP-0100,CUS-04937,2026-05-10 15:34:00,Sale,138.66,15.2,10.19,133.65,Debit Card,3,False,True,True,Completed
TXN-0003352,RCP-00003352,PH-003,REG-06,EMP-0046,CUS-03350,2026-07-08 17:37:15,Sale,1.86,0,0.15,2.01,Gift Card,1,False,True,False,Completed
TXN-0003353,RCP-00003353,PH-003,REG-01,EMP-0059,CUS-02501,2026-06-11 19:21:26,Sale,42.07,2.1,3.3,43.27,Cash,1,False,True,False,Completed
TXN-0003354,RCP-00003354,PH-005,REG-02,EMP-0091,CUS-03664,2026-06-21 08:09:13,Sale,198.8,0,16.39,215.19,Cash,5,False,True,False,Completed
TXN-0003355,RCP-00003355,PH-003,REG-01,EMP-0060,,2026-07-02 11:17:23,Sale,130.19,3.23,10.47,137.43,Split Payment,5,False,False,False,Completed
TXN-0003356,RCP-00003356,PH-005,REG-02,EMP-0107,,2026-07-26 21:11:01,Sale,55.43,0,4.58,60.01,Gift Card,2,False,False,False,Completed
TXN-0003357,RCP-00003357,PH-003,REG-05,EMP-0064,,2026-07-27 21:10:31,Sale,389.34,7.06,31.53,413.81,Credit Card,7,False,False,False,Completed
TXN-0003358,RCP-00003358,PH-005,REG-05,EMP-0091,CUS-01625,2026-07-11 08:11:18,Sale,93.23,0,7.69,100.92,Debit Card,3,False,True,False,Completed
TXN-0003359,RCP-00003359,PH-004,REG-03,EMP-0081,CUS-01083,2026-06-29 08:55:02,Sale,207.65,0,17.13,224.78,Cash,4,False,True,False,Completed
TXN-0003360,RCP-00003360,PH-004,REG-01,EMP-0080,CUS-00118,2026-05-12 10:05:45,Sale,185.97,2.81,15.11,198.27,Credit Card,4,False,True,False,Completed
TXN-0003361,RCP-00003361,PH-002,REG-05,EMP-0036,,2026-05-29 17:39:32,Sale,102.86,0,8.47,111.33,Debit Card,5,False,False,False,Completed
TXN-0003362,RCP-00003362,PH-005,REG-06,EMP-0102,CUS-01508,2026-05-15 19:04:52,Sale,265.62,13.74,20.79,272.67,Split Payment,5,False,True,False,Completed
TXN-0003363,RCP-00003363,PH-001,REG-01,EMP-0003,CUS-03327,2026-06-26 08:18:20,Sale,220.23,19.47,16.56,217.32,Cash,6,False,True,False,Completed
TXN-0003364,RCP-00003364,PH-001,REG-03,EMP-0019,CUS-04865,2026-05-23 15:25:38,Sale,176.66,3.85,14.26,187.07,Debit Card,4,False,True,False,Completed
TXN-0003365,RCP-00003365,PH-003,REG-06,EMP-0060,,2026-07-18 19:06:38,Sale,63.27,0,5.22,68.49,Debit Card,2,False,False,False,Completed
TXN-0003366,RCP-00003366,PH-004,REG-04,EMP-0080,CUS-01551,2026-07-12 15:10:24,Sale,83.91,0,6.93,90.84,Debit Card,5,False,True,False,Completed
TXN-0003367,RCP-00003367,PH-005,REG-05,EMP-0090,CUS-01389,2026-06-01 13:24:51,Sale,361.16,34.96,26.91,353.11,Cash,6,False,True,True,Completed
TXN-0003368,RCP-00003368,PH-004,REG-04,EMP-0082,CUS-03235,2026-06-23 13:20:45,Sale,243.08,3.8,19.74,259.02,Credit Card,5,False,True,False,Completed
TXN-0003369,RCP-00003369,PH-002,REG-05,EMP-0041,CUS-03350,2026-05-19 21:40:54,Sale,257.01,0,21.2,278.21,Credit Card,4,False,True,False,Completed
TXN-0003370,RCP-00003370,PH-001,REG-06,EMP-0006,,2026-05-07 21:17:13,Sale,49.67,1.3,3.98,52.35,Credit Card,4,False,False,False,Completed
TXN-0003371,RCP-00003371,PH-005,REG-04,EMP-0091,CUS-03233,2026-07-25 20:37:57,Sale,119.68,1.72,9.74,127.7,Credit Card,3,False,True,False,Completed
TXN-0003372,RCP-00003372,PH-001,REG-04,EMP-0020,CUS-03340,2026-05-07 11:47:50,Sale,436.63,13.14,34.92,458.41,Debit Card,8,False,True,False,Completed
TXN-0003373,RCP-00003373,PH-003,REG-03,EMP-0056,CUS-04398,2026-06-28 13:53:34,Sale,169.4,0,13.97,183.37,Credit Card,5,False,True,False,Completed
TXN-0003374,RCP-00003374,PH-003,REG-01,EMP-0056,,2026-05-27 11:04:58,Sale,159.46,0,13.16,172.62,Credit Card,4,False,False,False,Completed
TXN-0003375,RCP-00003375,PH-002,REG-03,EMP-0039,CUS-04152,2026-06-03 21:38:17,Sale,69.03,0,5.7,74.73,Credit Card,3,False,True,False,Completed
TXN-0003376,RCP-00003376,PH-005,REG-02,EMP-0102,,2026-07-17 21:27:08,Sale,168.72,0,13.91,182.63,Debit Card,5,False,False,False,Completed
TXN-0003377,RCP-00003377,PH-002,REG-05,EMP-0038,CUS-04528,2026-06-08 19:02:24,Sale,448.83,164.31,23.47,307.99,Debit Card,6,False,True,True,Completed
TXN-0003378,RCP-00003378,PH-002,REG-06,EMP-0023,,2026-07-08 20:27:27,Sale,191.45,4.11,15.46,202.8,Debit Card,4,False,False,False,Completed
TXN-0003379,RCP-00003379,PH-002,REG-06,EMP-0025,CUS-04059,2026-06-12 21:33:53,Sale,21.75,0,1.79,23.54,Credit Card,1,False,True,False,Completed
TXN-0003380,RCP-00003380,PH-001,REG-03,EMP-0014,CUS-02434,2026-05-10 09:21:40,Sale,158.51,0.83,13.01,170.69,Cash,4,False,True,False,Completed
TXN-0003381,RCP-00003381,PH-001,REG-03,EMP-0001,,2026-05-25 21:27:19,Sale,297.87,2.55,24.36,319.68,Cash,6,False,False,False,Completed
TXN-0003382,RCP-00003382,PH-002,REG-04,EMP-0042,CUS-00101,2026-06-27 10:04:31,Sale,116.67,0,9.62,126.29,Gift Card,3,False,True,False,Completed
TXN-0003383,RCP-00003383,PH-002,REG-02,EMP-0024,CUS-03448,2026-05-20 10:12:23,Sale,111.81,0.41,9.2,120.6,Debit Card,5,False,True,False,Completed
TXN-0003384,RCP-00003384,PH-003,REG-02,EMP-0060,,2026-07-31 13:45:52,Sale,468.89,6.0,38.2,501.09,Debit Card,6,False,False,False,Completed
TXN-0003385,RCP-00003385,PH-003,REG-05,EMP-0056,CUS-00347,2026-06-17 18:32:00,Sale,133.8,0,11.05,144.85,Cash,4,False,True,False,Completed
TXN-0003386,RCP-00003386,PH-005,REG-02,EMP-0100,CUS-02810,2026-07-03 19:54:25,Sale,212.89,8.32,16.89,221.46,Credit Card,5,False,True,False,Completed
TXN-0003387,RCP-00003387,PH-005,REG-06,EMP-0102,CUS-01130,2026-05-01 14:16:36,Sale,363.65,15.68,28.7,376.67,Credit Card,6,False,True,False,Completed
TXN-0003388,RCP-00003388,PH-001,REG-02,EMP-0012,CUS-03143,2026-05-24 13:00:54,Sale,177.41,0,14.64,192.05,Debit Card,6,False,True,False,Completed
TXN-0003389,RCP-00003389,PH-002,REG-03,EMP-0024,CUS-01343,2026-05-09 09:45:37,Sale,37.95,0,3.13,41.08,Credit Card,1,False,True,False,Completed
TXN-0003390,RCP-00003390,PH-002,REG-02,EMP-0039,CUS-04677,2026-06-29 14:20:06,Sale,152.58,9.23,11.82,155.17,Debit Card,4,False,True,False,Completed
TXN-0003391,RCP-00003391,PH-004,REG-03,EMP-0068,CUS-00066,2026-06-30 09:10:15,Sale,371.59,0,30.65,402.24,Gift Card,6,False,True,False,Completed
TXN-0003392,RCP-00003392,PH-004,REG-06,EMP-0085,CUS-02969,2026-06-11 10:24:46,Sale,101.72,6.54,7.86,103.04,Cash,2,False,True,False,Completed
TXN-0003393,RCP-00003393,PH-005,REG-05,EMP-0091,,2026-06-28 14:52:18,Sale,519.73,17.59,41.44,543.58,Cash,7,False,False,False,Completed
TXN-0003394,RCP-00003394,PH-002,REG-02,EMP-0039,CUS-04611,2026-05-01 21:09:31,Sale,64.2,7.02,4.73,61.91,Credit Card,5,False,True,False,Completed
TXN-0003395,RCP-00003395,PH-001,REG-06,EMP-0001,CUS-03516,2026-07-12 17:15:24,Sale,220.29,6.08,17.68,231.89,Debit Card,8,False,True,True,Completed
TXN-0003396,RCP-00003396,PH-005,REG-05,EMP-0102,CUS-00119,2026-05-16 12:18:33,Sale,172.7,6.89,13.67,179.48,Debit Card,4,False,True,False,Completed
TXN-0003397,RCP-00003397,PH-002,REG-06,EMP-0025,CUS-03694,2026-05-06 16:46:47,Sale,212.84,0,17.56,230.4,Credit Card,5,False,True,False,Completed
TXN-0003398,RCP-00003398,PH-003,REG-04,EMP-0045,CUS-04671,2026-06-09 19:54:30,Sale,112.15,1.02,9.17,120.3,Cash,4,False,True,False,Completed
TXN-0003399,RCP-00003399,PH-004,REG-03,EMP-0069,CUS-03181,2026-05-07 20:02:55,Sale,63.18,0,5.22,68.4,Debit Card,3,False,True,False,Completed
TXN-0003400,RCP-00003400,PH-003,REG-04,EMP-0046,CUS-00676,2026-06-07 14:41:34,Sale,294.74,5.34,23.87,313.27,Debit Card,7,False,True,False,Completed
TXN-0003401,RCP-00003401,PH-002,REG-04,EMP-0041,CUS-03267,2026-07-27 21:26:12,Sale,347.25,13.6,27.52,361.17,Credit Card,6,False,True,False,Completed
TXN-0003402,RCP-00003402,PH-004,REG-06,EMP-0080,CUS-00783,2026-05-21 08:35:57,Sale,31.26,9.35,1.81,23.72,Credit Card,2,False,True,True,Completed
TXN-0003403,RCP-00003403,PH-003,REG-01,EMP-0047,CUS-02045,2026-05-04 09:29:04,Sale,28.02,0,2.32,30.34,Gift Card,2,False,True,False,Completed
TXN-0003404,RCP-00003404,PH-002,REG-03,EMP-0037,CUS-03594,2026-07-06 15:38:55,Sale,176.56,0,14.56,191.12,Debit Card,4,False,True,False,Completed
TXN-0003405,RCP-00003405,PH-001,REG-04,EMP-0018,CUS-00290,2026-06-05 13:13:28,Sale,372.89,3.36,30.49,400.02,Credit Card,6,False,True,False,Completed
TXN-0003406,RCP-00003406,PH-005,REG-06,EMP-0101,CUS-02471,2026-05-07 17:45:06,Sale,122.75,0,10.12,132.87,Credit Card,3,False,True,False,Completed
TXN-0003407,RCP-00003407,PH-002,REG-03,EMP-0023,CUS-01472,2026-05-16 09:34:08,Sale,199.92,0,16.49,216.41,Cash,5,False,True,False,Completed
TXN-0003408,RCP-00003408,PH-001,REG-02,EMP-0002,CUS-00864,2026-05-14 18:04:02,Sale,195.88,0,16.16,212.04,Debit Card,1,False,True,False,Completed
TXN-0003409,RCP-00003409,PH-004,REG-03,EMP-0079,CUS-02624,2026-07-23 11:36:04,Sale,84.91,0,7.01,91.92,Debit Card,2,False,True,False,Completed
TXN-0003410,RCP-00003410,PH-003,REG-04,EMP-0061,,2026-05-25 17:09:07,Sale,211.45,1.32,17.34,227.47,Cash,6,False,False,False,Completed
TXN-0003411,RCP-00003411,PH-005,REG-06,EMP-0090,CUS-00706,2026-05-15 16:11:22,Sale,53.34,0,4.4,57.74,Credit Card,2,False,True,False,Completed
TXN-0003412,RCP-00003412,PH-001,REG-06,EMP-0020,CUS-00622,2026-07-25 14:46:48,Sale,126.79,0.09,10.45,137.15,Credit Card,5,False,True,False,Completed
TXN-0003413,RCP-00003413,PH-005,REG-01,EMP-0108,CUS-04670,2026-05-29 13:56:33,Sale,66.47,0,5.49,71.96,Debit Card,3,False,True,False,Completed
TXN-0003414,RCP-00003414,PH-003,REG-04,EMP-0047,CUS-00296,2026-07-18 15:18:28,Sale,305.6,0.28,25.19,330.51,Cash,3,False,True,False,Completed
TXN-0003415,RCP-00003415,PH-003,REG-04,EMP-0061,CUS-04437,2026-06-13 10:02:18,Sale,19.62,0,1.62,21.24,Credit Card,1,False,True,False,Completed
TXN-0003416,RCP-00003416,PH-004,REG-02,EMP-0084,CUS-01991,2026-06-26 09:36:56,Sale,41.22,8.24,2.72,35.7,Credit Card,1,False,True,False,Completed
TXN-0003417,RCP-00003417,PH-001,REG-04,EMP-0015,CUS-02927,2026-05-03 16:45:32,Sale,439.99,0,36.29,476.28,Debit Card,7,False,True,False,Completed
TXN-0003418,RCP-00003418,PH-004,REG-03,EMP-0085,CUS-00762,2026-06-10 10:34:48,Sale,211.88,0,17.48,229.36,Gift Card,4,False,True,False,Completed
TXN-0003419,RCP-00003419,PH-003,REG-04,EMP-0056,CUS-03606,2026-07-21 10:14:13,Sale,251.35,0,20.74,272.09,Cash,6,False,True,False,Completed
TXN-0003420,RCP-00003420,PH-002,REG-03,EMP-0037,CUS-00075,2026-07-18 13:17:51,Sale,92.63,0,7.64,100.27,Credit Card,4,False,True,False,Completed
TXN-0003421,RCP-00003421,PH-005,REG-04,EMP-0108,CUS-00303,2026-05-10 13:04:44,Sale,141.2,0,11.64,152.84,Debit Card,5,False,True,False,Completed
TXN-0003422,RCP-00003422,PH-005,REG-01,EMP-0104,CUS-04641,2026-05-19 17:07:11,Sale,303.27,2.31,24.83,325.79,Credit Card,8,False,True,False,Completed
TXN-0003423,RCP-00003423,PH-005,REG-01,EMP-0107,CUS-04042,2026-06-13 13:18:23,Sale,503.15,24.56,39.49,518.08,Credit Card,7,False,True,False,Completed
TXN-0003424,RCP-00003424,PH-001,REG-01,EMP-0014,CUS-04871,2026-05-27 21:49:25,Sale,113.11,2.17,9.16,120.1,Debit Card,4,False,True,False,Completed
TXN-0003425,RCP-00003425,PH-003,REG-06,EMP-0059,CUS-02189,2026-05-07 08:18:31,Sale,168.24,11.23,12.95,169.96,Debit Card,3,False,True,False,Completed
TXN-0003426,RCP-00003426,PH-002,REG-02,EMP-0041,CUS-01589,2026-05-08 10:01:23,Sale,141.1,1.33,11.52,151.29,Debit Card,4,False,True,False,Completed
TXN-0003427,RCP-00003427,PH-004,REG-04,EMP-0084,CUS-00461,2026-05-26 15:19:34,Sale,64.18,0,5.29,69.47,Credit Card,1,False,True,False,Completed
TXN-0003428,RCP-00003428,PH-005,REG-02,EMP-0107,CUS-03371,2026-06-23 11:35:03,Sale,269.3,0,22.22,291.52,Credit Card,7,False,True,False,Completed
TXN-0003429,RCP-00003429,PH-004,REG-03,EMP-0068,CUS-01364,2026-07-29 08:29:56,Sale,24.91,0,2.06,26.97,Cash,1,False,True,False,Completed
TXN-0003430,RCP-00003430,PH-001,REG-05,EMP-0017,CUS-02197,2026-07-29 14:02:17,Sale,110.31,0,9.1,119.41,Debit Card,3,False,True,False,Completed
TXN-0003431,RCP-00003431,PH-004,REG-03,EMP-0078,CUS-00303,2026-05-23 18:00:07,Sale,180.53,7.16,14.3,187.67,Credit Card,5,False,True,False,Completed
TXN-0003432,RCP-00003432,PH-001,REG-03,EMP-0013,CUS-04035,2026-05-26 13:16:19,Sale,496.64,6.44,40.43,530.63,Debit Card,7,False,True,False,Completed
TXN-0003433,RCP-00003433,PH-003,REG-03,EMP-0045,CUS-01241,2026-06-29 19:08:50,Sale,129.36,3.22,10.4,136.54,Debit Card,3,False,True,False,Completed
TXN-0003434,RCP-00003434,PH-002,REG-02,EMP-0040,,2026-05-11 16:45:46,Sale,255.23,4.14,20.71,271.8,Cash,7,False,False,False,Completed
TXN-0003435,RCP-00003435,PH-003,REG-04,EMP-0047,CUS-04485,2026-06-09 17:49:53,Sale,116.8,0,9.63,126.43,Credit Card,4,False,True,False,Completed
TXN-0003436,RCP-00003436,PH-003,REG-02,EMP-0061,,2026-05-20 14:29:21,Sale,211.42,3.89,17.12,224.65,Debit Card,5,False,False,False,Completed
TXN-0003437,RCP-00003437,PH-003,REG-05,EMP-0063,,2026-07-08 18:03:17,Sale,151.29,0,12.48,163.77,Cash,4,False,False,False,Completed
TXN-0003438,RCP-00003438,PH-002,REG-04,EMP-0036,CUS-02478,2026-07-06 09:28:49,Sale,40.93,0,3.38,44.31,Debit Card,1,False,True,False,Completed
TXN-0003439,RCP-00003439,PH-005,REG-06,EMP-0089,,2026-05-29 09:26:10,Sale,276.25,2.12,22.62,296.75,Credit Card,6,False,False,False,Completed
TXN-0003440,RCP-00003440,PH-004,REG-01,EMP-0068,CUS-00492,2026-06-30 16:25:07,Sale,485.68,3.64,39.77,521.81,Cash,10,False,True,False,Completed
TXN-0003441,RCP-00003441,PH-002,REG-06,EMP-0039,CUS-01807,2026-06-20 14:04:44,Sale,144.79,4.26,11.59,152.12,Cash,4,False,True,False,Completed
TXN-0003442,RCP-00003442,PH-004,REG-01,EMP-0079,CUS-03465,2026-05-26 17:43:51,Sale,158.71,11.28,12.17,159.6,Credit Card,5,False,True,False,Completed
TXN-0003443,RCP-00003443,PH-004,REG-01,EMP-0069,CUS-00078,2026-05-05 09:40:35,Sale,185.81,5.57,14.88,195.12,Credit Card,5,False,True,False,Completed
TXN-0003444,RCP-00003444,PH-005,REG-02,EMP-0104,CUS-03420,2026-07-27 21:21:31,Sale,75.85,3.46,5.97,78.36,Credit Card,2,False,True,False,Completed
TXN-0003445,RCP-00003445,PH-005,REG-05,EMP-0106,CUS-02438,2026-06-03 17:58:55,Sale,285.53,7.13,22.96,301.36,Debit Card,6,False,True,False,Completed
TXN-0003446,RCP-00003446,PH-003,REG-01,EMP-0063,CUS-05000,2026-06-08 14:17:24,Sale,28.62,0,2.36,30.98,Cash,1,False,True,False,Completed
TXN-0003447,RCP-00003447,PH-001,REG-06,EMP-0002,,2026-05-30 16:50:41,Sale,288.29,9.12,23.03,302.2,Credit Card,7,False,False,False,Completed
TXN-0003448,RCP-00003448,PH-002,REG-02,EMP-0038,CUS-03962,2026-07-16 08:53:19,Sale,177.41,1.3,14.53,190.64,Credit Card,3,False,True,False,Completed
TXN-0003449,RCP-00003449,PH-003,REG-01,EMP-0045,CUS-03265,2026-06-02 15:22:53,Sale,125.93,7.03,9.82,128.72,Credit Card,4,False,True,False,Completed
TXN-0003450,RCP-00003450,PH-005,REG-04,EMP-0090,CUS-01695,2026-05-12 13:47:31,Sale,115.95,6.74,9.01,118.22,Split Payment,4,False,True,False,Completed
TXN-0003451,RCP-00003451,PH-004,REG-03,EMP-0080,CUS-03030,2026-06-08 08:11:32,Sale,227.23,11.6,17.78,233.41,Credit Card,5,False,True,False,Completed
TXN-0003452,RCP-00003452,PH-004,REG-01,EMP-0083,CUS-00536,2026-05-13 11:30:19,Sale,92.92,3.16,7.41,97.17,Cash,3,False,True,False,Completed
TXN-0003453,RCP-00003453,PH-005,REG-06,EMP-0106,CUS-04905,2026-07-17 15:42:57,Sale,187.93,9.78,14.7,192.85,Credit Card,5,False,True,False,Completed
TXN-0003454,RCP-00003454,PH-005,REG-05,EMP-0089,CUS-01049,2026-05-12 16:14:30,Sale,145.67,0.61,11.97,157.03,Debit Card,2,False,True,False,Completed
TXN-0003455,RCP-00003455,PH-001,REG-06,EMP-0001,CUS-04746,2026-06-05 20:40:32,Sale,9.97,0,0.82,10.79,Credit Card,1,False,True,False,Completed
TXN-0003456,RCP-00003456,PH-005,REG-04,EMP-0091,CUS-01157,2026-07-11 09:35:43,Sale,187.23,0,15.44,202.67,Credit Card,4,False,True,False,Completed
TXN-0003457,RCP-00003457,PH-003,REG-03,EMP-0062,CUS-04853,2026-05-23 16:52:20,Sale,406.24,87.95,26.26,344.55,Cash,4,False,True,True,Completed
TXN-0003458,RCP-00003458,PH-005,REG-06,EMP-0107,CUS-03416,2026-07-09 08:12:44,Sale,230.91,0.16,19.03,249.78,Credit Card,3,False,True,False,Completed
TXN-0003459,RCP-00003459,PH-005,REG-01,EMP-0104,CUS-04287,2026-06-29 19:58:10,Sale,235.44,0,19.42,254.86,Credit Card,7,False,True,False,Completed
TXN-0003460,RCP-00003460,PH-005,REG-05,EMP-0107,CUS-03427,2026-05-05 16:51:50,Sale,27.14,2.44,2.03,26.73,Cash,3,False,True,False,Completed
TXN-0003461,RCP-00003461,PH-003,REG-01,EMP-0045,,2026-06-13 09:01:30,Sale,63.13,0,5.21,68.34,Credit Card,3,False,False,False,Completed
TXN-0003462,RCP-00003462,PH-004,REG-02,EMP-0080,CUS-03705,2026-05-11 15:46:04,Sale,309.71,10.82,24.66,323.55,Credit Card,8,False,True,False,Completed
TXN-0003463,RCP-00003463,PH-001,REG-05,EMP-0014,,2026-05-15 11:40:15,Sale,221.22,7.54,17.64,231.32,Credit Card,4,False,False,False,Completed
TXN-0003464,RCP-00003464,PH-005,REG-06,EMP-0090,CUS-03537,2026-05-23 08:18:14,Sale,225.33,0,18.59,243.92,Cash,5,False,True,False,Completed
TXN-0003465,RCP-00003465,PH-005,REG-06,EMP-0104,CUS-02069,2026-06-03 08:12:40,Sale,54.21,3.13,4.21,55.29,Credit Card,2,False,True,False,Completed
TXN-0003466,RCP-00003466,PH-002,REG-05,EMP-0042,,2026-05-21 10:26:34,Sale,176.94,4.55,14.22,186.61,Credit Card,5,False,False,False,Completed
TXN-0003467,RCP-00003467,PH-003,REG-02,EMP-0061,CUS-01695,2026-06-24 11:34:38,Sale,187.15,8.86,14.71,193.0,Credit Card,4,False,True,False,Completed
TXN-0003468,RCP-00003468,PH-005,REG-03,EMP-0108,CUS-00769,2026-06-29 10:16:18,Sale,186.68,8.08,14.74,193.34,Credit Card,7,False,True,False,Completed
TXN-0003469,RCP-00003469,PH-004,REG-06,EMP-0085,,2026-07-27 16:37:26,Sale,343.06,2.91,28.07,368.22,Credit Card,6,False,False,False,Completed
TXN-0003470,RCP-00003470,PH-002,REG-01,EMP-0040,,2026-06-16 09:07:49,Sale,182.24,9.56,14.26,186.94,Credit Card,7,False,False,True,Completed
TXN-0003471,RCP-00003471,PH-002,REG-01,EMP-0035,CUS-01978,2026-06-09 08:30:12,Sale,438.59,15.7,34.89,457.78,Cash,7,False,True,False,Completed
TXN-0003472,RCP-00003472,PH-003,REG-02,EMP-0063,CUS-00376,2026-06-04 12:40:49,Sale,240.11,0,19.8,259.91,Gift Card,7,False,True,False,Completed
TXN-0003473,RCP-00003473,PH-005,REG-06,EMP-0102,CUS-02270,2026-06-10 16:13:16,Sale,72.75,12.95,4.93,64.73,Credit Card,2,False,True,False,Completed
TXN-0003474,RCP-00003474,PH-004,REG-04,EMP-0086,CUS-02724,2026-07-05 10:51:08,Sale,32.51,0,2.69,35.2,Cash,4,False,True,False,Completed
TXN-0003475,RCP-00003475,PH-003,REG-06,EMP-0061,CUS-04441,2026-05-26 08:58:52,Sale,114.23,0.2,9.41,123.44,Debit Card,4,False,True,False,Completed
TXN-0003476,RCP-00003476,PH-004,REG-01,EMP-0078,CUS-04935,2026-07-31 20:45:57,Sale,258.2,15.58,20.02,262.64,Gift Card,6,False,True,False,Completed
TXN-0003477,RCP-00003477,PH-003,REG-05,EMP-0047,,2026-07-20 18:02:51,Sale,173.76,0,14.34,188.1,Cash,4,False,False,False,Completed
TXN-0003478,RCP-00003478,PH-004,REG-02,EMP-0082,CUS-02499,2026-06-15 12:29:13,Sale,93.9,3.92,7.43,97.41,Credit Card,3,False,True,False,Completed
TXN-0003479,RCP-00003479,PH-001,REG-05,EMP-0006,CUS-03162,2026-07-17 19:34:59,Sale,490.36,5.25,40.02,525.13,Debit Card,7,False,True,False,Completed
TXN-0003480,RCP-00003480,PH-004,REG-05,EMP-0078,CUS-00982,2026-07-13 20:40:30,Sale,156.7,11.07,12.01,157.64,Cash,6,False,True,False,Completed
TXN-0003481,RCP-00003481,PH-004,REG-05,EMP-0080,CUS-02381,2026-05-08 09:56:45,Sale,109.28,0.39,8.98,117.87,Credit Card,4,False,True,False,Completed
TXN-0003482,RCP-00003482,PH-002,REG-03,EMP-0035,CUS-02176,2026-06-29 10:08:58,Sale,347.31,22.01,26.84,352.14,Debit Card,5,False,True,False,Completed
TXN-0003483,RCP-00003483,PH-002,REG-02,EMP-0038,CUS-04080,2026-06-17 15:26:10,Sale,59.99,0,4.95,64.94,Cash,3,False,True,False,Completed
TXN-0003484,RCP-00003484,PH-002,REG-04,EMP-0041,CUS-00582,2026-05-28 09:19:02,Sale,294.65,0,24.31,318.96,Cash,6,False,True,False,Completed
TXN-0003485,RCP-00003485,PH-001,REG-05,EMP-0001,CUS-04878,2026-07-05 16:52:16,Sale,133.07,0,10.98,144.05,Gift Card,4,False,True,False,Completed
TXN-0003486,RCP-00003486,PH-001,REG-06,EMP-0016,CUS-03599,2026-07-04 20:27:59,Sale,274.02,8.35,21.92,287.59,Debit Card,6,False,True,False,Completed
TXN-0003487,RCP-00003487,PH-001,REG-05,EMP-0013,,2026-06-22 15:57:27,Sale,133.61,9.67,10.22,134.16,Credit Card,4,False,False,False,Completed
TXN-0003488,RCP-00003488,PH-005,REG-06,EMP-0102,CUS-02297,2026-07-24 13:06:51,Sale,128.65,0.74,10.55,138.46,Gift Card,3,False,True,False,Completed
TXN-0003489,RCP-00003489,PH-003,REG-06,EMP-0046,CUS-03879,2026-06-05 15:14:56,Sale,120.02,15.61,8.61,113.02,Credit Card,4,False,True,False,Completed
TXN-0003490,RCP-00003490,PH-004,REG-01,EMP-0083,,2026-07-28 12:22:15,Sale,223.41,2.58,18.22,239.05,Credit Card,7,False,False,False,Completed
TXN-0003491,RCP-00003491,PH-001,REG-04,EMP-0016,CUS-04325,2026-06-07 18:19:11,Sale,339.06,7.81,27.33,358.58,Debit Card,6,False,True,False,Completed
TXN-0003492,RCP-00003492,PH-004,REG-02,EMP-0067,CUS-01026,2026-06-19 10:08:09,Sale,167.73,0,13.84,181.57,Credit Card,5,False,True,False,Completed
TXN-0003493,RCP-00003493,PH-005,REG-01,EMP-0102,CUS-03656,2026-05-16 13:38:39,Sale,162.84,0,13.44,176.28,Cash,5,False,True,False,Completed
TXN-0003494,RCP-00003494,PH-004,REG-03,EMP-0086,,2026-05-31 21:32:24,Sale,345.46,53.41,24.1,316.15,Debit Card,5,False,False,True,Completed
TXN-0003495,RCP-00003495,PH-004,REG-02,EMP-0086,CUS-03324,2026-06-21 21:30:42,Sale,208.76,6.46,16.68,218.98,Credit Card,7,False,True,False,Completed
TXN-0003496,RCP-00003496,PH-003,REG-01,EMP-0062,CUS-00170,2026-06-24 09:12:41,Sale,32.25,4.46,2.29,30.08,Credit Card,3,False,True,True,Completed
TXN-0003497,RCP-00003497,PH-005,REG-06,EMP-0106,,2026-07-31 20:31:49,Sale,43.58,2.18,3.42,44.82,Credit Card,1,False,False,False,Completed
TXN-0003498,RCP-00003498,PH-002,REG-02,EMP-0023,CUS-03629,2026-05-21 12:47:34,Sale,172.09,0,14.21,186.3,Cash,4,False,True,False,Completed
TXN-0003499,RCP-00003499,PH-005,REG-03,EMP-0089,,2026-07-17 13:54:16,Sale,227.29,4.8,18.35,240.84,Debit Card,5,False,False,False,Completed
TXN-0003500,RCP-00003500,PH-002,REG-01,EMP-0036,CUS-00448,2026-07-29 09:20:58,Sale,46.52,0,3.84,50.36,Cash,4,False,True,False,Completed
TXN-0003501,RCP-00003501,PH-004,REG-03,EMP-0069,CUS-02177,2026-06-09 16:48:02,Sale,193.98,0,16.01,209.99,Debit Card,5,False,True,False,Completed
TXN-0003502,RCP-00003502,PH-002,REG-04,EMP-0037,,2026-06-30 15:55:06,Sale,175.6,10.84,13.6,178.36,Credit Card,5,False,False,False,Completed
TXN-0003503,RCP-00003503,PH-005,REG-01,EMP-0107,CUS-04716,2026-07-30 15:33:20,Sale,119.02,0,9.82,128.84,Split Payment,4,False,True,False,Completed
TXN-0003504,RCP-00003504,PH-001,REG-04,EMP-0017,CUS-02872,2026-07-14 19:10:29,Sale,155.45,0,12.82,168.27,Credit Card,5,False,True,False,Completed
TXN-0003505,RCP-00003505,PH-002,REG-03,EMP-0041,CUS-04642,2026-07-17 10:35:00,Sale,221.72,5.0,17.9,234.62,Credit Card,6,False,True,False,Completed
TXN-0003506,RCP-00003506,PH-002,REG-05,EMP-0024,CUS-04858,2026-05-09 11:43:10,Sale,413.5,13.04,33.04,433.5,Cash,7,False,True,False,Completed
TXN-0003507,RCP-00003507,PH-005,REG-03,EMP-0107,CUS-04385,2026-05-28 21:21:46,Sale,204.5,3.52,16.59,217.57,Debit Card,7,False,True,False,Completed
TXN-0003508,RCP-00003508,PH-003,REG-03,EMP-0057,CUS-02723,2026-07-04 19:42:59,Sale,331.3,19.76,25.71,337.25,Credit Card,7,False,True,False,Completed
TXN-0003509,RCP-00003509,PH-004,REG-04,EMP-0086,,2026-06-24 19:35:13,Sale,206.85,0,17.07,223.92,Gift Card,3,False,False,False,Completed
TXN-0003510,RCP-00003510,PH-002,REG-03,EMP-0042,,2026-06-21 17:31:32,Sale,264.76,0,21.85,286.61,Credit Card,5,False,False,False,Completed
TXN-0003511,RCP-00003511,PH-005,REG-04,EMP-0104,CUS-02038,2026-07-14 09:07:13,Sale,171.0,0,14.12,185.12,Credit Card,4,False,True,False,Completed
TXN-0003512,RCP-00003512,PH-004,REG-02,EMP-0081,CUS-03103,2026-05-11 19:51:11,Sale,479.4,4.73,39.15,513.82,Debit Card,9,False,True,False,Completed
TXN-0003513,RCP-00003513,PH-004,REG-05,EMP-0085,CUS-04696,2026-06-08 10:12:14,Sale,78.94,6.64,5.96,78.26,Debit Card,3,False,True,False,Completed
TXN-0003514,RCP-00003514,PH-003,REG-06,EMP-0047,,2026-07-12 19:24:27,Sale,188.49,2.86,15.32,200.95,Credit Card,7,False,False,False,Completed
TXN-0003515,RCP-00003515,PH-003,REG-03,EMP-0060,CUS-02768,2026-05-17 10:36:20,Sale,212.34,6.81,16.96,222.49,Debit Card,7,False,True,False,Completed
TXN-0003516,RCP-00003516,PH-003,REG-02,EMP-0058,CUS-03425,2026-06-19 17:59:47,Sale,172.26,2.2,14.03,184.09,Credit Card,3,False,True,False,Completed
TXN-0003517,RCP-00003517,PH-005,REG-01,EMP-0108,CUS-04883,2026-07-03 15:50:55,Sale,279.07,0,23.04,302.11,Credit Card,6,False,True,False,Completed
TXN-0003518,RCP-00003518,PH-005,REG-03,EMP-0100,CUS-01773,2026-06-04 10:25:04,Sale,219.76,26.79,15.92,208.89,Split Payment,5,False,True,False,Completed
TXN-0003519,RCP-00003519,PH-005,REG-02,EMP-0106,CUS-01588,2026-06-09 21:04:21,Sale,204.76,0,16.89,221.65,Debit Card,4,False,True,False,Completed
TXN-0003520,RCP-00003520,PH-003,REG-04,EMP-0056,CUS-03886,2026-05-13 11:51:48,Sale,299.62,0,24.72,324.34,Cash,5,False,True,False,Completed
TXN-0003521,RCP-00003521,PH-004,REG-04,EMP-0081,CUS-01715,2026-07-31 19:14:46,Sale,612.89,33.16,47.83,627.56,Credit Card,9,False,True,False,Completed
TXN-0003522,RCP-00003522,PH-004,REG-03,EMP-0080,CUS-00314,2026-07-02 17:30:26,Sale,360.02,3.97,29.39,385.44,Credit Card,6,False,True,False,Completed
TXN-0003523,RCP-00003523,PH-002,REG-01,EMP-0023,CUS-00278,2026-07-18 09:32:46,Sale,269.36,8.26,21.54,282.64,Credit Card,5,False,True,True,Completed
TXN-0003524,RCP-00003524,PH-002,REG-06,EMP-0025,CUS-00338,2026-07-25 12:23:02,Sale,396.79,15.66,31.45,412.58,Credit Card,6,False,True,True,Completed
TXN-0003525,RCP-00003525,PH-003,REG-05,EMP-0045,CUS-01725,2026-05-14 14:36:56,Sale,85.88,7.17,6.5,85.21,Cash,5,False,True,False,Completed
TXN-0003526,RCP-00003526,PH-002,REG-06,EMP-0041,CUS-04675,2026-05-10 18:08:13,Sale,156.98,12.93,11.89,155.94,Credit Card,5,False,True,False,Completed
TXN-0003527,RCP-00003527,PH-001,REG-06,EMP-0012,,2026-07-15 10:17:28,Sale,169.76,0,14.01,183.77,Debit Card,5,False,False,False,Completed
TXN-0003528,RCP-00003528,PH-005,REG-05,EMP-0104,CUS-03877,2026-07-13 10:57:33,Sale,27.61,0,2.28,29.89,Credit Card,2,False,True,False,Completed
TXN-0003529,RCP-00003529,PH-002,REG-06,EMP-0023,CUS-04784,2026-05-30 10:10:52,Sale,270.05,10.83,21.38,280.6,Cash,6,False,True,False,Completed
TXN-0003530,RCP-00003530,PH-004,REG-02,EMP-0082,CUS-03271,2026-06-14 14:13:16,Sale,42.02,0,3.47,45.49,Credit Card,1,False,True,False,Completed
TXN-0003531,RCP-00003531,PH-001,REG-06,EMP-0001,CUS-01594,2026-05-31 10:27:51,Sale,150.69,0,12.43,163.12,Debit Card,3,False,True,False,Completed
TXN-0003532,RCP-00003532,PH-002,REG-03,EMP-0037,CUS-04725,2026-05-12 20:59:01,Sale,177.35,2.02,14.47,189.8,Debit Card,6,False,True,False,Completed
TXN-0003533,RCP-00003533,PH-001,REG-01,EMP-0018,CUS-00539,2026-06-21 13:47:05,Sale,302.99,1.44,24.89,326.44,Credit Card,9,False,True,False,Completed
TXN-0003534,RCP-00003534,PH-004,REG-01,EMP-0067,,2026-06-03 20:21:33,Sale,221.8,0,18.3,240.1,Gift Card,4,False,False,False,Completed
TXN-0003535,RCP-00003535,PH-001,REG-05,EMP-0014,CUS-03506,2026-05-06 14:53:22,Sale,48.27,3.65,3.68,48.3,Cash,3,False,True,False,Completed
TXN-0003536,RCP-00003536,PH-004,REG-02,EMP-0067,CUS-01185,2026-05-16 21:10:28,Sale,213.33,0,17.61,230.94,Debit Card,5,False,True,False,Completed
TXN-0003537,RCP-00003537,PH-001,REG-02,EMP-0006,CUS-00180,2026-07-09 21:27:27,Sale,252.02,1.67,20.65,271.0,Cash,7,False,True,False,Completed
TXN-0003538,RCP-00003538,PH-003,REG-04,EMP-0064,CUS-03384,2026-07-21 17:15:05,Sale,68.09,0,5.62,73.71,Gift Card,3,False,True,False,Completed
TXN-0003539,RCP-00003539,PH-002,REG-05,EMP-0036,CUS-04173,2026-06-13 16:18:14,Sale,54.53,0,4.5,59.03,Credit Card,2,False,True,False,Completed
TXN-0003540,RCP-00003540,PH-005,REG-02,EMP-0091,,2026-05-30 08:19:31,Sale,197.78,6.14,15.81,207.45,Credit Card,6,False,False,False,Completed
TXN-0003541,RCP-00003541,PH-004,REG-01,EMP-0080,CUS-03651,2026-05-30 08:24:04,Sale,138.17,0,11.4,149.57,Credit Card,3,False,True,False,Completed
TXN-0003542,RCP-00003542,PH-003,REG-05,EMP-0061,CUS-01619,2026-05-20 15:49:16,Sale,142.76,0,11.78,154.54,Cash,2,False,True,False,Completed
TXN-0003543,RCP-00003543,PH-005,REG-02,EMP-0106,,2026-06-01 17:56:32,Sale,28.92,1.45,2.27,29.74,Credit Card,1,False,False,False,Completed
TXN-0003544,RCP-00003544,PH-003,REG-06,EMP-0047,CUS-01097,2026-05-17 09:01:51,Sale,79.87,5.28,6.15,80.74,Credit Card,2,False,True,False,Completed
TXN-0003545,RCP-00003545,PH-005,REG-05,EMP-0106,CUS-02448,2026-07-22 16:56:47,Sale,132.04,0,10.9,142.94,Debit Card,3,False,True,False,Completed
TXN-0003546,RCP-00003546,PH-004,REG-01,EMP-0082,,2026-05-12 11:03:50,Sale,176.9,0,14.6,191.5,Credit Card,4,False,False,False,Completed
TXN-0003547,RCP-00003547,PH-002,REG-01,EMP-0036,,2026-05-19 15:27:12,Sale,385.96,5.51,31.39,411.84,Cash,7,False,False,False,Completed
TXN-0003548,RCP-00003548,PH-005,REG-05,EMP-0089,CUS-00466,2026-06-21 11:58:27,Sale,72.96,4.32,5.66,74.3,Gift Card,3,False,True,False,Completed
TXN-0003549,RCP-00003549,PH-003,REG-03,EMP-0046,CUS-04724,2026-06-19 15:44:26,Sale,9.63,0,0.79,10.42,Debit Card,1,False,True,False,Completed
TXN-0003550,RCP-00003550,PH-001,REG-03,EMP-0001,CUS-01760,2026-05-31 17:10:25,Sale,202.38,13.02,15.62,204.98,Credit Card,5,False,True,False,Completed
TXN-0003551,RCP-00003551,PH-003,REG-01,EMP-0059,CUS-04798,2026-07-07 09:18:42,Sale,489.69,2.6,40.19,527.28,Cash,8,False,True,False,Completed
TXN-0003552,RCP-00003552,PH-005,REG-05,EMP-0103,,2026-07-05 13:40:36,Sale,187.51,1.54,15.36,201.33,Cash,7,False,False,False,Completed
TXN-0003553,RCP-00003553,PH-003,REG-01,EMP-0064,,2026-07-23 16:05:15,Sale,161.28,0,13.31,174.59,Credit Card,5,False,False,False,Completed
TXN-0003554,RCP-00003554,PH-001,REG-03,EMP-0016,,2026-06-25 20:38:50,Sale,8.07,0,0.67,8.74,Gift Card,1,False,False,False,Completed
TXN-0003555,RCP-00003555,PH-005,REG-01,EMP-0104,,2026-06-26 17:50:03,Sale,204.26,0,16.85,221.11,Debit Card,2,False,False,False,Completed
TXN-0003556,RCP-00003556,PH-003,REG-05,EMP-0047,,2026-05-03 16:14:48,Sale,215.04,0,17.73,232.77,Cash,5,False,False,False,Completed
TXN-0003557,RCP-00003557,PH-002,REG-04,EMP-0025,CUS-04678,2026-05-22 18:28:28,Sale,181.64,0,14.97,196.61,Debit Card,5,False,True,False,Completed
TXN-0003558,RCP-00003558,PH-004,REG-04,EMP-0069,CUS-02311,2026-05-31 08:42:19,Sale,203.38,10.84,15.89,208.43,Debit Card,5,False,True,False,Completed
TXN-0003559,RCP-00003559,PH-002,REG-03,EMP-0037,CUS-04023,2026-05-13 21:28:55,Sale,115.02,17.48,8.05,105.59,Cash,4,False,True,True,Completed
TXN-0003560,RCP-00003560,PH-001,REG-02,EMP-0006,CUS-02278,2026-07-29 10:28:15,Sale,409.3,14.23,32.6,427.67,Debit Card,7,False,True,False,Completed
TXN-0003561,RCP-00003561,PH-004,REG-04,EMP-0086,CUS-01374,2026-05-26 08:02:20,Sale,23.95,4.79,1.58,20.74,Credit Card,1,False,True,False,Completed
TXN-0003562,RCP-00003562,PH-002,REG-06,EMP-0039,CUS-03482,2026-06-01 18:29:09,Sale,126.74,0,10.45,137.19,Credit Card,2,False,True,False,Completed
TXN-0003563,RCP-00003563,PH-001,REG-02,EMP-0015,CUS-02580,2026-05-23 12:51:43,Sale,40.42,0,3.33,43.75,Cash,1,False,True,False,Completed
TXN-0003564,RCP-00003564,PH-003,REG-01,EMP-0061,CUS-00293,2026-05-12 09:32:09,Sale,124.37,0,10.27,134.64,Cash,3,False,True,False,Completed
TXN-0003565,RCP-00003565,PH-005,REG-02,EMP-0101,CUS-04540,2026-06-16 15:05:14,Sale,186.94,31.9,12.79,167.83,Cash,4,False,True,True,Completed
TXN-0003566,RCP-00003566,PH-001,REG-01,EMP-0003,CUS-00110,2026-05-25 15:10:57,Sale,50.36,0,4.15,54.51,Debit Card,3,False,True,False,Completed
TXN-0003567,RCP-00003567,PH-002,REG-03,EMP-0036,,2026-06-29 12:06:07,Sale,245.97,3.3,20.02,262.69,Debit Card,5,False,False,False,Completed
TXN-0003568,RCP-00003568,PH-004,REG-04,EMP-0079,,2026-07-28 10:42:23,Sale,128.59,0,10.61,139.2,Credit Card,4,False,False,False,Completed
TXN-0003569,RCP-00003569,PH-001,REG-03,EMP-0013,CUS-01983,2026-06-01 21:15:50,Sale,128.98,0,10.64,139.62,Credit Card,3,False,True,False,Completed
TXN-0003570,RCP-00003570,PH-002,REG-05,EMP-0034,,2026-05-22 09:49:48,Sale,164.84,8.24,12.92,169.52,Debit Card,1,False,False,False,Completed
TXN-0003571,RCP-00003571,PH-001,REG-01,EMP-0017,CUS-03659,2026-05-18 17:31:32,Sale,16.83,0,1.39,18.22,Credit Card,1,False,True,False,Completed
TXN-0003572,RCP-00003572,PH-004,REG-06,EMP-0083,CUS-02997,2026-06-02 08:46:20,Sale,86.44,4.18,6.79,89.05,Cash,3,False,True,False,Completed
TXN-0003573,RCP-00003573,PH-001,REG-06,EMP-0001,CUS-03513,2026-07-02 08:43:01,Sale,58.93,0,4.86,63.79,Debit Card,3,False,True,False,Completed
TXN-0003574,RCP-00003574,PH-004,REG-04,EMP-0069,CUS-03231,2026-06-21 13:24:17,Sale,133.64,0.14,11.02,144.52,Debit Card,6,False,True,False,Completed
TXN-0003575,RCP-00003575,PH-004,REG-03,EMP-0085,,2026-07-28 10:32:46,Sale,119.33,4.25,9.5,124.58,Debit Card,5,False,False,False,Completed
TXN-0003576,RCP-00003576,PH-001,REG-02,EMP-0012,CUS-00770,2026-05-04 11:50:19,Sale,79.49,5.07,6.14,80.56,Gift Card,4,False,True,False,Completed
TXN-0003577,RCP-00003577,PH-002,REG-05,EMP-0041,CUS-04078,2026-07-06 18:41:43,Sale,84.68,19.0,5.42,71.1,Debit Card,2,False,True,True,Completed
TXN-0003578,RCP-00003578,PH-005,REG-05,EMP-0102,CUS-04136,2026-07-22 08:00:17,Sale,510.09,18.36,40.57,532.3,Credit Card,10,False,True,True,Completed
TXN-0003579,RCP-00003579,PH-003,REG-03,EMP-0059,CUS-03712,2026-05-05 08:51:36,Sale,114.9,0,9.48,124.38,Debit Card,3,False,True,False,Completed
TXN-0003580,RCP-00003580,PH-001,REG-06,EMP-0019,CUS-00226,2026-06-04 19:29:02,Sale,87.77,0.74,7.18,94.21,Credit Card,4,False,True,False,Completed
TXN-0003581,RCP-00003581,PH-004,REG-02,EMP-0082,CUS-04734,2026-05-25 12:44:16,Sale,81.96,1.22,6.66,87.4,Debit Card,5,False,True,True,Completed
TXN-0003582,RCP-00003582,PH-005,REG-05,EMP-0107,CUS-03175,2026-06-20 20:46:22,Sale,283.42,8.22,22.71,297.91,Credit Card,6,False,True,False,Completed
TXN-0003583,RCP-00003583,PH-002,REG-05,EMP-0037,CUS-01538,2026-07-06 14:42:53,Sale,174.59,10.28,13.55,177.86,Credit Card,6,False,True,False,Completed
TXN-0003584,RCP-00003584,PH-004,REG-05,EMP-0081,CUS-02210,2026-05-30 09:28:10,Sale,297.17,1.54,24.39,320.02,Debit Card,6,False,True,False,Completed
TXN-0003585,RCP-00003585,PH-005,REG-01,EMP-0105,CUS-02278,2026-06-16 20:27:54,Sale,95.6,0.58,7.84,102.86,Credit Card,3,False,True,False,Completed
TXN-0003586,RCP-00003586,PH-005,REG-01,EMP-0100,CUS-02136,2026-07-22 17:49:17,Sale,112.98,0,9.32,122.3,Credit Card,5,False,True,False,Completed
TXN-0003587,RCP-00003587,PH-002,REG-06,EMP-0038,CUS-00091,2026-06-26 10:42:31,Sale,482.8,2.35,39.64,520.09,Cash,9,False,True,False,Completed
TXN-0003588,RCP-00003588,PH-004,REG-03,EMP-0068,CUS-01674,2026-06-07 09:53:04,Sale,259.76,0.94,21.35,280.17,Credit Card,6,False,True,False,Completed
TXN-0003589,RCP-00003589,PH-005,REG-04,EMP-0102,CUS-04756,2026-06-13 13:34:32,Sale,238.55,1.85,19.51,256.21,Credit Card,7,False,True,False,Completed
TXN-0003590,RCP-00003590,PH-003,REG-04,EMP-0046,CUS-01325,2026-07-20 18:09:38,Sale,203.6,21.26,15.04,197.38,Credit Card,4,False,True,False,Completed
TXN-0003591,RCP-00003591,PH-002,REG-02,EMP-0024,,2026-07-25 16:10:48,Sale,135.49,0,11.19,146.68,Credit Card,5,False,False,False,Completed
TXN-0003592,RCP-00003592,PH-002,REG-01,EMP-0040,CUS-02559,2026-06-01 17:34:35,Sale,83.6,0,6.9,90.5,Credit Card,1,False,True,False,Completed
TXN-0003593,RCP-00003593,PH-005,REG-04,EMP-0104,CUS-01437,2026-05-11 12:47:30,Sale,254.91,21.97,19.23,252.17,Debit Card,6,False,True,False,Completed
TXN-0003594,RCP-00003594,PH-001,REG-01,EMP-0016,CUS-02934,2026-07-22 18:31:10,Sale,21.78,0,1.8,23.58,Gift Card,1,False,True,False,Completed
TXN-0003595,RCP-00003595,PH-001,REG-05,EMP-0014,CUS-04936,2026-07-08 16:54:15,Sale,49.73,2.25,3.92,51.4,Credit Card,2,False,True,False,Completed
TXN-0003596,RCP-00003596,PH-003,REG-03,EMP-0045,CUS-02699,2026-05-29 13:01:29,Sale,139.47,0,11.5,150.97,Debit Card,4,False,True,False,Completed
TXN-0003597,RCP-00003597,PH-002,REG-02,EMP-0036,,2026-05-26 08:32:13,Sale,74.45,0,6.14,80.59,Credit Card,3,False,False,False,Completed
TXN-0003598,RCP-00003598,PH-002,REG-03,EMP-0040,CUS-03009,2026-07-20 12:13:39,Sale,113.54,0,9.36,122.9,Debit Card,5,False,True,False,Completed
TXN-0003599,RCP-00003599,PH-001,REG-01,EMP-0018,,2026-06-05 20:46:21,Sale,92.89,0,7.66,100.55,Debit Card,2,False,False,False,Completed
TXN-0003600,RCP-00003600,PH-003,REG-03,EMP-0047,CUS-01330,2026-07-25 11:32:24,Sale,152.37,0,12.57,164.94,Cash,4,False,True,False,Completed
TXN-0003601,RCP-00003601,PH-002,REG-05,EMP-0037,CUS-02845,2026-05-27 21:11:20,Sale,79.66,4.69,6.18,81.15,Debit Card,5,False,True,False,Completed
TXN-0003602,RCP-00003602,PH-004,REG-03,EMP-0067,CUS-01123,2026-06-07 20:15:10,Sale,215.17,0.96,17.67,231.88,Debit Card,2,False,True,False,Completed
TXN-0003603,RCP-00003603,PH-004,REG-02,EMP-0081,CUS-00982,2026-05-30 17:31:21,Sale,346.61,10.11,27.77,364.27,Credit Card,4,False,True,False,Completed
TXN-0003604,RCP-00003604,PH-003,REG-03,EMP-0047,CUS-04671,2026-05-21 16:56:51,Sale,196.78,3.55,15.95,209.18,Cash,5,False,True,False,Completed
TXN-0003605,RCP-00003605,PH-001,REG-04,EMP-0003,CUS-02187,2026-06-13 09:44:13,Sale,530.62,0,43.77,574.39,Debit Card,7,False,True,False,Completed
TXN-0003606,RCP-00003606,PH-005,REG-01,EMP-0101,,2026-06-01 16:50:51,Sale,227.85,0.86,18.72,245.71,Credit Card,5,False,False,False,Completed
TXN-0003607,RCP-00003607,PH-003,REG-05,EMP-0046,CUS-04405,2026-05-31 08:08:14,Sale,183.13,20.79,13.39,175.73,Cash,7,False,True,False,Completed
TXN-0003608,RCP-00003608,PH-001,REG-03,EMP-0006,CUS-03416,2026-07-06 10:27:50,Sale,134.49,1.24,11.0,144.25,Debit Card,6,False,True,False,Completed
TXN-0003609,RCP-00003609,PH-004,REG-03,EMP-0081,CUS-03790,2026-07-31 15:11:54,Sale,234.94,10.35,18.53,243.12,Credit Card,7,False,True,False,Completed
TXN-0003610,RCP-00003610,PH-002,REG-06,EMP-0040,,2026-07-29 16:30:04,Sale,48.48,0,4.0,52.48,Credit Card,2,False,False,False,Completed
TXN-0003611,RCP-00003611,PH-001,REG-06,EMP-0019,CUS-03787,2026-07-26 21:50:27,Sale,420.91,13.58,33.6,440.93,Credit Card,9,False,True,False,Completed
TXN-0003612,RCP-00003612,PH-004,REG-01,EMP-0069,CUS-02923,2026-06-19 18:56:30,Sale,239.46,6.83,19.17,251.8,Debit Card,6,False,True,False,Completed
TXN-0003613,RCP-00003613,PH-004,REG-05,EMP-0080,CUS-00360,2026-05-02 08:52:56,Sale,132.13,0,10.9,143.03,Debit Card,4,False,True,False,Completed
TXN-0003614,RCP-00003614,PH-001,REG-01,EMP-0006,,2026-07-10 16:13:26,Sale,270.19,4.12,21.95,288.02,Cash,7,False,False,False,Completed
TXN-0003615,RCP-00003615,PH-003,REG-06,EMP-0059,CUS-00083,2026-07-12 21:09:01,Sale,125.7,0,10.38,136.08,Credit Card,4,False,True,False,Completed
TXN-0003616,RCP-00003616,PH-004,REG-03,EMP-0067,CUS-02896,2026-05-01 16:19:52,Sale,163.05,0,13.45,176.5,Debit Card,2,False,True,False,Completed
TXN-0003617,RCP-00003617,PH-005,REG-02,EMP-0102,,2026-05-20 12:58:01,Sale,68.02,0,5.61,73.63,Gift Card,1,False,False,False,Completed
TXN-0003618,RCP-00003618,PH-002,REG-05,EMP-0039,CUS-03682,2026-05-30 19:26:49,Sale,536.74,5.88,43.8,574.66,Credit Card,6,False,True,False,Completed
TXN-0003619,RCP-00003619,PH-005,REG-04,EMP-0106,CUS-01222,2026-06-21 12:57:31,Sale,321.08,23.21,24.57,322.44,Cash,8,False,True,False,Completed
TXN-0003620,RCP-00003620,PH-005,REG-04,EMP-0089,,2026-07-28 14:55:57,Sale,141.89,0,11.71,153.6,Gift Card,4,False,False,False,Completed
TXN-0003621,RCP-00003621,PH-002,REG-01,EMP-0039,,2026-07-26 12:31:26,Sale,12.71,0.1,1.04,13.65,Credit Card,2,False,False,False,Completed
TXN-0003622,RCP-00003622,PH-004,REG-02,EMP-0086,CUS-01757,2026-07-22 21:27:47,Sale,118.24,2.58,9.54,125.2,Debit Card,3,False,True,False,Completed
TXN-0003623,RCP-00003623,PH-002,REG-01,EMP-0037,,2026-05-22 20:41:05,Sale,257.39,0,21.24,278.63,Cash,4,False,False,False,Completed
TXN-0003624,RCP-00003624,PH-005,REG-06,EMP-0103,CUS-01448,2026-05-04 13:59:02,Sale,302.71,0.62,24.93,327.02,Credit Card,7,False,True,False,Completed
TXN-0003625,RCP-00003625,PH-003,REG-02,EMP-0057,CUS-04558,2026-05-27 09:46:32,Sale,15.36,0,1.27,16.63,Credit Card,1,False,True,False,Completed
TXN-0003626,RCP-00003626,PH-003,REG-04,EMP-0057,CUS-00788,2026-07-05 20:20:23,Sale,28.3,0,2.33,30.63,Cash,1,False,True,False,Completed
TXN-0003627,RCP-00003627,PH-003,REG-04,EMP-0062,,2026-07-04 17:15:00,Sale,166.85,0,13.77,180.62,Credit Card,3,False,False,False,Completed
TXN-0003628,RCP-00003628,PH-003,REG-06,EMP-0058,CUS-04475,2026-07-25 16:27:23,Sale,330.7,0,27.29,357.99,Cash,4,False,True,False,Completed
TXN-0003629,RCP-00003629,PH-005,REG-01,EMP-0102,CUS-02804,2026-05-23 21:25:59,Sale,86.85,0,7.17,94.02,Credit Card,4,False,True,False,Completed
TXN-0003630,RCP-00003630,PH-001,REG-03,EMP-0016,CUS-00956,2026-07-14 11:51:47,Sale,119.24,0,9.83,129.07,Debit Card,3,False,True,False,Completed
TXN-0003631,RCP-00003631,PH-004,REG-03,EMP-0084,CUS-02367,2026-05-11 15:10:21,Sale,268.01,26.81,19.9,261.1,Credit Card,5,False,True,False,Completed
TXN-0003632,RCP-00003632,PH-002,REG-03,EMP-0041,CUS-04438,2026-07-08 17:03:07,Sale,546.5,1.68,44.94,589.76,Credit Card,8,False,True,False,Completed
TXN-0003633,RCP-00003633,PH-002,REG-02,EMP-0025,CUS-00316,2026-05-12 10:01:05,Sale,134.27,3.19,10.81,141.89,Cash,4,False,True,False,Completed
TXN-0003634,RCP-00003634,PH-005,REG-01,EMP-0101,,2026-06-27 18:12:11,Sale,136.45,0,11.26,147.71,Credit Card,5,False,False,False,Completed
TXN-0003635,RCP-00003635,PH-005,REG-04,EMP-0100,CUS-02619,2026-05-14 16:33:08,Sale,208.54,4.12,16.86,221.28,Credit Card,7,False,True,False,Completed
TXN-0003636,RCP-00003636,PH-003,REG-04,EMP-0062,CUS-01769,2026-06-20 20:03:11,Sale,174.51,0,14.41,188.92,Debit Card,5,False,True,False,Completed
TXN-0003637,RCP-00003637,PH-003,REG-06,EMP-0061,CUS-01538,2026-07-11 13:31:01,Sale,138.91,0,11.45,150.36,Debit Card,5,False,True,False,Completed
TXN-0003638,RCP-00003638,PH-004,REG-01,EMP-0082,,2026-06-30 09:03:09,Sale,125.15,0,10.33,135.48,Debit Card,4,False,False,False,Completed
TXN-0003639,RCP-00003639,PH-003,REG-06,EMP-0061,CUS-01227,2026-05-29 10:59:25,Sale,162.56,0,13.41,175.97,Credit Card,3,False,True,False,Completed
TXN-0003640,RCP-00003640,PH-003,REG-06,EMP-0060,CUS-01746,2026-05-16 15:30:50,Sale,203.78,0,16.81,220.59,Credit Card,5,False,True,False,Completed
TXN-0003641,RCP-00003641,PH-001,REG-04,EMP-0017,CUS-02668,2026-06-18 10:13:06,Sale,308.1,3.67,25.12,329.55,Cash,7,False,True,False,Completed
TXN-0003642,RCP-00003642,PH-002,REG-06,EMP-0036,CUS-00858,2026-05-17 11:18:42,Sale,186.87,9.81,14.61,191.67,Cash,4,False,True,False,Completed
TXN-0003643,RCP-00003643,PH-001,REG-04,EMP-0017,CUS-04577,2026-05-19 20:59:24,Sale,197.37,12.57,15.25,200.05,Debit Card,3,False,True,False,Completed
TXN-0003644,RCP-00003644,PH-003,REG-05,EMP-0046,CUS-00526,2026-06-24 19:18:33,Sale,106.86,0,8.82,115.68,Debit Card,2,False,True,False,Completed
TXN-0003645,RCP-00003645,PH-002,REG-01,EMP-0023,,2026-07-05 17:46:06,Sale,114.9,0,9.48,124.38,Debit Card,3,False,False,False,Completed
TXN-0003646,RCP-00003646,PH-001,REG-04,EMP-0013,,2026-06-26 13:38:27,Sale,35.11,0,2.9,38.01,Cash,1,False,False,False,Completed
TXN-0003647,RCP-00003647,PH-003,REG-05,EMP-0046,CUS-01497,2026-05-31 21:25:08,Sale,274.28,27.42,20.36,267.22,Debit Card,6,False,True,True,Completed
TXN-0003648,RCP-00003648,PH-004,REG-06,EMP-0068,CUS-00528,2026-05-07 14:48:20,Sale,119.17,11.54,8.88,116.51,Debit Card,4,False,True,False,Completed
TXN-0003649,RCP-00003649,PH-002,REG-02,EMP-0038,CUS-04312,2026-05-06 20:01:53,Sale,42.09,0,3.47,45.56,Credit Card,3,False,True,False,Completed
TXN-0003650,RCP-00003650,PH-003,REG-03,EMP-0061,CUS-02121,2026-07-23 16:22:43,Sale,183.21,0,15.12,198.33,Debit Card,5,False,True,False,Completed
TXN-0003651,RCP-00003651,PH-003,REG-06,EMP-0060,CUS-02024,2026-07-22 17:51:34,Sale,88.38,4.08,6.96,91.26,Credit Card,3,False,True,False,Completed
TXN-0003652,RCP-00003652,PH-001,REG-05,EMP-0014,CUS-01460,2026-07-18 12:03:43,Sale,217.14,0,17.92,235.06,Credit Card,7,False,True,False,Completed
TXN-0003653,RCP-00003653,PH-001,REG-06,EMP-0006,CUS-02328,2026-05-21 21:07:34,Sale,96.81,0,7.99,104.8,Credit Card,5,False,True,False,Completed
TXN-0003654,RCP-00003654,PH-003,REG-04,EMP-0060,,2026-07-27 10:47:14,Sale,205.38,0,16.95,222.33,Credit Card,5,False,False,False,Completed
TXN-0003655,RCP-00003655,PH-001,REG-01,EMP-0014,CUS-02478,2026-05-05 14:20:42,Sale,154.72,0,12.76,167.48,Gift Card,3,False,True,False,Completed
TXN-0003656,RCP-00003656,PH-001,REG-03,EMP-0001,CUS-04455,2026-05-14 11:25:35,Sale,321.29,0,26.5,347.79,Credit Card,4,False,True,False,Completed
TXN-0003657,RCP-00003657,PH-002,REG-03,EMP-0035,,2026-07-18 09:02:42,Sale,121.87,7.62,9.43,123.68,Credit Card,4,False,False,False,Completed
TXN-0003658,RCP-00003658,PH-001,REG-05,EMP-0014,CUS-02687,2026-05-03 08:50:42,Sale,171.41,14.84,12.93,169.5,Credit Card,5,False,True,False,Completed
TXN-0003659,RCP-00003659,PH-003,REG-02,EMP-0046,CUS-03099,2026-05-10 15:00:11,Sale,79.03,0,6.52,85.55,Debit Card,3,False,True,False,Completed
TXN-0003660,RCP-00003660,PH-003,REG-03,EMP-0060,,2026-07-06 09:32:18,Sale,374.12,7.55,30.25,396.82,Credit Card,7,False,False,False,Completed
TXN-0003661,RCP-00003661,PH-001,REG-03,EMP-0013,,2026-06-10 15:27:20,Sale,348.08,17.7,27.24,357.62,Credit Card,8,False,False,True,Completed
TXN-0003662,RCP-00003662,PH-001,REG-01,EMP-0015,,2026-05-17 20:55:57,Sale,212.2,4.81,17.1,224.49,Debit Card,6,False,False,False,Completed
TXN-0003663,RCP-00003663,PH-002,REG-04,EMP-0034,CUS-00440,2026-05-31 16:32:27,Sale,63.05,0,5.2,68.25,Credit Card,3,False,True,False,Completed
TXN-0003664,RCP-00003664,PH-005,REG-01,EMP-0100,CUS-01915,2026-07-06 14:41:56,Sale,330.68,21.96,25.48,334.2,Credit Card,6,False,True,False,Completed
TXN-0003665,RCP-00003665,PH-001,REG-05,EMP-0020,,2026-07-02 15:26:52,Sale,186.35,14.62,14.18,185.91,Credit Card,8,False,False,False,Completed
TXN-0003666,RCP-00003666,PH-001,REG-06,EMP-0006,CUS-04566,2026-07-01 14:19:48,Sale,169.62,0,13.99,183.61,Debit Card,5,False,True,False,Completed
TXN-0003667,RCP-00003667,PH-005,REG-06,EMP-0101,CUS-03468,2026-06-25 17:18:14,Sale,162.95,4.86,13.05,171.14,Debit Card,4,False,True,False,Completed
TXN-0003668,RCP-00003668,PH-004,REG-05,EMP-0086,CUS-00828,2026-07-13 17:39:27,Sale,119.72,0,9.88,129.6,Credit Card,4,False,True,False,Completed
TXN-0003669,RCP-00003669,PH-001,REG-03,EMP-0003,,2026-06-30 20:59:56,Sale,225.17,16.75,17.2,225.62,Debit Card,7,False,False,True,Completed
TXN-0003670,RCP-00003670,PH-005,REG-06,EMP-0102,CUS-04024,2026-07-24 20:52:15,Sale,289.87,6.72,23.37,306.52,Cash,6,False,True,False,Completed
TXN-0003671,RCP-00003671,PH-002,REG-04,EMP-0035,CUS-00413,2026-07-06 15:21:16,Sale,193.68,0,15.97,209.65,Gift Card,4,False,True,False,Completed
TXN-0003672,RCP-00003672,PH-004,REG-02,EMP-0084,CUS-02248,2026-07-13 17:17:32,Sale,47.84,0,3.94,51.78,Credit Card,2,False,True,False,Completed
TXN-0003673,RCP-00003673,PH-001,REG-06,EMP-0013,CUS-02262,2026-07-21 20:17:57,Sale,390.58,0,32.23,422.81,Credit Card,8,False,True,False,Completed
TXN-0003674,RCP-00003674,PH-002,REG-03,EMP-0034,CUS-02004,2026-05-12 10:52:12,Sale,271.25,0,22.38,293.63,Credit Card,6,False,True,False,Completed
TXN-0003675,RCP-00003675,PH-005,REG-06,EMP-0102,CUS-04907,2026-06-14 17:38:03,Sale,169.93,4.15,13.68,179.46,Credit Card,5,False,True,False,Completed
TXN-0003676,RCP-00003676,PH-001,REG-01,EMP-0014,CUS-03347,2026-05-17 16:39:23,Sale,96.3,8.31,7.25,95.24,Cash,4,False,True,False,Completed
TXN-0003677,RCP-00003677,PH-003,REG-05,EMP-0057,CUS-01728,2026-05-05 10:43:18,Sale,284.77,11.42,22.56,295.91,Credit Card,5,False,True,False,Completed
TXN-0003678,RCP-00003678,PH-002,REG-02,EMP-0037,CUS-03004,2026-06-07 19:15:27,Sale,154.84,34.61,9.9,130.13,Debit Card,6,False,True,True,Completed
TXN-0003679,RCP-00003679,PH-001,REG-06,EMP-0018,CUS-00792,2026-05-29 20:48:38,Sale,362.16,8.46,29.18,382.88,Debit Card,6,False,True,False,Completed
TXN-0003680,RCP-00003680,PH-004,REG-05,EMP-0086,CUS-04229,2026-05-13 18:13:33,Sale,308.98,0,25.49,334.47,Gift Card,5,False,True,False,Completed
TXN-0003681,RCP-00003681,PH-002,REG-06,EMP-0040,CUS-02024,2026-05-16 21:17:54,Sale,473.57,113.25,29.72,390.04,Credit Card,7,False,True,True,Completed
TXN-0003682,RCP-00003682,PH-001,REG-01,EMP-0001,CUS-02311,2026-05-16 15:23:58,Sale,72.97,0,6.02,78.99,Credit Card,2,False,True,False,Completed
TXN-0003683,RCP-00003683,PH-003,REG-04,EMP-0057,CUS-00592,2026-05-30 08:56:40,Sale,141.75,1.84,11.54,151.45,Credit Card,5,False,True,False,Completed
TXN-0003684,RCP-00003684,PH-001,REG-06,EMP-0012,,2026-07-06 13:43:51,Sale,232.56,0,19.17,251.73,Credit Card,7,False,False,False,Completed
TXN-0003685,RCP-00003685,PH-004,REG-03,EMP-0081,CUS-04856,2026-05-11 18:19:41,Sale,291.1,0,24.01,315.11,Credit Card,4,False,True,False,Completed
TXN-0003686,RCP-00003686,PH-001,REG-02,EMP-0018,,2026-07-22 21:58:23,Sale,499.06,23.74,39.21,514.53,Cash,6,False,False,False,Completed
TXN-0003687,RCP-00003687,PH-003,REG-03,EMP-0045,CUS-00677,2026-05-29 11:47:15,Sale,550.66,17.93,43.95,576.68,Credit Card,7,False,True,False,Completed
TXN-0003688,RCP-00003688,PH-001,REG-05,EMP-0006,CUS-03342,2026-05-08 11:34:03,Sale,124.91,0,10.31,135.22,Credit Card,4,False,True,False,Completed
TXN-0003689,RCP-00003689,PH-004,REG-01,EMP-0069,CUS-00249,2026-06-16 19:47:43,Sale,209.62,10.86,16.4,215.16,Cash,5,False,True,False,Completed
TXN-0003690,RCP-00003690,PH-001,REG-02,EMP-0013,CUS-01840,2026-05-11 10:58:51,Sale,142.97,1.58,11.66,153.05,Credit Card,2,False,True,False,Completed
TXN-0003691,RCP-00003691,PH-004,REG-03,EMP-0084,CUS-01886,2026-05-29 18:29:58,Sale,204.91,3.81,16.6,217.7,Debit Card,6,False,True,False,Completed
TXN-0003692,RCP-00003692,PH-002,REG-03,EMP-0023,CUS-01345,2026-07-15 21:06:01,Sale,153.3,4.07,12.31,161.54,Debit Card,4,False,True,False,Completed
TXN-0003693,RCP-00003693,PH-001,REG-05,EMP-0006,,2026-06-16 15:16:26,Sale,154.17,0,12.72,166.89,Credit Card,1,False,False,False,Completed
TXN-0003694,RCP-00003694,PH-004,REG-01,EMP-0067,CUS-03393,2026-07-02 10:09:32,Sale,140.2,2.58,11.35,148.97,Credit Card,5,False,True,False,Completed
TXN-0003695,RCP-00003695,PH-002,REG-04,EMP-0023,,2026-05-03 18:07:01,Sale,207.65,4.86,16.73,219.52,Cash,4,False,False,False,Completed
TXN-0003696,RCP-00003696,PH-005,REG-01,EMP-0102,,2026-06-07 10:54:04,Sale,54.22,7.67,3.85,50.4,Debit Card,3,False,False,True,Completed
TXN-0003697,RCP-00003697,PH-002,REG-01,EMP-0041,,2026-06-15 20:51:09,Sale,65.4,7.86,4.75,62.29,Credit Card,3,False,False,False,Completed
TXN-0003698,RCP-00003698,PH-004,REG-02,EMP-0081,CUS-02287,2026-06-21 20:58:20,Sale,127.67,9.56,9.74,127.85,Cash,3,False,True,False,Completed
TXN-0003699,RCP-00003699,PH-001,REG-01,EMP-0006,CUS-04541,2026-06-29 14:03:30,Sale,82.46,0,6.81,89.27,Gift Card,3,False,True,False,Completed
TXN-0003700,RCP-00003700,PH-004,REG-05,EMP-0083,CUS-00049,2026-07-02 17:56:48,Sale,323.32,11.83,25.7,337.19,Cash,7,False,True,False,Completed
TXN-0003701,RCP-00003701,PH-002,REG-06,EMP-0025,CUS-01828,2026-05-25 20:19:58,Sale,300.86,0,24.81,325.67,Credit Card,6,False,True,False,Completed
TXN-0003702,RCP-00003702,PH-001,REG-04,EMP-0017,,2026-05-20 09:02:03,Sale,238.69,11.49,18.75,245.95,Cash,6,False,False,False,Completed
TXN-0003703,RCP-00003703,PH-004,REG-03,EMP-0080,,2026-05-07 16:42:00,Sale,193.3,0,15.95,209.25,Credit Card,5,False,False,False,Completed
TXN-0003704,RCP-00003704,PH-001,REG-04,EMP-0014,CUS-03154,2026-07-07 08:56:38,Sale,172.52,7.32,13.63,178.83,Gift Card,6,False,True,False,Completed
TXN-0003705,RCP-00003705,PH-003,REG-03,EMP-0046,,2026-05-24 16:31:43,Sale,109.36,0,9.02,118.38,Credit Card,3,False,False,False,Completed
TXN-0003706,RCP-00003706,PH-005,REG-02,EMP-0104,CUS-01847,2026-05-08 17:29:01,Sale,35.39,0,2.92,38.31,Credit Card,1,False,True,False,Completed
TXN-0003707,RCP-00003707,PH-003,REG-01,EMP-0062,CUS-01089,2026-06-27 21:57:19,Sale,76.49,0,6.31,82.8,Debit Card,2,False,True,False,Completed
TXN-0003708,RCP-00003708,PH-005,REG-06,EMP-0090,,2026-07-09 19:47:08,Sale,68.08,0,5.61,73.69,Debit Card,3,False,False,False,Completed
TXN-0003709,RCP-00003709,PH-001,REG-02,EMP-0019,CUS-01750,2026-05-10 14:39:57,Sale,62.18,2.23,4.95,64.9,Credit Card,5,False,True,False,Completed
TXN-0003710,RCP-00003710,PH-004,REG-06,EMP-0079,CUS-03532,2026-05-09 19:56:38,Sale,322.83,10.66,25.76,337.93,Debit Card,7,False,True,False,Completed
TXN-0003711,RCP-00003711,PH-005,REG-01,EMP-0091,CUS-02829,2026-07-29 21:11:38,Sale,259.41,0,21.4,280.81,Split Payment,5,False,True,False,Completed
TXN-0003712,RCP-00003712,PH-004,REG-05,EMP-0081,,2026-07-12 11:16:27,Sale,178.68,0,14.73,193.41,Debit Card,5,False,False,False,Completed
TXN-0003713,RCP-00003713,PH-004,REG-05,EMP-0069,CUS-04083,2026-06-23 18:55:29,Sale,198.92,7.12,15.83,207.63,Credit Card,6,False,True,False,Completed
TXN-0003714,RCP-00003714,PH-003,REG-02,EMP-0060,CUS-01492,2026-07-23 19:31:00,Sale,48.49,0,4.0,52.49,Split Payment,3,False,True,False,Completed
TXN-0003715,RCP-00003715,PH-003,REG-05,EMP-0058,,2026-06-28 09:48:52,Sale,99.52,6.61,7.67,100.58,Cash,3,False,False,False,Completed
TXN-0003716,RCP-00003716,PH-001,REG-01,EMP-0017,,2026-07-31 11:31:32,Sale,51.03,2.9,3.97,52.1,Debit Card,2,False,False,False,Completed
TXN-0003717,RCP-00003717,PH-005,REG-01,EMP-0103,,2026-06-16 14:26:57,Sale,225.71,0,18.61,244.32,Cash,5,False,False,False,Completed
TXN-0003718,RCP-00003718,PH-005,REG-06,EMP-0101,CUS-00810,2026-06-14 15:36:40,Sale,231.62,14.79,17.88,234.71,Debit Card,6,False,True,False,Completed
TXN-0003719,RCP-00003719,PH-001,REG-01,EMP-0003,CUS-02562,2026-05-13 20:57:02,Sale,306.21,9.22,24.5,321.49,Cash,6,False,True,False,Completed
TXN-0003720,RCP-00003720,PH-001,REG-02,EMP-0017,CUS-02700,2026-07-27 20:41:22,Sale,198.03,0,16.33,214.36,Debit Card,4,False,True,False,Completed
TXN-0003721,RCP-00003721,PH-001,REG-03,EMP-0015,,2026-06-10 15:00:36,Sale,206.0,16.6,15.63,205.03,Credit Card,4,False,False,True,Completed
TXN-0003722,RCP-00003722,PH-002,REG-06,EMP-0038,CUS-03324,2026-07-01 12:18:03,Sale,241.8,5.16,19.52,256.16,Credit Card,6,False,True,False,Completed
TXN-0003723,RCP-00003723,PH-004,REG-05,EMP-0067,CUS-02000,2026-05-29 17:34:21,Sale,43.19,0.75,3.5,45.94,Debit Card,3,False,True,False,Completed
TXN-0003724,RCP-00003724,PH-003,REG-03,EMP-0056,CUS-00070,2026-05-06 18:40:09,Sale,184.62,5.14,14.81,194.29,Credit Card,6,False,True,False,Completed
TXN-0003725,RCP-00003725,PH-003,REG-03,EMP-0064,CUS-02621,2026-05-20 08:16:10,Sale,46.8,8.7,3.15,41.25,Gift Card,2,False,True,False,Completed
TXN-0003726,RCP-00003726,PH-001,REG-01,EMP-0001,CUS-01084,2026-05-07 20:45:39,Sale,118.22,0,9.76,127.98,Credit Card,6,False,True,False,Completed
TXN-0003727,RCP-00003727,PH-004,REG-04,EMP-0086,CUS-02841,2026-07-17 21:02:23,Sale,359.38,8.66,28.94,379.66,Debit Card,7,False,True,False,Completed
TXN-0003728,RCP-00003728,PH-005,REG-05,EMP-0101,CUS-02726,2026-07-30 09:12:39,Sale,285.3,4.16,23.2,304.34,Cash,7,False,True,False,Completed
TXN-0003729,RCP-00003729,PH-005,REG-02,EMP-0100,CUS-04961,2026-06-06 17:00:11,Sale,65.29,0,5.39,70.68,Cash,2,False,True,False,Completed
TXN-0003730,RCP-00003730,PH-002,REG-04,EMP-0042,CUS-04979,2026-05-03 08:05:15,Sale,20.77,0,1.71,22.48,Cash,1,False,True,False,Completed
TXN-0003731,RCP-00003731,PH-001,REG-01,EMP-0013,CUS-04412,2026-07-13 11:31:21,Sale,133.45,0,11.01,144.46,Credit Card,5,False,True,False,Completed
TXN-0003732,RCP-00003732,PH-004,REG-05,EMP-0084,CUS-04667,2026-06-07 14:10:21,Sale,82.53,0,6.81,89.34,Cash,3,False,True,False,Completed
TXN-0003733,RCP-00003733,PH-003,REG-03,EMP-0057,CUS-02287,2026-07-18 11:05:59,Sale,101.63,0,8.38,110.01,Debit Card,5,False,True,False,Completed
TXN-0003734,RCP-00003734,PH-002,REG-02,EMP-0040,CUS-02030,2026-05-24 12:45:21,Sale,217.72,3.9,17.64,231.46,Debit Card,3,False,True,False,Completed
TXN-0003735,RCP-00003735,PH-002,REG-02,EMP-0023,CUS-04402,2026-05-13 17:25:46,Sale,90.88,0,7.49,98.37,Credit Card,2,False,True,False,Completed
TXN-0003736,RCP-00003736,PH-001,REG-04,EMP-0014,,2026-06-07 08:25:51,Sale,89.49,0,7.39,96.88,Debit Card,4,False,False,False,Completed
TXN-0003737,RCP-00003737,PH-005,REG-05,EMP-0102,CUS-01705,2026-05-16 08:06:28,Sale,121.66,0,10.04,131.7,Credit Card,3,False,True,False,Completed
TXN-0003738,RCP-00003738,PH-004,REG-03,EMP-0078,,2026-05-10 11:04:49,Sale,109.37,0,9.03,118.4,Debit Card,4,False,False,False,Completed
TXN-0003739,RCP-00003739,PH-002,REG-01,EMP-0036,,2026-05-07 16:23:48,Sale,266.4,0,21.98,288.38,Debit Card,5,False,False,False,Completed
TXN-0003740,RCP-00003740,PH-005,REG-01,EMP-0106,CUS-01152,2026-05-07 09:49:38,Sale,104.69,0,8.64,113.33,Gift Card,2,False,True,False,Completed
TXN-0003741,RCP-00003741,PH-001,REG-02,EMP-0006,CUS-02422,2026-05-19 16:42:20,Sale,29.54,0,2.44,31.98,Debit Card,1,False,True,False,Completed
TXN-0003742,RCP-00003742,PH-002,REG-04,EMP-0036,CUS-03672,2026-07-18 14:40:13,Sale,34.4,0,2.84,37.24,Debit Card,1,False,True,False,Completed
TXN-0003743,RCP-00003743,PH-003,REG-02,EMP-0060,CUS-02426,2026-06-08 15:53:42,Sale,129.21,0,10.67,139.88,Gift Card,4,False,True,False,Completed
TXN-0003744,RCP-00003744,PH-004,REG-06,EMP-0083,,2026-05-24 19:15:10,Sale,128.28,0,10.59,138.87,Credit Card,4,False,False,False,Completed
TXN-0003745,RCP-00003745,PH-003,REG-01,EMP-0057,CUS-04631,2026-05-29 18:54:29,Sale,132.76,2.31,10.76,141.21,Debit Card,4,False,True,False,Completed
TXN-0003746,RCP-00003746,PH-005,REG-02,EMP-0089,CUS-01541,2026-07-28 19:48:52,Sale,297.24,0,24.52,321.76,Debit Card,3,False,True,False,Completed
TXN-0003747,RCP-00003747,PH-003,REG-05,EMP-0046,CUS-04033,2026-06-26 10:33:22,Sale,250.87,16.78,19.32,253.41,Debit Card,5,False,True,False,Completed
TXN-0003748,RCP-00003748,PH-003,REG-04,EMP-0059,,2026-05-28 13:18:05,Sale,112.09,0,9.24,121.33,Cash,4,False,False,False,Completed
TXN-0003749,RCP-00003749,PH-004,REG-01,EMP-0082,CUS-01772,2026-05-24 10:33:51,Sale,178.14,0,14.7,192.84,Debit Card,6,False,True,False,Completed
TXN-0003750,RCP-00003750,PH-004,REG-06,EMP-0069,,2026-06-15 13:14:13,Sale,48.32,0,3.99,52.31,Credit Card,1,False,False,False,Completed
TXN-0003751,RCP-00003751,PH-001,REG-04,EMP-0001,CUS-01143,2026-07-19 11:52:13,Sale,141.34,8.47,10.96,143.83,Credit Card,5,False,True,False,Completed
TXN-0003752,RCP-00003752,PH-001,REG-05,EMP-0013,CUS-03271,2026-06-20 08:00:46,Sale,205.65,5.75,16.48,216.38,Credit Card,5,False,True,False,Completed
TXN-0003753,RCP-00003753,PH-002,REG-02,EMP-0040,CUS-00814,2026-07-31 16:09:57,Sale,86.76,0,7.15,93.91,Credit Card,2,False,True,False,Completed
TXN-0003754,RCP-00003754,PH-003,REG-06,EMP-0047,CUS-01759,2026-05-19 16:55:52,Sale,201.58,0,16.63,218.21,Cash,6,False,True,False,Completed
TXN-0003755,RCP-00003755,PH-003,REG-05,EMP-0060,CUS-00641,2026-07-21 19:45:00,Sale,214.87,5.81,17.25,226.31,Cash,4,False,True,False,Completed
TXN-0003756,RCP-00003756,PH-005,REG-02,EMP-0104,CUS-03251,2026-07-08 17:51:58,Sale,289.64,0,23.9,313.54,Split Payment,4,False,True,False,Completed
TXN-0003757,RCP-00003757,PH-005,REG-04,EMP-0103,CUS-01039,2026-06-08 20:41:42,Sale,80.17,0,6.62,86.79,Cash,4,False,True,False,Completed
TXN-0003758,RCP-00003758,PH-005,REG-06,EMP-0103,,2026-05-26 19:33:43,Sale,141.37,4.12,11.33,148.58,Gift Card,6,False,False,False,Completed
TXN-0003759,RCP-00003759,PH-001,REG-02,EMP-0018,CUS-00723,2026-05-26 12:44:52,Sale,135.25,4.28,10.8,141.77,Debit Card,4,False,True,False,Completed
TXN-0003760,RCP-00003760,PH-005,REG-05,EMP-0102,,2026-05-17 13:02:01,Sale,322.8,5.49,26.18,343.49,Cash,5,False,False,False,Completed
TXN-0003761,RCP-00003761,PH-005,REG-02,EMP-0103,CUS-04048,2026-07-25 21:50:57,Sale,99.45,0,8.2,107.65,Credit Card,3,False,True,False,Completed
TXN-0003762,RCP-00003762,PH-002,REG-06,EMP-0037,CUS-00309,2026-05-25 19:31:15,Sale,243.57,0,20.09,263.66,Debit Card,3,False,True,False,Completed
TXN-0003763,RCP-00003763,PH-001,REG-05,EMP-0006,CUS-01932,2026-05-08 17:44:41,Sale,121.65,0,10.04,131.69,Debit Card,1,False,True,False,Completed
TXN-0003764,RCP-00003764,PH-002,REG-02,EMP-0024,CUS-03048,2026-06-04 14:41:34,Sale,103.94,0.87,8.51,111.58,Credit Card,4,False,True,False,Completed
TXN-0003765,RCP-00003765,PH-002,REG-01,EMP-0041,CUS-03862,2026-07-29 15:26:03,Sale,169.67,9.37,13.21,173.51,Cash,5,False,True,False,Completed
TXN-0003766,RCP-00003766,PH-004,REG-02,EMP-0084,CUS-03801,2026-07-04 16:03:59,Sale,515.53,3.37,42.26,554.42,Cash,10,False,True,False,Completed
TXN-0003767,RCP-00003767,PH-003,REG-04,EMP-0047,CUS-04623,2026-05-31 19:12:34,Sale,142.2,0,11.73,153.93,Credit Card,5,False,True,False,Completed
TXN-0003768,RCP-00003768,PH-003,REG-02,EMP-0046,CUS-04998,2026-06-20 11:40:01,Sale,369.24,2.32,30.26,397.18,Cash,5,False,True,False,Completed
TXN-0003769,RCP-00003769,PH-004,REG-06,EMP-0078,,2026-05-07 09:44:33,Sale,294.54,6.63,23.76,311.67,Debit Card,3,False,False,False,Completed
TXN-0003770,RCP-00003770,PH-003,REG-04,EMP-0059,,2026-05-26 08:40:06,Sale,159.55,2.14,12.98,170.39,Cash,4,False,False,False,Completed
TXN-0003771,RCP-00003771,PH-004,REG-04,EMP-0067,,2026-05-18 17:31:57,Sale,295.07,21.82,22.54,295.79,Credit Card,4,False,False,True,Completed
TXN-0003772,RCP-00003772,PH-003,REG-04,EMP-0058,,2026-05-18 11:08:40,Sale,149.63,0,12.34,161.97,Debit Card,6,False,False,False,Completed
TXN-0003773,RCP-00003773,PH-001,REG-02,EMP-0006,CUS-04361,2026-07-23 14:23:51,Sale,136.28,0,11.26,147.54,Debit Card,6,False,True,False,Completed
TXN-0003774,RCP-00003774,PH-005,REG-06,EMP-0104,CUS-03233,2026-06-15 13:44:47,Sale,288.31,1.04,23.7,310.97,Credit Card,5,False,True,False,Completed
TXN-0003775,RCP-00003775,PH-005,REG-04,EMP-0106,,2026-07-14 16:43:41,Sale,167.15,0,13.79,180.94,Cash,5,False,False,False,Completed
TXN-0003776,RCP-00003776,PH-003,REG-02,EMP-0062,CUS-03796,2026-07-09 13:36:39,Sale,116.32,0,9.6,125.92,Cash,3,False,True,False,Completed
TXN-0003777,RCP-00003777,PH-003,REG-05,EMP-0058,CUS-01630,2026-06-30 15:05:20,Sale,87.36,10.6,6.33,83.09,Debit Card,4,False,True,False,Completed
TXN-0003778,RCP-00003778,PH-005,REG-02,EMP-0102,,2026-07-21 19:19:36,Sale,314.55,0,25.96,340.51,Debit Card,8,False,False,False,Completed
TXN-0003779,RCP-00003779,PH-005,REG-04,EMP-0101,CUS-03555,2026-05-05 16:11:06,Sale,17.64,0,1.46,19.1,Cash,1,False,True,False,Completed
TXN-0003780,RCP-00003780,PH-002,REG-05,EMP-0025,,2026-07-13 14:49:29,Sale,77.29,2.77,6.15,80.67,Cash,4,False,False,False,Completed
TXN-0003781,RCP-00003781,PH-003,REG-05,EMP-0064,CUS-04122,2026-06-12 20:03:11,Sale,270.75,0,22.34,293.09,Debit Card,5,False,True,False,Completed
TXN-0003782,RCP-00003782,PH-002,REG-02,EMP-0039,CUS-00766,2026-05-01 13:50:27,Sale,89.73,5.55,6.95,91.13,Credit Card,3,False,True,False,Completed
TXN-0003783,RCP-00003783,PH-002,REG-02,EMP-0038,CUS-03986,2026-07-15 17:30:12,Sale,145.88,0,12.04,157.92,Credit Card,4,False,True,False,Completed
TXN-0003784,RCP-00003784,PH-004,REG-05,EMP-0067,CUS-02043,2026-06-17 09:58:30,Sale,277.34,4.42,22.52,295.44,Debit Card,6,False,True,False,Completed
TXN-0003785,RCP-00003785,PH-002,REG-03,EMP-0037,CUS-04058,2026-07-06 12:25:48,Sale,360.75,0.21,29.74,390.28,Credit Card,6,False,True,False,Completed
TXN-0003786,RCP-00003786,PH-001,REG-05,EMP-0006,CUS-03977,2026-07-21 21:31:11,Sale,45.0,0,3.71,48.71,Debit Card,2,False,True,False,Completed
TXN-0003787,RCP-00003787,PH-003,REG-01,EMP-0064,CUS-02046,2026-07-06 16:59:31,Sale,107.76,0,8.89,116.65,Debit Card,4,False,True,False,Completed
TXN-0003788,RCP-00003788,PH-002,REG-05,EMP-0036,CUS-03766,2026-07-10 10:06:23,Sale,35.23,0.65,2.85,37.43,Split Payment,2,False,True,False,Completed
TXN-0003789,RCP-00003789,PH-003,REG-01,EMP-0058,CUS-03704,2026-07-05 08:49:32,Sale,91.08,2.45,7.32,95.95,Credit Card,6,False,True,False,Completed
TXN-0003790,RCP-00003790,PH-002,REG-06,EMP-0036,CUS-02348,2026-06-22 09:31:26,Sale,187.83,3.48,15.21,199.56,Cash,5,False,True,False,Completed
TXN-0003791,RCP-00003791,PH-003,REG-02,EMP-0062,CUS-02119,2026-05-08 16:07:20,Sale,110.93,0,9.16,120.09,Debit Card,4,False,True,False,Completed
TXN-0003792,RCP-00003792,PH-004,REG-04,EMP-0083,CUS-00321,2026-07-31 14:22:59,Sale,208.64,2.27,17.03,223.4,Debit Card,6,False,True,False,Completed
TXN-0003793,RCP-00003793,PH-004,REG-06,EMP-0085,,2026-06-06 11:45:22,Sale,122.06,0,10.08,132.14,Credit Card,4,False,False,False,Completed
TXN-0003794,RCP-00003794,PH-002,REG-04,EMP-0023,CUS-01896,2026-06-04 09:42:56,Sale,301.05,8.93,24.09,316.21,Cash,6,False,True,False,Completed
TXN-0003795,RCP-00003795,PH-001,REG-01,EMP-0018,,2026-07-19 10:04:08,Sale,230.66,0,19.03,249.69,Gift Card,4,False,False,False,Completed
TXN-0003796,RCP-00003796,PH-005,REG-06,EMP-0108,CUS-04143,2026-06-10 09:14:56,Sale,121.86,0,10.06,131.92,Cash,4,False,True,False,Completed
TXN-0003797,RCP-00003797,PH-003,REG-03,EMP-0047,,2026-05-24 15:08:42,Sale,256.1,0,21.13,277.23,Debit Card,6,False,False,False,Completed
TXN-0003798,RCP-00003798,PH-001,REG-05,EMP-0014,CUS-01283,2026-07-19 21:36:46,Sale,143.37,6.38,11.3,148.29,Credit Card,4,False,True,False,Completed
TXN-0003799,RCP-00003799,PH-004,REG-05,EMP-0067,CUS-00315,2026-06-08 19:25:12,Sale,149.34,0.4,12.29,161.23,Credit Card,6,False,True,False,Completed
TXN-0003800,RCP-00003800,PH-005,REG-03,EMP-0100,CUS-03091,2026-06-21 21:03:16,Sale,388.01,1.5,31.89,418.4,Cash,9,False,True,False,Completed
TXN-0003801,RCP-00003801,PH-005,REG-02,EMP-0105,CUS-03235,2026-07-19 18:52:53,Sale,213.05,0.6,17.52,229.97,Debit Card,7,False,True,False,Completed
TXN-0003802,RCP-00003802,PH-002,REG-01,EMP-0037,CUS-04925,2026-06-24 21:18:03,Sale,97.19,7.0,7.44,97.63,Credit Card,5,False,True,True,Completed
TXN-0003803,RCP-00003803,PH-003,REG-01,EMP-0060,,2026-05-13 18:53:36,Sale,39.36,4.64,2.86,37.58,Cash,3,False,False,False,Completed
TXN-0003804,RCP-00003804,PH-005,REG-01,EMP-0103,CUS-04610,2026-07-04 16:14:42,Sale,60.62,0,5.0,65.62,Cash,3,False,True,False,Completed
TXN-0003805,RCP-00003805,PH-002,REG-05,EMP-0038,,2026-05-25 13:22:45,Sale,52.22,2.85,4.08,53.45,Credit Card,3,False,False,False,Completed
TXN-0003806,RCP-00003806,PH-001,REG-03,EMP-0013,CUS-00918,2026-05-22 11:52:16,Sale,193.81,0,15.99,209.8,Cash,5,False,True,False,Completed
TXN-0003807,RCP-00003807,PH-001,REG-01,EMP-0013,CUS-01006,2026-05-24 13:58:01,Sale,482.04,31.0,37.22,488.26,Debit Card,5,False,True,False,Completed
TXN-0003808,RCP-00003808,PH-003,REG-03,EMP-0057,CUS-03891,2026-07-01 16:18:03,Sale,182.11,8.9,14.3,187.51,Credit Card,5,False,True,False,Completed
TXN-0003809,RCP-00003809,PH-004,REG-02,EMP-0084,CUS-04208,2026-06-19 10:23:21,Sale,188.64,10.64,14.69,192.69,Cash,3,False,True,False,Completed
TXN-0003810,RCP-00003810,PH-001,REG-01,EMP-0006,CUS-02046,2026-05-05 20:57:06,Sale,175.68,8.68,13.79,180.79,Split Payment,4,False,True,False,Completed
TXN-0003811,RCP-00003811,PH-004,REG-03,EMP-0079,CUS-03306,2026-07-12 13:50:46,Sale,431.92,3.99,35.32,463.25,Debit Card,8,False,True,False,Completed
TXN-0003812,RCP-00003812,PH-005,REG-05,EMP-0108,CUS-03842,2026-07-19 14:37:45,Sale,171.38,2.97,13.88,182.29,Credit Card,5,False,True,False,Completed
TXN-0003813,RCP-00003813,PH-002,REG-02,EMP-0025,CUS-00714,2026-05-05 11:30:33,Sale,150.33,6.84,11.84,155.33,Credit Card,4,False,True,False,Completed
TXN-0003814,RCP-00003814,PH-003,REG-03,EMP-0046,CUS-00071,2026-06-29 10:43:05,Sale,136.1,2.49,11.02,144.63,Credit Card,3,False,True,False,Completed
TXN-0003815,RCP-00003815,PH-004,REG-04,EMP-0078,CUS-03599,2026-05-20 17:20:10,Sale,107.43,3.93,8.53,112.03,Debit Card,5,False,True,False,Completed
TXN-0003816,RCP-00003816,PH-005,REG-03,EMP-0105,CUS-04464,2026-05-30 21:36:29,Sale,204.89,10.3,16.06,210.65,Debit Card,4,False,True,False,Completed
TXN-0003817,RCP-00003817,PH-001,REG-02,EMP-0001,,2026-06-12 18:41:25,Sale,81.81,2.8,6.52,85.53,Cash,2,False,False,False,Completed
TXN-0003818,RCP-00003818,PH-003,REG-05,EMP-0057,CUS-04730,2026-07-10 19:02:14,Sale,188.89,0,15.58,204.47,Credit Card,2,False,True,False,Completed
TXN-0003819,RCP-00003819,PH-003,REG-02,EMP-0061,CUS-00468,2026-05-14 14:31:44,Sale,83.28,6.01,6.37,83.64,Debit Card,4,False,True,False,Completed
TXN-0003820,RCP-00003820,PH-005,REG-05,EMP-0107,CUS-00259,2026-06-19 13:49:05,Sale,150.19,3.04,12.13,159.28,Credit Card,5,False,True,False,Completed
TXN-0003821,RCP-00003821,PH-005,REG-05,EMP-0107,CUS-03609,2026-07-13 15:11:50,Sale,59.46,1.81,4.75,62.4,Credit Card,3,False,True,False,Completed
TXN-0003822,RCP-00003822,PH-002,REG-04,EMP-0036,CUS-04721,2026-05-25 19:59:13,Sale,227.01,37.45,15.64,205.2,Debit Card,6,False,True,True,Completed
TXN-0003823,RCP-00003823,PH-005,REG-06,EMP-0106,CUS-03917,2026-05-29 20:24:03,Sale,209.31,13.74,16.13,211.7,Cash,5,False,True,False,Completed
TXN-0003824,RCP-00003824,PH-003,REG-04,EMP-0046,CUS-00607,2026-07-21 16:42:43,Sale,229.06,2.87,18.66,244.85,Credit Card,6,False,True,False,Completed
TXN-0003825,RCP-00003825,PH-004,REG-01,EMP-0081,CUS-04522,2026-06-03 15:57:04,Sale,119.43,22.14,8.03,105.32,Gift Card,3,False,True,True,Completed
TXN-0003826,RCP-00003826,PH-003,REG-03,EMP-0057,,2026-06-10 13:28:23,Sale,165.8,0,13.68,179.48,Debit Card,5,False,False,False,Completed
TXN-0003827,RCP-00003827,PH-002,REG-01,EMP-0037,CUS-01159,2026-07-01 21:02:07,Sale,342.75,4.25,27.92,366.42,Credit Card,5,False,True,False,Completed
TXN-0003828,RCP-00003828,PH-002,REG-04,EMP-0042,CUS-01971,2026-07-30 08:23:52,Sale,206.51,2.23,16.86,221.14,Debit Card,6,False,True,False,Completed
TXN-0003829,RCP-00003829,PH-004,REG-02,EMP-0078,CUS-00448,2026-06-10 19:27:40,Sale,197.58,0,16.3,213.88,Credit Card,4,False,True,False,Completed
TXN-0003830,RCP-00003830,PH-003,REG-03,EMP-0058,CUS-01053,2026-07-19 18:47:41,Sale,142.55,0,11.77,154.32,Cash,4,False,True,False,Completed
TXN-0003831,RCP-00003831,PH-004,REG-01,EMP-0079,CUS-00130,2026-05-15 08:30:39,Sale,165.36,18.48,12.11,158.99,Cash,4,False,True,False,Completed
TXN-0003832,RCP-00003832,PH-002,REG-01,EMP-0024,,2026-06-26 19:00:44,Sale,234.35,7.28,18.73,245.8,Debit Card,5,False,False,False,Completed
TXN-0003833,RCP-00003833,PH-004,REG-01,EMP-0078,CUS-02349,2026-06-14 15:29:32,Sale,215.67,0,17.79,233.46,Credit Card,6,False,True,False,Completed
TXN-0003834,RCP-00003834,PH-003,REG-06,EMP-0064,,2026-05-03 19:27:53,Sale,563.82,0,46.52,610.34,Credit Card,7,False,False,False,Completed
TXN-0003835,RCP-00003835,PH-004,REG-02,EMP-0084,CUS-01895,2026-05-13 16:52:23,Sale,165.27,0,13.64,178.91,Cash,5,False,True,False,Completed
TXN-0003836,RCP-00003836,PH-005,REG-04,EMP-0108,CUS-00498,2026-06-15 15:32:42,Sale,70.87,0,5.85,76.72,Split Payment,1,False,True,False,Completed
TXN-0003837,RCP-00003837,PH-005,REG-02,EMP-0103,,2026-05-18 14:11:00,Sale,137.82,0,11.38,149.2,Cash,4,False,False,False,Completed
TXN-0003838,RCP-00003838,PH-005,REG-02,EMP-0102,CUS-01609,2026-06-19 13:05:31,Sale,81.3,0,6.71,88.01,Debit Card,1,False,True,False,Completed
TXN-0003839,RCP-00003839,PH-004,REG-06,EMP-0080,CUS-03492,2026-05-03 19:26:33,Sale,53.79,0,4.45,58.24,Cash,3,False,True,False,Completed
TXN-0003840,RCP-00003840,PH-005,REG-06,EMP-0101,CUS-01078,2026-06-21 21:24:55,Sale,265.69,3.34,21.65,284.0,Gift Card,6,False,True,False,Completed
TXN-0003841,RCP-00003841,PH-003,REG-06,EMP-0045,CUS-03162,2026-05-18 14:25:32,Sale,195.28,0,16.1,211.38,Credit Card,4,False,True,False,Completed
TXN-0003842,RCP-00003842,PH-001,REG-02,EMP-0017,CUS-00003,2026-07-11 15:11:15,Sale,113.92,0,9.39,123.31,Credit Card,3,False,True,False,Completed
TXN-0003843,RCP-00003843,PH-001,REG-03,EMP-0016,CUS-04617,2026-07-31 17:55:09,Sale,89.41,5.71,6.9,90.6,Debit Card,4,False,True,False,Completed
TXN-0003844,RCP-00003844,PH-001,REG-03,EMP-0015,CUS-03334,2026-06-27 21:05:06,Sale,61.4,7.77,4.42,58.05,Credit Card,2,False,True,False,Completed
TXN-0003845,RCP-00003845,PH-004,REG-05,EMP-0078,CUS-02106,2026-07-30 09:50:01,Sale,532.17,7.27,43.3,568.2,Credit Card,7,False,True,False,Completed
TXN-0003846,RCP-00003846,PH-002,REG-04,EMP-0041,CUS-00651,2026-06-23 17:19:18,Sale,238.42,13.92,18.52,243.02,Credit Card,6,False,True,False,Completed
TXN-0003847,RCP-00003847,PH-002,REG-05,EMP-0023,CUS-00893,2026-07-15 10:59:14,Sale,254.43,10.93,20.08,263.58,Credit Card,5,False,True,False,Completed
TXN-0003848,RCP-00003848,PH-004,REG-03,EMP-0078,CUS-02419,2026-06-03 11:25:49,Sale,612.58,8.31,49.85,654.12,Credit Card,6,False,True,False,Completed
TXN-0003849,RCP-00003849,PH-001,REG-02,EMP-0001,CUS-01331,2026-06-13 17:33:04,Sale,103.89,0,8.58,112.47,Credit Card,3,False,True,False,Completed
TXN-0003850,RCP-00003850,PH-002,REG-06,EMP-0038,CUS-00389,2026-05-24 18:35:59,Sale,163.56,6.8,12.93,169.69,Credit Card,3,False,True,False,Completed
TXN-0003851,RCP-00003851,PH-001,REG-01,EMP-0016,CUS-02986,2026-07-09 19:18:45,Sale,127.73,0,10.54,138.27,Credit Card,3,False,True,False,Completed
TXN-0003852,RCP-00003852,PH-003,REG-04,EMP-0060,CUS-03110,2026-05-16 16:53:44,Sale,263.96,0.56,21.72,285.12,Credit Card,5,False,True,False,Completed
TXN-0003853,RCP-00003853,PH-002,REG-05,EMP-0024,CUS-04020,2026-05-18 14:05:11,Sale,126.57,0,10.45,137.02,Debit Card,3,False,True,False,Completed
TXN-0003854,RCP-00003854,PH-003,REG-04,EMP-0058,CUS-02878,2026-05-19 09:46:34,Sale,182.2,0,15.03,197.23,Credit Card,6,False,True,False,Completed
TXN-0003855,RCP-00003855,PH-004,REG-04,EMP-0068,,2026-07-08 10:24:46,Sale,122.97,0,10.15,133.12,Debit Card,5,False,False,False,Completed
TXN-0003856,RCP-00003856,PH-001,REG-06,EMP-0020,CUS-03572,2026-06-06 18:23:35,Sale,147.11,0,12.13,159.24,Cash,3,False,True,False,Completed
TXN-0003857,RCP-00003857,PH-004,REG-06,EMP-0086,,2026-05-27 19:33:03,Sale,379.63,5.4,30.86,405.09,Credit Card,7,False,False,False,Completed
TXN-0003858,RCP-00003858,PH-005,REG-02,EMP-0107,CUS-03551,2026-07-14 15:07:09,Sale,187.15,4.91,15.04,197.28,Debit Card,5,False,True,False,Completed
TXN-0003859,RCP-00003859,PH-003,REG-06,EMP-0056,CUS-01970,2026-05-18 18:07:14,Sale,128.44,4.96,10.19,133.67,Credit Card,4,False,True,False,Completed
TXN-0003860,RCP-00003860,PH-005,REG-05,EMP-0090,CUS-01240,2026-07-18 15:56:12,Sale,181.53,2.7,14.76,193.59,Cash,5,False,True,False,Completed
TXN-0003861,RCP-00003861,PH-004,REG-06,EMP-0082,CUS-04156,2026-07-22 18:56:46,Sale,258.92,3.33,21.08,276.67,Credit Card,8,False,True,False,Completed
TXN-0003862,RCP-00003862,PH-003,REG-04,EMP-0057,CUS-04977,2026-06-27 08:08:33,Sale,205.69,3.43,16.69,218.95,Credit Card,5,False,True,False,Completed
TXN-0003863,RCP-00003863,PH-005,REG-02,EMP-0108,CUS-02706,2026-05-01 08:52:48,Sale,143.05,3.31,11.52,151.26,Cash,6,False,True,False,Completed
TXN-0003864,RCP-00003864,PH-001,REG-05,EMP-0019,CUS-01885,2026-07-01 08:32:56,Sale,123.66,1.77,10.05,131.94,Cash,6,False,True,False,Completed
TXN-0003865,RCP-00003865,PH-004,REG-05,EMP-0084,CUS-00789,2026-06-15 20:10:50,Sale,228.64,2.35,18.67,244.96,Credit Card,4,False,True,False,Completed
TXN-0003866,RCP-00003866,PH-003,REG-04,EMP-0061,,2026-05-06 13:07:00,Sale,321.29,11.85,25.54,334.98,Debit Card,7,False,False,False,Completed
TXN-0003867,RCP-00003867,PH-004,REG-06,EMP-0086,CUS-04596,2026-06-17 11:46:26,Sale,334.34,10.26,26.74,350.82,Debit Card,7,False,True,False,Completed
TXN-0003868,RCP-00003868,PH-005,REG-02,EMP-0106,,2026-06-28 08:59:47,Sale,218.51,2.3,17.84,234.05,Credit Card,8,False,False,False,Completed
TXN-0003869,RCP-00003869,PH-003,REG-06,EMP-0062,CUS-01455,2026-06-26 12:57:09,Sale,140.07,0,11.56,151.63,Credit Card,6,False,True,False,Completed
TXN-0003870,RCP-00003870,PH-005,REG-06,EMP-0091,CUS-03277,2026-05-15 14:19:44,Sale,179.46,0,14.81,194.27,Cash,7,False,True,False,Completed
TXN-0003871,RCP-00003871,PH-002,REG-04,EMP-0041,CUS-04324,2026-07-04 18:57:57,Sale,103.54,46.59,4.7,61.65,Debit Card,1,False,True,True,Completed
TXN-0003872,RCP-00003872,PH-002,REG-05,EMP-0024,CUS-03409,2026-07-19 21:01:09,Sale,160.08,0,13.21,173.29,Credit Card,3,False,True,False,Completed
TXN-0003873,RCP-00003873,PH-001,REG-05,EMP-0015,CUS-00979,2026-07-06 19:36:22,Sale,160.48,18.79,11.7,153.39,Credit Card,3,False,True,False,Completed
TXN-0003874,RCP-00003874,PH-003,REG-01,EMP-0045,,2026-07-31 20:44:22,Sale,140.2,10.51,10.71,140.4,Credit Card,4,False,False,False,Completed
TXN-0003875,RCP-00003875,PH-005,REG-01,EMP-0103,CUS-04776,2026-07-26 19:22:29,Sale,184.35,0,15.2,199.55,Credit Card,5,False,True,False,Completed
TXN-0003876,RCP-00003876,PH-003,REG-06,EMP-0062,CUS-04613,2026-07-31 14:27:27,Sale,279.37,0,23.05,302.42,Cash,7,False,True,False,Completed
TXN-0003877,RCP-00003877,PH-005,REG-01,EMP-0102,,2026-06-22 11:04:23,Sale,138.36,1.24,11.32,148.44,Credit Card,4,False,False,False,Completed
TXN-0003878,RCP-00003878,PH-001,REG-04,EMP-0003,CUS-00490,2026-05-29 20:47:06,Sale,51.1,0,4.22,55.32,Credit Card,3,False,True,False,Completed
TXN-0003879,RCP-00003879,PH-002,REG-02,EMP-0023,CUS-00943,2026-05-21 12:15:50,Sale,318.96,6.18,25.8,338.58,Debit Card,6,False,True,False,Completed
TXN-0003880,RCP-00003880,PH-004,REG-01,EMP-0083,CUS-00887,2026-05-28 21:30:40,Sale,135.07,2.77,10.92,143.22,Credit Card,3,False,True,False,Completed
TXN-0003881,RCP-00003881,PH-005,REG-01,EMP-0104,CUS-04168,2026-06-09 15:33:09,Sale,173.62,1.94,14.16,185.84,Credit Card,2,False,True,False,Completed
TXN-0003882,RCP-00003882,PH-004,REG-02,EMP-0067,CUS-02358,2026-06-21 13:10:02,Sale,158.22,0,13.06,171.28,Debit Card,4,False,True,False,Completed
TXN-0003883,RCP-00003883,PH-005,REG-03,EMP-0104,CUS-02545,2026-06-10 12:06:43,Sale,290.67,8.75,23.25,305.17,Credit Card,6,False,True,False,Completed
TXN-0003884,RCP-00003884,PH-001,REG-06,EMP-0002,CUS-03909,2026-05-22 11:03:07,Sale,254.26,2.28,20.8,272.78,Cash,6,False,True,False,Completed
TXN-0003885,RCP-00003885,PH-004,REG-02,EMP-0082,CUS-02997,2026-07-20 12:08:27,Sale,417.36,0,34.43,451.79,Cash,6,False,True,False,Completed
TXN-0003886,RCP-00003886,PH-001,REG-02,EMP-0019,CUS-01482,2026-05-14 10:36:10,Sale,130.82,3.45,10.51,137.88,Credit Card,3,False,True,False,Completed
TXN-0003887,RCP-00003887,PH-001,REG-03,EMP-0017,CUS-03237,2026-05-22 10:57:18,Sale,122.69,2.33,9.93,130.29,Debit Card,3,False,True,False,Completed
TXN-0003888,RCP-00003888,PH-002,REG-05,EMP-0035,CUS-03988,2026-06-04 12:33:24,Sale,61.87,4.35,4.75,62.27,Credit Card,2,False,True,False,Completed
TXN-0003889,RCP-00003889,PH-001,REG-02,EMP-0001,CUS-02563,2026-06-13 09:11:42,Sale,400.64,9.37,32.28,423.55,Cash,7,False,True,False,Completed
TXN-0003890,RCP-00003890,PH-004,REG-02,EMP-0068,CUS-01204,2026-05-11 16:47:59,Sale,123.47,0,10.19,133.66,Gift Card,3,False,True,False,Completed
TXN-0003891,RCP-00003891,PH-005,REG-03,EMP-0103,,2026-05-08 08:45:43,Sale,221.58,0,18.28,239.86,Debit Card,2,False,False,False,Completed
TXN-0003892,RCP-00003892,PH-005,REG-03,EMP-0100,,2026-05-29 16:57:36,Sale,26.41,0,2.18,28.59,Debit Card,1,False,False,False,Completed
TXN-0003893,RCP-00003893,PH-003,REG-05,EMP-0059,CUS-01316,2026-05-27 14:18:20,Sale,150.21,0,12.39,162.6,Cash,3,False,True,False,Completed
TXN-0003894,RCP-00003894,PH-004,REG-02,EMP-0083,CUS-00361,2026-05-16 10:18:04,Sale,127.18,9.42,9.72,127.48,Credit Card,4,False,True,False,Completed
TXN-0003895,RCP-00003895,PH-002,REG-01,EMP-0023,,2026-05-25 11:45:08,Sale,29.04,0,2.4,31.44,Cash,3,False,False,False,Completed
TXN-0003896,RCP-00003896,PH-001,REG-04,EMP-0012,CUS-03945,2026-06-09 12:56:21,Sale,159.1,0,13.13,172.23,Credit Card,3,False,True,False,Completed
TXN-0003897,RCP-00003897,PH-002,REG-04,EMP-0034,CUS-04396,2026-05-18 12:55:11,Sale,171.64,0,14.17,185.81,Cash,6,False,True,False,Completed
TXN-0003898,RCP-00003898,PH-003,REG-01,EMP-0059,,2026-05-12 19:25:52,Sale,104.21,2.15,8.42,110.48,Debit Card,5,False,False,False,Completed
TXN-0003899,RCP-00003899,PH-002,REG-06,EMP-0041,CUS-04611,2026-06-02 14:35:31,Sale,57.22,0.78,4.66,61.1,Debit Card,2,False,True,False,Completed
TXN-0003900,RCP-00003900,PH-003,REG-01,EMP-0057,CUS-00531,2026-06-04 08:33:42,Sale,32.0,0,2.63,34.63,Credit Card,3,False,True,False,Completed
TXN-0003901,RCP-00003901,PH-004,REG-02,EMP-0068,CUS-00815,2026-05-07 17:20:25,Sale,410.32,26.4,31.67,415.59,Credit Card,10,False,True,False,Completed
TXN-0003902,RCP-00003902,PH-005,REG-04,EMP-0102,,2026-06-17 14:52:44,Sale,19.84,2.98,1.39,18.25,Debit Card,1,False,False,False,Completed
TXN-0003903,RCP-00003903,PH-005,REG-05,EMP-0090,,2026-07-14 15:36:05,Sale,163.01,7.06,12.87,168.82,Cash,7,False,False,False,Completed
TXN-0003904,RCP-00003904,PH-001,REG-01,EMP-0020,CUS-01448,2026-06-09 20:08:57,Sale,111.39,0,9.19,120.58,Debit Card,3,False,True,False,Completed
TXN-0003905,RCP-00003905,PH-002,REG-02,EMP-0037,,2026-06-22 16:37:12,Sale,258.71,4.98,20.94,274.67,Credit Card,6,False,False,False,Completed
TXN-0003906,RCP-00003906,PH-001,REG-02,EMP-0002,,2026-06-30 15:09:50,Sale,275.66,0.88,22.68,297.46,Debit Card,8,False,False,False,Completed
TXN-0003907,RCP-00003907,PH-005,REG-01,EMP-0108,CUS-03051,2026-05-13 20:17:16,Sale,448.69,24.75,34.97,458.91,Credit Card,6,False,True,False,Completed
TXN-0003908,RCP-00003908,PH-004,REG-05,EMP-0067,,2026-07-25 17:14:20,Sale,143.55,8.46,11.14,146.23,Credit Card,5,False,False,True,Completed
TXN-0003909,RCP-00003909,PH-002,REG-05,EMP-0024,CUS-00312,2026-05-08 11:16:02,Sale,391.37,1.49,32.17,422.05,Credit Card,8,False,True,False,Completed
TXN-0003910,RCP-00003910,PH-002,REG-06,EMP-0024,CUS-04879,2026-05-22 09:46:04,Sale,34.23,0,2.83,37.06,Cash,2,False,True,False,Completed
TXN-0003911,RCP-00003911,PH-004,REG-01,EMP-0068,,2026-05-26 12:32:58,Sale,163.38,10.82,12.59,165.15,Credit Card,3,False,False,False,Completed
TXN-0003912,RCP-00003912,PH-004,REG-05,EMP-0084,CUS-01386,2026-05-11 10:22:58,Sale,200.5,0,16.54,217.04,Credit Card,5,False,True,False,Completed
TXN-0003913,RCP-00003913,PH-005,REG-04,EMP-0108,CUS-01306,2026-06-11 09:39:02,Sale,333.09,0,27.49,360.58,Credit Card,7,False,True,False,Completed
TXN-0003914,RCP-00003914,PH-002,REG-06,EMP-0035,,2026-06-24 08:21:47,Sale,372.91,5.35,30.31,397.87,Credit Card,7,False,False,False,Completed
TXN-0003915,RCP-00003915,PH-005,REG-03,EMP-0103,,2026-05-29 08:49:39,Sale,52.25,0.35,4.28,56.18,Credit Card,4,False,False,False,Completed
TXN-0003916,RCP-00003916,PH-002,REG-05,EMP-0036,,2026-06-26 08:07:43,Sale,100.49,0.77,8.23,107.95,Gift Card,3,False,False,False,Completed
TXN-0003917,RCP-00003917,PH-001,REG-01,EMP-0001,CUS-00217,2026-05-18 19:15:48,Sale,55.9,0,4.61,60.51,Credit Card,3,False,True,False,Completed
TXN-0003918,RCP-00003918,PH-004,REG-04,EMP-0067,CUS-00162,2026-06-15 11:23:12,Sale,487.78,0.91,40.17,527.04,Credit Card,7,False,True,False,Completed
TXN-0003919,RCP-00003919,PH-005,REG-04,EMP-0101,CUS-04926,2026-05-25 18:50:29,Sale,207.75,9.43,16.37,214.69,Debit Card,4,False,True,False,Completed
TXN-0003920,RCP-00003920,PH-005,REG-06,EMP-0107,CUS-00279,2026-07-09 09:26:05,Sale,197.96,3.91,16.0,210.05,Debit Card,7,False,True,False,Completed
TXN-0003921,RCP-00003921,PH-002,REG-01,EMP-0023,CUS-01146,2026-06-25 10:37:47,Sale,17.6,0,1.45,19.05,Cash,1,False,True,False,Completed
TXN-0003922,RCP-00003922,PH-003,REG-01,EMP-0056,CUS-01460,2026-05-28 10:08:38,Sale,190.55,7.87,15.07,197.75,Cash,4,False,True,False,Completed
TXN-0003923,RCP-00003923,PH-005,REG-01,EMP-0089,CUS-03225,2026-05-03 16:22:33,Sale,288.83,11.41,22.88,300.3,Credit Card,6,False,True,False,Completed
TXN-0003924,RCP-00003924,PH-002,REG-05,EMP-0040,CUS-04972,2026-07-06 15:31:19,Sale,150.51,1.48,12.29,161.32,Credit Card,5,False,True,False,Completed
TXN-0003925,RCP-00003925,PH-004,REG-01,EMP-0079,CUS-03965,2026-05-17 21:34:01,Sale,481.48,1.46,39.62,519.64,Debit Card,10,False,True,False,Completed
TXN-0003926,RCP-00003926,PH-002,REG-01,EMP-0039,CUS-01357,2026-06-21 09:27:19,Sale,271.93,0,22.43,294.36,Cash,3,False,True,False,Completed
TXN-0003927,RCP-00003927,PH-003,REG-06,EMP-0046,CUS-02539,2026-06-13 20:41:50,Sale,41.24,0,3.4,44.64,Credit Card,1,False,True,False,Completed
TXN-0003928,RCP-00003928,PH-005,REG-05,EMP-0101,CUS-02675,2026-06-16 12:25:04,Sale,41.75,0,3.45,45.2,Cash,2,False,True,False,Completed
TXN-0003929,RCP-00003929,PH-001,REG-04,EMP-0015,CUS-01866,2026-05-08 19:04:18,Sale,204.3,0,16.86,221.16,Cash,4,False,True,False,Completed
TXN-0003930,RCP-00003930,PH-001,REG-02,EMP-0014,CUS-04360,2026-06-13 19:47:52,Sale,173.23,0,14.29,187.52,Cash,6,False,True,False,Completed
TXN-0003931,RCP-00003931,PH-002,REG-02,EMP-0034,CUS-02554,2026-05-27 09:07:08,Sale,74.06,0,6.11,80.17,Credit Card,3,False,True,False,Completed
TXN-0003932,RCP-00003932,PH-001,REG-01,EMP-0003,,2026-07-07 11:55:46,Sale,175.24,0,14.46,189.7,Credit Card,4,False,False,False,Completed
TXN-0003933,RCP-00003933,PH-005,REG-02,EMP-0104,CUS-04282,2026-07-28 12:21:24,Sale,252.7,7.65,20.21,265.26,Credit Card,7,False,True,False,Completed
TXN-0003934,RCP-00003934,PH-005,REG-06,EMP-0102,CUS-00572,2026-06-02 15:20:05,Sale,232.16,0,19.16,251.32,Debit Card,8,False,True,False,Completed
TXN-0003935,RCP-00003935,PH-005,REG-06,EMP-0102,CUS-03248,2026-07-12 19:41:04,Sale,203.77,2.93,16.56,217.4,Debit Card,7,False,True,False,Completed
TXN-0003936,RCP-00003936,PH-005,REG-04,EMP-0089,CUS-04206,2026-05-30 21:29:39,Sale,78.72,0,6.49,85.21,Debit Card,1,False,True,False,Completed
TXN-0003937,RCP-00003937,PH-002,REG-06,EMP-0024,,2026-07-13 17:44:32,Sale,208.55,0,17.2,225.75,Cash,5,False,False,False,Completed
TXN-0003938,RCP-00003938,PH-001,REG-05,EMP-0014,CUS-00797,2026-07-31 11:26:47,Sale,69.84,0,5.76,75.6,Debit Card,2,False,True,False,Completed
TXN-0003939,RCP-00003939,PH-003,REG-01,EMP-0063,CUS-04004,2026-07-23 16:05:23,Sale,31.51,1.43,2.48,32.56,Credit Card,2,False,True,False,Completed
TXN-0003940,RCP-00003940,PH-002,REG-05,EMP-0025,,2026-07-09 11:37:44,Sale,175.52,5.07,14.07,184.52,Credit Card,6,False,False,False,Completed
TXN-0003941,RCP-00003941,PH-003,REG-01,EMP-0056,CUS-03453,2026-07-24 20:10:47,Sale,110.48,1.67,8.98,117.79,Debit Card,4,False,True,False,Completed
TXN-0003942,RCP-00003942,PH-004,REG-05,EMP-0084,CUS-01413,2026-06-10 09:06:20,Sale,109.93,0,9.07,119.0,Cash,3,False,True,False,Completed
TXN-0003943,RCP-00003943,PH-001,REG-03,EMP-0018,CUS-03523,2026-06-02 12:25:51,Sale,204.87,0,16.9,221.77,Credit Card,7,False,True,False,Completed
TXN-0003944,RCP-00003944,PH-005,REG-06,EMP-0100,,2026-05-05 18:27:45,Sale,544.3,10.04,44.08,578.34,Debit Card,6,False,False,True,Completed
TXN-0003945,RCP-00003945,PH-003,REG-03,EMP-0059,CUS-02907,2026-06-29 12:00:53,Sale,74.4,0,6.14,80.54,Debit Card,3,False,True,False,Completed
TXN-0003946,RCP-00003946,PH-001,REG-01,EMP-0012,CUS-03531,2026-07-23 09:52:16,Sale,185.88,0,15.33,201.21,Gift Card,4,False,True,False,Completed
TXN-0003947,RCP-00003947,PH-003,REG-06,EMP-0061,CUS-04030,2026-06-14 13:41:15,Sale,120.21,0,9.91,130.12,Credit Card,2,False,True,False,Completed
TXN-0003948,RCP-00003948,PH-003,REG-02,EMP-0063,CUS-04598,2026-05-04 08:38:31,Sale,205.42,0,16.95,222.37,Credit Card,4,False,True,False,Completed
TXN-0003949,RCP-00003949,PH-003,REG-04,EMP-0046,,2026-05-16 20:59:57,Sale,115.18,0,9.5,124.68,Debit Card,3,False,False,False,Completed
TXN-0003950,RCP-00003950,PH-003,REG-06,EMP-0061,,2026-05-22 21:16:41,Sale,199.8,0,16.49,216.29,Debit Card,7,False,False,False,Completed
TXN-0003951,RCP-00003951,PH-002,REG-05,EMP-0040,,2026-06-20 18:20:26,Sale,222.28,8.13,17.67,231.82,Credit Card,4,False,False,False,Completed
TXN-0003952,RCP-00003952,PH-001,REG-03,EMP-0003,CUS-03341,2026-06-18 19:06:56,Sale,144.27,1.5,11.78,154.55,Debit Card,4,False,True,False,Completed
TXN-0003953,RCP-00003953,PH-003,REG-05,EMP-0058,CUS-03096,2026-06-03 09:23:55,Sale,187.96,0,15.51,203.47,Credit Card,5,False,True,False,Completed
TXN-0003954,RCP-00003954,PH-005,REG-02,EMP-0089,CUS-03244,2026-07-19 08:09:29,Sale,92.72,7.07,7.07,92.72,Cash,2,False,True,False,Completed
TXN-0003955,RCP-00003955,PH-002,REG-06,EMP-0034,CUS-04001,2026-07-27 21:59:02,Sale,78.36,7.31,5.86,76.91,Credit Card,2,False,True,False,Completed
TXN-0003956,RCP-00003956,PH-002,REG-02,EMP-0039,,2026-07-12 17:38:24,Sale,328.1,0,27.08,355.18,Credit Card,6,False,False,False,Completed
TXN-0003957,RCP-00003957,PH-001,REG-02,EMP-0002,,2026-06-21 15:07:54,Sale,302.04,0,24.91,326.95,Credit Card,8,False,False,False,Completed
TXN-0003958,RCP-00003958,PH-003,REG-01,EMP-0046,,2026-05-01 15:27:46,Sale,216.61,0,17.87,234.48,Credit Card,5,False,False,False,Completed
TXN-0003959,RCP-00003959,PH-003,REG-03,EMP-0046,CUS-02440,2026-06-12 16:25:52,Sale,224.48,6.37,17.99,236.1,Credit Card,4,False,True,False,Completed
TXN-0003960,RCP-00003960,PH-001,REG-02,EMP-0015,CUS-04386,2026-06-22 14:01:51,Sale,61.23,0,5.05,66.28,Credit Card,3,False,True,False,Completed
TXN-0003961,RCP-00003961,PH-001,REG-02,EMP-0020,CUS-01700,2026-05-22 13:04:10,Sale,29.57,1.48,2.32,30.41,Split Payment,1,False,True,False,Completed
TXN-0003962,RCP-00003962,PH-005,REG-03,EMP-0101,CUS-02791,2026-05-29 18:39:00,Sale,180.39,20.66,13.18,172.91,Debit Card,5,False,True,False,Completed
TXN-0003963,RCP-00003963,PH-001,REG-06,EMP-0006,CUS-03833,2026-07-20 19:58:25,Sale,273.3,21.04,20.81,273.07,Cash,6,False,True,False,Completed
TXN-0003964,RCP-00003964,PH-001,REG-06,EMP-0001,CUS-00222,2026-06-11 19:40:53,Sale,106.51,2.5,8.58,112.59,Cash,3,False,True,False,Completed
TXN-0003965,RCP-00003965,PH-005,REG-02,EMP-0107,CUS-00331,2026-07-05 19:25:25,Sale,7.85,0.39,0.62,8.08,Cash,1,False,True,False,Completed
TXN-0003966,RCP-00003966,PH-003,REG-03,EMP-0062,CUS-02610,2026-05-27 10:37:50,Sale,140.09,0.37,11.52,151.24,Cash,6,False,True,False,Completed
TXN-0003967,RCP-00003967,PH-001,REG-06,EMP-0012,CUS-00203,2026-05-19 09:43:44,Sale,39.56,0,3.26,42.82,Credit Card,1,False,True,False,Completed
TXN-0003968,RCP-00003968,PH-001,REG-01,EMP-0001,CUS-02370,2026-05-08 19:46:14,Sale,91.99,0,7.59,99.58,Debit Card,2,False,True,False,Completed
TXN-0003969,RCP-00003969,PH-001,REG-01,EMP-0016,CUS-04212,2026-06-10 16:12:29,Sale,137.45,0,11.34,148.79,Gift Card,5,False,True,False,Completed
TXN-0003970,RCP-00003970,PH-001,REG-04,EMP-0002,CUS-02739,2026-05-26 10:05:41,Sale,202.43,2.31,16.51,216.63,Debit Card,5,False,True,False,Completed
TXN-0003971,RCP-00003971,PH-003,REG-04,EMP-0060,,2026-07-08 11:46:38,Sale,171.39,1.32,14.04,184.11,Credit Card,4,False,False,False,Completed
TXN-0003972,RCP-00003972,PH-001,REG-05,EMP-0019,CUS-03939,2026-06-15 10:46:50,Sale,54.32,0,4.48,58.8,Credit Card,2,False,True,False,Completed
TXN-0003973,RCP-00003973,PH-005,REG-06,EMP-0091,CUS-03710,2026-05-03 13:54:40,Sale,65.52,0,5.41,70.93,Cash,2,False,True,False,Completed
TXN-0003974,RCP-00003974,PH-001,REG-01,EMP-0015,CUS-04642,2026-06-04 12:49:43,Sale,102.48,0,8.46,110.94,Gift Card,4,False,True,False,Completed
TXN-0003975,RCP-00003975,PH-005,REG-01,EMP-0108,CUS-02957,2026-06-09 21:56:13,Sale,25.67,0,2.12,27.79,Credit Card,1,False,True,False,Completed
TXN-0003976,RCP-00003976,PH-001,REG-02,EMP-0019,,2026-05-05 15:57:07,Sale,252.93,8.1,20.2,265.03,Gift Card,5,False,False,False,Completed
TXN-0003977,RCP-00003977,PH-003,REG-01,EMP-0045,CUS-03501,2026-05-08 10:35:20,Sale,426.48,55.45,30.61,401.64,Debit Card,5,False,True,True,Completed
TXN-0003978,RCP-00003978,PH-005,REG-02,EMP-0108,CUS-02329,2026-05-31 14:20:48,Sale,189.59,0,15.64,205.23,Gift Card,4,False,True,False,Completed
TXN-0003979,RCP-00003979,PH-005,REG-05,EMP-0108,CUS-04393,2026-06-22 18:42:43,Sale,215.45,4.18,17.43,228.7,Credit Card,4,False,True,False,Completed
TXN-0003980,RCP-00003980,PH-005,REG-02,EMP-0091,,2026-05-19 17:24:22,Sale,191.55,13.92,14.66,192.29,Credit Card,6,False,False,False,Completed
TXN-0003981,RCP-00003981,PH-005,REG-03,EMP-0101,,2026-06-13 18:18:11,Sale,160.61,0,13.24,173.85,Credit Card,5,False,False,False,Completed
TXN-0003982,RCP-00003982,PH-003,REG-04,EMP-0062,CUS-02692,2026-06-17 15:10:32,Sale,438.61,9.0,35.46,465.07,Debit Card,6,False,True,False,Completed
TXN-0003983,RCP-00003983,PH-003,REG-06,EMP-0061,,2026-07-01 18:11:38,Sale,111.81,11.18,8.3,108.93,Debit Card,2,False,False,False,Completed
TXN-0003984,RCP-00003984,PH-005,REG-04,EMP-0091,CUS-00950,2026-06-10 15:10:31,Sale,141.92,10.49,10.84,142.27,Debit Card,4,False,True,False,Completed
TXN-0003985,RCP-00003985,PH-001,REG-04,EMP-0013,CUS-00808,2026-06-17 09:31:34,Sale,145.87,15.58,10.75,141.04,Debit Card,4,False,True,False,Completed
TXN-0003986,RCP-00003986,PH-005,REG-05,EMP-0105,,2026-07-23 15:13:42,Sale,240.93,7.37,19.27,252.83,Cash,8,False,False,False,Completed
TXN-0003987,RCP-00003987,PH-001,REG-04,EMP-0019,CUS-04709,2026-07-13 14:53:10,Sale,65.28,3.52,5.1,66.86,Credit Card,3,False,True,False,Completed
TXN-0003988,RCP-00003988,PH-001,REG-06,EMP-0006,CUS-02734,2026-06-23 11:48:51,Sale,53.97,2.94,4.21,55.24,Cash,3,False,True,False,Completed
TXN-0003989,RCP-00003989,PH-004,REG-06,EMP-0068,CUS-00665,2026-07-15 08:03:50,Sale,163.35,3.8,13.15,172.7,Credit Card,4,False,True,False,Completed
TXN-0003990,RCP-00003990,PH-002,REG-04,EMP-0025,CUS-02709,2026-06-12 08:31:29,Sale,118.89,7.6,9.19,120.48,Credit Card,6,False,True,False,Completed
TXN-0003991,RCP-00003991,PH-005,REG-04,EMP-0103,CUS-03078,2026-05-02 11:40:23,Sale,94.66,0.21,7.79,102.24,Credit Card,4,False,True,False,Completed
TXN-0003992,RCP-00003992,PH-004,REG-05,EMP-0069,,2026-05-23 13:31:00,Sale,192.47,0,15.87,208.34,Debit Card,3,False,False,False,Completed
TXN-0003993,RCP-00003993,PH-001,REG-01,EMP-0001,CUS-00593,2026-07-14 19:28:41,Sale,94.01,2.58,7.54,98.97,Debit Card,3,False,True,False,Completed
TXN-0003994,RCP-00003994,PH-004,REG-05,EMP-0079,,2026-06-01 08:03:38,Sale,276.78,0,22.83,299.61,Debit Card,7,False,False,False,Completed
TXN-0003995,RCP-00003995,PH-004,REG-06,EMP-0069,CUS-00952,2026-07-11 15:14:36,Sale,117.05,0,9.66,126.71,Credit Card,3,False,True,False,Completed
TXN-0003996,RCP-00003996,PH-004,REG-04,EMP-0067,CUS-02002,2026-06-10 09:30:20,Sale,208.8,0,17.23,226.03,Debit Card,7,False,True,False,Completed
TXN-0003997,RCP-00003997,PH-002,REG-06,EMP-0037,CUS-01111,2026-06-05 14:29:10,Sale,98.32,3.34,7.85,102.83,Credit Card,6,False,True,False,Completed
TXN-0003998,RCP-00003998,PH-005,REG-06,EMP-0105,CUS-03463,2026-07-01 09:25:20,Sale,68.68,0.2,5.65,74.13,Credit Card,3,False,True,False,Completed
TXN-0003999,RCP-00003999,PH-005,REG-01,EMP-0105,,2026-05-11 13:15:14,Sale,132.02,8.5,10.19,133.71,Credit Card,5,False,False,True,Completed
TXN-0004000,RCP-00004000,PH-004,REG-06,EMP-0085,,2026-06-25 16:08:32,Sale,178.19,1.67,14.55,191.07,Debit Card,4,False,False,False,Completed
TXN-0004001,RCP-00004001,PH-003,REG-03,EMP-0063,CUS-03374,2026-06-05 13:30:35,Sale,75.1,0,6.19,81.29,Credit Card,3,False,True,False,Completed
TXN-0004002,RCP-00004002,PH-004,REG-05,EMP-0084,CUS-00220,2026-06-01 17:50:18,Sale,98.94,0,8.17,107.11,Cash,5,False,True,False,Completed
TXN-0004003,RCP-00004003,PH-004,REG-02,EMP-0067,,2026-07-20 14:47:55,Sale,34.75,1.74,2.72,35.73,Credit Card,1,False,False,False,Completed
TXN-0004004,RCP-00004004,PH-002,REG-05,EMP-0025,CUS-01394,2026-05-03 17:17:50,Sale,339.46,18.86,26.45,347.05,Split Payment,6,False,True,False,Completed
TXN-0004005,RCP-00004005,PH-002,REG-04,EMP-0025,,2026-05-09 14:29:19,Sale,140.88,4.17,11.28,147.99,Debit Card,3,False,False,False,Completed
TXN-0004006,RCP-00004006,PH-005,REG-01,EMP-0100,,2026-05-21 08:03:30,Sale,167.44,0,13.81,181.25,Credit Card,4,False,False,False,Completed
TXN-0004007,RCP-00004007,PH-004,REG-05,EMP-0080,CUS-02943,2026-05-23 08:43:27,Sale,132.45,0.83,10.87,142.49,Credit Card,6,False,True,False,Completed
TXN-0004008,RCP-00004008,PH-002,REG-04,EMP-0025,CUS-02153,2026-05-28 10:15:22,Sale,221.16,0,18.24,239.4,Cash,4,False,True,False,Completed
TXN-0004009,RCP-00004009,PH-001,REG-05,EMP-0001,CUS-04201,2026-07-18 17:20:31,Sale,99.21,0,8.19,107.4,Credit Card,3,False,True,False,Completed
TXN-0004010,RCP-00004010,PH-001,REG-06,EMP-0012,CUS-03650,2026-06-22 19:21:43,Sale,151.31,0.43,12.45,163.33,Debit Card,5,False,True,False,Completed
TXN-0004011,RCP-00004011,PH-001,REG-05,EMP-0014,CUS-01625,2026-05-22 20:51:37,Sale,316.03,23.86,24.1,316.27,Debit Card,3,False,True,False,Completed
TXN-0004012,RCP-00004012,PH-005,REG-02,EMP-0108,CUS-02157,2026-06-13 12:51:21,Sale,433.9,0,35.79,469.69,Cash,8,False,True,False,Completed
TXN-0004013,RCP-00004013,PH-002,REG-05,EMP-0039,,2026-06-23 10:44:35,Sale,85.81,2.15,6.9,90.56,Credit Card,5,False,False,False,Completed
TXN-0004014,RCP-00004014,PH-005,REG-01,EMP-0108,,2026-07-29 08:52:11,Sale,130.25,0,10.75,141.0,Debit Card,5,False,False,False,Completed
TXN-0004015,RCP-00004015,PH-005,REG-06,EMP-0108,CUS-00242,2026-06-04 09:50:40,Sale,93.66,0,7.73,101.39,Debit Card,3,False,True,False,Completed
TXN-0004016,RCP-00004016,PH-001,REG-03,EMP-0018,CUS-04869,2026-05-25 15:53:10,Sale,88.43,0,7.3,95.73,Split Payment,3,False,True,False,Completed
TXN-0004017,RCP-00004017,PH-003,REG-02,EMP-0064,CUS-00658,2026-07-21 15:42:46,Sale,75.69,1.95,6.08,79.82,Debit Card,4,False,True,False,Completed
TXN-0004018,RCP-00004018,PH-003,REG-02,EMP-0057,CUS-04960,2026-05-26 21:58:04,Sale,61.17,8.15,4.38,57.4,Credit Card,2,False,True,False,Completed
TXN-0004019,RCP-00004019,PH-003,REG-06,EMP-0046,CUS-00837,2026-06-15 10:23:49,Sale,428.39,0,35.35,463.74,Credit Card,7,False,True,False,Completed
TXN-0004020,RCP-00004020,PH-005,REG-01,EMP-0103,CUS-03888,2026-06-23 12:11:03,Sale,6.63,0.66,0.49,6.46,Credit Card,1,False,True,False,Completed
TXN-0004021,RCP-00004021,PH-003,REG-05,EMP-0045,,2026-07-15 17:31:01,Sale,190.15,12.71,14.65,192.09,Credit Card,6,False,False,False,Completed
TXN-0004022,RCP-00004022,PH-003,REG-03,EMP-0064,CUS-03943,2026-07-20 13:57:53,Sale,194.96,0,16.09,211.05,Credit Card,5,False,True,False,Completed
TXN-0004023,RCP-00004023,PH-002,REG-03,EMP-0038,CUS-03584,2026-07-04 18:45:09,Sale,230.57,0,19.02,249.59,Credit Card,3,False,True,False,Completed
TXN-0004024,RCP-00004024,PH-002,REG-04,EMP-0034,,2026-05-21 16:01:01,Sale,320.96,0,26.47,347.43,Debit Card,7,False,False,False,Completed
TXN-0004025,RCP-00004025,PH-002,REG-06,EMP-0034,,2026-06-20 12:10:18,Sale,324.62,0,26.78,351.4,Credit Card,6,False,False,False,Completed
TXN-0004026,RCP-00004026,PH-005,REG-05,EMP-0105,,2026-07-01 15:14:52,Sale,347.0,2.71,28.41,372.7,Credit Card,6,False,False,False,Completed
TXN-0004027,RCP-00004027,PH-001,REG-02,EMP-0006,,2026-07-15 08:16:45,Sale,495.16,1.35,40.74,534.55,Debit Card,7,False,False,False,Completed
TXN-0004028,RCP-00004028,PH-005,REG-03,EMP-0105,CUS-03105,2026-06-27 18:39:07,Sale,177.31,2.52,14.42,189.21,Credit Card,4,False,True,False,Completed
TXN-0004029,RCP-00004029,PH-003,REG-03,EMP-0062,CUS-00156,2026-06-23 21:21:09,Sale,133.59,0,11.02,144.61,Gift Card,4,False,True,False,Completed
TXN-0004030,RCP-00004030,PH-003,REG-03,EMP-0061,CUS-01559,2026-06-30 15:12:42,Sale,61.81,2.15,4.93,64.59,Credit Card,4,False,True,False,Completed
TXN-0004031,RCP-00004031,PH-001,REG-06,EMP-0015,,2026-07-06 09:11:19,Sale,77.72,3.92,6.09,79.89,Gift Card,2,False,False,False,Completed
TXN-0004032,RCP-00004032,PH-002,REG-01,EMP-0036,CUS-03730,2026-06-23 09:00:02,Sale,146.2,6.85,11.49,150.84,Debit Card,6,False,True,False,Completed
TXN-0004033,RCP-00004033,PH-003,REG-05,EMP-0063,,2026-05-16 18:44:00,Sale,191.2,13.08,14.7,192.82,Split Payment,5,False,False,False,Completed
TXN-0004034,RCP-00004034,PH-004,REG-03,EMP-0085,CUS-00687,2026-06-30 11:46:29,Sale,111.29,0,9.19,120.48,Debit Card,4,False,True,False,Completed
TXN-0004035,RCP-00004035,PH-004,REG-03,EMP-0069,CUS-00748,2026-06-15 18:16:02,Sale,1.74,0.09,0.14,1.79,Credit Card,1,False,True,False,Completed
TXN-0004036,RCP-00004036,PH-003,REG-06,EMP-0057,CUS-04471,2026-06-22 20:59:39,Sale,263.76,8.5,21.06,276.32,Credit Card,3,False,True,False,Completed
TXN-0004037,RCP-00004037,PH-004,REG-05,EMP-0085,CUS-02940,2026-06-26 13:49:04,Sale,198.02,11.74,15.37,201.65,Credit Card,3,False,True,False,Completed
TXN-0004038,RCP-00004038,PH-004,REG-05,EMP-0081,CUS-03507,2026-06-28 15:51:24,Sale,115.44,11.08,8.61,112.97,Credit Card,4,False,True,False,Completed
TXN-0004039,RCP-00004039,PH-003,REG-06,EMP-0061,CUS-02944,2026-07-25 20:32:26,Sale,135.39,10.15,10.33,135.57,Debit Card,5,False,True,False,Completed
TXN-0004040,RCP-00004040,PH-003,REG-06,EMP-0062,CUS-04977,2026-05-10 13:31:50,Sale,146.63,0,12.1,158.73,Credit Card,2,False,True,False,Completed
TXN-0004041,RCP-00004041,PH-005,REG-05,EMP-0108,CUS-00571,2026-06-06 14:56:46,Sale,235.81,5.65,18.99,249.15,Debit Card,5,False,True,False,Completed
TXN-0004042,RCP-00004042,PH-003,REG-02,EMP-0057,CUS-01503,2026-07-26 21:03:46,Sale,31.56,0,2.6,34.16,Cash,1,False,True,False,Completed
TXN-0004043,RCP-00004043,PH-003,REG-06,EMP-0062,,2026-05-07 16:41:55,Sale,181.14,0,14.94,196.08,Cash,5,False,False,False,Completed
TXN-0004044,RCP-00004044,PH-005,REG-01,EMP-0106,CUS-00116,2026-05-30 10:21:36,Sale,139.03,0,11.47,150.5,Credit Card,2,False,True,False,Completed
TXN-0004045,RCP-00004045,PH-004,REG-02,EMP-0085,CUS-01767,2026-05-25 16:32:33,Sale,163.25,25.67,11.35,148.93,Cash,3,False,True,False,Completed
TXN-0004046,RCP-00004046,PH-002,REG-04,EMP-0035,CUS-01800,2026-07-05 17:25:41,Sale,101.87,3.03,8.16,107.0,Cash,3,False,True,True,Completed
TXN-0004047,RCP-00004047,PH-005,REG-02,EMP-0105,CUS-01327,2026-06-11 13:49:15,Sale,109.84,5.02,8.65,113.47,Cash,4,False,True,False,Completed
TXN-0004048,RCP-00004048,PH-002,REG-02,EMP-0035,,2026-07-31 19:18:42,Sale,49.57,0,4.09,53.66,Credit Card,3,False,False,False,Completed
TXN-0004049,RCP-00004049,PH-002,REG-05,EMP-0035,CUS-00375,2026-05-07 15:24:17,Sale,537.48,33.9,41.56,545.14,Credit Card,10,False,True,False,Completed
TXN-0004050,RCP-00004050,PH-005,REG-04,EMP-0105,,2026-07-22 18:30:13,Sale,184.77,0,15.25,200.02,Split Payment,6,False,False,False,Completed
TXN-0004051,RCP-00004051,PH-005,REG-02,EMP-0100,CUS-00690,2026-05-26 11:54:00,Sale,214.62,10.09,16.87,221.4,Credit Card,4,False,True,False,Completed
TXN-0004052,RCP-00004052,PH-004,REG-03,EMP-0085,,2026-05-19 10:28:33,Sale,250.14,0,20.63,270.77,Cash,4,False,False,False,Completed
TXN-0004053,RCP-00004053,PH-003,REG-03,EMP-0062,,2026-06-24 10:19:27,Sale,96.41,6.45,7.42,97.38,Credit Card,3,False,False,False,Completed
TXN-0004054,RCP-00004054,PH-004,REG-03,EMP-0082,CUS-02062,2026-05-14 13:17:10,Sale,34.4,0,2.84,37.24,Debit Card,3,False,True,False,Completed
TXN-0004055,RCP-00004055,PH-002,REG-02,EMP-0034,CUS-04052,2026-06-14 10:49:45,Sale,127.91,0,10.55,138.46,Split Payment,6,False,True,False,Completed
TXN-0004056,RCP-00004056,PH-001,REG-01,EMP-0014,CUS-03325,2026-05-20 09:57:09,Sale,365.63,0,30.16,395.79,Credit Card,8,False,True,False,Completed
TXN-0004057,RCP-00004057,PH-003,REG-06,EMP-0063,CUS-02899,2026-06-19 20:28:39,Sale,234.94,0.89,19.31,253.36,Credit Card,6,False,True,False,Completed
TXN-0004058,RCP-00004058,PH-003,REG-05,EMP-0061,CUS-02936,2026-06-07 15:18:44,Sale,111.92,0.83,9.16,120.25,Credit Card,5,False,True,False,Completed
TXN-0004059,RCP-00004059,PH-003,REG-06,EMP-0057,,2026-07-19 08:56:13,Sale,218.63,6.67,17.48,229.44,Debit Card,6,False,False,False,Completed
TXN-0004060,RCP-00004060,PH-001,REG-05,EMP-0012,,2026-06-09 20:43:34,Sale,157.35,15.74,11.68,153.29,Credit Card,1,False,False,False,Completed
TXN-0004061,RCP-00004061,PH-004,REG-01,EMP-0080,,2026-05-08 12:16:03,Sale,180.19,14.15,13.7,179.74,Cash,5,False,False,False,Completed
TXN-0004062,RCP-00004062,PH-004,REG-02,EMP-0078,CUS-04168,2026-06-17 15:39:34,Sale,228.64,0,18.86,247.5,Credit Card,6,False,True,False,Completed
TXN-0004063,RCP-00004063,PH-001,REG-06,EMP-0015,CUS-03883,2026-06-06 16:33:56,Sale,193.72,13.38,14.87,195.21,Debit Card,4,False,True,False,Completed
TXN-0004064,RCP-00004064,PH-003,REG-02,EMP-0059,CUS-02534,2026-05-24 10:34:32,Sale,45.23,0,3.73,48.96,Credit Card,1,False,True,False,Completed
TXN-0004065,RCP-00004065,PH-003,REG-04,EMP-0045,CUS-02020,2026-06-03 20:25:53,Sale,178.4,2.54,14.5,190.36,Debit Card,5,False,True,False,Completed
TXN-0004066,RCP-00004066,PH-005,REG-01,EMP-0100,CUS-04628,2026-07-16 19:14:04,Sale,193.65,2.54,15.77,206.88,Credit Card,5,False,True,False,Completed
TXN-0004067,RCP-00004067,PH-003,REG-03,EMP-0058,CUS-00832,2026-07-18 08:19:07,Sale,153.1,10.37,11.78,154.51,Cash,4,False,True,False,Completed
TXN-0004068,RCP-00004068,PH-005,REG-06,EMP-0108,CUS-00911,2026-05-30 08:59:10,Sale,72.3,0,5.96,78.26,Cash,1,False,True,False,Completed
TXN-0004069,RCP-00004069,PH-004,REG-04,EMP-0079,,2026-07-19 09:32:55,Sale,51.66,0,4.26,55.92,Credit Card,2,False,False,False,Completed
TXN-0004070,RCP-00004070,PH-005,REG-02,EMP-0106,CUS-02896,2026-07-09 09:03:09,Sale,144.69,0,11.95,156.64,Cash,4,False,True,False,Completed
TXN-0004071,RCP-00004071,PH-004,REG-06,EMP-0081,,2026-07-31 17:00:53,Sale,189.66,8.02,14.98,196.62,Debit Card,5,False,False,False,Completed
TXN-0004072,RCP-00004072,PH-004,REG-06,EMP-0080,CUS-03066,2026-06-06 17:07:24,Sale,50.47,0,4.16,54.63,Gift Card,2,False,True,False,Completed
TXN-0004073,RCP-00004073,PH-003,REG-02,EMP-0056,CUS-02522,2026-07-17 19:42:58,Sale,157.73,13.55,11.89,156.07,Cash,4,False,True,True,Completed
TXN-0004074,RCP-00004074,PH-003,REG-05,EMP-0057,CUS-01589,2026-05-15 16:04:15,Sale,159.04,0,13.12,172.16,Debit Card,5,False,True,False,Completed
TXN-0004075,RCP-00004075,PH-002,REG-06,EMP-0025,CUS-00784,2026-06-30 12:23:26,Sale,209.73,0,17.31,227.04,Credit Card,4,False,True,False,Completed
TXN-0004076,RCP-00004076,PH-001,REG-02,EMP-0002,CUS-01184,2026-05-08 20:16:12,Sale,105.39,0,8.7,114.09,Credit Card,7,False,True,False,Completed
TXN-0004077,RCP-00004077,PH-004,REG-05,EMP-0078,,2026-07-07 10:06:09,Sale,439.59,3.48,35.97,472.08,Credit Card,5,False,False,False,Completed
TXN-0004078,RCP-00004078,PH-004,REG-06,EMP-0083,CUS-01465,2026-05-01 21:30:37,Sale,167.03,1.37,13.65,179.31,Credit Card,6,False,True,False,Completed
TXN-0004079,RCP-00004079,PH-005,REG-01,EMP-0089,CUS-03913,2026-06-03 21:22:08,Sale,292.81,36.23,21.17,277.75,Cash,6,False,True,False,Completed
TXN-0004080,RCP-00004080,PH-004,REG-02,EMP-0068,CUS-02319,2026-05-31 14:40:33,Sale,374.2,8.02,30.22,396.4,Debit Card,6,False,True,False,Completed
TXN-0004081,RCP-00004081,PH-005,REG-05,EMP-0091,CUS-01044,2026-06-19 11:54:09,Sale,241.76,0,19.95,261.71,Debit Card,8,False,True,False,Completed
TXN-0004082,RCP-00004082,PH-002,REG-01,EMP-0037,,2026-07-10 21:29:39,Sale,240.33,0,19.82,260.15,Credit Card,6,False,False,False,Completed
TXN-0004083,RCP-00004083,PH-004,REG-03,EMP-0078,,2026-06-30 19:20:54,Sale,216.14,5.3,17.4,228.24,Cash,6,False,False,False,Completed
TXN-0004084,RCP-00004084,PH-005,REG-02,EMP-0106,CUS-01447,2026-05-13 11:58:55,Sale,223.54,0,18.43,241.97,Debit Card,6,False,True,False,Completed
TXN-0004085,RCP-00004085,PH-003,REG-03,EMP-0060,CUS-01314,2026-07-08 14:53:21,Sale,72.98,0,6.03,79.01,Gift Card,3,False,True,False,Completed
TXN-0004086,RCP-00004086,PH-001,REG-06,EMP-0013,CUS-01307,2026-05-30 12:34:47,Sale,80.62,0.42,6.62,86.82,Split Payment,4,False,True,False,Completed
TXN-0004087,RCP-00004087,PH-001,REG-03,EMP-0001,CUS-00899,2026-06-22 14:40:43,Sale,242.5,0,20.01,262.51,Credit Card,4,False,True,False,Completed
TXN-0004088,RCP-00004088,PH-001,REG-04,EMP-0019,CUS-03938,2026-07-01 08:35:01,Sale,180.93,0,14.92,195.85,Debit Card,2,False,True,False,Completed
TXN-0004089,RCP-00004089,PH-004,REG-06,EMP-0079,,2026-05-04 10:45:23,Sale,90.42,0,7.47,97.89,Credit Card,4,False,False,False,Completed
TXN-0004090,RCP-00004090,PH-005,REG-02,EMP-0101,,2026-06-06 17:28:11,Sale,309.12,0,25.51,334.63,Cash,2,False,False,False,Completed
TXN-0004091,RCP-00004091,PH-004,REG-04,EMP-0068,,2026-06-16 20:48:07,Sale,154.26,7.03,12.15,159.38,Credit Card,6,False,False,False,Completed
TXN-0004092,RCP-00004092,PH-004,REG-05,EMP-0085,CUS-00325,2026-05-04 19:56:33,Sale,106.36,7.77,8.13,106.72,Debit Card,3,False,True,False,Completed
TXN-0004093,RCP-00004093,PH-005,REG-05,EMP-0107,CUS-01004,2026-06-24 14:40:56,Sale,180.53,0.95,14.82,194.4,Credit Card,7,False,True,False,Completed
TXN-0004094,RCP-00004094,PH-003,REG-02,EMP-0062,,2026-07-18 15:29:14,Sale,130.76,0,10.79,141.55,Credit Card,5,False,False,False,Completed
TXN-0004095,RCP-00004095,PH-005,REG-03,EMP-0105,CUS-04647,2026-05-11 11:36:46,Sale,268.8,24.33,20.17,264.64,Credit Card,4,False,True,False,Completed
TXN-0004096,RCP-00004096,PH-005,REG-06,EMP-0107,CUS-04913,2026-06-21 20:15:09,Sale,322.17,12.25,25.57,335.49,Debit Card,7,False,True,False,Completed
TXN-0004097,RCP-00004097,PH-004,REG-02,EMP-0079,CUS-02792,2026-07-27 20:44:29,Sale,39.01,0.43,3.19,41.77,Credit Card,2,False,True,False,Completed
TXN-0004098,RCP-00004098,PH-002,REG-04,EMP-0035,CUS-01428,2026-07-15 21:30:09,Sale,29.57,6.39,1.92,25.1,Credit Card,2,False,True,True,Completed
TXN-0004099,RCP-00004099,PH-005,REG-01,EMP-0091,CUS-02511,2026-05-18 13:43:16,Sale,265.41,3.68,21.59,283.32,Debit Card,7,False,True,False,Completed
TXN-0004100,RCP-00004100,PH-005,REG-06,EMP-0091,CUS-00764,2026-07-18 13:55:27,Sale,286.46,0,23.63,310.09,Credit Card,7,False,True,False,Completed
TXN-0004101,RCP-00004101,PH-002,REG-06,EMP-0041,,2026-06-18 17:39:14,Sale,57.67,0,4.75,62.42,Credit Card,3,False,False,False,Completed
TXN-0004102,RCP-00004102,PH-002,REG-06,EMP-0024,CUS-01217,2026-05-26 09:35:20,Sale,58.69,0,4.84,63.53,Credit Card,1,False,True,False,Completed
TXN-0004103,RCP-00004103,PH-001,REG-01,EMP-0006,CUS-02671,2026-06-06 19:55:54,Sale,405.73,0,33.46,439.19,Cash,8,False,True,False,Completed
TXN-0004104,RCP-00004104,PH-005,REG-01,EMP-0108,CUS-01864,2026-05-25 18:21:40,Sale,104.35,0,8.61,112.96,Cash,4,False,True,False,Completed
TXN-0004105,RCP-00004105,PH-001,REG-01,EMP-0006,CUS-00152,2026-06-03 15:09:14,Sale,264.15,3.95,21.45,281.65,Credit Card,7,False,True,False,Completed
TXN-0004106,RCP-00004106,PH-004,REG-04,EMP-0068,CUS-02566,2026-07-28 18:06:46,Sale,170.07,0.81,13.97,183.23,Credit Card,7,False,True,False,Completed
TXN-0004107,RCP-00004107,PH-001,REG-02,EMP-0015,CUS-01625,2026-06-30 11:24:58,Sale,120.44,0,9.94,130.38,Split Payment,4,False,True,False,Completed
TXN-0004108,RCP-00004108,PH-003,REG-01,EMP-0057,CUS-00988,2026-05-28 15:29:35,Sale,253.33,2.41,20.7,271.62,Credit Card,4,False,True,False,Completed
TXN-0004109,RCP-00004109,PH-002,REG-02,EMP-0034,CUS-03719,2026-05-26 12:35:17,Sale,433.1,12.48,34.71,455.33,Credit Card,6,False,True,False,Completed
TXN-0004110,RCP-00004110,PH-003,REG-05,EMP-0063,CUS-04605,2026-06-30 18:19:23,Sale,237.53,2.64,19.39,254.28,Credit Card,6,False,True,False,Completed
TXN-0004111,RCP-00004111,PH-004,REG-04,EMP-0079,,2026-06-12 16:53:25,Sale,116.27,0,9.6,125.87,Gift Card,2,False,False,False,Completed
TXN-0004112,RCP-00004112,PH-003,REG-06,EMP-0062,,2026-07-29 15:38:48,Sale,180.73,0,14.91,195.64,Debit Card,4,False,False,False,Completed
TXN-0004113,RCP-00004113,PH-003,REG-05,EMP-0058,CUS-00761,2026-07-25 21:34:53,Sale,48.18,0,3.98,52.16,Cash,2,False,True,False,Completed
TXN-0004114,RCP-00004114,PH-001,REG-02,EMP-0018,CUS-03764,2026-07-22 08:35:18,Sale,216.79,6.29,17.36,227.86,Credit Card,7,False,True,False,Completed
TXN-0004115,RCP-00004115,PH-001,REG-04,EMP-0006,CUS-00820,2026-07-30 14:35:17,Sale,110.86,11.89,8.16,107.13,Credit Card,4,False,True,False,Completed
TXN-0004116,RCP-00004116,PH-005,REG-01,EMP-0089,CUS-03201,2026-07-24 15:03:18,Sale,367.65,0,30.33,397.98,Credit Card,5,False,True,False,Completed
TXN-0004117,RCP-00004117,PH-005,REG-01,EMP-0090,CUS-03965,2026-06-14 16:37:32,Sale,87.78,0.65,7.19,94.32,Cash,4,False,True,False,Completed
TXN-0004118,RCP-00004118,PH-005,REG-05,EMP-0091,CUS-02112,2026-07-09 14:25:25,Sale,201.42,6.04,16.11,211.49,Credit Card,7,False,True,False,Completed
TXN-0004119,RCP-00004119,PH-005,REG-01,EMP-0091,CUS-00293,2026-07-16 14:57:02,Sale,228.69,0,18.88,247.57,Credit Card,6,False,True,False,Completed
TXN-0004120,RCP-00004120,PH-003,REG-01,EMP-0047,CUS-04376,2026-07-29 15:56:18,Sale,306.09,39.32,22.0,288.77,Debit Card,8,False,True,True,Completed
TXN-0004121,RCP-00004121,PH-003,REG-01,EMP-0061,,2026-06-06 19:00:48,Sale,149.18,0,12.31,161.49,Debit Card,4,False,False,False,Completed
TXN-0004122,RCP-00004122,PH-005,REG-01,EMP-0101,,2026-06-17 10:44:46,Sale,111.92,1.2,9.14,119.86,Credit Card,5,False,False,False,Completed
TXN-0004123,RCP-00004123,PH-001,REG-05,EMP-0012,,2026-05-15 10:45:53,Sale,161.51,0,13.32,174.83,Gift Card,6,False,False,False,Completed
TXN-0004124,RCP-00004124,PH-003,REG-02,EMP-0056,,2026-05-20 08:46:33,Sale,123.39,0,10.19,133.58,Debit Card,4,False,False,False,Completed
TXN-0004125,RCP-00004125,PH-005,REG-01,EMP-0102,CUS-03106,2026-06-08 18:04:06,Sale,167.67,0.86,13.77,180.58,Debit Card,5,False,True,False,Completed
TXN-0004126,RCP-00004126,PH-004,REG-02,EMP-0085,CUS-04863,2026-06-29 16:19:04,Sale,35.24,0,2.91,38.15,Credit Card,2,False,True,False,Completed
TXN-0004127,RCP-00004127,PH-003,REG-04,EMP-0059,CUS-04583,2026-07-14 18:11:13,Sale,255.81,7.69,20.47,268.59,Debit Card,6,False,True,False,Completed
TXN-0004128,RCP-00004128,PH-002,REG-05,EMP-0023,CUS-00674,2026-05-21 11:45:31,Sale,256.32,1.46,21.03,275.89,Cash,7,False,True,False,Completed
TXN-0004129,RCP-00004129,PH-005,REG-01,EMP-0107,CUS-00064,2026-06-23 15:14:08,Sale,250.58,12.33,19.65,257.9,Cash,7,False,True,False,Completed
TXN-0004130,RCP-00004130,PH-005,REG-04,EMP-0104,,2026-07-03 13:27:38,Sale,177.71,0,14.66,192.37,Credit Card,4,False,False,False,Completed
TXN-0004131,RCP-00004131,PH-002,REG-01,EMP-0040,CUS-02751,2026-07-11 20:12:38,Sale,197.53,11.97,15.31,200.87,Credit Card,6,False,True,False,Completed
TXN-0004132,RCP-00004132,PH-001,REG-01,EMP-0001,CUS-01142,2026-06-20 14:26:08,Sale,223.21,9.22,17.66,231.65,Credit Card,3,False,True,False,Completed
TXN-0004133,RCP-00004133,PH-004,REG-05,EMP-0078,CUS-04604,2026-05-16 16:45:21,Sale,98.74,6.6,7.6,99.74,Debit Card,2,False,True,False,Completed
TXN-0004134,RCP-00004134,PH-001,REG-01,EMP-0015,CUS-00076,2026-07-14 10:33:31,Sale,142.99,0,11.8,154.79,Credit Card,3,False,True,False,Completed
TXN-0004135,RCP-00004135,PH-004,REG-06,EMP-0067,CUS-01442,2026-05-22 12:39:38,Sale,268.02,2.17,21.93,287.78,Debit Card,4,False,True,False,Completed
TXN-0004136,RCP-00004136,PH-001,REG-06,EMP-0006,CUS-00196,2026-06-29 15:49:33,Sale,50.55,6.16,3.65,48.04,Cash,3,False,True,False,Completed
TXN-0004137,RCP-00004137,PH-004,REG-01,EMP-0079,CUS-02346,2026-06-01 21:38:02,Sale,98.65,0,8.14,106.79,Cash,2,False,True,False,Completed
TXN-0004138,RCP-00004138,PH-002,REG-05,EMP-0039,,2026-07-24 10:34:52,Sale,121.07,8.17,9.32,122.22,Debit Card,5,False,False,False,Completed
TXN-0004139,RCP-00004139,PH-001,REG-03,EMP-0020,CUS-04053,2026-06-13 10:24:41,Sale,136.25,0,11.24,147.49,Credit Card,2,False,True,False,Completed
TXN-0004140,RCP-00004140,PH-005,REG-05,EMP-0108,CUS-03903,2026-06-26 18:36:20,Sale,173.81,0,14.33,188.14,Cash,5,False,True,False,Completed
TXN-0004141,RCP-00004141,PH-001,REG-01,EMP-0019,,2026-07-26 18:35:23,Sale,137.86,3.48,11.09,145.47,Credit Card,3,False,False,False,Completed
TXN-0004142,RCP-00004142,PH-004,REG-05,EMP-0086,CUS-01392,2026-05-14 16:33:43,Sale,99.46,2.85,7.97,104.58,Cash,4,False,True,False,Completed
TXN-0004143,RCP-00004143,PH-002,REG-01,EMP-0023,CUS-03901,2026-05-19 11:05:11,Sale,189.79,2.46,15.44,202.77,Credit Card,5,False,True,False,Completed
TXN-0004144,RCP-00004144,PH-005,REG-05,EMP-0102,CUS-02075,2026-05-17 13:51:45,Sale,47.3,1.62,3.77,49.45,Split Payment,2,False,True,False,Completed
TXN-0004145,RCP-00004145,PH-004,REG-06,EMP-0069,,2026-06-20 12:28:30,Sale,368.23,21.07,28.64,375.8,Credit Card,8,False,False,True,Completed
TXN-0004146,RCP-00004146,PH-002,REG-05,EMP-0023,CUS-01840,2026-05-10 16:54:32,Sale,62.02,0,5.12,67.14,Cash,2,False,True,False,Completed
TXN-0004147,RCP-00004147,PH-004,REG-01,EMP-0079,CUS-04226,2026-06-14 20:01:50,Sale,168.51,0,13.89,182.4,Cash,6,False,True,False,Completed
TXN-0004148,RCP-00004148,PH-002,REG-05,EMP-0038,CUS-01732,2026-06-22 14:34:59,Sale,186.33,0,15.36,201.69,Debit Card,6,False,True,False,Completed
TXN-0004149,RCP-00004149,PH-004,REG-01,EMP-0085,CUS-01326,2026-05-10 09:58:36,Sale,73.17,0,6.03,79.2,Credit Card,3,False,True,False,Completed
TXN-0004150,RCP-00004150,PH-003,REG-03,EMP-0059,CUS-02421,2026-05-07 09:13:08,Sale,70.71,0,5.83,76.54,Cash,1,False,True,False,Completed
TXN-0004151,RCP-00004151,PH-003,REG-01,EMP-0062,CUS-03104,2026-07-10 17:17:42,Sale,242.46,16.61,18.63,244.48,Credit Card,6,False,True,False,Completed
TXN-0004152,RCP-00004152,PH-003,REG-01,EMP-0062,,2026-07-20 09:34:03,Sale,361.39,3.03,29.56,387.92,Debit Card,8,False,False,False,Completed
TXN-0004153,RCP-00004153,PH-001,REG-05,EMP-0002,CUS-00069,2026-07-10 18:40:37,Sale,27.35,1.04,2.17,28.48,Debit Card,2,False,True,False,Completed
TXN-0004154,RCP-00004154,PH-001,REG-02,EMP-0020,CUS-02618,2026-06-18 19:41:45,Sale,180.69,25.13,12.83,168.39,Credit Card,2,False,True,True,Completed
TXN-0004155,RCP-00004155,PH-003,REG-03,EMP-0063,CUS-02466,2026-07-26 11:29:38,Sale,29.12,0,2.4,31.52,Credit Card,1,False,True,False,Completed
TXN-0004156,RCP-00004156,PH-001,REG-03,EMP-0016,CUS-02239,2026-06-21 08:00:11,Sale,403.67,5.47,32.86,431.06,Cash,5,False,True,False,Completed
TXN-0004157,RCP-00004157,PH-001,REG-04,EMP-0019,CUS-02831,2026-07-31 18:27:36,Sale,123.79,6.13,9.72,127.38,Debit Card,3,False,True,False,Completed
TXN-0004158,RCP-00004158,PH-004,REG-02,EMP-0067,,2026-07-11 13:02:05,Sale,115.5,0.29,9.51,124.72,Debit Card,5,False,False,False,Completed
TXN-0004159,RCP-00004159,PH-002,REG-03,EMP-0039,,2026-06-29 14:46:16,Sale,24.44,0,2.02,26.46,Cash,2,False,False,False,Completed
TXN-0004160,RCP-00004160,PH-002,REG-02,EMP-0039,CUS-01393,2026-07-18 19:20:03,Sale,48.59,0.29,3.98,52.28,Credit Card,4,False,True,False,Completed
TXN-0004161,RCP-00004161,PH-003,REG-01,EMP-0057,CUS-04918,2026-06-16 10:31:36,Sale,53.52,0.5,4.37,57.39,Cash,3,False,True,False,Completed
TXN-0004162,RCP-00004162,PH-005,REG-04,EMP-0107,CUS-01555,2026-07-17 10:03:13,Sale,266.82,6.93,21.44,281.33,Gift Card,6,False,True,False,Completed
TXN-0004163,RCP-00004163,PH-003,REG-02,EMP-0060,CUS-04027,2026-06-04 11:39:11,Sale,187.97,0,15.51,203.48,Credit Card,3,False,True,False,Completed
TXN-0004164,RCP-00004164,PH-002,REG-02,EMP-0035,CUS-01097,2026-07-13 10:30:42,Sale,189.06,1.42,15.49,203.13,Gift Card,7,False,True,False,Completed
TXN-0004165,RCP-00004165,PH-001,REG-03,EMP-0013,CUS-02013,2026-06-09 19:36:49,Sale,167.03,9.08,13.04,170.99,Debit Card,4,False,True,False,Completed
TXN-0004166,RCP-00004166,PH-005,REG-01,EMP-0091,CUS-04057,2026-07-12 15:25:43,Sale,102.03,0,8.41,110.44,Credit Card,2,False,True,False,Completed
TXN-0004167,RCP-00004167,PH-002,REG-06,EMP-0039,CUS-03055,2026-07-17 21:11:30,Sale,268.7,37.86,19.04,249.88,Credit Card,7,False,True,True,Completed
TXN-0004168,RCP-00004168,PH-002,REG-05,EMP-0024,,2026-07-04 09:45:00,Sale,258.96,0.96,21.29,279.29,Credit Card,7,False,False,False,Completed
TXN-0004169,RCP-00004169,PH-005,REG-05,EMP-0102,CUS-04163,2026-05-03 21:15:24,Sale,57.77,0,4.76,62.53,Cash,2,False,True,False,Completed
TXN-0004170,RCP-00004170,PH-005,REG-05,EMP-0089,CUS-03810,2026-06-18 14:29:25,Sale,227.32,0,18.76,246.08,Credit Card,4,False,True,False,Completed
TXN-0004171,RCP-00004171,PH-002,REG-01,EMP-0025,,2026-05-13 09:29:16,Sale,115.37,6.08,9.02,118.31,Debit Card,5,False,False,False,Completed
TXN-0004172,RCP-00004172,PH-005,REG-02,EMP-0105,CUS-04188,2026-05-15 10:03:34,Sale,174.35,0,14.39,188.74,Debit Card,5,False,True,False,Completed
TXN-0004173,RCP-00004173,PH-002,REG-05,EMP-0042,CUS-03764,2026-07-06 08:59:13,Sale,164.76,0,13.59,178.35,Debit Card,5,False,True,False,Completed
TXN-0004174,RCP-00004174,PH-001,REG-03,EMP-0017,CUS-01543,2026-05-17 17:18:59,Sale,205.47,4.79,16.55,217.23,Credit Card,7,False,True,False,Completed
TXN-0004175,RCP-00004175,PH-004,REG-05,EMP-0085,CUS-03902,2026-07-18 21:13:34,Sale,113.52,0.1,9.37,122.79,Debit Card,4,False,True,False,Completed
TXN-0004176,RCP-00004176,PH-002,REG-02,EMP-0023,CUS-00305,2026-05-21 10:55:18,Sale,127.66,10.3,9.69,127.05,Credit Card,3,False,True,False,Completed
TXN-0004177,RCP-00004177,PH-004,REG-05,EMP-0079,CUS-01365,2026-05-05 08:51:13,Sale,205.95,1.2,16.88,221.63,Cash,6,False,True,False,Completed
TXN-0004178,RCP-00004178,PH-001,REG-02,EMP-0013,CUS-02553,2026-05-22 10:40:32,Sale,555.35,0,45.81,601.16,Cash,9,False,True,False,Completed
TXN-0004179,RCP-00004179,PH-004,REG-06,EMP-0067,CUS-02489,2026-05-23 09:19:40,Sale,153.25,9.73,11.84,155.36,Credit Card,7,False,True,False,Completed
TXN-0004180,RCP-00004180,PH-005,REG-05,EMP-0090,CUS-02512,2026-05-12 19:15:39,Sale,161.88,2.85,13.12,172.15,Split Payment,5,False,True,False,Completed
TXN-0004181,RCP-00004181,PH-002,REG-03,EMP-0041,CUS-03488,2026-05-21 09:16:19,Sale,222.05,0,18.32,240.37,Debit Card,7,False,True,False,Completed
TXN-0004182,RCP-00004182,PH-001,REG-01,EMP-0013,,2026-06-14 19:45:42,Sale,45.52,0,3.76,49.28,Split Payment,1,False,False,False,Completed
TXN-0004183,RCP-00004183,PH-001,REG-02,EMP-0016,CUS-03252,2026-05-03 12:55:06,Sale,150.96,13.47,11.34,148.83,Credit Card,3,False,True,False,Completed
TXN-0004184,RCP-00004184,PH-001,REG-02,EMP-0001,CUS-00031,2026-07-09 20:13:38,Sale,142.59,10.25,10.92,143.26,Debit Card,6,False,True,False,Completed
TXN-0004185,RCP-00004185,PH-001,REG-05,EMP-0016,,2026-07-16 21:27:22,Sale,155.2,0,12.8,168.0,Credit Card,2,False,False,False,Completed
TXN-0004186,RCP-00004186,PH-003,REG-01,EMP-0062,CUS-01190,2026-06-22 19:47:06,Sale,298.17,13.82,23.47,307.82,Credit Card,7,False,True,True,Completed
TXN-0004187,RCP-00004187,PH-005,REG-04,EMP-0103,CUS-04962,2026-07-11 11:05:26,Sale,354.6,7.02,28.67,376.25,Debit Card,10,False,True,False,Completed
TXN-0004188,RCP-00004188,PH-002,REG-03,EMP-0036,CUS-02508,2026-05-06 12:30:35,Sale,224.59,0,18.53,243.12,Debit Card,5,False,True,False,Completed
TXN-0004189,RCP-00004189,PH-001,REG-06,EMP-0019,CUS-04264,2026-07-29 20:12:05,Sale,73.37,0,6.05,79.42,Debit Card,2,False,True,False,Completed
TXN-0004190,RCP-00004190,PH-004,REG-03,EMP-0085,,2026-06-02 13:30:40,Sale,52.22,0,4.31,56.53,Debit Card,2,False,False,False,Completed
TXN-0004191,RCP-00004191,PH-001,REG-06,EMP-0001,CUS-01263,2026-07-07 21:22:28,Sale,59.92,0,4.95,64.87,Credit Card,2,False,True,False,Completed
TXN-0004192,RCP-00004192,PH-001,REG-02,EMP-0015,CUS-01617,2026-07-18 18:51:28,Sale,298.85,5.68,24.18,317.35,Debit Card,7,False,True,False,Completed
TXN-0004193,RCP-00004193,PH-005,REG-03,EMP-0105,CUS-03301,2026-05-24 20:54:45,Sale,213.88,0,17.64,231.52,Debit Card,5,False,True,False,Completed
TXN-0004194,RCP-00004194,PH-005,REG-02,EMP-0100,CUS-04046,2026-05-17 10:13:31,Sale,201.08,3.59,16.29,213.78,Debit Card,6,False,True,False,Completed
TXN-0004195,RCP-00004195,PH-002,REG-03,EMP-0038,CUS-03327,2026-06-03 10:39:39,Sale,144.23,3.95,11.57,151.85,Credit Card,3,False,True,False,Completed
TXN-0004196,RCP-00004196,PH-004,REG-01,EMP-0080,CUS-02702,2026-06-12 17:32:47,Sale,98.89,0,8.15,107.04,Cash,4,False,True,False,Completed
TXN-0004197,RCP-00004197,PH-002,REG-05,EMP-0025,CUS-02558,2026-07-16 18:47:33,Sale,66.39,3.78,5.16,67.77,Cash,2,False,True,False,Completed
TXN-0004198,RCP-00004198,PH-004,REG-04,EMP-0078,CUS-03393,2026-07-30 16:01:17,Sale,189.93,8.86,14.93,196.0,Debit Card,5,False,True,False,Completed
TXN-0004199,RCP-00004199,PH-005,REG-04,EMP-0091,CUS-00902,2026-06-01 19:59:02,Sale,216.63,3.55,17.58,230.66,Credit Card,5,False,True,False,Completed
TXN-0004200,RCP-00004200,PH-005,REG-04,EMP-0089,,2026-06-29 20:41:00,Sale,264.8,27.54,19.57,256.83,Credit Card,6,False,False,False,Completed
TXN-0004201,RCP-00004201,PH-002,REG-05,EMP-0034,CUS-00211,2026-05-03 16:51:25,Sale,120.67,0,9.95,130.62,Gift Card,6,False,True,False,Completed
TXN-0004202,RCP-00004202,PH-003,REG-03,EMP-0058,CUS-02414,2026-06-29 10:44:17,Sale,290.03,2.26,23.75,311.52,Cash,8,False,True,False,Completed
TXN-0004203,RCP-00004203,PH-001,REG-03,EMP-0018,CUS-00190,2026-05-13 10:08:26,Sale,396.21,0,32.69,428.9,Credit Card,7,False,True,False,Completed
TXN-0004204,RCP-00004204,PH-005,REG-06,EMP-0108,,2026-07-01 10:27:00,Sale,388.72,4.71,31.68,415.69,Debit Card,6,False,False,False,Completed
TXN-0004205,RCP-00004205,PH-004,REG-02,EMP-0082,CUS-02877,2026-06-05 10:37:29,Sale,5.12,0.77,0.36,4.71,Credit Card,1,False,True,False,Completed
TXN-0004206,RCP-00004206,PH-001,REG-06,EMP-0020,CUS-01598,2026-05-25 20:12:36,Sale,204.82,9.22,16.14,211.74,Debit Card,6,False,True,False,Completed
TXN-0004207,RCP-00004207,PH-005,REG-01,EMP-0104,,2026-05-27 18:16:58,Sale,268.01,21.59,20.34,266.76,Cash,6,False,False,False,Completed
TXN-0004208,RCP-00004208,PH-003,REG-03,EMP-0059,CUS-01138,2026-05-03 14:51:38,Sale,250.17,19.45,19.03,249.75,Debit Card,6,False,True,False,Completed
TXN-0004209,RCP-00004209,PH-001,REG-05,EMP-0020,,2026-06-24 10:16:37,Sale,138.7,1.66,11.3,148.34,Credit Card,7,False,False,False,Completed
TXN-0004210,RCP-00004210,PH-002,REG-02,EMP-0023,,2026-05-24 11:11:45,Sale,156.35,5.33,12.46,163.48,Credit Card,4,False,False,False,Completed
TXN-0004211,RCP-00004211,PH-002,REG-01,EMP-0037,CUS-01682,2026-06-28 11:10:43,Sale,140.88,0.88,11.54,151.54,Credit Card,3,False,True,False,Completed
TXN-0004212,RCP-00004212,PH-001,REG-06,EMP-0001,,2026-05-05 16:22:15,Sale,169.65,29.98,11.53,151.2,Debit Card,6,False,False,True,Completed
TXN-0004213,RCP-00004213,PH-005,REG-06,EMP-0102,CUS-04127,2026-05-30 20:53:30,Sale,135.51,0.32,11.16,146.35,Credit Card,5,False,True,False,Completed
TXN-0004214,RCP-00004214,PH-002,REG-05,EMP-0039,CUS-03279,2026-07-18 14:47:46,Sale,78.23,0,6.45,84.68,Debit Card,3,False,True,False,Completed
TXN-0004215,RCP-00004215,PH-004,REG-02,EMP-0085,CUS-03002,2026-05-02 12:12:32,Sale,101.6,0,8.39,109.99,Credit Card,2,False,True,False,Completed
TXN-0004216,RCP-00004216,PH-003,REG-01,EMP-0058,,2026-07-06 09:39:42,Sale,127.45,0,10.51,137.96,Cash,3,False,False,False,Completed
TXN-0004217,RCP-00004217,PH-005,REG-06,EMP-0089,CUS-02749,2026-06-02 21:25:56,Sale,132.93,0,10.96,143.89,Cash,4,False,True,False,Completed
TXN-0004218,RCP-00004218,PH-002,REG-01,EMP-0042,CUS-02179,2026-06-02 19:22:43,Sale,325.33,28.15,24.5,321.68,Credit Card,9,False,True,True,Completed
TXN-0004219,RCP-00004219,PH-002,REG-05,EMP-0041,,2026-06-22 09:59:14,Sale,97.81,2.26,7.88,103.43,Debit Card,5,False,False,False,Completed
TXN-0004220,RCP-00004220,PH-005,REG-01,EMP-0089,CUS-03353,2026-06-20 17:57:30,Sale,260.8,12.38,20.51,268.93,Cash,8,False,True,False,Completed
TXN-0004221,RCP-00004221,PH-002,REG-04,EMP-0041,CUS-02337,2026-06-20 10:21:57,Sale,236.26,6.63,18.96,248.59,Gift Card,9,False,True,False,Completed
TXN-0004222,RCP-00004222,PH-002,REG-03,EMP-0040,CUS-00333,2026-05-27 17:00:44,Sale,507.57,14.08,40.71,534.2,Gift Card,6,False,True,True,Completed
TXN-0004223,RCP-00004223,PH-001,REG-05,EMP-0018,CUS-02882,2026-05-28 13:11:33,Sale,189.58,8.14,14.98,196.42,Debit Card,5,False,True,False,Completed
TXN-0004224,RCP-00004224,PH-004,REG-04,EMP-0085,CUS-00666,2026-06-10 13:49:44,Sale,157.97,0,13.04,171.01,Credit Card,4,False,True,False,Completed
TXN-0004225,RCP-00004225,PH-004,REG-03,EMP-0067,,2026-05-08 20:43:10,Sale,55.69,0,4.59,60.28,Split Payment,2,False,False,False,Completed
TXN-0004226,RCP-00004226,PH-002,REG-05,EMP-0024,CUS-04416,2026-06-21 15:25:34,Sale,282.67,9.31,22.56,295.92,Credit Card,5,False,True,False,Completed
TXN-0004227,RCP-00004227,PH-001,REG-06,EMP-0018,CUS-00636,2026-06-03 17:35:52,Sale,477.8,18.6,37.89,497.09,Credit Card,8,False,True,False,Completed
TXN-0004228,RCP-00004228,PH-001,REG-06,EMP-0002,CUS-04354,2026-05-09 11:11:43,Sale,177.08,0,14.61,191.69,Gift Card,2,False,True,False,Completed
TXN-0004229,RCP-00004229,PH-003,REG-05,EMP-0063,CUS-03876,2026-05-24 10:59:04,Sale,468.12,0,38.63,506.75,Debit Card,7,False,True,False,Completed
TXN-0004230,RCP-00004230,PH-004,REG-02,EMP-0068,CUS-01300,2026-06-22 18:08:44,Sale,195.49,1.32,16.02,210.19,Debit Card,6,False,True,False,Completed
TXN-0004231,RCP-00004231,PH-001,REG-04,EMP-0015,CUS-00453,2026-07-12 08:29:02,Sale,62.1,4.05,4.79,62.84,Cash,2,False,True,False,Completed
TXN-0004232,RCP-00004232,PH-005,REG-01,EMP-0102,,2026-05-24 08:44:52,Sale,91.08,7.37,6.9,90.61,Debit Card,2,False,False,False,Completed
TXN-0004233,RCP-00004233,PH-002,REG-01,EMP-0035,CUS-01647,2026-05-24 18:13:57,Sale,91.53,0,7.56,99.09,Debit Card,5,False,True,False,Completed
TXN-0004234,RCP-00004234,PH-003,REG-06,EMP-0060,,2026-05-11 08:15:34,Sale,177.72,1.4,14.55,190.87,Debit Card,7,False,False,False,Completed
TXN-0004235,RCP-00004235,PH-003,REG-02,EMP-0062,CUS-01456,2026-05-03 09:37:29,Sale,382.92,0,31.59,414.51,Credit Card,4,False,True,False,Completed
TXN-0004236,RCP-00004236,PH-002,REG-03,EMP-0037,CUS-04205,2026-07-17 17:33:31,Sale,136.82,0,11.28,148.1,Credit Card,5,False,True,False,Completed
TXN-0004237,RCP-00004237,PH-005,REG-02,EMP-0091,CUS-01213,2026-06-03 16:19:12,Sale,72.05,0,5.95,78.0,Debit Card,2,False,True,False,Completed
TXN-0004238,RCP-00004238,PH-005,REG-05,EMP-0090,CUS-00529,2026-07-17 13:45:45,Sale,228.21,2.74,18.61,244.08,Credit Card,7,False,True,False,Completed
TXN-0004239,RCP-00004239,PH-001,REG-05,EMP-0018,CUS-03180,2026-05-05 08:37:22,Sale,78.1,0,6.44,84.54,Cash,1,False,True,False,Completed
TXN-0004240,RCP-00004240,PH-003,REG-05,EMP-0059,,2026-07-23 18:12:25,Sale,86.01,2.84,6.86,90.03,Credit Card,5,False,False,True,Completed
TXN-0004241,RCP-00004241,PH-002,REG-06,EMP-0035,CUS-04702,2026-06-26 17:07:52,Sale,182.26,5.77,14.56,191.05,Debit Card,3,False,True,False,Completed
TXN-0004242,RCP-00004242,PH-003,REG-06,EMP-0062,CUS-04585,2026-05-22 18:34:49,Sale,70.87,3.54,5.55,72.88,Credit Card,1,False,True,False,Completed
TXN-0004243,RCP-00004243,PH-005,REG-05,EMP-0105,CUS-00818,2026-05-11 16:39:14,Sale,282.63,0,23.32,305.95,Debit Card,5,False,True,False,Completed
TXN-0004244,RCP-00004244,PH-005,REG-06,EMP-0106,CUS-02027,2026-06-26 16:33:37,Sale,87.21,0,7.2,94.41,Credit Card,5,False,True,False,Completed
TXN-0004245,RCP-00004245,PH-004,REG-05,EMP-0083,,2026-05-11 11:30:02,Sale,93.89,0,7.75,101.64,Debit Card,5,False,False,False,Completed
TXN-0004246,RCP-00004246,PH-004,REG-03,EMP-0086,,2026-06-02 17:43:34,Sale,28.51,0,2.35,30.86,Debit Card,2,False,False,False,Completed
TXN-0004247,RCP-00004247,PH-003,REG-06,EMP-0061,CUS-01177,2026-07-02 14:30:59,Sale,319.67,0,26.38,346.05,Debit Card,5,False,True,False,Completed
TXN-0004248,RCP-00004248,PH-001,REG-05,EMP-0015,CUS-03933,2026-05-14 08:00:15,Sale,148.66,0,12.26,160.92,Credit Card,5,False,True,False,Completed
TXN-0004249,RCP-00004249,PH-005,REG-04,EMP-0102,CUS-02093,2026-06-10 15:27:24,Sale,112.7,7.06,8.71,114.35,Credit Card,4,False,True,False,Completed
TXN-0004250,RCP-00004250,PH-001,REG-05,EMP-0018,CUS-04646,2026-06-04 15:20:46,Sale,329.1,0,27.16,356.26,Credit Card,6,False,True,False,Completed
TXN-0004251,RCP-00004251,PH-004,REG-02,EMP-0079,,2026-05-14 14:25:25,Sale,102.51,0,8.45,110.96,Debit Card,6,False,False,False,Completed
TXN-0004252,RCP-00004252,PH-002,REG-03,EMP-0035,CUS-04560,2026-05-07 21:23:29,Sale,154.71,22.09,10.94,143.56,Debit Card,4,False,True,True,Completed
TXN-0004253,RCP-00004253,PH-002,REG-04,EMP-0035,CUS-01343,2026-06-09 19:44:46,Sale,250.81,71.56,14.78,194.03,Credit Card,6,False,True,True,Completed
TXN-0004254,RCP-00004254,PH-001,REG-04,EMP-0013,CUS-03739,2026-07-14 14:22:54,Sale,163.81,4.6,13.14,172.35,Credit Card,5,False,True,False,Completed
TXN-0004255,RCP-00004255,PH-004,REG-01,EMP-0079,CUS-02880,2026-06-10 13:54:48,Sale,464.78,7.51,37.73,495.0,Credit Card,8,False,True,False,Completed
TXN-0004256,RCP-00004256,PH-002,REG-02,EMP-0037,CUS-01101,2026-07-17 16:30:52,Sale,80.31,0,6.62,86.93,Credit Card,3,False,True,False,Completed
TXN-0004257,RCP-00004257,PH-003,REG-02,EMP-0046,CUS-01404,2026-05-31 17:18:17,Sale,352.41,15.2,27.83,365.04,Credit Card,7,False,True,False,Completed
TXN-0004258,RCP-00004258,PH-003,REG-04,EMP-0045,CUS-04128,2026-07-20 16:04:27,Sale,377.91,0,31.18,409.09,Gift Card,8,False,True,False,Completed
TXN-0004259,RCP-00004259,PH-002,REG-04,EMP-0036,CUS-03477,2026-05-31 18:26:49,Sale,106.91,0,8.82,115.73,Gift Card,3,False,True,False,Completed
TXN-0004260,RCP-00004260,PH-002,REG-01,EMP-0023,,2026-07-25 11:57:50,Sale,168.6,19.0,12.34,161.94,Credit Card,5,False,False,False,Completed
TXN-0004261,RCP-00004261,PH-005,REG-01,EMP-0089,CUS-04741,2026-05-17 16:47:26,Sale,87.13,0,7.18,94.31,Credit Card,3,False,True,False,Completed
TXN-0004262,RCP-00004262,PH-003,REG-03,EMP-0062,,2026-07-01 17:27:40,Sale,173.26,15.73,13.0,170.53,Debit Card,5,False,False,True,Completed
TXN-0004263,RCP-00004263,PH-004,REG-01,EMP-0069,CUS-00530,2026-05-20 17:10:18,Sale,46.58,0,3.85,50.43,Debit Card,3,False,True,False,Completed
TXN-0004264,RCP-00004264,PH-002,REG-01,EMP-0038,CUS-00589,2026-05-12 10:52:24,Sale,30.75,0,2.54,33.29,Credit Card,1,False,True,False,Completed
TXN-0004265,RCP-00004265,PH-002,REG-01,EMP-0034,CUS-03496,2026-07-27 14:45:51,Sale,273.13,34.57,19.69,258.25,Debit Card,4,False,True,False,Completed
TXN-0004266,RCP-00004266,PH-001,REG-05,EMP-0019,,2026-06-29 14:36:59,Sale,436.42,24.77,33.96,445.61,Debit Card,6,False,False,False,Completed
TXN-0004267,RCP-00004267,PH-002,REG-01,EMP-0025,CUS-03787,2026-07-18 08:57:46,Sale,259.0,3.65,21.07,276.42,Debit Card,4,False,True,False,Completed
TXN-0004268,RCP-00004268,PH-001,REG-03,EMP-0001,CUS-03906,2026-06-11 15:07:01,Sale,213.87,0,17.65,231.52,Credit Card,6,False,True,False,Completed
TXN-0004269,RCP-00004269,PH-003,REG-05,EMP-0064,CUS-00729,2026-05-31 12:49:14,Sale,149.83,8.45,11.68,153.06,Credit Card,5,False,True,False,Completed
TXN-0004270,RCP-00004270,PH-002,REG-02,EMP-0042,CUS-04385,2026-07-31 20:38:24,Sale,171.71,0,14.16,185.87,Cash,4,False,True,False,Completed
TXN-0004271,RCP-00004271,PH-005,REG-04,EMP-0106,CUS-01315,2026-07-25 09:49:03,Sale,292.63,2.45,23.93,314.11,Credit Card,9,False,True,False,Completed
TXN-0004272,RCP-00004272,PH-002,REG-03,EMP-0023,CUS-03336,2026-06-24 16:17:19,Sale,172.6,7.49,13.62,178.73,Credit Card,5,False,True,False,Completed
TXN-0004273,RCP-00004273,PH-003,REG-04,EMP-0045,CUS-02169,2026-05-13 16:30:05,Sale,168.65,0.51,13.87,182.01,Debit Card,6,False,True,False,Completed
TXN-0004274,RCP-00004274,PH-001,REG-02,EMP-0013,,2026-07-21 14:59:54,Sale,300.39,46.79,20.92,274.52,Debit Card,4,False,False,False,Completed
TXN-0004275,RCP-00004275,PH-002,REG-04,EMP-0023,,2026-07-17 11:33:16,Sale,285.83,0,23.58,309.41,Cash,6,False,False,False,Completed
TXN-0004276,RCP-00004276,PH-003,REG-02,EMP-0059,CUS-01013,2026-07-02 21:47:32,Sale,112.3,9.69,8.46,111.07,Debit Card,4,False,True,True,Completed
TXN-0004277,RCP-00004277,PH-001,REG-01,EMP-0001,CUS-02776,2026-06-09 09:22:17,Sale,405.23,11.57,32.46,426.12,Credit Card,8,False,True,False,Completed
TXN-0004278,RCP-00004278,PH-002,REG-06,EMP-0039,,2026-05-21 19:26:29,Sale,83.48,12.33,5.87,77.02,Credit Card,4,False,False,True,Completed
TXN-0004279,RCP-00004279,PH-003,REG-02,EMP-0062,,2026-06-01 11:48:17,Sale,128.58,18.09,9.11,119.6,Credit Card,3,False,False,False,Completed
TXN-0004280,RCP-00004280,PH-001,REG-05,EMP-0006,CUS-03876,2026-05-11 13:03:20,Sale,235.85,16.14,18.14,237.85,Cash,4,False,True,True,Completed
TXN-0004281,RCP-00004281,PH-005,REG-01,EMP-0108,CUS-01386,2026-05-17 17:26:29,Sale,138.32,3.62,11.12,145.82,Debit Card,5,False,True,False,Completed
TXN-0004282,RCP-00004282,PH-005,REG-04,EMP-0104,CUS-01364,2026-07-14 12:56:45,Sale,63.35,0,5.23,68.58,Cash,4,False,True,False,Completed
TXN-0004283,RCP-00004283,PH-003,REG-04,EMP-0061,CUS-00294,2026-05-19 13:08:05,Sale,195.4,0,16.13,211.53,Cash,5,False,True,False,Completed
TXN-0004284,RCP-00004284,PH-002,REG-06,EMP-0037,CUS-00108,2026-06-16 18:27:48,Sale,475.43,6.96,38.66,507.13,Cash,6,False,True,False,Completed
TXN-0004285,RCP-00004285,PH-001,REG-06,EMP-0003,CUS-02069,2026-06-21 11:15:01,Sale,163.93,0,13.52,177.45,Credit Card,3,False,True,False,Completed
TXN-0004286,RCP-00004286,PH-005,REG-02,EMP-0105,CUS-02789,2026-05-04 12:43:58,Sale,163.01,7.09,12.87,168.79,Debit Card,4,False,True,False,Completed
TXN-0004287,RCP-00004287,PH-005,REG-04,EMP-0103,CUS-01923,2026-05-25 18:39:50,Sale,33.45,3.13,2.5,32.82,Gift Card,2,False,True,False,Completed
TXN-0004288,RCP-00004288,PH-002,REG-03,EMP-0037,CUS-02163,2026-07-22 10:44:19,Sale,117.51,13.9,8.55,112.16,Debit Card,5,False,True,True,Completed
TXN-0004289,RCP-00004289,PH-003,REG-05,EMP-0058,CUS-00029,2026-05-09 14:43:29,Sale,179.76,0,14.83,194.59,Credit Card,3,False,True,False,Completed
TXN-0004290,RCP-00004290,PH-001,REG-05,EMP-0017,CUS-03782,2026-07-11 16:10:29,Sale,34.91,0,2.88,37.79,Debit Card,1,False,True,False,Completed
TXN-0004291,RCP-00004291,PH-005,REG-05,EMP-0105,,2026-06-22 08:43:21,Sale,124.87,3.0,10.05,131.92,Debit Card,4,False,False,False,Completed
TXN-0004292,RCP-00004292,PH-002,REG-02,EMP-0036,CUS-03328,2026-06-15 12:37:42,Sale,128.61,0,10.61,139.22,Cash,4,False,True,False,Completed
TXN-0004293,RCP-00004293,PH-001,REG-03,EMP-0006,CUS-00216,2026-07-19 09:07:22,Sale,233.76,13.24,18.19,238.71,Debit Card,9,False,True,True,Completed
TXN-0004294,RCP-00004294,PH-002,REG-01,EMP-0037,,2026-07-09 21:17:00,Sale,157.69,13.66,11.89,155.92,Credit Card,6,False,False,True,Completed
TXN-0004295,RCP-00004295,PH-002,REG-06,EMP-0025,CUS-00781,2026-06-15 15:55:12,Sale,339.29,2.26,27.81,364.84,Gift Card,6,False,True,False,Completed
TXN-0004296,RCP-00004296,PH-005,REG-06,EMP-0100,CUS-04742,2026-05-17 11:29:09,Sale,104.15,0.77,8.53,111.91,Credit Card,4,False,True,False,Completed
TXN-0004297,RCP-00004297,PH-003,REG-04,EMP-0057,,2026-07-14 11:51:58,Sale,489.75,1.07,40.31,528.99,Split Payment,9,False,False,False,Completed
TXN-0004298,RCP-00004298,PH-003,REG-06,EMP-0059,CUS-04637,2026-06-20 20:58:17,Sale,227.22,0,18.75,245.97,Credit Card,2,False,True,False,Completed
TXN-0004299,RCP-00004299,PH-002,REG-02,EMP-0025,,2026-07-09 19:33:38,Sale,178.28,5.15,14.29,187.42,Debit Card,5,False,False,False,Completed
TXN-0004300,RCP-00004300,PH-005,REG-06,EMP-0090,CUS-02086,2026-07-29 11:31:48,Sale,85.8,0,7.08,92.88,Credit Card,3,False,True,False,Completed
TXN-0004301,RCP-00004301,PH-003,REG-06,EMP-0056,,2026-05-14 19:17:57,Sale,309.13,0,25.51,334.64,Credit Card,4,False,False,False,Completed
TXN-0004302,RCP-00004302,PH-003,REG-01,EMP-0062,,2026-05-15 11:02:57,Sale,42.49,0,3.5,45.99,Debit Card,2,False,False,False,Completed
TXN-0004303,RCP-00004303,PH-003,REG-02,EMP-0046,,2026-07-06 13:30:48,Sale,86.86,0.4,7.14,93.6,Gift Card,5,False,False,False,Completed
TXN-0004304,RCP-00004304,PH-005,REG-03,EMP-0102,CUS-03503,2026-07-06 17:03:10,Sale,62.69,0,5.18,67.87,Credit Card,4,False,True,False,Completed
TXN-0004305,RCP-00004305,PH-002,REG-06,EMP-0039,CUS-00504,2026-05-23 21:59:08,Sale,297.3,17.05,23.12,303.37,Cash,6,False,True,True,Completed
TXN-0004306,RCP-00004306,PH-005,REG-03,EMP-0106,CUS-02524,2026-07-27 13:08:23,Sale,218.39,1.57,17.88,234.7,Debit Card,7,False,True,False,Completed
TXN-0004307,RCP-00004307,PH-004,REG-01,EMP-0078,,2026-05-20 10:22:10,Sale,398.79,7.09,32.31,424.01,Debit Card,6,False,False,False,Completed
TXN-0004308,RCP-00004308,PH-001,REG-03,EMP-0013,CUS-04432,2026-07-07 12:15:52,Sale,275.41,19.7,21.1,276.81,Credit Card,7,False,True,False,Completed
TXN-0004309,RCP-00004309,PH-001,REG-03,EMP-0016,CUS-01094,2026-07-23 17:45:14,Sale,277.8,4.93,22.51,295.38,Gift Card,5,False,True,False,Completed
TXN-0004310,RCP-00004310,PH-004,REG-06,EMP-0083,CUS-01310,2026-06-26 20:44:08,Sale,184.55,5.0,14.82,194.37,Credit Card,5,False,True,False,Completed
TXN-0004311,RCP-00004311,PH-001,REG-02,EMP-0019,CUS-00754,2026-06-11 08:21:01,Sale,110.9,4.86,8.74,114.78,Credit Card,6,False,True,False,Completed
TXN-0004312,RCP-00004312,PH-005,REG-06,EMP-0101,,2026-07-02 21:29:03,Sale,22.52,0,1.86,24.38,Credit Card,2,False,False,False,Completed
TXN-0004313,RCP-00004313,PH-001,REG-01,EMP-0020,CUS-02211,2026-06-12 09:06:58,Sale,328.82,1.45,27.01,354.38,Debit Card,7,False,True,False,Completed
TXN-0004314,RCP-00004314,PH-002,REG-02,EMP-0041,CUS-04431,2026-06-24 11:03:15,Sale,314.16,4.29,25.57,335.44,Debit Card,6,False,True,False,Completed
TXN-0004315,RCP-00004315,PH-004,REG-02,EMP-0078,,2026-05-04 08:41:56,Sale,339.06,15.56,26.68,350.18,Debit Card,6,False,False,False,Completed
TXN-0004316,RCP-00004316,PH-001,REG-01,EMP-0017,CUS-00224,2026-05-02 21:11:06,Sale,60.07,2.93,4.72,61.86,Credit Card,3,False,True,False,Completed
TXN-0004317,RCP-00004317,PH-003,REG-02,EMP-0046,CUS-04427,2026-07-12 11:13:01,Sale,2.92,0,0.24,3.16,Credit Card,1,False,True,False,Completed
TXN-0004318,RCP-00004318,PH-003,REG-04,EMP-0047,CUS-02640,2026-05-29 14:45:02,Sale,40.23,0,3.32,43.55,Cash,2,False,True,False,Completed
TXN-0004319,RCP-00004319,PH-003,REG-05,EMP-0058,CUS-02065,2026-07-31 16:42:26,Sale,22.85,0,1.89,24.74,Credit Card,1,False,True,False,Completed
TXN-0004320,RCP-00004320,PH-005,REG-01,EMP-0090,,2026-06-28 19:30:26,Sale,57.16,0,4.72,61.88,Credit Card,3,False,False,False,Completed
TXN-0004321,RCP-00004321,PH-001,REG-04,EMP-0020,CUS-01581,2026-07-28 10:06:35,Sale,219.52,2.49,17.9,234.93,Credit Card,6,False,True,False,Completed
TXN-0004322,RCP-00004322,PH-002,REG-02,EMP-0040,CUS-01934,2026-07-02 10:14:09,Sale,70.69,4.37,5.47,71.79,Gift Card,3,False,True,False,Completed
TXN-0004323,RCP-00004323,PH-004,REG-01,EMP-0081,,2026-06-10 21:25:53,Sale,308.99,0,25.5,334.49,Cash,6,False,False,False,Completed
TXN-0004324,RCP-00004324,PH-001,REG-04,EMP-0001,,2026-06-16 20:09:43,Sale,9.45,1.89,0.62,8.18,Debit Card,1,False,False,False,Completed
TXN-0004325,RCP-00004325,PH-005,REG-04,EMP-0102,,2026-07-13 10:49:45,Sale,101.58,0,8.38,109.96,Credit Card,4,False,False,False,Completed
TXN-0004326,RCP-00004326,PH-005,REG-03,EMP-0101,CUS-04116,2026-05-08 17:01:54,Sale,291.74,0.21,24.06,315.59,Credit Card,7,False,True,False,Completed
TXN-0004327,RCP-00004327,PH-004,REG-03,EMP-0085,,2026-07-20 20:27:42,Sale,46.98,0,3.88,50.86,Credit Card,1,False,False,False,Completed
TXN-0004328,RCP-00004328,PH-001,REG-06,EMP-0014,CUS-02987,2026-07-13 09:53:45,Sale,184.65,9.29,14.47,189.83,Credit Card,6,False,True,False,Completed
TXN-0004329,RCP-00004329,PH-001,REG-06,EMP-0015,CUS-04290,2026-05-29 21:18:30,Sale,198.73,17.42,14.96,196.27,Cash,6,False,True,False,Completed
TXN-0004330,RCP-00004330,PH-001,REG-02,EMP-0013,CUS-02170,2026-07-19 08:45:24,Sale,411.2,19.6,32.31,423.91,Credit Card,5,False,True,False,Completed
TXN-0004331,RCP-00004331,PH-003,REG-01,EMP-0046,CUS-02212,2026-05-11 20:37:24,Sale,97.71,5.28,7.63,100.06,Cash,4,False,True,False,Completed
TXN-0004332,RCP-00004332,PH-002,REG-04,EMP-0041,CUS-01792,2026-05-03 13:52:58,Sale,168.56,4.49,13.53,177.6,Credit Card,6,False,True,False,Completed
TXN-0004333,RCP-00004333,PH-005,REG-02,EMP-0100,,2026-05-20 16:23:58,Sale,154.52,30.9,10.2,133.82,Cash,1,False,False,False,Completed
TXN-0004334,RCP-00004334,PH-003,REG-04,EMP-0045,CUS-01084,2026-06-24 21:48:00,Sale,376.68,4.77,30.68,402.59,Debit Card,8,False,True,False,Completed
TXN-0004335,RCP-00004335,PH-002,REG-01,EMP-0040,CUS-03743,2026-05-19 12:09:14,Sale,93.24,0,7.69,100.93,Gift Card,4,False,True,False,Completed
TXN-0004336,RCP-00004336,PH-005,REG-03,EMP-0105,CUS-03887,2026-06-24 16:48:26,Sale,141.97,0,11.72,153.69,Credit Card,4,False,True,False,Completed
TXN-0004337,RCP-00004337,PH-005,REG-01,EMP-0104,CUS-00331,2026-05-15 20:52:21,Sale,188.87,0,15.58,204.45,Cash,5,False,True,False,Completed
TXN-0004338,RCP-00004338,PH-003,REG-01,EMP-0060,CUS-02269,2026-07-23 08:08:54,Sale,98.33,0,8.11,106.44,Credit Card,3,False,True,False,Completed
TXN-0004339,RCP-00004339,PH-002,REG-02,EMP-0025,CUS-01257,2026-05-20 08:00:07,Sale,64.86,8.24,4.67,61.29,Cash,2,False,True,False,Completed
TXN-0004340,RCP-00004340,PH-005,REG-04,EMP-0103,CUS-02682,2026-07-21 11:30:51,Sale,136.52,0,11.26,147.78,Credit Card,3,False,True,False,Completed
TXN-0004341,RCP-00004341,PH-004,REG-02,EMP-0069,CUS-04784,2026-06-17 13:13:52,Sale,205.29,7.01,16.36,214.64,Gift Card,6,False,True,False,Completed
TXN-0004342,RCP-00004342,PH-004,REG-04,EMP-0080,,2026-07-06 17:19:43,Sale,184.79,5.79,14.77,193.77,Cash,6,False,False,False,Completed
TXN-0004343,RCP-00004343,PH-002,REG-03,EMP-0037,CUS-00620,2026-07-13 10:26:35,Sale,114.52,0,9.44,123.96,Credit Card,3,False,True,False,Completed
TXN-0004344,RCP-00004344,PH-001,REG-04,EMP-0016,CUS-03349,2026-05-24 16:32:42,Sale,124.02,4.09,9.89,129.82,Credit Card,4,False,True,False,Completed
TXN-0004345,RCP-00004345,PH-003,REG-04,EMP-0047,CUS-04982,2026-06-27 19:47:44,Sale,125.73,2.27,10.18,133.64,Cash,4,False,True,False,Completed
TXN-0004346,RCP-00004346,PH-004,REG-04,EMP-0084,CUS-00414,2026-06-23 17:16:42,Sale,194.86,0,16.08,210.94,Debit Card,3,False,True,False,Completed
TXN-0004347,RCP-00004347,PH-005,REG-06,EMP-0090,CUS-04064,2026-05-16 20:07:13,Sale,172.43,0.37,14.2,186.26,Credit Card,5,False,True,False,Completed
TXN-0004348,RCP-00004348,PH-005,REG-02,EMP-0108,CUS-00252,2026-05-24 15:49:23,Sale,235.94,14.87,18.23,239.3,Credit Card,6,False,True,False,Completed
TXN-0004349,RCP-00004349,PH-001,REG-03,EMP-0006,CUS-04319,2026-06-10 21:22:56,Sale,443.16,26.41,34.38,451.13,Cash,8,False,True,False,Completed
TXN-0004350,RCP-00004350,PH-001,REG-03,EMP-0012,,2026-07-18 21:43:28,Sale,239.97,4.78,19.4,254.59,Cash,3,False,False,False,Completed
TXN-0004351,RCP-00004351,PH-001,REG-06,EMP-0002,CUS-03497,2026-06-19 16:53:26,Sale,207.33,17.24,15.67,205.76,Credit Card,7,False,True,False,Completed
TXN-0004352,RCP-00004352,PH-005,REG-06,EMP-0090,CUS-04705,2026-06-11 11:48:34,Sale,129.6,0,10.69,140.29,Credit Card,6,False,True,False,Completed
TXN-0004353,RCP-00004353,PH-005,REG-02,EMP-0089,,2026-05-14 11:28:22,Sale,124.22,2.29,10.07,132.0,Split Payment,3,False,False,False,Completed
TXN-0004354,RCP-00004354,PH-002,REG-01,EMP-0039,CUS-03268,2026-07-15 20:21:46,Sale,204.77,0,16.9,221.67,Debit Card,4,False,True,False,Completed
TXN-0004355,RCP-00004355,PH-001,REG-01,EMP-0016,CUS-02768,2026-06-03 16:09:29,Sale,107.61,7.62,8.25,108.24,Credit Card,4,False,True,False,Completed
TXN-0004356,RCP-00004356,PH-005,REG-05,EMP-0089,CUS-04509,2026-05-31 20:56:25,Sale,293.08,7.05,23.61,309.64,Debit Card,7,False,True,False,Completed
TXN-0004357,RCP-00004357,PH-001,REG-01,EMP-0015,CUS-03035,2026-05-07 21:35:43,Sale,56.51,0,4.66,61.17,Credit Card,2,False,True,False,Completed
TXN-0004358,RCP-00004358,PH-005,REG-04,EMP-0108,CUS-01720,2026-07-03 14:09:53,Sale,303.51,0,25.04,328.55,Cash,4,False,True,False,Completed
TXN-0004359,RCP-00004359,PH-002,REG-06,EMP-0037,,2026-07-15 10:28:45,Sale,381.56,10.64,30.6,401.52,Debit Card,8,False,False,False,Completed
TXN-0004360,RCP-00004360,PH-005,REG-06,EMP-0091,CUS-00111,2026-07-03 18:52:22,Sale,100.38,7.68,7.65,100.35,Cash,2,False,True,False,Completed
TXN-0004361,RCP-00004361,PH-003,REG-04,EMP-0063,CUS-00522,2026-06-06 08:56:45,Sale,46.18,0,3.82,50.0,Cash,3,False,True,False,Completed
TXN-0004362,RCP-00004362,PH-001,REG-02,EMP-0014,CUS-04272,2026-07-03 09:33:48,Sale,388.2,2.15,31.85,417.9,Debit Card,6,False,True,False,Completed
TXN-0004363,RCP-00004363,PH-003,REG-01,EMP-0045,CUS-04698,2026-06-07 09:38:18,Sale,152.86,0,12.6,165.46,Credit Card,5,False,True,False,Completed
TXN-0004364,RCP-00004364,PH-005,REG-05,EMP-0105,CUS-01215,2026-07-03 19:17:46,Sale,50.36,0,4.15,54.51,Cash,3,False,True,False,Completed
TXN-0004365,RCP-00004365,PH-002,REG-05,EMP-0034,,2026-07-06 19:31:41,Sale,169.13,0,13.96,183.09,Debit Card,5,False,False,False,Completed
TXN-0004366,RCP-00004366,PH-002,REG-05,EMP-0038,CUS-04080,2026-07-13 17:48:27,Sale,439.25,11.28,35.3,463.27,Cash,8,False,True,False,Completed
TXN-0004367,RCP-00004367,PH-005,REG-01,EMP-0105,CUS-04231,2026-07-10 17:48:47,Sale,143.88,4.79,11.49,150.58,Credit Card,6,False,True,False,Completed
TXN-0004368,RCP-00004368,PH-004,REG-02,EMP-0084,CUS-03798,2026-05-11 13:30:50,Sale,368.04,9.53,29.57,388.08,Cash,5,False,True,False,Completed
TXN-0004369,RCP-00004369,PH-002,REG-01,EMP-0042,CUS-04505,2026-06-14 09:50:56,Sale,493.24,0.61,40.65,533.28,Credit Card,8,False,True,False,Completed
TXN-0004370,RCP-00004370,PH-003,REG-01,EMP-0060,,2026-05-05 15:49:52,Sale,201.3,2.75,16.39,214.94,Debit Card,3,False,False,False,Completed
TXN-0004371,RCP-00004371,PH-001,REG-02,EMP-0012,CUS-01809,2026-05-05 14:29:36,Sale,387.49,10.31,31.12,408.3,Credit Card,6,False,True,False,Completed
TXN-0004372,RCP-00004372,PH-002,REG-01,EMP-0037,CUS-03429,2026-05-20 18:19:30,Sale,106.72,11.7,7.84,102.86,Gift Card,2,False,True,False,Completed
TXN-0004373,RCP-00004373,PH-001,REG-01,EMP-0019,CUS-02298,2026-07-09 17:05:43,Sale,354.78,0,29.27,384.05,Cash,7,False,True,False,Completed
TXN-0004374,RCP-00004374,PH-001,REG-05,EMP-0012,CUS-04747,2026-07-14 12:28:38,Sale,95.27,0,7.87,103.14,Cash,4,False,True,False,Completed
TXN-0004375,RCP-00004375,PH-005,REG-05,EMP-0101,CUS-02210,2026-06-14 17:03:54,Sale,244.49,0,20.17,264.66,Cash,3,False,True,False,Completed
TXN-0004376,RCP-00004376,PH-002,REG-04,EMP-0024,CUS-02550,2026-07-29 14:56:18,Sale,396.82,23.55,30.81,404.08,Debit Card,7,False,True,False,Completed
TXN-0004377,RCP-00004377,PH-004,REG-02,EMP-0069,CUS-02564,2026-05-08 15:56:56,Sale,295.64,8.86,23.66,310.44,Debit Card,5,False,True,False,Completed
TXN-0004378,RCP-00004378,PH-003,REG-03,EMP-0047,CUS-02651,2026-05-23 16:10:03,Sale,137.6,2.85,11.11,145.86,Cash,4,False,True,False,Completed
TXN-0004379,RCP-00004379,PH-004,REG-04,EMP-0084,CUS-02874,2026-06-28 09:58:11,Sale,138.73,43.4,7.86,103.19,Credit Card,3,False,True,True,Completed
TXN-0004380,RCP-00004380,PH-002,REG-01,EMP-0037,,2026-05-14 21:49:12,Sale,88.01,14.32,6.09,79.78,Cash,4,False,False,True,Completed
TXN-0004381,RCP-00004381,PH-004,REG-04,EMP-0085,CUS-00871,2026-06-10 11:48:31,Sale,119.22,5.82,9.35,122.75,Debit Card,3,False,True,False,Completed
TXN-0004382,RCP-00004382,PH-004,REG-06,EMP-0079,CUS-03468,2026-06-26 19:36:27,Sale,124.91,7.92,9.65,126.64,Credit Card,6,False,True,False,Completed
TXN-0004383,RCP-00004383,PH-003,REG-04,EMP-0047,,2026-06-23 08:10:11,Sale,257.43,24.8,19.19,251.82,Credit Card,5,False,False,False,Completed
TXN-0004384,RCP-00004384,PH-005,REG-05,EMP-0100,,2026-07-14 18:59:32,Sale,130.47,0.67,10.7,140.5,Credit Card,3,False,False,False,Completed
TXN-0004385,RCP-00004385,PH-004,REG-04,EMP-0084,,2026-05-05 19:51:33,Sale,112.69,3.78,8.99,117.9,Credit Card,3,False,False,False,Completed
TXN-0004386,RCP-00004386,PH-001,REG-05,EMP-0003,CUS-02567,2026-05-11 17:13:19,Sale,33.48,0,2.76,36.24,Debit Card,1,False,True,False,Completed
TXN-0004387,RCP-00004387,PH-001,REG-03,EMP-0019,CUS-02839,2026-05-22 10:58:18,Sale,143.29,12.46,10.79,141.62,Credit Card,3,False,True,False,Completed
TXN-0004388,RCP-00004388,PH-003,REG-06,EMP-0058,,2026-07-04 19:25:10,Sale,274.12,10.66,21.74,285.2,Cash,5,False,False,False,Completed
TXN-0004389,RCP-00004389,PH-002,REG-06,EMP-0035,CUS-02400,2026-07-26 16:22:37,Sale,91.37,1.97,7.38,96.78,Credit Card,5,False,True,False,Completed
TXN-0004390,RCP-00004390,PH-005,REG-04,EMP-0104,CUS-04864,2026-06-22 10:35:41,Sale,130.13,1.45,10.62,139.3,Cash,4,False,True,False,Completed
TXN-0004391,RCP-00004391,PH-003,REG-06,EMP-0046,,2026-05-19 10:03:51,Sale,409.98,0,33.82,443.8,Debit Card,8,False,False,False,Completed
TXN-0004392,RCP-00004392,PH-003,REG-04,EMP-0045,CUS-04591,2026-05-23 20:57:32,Sale,148.57,0,12.26,160.83,Credit Card,4,False,True,False,Completed
TXN-0004393,RCP-00004393,PH-004,REG-05,EMP-0078,,2026-05-11 15:01:02,Sale,413.55,4.85,33.73,442.43,Credit Card,8,False,False,False,Completed
TXN-0004394,RCP-00004394,PH-001,REG-04,EMP-0012,CUS-03702,2026-06-25 19:07:01,Sale,412.76,20.26,32.39,424.89,Credit Card,6,False,True,False,Completed
TXN-0004395,RCP-00004395,PH-003,REG-01,EMP-0057,,2026-07-02 16:43:24,Sale,320.71,0,26.45,347.16,Credit Card,6,False,False,False,Completed
TXN-0004396,RCP-00004396,PH-005,REG-01,EMP-0108,CUS-00322,2026-07-26 11:30:54,Sale,78.0,6.69,5.88,77.19,Debit Card,3,False,True,False,Completed
TXN-0004397,RCP-00004397,PH-004,REG-02,EMP-0081,,2026-06-01 18:53:51,Sale,117.16,22.09,7.84,102.91,Credit Card,3,False,False,True,Completed
TXN-0004398,RCP-00004398,PH-005,REG-04,EMP-0101,CUS-02769,2026-07-02 13:08:38,Sale,133.62,0,11.02,144.64,Split Payment,3,False,True,False,Completed
TXN-0004399,RCP-00004399,PH-003,REG-01,EMP-0058,CUS-02195,2026-05-16 11:00:25,Sale,414.5,6.8,33.63,441.33,Credit Card,7,False,True,False,Completed
TXN-0004400,RCP-00004400,PH-005,REG-05,EMP-0108,,2026-06-29 14:21:21,Sale,217.91,5.6,17.51,229.82,Credit Card,6,False,False,False,Completed
TXN-0004401,RCP-00004401,PH-001,REG-02,EMP-0006,,2026-07-15 09:53:14,Sale,161.82,0.09,13.34,175.07,Cash,3,False,False,False,Completed
TXN-0004402,RCP-00004402,PH-001,REG-05,EMP-0016,CUS-03831,2026-07-14 09:53:25,Sale,250.16,0,20.64,270.8,Gift Card,9,False,True,False,Completed
TXN-0004403,RCP-00004403,PH-001,REG-05,EMP-0016,,2026-06-10 11:56:22,Sale,132.51,6.16,10.42,136.77,Debit Card,4,False,False,False,Completed
TXN-0004404,RCP-00004404,PH-005,REG-04,EMP-0100,CUS-02465,2026-07-29 12:59:36,Sale,12.51,0.66,0.98,12.83,Gift Card,2,False,True,False,Completed
TXN-0004405,RCP-00004405,PH-004,REG-05,EMP-0068,CUS-01339,2026-06-24 08:05:41,Sale,9.97,0.5,0.78,10.25,Cash,1,False,True,False,Completed
TXN-0004406,RCP-00004406,PH-003,REG-02,EMP-0061,,2026-06-14 18:56:11,Sale,68.08,0,5.62,73.7,Debit Card,4,False,False,False,Completed
TXN-0004407,RCP-00004407,PH-004,REG-04,EMP-0078,CUS-03477,2026-07-09 14:22:36,Sale,340.7,19.83,26.47,347.34,Cash,7,False,True,False,Completed
TXN-0004408,RCP-00004408,PH-005,REG-02,EMP-0090,CUS-04198,2026-06-03 16:56:02,Sale,213.21,7.7,16.96,222.47,Debit Card,6,False,True,False,Completed
TXN-0004409,RCP-00004409,PH-004,REG-01,EMP-0068,CUS-02676,2026-05-04 09:56:43,Sale,144.7,0,11.95,156.65,Credit Card,6,False,True,False,Completed
TXN-0004410,RCP-00004410,PH-002,REG-02,EMP-0035,,2026-06-23 21:26:54,Sale,165.66,4.99,13.26,173.93,Debit Card,4,False,False,True,Completed
TXN-0004411,RCP-00004411,PH-004,REG-01,EMP-0067,,2026-06-27 08:23:42,Sale,39.05,1.05,3.14,41.14,Credit Card,2,False,False,False,Completed
TXN-0004412,RCP-00004412,PH-002,REG-03,EMP-0024,CUS-02622,2026-07-26 14:55:43,Sale,145.24,14.25,10.81,141.8,Cash,5,False,True,False,Completed
TXN-0004413,RCP-00004413,PH-003,REG-02,EMP-0046,CUS-03469,2026-07-30 14:18:06,Sale,80.4,0,6.63,87.03,Debit Card,2,False,True,False,Completed
TXN-0004414,RCP-00004414,PH-005,REG-02,EMP-0089,,2026-07-28 12:03:23,Sale,359.56,23.85,27.7,363.41,Credit Card,8,False,False,False,Completed
TXN-0004415,RCP-00004415,PH-002,REG-01,EMP-0041,CUS-00972,2026-05-28 13:38:50,Sale,178.66,23.56,12.79,167.89,Credit Card,5,False,True,False,Completed
TXN-0004416,RCP-00004416,PH-003,REG-02,EMP-0059,CUS-04546,2026-07-12 14:29:25,Sale,181.31,6.77,14.4,188.94,Credit Card,5,False,True,False,Completed
TXN-0004417,RCP-00004417,PH-003,REG-02,EMP-0060,,2026-07-19 13:01:37,Sale,171.42,5.9,13.66,179.18,Cash,6,False,False,False,Completed
TXN-0004418,RCP-00004418,PH-002,REG-05,EMP-0038,CUS-04274,2026-05-09 16:12:00,Sale,73.83,0,6.09,79.92,Debit Card,3,False,True,False,Completed
TXN-0004419,RCP-00004419,PH-002,REG-03,EMP-0037,CUS-02287,2026-05-11 15:04:31,Sale,208.41,2.64,16.97,222.74,Debit Card,6,False,True,False,Completed
TXN-0004420,RCP-00004420,PH-002,REG-05,EMP-0035,,2026-07-02 21:28:37,Sale,170.28,26.42,11.86,155.72,Cash,4,False,False,True,Completed
TXN-0004421,RCP-00004421,PH-001,REG-05,EMP-0014,CUS-00579,2026-07-23 14:15:19,Sale,198.33,0,16.37,214.7,Debit Card,4,False,True,False,Completed
TXN-0004422,RCP-00004422,PH-004,REG-06,EMP-0082,,2026-05-22 15:27:48,Sale,216.37,0,17.85,234.22,Debit Card,8,False,False,False,Completed
TXN-0004423,RCP-00004423,PH-005,REG-05,EMP-0101,,2026-07-07 08:26:00,Sale,274.57,12.47,21.62,283.72,Credit Card,5,False,False,False,Completed
TXN-0004424,RCP-00004424,PH-003,REG-05,EMP-0057,CUS-01862,2026-07-10 21:56:32,Sale,243.45,4.04,19.75,259.16,Credit Card,6,False,True,False,Completed
TXN-0004425,RCP-00004425,PH-002,REG-04,EMP-0023,CUS-04403,2026-06-22 15:18:53,Sale,81.96,0,6.76,88.72,Cash,2,False,True,False,Completed
TXN-0004426,RCP-00004426,PH-001,REG-05,EMP-0020,CUS-00654,2026-07-06 08:43:30,Sale,453.24,1.5,37.27,489.01,Credit Card,8,False,True,False,Completed
TXN-0004427,RCP-00004427,PH-003,REG-03,EMP-0046,CUS-00713,2026-07-26 17:56:09,Sale,301.58,10.55,24.0,315.03,Debit Card,8,False,True,False,Completed
TXN-0004428,RCP-00004428,PH-002,REG-02,EMP-0041,CUS-04611,2026-06-13 16:15:05,Sale,151.42,0.66,12.44,163.2,Cash,3,False,True,False,Completed
TXN-0004429,RCP-00004429,PH-004,REG-04,EMP-0067,CUS-02945,2026-05-23 17:17:00,Sale,258.48,0,21.32,279.8,Credit Card,4,False,True,False,Completed
TXN-0004430,RCP-00004430,PH-005,REG-01,EMP-0102,CUS-00165,2026-07-01 18:33:51,Sale,182.96,1.68,14.96,196.24,Cash,8,False,True,False,Completed
TXN-0004431,RCP-00004431,PH-004,REG-03,EMP-0081,CUS-04840,2026-06-06 17:44:04,Sale,131.81,18.19,9.38,123.0,Credit Card,5,False,True,True,Completed
TXN-0004432,RCP-00004432,PH-005,REG-01,EMP-0107,CUS-02938,2026-07-24 10:52:47,Sale,85.33,0,7.04,92.37,Debit Card,2,False,True,False,Completed
TXN-0004433,RCP-00004433,PH-003,REG-02,EMP-0057,,2026-07-28 10:42:29,Sale,164.88,0,13.6,178.48,Gift Card,3,False,False,False,Completed
TXN-0004434,RCP-00004434,PH-001,REG-03,EMP-0003,,2026-07-01 09:52:22,Sale,171.32,11.11,13.22,173.43,Cash,6,False,False,False,Completed
TXN-0004435,RCP-00004435,PH-004,REG-01,EMP-0083,CUS-01117,2026-06-17 12:30:20,Sale,238.83,0.42,19.67,258.08,Credit Card,5,False,True,False,Completed
TXN-0004436,RCP-00004436,PH-001,REG-01,EMP-0020,CUS-03592,2026-06-08 08:00:01,Sale,348.84,11.47,27.82,365.19,Debit Card,9,False,True,False,Completed
TXN-0004437,RCP-00004437,PH-002,REG-01,EMP-0038,,2026-06-06 20:01:37,Sale,144.55,0.5,11.88,155.93,Gift Card,4,False,False,False,Completed
TXN-0004438,RCP-00004438,PH-005,REG-03,EMP-0090,CUS-02688,2026-06-04 17:16:53,Sale,79.04,6.27,6.01,78.78,Cash,3,False,True,False,Completed
TXN-0004439,RCP-00004439,PH-001,REG-03,EMP-0006,CUS-03485,2026-07-06 20:07:06,Sale,278.0,7.89,22.28,292.39,Cash,5,False,True,False,Completed
TXN-0004440,RCP-00004440,PH-001,REG-06,EMP-0017,,2026-07-02 21:57:21,Sale,154.98,0,12.79,167.77,Debit Card,3,False,False,False,Completed
TXN-0004441,RCP-00004441,PH-002,REG-04,EMP-0024,CUS-01480,2026-06-04 17:58:35,Sale,221.14,19.52,16.64,218.26,Credit Card,3,False,True,False,Completed
TXN-0004442,RCP-00004442,PH-002,REG-05,EMP-0023,,2026-05-03 12:09:04,Sale,214.4,0,17.69,232.09,Debit Card,6,False,False,False,Completed
TXN-0004443,RCP-00004443,PH-003,REG-02,EMP-0063,,2026-05-16 13:49:58,Sale,168.07,15.22,12.61,165.46,Credit Card,5,False,False,False,Completed
TXN-0004444,RCP-00004444,PH-002,REG-03,EMP-0034,CUS-01416,2026-07-22 18:44:27,Sale,122.44,0,10.1,132.54,Cash,3,False,True,False,Completed
TXN-0004445,RCP-00004445,PH-001,REG-06,EMP-0002,,2026-06-26 15:16:44,Sale,99.98,0,8.26,108.24,Credit Card,4,False,False,False,Completed
TXN-0004446,RCP-00004446,PH-004,REG-02,EMP-0081,CUS-02965,2026-06-07 20:42:49,Sale,164.44,8.35,12.88,168.97,Debit Card,5,False,True,False,Completed
TXN-0004447,RCP-00004447,PH-005,REG-01,EMP-0102,,2026-07-02 19:27:33,Sale,189.89,0,15.66,205.55,Credit Card,3,False,False,False,Completed
TXN-0004448,RCP-00004448,PH-005,REG-05,EMP-0108,CUS-04063,2026-05-04 21:37:39,Sale,225.98,10.34,17.78,233.42,Credit Card,7,False,True,True,Completed
TXN-0004449,RCP-00004449,PH-002,REG-05,EMP-0036,CUS-02864,2026-06-28 10:32:42,Sale,90.67,0,7.48,98.15,Cash,3,False,True,False,Completed
TXN-0004450,RCP-00004450,PH-003,REG-03,EMP-0062,CUS-00909,2026-07-14 19:57:32,Sale,155.78,0,12.85,168.63,Split Payment,2,False,True,False,Completed
TXN-0004451,RCP-00004451,PH-005,REG-04,EMP-0106,CUS-03478,2026-06-26 11:10:35,Sale,222.94,4.0,18.06,237.0,Debit Card,6,False,True,False,Completed
TXN-0004452,RCP-00004452,PH-001,REG-04,EMP-0012,CUS-00196,2026-05-03 11:40:54,Sale,148.76,0,12.28,161.04,Credit Card,6,False,True,False,Completed
TXN-0004453,RCP-00004453,PH-005,REG-02,EMP-0101,CUS-02523,2026-05-01 18:33:12,Sale,103.44,2.45,8.34,109.33,Credit Card,5,False,True,False,Completed
TXN-0004454,RCP-00004454,PH-004,REG-02,EMP-0085,CUS-00534,2026-07-25 19:28:36,Sale,165.06,2.13,13.44,176.37,Credit Card,5,False,True,False,Completed
TXN-0004455,RCP-00004455,PH-002,REG-03,EMP-0025,CUS-01705,2026-07-07 13:26:47,Sale,88.91,2.95,7.09,93.05,Debit Card,3,False,True,False,Completed
TXN-0004456,RCP-00004456,PH-005,REG-03,EMP-0105,CUS-02977,2026-05-25 11:45:07,Sale,19.48,0.21,1.59,20.86,Debit Card,2,False,True,False,Completed
TXN-0004457,RCP-00004457,PH-002,REG-02,EMP-0023,CUS-01959,2026-06-19 18:31:41,Sale,128.87,0,10.63,139.5,Cash,3,False,True,False,Completed
TXN-0004458,RCP-00004458,PH-005,REG-03,EMP-0102,CUS-02148,2026-07-10 12:52:55,Sale,73.31,0,6.05,79.36,Cash,2,False,True,False,Completed
TXN-0004459,RCP-00004459,PH-003,REG-01,EMP-0061,CUS-01063,2026-07-16 10:20:51,Sale,442.98,21.79,34.74,455.93,Cash,7,False,True,False,Completed
TXN-0004460,RCP-00004460,PH-001,REG-02,EMP-0002,CUS-00805,2026-06-05 09:58:02,Sale,413.38,0,34.11,447.49,Credit Card,5,False,True,False,Completed
TXN-0004461,RCP-00004461,PH-002,REG-05,EMP-0034,CUS-01096,2026-06-01 13:57:29,Sale,376.91,28.7,28.73,376.94,Credit Card,5,False,True,False,Completed
TXN-0004462,RCP-00004462,PH-002,REG-01,EMP-0024,CUS-03516,2026-07-16 20:00:59,Sale,215.18,5.68,17.29,226.79,Debit Card,4,False,True,False,Completed
TXN-0004463,RCP-00004463,PH-005,REG-04,EMP-0089,CUS-03225,2026-06-01 14:04:31,Sale,102.18,1.04,8.35,109.49,Debit Card,4,False,True,False,Completed
TXN-0004464,RCP-00004464,PH-002,REG-03,EMP-0042,CUS-01207,2026-05-06 16:48:21,Sale,241.98,2.66,19.74,259.06,Cash,5,False,True,False,Completed
TXN-0004465,RCP-00004465,PH-003,REG-03,EMP-0060,CUS-02839,2026-05-01 16:06:28,Sale,23.47,0.61,1.89,24.75,Debit Card,4,False,True,True,Completed
TXN-0004466,RCP-00004466,PH-002,REG-04,EMP-0036,CUS-00951,2026-05-22 21:29:28,Sale,191.86,2.67,15.61,204.8,Debit Card,4,False,True,False,Completed
TXN-0004467,RCP-00004467,PH-004,REG-01,EMP-0083,,2026-05-15 08:37:09,Sale,145.85,0,12.03,157.88,Credit Card,3,False,False,False,Completed
TXN-0004468,RCP-00004468,PH-003,REG-02,EMP-0061,CUS-03962,2026-06-21 09:25:43,Sale,161.36,0,13.31,174.67,Cash,4,False,True,False,Completed
TXN-0004469,RCP-00004469,PH-003,REG-04,EMP-0064,CUS-02085,2026-05-01 18:05:33,Sale,307.83,0,25.4,333.23,Cash,2,False,True,False,Completed
TXN-0004470,RCP-00004470,PH-004,REG-03,EMP-0068,,2026-07-09 19:01:53,Sale,84.92,2.16,6.83,89.59,Debit Card,3,False,False,False,Completed
TXN-0004471,RCP-00004471,PH-001,REG-03,EMP-0016,,2026-07-14 12:40:03,Sale,281.51,0,23.23,304.74,Credit Card,7,False,False,False,Completed
TXN-0004472,RCP-00004472,PH-003,REG-01,EMP-0064,CUS-00734,2026-05-10 20:58:48,Sale,157.29,3.48,12.7,166.51,Debit Card,5,False,True,False,Completed
TXN-0004473,RCP-00004473,PH-004,REG-02,EMP-0067,CUS-04255,2026-06-10 09:21:25,Sale,226.23,14.1,17.5,229.63,Credit Card,5,False,True,False,Completed
TXN-0004474,RCP-00004474,PH-005,REG-03,EMP-0101,CUS-01328,2026-06-06 08:20:45,Sale,190.97,5.51,15.3,200.76,Credit Card,5,False,True,False,Completed
TXN-0004475,RCP-00004475,PH-003,REG-05,EMP-0063,CUS-03710,2026-07-19 12:53:39,Sale,114.8,0,9.48,124.28,Credit Card,3,False,True,False,Completed
TXN-0004476,RCP-00004476,PH-002,REG-02,EMP-0036,,2026-07-03 15:54:48,Sale,176.14,16.85,13.15,172.44,Cash,4,False,False,True,Completed
TXN-0004477,RCP-00004477,PH-001,REG-02,EMP-0013,CUS-04885,2026-05-06 10:08:53,Sale,108.09,0,8.91,117.0,Cash,5,False,True,False,Completed
TXN-0004478,RCP-00004478,PH-002,REG-04,EMP-0040,CUS-00214,2026-05-27 11:15:33,Sale,267.79,2.89,21.86,286.76,Debit Card,4,False,True,False,Completed
TXN-0004479,RCP-00004479,PH-003,REG-02,EMP-0063,CUS-04325,2026-06-23 15:43:10,Sale,185.16,0,15.27,200.43,Debit Card,6,False,True,False,Completed
TXN-0004480,RCP-00004480,PH-002,REG-01,EMP-0037,CUS-02438,2026-06-14 16:31:21,Sale,284.17,9.28,22.68,297.57,Cash,6,False,True,False,Completed
TXN-0004481,RCP-00004481,PH-001,REG-06,EMP-0016,CUS-02572,2026-07-05 15:30:52,Sale,67.24,0,5.55,72.79,Cash,1,False,True,False,Completed
TXN-0004482,RCP-00004482,PH-002,REG-03,EMP-0037,CUS-01157,2026-05-06 12:36:45,Sale,208.53,0,17.2,225.73,Cash,6,False,True,False,Completed
TXN-0004483,RCP-00004483,PH-002,REG-06,EMP-0039,CUS-02217,2026-05-11 08:49:45,Sale,205.02,7.57,16.28,213.73,Credit Card,7,False,True,True,Completed
TXN-0004484,RCP-00004484,PH-004,REG-06,EMP-0069,CUS-04879,2026-06-26 21:26:33,Sale,349.32,5.12,28.41,372.61,Credit Card,7,False,True,False,Completed
TXN-0004485,RCP-00004485,PH-001,REG-06,EMP-0016,CUS-02609,2026-07-22 14:31:11,Sale,132.94,0.57,10.92,143.29,Split Payment,4,False,True,False,Completed
TXN-0004486,RCP-00004486,PH-003,REG-02,EMP-0056,CUS-00931,2026-07-07 11:38:41,Sale,294.46,4.85,23.89,313.5,Cash,7,False,True,False,Completed
TXN-0004487,RCP-00004487,PH-002,REG-03,EMP-0041,CUS-00739,2026-06-22 18:57:21,Sale,110.05,0.37,9.05,118.73,Credit Card,6,False,True,False,Completed
TXN-0004488,RCP-00004488,PH-004,REG-04,EMP-0082,CUS-00695,2026-05-22 21:19:02,Sale,315.41,0,26.01,341.42,Cash,5,False,True,False,Completed
TXN-0004489,RCP-00004489,PH-001,REG-05,EMP-0006,,2026-06-11 14:47:36,Sale,112.96,0,9.32,122.28,Debit Card,4,False,False,False,Completed
TXN-0004490,RCP-00004490,PH-002,REG-04,EMP-0040,,2026-05-09 19:17:15,Sale,355.44,0,29.33,384.77,Credit Card,7,False,False,False,Completed
TXN-0004491,RCP-00004491,PH-002,REG-04,EMP-0042,,2026-07-19 17:05:01,Sale,231.03,6.41,18.53,243.15,Credit Card,8,False,False,False,Completed
TXN-0004492,RCP-00004492,PH-001,REG-02,EMP-0006,CUS-01937,2026-07-23 12:59:33,Sale,389.45,43.27,28.55,374.73,Debit Card,5,False,True,True,Completed
TXN-0004493,RCP-00004493,PH-003,REG-01,EMP-0058,CUS-01279,2026-07-31 14:09:54,Sale,98.56,11.09,7.22,94.69,Credit Card,4,False,True,False,Completed
TXN-0004494,RCP-00004494,PH-003,REG-02,EMP-0045,CUS-02736,2026-05-02 11:07:23,Sale,224.39,3.68,18.2,238.91,Credit Card,6,False,True,False,Completed
TXN-0004495,RCP-00004495,PH-003,REG-05,EMP-0063,CUS-00988,2026-06-26 13:32:05,Sale,241.09,12.28,18.87,247.68,Credit Card,5,False,True,False,Completed
TXN-0004496,RCP-00004496,PH-001,REG-04,EMP-0002,CUS-01429,2026-05-20 20:48:44,Sale,122.52,4.13,9.77,128.16,Cash,5,False,True,False,Completed
TXN-0004497,RCP-00004497,PH-004,REG-04,EMP-0067,,2026-05-21 08:48:05,Sale,30.2,0,2.49,32.69,Debit Card,1,False,False,False,Completed
TXN-0004498,RCP-00004498,PH-003,REG-01,EMP-0062,CUS-04206,2026-05-21 18:52:26,Sale,316.54,19.71,24.5,321.33,Credit Card,7,False,True,False,Completed
TXN-0004499,RCP-00004499,PH-004,REG-02,EMP-0078,CUS-04791,2026-07-06 20:16:58,Sale,148.62,0,12.27,160.89,Cash,5,False,True,False,Completed
TXN-0004500,RCP-00004500,PH-002,REG-01,EMP-0040,CUS-04541,2026-06-27 15:10:37,Sale,26.65,4.0,1.87,24.52,Credit Card,1,False,True,False,Completed
TXN-0004501,RCP-00004501,PH-004,REG-02,EMP-0083,CUS-03300,2026-06-13 13:03:14,Sale,123.18,1.16,10.06,132.08,Debit Card,4,False,True,False,Completed
TXN-0004502,RCP-00004502,PH-001,REG-01,EMP-0014,CUS-01170,2026-06-08 21:16:08,Sale,211.43,8.59,16.74,219.58,Credit Card,7,False,True,False,Completed
TXN-0004503,RCP-00004503,PH-003,REG-06,EMP-0061,CUS-00136,2026-06-24 09:43:50,Sale,163.69,7.67,12.88,168.9,Credit Card,4,False,True,False,Completed
TXN-0004504,RCP-00004504,PH-001,REG-05,EMP-0017,CUS-02791,2026-05-13 15:39:46,Sale,81.22,0.77,6.64,87.09,Cash,2,False,True,False,Completed
TXN-0004505,RCP-00004505,PH-001,REG-02,EMP-0002,,2026-06-08 10:39:29,Sale,76.35,0,6.29,82.64,Credit Card,2,False,False,False,Completed
TXN-0004506,RCP-00004506,PH-005,REG-05,EMP-0089,CUS-02669,2026-07-26 08:04:59,Sale,240.52,6.52,19.3,253.3,Cash,6,False,True,False,Completed
TXN-0004507,RCP-00004507,PH-003,REG-02,EMP-0046,CUS-01319,2026-07-21 16:15:30,Sale,259.15,0,21.38,280.53,Gift Card,3,False,True,False,Completed
TXN-0004508,RCP-00004508,PH-003,REG-05,EMP-0062,CUS-03868,2026-07-13 13:03:23,Sale,171.4,0,14.14,185.54,Cash,4,False,True,False,Completed
TXN-0004509,RCP-00004509,PH-003,REG-05,EMP-0047,CUS-03791,2026-07-18 15:55:19,Sale,34.19,0,2.82,37.01,Credit Card,1,False,True,False,Completed
TXN-0004510,RCP-00004510,PH-001,REG-02,EMP-0006,,2026-07-01 19:52:53,Sale,209.25,9.6,16.47,216.12,Credit Card,4,False,False,False,Completed
TXN-0004511,RCP-00004511,PH-001,REG-06,EMP-0013,CUS-03529,2026-06-21 17:11:54,Sale,211.71,28.07,15.14,198.78,Credit Card,4,False,True,False,Completed
TXN-0004512,RCP-00004512,PH-003,REG-01,EMP-0059,,2026-06-04 12:57:41,Sale,197.56,0,16.3,213.86,Credit Card,7,False,False,False,Completed
TXN-0004513,RCP-00004513,PH-004,REG-03,EMP-0083,CUS-01636,2026-06-03 09:42:26,Sale,31.56,0,2.6,34.16,Credit Card,1,False,True,False,Completed
TXN-0004514,RCP-00004514,PH-003,REG-01,EMP-0045,CUS-03677,2026-07-05 09:11:21,Sale,15.74,0,1.3,17.04,Gift Card,1,False,True,False,Completed
TXN-0004515,RCP-00004515,PH-001,REG-01,EMP-0017,CUS-01455,2026-05-06 19:11:56,Sale,104.6,1.62,8.5,111.48,Cash,5,False,True,False,Completed
TXN-0004516,RCP-00004516,PH-001,REG-01,EMP-0017,,2026-06-23 11:04:37,Sale,164.7,0,13.59,178.29,Credit Card,4,False,False,False,Completed
TXN-0004517,RCP-00004517,PH-003,REG-06,EMP-0063,CUS-01036,2026-05-02 10:38:55,Sale,115.74,0,9.55,125.29,Cash,5,False,True,False,Completed
TXN-0004518,RCP-00004518,PH-001,REG-05,EMP-0020,CUS-03418,2026-05-13 10:17:15,Sale,119.71,0,9.88,129.59,Credit Card,3,False,True,False,Completed
TXN-0004519,RCP-00004519,PH-003,REG-01,EMP-0058,,2026-07-19 14:06:23,Sale,274.42,0,22.64,297.06,Cash,4,False,False,False,Completed
TXN-0004520,RCP-00004520,PH-005,REG-04,EMP-0091,CUS-02202,2026-06-24 10:36:10,Sale,131.37,12.78,9.78,128.37,Credit Card,5,False,True,False,Completed
TXN-0004521,RCP-00004521,PH-002,REG-02,EMP-0024,,2026-06-19 18:51:42,Sale,350.37,12.43,27.87,365.81,Debit Card,6,False,False,False,Completed
TXN-0004522,RCP-00004522,PH-003,REG-06,EMP-0059,CUS-03374,2026-05-03 09:36:39,Sale,51.4,0,4.24,55.64,Credit Card,2,False,True,False,Completed
TXN-0004523,RCP-00004523,PH-003,REG-02,EMP-0062,,2026-06-28 16:45:06,Sale,38.49,0,3.18,41.67,Credit Card,1,False,False,False,Completed
TXN-0004524,RCP-00004524,PH-001,REG-01,EMP-0006,,2026-07-13 18:56:41,Sale,43.11,2.06,3.39,44.44,Credit Card,3,False,False,False,Completed
TXN-0004525,RCP-00004525,PH-002,REG-05,EMP-0024,CUS-01895,2026-07-05 13:54:14,Sale,498.72,12.88,40.08,525.92,Gift Card,6,False,True,False,Completed
TXN-0004526,RCP-00004526,PH-002,REG-05,EMP-0042,CUS-01420,2026-07-09 17:17:30,Sale,143.19,10.59,10.94,143.54,Cash,4,False,True,False,Completed
TXN-0004527,RCP-00004527,PH-001,REG-04,EMP-0019,CUS-04897,2026-06-28 18:35:19,Sale,532.42,19.14,42.36,555.64,Debit Card,10,False,True,False,Completed
TXN-0004528,RCP-00004528,PH-001,REG-05,EMP-0001,CUS-01244,2026-06-26 08:33:04,Sale,56.42,0,4.65,61.07,Debit Card,1,False,True,False,Completed
TXN-0004529,RCP-00004529,PH-004,REG-01,EMP-0080,CUS-01353,2026-07-24 19:31:12,Sale,463.89,19.12,36.69,481.46,Cash,8,False,True,False,Completed
TXN-0004530,RCP-00004530,PH-004,REG-03,EMP-0079,CUS-04417,2026-07-20 18:47:49,Sale,127.3,4.69,10.11,132.72,Debit Card,4,False,True,False,Completed
TXN-0004531,RCP-00004531,PH-001,REG-02,EMP-0012,CUS-01202,2026-07-07 14:30:49,Sale,38.63,0,3.19,41.82,Credit Card,1,False,True,False,Completed
TXN-0004532,RCP-00004532,PH-004,REG-03,EMP-0082,,2026-05-31 12:48:05,Sale,328.33,5.14,26.67,349.86,Debit Card,6,False,False,False,Completed
TXN-0004533,RCP-00004533,PH-001,REG-04,EMP-0014,CUS-00844,2026-05-01 17:58:46,Sale,104.79,0,8.65,113.44,Cash,3,False,True,False,Completed
TXN-0004534,RCP-00004534,PH-003,REG-03,EMP-0047,CUS-00022,2026-05-17 18:21:41,Sale,305.3,2.71,24.97,327.56,Debit Card,8,False,True,False,Completed
TXN-0004535,RCP-00004535,PH-001,REG-01,EMP-0015,CUS-02963,2026-05-26 15:39:23,Sale,214.63,0,17.71,232.34,Credit Card,4,False,True,False,Completed
TXN-0004536,RCP-00004536,PH-001,REG-05,EMP-0015,CUS-01696,2026-05-25 13:32:09,Sale,162.39,0,13.38,175.77,Debit Card,5,False,True,False,Completed
TXN-0004537,RCP-00004537,PH-005,REG-06,EMP-0100,CUS-00978,2026-06-12 18:52:54,Sale,281.98,2.2,23.08,302.86,Cash,7,False,True,False,Completed
TXN-0004538,RCP-00004538,PH-002,REG-02,EMP-0040,CUS-00026,2026-07-30 08:06:52,Sale,289.19,4.28,23.51,308.42,Cash,5,False,True,False,Completed
TXN-0004539,RCP-00004539,PH-002,REG-01,EMP-0038,CUS-03429,2026-07-08 12:24:52,Sale,182.8,15.61,13.79,180.98,Debit Card,8,False,True,True,Completed
TXN-0004540,RCP-00004540,PH-004,REG-02,EMP-0084,CUS-01505,2026-06-03 20:25:33,Sale,124.25,5.69,9.78,128.34,Cash,4,False,True,False,Completed
TXN-0004541,RCP-00004541,PH-002,REG-01,EMP-0040,CUS-00949,2026-07-03 14:56:00,Sale,1.55,0.23,0.11,1.43,Debit Card,1,False,True,False,Completed
TXN-0004542,RCP-00004542,PH-003,REG-03,EMP-0057,CUS-04134,2026-07-06 11:57:44,Sale,255.39,28.06,18.76,246.09,Credit Card,7,False,True,False,Completed
TXN-0004543,RCP-00004543,PH-004,REG-03,EMP-0067,CUS-02889,2026-06-06 19:36:15,Sale,202.65,6.43,16.18,212.4,Credit Card,4,False,True,False,Completed
TXN-0004544,RCP-00004544,PH-001,REG-06,EMP-0017,CUS-00805,2026-07-12 15:55:44,Sale,112.46,0,9.28,121.74,Debit Card,3,False,True,False,Completed
TXN-0004545,RCP-00004545,PH-003,REG-01,EMP-0064,CUS-03067,2026-05-06 20:29:19,Sale,606.24,33.27,47.27,620.24,Debit Card,7,False,True,False,Completed
TXN-0004546,RCP-00004546,PH-001,REG-06,EMP-0001,CUS-02496,2026-07-26 12:27:23,Sale,209.55,0.29,17.27,226.53,Credit Card,8,False,True,False,Completed
TXN-0004547,RCP-00004547,PH-005,REG-04,EMP-0106,CUS-04946,2026-07-12 12:24:12,Sale,92.06,0,7.6,99.66,Debit Card,4,False,True,False,Completed
TXN-0004548,RCP-00004548,PH-004,REG-01,EMP-0082,CUS-04336,2026-06-24 08:50:00,Sale,312.87,19.95,24.16,317.08,Debit Card,7,False,True,False,Completed
TXN-0004549,RCP-00004549,PH-002,REG-04,EMP-0042,CUS-00252,2026-06-13 11:49:05,Sale,355.82,0,29.35,385.17,Credit Card,8,False,True,False,Completed
TXN-0004550,RCP-00004550,PH-005,REG-02,EMP-0104,CUS-01961,2026-06-21 12:25:21,Sale,272.96,0,22.52,295.48,Credit Card,7,False,True,False,Completed
TXN-0004551,RCP-00004551,PH-002,REG-02,EMP-0034,CUS-01464,2026-07-13 15:15:29,Sale,22.49,0,1.86,24.35,Debit Card,1,False,True,False,Completed
TXN-0004552,RCP-00004552,PH-001,REG-04,EMP-0001,CUS-02353,2026-06-04 21:51:13,Sale,147.21,11.05,11.23,147.39,Credit Card,3,False,True,False,Completed
TXN-0004553,RCP-00004553,PH-002,REG-05,EMP-0039,CUS-01410,2026-06-22 21:52:01,Sale,148.44,5.3,11.81,154.95,Credit Card,5,False,True,True,Completed
TXN-0004554,RCP-00004554,PH-005,REG-06,EMP-0106,CUS-04206,2026-07-17 14:49:36,Sale,298.59,4.77,24.25,318.07,Debit Card,5,False,True,False,Completed
TXN-0004555,RCP-00004555,PH-001,REG-06,EMP-0015,CUS-03545,2026-05-04 09:30:21,Sale,35.64,0.97,2.86,37.53,Cash,2,False,True,False,Completed
TXN-0004556,RCP-00004556,PH-005,REG-05,EMP-0107,CUS-04891,2026-07-20 19:58:07,Sale,163.23,0,13.47,176.7,Cash,4,False,True,False,Completed
TXN-0004557,RCP-00004557,PH-001,REG-03,EMP-0015,CUS-00709,2026-05-16 11:00:20,Sale,30.03,0,2.48,32.51,Credit Card,1,False,True,False,Completed
TXN-0004558,RCP-00004558,PH-004,REG-01,EMP-0082,CUS-00041,2026-05-03 13:15:17,Sale,215.49,5.32,17.33,227.5,Debit Card,6,False,True,False,Completed
TXN-0004559,RCP-00004559,PH-003,REG-03,EMP-0062,,2026-06-11 13:37:52,Sale,208.55,4.79,16.81,220.57,Credit Card,5,False,False,False,Completed
TXN-0004560,RCP-00004560,PH-001,REG-02,EMP-0017,CUS-03017,2026-05-20 11:46:40,Sale,196.29,2.99,15.96,209.26,Cash,9,False,True,False,Completed
TXN-0004561,RCP-00004561,PH-001,REG-02,EMP-0014,CUS-00064,2026-07-17 11:29:58,Sale,114.02,9.76,8.59,112.85,Cash,3,False,True,False,Completed
TXN-0004562,RCP-00004562,PH-002,REG-05,EMP-0024,,2026-05-17 21:58:11,Sale,161.6,0,13.34,174.94,Cash,8,False,False,False,Completed
TXN-0004563,RCP-00004563,PH-005,REG-05,EMP-0090,CUS-02876,2026-05-20 12:14:23,Sale,152.86,7.01,12.04,157.89,Credit Card,4,False,True,False,Completed
TXN-0004564,RCP-00004564,PH-002,REG-06,EMP-0037,CUS-00223,2026-07-31 09:37:01,Sale,409.24,2.78,33.52,439.98,Debit Card,8,False,True,False,Completed
TXN-0004565,RCP-00004565,PH-001,REG-06,EMP-0013,CUS-04777,2026-06-21 10:38:05,Sale,139.64,27.93,9.22,120.93,Credit Card,1,False,True,False,Completed
TXN-0004566,RCP-00004566,PH-002,REG-05,EMP-0042,CUS-03580,2026-05-30 21:08:29,Sale,254.06,6.33,20.44,268.17,Credit Card,6,False,True,False,Completed
TXN-0004567,RCP-00004567,PH-002,REG-03,EMP-0024,CUS-01473,2026-06-24 08:11:26,Sale,165.18,0,13.63,178.81,Cash,3,False,True,False,Completed
TXN-0004568,RCP-00004568,PH-001,REG-03,EMP-0019,CUS-03234,2026-06-30 20:30:24,Sale,97.69,0,8.06,105.75,Credit Card,3,False,True,False,Completed
TXN-0004569,RCP-00004569,PH-005,REG-04,EMP-0103,CUS-04346,2026-07-03 08:41:50,Sale,209.5,0.77,17.23,225.96,Cash,4,False,True,False,Completed
TXN-0004570,RCP-00004570,PH-001,REG-03,EMP-0006,,2026-06-22 20:42:49,Sale,281.24,21.38,21.44,281.3,Credit Card,7,False,False,False,Completed
TXN-0004571,RCP-00004571,PH-003,REG-01,EMP-0046,CUS-03288,2026-07-03 12:47:00,Sale,65.7,0,5.43,71.13,Debit Card,3,False,True,False,Completed
TXN-0004572,RCP-00004572,PH-001,REG-05,EMP-0019,CUS-03001,2026-05-06 18:28:38,Sale,157.73,1.62,12.88,168.99,Credit Card,5,False,True,False,Completed
TXN-0004573,RCP-00004573,PH-001,REG-06,EMP-0016,CUS-01277,2026-07-28 11:30:31,Sale,81.47,0,6.73,88.2,Cash,3,False,True,False,Completed
TXN-0004574,RCP-00004574,PH-002,REG-01,EMP-0025,CUS-00355,2026-05-22 12:38:37,Sale,211.0,0.86,17.32,227.46,Credit Card,5,False,True,False,Completed
TXN-0004575,RCP-00004575,PH-003,REG-02,EMP-0059,CUS-01384,2026-06-10 19:33:29,Sale,149.54,0,12.34,161.88,Credit Card,5,False,True,False,Completed
TXN-0004576,RCP-00004576,PH-002,REG-01,EMP-0040,CUS-02328,2026-07-30 11:29:38,Sale,315.12,29.1,23.59,309.61,Credit Card,6,False,True,False,Completed
TXN-0004577,RCP-00004577,PH-005,REG-02,EMP-0102,CUS-01537,2026-07-20 11:59:39,Sale,111.28,2.78,8.95,117.45,Credit Card,4,False,True,False,Completed
TXN-0004578,RCP-00004578,PH-004,REG-05,EMP-0067,,2026-06-09 15:19:38,Sale,216.51,0,17.85,234.36,Debit Card,4,False,False,False,Completed
TXN-0004579,RCP-00004579,PH-004,REG-05,EMP-0086,CUS-00837,2026-05-27 12:09:10,Sale,55.67,0,4.6,60.27,Credit Card,2,False,True,False,Completed
TXN-0004580,RCP-00004580,PH-002,REG-05,EMP-0036,,2026-07-28 21:38:27,Sale,83.22,0.53,6.83,89.52,Debit Card,4,False,False,False,Completed
TXN-0004581,RCP-00004581,PH-002,REG-02,EMP-0034,CUS-02538,2026-07-27 12:23:54,Sale,171.24,0.34,14.09,184.99,Gift Card,3,False,True,False,Completed
TXN-0004582,RCP-00004582,PH-004,REG-04,EMP-0068,CUS-02297,2026-07-17 21:44:08,Sale,223.38,0,18.44,241.82,Credit Card,7,False,True,False,Completed
TXN-0004583,RCP-00004583,PH-001,REG-06,EMP-0019,CUS-03062,2026-07-04 20:30:29,Sale,171.62,0,14.17,185.79,Credit Card,5,False,True,False,Completed
TXN-0004584,RCP-00004584,PH-005,REG-04,EMP-0103,CUS-02677,2026-07-06 21:42:56,Sale,164.53,0,13.58,178.11,Cash,4,False,True,False,Completed
TXN-0004585,RCP-00004585,PH-003,REG-03,EMP-0061,CUS-01717,2026-05-25 14:52:49,Sale,152.2,0,12.56,164.76,Gift Card,3,False,True,False,Completed
TXN-0004586,RCP-00004586,PH-002,REG-01,EMP-0024,CUS-02046,2026-05-01 11:10:12,Sale,108.79,2.64,8.75,114.9,Credit Card,4,False,True,False,Completed
TXN-0004587,RCP-00004587,PH-001,REG-05,EMP-0018,CUS-01888,2026-05-25 15:40:39,Sale,91.96,0,7.59,99.55,Split Payment,2,False,True,False,Completed
TXN-0004588,RCP-00004588,PH-001,REG-04,EMP-0018,,2026-07-07 12:31:42,Sale,147.9,9.41,11.43,149.92,Credit Card,6,False,False,False,Completed
TXN-0004589,RCP-00004589,PH-003,REG-05,EMP-0056,CUS-00334,2026-07-26 21:57:12,Sale,371.85,21.74,28.89,379.0,Credit Card,6,False,True,False,Completed
TXN-0004590,RCP-00004590,PH-003,REG-05,EMP-0047,CUS-01786,2026-05-28 18:31:41,Sale,233.89,2.1,19.12,250.91,Cash,6,False,True,False,Completed
TXN-0004591,RCP-00004591,PH-003,REG-02,EMP-0057,CUS-01582,2026-05-17 09:09:26,Sale,379.12,0,31.27,410.39,Credit Card,7,False,True,False,Completed
TXN-0004592,RCP-00004592,PH-005,REG-01,EMP-0089,CUS-02406,2026-05-05 15:01:02,Sale,198.73,11.71,15.44,202.46,Gift Card,4,False,True,False,Completed
TXN-0004593,RCP-00004593,PH-001,REG-02,EMP-0006,CUS-00060,2026-05-21 13:36:44,Sale,481.26,28.26,37.38,490.38,Credit Card,6,False,True,False,Completed
TXN-0004594,RCP-00004594,PH-003,REG-04,EMP-0060,CUS-02646,2026-05-03 08:30:34,Sale,178.12,0,14.69,192.81,Credit Card,3,False,True,False,Completed
TXN-0004595,RCP-00004595,PH-004,REG-02,EMP-0079,CUS-04096,2026-06-02 13:44:30,Sale,455.74,2.67,37.38,490.45,Credit Card,7,False,True,False,Completed
TXN-0004596,RCP-00004596,PH-005,REG-03,EMP-0103,CUS-00720,2026-05-17 11:03:13,Sale,132.06,0.33,10.87,142.6,Debit Card,6,False,True,False,Completed
TXN-0004597,RCP-00004597,PH-003,REG-06,EMP-0060,CUS-01998,2026-07-19 19:19:58,Sale,132.81,4.34,10.6,139.07,Debit Card,7,False,True,False,Completed
TXN-0004598,RCP-00004598,PH-004,REG-04,EMP-0069,CUS-00226,2026-07-13 14:06:58,Sale,51.7,0,4.26,55.96,Credit Card,2,False,True,False,Completed
TXN-0004599,RCP-00004599,PH-005,REG-05,EMP-0107,CUS-02459,2026-07-11 20:13:33,Sale,158.32,5.12,12.65,165.85,Cash,5,False,True,False,Completed
TXN-0004600,RCP-00004600,PH-004,REG-06,EMP-0079,CUS-04137,2026-06-27 18:35:37,Sale,135.94,4.09,10.88,142.73,Debit Card,5,False,True,False,Completed
TXN-0004601,RCP-00004601,PH-001,REG-05,EMP-0012,CUS-00202,2026-06-12 11:47:11,Sale,170.57,4.26,13.73,180.04,Cash,7,False,True,False,Completed
TXN-0004602,RCP-00004602,PH-001,REG-06,EMP-0001,CUS-02875,2026-07-01 20:47:21,Sale,167.82,0,13.85,181.67,Debit Card,5,False,True,False,Completed
TXN-0004603,RCP-00004603,PH-001,REG-05,EMP-0020,CUS-04365,2026-06-14 10:32:09,Sale,179.6,0,14.82,194.42,Credit Card,6,False,True,False,Completed
TXN-0004604,RCP-00004604,PH-004,REG-03,EMP-0068,,2026-06-11 14:01:19,Sale,578.41,0,47.71,626.12,Debit Card,4,False,False,False,Completed
TXN-0004605,RCP-00004605,PH-004,REG-04,EMP-0084,CUS-00736,2026-07-10 09:50:08,Sale,298.46,13.46,23.51,308.51,Gift Card,7,False,True,False,Completed
TXN-0004606,RCP-00004606,PH-003,REG-04,EMP-0057,CUS-01127,2026-07-31 20:02:18,Sale,18.11,0,1.49,19.6,Credit Card,1,False,True,False,Completed
TXN-0004607,RCP-00004607,PH-001,REG-02,EMP-0015,CUS-02940,2026-05-22 08:15:49,Sale,156.88,0,12.95,169.83,Cash,4,False,True,False,Completed
TXN-0004608,RCP-00004608,PH-001,REG-06,EMP-0019,CUS-00349,2026-07-13 21:44:34,Sale,90.57,0,7.48,98.05,Credit Card,3,False,True,False,Completed
TXN-0004609,RCP-00004609,PH-004,REG-04,EMP-0085,,2026-06-23 21:39:07,Sale,115.33,7.25,8.92,117.0,Debit Card,4,False,False,False,Completed
TXN-0004610,RCP-00004610,PH-001,REG-03,EMP-0017,CUS-02890,2026-06-21 12:41:05,Sale,184.39,0,15.22,199.61,Cash,4,False,True,False,Completed
TXN-0004611,RCP-00004611,PH-001,REG-02,EMP-0013,CUS-03178,2026-05-17 11:49:57,Sale,122.19,0,10.08,132.27,Cash,1,False,True,False,Completed
TXN-0004612,RCP-00004612,PH-002,REG-04,EMP-0035,,2026-06-27 18:11:06,Sale,304.0,0.07,25.08,329.01,Debit Card,6,False,False,False,Completed
TXN-0004613,RCP-00004613,PH-001,REG-04,EMP-0006,CUS-02700,2026-06-18 11:50:25,Sale,127.7,0,10.53,138.23,Credit Card,5,False,True,False,Completed
TXN-0004614,RCP-00004614,PH-004,REG-01,EMP-0067,CUS-01867,2026-07-27 14:09:22,Sale,146.9,0,12.12,159.02,Debit Card,4,False,True,False,Completed
TXN-0004615,RCP-00004615,PH-005,REG-02,EMP-0108,CUS-04728,2026-07-31 21:05:22,Sale,270.1,21.65,20.5,268.95,Credit Card,7,False,True,False,Completed
TXN-0004616,RCP-00004616,PH-002,REG-05,EMP-0040,,2026-05-23 08:32:55,Sale,158.94,6.08,12.61,165.47,Credit Card,6,False,False,False,Completed
TXN-0004617,RCP-00004617,PH-001,REG-03,EMP-0019,CUS-01139,2026-05-19 09:57:17,Sale,164.34,9.86,12.75,167.23,Debit Card,5,False,True,False,Completed
TXN-0004618,RCP-00004618,PH-001,REG-01,EMP-0012,,2026-07-23 20:23:58,Sale,6.44,0,0.54,6.98,Credit Card,2,False,False,False,Completed
TXN-0004619,RCP-00004619,PH-005,REG-03,EMP-0106,,2026-07-17 21:33:06,Sale,407.97,0,33.66,441.63,Credit Card,6,False,False,False,Completed
TXN-0004620,RCP-00004620,PH-001,REG-03,EMP-0016,CUS-04494,2026-07-24 17:54:17,Sale,89.63,1.81,7.24,95.06,Credit Card,4,False,True,False,Completed
TXN-0004621,RCP-00004621,PH-001,REG-06,EMP-0018,CUS-00659,2026-05-10 11:05:52,Sale,327.38,5.42,26.56,348.52,Debit Card,8,False,True,False,Completed
TXN-0004622,RCP-00004622,PH-004,REG-01,EMP-0080,CUS-00674,2026-06-13 09:09:33,Sale,133.16,0.99,10.91,143.08,Credit Card,4,False,True,False,Completed
TXN-0004623,RCP-00004623,PH-003,REG-02,EMP-0045,CUS-02817,2026-07-18 14:07:33,Sale,105.48,5.65,8.23,108.06,Credit Card,2,False,True,False,Completed
TXN-0004624,RCP-00004624,PH-005,REG-05,EMP-0106,,2026-07-11 09:32:19,Sale,47.05,0,3.89,50.94,Credit Card,2,False,False,False,Completed
TXN-0004625,RCP-00004625,PH-003,REG-01,EMP-0045,CUS-04989,2026-07-11 15:58:13,Sale,180.0,6.28,14.34,188.06,Credit Card,5,False,True,False,Completed
TXN-0004626,RCP-00004626,PH-004,REG-06,EMP-0084,CUS-03565,2026-06-29 13:38:25,Sale,251.09,10.64,19.84,260.29,Debit Card,7,False,True,False,Completed
TXN-0004627,RCP-00004627,PH-003,REG-04,EMP-0062,CUS-02937,2026-07-12 11:22:54,Sale,273.31,20.49,20.86,273.68,Credit Card,4,False,True,False,Completed
TXN-0004628,RCP-00004628,PH-001,REG-01,EMP-0016,CUS-01815,2026-07-22 17:35:21,Sale,153.47,0,12.67,166.14,Debit Card,5,False,True,False,Completed
TXN-0004629,RCP-00004629,PH-001,REG-06,EMP-0012,CUS-01135,2026-05-07 09:59:46,Sale,237.28,2.08,19.41,254.61,Cash,6,False,True,False,Completed
TXN-0004630,RCP-00004630,PH-002,REG-06,EMP-0040,,2026-07-30 19:18:00,Sale,338.22,6.54,27.36,359.04,Debit Card,8,False,False,False,Completed
TXN-0004631,RCP-00004631,PH-005,REG-03,EMP-0105,,2026-05-21 11:01:21,Sale,477.44,10.27,38.54,505.71,Credit Card,7,False,False,False,Completed
TXN-0004632,RCP-00004632,PH-003,REG-03,EMP-0060,CUS-04397,2026-06-23 19:04:23,Sale,62.39,12.48,4.12,54.03,Gift Card,1,False,True,False,Completed
TXN-0004633,RCP-00004633,PH-005,REG-02,EMP-0104,CUS-01753,2026-07-06 12:54:32,Sale,311.77,8.93,24.99,327.83,Debit Card,5,False,True,False,Completed
TXN-0004634,RCP-00004634,PH-005,REG-05,EMP-0103,CUS-00048,2026-07-16 13:46:11,Sale,219.32,0,18.1,237.42,Credit Card,5,False,True,False,Completed
TXN-0004635,RCP-00004635,PH-004,REG-01,EMP-0083,CUS-00233,2026-06-28 15:21:07,Sale,201.7,4.32,16.28,213.66,Credit Card,3,False,True,False,Completed
TXN-0004636,RCP-00004636,PH-001,REG-04,EMP-0020,CUS-02534,2026-06-02 13:42:30,Sale,295.81,1.65,24.26,318.42,Credit Card,4,False,True,False,Completed
TXN-0004637,RCP-00004637,PH-002,REG-04,EMP-0037,,2026-05-19 08:15:21,Sale,215.22,3.58,17.47,229.11,Cash,7,False,False,False,Completed
TXN-0004638,RCP-00004638,PH-003,REG-02,EMP-0047,CUS-03540,2026-06-02 11:47:20,Sale,66.12,2.91,5.21,68.42,Credit Card,3,False,True,False,Completed
TXN-0004639,RCP-00004639,PH-004,REG-02,EMP-0078,CUS-01474,2026-07-25 15:34:23,Sale,65.47,1.68,5.26,69.05,Cash,3,False,True,False,Completed
TXN-0004640,RCP-00004640,PH-002,REG-04,EMP-0024,CUS-01207,2026-05-16 18:53:57,Sale,81.96,0,6.76,88.72,Debit Card,2,False,True,False,Completed
TXN-0004641,RCP-00004641,PH-003,REG-01,EMP-0061,CUS-02355,2026-07-09 14:58:41,Sale,401.85,6.33,32.63,428.15,Debit Card,7,False,True,False,Completed
TXN-0004642,RCP-00004642,PH-005,REG-03,EMP-0090,CUS-00717,2026-07-14 13:57:43,Sale,308.93,21.19,23.73,311.47,Credit Card,7,False,True,True,Completed
TXN-0004643,RCP-00004643,PH-002,REG-03,EMP-0024,,2026-05-27 08:25:54,Sale,138.41,1.63,11.29,148.07,Debit Card,5,False,False,False,Completed
TXN-0004644,RCP-00004644,PH-005,REG-01,EMP-0090,CUS-01929,2026-07-14 16:03:26,Sale,221.62,7.76,17.64,231.5,Credit Card,7,False,True,False,Completed
TXN-0004645,RCP-00004645,PH-003,REG-05,EMP-0059,,2026-07-28 14:23:37,Sale,221.62,4.29,17.92,235.25,Credit Card,9,False,False,False,Completed
TXN-0004646,RCP-00004646,PH-003,REG-01,EMP-0063,CUS-04578,2026-05-29 16:49:41,Sale,379.24,18.5,29.75,390.49,Debit Card,10,False,True,True,Completed
TXN-0004647,RCP-00004647,PH-002,REG-01,EMP-0042,CUS-00188,2026-05-11 14:19:18,Sale,179.39,2.37,14.6,191.62,Debit Card,6,False,True,False,Completed
TXN-0004648,RCP-00004648,PH-003,REG-01,EMP-0058,CUS-03447,2026-05-31 18:58:42,Sale,14.08,0,1.16,15.24,Credit Card,1,False,True,False,Completed
TXN-0004649,RCP-00004649,PH-003,REG-05,EMP-0061,CUS-01261,2026-06-04 08:39:58,Sale,201.33,0,16.61,217.94,Debit Card,5,False,True,False,Completed
TXN-0004650,RCP-00004650,PH-005,REG-01,EMP-0108,CUS-00373,2026-07-02 11:36:18,Sale,134.69,15.14,9.86,129.41,Credit Card,5,False,True,False,Completed
TXN-0004651,RCP-00004651,PH-004,REG-01,EMP-0069,CUS-03101,2026-05-19 12:42:21,Sale,146.22,10.28,11.21,147.15,Credit Card,3,False,True,False,Completed
TXN-0004652,RCP-00004652,PH-003,REG-02,EMP-0063,CUS-02319,2026-07-16 09:47:03,Sale,192.67,10.11,15.07,197.63,Credit Card,5,False,True,True,Completed
TXN-0004653,RCP-00004653,PH-003,REG-03,EMP-0063,,2026-07-31 15:53:47,Sale,207.12,0,17.09,224.21,Debit Card,6,False,False,False,Completed
TXN-0004654,RCP-00004654,PH-003,REG-05,EMP-0056,CUS-04525,2026-05-17 12:52:47,Sale,179.22,6.56,14.24,186.9,Cash,5,False,True,False,Completed
TXN-0004655,RCP-00004655,PH-005,REG-06,EMP-0089,CUS-01354,2026-05-24 11:23:19,Sale,247.44,7.34,19.82,259.92,Cash,6,False,True,True,Completed
TXN-0004656,RCP-00004656,PH-003,REG-06,EMP-0062,,2026-07-14 11:21:09,Sale,35.54,5.33,2.49,32.7,Credit Card,1,False,False,False,Completed
TXN-0004657,RCP-00004657,PH-005,REG-05,EMP-0089,CUS-03352,2026-07-30 20:25:39,Sale,209.09,9.43,16.47,216.13,Credit Card,5,False,True,False,Completed
TXN-0004658,RCP-00004658,PH-001,REG-06,EMP-0015,CUS-03264,2026-07-05 08:45:05,Sale,319.55,2.47,26.17,343.25,Credit Card,7,False,True,False,Completed
TXN-0004659,RCP-00004659,PH-005,REG-02,EMP-0103,CUS-02445,2026-06-21 18:42:26,Sale,142.51,3.02,11.5,150.99,Credit Card,4,False,True,False,Completed
TXN-0004660,RCP-00004660,PH-002,REG-02,EMP-0041,CUS-00430,2026-07-01 17:52:44,Sale,253.68,10.27,20.08,263.49,Cash,7,False,True,False,Completed
TXN-0004661,RCP-00004661,PH-001,REG-03,EMP-0003,,2026-06-29 15:55:19,Sale,336.66,10.39,26.92,353.19,Credit Card,5,False,False,False,Completed
TXN-0004662,RCP-00004662,PH-002,REG-05,EMP-0042,,2026-06-02 11:36:10,Sale,176.99,11.17,13.68,179.5,Split Payment,3,False,False,False,Completed
TXN-0004663,RCP-00004663,PH-004,REG-03,EMP-0086,CUS-00375,2026-07-27 11:00:26,Sale,193.13,1.78,15.78,207.13,Debit Card,5,False,True,False,Completed
TXN-0004664,RCP-00004664,PH-002,REG-04,EMP-0037,CUS-04064,2026-06-16 15:41:38,Sale,295.73,14.31,23.22,304.64,Credit Card,3,False,True,False,Completed
TXN-0004665,RCP-00004665,PH-002,REG-02,EMP-0041,CUS-00626,2026-07-06 19:18:19,Sale,312.54,76.6,19.47,255.41,Debit Card,5,False,True,True,Completed
TXN-0004666,RCP-00004666,PH-003,REG-03,EMP-0057,CUS-00113,2026-05-12 17:33:10,Sale,166.62,1.89,13.59,178.32,Credit Card,5,False,True,False,Completed
TXN-0004667,RCP-00004667,PH-002,REG-03,EMP-0039,CUS-02606,2026-06-30 13:34:09,Sale,285.5,0,23.56,309.06,Credit Card,6,False,True,False,Completed
TXN-0004668,RCP-00004668,PH-003,REG-01,EMP-0057,CUS-03049,2026-07-05 11:18:35,Sale,162.98,3.21,13.19,172.96,Debit Card,6,False,True,False,Completed
TXN-0004669,RCP-00004669,PH-004,REG-02,EMP-0068,CUS-03886,2026-06-10 19:21:49,Sale,73.4,2.26,5.87,77.01,Debit Card,3,False,True,False,Completed
TXN-0004670,RCP-00004670,PH-002,REG-03,EMP-0042,CUS-04952,2026-06-30 17:59:47,Sale,126.53,0,10.43,136.96,Debit Card,5,False,True,False,Completed
TXN-0004671,RCP-00004671,PH-002,REG-03,EMP-0025,CUS-00407,2026-06-04 14:25:08,Sale,217.87,4.14,17.63,231.36,Credit Card,8,False,True,False,Completed
TXN-0004672,RCP-00004672,PH-005,REG-01,EMP-0103,CUS-00692,2026-07-07 21:35:55,Sale,181.76,1.84,14.85,194.77,Cash,5,False,True,False,Completed
TXN-0004673,RCP-00004673,PH-003,REG-06,EMP-0059,CUS-00401,2026-07-25 21:59:30,Sale,341.8,0.5,28.14,369.44,Credit Card,8,False,True,False,Completed
TXN-0004674,RCP-00004674,PH-005,REG-01,EMP-0103,CUS-02538,2026-07-20 18:40:20,Sale,153.75,0,12.68,166.43,Gift Card,2,False,True,False,Completed
TXN-0004675,RCP-00004675,PH-004,REG-06,EMP-0082,CUS-03965,2026-07-09 21:29:22,Sale,229.44,0,18.93,248.37,Split Payment,5,False,True,False,Completed
TXN-0004676,RCP-00004676,PH-003,REG-04,EMP-0063,,2026-07-03 12:08:04,Sale,177.59,14.75,13.43,176.27,Credit Card,5,False,False,False,Completed
TXN-0004677,RCP-00004677,PH-005,REG-03,EMP-0102,CUS-03371,2026-07-12 08:02:32,Sale,63.75,0,5.26,69.01,Debit Card,4,False,True,False,Completed
TXN-0004678,RCP-00004678,PH-002,REG-03,EMP-0036,,2026-05-26 10:55:18,Sale,132.75,0.81,10.89,142.83,Credit Card,3,False,False,False,Completed
TXN-0004679,RCP-00004679,PH-005,REG-03,EMP-0089,CUS-03768,2026-07-24 16:10:03,Sale,214.8,4.29,17.38,227.89,Debit Card,6,False,True,False,Completed
TXN-0004680,RCP-00004680,PH-002,REG-06,EMP-0038,CUS-01714,2026-06-25 13:23:23,Sale,146.3,3.42,11.79,154.67,Credit Card,4,False,True,False,Completed
TXN-0004681,RCP-00004681,PH-003,REG-04,EMP-0056,CUS-02596,2026-07-08 21:19:56,Sale,380.22,6.01,30.86,405.07,Cash,10,False,True,False,Completed
TXN-0004682,RCP-00004682,PH-003,REG-01,EMP-0046,CUS-00810,2026-07-19 10:53:21,Sale,367.25,5.87,29.81,391.19,Debit Card,7,False,True,False,Completed
TXN-0004683,RCP-00004683,PH-001,REG-03,EMP-0001,CUS-03038,2026-07-25 09:46:34,Sale,389.82,8.23,31.48,413.07,Debit Card,6,False,True,False,Completed
TXN-0004684,RCP-00004684,PH-003,REG-02,EMP-0062,CUS-03360,2026-06-11 09:14:44,Sale,331.01,10.42,26.45,347.04,Debit Card,6,False,True,False,Completed
TXN-0004685,RCP-00004685,PH-004,REG-04,EMP-0081,CUS-03464,2026-05-24 09:48:29,Sale,137.36,0,11.33,148.69,Credit Card,4,False,True,False,Completed
TXN-0004686,RCP-00004686,PH-003,REG-03,EMP-0056,CUS-01723,2026-05-19 08:42:23,Sale,197.77,11.01,15.41,202.17,Credit Card,6,False,True,True,Completed
TXN-0004687,RCP-00004687,PH-005,REG-01,EMP-0089,CUS-00542,2026-06-20 08:52:57,Sale,115.6,1.3,9.43,123.73,Debit Card,5,False,True,False,Completed
TXN-0004688,RCP-00004688,PH-002,REG-05,EMP-0036,CUS-03482,2026-06-06 21:38:07,Sale,149.94,1.15,12.27,161.06,Credit Card,5,False,True,False,Completed
TXN-0004689,RCP-00004689,PH-001,REG-01,EMP-0002,CUS-01339,2026-07-02 12:59:53,Sale,210.76,3.88,17.07,223.95,Credit Card,6,False,True,False,Completed
TXN-0004690,RCP-00004690,PH-003,REG-02,EMP-0056,,2026-05-24 18:26:02,Sale,218.36,0,18.01,236.37,Credit Card,5,False,False,False,Completed
TXN-0004691,RCP-00004691,PH-001,REG-01,EMP-0006,CUS-04849,2026-07-28 15:02:06,Sale,529.0,12.17,42.64,559.47,Credit Card,4,False,True,False,Completed
TXN-0004692,RCP-00004692,PH-004,REG-06,EMP-0084,,2026-05-30 20:47:28,Sale,208.25,0,17.19,225.44,Debit Card,3,False,False,False,Completed
TXN-0004693,RCP-00004693,PH-004,REG-02,EMP-0083,CUS-01643,2026-05-31 11:49:17,Sale,57.66,0,4.76,62.42,Credit Card,1,False,True,False,Completed
TXN-0004694,RCP-00004694,PH-005,REG-03,EMP-0102,,2026-06-10 08:14:34,Sale,134.73,11.94,10.13,132.92,Cash,6,False,False,False,Completed
TXN-0004695,RCP-00004695,PH-004,REG-01,EMP-0086,,2026-06-21 11:39:05,Sale,380.9,12.15,30.42,399.17,Debit Card,4,False,False,False,Completed
TXN-0004696,RCP-00004696,PH-005,REG-01,EMP-0107,CUS-01349,2026-07-22 15:27:35,Sale,112.99,15.62,8.03,105.4,Cash,2,False,True,False,Completed
TXN-0004697,RCP-00004697,PH-003,REG-03,EMP-0057,,2026-07-29 16:17:51,Sale,178.27,4.28,14.35,188.34,Credit Card,7,False,False,False,Completed
TXN-0004698,RCP-00004698,PH-002,REG-03,EMP-0038,,2026-05-28 15:39:56,Sale,232.86,13.47,18.1,237.49,Debit Card,5,False,False,True,Completed
TXN-0004699,RCP-00004699,PH-002,REG-02,EMP-0035,CUS-03552,2026-06-24 18:04:00,Sale,158.4,0,13.06,171.46,Debit Card,5,False,True,False,Completed
TXN-0004700,RCP-00004700,PH-002,REG-03,EMP-0041,CUS-01725,2026-07-06 19:10:16,Sale,324.49,36.41,23.76,311.84,Debit Card,3,False,True,False,Completed
TXN-0004701,RCP-00004701,PH-004,REG-01,EMP-0067,CUS-04849,2026-06-17 18:30:22,Sale,166.92,18.82,12.22,160.32,Debit Card,3,False,True,False,Completed
TXN-0004702,RCP-00004702,PH-002,REG-06,EMP-0039,CUS-04515,2026-05-26 10:38:33,Sale,110.79,0,9.13,119.92,Credit Card,3,False,True,False,Completed
TXN-0004703,RCP-00004703,PH-003,REG-06,EMP-0059,CUS-04735,2026-07-13 21:10:25,Sale,224.97,7.04,17.98,235.91,Debit Card,4,False,True,False,Completed
TXN-0004704,RCP-00004704,PH-003,REG-06,EMP-0063,,2026-06-12 17:25:50,Sale,58.29,2.91,4.57,59.95,Cash,1,False,False,False,Completed
TXN-0004705,RCP-00004705,PH-002,REG-06,EMP-0041,,2026-06-21 09:59:42,Sale,178.51,11.76,13.75,180.5,Credit Card,6,False,False,False,Completed
TXN-0004706,RCP-00004706,PH-004,REG-05,EMP-0086,CUS-03393,2026-07-07 11:40:34,Sale,86.89,0,7.17,94.06,Cash,3,False,True,False,Completed
TXN-0004707,RCP-00004707,PH-005,REG-06,EMP-0102,CUS-03454,2026-07-12 11:10:36,Sale,546.29,28.15,42.74,560.88,Debit Card,8,False,True,True,Completed
TXN-0004708,RCP-00004708,PH-003,REG-01,EMP-0061,CUS-04548,2026-05-16 13:09:46,Sale,221.77,4.44,17.93,235.26,Cash,4,False,True,False,Completed
TXN-0004709,RCP-00004709,PH-003,REG-06,EMP-0056,CUS-04313,2026-07-11 13:14:55,Sale,139.03,0,11.47,150.5,Credit Card,2,False,True,False,Completed
TXN-0004710,RCP-00004710,PH-002,REG-05,EMP-0025,CUS-00949,2026-05-13 11:33:07,Sale,315.54,34.02,23.23,304.75,Cash,4,False,True,False,Completed
TXN-0004711,RCP-00004711,PH-001,REG-05,EMP-0018,,2026-05-16 14:25:11,Sale,94.89,0,7.83,102.72,Cash,3,False,False,False,Completed
TXN-0004712,RCP-00004712,PH-001,REG-04,EMP-0018,CUS-01115,2026-07-31 14:23:19,Sale,391.36,6.93,31.71,416.14,Credit Card,7,False,True,False,Completed
TXN-0004713,RCP-00004713,PH-001,REG-04,EMP-0018,CUS-01776,2026-05-03 21:40:50,Sale,250.28,6.57,20.11,263.82,Debit Card,7,False,True,False,Completed
TXN-0004714,RCP-00004714,PH-004,REG-04,EMP-0083,CUS-02069,2026-05-27 17:55:24,Sale,480.6,10.25,38.81,509.16,Credit Card,8,False,True,False,Completed
TXN-0004715,RCP-00004715,PH-004,REG-06,EMP-0086,CUS-02910,2026-07-21 13:38:15,Sale,53.25,0,4.39,57.64,Credit Card,1,False,True,False,Completed
TXN-0004716,RCP-00004716,PH-005,REG-01,EMP-0106,CUS-01871,2026-07-04 19:52:42,Sale,271.31,11.39,21.45,281.37,Credit Card,2,False,True,False,Completed
TXN-0004717,RCP-00004717,PH-004,REG-04,EMP-0086,CUS-02346,2026-06-01 14:12:58,Sale,261.98,23.54,19.67,258.11,Cash,6,False,True,True,Completed
TXN-0004718,RCP-00004718,PH-003,REG-04,EMP-0061,CUS-01884,2026-06-16 17:55:57,Sale,185.15,0,15.27,200.42,Credit Card,3,False,True,False,Completed
TXN-0004719,RCP-00004719,PH-004,REG-04,EMP-0083,CUS-03297,2026-06-17 11:55:25,Sale,188.45,0,15.54,203.99,Credit Card,5,False,True,False,Completed
TXN-0004720,RCP-00004720,PH-004,REG-06,EMP-0069,CUS-02393,2026-05-14 08:33:31,Sale,106.39,3.16,8.51,111.74,Credit Card,4,False,True,False,Completed
TXN-0004721,RCP-00004721,PH-003,REG-05,EMP-0045,CUS-04413,2026-06-13 08:59:09,Sale,106.28,10.9,7.88,103.26,Cash,5,False,True,False,Completed
TXN-0004722,RCP-00004722,PH-005,REG-06,EMP-0105,CUS-03945,2026-06-30 14:42:52,Sale,156.75,0,12.93,169.68,Credit Card,3,False,True,False,Completed
TXN-0004723,RCP-00004723,PH-005,REG-05,EMP-0103,CUS-00929,2026-05-07 08:14:22,Sale,113.56,0.84,9.3,122.02,Credit Card,4,False,True,False,Completed
TXN-0004724,RCP-00004724,PH-002,REG-04,EMP-0038,,2026-05-26 08:42:17,Sale,64.29,6.13,4.8,62.96,Cash,2,False,False,False,Completed
TXN-0004725,RCP-00004725,PH-004,REG-04,EMP-0084,CUS-01842,2026-05-12 18:28:55,Sale,234.79,0,19.37,254.16,Debit Card,6,False,True,False,Completed
TXN-0004726,RCP-00004726,PH-004,REG-02,EMP-0084,,2026-07-30 14:53:50,Sale,150.01,0.37,12.35,161.99,Credit Card,4,False,False,False,Completed
TXN-0004727,RCP-00004727,PH-005,REG-05,EMP-0103,CUS-02198,2026-05-21 12:05:43,Sale,232.48,0,19.18,251.66,Credit Card,6,False,True,False,Completed
TXN-0004728,RCP-00004728,PH-005,REG-05,EMP-0090,,2026-05-20 21:41:53,Sale,45.13,0,3.72,48.85,Credit Card,3,False,False,False,Completed
TXN-0004729,RCP-00004729,PH-003,REG-02,EMP-0046,CUS-00268,2026-05-26 12:34:29,Sale,159.35,0,13.15,172.5,Credit Card,6,False,True,False,Completed
TXN-0004730,RCP-00004730,PH-004,REG-05,EMP-0067,CUS-02492,2026-06-20 08:51:44,Sale,124.44,3.48,9.98,130.94,Credit Card,4,False,True,False,Completed
TXN-0004731,RCP-00004731,PH-002,REG-04,EMP-0035,CUS-00769,2026-07-02 17:19:53,Sale,203.58,0,16.79,220.37,Cash,6,False,True,False,Completed
TXN-0004732,RCP-00004732,PH-001,REG-06,EMP-0019,CUS-01272,2026-05-14 08:59:46,Sale,80.52,1.21,6.54,85.85,Credit Card,2,False,True,False,Completed
TXN-0004733,RCP-00004733,PH-001,REG-04,EMP-0018,,2026-06-05 14:22:20,Sale,328.34,0,27.09,355.43,Credit Card,4,False,False,False,Completed
TXN-0004734,RCP-00004734,PH-003,REG-05,EMP-0063,CUS-00436,2026-06-27 21:57:47,Sale,160.12,0.58,13.17,172.71,Credit Card,8,False,True,False,Completed
TXN-0004735,RCP-00004735,PH-001,REG-01,EMP-0006,,2026-06-18 21:15:58,Sale,104.83,5.67,8.19,107.35,Cash,3,False,False,False,Completed
TXN-0004736,RCP-00004736,PH-002,REG-03,EMP-0023,CUS-03626,2026-07-01 19:55:48,Sale,500.6,15.82,39.98,524.76,Debit Card,8,False,True,False,Completed
TXN-0004737,RCP-00004737,PH-001,REG-04,EMP-0012,CUS-04421,2026-06-15 10:26:57,Sale,93.96,0,7.76,101.72,Credit Card,4,False,True,False,Completed
TXN-0004738,RCP-00004738,PH-001,REG-04,EMP-0006,CUS-02660,2026-07-04 18:41:12,Sale,104.42,4.36,8.25,108.31,Debit Card,6,False,True,False,Completed
TXN-0004739,RCP-00004739,PH-002,REG-05,EMP-0023,CUS-00105,2026-07-05 09:13:02,Sale,402.38,0,33.19,435.57,Cash,6,False,True,False,Completed
TXN-0004740,RCP-00004740,PH-003,REG-02,EMP-0045,CUS-01769,2026-06-06 19:06:38,Sale,414.99,38.91,31.03,407.11,Credit Card,8,False,True,False,Completed
TXN-0004741,RCP-00004741,PH-005,REG-05,EMP-0108,CUS-04815,2026-07-24 20:52:14,Sale,101.02,6.35,7.81,102.48,Credit Card,3,False,True,False,Completed
TXN-0004742,RCP-00004742,PH-001,REG-03,EMP-0006,CUS-00365,2026-05-22 15:41:01,Sale,63.92,0,5.27,69.19,Cash,3,False,True,False,Completed
TXN-0004743,RCP-00004743,PH-002,REG-02,EMP-0042,CUS-00847,2026-07-10 14:36:10,Sale,51.74,0,4.27,56.01,Cash,2,False,True,False,Completed
TXN-0004744,RCP-00004744,PH-001,REG-05,EMP-0018,CUS-02944,2026-06-06 16:07:43,Sale,112.48,6.89,8.71,114.3,Cash,3,False,True,False,Completed
TXN-0004745,RCP-00004745,PH-004,REG-02,EMP-0067,CUS-02738,2026-05-14 10:35:29,Sale,148.18,0,12.22,160.4,Credit Card,3,False,True,False,Completed
TXN-0004746,RCP-00004746,PH-002,REG-05,EMP-0038,,2026-06-05 18:19:38,Sale,360.18,0,29.71,389.89,Cash,7,False,False,False,Completed
TXN-0004747,RCP-00004747,PH-003,REG-02,EMP-0060,CUS-04841,2026-07-10 12:29:53,Sale,146.04,0,12.05,158.09,Credit Card,5,False,True,False,Completed
TXN-0004748,RCP-00004748,PH-004,REG-04,EMP-0080,CUS-03126,2026-05-03 21:41:06,Sale,291.94,0,24.08,316.02,Credit Card,3,False,True,False,Completed
TXN-0004749,RCP-00004749,PH-002,REG-02,EMP-0023,CUS-00974,2026-05-01 12:49:34,Sale,86.73,0,7.15,93.88,Cash,2,False,True,False,Completed
TXN-0004750,RCP-00004750,PH-001,REG-01,EMP-0020,CUS-02622,2026-05-08 09:08:16,Sale,368.52,2.91,30.16,395.77,Credit Card,7,False,True,False,Completed
TXN-0004751,RCP-00004751,PH-003,REG-01,EMP-0057,CUS-03022,2026-07-10 18:24:05,Sale,175.37,3.07,14.22,186.52,Debit Card,4,False,True,False,Completed
TXN-0004752,RCP-00004752,PH-005,REG-05,EMP-0090,CUS-00377,2026-07-18 11:01:07,Sale,300.67,47.54,20.88,274.01,Split Payment,5,False,True,False,Completed
TXN-0004753,RCP-00004753,PH-004,REG-03,EMP-0078,CUS-02517,2026-06-02 10:54:17,Sale,261.85,10.6,20.73,271.98,Split Payment,7,False,True,False,Completed
TXN-0004754,RCP-00004754,PH-002,REG-04,EMP-0023,CUS-02712,2026-06-13 10:27:14,Sale,109.51,2.16,8.85,116.2,Debit Card,4,False,True,False,Completed
TXN-0004755,RCP-00004755,PH-001,REG-05,EMP-0016,CUS-03572,2026-05-14 21:39:37,Sale,138.81,4.28,11.1,145.63,Credit Card,3,False,True,False,Completed
TXN-0004756,RCP-00004756,PH-004,REG-03,EMP-0078,CUS-03663,2026-06-26 12:36:50,Sale,167.59,6.69,13.28,174.18,Credit Card,6,False,True,False,Completed
TXN-0004757,RCP-00004757,PH-001,REG-02,EMP-0019,CUS-02393,2026-05-29 15:27:29,Sale,334.78,6.0,27.12,355.9,Debit Card,11,False,True,False,Completed
TXN-0004758,RCP-00004758,PH-004,REG-05,EMP-0078,CUS-00624,2026-06-25 11:45:21,Sale,93.66,20.46,6.05,79.25,Cash,3,False,True,True,Completed
TXN-0004759,RCP-00004759,PH-001,REG-03,EMP-0016,,2026-05-04 11:25:50,Sale,245.62,8.69,19.54,256.47,Credit Card,7,False,False,False,Completed
TXN-0004760,RCP-00004760,PH-002,REG-01,EMP-0040,CUS-01168,2026-06-19 11:52:44,Sale,151.12,0,12.47,163.59,Debit Card,5,False,True,False,Completed
TXN-0004761,RCP-00004761,PH-001,REG-05,EMP-0019,CUS-02225,2026-06-28 15:06:47,Sale,80.5,2.59,6.43,84.34,Split Payment,2,False,True,False,Completed
TXN-0004762,RCP-00004762,PH-002,REG-05,EMP-0035,CUS-04697,2026-07-11 10:21:07,Sale,294.34,0,24.28,318.62,Cash,6,False,True,False,Completed
TXN-0004763,RCP-00004763,PH-001,REG-01,EMP-0002,CUS-04195,2026-06-10 18:54:13,Sale,53.44,2.35,4.21,55.3,Cash,3,False,True,False,Completed
TXN-0004764,RCP-00004764,PH-001,REG-05,EMP-0002,,2026-07-26 17:59:29,Sale,25.98,0,2.14,28.12,Credit Card,1,False,False,False,Completed
TXN-0004765,RCP-00004765,PH-003,REG-02,EMP-0063,CUS-04333,2026-07-16 19:18:50,Sale,127.39,0,10.51,137.9,Split Payment,4,False,True,False,Completed
TXN-0004766,RCP-00004766,PH-003,REG-03,EMP-0062,CUS-02007,2026-05-17 08:07:04,Sale,86.68,5.33,6.71,88.06,Cash,2,False,True,False,Completed
TXN-0004767,RCP-00004767,PH-002,REG-02,EMP-0035,CUS-03130,2026-07-02 15:25:36,Sale,437.15,9.57,35.28,462.86,Debit Card,7,False,True,False,Completed
TXN-0004768,RCP-00004768,PH-001,REG-06,EMP-0020,,2026-05-31 15:26:50,Sale,233.47,26.24,17.09,224.32,Credit Card,5,False,False,True,Completed
TXN-0004769,RCP-00004769,PH-003,REG-01,EMP-0063,CUS-00861,2026-06-05 08:30:36,Sale,131.9,2.39,10.68,140.19,Credit Card,3,False,True,False,Completed
TXN-0004770,RCP-00004770,PH-004,REG-06,EMP-0085,CUS-03986,2026-07-17 08:45:49,Sale,48.39,1.29,3.89,50.99,Debit Card,4,False,True,False,Completed
TXN-0004771,RCP-00004771,PH-005,REG-06,EMP-0108,,2026-05-17 12:25:18,Sale,217.7,0.31,17.93,235.32,Debit Card,7,False,False,False,Completed
TXN-0004772,RCP-00004772,PH-005,REG-04,EMP-0091,,2026-05-05 13:55:33,Sale,226.99,0,18.72,245.71,Cash,6,False,False,False,Completed
TXN-0004773,RCP-00004773,PH-001,REG-02,EMP-0019,CUS-01349,2026-06-03 20:08:50,Sale,269.14,0,22.21,291.35,Credit Card,2,False,True,False,Completed
TXN-0004774,RCP-00004774,PH-004,REG-02,EMP-0084,CUS-02942,2026-06-10 12:11:17,Sale,269.08,3.37,21.93,287.64,Debit Card,4,False,True,False,Completed
TXN-0004775,RCP-00004775,PH-004,REG-02,EMP-0067,CUS-00907,2026-05-27 20:30:58,Sale,19.23,0.47,1.55,20.31,Credit Card,2,False,True,False,Completed
TXN-0004776,RCP-00004776,PH-002,REG-04,EMP-0025,CUS-01262,2026-05-25 09:01:35,Sale,289.43,8.69,23.17,303.91,Debit Card,5,False,True,False,Completed
TXN-0004777,RCP-00004777,PH-002,REG-06,EMP-0024,CUS-03988,2026-05-11 18:28:23,Sale,99.57,2.78,7.99,104.78,Gift Card,4,False,True,False,Completed
TXN-0004778,RCP-00004778,PH-005,REG-06,EMP-0103,CUS-01667,2026-07-31 15:45:45,Sale,81.93,0,6.77,88.7,Credit Card,3,False,True,False,Completed
TXN-0004779,RCP-00004779,PH-004,REG-05,EMP-0078,CUS-00700,2026-06-30 15:50:20,Sale,135.66,2.0,11.02,144.68,Credit Card,4,False,True,False,Completed
TXN-0004780,RCP-00004780,PH-003,REG-03,EMP-0047,CUS-01108,2026-07-28 16:58:07,Sale,98.72,0.66,8.09,106.15,Credit Card,5,False,True,False,Completed
TXN-0004781,RCP-00004781,PH-001,REG-04,EMP-0013,CUS-04585,2026-05-14 11:14:44,Sale,308.74,5.77,24.99,327.96,Debit Card,4,False,True,False,Completed
TXN-0004782,RCP-00004782,PH-005,REG-04,EMP-0100,CUS-00249,2026-07-29 12:05:51,Sale,210.96,0,17.4,228.36,Credit Card,3,False,True,False,Completed
TXN-0004783,RCP-00004783,PH-002,REG-05,EMP-0025,CUS-03401,2026-06-14 08:14:59,Sale,226.51,7.32,18.08,237.27,Debit Card,3,False,True,False,Completed
TXN-0004784,RCP-00004784,PH-001,REG-01,EMP-0003,CUS-02653,2026-06-12 10:03:07,Sale,125.82,0.51,10.34,135.65,Credit Card,2,False,True,False,Completed
TXN-0004785,RCP-00004785,PH-001,REG-04,EMP-0002,CUS-03159,2026-07-26 11:57:57,Sale,18.11,0,1.49,19.6,Cash,1,False,True,False,Completed
TXN-0004786,RCP-00004786,PH-001,REG-02,EMP-0017,CUS-00981,2026-05-29 08:13:33,Sale,88.3,0,7.29,95.59,Debit Card,2,False,True,False,Completed
TXN-0004787,RCP-00004787,PH-003,REG-02,EMP-0057,CUS-02384,2026-07-04 19:38:30,Sale,213.66,15.36,16.36,214.66,Credit Card,5,False,True,False,Completed
TXN-0004788,RCP-00004788,PH-001,REG-05,EMP-0019,CUS-03609,2026-07-25 12:35:01,Sale,100.75,0,8.31,109.06,Credit Card,3,False,True,False,Completed
TXN-0004789,RCP-00004789,PH-003,REG-04,EMP-0062,CUS-01147,2026-05-03 21:29:03,Sale,151.12,0,12.47,163.59,Credit Card,4,False,True,False,Completed
TXN-0004790,RCP-00004790,PH-001,REG-01,EMP-0002,,2026-05-02 20:56:20,Sale,133.34,1.57,10.87,142.64,Credit Card,4,False,False,False,Completed
TXN-0004791,RCP-00004791,PH-005,REG-02,EMP-0108,CUS-04428,2026-06-17 20:02:04,Sale,85.3,0,7.03,92.33,Cash,4,False,True,False,Completed
TXN-0004792,RCP-00004792,PH-002,REG-05,EMP-0035,CUS-00430,2026-07-07 09:56:41,Sale,272.78,8.72,21.78,285.84,Credit Card,2,False,True,False,Completed
TXN-0004793,RCP-00004793,PH-001,REG-03,EMP-0018,,2026-07-25 10:07:26,Sale,83.55,0,6.89,90.44,Split Payment,3,False,False,False,Completed
TXN-0004794,RCP-00004794,PH-003,REG-05,EMP-0061,,2026-05-11 15:28:49,Sale,199.82,10.09,15.65,205.38,Debit Card,6,False,False,False,Completed
TXN-0004795,RCP-00004795,PH-001,REG-06,EMP-0018,,2026-07-25 10:13:49,Sale,180.55,3.04,14.64,192.15,Debit Card,5,False,False,False,Completed
TXN-0004796,RCP-00004796,PH-002,REG-06,EMP-0034,CUS-04679,2026-07-24 17:43:35,Sale,227.15,0,18.74,245.89,Credit Card,5,False,True,False,Completed
TXN-0004797,RCP-00004797,PH-004,REG-05,EMP-0079,CUS-02073,2026-05-19 14:14:04,Sale,149.22,23.96,10.33,135.59,Credit Card,4,False,True,True,Completed
TXN-0004798,RCP-00004798,PH-005,REG-02,EMP-0090,CUS-02976,2026-05-13 17:11:39,Sale,306.61,19.75,23.67,310.53,Credit Card,7,False,True,True,Completed
TXN-0004799,RCP-00004799,PH-003,REG-05,EMP-0061,CUS-02540,2026-05-26 13:22:01,Sale,119.17,0,9.83,129.0,Debit Card,4,False,True,False,Completed
TXN-0004800,RCP-00004800,PH-002,REG-06,EMP-0025,,2026-05-07 17:01:25,Sale,147.54,15.61,10.89,142.82,Debit Card,5,False,False,False,Completed
TXN-0004801,RCP-00004801,PH-001,REG-01,EMP-0006,CUS-03766,2026-06-17 10:37:10,Sale,304.75,2.75,24.92,326.92,Split Payment,3,False,True,False,Completed
TXN-0004802,RCP-00004802,PH-001,REG-06,EMP-0019,CUS-03310,2026-07-18 13:46:04,Sale,36.04,2.39,2.78,36.43,Credit Card,4,False,True,False,Completed
TXN-0004803,RCP-00004803,PH-002,REG-04,EMP-0036,CUS-03487,2026-07-09 10:06:06,Sale,125.94,0,10.38,136.32,Credit Card,5,False,True,False,Completed
TXN-0004804,RCP-00004804,PH-001,REG-06,EMP-0014,CUS-00060,2026-06-11 12:55:08,Sale,232.99,2.91,18.98,249.06,Credit Card,4,False,True,False,Completed
TXN-0004805,RCP-00004805,PH-003,REG-01,EMP-0047,,2026-05-04 18:12:39,Sale,182.82,1.04,15.0,196.78,Debit Card,5,False,False,False,Completed
TXN-0004806,RCP-00004806,PH-005,REG-05,EMP-0106,CUS-03195,2026-07-10 08:25:42,Sale,370.51,7.58,29.94,392.87,Gift Card,7,False,True,False,Completed
TXN-0004807,RCP-00004807,PH-004,REG-04,EMP-0079,CUS-03456,2026-07-30 09:35:31,Sale,231.35,1.63,18.95,248.67,Credit Card,6,False,True,False,Completed
TXN-0004808,RCP-00004808,PH-005,REG-01,EMP-0108,CUS-04918,2026-05-14 20:21:36,Sale,171.66,0,14.16,185.82,Split Payment,4,False,True,False,Completed
TXN-0004809,RCP-00004809,PH-005,REG-01,EMP-0104,CUS-03124,2026-05-20 18:20:06,Sale,68.3,0,5.63,73.93,Debit Card,4,False,True,False,Completed
TXN-0004810,RCP-00004810,PH-002,REG-03,EMP-0036,CUS-01609,2026-05-06 09:45:03,Sale,376.17,11.13,30.11,395.15,Gift Card,6,False,True,False,Completed
TXN-0004811,RCP-00004811,PH-003,REG-04,EMP-0058,CUS-03929,2026-07-08 16:16:17,Sale,164.92,0,13.6,178.52,Cash,5,False,True,False,Completed
TXN-0004812,RCP-00004812,PH-001,REG-03,EMP-0013,,2026-06-10 16:46:27,Sale,103.87,0,8.57,112.44,Credit Card,3,False,False,False,Completed
TXN-0004813,RCP-00004813,PH-003,REG-03,EMP-0059,CUS-04602,2026-07-01 13:10:59,Sale,140.73,1.84,11.46,150.35,Credit Card,5,False,True,False,Completed
TXN-0004814,RCP-00004814,PH-002,REG-03,EMP-0023,CUS-04870,2026-05-09 14:15:17,Sale,247.42,0,20.41,267.83,Debit Card,6,False,True,False,Completed
TXN-0004815,RCP-00004815,PH-004,REG-03,EMP-0086,CUS-02826,2026-07-14 14:33:56,Sale,259.24,5.53,20.93,274.64,Cash,6,False,True,False,Completed
TXN-0004816,RCP-00004816,PH-004,REG-01,EMP-0068,CUS-01774,2026-05-23 12:17:40,Sale,211.99,0,17.49,229.48,Credit Card,4,False,True,False,Completed
TXN-0004817,RCP-00004817,PH-003,REG-06,EMP-0047,CUS-02795,2026-07-07 14:06:06,Sale,214.89,11.27,16.8,220.42,Debit Card,7,False,True,False,Completed
TXN-0004818,RCP-00004818,PH-004,REG-02,EMP-0085,CUS-01197,2026-05-11 15:39:42,Sale,508.39,6.67,41.4,543.12,Debit Card,7,False,True,False,Completed
TXN-0004819,RCP-00004819,PH-003,REG-01,EMP-0046,CUS-00953,2026-07-06 21:47:21,Sale,153.74,0,12.69,166.43,Debit Card,5,False,True,False,Completed
TXN-0004820,RCP-00004820,PH-004,REG-05,EMP-0080,CUS-01643,2026-06-26 21:35:09,Sale,291.11,0,24.02,315.13,Cash,6,False,True,False,Completed
TXN-0004821,RCP-00004821,PH-004,REG-04,EMP-0083,,2026-06-27 16:25:14,Sale,256.9,0,21.2,278.1,Debit Card,4,False,False,False,Completed
TXN-0004822,RCP-00004822,PH-003,REG-06,EMP-0058,CUS-03086,2026-06-01 20:37:11,Sale,392.61,19.26,30.81,404.16,Debit Card,8,False,True,False,Completed
TXN-0004823,RCP-00004823,PH-005,REG-02,EMP-0102,,2026-07-02 20:16:17,Sale,87.06,0,7.19,94.25,Cash,3,False,False,False,Completed
TXN-0004824,RCP-00004824,PH-002,REG-02,EMP-0037,,2026-07-04 13:07:25,Sale,252.78,1.73,20.7,271.75,Credit Card,7,False,False,False,Completed
TXN-0004825,RCP-00004825,PH-005,REG-03,EMP-0089,CUS-00825,2026-06-05 20:04:50,Sale,143.85,0,11.86,155.71,Credit Card,5,False,True,False,Completed
TXN-0004826,RCP-00004826,PH-001,REG-05,EMP-0017,CUS-04248,2026-06-03 09:45:39,Sale,26.35,0,2.17,28.52,Credit Card,1,False,True,False,Completed
TXN-0004827,RCP-00004827,PH-001,REG-06,EMP-0017,CUS-01753,2026-06-29 16:27:39,Sale,33.49,0,2.76,36.25,Debit Card,1,False,True,False,Completed
TXN-0004828,RCP-00004828,PH-002,REG-01,EMP-0040,CUS-04177,2026-07-03 15:11:00,Sale,192.03,4.72,15.46,202.77,Cash,5,False,True,False,Completed
TXN-0004829,RCP-00004829,PH-001,REG-05,EMP-0015,CUS-04305,2026-07-25 10:54:13,Sale,323.08,0,26.65,349.73,Credit Card,6,False,True,False,Completed
TXN-0004830,RCP-00004830,PH-002,REG-01,EMP-0035,CUS-02746,2026-06-22 16:39:22,Sale,56.77,1.66,4.55,59.66,Debit Card,3,False,True,False,Completed
TXN-0004831,RCP-00004831,PH-001,REG-05,EMP-0002,CUS-00777,2026-05-31 10:54:53,Sale,186.39,21.5,13.6,178.49,Cash,5,False,True,False,Completed
TXN-0004832,RCP-00004832,PH-002,REG-03,EMP-0038,CUS-01219,2026-06-23 20:11:14,Sale,167.24,0,13.8,181.04,Cash,4,False,True,False,Completed
TXN-0004833,RCP-00004833,PH-004,REG-06,EMP-0078,,2026-07-14 19:22:01,Sale,360.02,37.15,26.64,349.51,Debit Card,4,False,False,False,Completed
TXN-0004834,RCP-00004834,PH-004,REG-05,EMP-0067,CUS-02067,2026-07-26 11:08:55,Sale,88.49,0,7.3,95.79,Credit Card,4,False,True,False,Completed
TXN-0004835,RCP-00004835,PH-004,REG-05,EMP-0067,CUS-03101,2026-05-17 18:47:08,Sale,394.39,0,32.54,426.93,Credit Card,4,False,True,False,Completed
TXN-0004836,RCP-00004836,PH-003,REG-04,EMP-0061,CUS-00136,2026-05-17 09:44:40,Sale,156.28,0,12.89,169.17,Credit Card,3,False,True,False,Completed
TXN-0004837,RCP-00004837,PH-005,REG-06,EMP-0107,,2026-05-25 11:58:55,Sale,142.99,8.24,11.12,145.87,Credit Card,4,False,False,False,Completed
TXN-0004838,RCP-00004838,PH-005,REG-01,EMP-0101,CUS-04537,2026-07-30 10:38:40,Sale,154.04,2.91,12.47,163.6,Credit Card,6,False,True,False,Completed
TXN-0004839,RCP-00004839,PH-005,REG-06,EMP-0108,CUS-03995,2026-05-18 08:57:06,Sale,112.2,0,9.25,121.45,Credit Card,3,False,True,False,Completed
TXN-0004840,RCP-00004840,PH-005,REG-06,EMP-0108,CUS-03461,2026-05-20 09:03:54,Sale,158.64,2.7,12.87,168.81,Debit Card,5,False,True,False,Completed
TXN-0004841,RCP-00004841,PH-003,REG-05,EMP-0045,CUS-04122,2026-07-27 16:43:15,Sale,357.97,49.25,25.47,334.19,Credit Card,3,False,True,False,Completed
TXN-0004842,RCP-00004842,PH-001,REG-06,EMP-0017,CUS-00710,2026-05-27 12:57:45,Sale,216.92,32.54,15.21,199.59,Debit Card,1,False,True,False,Completed
TXN-0004843,RCP-00004843,PH-002,REG-04,EMP-0025,CUS-02966,2026-07-27 08:04:01,Sale,279.4,7.56,22.43,294.27,Debit Card,7,False,True,False,Completed
TXN-0004844,RCP-00004844,PH-005,REG-02,EMP-0089,CUS-03786,2026-06-16 20:41:03,Sale,86.04,0,7.1,93.14,Credit Card,2,False,True,False,Completed
TXN-0004845,RCP-00004845,PH-004,REG-05,EMP-0068,CUS-01853,2026-05-19 10:12:18,Sale,183.6,0,15.15,198.75,Credit Card,5,False,True,False,Completed
TXN-0004846,RCP-00004846,PH-005,REG-05,EMP-0107,,2026-05-11 16:35:31,Sale,240.77,0,19.87,260.64,Debit Card,3,False,False,False,Completed
TXN-0004847,RCP-00004847,PH-003,REG-01,EMP-0063,CUS-00842,2026-07-15 20:00:27,Sale,170.04,0,14.04,184.08,Credit Card,5,False,True,False,Completed
TXN-0004848,RCP-00004848,PH-003,REG-03,EMP-0056,,2026-07-28 10:40:10,Sale,192.36,0,15.87,208.23,Cash,4,False,False,False,Completed
TXN-0004849,RCP-00004849,PH-001,REG-04,EMP-0012,CUS-01449,2026-06-09 21:59:39,Sale,213.48,20.8,15.9,208.58,Credit Card,4,False,True,False,Completed
TXN-0004850,RCP-00004850,PH-004,REG-01,EMP-0084,CUS-01517,2026-05-05 12:42:06,Sale,257.09,3.66,20.91,274.34,Cash,4,False,True,False,Completed
TXN-0004851,RCP-00004851,PH-003,REG-01,EMP-0056,,2026-07-04 15:54:24,Sale,174.54,0,14.4,188.94,Cash,6,False,False,False,Completed
TXN-0004852,RCP-00004852,PH-001,REG-05,EMP-0006,CUS-02619,2026-05-04 16:17:00,Sale,84.27,0,6.95,91.22,Debit Card,1,False,True,False,Completed
TXN-0004853,RCP-00004853,PH-005,REG-02,EMP-0101,CUS-02749,2026-07-22 20:02:34,Sale,157.97,10.92,12.14,159.19,Cash,5,False,True,True,Completed
TXN-0004854,RCP-00004854,PH-003,REG-06,EMP-0045,CUS-02123,2026-06-05 08:26:20,Sale,207.14,4.59,16.71,219.26,Cash,4,False,True,False,Completed
TXN-0004855,RCP-00004855,PH-004,REG-04,EMP-0084,CUS-04626,2026-05-24 09:53:38,Sale,275.2,6.74,22.15,290.61,Credit Card,6,False,True,False,Completed
TXN-0004856,RCP-00004856,PH-005,REG-02,EMP-0106,CUS-00496,2026-05-21 18:34:51,Sale,238.41,0,19.67,258.08,Credit Card,4,False,True,False,Completed
TXN-0004857,RCP-00004857,PH-004,REG-06,EMP-0078,CUS-04119,2026-05-05 11:52:17,Sale,87.56,6.09,6.72,88.19,Credit Card,2,False,True,False,Completed
TXN-0004858,RCP-00004858,PH-003,REG-04,EMP-0046,CUS-03486,2026-05-01 09:23:17,Sale,304.36,5.67,24.65,323.34,Credit Card,7,False,True,False,Completed
TXN-0004859,RCP-00004859,PH-005,REG-02,EMP-0105,CUS-04927,2026-07-07 12:19:26,Sale,63.61,2.04,5.08,66.65,Credit Card,3,False,True,False,Completed
TXN-0004860,RCP-00004860,PH-003,REG-04,EMP-0064,CUS-01165,2026-05-24 08:15:16,Sale,161.38,5.03,12.9,169.25,Credit Card,4,False,True,False,Completed
TXN-0004861,RCP-00004861,PH-005,REG-04,EMP-0101,CUS-02022,2026-07-22 13:45:21,Sale,99.77,9.35,7.47,97.89,Cash,3,False,True,False,Completed
TXN-0004862,RCP-00004862,PH-003,REG-05,EMP-0045,CUS-03439,2026-06-06 19:53:38,Sale,181.34,0.36,14.93,195.91,Credit Card,4,False,True,False,Completed
TXN-0004863,RCP-00004863,PH-005,REG-06,EMP-0090,,2026-06-14 20:42:04,Sale,184.71,0,15.23,199.94,Credit Card,5,False,False,False,Completed
TXN-0004864,RCP-00004864,PH-002,REG-04,EMP-0025,CUS-01272,2026-06-13 15:58:05,Sale,277.09,9.66,22.07,289.5,Debit Card,7,False,True,False,Completed
TXN-0004865,RCP-00004865,PH-003,REG-01,EMP-0061,CUS-04914,2026-06-29 13:56:23,Sale,147.49,6.8,11.61,152.3,Cash,8,False,True,False,Completed
TXN-0004866,RCP-00004866,PH-001,REG-02,EMP-0002,CUS-01643,2026-06-13 17:31:07,Sale,176.73,0,14.58,191.31,Cash,3,False,True,False,Completed
TXN-0004867,RCP-00004867,PH-003,REG-02,EMP-0046,CUS-03276,2026-06-27 18:20:45,Sale,220.16,14.91,16.92,222.17,Credit Card,7,False,True,True,Completed
TXN-0004868,RCP-00004868,PH-005,REG-01,EMP-0107,,2026-07-03 15:25:00,Sale,111.27,0,9.18,120.45,Cash,3,False,False,False,Completed
TXN-0004869,RCP-00004869,PH-003,REG-06,EMP-0061,,2026-07-08 17:40:27,Sale,339.61,0,28.02,367.63,Debit Card,4,False,False,False,Completed
TXN-0004870,RCP-00004870,PH-004,REG-01,EMP-0067,CUS-03326,2026-06-13 09:06:08,Sale,260.66,9.71,20.7,271.65,Cash,3,False,True,False,Completed
TXN-0004871,RCP-00004871,PH-005,REG-01,EMP-0104,CUS-02080,2026-07-30 16:03:15,Sale,291.65,0.33,24.03,315.35,Credit Card,6,False,True,False,Completed
TXN-0004872,RCP-00004872,PH-005,REG-05,EMP-0108,CUS-03522,2026-06-14 09:53:27,Sale,97.24,0,8.02,105.26,Credit Card,4,False,True,False,Completed
TXN-0004873,RCP-00004873,PH-004,REG-01,EMP-0081,CUS-01676,2026-07-28 16:57:47,Sale,91.39,0.74,7.48,98.13,Credit Card,5,False,True,False,Completed
TXN-0004874,RCP-00004874,PH-001,REG-03,EMP-0001,CUS-00436,2026-05-12 17:54:12,Sale,156.88,6.26,12.42,163.04,Debit Card,5,False,True,False,Completed
TXN-0004875,RCP-00004875,PH-005,REG-02,EMP-0106,CUS-00023,2026-07-04 21:42:59,Sale,333.47,0,27.5,360.97,Cash,4,False,True,False,Completed
TXN-0004876,RCP-00004876,PH-001,REG-05,EMP-0018,CUS-02121,2026-07-26 14:23:55,Sale,213.74,1.89,17.5,229.35,Credit Card,5,False,True,False,Completed
TXN-0004877,RCP-00004877,PH-002,REG-01,EMP-0037,CUS-01969,2026-06-13 15:08:34,Sale,120.33,0,9.92,130.25,Credit Card,4,False,True,False,Completed
TXN-0004878,RCP-00004878,PH-001,REG-03,EMP-0018,CUS-01820,2026-05-28 19:12:35,Sale,572.87,10.9,46.36,608.33,Debit Card,7,False,True,False,Completed
TXN-0004879,RCP-00004879,PH-001,REG-02,EMP-0012,,2026-07-19 14:52:24,Sale,72.32,3.34,5.69,74.67,Gift Card,4,False,False,False,Completed
TXN-0004880,RCP-00004880,PH-005,REG-03,EMP-0102,,2026-07-03 16:38:22,Sale,99.17,3.41,7.91,103.67,Credit Card,4,False,False,False,Completed
TXN-0004881,RCP-00004881,PH-004,REG-02,EMP-0069,,2026-05-19 13:03:44,Sale,198.63,2.57,16.18,212.24,Cash,6,False,False,False,Completed
TXN-0004882,RCP-00004882,PH-002,REG-03,EMP-0037,CUS-01174,2026-06-07 10:22:59,Sale,358.54,5.26,29.15,382.43,Cash,7,False,True,True,Completed
TXN-0004883,RCP-00004883,PH-001,REG-06,EMP-0020,CUS-04015,2026-05-16 14:48:44,Sale,132.41,21.74,9.13,119.8,Credit Card,4,False,True,True,Completed
TXN-0004884,RCP-00004884,PH-001,REG-06,EMP-0003,CUS-02717,2026-05-26 19:54:40,Sale,257.34,20.97,19.5,255.87,Credit Card,5,False,True,False,Completed
TXN-0004885,RCP-00004885,PH-003,REG-02,EMP-0061,CUS-00901,2026-06-26 10:11:26,Sale,21.86,1.09,1.71,22.48,Credit Card,1,False,True,False,Completed
TXN-0004886,RCP-00004886,PH-005,REG-02,EMP-0090,,2026-07-20 16:13:37,Sale,423.26,0,34.93,458.19,Debit Card,7,False,False,False,Completed
TXN-0004887,RCP-00004887,PH-004,REG-02,EMP-0078,CUS-04959,2026-07-01 09:24:35,Sale,135.03,0,11.14,146.17,Credit Card,5,False,True,False,Completed
TXN-0004888,RCP-00004888,PH-004,REG-02,EMP-0067,CUS-00157,2026-05-08 21:50:24,Sale,97.53,0,8.05,105.58,Debit Card,4,False,True,False,Completed
TXN-0004889,RCP-00004889,PH-004,REG-05,EMP-0068,CUS-00970,2026-07-15 21:37:27,Sale,245.88,4.15,19.93,261.66,Credit Card,7,False,True,False,Completed
TXN-0004890,RCP-00004890,PH-001,REG-01,EMP-0017,CUS-00403,2026-07-18 15:44:16,Sale,95.42,0,7.87,103.29,Credit Card,4,False,True,False,Completed
TXN-0004891,RCP-00004891,PH-005,REG-02,EMP-0108,CUS-01176,2026-05-18 17:53:16,Sale,113.55,0,9.36,122.91,Debit Card,5,False,True,False,Completed
TXN-0004892,RCP-00004892,PH-003,REG-02,EMP-0062,CUS-02551,2026-05-16 21:18:02,Sale,323.1,18.31,25.15,329.94,Credit Card,6,False,True,False,Completed
TXN-0004893,RCP-00004893,PH-003,REG-01,EMP-0046,,2026-05-02 17:48:23,Sale,144.17,0,11.91,156.08,Credit Card,5,False,False,False,Completed
TXN-0004894,RCP-00004894,PH-004,REG-05,EMP-0083,CUS-01605,2026-06-26 10:48:18,Sale,203.87,0,16.83,220.7,Cash,5,False,True,False,Completed
TXN-0004895,RCP-00004895,PH-004,REG-06,EMP-0083,,2026-07-24 17:47:21,Sale,89.65,8.55,6.69,87.79,Credit Card,2,False,False,False,Completed
TXN-0004896,RCP-00004896,PH-001,REG-05,EMP-0020,CUS-01796,2026-05-03 20:55:58,Sale,164.68,3.05,13.34,174.97,Credit Card,6,False,True,False,Completed
TXN-0004897,RCP-00004897,PH-002,REG-05,EMP-0039,CUS-01798,2026-06-17 13:15:41,Sale,110.22,0,9.1,119.32,Cash,3,False,True,False,Completed
TXN-0004898,RCP-00004898,PH-003,REG-03,EMP-0058,,2026-05-20 10:33:59,Sale,398.3,4.62,32.49,426.17,Credit Card,7,False,False,False,Completed
TXN-0004899,RCP-00004899,PH-005,REG-06,EMP-0106,CUS-02943,2026-05-03 09:26:29,Sale,371.19,9.47,29.84,391.56,Debit Card,6,False,True,False,Completed
TXN-0004900,RCP-00004900,PH-003,REG-02,EMP-0057,,2026-06-20 11:02:00,Sale,298.51,0,24.64,323.15,Debit Card,4,False,False,False,Completed
TXN-0004901,RCP-00004901,PH-004,REG-05,EMP-0083,CUS-01353,2026-05-22 20:27:10,Sale,123.49,6.23,9.67,126.93,Cash,4,False,True,False,Completed
TXN-0004902,RCP-00004902,PH-005,REG-04,EMP-0104,CUS-01435,2026-07-22 09:10:40,Sale,222.14,0,18.33,240.47,Credit Card,5,False,True,False,Completed
TXN-0004903,RCP-00004903,PH-005,REG-01,EMP-0103,CUS-04482,2026-07-14 19:55:03,Sale,100.76,6.75,7.75,101.76,Credit Card,3,False,True,False,Completed
TXN-0004904,RCP-00004904,PH-002,REG-02,EMP-0038,CUS-03483,2026-05-23 14:53:13,Sale,117.17,0,9.66,126.83,Credit Card,3,False,True,False,Completed
TXN-0004905,RCP-00004905,PH-001,REG-03,EMP-0003,CUS-01817,2026-05-13 09:20:19,Sale,44.9,0,3.71,48.61,Debit Card,3,False,True,False,Completed
TXN-0004906,RCP-00004906,PH-004,REG-05,EMP-0069,CUS-01311,2026-06-04 13:28:20,Sale,148.12,6.04,11.71,153.79,Debit Card,6,False,True,False,Completed
TXN-0004907,RCP-00004907,PH-002,REG-03,EMP-0040,CUS-02165,2026-07-13 09:48:38,Sale,85.72,1.44,6.95,91.23,Credit Card,4,False,True,False,Completed
TXN-0004908,RCP-00004908,PH-003,REG-04,EMP-0063,,2026-06-17 13:54:18,Sale,177.53,0,14.64,192.17,Debit Card,4,False,False,False,Completed
TXN-0004909,RCP-00004909,PH-001,REG-03,EMP-0002,,2026-05-17 18:16:56,Sale,263.93,13.75,20.64,270.82,Credit Card,6,False,False,False,Completed
TXN-0004910,RCP-00004910,PH-002,REG-01,EMP-0042,CUS-04147,2026-06-28 12:33:57,Sale,197.2,0,16.27,213.47,Credit Card,1,False,True,False,Completed
TXN-0004911,RCP-00004911,PH-002,REG-01,EMP-0034,,2026-05-06 16:21:02,Sale,97.52,10.85,7.15,93.82,Credit Card,5,False,False,False,Completed
TXN-0004912,RCP-00004912,PH-001,REG-05,EMP-0020,CUS-02106,2026-07-24 16:51:39,Sale,42.19,0,3.48,45.67,Debit Card,2,False,True,False,Completed
TXN-0004913,RCP-00004913,PH-002,REG-01,EMP-0036,CUS-01522,2026-06-12 09:20:42,Sale,115.21,13.93,8.35,109.63,Debit Card,5,False,True,False,Completed
TXN-0004914,RCP-00004914,PH-004,REG-04,EMP-0086,CUS-03509,2026-06-18 09:35:19,Sale,116.83,0,9.64,126.47,Credit Card,3,False,True,False,Completed
TXN-0004915,RCP-00004915,PH-005,REG-01,EMP-0089,CUS-01865,2026-06-29 21:05:51,Sale,195.83,13.85,15.01,196.99,Credit Card,4,False,True,False,Completed
TXN-0004916,RCP-00004916,PH-002,REG-05,EMP-0038,CUS-00193,2026-06-08 15:10:14,Sale,240.44,22.64,17.97,235.77,Credit Card,7,False,True,True,Completed
TXN-0004917,RCP-00004917,PH-004,REG-06,EMP-0084,CUS-01197,2026-05-01 08:03:36,Sale,163.44,2.54,13.27,174.17,Debit Card,6,False,True,False,Completed
TXN-0004918,RCP-00004918,PH-004,REG-01,EMP-0080,CUS-02290,2026-06-26 09:08:42,Sale,245.15,0,20.22,265.37,Debit Card,9,False,True,False,Completed
TXN-0004919,RCP-00004919,PH-005,REG-05,EMP-0090,CUS-01826,2026-06-25 13:46:29,Sale,161.82,0,13.35,175.17,Cash,5,False,True,False,Completed
TXN-0004920,RCP-00004920,PH-004,REG-06,EMP-0082,CUS-02983,2026-05-06 10:47:41,Sale,212.19,0,17.51,229.7,Split Payment,7,False,True,False,Completed
TXN-0004921,RCP-00004921,PH-004,REG-03,EMP-0081,CUS-04185,2026-05-16 20:49:57,Sale,84.86,0,7.01,91.87,Cash,4,False,True,False,Completed
TXN-0004922,RCP-00004922,PH-004,REG-01,EMP-0079,CUS-01366,2026-05-25 14:24:32,Sale,11.39,0,0.94,12.33,Debit Card,2,False,True,False,Completed
TXN-0004923,RCP-00004923,PH-001,REG-05,EMP-0001,CUS-02300,2026-07-09 16:52:22,Sale,341.38,1.91,28.0,367.47,Credit Card,7,False,True,False,Completed
TXN-0004924,RCP-00004924,PH-003,REG-04,EMP-0058,CUS-01547,2026-05-27 20:02:14,Sale,243.34,16.22,18.74,245.86,Debit Card,5,False,True,False,Completed
TXN-0004925,RCP-00004925,PH-004,REG-04,EMP-0068,,2026-06-27 11:10:44,Sale,57.13,0,4.71,61.84,Debit Card,2,False,False,False,Completed
TXN-0004926,RCP-00004926,PH-002,REG-03,EMP-0025,CUS-01928,2026-06-29 15:03:58,Sale,259.0,0,21.37,280.37,Cash,4,False,True,False,Completed
TXN-0004927,RCP-00004927,PH-001,REG-05,EMP-0012,CUS-03642,2026-07-19 13:13:05,Sale,187.81,0,15.51,203.32,Debit Card,4,False,True,False,Completed
TXN-0004928,RCP-00004928,PH-005,REG-02,EMP-0105,CUS-03061,2026-07-07 21:03:15,Sale,274.05,3.51,22.33,292.87,Cash,8,False,True,False,Completed
TXN-0004929,RCP-00004929,PH-004,REG-03,EMP-0085,,2026-06-19 21:26:07,Sale,68.47,0,5.64,74.11,Credit Card,3,False,False,False,Completed
TXN-0004930,RCP-00004930,PH-003,REG-06,EMP-0047,CUS-01997,2026-06-06 14:52:56,Sale,279.1,48.57,19.02,249.55,Credit Card,4,False,True,True,Completed
TXN-0004931,RCP-00004931,PH-002,REG-03,EMP-0023,CUS-04471,2026-07-26 11:04:16,Sale,219.94,6.07,17.64,231.51,Credit Card,5,False,True,False,Completed
TXN-0004932,RCP-00004932,PH-002,REG-03,EMP-0038,,2026-06-09 18:03:21,Sale,274.44,1.13,22.55,295.86,Credit Card,4,False,False,False,Completed
TXN-0004933,RCP-00004933,PH-003,REG-05,EMP-0062,CUS-02899,2026-05-24 10:02:22,Sale,389.03,19.09,30.51,400.45,Credit Card,6,False,True,False,Completed
TXN-0004934,RCP-00004934,PH-002,REG-04,EMP-0024,CUS-03592,2026-07-30 20:46:40,Sale,119.9,0,9.9,129.8,Cash,3,False,True,False,Completed
TXN-0004935,RCP-00004935,PH-002,REG-02,EMP-0023,CUS-00648,2026-05-21 18:11:18,Sale,308.35,18.87,23.88,313.36,Split Payment,6,False,True,False,Completed
TXN-0004936,RCP-00004936,PH-004,REG-02,EMP-0067,CUS-03330,2026-07-11 09:40:54,Sale,261.04,34.65,18.67,245.06,Debit Card,5,False,True,False,Completed
TXN-0004937,RCP-00004937,PH-004,REG-05,EMP-0069,CUS-01497,2026-06-18 20:55:50,Sale,110.95,0,9.15,120.1,Cash,3,False,True,False,Completed
TXN-0004938,RCP-00004938,PH-001,REG-04,EMP-0006,CUS-02578,2026-06-06 15:19:52,Sale,245.81,1.01,20.2,265.0,Debit Card,5,False,True,False,Completed
TXN-0004939,RCP-00004939,PH-005,REG-01,EMP-0107,CUS-02175,2026-06-11 19:23:11,Sale,117.53,0,9.69,127.22,Debit Card,5,False,True,False,Completed
TXN-0004940,RCP-00004940,PH-001,REG-04,EMP-0003,CUS-03578,2026-06-09 19:55:16,Sale,7.67,0,0.63,8.3,Debit Card,1,False,True,False,Completed
TXN-0004941,RCP-00004941,PH-001,REG-06,EMP-0016,CUS-04758,2026-06-27 19:26:46,Sale,297.14,16.72,23.13,303.55,Credit Card,8,False,True,False,Completed
TXN-0004942,RCP-00004942,PH-005,REG-02,EMP-0108,CUS-00059,2026-05-10 09:57:21,Sale,223.69,0,18.46,242.15,Credit Card,3,False,True,False,Completed
TXN-0004943,RCP-00004943,PH-005,REG-03,EMP-0089,CUS-00213,2026-07-30 12:34:22,Sale,175.49,20.18,12.8,168.11,Debit Card,5,False,True,False,Completed
TXN-0004944,RCP-00004944,PH-001,REG-01,EMP-0014,CUS-04971,2026-05-26 14:54:31,Sale,107.28,0,8.85,116.13,Credit Card,3,False,True,False,Completed
TXN-0004945,RCP-00004945,PH-005,REG-03,EMP-0090,,2026-07-08 08:22:07,Sale,132.9,0,10.96,143.86,Debit Card,3,False,False,False,Completed
TXN-0004946,RCP-00004946,PH-004,REG-05,EMP-0084,CUS-04820,2026-06-15 10:59:58,Sale,24.21,0,2.0,26.21,Cash,1,False,True,False,Completed
TXN-0004947,RCP-00004947,PH-003,REG-06,EMP-0062,,2026-07-23 12:08:47,Sale,230.96,4.52,18.68,245.12,Credit Card,5,False,False,False,Completed
TXN-0004948,RCP-00004948,PH-001,REG-02,EMP-0003,CUS-01036,2026-05-11 18:44:07,Sale,213.41,0,17.61,231.02,Cash,5,False,True,False,Completed
TXN-0004949,RCP-00004949,PH-002,REG-06,EMP-0040,CUS-04681,2026-07-10 18:06:55,Sale,271.65,0,22.41,294.06,Cash,2,False,True,False,Completed
TXN-0004950,RCP-00004950,PH-002,REG-01,EMP-0035,CUS-02336,2026-07-16 18:49:52,Sale,208.9,5.38,16.78,220.3,Credit Card,7,False,True,False,Completed
TXN-0004951,RCP-00004951,PH-003,REG-02,EMP-0057,CUS-01502,2026-06-30 09:41:52,Sale,228.9,3.04,18.63,244.49,Gift Card,4,False,True,False,Completed
TXN-0004952,RCP-00004952,PH-001,REG-04,EMP-0020,,2026-07-25 15:47:38,Sale,287.87,1.97,23.59,309.49,Credit Card,7,False,False,False,Completed
TXN-0004953,RCP-00004953,PH-004,REG-04,EMP-0085,CUS-04867,2026-05-20 11:12:54,Sale,329.1,10.47,26.29,344.92,Credit Card,8,False,True,False,Completed
TXN-0004954,RCP-00004954,PH-005,REG-03,EMP-0106,CUS-02525,2026-06-08 11:36:38,Sale,230.81,0,19.04,249.85,Credit Card,5,False,True,False,Completed
TXN-0004955,RCP-00004955,PH-005,REG-06,EMP-0091,,2026-05-24 14:14:53,Sale,106.66,0,8.79,115.45,Credit Card,4,False,False,False,Completed
TXN-0004956,RCP-00004956,PH-002,REG-04,EMP-0024,,2026-05-20 10:16:29,Sale,227.01,3.65,18.43,241.79,Debit Card,6,False,False,False,Completed
TXN-0004957,RCP-00004957,PH-001,REG-03,EMP-0016,CUS-00233,2026-05-11 16:06:32,Sale,221.47,0,18.27,239.74,Gift Card,3,False,True,False,Completed
TXN-0004958,RCP-00004958,PH-004,REG-03,EMP-0084,CUS-00498,2026-07-22 13:57:23,Sale,318.09,0,26.25,344.34,Cash,4,False,True,False,Completed
TXN-0004959,RCP-00004959,PH-001,REG-06,EMP-0001,CUS-01857,2026-07-29 20:25:25,Sale,110.67,0,9.13,119.8,Cash,4,False,True,False,Completed
TXN-0004960,RCP-00004960,PH-004,REG-05,EMP-0069,CUS-03955,2026-07-15 13:03:45,Sale,149.16,3.06,12.05,158.15,Cash,5,False,True,False,Completed
TXN-0004961,RCP-00004961,PH-005,REG-02,EMP-0091,CUS-02704,2026-06-21 20:21:18,Sale,304.12,2.15,24.91,326.88,Debit Card,7,False,True,True,Completed
TXN-0004962,RCP-00004962,PH-003,REG-02,EMP-0064,CUS-04812,2026-05-19 09:19:13,Sale,137.21,0.59,11.27,147.89,Debit Card,6,False,True,False,Completed
TXN-0004963,RCP-00004963,PH-002,REG-01,EMP-0023,CUS-02502,2026-06-06 15:16:51,Sale,19.01,0,1.57,20.58,Debit Card,1,False,True,False,Completed
TXN-0004964,RCP-00004964,PH-003,REG-05,EMP-0063,CUS-03217,2026-06-02 15:22:04,Sale,231.83,20.51,17.42,228.74,Credit Card,5,False,True,False,Completed
TXN-0004965,RCP-00004965,PH-005,REG-05,EMP-0089,CUS-03830,2026-05-17 11:01:21,Sale,174.69,10.04,13.6,178.25,Debit Card,6,False,True,False,Completed
TXN-0004966,RCP-00004966,PH-002,REG-01,EMP-0040,CUS-01878,2026-06-18 13:40:37,Sale,167.89,4.91,13.44,176.42,Cash,4,False,True,False,Completed
TXN-0004967,RCP-00004967,PH-002,REG-04,EMP-0042,CUS-03261,2026-06-14 09:03:22,Sale,204.78,0,16.89,221.67,Gift Card,6,False,True,False,Completed
TXN-0004968,RCP-00004968,PH-004,REG-06,EMP-0085,CUS-03112,2026-05-17 17:27:44,Sale,664.85,4.95,54.44,714.34,Credit Card,11,False,True,False,Completed
TXN-0004969,RCP-00004969,PH-002,REG-05,EMP-0037,CUS-01594,2026-06-22 09:50:57,Sale,184.99,0,15.27,200.26,Split Payment,5,False,True,False,Completed
TXN-0004970,RCP-00004970,PH-003,REG-06,EMP-0046,CUS-01392,2026-06-02 08:14:25,Sale,105.33,0,8.69,114.02,Credit Card,4,False,True,False,Completed
TXN-0004971,RCP-00004971,PH-004,REG-04,EMP-0068,CUS-04541,2026-06-17 09:58:11,Sale,305.38,12.61,24.15,316.92,Credit Card,7,False,True,False,Completed
TXN-0004972,RCP-00004972,PH-004,REG-05,EMP-0085,CUS-00435,2026-07-18 09:35:47,Sale,51.17,0,4.22,55.39,Credit Card,1,False,True,False,Completed
TXN-0004973,RCP-00004973,PH-005,REG-05,EMP-0104,CUS-01373,2026-07-05 17:54:37,Sale,96.61,10.89,7.07,92.79,Credit Card,5,False,True,True,Completed
TXN-0004974,RCP-00004974,PH-001,REG-02,EMP-0020,,2026-07-28 10:11:22,Sale,215.02,0,17.74,232.76,Cash,2,False,False,False,Completed
TXN-0004975,RCP-00004975,PH-001,REG-04,EMP-0002,CUS-04680,2026-07-01 17:22:40,Sale,232.81,0.91,19.14,251.04,Debit Card,5,False,True,False,Completed
TXN-0004976,RCP-00004976,PH-002,REG-02,EMP-0039,CUS-03848,2026-05-08 21:35:51,Sale,8.07,0,0.67,8.74,Credit Card,1,False,True,False,Completed
TXN-0004977,RCP-00004977,PH-003,REG-06,EMP-0046,CUS-03441,2026-06-12 19:44:27,Sale,133.74,15.74,9.74,127.74,Credit Card,4,False,True,False,Completed
TXN-0004978,RCP-00004978,PH-003,REG-02,EMP-0045,,2026-06-05 20:09:16,Sale,214.02,21.46,15.87,208.43,Cash,6,False,False,True,Completed
TXN-0004979,RCP-00004979,PH-005,REG-01,EMP-0100,CUS-01717,2026-06-05 18:10:02,Sale,229.01,12.32,17.87,234.56,Credit Card,8,False,True,False,Completed
TXN-0004980,RCP-00004980,PH-005,REG-04,EMP-0089,CUS-01017,2026-06-16 15:09:56,Sale,456.61,4.65,37.28,489.24,Credit Card,7,False,True,False,Completed
TXN-0004981,RCP-00004981,PH-002,REG-02,EMP-0039,CUS-04085,2026-07-09 16:08:11,Sale,151.13,0,12.47,163.6,Cash,6,False,True,False,Completed
TXN-0004982,RCP-00004982,PH-001,REG-04,EMP-0006,CUS-02300,2026-07-09 20:52:44,Sale,334.87,13.44,26.51,347.94,Debit Card,6,False,True,False,Completed
TXN-0004983,RCP-00004983,PH-003,REG-06,EMP-0061,,2026-07-12 11:08:49,Sale,173.65,13.87,13.18,172.96,Debit Card,4,False,False,False,Completed
TXN-0004984,RCP-00004984,PH-003,REG-06,EMP-0061,CUS-01488,2026-07-20 10:12:55,Sale,294.23,4.45,23.9,313.68,Debit Card,7,False,True,False,Completed
TXN-0004985,RCP-00004985,PH-001,REG-01,EMP-0003,CUS-01423,2026-06-29 18:24:04,Sale,223.11,3.13,18.17,238.15,Debit Card,8,False,True,False,Completed
TXN-0004986,RCP-00004986,PH-004,REG-03,EMP-0068,CUS-03922,2026-07-06 19:07:38,Sale,95.21,0,7.85,103.06,Cash,4,False,True,False,Completed
TXN-0004987,RCP-00004987,PH-003,REG-03,EMP-0047,CUS-01244,2026-07-20 19:24:48,Sale,113.06,1.91,9.18,120.33,Cash,3,False,True,False,Completed
TXN-0004988,RCP-00004988,PH-003,REG-01,EMP-0062,,2026-06-04 18:44:51,Sale,199.71,1.63,16.34,214.42,Credit Card,6,False,False,False,Completed
TXN-0004989,RCP-00004989,PH-003,REG-03,EMP-0045,CUS-04139,2026-05-18 11:23:58,Sale,58.78,3.12,4.6,60.26,Cash,2,False,True,False,Completed
TXN-0004990,RCP-00004990,PH-002,REG-03,EMP-0024,CUS-00030,2026-06-23 16:09:44,Sale,49.23,0,4.07,53.3,Credit Card,2,False,True,False,Completed
TXN-0004991,RCP-00004991,PH-001,REG-04,EMP-0015,CUS-02446,2026-07-17 08:54:17,Sale,200.19,9.78,15.72,206.13,Debit Card,6,False,True,False,Completed
TXN-0004992,RCP-00004992,PH-002,REG-05,EMP-0025,,2026-05-27 18:38:17,Sale,274.87,0,22.69,297.56,Cash,5,False,False,False,Completed
TXN-0004993,RCP-00004993,PH-004,REG-04,EMP-0069,,2026-06-21 14:47:59,Sale,10.88,0,0.9,11.78,Credit Card,1,False,False,False,Completed
TXN-0004994,RCP-00004994,PH-004,REG-03,EMP-0086,CUS-04929,2026-05-18 20:50:24,Sale,249.66,3.76,20.29,266.19,Gift Card,3,False,True,False,Completed
TXN-0004995,RCP-00004995,PH-001,REG-05,EMP-0012,,2026-07-24 12:23:54,Sale,335.89,0,27.72,363.61,Credit Card,4,False,False,False,Completed
TXN-0004996,RCP-00004996,PH-005,REG-02,EMP-0091,,2026-05-17 09:26:52,Sale,208.43,0,17.19,225.62,Gift Card,3,False,False,False,Completed
TXN-0004997,RCP-00004997,PH-002,REG-06,EMP-0041,CUS-01606,2026-06-14 10:55:08,Sale,45.75,0,3.77,49.52,Credit Card,2,False,True,False,Completed
TXN-0004998,RCP-00004998,PH-001,REG-05,EMP-0013,CUS-00229,2026-07-11 08:53:10,Sale,116.18,0,9.58,125.76,Debit Card,4,False,True,False,Completed
TXN-0004999,RCP-00004999,PH-001,REG-06,EMP-0018,CUS-01116,2026-07-03 18:33:31,Sale,115.26,5.76,9.03,118.53,Cash,1,False,True,False,Completed
TXN-0005000,RCP-00005000,PH-002,REG-05,EMP-0039,CUS-01952,2026-05-31 13:17:08,Sale,275.61,8.25,22.05,289.41,Cash,5,False,True,False,Completed
